place_id,name,source,lang,cell_idx,query_center_lat,query_center_lon,lat,lon,page,region_id,region_name,collected_at
ChIJVzkoAiUxjjkRzkNwzVE0jl8,Akash Fast Food,places,en,0,25.24918925,82.99797275,25.2500434,83.0007172,0,vns,Varanasi,2026-09-01T02:48:02.553437Z
ChIJc_NuPwAxjjkRxNlp-0YXW44,Bihari Bhojanalay,places,en,2,25.2768229,83.00846179999999,25.2767543,83.00769369999999,0,vns,Varanasi,2026-09-01T02:48:03.331340Z
ChIJw-fAc5ExjjkRQxSY5MXY5NY,Flavors Restaurant,places,en,2,25.2768229,83.00846179999999,25.2770305,83.00704259999999,0,vns,Varanasi,2026-09-01T02:48:03.331386Z
ChIJp6N7xF0xjjkR4GBL3mqn740,Jai Maa Durga Vegetable Foods,places,en,2,25.2768229,83.00846179999999,25.2770399,83.0070023,0,vns,Varanasi,2026-09-01T02:48:03.331397Z
ChIJR6-p1JYxjjkR9w4Gv-VPNqE,MAHI FAST FOOD,places,en,2,25.2768229,83.00846179999999,25.275677599999998,83.00930939999999,0,vns,Varanasi,2026-09-01T02:48:03.331411Z
ChIJXyDfgKwxjjkRxlpOGukqeTY,Apajita Restaurants,places,en,2,25.2768229,83.00846179999999,25.2775988,83.0071617,0,vns,Varanasi,2026-09-01T02:48:03.331419Z
ChIJEYPKZvExjjkRBnJWQtE46qQ,Shree food,places,en,2,25.2768229,83.00846179999999,25.2756617,83.00756059999999,0,vns,Varanasi,2026-09-01T02:48:03.331428Z
ChIJm03oSckxjjkRQRk32OyCTY0,Krishna Nand Yadav,places,en,2,25.2768229,83.00846179999999,25.2783122,83.0088281,0,vns,Varanasi,2026-09-01T02:48:03.331437Z
ChIJwTffDbMxjjkRpsMrMuMV56E,Hunger Point,places,en,2,25.2768229,83.00846179999999,25.275597400000002,83.0095096,0,vns,Varanasi,2026-09-01T02:48:03.331446Z
ChIJyaCwEwsxjjkR-L-h7_1EKr8,SWAD-E-BANARAS,places,en,2,25.2768229,83.00846179999999,25.2771017,83.0066547,0,vns,Varanasi,2026-09-01T02:48:03.331453Z
ChIJmXwj_dgxjjkRDe-VMMEGcI4,Pratap hotel and restaurant,places,en,2,25.2768229,83.00846179999999,25.2771327,83.0066583,0,vns,Varanasi,2026-09-01T02:48:03.331462Z
ChIJBR8anpExjjkR42PylUdtVCI,Hotel Pratap,places,en,2,25.2768229,83.00846179999999,25.2771218,83.00663920000001,0,vns,Varanasi,2026-09-01T02:48:03.331471Z
ChIJe1w3DtoxjjkR74dgAdb8c5o,Kashi flavour kitchen,places,en,2,25.2768229,83.00846179999999,25.276791499999998,83.01047210000002,0,vns,Varanasi,2026-09-01T02:48:03.331479Z
ChIJdWZUsk0xjjkR4jk-KhZ8EIY,Mr.Jalapenos,places,en,2,25.2768229,83.00846179999999,25.2771533,83.00640829999999,0,vns,Varanasi,2026-09-01T02:48:03.331488Z
ChIJZaAyTQAxjjkR0Itcd6q8r-U,Tanish Cafe,places,en,2,25.2768229,83.00846179999999,25.275838699999998,83.0066681,0,vns,Varanasi,2026-09-01T02:48:03.331494Z
ChIJf8C_KgAxjjkRetX9kiSfQR0,गोविंद भोजनालय,places,en,2,25.2768229,83.00846179999999,25.277177700000003,83.0063151,0,vns,Varanasi,2026-09-01T02:48:03.331504Z
ChIJD7-BkQIxjjkRV2lmy2Qbr6w,Hotelier at Your Service,places,en,2,25.2768229,83.00846179999999,25.277451799999998,83.01106659999999,0,vns,Varanasi,2026-09-01T02:48:03.331510Z
ChIJYfFL0qUxjjkRgJGH4wl-QVQ,Shiv Momos corner ( banty bhaiya),places,en,2,25.2768229,83.00846179999999,25.274944599999998,83.0104854,0,vns,Varanasi,2026-09-01T02:48:03.331518Z
ChIJf0KdCenVjzkRI4JvWjIJ10s,Tanish Dining and Cafe,places,en,2,25.2768229,83.00846179999999,25.278038799999997,83.0058198,0,vns,Varanasi,2026-09-01T02:48:03.331530Z
ChIJ594ie88xjjkRv6YD49nXOOI,Varalaxmi Tiffin,places,en,3,25.25306975,83.0097832,25.2544557,83.0086395,0,vns,Varanasi,2026-09-01T02:48:03.696896Z
ChIJNTL8N9UxjjkR-nNdBjuTjsM,The Kashi Fast Food Corners,places,en,3,25.25306975,83.0097832,25.2547798,83.00760129999999,0,vns,Varanasi,2026-09-01T02:48:03.696943Z
ChIJ46KGM90zjjkRaGPAMPrHkdI,Raj Rool Corner,places,en,4,25.2831708,82.96178655,25.284942599999997,82.9604403,0,vns,Varanasi,2026-09-01T02:48:04.088509Z
ChIJ56N-ADczjjkREQ-xCo9enZs,Fresh Beans Coffee & Food Cafe,places,en,4,25.2831708,82.96178655,25.2851347,82.9601909,0,vns,Varanasi,2026-09-01T02:48:04.088554Z
ChIJcce2MWYyjjkRrToEIMfhi-4,Amrita Caffe & Restaurant,places,en,4,25.2831708,82.96178655,25.285297,82.9601359,0,vns,Varanasi,2026-09-01T02:48:04.088564Z
ChIJucc6UGszjjkRaaOOri4zs3c,Farmaish Family Restaurant,places,en,4,25.2831708,82.96178655,25.2853593,82.9601031,0,vns,Varanasi,2026-09-01T02:48:04.088572Z
ChIJ8_p1l9ktjjkRcR__LmZhp1Q,Shubham Fast Food,places,en,5,25.3556765,82.95950730000001,25.3553146,82.9594528,0,vns,Varanasi,2026-09-01T02:48:04.456810Z
ChIJ-e6ZKwAtjjkR2CN0Ym3dtFM,Epic dinning,places,en,5,25.3556765,82.95950730000001,25.3552371,82.960003,0,vns,Varanasi,2026-09-01T02:48:04.456853Z
ChIJEdeUoektjjkRHeoJGUKVWa0,New Muradabadi Chicken Biryani Corner,places,en,5,25.3556765,82.95950730000001,25.355032100000003,82.95992989999999,0,vns,Varanasi,2026-09-01T02:48:04.456865Z
ChIJie0ZXzUtjjkRbt23rRGuuQM,Golu eggroll & rice cornar vns,places,en,5,25.3556765,82.95950730000001,25.3550577,82.9600176,0,vns,Varanasi,2026-09-01T02:48:04.456875Z
ChIJkdZCP-YtjjkR_VbBWjIosTU,MOMOS POINT,places,en,5,25.3556765,82.95950730000001,25.355057499999997,82.96001749999999,0,vns,Varanasi,2026-09-01T02:48:04.456883Z
ChIJMVNRQCstjjkR2JZoN8Enpy4,Munna Tamatar Chat Bhandar,places,en,5,25.3556765,82.95950730000001,25.3549786,82.9599106,0,vns,Varanasi,2026-09-01T02:48:04.456893Z
ChIJ6YawdAAtjjkRCZudfWsBnBk,Legacy Roll & Fast Food,places,en,5,25.3556765,82.95950730000001,25.3551166,82.96041749999999,0,vns,Varanasi,2026-09-01T02:48:04.456901Z
ChIJa-nWF9gtjjkRR6nJfLB4YBM,New Banarasi Biryani,places,en,5,25.3556765,82.95950730000001,25.3545302,82.959828,0,vns,Varanasi,2026-09-01T02:48:04.456908Z
ChIJ1ZO7HI0tjjkReWZjtI8wFL4,Sanzha Chulha Family Restaurant,places,en,5,25.3556765,82.95950730000001,25.3544157,82.96001249999999,0,vns,Varanasi,2026-09-01T02:48:04.456917Z
ChIJ66oZL6YtjjkRgwKW7UVQTBA,Flavour King pizza,places,en,5,25.3556765,82.95950730000001,25.355412899999997,82.9579251,0,vns,Varanasi,2026-09-01T02:48:04.456924Z
ChIJ2fUDuBMtjjkRiNjaDkgNCyE,Bindu Chat Bhandar,places,en,5,25.3556765,82.95950730000001,25.3563069,82.9579844,0,vns,Varanasi,2026-09-01T02:48:04.456931Z
ChIJdbiHb00sjjkR5M3PTOUvF_o,R.S Fastfood Roll Corner,places,en,5,25.3556765,82.95950730000001,25.3554715,82.9578251,0,vns,Varanasi,2026-09-01T02:48:04.456939Z
ChIJcWr3aAAtjjkR8fow9Ianvbc,R.K. Momos,places,en,5,25.3556765,82.95950730000001,25.354854399999997,82.961776,0,vns,Varanasi,2026-09-01T02:48:04.456946Z
ChIJQS1LxqUtjjkRTVsVwD0Z9wA,The Couple's Kitchen,places,en,5,25.3556765,82.95950730000001,25.353476,82.960026,0,vns,Varanasi,2026-09-01T02:48:04.456954Z
ChIJhaSyc00sjjkRAAAAsGC5ZVk,Prince fast food,places,en,5,25.3556765,82.95950730000001,25.355049599999997,82.96204159999999,0,vns,Varanasi,2026-09-01T02:48:04.456962Z
ChIJIVL4WtwtjjkRm-hvrqbh_G0,Kashi Foods™,places,en,5,25.3556765,82.95950730000001,25.3540429,82.9615723,0,vns,Varanasi,2026-09-01T02:48:04.456970Z
ChIJBZ9iTwAzjjkR3liXLvbBhyY,The Chikhan,places,en,6,25.27031495,82.95683695,25.2714011,82.95692059999999,0,vns,Varanasi,2026-09-01T02:48:04.882848Z
ChIJsXCABlQzjjkR10NlGdy2zTE,Sugamya,places,en,6,25.27031495,82.95683695,25.271086,82.9559317,0,vns,Varanasi,2026-09-01T02:48:04.882893Z
ChIJye16UgAzjjkR1rWRwGvwqaI,Kanchanpur kandwagate,places,en,7,25.27118495,82.95902285,25.272960299999998,82.95746179999999,0,vns,Varanasi,2026-09-01T02:48:05.267734Z
ChIJkyL9RgsxjjkRrEGylxjOaHU,Monu Fast Food,places,en,8,25.289464199999998,83.00039050000001,25.2894754,83.0003479,0,vns,Varanasi,2026-09-01T02:48:05.642369Z
ChIJMapFbbkxjjkRZ-vu5sfsQqM,THE FOUR LEVEL ROOFTOP DINING,places,en,8,25.289464199999998,83.00039050000001,25.289531999999998,83.0002275,0,vns,Varanasi,2026-09-01T02:48:05.642413Z
ChIJX4JRkyoxjjkRXZeNDdRpPFU,MUMBAI CHEF,places,en,8,25.289464199999998,83.00039050000001,25.2895133,83.0001632,0,vns,Varanasi,2026-09-01T02:48:05.642424Z
ChIJrY_u8VYxjjkRj9RtubCAT6s,BLACK & WHITE CAFE DURGAKUND VARANASI,places,en,8,25.289464199999998,83.00039050000001,25.2889599,83.0000113,0,vns,Varanasi,2026-09-01T02:48:05.642432Z
ChIJP9KOyjoxjjkRpWaiTIEKwy0,The Seven Tables Cafe,places,en,8,25.289464199999998,83.00039050000001,25.2896528,83.0013872,0,vns,Varanasi,2026-09-01T02:48:05.642439Z
ChIJ-Z7zmUcxjjkRz3dwdCSr6oM,Momos & Mayo,places,en,8,25.289464199999998,83.00039050000001,25.2897604,83.00138369999999,0,vns,Varanasi,2026-09-01T02:48:05.642448Z
ChIJ9X5zeS0xjjkRyuj36Bc93U0,Hot Shot Cafe,places,en,8,25.289464199999998,83.00039050000001,25.289364499999998,83.0015172,0,vns,Varanasi,2026-09-01T02:48:05.642456Z
ChIJvfQ53LYxjjkR8thGLpCYMP8,Shawarma wala,places,en,8,25.289464199999998,83.00039050000001,25.290112099999998,83.0013666,0,vns,Varanasi,2026-09-01T02:48:05.642463Z
ChIJGzA8JtIxjjkRv-AU8AZAikI,Singh Delight,places,en,8,25.289464199999998,83.00039050000001,25.288647299999997,83.0013334,0,vns,Varanasi,2026-09-01T02:48:05.642472Z
ChIJgVbayYMxjjkR74hmMYu30Po,SARDAR JI TANDOORI GRILL,places,en,8,25.289464199999998,83.00039050000001,25.2897935,83.00169609999999,0,vns,Varanasi,2026-09-01T02:48:05.642481Z
ChIJa2uVKPIxjjkRtqRd7w3Tw0A,Vinod Jalpan & Restaurant,places,en,8,25.289464199999998,83.00039050000001,25.2895009,83.0018162,0,vns,Varanasi,2026-09-01T02:48:05.642489Z
ChIJBRHV2s4xjjkR9pt3AzYi0eg,Seoulchopsticksco,places,en,8,25.289464199999998,83.00039050000001,25.288981999999997,83.0017079,0,vns,Varanasi,2026-09-01T02:48:05.642497Z
ChIJqUBg6XcxjjkRJap6T71wGrE,Shree Kashi zayka Family Restaurant ..,places,en,8,25.289464199999998,83.00039050000001,25.290204,83.001628,0,vns,Varanasi,2026-09-01T02:48:05.642504Z
ChIJ0YTjmQMxjjkRgMALDKWOe2M,HimCream Chaat Bhandar,places,en,8,25.289464199999998,83.00039050000001,25.2900523,83.0017635,0,vns,Varanasi,2026-09-01T02:48:05.642512Z
ChIJ_0_zXLkxjjkR2W5GRk3gPHo,Hotel Dayal Tower,places,en,8,25.289464199999998,83.00039050000001,25.2897034,82.9989121,0,vns,Varanasi,2026-09-01T02:48:05.642519Z
ChIJfxhiRfExjjkRFSGVY22pT2U,Rashdham Misthan,places,en,8,25.289464199999998,83.00039050000001,25.2903034,82.9991974,0,vns,Varanasi,2026-09-01T02:48:05.642527Z
ChIJQ4mlLBIxjjkRo8Pnj3x_NMw,Namaste Banaras Chat &fast food,places,en,8,25.289464199999998,83.00039050000001,25.2900857,83.00179080000001,0,vns,Varanasi,2026-09-01T02:48:05.642533Z
ChIJIYNvq4gxjjkRJRljobLh-rU,Zero Degree Hub,places,en,8,25.289464199999998,83.00039050000001,25.289188199999998,82.9988786,0,vns,Varanasi,2026-09-01T02:48:05.642540Z
ChIJ17DjVAAxjjkR77dFQPRY5rk,9D Restaurant,places,en,8,25.289464199999998,83.00039050000001,25.2881073,82.99994590000001,0,vns,Varanasi,2026-09-01T02:48:05.642548Z
ChIJXyqN_lIxjjkRN2dNDRKJYU0,Maa Kalika Restaurant,places,en,8,25.289464199999998,83.00039050000001,25.288692899999997,83.00175709999999,0,vns,Varanasi,2026-09-01T02:48:05.642555Z
ChIJb30tWigzjjkR7-KgjyHSy6c,Mahadev restaurant,places,en,9,25.2957366,82.99063215000001,25.2956352,82.99116959999999,0,vns,Varanasi,2026-09-01T02:48:06.011404Z
ChIJaT2lmz4zjjkRgcmplyJtILI,Maruti,places,en,9,25.2957366,82.99063215000001,25.295455999999998,82.9910979,0,vns,Varanasi,2026-09-01T02:48:06.011448Z
ChIJaxMalQIyjjkRt_Ql_16368E,Krishna Fast Food Corner,places,en,9,25.2957366,82.99063215000001,25.295758199999998,82.9912422,0,vns,Varanasi,2026-09-01T02:48:06.011459Z
ChIJH4qraxszjjkRs9EpDMMmg5E,Vikas Tea Stall,places,en,9,25.2957366,82.99063215000001,25.2957002,82.99141050000001,0,vns,Varanasi,2026-09-01T02:48:06.011468Z
ChIJt7CGYAAzjjkRU-V4pHOEbvU,The Mehfil Cafe,places,en,9,25.2957366,82.99063215000001,25.296803000000004,82.991603,0,vns,Varanasi,2026-09-01T02:48:06.011477Z
ChIJ91D76BwzjjkRRb7mLBlI1M4,Blimzo Cloud Kitchen,places,en,9,25.2957366,82.99063215000001,25.2941146,82.9893352,0,vns,Varanasi,2026-09-01T02:48:06.011485Z
ChIJ36WzezozjjkRwcGMZavX_Eg,Shani Egg Roll Corner,places,en,9,25.2957366,82.99063215000001,25.2937665,82.9911182,0,vns,Varanasi,2026-09-01T02:48:06.011495Z
ChIJR47W3CAzjjkRz7SFb6fvLkI,Suraj Kannaujiya,places,en,9,25.2957366,82.99063215000001,25.293600899999998,82.99104489999999,0,vns,Varanasi,2026-09-01T02:48:06.011502Z
ChIJw8sH4i4zjjkRkV_c6Xpg3rc,AADI TEA CAFE,places,en,9,25.2957366,82.99063215000001,25.293580799999997,82.9911298,0,vns,Varanasi,2026-09-01T02:48:06.011509Z
ChIJAww2UBoxjjkRqUjCPo8oziM,Aman Gupta,places,en,9,25.2957366,82.99063215000001,25.293580799999997,82.9911298,0,vns,Varanasi,2026-09-01T02:48:06.011517Z
ChIJyT2dG5YzjjkRnZzuPjag-t4,Mahadev Bakers,places,en,9,25.2957366,82.99063215000001,25.293577799999998,82.9913076,0,vns,Varanasi,2026-09-01T02:48:06.011524Z
ChIJqZnMO4kzjjkRwVlsAHHSMME,H.P.Gupta Chart Bhandar,places,en,9,25.2957366,82.99063215000001,25.2935579,82.98988609999999,0,vns,Varanasi,2026-09-01T02:48:06.011531Z
ChIJacvvFh0yjjkRZtiXfr34h5Q,माही फास्टफुड कार्नर,places,en,9,25.2957366,82.99063215000001,25.2933937,82.99136539999999,0,vns,Varanasi,2026-09-01T02:48:06.011542Z
ChIJtbCozzQzjjkRwOeHhsc_ie4,Snacks Oasis,places,en,9,25.2957366,82.99063215000001,25.2980795,82.9897883,0,vns,Varanasi,2026-09-01T02:48:06.011550Z
ChIJJY11xBEzjjkRdLoaiNFD0-E,Rajeshgupata,places,en,9,25.2957366,82.99063215000001,25.293336099999998,82.989571,0,vns,Varanasi,2026-09-01T02:48:06.011557Z
ChIJ__BeArYvjjkROB3PZxYS00w,Shri Nilayam Kutir,places,en,10,25.3299804,82.9955054,25.3298766,82.9954789,0,vns,Varanasi,2026-09-01T02:48:06.452068Z
ChIJGYlxf8IvjjkRxHRhanSQ8kE,Theth Banarasi Baati Chokha Restaurant,places,en,10,25.3299804,82.9955054,25.3305665,82.9962206,0,vns,Varanasi,2026-09-01T02:48:06.452110Z
ChIJG1WeBysvjjkRbZCk5lctne8,Grubzo,places,en,10,25.3299804,82.9955054,25.330752099999998,82.9962664,0,vns,Varanasi,2026-09-01T02:48:06.452121Z
ChIJAV8qEfMtjjkR7PgaZHdTxoY,Take Away,places,en,10,25.3299804,82.9955054,25.3309927,82.9960961,0,vns,Varanasi,2026-09-01T02:48:06.452130Z
ChIJCSCD0PYvjjkRDZA0IdUV1f8,Graduate Burgerwala,places,en,10,25.3299804,82.9955054,25.3285618,82.99460719999999,0,vns,Varanasi,2026-09-01T02:48:06.452138Z
ChIJP33W0vQvjjkROyUAVP96Us8,Brekkierals,places,en,10,25.3299804,82.9955054,25.3283831,82.9951332,0,vns,Varanasi,2026-09-01T02:48:06.452145Z
ChIJsVGD7QoujjkR0wdXqrKYMRw,Baati Chokha Restaurant,places,en,10,25.3299804,82.9955054,25.328339,82.995413,0,vns,Varanasi,2026-09-01T02:48:06.452154Z
ChIJgX7NlgoujjkRtFX6qUaBOMc,Mohan Dosa Cornor,places,en,10,25.3299804,82.9955054,25.328758999999998,82.9942327,0,vns,Varanasi,2026-09-01T02:48:06.452161Z
ChIJuceOTEovjjkRnx2hvVtJ3x0,kalkata roll,places,en,10,25.3299804,82.9955054,25.3290409,82.9939529,0,vns,Varanasi,2026-09-01T02:48:06.452169Z
ChIJm6ezlgoujjkRCl7T1pbpdPk,The Royal Burger,places,en,10,25.3299804,82.9955054,25.328782099999998,82.9940145,0,vns,Varanasi,2026-09-01T02:48:06.452176Z
ChIJH2r4owoujjkRNrehQ90s6_w,Zeenat Restaurant,places,en,10,25.3299804,82.9955054,25.329193099999998,82.9936852,0,vns,Varanasi,2026-09-01T02:48:06.452183Z
ChIJozl58nEvjjkRMrjYCXfwh8w,Baba Chaat Corner,places,en,10,25.3299804,82.9955054,25.3317351,82.9948194,0,vns,Varanasi,2026-09-01T02:48:06.452191Z
ChIJea1iogoujjkRL458LoOHZwA,"Roll Corner, Teliyabag",places,en,10,25.3299804,82.9955054,25.3291669,82.9936434,0,vns,Varanasi,2026-09-01T02:48:06.452197Z
ChIJ1yHFxB8vjjkRTqn3thDyGxA,Muradabadi Chicken Biryani Corner,places,en,10,25.3299804,82.9955054,25.3279857,82.99520040000002,0,vns,Varanasi,2026-09-01T02:48:06.452204Z
ChIJc6uIyQoujjkRXTirYNtGnI8,Champak Sweet Mart,places,en,10,25.3299804,82.9955054,25.328949500000004,82.9935577,0,vns,Varanasi,2026-09-01T02:48:06.452214Z
ChIJs_X6hJcvjjkRXuwQB27dv0c,Purvanchal Baati Chokha Restaurant,places,en,10,25.3299804,82.9955054,25.3320351,82.9957144,0,vns,Varanasi,2026-09-01T02:48:06.452221Z
ChIJv_DLIzQvjjkRRXIwaTGNSkQ,Meenu restaurant,places,en,10,25.3299804,82.9955054,25.327830199999998,82.99555959999999,0,vns,Varanasi,2026-09-01T02:48:06.452228Z
ChIJPyoW_woujjkRpOD4EX1TdFo,Bombay To Banaras Pakoda Bhandar,places,en,10,25.3299804,82.9955054,25.3278277,82.99558669999999,0,vns,Varanasi,2026-09-01T02:48:06.452236Z
ChIJFTcCQTQvjjkRaWQvLoe002E,My healthy diet cafe,places,en,10,25.3299804,82.9955054,25.3288266,82.9934296,0,vns,Varanasi,2026-09-01T02:48:06.452243Z
ChIJQVcdpw0vjjkRMLMyiC1la-4,Biryani King,places,en,10,25.3299804,82.9955054,25.3297162,82.9930375,0,vns,Varanasi,2026-09-01T02:48:06.452251Z
ChIJ____G_ItjjkRhwvefr1ZC6g,Ayushi Zaika Family Restaurant,places,en,11,25.31540085,82.97662825,25.3168986,82.97670140000001,0,vns,Varanasi,2026-09-01T02:48:06.840858Z
ChIJr14e5fsvjjkRmg5wEHYAuCQ,"Swaad Rasoi Restaurant and Tiffin Service, PG, Home Stay centre",places,en,12,25.3810678,82.99499675,25.379694999999998,82.9938091,0,vns,Varanasi,2026-09-01T02:48:07.189149Z
ChIJX0H5KQAvjjkR3BQNAy4GZXQ,Badshah Roll Corner,places,en,12,25.3810678,82.99499675,25.3834002,82.9954581,0,vns,Varanasi,2026-09-01T02:48:07.189192Z
ChIJ34bFd8QvjjkRUUpKkeLPunQ,Royal Family Restaurant & Sweets Shop,places,en,12,25.3810678,82.99499675,25.378505399999998,82.9942252,0,vns,Varanasi,2026-09-01T02:48:07.189202Z
ChIJmU9NDvkvjjkRJseIXIXF4Og,The Royal Fast Food & Family Restaurants,places,en,12,25.3810678,82.99499675,25.378489199999997,82.99424069999999,0,vns,Varanasi,2026-09-01T02:48:07.189210Z
ChIJ_RczOk0sjjkRtfHIJPvmyAc,Himanshu Chainiz Center,places,en,14,25.355328,82.95550589999999,25.355627899999998,82.95594609999999,0,vns,Varanasi,2026-09-01T02:48:07.890096Z
ChIJ-XsAhVMsjjkRAAAAMLczFFc,Shree Bhagat Bahar,places,en,14,25.355328,82.95550589999999,25.355794,82.9562665,0,vns,Varanasi,2026-09-01T02:48:07.890143Z
ChIJIzeib1QsjjkR8Y1zv8vmfoE,Shreshth Cafe,places,en,14,25.355328,82.95550589999999,25.3561215,82.9537575,0,vns,Varanasi,2026-09-01T02:48:07.890154Z
ChIJCSvmSJItjjkRmTGuIlm6sI0,Jalan Kitchen,places,en,14,25.355328,82.95550589999999,25.3560336,82.9527561,0,vns,Varanasi,2026-09-01T02:48:07.890168Z
ChIJNTwsFAAtjjkROT7IxejEQD4,Deepak dosa and Chinese Fastfood corner,places,en,15,25.3491824,82.9857535,25.350112100000004,82.9843618,0,vns,Varanasi,2026-09-01T02:48:08.235013Z
ChIJyQpb8pMtjjkRhcMxaUfgxno,Bangali Bhojan,places,en,15,25.3491824,82.9857535,25.3493374,82.98382459999999,0,vns,Varanasi,2026-09-01T02:48:08.235050Z
ChIJO5O5JbstjjkRdG7myaKQjZ4,Veere d family restaurant,places,en,15,25.3491824,82.9857535,25.349337199999997,82.9838158,0,vns,Varanasi,2026-09-01T02:48:08.235058Z
ChIJoSjJc9EtjjkRUEzscJFhDEE,ROYAL RESTAURANT,places,en,15,25.3491824,82.9857535,25.346697199999998,82.9856116,0,vns,Varanasi,2026-09-01T02:48:08.235065Z
ChIJr4HlDN8zjjkRnSj5wuls6uk,Tiffin service,places,en,16,25.28686285,82.9871517,25.286722899999997,82.9877059,0,vns,Varanasi,2026-09-01T02:48:08.607665Z
ChIJ8V7g1h4yjjkRH_xIiz3GF-I,R K Fast Food,places,en,16,25.28686285,82.9871517,25.286398499999997,82.98825029999999,0,vns,Varanasi,2026-09-01T02:48:08.607708Z
ChIJpcnkDQszjjkRJVY7Ga24JI4,Mahadev Fast food Corner,places,en,16,25.28686285,82.9871517,25.2864842,82.9884281,0,vns,Varanasi,2026-09-01T02:48:08.607720Z
ChIJWej4XDszjjkR06oNOAablQc,Sunil Pani Puri,places,en,16,25.28686285,82.9871517,25.285971000000004,82.9881893,0,vns,Varanasi,2026-09-01T02:48:08.607728Z
ChIJZ-Sgfp0zjjkRNi-up3fOaJU,Sheru Chat Stall,places,en,16,25.28686285,82.9871517,25.2872962,82.9886724,0,vns,Varanasi,2026-09-01T02:48:08.607738Z
ChIJVQ953XszjjkRYp1scFRZeTM,Ritik Kumar,places,en,16,25.28686285,82.9871517,25.287806999999997,82.9858655,0,vns,Varanasi,2026-09-01T02:48:08.607745Z
ChIJaUcwXXMzjjkRn0qj1LzKK1c,Gungun Momo,places,en,16,25.28686285,82.9871517,25.287457999999997,82.9887208,0,vns,Varanasi,2026-09-01T02:48:08.607752Z
ChIJKUtKTBkyjjkRDgVA6g8cRR0,Gopi Chaat,places,en,16,25.28686285,82.9871517,25.2877646,82.9886118,0,vns,Varanasi,2026-09-01T02:48:08.607760Z
ChIJ8WvcIYAzjjkRYKafaOFpBfg,Ram Narayan,places,en,16,25.28686285,82.9871517,25.2873365,82.9889769,0,vns,Varanasi,2026-09-01T02:48:08.607770Z
ChIJJZGpbPMzjjkReXqVF51feBA,Yadav restaurant,places,en,16,25.28686285,82.9871517,25.287612199999998,82.9889061,0,vns,Varanasi,2026-09-01T02:48:08.607778Z
ChIJNYpCVdEzjjkRq4roSODQuss,Manoj Food Corner,places,en,16,25.28686285,82.9871517,25.2851876,82.9880565,0,vns,Varanasi,2026-09-01T02:48:08.607785Z
ChIJP2AHVzczjjkR24G1k9J-y9A,Pani Puri,places,en,16,25.28686285,82.9871517,25.2875765,82.989297,0,vns,Varanasi,2026-09-01T02:48:08.607792Z
ChIJC3FWBtszjjkRI01pwUGA0t8,Lakshmi pani puri stall,places,en,16,25.28686285,82.9871517,25.288134499999998,82.9890114,0,vns,Varanasi,2026-09-01T02:48:08.607799Z
ChIJNWlvbQAzjjkREuMvHKDiFKo,New Sonu Fast Food,places,en,16,25.28686285,82.9871517,25.287097199999998,82.9896333,0,vns,Varanasi,2026-09-01T02:48:08.607807Z
ChIJV3cNd7szjjkRzWtjoak4X4I,Delicious Corner,places,en,16,25.28686285,82.9871517,25.2843555,82.98706969999999,0,vns,Varanasi,2026-09-01T02:48:08.607815Z
ChIJQ1XPmx4yjjkRvc9gdcj5QmY,New Deepak Sweet House,places,en,16,25.28686285,82.9871517,25.2884294,82.98944589999999,0,vns,Varanasi,2026-09-01T02:48:08.607822Z
ChIJ_ZsIP3szjjkRW5Lk70blzOc,Sunil Pani Puri,places,en,16,25.28686285,82.9871517,25.284367099999997,82.9860114,0,vns,Varanasi,2026-09-01T02:48:08.607830Z
ChIJXYpYB_UyjjkRvhJsFCzhHXY,Manish Egg Roll Corner,places,en,18,25.280602000000002,82.946473,25.278304600000002,82.9478766,0,vns,Varanasi,2026-09-01T02:48:09.354870Z
ChIJwTv_No4zjjkR6RTcT9YfsDA,Sakshi Fast Food,places,en,19,25.28944685,82.94453585,25.287332199999998,82.9441216,0,vns,Varanasi,2026-09-01T02:48:09.716905Z
ChIJp-CNuiwzjjkR2Q8jtG-oDaw,Ayush Egg Corner,places,en,19,25.28944685,82.94453585,25.2872408,82.9443885,0,vns,Varanasi,2026-09-01T02:48:09.716950Z
ChIJU1nTMZkzjjkR5RQT8TIAxQE,Ambika Chhola Bhatura,places,en,19,25.28944685,82.94453585,25.287232,82.9448762,0,vns,Varanasi,2026-09-01T02:48:09.716961Z
ChIJvUne-NszjjkRmp-scV3TNSo,Sharma Ji Cake & Cafe,places,en,19,25.28944685,82.94453585,25.2871013,82.9439987,0,vns,Varanasi,2026-09-01T02:48:09.716970Z
ChIJ2VgMwlczjjkRvEEJEg6anUs,Vaibhavi Cakes And Bakers,places,en,19,25.28944685,82.94453585,25.287240399999998,82.9460039,0,vns,Varanasi,2026-09-01T02:48:09.716979Z
ChIJn47N11YyjjkRZLJfaD7GquU,बाला जी फास्ट फूड रेस्टुरेन्ट,places,en,22,25.26880835,82.95582015,25.2667178,82.9550069,0,vns,Varanasi,2026-09-01T02:48:10.868994Z
ChIJm2pLSwAzjjkR48Mwt6qBy-M,Ak fast food and colddrink,places,en,23,25.263508100000003,82.9431568,25.262425300000004,82.9424666,0,vns,Varanasi,2026-09-01T02:48:11.282317Z
ChIJlVkdwiszjjkRiqjCgihqWgo,Manish Maurya,places,en,23,25.263508100000003,82.9431568,25.265144,82.9413118,0,vns,Varanasi,2026-09-01T02:48:11.282361Z
ChIJIdGJTgAzjjkR3lAUiCmDuk0,RK fast food,places,en,23,25.263508100000003,82.9431568,25.2618759,82.9408905,0,vns,Varanasi,2026-09-01T02:48:11.282376Z
ChIJ1WonKJczjjkRfuIdXZqa9WI,RK egg center & Roll corner,places,en,23,25.263508100000003,82.9431568,25.261864,82.94088819999999,0,vns,Varanasi,2026-09-01T02:48:11.282386Z
ChIJHTBVIQwzjjkRIdt2EpLyErE,Food in Varanasi,places,en,24,25.30171065,82.98105455000001,25.300770399999998,82.9809026,0,vns,Varanasi,2026-09-01T02:48:11.678572Z
ChIJoc55peEzjjkR_clY4IkUbZM,KGN FOOD HOUSE,places,en,24,25.30171065,82.98105455000001,25.300442900000004,82.9811598,0,vns,Varanasi,2026-09-01T02:48:11.678614Z
ChIJW7Nq3a4zjjkRkqSj5CCdu0E,Moonshiner Restaurant & Lounge - best restaurant in varanasi,places,en,24,25.30171065,82.98105455000001,25.303530799999997,82.9813539,0,vns,Varanasi,2026-09-01T02:48:11.678625Z
ChIJP7MEbQAzjjkRl2vGAPvNI-E,S.K food Junction,places,en,24,25.30171065,82.98105455000001,25.300179999999997,82.9822417,0,vns,Varanasi,2026-09-01T02:48:11.678633Z
ChIJZXnkCOAzjjkRDve9OVZgjj4,Ajeet Kumar,places,en,24,25.30171065,82.98105455000001,25.2993839,82.98027950000001,0,vns,Varanasi,2026-09-01T02:48:11.678642Z
ChIJZaPVRQAzjjkRJK-OBgn7ey0,Balaji Palace Kashi,places,en,24,25.30171065,82.98105455000001,25.3041831,82.9814141,0,vns,Varanasi,2026-09-01T02:48:11.678649Z
ChIJVRZMGQAzjjkRdBCbVFft6n4,Eksha swaad,places,en,24,25.30171065,82.98105455000001,25.304247399999998,82.981402,0,vns,Varanasi,2026-09-01T02:48:11.678657Z
ChIJ8RO-Ly0zjjkRa6Hcwdapvts,Mughlai zaika restaurant,places,en,25,25.292201900000002,82.9877615,25.2923635,82.98860719999999,0,vns,Varanasi,2026-09-01T02:48:12.084747Z
ChIJByRs6RUzjjkRqz9G7dCKEXo,ASIF CHAI WALA,places,en,25,25.292201900000002,82.9877615,25.2936798,82.98793669999999,0,vns,Varanasi,2026-09-01T02:48:12.084794Z
ChIJPyQOsyYzjjkRZdQ4K7gRVCE,SK JAMAL FOOD STORE,places,en,25,25.292201900000002,82.9877615,25.2904816,82.9878045,0,vns,Varanasi,2026-09-01T02:48:12.084810Z
ChIJObRgqqYzjjkRtj_nc93L5so,Gopi Chat Bhandar,places,en,25,25.292201900000002,82.9877615,25.290658999999998,82.9887439,0,vns,Varanasi,2026-09-01T02:48:12.084819Z
ChIJM6E0YMMzjjkRKaM76sq3PsQ,JAMAL FOOD STORE,places,en,25,25.292201900000002,82.9877615,25.2903588,82.9877789,0,vns,Varanasi,2026-09-01T02:48:12.084828Z
ChIJjaV74QQzjjkRnz72B8oOQ4M,Sujeet Jalpan Bhandar,places,en,25,25.292201900000002,82.9877615,25.2903457,82.9897532,0,vns,Varanasi,2026-09-01T02:48:12.084843Z
ChIJd8M-8zgvjjkRUojYyRgRoEs,Deena guru ki Hing ki kachouri,places,en,26,25.31589275,83.01395385000001,25.3154334,83.0138127,0,vns,Varanasi,2026-09-01T02:48:12.463165Z
ChIJl5WZRAAvjjkRVbBvZSSxQrs,Churan wale,places,en,26,25.31589275,83.01395385000001,25.3156443,83.0132666,0,vns,Varanasi,2026-09-01T02:48:12.463212Z
ChIJbffKkvIvjjkR0t2ZEOHK6kk,Bhopu namkeen (Rakesh ji),places,en,26,25.31589275,83.01395385000001,25.3150542,83.0142365,0,vns,Varanasi,2026-09-01T02:48:12.463222Z
ChIJm_xDKQAvjjkRKQYeO_KpewA,Namami Chat Bhandar,places,en,26,25.31589275,83.01395385000001,25.314994,83.01450899999999,0,vns,Varanasi,2026-09-01T02:48:12.463233Z
ChIJS-xOViovjjkR0gx5KQ9AbIc,Satshree Kothi (Luxury Hotel ),places,en,26,25.31589275,83.01395385000001,25.3170032,83.0138853,0,vns,Varanasi,2026-09-01T02:48:12.463243Z
ChIJ2b4nBuEvjjkR1Y_-0TI8zo8,Banarasi Essential,places,en,26,25.31589275,83.01395385000001,25.3147213,83.0134545,0,vns,Varanasi,2026-09-01T02:48:12.463250Z
ChIJFwRGuBgujjkR_-26ES9WKvk,Sagar Lassi Bhandar,places,en,26,25.31589275,83.01395385000001,25.3147191,83.01345719999999,0,vns,Varanasi,2026-09-01T02:48:12.463258Z
ChIJ39YUZQAvjjkRN_aCnD1nSlM,Kesharinandan ka prasidh samosa longlata,places,en,26,25.31589275,83.01395385000001,25.3154488,83.0152867,0,vns,Varanasi,2026-09-01T02:48:12.463265Z
ChIJBztjtEovjjkRJKYsKgxUfDA,Baba Vishwanath Bhojnalaya,places,en,26,25.31589275,83.01395385000001,25.316308499999998,83.01250759999999,0,vns,Varanasi,2026-09-01T02:48:12.463273Z
ChIJ0wpauBgujjkR_pYLfnELPKE,The Ram Bhandar,places,en,26,25.31589275,83.01395385000001,25.3146174,83.0133549,0,vns,Varanasi,2026-09-01T02:48:12.463283Z
ChIJM84kbSIujjkR5WO35I6Lp_Y,Saubhagya Sweets,places,en,26,25.31589275,83.01395385000001,25.3154145,83.0154163,0,vns,Varanasi,2026-09-01T02:48:12.463293Z
ChIJ2wNmANYvjjkRZLXkwhIK1Vc,Sanjay Food Corner,places,en,26,25.31589275,83.01395385000001,25.3160752,83.0123639,0,vns,Varanasi,2026-09-01T02:48:12.463301Z
ChIJz6WHDhgvjjkRHNyONp5KYhQ,𝗦𝗵𝗿𝗲𝗲 𝗩𝗶𝘀𝗵𝘄𝗮𝗻𝗮𝘁𝗵𝗮𝗺 𝗙𝗶𝗻𝗲 𝗗𝗶𝗻𝗲 𝗥𝗲𝘀𝘁𝗮𝘂𝗿𝗮𝗻𝘁 𝗹𝗹 𝗕𝗲𝘀𝘁 𝗥𝗲𝘀𝘁𝗮𝘂𝗿𝗮𝗻𝘁 𝗡𝗲𝗮𝗿 𝗺𝗲 𝗹𝗹 𝗕𝗲𝘀𝘁 𝗩𝗲𝗴 𝗥𝗲𝘀𝘁𝗮𝘂𝗿𝗮𝗻𝘁 𝗡𝗲𝗮𝗿 𝗞𝗮𝘀𝗵𝗶 𝗩𝗶𝘀𝗵𝘄𝗮𝗻𝗮𝘁𝗵 𝗧𝗲𝗺𝗽𝗹𝗲,places,en,26,25.31589275,83.01395385000001,25.3167344,83.0126286,0,vns,Varanasi,2026-09-01T02:48:12.463311Z
ChIJtzkFR9MvjjkRCQTCXi5icnA,Zorko Kaal bhairav,places,en,26,25.31589275,83.01395385000001,25.3173997,83.0140484,0,vns,Varanasi,2026-09-01T02:48:12.463320Z
ChIJNdqR-xgujjkRWRvpOALFXEc,Maa Vaishno Bhojanalay And Restaurant,places,en,26,25.31589275,83.01395385000001,25.3162015,83.012335,0,vns,Varanasi,2026-09-01T02:48:12.463328Z
ChIJaYIpYwAvjjkRSIkFf9eYOdE,Roti Torkari,places,en,26,25.31589275,83.01395385000001,25.3174229,83.0142168,0,vns,Varanasi,2026-09-01T02:48:12.463336Z
ChIJWSPZQQAvjjkRKBa23F55UdE,Banwari Kachauri Bhandar,places,en,26,25.31589275,83.01395385000001,25.314674600000004,83.0129517,0,vns,Varanasi,2026-09-01T02:48:12.463344Z
ChIJuxvqHqEvjjkRX8kplF-eLn8,Breakfast junction,places,en,26,25.31589275,83.01395385000001,25.315859399999997,83.0157085,0,vns,Varanasi,2026-09-01T02:48:12.463351Z
ChIJYyJqaSIujjkRGzY7Bi0zx38,Shreeji - Sweets & Milk,places,en,26,25.31589275,83.01395385000001,25.315778500000004,83.0157299,0,vns,Varanasi,2026-09-01T02:48:12.463360Z
ChIJnZupUVsvjjkR6jthY_TwBDA,Be mine restaurant,places,en,26,25.31589275,83.01395385000001,25.317103799999998,83.0127194,0,vns,Varanasi,2026-09-01T02:48:12.463368Z
ChIJF1BTSvovjjkRL-jg5Vt4oc8,Momo's Express,places,en,27,25.327286200000003,83.00292155,25.3270622,83.00498309999999,0,vns,Varanasi,2026-09-01T02:48:12.811175Z
ChIJx9CoC4ovjjkRhGmcZUwnUck,EFC - Everest Food Court Varanasi Office,places,en,27,25.327286200000003,83.00292155,25.3261263,83.0012119,0,vns,Varanasi,2026-09-01T02:48:12.811215Z
ChIJLRWt_Z8vjjkRRC8nTkrMEHU,Kamlesh Roti Bhandar,places,en,27,25.327286200000003,83.00292155,25.328854999999997,83.0041814,0,vns,Varanasi,2026-09-01T02:48:12.811226Z
ChIJwwLbatUvjjkRJXJQDsmAP14,Nirala chat corner,places,en,27,25.327286200000003,83.00292155,25.3262739,83.0049875,0,vns,Varanasi,2026-09-01T02:48:12.811234Z
ChIJ78w4CwAvjjkRb3oW4kUSIpw,A 1 rall corner,places,en,27,25.327286200000003,83.00292155,25.326856,83.005276,0,vns,Varanasi,2026-09-01T02:48:12.811243Z
ChIJwQXlf5cvjjkR-_yupc7K2Hg,Rowdy Momos Varanasi,places,en,27,25.327286200000003,83.00292155,25.328122999999998,83.0005616,0,vns,Varanasi,2026-09-01T02:48:12.811250Z
ChIJ3Z5Xz-kvjjkRl-YMLnBsQdA,Trilochan Foods,places,en,27,25.327286200000003,83.00292155,25.329535300000003,83.00226889999999,0,vns,Varanasi,2026-09-01T02:48:12.811258Z
ChIJqdMrTTUzjjkR956yb6JVh4w,Silsila Restaurant,places,en,27,25.327286200000003,83.00292155,25.3250653,83.00404280000001,0,vns,Varanasi,2026-09-01T02:48:12.811265Z
ChIJsaPzPWkvjjkREmH70Cla-kk,Momo Corner,places,en,27,25.327286200000003,83.00292155,25.3258142,83.0007397,0,vns,Varanasi,2026-09-01T02:48:12.811273Z
ChIJH2Zt_0AvjjkRBLP02mfQvPQ,Sri Annapurna | Best Veg Restaurant in Varanasi | Fine Dine Restaurant in Varanasi,places,en,27,25.327286200000003,83.00292155,25.3248052,83.0022595,0,vns,Varanasi,2026-09-01T02:48:12.811281Z
ChIJjRv6oU8vjjkRdawmVn5SW-8,M J Cafe,places,en,27,25.327286200000003,83.00292155,25.3246625,83.00245249999999,0,vns,Varanasi,2026-09-01T02:48:12.811289Z
ChIJsda6cG0vjjkR-EFdfrXeqUk,A2 FOOD & CAFE,places,en,28,25.3291366,83.00960090000001,25.3274384,83.01145439999999,0,vns,Varanasi,2026-09-01T02:48:13.244386Z
ChIJCQQ16MgvjjkRuBs9xvEYaTI,Biryani Bowl,places,en,28,25.3291366,83.00960090000001,25.328035699999997,83.012204,0,vns,Varanasi,2026-09-01T02:48:13.244429Z
ChIJe0Yc9hMujjkR55PBK08TIqI,बनारस फास्ट फूड,places,en,28,25.3291366,83.00960090000001,25.326470099999998,83.0092667,0,vns,Varanasi,2026-09-01T02:48:13.244440Z
ChIJZVJ6uqnNjzkRyo8nvXJG7VM,Satya Tea Stall,places,en,40,25.249944300000003,82.8496781,25.2484993,82.84856409999999,0,vns,Varanasi,2026-09-01T02:48:17.499418Z
ChIJNwpTadXXjzkRhfXIbVv5Juo,ANIL PAN SHOP,places,en,41,25.39912015,82.7832739,25.396849099999997,82.7831836,0,vns,Varanasi,2026-09-01T02:48:17.933073Z
ChIJEaRADJfWjzkRukQODDAM8fg,Ujala Dhaba,places,en,42,25.418899500000002,82.8073038,25.4179175,82.8061092,0,vns,Varanasi,2026-09-01T02:48:18.272796Z
ChIJV3vtMPExjjkRL3Q3t-b7TXk,Baat Chit Bistro,places,en,44,25.28405245,82.9957902,25.283942999999997,82.9958718,0,vns,Varanasi,2026-09-01T02:48:19.042880Z
ChIJxckKHeAxjjkRoITo84tePV4,Mess time,places,en,44,25.28405245,82.9957902,25.2844041,82.9953397,0,vns,Varanasi,2026-09-01T02:48:19.042923Z
ChIJO0cg38oxjjkRChVFhgLagJs,Chai Club,places,en,44,25.28405245,82.9957902,25.283598899999998,82.9953347,0,vns,Varanasi,2026-09-01T02:48:19.042935Z
ChIJ56mm9rMxjjkRvyTZ29OGGa4,Cafe on Woods,places,en,44,25.28405245,82.9957902,25.2846454,82.9953243,0,vns,Varanasi,2026-09-01T02:48:19.042944Z
ChIJoQVwkJsxjjkRoq7jtDQT0D4,Baba kinaram fast food,places,en,44,25.28405245,82.9957902,25.285328699999997,82.9952861,0,vns,Varanasi,2026-09-01T02:48:19.042952Z
ChIJf75VcZ0xjjkR-jr56966iu0,Vasco's Pizza,places,en,44,25.28405245,82.9957902,25.2836867,82.9974929,0,vns,Varanasi,2026-09-01T02:48:19.042960Z
ChIJh98SGAQxjjkRaUpZkMri1as,Lallantop rasoi,places,en,44,25.28405245,82.9957902,25.282397600000003,82.9957661,0,vns,Varanasi,2026-09-01T02:48:19.042969Z
ChIJW7Dtzp0xjjkR14lR0r7HTfU,Nitya Dosa Corner,places,en,44,25.28405245,82.9957902,25.2823693,82.99583290000001,0,vns,Varanasi,2026-09-01T02:48:19.042976Z
ChIJOzU8KboxjjkRw3vlkBUui44,Udhar Badi (Lucknow Kababi),places,en,44,25.28405245,82.9957902,25.2823362,82.9957862,0,vns,Varanasi,2026-09-01T02:48:19.042983Z
ChIJhbFy7ccxjjkRws3GhV6OWrw,Breakfast Box,places,en,44,25.28405245,82.9957902,25.2854177,82.9945311,0,vns,Varanasi,2026-09-01T02:48:19.042990Z
ChIJBbGGPeAxjjkRxbtWitc5pIQ,New Savera Fast Food Corner,places,en,44,25.28405245,82.9957902,25.2822332,82.9950692,0,vns,Varanasi,2026-09-01T02:48:19.042997Z
ChIJL0D3_akxjjkRj2gDTjs8y_Y,Pankaj pan bhandar,places,en,44,25.28405245,82.9957902,25.2835371,82.99370429999999,0,vns,Varanasi,2026-09-01T02:48:19.043008Z
ChIJe2EadtkxjjkREXmFdInimY4,Friends food gali,places,en,44,25.28405245,82.9957902,25.2859855,82.9951695,0,vns,Varanasi,2026-09-01T02:48:19.043015Z
ChIJFW5sRgAxjjkRAlnHJLIsEiQ,The Indian Paratha and The paratha house,places,en,44,25.28405245,82.9957902,25.2822183,82.9948094,0,vns,Varanasi,2026-09-01T02:48:19.043022Z
ChIJ19__cQ8zjjkR5Agva68-GB8,Table Talk,places,en,44,25.28405245,82.9957902,25.2834923,82.99798469999999,0,vns,Varanasi,2026-09-01T02:48:19.043029Z
ChIJLa1YKgAxjjkRidaTwH-VZs8,Chaska Bite,places,en,44,25.28405245,82.9957902,25.2821285,82.9972106,0,vns,Varanasi,2026-09-01T02:48:19.043036Z
ChIJcUzhQRkxjjkRE72wcYkA1EY,Rishav Prajapati,places,en,44,25.28405245,82.9957902,25.2823496,82.9976991,0,vns,Varanasi,2026-09-01T02:48:19.043043Z
ChIJF4dGIgoxjjkRGuIUdKvKxMg,FOOD JUNCTION Boys Hostel 49,places,en,44,25.28405245,82.9957902,25.286522299999998,82.9954487,0,vns,Varanasi,2026-09-01T02:48:19.043050Z
ChIJeWOeVVQxjjkRfYNqs5MRS50,Lemon crown,places,en,44,25.28405245,82.9957902,25.286600500000002,82.9951548,0,vns,Varanasi,2026-09-01T02:48:19.043058Z
ChIJSVJgaCgxjjkRhwuuGwgSoDI,Golden Hour Multi Cuisine Restaurant | best restaurant in Varanasi | birthday kitty party | Lanka Bhu,places,en,44,25.28405245,82.9957902,25.281619000000003,82.99452769999999,0,vns,Varanasi,2026-09-01T02:48:19.043065Z
ChIJc3ZJ98MxjjkRgMBYHScQVEQ,Annada Restaurant,places,en,45,25.275349400000003,83.0246804,25.2735859,83.0237241,0,vns,Varanasi,2026-09-01T02:48:19.422507Z
ChIJM4NMfyArjjkRE_wvE2ki7zQ,MAHUARIYA SULEMAPUR,places,en,46,25.4453517,82.9731607,25.444968,82.974215,0,vns,Varanasi,2026-09-01T02:48:19.758458Z
ChIJ3dWiEJcxjjkRX34w3ghTvLU,Manbhawan Fast Food Corner,places,en,47,25.27598425,83.0112077,25.2746189,83.011033,0,vns,Varanasi,2026-09-01T02:48:20.093605Z
ChIJuQhI7QgxjjkRR9KJ51Yq6v0,Gopal Rawat,places,en,47,25.27598425,83.0112077,25.274549999999998,83.0109476,0,vns,Varanasi,2026-09-01T02:48:20.093621Z
ChIJzY6O16QxjjkR2q7ql6jT-3w,The River Table | Ganga View Restaurant,places,en,47,25.27598425,83.0112077,25.275462899999997,83.0127201,0,vns,Varanasi,2026-09-01T02:48:20.093625Z
ChIJkWD1CQAxjjkRO_w5Bou3rtI,Maa chaura cafe and restaurant,places,en,47,25.27598425,83.0112077,25.2754284,83.01273189999999,0,vns,Varanasi,2026-09-01T02:48:20.093627Z
ChIJbyvjLwAxjjkRvqBZ73r4Rj0,श्री FOOD,places,en,47,25.27598425,83.0112077,25.2744978,83.0108013,0,vns,Varanasi,2026-09-01T02:48:20.093630Z
ChIJj2QvafQxjjkRIUKJh5j4lPQ,Mahadev Chana Kachori,places,en,47,25.27598425,83.0112077,25.274490000000004,83.01080189999999,0,vns,Varanasi,2026-09-01T02:48:20.093632Z
ChIJy5DlpPcxjjkRct7Nh9b09TQ,AT JOY CAFE,places,en,47,25.27598425,83.0112077,25.2743771,83.0108738,0,vns,Varanasi,2026-09-01T02:48:20.093635Z
ChIJwbzACQAxjjkR0RveCmNV2TU,Chatkara momos point,places,en,47,25.27598425,83.0112077,25.2742428,83.0107541,0,vns,Varanasi,2026-09-01T02:48:20.093637Z
ChIJkwOr_twxjjkRpDLObwfW0eI,Adarsh Role Carner,places,en,47,25.27598425,83.0112077,25.2747396,83.01263809999999,0,vns,Varanasi,2026-09-01T02:48:20.093640Z
ChIJmV7Ul64xjjkRjVc-JlwdVZg,Mirch mashala restaurant,places,en,47,25.27598425,83.0112077,25.2747396,83.01263809999999,0,vns,Varanasi,2026-09-01T02:48:20.093642Z
ChIJYbtzj6MxjjkRwpSGMZk539w,Krishna Fast Food Rool Corner,places,en,47,25.27598425,83.0112077,25.273992999999997,83.01092179999999,0,vns,Varanasi,2026-09-01T02:48:20.093644Z
ChIJ0SABTAAxjjkR-zfIbSCqOIQ,Smile Food court,places,en,47,25.27598425,83.0112077,25.273594799999998,83.0117191,0,vns,Varanasi,2026-09-01T02:48:20.093646Z
ChIJfVdZ_34tjjkRXD3GbNWAhCo,JABIR ROLL CORNER,places,en,50,25.31402485,82.929683,25.314681399999998,82.9290774,0,vns,Varanasi,2026-09-01T02:48:21.154701Z
ChIJn9ICDA8tjjkR0qPINMrcvwY,A G PIZZA CORNER,places,en,50,25.31402485,82.929683,25.3137564,82.93093089999999,0,vns,Varanasi,2026-09-01T02:48:21.154747Z
ChIJ6yhO-_MtjjkR85kcmi7at3I,fast food,places,en,50,25.31402485,82.929683,25.3133548,82.9311283,0,vns,Varanasi,2026-09-01T02:48:21.154759Z
ChIJrS9-lIstjjkR78jWcWLTito,Mujib Restaurant,places,en,50,25.31402485,82.929683,25.312946699999998,82.93108,0,vns,Varanasi,2026-09-01T02:48:21.154769Z
ChIJv9K5C_YtjjkRh3h40T-rtuw,NASREEN FOOD,places,en,50,25.31402485,82.929683,25.3139637,82.9315427,0,vns,Varanasi,2026-09-01T02:48:21.154779Z
ChIJkXx3xNotjjkRGPgrwBntBPM,Restaurant And Cafe,places,en,50,25.31402485,82.929683,25.314123199999997,82.93176249999999,0,vns,Varanasi,2026-09-01T02:48:21.154787Z
ChIJraG-wcAtjjkRTKBjhUQdMMw,Pushpanjali sweets lohata,places,en,50,25.31402485,82.929683,25.312246,82.9304605,0,vns,Varanasi,2026-09-01T02:48:21.154796Z
ChIJOS_Tl9AtjjkRNhAGgJ8WlH4,Sailent,places,en,50,25.31402485,82.929683,25.3119122,82.9300828,0,vns,Varanasi,2026-09-01T02:48:21.154802Z
ChIJSQ76TgAtjjkRl3iBGS4mWyk,HAPPY KITCHEN,places,en,50,25.31402485,82.929683,25.3130135,82.92705300000002,0,vns,Varanasi,2026-09-01T02:48:21.154810Z
ChIJ22mNeW8tjjkRPbHy6YfI5q0,MOHAMMAD RAZA,places,en,50,25.31402485,82.929683,25.3134788,82.932509,0,vns,Varanasi,2026-09-01T02:48:21.154821Z
ChIJjTv_N6stjjkR9ppU1-AHASc,Amit Fast Food Corner,places,en,52,25.38641715,82.94663990000001,25.386657399999997,82.9452823,0,vns,Varanasi,2026-09-01T02:48:21.860475Z
ChIJ-9xIAQAtjjkRMBGrE9L0-Qw,"शुभ आगमन, फैमिली ढाबा एंव जलपान गृह",places,en,52,25.38641715,82.94663990000001,25.386539799999998,82.94939579999999,0,vns,Varanasi,2026-09-01T02:48:21.860507Z
ChIJeUcpS54tjjkR4b1PtxioHFI,Ak fast food & pizza corner,places,en,54,25.374960899999998,82.91647309999999,25.3738411,82.9179729,0,vns,Varanasi,2026-09-01T02:48:22.642245Z
ChIJ10pHqFMtjjkRUolklhzGeEY,Maa Annapurna Fast Food and egg roll corner,places,en,54,25.374960899999998,82.91647309999999,25.373788899999997,82.9186148,0,vns,Varanasi,2026-09-01T02:48:22.642291Z
ChIJm5OfaRktjjkRafU2yrLnDYc,Ganesh Manchurian Corner,places,en,54,25.374960899999998,82.91647309999999,25.376637499999998,82.9144323,0,vns,Varanasi,2026-09-01T02:48:22.642302Z
ChIJL06MWCgpkDkRaJO9YlZYeCg,Laxmi Feeds,places,en,55,25.528569349999998,82.80900785,25.528188399999998,82.8097883,0,vns,Varanasi,2026-09-01T02:48:22.973083Z
ChIJ2XrGb-nVjzkRlZc8YDpaxTA,BHAVIKA CAKES AND ROLLS,places,en,57,25.446316449999998,82.84784875,25.446059299999998,82.84783569999999,0,vns,Varanasi,2026-09-01T02:48:23.728485Z
ChIJRW0FBFTVjzkRaYK3sxMhjqk,Japino's Pizza | Babatpur Varanasi,places,en,57,25.446316449999998,82.84784875,25.444801,82.8485084,0,vns,Varanasi,2026-09-01T02:48:23.728533Z
ChIJBfadaU3VjzkRtt4nz4GqokQ,Soni Genaral Store,places,en,57,25.446316449999998,82.84784875,25.447612499999998,82.8496177,0,vns,Varanasi,2026-09-01T02:48:23.728547Z
ChIJy0KFdX7VjzkRUlxjT5sGRQ8,Shagun Fast Food Corner,places,en,57,25.446316449999998,82.84784875,25.448900599999998,82.8478023,0,vns,Varanasi,2026-09-01T02:48:23.728556Z
ChIJmwWxWgAzjjkRjG_NOGdYy8k,Fusion Tadka restorent,places,en,59,25.25385915,82.96248835,25.253912900000003,82.9622619,0,vns,Varanasi,2026-09-01T02:48:24.391367Z
ChIJT-SXy_ozjjkRIPbhot55DOQ,Indian Bites,places,en,59,25.25385915,82.96248835,25.253635499999998,82.9601746,0,vns,Varanasi,2026-09-01T02:48:24.391407Z
ChIJTc-0oa0zjjkRQ84qDSkwdyU,Bhagwaan Bhojnalay,places,en,60,25.2553378,82.96020735,25.2550775,82.9594671,0,vns,Varanasi,2026-09-01T02:48:24.794149Z
ChIJPY_bllgzjjkRdG88iLSi2mI,Lado Bhojnalay,places,en,60,25.2553378,82.96020735,25.256095799999997,82.960202,0,vns,Varanasi,2026-09-01T02:48:24.794183Z
ChIJn1OvoK0zjjkR7K9BhbbLI0s,प्रियांशी फास्ट फूड,places,en,60,25.2553378,82.96020735,25.255231199999997,82.9592698,0,vns,Varanasi,2026-09-01T02:48:24.794190Z
ChIJScFkKkEzjjkRlYpHptLOwk8,Sandeep Chicken Biryani,places,en,60,25.2553378,82.96020735,25.2566785,82.96051369999999,0,vns,Varanasi,2026-09-01T02:48:24.794198Z
ChIJcaM2-ZwzjjkRLzzNeOH0A7s,PAPR (PURNA ANNA PURNA RASOI),places,en,60,25.2553378,82.96020735,25.254901699999998,82.9587071,0,vns,Varanasi,2026-09-01T02:48:24.794203Z
ChIJTw6gAAAzjjkRK6RNR5AoRJc,चंपारण हांडी मटन,places,en,60,25.2553378,82.96020735,25.2567354,82.9609243,0,vns,Varanasi,2026-09-01T02:48:24.794208Z
ChIJU0GYZlczjjkRxCeQsx5veJ8,"Hotel kalika, family restaurant",places,en,60,25.2553378,82.96020735,25.256919699999997,82.96058740000001,0,vns,Varanasi,2026-09-01T02:48:24.794213Z
ChIJXWQSsK0zjjkRAAAAMCB2YjQ,Khushi Family Fast Food,places,en,60,25.2553378,82.96020735,25.254451,82.95859109999999,0,vns,Varanasi,2026-09-01T02:48:24.794218Z
ChIJ5ZJZp7IzjjkRIq9kf88vSvs,महादेव भोजनाल,places,en,60,25.2553378,82.96020735,25.2572287,82.96092740000002,0,vns,Varanasi,2026-09-01T02:48:24.794223Z
ChIJ_9dUkfwzjjkR6hyaRJoJYyQ,Shree Bhojnalaya & Snacks Corner,places,en,60,25.2553378,82.96020735,25.2572287,82.9609401,0,vns,Varanasi,2026-09-01T02:48:24.794227Z
ChIJ_bBar7IzjjkRS9m2kuQZe2M,Mangalam Sweets And Bakers,places,en,60,25.2553378,82.96020735,25.2572551,82.96145,0,vns,Varanasi,2026-09-01T02:48:24.794231Z
ChIJayYQsLIzjjkRNHoH7d8plf4,RUDRA FOOD,places,en,60,25.2553378,82.96020735,25.257625599999997,82.9616312,0,vns,Varanasi,2026-09-01T02:48:24.794237Z
ChIJR8hbGagzjjkRN3l1Hn17P44,Chandra Sekhar Singh Patel,places,en,61,25.2715826,82.97449215,25.272741099999998,82.9745456,0,vns,Varanasi,2026-09-01T02:48:25.189432Z
ChIJq5sN81gzjjkR1gbEClL9_m4,Mulayam Patel,places,en,61,25.2715826,82.97449215,25.2727424,82.9753996,0,vns,Varanasi,2026-09-01T02:48:25.189469Z
ChIJOxY6OwAzjjkRjhkJ2cQ0fqs,V2 brothers,places,en,61,25.2715826,82.97449215,25.2697579,82.9734204,0,vns,Varanasi,2026-09-01T02:48:25.189476Z
ChIJe-uGk20xjjkRUa1kvJe74Fw,Bholanath Store,places,en,62,25.273049450000002,83.00585975,25.2735347,83.0052137,0,vns,Varanasi,2026-09-01T02:48:25.517394Z
ChIJcRWw7IkxjjkRDq6drpe_t44,Nikita Singh,places,en,62,25.273049450000002,83.00585975,25.2742067,83.0050916,0,vns,Varanasi,2026-09-01T02:48:25.517432Z
ChIJsaiVjh8xjjkR1eCgdrUR7Vg,Mahadev tiffin Service,places,en,62,25.273049450000002,83.00585975,25.2737514,83.0044357,0,vns,Varanasi,2026-09-01T02:48:25.517443Z
ChIJG96o_wUxjjkRHzpL0nvRqsQ,Kalpataru food court,places,en,62,25.273049450000002,83.00585975,25.274077899999998,83.0035705,0,vns,Varanasi,2026-09-01T02:48:25.517451Z
ChIJIcpwdgAxjjkRaukLtAloLFI,SUBH-E-BANARAS,places,en,63,25.27440045,83.01212534999999,25.272924999999997,83.0132076,0,vns,Varanasi,2026-09-01T02:48:25.854658Z
ChIJjSc7cNsxjjkRBKK3zNFubV4,Kanahaiya chicken center,places,en,63,25.27440045,83.01212534999999,25.2728756,83.01324570000001,0,vns,Varanasi,2026-09-01T02:48:25.854700Z
ChIJxQ-y0vkxjjkRsCAvaTazZ1k,Zaika Palace Restaurant,places,en,63,25.27440045,83.01212534999999,25.2727655,83.01342869999999,0,vns,Varanasi,2026-09-01T02:48:25.854710Z
ChIJYSC2J7QzjjkRAAAA0H0GEis,J. K Foods,places,en,64,25.2550137,82.96848474999999,25.2528327,82.9682905,0,vns,Varanasi,2026-09-01T02:48:26.239026Z
ChIJVeMsKJ8xjjkRkYz2rzAes6M,y g a m coffee shop,places,en,65,25.305086950000003,82.99943805,25.3045987,82.9986787,0,vns,Varanasi,2026-09-01T02:48:26.599165Z
ChIJqYpHL7ExjjkR4PBWpHL8y5A,Tahir Pizza Place,places,en,65,25.305086950000003,82.99943805,25.304063499999998,82.99999129999999,0,vns,Varanasi,2026-09-01T02:48:26.599212Z
ChIJ5QxcDdIxjjkR5OkSDS3fcUM,Lodhu Puri,places,en,65,25.305086950000003,82.99943805,25.3037706,82.9993691,0,vns,Varanasi,2026-09-01T02:48:26.599223Z
ChIJM5qlXNAxjjkRs5JM2IVjlmg,MD Omar Ali,places,en,65,25.305086950000003,82.99943805,25.303446599999997,82.9984595,0,vns,Varanasi,2026-09-01T02:48:26.599231Z
ChIJ56kXTdsxjjkR4PG_LX5NId0,Sikander Roll,places,en,65,25.305086950000003,82.99943805,25.3056993,83.00139209999999,0,vns,Varanasi,2026-09-01T02:48:26.599239Z
ChIJ1b_3IxgxjjkRPl9QyaP7pfs,Mohammad Irfan,places,en,65,25.305086950000003,82.99943805,25.303731,82.997323,0,vns,Varanasi,2026-09-01T02:48:26.599248Z
ChIJGX9DCgAxjjkR7PgYedtVlJg,Shaan e Tandoor,places,en,65,25.305086950000003,82.99943805,25.3040998,82.99703149999999,0,vns,Varanasi,2026-09-01T02:48:26.599257Z
ChIJt1zd-aYxjjkRj2nLE50hYN4,Shari Mata Bhojnalay,places,en,65,25.305086950000003,82.99943805,25.305576199999997,82.9968119,0,vns,Varanasi,2026-09-01T02:48:26.599265Z
ChIJ07jvOnExjjkRTyP8EXuOlc4,Samriddhi jalpan Grih,places,en,65,25.305086950000003,82.99943805,25.3051058,82.99649800000002,0,vns,Varanasi,2026-09-01T02:48:26.599272Z
ChIJzTP8MQAvjjkRfUh0zU-5iAE,Baikunth Darbar,places,en,66,25.31229905,83.00426985,25.312668,83.0044135,0,vns,Varanasi,2026-09-01T02:48:26.962212Z
ChIJoyEQ7PIvjjkRuUpa93LGgss,the spicy bite,places,en,66,25.31229905,83.00426985,25.311918199999997,83.0044922,0,vns,Varanasi,2026-09-01T02:48:26.962252Z
ChIJz1Bo6HAvjjkRd9SiWCpSTgE,Pani Puri Chat Bhandar,places,en,66,25.31229905,83.00426985,25.3123392,83.0048583,0,vns,Varanasi,2026-09-01T02:48:26.962263Z
ChIJNxbsrhwujjkRDjkYORtQx9c,Shri Lav Kush Restaurant,places,en,66,25.31229905,83.00426985,25.3128632,83.00431069999999,0,vns,Varanasi,2026-09-01T02:48:26.962273Z
ChIJ75j-DocvjjkREO60pkFYNAg,Ganga kashi restaurant,places,en,66,25.31229905,83.00426985,25.3128754,83.0043726,0,vns,Varanasi,2026-09-01T02:48:26.962282Z
ChIJt_TJRgAvjjkRciXQ7XcKZFY,Siva Sai Tiffins and Catering,places,en,66,25.31229905,83.00426985,25.3126899,83.0033868,0,vns,Varanasi,2026-09-01T02:48:26.962288Z
ChIJJ-Q0qhwujjkRpj3LxeoFF-0,अमीनिया चिकन बिरयानी,places,en,66,25.31229905,83.00426985,25.313218499999998,83.00417159999999,0,vns,Varanasi,2026-09-01T02:48:26.962296Z
ChIJS2dcWQAvjjkRp8eEyffwWX0,Haji Munnu Biryani corner,places,en,66,25.31229905,83.00426985,25.3132263,83.0044405,0,vns,Varanasi,2026-09-01T02:48:26.962303Z
ChIJ0QoUZGUvjjkR5658ExZVU6k,Hammad murdabadi biryani,places,en,66,25.31229905,83.00426985,25.3132393,83.00470829999999,0,vns,Varanasi,2026-09-01T02:48:26.962311Z
ChIJzaglmpEvjjkRUSwF_IQ88l8,Gopal Lassi Bahar,places,en,66,25.31229905,83.00426985,25.3117616,83.0052415,0,vns,Varanasi,2026-09-01T02:48:26.962319Z
ChIJfSJ7JcgvjjkReN8-yxG2hDg,Sarfraz Biriyani Corner,places,en,66,25.31229905,83.00426985,25.313366,83.0044999,0,vns,Varanasi,2026-09-01T02:48:26.962325Z
ChIJeWzKfEIvjjkREYeSm7UrpWM,Nizam Briyani Conor,places,en,66,25.31229905,83.00426985,25.3131842,83.004998,0,vns,Varanasi,2026-09-01T02:48:26.962333Z
ChIJu_BSVhsujjkRn3R5G6-EX4I,Sha Chicken Hut,places,en,66,25.31229905,83.00426985,25.313319,83.00481359999999,0,vns,Varanasi,2026-09-01T02:48:26.962340Z
ChIJ7aXFch0vjjkRz4iG203gpBI,Gopi Chat Bhandar,places,en,66,25.31229905,83.00426985,25.313122,83.0034057,0,vns,Varanasi,2026-09-01T02:48:26.962347Z
ChIJjTYZmZMvjjkREU8qHnxH7tQ,Royal Rasoi Restaurant,places,en,66,25.31229905,83.00426985,25.3131687,83.00332279999999,0,vns,Varanasi,2026-09-01T02:48:26.962355Z
ChIJ0ZaRVBsujjkRizzsUeLVzMY,Lashish Family Restaurant,places,en,66,25.31229905,83.00426985,25.313180100000004,83.0033266,0,vns,Varanasi,2026-09-01T02:48:26.962362Z
ChIJnXMB4wwvjjkRqqb8aG72hgY,Shree Banke Bihari Ki Rasoin,places,en,66,25.31229905,83.00426985,25.311241799999998,83.0036274,0,vns,Varanasi,2026-09-01T02:48:26.962369Z
ChIJP_EIqhwujjkRv9JNj-gV-hc,Royal Biryani,places,en,66,25.31229905,83.00426985,25.313416900000004,83.00357609999999,0,vns,Varanasi,2026-09-01T02:48:26.962376Z
ChIJQaN8URsujjkR2SDYAQzxKkQ,Isa General Store.,places,en,66,25.31229905,83.00426985,25.3135591,83.0039486,0,vns,Varanasi,2026-09-01T02:48:26.962383Z
ChIJpfLOJwAvjjkR8n34nJ3akaw,Baba family restaurant,places,en,66,25.31229905,83.00426985,25.3137385,83.0038362,0,vns,Varanasi,2026-09-01T02:48:26.962389Z
ChIJFX_SYNwvjjkRJ6QsrI5Kt4U,Khana Wala,places,en,67,25.3645577,83.02282249999999,25.3657821,83.02217259999999,0,vns,Varanasi,2026-09-01T02:48:27.393788Z
ChIJkz396WUvjjkRIVaNFu4uCAo,Cilantro Restaurant,places,en,67,25.3645577,83.02282249999999,25.363861099999998,83.0256326,0,vns,Varanasi,2026-09-01T02:48:27.393827Z
ChIJAVRb2m0vjjkRqfpD_e-HoFs,Tipsy Tales,places,en,67,25.3645577,83.02282249999999,25.3638436,83.0256725,0,vns,Varanasi,2026-09-01T02:48:27.393837Z
ChIJh69Rn3EvjjkRlyS_zt7Dps8,Flamingo Sky Bar - Live Music | Rooftop bar in Varanasi,places,en,67,25.3645577,83.02282249999999,25.3637792,83.0256533,0,vns,Varanasi,2026-09-01T02:48:27.393845Z
ChIJZe63CPAujjkRs1CChg0PaWs,Restaurant UP-65,places,en,68,25.3657287,83.02416174999999,25.3666952,83.0251412,0,vns,Varanasi,2026-09-01T02:48:27.814118Z
ChIJafrAEAAvjjkR9LqFDG9cWZE,Sarnath chaat bhandar,places,en,68,25.3657287,83.02416174999999,25.3659409,83.0256792,0,vns,Varanasi,2026-09-01T02:48:27.814152Z
ChIJg6wqCwAvjjkRTnsTM5YZ4T0,Sai Sabari CHENNAI Idli,places,en,68,25.3657287,83.02416174999999,25.3657938,83.0257113,0,vns,Varanasi,2026-09-01T02:48:27.814159Z
ChIJV9t0ofoujjkRI75j-CrtIBE,KATHI 65 ROLLS,places,en,68,25.3657287,83.02416174999999,25.366189499999997,83.0256517,0,vns,Varanasi,2026-09-01T02:48:27.814164Z
ChIJB9pF9c8vjjkRPcKyHOWxsyM,Tripti Restaurant Sarnath,places,en,68,25.3657287,83.02416174999999,25.366613599999997,83.02565860000001,0,vns,Varanasi,2026-09-01T02:48:27.814197Z
ChIJsY_Akq0vjjkRTbwf0dQURpM,ISHWAR KRIPA,places,en,68,25.3657287,83.02416174999999,25.3674525,83.025396,0,vns,Varanasi,2026-09-01T02:48:27.814203Z
ChIJM2HqAVYujjkRqVSWkpfvE1o,Vishal Mishthan Bhndar,places,en,68,25.3657287,83.02416174999999,25.3674543,83.0254094,0,vns,Varanasi,2026-09-01T02:48:27.814207Z
ChIJAfuAI2cvjjkRocHL_PzYZB4,RAMPYARE EGG CORNER,places,en,68,25.3657287,83.02416174999999,25.3675318,83.02549259999999,0,vns,Varanasi,2026-09-01T02:48:27.814218Z
ChIJCW2sKQAvjjkR5LQBqnsoVak,Shweta food,places,en,68,25.3657287,83.02416174999999,25.363929499999998,83.0262845,0,vns,Varanasi,2026-09-01T02:48:27.814223Z
ChIJHwRu2D4vjjkR-bsSW9zpSOk,CAFE ZONE,places,en,68,25.3657287,83.02416174999999,25.367138999999998,83.02167340000001,0,vns,Varanasi,2026-09-01T02:48:27.814228Z
ChIJq46HfIgvjjkRfTa4uZqJgxE,Ankit Maurya Nariyal Paani,places,en,69,25.37298165,82.99978425,25.3721607,82.9995834,0,vns,Varanasi,2026-09-01T02:48:28.170141Z
ChIJX71eKQAvjjkRbGPibdu1GsA,Danganj Market,places,en,69,25.37298165,82.99978425,25.375157299999998,83.0011487,0,vns,Varanasi,2026-09-01T02:48:28.170184Z
ChIJoXdOtoszjjkRV_lEDGk5MhQ,CHINA TOWN,places,en,72,25.25612185,82.98107655,25.2570668,82.9800227,0,vns,Varanasi,2026-09-01T02:48:29.205045Z
ChIJ4ZAlHwAzjjkRw6QFoHCXixs,One Bite cafe,places,en,72,25.25612185,82.98107655,25.2571774,82.9799546,0,vns,Varanasi,2026-09-01T02:48:29.205080Z
ChIJ53RIZLozjjkRnFZE21ki3Wo,Protein Adda,places,en,72,25.25612185,82.98107655,25.25743,82.9802399,0,vns,Varanasi,2026-09-01T02:48:29.205087Z
ChIJUa2f4XEzjjkRih8438Wxswo,Champaran Meet House,places,en,72,25.25612185,82.98107655,25.2558643,82.97943889999999,0,vns,Varanasi,2026-09-01T02:48:29.205092Z
ChIJ0UzXixUzjjkRr36NaEckH0E,Ashok Gupta,places,en,72,25.25612185,82.98107655,25.257572699999997,82.9804645,0,vns,Varanasi,2026-09-01T02:48:29.205097Z
ChIJ_UFr2q0zjjkRMkFqMpKYh6Q,Shyam Sweet House,places,en,72,25.25612185,82.98107655,25.257530900000003,82.9802837,0,vns,Varanasi,2026-09-01T02:48:29.205102Z
ChIJTSjqdyQzjjkRMOOfCpxB86g,Shyam Sweets,places,en,72,25.25612185,82.98107655,25.257593399999998,82.9802806,0,vns,Varanasi,2026-09-01T02:48:29.205106Z
ChIJG6WPiWIzjjkRXJR7MEQxVPw,Namaste Banaras Fast Food and Restaurant,places,en,72,25.25612185,82.98107655,25.2550453,82.97936450000002,0,vns,Varanasi,2026-09-01T02:48:29.205110Z
ChIJa2L8NeAzjjkRPEuB5ZJCJ7s,Nashta wars,places,en,72,25.25612185,82.98107655,25.2550113,82.97935609999999,0,vns,Varanasi,2026-09-01T02:48:29.205115Z
ChIJLYvlO_szjjkR39A-ouZKAls,Maa Vaishno Misthan Bhandar,places,en,72,25.25612185,82.98107655,25.2550113,82.97935609999999,0,vns,Varanasi,2026-09-01T02:48:29.205119Z
ChIJpUV3-ugzjjkRJ3ah-cUQQH0,Daily Delights Pizza,places,en,72,25.25612185,82.98107655,25.258041799999997,82.9805715,0,vns,Varanasi,2026-09-01T02:48:29.205124Z
ChIJpYxd0aAzjjkRZf_l8fWg3Gk,Jyoti Bakers,places,en,72,25.25612185,82.98107655,25.255045,82.9792185,0,vns,Varanasi,2026-09-01T02:48:29.205129Z
ChIJcRO-YAAzjjkR6sTCCkWG9Fc,Sai kripa dosa,places,en,72,25.25612185,82.98107655,25.2550694,82.9791264,0,vns,Varanasi,2026-09-01T02:48:29.205134Z
ChIJL5wApYEvjjkRTQTTI1lhQ9w,Aao ji khao ji,places,en,72,25.25612185,82.98107655,25.258335,82.9809686,0,vns,Varanasi,2026-09-01T02:48:29.205140Z
ChIJdSIBlywzjjkRDbFwADkWSCg,Akash Patel,places,en,72,25.25612185,82.98107655,25.258305099999998,82.98029149999999,0,vns,Varanasi,2026-09-01T02:48:29.205145Z
ChIJGzLC8OkzjjkRV_pAmkV29WM,Shyamsundar Prajapati,places,en,72,25.25612185,82.98107655,25.2584096,82.9806747,0,vns,Varanasi,2026-09-01T02:48:29.205151Z
ChIJl02UM2MzjjkRW4fdVbj8FVQ,Yummy Triangle,places,en,72,25.25612185,82.98107655,25.254924,82.9788389,0,vns,Varanasi,2026-09-01T02:48:29.205155Z
ChIJ2yVZPYIzjjkRBXpL53uGtKw,Chandigarh Fast Food,places,en,72,25.25612185,82.98107655,25.2549018,82.9788251,0,vns,Varanasi,2026-09-01T02:48:29.205159Z
ChIJZQeYv9kzjjkRUWmzSxzE0qQ,L’OESTO FORESTA Rooftop Cafe,places,en,72,25.25612185,82.98107655,25.2584131,82.9801145,0,vns,Varanasi,2026-09-01T02:48:29.205163Z
ChIJfar67RIzjjkR-F7BCFfCfeI,Riddhi Siddhi Veg Corner,places,en,72,25.25612185,82.98107655,25.2548146,82.9787841,0,vns,Varanasi,2026-09-01T02:48:29.205167Z
ChIJ7wiQf6ItjjkR0xoVuiP3Z6Y,Royal Kashi family restaurant,places,en,73,25.361467949999998,82.93718095,25.362392999999997,82.9384295,0,vns,Varanasi,2026-09-01T02:48:29.544438Z
ChIJbYe6IdstjjkRpuoE0Xf8vwk,Yadav dabha (unlimited),places,en,73,25.361467949999998,82.93718095,25.362261099999998,82.9390781,0,vns,Varanasi,2026-09-01T02:48:29.544484Z
ChIJA0ifsNktjjkRuEIBTa5FcWE,Sandhya fast food,places,en,73,25.361467949999998,82.93718095,25.363545900000002,82.9357025,0,vns,Varanasi,2026-09-01T02:48:29.544495Z
ChIJ5_n-c1QtjjkRa4GqhtrmTnM,Desi masala chowk,places,en,78,25.3630128,83.00385935,25.3631893,83.00459699999999,0,vns,Varanasi,2026-09-01T02:48:31.368319Z
ChIJj_aS4VYvjjkRje-o6kuOY14,Kalika Chinese Fast Food,places,en,78,25.3630128,83.00385935,25.363414499999998,83.00519419999999,0,vns,Varanasi,2026-09-01T02:48:31.368369Z
ChIJD6AOz-UvjjkRoDr8nMjkQO4,Devanshi Roll Corner,places,en,78,25.3630128,83.00385935,25.3627759,83.0052633,0,vns,Varanasi,2026-09-01T02:48:31.368380Z
ChIJjSdWAnkvjjkRNOBcvLeFsPs,Paratha Queen,places,en,78,25.3630128,83.00385935,25.3634364,83.00526289999999,0,vns,Varanasi,2026-09-01T02:48:31.368389Z
ChIJZ9GScTkvjjkRlNoOCDj8o2g,Biryani Point & Roll Corner,places,en,78,25.3630128,83.00385935,25.3635236,83.00531269999999,0,vns,Varanasi,2026-09-01T02:48:31.368397Z
ChIJj2u_SWUvjjkRFOeFbj8zNC4,Maa annapurna Tiffin service,places,en,78,25.3630128,83.00385935,25.363313599999998,83.00207929999999,0,vns,Varanasi,2026-09-01T02:48:31.368404Z
ChIJscQ-7XsvjjkRiPXwsJgsAmQ,Shanti,places,en,78,25.3630128,83.00385935,25.3632033,83.0058543,0,vns,Varanasi,2026-09-01T02:48:31.368412Z
ChIJhdfVrDUvjjkR7TGofilr_4U,welcome China town,places,en,78,25.3630128,83.00385935,25.3646179,83.0055648,0,vns,Varanasi,2026-09-01T02:48:31.368419Z
ChIJbdNbwJYvjjkRnesLU-QLx4c,Dubey katra,places,en,78,25.3630128,83.00385935,25.364663699999998,83.0055374,0,vns,Varanasi,2026-09-01T02:48:31.368426Z
ChIJy2GiJAAvjjkRZZpuaOc8ElU,The Banarasi Tadka Restuarant And Fast Food,places,en,78,25.3630128,83.00385935,25.360873599999998,83.0051743,0,vns,Varanasi,2026-09-01T02:48:31.368435Z
ChIJ2fpRiPIzjjkR4MkNEMQHr_U,Dosa In House,places,en,81,25.26540595,82.9639114,25.265085199999998,82.965465,0,vns,Varanasi,2026-09-01T02:48:32.420251Z
ChIJA9DZBCAzjjkR-Qx7MOBVPFA,Agreshwar fast food,places,en,81,25.26540595,82.9639114,25.264156399999997,82.9651942,0,vns,Varanasi,2026-09-01T02:48:32.420289Z
ChIJ33vsHkwyjjkRkOjwqjbK4dM,श्री विश्वनाथ दरबार,places,en,81,25.26540595,82.9639114,25.2641282,82.9651817,0,vns,Varanasi,2026-09-01T02:48:32.420296Z
ChIJV_S8UwAzjjkRi6VAGWo3Grw,राज स्वीट हाउस एंड चाट कॉर्नर,places,en,81,25.26540595,82.9639114,25.2634097,82.9652918,0,vns,Varanasi,2026-09-01T02:48:32.420302Z
ChIJpQ1LVwAzjjkRb_GLk_fdgqk,"Domino's Pizza | Kandwa, Varanasi",places,en,81,25.26540595,82.9639114,25.2630955,82.9651568,0,vns,Varanasi,2026-09-01T02:48:32.420309Z
ChIJ5yneszUyjjkRAFZdW6rx60s,शिवम् एग रोल,places,en,82,25.2646955,82.97313965000001,25.2628664,82.97402559999999,0,vns,Varanasi,2026-09-01T02:48:32.771690Z
ChIJU08GeUIzjjkRBHzgm0Pqh4M,Maa bhagwati kitchen,places,en,82,25.2646955,82.97313965000001,25.262926,82.9743191,0,vns,Varanasi,2026-09-01T02:48:32.771741Z
ChIJuRvUx-oxjjkRxuCxfMajjm8,Tea Smokers Zone,places,en,82,25.2646955,82.97313965000001,25.263443600000002,82.9751819,0,vns,Varanasi,2026-09-01T02:48:32.771751Z
ChIJTRPeTQAzjjkR8dn0PpO25m0,Dinner of king,places,en,83,25.2603316,82.9732894,25.2599074,82.97446409999999,0,vns,Varanasi,2026-09-01T02:48:33.176122Z
ChIJD1hrJCQzjjkRPu7vPncBzsk,subhash chandra yadav,places,en,83,25.2603316,82.9732894,25.2617665,82.97159979999999,0,vns,Varanasi,2026-09-01T02:48:33.176157Z
ChIJw4NaPW4vjjkROgYuh4e4w8w,Kashi Mahal Fast Food And Restaurant,places,en,84,25.365528750000003,82.9996334,25.364394299999997,82.9983621,0,vns,Varanasi,2026-09-01T02:48:33.582526Z
ChIJq_PhFAAvjjkRCXkhpPdoNPw,Shahi Rasoi Restaurant,places,en,84,25.365528750000003,82.9996334,25.363235799999998,82.9984997,0,vns,Varanasi,2026-09-01T02:48:33.582566Z
ChIJmZB1QkYvjjkRyVANa6i-Hdc,Fork and fire,places,en,86,25.35723205,82.9981827,25.3558043,82.998046,0,vns,Varanasi,2026-09-01T02:48:34.236121Z
ChIJX3ty_YAujjkRGW49E2wpy4k,Raj Chiken Shop,places,en,86,25.35723205,82.9981827,25.357149399999997,82.9962863,0,vns,Varanasi,2026-09-01T02:48:34.236165Z
ChIJpbu-RIAvjjkRRi3HJYBHS-A,Baba Vishwanath Sweets,places,en,86,25.35723205,82.9981827,25.356883999999997,82.9963014,0,vns,Varanasi,2026-09-01T02:48:34.236178Z
ChIJw-BNcwAvjjkRLC4RhjxUo-Y,Hot wheel Grill,places,en,86,25.35723205,82.9981827,25.355907,82.99689479999999,0,vns,Varanasi,2026-09-01T02:48:34.236186Z
ChIJ03Nog6kvjjkRu0j-zApZS3U,Banaras Egg Roll Corner And Fast Food,places,en,86,25.35723205,82.9981827,25.3551322,82.9965893,0,vns,Varanasi,2026-09-01T02:48:34.236193Z
ChIJw3cqegAvjjkR5C9-dAZc_cY,Happy,places,en,86,25.35723205,82.9981827,25.354709,82.9975791,0,vns,Varanasi,2026-09-01T02:48:34.236201Z
ChIJYTxAUGUvjjkRAVNojhm2O1g,Tea Stall,places,en,86,25.35723205,82.9981827,25.3550023,82.9966019,0,vns,Varanasi,2026-09-01T02:48:34.236209Z
ChIJV4pCmbAvjjkRoyCwRqWqQFM,Darjeeling momos & Jahazi rolls,places,en,86,25.35723205,82.9981827,25.354989200000002,82.9965588,0,vns,Varanasi,2026-09-01T02:48:34.236216Z
ChIJrcdDSEAvjjkRrlrNqa-p8h4,PM Food Saloon,places,en,87,25.3516768,82.99569045,25.3515399,82.99584159999999,0,vns,Varanasi,2026-09-01T02:48:34.628841Z
ChIJq9qkVwAvjjkRKms2_HyBDKE,SHAHI RASOI RESTAURANT,places,en,87,25.3516768,82.99569045,25.351437999999998,82.996938,0,vns,Varanasi,2026-09-01T02:48:34.628880Z
ChIJz5IF5fEvjjkRmFzxmrDE45s,Dosa Street,places,en,87,25.3516768,82.99569045,25.3521023,82.997102,0,vns,Varanasi,2026-09-01T02:48:34.628891Z
ChIJ7Tv5GIEvjjkRsMA11tAjNKU,"NILMANI a food, brand",places,en,87,25.3516768,82.99569045,25.3513818,82.9971775,0,vns,Varanasi,2026-09-01T02:48:34.628898Z
ChIJHULMBhMvjjkRKce5ZHHYqtA,The Hot Chinese,places,en,87,25.3516768,82.99569045,25.3516855,82.9972992,0,vns,Varanasi,2026-09-01T02:48:34.628907Z
ChIJR3IsQAAvjjkR-rX3aOd9PVA,Shri lal ji egg corner,places,en,87,25.3516768,82.99569045,25.3502621,82.9952167,0,vns,Varanasi,2026-09-01T02:48:34.628914Z
ChIJsRKgu-MvjjkRzKq3Mv6z6xg,Momo Lands,places,en,87,25.3516768,82.99569045,25.3524927,82.99714519999999,0,vns,Varanasi,2026-09-01T02:48:34.628921Z
ChIJpc9ObFMvjjkRtwweECQRLrw,Engineer Da Momo,places,en,87,25.3516768,82.99569045,25.352245,82.9972804,0,vns,Varanasi,2026-09-01T02:48:34.628929Z
ChIJAQVXyDsvjjkRgbtLe7t8nCU,Chaat Da Chaska,places,en,87,25.3516768,82.99569045,25.3502379,82.99513089999999,0,vns,Varanasi,2026-09-01T02:48:34.628937Z
ChIJ__rLLwAvjjkRiUwaovDYC4A,Baranwal kunj,places,en,87,25.3516768,82.99569045,25.3502078,82.9951466,0,vns,Varanasi,2026-09-01T02:48:34.628945Z
ChIJs7znXn4ujjkR-QFbSET1YxQ,Cheers Bar & Restaurant - bar and restaurant in varanasi,places,en,87,25.3516768,82.99569045,25.3518409,82.99747490000001,0,vns,Varanasi,2026-09-01T02:48:34.628953Z
ChIJaaZZerMvjjkRCKTo-WTCj_Q,Roll House Rolls And Biryani Pandaypur Varanasi,places,en,87,25.3516768,82.99569045,25.352626500000003,82.99719429999999,0,vns,Varanasi,2026-09-01T02:48:34.628961Z
ChIJJ8ZRfQAvjjkRi6aZQeC8Uww,R.S. Cafe,places,en,87,25.3516768,82.99569045,25.352546,82.99726,0,vns,Varanasi,2026-09-01T02:48:34.628969Z
ChIJzQEOPgAvjjkR9l-satJ54so,Divo restaurant,places,en,87,25.3516768,82.99569045,25.351775999999997,82.9938337,0,vns,Varanasi,2026-09-01T02:48:34.628976Z
ChIJz_3CBQkvjjkRFgvSmW1nfI0,The Kashi Restaurant,places,en,87,25.3516768,82.99569045,25.352742,82.9971727,0,vns,Varanasi,2026-09-01T02:48:34.628984Z
ChIJbSUyVyovjjkRWqi7efJOeUI,Khushi chat corner,places,en,87,25.3516768,82.99569045,25.3529672,82.9972298,0,vns,Varanasi,2026-09-01T02:48:34.628991Z
ChIJC9RWgX8ujjkR3Th3xxRhANU,Vikash Spicy Chat,places,en,87,25.3516768,82.99569045,25.3515366,82.9935345,0,vns,Varanasi,2026-09-01T02:48:34.628998Z
ChIJp2zO9QsvjjkR_ETvFzffQv0,ZUBAIR AHMED,places,en,87,25.3516768,82.99569045,25.349673499999998,82.9949764,0,vns,Varanasi,2026-09-01T02:48:34.629006Z
ChIJuWguI38ujjkRU3yU9zAYE0c,Siyaram Yadav Hotel,places,en,87,25.3516768,82.99569045,25.349598099999998,82.9951614,0,vns,Varanasi,2026-09-01T02:48:34.629013Z
ChIJIaawYS4vjjkRFN0li-Rrtmw,Peri Pizza house,places,en,87,25.3516768,82.99569045,25.3496064,82.9962876,0,vns,Varanasi,2026-09-01T02:48:34.629020Z
ChIJH55HEQgzjjkRbgDze1EsVqw,Bala Ji Restaurant,places,en,88,25.2465577,82.9501956,25.248338399999998,82.9504453,0,vns,Varanasi,2026-09-01T02:48:34.958335Z
ChIJuy4B78AzjjkRB-jyNddRK5k,GOLDEN ROLLS CAFE,places,en,88,25.2465577,82.9501956,25.2483415,82.9504977,0,vns,Varanasi,2026-09-01T02:48:34.958365Z
ChIJjSlsq3szjjkRC0PQGaiDhmM,Balaji store,places,en,88,25.2465577,82.9501956,25.2483583,82.95044469999999,0,vns,Varanasi,2026-09-01T02:48:34.958370Z
ChIJA4pLDQAzjjkRGUE0kLcypW8,Swad sagar family restaurant,places,en,88,25.2465577,82.9501956,25.2461912,82.95223519999999,0,vns,Varanasi,2026-09-01T02:48:34.958374Z
ChIJR2oCgAczjjkROW3naw1yR3c,ठेला ढाबा आनन्द होटल,places,en,88,25.2465577,82.9501956,25.2489368,82.95013329999999,0,vns,Varanasi,2026-09-01T02:48:34.958379Z
ChIJSe7TZwAzjjkRqFyQG2lJYVA,Baithak Dhaba,places,en,88,25.2465577,82.9501956,25.2489439,82.94973290000001,0,vns,Varanasi,2026-09-01T02:48:34.958383Z
ChIJN0HVaR8zjjkRK0rLIJOFFeE,Mahakal fast food corner,places,en,90,25.230393499999998,82.94254715,25.230780499999998,82.940376,0,vns,Varanasi,2026-09-01T02:48:35.677585Z
ChIJb6hVakQtjjkR-CRoPMPWs_k,Amit Milk Man,places,en,91,25.34234285,82.94332804999999,25.3450061,82.9436149,0,vns,Varanasi,2026-09-01T02:48:36.024313Z
ChIJcWRJ4mstjjkRLDhoQBrl_aQ,Shri Sardaar Sweet House,places,en,91,25.34234285,82.94332804999999,25.345009299999997,82.9429518,0,vns,Varanasi,2026-09-01T02:48:36.024347Z
ChIJB90e43MvjjkRqPdorSf2tYs,Baati chokha by Seva Ashram,places,en,97,25.3527616,82.9959227,25.3546519,82.9960217,0,vns,Varanasi,2026-09-01T02:48:38.027964Z
ChIJi-wHcMgvjjkR9_c3oZbaKVM,Spicy Kitchen,places,en,97,25.3527616,82.9959227,25.3545463,82.9967049,0,vns,Varanasi,2026-09-01T02:48:38.028003Z
ChIJM0CNN5ctjjkR4F8_mQlcFxI,Pihu Foods,places,en,97,25.3527616,82.9959227,25.3526605,82.9935189,0,vns,Varanasi,2026-09-01T02:48:38.028012Z
ChIJDUc42nYtjjkRbsXHh30TYx0,Momos Shop,places,en,98,25.3486336,82.95888875,25.348640699999997,82.95906149999999,0,vns,Varanasi,2026-09-01T02:48:38.421045Z
ChIJbxru5yYtjjkRxKogU5RRVJs,Mahesh Gupta,places,en,98,25.3486336,82.95888875,25.3493906,82.9590929,0,vns,Varanasi,2026-09-01T02:48:38.421066Z
ChIJLz2hbM0pjjkRfyBmaw-ynQE,BASANT KUMAR,places,en,103,25.4057558,83.03618080000001,25.4052676,83.0350143,0,vns,Varanasi,2026-09-01T02:48:40.221191Z
ChIJW-aGM2YpjjkRsfwk1yntl_g,KANISHKA BAIRAGI,places,en,103,25.4057558,83.03618080000001,25.406073799999998,83.03429009999999,0,vns,Varanasi,2026-09-01T02:48:40.221232Z
ChIJ3WEhWdspjjkR6t79PlT5LxA,VEERPAL KAUR,places,en,103,25.4057558,83.03618080000001,25.4072601,83.034965,0,vns,Varanasi,2026-09-01T02:48:40.221244Z
ChIJsT081ZIpjjkRFZalvQmKtUs,BALKRISHNA GUNAJI JADAV,places,en,103,25.4057558,83.03618080000001,25.4068591,83.03422909999999,0,vns,Varanasi,2026-09-01T02:48:40.221254Z
ChIJ02SqLdEpjjkR9FDlHJ-LtF0,SAGAR,places,en,103,25.4057558,83.03618080000001,25.4068494,83.03420229999999,0,vns,Varanasi,2026-09-01T02:48:40.221263Z
ChIJ8SN_ncgpjjkRHbMj3zzTH34,SANDEEP KUMAR DAS,places,en,103,25.4057558,83.03618080000001,25.4063806,83.0336444,0,vns,Varanasi,2026-09-01T02:48:40.221271Z
ChIJBW7TJlkpjjkRX7UruzLs4qg,RAKESH,places,en,103,25.4057558,83.03618080000001,25.4075196,83.0342683,0,vns,Varanasi,2026-09-01T02:48:40.221280Z
ChIJYdUnxukpjjkRCC7ZRDpM710,ALI JAN,places,en,103,25.4057558,83.03618080000001,25.4061353,83.03346499999999,0,vns,Varanasi,2026-09-01T02:48:40.221287Z
ChIJkWGfXC8pjjkRxLUNws84LLI,PAWAN KUMAR YADAV,places,en,103,25.4057558,83.03618080000001,25.407036599999998,83.0337795,0,vns,Varanasi,2026-09-01T02:48:40.221294Z
ChIJreu93sUpjjkRmQMg3tCei4U,MS YATIK JANGID,places,en,103,25.4057558,83.03618080000001,25.405312799999997,83.03342339999999,0,vns,Varanasi,2026-09-01T02:48:40.221301Z
ChIJCVBcjJ0pjjkRGD-Reqe56Ls,RASHIDA SHAIKH,places,en,103,25.4057558,83.03618080000001,25.4070705,83.03367320000001,0,vns,Varanasi,2026-09-01T02:48:40.221308Z
ChIJI6_z5uwpjjkRJrql_54YeW8,PALASH LINGAYAT,places,en,103,25.4057558,83.03618080000001,25.407085400000003,83.0336142,0,vns,Varanasi,2026-09-01T02:48:40.221316Z
ChIJj3vDXQAvjjkRTyA2u91ueng,Manas Family Restaurant & Dhaba,places,en,104,25.391663100000002,83.03347435,25.3894873,83.0340906,0,vns,Varanasi,2026-09-01T02:48:40.583808Z
ChIJebq_zVTNjzkRB3_wq6bsofk,Maharaja Roll,places,en,107,25.29776595,82.8747542,25.2966777,82.8739889,0,vns,Varanasi,2026-09-01T02:48:41.642434Z
ChIJAzDMPQDVjzkRF9hwyhqD7GE,Amar,places,en,109,25.41556455,82.88508039999999,25.4137101,82.88639289999999,0,vns,Varanasi,2026-09-01T02:48:42.382267Z
ChIJh_f_gJbUjzkRAAAAMIessEQ,Royal Country Club,places,en,109,25.41556455,82.88508039999999,25.414450000000002,82.8825,0,vns,Varanasi,2026-09-01T02:48:42.382308Z
ChIJqabkVPLVjzkRABuE7y7RcgE,Desi Swad -Family Restaurant,places,en,109,25.41556455,82.88508039999999,25.413301099999998,82.8834301,0,vns,Varanasi,2026-09-01T02:48:42.382318Z
ChIJG2RJLQAtjjkR_K1n-ntbYPE,Sujeet kumar fast food corner,places,en,110,25.392576050000002,82.95062705000001,25.393785,82.9506217,0,vns,Varanasi,2026-09-01T02:48:42.730690Z
ChIJt_w6PwAzjjkR19LEfsgg830,Yadav House,places,en,114,25.2498103,82.98909005,25.249946899999998,82.98900119999999,0,vns,Varanasi,2026-09-01T02:48:44.187404Z
ChIJt1vhRwEzjjkRy1TRPzwjIbc,Brijiesh Yadav,places,en,114,25.2498103,82.98909005,25.250850399999997,82.9915602,0,vns,Varanasi,2026-09-01T02:48:44.187448Z
ChIJvx_o6cExjjkRl86ztePz4MY,Chahat Tea Stall,places,en,115,25.2508576,82.99635935,25.250970799999997,82.9942159,0,vns,Varanasi,2026-09-01T02:48:44.587167Z
ChIJuWh_CgAxjjkR6sVDxvS8QUU,Sagar Chaupati Food Court,places,en,115,25.2508576,82.99635935,25.250904499999997,82.99392639999999,0,vns,Varanasi,2026-09-01T02:48:44.587212Z
ChIJmfr-bQAxjjkRhtoRbWaSfIY,Mahadevam Cafe & Restaurant,places,en,115,25.2508576,82.99635935,25.2530634,82.995261,0,vns,Varanasi,2026-09-01T02:48:44.587222Z
ChIJe305-WAxjjkRqq_JI7GqUt8,Frosty Fern Hotel & Resort,places,en,115,25.2508576,82.99635935,25.249081300000004,82.9943979,0,vns,Varanasi,2026-09-01T02:48:44.587231Z
ChIJFcvLDxnNjzkRVdKW8YO5ZuU,Divanshi Fast Food Corner,places,en,119,25.28206945,82.88423115,25.284532199999997,82.8843211,0,vns,Varanasi,2026-09-01T02:48:45.993962Z
ChIJmzVTLQDNjzkRsuLD9T66Pug,A-1 Snacks,places,en,119,25.28206945,82.88423115,25.282738,82.8869418,0,vns,Varanasi,2026-09-01T02:48:45.994004Z
ChIJky3uRT8xjjkR3gxv7zKyVII,Bred Pakoda And Chole Bhatoore,places,en,120,25.2684561,83.00115325,25.2681951,83.0010767,0,vns,Varanasi,2026-09-01T02:48:46.349384Z
ChIJu_WTQU8xjjkRxo4JJ0HQr58,Patel Brothers Chicken Shop,places,en,120,25.2684561,83.00115325,25.2681842,83.00062229999999,0,vns,Varanasi,2026-09-01T02:48:46.349434Z
ChIJadC2iisxjjkR35I3_b2mxgA,Biryani & Curries by TBLB,places,en,120,25.2684561,83.00115325,25.2682173,83.00029030000002,0,vns,Varanasi,2026-09-01T02:48:46.349445Z
ChIJpeaXMQAxjjkRl3uAgvWYag8,Mani shankar fast food corner,places,en,120,25.2684561,83.00115325,25.2680264,83.0019904,0,vns,Varanasi,2026-09-01T02:48:46.349453Z
ChIJ4_ArNwAxjjkRVBgfNEOdLjg,Zaika Junction (By - Mummy Kitchen),places,en,120,25.2684561,83.00115325,25.269277799999998,82.9999412,0,vns,Varanasi,2026-09-01T02:48:46.349461Z
ChIJ_36Xb7UxjjkR9oso-q4R-QY,Patel Ji,places,en,120,25.2684561,83.00115325,25.267450000000004,83.0027563,0,vns,Varanasi,2026-09-01T02:48:46.349468Z
ChIJfVrt4O0xjjkRWQKQ_Qcua_Q,kashi Kitchen,places,en,120,25.2684561,83.00115325,25.2666848,83.00206039999999,0,vns,Varanasi,2026-09-01T02:48:46.349475Z
ChIJvyYOJYQxjjkRvN24vio3k4M,Surbhi Restaurant,places,en,120,25.2684561,83.00115325,25.268101200000004,82.9989818,0,vns,Varanasi,2026-09-01T02:48:46.349482Z
ChIJrb5IZIExjjkRIS5TvGgigRE,Maa Vaishno Family Restaurant And Bhojanalaya,places,en,120,25.2684561,83.00115325,25.2672188,82.99885139999999,0,vns,Varanasi,2026-09-01T02:48:46.349489Z
ChIJOxVAcokxjjkRPhgAfqdqDlw,Urban Tadka Family Restaurant,places,en,120,25.2684561,83.00115325,25.2672328,82.99883559999999,0,vns,Varanasi,2026-09-01T02:48:46.349496Z
ChIJz9bYKgAxjjkRDaedsl_vZaI,Capsic pizza& shake corner,places,en,120,25.2684561,83.00115325,25.266872799999998,82.9987507,0,vns,Varanasi,2026-09-01T02:48:46.349503Z
ChIJDfjNPAAxjjkRoZlNsyYKA8A,Chilli Flakes Resturant,places,en,124,25.2627066,83.00033725,25.2636145,83.0007117,0,vns,Varanasi,2026-09-01T02:48:48.135480Z
ChIJ8VXODAAxjjkRfFTKT_o-lY8,ANKIT BHOJANALAY,places,en,124,25.2627066,83.00033725,25.263750899999998,83.00059399999999,0,vns,Varanasi,2026-09-01T02:48:48.135521Z
ChIJjRT5AAAxjjkRQ6K0c_FEBAs,STUDENTO,places,en,124,25.2627066,83.00033725,25.263824399999997,83.0003693,0,vns,Varanasi,2026-09-01T02:48:48.135526Z
ChIJ18z_WAAxjjkRmgco6pxyx5k,Worship Tiffin Service and Mess,places,en,124,25.2627066,83.00033725,25.263741,82.9997503,0,vns,Varanasi,2026-09-01T02:48:48.135531Z
ChIJY7z5XeIxjjkRf_VW318BaPc,Queency Sweet House & Fast Food,places,en,124,25.2627066,83.00033725,25.263862699999997,83.00037630000001,0,vns,Varanasi,2026-09-01T02:48:48.135535Z
ChIJT1-AT_wxjjkR6ZfWWNZZMMc,Biryani Adda,places,en,124,25.2627066,83.00033725,25.2612165,83.00032019999999,0,vns,Varanasi,2026-09-01T02:48:48.135538Z
ChIJvdydfMExjjkRdsnvIFZFi_s,Kashi Mess And Tiffin Service,places,en,124,25.2627066,83.00033725,25.264098399999998,82.9997058,0,vns,Varanasi,2026-09-01T02:48:48.135542Z
ChIJtSm4vWIxjjkRT4MZjfm4ma8,Steam and sizzle,places,en,124,25.2627066,83.00033725,25.262635099999997,82.99782050000002,0,vns,Varanasi,2026-09-01T02:48:48.135545Z
ChIJjbz6em4xjjkRmGpomoSUbjM,Food corner,places,en,124,25.2627066,83.00033725,25.2639871,82.9981307,0,vns,Varanasi,2026-09-01T02:48:48.135549Z
ChIJ21I1CQAxjjkRXeaZv0ybfAw,Sameer chicken shop,places,en,124,25.2627066,83.00033725,25.2642804,82.998201,0,vns,Varanasi,2026-09-01T02:48:48.135553Z
ChIJHzCgWwAxjjkRwZKV2AT_oFA,Shree Balaji Caffè,places,en,124,25.2627066,83.00033725,25.2649299,82.9990043,0,vns,Varanasi,2026-09-01T02:48:48.135557Z
ChIJdyuBnbcxjjkRcHnd6TLvV7Y,Banaras rasoi,places,en,124,25.2627066,83.00033725,25.2646587,83.00227249999999,0,vns,Varanasi,2026-09-01T02:48:48.135561Z
ChIJgd5KJgAxjjkR-eSHiY0cT5Q,Hustle Hunger,places,en,124,25.2627066,83.00033725,25.2616569,82.99757819999999,0,vns,Varanasi,2026-09-01T02:48:48.135565Z
ChIJhRbF3p4rjjkRIsRn27kZw-s,Rudra T Stal,places,en,125,25.4480145,82.95724394999999,25.4477151,82.9597714,0,vns,Varanasi,2026-09-01T02:48:48.490763Z
ChIJnTKswH4vjjkRh01-bKGYNq4,Avi Family Restaurant,places,en,129,25.37487485,82.99586805,25.3747873,82.9938638,0,vns,Varanasi,2026-09-01T02:48:49.966934Z
ChIJ2yjbVbovjjkRU9Os2nrLsB8,Champaran handi mutton & handi chicken,places,en,129,25.37487485,82.99586805,25.375707,82.9940151,0,vns,Varanasi,2026-09-01T02:48:49.966975Z
ChIJp_GI4LsvjjkRJcETuIIEkRk,The Taste of Banaras,places,en,129,25.37487485,82.99586805,25.3747257,82.9935862,0,vns,Varanasi,2026-09-01T02:48:49.966987Z
ChIJOYtb2NcvjjkRPT2a5EmwAFw,Surya Family Restaurent,places,en,129,25.37487485,82.99586805,25.3747844,82.9935254,0,vns,Varanasi,2026-09-01T02:48:49.966996Z
ChIJSSe4Y3YvjjkRIB4isYuXrxE,Siyaram Jaiswal,places,en,129,25.37487485,82.99586805,25.376501899999997,82.9943037,0,vns,Varanasi,2026-09-01T02:48:49.967018Z
ChIJ8U4UCAAvjjkRtsJGRBzikps,Madhawan,places,en,129,25.37487485,82.99586805,25.3736256,82.9934515,0,vns,Varanasi,2026-09-01T02:48:49.967029Z
ChIJrVrR19jTjzkRODcnrBso2zM,Prince Egg Roll And Fast Food Corner,places,en,130,25.326237300000003,82.8747108,25.3272323,82.8720467,0,vns,Varanasi,2026-09-01T02:48:50.358219Z
ChIJAxWGGCszjjkRzohZTRUhYq4,Unnati Chaat Bhandaar,places,en,131,25.2859657,82.98637785,25.2840492,82.98725429999999,0,vns,Varanasi,2026-09-01T02:48:50.722721Z
ChIJCxVj9UQzjjkR7dyQMnz3znE,Sarwan Kumar,places,en,134,25.2767718,82.98336585,25.2760227,82.98323959999999,0,vns,Varanasi,2026-09-01T02:48:51.784672Z
ChIJm6HVAgAzjjkR3IstivVHfRE,GURU KITCHEN & HOTEL,places,en,134,25.2767718,82.98336585,25.277918,82.9843527,0,vns,Varanasi,2026-09-01T02:48:51.784712Z
ChIJnyCbeTszjjkRnFpwo0kEV-s,Swadishtam Kashi Resturant,places,en,134,25.2767718,82.98336585,25.275727200000002,82.984679,0,vns,Varanasi,2026-09-01T02:48:51.784724Z
ChIJD2CeUQAzjjkRW9VTAOVCZyY,Hotel RS Grand & Swadishtam Kashi Restaurant,places,en,134,25.2767718,82.98336585,25.2751746,82.9838178,0,vns,Varanasi,2026-09-01T02:48:51.784734Z
ChIJf9d1kz8zjjkRYMAGBu0ncoc,Ankita Yadav,places,en,134,25.2767718,82.98336585,25.2751497,82.984534,0,vns,Varanasi,2026-09-01T02:48:51.784743Z
ChIJW4yubwAzjjkRE2Ga13i0o4Q,Kalika Family Restaurant karaundi,places,en,134,25.2767718,82.98336585,25.274918,82.9842693,0,vns,Varanasi,2026-09-01T02:48:51.784752Z
ChIJC9tNsYczjjkRVxfZdEAYcsI,Kinaram Sweet House,places,en,134,25.2767718,82.98336585,25.2743947,82.9838755,0,vns,Varanasi,2026-09-01T02:48:51.784759Z
ChIJk5O1Hs8pjjkR57O13AzL-pw,Anshika dhaba,places,en,135,25.45038975,83.00272154999999,25.4506138,83.0005422,0,vns,Varanasi,2026-09-01T02:48:52.121185Z
ChIJv4VYVyopjjkR1ckelxqVZfc,यादव ढाबा,places,en,136,25.439690400000003,83.0034213,25.4396356,83.0009819,0,vns,Varanasi,2026-09-01T02:48:52.521015Z
ChIJ85EH1j4pjjkRAJn4qLNNBpk,Sri Ram hotel garden and restaurant,places,en,136,25.439690400000003,83.0034213,25.4406905,83.0008936,0,vns,Varanasi,2026-09-01T02:48:52.521061Z
ChIJrwKCKgAxjjkRTQ4RpEZsmAc,Sadabahar paratha ghar,places,en,137,25.2620073,83.0373878,25.261097,83.0364429,0,vns,Varanasi,2026-09-01T02:48:52.862222Z
ChIJXdORCAAxjjkR4BdDcJrrmkk,Annapoorna Bhojnalaya,places,en,137,25.2620073,83.0373878,25.261580400000003,83.0354136,0,vns,Varanasi,2026-09-01T02:48:52.862264Z
ChIJz3a9sbAtjjkR_J5_Kb7NryI,DADA JI HOTEL,places,en,139,25.3484546,82.97875785,25.3486752,82.9795132,0,vns,Varanasi,2026-09-01T02:48:53.631275Z
ChIJvzRiHywvjjkR4P4fGG0SDHc,Sweety's Kitchen,places,en,139,25.3484546,82.97875785,25.347686900000003,82.9783295,0,vns,Varanasi,2026-09-01T02:48:53.631320Z
ChIJLZv5Y5MtjjkR6raZuH9dKGY,Ardai bazar,places,en,139,25.3484546,82.97875785,25.349495299999997,82.9787012,0,vns,Varanasi,2026-09-01T02:48:53.631333Z
ChIJrQSFSaUtjjkRdUzlEcj-I6E,The Darjeeling Momo and mancuriyan,places,en,139,25.3484546,82.97875785,25.3490279,82.9776432,0,vns,Varanasi,2026-09-01T02:48:53.631341Z
ChIJPS__gMwtjjkRCeB2PmKqgOA,Archana Roll Corner,places,en,139,25.3484546,82.97875785,25.3482749,82.9773834,0,vns,Varanasi,2026-09-01T02:48:53.631349Z
ChIJxVbNbswtjjkR2HAQ5u-Zwnk,Gupta chat bhandar,places,en,139,25.3484546,82.97875785,25.3496497,82.97806229999999,0,vns,Varanasi,2026-09-01T02:48:53.631357Z
ChIJoZgaC8wtjjkRrDhpfVx9NnE,बनारसी फुड कार्नर,places,en,139,25.3484546,82.97875785,25.3488237,82.9772454,0,vns,Varanasi,2026-09-01T02:48:53.631365Z
ChIJlS8w0c0tjjkR4LiauCNkggs,Gurucharan Sweets,places,en,139,25.3484546,82.97875785,25.3480866,82.9802428,0,vns,Varanasi,2026-09-01T02:48:53.631373Z
ChIJyVAoEHEtjjkResDRVL6fcHI,Kashi Maati rice,places,en,139,25.3484546,82.97875785,25.3497773,82.9793697,0,vns,Varanasi,2026-09-01T02:48:53.631381Z
ChIJbYSRWuUtjjkRAwlvIhIRi_U,Live Bakers,places,en,139,25.3484546,82.97875785,25.3479988,82.9772177,0,vns,Varanasi,2026-09-01T02:48:53.631388Z
ChIJwZVbfz8tjjkRoVht01M4CGg,kailash drinking water,places,en,139,25.3484546,82.97875785,25.348313299999997,82.97697889999999,0,vns,Varanasi,2026-09-01T02:48:53.631396Z
ChIJe0xxM2YtjjkR27zs6aqap5U,Baba Fast Food Avam Family Resturent,places,en,139,25.3484546,82.97875785,25.3481247,82.9805499,0,vns,Varanasi,2026-09-01T02:48:53.631403Z
ChIJh6ZRZl8tjjkRpu_7tZkMmAs,"Domino's Pizza | Orderly Bazar, Varanasi",places,en,139,25.3484546,82.97875785,25.3477003,82.9805587,0,vns,Varanasi,2026-09-01T02:48:53.631411Z
ChIJ_-0KjLYtjjkR_3A-kJJcV-M,Banarasi chaatwala,places,en,139,25.3484546,82.97875785,25.350099399999998,82.9776012,0,vns,Varanasi,2026-09-01T02:48:53.631418Z
ChIJb7Rj9FItjjkR8i_5fEYdseU,The Belgian Waffle Co,places,en,139,25.3484546,82.97875785,25.350102699999997,82.9775082,0,vns,Varanasi,2026-09-01T02:48:53.631426Z
ChIJr9bXvp0tjjkROoga7Ao8RIo,Hotel Kamal Gange,places,en,139,25.3484546,82.97875785,25.346888699999997,82.9772553,0,vns,Varanasi,2026-09-01T02:48:53.631436Z
ChIJ2eSFndwtjjkRLrGiTpO7Yq4,ZORKO - BRAND OF FOOD LOVERS,places,en,139,25.3484546,82.97875785,25.350240799999998,82.9774619,0,vns,Varanasi,2026-09-01T02:48:53.631444Z
ChIJq47kWNMtjjkR5JRNtQt06GI,Maadhav Restaurant,places,en,139,25.3484546,82.97875785,25.3503653,82.9776914,0,vns,Varanasi,2026-09-01T02:48:53.631454Z
ChIJD8ZkgsstjjkR_5S-yZcpcjw,Pariwar Restraurant,places,en,139,25.3484546,82.97875785,25.3501595,82.97715509999999,0,vns,Varanasi,2026-09-01T02:48:53.631463Z
ChIJG1wef8wtjjkRIk5bQiW5CjA,Chhappan Bhog Sweets And Restaurants,places,en,139,25.3484546,82.97875785,25.350255999999998,82.9772653,0,vns,Varanasi,2026-09-01T02:48:53.631473Z
ChIJR3UAS2AyjjkRAAAAMJgBMjg,Shiv eggroll Corner,places,en,141,25.283281,82.94982949999999,25.2843054,82.95163319999999,0,vns,Varanasi,2026-09-01T02:48:54.357650Z
ChIJU41EmIwzjjkR5LYiXgo-dhg,Masks Chaska,places,en,141,25.283281,82.94982949999999,25.2856263,82.9504051,0,vns,Varanasi,2026-09-01T02:48:54.357688Z
ChIJD6ksJgAtjjkR8uysBYkZeWk,RIVER VIEW INN,places,en,142,25.3459249,82.97233904999999,25.3463097,82.97177429999999,0,vns,Varanasi,2026-09-01T02:48:54.697112Z
ChIJ-4XoEyMtjjkRSN52BnG7UrE,Gani Egg,places,en,142,25.3459249,82.97233904999999,25.3448629,82.97184089999999,0,vns,Varanasi,2026-09-01T02:48:54.697152Z
ChIJExw3LcgtjjkRL5bhtF-ePp8,Ras Bahaar Restaurant,places,en,142,25.3459249,82.97233904999999,25.3442609,82.9722355,0,vns,Varanasi,2026-09-01T02:48:54.697162Z
ChIJU9qOxkotjjkRBgiNKPgs7Os,TANDOORI TEMPTATIONS,places,en,142,25.3459249,82.97233904999999,25.346164599999998,82.9701645,0,vns,Varanasi,2026-09-01T02:48:54.697170Z
ChIJByVtSQAtjjkRcuE1nZbs1VQ,Jagannath dosa,places,en,142,25.3459249,82.97233904999999,25.3462049,82.9700834,0,vns,Varanasi,2026-09-01T02:48:54.697178Z
ChIJdfP-OcgtjjkRJNyguNIz6MQ,ओम् भोला ठण्डई बहार,places,en,142,25.3459249,82.97233904999999,25.3435658,82.9726721,0,vns,Varanasi,2026-09-01T02:48:54.697186Z
ChIJCxGtWj8tjjkR8TVjzq5Wfi4,Banarasi Taste Restaurant,places,en,142,25.3459249,82.97233904999999,25.347441,82.970118,0,vns,Varanasi,2026-09-01T02:48:54.697193Z
ChIJW2rSaQAtjjkR61fSyiyTTxo,Varuna village restaurant,places,en,142,25.3459249,82.97233904999999,25.345703999999998,82.9694359,0,vns,Varanasi,2026-09-01T02:48:54.697200Z
ChIJiSlRMAAtjjkR7d6vpklqUS0,Darbar Zaika Restaurant,places,en,142,25.3459249,82.97233904999999,25.348402500000002,82.9711892,0,vns,Varanasi,2026-09-01T02:48:54.697211Z
ChIJ0YMTGQApjjkRxMQLSnVC-mI,त्रिशिका एग रोल एंड चिकन फ्राई कॉर्नर,places,en,144,25.42937465,83.0024298,25.4282531,83.0014003,0,vns,Varanasi,2026-09-01T02:48:55.433981Z
ChIJlWwtgBcpjjkRr21NK9vTV1g,Chingaari Dhaba,places,en,144,25.42937465,83.0024298,25.428164799999998,83.0013398,0,vns,Varanasi,2026-09-01T02:48:55.434018Z
ChIJ48PZLy8pjjkRfFXgktLvhPQ,Maharaja fast food,places,en,144,25.42937465,83.0024298,25.4316398,83.0018841,0,vns,Varanasi,2026-09-01T02:48:55.434027Z
ChIJ8e0Ze20pjjkRxIO9kqPmj2o,Mahadev Sweat House,places,en,144,25.42937465,83.0024298,25.431661899999998,83.0019311,0,vns,Varanasi,2026-09-01T02:48:55.434033Z
ChIJHaaqqmEpjjkRAAAA0Bvi3gI,Vinod Chaurasiya Pan Bhandar,places,en,144,25.42937465,83.0024298,25.431830299999998,83.0025118,0,vns,Varanasi,2026-09-01T02:48:55.434039Z
ChIJ0QYzgQktjjkRNOhg1YbYnmw,Chai Ki Tapri,places,en,145,25.34057875,82.9762293,25.342705499999997,82.97775419999999,0,vns,Varanasi,2026-09-01T02:48:55.764608Z
ChIJASyqsXUvjjkRPwVhXoCrJuM,Gokul Kumar,places,en,146,25.34111815,83.02278065,25.3431362,83.0226309,0,vns,Varanasi,2026-09-01T02:48:56.201910Z
ChIJ1T-PxnMvjjkR89Bl3URVm0I,Food Factory,places,en,146,25.34111815,83.02278065,25.3435901,83.023337,0,vns,Varanasi,2026-09-01T02:48:56.201954Z
ChIJa8p0LUUujjkRw-ORKtWRHQs,वैष्णवी रेस्टोरेंट And टी स्टाल,places,en,146,25.34111815,83.02278065,25.3436028,83.0233137,0,vns,Varanasi,2026-09-01T02:48:56.201966Z
ChIJuc6QZsIujjkRG8Y5tmQHPl4,Hotel SGT Plaza | Sarnath | Best Hotel in Varanasi | Best Banquet Hall in Varanasi | Best Wedding Hall in Varanasi,places,en,150,25.370824499999998,83.02614274999999,25.3711356,83.0255856,0,vns,Varanasi,2026-09-01T02:48:57.697996Z
ChIJO0gXiOUujjkRFEkN4ColJsM,Shaakya Restaurant | Best Restaurant in Varanasi | Multi-Cuisine Dining | Veg & Non-Veg,places,en,150,25.370824499999998,83.02614274999999,25.371209999999998,83.025443,0,vns,Varanasi,2026-09-01T02:48:57.698040Z
ChIJF4t7vw0vjjkRwrYJamYRJnk,Munchy Bites Non-Veg Junction,places,en,150,25.370824499999998,83.02614274999999,25.3702254,83.02546799999999,0,vns,Varanasi,2026-09-01T02:48:57.698050Z
ChIJFU-5ZikvjjkRQjmlt6U5tFk,Madhuvan Chinese Fast Food,places,en,150,25.370824499999998,83.02614274999999,25.370072999999998,83.0254214,0,vns,Varanasi,2026-09-01T02:48:57.698058Z
ChIJ_cPdI0UvjjkRkgaX_0J2ivw,Red Palace,places,en,150,25.370824499999998,83.02614274999999,25.3701428,83.0252016,0,vns,Varanasi,2026-09-01T02:48:57.698065Z
ChIJk0UzjgUvjjkR0DfVRJwAx60,Sri Radhe Radhe Idli Dhosa,places,en,150,25.370824499999998,83.02614274999999,25.3715564,83.0252136,0,vns,Varanasi,2026-09-01T02:48:57.698073Z
ChIJsVNWYQAvjjkRWROk5JZQ3EU,Shree momo masti and fast food,places,en,150,25.370824499999998,83.02614274999999,25.3715564,83.0252136,0,vns,Varanasi,2026-09-01T02:48:57.698080Z
ChIJtUgFdAAvjjkR4EnKQNodCUY,Shree Vishwanath Restaurant,places,en,150,25.370824499999998,83.02614274999999,25.3715564,83.0252136,0,vns,Varanasi,2026-09-01T02:48:57.698087Z
ChIJfQegcgAvjjkRdrxbc5bk58g,Buddha Lucknow darbar biryani and Buddha bhojnaly,places,en,150,25.370824499999998,83.02614274999999,25.3715564,83.0252136,0,vns,Varanasi,2026-09-01T02:48:57.698094Z
ChIJTY-bDMEvjjkRiLxk5jUIOPQ,सिद्धार्थ भोजनालय,places,en,150,25.370824499999998,83.02614274999999,25.3715564,83.0252136,0,vns,Varanasi,2026-09-01T02:48:57.698105Z
ChIJT43SiuUujjkRviAw5eaW_8c,Rangoli Garden Restaurant,places,en,150,25.370824499999998,83.02614274999999,25.371824,83.025482,0,vns,Varanasi,2026-09-01T02:48:57.698113Z
ChIJT1lyTAAvjjkRxQUj4jDrA9Y,Anna dosa wala,places,en,150,25.370824499999998,83.02614274999999,25.3720625,83.0251875,0,vns,Varanasi,2026-09-01T02:48:57.698121Z
ChIJ38dR-MsvjjkRfmDnJtxgm8M,Banarasi zaika,places,en,150,25.370824499999998,83.02614274999999,25.372366,83.0259744,0,vns,Varanasi,2026-09-01T02:48:57.698128Z
ChIJaw0w32cvjjkRd-Vwl3Xj6dk,Crazy Cafe,places,en,150,25.370824499999998,83.02614274999999,25.3722295,83.0253855,0,vns,Varanasi,2026-09-01T02:48:57.698137Z
ChIJhW_S260vjjkRT1hsENGCV10,M/S Fast Food Corner,places,en,150,25.370824499999998,83.02614274999999,25.369197999999997,83.02553069999999,0,vns,Varanasi,2026-09-01T02:48:57.698145Z
ChIJ8w0ZARMvjjkRMXzYX6vmuIk,S Fast Food,places,en,150,25.370824499999998,83.02614274999999,25.3690397,83.025419,0,vns,Varanasi,2026-09-01T02:48:57.698152Z
ChIJfc9uMQAvjjkRLhLQXBKrMF4,Ananya sweet & resturant,places,en,150,25.370824499999998,83.02614274999999,25.3688786,83.0258825,0,vns,Varanasi,2026-09-01T02:48:57.698159Z
ChIJG0HsfN0ujjkRjGMWbR4DKcI,Pankaj Bhojanalay,places,en,150,25.370824499999998,83.02614274999999,25.3688786,83.0258825,0,vns,Varanasi,2026-09-01T02:48:57.698168Z
ChIJgYSs1csvjjkRBb5FbIoXgP4,Sujata Hotel Sarnath Varanasi,places,en,150,25.370824499999998,83.02614274999999,25.3726496,83.0269964,0,vns,Varanasi,2026-09-01T02:48:57.698177Z
ChIJxX5_lX4vjjkR_mLxoXpmZwA,Lavender - Multi Cuisine Restaurant at The Pinnacle Inn Sarnath,places,en,150,25.370824499999998,83.02614274999999,25.368505000000003,83.0252454,0,vns,Varanasi,2026-09-01T02:48:57.698185Z
ChIJ443D5SktjjkR7Tx-R0wLRW4,Fast and Furious Fast Food Corner,places,en,153,25.350686099999997,82.91071455,25.3496979,82.9134559,0,vns,Varanasi,2026-09-01T02:48:58.747064Z
ChIJKS8Ru_8yjjkR0D9Kdj2eoKs,Street Food Plaza,places,en,154,25.25943775,82.94841109999999,25.259775899999998,82.9483612,0,vns,Varanasi,2026-09-01T02:48:59.069573Z
ChIJeXRIfB4vjjkRepxBRlq1Ufk,Momo Masti,places,en,158,25.3625387,83.01538930000001,25.3639641,83.01517969999999,0,vns,Varanasi,2026-09-01T02:49:00.473253Z
ChIJORw8FIItjjkRdSQ-h-aDQ9o,Shagun Kitchen Service,places,en,162,25.37280765,82.96353225,25.372776899999998,82.9632658,0,vns,Varanasi,2026-09-01T02:49:01.891554Z
ChIJiwSnPKAvjjkRFSnJRB7V1rQ,SHWETA FOOD / CAFE AND RESTAURANT,places,en,166,25.35428445,83.0499904,25.352162699999997,83.04932079999999,0,vns,Varanasi,2026-09-01T02:49:03.285065Z
ChIJB-nHPH4vjjkR23bZc8B_2mU,Shivam Amul Dosa Corner,places,en,175,25.349606350000002,83.00982450000001,25.3488665,83.00976659999999,0,vns,Varanasi,2026-09-01T02:49:06.436941Z
ChIJFWxvVQcvjjkR6mnDpoYuNus,Om manchurian rice,places,en,175,25.349606350000002,83.00982450000001,25.3488587,83.00979780000002,0,vns,Varanasi,2026-09-01T02:49:06.436986Z
ChIJq-PxaRgvjjkRN7II-4UDrSA,Chinese corner,places,en,175,25.349606350000002,83.00982450000001,25.3488587,83.00979780000002,0,vns,Varanasi,2026-09-01T02:49:06.436996Z
ChIJuxRLWm0vjjkRhfC4KuLx8mk,Chikago star pizza,places,en,175,25.349606350000002,83.00982450000001,25.3485186,83.0107613,0,vns,Varanasi,2026-09-01T02:49:06.437005Z
ChIJW6dxkBkvjjkRHpvfNgZDohk,Restart food hub and flowers,places,en,175,25.349606350000002,83.00982450000001,25.348243699999998,83.0105482,0,vns,Varanasi,2026-09-01T02:49:06.437013Z
ChIJ6aWhuGYujjkRF7SnBA8PhOs,Shree Baba Vishwnath Family Resturent,places,en,175,25.349606350000002,83.00982450000001,25.348046,83.01061,0,vns,Varanasi,2026-09-01T02:49:06.437023Z
ChIJfdjx9TsvjjkRI-r1KjsAqGw,Shri Baba Vishwanath Sweets,places,en,175,25.349606350000002,83.00982450000001,25.347944299999998,83.0107565,0,vns,Varanasi,2026-09-01T02:49:06.437031Z
ChIJfWiKOWIvjjkR5S40Lf-FOIY,Restart Kashi ki Rasoi,places,en,175,25.349606350000002,83.00982450000001,25.3480365,83.01094990000001,0,vns,Varanasi,2026-09-01T02:49:06.437040Z
ChIJzawmn04vjjkR9K33Jtb8478,Happy Bakers & momo masti,places,en,175,25.349606350000002,83.00982450000001,25.347860200000003,83.0107968,0,vns,Varanasi,2026-09-01T02:49:06.437047Z
ChIJieg-9YkvjjkRD6n-X-9Pkqs,BAO CHOW - best chinese food outlet in varanasi,places,en,175,25.349606350000002,83.00982450000001,25.3473996,83.01019240000001,0,vns,Varanasi,2026-09-01T02:49:06.437054Z
ChIJHRngh0cvjjkRii9det-NrOA,Hotel Rudram Inn,places,en,175,25.349606350000002,83.00982450000001,25.347112,83.009692,0,vns,Varanasi,2026-09-01T02:49:06.437062Z
ChIJn8QxAAAvjjkRm282jWQFLBU,7 spices,places,en,175,25.349606350000002,83.00982450000001,25.347084799999998,83.0096815,0,vns,Varanasi,2026-09-01T02:49:06.437069Z
ChIJv-zRMtItjjkRAhjkpLl1Lzk,Rishu fast food,places,en,179,25.397784350000002,82.9833344,25.3993622,82.9837557,0,vns,Varanasi,2026-09-01T02:49:07.886292Z
ChIJ33oUG6MvjjkRVf8dG8zVo_I,Chai haveli cafe,places,en,180,25.3448752,83.01413915,25.345615,83.014967,0,vns,Varanasi,2026-09-01T02:49:08.302005Z
ChIJnf0DVlovjjkRIYnrgBvdrFY,Munna Chat Corner,places,en,181,25.345217599999998,83.01306935,25.3475681,83.0118674,0,vns,Varanasi,2026-09-01T02:49:08.708025Z
ChIJ9y0MHborkDkRI9-QJIMLvrI,Sohani Fast Food,places,en,184,25.504947,82.8835153,25.502921,82.8820637,0,vns,Varanasi,2026-09-01T02:49:09.821323Z
ChIJR9nSD90zjjkRhdnJMbl8O-s,Kajal Lajwab Fast Food,places,en,187,25.2475932,82.95275194999999,25.2479102,82.95287100000002,0,vns,Varanasi,2026-09-01T02:49:10.911143Z
ChIJs7ETojMzjjkRY-LsldWxZVc,SANTOSH KUMAR SAINI,places,en,187,25.2475932,82.95275194999999,25.248073899999998,82.9527973,0,vns,Varanasi,2026-09-01T02:49:10.911175Z
ChIJS62-8AYzjjkR-5EHdjOLC18,Nand Fast Fast Food And Egg Roll Carner,places,en,187,25.2475932,82.95275194999999,25.2481081,82.9529512,0,vns,Varanasi,2026-09-01T02:49:10.911180Z
ChIJ8-CA8agzjjkRhmPQM3LY4dI,Rahat Food Village And Family Restaurant,places,en,187,25.2475932,82.95275194999999,25.2479829,82.9533639,0,vns,Varanasi,2026-09-01T02:49:10.911183Z
ChIJO9gKUa8zjjkR_RsxIwk0hys,Desi Rasoi,places,en,187,25.2475932,82.95275194999999,25.248760299999997,82.9525374,0,vns,Varanasi,2026-09-01T02:49:10.911186Z
ChIJTQ6lGCkzjjkRPmBDd9MXA1k,Handi master family restaurant,places,en,187,25.2475932,82.95275194999999,25.248605700000002,82.95358929999999,0,vns,Varanasi,2026-09-01T02:49:10.911189Z
ChIJ5TtueQAzjjkRbpn9xfN9DJI,Broadway 19 Veg Restro,places,en,187,25.2475932,82.95275194999999,25.247819999999997,82.95433609999999,0,vns,Varanasi,2026-09-01T02:49:10.911192Z
ChIJCZQCUCMzjjkROF5V6QmqELA,Eat out veg,places,en,187,25.2475932,82.95275194999999,25.2486608,82.9540457,0,vns,Varanasi,2026-09-01T02:49:10.911196Z
ChIJG-yUulMzjjkRpdaw55Qjk38,The Rasoi Family Restaurant,places,en,187,25.2475932,82.95275194999999,25.248966799999998,82.9537829,0,vns,Varanasi,2026-09-01T02:49:10.911198Z
ChIJge8n3qgzjjkRo2ZnFBeNMFI,KHANA KHAZANA FAMILY RESTAURANT,places,en,187,25.2475932,82.95275194999999,25.2488518,82.9541715,0,vns,Varanasi,2026-09-01T02:49:10.911201Z
ChIJ4a_sPrczjjkRu-5Ph4dypr8,Shri Kripa Family Restaurant & Banquet,places,en,187,25.2475932,82.95275194999999,25.2493782,82.9547276,0,vns,Varanasi,2026-09-01T02:49:10.911206Z
ChIJzWLrgP0zjjkRX8smhqapaow,Burger Darbar 🍔,places,en,191,25.29461765,82.98346745,25.294466,82.9831008,0,vns,Varanasi,2026-09-01T02:49:12.378782Z
ChIJxcjy2_UzjjkRyNkT8RsUMQM,Ayan Connection,places,en,191,25.29461765,82.98346745,25.2949722,82.9840201,0,vns,Varanasi,2026-09-01T02:49:12.378826Z
ChIJyx43JsozjjkRr5BLIRhstgU,zulfekar Ahmad,places,en,191,25.29461765,82.98346745,25.2937265,82.983543,0,vns,Varanasi,2026-09-01T02:49:12.378838Z
ChIJ6XZXNZgzjjkR0Je1O8fcxwQ,Mohammad Iqbal,places,en,191,25.29461765,82.98346745,25.2935956,82.9836152,0,vns,Varanasi,2026-09-01T02:49:12.378847Z
ChIJyZ4-iqYzjjkRAROjg8vUwmk,Rashid Tea Shop,places,en,191,25.29461765,82.98346745,25.2949824,82.9846464,0,vns,Varanasi,2026-09-01T02:49:12.378855Z
ChIJW7RYcfEzjjkRehNesIJze78,Mustkeen Fast Food,places,en,191,25.29461765,82.98346745,25.2947828,82.9821451,0,vns,Varanasi,2026-09-01T02:49:12.378863Z
ChIJN9n7vPozjjkRWAdqSiPRnt4,The Bro Code,places,en,191,25.29461765,82.98346745,25.2955267,82.9823432,0,vns,Varanasi,2026-09-01T02:49:12.378872Z
ChIJSyosQ-AzjjkRdLWUil6R5_Y,AKRAM PIZZA CORNER,places,en,191,25.29461765,82.98346745,25.295398499999997,82.9821616,0,vns,Varanasi,2026-09-01T02:49:12.378879Z
ChIJNWy15AozjjkRQOsiQBzYXlc,RK PIZZA CORNER,places,en,191,25.29461765,82.98346745,25.2955528,82.98226629999999,0,vns,Varanasi,2026-09-01T02:49:12.378886Z
ChIJvX02bckzjjkR_IW3AWrq35g,Sohail Restaurant,places,en,191,25.29461765,82.98346745,25.293200199999998,82.9838632,0,vns,Varanasi,2026-09-01T02:49:12.378895Z
ChIJJ7WApO8zjjkRuZw28p5TBHA,Rijwan Ahmad,places,en,191,25.29461765,82.98346745,25.2946337,82.98530149999999,0,vns,Varanasi,2026-09-01T02:49:12.378902Z
ChIJI_zXgUIzjjkRaQXHOB1ShpE,Tanveer Chicken Shop,places,en,191,25.29461765,82.98346745,25.2935345,82.98202959999999,0,vns,Varanasi,2026-09-01T02:49:12.378910Z
ChIJc4xDqg8zjjkR-p4BIcHR6uc,Saifi Caife House,places,en,191,25.29461765,82.98346745,25.2928388,82.98375829999999,0,vns,Varanasi,2026-09-01T02:49:12.378916Z
ChIJu1_YDsszjjkRJhXznorfy1Y,Haji Abdul basheer mithai Wale shahzade sweet house,places,en,191,25.29461765,82.98346745,25.2951016,82.98539939999999,0,vns,Varanasi,2026-09-01T02:49:12.378926Z
ChIJo3ZxVcczjjkRbaeRjlnQmVA,Mohammad Naseem,places,en,191,25.29461765,82.98346745,25.293839499999997,82.98537329999999,0,vns,Varanasi,2026-09-01T02:49:12.378933Z
ChIJKVvnXUMzjjkR_7WI_K5nIO0,Reyazuddin General Store,places,en,191,25.29461765,82.98346745,25.2949695,82.9858467,0,vns,Varanasi,2026-09-01T02:49:12.378941Z
ChIJxXYH3yAzjjkRjbYaRtxMBpY,Imran Ahmad,places,en,191,25.29461765,82.98346745,25.294978,82.9858486,0,vns,Varanasi,2026-09-01T02:49:12.378949Z
ChIJTfHyGuIzjjkR8IQwZWoeP7s,Rcm Rajkumar Gupta,places,en,191,25.29461765,82.98346745,25.2969844,82.9847977,0,vns,Varanasi,2026-09-01T02:49:12.378956Z
ChIJF2MrBgAxjjkRJZ2OH1AeS6I,Al Zaika,places,en,192,25.30388715,83.0027405,25.3037149,83.0031889,0,vns,Varanasi,2026-09-01T02:49:12.768605Z
ChIJp4q9czQtjjkRtkN_CTkK5Kw,AL-SHAZ CHICKEN CORNER,places,en,192,25.30388715,83.0027405,25.303530199999997,83.0030433,0,vns,Varanasi,2026-09-01T02:49:12.768649Z
ChIJv2X_WEQujjkRAAAAMI5usz0,arif paan shop,places,en,192,25.30388715,83.0027405,25.304239499999998,83.0031463,0,vns,Varanasi,2026-09-01T02:49:12.768660Z
ChIJb__3qeoxjjkRfjEdQ9lNAm4,Mj's Chicken,places,en,192,25.30388715,83.0027405,25.303889599999998,83.00341139999999,0,vns,Varanasi,2026-09-01T02:49:12.768667Z
ChIJC_iPMDUxjjkR7cGv9_guTMw,Prime bite,places,en,192,25.30388715,83.0027405,25.3033726,83.00304580000001,0,vns,Varanasi,2026-09-01T02:49:12.768676Z
ChIJQYunPhgxjjkRoyu3p5JQLxQ,Al Shaz Chicken Darbar,places,en,192,25.30388715,83.0027405,25.3042256,83.0033287,0,vns,Varanasi,2026-09-01T02:49:12.768684Z
ChIJ1Tnoi-0xjjkRXX2yL-WxBzI,Mohd Sowaid,places,en,192,25.30388715,83.0027405,25.304230699999998,83.0033301,0,vns,Varanasi,2026-09-01T02:49:12.768692Z
ChIJfSdAEfwxjjkRhC136uW4xxM,Taj Hotel Daalmandi - Fast Food Take-out Branch,places,en,192,25.30388715,83.0027405,25.304346,83.0032335,0,vns,Varanasi,2026-09-01T02:49:12.768701Z
ChIJQ6Ia1_wxjjkR77UhqgiZPKU,Lallan hotel,places,en,192,25.30388715,83.0027405,25.3042592,83.0034719,0,vns,Varanasi,2026-09-01T02:49:12.768708Z
ChIJi4Zj7JcxjjkRi1nr3K_p_6U,Biryani Hotshot,places,en,192,25.30388715,83.0027405,25.3031543,83.0027191,0,vns,Varanasi,2026-09-01T02:49:12.768715Z
ChIJA_HskB8vjjkRGD0DKvFym0o,AL zaikaa,places,en,192,25.30388715,83.0027405,25.303119799999997,83.002866,0,vns,Varanasi,2026-09-01T02:49:12.768722Z
ChIJVx971vwxjjkRWphbntyjtA0,Hotel Ismaily,places,en,192,25.30388715,83.0027405,25.304371999999997,83.00351920000001,0,vns,Varanasi,2026-09-01T02:49:12.768733Z
ChIJq6pScW0xjjkRc_nIdciXVb4,PIZZERIA CAFE,places,en,192,25.30388715,83.0027405,25.302767799999998,83.0032219,0,vns,Varanasi,2026-09-01T02:49:12.768740Z
ChIJP70eKgAxjjkRVPgZoOAnEws,Parvez Tikka Corner,places,en,192,25.30388715,83.0027405,25.304423999999997,83.0041016,0,vns,Varanasi,2026-09-01T02:49:12.768748Z
ChIJ0RQDqIoxjjkR6DqJdT324sE,INAYA SWEETS HOUSE,places,en,192,25.30388715,83.0027405,25.3028855,83.00156109999999,0,vns,Varanasi,2026-09-01T02:49:12.768756Z
ChIJPVkhnLQxjjkRzdl4lNwKqmo,Ghiza-inn,places,en,192,25.30388715,83.0027405,25.302912300000003,83.0040544,0,vns,Varanasi,2026-09-01T02:49:12.768764Z
ChIJY_qZJeMxjjkR0DfYhQ5Z8XA,Qadriya Hotel,places,en,192,25.30388715,83.0027405,25.3037019,83.004483,0,vns,Varanasi,2026-09-01T02:49:12.768770Z
ChIJ7Vk6dVkxjjkRL-Xhbm9s0to,Bismillah Fast Food,places,en,192,25.30388715,83.0027405,25.3035628,83.0044774,0,vns,Varanasi,2026-09-01T02:49:12.768779Z
ChIJwSBoRq0xjjkR1v85VGLeSWw,Zaika Resurent,places,en,192,25.30388715,83.0027405,25.303020099999998,83.0042752,0,vns,Varanasi,2026-09-01T02:49:12.768786Z
ChIJ1ftDL2UxjjkRd9ZYxSxfGio,Maatla kulfi,places,en,192,25.30388715,83.0027405,25.304146000000003,83.00472099999999,0,vns,Varanasi,2026-09-01T02:49:12.768793Z
ChIJy2fI9yAzjjkRMeKsBH9ZY3U,Fast Food Corner,places,en,193,25.2558651,82.925446,25.25454,82.9258773,0,vns,Varanasi,2026-09-01T02:49:13.108273Z
ChIJlbjb77wzjjkRzqsMMNPcqc0,Pranjal tiffin centre,places,en,193,25.2558651,82.925446,25.254059899999998,82.9264474,0,vns,Varanasi,2026-09-01T02:49:13.108313Z
ChIJo9EfF5IxjjkR6vSoTxQY3FA,Spicy Fast Food Bhojnalaya,places,en,195,25.26791635,83.0151425,25.268165699999997,83.0156698,0,vns,Varanasi,2026-09-01T02:49:13.952091Z
ChIJiTscC7gxjjkRIMqPT6MsVEM,H B Yummy Food Corner,places,en,195,25.26791635,83.0151425,25.2683932,83.01552439999999,0,vns,Varanasi,2026-09-01T02:49:13.952135Z
ChIJOY8hP6IxjjkRjPIYHe8ESyM,CAFE AT BANARAS,places,en,195,25.26791635,83.0151425,25.267951,83.0158161,0,vns,Varanasi,2026-09-01T02:49:13.952146Z
ChIJ8b76NsYxjjkR4vViGMByBdw,Arpit Keshri,places,en,195,25.26791635,83.0151425,25.268466999999998,83.01558410000001,0,vns,Varanasi,2026-09-01T02:49:13.952153Z
ChIJnxSUsfwxjjkRQEuMaRUhwE8,Kamil,places,en,195,25.26791635,83.0151425,25.269206800000003,83.0153849,0,vns,Varanasi,2026-09-01T02:49:13.952162Z
ChIJ8Zd0fQAxjjkRjWNPePPCkOM,The River View cafe,places,en,195,25.26791635,83.0151425,25.269312,83.0151795,0,vns,Varanasi,2026-09-01T02:49:13.952169Z
ChIJy76AFP4tjjkRAAAA0AU_RjU,Rahul Lunch Corner,places,en,197,25.3121704,82.99208680000001,25.3117202,82.9919553,0,vns,Varanasi,2026-09-01T02:49:14.628098Z
ChIJP1VVVQYyjjkRX6D5YPdKltQ,Vishal Sweets,places,en,197,25.3121704,82.99208680000001,25.3117134,82.9918639,0,vns,Varanasi,2026-09-01T02:49:14.628122Z
ChIJYb7gGogtjjkRF_lM3oYOxZk,Chau mau the dhaba,places,en,197,25.3121704,82.99208680000001,25.311596599999998,82.9920571,0,vns,Varanasi,2026-09-01T02:49:14.628129Z
ChIJtYcYpT0tjjkRVgtkZ8Rwotw,Pizza Bites,places,en,197,25.3121704,82.99208680000001,25.3115222,82.9918524,0,vns,Varanasi,2026-09-01T02:49:14.628133Z
ChIJAbK0q1AtjjkRZgnr1kQxtnA,Ms Fruit Stall,places,en,197,25.3121704,82.99208680000001,25.3127371,82.9926538,0,vns,Varanasi,2026-09-01T02:49:14.628137Z
ChIJ_QO3uNgtjjkRpFVCgA5otvI,Taste Of Kashi,places,en,197,25.3121704,82.99208680000001,25.3124781,82.9911022,0,vns,Varanasi,2026-09-01T02:49:14.628141Z
ChIJRZRdMFQvjjkRV4xsx5AwDUg,Sadhna Family Restaurant,places,en,197,25.3121704,82.99208680000001,25.3122064,82.9935256,0,vns,Varanasi,2026-09-01T02:49:14.628145Z
ChIJi1pv5v0tjjkRowcrQNmEKjM,Ashirwad Hotel,places,en,197,25.3121704,82.99208680000001,25.313502699999997,82.9921325,0,vns,Varanasi,2026-09-01T02:49:14.628148Z
ChIJb2d8UgAtjjkR4JX1P8Ll_wo,Sangam Restaurant,places,en,197,25.3121704,82.99208680000001,25.3110882,82.99097549999999,0,vns,Varanasi,2026-09-01T02:49:14.628152Z
ChIJn4NGNQAzjjkRNBGIiWCoG2s,Food Banarasia,places,en,197,25.3121704,82.99208680000001,25.3110833,82.9909529,0,vns,Varanasi,2026-09-01T02:49:14.628155Z
ChIJ17CQ7AMtjjkRvGFH10Gif04,MUMMY PAPA LASSI BHANDAR,places,en,197,25.3121704,82.99208680000001,25.3137556,82.9922838,0,vns,Varanasi,2026-09-01T02:49:14.628158Z
ChIJfXo-CZ8tjjkRvLpJPH4XGUM,Fashion Footwear,places,en,197,25.3121704,82.99208680000001,25.310510299999997,82.99074139999999,0,vns,Varanasi,2026-09-01T02:49:14.628162Z
ChIJv_p0IAAvjjkRlKwF0mVek-k,Hotel Hari Vilass (Restaurant),places,en,197,25.3121704,82.99208680000001,25.312487700000002,82.99434459999999,0,vns,Varanasi,2026-09-01T02:49:14.628165Z
ChIJEYqNNQAvjjkR7O4wScLTkhw,Vedang Cafe & Restaurant | Pure Veg | Hari Vilaas,places,en,197,25.3121704,82.99208680000001,25.3122933,82.99446909999999,0,vns,Varanasi,2026-09-01T02:49:14.628169Z
ChIJ0cMwlKEtjjkRVB8py0w7VSI,Shree Restaurant,places,en,197,25.3121704,82.99208680000001,25.310489399999998,82.9905426,0,vns,Varanasi,2026-09-01T02:49:14.628172Z
ChIJQ0h9y_gvjjkRMbPiH9Q7OpE,Muskan Chicken Shop,places,en,197,25.3121704,82.99208680000001,25.312183200000003,82.9946863,0,vns,Varanasi,2026-09-01T02:49:14.628176Z
ChIJIYNKt0otjjkRefProblBCn8,Brahmin Pure Veg,places,en,197,25.3121704,82.99208680000001,25.3123212,82.9893316,0,vns,Varanasi,2026-09-01T02:49:14.628179Z
ChIJkXrtPY0tjjkR0ynYUhwvlDs,Shree Annapoorna bhojanalay,places,en,197,25.3121704,82.99208680000001,25.310685499999998,82.9897841,0,vns,Varanasi,2026-09-01T02:49:14.628182Z
ChIJgXWqoowtjjkRP6oQtiIU7pc,Captain Burger,places,en,197,25.3121704,82.99208680000001,25.312264,82.9892491,0,vns,Varanasi,2026-09-01T02:49:14.628186Z
ChIJ502LO_wvjjkR0uvxV8g9L7w,Kirti's kitchen,places,en,197,25.3121704,82.99208680000001,25.309687,82.9929976,0,vns,Varanasi,2026-09-01T02:49:14.628189Z
ChIJnymf4p8tjjkR96uZhFm1YiA,ANASA RASOI,places,en,199,25.3595145,82.96766554999999,25.360706300000004,82.9686165,0,vns,Varanasi,2026-09-01T02:49:15.357337Z
ChIJefUdpDstjjkRwjjwWrafurw,Royal Mamma Momos,places,en,199,25.3595145,82.96766554999999,25.3585566,82.96902759999999,0,vns,Varanasi,2026-09-01T02:49:15.357378Z
ChIJHe23RAAtjjkRYFTF7mI77Pw,Italian Pizza,places,en,199,25.3595145,82.96766554999999,25.358551499999997,82.9690348,0,vns,Varanasi,2026-09-01T02:49:15.357390Z
ChIJx6bC44stjjkRb_MKOEOOSt0,deshi form chicken shop,places,en,199,25.3595145,82.96766554999999,25.3584545,82.9690553,0,vns,Varanasi,2026-09-01T02:49:15.357399Z
ChIJHb06ZQAtjjkRhuOglt4rd_o,Shiva House,places,en,199,25.3595145,82.96766554999999,25.3613423,82.9690219,0,vns,Varanasi,2026-09-01T02:49:15.357408Z
ChIJuYqeZgAtjjkR5GljmoTXJgA,Bhavya Fast Food & Cafe,places,en,199,25.3595145,82.96766554999999,25.357525,82.9660317,0,vns,Varanasi,2026-09-01T02:49:15.357415Z
ChIJ77xk7-stjjkRVLer2AaNYWM,Dharm Singh Fast Food,places,en,199,25.3595145,82.96766554999999,25.3615171,82.96948119999999,0,vns,Varanasi,2026-09-01T02:49:15.357422Z
ChIJR6yT7fYnjjkRZAhltFmflCA,Kripashankar,places,en,200,25.50359135,83.13804005,25.5016304,83.1372672,0,vns,Varanasi,2026-09-01T02:49:15.696630Z
ChIJ2WUl8ngrjjkReIYJ-N3UIfU,Janta Fastfood Restaurant,places,en,202,25.4913769,82.9580398,25.4918257,82.95917419999999,0,vns,Varanasi,2026-09-01T02:49:16.472483Z
ChIJFQQl_cArjjkRQ3MaDT_srg8,BABA JI MISTAAN BHANDAR,places,en,210,25.47605695,82.94834225,25.4758565,82.9470396,0,vns,Varanasi,2026-09-01T02:49:19.401309Z
ChIJNYuAVfrLjzkRvEsMGW1jhkc,Ss Enterprises,places,en,213,25.1838494,82.8505172,25.183971099999997,82.85040649999999,0,vns,Varanasi,2026-09-01T02:49:20.477332Z
ChIJXzS9TknLjzkR-xscBaB3OPE,ss hotel,places,en,213,25.1838494,82.8505172,25.1840482,82.85045319999999,0,vns,Varanasi,2026-09-01T02:49:20.477374Z
ChIJs6MieqLLjzkReTTZron7vr0,Rani Hotel,places,en,213,25.1838494,82.8505172,25.183987000000002,82.8503566,0,vns,Varanasi,2026-09-01T02:49:20.477385Z
ChIJySnH4sjLjzkRsAw3qDaoWPk,Akash Hotel,places,en,213,25.1838494,82.8505172,25.184084499999997,82.85046369999999,0,vns,Varanasi,2026-09-01T02:49:20.477396Z
ChIJm45CkbjLjzkRUYMqiO-GU4M,KK Hotel,places,en,213,25.1838494,82.8505172,25.1836715,82.8503747,0,vns,Varanasi,2026-09-01T02:49:20.477405Z
ChIJY0RDy2PLjzkRGQ9Q-I3SAY0,Duvey Palace,places,en,213,25.1838494,82.8505172,25.1841287,82.8506589,0,vns,Varanasi,2026-09-01T02:49:20.477415Z
ChIJZxOJehrLjzkRw0ctOP8DtHE,Patel Hotel,places,en,213,25.1838494,82.8505172,25.184225700000002,82.8505692,0,vns,Varanasi,2026-09-01T02:49:20.477421Z
ChIJqQhFFX3LjzkReHKj1J7JCJw,Keshari Hotel,places,en,213,25.1838494,82.8505172,25.1835497,82.8507494,0,vns,Varanasi,2026-09-01T02:49:20.477430Z
ChIJs8VvjNfLjzkRlsZhE6CFXpQ,Zk Hotel,places,en,213,25.1838494,82.8505172,25.184169699999998,82.8496219,0,vns,Varanasi,2026-09-01T02:49:20.477437Z
ChIJLXIiarPLjzkRgerV1atdpqs,Ramesh Tea Stall,places,en,213,25.1838494,82.8505172,25.184739399999998,82.85278799999999,0,vns,Varanasi,2026-09-01T02:49:20.477447Z
ChIJqcyRy8jLjzkR0oV85A3TuJc,DINESH FAST FOOD CORNER,places,en,213,25.1838494,82.8505172,25.1862486,82.8506475,0,vns,Varanasi,2026-09-01T02:49:20.477454Z
ChIJQ6pUwHzLjzkRQ4atnuTwDdE,Jaiswal fastfood bakers and restaurant,places,en,213,25.1838494,82.8505172,25.186322,82.8511833,0,vns,Varanasi,2026-09-01T02:49:20.477462Z
ChIJ75y243TPjzkRqzAoXUDX8CY,BOMBE WALA WADA PAV,places,en,214,25.25041685,82.82084965,25.249003599999998,82.8200849,0,vns,Varanasi,2026-09-01T02:49:20.891726Z
ChIJMxyz6PYpkDkRX90i9WHBMYk,Rekha Dhaba,places,en,223,25.5083298,82.7893257,25.507939999999998,82.7885632,0,vns,Varanasi,2026-09-01T02:49:24.055867Z
ChIJC9eiqxUpkDkR6jQVlU2fqeg,Raj fastfood corner(non-vej),places,en,223,25.5083298,82.7893257,25.5085882,82.7883686,0,vns,Varanasi,2026-09-01T02:49:24.055909Z
ChIJv7TycADFjzkRGBKZpk86yRs,BaBa Cafe And Restaurant,places,en,229,25.264997299999997,82.71168175,25.2651616,82.7094851,0,vns,Varanasi,2026-09-01T02:49:26.152363Z
ChIJ9T4CCwDFjzkR5v66FmpVbmY,JANVI PIZZAA HUT,places,en,229,25.264997299999997,82.71168175,25.265857399999998,82.7096768,0,vns,Varanasi,2026-09-01T02:49:26.152405Z
ChIJTw2s3zLFjzkRcI4WpWL42DI,SHAI BHOG SWEETS & RESTAURANT,places,en,229,25.264997299999997,82.71168175,25.2652765,82.7094717,0,vns,Varanasi,2026-09-01T02:49:26.152417Z
ChIJDzPAxMHFjzkRwCDg_XGdkvA,Anand fulki store,places,en,230,25.263615549999997,82.70735965,25.2617303,82.70938369999999,0,vns,Varanasi,2026-09-01T02:49:26.533350Z
ChIJ96pH7d4rkDkRj9tcNJPJR4c,Tanu Egg Rolls Corner,places,en,231,25.48949655,82.89344729999999,25.491327899999998,82.892307,0,vns,Varanasi,2026-09-01T02:49:26.880068Z
ChIJryMUcQDVkTkRcM2d45oNjBk,Akash Kumar home,places,en,235,25.532314300000003,82.97326509999999,25.533378,82.971251,0,vns,Varanasi,2026-09-01T02:49:28.250741Z
ChIJjb3KT28rkDkRK9hKA8EH7SI,Komal vada pav,places,en,241,25.530302550000002,82.8994348,25.5311937,82.89749379999999,0,vns,Varanasi,2026-09-01T02:49:30.351382Z
ChIJ5c0LbZHXkTkRppaXnn_s9Gs,Manju Sonkar,places,en,242,25.548113800000003,83.0243485,25.5498208,83.02314539999999,0,vns,Varanasi,2026-09-01T02:49:30.729523Z
ChIJW5LIkNwqjjkRBagNaxBPe2U,दिल बाहर ताम्बूल भंडार,places,en,258,25.455034599999998,82.92472195,25.4550327,82.92403569999999,0,vns,Varanasi,2026-09-01T02:49:36.216842Z
ChIJC47fmP0rjjkRCSiuF3lunac,Ashwani Eggs Shop,places,en,258,25.455034599999998,82.92472195,25.4553271,82.9223988,0,vns,Varanasi,2026-09-01T02:49:36.216881Z
ChIJhXrRBB3XkTkR1uX1gCDEcqg,Rajwada dhaba,places,en,274,25.52849255,82.99803685,25.5303039,82.9996389,0,vns,Varanasi,2026-09-01T02:49:41.887243Z
ChIJmcg0vSYpkDkROYudoowUGBY,Yadav Tea Point,places,en,284,25.50215015,82.81739189999999,25.5004417,82.8164364,0,vns,Varanasi,2026-09-01T02:49:45.314948Z
ChIJ6yIpPYXajzkR2-Wa0AIGsfg,Yadav Dhaba,places,en,290,25.33215285,82.7243443,25.3307136,82.7259217,0,vns,Varanasi,2026-09-01T02:49:47.503868Z
ChIJEW-SWWLVjzkRG3I7M_wqaKo,Rahul Fish Supplier,places,en,298,25.4563427,82.8822102,25.4553877,82.88139079999999,0,vns,Varanasi,2026-09-01T02:49:50.257055Z
ChIJSQWCThfVjzkRVAk-VmPd_H8,शिवा फास्ट फूड एण्ड चायनीज कार्नर,places,en,298,25.4563427,82.8822102,25.4557929,82.88055709999999,0,vns,Varanasi,2026-09-01T02:49:50.257098Z
ChIJX86RsBfVjzkRnYJRtK4Zi3I,अभिषेक मंचूरियन कार्नर,places,en,298,25.4563427,82.8822102,25.457220399999997,82.8837911,0,vns,Varanasi,2026-09-01T02:49:50.257110Z
ChIJv7ngtDTVjzkRwR5LbNd0jAQ,Aman Fast Food,places,en,298,25.4563427,82.8822102,25.4557985,82.8804273,0,vns,Varanasi,2026-09-01T02:49:50.257118Z
ChIJmbtOpAzVjzkR-pM6EEqqPpk,Priynka Gupta,places,en,298,25.4563427,82.8822102,25.455732599999997,82.8802249,0,vns,Varanasi,2026-09-01T02:49:50.257126Z
ChIJKfCtXqHVkTkR8foxIe183BQ,Maruee Sagar Pokhara,places,en,307,25.5278914,82.93092755,25.528933400000003,82.9321709,0,vns,Varanasi,2026-09-01T02:49:53.433977Z
ChIJrVQVi1IvjjkRMQO8_zXP6jE,Jai Maa Sharada Trading,places,en,310,25.36656385,83.03896605,25.3657261,83.03937189999999,0,vns,Varanasi,2026-09-01T02:49:54.521527Z
ChIJQUYq2uEvjjkRKPzL_O0Tfb8,restaurants and banquet,places,en,310,25.36656385,83.03896605,25.3657279,83.03813500000001,0,vns,Varanasi,2026-09-01T02:49:54.521570Z
ChIJ_yV86RgvjjkR9T8zpWCtK0M,Yaari Baithak Dhaba Varanasi,places,en,310,25.36656385,83.03896605,25.3651567,83.0382204,0,vns,Varanasi,2026-09-01T02:49:54.521580Z
ChIJWWtAfo0vjjkR7zRBMtlPwS8,Shikha icecream parlour and cafe,places,en,310,25.36656385,83.03896605,25.365056199999998,83.03751799999999,0,vns,Varanasi,2026-09-01T02:49:54.521588Z
ChIJz4G9WCYvjjkRmiPOxot9Uqw,KING ROLE CORNER AND FAST FOOD,places,en,310,25.36656385,83.03896605,25.365287199999997,83.0370311,0,vns,Varanasi,2026-09-01T02:49:54.521596Z
ChIJ-eo7uLMvjjkR8YNHyUPy1V4,Fast Food,places,en,312,25.361387,83.0402243,25.3591809,83.04133999999999,0,vns,Varanasi,2026-09-01T02:49:55.367129Z
ChIJzxPIzVDRjzkRs1kJxbVFrOg,Red Velvet,places,en,313,25.34443725,82.762191,25.342903099999997,82.76159249999999,0,vns,Varanasi,2026-09-01T02:49:55.713768Z
ChIJpxOZs3nRjzkRH5wjqycKibM,SACHIN MOMO CORNER,places,en,313,25.34443725,82.762191,25.342762,82.7622344,0,vns,Varanasi,2026-09-01T02:49:55.713812Z
ChIJHeT4YdTRjzkRnnein-xqs7M,PAL SWEET HOUSE,places,en,313,25.34443725,82.762191,25.342624299999997,82.7620214,0,vns,Varanasi,2026-09-01T02:49:55.713823Z
ChIJE_YLp4bRjzkRBuGwL3H42gg,Vishal Gupta,places,en,313,25.34443725,82.762191,25.3433,82.75995200000001,0,vns,Varanasi,2026-09-01T02:49:55.713831Z
ChIJJSEVOJjRjzkRip7D6GgOD60,Bagicha Resturant,places,en,313,25.34443725,82.762191,25.3437685,82.7596954,0,vns,Varanasi,2026-09-01T02:49:55.713839Z
ChIJzShHHgAtjjkRXnbQA4RaQIw,R S P BEKARS,places,en,314,25.31738885,82.9118522,25.3166799,82.91314779999999,0,vns,Varanasi,2026-09-01T02:49:56.091979Z
ChIJRZovsfzRjzkRZ3jLWuBJTXM,Sartaj Chicken Shop,places,en,315,25.30282805,82.81079585,25.3029972,82.81075,0,vns,Varanasi,2026-09-01T02:49:56.514525Z
ChIJp-s01DjRjzkR-tJm0ssqTGQ,Doodhdhara sweet houses,places,en,315,25.30282805,82.81079585,25.303012499999998,82.8109724,0,vns,Varanasi,2026-09-01T02:49:56.514574Z
ChIJEzQbbSrXkTkRzlFHEHGYm0A,Dhaba & Resturent,places,en,317,25.5102712,82.99891439999999,25.510375699999997,82.9974711,0,vns,Varanasi,2026-09-01T02:49:57.290104Z
ChIJg00b6AjWkTkR82DdHjFItQY,ग्रेट गंगा ढाबा,places,en,317,25.5102712,82.99891439999999,25.5096962,82.99716719999999,0,vns,Varanasi,2026-09-01T02:49:57.290144Z
ChIJaaAZa1EtjjkRehKOhK7ZTK8,Shahil Egg Roll,places,en,319,25.3290598,82.9610522,25.327737100000004,82.9616217,0,vns,Varanasi,2026-09-01T02:49:58.053429Z
ChIJz_9iMfctjjkRSmwnORkqKP4,Sudama Street bites,places,en,319,25.3290598,82.9610522,25.327643,82.9635547,0,vns,Varanasi,2026-09-01T02:49:58.053480Z
ChIJHdXqByQvjjkR1eGRXKK_Xvw,ANJANI SWEETS AND FAST FOOD,places,en,321,25.36368565,83.03577655000001,25.3642893,83.0347182,0,vns,Varanasi,2026-09-01T02:49:58.789262Z
ChIJIeqMk2AtjjkRF52vimu9FiQ,The Tandoor Table,places,en,321,25.36368565,83.03577655000001,25.3635046,83.03301569999999,0,vns,Varanasi,2026-09-01T02:49:58.789301Z
ChIJh5ini_HPjzkRUFbm73Hpbeo,Shriram Shweet House,places,en,324,25.2873616,82.75665365,25.2862519,82.7586896,0,vns,Varanasi,2026-09-01T02:49:59.803679Z
ChIJdWYGS9PPjzkRxzvYw-EEr2A,PAL SWEET HOUSE,places,en,324,25.2873616,82.75665365,25.2848262,82.7565896,0,vns,Varanasi,2026-09-01T02:49:59.803722Z
ChIJ5fNBRgAzjjkR2xnSnb4Evf4,Rajit Rawat,places,en,332,25.29675015,82.95425265,25.2962153,82.95284439999999,0,vns,Varanasi,2026-09-01T02:50:04.565906Z
ChIJ9ZJ2WAAzjjkRcoNizUqnEaM,Monu momos and Manchurian shop,places,en,334,25.304245299999998,82.95397555,25.3046372,82.95318879999999,0,vns,Varanasi,2026-09-01T02:50:05.332204Z
ChIJr4sPiGkzjjkR9MW_hSZ8YIE,Prayanshu Store,places,en,334,25.304245299999998,82.95397555,25.3050543,82.953399,0,vns,Varanasi,2026-09-01T02:50:05.332249Z
ChIJ01V3Ue4tjjkR7PGavOOAEHQ,बदनाम मोमोज BADNAM MOMOS,places,en,334,25.304245299999998,82.95397555,25.3049984,82.95310049999999,0,vns,Varanasi,2026-09-01T02:50:05.332261Z
ChIJf8gTZz8tjjkRMQ758E-7B5c,"Preeti Mishtan Bhandar, Chandpur Chauraha",places,en,334,25.304245299999998,82.95397555,25.3055193,82.9534193,0,vns,Varanasi,2026-09-01T02:50:05.332269Z
ChIJeWc5sngyjjkR-mDgsl56n5E,ice world and bakers,places,en,334,25.304245299999998,82.95397555,25.3044321,82.9558177,0,vns,Varanasi,2026-09-01T02:50:05.332277Z
ChIJEdTrsXgyjjkREE_4tH8BjpY,New Gokul Dairy,places,en,334,25.304245299999998,82.95397555,25.3044463,82.95592219999999,0,vns,Varanasi,2026-09-01T02:50:05.332285Z
ChIJIyRGaAAtjjkRENEAjUA9yAI,Gauri Kitchen,places,en,334,25.304245299999998,82.95397555,25.305612699999998,82.9524752,0,vns,Varanasi,2026-09-01T02:50:05.332293Z
ChIJJWMaJX4yjjkRBCkBXRklgNU,KALIKA DHABA,places,en,334,25.304245299999998,82.95397555,25.302760499999998,82.9520746,0,vns,Varanasi,2026-09-01T02:50:05.332300Z
ChIJMSDEsIgzjjkRZdR3TAvGys8,Red chilli corner,places,en,334,25.304245299999998,82.95397555,25.303837599999998,82.9568201,0,vns,Varanasi,2026-09-01T02:50:05.332308Z
ChIJZUBdgUwtjjkRRXdOktIyXHQ,Mugalai Banarasi Darbar,places,en,334,25.304245299999998,82.95397555,25.3068492,82.95442,0,vns,Varanasi,2026-09-01T02:50:05.332317Z
ChIJ26rPFwAzjjkRSMQ3P81n9cY,Nobel Restaurant,places,en,336,25.29652645,82.93945625,25.295415,82.9407107,0,vns,Varanasi,2026-09-01T02:50:06.010216Z
ChIJzVemf7EzjjkR9nbwAM8I3O0,Avishek Fast Food,places,en,336,25.29652645,82.93945625,25.2960156,82.9377631,0,vns,Varanasi,2026-09-01T02:50:06.010262Z
ChIJZ-M-XbcyjjkRj5UFeg59i9s,Ansh The Dhaba And Family Resturant,places,en,336,25.29652645,82.93945625,25.2940629,82.93856,0,vns,Varanasi,2026-09-01T02:50:06.010273Z
ChIJ5Ul6X58zjjkRWMkm3vlz3jY,Indian spicy zaika family restaurant dhaba,places,en,336,25.29652645,82.93945625,25.294163299999997,82.9407447,0,vns,Varanasi,2026-09-01T02:50:06.010284Z
ChIJKct04eEzjjkR3I7sKf5BtHQ,Indian spicy jacket family restaurant & dhaba,places,en,336,25.29652645,82.93945625,25.294163299999997,82.9407447,0,vns,Varanasi,2026-09-01T02:50:06.010292Z
ChIJp535MAAzjjkRtv7JAvKL81M,Madhuban restaurant,places,en,336,25.29652645,82.93945625,25.2965026,82.94243000000002,0,vns,Varanasi,2026-09-01T02:50:06.010299Z
ChIJXXwdF3gvjjkRESboQf-t5AI,Divyansh Egg Roll Corner And Chaumin,places,en,342,25.385627,83.01675220000001,25.387864399999998,83.016835,0,vns,Varanasi,2026-09-01T02:50:08.073850Z
ChIJUXWfEi0vjjkRJFnp7uPTLGA,Baba Fast Food,places,en,346,25.330387299999998,83.03317725,25.3281784,83.0331219,0,vns,Varanasi,2026-09-01T02:50:09.523693Z
ChIJ-1qlLwAnjjkRbMvAR2vuuc0,Aradhya egg roll corner,places,en,347,25.42887705,83.09088235,25.4299236,83.0892755,0,vns,Varanasi,2026-09-01T02:50:09.847678Z
ChIJe61nshUpjjkRrjXc5p7eI00,यादव चाट भण्डार डुबकियाँ बाजार,places,en,353,25.4146013,83.0779106,25.413847699999998,83.07832739999999,0,vns,Varanasi,2026-09-01T02:50:11.856355Z
ChIJLRtfSaMnjjkRwoF-OQGX2Bs,राम जनम मिष्ठान भण्डार नरपतपुर डुबकियां वाराणसी,places,en,353,25.4146013,83.0779106,25.4138329,83.0783199,0,vns,Varanasi,2026-09-01T02:50:11.856402Z
ChIJiUf2ewAnjjkRQRWjFlOgo2M,रामजनम मिष्ठान भंडार और यादव चाट भंडार,places,en,353,25.4146013,83.0779106,25.413919099999998,83.07857469999999,0,vns,Varanasi,2026-09-01T02:50:11.856414Z
ChIJey8SIqgojjkRT8YsxBMjuBg,Nidhi Restraunt,places,en,353,25.4146013,83.0779106,25.415587799999997,83.0785661,0,vns,Varanasi,2026-09-01T02:50:11.856425Z
ChIJZ95X0KkojjkRZL4MT5wleDg,गुप्ता मिष्ठान भण्डार. नरपतपुर( डुबकियाँ बाजार ),places,en,353,25.4146013,83.0779106,25.4135755,83.0785824,0,vns,Varanasi,2026-09-01T02:50:11.856433Z
ChIJj3ro5dMpjjkRKqzcXf86-gs,Aman Chicken Shop,places,en,353,25.4146013,83.0779106,25.412991599999998,83.0772227,0,vns,Varanasi,2026-09-01T02:50:11.856440Z
ChIJeQ6v4UfTjzkRLwzspHJ8AGM,Najama Bano,places,en,355,25.38268305,82.90709749999999,25.381370399999998,82.9058237,0,vns,Varanasi,2026-09-01T02:50:12.671953Z
ChIJW2Fnp03TjzkRZkOWDqjY8Oo,हरि ऊँ चाट बहार एवं भोजनालय,places,en,355,25.38268305,82.90709749999999,25.3832583,82.9044397,0,vns,Varanasi,2026-09-01T02:50:12.671996Z
ChIJo382wZsvjjkRr-JDXkXQNBU,Munil Milk Bhandar,places,en,356,25.34496055,83.0067316,25.346697499999998,83.00731359999999,0,vns,Varanasi,2026-09-01T02:50:13.018676Z
ChIJsaeyXBzTjzkR-oIDxz-uuOM,KESARI RESTAURANT,places,en,358,25.3530491,82.8761645,25.352719699999998,82.8781916,0,vns,Varanasi,2026-09-01T02:50:13.719647Z
ChIJBw5USADLjzkRNPq2QjDRPT0,गुरु फास्ट फूड,places,en,361,25.1918098,82.83850095,25.192383099999997,82.8384957,0,vns,Varanasi,2026-09-01T02:50:14.770372Z
ChIJncFfkuTLjzkRh712ManhtSE,Shree Ram Sweets,places,en,361,25.1918098,82.83850095,25.1926901,82.83780700000001,0,vns,Varanasi,2026-09-01T02:50:14.770417Z
ChIJXQ055e3LjzkRAstXZ2VDgBg,Bajarang Sweet House,places,en,361,25.1918098,82.83850095,25.192693799999997,82.8377734,0,vns,Varanasi,2026-09-01T02:50:14.770428Z
ChIJ3UdPRNfVjzkRETbFzuGoTLY,Baba Chat,places,en,365,25.45069955,82.82525254999999,25.4511829,82.8254393,0,vns,Varanasi,2026-09-01T02:50:16.175727Z
ChIJ578GSdfVjzkR4lYldOVUZhw,लकी फास्ट फूड,places,en,365,25.45069955,82.82525254999999,25.450843600000002,82.8258713,0,vns,Varanasi,2026-09-01T02:50:16.175767Z
ChIJcS66oY_XjzkRpWK7xzA54qU,Manoj Chicken Fast Food,places,en,365,25.45069955,82.82525254999999,25.4505235,82.82649479999999,0,vns,Varanasi,2026-09-01T02:50:16.175779Z
ChIJI3Q5e9fVjzkRktni7Gq-SpM,हैदराबादी बिरयानी कार्नर,places,en,365,25.45069955,82.82525254999999,25.4515781,82.8242877,0,vns,Varanasi,2026-09-01T02:50:16.175788Z
ChIJJbdA5MXVjzkR1BiSNnFgr2E,Mahesh Chaat Corner,places,en,365,25.45069955,82.82525254999999,25.4503132,82.8270908,0,vns,Varanasi,2026-09-01T02:50:16.175797Z
ChIJsWbm24zVjzkR9LIBqAuK_ho,Shri becars and fast food corner,places,en,365,25.45069955,82.82525254999999,25.4495438,82.8278521,0,vns,Varanasi,2026-09-01T02:50:16.175806Z
ChIJ6Y0JCXYujjkR6WOBec49h5s,Dinesh Chat Bhandar and fast food corner,places,en,367,25.337206350000002,82.9931479,25.3377679,82.9956888,0,vns,Varanasi,2026-09-01T02:50:16.937495Z
ChIJJ8J1h3YujjkRwPuuQrJHDD0,Gupta Ji Burger Corner,places,en,367,25.337206350000002,82.9931479,25.3371209,82.99581739999999,0,vns,Varanasi,2026-09-01T02:50:16.937540Z
ChIJGS61A4wvjjkR6eYvIsVQoV0,Hukulganj Trimuhani,places,en,367,25.337206350000002,82.9931479,25.3374679,82.9960784,0,vns,Varanasi,2026-09-01T02:50:16.937551Z
ChIJIy2NiRovjjkR9XQ0-JGv4fg,Shubham roll and biryani corner,places,en,368,25.3382104,82.9939614,25.338658799999997,82.9962975,0,vns,Varanasi,2026-09-01T02:50:17.278691Z
ChIJd9B6YXYujjkR45I-raJ2EM0,Bawarchi Restaurant,places,en,368,25.3382104,82.9939614,25.338001,82.99634499999999,0,vns,Varanasi,2026-09-01T02:50:17.278732Z
ChIJpZ1MPAAvjjkRO4VQIMnl7F8,Delhi spyci chinese,places,en,368,25.3382104,82.9939614,25.337308399999998,82.9963542,0,vns,Varanasi,2026-09-01T02:50:17.278744Z
ChIJWXH0nIUvjjkRRJ3Up0ZIaA0,Rahman Momo Corner,places,en,368,25.3382104,82.9939614,25.3376773,82.9965397,0,vns,Varanasi,2026-09-01T02:50:17.278753Z
ChIJSxBf1znTjzkRwNDbF6-FFa8,Shree Krishna Sweet House,places,en,369,25.30230985,82.84241635000001,25.3004358,82.84368599999999,0,vns,Varanasi,2026-09-01T02:50:17.611900Z
ChIJo0mu5h7NjzkR18QaQ_-e6JU,Krishdh Dev Manchurian Rice,places,en,370,25.29469855,82.84390859999999,25.2924514,82.843868,0,vns,Varanasi,2026-09-01T02:50:18.033260Z
ChIJRdpY4QcujjkRZxiayVu87bo,NAWAB CHICKEN SHOP,places,en,371,25.31840285,82.9939994,25.3185133,82.994177,0,vns,Varanasi,2026-09-01T02:50:18.439075Z
ChIJPZQvVgAvjjkRsi24AkHkwz4,Waris Hotel Kabab Paratha Chicken Chilli,places,en,371,25.31840285,82.9939994,25.3185334,82.99355949999999,0,vns,Varanasi,2026-09-01T02:50:18.439115Z
ChIJlSAEGmgvjjkRKVd6B_j5NAg,Khaja Garib Nawaz Hotel,places,en,371,25.31840285,82.9939994,25.3178496,82.99431799999999,0,vns,Varanasi,2026-09-01T02:50:18.439126Z
ChIJPZMHOzcvjjkRxK2mQYmY2Kk,KGN ROLL CORNER,places,en,371,25.31840285,82.9939994,25.3175745,82.99327670000001,0,vns,Varanasi,2026-09-01T02:50:18.439137Z
ChIJ5xW79e0vjjkRhbmvWfqnPyg,Cake shop,places,en,371,25.31840285,82.9939994,25.3173806,82.99350419999999,0,vns,Varanasi,2026-09-01T02:50:18.439149Z
ChIJPVRIenYvjjkRCFkxqi6NPGI,Rajesh Shop,places,en,371,25.31840285,82.9939994,25.3168005,82.9943363,0,vns,Varanasi,2026-09-01T02:50:18.439159Z
ChIJjfYodFgvjjkRrO04GDY0pdU,Anas Tea Stall,places,en,371,25.31840285,82.9939994,25.3181571,82.9958497,0,vns,Varanasi,2026-09-01T02:50:18.439169Z
ChIJj-Z3FwAvjjkR9qg93WLD1Ao,Farm Fresh Chicken,places,en,371,25.31840285,82.9939994,25.3176566,82.9957603,0,vns,Varanasi,2026-09-01T02:50:18.439176Z
ChIJd9XkKAAtjjkRt_9fxZqSo5M,S. K Roll Corner,places,en,371,25.31840285,82.9939994,25.3173021,82.992222,0,vns,Varanasi,2026-09-01T02:50:18.439184Z
ChIJTfX44IgtjjkR9s1HuJbtr5s,cafe & resturant,places,en,371,25.31840285,82.9939994,25.317302899999998,82.99219339999999,0,vns,Varanasi,2026-09-01T02:50:18.439191Z
ChIJd2CJU_ItjjkRPElE3Tw40XE,RRD Restaurant,places,en,371,25.31840285,82.9939994,25.3173006,82.9921821,0,vns,Varanasi,2026-09-01T02:50:18.439199Z
ChIJdWAS6vItjjkRK3PD1CV3tNI,Ankit Kushwaha,places,en,371,25.31840285,82.9939994,25.3183889,82.9916712,0,vns,Varanasi,2026-09-01T02:50:18.439206Z
ChIJZ9EpNv0tjjkRfuRv5rNASPQ,THE 3RD FLOOR PROJECT,places,en,371,25.31840285,82.9939994,25.318435599999997,82.9916512,0,vns,Varanasi,2026-09-01T02:50:18.439213Z
ChIJl9y0Nf0tjjkRj78w1rSQ0hk,VNS LIVE STUDIO,places,en,371,25.31840285,82.9939994,25.318514399999998,82.9916122,0,vns,Varanasi,2026-09-01T02:50:18.439221Z
ChIJ4aY_CAAtjjkRdKrgvd3mhtE,Roll Gully,places,en,371,25.31840285,82.9939994,25.318374799999997,82.9915857,0,vns,Varanasi,2026-09-01T02:50:18.439230Z
ChIJKVQvy-ItjjkR8qNjOUxrXK8,Sands Of Kashi By Coral Group,places,en,371,25.31840285,82.9939994,25.3186519,82.9915453,0,vns,Varanasi,2026-09-01T02:50:18.439238Z
ChIJQ6HJI0EtjjkR5N2fujywOL0,Masala Mist,places,en,371,25.31840285,82.9939994,25.318679099999997,82.9914422,0,vns,Varanasi,2026-09-01T02:50:18.439246Z
ChIJlfcb8ZsvjjkR2cMK1XNJNtw,Guddu Chiken Shop,places,en,371,25.31840285,82.9939994,25.3170851,82.9962779,0,vns,Varanasi,2026-09-01T02:50:18.439259Z
ChIJYdYCRwgujjkR71IOnCFONpA,SPICY BURGER,places,en,371,25.31840285,82.9939994,25.320821,82.9946621,0,vns,Varanasi,2026-09-01T02:50:18.439267Z
ChIJqetdGX4tjjkRpScpSwu_e8k,Tinku Rupeja,places,en,371,25.31840285,82.9939994,25.3174125,82.99129239999999,0,vns,Varanasi,2026-09-01T02:50:18.439274Z
ChIJn6cVq1otjjkRW8sQhUk_yvk,Hotel Abhinav International,places,en,375,25.3186878,82.98724805,25.3189134,82.9877396,0,vns,Varanasi,2026-09-01T02:50:19.845003Z
ChIJod2ATgAtjjkRK-dwqi-1tO4,UFF MOMOS,places,en,375,25.3186878,82.98724805,25.3192417,82.98710899999999,0,vns,Varanasi,2026-09-01T02:50:19.845045Z
ChIJ1zQ-6z0tjjkReIy3dBNw-qs,Swad Deshi Restaurant,places,en,375,25.3186878,82.98724805,25.3188531,82.98789219999999,0,vns,Varanasi,2026-09-01T02:50:19.845057Z
ChIJZS_jWW4tjjkR7_iKiUdwT04,Hotel Kashi Crown,places,en,375,25.3186878,82.98724805,25.3190137,82.98804679999999,0,vns,Varanasi,2026-09-01T02:50:19.845066Z
ChIJ16y8MwAtjjkRZYd7kA_TR8U,K K food corner,places,en,375,25.3186878,82.98724805,25.3197776,82.9872237,0,vns,Varanasi,2026-09-01T02:50:19.845073Z
ChIJ4fWmCgAtjjkRTvE2weRGhlI,Rajasthani Zaika,places,en,375,25.3186878,82.98724805,25.3196299,82.9878992,0,vns,Varanasi,2026-09-01T02:50:19.845080Z
ChIJ4Uj8pnItjjkRRrCwxYzCqj0,Andhra Biryani House,places,en,375,25.3186878,82.98724805,25.3177749,82.987993,0,vns,Varanasi,2026-09-01T02:50:19.845088Z
ChIJF3x0718tjjkRnkcY21jRZtA,AUNTY'S KITCHEN,places,en,375,25.3186878,82.98724805,25.319837099999997,82.9877745,0,vns,Varanasi,2026-09-01T02:50:19.845094Z
ChIJX3TTKKwtjjkROdBnt_CoHa8,Green on Cloud,places,en,375,25.3186878,82.98724805,25.3174158,82.9872567,0,vns,Varanasi,2026-09-01T02:50:19.845102Z
ChIJOYv3NeItjjkRdjDZt7BLbZg,Bhairo Vadapav,places,en,375,25.3186878,82.98724805,25.3178272,82.9885293,0,vns,Varanasi,2026-09-01T02:50:19.845109Z
ChIJieZeOXgtjjkRNiNQMejNMDw,Govind,places,en,375,25.3186878,82.98724805,25.3181668,82.98538409999999,0,vns,Varanasi,2026-09-01T02:50:19.845116Z
ChIJG5LwK_MtjjkRMZRYWPXcBgc,K A F U S A,places,en,375,25.3186878,82.98724805,25.318232599999998,82.9892314,0,vns,Varanasi,2026-09-01T02:50:19.845123Z
ChIJt0OQKe8tjjkRQ6QzHh9RjVQ,Babulal Misthan Bhandar,places,en,375,25.3186878,82.98724805,25.3195774,82.9895353,0,vns,Varanasi,2026-09-01T02:50:19.845130Z
ChIJk4oh45QtjjkRAZsfAoZ1U8M,Mini canteen,places,en,375,25.3186878,82.98724805,25.3179049,82.9897774,0,vns,Varanasi,2026-09-01T02:50:19.845138Z
ChIJHaegBQAtjjkR8bPM1nchWv8,Kashi Ka Tadka,places,en,375,25.3186878,82.98724805,25.316359199999997,82.9882045,0,vns,Varanasi,2026-09-01T02:50:19.845145Z
ChIJaab4NY4tjjkRFiU4QaiSolc,Hotel SJR,places,en,375,25.3186878,82.98724805,25.3163656,82.9882882,0,vns,Varanasi,2026-09-01T02:50:19.845152Z
ChIJSZxl13ctjjkRwN6GSvsbGGE,Nothing Before Coffee - Guru Nanak Complex,places,en,375,25.3186878,82.98724805,25.318808999999998,82.99005799999999,0,vns,Varanasi,2026-09-01T02:50:19.845159Z
ChIJ0Y3nIBMtjjkRNzgblafZ3sA,Everest Food,places,en,375,25.3186878,82.98724805,25.321247099999997,82.9878067,0,vns,Varanasi,2026-09-01T02:50:19.845167Z
ChIJcfJw2fktjjkRjEuS6Z2RAek,Khadak singh da dhaba,places,en,375,25.3186878,82.98724805,25.3185929,82.99015870000001,0,vns,Varanasi,2026-09-01T02:50:19.845175Z
ChIJa8TDbWotjjkRMAuNLyT-M6o,Pizza Galleria Varanasi,places,en,375,25.3186878,82.98724805,25.3185824,82.99019450000002,0,vns,Varanasi,2026-09-01T02:50:19.845182Z
ChIJrUJcWDMvjjkRDDPOkzRYa6E,Pitambari Kafan Shop,places,en,376,25.31982465,83.00316434999999,25.3201348,83.0026592,0,vns,Varanasi,2026-09-01T02:50:20.193851Z
ChIJ-5MdycUvjjkR1crTBk4jedE,Snacks Delights,places,en,376,25.31982465,83.00316434999999,25.3208335,83.0028925,0,vns,Varanasi,2026-09-01T02:50:20.193897Z
ChIJbzTjTdUvjjkRPMl6MGsyd7A,Falahari - Vrat & Upwas and Pure Veg No Onion No garlic Homely Food,places,en,376,25.31982465,83.00316434999999,25.320943099999997,83.00171379999999,0,vns,Varanasi,2026-09-01T02:50:20.193908Z
ChIJWa2edmMvjjkROqE5SlDx1Fo,The Non veg Adda family restaurant & roll corner,places,en,376,25.31982465,83.00316434999999,25.318621999999998,83.0017694,0,vns,Varanasi,2026-09-01T02:50:20.193918Z
ChIJbQBZJwovjjkRVgYaYCUAJC8,Maa Vaishno Cafe,places,en,376,25.31982465,83.00316434999999,25.3184884,83.00186479999999,0,vns,Varanasi,2026-09-01T02:50:20.193927Z
ChIJg8_YbwUujjkRSEfFtjqAHnQ,Shri Maa Vaishno Sweets,places,en,376,25.31982465,83.00316434999999,25.3183749,83.00190409999999,0,vns,Varanasi,2026-09-01T02:50:20.193934Z
ChIJTwCpKtcvjjkRIVeeIt5poy8,Raja Hing kachaudi,places,en,376,25.31982465,83.00316434999999,25.319316099999998,83.0011291,0,vns,Varanasi,2026-09-01T02:50:20.193942Z
ChIJ473qVS0vjjkRFWrDHgjkGT8,Mahendra Gupta,places,en,376,25.31982465,83.00316434999999,25.319167099999998,83.00115129999999,0,vns,Varanasi,2026-09-01T02:50:20.193949Z
ChIJmQbUDOQvjjkRA-V5V49T8Dw,ALFA CHICKEN.IN online varanasi chicken,places,en,376,25.31982465,83.00316434999999,25.317902200000002,83.00243379999999,0,vns,Varanasi,2026-09-01T02:50:20.193957Z
ChIJ4XSgWZ8vjjkRvDyTfQCvBmU,Bistro B2,places,en,376,25.31982465,83.00316434999999,25.3197396,83.0008769,0,vns,Varanasi,2026-09-01T02:50:20.193964Z
ChIJm9AyaHQvjjkRYAb7ctU6rRY,Basant Bahar Delight,places,en,376,25.31982465,83.00316434999999,25.3197441,83.00086639999999,0,vns,Varanasi,2026-09-01T02:50:20.193971Z
ChIJJ9L9ew8ujjkRCOx1PdS_0Zo,Rajesh Sweets,places,en,376,25.31982465,83.00316434999999,25.3195318,83.0008762,0,vns,Varanasi,2026-09-01T02:50:20.193978Z
ChIJ076wbL8vjjkRnJ1DOacqiRo,Nandu Biriyani And Chicken,places,en,376,25.31982465,83.00316434999999,25.3178935,83.00199239999999,0,vns,Varanasi,2026-09-01T02:50:20.193985Z
ChIJ9fOHBAAvjjkRo5pncxr52f0,Jain Food Corner,places,en,376,25.31982465,83.00316434999999,25.320507199999998,83.0055622,0,vns,Varanasi,2026-09-01T02:50:20.193992Z
ChIJ105EtYMvjjkRwKS3hFmscXo,Janta Fast Food,places,en,376,25.31982465,83.00316434999999,25.3179092,83.00471809999999,0,vns,Varanasi,2026-09-01T02:50:20.193998Z
ChIJITsZPgUujjkR990Ic2WvtCA,MAA LAXMI POOJA GHAR,places,en,376,25.31982465,83.00316434999999,25.317457599999997,83.0026387,0,vns,Varanasi,2026-09-01T02:50:20.194006Z
ChIJ1TeMaJgvjjkRcMfdsxPYiBY,Shree Lunchbox,places,en,376,25.31982465,83.00316434999999,25.321736299999998,83.00152489999999,0,vns,Varanasi,2026-09-01T02:50:20.194013Z
ChIJXyP-EwUujjkRfseNFuCrNhA,Shree Sai Sagar,places,en,376,25.31982465,83.00316434999999,25.317468899999998,83.00236509999999,0,vns,Varanasi,2026-09-01T02:50:20.194021Z
ChIJKxNWqZIvjjkRnfKGArB5ZAg,Divyansh Chicken Fry,places,en,376,25.31982465,83.00316434999999,25.317476799999998,83.0022705,0,vns,Varanasi,2026-09-01T02:50:20.194027Z
ChIJx_H9HOAvjjkRm7cqPN1YT1k,Deshi Chicken Hub,places,en,376,25.31982465,83.00316434999999,25.3174491,83.00232659999999,0,vns,Varanasi,2026-09-01T02:50:20.194034Z
ChIJDTHWF6AxjjkRJNYrVOe9zaU,Kuldeep Chat Bhandar,places,en,377,25.2470589,83.05289185000001,25.2449279,83.0527501,0,vns,Varanasi,2026-09-01T02:50:20.626753Z
ChIJP9RWAcMvjjkRisIoQuENd84,Mohammad Hasnain Mobile Shop,places,en,378,25.3292535,83.003144,25.331033299999998,83.0053554,0,vns,Varanasi,2026-09-01T02:50:21.060527Z
ChIJfyv2Mf8zjjkR0_dIRcl177M,RR PIZZA CORNER,places,en,379,25.292334099999998,82.97766435,25.2904257,82.9788142,0,vns,Varanasi,2026-09-01T02:50:21.391900Z
ChIJTzPR_w0yjjkR5hOjCT8JpoA,Ghanshyam Cooking,places,en,379,25.292334099999998,82.97766435,25.294624,82.9770222,0,vns,Varanasi,2026-09-01T02:50:21.391930Z
ChIJedYfaQAzjjkRGQW_2VZNRQo,Varanasi Uttar Pradesh,places,en,379,25.292334099999998,82.97766435,25.2929237,82.9803026,0,vns,Varanasi,2026-09-01T02:50:21.391937Z
ChIJBYeq6-gzjjkRS4CNesVBDFE,ZZ PIZZA CORNER,places,en,379,25.292334099999998,82.97766435,25.291202,82.9802481,0,vns,Varanasi,2026-09-01T02:50:21.391941Z
ChIJkVn-1X_TjzkRn8M2CoHOHHE,Kashi Food Resturant,places,en,380,25.32349495,82.82677465,25.323412899999997,82.82554929999999,0,vns,Varanasi,2026-09-01T02:50:21.724439Z
ChIJAZY9CgEvjjkRccHu4lRVyFk,Sweet Roll Pvt Ltd,places,en,381,25.3407004,83.00442035,25.339123599999997,83.0067619,0,vns,Varanasi,2026-09-01T02:50:22.108245Z
ChIJ4xCxwBMvjjkRtt3skf5z0Ro,"Om Guest House||Best & Top Guest House, Best Budget Guest House, Top Family Guest House in Varanasi",places,en,382,25.32669485,83.01025634999999,25.3265532,83.0108114,0,vns,Varanasi,2026-09-01T02:50:22.445078Z
ChIJjzHGcjUvjjkRYUed8jvsjiI,Little Cafe,places,en,382,25.32669485,83.01025634999999,25.3267204,83.01138949999999,0,vns,Varanasi,2026-09-01T02:50:22.445112Z
ChIJWWLjEEwvjjkR4CNH5E_OY94,Silk Saree,places,en,382,25.32669485,83.01025634999999,25.325830900000003,83.01094479999999,0,vns,Varanasi,2026-09-01T02:50:22.445119Z
ChIJrcu3Lw0vjjkRSBfQlYNYlTY,VINAY DANA WALE,places,en,382,25.32669485,83.01025634999999,25.3255134,83.0093626,0,vns,Varanasi,2026-09-01T02:50:22.445125Z
ChIJ_9baefMvjjkRMXs4gk-MUfE,MOMOS MAGIC,places,en,382,25.32669485,83.01025634999999,25.3255134,83.0093626,0,vns,Varanasi,2026-09-01T02:50:22.445130Z
ChIJjx0WJGYvjjkR2mAsew3H370,Sitaram Sweets,places,en,382,25.32669485,83.01025634999999,25.325432,83.00927999999999,0,vns,Varanasi,2026-09-01T02:50:22.445134Z
ChIJcT4CE4IvjjkRSTrcOVM_5Fg,Suraj,places,en,382,25.32669485,83.01025634999999,25.325427599999998,83.0092803,0,vns,Varanasi,2026-09-01T02:50:22.445139Z
ChIJ63yeLqQvjjkRfJbGRy6VZMc,Shiva Pandey,places,en,382,25.32669485,83.01025634999999,25.325427599999998,83.0092803,0,vns,Varanasi,2026-09-01T02:50:22.445143Z
ChIJA8_mdNkvjjkRWnEqVODah9A,Manju Tiffin centre,places,en,382,25.32669485,83.01025634999999,25.325427599999998,83.0092803,0,vns,Varanasi,2026-09-01T02:50:22.445147Z
ChIJ14vUuw0vjjkRhkPm72hKWBs,GOPAL LASSI,places,en,382,25.32669485,83.01025634999999,25.325427599999998,83.0092803,0,vns,Varanasi,2026-09-01T02:50:22.445152Z
ChIJnQ0VEQAvjjkR6VOGC3Hb_Vs,Arun Kumar,places,en,382,25.32669485,83.01025634999999,25.325427599999998,83.0092803,0,vns,Varanasi,2026-09-01T02:50:22.445156Z
ChIJ-_TQDbovjjkRPi9K6chtpHY,Ramzani chicken fry corner,places,en,382,25.32669485,83.01025634999999,25.325427599999998,83.0092803,0,vns,Varanasi,2026-09-01T02:50:22.445160Z
ChIJM0h2kFIvjjkRXnKTmgQ6RR8,Varanasi dream chat corner,places,en,382,25.32669485,83.01025634999999,25.325427599999998,83.0092803,0,vns,Varanasi,2026-09-01T02:50:22.445165Z
ChIJmRGUz2EvjjkRO2Wx0L18Oa4,Bachchu Chhola Bhandar,places,en,382,25.32669485,83.01025634999999,25.3254272,83.00927999999999,0,vns,Varanasi,2026-09-01T02:50:22.445170Z
ChIJWcAUMWwvjjkRCw1BJxDTZL4,Kamlesh Sweets,places,en,382,25.32669485,83.01025634999999,25.3254272,83.00927999999999,0,vns,Varanasi,2026-09-01T02:50:22.445174Z
ChIJd-NGpjovjjkResduhKRvBFM,Ujala Sweet,places,en,382,25.32669485,83.01025634999999,25.3254272,83.00927999999999,0,vns,Varanasi,2026-09-01T02:50:22.445178Z
ChIJ74JFfC4vjjkR61ePC28FcD8,APPLE PIZZA,places,en,382,25.32669485,83.01025634999999,25.3270327,83.0074856,0,vns,Varanasi,2026-09-01T02:50:22.445183Z
ChIJk6m2cH8zjjkRn-b8P2PfNOc,Tandoor Factory Restaurant,places,en,384,25.26153675,82.9660402,25.2611645,82.96614,0,vns,Varanasi,2026-09-01T02:50:23.156849Z
ChIJc4MNuzozjjkRMIz9xhyFpMY,Desi Hut,places,en,384,25.26153675,82.9660402,25.261582999999998,82.9668949,0,vns,Varanasi,2026-09-01T02:50:23.156883Z
ChIJicJSQmUzjjkRl8Fj729tDcE,PizzaGhar,places,en,384,25.26153675,82.9660402,25.261388999999998,82.9678698,0,vns,Varanasi,2026-09-01T02:50:23.156889Z
ChIJHVLynjYzjjkRtMFNwrayqtE,DAYAL SWEETS,places,en,384,25.26153675,82.9660402,25.2617104,82.9641121,0,vns,Varanasi,2026-09-01T02:50:23.156896Z
ChIJ78ZBTKgzjjkR-ONjt2uMvAo,Famous Fast Food,places,en,384,25.26153675,82.9660402,25.261382899999997,82.9637868,0,vns,Varanasi,2026-09-01T02:50:23.156904Z
ChIJmZlgWvYzjjkRjtjRAQSCpWk,कलात्मिका संगीतालय,places,en,384,25.26153675,82.9660402,25.261356799999998,82.9635978,0,vns,Varanasi,2026-09-01T02:50:23.156908Z
ChIJ8WUtA00yjjkReZGoxvRMehU,गंगा स्वीट्स हाऊस,places,en,384,25.26153675,82.9660402,25.260617399999997,82.9633903,0,vns,Varanasi,2026-09-01T02:50:23.156912Z
ChIJoRRYLbAzjjkRUAGTfZHwzZM,Kesharwani Sweets,places,en,384,25.26153675,82.9660402,25.2602855,82.96355510000001,0,vns,Varanasi,2026-09-01T02:50:23.156915Z
ChIJE3va5vcvjjkRzOrSzDap0lo,Banarasi Egg Corner,places,en,385,25.36553065,83.02257915,25.367144099999997,83.0211695,0,vns,Varanasi,2026-09-01T02:50:23.482651Z
ChIJkfPAdNQvjjkR8b1fL5FIflE,Chef food factory,places,en,385,25.36553065,83.02257915,25.3669688,83.02092809999999,0,vns,Varanasi,2026-09-01T02:50:23.482679Z
ChIJs1x3KgAvjjkRL0PpiZM_fkk,Madhur fast food & juice corner,places,en,385,25.36553065,83.02257915,25.36619,83.0200191,0,vns,Varanasi,2026-09-01T02:50:23.482682Z
ChIJ_yGBHfIujjkRAAAAMDsprko,Sweet Juice & shakes,places,en,385,25.36553065,83.02257915,25.3662592,83.02001279999999,0,vns,Varanasi,2026-09-01T02:50:23.482686Z
ChIJFckMPi0vjjkR4ibFxfTuuug,Gagan Fast Food,places,en,385,25.36553065,83.02257915,25.366975399999998,83.0204117,0,vns,Varanasi,2026-09-01T02:50:23.482690Z
ChIJJa40qesvjjkRWOYgSTZ9wt4,K N Cafe,places,en,385,25.36553065,83.02257915,25.3679927,83.0222417,0,vns,Varanasi,2026-09-01T02:50:23.482692Z
ChIJ_Y-WN_QujjkRnlzAFpTM77E,Sarnath Cafe,places,en,385,25.36553065,83.02257915,25.3660635,83.01976289999999,0,vns,Varanasi,2026-09-01T02:50:23.482695Z
ChIJpypkIvIujjkRmLEymBtG1wo,Hotel Samrat,places,en,385,25.36553065,83.02257915,25.3656343,83.0196617,0,vns,Varanasi,2026-09-01T02:50:23.482699Z
ChIJ-3drPdEzjjkRh3lodYhtGDc,Food Junction,places,en,386,25.2618972,82.95770099999999,25.2626171,82.9582444,0,vns,Varanasi,2026-09-01T02:50:23.816702Z
ChIJVep_PgAzjjkRf4XOrzmXh3w,Munna Bhai Fast Food,places,en,386,25.2618972,82.95770099999999,25.2627177,82.9584993,0,vns,Varanasi,2026-09-01T02:50:23.816734Z
ChIJWUBHGwAzjjkRXKmHB1qy7cQ,Hygienic fast food corner,places,en,386,25.2618972,82.95770099999999,25.2607735,82.95789780000001,0,vns,Varanasi,2026-09-01T02:50:23.816739Z
ChIJV49v8iPNjzkRl-UCLm_49M0,Library TARGET SELF STUDY HOUSE,places,en,386,25.2618972,82.95770099999999,25.263004499999997,82.9581657,0,vns,Varanasi,2026-09-01T02:50:23.816743Z
ChIJ02zUawgzjjkRZwvCPrJZigw,Munna Lal,places,en,386,25.2618972,82.95770099999999,25.262685599999998,82.9587913,0,vns,Varanasi,2026-09-01T02:50:23.816748Z
ChIJXYu0QGQzjjkRNe4TArk-1PY,Virendra paneer,places,en,386,25.2618972,82.95770099999999,25.259931299999998,82.9580197,0,vns,Varanasi,2026-09-01T02:50:23.816752Z
ChIJgfrDKlIyjjkR8qBKWNYgvkM,King Roll Corner,places,en,386,25.2618972,82.95770099999999,25.2638586,82.9584477,0,vns,Varanasi,2026-09-01T02:50:23.816756Z
ChIJcXXHg1EyjjkRFK-Fm1O9FFQ,Mahadev Fast Food & Egg Supplier,places,en,386,25.2618972,82.95770099999999,25.264495999999998,82.9583715,0,vns,Varanasi,2026-09-01T02:50:23.816760Z
ChIJmYIbHQAvjjkRHPYIav3Di9o,Laxmi Bhojnalaya,places,en,387,25.316431950000002,83.01894765,25.3157158,83.0189781,0,vns,Varanasi,2026-09-01T02:50:24.207147Z
ChIJ_1oyHfovjjkRej4qTMhb6po,Narayan Agrawal,places,en,387,25.316431950000002,83.01894765,25.3163277,83.0179068,0,vns,Varanasi,2026-09-01T02:50:24.207187Z
ChIJNx_J9OUvjjkRqqVr_-sNirA,Chatpate Banarasi - cloud kitchen,places,en,387,25.316431950000002,83.01894765,25.317447200000004,83.01932269999999,0,vns,Varanasi,2026-09-01T02:50:24.207193Z
ChIJoXWQb0IvjjkRbhxwMafukOk,Swad gharana,places,en,387,25.316431950000002,83.01894765,25.3178505,83.0192204,0,vns,Varanasi,2026-09-01T02:50:24.207198Z
ChIJvwnWDAAvjjkRdO7C__VpGQE,Dhanushkoti,places,en,387,25.316431950000002,83.01894765,25.3178146,83.0194286,0,vns,Varanasi,2026-09-01T02:50:24.207206Z
ChIJrVU9DgAvjjkR8NuN8LW-emY,Delicious momo corner,places,en,387,25.316431950000002,83.01894765,25.3158037,83.0172138,0,vns,Varanasi,2026-09-01T02:50:24.207211Z
ChIJJ4RRYeovjjkRHHFfBq7i8T8,Guru Prasad Baby Yadav,places,en,387,25.316431950000002,83.01894765,25.31778,83.01747329999999,0,vns,Varanasi,2026-09-01T02:50:24.207215Z
ChIJEbehU_kvjjkRUM4_j3YF67c,Daya Shankar Famous Kachori,places,en,387,25.316431950000002,83.01894765,25.315584700000002,83.0170334,0,vns,Varanasi,2026-09-01T02:50:24.207219Z
ChIJ3eteWAAvjjkRkxNQFMtqeOQ,Shree kunj fast food,places,en,387,25.316431950000002,83.01894765,25.3164314,83.01625960000001,0,vns,Varanasi,2026-09-01T02:50:24.207230Z
ChIJewYLFzYvjjkR6yz9p15vEK8,The chhole kulche,places,en,387,25.316431950000002,83.01894765,25.3179852,83.0167288,0,vns,Varanasi,2026-09-01T02:50:24.207235Z
ChIJIUAUPQAvjjkRZOVngoiqUKo,Pizza Wik Cafe,places,en,387,25.316431950000002,83.01894765,25.317111099999998,83.0162151,0,vns,Varanasi,2026-09-01T02:50:24.207239Z
ChIJgayMSwgvjjkRTtTXLS7YxYE,Vicky momo corner,places,en,387,25.316431950000002,83.01894765,25.3186111,83.01741059999999,0,vns,Varanasi,2026-09-01T02:50:24.207243Z
ChIJIQAdBAAvjjkRcym5nqXGAL0,Jatanbar,places,en,387,25.316431950000002,83.01894765,25.3186066,83.0173428,0,vns,Varanasi,2026-09-01T02:50:24.207247Z
ChIJe0beX-ozjjkRBZT6uO9AUCI,Hanuman Dhaba,places,en,388,25.298730499999998,82.97010785,25.2988145,82.9698356,0,vns,Varanasi,2026-09-01T02:50:24.569401Z
ChIJCxRsb3MyjjkRxA64yE77HWs,Rajarshi Rasoi Pure Veg Restaurant,places,en,388,25.298730499999998,82.97010785,25.299058799999997,82.9698085,0,vns,Varanasi,2026-09-01T02:50:24.569445Z
ChIJC2uR-HItjjkRsJCvsXoJ5yA,Banaras Bhojnalaya and Reastaurant,places,en,388,25.298730499999998,82.97010785,25.299049,82.9697693,0,vns,Varanasi,2026-09-01T02:50:24.569456Z
ChIJXU6gdQAzjjkRh8FxcJsL4ic,DLW Road manduadih varanasi,places,en,388,25.298730499999998,82.97010785,25.2990919,82.9697589,0,vns,Varanasi,2026-09-01T02:50:24.569464Z
ChIJO0BOQLAzjjkRQJiMIBJ13v0,Maa Annapurna Bhojanalay,places,en,388,25.298730499999998,82.97010785,25.2990408,82.96965689999999,0,vns,Varanasi,2026-09-01T02:50:24.569472Z
ChIJsUZMTeUzjjkRqnz8HMM75qg,Homemade Idli Center,places,en,388,25.298730499999998,82.97010785,25.2991015,82.97078169999999,0,vns,Varanasi,2026-09-01T02:50:24.569480Z
ChIJLbhWZskzjjkR6OSmddaSzNw,Sawariya Restaurant,places,en,388,25.298730499999998,82.97010785,25.2991015,82.97078169999999,0,vns,Varanasi,2026-09-01T02:50:24.569488Z
ChIJ0Ys2LgAzjjkReXT4GqDXbeo,Arti Enterprises,places,en,388,25.298730499999998,82.97010785,25.2992782,82.97122739999999,0,vns,Varanasi,2026-09-01T02:50:24.569496Z
ChIJl_HdQZQzjjkR34ZMMN8CVcQ,Arush Food ADDA,places,en,388,25.298730499999998,82.97010785,25.2977627,82.9692579,0,vns,Varanasi,2026-09-01T02:50:24.569504Z
ChIJBRlaMgAzjjkRD4D4BTbiFc8,Kashi Rasoi Express,places,en,388,25.298730499999998,82.97010785,25.297457299999998,82.97017629999999,0,vns,Varanasi,2026-09-01T02:50:24.569512Z
ChIJWYYDL0czjjkRC-GO-x2u-lw,JAISWAL FAST AND FOOD,places,en,388,25.298730499999998,82.97010785,25.2973639,82.9702131,0,vns,Varanasi,2026-09-01T02:50:24.569520Z
ChIJU-XY58YzjjkRa_c4_IRYiXs,Spoon n fork restaurant,places,en,388,25.298730499999998,82.97010785,25.3000661,82.96940090000001,0,vns,Varanasi,2026-09-01T02:50:24.569528Z
ChIJ6yAV714zjjkR1tUmyL19WE0,Damruwala Veg Restaurant,places,en,388,25.298730499999998,82.97010785,25.297758299999998,82.9686779,0,vns,Varanasi,2026-09-01T02:50:24.569535Z
ChIJFdtpScQzjjkREUSx-LofKqs,Apna Brand Fast Food,places,en,388,25.298730499999998,82.97010785,25.3003851,82.9706279,0,vns,Varanasi,2026-09-01T02:50:24.569543Z
ChIJ4wJHAbszjjkRKgxORwkEfTE,M/S R.K.food Product,places,en,388,25.298730499999998,82.97010785,25.298513999999997,82.9720248,0,vns,Varanasi,2026-09-01T02:50:24.569551Z
ChIJvZmnhnQyjjkRPvkcKCdMRNs,Ek Rang Manch Corner,places,en,388,25.298730499999998,82.97010785,25.300421500000002,82.96931409999999,0,vns,Varanasi,2026-09-01T02:50:24.569558Z
ChIJhyz2G0YzjjkRQZx2nQrkMsU,Chilly Capital,places,en,388,25.298730499999998,82.97010785,25.2967116,82.9702202,0,vns,Varanasi,2026-09-01T02:50:24.569566Z
ChIJPY5pIaczjjkR07CKKqfzsOg,"Domino's Pizza | Manduadih,, Varanasi",places,en,388,25.298730499999998,82.97010785,25.3006498,82.9693202,0,vns,Varanasi,2026-09-01T02:50:24.569574Z
ChIJ63pZSmgyjjkR5u8D-rp8WMw,Hotel Four Element,places,en,388,25.298730499999998,82.97010785,25.2966546,82.9699389,0,vns,Varanasi,2026-09-01T02:50:24.569581Z
ChIJqYyhd7czjjkR5vdOY6X0wWk,the aqua restaurant,places,en,388,25.298730499999998,82.97010785,25.296606399999998,82.969965,0,vns,Varanasi,2026-09-01T02:50:24.569588Z
ChIJq82iQ4gujjkRQg4BWJMSrsA,A K Enterprises,places,en,389,25.35762145,83.00576165000001,25.3567009,83.0055512,0,vns,Varanasi,2026-09-01T02:50:24.923124Z
ChIJFTU8VVUvjjkR1Z3onGPQyY8,The Full Moon Restaurant & Banquet,places,en,389,25.35762145,83.00576165000001,25.3583905,83.0066569,0,vns,Varanasi,2026-09-01T02:50:24.923167Z
ChIJJe2iDSAvjjkRos2NGkT27WA,Kashi Hub,places,en,389,25.35762145,83.00576165000001,25.356484000000002,83.00586299999999,0,vns,Varanasi,2026-09-01T02:50:24.923179Z
ChIJTSC-tmkvjjkRCWSmoTCzd04,Paharia crossing,places,en,389,25.35762145,83.00576165000001,25.3564448,83.0053176,0,vns,Varanasi,2026-09-01T02:50:24.923187Z
ChIJB2redBcvjjkR4Gm-0NEDhHk,Pizza Time,places,en,389,25.35762145,83.00576165000001,25.356374499999998,83.0059756,0,vns,Varanasi,2026-09-01T02:50:24.923196Z
ChIJccVzxBIvjjkR9lsMtypv_uw,Banarasi Kachodi king,places,en,389,25.35762145,83.00576165000001,25.356430399999997,83.00623759999999,0,vns,Varanasi,2026-09-01T02:50:24.923204Z
ChIJEc0BMJYvjjkRciDCNAOJQPE,Devnarayan Sweet,places,en,389,25.35762145,83.00576165000001,25.3563638,83.0056421,0,vns,Varanasi,2026-09-01T02:50:24.923211Z
ChIJJ2n3nr4vjjkRPUCNxyKvX8w,Foody Vault,places,en,389,25.35762145,83.00576165000001,25.3563562,83.0059756,0,vns,Varanasi,2026-09-01T02:50:24.923218Z
ChIJ5w7oI8ovjjkRwm_ek561ctk,RASTOGI CHAAT,places,en,389,25.35762145,83.00576165000001,25.356335299999998,83.0057595,0,vns,Varanasi,2026-09-01T02:50:24.923225Z
ChIJaW2IFIgujjkRE3KC9c5I0wo,Pizza Hub Express,places,en,389,25.35762145,83.00576165000001,25.3563832,83.0061695,0,vns,Varanasi,2026-09-01T02:50:24.923232Z
ChIJ7dK9OL4vjjkRLK8jDr4uKhI,Food juice bar 🍺,places,en,389,25.35762145,83.00576165000001,25.3570271,83.00707729999999,0,vns,Varanasi,2026-09-01T02:50:24.923239Z
ChIJ_0Lo1V4vjjkRVwSB7B4xVcM,Khushi Bakers &Tea Studio,places,en,389,25.35762145,83.00576165000001,25.3573125,83.0072189,0,vns,Varanasi,2026-09-01T02:50:24.923247Z
ChIJIeDYcwAvjjkRzqu0ULyfNLo,My pizza hub,places,en,389,25.35762145,83.00576165000001,25.3582792,83.00714049999999,0,vns,Varanasi,2026-09-01T02:50:24.923254Z
ChIJ-Ti1g4gvjjkRIzRHzFIE9Ug,House Of Taste,places,en,389,25.35762145,83.00576165000001,25.3582643,83.0071672,0,vns,Varanasi,2026-09-01T02:50:24.923261Z
ChIJq8hJh-UvjjkR3Yy2efG3FJs,Wh-Eat Burger,places,en,389,25.35762145,83.00576165000001,25.3563124,83.00511039999999,0,vns,Varanasi,2026-09-01T02:50:24.923268Z
ChIJkzPXAwAvjjkRXkeZtZSNLmg,MH TADKA,places,en,389,25.35762145,83.00576165000001,25.3587062,83.00470039999999,0,vns,Varanasi,2026-09-01T02:50:24.923275Z
ChIJf-AtYeQvjjkRRv5v2l_NAFA,VEG CUTLET CORNER,places,en,389,25.35762145,83.00576165000001,25.35607,83.00557359999999,0,vns,Varanasi,2026-09-01T02:50:24.923283Z
ChIJK7REGBYvjjkRQJVFLopMPX8,New Banarasi Tadka,places,en,389,25.35762145,83.00576165000001,25.3562421,83.0049558,0,vns,Varanasi,2026-09-01T02:50:24.923290Z
ChIJ8brKfAAvjjkR9gZfrwMSX2Q,Pinaki Ac family restaurant,places,en,389,25.35762145,83.00576165000001,25.3560354,83.00602529999999,0,vns,Varanasi,2026-09-01T02:50:24.923297Z
ChIJYZdaYqwvjjkR48T9JsZ-ue0,Lakshita Fast Food Corner,places,en,389,25.35762145,83.00576165000001,25.3584952,83.00733609999999,0,vns,Varanasi,2026-09-01T02:50:24.923306Z
ChIJqWrzkM0tjjkRsQZvKuSeC-M,Kalika Restaurant,places,en,390,25.34983225,82.980892,25.3497925,82.98165589999999,0,vns,Varanasi,2026-09-01T02:50:25.362259Z
ChIJr3gLLNAtjjkR8kRnoXVfExQ,China Town,places,en,390,25.34983225,82.980892,25.351279599999998,82.9816137,0,vns,Varanasi,2026-09-01T02:50:25.362295Z
ChIJaQIkhhEtjjkRxvqUzeceStQ,Aarti Bhojanalaya,places,en,390,25.34983225,82.980892,25.352070299999998,82.9819571,0,vns,Varanasi,2026-09-01T02:50:25.362309Z
ChIJo7e3AvvNjzkR_WkP3Epxnkk,Yaduvanshi Dhaba,places,en,393,25.2700517,82.8341264,25.2694922,82.8350723,0,vns,Varanasi,2026-09-01T02:50:26.431590Z
ChIJmQsSAADNjzkRD299lkDSmVE,Aalam muradabadi chicken biryani,places,en,393,25.2700517,82.8341264,25.2695358,82.83295749999999,0,vns,Varanasi,2026-09-01T02:50:26.431625Z
ChIJOfs-DpTNjzkRZt-tvTHxmKk,Shahi Champaran Restraunt & Rajshahi Hotel,places,en,393,25.2700517,82.8341264,25.2693981,82.8353528,0,vns,Varanasi,2026-09-01T02:50:26.431632Z
ChIJ26AAmyDNjzkRZVbOr4_8PeY,Rajput dhaba and family restaurant,places,en,393,25.2700517,82.8341264,25.2693186,82.8356301,0,vns,Varanasi,2026-09-01T02:50:26.431637Z
ChIJ15hufGjNjzkR9mKeZ-kp8lM,New Yadav Dhaba,places,en,393,25.2700517,82.8341264,25.2693584,82.8359354,0,vns,Varanasi,2026-09-01T02:50:26.431642Z
ChIJLR3bXQDNjzkRDCLdVJi_SOQ,Shamaa Muradabadi Biryani,places,en,393,25.2700517,82.8341264,25.2696819,82.8318611,0,vns,Varanasi,2026-09-01T02:50:26.431647Z
ChIJsRF4BcTNjzkRL2eaeC6PRJc,समा चिकन होटल,places,en,393,25.2700517,82.8341264,25.2694278,82.8365007,0,vns,Varanasi,2026-09-01T02:50:26.431651Z
ChIJ5dorep3TjzkRFIfPp16w3W8,Pradyum Fast Food Corner,places,en,394,25.316884549999997,82.8805917,25.3170812,82.882922,0,vns,Varanasi,2026-09-01T02:50:26.827603Z
ChIJPQBbR1LTjzkRm1aPGw4iK5g,Pari Fastfood Corner,places,en,394,25.316884549999997,82.8805917,25.3174542,82.8829391,0,vns,Varanasi,2026-09-01T02:50:26.827640Z
ChIJdWnZoQLTjzkRiqCwWv-zC8g,Priyansh Fast Food,places,en,394,25.316884549999997,82.8805917,25.3165221,82.8776659,0,vns,Varanasi,2026-09-01T02:50:26.827647Z
ChIJ75pjbgDNjzkRTNqqJbHlrMY,Mumbai best daba and restaurant,places,en,396,25.29559915,82.85107525000001,25.295187499999997,82.8505625,0,vns,Varanasi,2026-09-01T02:50:27.483826Z
ChIJXShQtEwzjjkR-RMMdaQVqIU,Mohit Fast Food,places,en,398,25.2862745,82.9886103,25.2863106,82.9905148,0,vns,Varanasi,2026-09-01T02:50:28.119450Z
ChIJTc5dcGotjjkRHBLF_yawabI,Taste on Tip,places,en,399,25.3162566,82.99116755,25.316762699999998,82.9909821,0,vns,Varanasi,2026-09-01T02:50:28.531016Z
ChIJfbf0W4ctjjkR_GBggwBwsLA,Anshik burger stall,places,en,399,25.3162566,82.99116755,25.3167868,82.990967,0,vns,Varanasi,2026-09-01T02:50:28.531063Z
ChIJ_____wYyjjkR5Y5P4_sXZUM,THE VIBE VARANASI,places,en,399,25.3162566,82.99116755,25.3168434,82.9912161,0,vns,Varanasi,2026-09-01T02:50:28.531074Z
ChIJZcBMXgstjjkRKqH2QseWOx0,Rominus Pizza And Burger,places,en,399,25.3162566,82.99116755,25.316840400000004,82.9909771,0,vns,Varanasi,2026-09-01T02:50:28.531082Z
ChIJkWiMU7MtjjkRw8oZmqMToN4,The Multi Cuisine,places,en,399,25.3162566,82.99116755,25.316532199999997,82.9905383,0,vns,Varanasi,2026-09-01T02:50:28.531093Z
ChIJ9z1zmQUtjjkRDUddNrvfS9I,Rathor Enterprises,places,en,399,25.3162566,82.99116755,25.3167202,82.9904798,0,vns,Varanasi,2026-09-01T02:50:28.531101Z
ChIJFX1jdDEtjjkRBieKXb5OgM0,The hot chick’s,places,en,399,25.3162566,82.99116755,25.317075199999998,82.9912579,0,vns,Varanasi,2026-09-01T02:50:28.531111Z
ChIJv8NsMaotjjkRgdG5N6xYgCg,Pizza King,places,en,399,25.3162566,82.99116755,25.317076,82.9912568,0,vns,Varanasi,2026-09-01T02:50:28.531118Z
ChIJoQokQFQtjjkRLEHLliTMoFc,RK Bakers & Co.,places,en,399,25.3162566,82.99116755,25.316661399999997,82.9903679,0,vns,Varanasi,2026-09-01T02:50:28.531125Z
ChIJX-VSSw0tjjkR3x_qUfnuhHE,Andeywala - Varanasi,places,en,399,25.3162566,82.99116755,25.3170096,82.99055129999999,0,vns,Varanasi,2026-09-01T02:50:28.531132Z
ChIJNzOABaQtjjkRnYyS31WxMrQ,The Belgian Waffle Co.,places,en,399,25.3162566,82.99116755,25.316578699999997,82.99015279999999,0,vns,Varanasi,2026-09-01T02:50:28.531139Z
ChIJgdh94_wtjjkRj4hn1bWFGq4,Eat Street,places,en,399,25.3162566,82.99116755,25.316575,82.990145,0,vns,Varanasi,2026-09-01T02:50:28.531147Z
ChIJa_85aQAtjjkRL-RswQAurpE,Veere ji chaap,places,en,399,25.3162566,82.99116755,25.3173122,82.9910831,0,vns,Varanasi,2026-09-01T02:50:28.531155Z
ChIJ517EkEgBDTkRAy0_R6jMWsg,"McDonald's - IP Sigra Mall, Varnasi",places,en,399,25.3162566,82.99116755,25.3168053,82.9901599,0,vns,Varanasi,2026-09-01T02:50:28.531162Z
ChIJeWvw5PwtjjkRJzTaM9LrZtw,"Domino's Pizza | Sigra, Varanasi",places,en,399,25.3162566,82.99116755,25.3166622,82.9900435,0,vns,Varanasi,2026-09-01T02:50:28.531170Z
ChIJAQBA5PwtjjkRBWkrhbUk9ok,Subway IP Sigra Varanasi,places,en,399,25.3162566,82.99116755,25.3166858,82.9900538,0,vns,Varanasi,2026-09-01T02:50:28.531177Z
ChIJOf3r53YtjjkRe2uU2oLFSnk,Royal Cafe & Dining : Best Restaurant in Varanasi,places,en,399,25.3162566,82.99116755,25.3166858,82.9900538,0,vns,Varanasi,2026-09-01T02:50:28.531185Z
ChIJqTkAI_0tjjkRY405959aJ-g,Kasoori Food Zone,places,en,399,25.3162566,82.99116755,25.3173797,82.9909847,0,vns,Varanasi,2026-09-01T02:50:28.531193Z
ChIJQSpfM_ktjjkR3AQqYoMiUGk,Gulzar Ahmad,places,en,399,25.3162566,82.99116755,25.316138799999997,82.9924929,0,vns,Varanasi,2026-09-01T02:50:28.531203Z
