place_id,name,source,lang,cell_idx,query_center_lat,query_center_lon,lat,lon,page,region_id,region_name,collected_at
ChIJUZyCJRF3AjoR2svcOQGjZkM,Bhikharam Chandmal,places,en,0,22.543129049999997,88.3661227,22.5427984,88.36641949999999,0,kol,Kolkata,2026-09-01T02:50:29.082907Z
ChIJlQa7_4F3AjoRdaKUJ5_iFcM,BAKE-5,places,en,0,22.543129049999997,88.3661227,22.5433754,88.36554199999999,0,kol,Kolkata,2026-09-01T02:50:29.082942Z
ChIJK9EgbQV3AjoR3364gMMjI48,Arsalan Restaurant & Caterer - Park Circus,places,en,0,22.543129049999997,88.3661227,22.543711,88.36590199999999,0,kol,Kolkata,2026-09-01T02:50:29.082949Z
ChIJU6Vx0uJ3AjoRHpJfhKfoQLE,Chikchok,places,en,0,22.543129049999997,88.3661227,22.5437746,88.3661087,0,kol,Kolkata,2026-09-01T02:50:29.082952Z
ChIJxVL9kyp3AjoRxgpdoaeXXwk,Aap Ke liye 2,places,en,0,22.543129049999997,88.3661227,22.5437878,88.3664196,0,kol,Kolkata,2026-09-01T02:50:29.082957Z
ChIJg-e5wPN3AjoRM3YBvjhpKCw,The Bengali Kitchen - by Jugal’s,places,en,0,22.543129049999997,88.3661227,22.543853600000002,88.3656622,0,kol,Kolkata,2026-09-01T02:50:29.082961Z
ChIJozbPM9R3AjoRY-7HN_pqghs,Lazeez Hyderabadi Shahi Halim,places,en,0,22.543129049999997,88.3661227,22.5428663,88.36700739999999,0,kol,Kolkata,2026-09-01T02:50:29.082964Z
ChIJ3fdu_-B2AjoR_iQnF-OWjpw,Zain Biryani And Fast Food Centre,places,en,0,22.543129049999997,88.3661227,22.543053,88.3651939,0,kol,Kolkata,2026-09-01T02:50:29.082967Z
ChIJh5dMCgB3AjoRs-QJyUb8zSE,# FC Plus - Fast Food Restaurant,places,en,0,22.543129049999997,88.3661227,22.543992799999998,88.36646879999999,0,kol,Kolkata,2026-09-01T02:50:29.082970Z
ChIJ3-xQAwB3AjoR1JeoSAkOm24,"(7,point park circus) 2 kasai para lane beniapukur kolkata 700017",places,en,0,22.543129049999997,88.3661227,22.543992799999998,88.36646879999999,0,kol,Kolkata,2026-09-01T02:50:29.082973Z
ChIJE0xeOKV3AjoRLk9AoJc2A7s,11thR Cafe and Bakery,places,en,0,22.543129049999997,88.3661227,22.5435205,88.3651782,0,kol,Kolkata,2026-09-01T02:50:29.082976Z
ChIJm6PRVpB3AjoRbYmhBqsC8aI,FC plus,places,en,0,22.543129049999997,88.3661227,22.5439895,88.3667291,0,kol,Kolkata,2026-09-01T02:50:29.082979Z
ChIJCc5fhrt3AjoRkM1lY3BClXw,Wah Janaab,places,en,0,22.543129049999997,88.3661227,22.5429979,88.3650555,0,kol,Kolkata,2026-09-01T02:50:29.082982Z
ChIJIRUR-Zt3AjoRFCPtb65CoRw,Mann-O-Salwa dining experience,places,en,0,22.543129049999997,88.3661227,22.5434238,88.36504289999999,0,kol,Kolkata,2026-09-01T02:50:29.082985Z
ChIJdZzvfV93AjoRRVU51i_Y_N0,Monoj Kumar 5 Star Puchka,places,en,0,22.543129049999997,88.3661227,22.5438394,88.36508049999999,0,kol,Kolkata,2026-09-01T02:50:29.082988Z
ChIJO6ZynhF3AjoRChLyYvUcPsk,Universal cafe,places,en,0,22.543129049999997,88.3661227,22.5437965,88.36499359999999,0,kol,Kolkata,2026-09-01T02:50:29.082991Z
ChIJVZEZJJt3AjoRi5OXK3K4vKw,AWADH BIRYANI,places,en,0,22.543129049999997,88.3661227,22.544386,88.3663679,0,kol,Kolkata,2026-09-01T02:50:29.082994Z
ChIJATsZ7rZ3AjoRI8j0Rcj6hJ8,Golden Food Hub,places,en,0,22.543129049999997,88.3661227,22.543832300000002,88.3648522,0,kol,Kolkata,2026-09-01T02:50:29.082997Z
ChIJEelpiNR3AjoRVn95rieAVJU,Dawat-e-Hind Restaurant,places,en,0,22.543129049999997,88.3661227,22.543877,88.3674467,0,kol,Kolkata,2026-09-01T02:50:29.083003Z
ChIJHzD7aVR3AjoR0QKiBFhRILI,The Biryani Boys,places,en,0,22.543129049999997,88.3661227,22.5436442,88.36469910000001,0,kol,Kolkata,2026-09-01T02:50:29.083006Z
ChIJ--4XHAB3AjoRUBuwNgaR4A4,Sufra biryani,places,en,1,22.536884800000003,88.37113984999999,22.5367401,88.3712285,0,kol,Kolkata,2026-09-01T02:50:29.446809Z
ChIJR6c1sxV3AjoRfsLpQHTAQi8,Al Faiz Tunday,places,en,1,22.536884800000003,88.37113984999999,22.5367079,88.3708691,0,kol,Kolkata,2026-09-01T02:50:29.446845Z
ChIJ689zsrt3AjoRrgBwj5k9Pu0,Unique Coffee & Sandwich,places,en,1,22.536884800000003,88.37113984999999,22.5370046,88.3708541,0,kol,Kolkata,2026-09-01T02:50:29.446850Z
ChIJwfOAPAl3AjoRDBn8cGq1gFY,Crispera,places,en,1,22.536884800000003,88.37113984999999,22.537014,88.37156949999999,0,kol,Kolkata,2026-09-01T02:50:29.446854Z
ChIJU-IACwB3AjoRVo4jGfs1GBs,ZAIQA RESTAURANT,places,en,1,22.536884800000003,88.37113984999999,22.5368505,88.37170809999999,0,kol,Kolkata,2026-09-01T02:50:29.446858Z
ChIJPUuNtd12AjoRwIe10RJgP5k,AZLAIN BIRYANI HOUSE,places,en,1,22.536884800000003,88.37113984999999,22.536623499999997,88.3706191,0,kol,Kolkata,2026-09-01T02:50:29.446863Z
ChIJa8ihru13AjoRXnZrv-D1eC0,BURGER BLOCKBUSTER,places,en,1,22.536884800000003,88.37113984999999,22.5363832,88.3715557,0,kol,Kolkata,2026-09-01T02:50:29.446867Z
ChIJ54YAwz93AjoRSGWb8HGCBEY,Kabab Shop,places,en,1,22.536884800000003,88.37113984999999,22.537335,88.3704194,0,kol,Kolkata,2026-09-01T02:50:29.446871Z
ChIJR-9WkdJ3AjoRvc6cmm96vDY,Ammi Jaan Restaurant & Caterer,places,en,1,22.536884800000003,88.37113984999999,22.537238199999997,88.3701102,0,kol,Kolkata,2026-09-01T02:50:29.446875Z
ChIJc7MF7dx2AjoRrE32uLC1vjg,Adil Biryani Centre,places,en,1,22.536884800000003,88.37113984999999,22.5358657,88.3707171,0,kol,Kolkata,2026-09-01T02:50:29.446880Z
ChIJMzceYAB3AjoRt_9mIIEgKI8,Albela biryani,places,en,1,22.536884800000003,88.37113984999999,22.535797,88.3710064,0,kol,Kolkata,2026-09-01T02:50:29.446884Z
ChIJGc8jyK93AjoRXcMj7WzF13A,Nizam Restaurant,places,en,1,22.536884800000003,88.37113984999999,22.536728699999998,88.37232759999999,0,kol,Kolkata,2026-09-01T02:50:29.446887Z
ChIJ-206OMZ3AjoRbbfb0oRXnLQ,Paya House Kolkata,places,en,1,22.536884800000003,88.37113984999999,22.536728699999998,88.37232759999999,0,kol,Kolkata,2026-09-01T02:50:29.446891Z
ChIJYX66pBh3AjoRZZFe-ufRcho,Pepper House,places,en,1,22.536884800000003,88.37113984999999,22.5380081,88.3706898,0,kol,Kolkata,2026-09-01T02:50:29.446895Z
ChIJy72JrhR3AjoRZ5rWkJm8g3o,Suresh Fast Food,places,en,1,22.536884800000003,88.37113984999999,22.5380133,88.3717489,0,kol,Kolkata,2026-09-01T02:50:29.446899Z
ChIJP-fe_MN3AjoR4uZK_tdZt2Q,Bhai Jaan,places,en,1,22.536884800000003,88.37113984999999,22.5369435,88.3697177,0,kol,Kolkata,2026-09-01T02:50:29.446902Z
ChIJFVhFewB3AjoRhmRYUkfNLco,KOLKATA CHICKEN CENTER.,places,en,1,22.536884800000003,88.37113984999999,22.536059599999998,88.36997009999999,0,kol,Kolkata,2026-09-01T02:50:29.446906Z
ChIJmVcSOtd3AjoR0b1RTuelHQM,CHICKEN SINGH,places,en,1,22.536884800000003,88.37113984999999,22.5364707,88.3726042,0,kol,Kolkata,2026-09-01T02:50:29.446910Z
ChIJGQuOLlR3AjoRMLWfzFUJHm4,Snack & Scoop,places,en,1,22.536884800000003,88.37113984999999,22.537143999999998,88.3695989,0,kol,Kolkata,2026-09-01T02:50:29.446913Z
ChIJL5IKyt12AjoRfQzGEAY2Hdc,Adil Biryani,places,en,1,22.536884800000003,88.37113984999999,22.537143999999998,88.3695989,0,kol,Kolkata,2026-09-01T02:50:29.446917Z
ChIJpxwgQlNxAjoRgbVKgkzlUSo,Universal Kitchen,places,en,2,22.5051078,88.35934184999999,22.504668799999997,88.3594388,0,kol,Kolkata,2026-09-01T02:50:29.795014Z
ChIJRxpajdZwAjoRV10L3eZrhqo,Swade Bengali,places,en,2,22.5051078,88.35934184999999,22.5044892,88.3593046,0,kol,Kolkata,2026-09-01T02:50:29.795058Z
ChIJpVeR1HNxAjoRVKbYOcjIUuE,Asma Biryani,places,en,2,22.5051078,88.35934184999999,22.504497699999998,88.3600731,0,kol,Kolkata,2026-09-01T02:50:29.795070Z
ChIJEyufLwBxAjoRsHwivMm8BDE,Fusion Cafe,places,en,2,22.5051078,88.35934184999999,22.504156899999998,88.3596049,0,kol,Kolkata,2026-09-01T02:50:29.795078Z
ChIJwQ-kYplxAjoRXgfz7FuMFJY,Pizza Paradise Lake Gardens,places,en,2,22.5051078,88.35934184999999,22.5059956,88.3599095,0,kol,Kolkata,2026-09-01T02:50:29.795089Z
ChIJtatmMMNxAjoRZED0FjMp1aY,Kolshi,places,en,2,22.5051078,88.35934184999999,22.5040934,88.3597037,0,kol,Kolkata,2026-09-01T02:50:29.795098Z
ChIJjyia1MxxAjoRa9GxZWcXRJI,Zao Pan Asian,places,en,2,22.5051078,88.35934184999999,22.50436,88.3581767,0,kol,Kolkata,2026-09-01T02:50:29.795106Z
ChIJ0YmI2NZxAjoRig6rRwU2k-4,CHINESE KING,places,en,2,22.5051078,88.35934184999999,22.5048076,88.357608,0,kol,Kolkata,2026-09-01T02:50:29.795114Z
ChIJnxvmt6dxAjoRnlvhx0T4rvA,Dil Maange Bowl,places,en,2,22.5051078,88.35934184999999,22.5034509,88.3589827,0,kol,Kolkata,2026-09-01T02:50:29.795122Z
ChIJo-aZY3VxAjoRNWoaApUrB9M,Healthy Harvest,places,en,2,22.5051078,88.35934184999999,22.5041667,88.3608685,0,kol,Kolkata,2026-09-01T02:50:29.795129Z
ChIJtR1XX9VxAjoRDHCCQw7Bigg,Lil's,places,en,2,22.5051078,88.35934184999999,22.505067399999998,88.3611731,0,kol,Kolkata,2026-09-01T02:50:29.795138Z
ChIJOZvZj7ZxAjoRbfNdEjP_1DA,GUDDU TEA STALL,places,en,2,22.5051078,88.35934184999999,22.5035952,88.3583419,0,kol,Kolkata,2026-09-01T02:50:29.795146Z
ChIJeZba0bpxAjoR7k386TdWcdM,CasaMia,places,en,2,22.5051078,88.35934184999999,22.5037842,88.36072349999999,0,kol,Kolkata,2026-09-01T02:50:29.795175Z
ChIJqR4UJf5xAjoRcTKDVgFNqPM,Chicken Rice Co,places,en,2,22.5051078,88.35934184999999,22.5033213,88.3585348,0,kol,Kolkata,2026-09-01T02:50:29.795185Z
ChIJTawXeQBxAjoRAwYfsWfrlWk,Health Cuisine Studio (Health Food),places,en,2,22.5051078,88.35934184999999,22.5033113,88.3584927,0,kol,Kolkata,2026-09-01T02:50:29.795194Z
ChIJs6tUDrdxAjoRLE_B3MbUe_I,Aroma of Asia - Best Chinese food,places,en,2,22.5051078,88.35934184999999,22.503273,88.3584973,0,kol,Kolkata,2026-09-01T02:50:29.795202Z
ChIJKUTuHSBxAjoRNm3GKGbJrRo,Prakash Fast Food,places,en,2,22.5051078,88.35934184999999,22.5063481,88.3610446,0,kol,Kolkata,2026-09-01T02:50:29.795209Z
ChIJC2uY5oVxAjoRC1wHOYXIHg0,Chinese Pandit,places,en,2,22.5051078,88.35934184999999,22.5033723,88.3582246,0,kol,Kolkata,2026-09-01T02:50:29.795217Z
ChIJ5YoBykJxAjoRVTmxPWZDIUo,Fixya Kitchen,places,en,2,22.5051078,88.35934184999999,22.503129,88.3588414,0,kol,Kolkata,2026-09-01T02:50:29.795224Z
ChIJ43LYIABxAjoR3Q-Xk8zj2gQ,Don Giovanni’s,places,en,2,22.5051078,88.35934184999999,22.5030687,88.358682,0,kol,Kolkata,2026-09-01T02:50:29.795233Z
ChIJzdcUCAB3AjoRXFymDMHOPdA,Amina fast food,places,en,3,22.516279599999997,88.34979505000001,22.5163963,88.3500116,0,kol,Kolkata,2026-09-01T02:50:30.143645Z
ChIJGeYyVDN3AjoRJ6BgWIO6nbc,Lake Cafe,places,en,3,22.516279599999997,88.34979505000001,22.5164585,88.34960919999999,0,kol,Kolkata,2026-09-01T02:50:30.143686Z
ChIJr7fvzvN3AjoRb9xR7SzGyzg,Foodies Fantacy,places,en,3,22.516279599999997,88.34979505000001,22.5166215,88.34956729999999,0,kol,Kolkata,2026-09-01T02:50:30.143697Z
ChIJm4kL9UN3AjoRJ0Z3jtOjjNM,Masala Club,places,en,3,22.516279599999997,88.34979505000001,22.5165234,88.349443,0,kol,Kolkata,2026-09-01T02:50:30.143705Z
ChIJkxTjHQB3AjoRLcFlGoW1D94,Lake market,places,en,3,22.516279599999997,88.34979505000001,22.5165307,88.34943229999999,0,kol,Kolkata,2026-09-01T02:50:30.143714Z
ChIJdd1MeQB3AjoReOeXf8d7KI4,The Food Shed,places,en,3,22.516279599999997,88.34979505000001,22.5165366,88.3494209,0,kol,Kolkata,2026-09-01T02:50:30.143725Z
ChIJ6cwlUgBxAjoRYISufVrU-mE,BONG EXPRESS,places,en,3,22.516279599999997,88.34979505000001,22.516153,88.34929520000001,0,kol,Kolkata,2026-09-01T02:50:30.143733Z
ChIJqcGYs4dxAjoRKq9FKi5POw0,BONG-EATS - Best cafe in Lake market,places,en,3,22.516279599999997,88.34979505000001,22.515810899999998,88.3500452,0,kol,Kolkata,2026-09-01T02:50:30.143742Z
ChIJ306terZ3AjoRqlJNaPOlXGU,Ritwik's Kitchen,places,en,3,22.516279599999997,88.34979505000001,22.516109099999998,88.35033399999999,0,kol,Kolkata,2026-09-01T02:50:30.143749Z
ChIJy_Rg7td3AjoRNBhIrguJC_A,Shryvees,places,en,3,22.516279599999997,88.34979505000001,22.516432299999998,88.3491943,0,kol,Kolkata,2026-09-01T02:50:30.143757Z
ChIJd-jElkp3AjoRuYLfKMgM6M0,WOW Chicken,places,en,3,22.516279599999997,88.34979505000001,22.516435299999998,88.349183,0,kol,Kolkata,2026-09-01T02:50:30.143766Z
ChIJ00ziQmx3AjoRQg7gR6L3Grs,Chandan Fast Food,places,en,3,22.516279599999997,88.34979505000001,22.516783099999998,88.35010489999999,0,kol,Kolkata,2026-09-01T02:50:30.143774Z
ChIJE_Wlmc1wAjoREBK_pAHLdB4,"Domino's Pizza | Tollygunge, Kolkata",places,en,3,22.516279599999997,88.34979505000001,22.516527699999997,88.34919459999999,0,kol,Kolkata,2026-09-01T02:50:30.143781Z
ChIJTTm0UTN3AjoRzhOTvGUVIHY,Wow! Momo,places,en,3,22.516279599999997,88.34979505000001,22.5164083,88.3491359,0,kol,Kolkata,2026-09-01T02:50:30.143790Z
ChIJgaVPY2lxAjoRCa0MYQfq7EQ,"The Bhoj Company, Lake Place",places,en,3,22.516279599999997,88.34979505000001,22.515783,88.35029019999999,0,kol,Kolkata,2026-09-01T02:50:30.143797Z
ChIJiUyqzil3AjoRjFHBP4m0Mz0,Vaango,places,en,3,22.516279599999997,88.34979505000001,22.516339199999997,88.34907079999999,0,kol,Kolkata,2026-09-01T02:50:30.143812Z
ChIJv6pM0sxwAjoR9MJm3XzXrTY,Shree Mahabali Bhujawala,places,en,3,22.516279599999997,88.34979505000001,22.5157334,88.35024299999999,0,kol,Kolkata,2026-09-01T02:50:30.143824Z
ChIJSdIGIV13AjoRLru5qOn41fI,Shawarma Zone,places,en,3,22.516279599999997,88.34979505000001,22.5161128,88.34905909999999,0,kol,Kolkata,2026-09-01T02:50:30.143833Z
ChIJQ6lCUjN3AjoR2cpT5oernz8,The Noodle Story,places,en,3,22.516279599999997,88.34979505000001,22.516319600000003,88.3490163,0,kol,Kolkata,2026-09-01T02:50:30.143840Z
ChIJlwznF4FxAjoRLb_DBjay_0o,Dragon's Den | Authentic Chinese Restaurant | Best Chinese near me | Lake Mall | Top Chinese Cuisine in South Kolkata,places,en,3,22.516279599999997,88.34979505000001,22.5158766,88.3504671,0,kol,Kolkata,2026-09-01T02:50:30.143847Z
ChIJs8vvAJh3AjoRdN114Gi8mHE,D-ZAKARIYA,places,en,4,22.53313095,88.3727995,22.533256299999998,88.3728781,0,kol,Kolkata,2026-09-01T02:50:30.595343Z
ChIJtaaN5DR3AjoRJDZMopx-Xcg,Cafe & Restaurant,places,en,4,22.53313095,88.3727995,22.5337066,88.3724771,0,kol,Kolkata,2026-09-01T02:50:30.595386Z
ChIJWxeeMRt3AjoRPIhRIPhUHiY,Instaserves,places,en,4,22.53313095,88.3727995,22.5328475,88.3720139,0,kol,Kolkata,2026-09-01T02:50:30.595396Z
ChIJVQlNpcJ3AjoRT91tIryQV2o,Kha Pk Jaana,places,en,4,22.53313095,88.3727995,22.5321365,88.3728153,0,kol,Kolkata,2026-09-01T02:50:30.595406Z
ChIJY6f4fAB3AjoRMO7_c5Mo7q4,Chinese bite,places,en,4,22.53313095,88.3727995,22.5333907,88.3739986,0,kol,Kolkata,2026-09-01T02:50:30.595415Z
ChIJyTJmsrl3AjoRVqc4BDINs0I,Mumbai junction,places,en,4,22.53313095,88.3727995,22.5319714,88.37275910000001,0,kol,Kolkata,2026-09-01T02:50:30.595423Z
ChIJrRPmVMN2AjoR6MLd3v6moxM,Aameen Foods,places,en,4,22.53313095,88.3727995,22.5344304,88.37259,0,kol,Kolkata,2026-09-01T02:50:30.595430Z
ChIJncXfPyd3AjoRv4WZVRZnKxE,Vijay Hotel,places,en,4,22.53313095,88.3727995,22.533989,88.3744328,0,kol,Kolkata,2026-09-01T02:50:30.595438Z
ChIJk358WlR3AjoRXE7blfNTp_k,Dablu Hotel,places,en,4,22.53313095,88.3727995,22.534445899999998,88.3744931,0,kol,Kolkata,2026-09-01T02:50:30.595445Z
ChIJ4Tp6RQB3AjoRRc1Xaw7Puq8,Chow Chow Adda,places,en,4,22.53313095,88.3727995,22.5344476,88.3745498,0,kol,Kolkata,2026-09-01T02:50:30.595453Z
ChIJm4UnBsR2AjoROYh5bbJEfgQ,BHARAT BIRYANI,places,en,4,22.53313095,88.3727995,22.5344578,88.3745811,0,kol,Kolkata,2026-09-01T02:50:30.595460Z
ChIJt4yyXRJ3AjoRxpZ-wY1yPG4,JAI SIYA RAM,places,en,4,22.53313095,88.3727995,22.5343491,88.37470909999999,0,kol,Kolkata,2026-09-01T02:50:30.595466Z
ChIJNxytRZ53AjoRy89TOwTxALY,Mr. Sonu Pani Puri,places,en,4,22.53313095,88.3727995,22.5333063,88.3751537,0,kol,Kolkata,2026-09-01T02:50:30.595473Z
ChIJtblBZGt3AjoRrXz4Z732TMU,Thakur Bari Hotel,places,en,4,22.53313095,88.3727995,22.531807,88.3747681,0,kol,Kolkata,2026-09-01T02:50:30.595483Z
ChIJPylMzTV3AjoR7wlaGI6cEyc,Yash Hotel,places,en,4,22.53313095,88.3727995,22.5317899,88.3747684,0,kol,Kolkata,2026-09-01T02:50:30.595489Z
ChIJzb3bH8V3AjoR0GyWQ10pAyc,Jai Shree Ram,places,en,4,22.53313095,88.3727995,22.5343947,88.3748529,0,kol,Kolkata,2026-09-01T02:50:30.595496Z
ChIJL7Btlyp3AjoR_utWbis756w,Bhojendra Ray Hotel,places,en,4,22.53313095,88.3727995,22.5350156,88.3742632,0,kol,Kolkata,2026-09-01T02:50:30.595504Z
ChIJ0VRShAt3AjoRCK6v-P9yvQs,Sibling's Kitchen,places,en,4,22.53313095,88.3727995,22.5315577,88.37085739999999,0,kol,Kolkata,2026-09-01T02:50:30.595510Z
ChIJbeiNb8N2AjoRAAAAMENZRRI,Ravi Das,places,en,4,22.53313095,88.3727995,22.5352118,88.37425329999999,0,kol,Kolkata,2026-09-01T02:50:30.595518Z
ChIJC8moRBh3AjoRuA96pSj0IbI,TBC by Smriti,places,en,4,22.53313095,88.3727995,22.5310409,88.37104200000002,0,kol,Kolkata,2026-09-01T02:50:30.595525Z
ChIJ2dciq-J3AjoRNigzyDhk8qA,New Chacha Hindu Hotel,places,en,5,22.58739925,88.3510002,22.587903999999998,88.3519856,0,kol,Kolkata,2026-09-01T02:50:31.017679Z
ChIJubGcLgB3AjoReSHNQhQ06YI,Gupta Ji’s Litti,places,en,5,22.58739925,88.3510002,22.5865528,88.35210409999999,0,kol,Kolkata,2026-09-01T02:50:31.017695Z
ChIJUSHv_8d3AjoRcft32RTm8s4,Shree Jagannath Hotel,places,en,5,22.58739925,88.3510002,22.587699699999998,88.35311999999999,0,kol,Kolkata,2026-09-01T02:50:31.017699Z
ChIJq38rZgB3AjoR-VL21jNlcGM,Khushi Fast Food,places,en,5,22.58739925,88.3510002,22.587207,88.35313599999999,0,kol,Kolkata,2026-09-01T02:50:31.017702Z
ChIJix7f_sJ3AjoR7Y_V273okhA,Om Bhawan,places,en,5,22.58739925,88.3510002,22.589402,88.35230759999999,0,kol,Kolkata,2026-09-01T02:50:31.017705Z
ChIJ41oNMMB3AjoRuwP-YIjfmc8,GUPTA SWEETS,places,en,5,22.58739925,88.3510002,22.5887213,88.35328489999999,0,kol,Kolkata,2026-09-01T02:50:31.017707Z
ChIJSTcvtTl3AjoRMN-_VT7WFxY,NIHAN FAST FOOD,places,en,5,22.58739925,88.3510002,22.590042399999998,88.3513883,0,kol,Kolkata,2026-09-01T02:50:31.017710Z
ChIJPXC5zp53AjoRk6JX_xIU1I0,Fusion Kitchen,places,en,6,22.5220202,88.32453905,22.522028499999998,88.3244418,0,kol,Kolkata,2026-09-01T02:50:31.352724Z
ChIJFUXRnxB3AjoRyQ7Qy1phLFA,Banana Leaf (Alipore Majerhat Petrol Pump) @ Komala Vilas,places,en,6,22.5220202,88.32453905,22.522126,88.32494729999999,0,kol,Kolkata,2026-09-01T02:50:31.352753Z
ChIJe5Qh5fp3AjoRkpVV3uhVBC0,The Mad Java,places,en,6,22.5220202,88.32453905,22.5228464,88.32496189999999,0,kol,Kolkata,2026-09-01T02:50:31.352764Z
ChIJm41ZHBN3AjoRAdPWakwzrak,Not Yet,places,en,7,22.57335815,88.3482906,22.5736132,88.3483409,0,kol,Kolkata,2026-09-01T02:50:31.700844Z
ChIJ4VcjqUh3AjoRxtk7nwNo_38,Kartick Roll Center,places,en,7,22.57335815,88.3482906,22.572959299999997,88.3473868,0,kol,Kolkata,2026-09-01T02:50:31.700887Z
ChIJ17e4yaR3AjoRu0pp3uMTnKM,Indian Sweets,places,en,7,22.57335815,88.3482906,22.5741271,88.3494886,0,kol,Kolkata,2026-09-01T02:50:31.700898Z
ChIJa7yxxlR3AjoRCA_eHDeJNV8,Samrat Roll Centre,places,en,7,22.57335815,88.3482906,22.574185999999997,88.34962999999999,0,kol,Kolkata,2026-09-01T02:50:31.700907Z
ChIJyT0F9Jh3AjoRrVqWls9a6gQ,TARA MAA FAST FOOD CENTRE,places,en,7,22.57335815,88.3482906,22.574171,88.349655,0,kol,Kolkata,2026-09-01T02:50:31.700915Z
ChIJxdKbMQB3AjoRsLRYvHbvPiM,Sandwich stall,places,en,7,22.57335815,88.3482906,22.5748857,88.3484083,0,kol,Kolkata,2026-09-01T02:50:31.700922Z
ChIJLySlVet3AjoR4V6CjN4OEyA,Kona Dukan,places,en,7,22.57335815,88.3482906,22.5741659,88.34971019999999,0,kol,Kolkata,2026-09-01T02:50:31.700929Z
ChIJD-rh3z13AjoR44ySRrJFnUM,Singh Hotel,places,en,7,22.57335815,88.3482906,22.5746191,88.34935139999999,0,kol,Kolkata,2026-09-01T02:50:31.700936Z
ChIJQ6P9ewB3AjoR8OJKUOkdnBk,foog,places,en,7,22.57335815,88.3482906,22.5743153,88.3497508,0,kol,Kolkata,2026-09-01T02:50:31.700944Z
ChIJ7RoeZwB3AjoRBCOzkD3pSKs,HEMANTA TOAST,places,en,7,22.57335815,88.3482906,22.5742166,88.3498319,0,kol,Kolkata,2026-09-01T02:50:31.700950Z
ChIJM71HeMt3AjoRdZAITaeqkkQ,Das Biriyani Center,places,en,7,22.57335815,88.3482906,22.5750146,88.34787519999999,0,kol,Kolkata,2026-09-01T02:50:31.700961Z
ChIJgWL36q93AjoRq9IF1Hu8EW4,Bhola Snacks( Kolakata Famous bhola sandwich),places,en,7,22.57335815,88.3482906,22.5742503,88.349851,0,kol,Kolkata,2026-09-01T02:50:31.700968Z
ChIJLQxowqR3AjoReNQltkjsqgE,Suraj Snacks,places,en,7,22.57335815,88.3482906,22.574204899999998,88.34990979999999,0,kol,Kolkata,2026-09-01T02:50:31.700975Z
ChIJf5nP29t3AjoRHwKtGw9_XN8,Royal Food Service,places,en,7,22.57335815,88.3482906,22.5741497,88.34999959999999,0,kol,Kolkata,2026-09-01T02:50:31.700982Z
ChIJSXzZOGl3AjoR1siPxth6MSM,Road Hotel,places,en,7,22.57335815,88.3482906,22.5745938,88.3497783,0,kol,Kolkata,2026-09-01T02:50:31.700989Z
ChIJ314jSyh3AjoRK2LWCpuiuE4,Marwari Sudha Shakahari Bhojnalaya,places,en,7,22.57335815,88.3482906,22.574685,88.349852,0,kol,Kolkata,2026-09-01T02:50:31.700996Z
ChIJrxGKcMl3AjoRjK2YeUQVpkM,Roy's Twin Kitchen,places,en,7,22.57335815,88.3482906,22.574756999999998,88.3498467,0,kol,Kolkata,2026-09-01T02:50:31.701002Z
ChIJ-dPlqON3AjoRredcStgiFo4,Egg Place,places,en,7,22.57335815,88.3482906,22.5752196,88.3472797,0,kol,Kolkata,2026-09-01T02:50:31.701010Z
ChIJpfUaTvZ3AjoRO9LRbHyBOyE,Vinod Roti & Sabzi,places,en,7,22.57335815,88.3482906,22.575423,88.3475095,0,kol,Kolkata,2026-09-01T02:50:31.701017Z
ChIJIW7voDx3AjoRgdeCxSmEvp8,Bina Food Corner,places,en,7,22.57335815,88.3482906,22.5733791,88.3458599,0,kol,Kolkata,2026-09-01T02:50:31.701028Z
ChIJw_R60qh3AjoRAAAAsLCNWB0,Farooque Hotel,places,en,8,22.569685749999998,88.3544573,22.5697057,88.3548792,0,kol,Kolkata,2026-09-01T02:50:32.068849Z
ChIJwRTFFBZ3AjoR9KSeR4b2VXE,New Alishan Biriyani,places,en,8,22.569685749999998,88.3544573,22.569496299999997,88.3536355,0,kol,Kolkata,2026-09-01T02:50:32.068890Z
ChIJ1ZecNAB3AjoR0Smp_IQ4VRk,Ganesh ch. Avenue. Opposite lalani,places,en,8,22.569685749999998,88.3544573,22.5690609,88.3538066,0,kol,Kolkata,2026-09-01T02:50:32.068900Z
ChIJ_5IIhdl3AjoR6uUBDH1bsW0,Machhli Baba Fries- Bentick Street ( Burrabazar),places,en,8,22.569685749999998,88.3544573,22.5695805,88.353365,0,kol,Kolkata,2026-09-01T02:50:32.068908Z
ChIJwZF5RgB3AjoRnnBAWEEYsiU,Famous Naan Paratha,places,en,8,22.569685749999998,88.3544573,22.5693873,88.3533782,0,kol,Kolkata,2026-09-01T02:50:32.068915Z
ChIJTWRdI9F3AjoRWUex32L2jIM,Eau Chew,places,en,8,22.569685749999998,88.3544573,22.5686014,88.3545037,0,kol,Kolkata,2026-09-01T02:50:32.068923Z
ChIJP6UhAKZ3AjoRGsWUMM6h3eE,Hajus Darbar - Kolkata,places,en,8,22.569685749999998,88.3544573,22.5700327,88.35325639999999,0,kol,Kolkata,2026-09-01T02:50:32.068930Z
ChIJCywdYq93AjoRRP5bUpc3usI,Ashma Fast Food,places,en,8,22.569685749999998,88.3544573,22.570237400000003,88.3532571,0,kol,Kolkata,2026-09-01T02:50:32.068936Z
ChIJJwx4IwB3AjoRUTb93W4IR0Y,Dubey Sandwich Pure Veg,places,en,8,22.569685749999998,88.3544573,22.569059499999998,88.3531885,0,kol,Kolkata,2026-09-01T02:50:32.068941Z
ChIJTelIYQB3AjoRV0Vg9KnCypI,Dionee's Kitchen,places,en,8,22.569685749999998,88.3544573,22.5696151,88.35592659999999,0,kol,Kolkata,2026-09-01T02:50:32.068945Z
ChIJAQAAAKt3AjoRrRgUR7DgXD8,HOTEL AIRLINES,places,en,8,22.569685749999998,88.3544573,22.5691641,88.3558151,0,kol,Kolkata,2026-09-01T02:50:32.068948Z
ChIJb_9V4LR3AjoRDsnoUZlZiYY,Ami Khabo,places,en,8,22.569685749999998,88.3544573,22.569633,88.35290619999999,0,kol,Kolkata,2026-09-01T02:50:32.068951Z
ChIJ4weeXeJ3AjoR3mSritOzUbg,HOT & SPICY,places,en,8,22.569685749999998,88.3544573,22.568501899999998,88.35556729999999,0,kol,Kolkata,2026-09-01T02:50:32.068955Z
ChIJMYWIA6Z3AjoR1OWfSRiDunA,Taj Biryani,places,en,8,22.569685749999998,88.3544573,22.569243999999998,88.352783,0,kol,Kolkata,2026-09-01T02:50:32.068958Z
ChIJdUax36h3AjoRGJxSG522l4A,New Gupta Mukhoruchee,places,en,8,22.569685749999998,88.3544573,22.5684085,88.35561659999999,0,kol,Kolkata,2026-09-01T02:50:32.068961Z
ChIJlbR_pdV3AjoR9O3g6KmHoE8,Mission Cafe Restaurant,places,en,8,22.569685749999998,88.3544573,22.5682562,88.35544879999999,0,kol,Kolkata,2026-09-01T02:50:32.068965Z
ChIJMY1XH693AjoRAlQGyf3lsvM,New Taj Biryani Centre,places,en,8,22.569685749999998,88.3544573,22.5713226,88.35505780000001,0,kol,Kolkata,2026-09-01T02:50:32.068969Z
ChIJY7WOH6l3AjoRZ0A3BvVL9dE,Gupta Brothers - Chandni Chowk,places,en,8,22.569685749999998,88.3544573,22.568386099999998,88.35566969999999,0,kol,Kolkata,2026-09-01T02:50:32.068972Z
ChIJl3CFH6l3AjoRgGd1O9Nc8Z8,Broadway Bar & Restaurant,places,en,8,22.569685749999998,88.3544573,22.568379999999998,88.3556784,0,kol,Kolkata,2026-09-01T02:50:32.068975Z
ChIJz2CuGD53AjoRx_e8hOtl89o,Ravikant South Indian Food,places,en,8,22.569685749999998,88.3544573,22.5694609,88.3525883,0,kol,Kolkata,2026-09-01T02:50:32.068981Z
ChIJ9dwrnnt2AjoRsI77ltBm4Cg,Gupta Fast Food Center.,places,en,9,22.5715894,88.39332815,22.5714884,88.3943663,0,kol,Kolkata,2026-09-01T02:50:32.406409Z
ChIJ0YWa2T13AjoRMh1uA_rFNP0,Kichukkhon,places,en,9,22.5715894,88.39332815,22.5705912,88.39511639999999,0,kol,Kolkata,2026-09-01T02:50:32.406426Z
ChIJ1-hSvMd3AjoRY4tVonP2B1E,Bol BAM NASTA,places,en,9,22.5715894,88.39332815,22.570373099999998,88.39495269999999,0,kol,Kolkata,2026-09-01T02:50:32.406431Z
ChIJayBUGY53AjoRSab4QMbBgnE,The Loop Cafe & Restaurant,places,en,9,22.5715894,88.39332815,22.5722582,88.3913539,0,kol,Kolkata,2026-09-01T02:50:32.406435Z
ChIJ1YSUGcp3AjoRevhSZVP6kF8,Little Box,places,en,9,22.5715894,88.39332815,22.571932099999998,88.39112519999999,0,kol,Kolkata,2026-09-01T02:50:32.406439Z
ChIJ_adbiIp3AjoRIs1qodKLvO0,Rasu's The Spice Station pure veg,places,en,9,22.5715894,88.39332815,22.5721708,88.3905922,0,kol,Kolkata,2026-09-01T02:50:32.406443Z
ChIJx7Zmqex3AjoR4JNO0VZ01tg,Falam Cafe,places,en,9,22.5715894,88.39332815,22.5721575,88.39058460000001,0,kol,Kolkata,2026-09-01T02:50:32.406447Z
ChIJkZVM5Ht2AjoRIsy8NSQvK5M,New Zeeshan Biryani House,places,en,9,22.5715894,88.39332815,22.5712844,88.3961768,0,kol,Kolkata,2026-09-01T02:50:32.406451Z
ChIJfzWfYsZ3AjoRjAWuxbLn1ro,The Hunger's Stop,places,en,10,22.58584775,88.35690170000001,22.5865397,88.3563453,0,kol,Kolkata,2026-09-01T02:50:32.760398Z
ChIJ5SImPLZ3AjoReHNfSrVgRKs,Akash Square,places,en,10,22.58584775,88.35690170000001,22.586712499999997,88.356629,0,kol,Kolkata,2026-09-01T02:50:32.760440Z
ChIJzf3hNTl3AjoRhqsICBKTcZ4,SANTOSH CHAT CENTRE,places,en,10,22.58584775,88.35690170000001,22.5866234,88.3563547,0,kol,Kolkata,2026-09-01T02:50:32.760451Z
ChIJiUHZPLZ3AjoRTSG087VSCYM,Manasha Tiffin Stall,places,en,10,22.58584775,88.35690170000001,22.5868564,88.35654919999999,0,kol,Kolkata,2026-09-01T02:50:32.760460Z
ChIJ0RK2ykp2AjoRNY9HKTwGsqk,Gagan,places,en,10,22.58584775,88.35690170000001,22.5863339,88.3579329,0,kol,Kolkata,2026-09-01T02:50:32.760468Z
ChIJ_8wD4bV3AjoRNnIfW7alCoU,Kolkata Chat Centre,places,en,10,22.58584775,88.35690170000001,22.5861615,88.35810649999999,0,kol,Kolkata,2026-09-01T02:50:32.760475Z
ChIJw83Dm253AjoRZ_fBWbpOPpA,New Royal Biryani,places,en,10,22.58584775,88.35690170000001,22.5861521,88.3556489,0,kol,Kolkata,2026-09-01T02:50:32.760483Z
ChIJT1-ELxl3AjoRQoSMSKOPpAw,choudhury food products,places,en,10,22.58584775,88.35690170000001,22.5861877,88.3556038,0,kol,Kolkata,2026-09-01T02:50:32.760489Z
ChIJmUAr7CJ3AjoRKJFExbq9uRs,Ganpati Brothers,places,en,10,22.58584775,88.35690170000001,22.5865878,88.35816729999999,0,kol,Kolkata,2026-09-01T02:50:32.760496Z
ChIJrx7nqth3AjoRvFOCOPByK1w,Shyam's - Great Food,places,en,10,22.58584775,88.35690170000001,22.5866081,88.3581935,0,kol,Kolkata,2026-09-01T02:50:32.760503Z
ChIJZ5yLEgJ3AjoRdcYO5bAL--E,Bhikharam Chandmal Rajuji Head Office,places,en,10,22.58584775,88.35690170000001,22.5872821,88.3566431,0,kol,Kolkata,2026-09-01T02:50:32.760511Z
ChIJq0uDL7Z3AjoRqqMSf-1qu4s,Jain Surbhi,places,en,10,22.58584775,88.35690170000001,22.5871073,88.35598189999999,0,kol,Kolkata,2026-09-01T02:50:32.760517Z
ChIJT6GXr7d3AjoRmkcWzjntRfE,New Punjab Khalsa Hindu Hotel,places,en,10,22.58584775,88.35690170000001,22.585847599999997,88.35523119999999,0,kol,Kolkata,2026-09-01T02:50:32.760524Z
ChIJ0_Rv2893AjoRq3PAE2pp0uo,Satyanarayan Bhojnalaya,places,en,10,22.58584775,88.35690170000001,22.586586999999998,88.355327,0,kol,Kolkata,2026-09-01T02:50:32.760531Z
ChIJBQKItbd3AjoRC2xnaJwLuNI,Prabhuji Pure Food,places,en,10,22.58584775,88.35690170000001,22.5859185,88.3550284,0,kol,Kolkata,2026-09-01T02:50:32.760539Z
ChIJlcnyHgB3AjoRHzkbzmhUfBc,15 b kalakar Street,places,en,10,22.58584775,88.35690170000001,22.5846765,88.35530229999999,0,kol,Kolkata,2026-09-01T02:50:32.760549Z
ChIJdaJGnal3AjoRnsJjBfXw8Yo,Kashi Fast Food,places,en,10,22.58584775,88.35690170000001,22.585357600000002,88.354908,0,kol,Kolkata,2026-09-01T02:50:32.760555Z
ChIJu28eIAB3AjoR2rItoKnIckA,SWADESI - THE CHAAT नगरी,places,en,10,22.58584775,88.35690170000001,22.5852851,88.35487649999999,0,kol,Kolkata,2026-09-01T02:50:32.760563Z
ChIJ5yqwas53AjoRzNIoy1fnQyY,Aakash Sandwich Shoap Malapara kolkata,places,en,10,22.58584775,88.35690170000001,22.586892499999998,88.3550724,0,kol,Kolkata,2026-09-01T02:50:32.760570Z
ChIJL03xqLd3AjoRaUr27Sk8YT8,Jhumarlal Chowdhury Bhujiawala,places,en,10,22.58584775,88.35690170000001,22.584880500000004,88.3549932,0,kol,Kolkata,2026-09-01T02:50:32.760576Z
ChIJ1b9nk8p3AjoRTEIseMqrEq8,Rajdhani Rassoi,places,en,12,22.5409585,88.36690005,22.5409878,88.36715989999999,0,kol,Kolkata,2026-09-01T02:50:33.530181Z
ChIJvUxwjZN3AjoRvw0ql7F4q88,Space House,places,en,12,22.5409585,88.36690005,22.5406793,88.3671284,0,kol,Kolkata,2026-09-01T02:50:33.530221Z
ChIJlUdv3HJ3AjoRGEAUC-6VaVw,K3i Bistro & Lounge,places,en,12,22.5409585,88.36690005,22.5406793,88.3671284,0,kol,Kolkata,2026-09-01T02:50:33.530226Z
ChIJkVMHluB2AjoRkZyBFG27E_o,Nafeel Restaurant,places,en,12,22.5409585,88.36690005,22.540893999999998,88.3661149,0,kol,Kolkata,2026-09-01T02:50:33.530229Z
ChIJRVggUud2AjoRlsZwaGgXtUM,Charcoal Grill,places,en,12,22.5409585,88.36690005,22.5410024,88.36783679999999,0,kol,Kolkata,2026-09-01T02:50:33.530232Z
ChIJ2bkAkuB2AjoRYMLchFqZWk4,ZEESHAN,places,en,12,22.5409585,88.36690005,22.541447200000004,88.36598579999999,0,kol,Kolkata,2026-09-01T02:50:33.530235Z
ChIJjevrESR3AjoRCAl7Y9gqpoQ,Bismillah Fast food,places,en,12,22.5409585,88.36690005,22.5400655,88.3663796,0,kol,Kolkata,2026-09-01T02:50:33.530237Z
ChIJPUKv3Dp3AjoRG0_dNCFpjXc,Hayat Restaurant,places,en,12,22.5409585,88.36690005,22.5412775,88.3681179,0,kol,Kolkata,2026-09-01T02:50:33.530240Z
ChIJ6WRbo-F2AjoRU1jvDwoIi1k,Park Roll Corner,places,en,12,22.5409585,88.36690005,22.5413461,88.3681258,0,kol,Kolkata,2026-09-01T02:50:33.530242Z
ChIJKThYhOB2AjoRvBbZ4NNS-f8,7 Point Alfaham,places,en,12,22.5409585,88.36690005,22.540602,88.36565999999999,0,kol,Kolkata,2026-09-01T02:50:33.530245Z
ChIJJdy8EtJ3AjoRuzKG0S9kH0Q,Chai Suttaa Multi Cuisine,places,en,12,22.5409585,88.36690005,22.5416983,88.3680084,0,kol,Kolkata,2026-09-01T02:50:33.530248Z
ChIJIyIjAyF3AjoRWXV5dD0R5Wo,Adil Biryani restaurant,places,en,12,22.5409585,88.36690005,22.5414283,88.3655364,0,kol,Kolkata,2026-09-01T02:50:33.530250Z
ChIJm3VkQCd3AjoROpY2jdv7ylY,Jeremy's,places,en,12,22.5409585,88.36690005,22.5406865,88.3654486,0,kol,Kolkata,2026-09-01T02:50:33.530253Z
ChIJq6qq2t12AjoRvyqwtgaREPE,Royal Indian Restaurant,places,en,12,22.5409585,88.36690005,22.540819700000004,88.3653868,0,kol,Kolkata,2026-09-01T02:50:33.530255Z
ChIJTxVs8-B2AjoRD_P38qsdJYY,Emperor's cafe & Restaurant,places,en,12,22.5409585,88.36690005,22.5417046,88.3655771,0,kol,Kolkata,2026-09-01T02:50:33.530258Z
ChIJ94mdI413AjoRjL6iWz9L_uU,THE SMOKE SIGNAL CAFE & RESTAURANT,places,en,12,22.5409585,88.36690005,22.541678299999997,88.3654985,0,kol,Kolkata,2026-09-01T02:50:33.530260Z
ChIJGW7V1eR3AjoRYIsS2W84Skk,NG I Love Biryani,places,en,12,22.5409585,88.36690005,22.540432499999998,88.365397,0,kol,Kolkata,2026-09-01T02:50:33.530263Z
ChIJj32QnKl3AjoRIgooYhnVtEQ,The Pizza Point,places,en,12,22.5409585,88.36690005,22.5413665,88.36852569999999,0,kol,Kolkata,2026-09-01T02:50:33.530266Z
ChIJd9px8-B2AjoRYYWOHkJNg04,Aliah Restaurant & Banquet,places,en,12,22.5409585,88.36690005,22.541707,88.365383,0,kol,Kolkata,2026-09-01T02:50:33.530268Z
ChIJb3cmHEl3AjoRBpka33OId6Y,Tikka biryani,places,en,12,22.5409585,88.36690005,22.540360699999997,88.3653065,0,kol,Kolkata,2026-09-01T02:50:33.530271Z
ChIJP6VrkFJxAjoRlWq-7X1sATk,Momo Wala's Kitchen,places,en,13,22.49982515,88.3543736,22.500066699999998,88.35461099999999,0,kol,Kolkata,2026-09-01T02:50:33.879862Z
ChIJhawAM-JxAjoRC32xuOYWdAI,Somnath's Shop,places,en,13,22.49982515,88.3543736,22.499909,88.3547615,0,kol,Kolkata,2026-09-01T02:50:33.879895Z
ChIJy9YELgBxAjoRVKmI_B51TAk,1/87 Haripada dutta lane Rajendra Prasad colony,places,en,13,22.49982515,88.3543736,22.499508499999997,88.355244,0,kol,Kolkata,2026-09-01T02:50:33.879901Z
ChIJ5T_Lo4pxAjoRqsetydtPp8U,M.S Kitchen,places,en,13,22.49982515,88.3543736,22.4994811,88.3552471,0,kol,Kolkata,2026-09-01T02:50:33.879907Z
ChIJqTEa0o9xAjoR2oIIhdafmCk,Cheenaman,places,en,13,22.49982515,88.3543736,22.4988721,88.35474719999999,0,kol,Kolkata,2026-09-01T02:50:33.879911Z
ChIJpR6uNdtwAjoRW5i5Dy3TRBg,Golf Cabin,places,en,13,22.49982515,88.3543736,22.499908899999998,88.3532634,0,kol,Kolkata,2026-09-01T02:50:33.879914Z
ChIJE1GvgONxAjoRyPvf_ZFGD9U,Madly Momos,places,en,13,22.49982515,88.3543736,22.4988112,88.35476249999999,0,kol,Kolkata,2026-09-01T02:50:33.879917Z
ChIJd5JcT9JxAjoRRjSpbM6XXsg,RED LETTER CATERING,places,en,13,22.49982515,88.3543736,22.4988743,88.3549324,0,kol,Kolkata,2026-09-01T02:50:33.879921Z
ChIJN9eoO1xxAjoR2xKiBk0u-Vk,It's My Life,places,en,13,22.49982515,88.3543736,22.498786799999998,88.3547616,0,kol,Kolkata,2026-09-01T02:50:33.879925Z
ChIJvd-m0YhxAjoRYC6aEZch9NA,GHARER KHABAR,places,en,13,22.49982515,88.3543736,22.4992688,88.3532127,0,kol,Kolkata,2026-09-01T02:50:33.879928Z
ChIJrQSbr_JxAjoRmNmsJPjuRcU,Best Home Canteen Tollygunge,places,en,13,22.49982515,88.3543736,22.500628499999998,88.3554654,0,kol,Kolkata,2026-09-01T02:50:33.879931Z
ChIJIwCot-RxAjoRQT1dUacJN3M,BDS9,places,en,13,22.49982515,88.3543736,22.5007679,88.3533425,0,kol,Kolkata,2026-09-01T02:50:33.879935Z
ChIJM8DC41BxAjoR4h6P0o3XfXU,Oven to plate,places,en,13,22.49982515,88.3543736,22.500238,88.3529212,0,kol,Kolkata,2026-09-01T02:50:33.879937Z
ChIJ4X4IoMJxAjoRMhoK57aWGpk,M/S MAMATA NASKAR,places,en,13,22.49982515,88.3543736,22.498441399999997,88.3536879,0,kol,Kolkata,2026-09-01T02:50:33.879941Z
ChIJjxQhCwBxAjoR4b49Z52rA9I,Prince golam Mohammad Shah road,places,en,13,22.49982515,88.3543736,22.498430199999998,88.3537005,0,kol,Kolkata,2026-09-01T02:50:33.879944Z
ChIJj6QnrppxAjoRI6I-A-cx0gE,BAISHE DASHABHUJA,places,en,13,22.49982515,88.3543736,22.4984516,88.3533805,0,kol,Kolkata,2026-09-01T02:50:33.879947Z
ChIJk2irH8lxAjoRF80WkseXsnU,Canteen@601,places,en,13,22.49982515,88.3543736,22.498454,88.353371,0,kol,Kolkata,2026-09-01T02:50:33.879950Z
ChIJA9rrR-dxAjoR-2ubupUPrAY,The Kerbside Café,places,en,13,22.49982515,88.3543736,22.4983698,88.35341059999999,0,kol,Kolkata,2026-09-01T02:50:33.879953Z
ChIJpcMeYtNxAjoR_QFRlOg6dVw,Taste Trip,places,en,13,22.49982515,88.3543736,22.5018899,88.3545357,0,kol,Kolkata,2026-09-01T02:50:33.879956Z
ChIJ61T_hwt3AjoRduWLqS1qMZc,Nusrat's - Taste the Difference,places,en,13,22.49982515,88.3543736,22.501889499999997,88.3545439,0,kol,Kolkata,2026-09-01T02:50:33.879959Z
ChIJ8Tzz5c52AjoRMVY4RXMzRFU,Home Made Foods,places,en,14,22.5255048,88.37577425,22.524594900000004,88.37572259999999,0,kol,Kolkata,2026-09-01T02:50:34.317615Z
ChIJxyLO-EN3AjoROoNV_hfGuuk,Yummy Snacks,places,en,14,22.5255048,88.37577425,22.5267467,88.37577449999999,0,kol,Kolkata,2026-09-01T02:50:34.317647Z
ChIJAVr5Hlt3AjoRsSYb9lMW4Lk,Rahul Kitchen,places,en,14,22.5255048,88.37577425,22.5241276,88.3760064,0,kol,Kolkata,2026-09-01T02:50:34.317653Z
ChIJz3lARQB3AjoRrN_Bbfi-k0s,Lal mirchi Anita family Restaurant,places,en,14,22.5255048,88.37577425,22.5273328,88.37536349999999,0,kol,Kolkata,2026-09-01T02:50:34.317658Z
ChIJGV1AUwB3AjoR916SJAHS3Ps,FAST FOOD STORE,places,en,14,22.5255048,88.37577425,22.527323,88.3749362,0,kol,Kolkata,2026-09-01T02:50:34.317662Z
ChIJjS8I8z53AjoRO1vNRm1VUxs,Prayangraj Milk House,places,en,14,22.5255048,88.37577425,22.523379,88.3766902,0,kol,Kolkata,2026-09-01T02:50:34.317666Z
ChIJ7ylxq6Z3AjoRHhJ5hx1WVBg,Calcutta Days,places,en,14,22.5255048,88.37577425,22.5238987,88.37764779999999,0,kol,Kolkata,2026-09-01T02:50:34.317670Z
ChIJV8JaEz53AjoRqEBsm46RMOY,S B WATER SUPPLY,places,en,14,22.5255048,88.37577425,22.5240989,88.37347179999999,0,kol,Kolkata,2026-09-01T02:50:34.317673Z
ChIJH2LehfJ3AjoRbmLsiWK_CRk,Maa Kali Food Corner,places,en,14,22.5255048,88.37577425,22.527446599999998,88.3739528,0,kol,Kolkata,2026-09-01T02:50:34.317677Z
ChIJ6Ud7yI53AjoRz61Q_HBmNOs,CRAVING CORNER,places,en,14,22.5255048,88.37577425,22.5252026,88.3785515,0,kol,Kolkata,2026-09-01T02:50:34.317680Z
ChIJe6yzIVN2AjoRERcPslMGfbo,South Indian Restaurant,places,en,15,22.54006325,88.36486215,22.5403232,88.36512379999999,0,kol,Kolkata,2026-09-01T02:50:34.689845Z
ChIJkTrdc4h3AjoRJ0FBLB8CbNA,TAMANNA FAMILY RESTAURANT,places,en,15,22.54006325,88.36486215,22.5403858,88.3650461,0,kol,Kolkata,2026-09-01T02:50:34.689879Z
ChIJ6dfnQjh3AjoRTN0T6YVN_dM,Punjabi Tarkaa (Tadka),places,en,15,22.54006325,88.36486215,22.5404753,88.364696,0,kol,Kolkata,2026-09-01T02:50:34.689884Z
ChIJMeg0eAB3AjoRFNeQLDG2J_A,Snacks Hunger House,places,en,15,22.54006325,88.36486215,22.540266,88.3653115,0,kol,Kolkata,2026-09-01T02:50:34.689888Z
ChIJv9bngOB2AjoR4jMpIg8Wh7I,Zam Zam Restaurant,places,en,15,22.54006325,88.36486215,22.540360699999997,88.3653065,0,kol,Kolkata,2026-09-01T02:50:34.689893Z
ChIJC5JN5L53AjoRkMLzYDpjQzE,Zohran Restaurant,places,en,15,22.54006325,88.36486215,22.5406715,88.3650052,0,kol,Kolkata,2026-09-01T02:50:34.689901Z
ChIJsTjEFFd3AjoRwust7NVCadA,Wat Else,places,en,15,22.54006325,88.36486215,22.540776899999997,88.36491090000001,0,kol,Kolkata,2026-09-01T02:50:34.689904Z
ChIJt_JSjlZ3AjoRrmcZ70xOOdY,Ruslaan Restaurant,places,en,15,22.54006325,88.36486215,22.540776899999997,88.36491099999999,0,kol,Kolkata,2026-09-01T02:50:34.689907Z
ChIJuczCJQB3AjoRRb-o8uX1LPo,khanaposhi,places,en,15,22.54006325,88.36486215,22.540850499999998,88.36441620000001,0,kol,Kolkata,2026-09-01T02:50:34.689911Z
ChIJh4IxR9R3AjoRK_XBjvusOF0,Bytez Cafe and Lounge,places,en,15,22.54006325,88.36486215,22.5410932,88.36516639999999,0,kol,Kolkata,2026-09-01T02:50:34.689915Z
ChIJXTujFzl3AjoRrAhbuDQHsDc,Baitul Laham,places,en,15,22.54006325,88.36486215,22.539098799999998,88.3643015,0,kol,Kolkata,2026-09-01T02:50:34.689918Z
ChIJ7cUd5IZ3AjoR7qw0h1JcC_M,Elahi Luxury Dining,places,en,15,22.54006325,88.36486215,22.5411586,88.36488349999999,0,kol,Kolkata,2026-09-01T02:50:34.689921Z
ChIJ62KEOwB3AjoRCtfOf2823-E,Al Habib Restaurant,places,en,15,22.54006325,88.36486215,22.539046799999998,88.36427809999999,0,kol,Kolkata,2026-09-01T02:50:34.689925Z
ChIJK-U-kft3AjoRsQNDTi8WizQ,Momin,places,en,15,22.54006325,88.36486215,22.5390467,88.3642782,0,kol,Kolkata,2026-09-01T02:50:34.689928Z
ChIJ57oCwjp3AjoRPzZevURnLNk,Shahz Cafe Dosa,places,en,15,22.54006325,88.36486215,22.539415599999998,88.3659447,0,kol,Kolkata,2026-09-01T02:50:34.689931Z
ChIJIxnnhe1xAjoRKBVvTU4bXsE,The Local Table,places,en,16,22.5036938,88.35548745,22.5037745,88.35574539999999,0,kol,Kolkata,2026-09-01T02:50:35.046827Z
ChIJ5QaRg9pwAjoRRl1MUCCUvCY,Bubai Kochuri Center,places,en,16,22.5036938,88.35548745,22.503901799999998,88.35524079999999,0,kol,Kolkata,2026-09-01T02:50:35.046868Z
ChIJpy-rECNxAjoREeKSz-O4TQA,CALCUTTA 45,places,en,16,22.5036938,88.35548745,22.5041405,88.35520439999999,0,kol,Kolkata,2026-09-01T02:50:35.046879Z
ChIJJ7IDp9FxAjoR0jEO4AguDek,kilbil,places,en,16,22.5036938,88.35548745,22.502970899999998,88.3552418,0,kol,Kolkata,2026-09-01T02:50:35.046888Z
ChIJPWaZSHBxAjoRVRO7HEfGSi0,Red Pitcher,places,en,16,22.5036938,88.35548745,22.503194699999998,88.3562767,0,kol,Kolkata,2026-09-01T02:50:35.046901Z
ChIJj-8M7dpwAjoRhWc3yhtuH4o,New Mayur,places,en,16,22.5036938,88.35548745,22.5025261,88.3552466,0,kol,Kolkata,2026-09-01T02:50:35.046909Z
ChIJi9Ad8bZxAjoRVUE0xTQ1psc,Wah! Puchka-lake garden,places,en,16,22.5036938,88.35548745,22.5038399,88.3541287,0,kol,Kolkata,2026-09-01T02:50:35.046916Z
ChIJGaMvpOBxAjoRFirp8j1WzIk,ILLUMINATI Cafe ‘n’ Restaurant,places,en,16,22.5036938,88.35548745,22.503981,88.3568416,0,kol,Kolkata,2026-09-01T02:50:35.046923Z
ChIJ3XNW08dxAjoRe9wnmT7HLA0,Bhaja Raja,places,en,16,22.5036938,88.35548745,22.5029674,88.35667289999999,0,kol,Kolkata,2026-09-01T02:50:35.046931Z
ChIJbVbM0dpwAjoRdRBTRNK0bf4,"AVENTURE ACTIVITIES BEST ISP (CABLE BROADBAND ALLIANCE,WISHNET,SITICABLE )BEST TOUR OPERATOR IN SOUTH KOLKATA",places,en,16,22.5036938,88.35548745,22.502846400000003,88.3540845,0,kol,Kolkata,2026-09-01T02:50:35.046938Z
ChIJzyW1RlZxAjoRC5dQ8uc_RVc,Ahare Bahare Mita's Kitchen,places,en,16,22.5036938,88.35548745,22.5038302,88.35376199999999,0,kol,Kolkata,2026-09-01T02:50:35.046945Z
ChIJB1nD2gxxAjoRnmTctYE71Pg,Sixtyml,places,en,16,22.5036938,88.35548745,22.5030389,88.3570549,0,kol,Kolkata,2026-09-01T02:50:35.046953Z
ChIJV-cnbd1xAjoR53rsPg17EIw,AR Hunger Hub,places,en,16,22.5036938,88.35548745,22.5030367,88.357055,0,kol,Kolkata,2026-09-01T02:50:35.046960Z
ChIJ1U6pWdpwAjoRPscivab-CkQ,Dada Boudi,places,en,16,22.5036938,88.35548745,22.502075299999998,88.3556736,0,kol,Kolkata,2026-09-01T02:50:35.046966Z
ChIJnZ63K8lxAjoRNOb2sStflVQ,Suzu's kitchen,places,en,16,22.5036938,88.35548745,22.504858799999997,88.35697429999999,0,kol,Kolkata,2026-09-01T02:50:35.046982Z
ChIJP1wYJnBxAjoRJypTX-O5K1g,Cross lane,places,en,16,22.5036938,88.35548745,22.502110300000002,88.3564257,0,kol,Kolkata,2026-09-01T02:50:35.046989Z
ChIJWTWDRdpwAjoR0EqvZyKL3UA,THE BURGER CO,places,en,16,22.5036938,88.35548745,22.5019748,88.3562649,0,kol,Kolkata,2026-09-01T02:50:35.046996Z
ChIJF17SegBxAjoRquBF62oI7cw,Soul and Spice - The Chinese Restaurant,places,en,16,22.5036938,88.35548745,22.5027477,88.3573357,0,kol,Kolkata,2026-09-01T02:50:35.047003Z
ChIJE9m1kGRxAjoRqqZUOu3RoxE,Wok Up,places,en,17,22.50377015,88.3596719,22.503057899999998,88.36042820000002,0,kol,Kolkata,2026-09-01T02:50:35.433737Z
ChIJl9_nRqhxAjoROs6BAAvzFEs,Ni Hao 007,places,en,17,22.50377015,88.3596719,22.5033535,88.36081,0,kol,Kolkata,2026-09-01T02:50:35.433782Z
ChIJueaWxMRxAjoR5xyb2FGQrQc,Delight Biites,places,en,17,22.50377015,88.3596719,22.5033459,88.3608161,0,kol,Kolkata,2026-09-01T02:50:35.433793Z
ChIJZ92yMwBxAjoRkSugbsT6DVM,Bougainvillea Cafe & Bistro,places,en,17,22.50377015,88.3596719,22.5026367,88.3592197,0,kol,Kolkata,2026-09-01T02:50:35.433805Z
ChIJE3SOQt9xAjoRPobrRAup93M,Apna Thaliwala,places,en,17,22.50377015,88.3596719,22.5032528,88.3608836,0,kol,Kolkata,2026-09-01T02:50:35.433816Z
ChIJYaCPTTBxAjoRzjO2GNoY868,Morich Phool,places,en,17,22.50377015,88.3596719,22.5032441,88.3608824,0,kol,Kolkata,2026-09-01T02:50:35.433824Z
ChIJgWuycgB3AjoR155KKRRSPzU,Sultan cafe,places,en,18,22.537131549999998,88.3611368,22.5371578,88.3611035,0,kol,Kolkata,2026-09-01T02:50:35.896171Z
ChIJ6dVLzXt3AjoRLZkY1b0_uig,CLOUD@9,places,en,18,22.537131549999998,88.3611368,22.5375126,88.3609312,0,kol,Kolkata,2026-09-01T02:50:35.896215Z
ChIJj0Dvojh3AjoR-EGk-uvWJuY,Ahmed's Biryani,places,en,18,22.537131549999998,88.3611368,22.5378069,88.3613787,0,kol,Kolkata,2026-09-01T02:50:35.896228Z
ChIJT4gdmiF3AjoRrsLz118FiX8,Mainland China,places,en,18,22.537131549999998,88.3611368,22.536984099999998,88.3595161,0,kol,Kolkata,2026-09-01T02:50:35.896237Z
ChIJMf1ZCkB3AjoRZU_PHsGDE58,BON FRY BOX,places,en,18,22.537131549999998,88.3611368,22.53775,88.3628629,0,kol,Kolkata,2026-09-01T02:50:35.896245Z
ChIJx6m0u0F3AjoRALpBVU9AAzo,Marhaba Food Center,places,en,18,22.537131549999998,88.3611368,22.538903899999998,88.36146029999999,0,kol,Kolkata,2026-09-01T02:50:35.896252Z
ChIJHY6otRV3AjoRJ_bdhJNIjKc,Faizan restaurant,places,en,18,22.537131549999998,88.3611368,22.5391761,88.36124579999999,0,kol,Kolkata,2026-09-01T02:50:35.896260Z
ChIJvSvjsyF3AjoRdjxp9VHwCzw,hotel beckbagan,places,en,18,22.537131549999998,88.3611368,22.5391828,88.3606038,0,kol,Kolkata,2026-09-01T02:50:35.896268Z
ChIJkWr__PZ3AjoRV6wVO-44is4,Bot Burger,places,en,18,22.537131549999998,88.3611368,22.539113,88.362021,0,kol,Kolkata,2026-09-01T02:50:35.896275Z
ChIJ8V-4ECB3AjoR6V46fu9yeoQ,Noodles Kitchen,places,en,18,22.537131549999998,88.3611368,22.539426,88.3619379,0,kol,Kolkata,2026-09-01T02:50:35.896282Z
ChIJwcgUgyF3AjoREGgQICxTdAc,Govinda's,places,en,18,22.537131549999998,88.3611368,22.5373424,88.35844519999999,0,kol,Kolkata,2026-09-01T02:50:35.896289Z
ChIJAYhPo992AjoRNiLE2hvWgLA,Gupta Brothers Shudh Veg Food Court,places,en,18,22.537131549999998,88.3611368,22.5372704,88.3638455,0,kol,Kolkata,2026-09-01T02:50:35.896296Z
ChIJ4ecNcHR3AjoRPq8aZwMqL7I,Avenue Hotels,places,en,18,22.537131549999998,88.3611368,22.538130499999998,88.3584992,0,kol,Kolkata,2026-09-01T02:50:35.896304Z
ChIJ096bQu13AjoR0ylvsbBBzQk,BREEZE The Sky Lounge (Private Space Available for Ceremonies),places,en,18,22.537131549999998,88.3611368,22.5382273,88.3585411,0,kol,Kolkata,2026-09-01T02:50:35.896311Z
ChIJhYv7FqR3AjoRJF77pHm6a2w,Supper Me,places,en,18,22.537131549999998,88.3611368,22.5383699,88.3586138,0,kol,Kolkata,2026-09-01T02:50:35.896318Z
ChIJO0aqUnh3AjoRjrY5yZWITOM,Xpress Korner,places,en,18,22.537131549999998,88.3611368,22.538234799999998,88.3585019,0,kol,Kolkata,2026-09-01T02:50:35.896324Z
ChIJ8_bW3V93AjoR4p3FGyTRN3U,Puchka Rowland Road,places,en,18,22.537131549999998,88.3611368,22.537938800000003,88.3583771,0,kol,Kolkata,2026-09-01T02:50:35.896331Z
ChIJ33gS-bB3AjoR8zazrXlYizg,পিৎজা সেন্টার Pizza Centre,places,en,18,22.537131549999998,88.3611368,22.5398152,88.3610875,0,kol,Kolkata,2026-09-01T02:50:35.896339Z
ChIJgY0IrZp3AjoRI8uGcs4-Py8,Biryani 24,places,en,18,22.537131549999998,88.3611368,22.5397833,88.3606291,0,kol,Kolkata,2026-09-01T02:50:35.896345Z
ChIJ44T1CgBxAjoRJkmfQhDb5Zo,Mishran,places,en,19,22.50089395,88.35852875,22.500929799999998,88.35783909999999,0,kol,Kolkata,2026-09-01T02:50:36.264783Z
ChIJ8-uFuXpxAjoRKoGqbiNXeSo,Alffas,places,en,19,22.50089395,88.35852875,22.500929799999998,88.35783909999999,0,kol,Kolkata,2026-09-01T02:50:36.264822Z
ChIJPz4Ws7RxAjoRx31Wwy9WgYI,Yucca Cafe & Bistro,places,en,19,22.50089395,88.35852875,22.500960700000004,88.3578137,0,kol,Kolkata,2026-09-01T02:50:36.264834Z
ChIJG7F_HABxAjoRw-Pb7z0vhTs,IDLY BOY - Best South Indian Food in Lake Gardens,places,en,19,22.50089395,88.35852875,22.5012541,88.3578239,0,kol,Kolkata,2026-09-01T02:50:36.264842Z
ChIJ20Sl1NNxAjoRMnTyf0xuHpk,RAFF'S F9 (Lords more),places,en,19,22.50089395,88.35852875,22.5012541,88.3578239,0,kol,Kolkata,2026-09-01T02:50:36.264851Z
ChIJDwoBK3txAjoRjD3y4kieRuw,CHINESE BITE,places,en,19,22.50089395,88.35852875,22.501098799999998,88.3576097,0,kol,Kolkata,2026-09-01T02:50:36.264858Z
ChIJ_Wgk0dtwAjoRuWqn3ikWipk,স্বপ্নাঞ্জলি জুয়েলার্স,places,en,19,22.50089395,88.35852875,22.500819399999997,88.3574792,0,kol,Kolkata,2026-09-01T02:50:36.264867Z
ChIJUUfHQ3JxAjoRqbrhUERz8cE,Hotel Rani,places,en,19,22.50089395,88.35852875,22.501432599999998,88.35764669999999,0,kol,Kolkata,2026-09-01T02:50:36.264874Z
ChIJ71mEuOFwAjoRlz552Eu_24A,HATARI GOLF GREEN RESTAURANT,places,en,19,22.50089395,88.35852875,22.501422299999998,88.35763410000001,0,kol,Kolkata,2026-09-01T02:50:36.264881Z
ChIJr2peNlBxAjoRD1lvICrbU7o,"Go Twins, The night coffee cafe and Hookah rental store",places,en,19,22.50089395,88.35852875,22.501925699999997,88.358339,0,kol,Kolkata,2026-09-01T02:50:36.264888Z
ChIJ3RDmKQBxAjoRcDjb9DhqpL0,Club Restaurant,places,en,19,22.50089395,88.35852875,22.5006475,88.35961759999999,0,kol,Kolkata,2026-09-01T02:50:36.264895Z
ChIJgY5ohtlwAjoRMPqXc5KRmGE,Sudipa Biriyani,places,en,19,22.50089395,88.35852875,22.5018991,88.3581425,0,kol,Kolkata,2026-09-01T02:50:36.264902Z
ChIJiag0MwRxAjoRjNVYAitmw84,Anima Biryani,places,en,19,22.50089395,88.35852875,22.501899299999998,88.35801769999999,0,kol,Kolkata,2026-09-01T02:50:36.264909Z
ChIJzdzEKNpwAjoRNVKpzkjmNVM,Wrap N' Roll,places,en,19,22.50089395,88.35852875,22.5016899,88.3576504,0,kol,Kolkata,2026-09-01T02:50:36.264916Z
ChIJyXWr-FRxAjoRVqEj-ihLURA,Food Court South City,places,en,19,22.50089395,88.35852875,22.5006204,88.3597027,0,kol,Kolkata,2026-09-01T02:50:36.264922Z
ChIJL8MYKdpwAjoR9p4CIeOjjR0,Shawarma Nation,places,en,19,22.50089395,88.35852875,22.5017483,88.3576777,0,kol,Kolkata,2026-09-01T02:50:36.264929Z
ChIJwd94XrpxAjoRmVvw3Mj29vw,Meals On Wheels,places,en,19,22.50089395,88.35852875,22.501871899999998,88.3578397,0,kol,Kolkata,2026-09-01T02:50:36.264936Z
ChIJqSS3YspxAjoRYOHcp3HHY60,Doklam,places,en,19,22.50089395,88.35852875,22.501777999999998,88.357658,0,kol,Kolkata,2026-09-01T02:50:36.264945Z
ChIJU_xD0t5xAjoRsCmGcVWiNQc,POPULAR SOUTH INDIAN,places,en,19,22.50089395,88.35852875,22.5018206,88.35932430000001,0,kol,Kolkata,2026-09-01T02:50:36.264951Z
ChIJPznKLtpwAjoRpUFi7W735Xk,Saha Biriyani & Caterer,places,en,19,22.50089395,88.35852875,22.5017963,88.35764999999999,0,kol,Kolkata,2026-09-01T02:50:36.264958Z
ChIJz1vrIwBxAjoRjWtshAQfOOY,Aahare mon (আহারে মন),places,en,20,22.509173150000002,88.36913185,22.509954999999998,88.369793,0,kol,Kolkata,2026-09-01T02:50:36.626838Z
ChIJx3qKvuVxAjoRPRSg8vcmBPk,7 Spice Resturant & Cataring,places,en,20,22.509173150000002,88.36913185,22.509954999999998,88.369793,0,kol,Kolkata,2026-09-01T02:50:36.626870Z
ChIJx8n5rC5xAjoRfcrNxFpV4jw,SURANDHAN,places,en,20,22.509173150000002,88.36913185,22.509552199999998,88.3678535,0,kol,Kolkata,2026-09-01T02:50:36.626877Z
ChIJNV80sy5xAjoR5iObejgkx9o,Khusi South Indian Food Plaza,places,en,20,22.509173150000002,88.36913185,22.509175799999998,88.36776259999999,0,kol,Kolkata,2026-09-01T02:50:36.626885Z
ChIJrXV_yi5xAjoRkXiH_dL0tFo,Roy Hotel,places,en,20,22.509173150000002,88.36913185,22.508872999999998,88.3677333,0,kol,Kolkata,2026-09-01T02:50:36.626892Z
ChIJ53yAXgBxAjoREddMG-2vggc,Koushik fast food shop,places,en,20,22.509173150000002,88.36913185,22.5089312,88.36768610000001,0,kol,Kolkata,2026-09-01T02:50:36.626896Z
ChIJ97MoUSpxAjoRM5zDTSY1mOU,"Total Food Mart - Fresh Chicken, Eggs & Veg delights in Dhakuria",places,en,20,22.509173150000002,88.36913185,22.5099391,88.370375,0,kol,Kolkata,2026-09-01T02:50:36.626900Z
ChIJK9dI0S5xAjoRb8k1sY2YXcM,Dish Chase The Flavours,places,en,20,22.509173150000002,88.36913185,22.5081451,88.3680953,0,kol,Kolkata,2026-09-01T02:50:36.626905Z
ChIJZXYjqMRxAjoRJXKI3rPrvcs,লক্ষী কাকিমার পকোড়া,places,en,20,22.509173150000002,88.36913185,22.5092912,88.36760389999999,0,kol,Kolkata,2026-09-01T02:50:36.626909Z
ChIJv651M-NxAjoRXhTkDaUPqvw,Debu Fast Food Center(Arpan),places,en,20,22.509173150000002,88.36913185,22.5091806,88.3675841,0,kol,Kolkata,2026-09-01T02:50:36.626913Z
ChIJBaStv5ZxAjoRMlx2-5DoSeM,Loknath Fast Food Center,places,en,20,22.509173150000002,88.36913185,22.509981699999997,88.36784709999999,0,kol,Kolkata,2026-09-01T02:50:36.626917Z
ChIJmxjr1axxAjoR0BMLKt86iis,Om The Stol,places,en,20,22.509173150000002,88.36913185,22.5086739,88.36761419999999,0,kol,Kolkata,2026-09-01T02:50:36.626921Z
ChIJRS-p-9xxAjoRiemkG5Odlsc,Kebab Station,places,en,20,22.509173150000002,88.36913185,22.508608700000003,88.3676049,0,kol,Kolkata,2026-09-01T02:50:36.626925Z
ChIJR3NwaABxAjoRNDGQEx_XeZc,Momo Place,places,en,20,22.509173150000002,88.36913185,22.5085704,88.3675975,0,kol,Kolkata,2026-09-01T02:50:36.626929Z
ChIJnXqoTSlxAjoR-YXWZuQm0ns,Padma Parer Bhuribhoj,places,en,20,22.509173150000002,88.36913185,22.509434499999998,88.36748039999999,0,kol,Kolkata,2026-09-01T02:50:36.626932Z
ChIJrxgaSrlxAjoRqPi9viXkxB0,HAJI BIRYANI,places,en,20,22.509173150000002,88.36913185,22.509237900000002,88.3673149,0,kol,Kolkata,2026-09-01T02:50:36.626936Z
ChIJY5JDzKNxAjoRfBgQkNdnaEc,Mrittika Fast Food,places,en,20,22.509173150000002,88.36913185,22.5094903,88.370959,0,kol,Kolkata,2026-09-01T02:50:36.626941Z
ChIJrSOPIj1xAjoRoQsavJhfv_k,Dui Bon Food Stall,places,en,20,22.509173150000002,88.36913185,22.5103087,88.3705523,0,kol,Kolkata,2026-09-01T02:50:36.626945Z
ChIJ_Z5oSitxAjoR3W6SKUxMyd4,Bawarchi,places,en,20,22.509173150000002,88.36913185,22.508685099999997,88.36731240000002,0,kol,Kolkata,2026-09-01T02:50:36.626949Z
ChIJCz-a0y5xAjoRBLFPjB3LXWg,Lokenath Snacks,places,en,20,22.509173150000002,88.36913185,22.5078317,88.3678067,0,kol,Kolkata,2026-09-01T02:50:36.626953Z
ChIJ9QpO5FlxAjoRvS2QbGg_MbU,Pocha Mach Store,places,en,21,22.50392235,88.35369184999999,22.5035915,88.3530151,0,kol,Kolkata,2026-09-01T02:50:36.978956Z
ChIJszQTLHBxAjoRNBSophlHPvg,Henshel,places,en,21,22.50392235,88.35369184999999,22.503039299999998,88.3532032,0,kol,Kolkata,2026-09-01T02:50:36.978997Z
ChIJJ5hNbShxAjoRe6A3lncT8kU,Savera,places,en,21,22.50392235,88.35369184999999,22.5022859,88.3531732,0,kol,Kolkata,2026-09-01T02:50:36.979015Z
ChIJWyblCJBxAjoR4vALfSFXc04,Wich craft,places,en,21,22.50392235,88.35369184999999,22.502142799999998,88.35408799999999,0,kol,Kolkata,2026-09-01T02:50:36.979024Z
ChIJP1lyVwB3AjoRfZJDtmXVxlQ,Vijay hotel 2023 ( PraDeep store),places,en,22,22.5242503,88.37786804999999,22.5256927,88.3789291,0,kol,Kolkata,2026-09-01T02:50:37.408039Z
ChIJ5WB4AQF3AjoRxLOCarK6wnc,PRASAD JALPAN,places,en,22,22.5242503,88.37786804999999,22.525855399999998,88.3786995,0,kol,Kolkata,2026-09-01T02:50:37.408091Z
ChIJv1UDNQB3AjoRFikqwVBVW9g,Food Zone,places,en,22,22.5242503,88.37786804999999,22.525651999999997,88.37922999999999,0,kol,Kolkata,2026-09-01T02:50:37.408102Z
ChIJ1Xp9_Mh2AjoRJ-Ds4ebTq1w,রিদম ধূপকাঠি,places,en,22,22.5242503,88.37786804999999,22.5256468,88.37926739999999,0,kol,Kolkata,2026-09-01T02:50:37.408116Z
ChIJZRF3Hcl2AjoRpyGmyw76_AE,PRAGYA FAST FOOD,places,en,22,22.5242503,88.37786804999999,22.5256468,88.37926739999999,0,kol,Kolkata,2026-09-01T02:50:37.408124Z
ChIJ5UD1IgB3AjoRORYz4T_BRQg,Avinash Fast food centre,places,en,22,22.5242503,88.37786804999999,22.525988899999998,88.3795269,0,kol,Kolkata,2026-09-01T02:50:37.408133Z
ChIJSV_UVQB3AjoRKcxb2N1axBc,Lokenath snacks,places,en,22,22.5242503,88.37786804999999,22.5227348,88.3758051,0,kol,Kolkata,2026-09-01T02:50:37.408139Z
ChIJGSpkhv93AjoR0znAqrU0Tx8,New Market Boro Bazar,places,en,23,22.5799806,88.35118510000001,22.5806926,88.351019,0,kol,Kolkata,2026-09-01T02:50:37.836932Z
ChIJXz3PlVR3AjoR1FjA3G7q4l8,Village Food Factory,places,en,23,22.5799806,88.35118510000001,22.580978899999998,88.35095199999999,0,kol,Kolkata,2026-09-01T02:50:37.836976Z
ChIJeS8acOV3AjoR4BwWmRgI0_Q,DADHICH BHOJANLAYA (RAMESH MAHARAJ),places,en,23,22.5799806,88.35118510000001,22.5800441,88.3524829,0,kol,Kolkata,2026-09-01T02:50:37.836987Z
ChIJlxjDbrp3AjoR0GPty-6X9uE,Krishna Corner,places,en,23,22.5799806,88.35118510000001,22.5808221,88.35001539999999,0,kol,Kolkata,2026-09-01T02:50:37.836995Z
ChIJsVZlKbp3AjoRkZ-xtntl17c,Kalika Hindu Hotel,places,en,23,22.5799806,88.35118510000001,22.5813685,88.35090439999999,0,kol,Kolkata,2026-09-01T02:50:37.837003Z
ChIJJ4zUGEF3AjoRl0PfJdVNcBM,Radha Ki Rasoi,places,en,23,22.5799806,88.35118510000001,22.5814278,88.351078,0,kol,Kolkata,2026-09-01T02:50:37.837010Z
ChIJy1V_pjp3AjoRjI9Oy3hHOag,A S Enterprise,places,en,23,22.5799806,88.35118510000001,22.5788287,88.35021909999999,0,kol,Kolkata,2026-09-01T02:50:37.837017Z
ChIJH9BDKrp3AjoR3aTWI1liURo,Nagendra Nath Ghosh and Co.,places,en,23,22.5799806,88.35118510000001,22.5815275,88.3508262,0,kol,Kolkata,2026-09-01T02:50:37.837024Z
ChIJ60ArQE53AjoRf4iJQE1yeDc,Aapno Rajasthan,places,en,23,22.5799806,88.35118510000001,22.5791105,88.3527481,0,kol,Kolkata,2026-09-01T02:50:37.837031Z
ChIJl_ClWxR3AjoR25bxL_W5Vjo,Global spoon,places,en,23,22.5799806,88.35118510000001,22.5814016,88.35229489999999,0,kol,Kolkata,2026-09-01T02:50:37.837038Z
ChIJy4PG5IB3AjoRq9hys6wxE-Y,Khana Khazana | Momo,places,en,23,22.5799806,88.35118510000001,22.5814016,88.35229489999999,0,kol,Kolkata,2026-09-01T02:50:37.837045Z
ChIJs6eSo2d3AjoRf-TO-b0sDBg,Pardeep Sahani,places,en,23,22.5799806,88.35118510000001,22.5809304,88.3528625,0,kol,Kolkata,2026-09-01T02:50:37.837052Z
ChIJrbhVlrt3AjoRVYghAQ-jwe0,A N HARDWARE,places,en,23,22.5799806,88.35118510000001,22.579603,88.34928699999999,0,kol,Kolkata,2026-09-01T02:50:37.837059Z
ChIJV40Rfrp3AjoRouiAasVT_lQ,Cathedral Annexe,places,en,23,22.5799806,88.35118510000001,22.5786303,88.3525111,0,kol,Kolkata,2026-09-01T02:50:37.837066Z
ChIJvX9gLAB3AjoRRbOFeLMn_4o,Prabhuji Pure Food,places,en,23,22.5799806,88.35118510000001,22.5783347,88.35226050000001,0,kol,Kolkata,2026-09-01T02:50:37.837072Z
ChIJHY3cCwB3AjoR4DrC5GmMdcE,Gupta Brothers,places,en,23,22.5799806,88.35118510000001,22.5819153,88.3506305,0,kol,Kolkata,2026-09-01T02:50:37.837079Z
ChIJGXXAkqF3AjoRIysMoNDmrCU,Keshari restaurant,places,en,23,22.5799806,88.35118510000001,22.5811206,88.3529843,0,kol,Kolkata,2026-09-01T02:50:37.837089Z
ChIJpfZOg7B3AjoRGegyelAvxnI,Raja Ka Dhaba,places,en,23,22.5799806,88.35118510000001,22.5794101,88.3533298,0,kol,Kolkata,2026-09-01T02:50:37.837096Z
ChIJx8ukqNZ3AjoRMUhOaPvtusU,UMA BHOJANALAYA | BENGALI RESTAURANT,places,en,23,22.5799806,88.35118510000001,22.5820757,88.3509701,0,kol,Kolkata,2026-09-01T02:50:37.837103Z
ChIJMcGpjLl3AjoR8lhIHL2WvYA,Mini Hotel,places,en,23,22.5799806,88.35118510000001,22.582088499999998,88.35091349999999,0,kol,Kolkata,2026-09-01T02:50:37.837110Z
ChIJN3iNQQB3AjoRRIt4thNwiEs,Litti Chokha Nimtalla,places,en,24,22.593397,88.35254549999999,22.5934985,88.3525403,0,kol,Kolkata,2026-09-01T02:50:38.183750Z
ChIJ9fliyMh3AjoR99ptZbIGdog,Eating House,places,en,24,22.593397,88.35254549999999,22.593497199999998,88.3525938,0,kol,Kolkata,2026-09-01T02:50:38.183792Z
ChIJ1drfi_93AjoR4XJZr3bDdDY,Chandrakala Sweets,places,en,24,22.593397,88.35254549999999,22.593328900000003,88.35264990000002,0,kol,Kolkata,2026-09-01T02:50:38.183803Z
ChIJtT7bQaB3AjoRTbXbnuG_7eQ,Bhowmick Pawbhaji,places,en,24,22.593397,88.35254549999999,22.593062099999997,88.3533131,0,kol,Kolkata,2026-09-01T02:50:38.183812Z
ChIJQzOz3vZ3AjoRjrMMtfJ7_2g,Mohan Sandwich,places,en,24,22.593397,88.35254549999999,22.594587699999998,88.3523484,0,kol,Kolkata,2026-09-01T02:50:38.183821Z
ChIJkXbJEQt3AjoRLh8_1kfrYwA,Yadav Ji,places,en,24,22.593397,88.35254549999999,22.5930875,88.3538854,0,kol,Kolkata,2026-09-01T02:50:38.183828Z
ChIJM5ej73l3AjoRcEPaqbLJXmo,Bol bam dhaba,places,en,24,22.593397,88.35254549999999,22.5946554,88.353208,0,kol,Kolkata,2026-09-01T02:50:38.183835Z
ChIJM7JSAMZ3AjoR34I0vSQuOv0,Litti Chokha Bhootnath,places,en,24,22.593397,88.35254549999999,22.595088699999998,88.3526898,0,kol,Kolkata,2026-09-01T02:50:38.183842Z
ChIJ7W0or8h3AjoRPNrEuGoyDcg,Tiwari Tea Stall,places,en,24,22.593397,88.35254549999999,22.5918325,88.3531781,0,kol,Kolkata,2026-09-01T02:50:38.183850Z
ChIJk7inUJx3AjoRWPJipDXR2b0,Foody Junction,places,en,24,22.593397,88.35254549999999,22.591486900000003,88.3538015,0,kol,Kolkata,2026-09-01T02:50:38.183858Z
ChIJQbT_dwB3AjoRXL9wUuAq_WI,Barkaas indo arabic restaurant,places,en,25,22.5777571,88.35760210000001,22.5780285,88.357755,0,kol,Kolkata,2026-09-01T02:50:38.570002Z
ChIJjeNzH7J3AjoRU9TgsI7GQ7Q,Rajasthan Restaurant,places,en,25,22.5777571,88.35760210000001,22.5774235,88.3571376,0,kol,Kolkata,2026-09-01T02:50:38.570048Z
ChIJV2rH9LF3AjoRMcC08Qg9EQ8,Zakaria Street Food,places,en,25,22.5777571,88.35760210000001,22.5771601,88.3576775,0,kol,Kolkata,2026-09-01T02:50:38.570058Z
ChIJAS3EzsV3AjoRqUH6iOkU960,Santi Dhaba,places,en,25,22.5777571,88.35760210000001,22.577010899999998,88.3577589,0,kol,Kolkata,2026-09-01T02:50:38.570067Z
ChIJi0i1lLF3AjoR3qIbl-UZX-Y,Taskeen,places,en,25,22.5777571,88.35760210000001,22.577220699999998,88.3570008,0,kol,Kolkata,2026-09-01T02:50:38.570076Z
ChIJA5m96bF3AjoRjzf8rYvmq0Y,Yadgar Hotel,places,en,25,22.5777571,88.35760210000001,22.5784959,88.3574836,0,kol,Kolkata,2026-09-01T02:50:38.570083Z
ChIJjeNzH7J3AjoRPl3RcKeaCKE,Dilli 6,places,en,25,22.5777571,88.35760210000001,22.577175,88.3569586,0,kol,Kolkata,2026-09-01T02:50:38.570091Z
ChIJL5ZFkLF3AjoRZ16fsle_P78,Rajasthan Guest House,places,en,25,22.5777571,88.35760210000001,22.5770381,88.3571017,0,kol,Kolkata,2026-09-01T02:50:38.570099Z
ChIJsTvCgi93AjoR4ER9BijRF-c,Rainbowlic Sandwiches,places,en,25,22.5777571,88.35760210000001,22.578685300000004,88.3574797,0,kol,Kolkata,2026-09-01T02:50:38.570107Z
ChIJES96L7J3AjoRXTN-7aetuVM,Chourasia South Indian Food,places,en,25,22.5777571,88.35760210000001,22.5779171,88.35862399999999,0,kol,Kolkata,2026-09-01T02:50:38.570114Z
ChIJgeHav7F3AjoRJxuzRRlBkd4,Bombay Hotel,places,en,25,22.5777571,88.35760210000001,22.5774309,88.3566141,0,kol,Kolkata,2026-09-01T02:50:38.570121Z
ChIJl9JyFHR3AjoRznol-yXFxEM,The Zeeshan restaurant,places,en,25,22.5777571,88.35760210000001,22.5772855,88.3566142,0,kol,Kolkata,2026-09-01T02:50:38.570129Z
ChIJGZCQ8LF3AjoRtmh_YZJrqTg,Saif Biryani,places,en,25,22.5777571,88.35760210000001,22.576624199999998,88.3575382,0,kol,Kolkata,2026-09-01T02:50:38.570136Z
ChIJM1fK8LF3AjoRax7nwXgYwTk,NICE FRIED CHICKEN-NFC,places,en,25,22.5777571,88.35760210000001,22.5766129,88.3576069,0,kol,Kolkata,2026-09-01T02:50:38.570143Z
ChIJWx-OQQB3AjoRDVQpTXfn7ew,Delhi Zaika,places,en,25,22.5777571,88.35760210000001,22.5765998,88.3569785,0,kol,Kolkata,2026-09-01T02:50:38.570151Z
ChIJ92pY5bF3AjoRRSFWoJDQU2U,Dilshad Laziz Kabab,places,en,25,22.5777571,88.35760210000001,22.5764873,88.3573239,0,kol,Kolkata,2026-09-01T02:50:38.570159Z
ChIJ0YbUdUt3AjoRgRx8zVcIUu4,Albela Biryani,places,en,25,22.5777571,88.35760210000001,22.5768053,88.356629,0,kol,Kolkata,2026-09-01T02:50:38.570167Z
ChIJOYoWDrV3AjoR1t1wxfN8XCY,Sabri chicken shawarma,places,en,25,22.5777571,88.35760210000001,22.5764052,88.3573692,0,kol,Kolkata,2026-09-01T02:50:38.570174Z
ChIJOfgb-rF3AjoRlRKFe1-f5Xg,BABA FAST FOOD,places,en,25,22.5777571,88.35760210000001,22.5763608,88.35757629999999,0,kol,Kolkata,2026-09-01T02:50:38.570181Z
ChIJd-U7t7F3AjoRZEcMN-Msm30,Quality Biryani,places,en,25,22.5777571,88.35760210000001,22.577303999999998,88.3561792,0,kol,Kolkata,2026-09-01T02:50:38.570188Z
ChIJC7NRdK53AjoRvlAeUsiKlKc,Arbaaz Kitchen,places,en,26,22.574473349999998,88.3580862,22.574133399999997,88.3578361,0,kol,Kolkata,2026-09-01T02:50:39.015666Z
ChIJtT-lRgB3AjoRJXp4CtfPZgI,Chai Nashta simply delicious,places,en,26,22.574473349999998,88.3580862,22.574287400000003,88.3576437,0,kol,Kolkata,2026-09-01T02:50:39.015713Z
ChIJyWjdoJx3AjoRqcvEododF0E,DADDY BURGER,places,en,26,22.574473349999998,88.3580862,22.5740311,88.357607,0,kol,Kolkata,2026-09-01T02:50:39.015724Z
ChIJG2lAd653AjoRsWfQQVeY_X8,Kitchen Restaurant,places,en,26,22.574473349999998,88.3580862,22.573834,88.3576514,0,kol,Kolkata,2026-09-01T02:50:39.015733Z
ChIJrQwax613AjoR8w-MtntREjE,Appayan,places,en,26,22.574473349999998,88.3580862,22.5738152,88.3590067,0,kol,Kolkata,2026-09-01T02:50:39.015740Z
ChIJ3zBEq613AjoRSRVpN9CeTk4,IRFAN FAST FOOD CENTER,places,en,26,22.574473349999998,88.3580862,22.573409599999998,88.35794179999999,0,kol,Kolkata,2026-09-01T02:50:39.015748Z
ChIJm4A4G653AjoRPxsJmAWj02s,Adams Kabab,places,en,26,22.574473349999998,88.3580862,22.5753618,88.3572756,0,kol,Kolkata,2026-09-01T02:50:39.015755Z
ChIJtagtAK53AjoRhwVwTuKFhL4,Sutta Kabab,places,en,26,22.574473349999998,88.3580862,22.575687,88.3577801,0,kol,Kolkata,2026-09-01T02:50:39.015762Z
ChIJ94MHNb13AjoRO4YCLJg33pg,BAWARCHi,places,en,26,22.574473349999998,88.3580862,22.575492,88.35727059999999,0,kol,Kolkata,2026-09-01T02:50:39.015770Z
ChIJJzRKHa53AjoRtcZaqBc_iBg,Star Biryani,places,en,26,22.574473349999998,88.3580862,22.5755278,88.3572702,0,kol,Kolkata,2026-09-01T02:50:39.015778Z
ChIJrxQLxxB3AjoRbEayIm1kA4A,Restaurant,places,en,26,22.574473349999998,88.3580862,22.575828599999998,88.35777499999999,0,kol,Kolkata,2026-09-01T02:50:39.015785Z
ChIJ--1ufK53AjoR8E6Ix7_TZRA,GUPTA HOTEL,places,en,26,22.574473349999998,88.3580862,22.5730069,88.3575262,0,kol,Kolkata,2026-09-01T02:50:39.015792Z
ChIJ5QNcH-x3AjoRBcvHPgrpavI,Al Baik Fast Food Corner,places,en,26,22.574473349999998,88.3580862,22.575911599999998,88.3572073,0,kol,Kolkata,2026-09-01T02:50:39.015800Z
ChIJI8RA-tB3AjoRMO8h9QGqGq0,Baba tea center,places,en,26,22.574473349999998,88.3580862,22.5760787,88.3574725,0,kol,Kolkata,2026-09-01T02:50:39.015807Z
ChIJAY9M_LF3AjoRr-oIocZYYmc,Jadid Islamia Hotel (Islamia Nehari),places,en,26,22.574473349999998,88.3580862,22.576097,88.3575034,0,kol,Kolkata,2026-09-01T02:50:39.015816Z
ChIJExaVRK53AjoRsaEIJuorZMs,Sei Vui Restaurant,places,en,26,22.574473349999998,88.3580862,22.5736289,88.35645129999999,0,kol,Kolkata,2026-09-01T02:50:39.015823Z
ChIJr4cJXMJ3AjoRwEjZU1hfZ_g,Bhagwan Momo Stall,places,en,26,22.574473349999998,88.3580862,22.572757499999998,88.35844689999999,0,kol,Kolkata,2026-09-01T02:50:39.015830Z
ChIJQQ5KBAB3AjoRhkVLneZSkyE,Lucknowi kakori kabab,places,en,26,22.574473349999998,88.3580862,22.576068799999998,88.35725459999999,0,kol,Kolkata,2026-09-01T02:50:39.015837Z
ChIJmYjyau13AjoR90ha_AntZyk,BULBUL KABABI,places,en,26,22.574473349999998,88.3580862,22.576096099999997,88.3572566,0,kol,Kolkata,2026-09-01T02:50:39.015845Z
ChIJzcJkDhh3AjoRePzbhqaqL1U,Pizza Kingz/পিজা কিংজ,places,en,26,22.574473349999998,88.3580862,22.576107099999998,88.35711769999999,0,kol,Kolkata,2026-09-01T02:50:39.015852Z
ChIJkSIvojR2AjoRHI3VJvHDIxU,8B Rahat Palace,places,en,27,22.593490350000003,88.36409219999999,22.59331,88.36392099999999,0,kol,Kolkata,2026-09-01T02:50:39.407343Z
ChIJBRxaagB3AjoR7QeUTJ66Rn8,Quick bite,places,en,27,22.593490350000003,88.36409219999999,22.593826999999997,88.3642737,0,kol,Kolkata,2026-09-01T02:50:39.407379Z
ChIJHUW_oDR2AjoRUO0kXfMiRDg,Hotel Welcome,places,en,27,22.593490350000003,88.36409219999999,22.593832499999998,88.3638489,0,kol,Kolkata,2026-09-01T02:50:39.407389Z
ChIJlfwHiiJ3AjoRI8XxyNUZPVY,Hotel Classic,places,en,27,22.593490350000003,88.36409219999999,22.5931663,88.3636884,0,kol,Kolkata,2026-09-01T02:50:39.407398Z
ChIJXZzx5KR3AjoR4ZhxJAwygFQ,Amar hotel,places,en,27,22.593490350000003,88.36409219999999,22.592841099999998,88.36410459999999,0,kol,Kolkata,2026-09-01T02:50:39.407405Z
ChIJ_6EH42x3AjoR23hPRpk3e2g,Paratha food Stall,places,en,27,22.593490350000003,88.36409219999999,22.593880799999997,88.363299,0,kol,Kolkata,2026-09-01T02:50:39.407413Z
ChIJL0kAyyV3AjoRmyqlHmuak4w,New Rasoi Restaurant,places,en,27,22.593490350000003,88.36409219999999,22.5928348,88.3634079,0,kol,Kolkata,2026-09-01T02:50:39.407420Z
ChIJMWY-dvp3AjoR6khLhJ6xggc,CLASSIC RESTURANT,places,en,27,22.593490350000003,88.36409219999999,22.593958,88.36319549999999,0,kol,Kolkata,2026-09-01T02:50:39.407427Z
ChIJV1yYgjR2AjoRJCb2xVxnVls,Allen Kitchen,places,en,27,22.593490350000003,88.36409219999999,22.5943014,88.36495710000001,0,kol,Kolkata,2026-09-01T02:50:39.407434Z
ChIJZd0_sjR2AjoRl07t2cW0QdI,NABA SATADAL,places,en,27,22.593490350000003,88.36409219999999,22.5928421,88.36306960000002,0,kol,Kolkata,2026-09-01T02:50:39.407441Z
ChIJFUAMszR2AjoRbWX4-0s0Tz0,Foodinnn Kitchen,places,en,27,22.593490350000003,88.36409219999999,22.5926813,88.3629127,0,kol,Kolkata,2026-09-01T02:50:39.407448Z
ChIJZ6XnSDF2AjoRx-_Xd3xMnhI,P M Bagchi & Co Pvt Ltd,places,en,27,22.593490350000003,88.36409219999999,22.5937868,88.3657896,0,kol,Kolkata,2026-09-01T02:50:39.407455Z
ChIJOyHN7jR2AjoR5aPMXE7296Y,New Delhi Hotel,places,en,27,22.593490350000003,88.36409219999999,22.5917916,88.3643185,0,kol,Kolkata,2026-09-01T02:50:39.407463Z
ChIJxVVtE5V3AjoRiz3-jtorVWo,Spice of South,places,en,27,22.593490350000003,88.36409219999999,22.5951518,88.3654409,0,kol,Kolkata,2026-09-01T02:50:39.407470Z
ChIJvUWfXwB3AjoRI4vtpsdcNCA,Cozy vibe,places,en,27,22.593490350000003,88.36409219999999,22.5952928,88.3652992,0,kol,Kolkata,2026-09-01T02:50:39.407477Z
ChIJGRqK5jR2AjoROMnNwlN-ioE,New Indian Restaurant,places,en,27,22.593490350000003,88.36409219999999,22.591276999999998,88.364243,0,kol,Kolkata,2026-09-01T02:50:39.407484Z
ChIJQcGbhc13AjoRW57Bi-miMPk,RIKKI SHOP,places,en,27,22.593490350000003,88.36409219999999,22.5954825,88.3652204,0,kol,Kolkata,2026-09-01T02:50:39.407491Z
ChIJseToDjN2AjoRN6_ioK8dLns,Mitra Cafe - Sovabazar,places,en,27,22.593490350000003,88.36409219999999,22.5956555,88.3647719,0,kol,Kolkata,2026-09-01T02:50:39.407498Z
ChIJ4eSpUAB3AjoRhbfW5UjaQ4U,Bandana's Kitchen,places,en,27,22.593490350000003,88.36409219999999,22.591738499999998,88.36573519999999,0,kol,Kolkata,2026-09-01T02:50:39.407505Z
ChIJARwSAAB3AjoRqngTtf3_T5A,India Pizza,places,en,27,22.593490350000003,88.36409219999999,22.5954882,88.3657008,0,kol,Kolkata,2026-09-01T02:50:39.407512Z
ChIJi3z7sNR3AjoRgEayxDmtbL4,The Bite Theory,places,en,28,22.58807435,88.37112295,22.5872112,88.3713132,0,kol,Kolkata,2026-09-01T02:50:39.752776Z
ChIJe6yzIVN2AjoRToYumRh92Hw,Capri Restaurant,places,en,28,22.58807435,88.37112295,22.588748499999998,88.3699062,0,kol,Kolkata,2026-09-01T02:50:39.752791Z
ChIJh1PJMzZ2AjoR7TbRc69o3OQ,Rajbhoj,places,en,28,22.58807435,88.37112295,22.588764299999998,88.36988009999999,0,kol,Kolkata,2026-09-01T02:50:39.752795Z
ChIJ4eLHOwB3AjoRyl6GXljZOvA,Fatso's Rolls,places,en,28,22.58807435,88.37112295,22.588757500000003,88.36987099999999,0,kol,Kolkata,2026-09-01T02:50:39.752798Z
ChIJG1KEbSF3AjoRE9SnjpFoQE0,Dakhin Bhoj,places,en,28,22.58807435,88.37112295,22.588741,88.36985,0,kol,Kolkata,2026-09-01T02:50:39.752801Z
ChIJxVxujRB3AjoRrCxyViB35QA,TGH- Trucking Hot,places,en,28,22.58807435,88.37112295,22.5885547,88.36975129999999,0,kol,Kolkata,2026-09-01T02:50:39.752803Z
ChIJAVYUMvd3AjoRrlCDreyzfmg,Moody Foodie,places,en,28,22.58807435,88.37112295,22.5883401,88.36951119999999,0,kol,Kolkata,2026-09-01T02:50:39.752806Z
ChIJe6yzIVN2AjoRDRbEf80YvY4,Mushroom,places,en,28,22.58807435,88.37112295,22.588938799999998,88.36940969999999,0,kol,Kolkata,2026-09-01T02:50:39.752808Z
ChIJL_aCqi53AjoRi4lwe8ETVus,Litti Chokha Thela,places,en,28,22.58807435,88.37112295,22.588737000000002,88.36927969999999,0,kol,Kolkata,2026-09-01T02:50:39.752811Z
ChIJLVUDPDZ2AjoR39JuN7q3K48,Naba Malancha,places,en,28,22.58807435,88.37112295,22.589027299999998,88.3691698,0,kol,Kolkata,2026-09-01T02:50:39.752813Z
ChIJe6yzIVN2AjoRE_WLBJB4Wzw,Blossom,places,en,28,22.58807435,88.37112295,22.589031199999997,88.36914879999999,0,kol,Kolkata,2026-09-01T02:50:39.752816Z
ChIJW9AKPzZ2AjoRpdmHrJkUyO0,NEW BASANTA CABIN Restaurant,places,en,28,22.58807435,88.37112295,22.5890698,88.36899559999999,0,kol,Kolkata,2026-09-01T02:50:39.752818Z
ChIJ9Rlb63F3AjoRVOun5rER-HU,Smoky,places,en,28,22.58807435,88.37112295,22.589167399999997,88.3690348,0,kol,Kolkata,2026-09-01T02:50:39.752821Z
ChIJIXaYPzZ2AjoRvGmDh2DMgjs,Nirala Restaurants,places,en,28,22.58807435,88.37112295,22.589167699999997,88.369035,0,kol,Kolkata,2026-09-01T02:50:39.752824Z
ChIJ5boGQLd3AjoR9VDCvcHgddY,Chakde momo,places,en,28,22.58807435,88.37112295,22.589681499999998,88.36916219999999,0,kol,Kolkata,2026-09-01T02:50:39.752827Z
ChIJm_KyOrd3AjoR5T4eVYnxu1I,Food Junction,places,en,28,22.58807435,88.37112295,22.589385600000004,88.3689148,0,kol,Kolkata,2026-09-01T02:50:39.752830Z
ChIJb9_-QDZ2AjoRwDgukEMYRY8,TANDOOR LOVERS,places,en,28,22.58807435,88.37112295,22.5894168,88.368884,0,kol,Kolkata,2026-09-01T02:50:39.752833Z
ChIJPZK3YgB3AjoR1vFoHrKcWNU,Deok,places,en,28,22.58807435,88.37112295,22.58837,88.3737639,0,kol,Kolkata,2026-09-01T02:50:39.752836Z
ChIJtxB1BQl3AjoR31N25ryv4Gg,Jiabharali T-Café,places,en,28,22.58807435,88.37112295,22.585897799999998,88.3697808,0,kol,Kolkata,2026-09-01T02:50:39.752839Z
ChIJS9vTACd3AjoRDUdbTR7VUn0,Kurry Story Restaurant and Banquet,places,en,28,22.58807435,88.37112295,22.586920199999998,88.368709,0,kol,Kolkata,2026-09-01T02:50:39.752842Z
ChIJTyN_NAB3AjoR6BhePUUGRog,Fast Food centre,places,en,29,22.58938145,88.3634903,22.5893057,88.3635554,0,kol,Kolkata,2026-09-01T02:50:40.089316Z
ChIJXcOuODV2AjoRGg5d8u5bj4I,Bandana chat centre,places,en,29,22.58938145,88.3634903,22.589177799999998,88.3636861,0,kol,Kolkata,2026-09-01T02:50:40.089362Z
ChIJjbJbRzV2AjoR2OMXe_mxIG4,North South Junction,places,en,29,22.58938145,88.3634903,22.5891561,88.3636751,0,kol,Kolkata,2026-09-01T02:50:40.089373Z
ChIJkRvpRTV2AjoRhU0FlYVp-X4,Expression,places,en,29,22.58938145,88.3634903,22.5887665,88.3635771,0,kol,Kolkata,2026-09-01T02:50:40.089382Z
ChIJZ8YoQwB3AjoRxSEn4lGsDT8,Shivay’s kitchen,places,en,29,22.58938145,88.3634903,22.589932299999997,88.36388819999999,0,kol,Kolkata,2026-09-01T02:50:40.089390Z
ChIJfWMJUgB3AjoRgNI7AOVl7Vw,Tiffin,places,en,29,22.58938145,88.3634903,22.5891599,88.3642086,0,kol,Kolkata,2026-09-01T02:50:40.089397Z
ChIJQYUo4TR2AjoRo_NQ4JJjFZQ,Punjab Hindu hotel,places,en,29,22.58938145,88.3634903,22.5901407,88.3640501,0,kol,Kolkata,2026-09-01T02:50:40.089405Z
ChIJC9zY4zR2AjoRLWmdX9ME3tE,New Calcutta Hindu Hotel,places,en,29,22.58938145,88.3634903,22.590325699999998,88.36398559999999,0,kol,Kolkata,2026-09-01T02:50:40.089412Z
ChIJoThf9qx3AjoRbumLCZGrsro,R-ADDA,places,en,29,22.58938145,88.3634903,22.5899936,88.3644752,0,kol,Kolkata,2026-09-01T02:50:40.089419Z
ChIJY5dnQQB3AjoROg2WnyajCno,Santi hotel - Bengali Food Hotel,places,en,29,22.58938145,88.3634903,22.5893601,88.3647553,0,kol,Kolkata,2026-09-01T02:50:40.089426Z
ChIJf3kDAtR3AjoRfbrwQ5rwNqs,Couch Potato,places,en,29,22.58938145,88.3634903,22.590281299999997,88.3644889,0,kol,Kolkata,2026-09-01T02:50:40.089435Z
ChIJwSHp1cp3AjoRHXDWXP3KfBM,Srijoni Fast Food Center,places,en,29,22.58938145,88.3634903,22.5906819,88.362629,0,kol,Kolkata,2026-09-01T02:50:40.089443Z
ChIJ4zICdjV2AjoR8BXzQLIVqP0,Saraswati Chanachur Agent,places,en,29,22.58938145,88.3634903,22.588831499999998,88.36506729999999,0,kol,Kolkata,2026-09-01T02:50:40.089450Z
ChIJWeuyCDV2AjoRk5TxmGMMS_w,KHAANDAAN RESTAURANT,places,en,29,22.58938145,88.3634903,22.590023799999997,88.36512499999999,0,kol,Kolkata,2026-09-01T02:50:40.089457Z
ChIJ68amUrV3AjoRtSnwF8sNyDg,Niranjan Agar,places,en,29,22.58938145,88.3634903,22.5878078,88.36299179999999,0,kol,Kolkata,2026-09-01T02:50:40.089464Z
ChIJdSCl-lN3AjoR7AiAmkKrbok,SWADHBILAS,places,en,29,22.58938145,88.3634903,22.590780499999997,88.3621854,0,kol,Kolkata,2026-09-01T02:50:40.089472Z
ChIJvRmlKnt3AjoRNfpk9PZBWyg,BHAWANI'S,places,en,29,22.58938145,88.3634903,22.590667999999997,88.36198879999999,0,kol,Kolkata,2026-09-01T02:50:40.089479Z
ChIJu9ffLTZ3AjoR2-34D-GcTMA,Mouchak Telebhaja,places,en,29,22.58938145,88.3634903,22.587567800000002,88.3641995,0,kol,Kolkata,2026-09-01T02:50:40.089487Z
ChIJX5y7kTZ3AjoRJszOJ_sIc1c,Tara Maa Fast Food Centre,places,en,29,22.58938145,88.3634903,22.5909744,88.3621229,0,kol,Kolkata,2026-09-01T02:50:40.089495Z
ChIJ45wrRgB3AjoRtV87pvljAho,Sayan,places,en,30,22.578127449999997,88.3512188,22.5776327,88.351039,0,kol,Kolkata,2026-09-01T02:50:40.459810Z
ChIJowXlACZ3AjoRdElo55QctVg,Satyam Snacks & Sweets,places,en,30,22.578127449999997,88.3512188,22.5778681,88.35025,0,kol,Kolkata,2026-09-01T02:50:40.459850Z
ChIJ3xpvjrp3AjoRS9NS0grBxlc,Prabhuji Pure Food - Brabourne Rd,places,en,30,22.578127449999997,88.3512188,22.5779528,88.3522574,0,kol,Kolkata,2026-09-01T02:50:40.459861Z
ChIJLdEKG7t3AjoRDV62BEDYTdw,Gujarati Hotel,places,en,30,22.578127449999997,88.3512188,22.5778164,88.3501917,0,kol,Kolkata,2026-09-01T02:50:40.459871Z
ChIJt2M5aWF3AjoRwBcNew_4D-s,The Craving Bites (T.C.B),places,en,30,22.578127449999997,88.3512188,22.5777516,88.35244689999999,0,kol,Kolkata,2026-09-01T02:50:40.459881Z
ChIJA6WP2Bd3AjoRkFgUBAT-8pM,Santosh Puri Wala,places,en,30,22.578127449999997,88.3512188,22.577817400000004,88.34988059999999,0,kol,Kolkata,2026-09-01T02:50:40.459890Z
ChIJvW2rbgB3AjoRU1kZMKcqnCU,HIRA BHAI BIRYANI WALA,places,en,30,22.578127449999997,88.3512188,22.5771919,88.3524195,0,kol,Kolkata,2026-09-01T02:50:40.459897Z
ChIJwapAQ2h3AjoRfsWePrTx9kE,KOUSHAL SANDWICH BUTTER TOST,places,en,30,22.578127449999997,88.3512188,22.578361100000002,88.3494738,0,kol,Kolkata,2026-09-01T02:50:40.459905Z
ChIJhVn_BFp3AjoRicDufl7bTPM,Ratan Dosa,places,en,30,22.578127449999997,88.3512188,22.5778192,88.35371280000001,0,kol,Kolkata,2026-09-01T02:50:40.459916Z
ChIJy542DbB3AjoRvWhi2Mwe_ek,Kandoi sweets & snacks,places,en,30,22.578127449999997,88.3512188,22.5772348,88.35359389999999,0,kol,Kolkata,2026-09-01T02:50:40.459925Z
ChIJTY5BGVR3AjoR9gAUHqkAew4,4 Square Bar,places,en,30,22.578127449999997,88.3512188,22.576819999999998,88.3490751,0,kol,Kolkata,2026-09-01T02:50:40.459932Z
ChIJcbv_Z7t3AjoRAAAA0KdwFzU,Pramod Chinese Fast Food Centre,places,en,30,22.578127449999997,88.3512188,22.577167499999998,88.34881639999999,0,kol,Kolkata,2026-09-01T02:50:40.459939Z
ChIJsaGPtLp3AjoRLutMTWPidCo,Madras Restaurant,places,en,30,22.578127449999997,88.3512188,22.5758437,88.352172,0,kol,Kolkata,2026-09-01T02:50:40.459946Z
ChIJ7UkW9Id3AjoRxZRPRkCAfdM,The Young Mug,places,en,31,22.583217050000002,88.36550675000001,22.582227,88.3664842,0,kol,Kolkata,2026-09-01T02:50:40.829166Z
ChIJpUGJxEt2AjoRWVPZXlFPqpE,Tinny Sancks Center,places,en,31,22.583217050000002,88.36550675000001,22.5836983,88.3669377,0,kol,Kolkata,2026-09-01T02:50:40.829210Z
ChIJz96J5cV3AjoRZdj3DxmvqNs,BIRYANI CORNER,places,en,31,22.583217050000002,88.36550675000001,22.5837674,88.3669384,0,kol,Kolkata,2026-09-01T02:50:40.829222Z
ChIJQ94OIox3AjoR1a9P6czE7k8,Amber's Kitchen,places,en,31,22.583217050000002,88.36550675000001,22.5844126,88.3664101,0,kol,Kolkata,2026-09-01T02:50:40.829230Z
ChIJ__XW0Cx3AjoRbQF1fVe9CB4,Silver Spoon,places,en,31,22.583217050000002,88.36550675000001,22.5843766,88.36668209999999,0,kol,Kolkata,2026-09-01T02:50:40.829238Z
ChIJB9wkylp3AjoR7L63JeE-xcA,Punjabi National Hindu Hotel,places,en,31,22.583217050000002,88.36550675000001,22.581730099999998,88.36614209999999,0,kol,Kolkata,2026-09-01T02:50:40.829245Z
ChIJQTyKzoN3AjoRLIZRVxZc5dA,Total Daily Chicken -Sreemani Market,places,en,31,22.583217050000002,88.36550675000001,22.584312399999998,88.36678859999999,0,kol,Kolkata,2026-09-01T02:50:40.829253Z
ChIJVaD0dpR3AjoRse810QmrBmg,DIPU Singh Snacks,places,en,31,22.583217050000002,88.36550675000001,22.5815424,88.3657221,0,kol,Kolkata,2026-09-01T02:50:40.829260Z
ChIJewrzZQB3AjoRNUJxl1g5HgI,Chola Bhatura,places,en,31,22.583217050000002,88.36550675000001,22.581471399999998,88.3658627,0,kol,Kolkata,2026-09-01T02:50:40.829268Z
ChIJ0RkcLbV3AjoRvzouWodODLs,hazi biryani,places,en,31,22.583217050000002,88.36550675000001,22.5813573,88.3657656,0,kol,Kolkata,2026-09-01T02:50:40.829276Z
ChIJg2-mJgB3AjoRubzKJO1gn00,JFC,places,en,31,22.583217050000002,88.36550675000001,22.5843658,88.3672418,0,kol,Kolkata,2026-09-01T02:50:40.829284Z
ChIJVZTWpWh3AjoRjsC0OCJtyB4,SiaJeet Desi Special Chat Shop,places,en,31,22.583217050000002,88.36550675000001,22.5850951,88.3642967,0,kol,Kolkata,2026-09-01T02:50:40.829292Z
ChIJJ-E6mYV1AjoRLnNBIE44HXQ,Royal Arsalan Biryani,places,en,31,22.583217050000002,88.36550675000001,22.5808961,88.3655611,0,kol,Kolkata,2026-09-01T02:50:40.829300Z
ChIJm7fvb0x2AjoRDI4knxTDqnU,Kaka Chinese Food,places,en,31,22.583217050000002,88.36550675000001,22.5809224,88.3659165,0,kol,Kolkata,2026-09-01T02:50:40.829308Z
ChIJmTJZLth3AjoR3bIOL_vpwFg,Avirup Chinese Hut,places,en,31,22.583217050000002,88.36550675000001,22.580884599999997,88.3660714,0,kol,Kolkata,2026-09-01T02:50:40.829316Z
ChIJ2Yr0qJJ3AjoRq2_XB9rG-vE,Sambhu Roll Centre,places,en,31,22.583217050000002,88.36550675000001,22.5816867,88.36751,0,kol,Kolkata,2026-09-01T02:50:40.829322Z
ChIJ6dNLu7R3AjoRLcr7PpUL_mQ,Om stores,places,en,31,22.583217050000002,88.36550675000001,22.582418699999998,88.363012,0,kol,Kolkata,2026-09-01T02:50:40.829329Z
ChIJDffV-zN3AjoRD6yrLwEqCgA,Oishii Delicious Deal,places,en,31,22.583217050000002,88.36550675000001,22.5849072,88.3673927,0,kol,Kolkata,2026-09-01T02:50:40.829336Z
ChIJfwv4Zkl2AjoRnNS6ACvUiK4,Jagatmata Bhojanalaya,places,en,31,22.583217050000002,88.36550675000001,22.5835086,88.36811349999999,0,kol,Kolkata,2026-09-01T02:50:40.829349Z
ChIJ3V4bb0x2AjoRqcJEtpHt8xE,Riya's Kitchen,places,en,31,22.583217050000002,88.36550675000001,22.580821,88.365951,0,kol,Kolkata,2026-09-01T02:50:40.829356Z
ChIJKcW1xEp2AjoRdYRx3yLAnjY,Utkal Adarsh Hindu Hotel,places,en,32,22.5856518,88.36397025,22.5855235,88.3636259,0,kol,Kolkata,2026-09-01T02:50:41.184186Z
ChIJLwierUl2AjoRl-3LeTBJLyU,The Lord's Cafe,places,en,32,22.5856518,88.36397025,22.5859146,88.3644491,0,kol,Kolkata,2026-09-01T02:50:41.184232Z
ChIJxy-arUl2AjoR-Qegiwu7IAA,Fantastic Food Story,places,en,32,22.5856518,88.36397025,22.5859962,88.3635401,0,kol,Kolkata,2026-09-01T02:50:41.184244Z
ChIJWX5ELwB3AjoRfB-CND_OXXU,JK Restaurant,places,en,32,22.5856518,88.36397025,22.586202300000004,88.3639099,0,kol,Kolkata,2026-09-01T02:50:41.184254Z
ChIJMSf0zlp3AjoR-JNRYhRpgko,Froka,places,en,32,22.5856518,88.36397025,22.586202300000004,88.3639099,0,kol,Kolkata,2026-09-01T02:50:41.184262Z
ChIJcRuEan13AjoRL59cGAchG0U,Mintelaa-Girish park,places,en,32,22.5856518,88.36397025,22.586206999999998,88.3639456,0,kol,Kolkata,2026-09-01T02:50:41.184270Z
ChIJXS8OrEl2AjoRxoLy_1qWSaA,Aroma cafe,places,en,32,22.5856518,88.36397025,22.586143399999997,88.36435999999999,0,kol,Kolkata,2026-09-01T02:50:41.184277Z
ChIJ_zm6fgB3AjoRc1pqnwrtmoY,Subway Girish Park,places,en,32,22.5856518,88.36397025,22.5862168,88.3636756,0,kol,Kolkata,2026-09-01T02:50:41.184284Z
ChIJE7Gwhkh2AjoRX1GOzvqZ4b4,"Domino's Pizza | Machuabazar, Kolkata",places,en,32,22.5856518,88.36397025,22.585850699999998,88.3646832,0,kol,Kolkata,2026-09-01T02:50:41.184293Z
ChIJgUbpx7R3AjoREEF6f7tkc4k,Chhota Ellaichi,places,en,32,22.5856518,88.36397025,22.5862764,88.3635674,0,kol,Kolkata,2026-09-01T02:50:41.184300Z
ChIJOadZ8Up2AjoRY1f0RLuNiTI,Aditya Fast Food,places,en,32,22.5856518,88.36397025,22.5858287,88.3648523,0,kol,Kolkata,2026-09-01T02:50:41.184307Z
ChIJo3nyNQB3AjoR2CWVQlUQJRM,Chai Break - Girish Park,places,en,32,22.5856518,88.36397025,22.5862642,88.3646727,0,kol,Kolkata,2026-09-01T02:50:41.184321Z
ChIJbf5wPHR3AjoRHpb5g1CZgdI,Kurry Patta,places,en,32,22.5856518,88.36397025,22.5862642,88.3646727,0,kol,Kolkata,2026-09-01T02:50:41.184328Z
ChIJ720Ka4l3AjoRY9xX6Sg0cS4,Welcome Restaurant,places,en,32,22.5856518,88.36397025,22.5860873,88.3628804,0,kol,Kolkata,2026-09-01T02:50:41.184335Z
ChIJF3u4kux3AjoRCS3XCrOfRTM,Monginis Cake Shop,places,en,32,22.5856518,88.36397025,22.5861055,88.3628861,0,kol,Kolkata,2026-09-01T02:50:41.184342Z
ChIJm849jkx3AjoR5ouh2HmW-qk,Cave Reloaded,places,en,32,22.5856518,88.36397025,22.585842799999998,88.3627966,0,kol,Kolkata,2026-09-01T02:50:41.184349Z
ChIJme3ewU53AjoRxeH4d2LEqDA,Proteins Kitchen High Protein Diet food,places,en,32,22.5856518,88.36397025,22.586098,88.36510249999999,0,kol,Kolkata,2026-09-01T02:50:41.184356Z
ChIJBUmzko53AjoRlbPLlan9ceA,BreezyBae Cafe,places,en,32,22.5856518,88.36397025,22.5857298,88.3627533,0,kol,Kolkata,2026-09-01T02:50:41.184363Z
ChIJASZ4quF3AjoRd4KiPoRsNF0,Wah! Puchka- Girish Park,places,en,32,22.5856518,88.36397025,22.5860615,88.3628248,0,kol,Kolkata,2026-09-01T02:50:41.184370Z
ChIJBcSdcGx3AjoRmqCsAXI0gBE,Monu Tea Shop,places,en,33,22.5799978,88.35433155000001,22.5798833,88.3547152,0,kol,Kolkata,2026-09-01T02:50:41.613468Z
ChIJL9vvjbB3AjoRHA7czctmKSI,Pappu Sandwich Corner,places,en,33,22.5799978,88.35433155000001,22.5794721,88.3542836,0,kol,Kolkata,2026-09-01T02:50:41.613506Z
ChIJTya88rB3AjoRPiYDUwePhmU,SHREE BAIJNATH BHANDAR,places,en,33,22.5799978,88.35433155000001,22.5794699,88.3541754,0,kol,Kolkata,2026-09-01T02:50:41.613512Z
ChIJQRfA2xt3AjoRn98oVXwogS0,Mom's magic,places,en,33,22.5799978,88.35433155000001,22.579652799999998,88.3551311,0,kol,Kolkata,2026-09-01T02:50:41.613522Z
ChIJW6n3ahd3AjoRq4R7vNJN-PM,Pooja south Indian,places,en,33,22.5799978,88.35433155000001,22.579559099999997,88.353602,0,kol,Kolkata,2026-09-01T02:50:41.613527Z
ChIJuXo927B3AjoRZrgaPglTJZc,Onkar Hotel,places,en,33,22.5799978,88.35433155000001,22.5807222,88.35501080000002,0,kol,Kolkata,2026-09-01T02:50:41.613532Z
ChIJk3PLFwB3AjoRtYXAs91UFZ8,Raju da dhaba,places,en,33,22.5799978,88.35433155000001,22.580712,88.3551133,0,kol,Kolkata,2026-09-01T02:50:41.613536Z
ChIJUb44J7F3AjoRvYRzzTdG_bk,Olive Roof,places,en,33,22.5799978,88.35433155000001,22.5806881,88.3551707,0,kol,Kolkata,2026-09-01T02:50:41.613540Z
ChIJofFnt7B3AjoRMuyVKrQSPek,Delhi Chatt House,places,en,33,22.5799978,88.35433155000001,22.5811027,88.3542696,0,kol,Kolkata,2026-09-01T02:50:41.613545Z
ChIJswjeZLl3AjoRxFJF7-yn6zs,MAHAVIR BHOJNALAYA PAPPU MAHARAJ,places,en,33,22.5799978,88.35433155000001,22.5811511,88.3545714,0,kol,Kolkata,2026-09-01T02:50:41.613549Z
ChIJ7doAILp3AjoRt7TkiKdNNqU,Kishan Cafe,places,en,33,22.5799978,88.35433155000001,22.580892199999997,88.3533006,0,kol,Kolkata,2026-09-01T02:50:41.613553Z
ChIJ_wbLYAB3AjoRP8-0DMX3KhI,GUJARATI VEGETARIAN HOTEL,places,en,33,22.5799978,88.35433155000001,22.5792231,88.3556624,0,kol,Kolkata,2026-09-01T02:50:41.613557Z
ChIJOdkw-S93AjoRrKFdXzWmfnw,Sri Krishna Foods,places,en,33,22.5799978,88.35433155000001,22.581132600000004,88.3533456,0,kol,Kolkata,2026-09-01T02:50:41.613561Z
ChIJSen6YAB3AjoR3hJWvY_kLSA,68 cotton street ground floor kolkata7,places,en,33,22.5799978,88.35433155000001,22.581345,88.355053,0,kol,Kolkata,2026-09-01T02:50:41.613565Z
ChIJC3eeHbF3AjoRrHbARp3vKWw,Wholesale chocolate distributors in kolkata (V.D TELECOM),places,en,33,22.5799978,88.35433155000001,22.5791509,88.3557206,0,kol,Kolkata,2026-09-01T02:50:41.613569Z
ChIJT854BbF3AjoR6h6aZ9MSQJs,Shiv Shankar Shrimali Gujarati Basa (Hotel),places,en,33,22.5799978,88.35433155000001,22.5791041,88.35570229999999,0,kol,Kolkata,2026-09-01T02:50:41.613574Z
ChIJS-wSBLF3AjoRiZy-omHGQ2c,Gujarati Basa Restaurant,places,en,33,22.5799978,88.35433155000001,22.5791041,88.35570229999999,0,kol,Kolkata,2026-09-01T02:50:41.613577Z
ChIJIR3AJ7F3AjoRXHgCFdWZKgo,Thakur Mahal,places,en,33,22.5799978,88.35433155000001,22.5803042,88.35599239999999,0,kol,Kolkata,2026-09-01T02:50:41.613582Z
ChIJvalc0rB3AjoRcu4oPznoq3k,Omji's Restaurant,places,en,33,22.5799978,88.35433155000001,22.5814322,88.3550137,0,kol,Kolkata,2026-09-01T02:50:41.613586Z
ChIJA1WgsA53AjoRuU1vMTheM14,Nila's Kitchen,places,en,34,22.593449200000002,88.3575224,22.5930483,88.35817,0,kol,Kolkata,2026-09-01T02:50:42.032576Z
ChIJd1LZYfp3AjoR7ckJA3Esz6Q,Hyangla Kolkata,places,en,34,22.593449200000002,88.3575224,22.5925235,88.3567909,0,kol,Kolkata,2026-09-01T02:50:42.032619Z
ChIJxTfu9St3AjoRRlTNeHmQ1zw,D TOO CAFE,places,en,34,22.593449200000002,88.3575224,22.594646899999997,88.35752099999999,0,kol,Kolkata,2026-09-01T02:50:42.032630Z
ChIJN7KPpM53AjoRHhixmU2PMt0,Sitala Restaurant (Mosko),places,en,34,22.593449200000002,88.3575224,22.5947153,88.357405,0,kol,Kolkata,2026-09-01T02:50:42.032640Z
ChIJ061WPMl3AjoRJpxClNOmItM,Amantran pappe da dhaba,places,en,34,22.593449200000002,88.3575224,22.5923125,88.3569242,0,kol,Kolkata,2026-09-01T02:50:42.032648Z
ChIJ089WWAB3AjoRMrPwDOR5Dh4,THE SANDWICH CORNER,places,en,34,22.593449200000002,88.3575224,22.594869799999998,88.3572425,0,kol,Kolkata,2026-09-01T02:50:42.032656Z
ChIJ3fqPhhJ3AjoRy7-JndDp1O4,Shaw Fuchka,places,en,34,22.593449200000002,88.3575224,22.5922563,88.35657379999999,0,kol,Kolkata,2026-09-01T02:50:42.032664Z
ChIJvxOzPcl3AjoRJYL-RSGRcG0,Taj Biryani,places,en,34,22.593449200000002,88.3575224,22.5919749,88.357316,0,kol,Kolkata,2026-09-01T02:50:42.032671Z
ChIJ96f1ewB3AjoRLQYJ_5OCBzo,Zesty Chilli,places,en,34,22.593449200000002,88.3575224,22.5919731,88.35732,0,kol,Kolkata,2026-09-01T02:50:42.032678Z
ChIJnzX6PMl3AjoRyQ2aizbzOho,Hapus Hupus,places,en,34,22.593449200000002,88.3575224,22.592464,88.3562769,0,kol,Kolkata,2026-09-01T02:50:42.032686Z
ChIJWZE6VF53AjoRDsFPfVpAehg,MAA DURGA HOTEL,places,en,34,22.593449200000002,88.3575224,22.592137400000002,88.3566725,0,kol,Kolkata,2026-09-01T02:50:42.032693Z
ChIJ59GzXQ13AjoRXCoCqr6wFzg,MUNNA BHELPURIWALA,places,en,34,22.593449200000002,88.3575224,22.592356,88.3562427,0,kol,Kolkata,2026-09-01T02:50:42.032700Z
ChIJBdBOSwB3AjoRJOH6XHBV8Ns,Didir Roti dokan,places,en,34,22.593449200000002,88.3575224,22.591958299999998,88.3585763,0,kol,Kolkata,2026-09-01T02:50:42.032707Z
ChIJ0S8de5l3AjoRLhzJaslJUsg,Sony food centre,places,en,34,22.593449200000002,88.3575224,22.594932200000002,88.35630479999999,0,kol,Kolkata,2026-09-01T02:50:42.032714Z
ChIJAYIVEwB3AjoRKIzmeIWWJkQ,Jemna Store,places,en,34,22.593449200000002,88.3575224,22.5918581,88.358555,0,kol,Kolkata,2026-09-01T02:50:42.032720Z
ChIJsxGHrKp3AjoRdfBbV8SU_oQ,Cooks Fast Food,places,en,34,22.593449200000002,88.3575224,22.5916909,88.3584048,0,kol,Kolkata,2026-09-01T02:50:42.032727Z
ChIJN2UbbQB3AjoRdD2QrCmY2NM,Aarambh - The Dining,places,en,34,22.593449200000002,88.3575224,22.5916908,88.3584047,0,kol,Kolkata,2026-09-01T02:50:42.032735Z
ChIJPbvl-Bx3AjoR-Cw5gNRYq7Y,WOW MUMBAI,places,en,34,22.593449200000002,88.3575224,22.5918146,88.356399,0,kol,Kolkata,2026-09-01T02:50:42.032742Z
ChIJUZb39Wx3AjoRptqx_SwiL_E,Sangam biryani,places,en,34,22.593449200000002,88.3575224,22.5915988,88.3565333,0,kol,Kolkata,2026-09-01T02:50:42.032749Z
ChIJF5qUdct3AjoRCIfAiTDDu_U,Zoodle'S Kitchen,places,en,34,22.593449200000002,88.3575224,22.5924774,88.3601776,0,kol,Kolkata,2026-09-01T02:50:42.032756Z
ChIJLSSbI_92AjoRUS8nteWVTEU,Ahar Hotel,places,en,35,22.56293335,88.36365430000001,22.5616552,88.36384129999999,0,kol,Kolkata,2026-09-01T02:50:42.363401Z
ChIJ2yU3GAB3AjoRZzbE2t-HqfY,Idly go cycle vender,places,en,35,22.56293335,88.36365430000001,22.5617508,88.3624045,0,kol,Kolkata,2026-09-01T02:50:42.363432Z
ChIJv0yfKwB3AjoRTBEmFiIi8Qo,Biryani shop,places,en,35,22.56293335,88.36365430000001,22.5616456,88.3624007,0,kol,Kolkata,2026-09-01T02:50:42.363436Z
ChIJm-39I4l3AjoRqTo-t48ve1M,Kolkata West Bengal. From. Salem,places,en,35,22.56293335,88.36365430000001,22.564679599999998,88.3640266,0,kol,Kolkata,2026-09-01T02:50:42.363439Z
ChIJC_1INWV3AjoR74DZ5-ClZTY,Kolkata Food Express,places,en,35,22.56293335,88.36365430000001,22.5647327,88.3646259,0,kol,Kolkata,2026-09-01T02:50:42.363443Z
ChIJP8L8JQB3AjoREnMpVqdKGlY,Cafe Aura,places,en,35,22.56293335,88.36365430000001,22.56295,88.36139399999999,0,kol,Kolkata,2026-09-01T02:50:42.363446Z
ChIJNRq6FgB3AjoRsCwuifWmHPo,Cravings On The Go,places,en,35,22.56293335,88.36365430000001,22.563312999999997,88.36587,0,kol,Kolkata,2026-09-01T02:50:42.363449Z
ChIJ9103mah3AjoRdSXCV0AywVs,SANTOSH FAST FOOD CENTER,places,en,35,22.56293335,88.36365430000001,22.5608507,88.3638874,0,kol,Kolkata,2026-09-01T02:50:42.363453Z
ChIJEXw90wF3AjoRDawBGCChLGU,Kochi Kalapata,places,en,35,22.56293335,88.36365430000001,22.5609671,88.3621849,0,kol,Kolkata,2026-09-01T02:50:42.363456Z
ChIJGQfJfwB3AjoR1KE3eXR7d4A,Aarya Quick Eats,places,en,35,22.56293335,88.36365430000001,22.560559599999998,88.3633198,0,kol,Kolkata,2026-09-01T02:50:42.363459Z
ChIJ_YnHSgB3AjoRTvcMKDHvQQc,TIFFEAT,places,en,35,22.56293335,88.36365430000001,22.5605404,88.3624363,0,kol,Kolkata,2026-09-01T02:50:42.363463Z
ChIJc2OFIox3AjoRa9PX_bwJbLo,Pandit DA Dhaba,places,en,36,22.56543635,88.3608611,22.5642305,88.3607889,0,kol,Kolkata,2026-09-01T02:50:42.707047Z
ChIJwZ72D7V3AjoRHKppVrcRy_A,Sunny Food Corner,places,en,36,22.56543635,88.3608611,22.564880799999997,88.3596757,0,kol,Kolkata,2026-09-01T02:50:42.707086Z
ChIJ95axUap3AjoRSefMJt6U5Iw,THE ZAYKA,places,en,36,22.56543635,88.3608611,22.5662038,88.3596855,0,kol,Kolkata,2026-09-01T02:50:42.707097Z
ChIJWxntZwB3AjoRr9fJ3t6y_uQ,Indian gas office,places,en,36,22.56543635,88.3608611,22.5653662,88.35922149999999,0,kol,Kolkata,2026-09-01T02:50:42.707104Z
ChIJixdoYwB3AjoRR82ICaIUxp4,Red chillies,places,en,36,22.56543635,88.3608611,22.5666427,88.3598523,0,kol,Kolkata,2026-09-01T02:50:42.707112Z
ChIJiwc5OwB3AjoRwvJAe5K4Mzw,Nageshwar yadav,places,en,36,22.56543635,88.3608611,22.563896699999997,88.3603067,0,kol,Kolkata,2026-09-01T02:50:42.707120Z
ChIJmZtxAgF3AjoRGylEXEwMOZU,Red Pepper Chino,places,en,36,22.56543635,88.3608611,22.5649175,88.3590966,0,kol,Kolkata,2026-09-01T02:50:42.707127Z
ChIJ2yX0dql3AjoR-c7zxflDpv0,Masala Wok,places,en,36,22.56543635,88.3608611,22.5649175,88.3590966,0,kol,Kolkata,2026-09-01T02:50:42.707135Z
ChIJWTo_FKp3AjoRqCohnVdHrcg,Rani Room Hotel,places,en,36,22.56543635,88.3608611,22.5650546,88.35888109999999,0,kol,Kolkata,2026-09-01T02:50:42.707141Z
ChIJI7ydFQB3AjoRD9pOHFfZuNo,PROJECT TRISHNA,places,en,36,22.56543635,88.3608611,22.5657684,88.3586224,0,kol,Kolkata,2026-09-01T02:50:42.707149Z
ChIJLViIoHl3AjoRQxmSG3bvVJo,Tasty Treat Restaurant,places,en,36,22.56543635,88.3608611,22.5657684,88.3586224,0,kol,Kolkata,2026-09-01T02:50:42.707156Z
ChIJnTw_Q153AjoRfyayiXzFfBo,Chhoy Ritu,places,en,36,22.56543635,88.3608611,22.5674676,88.3619167,0,kol,Kolkata,2026-09-01T02:50:42.707163Z
ChIJeYpoO6p3AjoRIhj7LyOdGXw,City Chef,places,en,36,22.56543635,88.3608611,22.565735099999998,88.3584485,0,kol,Kolkata,2026-09-01T02:50:42.707170Z
ChIJMcfFzeZ3AjoRcpdc_0I7X08,Pintu Dey,places,en,36,22.56543635,88.3608611,22.5664364,88.36333979999999,0,kol,Kolkata,2026-09-01T02:50:42.707177Z
ChIJyeXn7Op3AjoR8nBsF8I3l8Y,Versha Snacks & Sweets,places,en,36,22.56543635,88.3608611,22.5680813,88.3603725,0,kol,Kolkata,2026-09-01T02:50:42.707185Z
ChIJszkW3Rx3AjoRk8IWXBhy9Yc,Zoya Fast Food Center,places,en,36,22.56543635,88.3608611,22.5680829,88.36036390000001,0,kol,Kolkata,2026-09-01T02:50:42.707192Z
ChIJaae08WF3AjoR4SULLdKpnoU,Yummy Bites,places,en,37,22.57159155,88.3636355,22.571140999999997,88.363236,0,kol,Kolkata,2026-09-01T02:50:43.157548Z
ChIJjRCiouEnAzoR8EvKJhelWU4,Wow! Momo,places,en,37,22.57159155,88.3636355,22.572645299999998,88.3638916,0,kol,Kolkata,2026-09-01T02:50:43.157592Z
ChIJ39WXRwB3AjoRPDCNXBcB9HI,Dipa Singh,places,en,37,22.57159155,88.3636355,22.572654999999997,88.3638989,0,kol,Kolkata,2026-09-01T02:50:43.157602Z
ChIJV6G5-mN3AjoRO6K8WaOPSxE,Haringhata Meat on Wheels,places,en,37,22.57159155,88.3636355,22.572654999999997,88.3638989,0,kol,Kolkata,2026-09-01T02:50:43.157611Z
ChIJK4TH7mZ3AjoRrOne1APzc7c,SURAJ FOOD PLAZA,places,en,37,22.57159155,88.3636355,22.5726551,88.3638983,0,kol,Kolkata,2026-09-01T02:50:43.157621Z
ChIJe6yzIVN2AjoRemAMAQNPpEw,Kakurgachi,places,en,37,22.57159155,88.3636355,22.5726551,88.36389849999999,0,kol,Kolkata,2026-09-01T02:50:43.157628Z
ChIJq9LY2ax3AjoRB3keK9axSSU,Kumars Canteen,places,en,37,22.57159155,88.3636355,22.572550099999997,88.3622463,0,kol,Kolkata,2026-09-01T02:50:43.157636Z
ChIJ94VTcwB3AjoREpiu_RSiFkU,মামা ভাগনা রেস্টুরেন্ট,places,en,37,22.57159155,88.3636355,22.5732158,88.3636952,0,kol,Kolkata,2026-09-01T02:50:43.157644Z
ChIJVwawvKx3AjoRI7zhjV0oims,Muskan Biriyani,places,en,37,22.57159155,88.3636355,22.570382199999997,88.362365,0,kol,Kolkata,2026-09-01T02:50:43.157652Z
ChIJeeGAvKx3AjoRskeet_MtwjY,Amantron Fast Food,places,en,37,22.57159155,88.3636355,22.5707411,88.361925,0,kol,Kolkata,2026-09-01T02:50:43.157663Z
ChIJ0dRxpxZ3AjoRvofP_NTzZuI,SINGH S SNACKS AND TEA,places,en,37,22.57159155,88.3636355,22.5726494,88.3620018,0,kol,Kolkata,2026-09-01T02:50:43.157672Z
ChIJqR09zEh3AjoRujlX4LLz_ZQ,Bapi Fast Food Centre,places,en,37,22.57159155,88.3636355,22.573177599999998,88.3625651,0,kol,Kolkata,2026-09-01T02:50:43.157680Z
ChIJ7RfEf5N3AjoR3v1c4TdebeA,MICHAEL WONG,places,en,37,22.57159155,88.3636355,22.572922700000003,88.3652074,0,kol,Kolkata,2026-09-01T02:50:43.157687Z
ChIJg1OuTFN3AjoRluhug2lVvsg,Adarsha Hindu Hotel,places,en,37,22.57159155,88.3636355,22.5709163,88.36158909999999,0,kol,Kolkata,2026-09-01T02:50:43.157694Z
ChIJb4KNpTJ3AjoRx82zzd7zvss,Ravi Sandwich,places,en,37,22.57159155,88.3636355,22.5710314,88.3615444,0,kol,Kolkata,2026-09-01T02:50:43.157701Z
ChIJ-QxBkax3AjoRAAAAMLCN-Gs,PARADISE,places,en,37,22.57159155,88.3636355,22.570991,88.3615238,0,kol,Kolkata,2026-09-01T02:50:43.157708Z
ChIJt32jp1J2AjoRYubR7AOZY6g,PANDIT TEA STALL,places,en,37,22.57159155,88.3636355,22.573479,88.3627321,0,kol,Kolkata,2026-09-01T02:50:43.157716Z
ChIJybDYi8p3AjoRgAZ4Lj-LR7c,PATRA TEA STALL,places,en,37,22.57159155,88.3636355,22.573465199999998,88.3626881,0,kol,Kolkata,2026-09-01T02:50:43.157723Z
ChIJA2U4zTJ3AjoRk7fQsahsnnc,$ky FastFood Near bowbazar,places,en,37,22.57159155,88.3636355,22.5695344,88.3637437,0,kol,Kolkata,2026-09-01T02:50:43.157731Z
ChIJrzmZi4R3AjoR-Weany8mbSQ,Bhim Fast Food,places,en,37,22.57159155,88.3636355,22.5734915,88.3625251,0,kol,Kolkata,2026-09-01T02:50:43.157739Z
ChIJ09fUYIh3AjoRjKoWaMT4gZg,Gopal Das,places,en,38,22.57316325,88.36388984999999,22.5736617,88.36454909999999,0,kol,Kolkata,2026-09-01T02:50:43.510824Z
ChIJ4ZD2SlJ2AjoRCbkHD3781Yk,Rasana,places,en,38,22.57316325,88.36388984999999,22.5735773,88.3646426,0,kol,Kolkata,2026-09-01T02:50:43.510863Z
ChIJ5xvFAzh3AjoRsx8SAQX6IhY,Tea Stall,places,en,38,22.57316325,88.36388984999999,22.573884099999997,88.36323809999999,0,kol,Kolkata,2026-09-01T02:50:43.510873Z
ChIJvTj2xlJ2AjoR9oJi_tCgzmc,Ms Corner Cafe,places,en,38,22.57316325,88.36388984999999,22.5740594,88.363537,0,kol,Kolkata,2026-09-01T02:50:43.510881Z
ChIJk4jDTVJ2AjoRY3MfExVVWG4,Mini Hotels,places,en,38,22.57316325,88.36388984999999,22.573491699999998,88.36491749999999,0,kol,Kolkata,2026-09-01T02:50:43.510890Z
ChIJ39jRAgJ3AjoRpXRxBoja9B0,New Bhojon Caterer,places,en,38,22.57316325,88.36388984999999,22.574101799999998,88.3633012,0,kol,Kolkata,2026-09-01T02:50:43.510898Z
ChIJb2MT8pB3AjoRW55uP2aTOQY,College Street Kitchen,places,en,38,22.57316325,88.36388984999999,22.573781399999998,88.3628,0,kol,Kolkata,2026-09-01T02:50:43.510910Z
ChIJzfg7aQh3AjoRrlvYmkerTSE,Momo on the Wheels,places,en,38,22.57316325,88.36388984999999,22.5741946,88.3646237,0,kol,Kolkata,2026-09-01T02:50:43.510920Z
ChIJFVXFx1J2AjoRCC11SKZ2weM,The Zeeshan,places,en,38,22.57316325,88.36388984999999,22.574168,88.3631326,0,kol,Kolkata,2026-09-01T02:50:43.510927Z
ChIJFbA-jjd3AjoR6zEhapyujao,Handiwala College Street,places,en,38,22.57316325,88.36388984999999,22.5740095,88.36287449999999,0,kol,Kolkata,2026-09-01T02:50:43.510934Z
ChIJ63bUz_R3AjoRw1ba34ZVn70,Maa Tara Food Corner,places,en,39,22.582426599999998,88.3699376,22.5820625,88.3696028,0,kol,Kolkata,2026-09-01T02:50:43.867879Z
ChIJi4FPd1F3AjoR4zB1IfLaTLI,Snaptown,places,en,39,22.582426599999998,88.3699376,22.5837948,88.3707393,0,kol,Kolkata,2026-09-01T02:50:43.867926Z
ChIJa1pCANl3AjoRfKy7guULwk8,Sankar Sweets,places,en,39,22.582426599999998,88.3699376,22.581024900000003,88.3691499,0,kol,Kolkata,2026-09-01T02:50:43.867937Z
ChIJcc97-sJ3AjoRDMW_ZMFGOKM,Eurasia Kitchen,places,en,39,22.582426599999998,88.3699376,22.580871800000004,88.3720618,0,kol,Kolkata,2026-09-01T02:50:43.867950Z
ChIJLQiht5F3AjoRpmTCiDbmduI,Kukkad Koorana,places,en,39,22.582426599999998,88.3699376,22.580864,88.372057,0,kol,Kolkata,2026-09-01T02:50:43.867968Z
ChIJTcUfhzB3AjoRFZ4b6zA4nEA,Petuk Bangali,places,en,39,22.582426599999998,88.3699376,22.580837199999998,88.37205399999999,0,kol,Kolkata,2026-09-01T02:50:43.867978Z
ChIJDT4bxrF3AjoR3z9YrvGA5e4,CHAAT ADDA & MORE,places,en,39,22.582426599999998,88.3699376,22.5801303,88.3687736,0,kol,Kolkata,2026-09-01T02:50:43.867985Z
ChIJg3t86At3AjoRllzcXjfO6v0,Affro cafe,places,en,39,22.582426599999998,88.3699376,22.5807748,88.3676783,0,kol,Kolkata,2026-09-01T02:50:43.867992Z
ChIJAypprCp3AjoRn0aIH7JKwQM,CIC Cafe,places,en,40,22.5850661,88.3694749,22.585400999999997,88.3693933,0,kol,Kolkata,2026-09-01T02:50:44.262292Z
ChIJ46iLDgB3AjoRkbHVEV_lXCQ,BABON'S KITCHEN,places,en,40,22.5850661,88.3694749,22.5856575,88.37037,0,kol,Kolkata,2026-09-01T02:50:44.262339Z
ChIJA5g35th3AjoRLJtGKaVuHGE,@49,places,en,40,22.5850661,88.3694749,22.5854419,88.3683904,0,kol,Kolkata,2026-09-01T02:50:44.262349Z
ChIJ23FbnBd3AjoRTZbRs784edg,Yummy Dosa,places,en,40,22.5850661,88.3694749,22.5855465,88.3677257,0,kol,Kolkata,2026-09-01T02:50:44.262358Z
ChIJJSpZAQB3AjoRvNwj1fgc5xw,Fried Junction,places,en,40,22.5850661,88.3694749,22.585577699999998,88.36761659999999,0,kol,Kolkata,2026-09-01T02:50:44.262367Z
ChIJrc0kB5R3AjoRolvhtrAfddY,Hot Chips,places,en,40,22.5850661,88.3694749,22.5852656,88.3714139,0,kol,Kolkata,2026-09-01T02:50:44.262374Z
ChIJheowoOh3AjoRbiwyGIERP3A,Delhi Darbar family restaurant,places,en,40,22.5850661,88.3694749,22.5855291,88.3675935,0,kol,Kolkata,2026-09-01T02:50:44.262382Z
ChIJVYPT5y13AjoRMOX9ErZxGPo,Dosa.Inn,places,en,40,22.5850661,88.3694749,22.5858576,88.3677163,0,kol,Kolkata,2026-09-01T02:50:44.262389Z
ChIJ90Uqi0l2AjoRw92A7DiSAZ0,Chacha's Hotel,places,en,40,22.5850661,88.3694749,22.5861146,88.3678207,0,kol,Kolkata,2026-09-01T02:50:44.262397Z
ChIJJRVWQjZ2AjoRMMJ8uoi_vZg,Zoya Biryani,places,en,40,22.5850661,88.3694749,22.586153799999998,88.3678308,0,kol,Kolkata,2026-09-01T02:50:44.262405Z
ChIJY4VHi0l2AjoRb0WeIOTrnu8,Kumkum Roll And Fast Food Centre,places,en,40,22.5850661,88.3694749,22.586153799999998,88.3678308,0,kol,Kolkata,2026-09-01T02:50:44.262413Z
ChIJFRz_x09xAjoRhXXK1hhN_ao,North Point Restaurant,places,en,40,22.5850661,88.3694749,22.5862299,88.3678886,0,kol,Kolkata,2026-09-01T02:50:44.262421Z
ChIJW_-Y2Sl3AjoROI8O59pTijM,WHERE TO GO #,places,en,40,22.5850661,88.3694749,22.5863811,88.3679301,0,kol,Kolkata,2026-09-01T02:50:44.262430Z
ChIJo8meJ1l3AjoRnby-wE-ZYd4,ELEVEN:11,places,en,40,22.5850661,88.3694749,22.5863917,88.3679294,0,kol,Kolkata,2026-09-01T02:50:44.262437Z
ChIJe2XxuAZ3AjoRVL7dIGuL2b0,HANGOUT,places,en,40,22.5850661,88.3694749,22.5869447,88.3686489,0,kol,Kolkata,2026-09-01T02:50:44.262446Z
ChIJb8wfeox3AjoRF7uQHjzN0G0,Ritesh Sakahari Hotel,places,en,41,22.571254,88.3689243,22.571353199999997,88.3690712,0,kol,Kolkata,2026-09-01T02:50:44.654834Z
ChIJwTvrLcd3AjoRf72pSkcGIYY,Moghal Arsalan Biriyani,places,en,41,22.571254,88.3689243,22.571384,88.3687302,0,kol,Kolkata,2026-09-01T02:50:44.654878Z
ChIJ-Q00gvR3AjoRdFiXkJwzdHc,Monginis Cake Shop,places,en,41,22.571254,88.3689243,22.5710926,88.36860709999999,0,kol,Kolkata,2026-09-01T02:50:44.654889Z
ChIJZ0-snQd3AjoRXBH8dtE8KgU,King's Kitchen,places,en,41,22.571254,88.3689243,22.5709497,88.36907629999999,0,kol,Kolkata,2026-09-01T02:50:44.654898Z
ChIJ6dV9dwB3AjoRIIIw5ToObzE,Hind sweets,places,en,41,22.571254,88.3689243,22.5709613,88.3686858,0,kol,Kolkata,2026-09-01T02:50:44.654907Z
ChIJj2dCW1Z2AjoRO-pNcXWf-nI,Babu Sakahari Hotel,places,en,41,22.571254,88.3689243,22.5712416,88.36932519999999,0,kol,Kolkata,2026-09-01T02:50:44.654914Z
ChIJ0QfFZ7J3AjoRXgsdExVOaH8,Ranjan Ka Dhaba,places,en,41,22.571254,88.3689243,22.5711126,88.3693206,0,kol,Kolkata,2026-09-01T02:50:44.654922Z
ChIJUX2VF9d3AjoRx50ZewW8sTU,Masala Box,places,en,41,22.571254,88.3689243,22.5715269,88.36858889999999,0,kol,Kolkata,2026-09-01T02:50:44.654929Z
ChIJtcVLUAB3AjoR7qXw-Mj-h4s,Grill House,places,en,41,22.571254,88.3689243,22.570824599999998,88.3687696,0,kol,Kolkata,2026-09-01T02:50:44.654936Z
ChIJ9SwGb1F2AjoRdtCULiTA6QY,Annapurna Restaurant,places,en,41,22.571254,88.3689243,22.570816699999998,88.36915119999999,0,kol,Kolkata,2026-09-01T02:50:44.654943Z
ChIJsyrHs893AjoRhhzYwslW2Ug,SONALI CHINESE RESTAURANT,places,en,41,22.571254,88.3689243,22.5707852,88.36912,0,kol,Kolkata,2026-09-01T02:50:44.654951Z
ChIJoRPkR1F2AjoRAAAAsFbtVn8,EASY COOK,places,en,41,22.571254,88.3689243,22.570586799999997,88.3687995,0,kol,Kolkata,2026-09-01T02:50:44.654960Z
ChIJBY4GSFF2AjoRwPS-i2lcwUM,Shankar Hotel,places,en,41,22.571254,88.3689243,22.5705659,88.3686252,0,kol,Kolkata,2026-09-01T02:50:44.654967Z
ChIJp1K7HlF2AjoRGRcQrb4090U,Tara Bhojanalaya,places,en,41,22.571254,88.3689243,22.5716037,88.36981709999999,0,kol,Kolkata,2026-09-01T02:50:44.654976Z
ChIJt3HI4k53AjoR6JU8tSw9N9s,Sumita Nayak,places,en,41,22.571254,88.3689243,22.5704155,88.3693251,0,kol,Kolkata,2026-09-01T02:50:44.654984Z
ChIJn9TNOh53AjoRy8xgTDJu4pg,Tara Vojonaloy,places,en,41,22.571254,88.3689243,22.5716049,88.3698184,0,kol,Kolkata,2026-09-01T02:50:44.654991Z
ChIJZ5GCbA93AjoRf0-Tel5VrCo,Basudev Food Centre,places,en,41,22.571254,88.3689243,22.570197699999998,88.3690199,0,kol,Kolkata,2026-09-01T02:50:44.654998Z
ChIJEx8DguJ3AjoR-8pji6YOJpw,Amitava Tea Stall,places,en,41,22.571254,88.3689243,22.5709511,88.370008,0,kol,Kolkata,2026-09-01T02:50:44.655005Z
ChIJr_C_ZX13AjoR8UHWX-9EXQw,Gharoa Khabar,places,en,41,22.571254,88.3689243,22.5723406,88.3686216,0,kol,Kolkata,2026-09-01T02:50:44.655012Z
ChIJs4twMlF2AjoRtouwn4LWOXY,Aahar Restaurant,places,en,41,22.571254,88.3689243,22.5700799,88.3691917,0,kol,Kolkata,2026-09-01T02:50:44.655020Z
ChIJQ4XChXF3AjoRC9K5ZRHhoUg,MAHAPRABHU NASTA,places,en,42,22.56523155,88.36543935,22.5654404,88.365026,0,kol,Kolkata,2026-09-01T02:50:44.999944Z
ChIJb5ROLMd3AjoRSfjIacSK8t4,GO LEBANESE,places,en,42,22.56523155,88.36543935,22.5660201,88.3650705,0,kol,Kolkata,2026-09-01T02:50:44.999989Z
ChIJHxCMaIN3AjoR8IPd9TV-WaY,Sikha Snacks Corner - food Home Delivery Service,places,en,42,22.56523155,88.36543935,22.565447,88.3663634,0,kol,Kolkata,2026-09-01T02:50:45.000000Z
ChIJXWlsRwB3AjoRT8O_2dG3Z5g,মোঃ আব্দুলর রফ,places,en,42,22.56523155,88.36543935,22.5654328,88.36642839999999,0,kol,Kolkata,2026-09-01T02:50:45.000011Z
ChIJl-LZQzB3AjoRO1aBsUExnvM,JHARNA FAST FOOD,places,en,42,22.56523155,88.36543935,22.5661008,88.3642706,0,kol,Kolkata,2026-09-01T02:50:45.000020Z
ChIJ__R4VzJ3AjoRm36vRd8b80w,JYOTIRMOY,places,en,42,22.56523155,88.36543935,22.5656958,88.3672113,0,kol,Kolkata,2026-09-01T02:50:45.000029Z
ChIJo6quS7l3AjoRB975xP1M2u0,Crunchy munchy,places,en,42,22.56523155,88.36543935,22.563612,88.366772,0,kol,Kolkata,2026-09-01T02:50:45.000038Z
ChIJDTO0AVZ2AjoRVbF_l41n6eQ,Ruchita,places,en,42,22.56523155,88.36543935,22.564102,88.367556,0,kol,Kolkata,2026-09-01T02:50:45.000047Z
ChIJLVaff1Z2AjoRmkFF6I0Ui_U,Ananda Cabin,places,en,42,22.56523155,88.36543935,22.5673267,88.3668794,0,kol,Kolkata,2026-09-01T02:50:45.000057Z
ChIJryYHW1R2AjoR7AaEJR2hUR8,Lakshmi Food Corner,places,en,42,22.56523155,88.36543935,22.567736099999998,88.3658421,0,kol,Kolkata,2026-09-01T02:50:45.000065Z
ChIJK5URbW93AjoRVySLbmIbmV0,PUSPENDU ADHIKARI,places,en,42,22.56523155,88.36543935,22.5676658,88.3645566,0,kol,Kolkata,2026-09-01T02:50:45.000077Z
ChIJ-6GHK1R2AjoRN4LYG7avG5s,Dada Boudir Hotel,places,en,42,22.56523155,88.36543935,22.567132299999997,88.36739279999999,0,kol,Kolkata,2026-09-01T02:50:45.000084Z
ChIJe6yzIVN2AjoR2h4qUwbUfoU,Food Plaza,places,en,42,22.56523155,88.36543935,22.5674916,88.3669096,0,kol,Kolkata,2026-09-01T02:50:45.000092Z
ChIJLQ7uEGJ3AjoRddHfLpPb5SM,Khai khai kitchen,places,en,42,22.56523155,88.36543935,22.5678469,88.3649693,0,kol,Kolkata,2026-09-01T02:50:45.000099Z
ChIJl9Yimbx3AjoRKnJn6jaOedE,Maa Nacinda Fast Foot,places,en,42,22.56523155,88.36543935,22.5679202,88.3654996,0,kol,Kolkata,2026-09-01T02:50:45.000106Z
ChIJ8ZOJw8V3AjoRGsXnldJDD4E,Tasty Food Momos,places,en,43,22.57373365,88.36880915,22.5733271,88.36998539999999,0,kol,Kolkata,2026-09-01T02:50:45.353848Z
ChIJtSf_QFF2AjoRoLOGa6bilzQ,Naiori Restaurant,places,en,43,22.57373365,88.36880915,22.573126,88.36764310000001,0,kol,Kolkata,2026-09-01T02:50:45.353889Z
ChIJHxzm-zN3AjoR2H7LapDodpc,Haji Ayan Biriyani,places,en,43,22.57373365,88.36880915,22.573823299999997,88.3672556,0,kol,Kolkata,2026-09-01T02:50:45.353900Z
ChIJS5MzSH53AjoRELljir0F2Rk,SANTOSH SODA WATER SHOP,places,en,43,22.57373365,88.36880915,22.572574799999998,88.3679009,0,kol,Kolkata,2026-09-01T02:50:45.353912Z
ChIJgbjtE2p3AjoRNRZnot4qMBE,Atithi Fast Food,places,en,43,22.57373365,88.36880915,22.572554099999998,88.3679325,0,kol,Kolkata,2026-09-01T02:50:45.353922Z
ChIJwa_o8iJ1AjoR8m8ne-HeBeY,Monginis Cake Shop,places,en,43,22.57373365,88.36880915,22.5734243,88.36716129999999,0,kol,Kolkata,2026-09-01T02:50:45.353931Z
ChIJudOOQM53AjoRL-wYWt_heUw,HATUS KITCHEN,places,en,43,22.57373365,88.36880915,22.5731411,88.36706749999999,0,kol,Kolkata,2026-09-01T02:50:45.353939Z
ChIJe3SGLSN3AjoRBx_ZtIbq74E,SATHI FAST FOOD,places,en,43,22.57373365,88.36880915,22.5726959,88.3671841,0,kol,Kolkata,2026-09-01T02:50:45.353950Z
ChIJlctnsPl3AjoREXU7lZKLCC4,SURAVI BHANDAR,places,en,43,22.57373365,88.36880915,22.573061499999998,88.36696049999999,0,kol,Kolkata,2026-09-01T02:50:45.353958Z
ChIJYafi0rF3AjoRFdB2vaBk6u0,Arup Bose,places,en,43,22.57373365,88.36880915,22.572921599999997,88.36697339999999,0,kol,Kolkata,2026-09-01T02:50:45.353966Z
ChIJj5dGCxt3AjoR6qIFnJmvglE,IVY.S SHOP,places,en,43,22.57373365,88.36880915,22.5757945,88.3684983,0,kol,Kolkata,2026-09-01T02:50:45.353976Z
ChIJ_7bvczl3AjoRr-mS-8O8EOk,Surojit Karmakar,places,en,43,22.57373365,88.36880915,22.574239199999997,88.3665571,0,kol,Kolkata,2026-09-01T02:50:45.353983Z
ChIJxyiwxdd3AjoRLsuL2w146SM,GOLDEN ROYAL BIRYANI,places,en,43,22.57373365,88.36880915,22.5728419,88.3665206,0,kol,Kolkata,2026-09-01T02:50:45.353991Z
ChIJr1VLmzZ3AjoRKYWBFAwMWHM,Khai Khai Snacks,places,en,43,22.57373365,88.36880915,22.5727029,88.3665695,0,kol,Kolkata,2026-09-01T02:50:45.353999Z
ChIJI0oUzVN2AjoRO0cLVORaEZo,Guest Snacks Bar,places,en,43,22.57373365,88.36880915,22.5727029,88.3665695,0,kol,Kolkata,2026-09-01T02:50:45.354007Z
ChIJu8FDLgB3AjoRiRnHAFg1otw,Souvik Middya : Fuchka Wala,places,en,43,22.57373365,88.36880915,22.5722854,88.3668191,0,kol,Kolkata,2026-09-01T02:50:45.354014Z
ChIJvV0WeQB3AjoR4ymweGXGKB4,Puchkaman,places,en,43,22.57373365,88.36880915,22.5729847,88.3663954,0,kol,Kolkata,2026-09-01T02:50:45.354022Z
ChIJs7SMq5B3AjoRDAXKFEKeDgc,Delicacies Of India Restaurant,places,en,44,22.5830184,88.37291124999999,22.583225199999998,88.37292509999999,0,kol,Kolkata,2026-09-01T02:50:45.776441Z
ChIJZdZi2uV3AjoRaLwImB1qJdU,Dragon Dawat,places,en,44,22.5830184,88.37291124999999,22.5828077,88.374239,0,kol,Kolkata,2026-09-01T02:50:45.776482Z
ChIJu0uOu6l3AjoRmJsGbxJDV3s,FOODIES HUB,places,en,44,22.5830184,88.37291124999999,22.5819223,88.3735395,0,kol,Kolkata,2026-09-01T02:50:45.776493Z
ChIJhUreH_N3AjoR2kAYsFzstM0,FOOD EXPRESS,places,en,44,22.5830184,88.37291124999999,22.5828544,88.37426479999999,0,kol,Kolkata,2026-09-01T02:50:45.776502Z
ChIJVU5pH6t3AjoRYlZQyRT9G10,Banamali Cabin and Caterers,places,en,44,22.5830184,88.37291124999999,22.5817688,88.37340429999999,0,kol,Kolkata,2026-09-01T02:50:45.776509Z
ChIJoVYTGnF3AjoRLQzDuzrpUxw,BARBEQUE THELA,places,en,44,22.5830184,88.37291124999999,22.582251,88.3741732,0,kol,Kolkata,2026-09-01T02:50:45.776516Z
ChIJX19d4EV2AjoRQSI-xNHtO5s,Tara Maa Restaurant,places,en,44,22.5830184,88.37291124999999,22.5817363,88.37363049999999,0,kol,Kolkata,2026-09-01T02:50:45.776524Z
ChIJaQgMqfl3AjoRdOnEsnbmDvM,CHETE PUTE KHAI,places,en,44,22.5830184,88.37291124999999,22.581911599999998,88.37409629999999,0,kol,Kolkata,2026-09-01T02:50:45.776532Z
ChIJ1WvFlAh3AjoR3OtCwp9qtis,Biryani Point,places,en,44,22.5830184,88.37291124999999,22.5818062,88.37407619999999,0,kol,Kolkata,2026-09-01T02:50:45.776539Z
ChIJ0-Hv7pF3AjoR6vQ-p3QQsgU,SATISH KUMAR YADAV,places,en,44,22.5830184,88.37291124999999,22.584313599999998,88.3741223,0,kol,Kolkata,2026-09-01T02:50:45.776547Z
ChIJr6GlZ0Z2AjoRMg6FSyZJT6I,Atithi hotel,places,en,44,22.5830184,88.37291124999999,22.581634299999997,88.374017,0,kol,Kolkata,2026-09-01T02:50:45.776554Z
ChIJuSb0dQt3AjoRQKOP1b7RUyQ,Foodaye Nomoh Sukia Street,places,en,44,22.5830184,88.37291124999999,22.5812985,88.37409749999999,0,kol,Kolkata,2026-09-01T02:50:45.776561Z
ChIJWzWOAMl3AjoR_ivG2e9T-Jc,Golden Fast Food Centre,places,en,44,22.5830184,88.37291124999999,22.5811185,88.3739269,0,kol,Kolkata,2026-09-01T02:50:45.776568Z
ChIJoyqQU0Z2AjoRMDUDQ-XBO_0,Zoya Biryani selar,places,en,44,22.5830184,88.37291124999999,22.5845573,88.3745789,0,kol,Kolkata,2026-09-01T02:50:45.776576Z
ChIJwS6Cpot3AjoROqRBvgeP5aw,Sushila Shop,places,en,44,22.5830184,88.37291124999999,22.5810995,88.37417099999999,0,kol,Kolkata,2026-09-01T02:50:45.776583Z
ChIJVYO5eEh2AjoR62Z81e5Uv0Q,Gupta Sweets,places,en,44,22.5830184,88.37291124999999,22.585290099999998,88.3725134,0,kol,Kolkata,2026-09-01T02:50:45.776593Z
ChIJk-VwqcZ3AjoRJMSvdThg-P4,JAY BALAJI,places,en,45,22.59159345,88.37347305,22.5911939,88.3732072,0,kol,Kolkata,2026-09-01T02:50:46.123213Z
ChIJPYsNXzd2AjoRAAAAMIh-Rhg,Tiwari Milk Shop,places,en,45,22.59159345,88.37347305,22.5916498,88.37216389999999,0,kol,Kolkata,2026-09-01T02:50:46.123258Z
ChIJl-s57RF3AjoR2ggjIoXGfYo,Jai Baba Loknath Hotel,places,en,45,22.59159345,88.37347305,22.5913601,88.37214499999999,0,kol,Kolkata,2026-09-01T02:50:46.123270Z
ChIJ4S_XeYN3AjoRpoKhK2VYH1c,Gayatri Devi Tiwari,places,en,45,22.59159345,88.37347305,22.591703199999998,88.3720574,0,kol,Kolkata,2026-09-01T02:50:46.123278Z
ChIJ1akp94h3AjoRbbEOqjjlENA,Desi adda fast food sentre,places,en,45,22.59159345,88.37347305,22.5920179,88.37510429999999,0,kol,Kolkata,2026-09-01T02:50:46.123285Z
ChIJB0BkzlR3AjoRdKJ6F5GqWnE,Bunty's Kitchen,places,en,45,22.59159345,88.37347305,22.5899359,88.3736868,0,kol,Kolkata,2026-09-01T02:50:46.123292Z
ChIJufSwCjl2AjoRV-tyFuy4BHk,Annapurna Hotel,places,en,45,22.59159345,88.37347305,22.592394799999997,88.3750578,0,kol,Kolkata,2026-09-01T02:50:46.123299Z
ChIJO7iyWIZ3AjoRy59_IWaRwJk,Ni-Hao Momo,places,en,45,22.59159345,88.37347305,22.589711299999998,88.374016,0,kol,Kolkata,2026-09-01T02:50:46.123307Z
ChIJ86Hhcjd2AjoRiF9oGoqu7YI,Lord Fast Food Centre,places,en,45,22.59159345,88.37347305,22.591338399999998,88.37134309999999,0,kol,Kolkata,2026-09-01T02:50:46.123315Z
ChIJexm7EwB3AjoRqxGlVvligZI,Mahadev Kachori,places,en,45,22.59159345,88.37347305,22.5929618,88.37541279999999,0,kol,Kolkata,2026-09-01T02:50:46.123323Z
ChIJd4-BBwB3AjoRMRWypXMlVG4,Fiesta By Barbeque Nation - Hatibagan,places,en,45,22.59159345,88.37347305,22.5940768,88.37425309999999,0,kol,Kolkata,2026-09-01T02:50:46.123330Z
ChIJXS1GsLV3AjoRnT8CCeCRW6A,Mini Royal Cafe,places,en,45,22.59159345,88.37347305,22.594178799999998,88.3726968,0,kol,Kolkata,2026-09-01T02:50:46.123337Z
ChIJ2RFhazd3AjoRsnJpCnmK6Xo,Kheye Bacho,places,en,46,22.588943399999998,88.37135119999999,22.5902036,88.3694594,0,kol,Kolkata,2026-09-01T02:50:46.461791Z
ChIJFRz_x09xAjoRxIKQdXRHDCw,Punjab National Hindu Hotel,places,en,46,22.588943399999998,88.37135119999999,22.589484,88.3688519,0,kol,Kolkata,2026-09-01T02:50:46.461832Z
ChIJv9aebup3AjoRfshWrAHMfeY,Sarvottam Restaurant,places,en,47,22.60025525,88.3711943,22.6007641,88.3708346,0,kol,Kolkata,2026-09-01T02:50:46.874985Z
ChIJm9lQkj93AjoR-EPjTJ5lSBo,Happy Kitchen Restaurant,places,en,47,22.60025525,88.3711943,22.6008562,88.37101469999999,0,kol,Kolkata,2026-09-01T02:50:46.875026Z
ChIJK4o2hix3AjoR_na4KJGITGg,Rakesh Mondal,places,en,47,22.60025525,88.3711943,22.600870099999998,88.37134019999999,0,kol,Kolkata,2026-09-01T02:50:46.875037Z
ChIJBSPyMi52AjoRsdNoAbPn9lg,Sanghai,places,en,47,22.60025525,88.3711943,22.6000507,88.3719679,0,kol,Kolkata,2026-09-01T02:50:46.875046Z
ChIJ4cBeLcN3AjoRWkgTOiulnAU,REHAN RESTAURANT,places,en,47,22.60025525,88.3711943,22.601061500000004,88.37090069999999,0,kol,Kolkata,2026-09-01T02:50:46.875054Z
ChIJ8Upd7C92AjoRMg7SI-jpjzw,Sudipar Rannaghar,places,en,47,22.60025525,88.3711943,22.6009919,88.37166309999999,0,kol,Kolkata,2026-09-01T02:50:46.875061Z
ChIJ8YO4xKh3AjoR0llqji-OWWw,Foodie Bangali,places,en,47,22.60025525,88.3711943,22.599740999999998,88.37206030000002,0,kol,Kolkata,2026-09-01T02:50:46.875069Z
ChIJlfGsbwB3AjoRftNYXUVNyac,Panda momo And Metro zero degree,places,en,47,22.60025525,88.3711943,22.601256799999998,88.37107569999999,0,kol,Kolkata,2026-09-01T02:50:46.875077Z
ChIJXVtRwfx3AjoR8dE3XB_q4a0,B & D Mutton PANTHERAS,places,en,47,22.60025525,88.3711943,22.5996658,88.3702673,0,kol,Kolkata,2026-09-01T02:50:46.875085Z
ChIJ99eOKDB2AjoRZWVapZSTVSM,Barua & Dey Fast Food Centre,places,en,47,22.60025525,88.3711943,22.599696800000004,88.3702368,0,kol,Kolkata,2026-09-01T02:50:46.875093Z
ChIJmeTuW893AjoR018ziXv2EP8,Idli Treat,places,en,47,22.60025525,88.3711943,22.6012116,88.3706438,0,kol,Kolkata,2026-09-01T02:50:46.875101Z
ChIJJcdyhKN3AjoRf9IzMI7CeBo,Wow! Momo,places,en,47,22.60025525,88.3711943,22.6012967,88.37152929999999,0,kol,Kolkata,2026-09-01T02:50:46.875109Z
ChIJQ8mUe3V3AjoRik_d2nTmE0E,Dilwale Biriyani Le Jayenge,places,en,47,22.60025525,88.3711943,22.5991198,88.3710639,0,kol,Kolkata,2026-09-01T02:50:46.875116Z
ChIJXejvHFN3AjoRlayjo7e26gs,MOTILAL,places,en,47,22.60025525,88.3711943,22.5991198,88.3710639,0,kol,Kolkata,2026-09-01T02:50:46.875124Z
ChIJvVElSwB3AjoR_zrnne_PajU,The Aloha Cafe,places,en,47,22.60025525,88.3711943,22.6010955,88.372104,0,kol,Kolkata,2026-09-01T02:50:46.875131Z
ChIJV7bSYdJ3AjoRCIKOOBnQOh4,C.Hot Pot,places,en,47,22.60025525,88.3711943,22.5997815,88.37240609999999,0,kol,Kolkata,2026-09-01T02:50:46.875139Z
ChIJpQcMZAB3AjoRZDDiqtjXlK8,Golbari - New Punjabi Hotel,places,en,47,22.60025525,88.3711943,22.6010144,88.372259,0,kol,Kolkata,2026-09-01T02:50:46.875146Z
ChIJh-MNADB2AjoRBXbLe8jc8uM,The Mombasa,places,en,47,22.60025525,88.3711943,22.599749199999998,88.3724178,0,kol,Kolkata,2026-09-01T02:50:46.875153Z
ChIJzXsgky92AjoRG46G05GQ-uc,Mitra Cafe,places,en,47,22.60025525,88.3711943,22.6011553,88.3722281,0,kol,Kolkata,2026-09-01T02:50:46.875160Z
ChIJXfpGAAJ3AjoR4vF7lbiKlh0,RANJIT JANA,places,en,47,22.60025525,88.3711943,22.598981199999997,88.3715137,0,kol,Kolkata,2026-09-01T02:50:46.875168Z
ChIJHwP8KZZ3AjoRgFGH4-hfUis,The Junkyard,places,en,48,22.60086055,88.3691144,22.601261299999997,88.36960169999999,0,kol,Kolkata,2026-09-01T02:50:47.274203Z
ChIJhffMmH13AjoRZMJ_RYNJI0I,Calcutta 4,places,en,48,22.60086055,88.3691144,22.6008119,88.3698639,0,kol,Kolkata,2026-09-01T02:50:47.274242Z
ChIJj-EJOjB3AjoR2atlCHA9TeU,Yellow Sapphire,places,en,48,22.60086055,88.3691144,22.599941899999997,88.36892549999999,0,kol,Kolkata,2026-09-01T02:50:47.274250Z
ChIJ_WW7AgF3AjoRDkx8BagmJqE,Kalimata Fast Food Centre,places,en,48,22.60086055,88.3691144,22.599771,88.36893189999999,0,kol,Kolkata,2026-09-01T02:50:47.274257Z
ChIJxT1NAS52AjoR3Yb8-KS7D9E,Shital Fast Food,places,en,48,22.60086055,88.3691144,22.600182,88.368095,0,kol,Kolkata,2026-09-01T02:50:47.274264Z
ChIJ6eCZyUt3AjoRxgH10XY-rp0,Bengal Bite House,places,en,48,22.60086055,88.3691144,22.5996451,88.3684249,0,kol,Kolkata,2026-09-01T02:50:47.274270Z
ChIJyanCVgB3AjoRf4_DORuG8DY,The Dosa Man,places,en,48,22.60086055,88.3691144,22.5996488,88.3684143,0,kol,Kolkata,2026-09-01T02:50:47.274276Z
ChIJU23qQgB3AjoRKBXjtWh_baE,GREEN CHILLI CATERER,places,en,48,22.60086055,88.3691144,22.601856899999998,88.36750649999999,0,kol,Kolkata,2026-09-01T02:50:47.274288Z
ChIJR0RdKwB3AjoRqwLfEsmwHUY,Rivu’s QUICK BITE,places,en,48,22.60086055,88.3691144,22.6012773,88.3672126,0,kol,Kolkata,2026-09-01T02:50:47.274294Z
ChIJV8o_ubF3AjoRp7usGMPKh-k,NORTH POINT CAFE,places,en,48,22.60086055,88.3691144,22.600946,88.36698,0,kol,Kolkata,2026-09-01T02:50:47.274301Z
ChIJKWKomLN3AjoRzBE_UIJYJok,darshan the grill & bbq,places,en,48,22.60086055,88.3691144,22.6004082,88.3669377,0,kol,Kolkata,2026-09-01T02:50:47.274306Z
ChIJQdlII3B3AjoRBDgZ3vjEI0w,ANNAPURNA,places,en,48,22.60086055,88.3691144,22.5992303,88.367679,0,kol,Kolkata,2026-09-01T02:50:47.274312Z
ChIJKf-GzjB2AjoRCPO2NDTJnEg,Wok King,places,en,49,22.5939919,88.37066945000001,22.594072999999998,88.370874,0,kol,Kolkata,2026-09-01T02:50:47.634060Z
ChIJe0bD7C92AjoRVAtf8M9UuCU,Bhojohori Manna,places,en,49,22.5939919,88.37066945000001,22.594104599999998,88.3708561,0,kol,Kolkata,2026-09-01T02:50:47.634103Z
ChIJlz9Vb2R3AjoRy-ADR1KSaQY,Shan-E-Punjab,places,en,49,22.5939919,88.37066945000001,22.5940882,88.3708809,0,kol,Kolkata,2026-09-01T02:50:47.634114Z
ChIJt7GuQe53AjoRmVVat0bJbqw,Thappar House Food.,places,en,49,22.5939919,88.37066945000001,22.5942908,88.3708757,0,kol,Kolkata,2026-09-01T02:50:47.634123Z
ChIJTfX0mGV3AjoRjFS5QF1q8IA,The Fried Chicken Express,places,en,49,22.5939919,88.37066945000001,22.593593199999997,88.3705947,0,kol,Kolkata,2026-09-01T02:50:47.634134Z
ChIJU4koa2J3AjoR_Jt5xEDcYZc,"Sorshe Posto, Hatibagan",places,en,49,22.5939919,88.37066945000001,22.594499600000002,88.3707524,0,kol,Kolkata,2026-09-01T02:50:47.634142Z
ChIJufY3eeB3AjoR82wSaY8qCL8,BAWARCHI,places,en,49,22.5939919,88.37066945000001,22.593620299999998,88.37115639999999,0,kol,Kolkata,2026-09-01T02:50:47.634150Z
ChIJjbEymCJ3AjoREqP8gFlkiRI,Kitchen 5,places,en,49,22.5939919,88.37066945000001,22.593484099999998,88.37105799999999,0,kol,Kolkata,2026-09-01T02:50:47.634157Z
ChIJ27q6hE93AjoRBjxFKu_xo70,BHOOTER RAJA DILO BOR,places,en,49,22.5939919,88.37066945000001,22.5935849,88.3711818,0,kol,Kolkata,2026-09-01T02:50:47.634165Z
ChIJuVWQ9tR3AjoREHHz8psf_lY,Aahare Bangali Restaurant,places,en,49,22.5939919,88.37066945000001,22.593405399999998,88.3709578,0,kol,Kolkata,2026-09-01T02:50:47.634172Z
ChIJ2144xTB2AjoRyVoFwOp37vk,C/o Bengali Restaurant,places,en,49,22.5939919,88.37066945000001,22.5946133,88.3706955,0,kol,Kolkata,2026-09-01T02:50:47.634183Z
ChIJ_3o_xTB2AjoRgq73J2UPYUY,Dimsum Station,places,en,49,22.5939919,88.37066945000001,22.594634,88.3707917,0,kol,Kolkata,2026-09-01T02:50:47.634191Z
ChIJGTmc2TB2AjoRCWHpwHpfjzs,Naba Malancha Restaurant,places,en,49,22.5939919,88.37066945000001,22.594671700000003,88.3704011,0,kol,Kolkata,2026-09-01T02:50:47.634198Z
ChIJE7XBZYB3AjoR45L20f52r9A,Purbani Restaurant,places,en,49,22.5939919,88.37066945000001,22.593242399999998,88.3705298,0,kol,Kolkata,2026-09-01T02:50:47.634206Z
ChIJiTWTRAB3AjoREpHueCxRPTQ,Sagar food Egg roll,places,en,49,22.5939919,88.37066945000001,22.5932286,88.37052480000001,0,kol,Kolkata,2026-09-01T02:50:47.634213Z
ChIJP7Zo7q93AjoRBGvmbhzeTDs,Home - Cooking,places,en,49,22.5939919,88.37066945000001,22.593207,88.3707582,0,kol,Kolkata,2026-09-01T02:50:47.634221Z
ChIJDzz6PwB3AjoRLSzX3sK8sqY,Sholo Ana Bangali - Hatibagan,places,en,49,22.5939919,88.37066945000001,22.5947729,88.3708812,0,kol,Kolkata,2026-09-01T02:50:47.634228Z
ChIJX2KNO2F3AjoRwKc_F3wBN4s,Ganesh chicken center,places,en,49,22.5939919,88.37066945000001,22.594701399999998,88.37121119999999,0,kol,Kolkata,2026-09-01T02:50:47.634236Z
ChIJwRZoFgB3AjoR6T1a8RluUzY,The Bahubelly,places,en,49,22.5939919,88.37066945000001,22.594821,88.3703303,0,kol,Kolkata,2026-09-01T02:50:47.634243Z
ChIJoeR9e4h3AjoRgIxCitN49Xo,JEET'S KITCHEN - HOME DELIVERY,places,en,49,22.5939919,88.37066945000001,22.5930803,88.3707672,0,kol,Kolkata,2026-09-01T02:50:47.634249Z
ChIJQ7oFIAB3AjoRtgTX1ib7-1s,Shawarma Nation,places,en,50,22.60600225,88.36969565,22.6054113,88.36925869999999,0,kol,Kolkata,2026-09-01T02:50:47.995008Z
ChIJxVT4g0p3AjoRuLlyTKgrY5c,Pal Cabin,places,en,50,22.60600225,88.36969565,22.605394000000004,88.3692593,0,kol,Kolkata,2026-09-01T02:50:47.995052Z
ChIJD1Yg6P53AjoR48Rp2oFB_fY,SIZZLER RIVER CRUISE,places,en,50,22.60600225,88.36969565,22.606008,88.368723,0,kol,Kolkata,2026-09-01T02:50:47.995063Z
ChIJh_CNugZ3AjoRrqbH6x7V1Qo,Paul Eating House,places,en,50,22.60600225,88.36969565,22.6048331,88.37000019999999,0,kol,Kolkata,2026-09-01T02:50:47.995071Z
ChIJUwn7mZN3AjoRRhLpCFjdAhk,PAUL EATING HOUSE,places,en,50,22.60600225,88.36969565,22.6048015,88.3698671,0,kol,Kolkata,2026-09-01T02:50:47.995079Z
ChIJp3Nm7Nx3AjoRMFnhNqjOtkE,Wow! Petuk Maharaj,places,en,50,22.60600225,88.36969565,22.603839999999998,88.36938599999999,0,kol,Kolkata,2026-09-01T02:50:47.995086Z
ChIJ81xGJvl3AjoR8qdOFTurKec,Chaplin (Unit of Shraddha Saburi Enterprises),places,en,50,22.60600225,88.36969565,22.603771000000002,88.36965049999999,0,kol,Kolkata,2026-09-01T02:50:47.995094Z
ChIJEefOCLx3AjoRDctONFTVsgU,New Arsalan Biryani House,places,en,50,22.60600225,88.36969565,22.6037221,88.3699207,0,kol,Kolkata,2026-09-01T02:50:47.995101Z
ChIJwcqDNGJxAjoRK_5xqDVGT0s,Cravers,places,en,50,22.60600225,88.36969565,22.603727000000003,88.369995,0,kol,Kolkata,2026-09-01T02:50:47.995108Z
ChIJ196-MwB3AjoRYoqnHQUcJA4,Fried Junction,places,en,50,22.60600225,88.36969565,22.603715599999997,88.3700799,0,kol,Kolkata,2026-09-01T02:50:47.995115Z
ChIJAV88iiR1AjoR2dbavcw7yUc,Rozana,places,en,50,22.60600225,88.36969565,22.6037036,88.3700825,0,kol,Kolkata,2026-09-01T02:50:47.995123Z
ChIJ05AjcC53AjoRO5T7Pni__Rk,FOODIE CALCUTTA,places,en,50,22.60600225,88.36969565,22.6039747,88.3684536,0,kol,Kolkata,2026-09-01T02:50:47.995130Z
ChIJjfBlM7Z3AjoRUHEWtfsqXGs,Bro's Kebab,places,en,50,22.60600225,88.36969565,22.6036556,88.369866,0,kol,Kolkata,2026-09-01T02:50:47.995137Z
ChIJ6aCJ4i52AjoRXJOv0dH1pGI,Parvati Kitchen,places,en,50,22.60600225,88.36969565,22.6036681,88.3700302,0,kol,Kolkata,2026-09-01T02:50:47.995144Z
ChIJsYtf9v13AjoRfm9lXBCSYk4,Potlar Kochuri,places,en,50,22.60600225,88.36969565,22.6036283,88.36963999999999,0,kol,Kolkata,2026-09-01T02:50:47.995151Z
ChIJJdZj5C52AjoR0b_3w3CZ6t4,Potla's Snack,places,en,50,22.60600225,88.36969565,22.603625599999997,88.36963999999999,0,kol,Kolkata,2026-09-01T02:50:47.995157Z
ChIJZ4Wu7C52AjoR9lTg4hKdbCk,Punjabi Hotel,places,en,50,22.60600225,88.36969565,22.6038177,88.3685809,0,kol,Kolkata,2026-09-01T02:50:47.995164Z
ChIJqZAC4y52AjoRaR5smSh-9Rw,Moni Restaurant,places,en,50,22.60600225,88.36969565,22.6035695,88.3699232,0,kol,Kolkata,2026-09-01T02:50:47.995171Z
ChIJxZjNoWZ3AjoRVLJp2Owqs00,Hungry Home,places,en,50,22.60600225,88.36969565,22.6035556,88.36993269999999,0,kol,Kolkata,2026-09-01T02:50:47.995178Z
ChIJFwHu7Ap3AjoRBHcx7Dn89FY,RADHASHYAM DAS,places,en,50,22.60600225,88.36969565,22.603813100000004,88.3683844,0,kol,Kolkata,2026-09-01T02:50:47.995185Z
ChIJdX-KUwB3AjoRlSH8go8jtW4,Tiffin time fast food,places,en,51,22.59775755,88.3732603,22.597911699999997,88.3738226,0,kol,Kolkata,2026-09-01T02:50:48.431990Z
ChIJ613-uzp2AjoRRPpxsjzYM7Y,Chinese Wall,places,en,51,22.59775755,88.3732603,22.5986211,88.373431,0,kol,Kolkata,2026-09-01T02:50:48.432024Z
ChIJA_Z_ojp2AjoRYqKflBNTXbM,Dilruba Restaurant,places,en,51,22.59775755,88.3732603,22.5981535,88.3723935,0,kol,Kolkata,2026-09-01T02:50:48.432031Z
ChIJxzfjDSV3AjoRkUgzn6Vv3NA,Chandsu,places,en,51,22.59775755,88.3732603,22.5986154,88.3739482,0,kol,Kolkata,2026-09-01T02:50:48.432036Z
ChIJMyDRuDp2AjoRMPDSPjxiaLA,Parbati Bhandar,places,en,51,22.59775755,88.3732603,22.5986075,88.3739978,0,kol,Kolkata,2026-09-01T02:50:48.432040Z
ChIJeatbs5Z3AjoRnHa1gil9YVI,The Hungry Kebab,places,en,51,22.59775755,88.3732603,22.5983774,88.3721951,0,kol,Kolkata,2026-09-01T02:50:48.432044Z
ChIJp_qwPAB3AjoRlLPldD9w_lU,Biswanath Das Naan Puri,places,en,51,22.59775755,88.3732603,22.5987375,88.3725442,0,kol,Kolkata,2026-09-01T02:50:48.432048Z
ChIJLQ1lPoh3AjoREypgYs3OC0I,Mota-Moti Cafe Quicky,places,en,51,22.59775755,88.3732603,22.5985947,88.3742444,0,kol,Kolkata,2026-09-01T02:50:48.432052Z
ChIJsS32FkZ3AjoRqiE-tL5Kdfo,Soulful food,places,en,51,22.59775755,88.3732603,22.5983007,88.37447060000001,0,kol,Kolkata,2026-09-01T02:50:48.432056Z
ChIJ5dLWOHB3AjoRJRxyxHTtfNk,Mota-Moti Cafe Quicky,places,en,51,22.59775755,88.3732603,22.598573899999998,88.3742963,0,kol,Kolkata,2026-09-01T02:50:48.432060Z
ChIJV3slpzp2AjoRFY_O7WVJBlI,Aminia,places,en,51,22.59775755,88.3732603,22.5988509,88.3725847,0,kol,Kolkata,2026-09-01T02:50:48.432063Z
ChIJO_l0cDB2AjoRKpNZJhlsYts,Cafe De Light,places,en,51,22.59775755,88.3732603,22.5975419,88.3718794,0,kol,Kolkata,2026-09-01T02:50:48.432067Z
ChIJa-Iyf5p3AjoRS7NGUoLEfHE,Lakshmi Kanta Pramanik,places,en,51,22.59775755,88.3732603,22.597456599999997,88.3718471,0,kol,Kolkata,2026-09-01T02:50:48.432071Z
ChIJZYOLDjB2AjoRm70i9zdaQRg,Hotel Priya,places,en,51,22.59775755,88.3732603,22.5987579,88.3721248,0,kol,Kolkata,2026-09-01T02:50:48.432075Z
ChIJSYmlCTB2AjoR2dddMUhqHUk,Sanjibani Cabin,places,en,51,22.59775755,88.3732603,22.598899799999998,88.3722653,0,kol,Kolkata,2026-09-01T02:50:48.432078Z
ChIJYyuzp-93AjoRTylVZTy51wg,The Prabhu's Kitchen,places,en,51,22.59775755,88.3732603,22.5984803,88.3746551,0,kol,Kolkata,2026-09-01T02:50:48.432082Z
ChIJG_9s1053AjoRcpNsHG4wZlQ,Sarun Pakori Wala,places,en,51,22.59775755,88.3732603,22.597228599999998,88.37177109999999,0,kol,Kolkata,2026-09-01T02:50:48.432086Z
ChIJ81f3DjB2AjoRx5-VtO9ZL70,Monolova Eating House,places,en,51,22.59775755,88.3732603,22.5987607,88.37205469999999,0,kol,Kolkata,2026-09-01T02:50:48.432090Z
ChIJo4bWqNB3AjoR-2incDw4yNc,Engineer Parathawala,places,en,51,22.59775755,88.3732603,22.5993368,88.37314959999999,0,kol,Kolkata,2026-09-01T02:50:48.432094Z
ChIJj0WXfqF3AjoRelSn8gDHEB8,Sher-E-Kolkata,places,en,51,22.59775755,88.3732603,22.5966172,88.3721139,0,kol,Kolkata,2026-09-01T02:50:48.432098Z
ChIJ9XrB3n53AjoRMntOpzGd8PU,MAA DURGA FAST FOOD CENTRE,places,en,52,22.59800525,88.372945,22.5994048,88.3726042,0,kol,Kolkata,2026-09-01T02:50:48.847419Z
ChIJRb5ZL8F3AjoRapACZNqbGzA,SHARWAN SANDWICH,places,en,52,22.59800525,88.372945,22.597044,88.3716422,0,kol,Kolkata,2026-09-01T02:50:48.847464Z
ChIJBQkJevp2AjoRFvFrd987-IA,Silver Nest Restaurant,places,en,53,22.55667625,88.37115385,22.555830900000004,88.372102,0,kol,Kolkata,2026-09-01T02:50:49.187435Z
ChIJcfpfd_p2AjoRgA-oL6x9-50,Hotel Executive Tower,places,en,53,22.55667625,88.37115385,22.5557896,88.3720982,0,kol,Kolkata,2026-09-01T02:50:49.187473Z
ChIJTccfevp2AjoRe5k0eB5khYU,The Family Restaurant,places,en,53,22.55667625,88.37115385,22.555680400000004,88.3721719,0,kol,Kolkata,2026-09-01T02:50:49.187480Z
ChIJB5t-kdx3AjoRJoVOpnkPbso,Vicky Fast Food,places,en,53,22.55667625,88.37115385,22.5558877,88.3723766,0,kol,Kolkata,2026-09-01T02:50:49.187485Z
ChIJoZtkWI13AjoRbE9KKqGVthA,Abar Khabo Fast Food Centre,places,en,53,22.55667625,88.37115385,22.5566265,88.3726713,0,kol,Kolkata,2026-09-01T02:50:49.187489Z
ChIJ5drKAwB3AjoR8hxS2Em6Opc,JAI MAA TARA HOTEL,places,en,53,22.55667625,88.37115385,22.5561082,88.3725522,0,kol,Kolkata,2026-09-01T02:50:49.187494Z
ChIJ-deVPwB3AjoRb3n54e7QSGk,Dawat-e-Hind,places,en,53,22.55667625,88.37115385,22.5563334,88.3726464,0,kol,Kolkata,2026-09-01T02:50:49.187498Z
ChIJkVeobgB3AjoRxriLosuT2EA,Ma Satoma Wonton,places,en,53,22.55667625,88.37115385,22.556188199999998,88.3726185,0,kol,Kolkata,2026-09-01T02:50:49.187502Z
ChIJTf8Zp_B2AjoRW17qoYBWOHg,Abhinandan Fast Food Centre,places,en,53,22.55667625,88.37115385,22.5570588,88.37270559999999,0,kol,Kolkata,2026-09-01T02:50:49.187507Z
ChIJN9DrVQB3AjoRs1ismvSTci0,Famous Chusta Selling Vendor ( বাপি ড ),places,en,53,22.55667625,88.37115385,22.556030099999997,88.3725836,0,kol,Kolkata,2026-09-01T02:50:49.187511Z
ChIJSzjoe_p2AjoRgEFZI35nfNQ,CIT Cafe,places,en,53,22.55667625,88.37115385,22.5554336,88.3720374,0,kol,Kolkata,2026-09-01T02:50:49.187516Z
ChIJu7-oW8p3AjoRqpIWV230vdE,Calcutta calling,places,en,53,22.55667625,88.37115385,22.5559074,88.37254949999999,0,kol,Kolkata,2026-09-01T02:50:49.187520Z
ChIJNR-fzZl3AjoRUWwGpqDRBf8,MAD FOR FOOD,places,en,53,22.55667625,88.37115385,22.5557077,88.36985370000001,0,kol,Kolkata,2026-09-01T02:50:49.187524Z
ChIJ0fU2yIl3AjoRmWDKlckUsxE,SUNDAR CHINESE FOOD,places,en,53,22.55667625,88.37115385,22.5561613,88.372726,0,kol,Kolkata,2026-09-01T02:50:49.187528Z
ChIJQalSg_B2AjoR5KCR-cerApA,NEW BAWARCHI,places,en,53,22.55667625,88.37115385,22.555896600000004,88.37269739999999,0,kol,Kolkata,2026-09-01T02:50:49.187532Z
ChIJGzEmHAB5AjoRJYzU-qXGtng,Knight queen Cafe and restaurant,places,en,53,22.55667625,88.37115385,22.5563728,88.36940200000001,0,kol,Kolkata,2026-09-01T02:50:49.187536Z
ChIJI33y4RB3AjoRN6STn2soHgE,Shahi Bangla,places,en,53,22.55667625,88.37115385,22.5549826,88.3709018,0,kol,Kolkata,2026-09-01T02:50:49.187540Z
ChIJQUieQQB3AjoRAkJAcWtlzBE,CIT Dhaba,places,en,53,22.55667625,88.37115385,22.5579653,88.3724805,0,kol,Kolkata,2026-09-01T02:50:49.187545Z
ChIJ-1c-LWZ3AjoRrZp4QsAZpmA,Kebab-On-Wheels,places,en,53,22.55667625,88.37115385,22.555187699999998,88.3722303,0,kol,Kolkata,2026-09-01T02:50:49.187549Z
ChIJ58dx8gV3AjoRdiil0q0F_-w,Mummy's kitchen.,places,en,53,22.55667625,88.37115385,22.558442499999998,88.37169829999999,0,kol,Kolkata,2026-09-01T02:50:49.187554Z
ChIJd_f6uv53AjoRqED9vzss50Q,R.Z. EATING CORNER,places,en,54,22.5550462,88.36197585,22.5551149,88.3618291,0,kol,Kolkata,2026-09-01T02:50:49.537444Z
ChIJc68XXgJ3AjoRa0mR3XFAYXI,Shahi Biryani House,places,en,54,22.5550462,88.36197585,22.555254899999998,88.36157589999999,0,kol,Kolkata,2026-09-01T02:50:49.537489Z
ChIJXdmlUAJ3AjoRx8BupijAmNY,SHABISTAN RESTAURANT,places,en,54,22.5550462,88.36197585,22.5549598,88.36147179999999,0,kol,Kolkata,2026-09-01T02:50:49.537500Z
ChIJASarlHF3AjoR4Q_uG9THAwk,GOLDEN FAST FOOD,places,en,54,22.5550462,88.36197585,22.554911699999998,88.361448,0,kol,Kolkata,2026-09-01T02:50:49.537508Z
ChIJQ3RTXwJ3AjoRnz8JUdxIQYU,Laiba Biryani Centre,places,en,54,22.5550462,88.36197585,22.554834400000004,88.3614315,0,kol,Kolkata,2026-09-01T02:50:49.537517Z
ChIJhQdPXgB3AjoRZgh1DBrlBNI,Gulistan Eating House,places,en,54,22.5550462,88.36197585,22.5547528,88.3614035,0,kol,Kolkata,2026-09-01T02:50:49.537526Z
ChIJ5V6bVwB3AjoRQSs-nc6XJ5A,Bitez,places,en,54,22.5550462,88.36197585,22.554647199999998,88.3610222,0,kol,Kolkata,2026-09-01T02:50:49.537533Z
ChIJV79AGYh3AjoRW59HiezEak8,Haji Biryani,places,en,54,22.5550462,88.36197585,22.5553813,88.36091379999999,0,kol,Kolkata,2026-09-01T02:50:49.537541Z
ChIJTYX5sJR3AjoRkrU5KhNtZs0,The Spicy Wings,places,en,54,22.5550462,88.36197585,22.554719799999997,88.360874,0,kol,Kolkata,2026-09-01T02:50:49.537548Z
ChIJ1c5qo5N3AjoRNMrSDm3XDVs,ZAIKA-E-HIND,places,en,54,22.5550462,88.36197585,22.5560388,88.36134969999999,0,kol,Kolkata,2026-09-01T02:50:49.537556Z
ChIJD2QhUwJ3AjoRao444TEQ17w,Nizam's Biryani And Fast Food,places,en,54,22.5550462,88.36197585,22.5554816,88.3606741,0,kol,Kolkata,2026-09-01T02:50:49.537563Z
ChIJgTE8PwB3AjoR-ZbwhCNmnR4,AK HAMD FAST FOOD CENTER,places,en,54,22.5550462,88.36197585,22.5563401,88.3615902,0,kol,Kolkata,2026-09-01T02:50:49.537571Z
ChIJs9aDTwB3AjoR-7zTlUaHkSQ,Sana Fast Food,places,en,54,22.5550462,88.36197585,22.5551536,88.36036630000001,0,kol,Kolkata,2026-09-01T02:50:49.537578Z
ChIJIyZERAB3AjoRzhQoBHRXgYQ,samdani puri old shop,places,en,54,22.5550462,88.36197585,22.5550762,88.36030269999999,0,kol,Kolkata,2026-09-01T02:50:49.537586Z
ChIJXWbWMdp3AjoRj_m4HdLvAzg,Mdaurangieb,places,en,54,22.5550462,88.36197585,22.5550331,88.36022919999999,0,kol,Kolkata,2026-09-01T02:50:49.537593Z
ChIJNd7msW93AjoRM5Ri_I4YCF4,Ghar Ka Momo,places,en,54,22.5550462,88.36197585,22.554391,88.3635705,0,kol,Kolkata,2026-09-01T02:50:49.537600Z
ChIJh3HJBgN3AjoRG967nw8QoR8,Hungry House,places,en,54,22.5550462,88.36197585,22.554593399999998,88.3602634,0,kol,Kolkata,2026-09-01T02:50:49.537607Z
ChIJY0OUvQJ3AjoRDAIBl_SI3tI,Wow Chicken,places,en,54,22.5550462,88.36197585,22.553385300000002,88.3619628,0,kol,Kolkata,2026-09-01T02:50:49.537613Z
ChIJd-_ZRmp3AjoR56aj31lmgjI,HOT BITES,places,en,54,22.5550462,88.36197585,22.5568083,88.3618734,0,kol,Kolkata,2026-09-01T02:50:49.537621Z
ChIJJZiYDgJ3AjoRCUmJWcqSAIY,Alisha,places,en,54,22.5550462,88.36197585,22.556784399999998,88.36233539999999,0,kol,Kolkata,2026-09-01T02:50:49.537643Z
ChIJheJyvQJ3AjoR2b0ZCsxSMvI,SULTAN,places,en,55,22.55400595,88.3616844,22.5532567,88.36191219999999,0,kol,Kolkata,2026-09-01T02:50:49.896218Z
ChIJZ0G0Qvh3AjoREBXLVVy6sIY,WBFC,places,en,55,22.55400595,88.3616844,22.5532295,88.3619542,0,kol,Kolkata,2026-09-01T02:50:49.896258Z
ChIJNWK9lt53AjoRKgI7hPuS9OE,Chinese express,places,en,55,22.55400595,88.3616844,22.5528846,88.3613213,0,kol,Kolkata,2026-09-01T02:50:49.896271Z
ChIJRWex4MJ3AjoRDS990sbMwC0,Kalim Fast Food,places,en,55,22.55400595,88.3616844,22.5528435,88.3612978,0,kol,Kolkata,2026-09-01T02:50:49.896276Z
ChIJCWUUkrd3AjoRyj0j9-Woy64,Shaikh's Kitchen,places,en,55,22.55400595,88.3616844,22.5532677,88.3605771,0,kol,Kolkata,2026-09-01T02:50:49.896281Z
ChIJXWJzFwB3AjoR0i5lA7b3rBo,Bismillah Snacks Centre,places,en,55,22.55400595,88.3616844,22.5528597,88.3610511,0,kol,Kolkata,2026-09-01T02:50:49.896286Z
ChIJKSO_Skp3AjoRXoiSM812vM8,Albaik biryani,places,en,55,22.55400595,88.3616844,22.553527199999998,88.3603292,0,kol,Kolkata,2026-09-01T02:50:49.896290Z
ChIJvSBW4AJ3AjoRZh2dliPdcmM,KOHINOOR BIRYANI,places,en,55,22.55400595,88.3616844,22.553730100000003,88.36018,0,kol,Kolkata,2026-09-01T02:50:49.896294Z
ChIJM3m4Dm13AjoR0GdXsU1nKUE,Aala Biryani House,places,en,55,22.55400595,88.3616844,22.5535724,88.36019639999999,0,kol,Kolkata,2026-09-01T02:50:49.896304Z
ChIJt1GSEQB3AjoRha9bBSQeeq4,Naaz Biryani,places,en,55,22.55400595,88.3616844,22.553585299999998,88.3601517,0,kol,Kolkata,2026-09-01T02:50:49.896311Z
ChIJYQUYDAJ3AjoRl66LHHYjO7g,Garib Nawaz Resturant,places,en,56,22.55628135,88.36307289999999,22.5567745,88.3624077,0,kol,Kolkata,2026-09-01T02:50:50.261478Z
ChIJRwy-BQ53AjoR5aWfuq8ZMGY,Sindhi Co.,places,en,56,22.55628135,88.36307289999999,22.557456200000004,88.36409689999999,0,kol,Kolkata,2026-09-01T02:50:50.261525Z
ChIJ3-T0DEt3AjoRk1WuKP0BLa4,Mumma's kitchen,places,en,56,22.55628135,88.36307289999999,22.556914700000004,88.3614571,0,kol,Kolkata,2026-09-01T02:50:50.261536Z
ChIJG2t3pBF3AjoR52PusQtWqrc,Denzong Kitchen,places,en,56,22.55628135,88.36307289999999,22.5555775,88.3646922,0,kol,Kolkata,2026-09-01T02:50:50.261545Z
ChIJYx9cPAJ3AjoROqRsPPbkt7M,Kainat Food Corner,places,en,56,22.55628135,88.36307289999999,22.5569219,88.36136210000001,0,kol,Kolkata,2026-09-01T02:50:50.261553Z
ChIJFQA2zrN3AjoRfMX-mP1b7Zw,Ather biryani.,places,en,56,22.55628135,88.36307289999999,22.5570606,88.3608045,0,kol,Kolkata,2026-09-01T02:50:50.261567Z
ChIJU-zu7Cd3AjoRWMFkDQ1ObFU,Abdullah biryani and caterers,places,en,56,22.55628135,88.36307289999999,22.556682799999997,88.3604997,0,kol,Kolkata,2026-09-01T02:50:50.261576Z
ChIJyVCVPXZ3AjoRGyld-y5JI2Y,The Beefy House,places,en,57,22.55477035,88.35935115000001,22.554667,88.3592735,0,kol,Kolkata,2026-09-01T02:50:50.619548Z
ChIJ-9K9Q4J3AjoRa9yB2x32VuM,Fast food,places,en,57,22.55477035,88.35935115000001,22.5550526,88.35955709999999,0,kol,Kolkata,2026-09-01T02:50:50.619590Z
ChIJn2IdISp3AjoRdnkQdXVBjmg,Keem Chee Tower ( Korean-Indian Food),places,en,57,22.55477035,88.35935115000001,22.554626,88.3589635,0,kol,Kolkata,2026-09-01T02:50:50.619601Z
ChIJaVZ4dLd3AjoRvXoFeIhk3U4,GRC,places,en,57,22.55477035,88.35935115000001,22.554618700000002,88.35895769999999,0,kol,Kolkata,2026-09-01T02:50:50.619608Z
ChIJ0x6Yvad3AjoRLhzYC6fp1yQ,Wafflesbyasif,places,en,57,22.55477035,88.35935115000001,22.5545132,88.3599682,0,kol,Kolkata,2026-09-01T02:50:50.619618Z
ChIJu21-OQB3AjoRGyihKwe0qw8,WAFFLE DELIGHT AND FRIES,places,en,57,22.55477035,88.35935115000001,22.5545117,88.35996899999999,0,kol,Kolkata,2026-09-01T02:50:50.619625Z
ChIJyd_dGgN3AjoRGYHl4jSzPIQ,New Shanghai,places,en,57,22.55477035,88.35935115000001,22.554139199999998,88.3598645,0,kol,Kolkata,2026-09-01T02:50:50.619632Z
ChIJD291PAB3AjoRsZE791-nkpc,Shoaib chicken,places,en,57,22.55477035,88.35935115000001,22.5555134,88.3599593,0,kol,Kolkata,2026-09-01T02:50:50.619643Z
ChIJVcfPHm53AjoRKYAGWBvpIQY,ARUS FOOD HUB,places,en,57,22.55477035,88.35935115000001,22.555775,88.35938159999999,0,kol,Kolkata,2026-09-01T02:50:50.619651Z
ChIJAz1Hz_B3AjoRUpU1d52RuoU,Mumma's Sandwich,places,en,57,22.55477035,88.35935115000001,22.553694999999998,88.35941729999999,0,kol,Kolkata,2026-09-01T02:50:50.619659Z
ChIJA5luYQB3AjoRxjpZ2KNn9uc,Red Chicks,places,en,57,22.55477035,88.35935115000001,22.553694999999998,88.35941729999999,0,kol,Kolkata,2026-09-01T02:50:50.619666Z
ChIJM4LmO-J3AjoRY1qj-zNWi3E,Chinese byte,places,en,57,22.55477035,88.35935115000001,22.553706,88.3596207,0,kol,Kolkata,2026-09-01T02:50:50.619674Z
ChIJA2SaW7Z3AjoRHz_NYNgU2G8,Grill Sandwich & Juice,places,en,57,22.55477035,88.35935115000001,22.555816,88.3587785,0,kol,Kolkata,2026-09-01T02:50:50.619681Z
ChIJo-UfvGV3AjoROv4q-kKYLdM,The Tasty Food Junction,places,en,57,22.55477035,88.35935115000001,22.5537866,88.3585378,0,kol,Kolkata,2026-09-01T02:50:50.619690Z
ChIJIR6uZgN3AjoRMu5pr63nCeU,Noodle Time,places,en,57,22.55477035,88.35935115000001,22.553739,88.3583702,0,kol,Kolkata,2026-09-01T02:50:50.619699Z
ChIJRxP3bA13AjoRZkTt8b8QK7g,Chittagong Restaurant,places,en,58,22.5561276,88.3564628,22.5560369,88.3565077,0,kol,Kolkata,2026-09-01T02:50:51.046230Z
ChIJiz-Tac13AjoR0SIUB5iajC4,Dhaka Mezban Restaurant,places,en,58,22.5561276,88.3564628,22.5559875,88.3564517,0,kol,Kolkata,2026-09-01T02:50:51.046276Z
ChIJ2cyofQB3AjoRY9yODJtvRDo,Sulaiman Eating House,places,en,58,22.5561276,88.3564628,22.5558861,88.35647709999999,0,kol,Kolkata,2026-09-01T02:50:51.046287Z
ChIJF6NYOMh3AjoR8emBYDYAKVY,Popular Chicken Shop,places,en,58,22.5561276,88.3564628,22.555735,88.35647089999999,0,kol,Kolkata,2026-09-01T02:50:51.046296Z
ChIJT61oRgB3AjoRkACj4BDaPHY,STAR ZAM ZAM BIRYANI,places,en,58,22.5561276,88.3564628,22.5556836,88.35635460000002,0,kol,Kolkata,2026-09-01T02:50:51.046306Z
ChIJl_8HSmZ3AjoRD9vu7uV_xI4,Ichamotee Restaurant,places,en,58,22.5561276,88.3564628,22.5564929,88.3561459,0,kol,Kolkata,2026-09-01T02:50:51.046314Z
ChIJq3NGIgR3AjoR-ZW1s1Tsruc,Sanam Hotel,places,en,58,22.5561276,88.3564628,22.5566027,88.3563812,0,kol,Kolkata,2026-09-01T02:50:51.046322Z
ChIJl7mtPwR3AjoRWjoeHMmwsBQ,Nawab Eating House,places,en,58,22.5561276,88.3564628,22.556595299999998,88.35660709999999,0,kol,Kolkata,2026-09-01T02:50:51.046329Z
ChIJvxJBu4x3AjoRvW1_Yuj0_AM,Afreen Restaurant and Banquet,places,en,58,22.5561276,88.3564628,22.5562109,88.3570415,0,kol,Kolkata,2026-09-01T02:50:51.046336Z
ChIJBUMUvVd3AjoRowPlt1vFqxs,Aami Bangali Restaurant,places,en,58,22.5561276,88.3564628,22.5561157,88.35714060000001,0,kol,Kolkata,2026-09-01T02:50:51.046344Z
ChIJeRJDxpJ3AjoRufTgpINRlHM,Khalek hotel,places,en,58,22.5561276,88.3564628,22.5563605,88.3571171,0,kol,Kolkata,2026-09-01T02:50:51.046352Z
ChIJrZG47QV3AjoR34RnP8N-Qao,Abdul Khalique & Sons Restaurant,places,en,58,22.5561276,88.3564628,22.556370299999998,88.35713439999999,0,kol,Kolkata,2026-09-01T02:50:51.046360Z
ChIJ33o0YBF3AjoRw8J4d0ZWllQ,Dawat Restaurant,places,en,58,22.5561276,88.3564628,22.556519599999998,88.3557264,0,kol,Kolkata,2026-09-01T02:50:51.046367Z
ChIJQ6F-XwB3AjoR3r_WPX05RMc,Ruby Kitchen,places,en,58,22.5561276,88.3564628,22.5552651,88.3562185,0,kol,Kolkata,2026-09-01T02:50:51.046375Z
ChIJExxYbQR3AjoRQ3PKUX091AU,New Arafat Restaurant,places,en,58,22.5561276,88.3564628,22.5562967,88.35746619999999,0,kol,Kolkata,2026-09-01T02:50:51.046382Z
ChIJ_V6kMwR3AjoRd5CUZcFn28w,Dhansiri Restaurant - Authentic Bangladeshi Food,places,en,58,22.5561276,88.3564628,22.556582,88.35531689999999,0,kol,Kolkata,2026-09-01T02:50:51.046390Z
ChIJ2WQJsuF3AjoR5lPpFRdOn54,BALA TEVAR'S South Indian Foods,places,en,58,22.5561276,88.3564628,22.557054299999997,88.3573337,0,kol,Kolkata,2026-09-01T02:50:51.046397Z
ChIJud6zlgN3AjoRWLcYBmB6gcY,Chowang's Fast Food,places,en,58,22.5561276,88.3564628,22.556210399999998,88.3577947,0,kol,Kolkata,2026-09-01T02:50:51.046404Z
ChIJ2cNvCKp3AjoRcAgVKdHx1XM,Dhaka Hotel,places,en,58,22.5561276,88.3564628,22.555348199999997,88.3554182,0,kol,Kolkata,2026-09-01T02:50:51.046411Z
ChIJJ_JWaOJ3AjoR8GaZ9Ex-k3I,Mr. &Mrs.cafe,places,en,58,22.5561276,88.3564628,22.556604999999998,88.35516109999999,0,kol,Kolkata,2026-09-01T02:50:51.046419Z
ChIJl8VlZgB3AjoR4Hcvu0wmtWk,Fumarii cafe,places,en,59,22.55160835,88.3604931,22.551134599999997,88.360237,0,kol,Kolkata,2026-09-01T02:50:51.467550Z
ChIJgfrbJAN3AjoR9T-oNMdPblo,Ghalib Bar,places,en,59,22.55160835,88.3604931,22.551006599999997,88.3604464,0,kol,Kolkata,2026-09-01T02:50:51.467583Z
ChIJp3HY2hx3AjoRGpZ_5Dv_Up4,Haji Arsalan Biryani,places,en,59,22.55160835,88.3604931,22.551036699999997,88.3602521,0,kol,Kolkata,2026-09-01T02:50:51.467588Z
ChIJ0-HY2EV3AjoRZLLYarMqT0Q,BhaiJaanz,places,en,59,22.55160835,88.3604931,22.5511823,88.35999,0,kol,Kolkata,2026-09-01T02:50:51.467592Z
ChIJ33o0YBF3AjoReI13qvKnCIY,ELLIOT ROAD SURUCHI SELF HELP GROUP,places,en,59,22.55160835,88.3604931,22.5512248,88.36129009999999,0,kol,Kolkata,2026-09-01T02:50:51.467595Z
ChIJ8_m6NE53AjoRgN1KLAapx5Q,Elyas Fast Food,places,en,59,22.55160835,88.3604931,22.552479599999998,88.35976989999999,0,kol,Kolkata,2026-09-01T02:50:51.467599Z
ChIJ7_fAfR93AjoRkj92GlDoXjQ,The Treat House,places,en,59,22.55160835,88.3604931,22.5529059,88.3598835,0,kol,Kolkata,2026-09-01T02:50:51.467603Z
ChIJKTJz2Kh3AjoRE5TYFaT6HRY,Your bellys bae,places,en,59,22.55160835,88.3604931,22.5503617,88.3595124,0,kol,Kolkata,2026-09-01T02:50:51.467608Z
ChIJXwefOAB3AjoRnEy6At9oglU,madhayamgram,places,en,59,22.55160835,88.3604931,22.5509814,88.3589444,0,kol,Kolkata,2026-09-01T02:50:51.467612Z
ChIJ__9jkxx3AjoRQq-G59H5Jz8,Capital O 83232 Kzar Select,places,en,59,22.55160835,88.3604931,22.5505012,88.3592113,0,kol,Kolkata,2026-09-01T02:50:51.467615Z
ChIJE7u6UQd3AjoRWh03Zfz7aCg,Silver Spoon,places,en,59,22.55160835,88.3604931,22.550660699999998,88.3590593,0,kol,Kolkata,2026-09-01T02:50:51.467618Z
ChIJv5yH-nx3AjoR7UZXEgHh4KU,HOTEL GOUSIA DARBAR,places,en,59,22.55160835,88.3604931,22.5525573,88.3619535,0,kol,Kolkata,2026-09-01T02:50:51.467621Z
ChIJG_mGXCh3AjoRDflrHpFOq0Y,Pan Asia,places,en,59,22.55160835,88.3604931,22.5525919,88.3588719,0,kol,Kolkata,2026-09-01T02:50:51.467625Z
ChIJy7HPdgB3AjoR1odqoDgeVUE,BUN CHASKA,places,en,59,22.55160835,88.3604931,22.5504954,88.3620531,0,kol,Kolkata,2026-09-01T02:50:51.467629Z
ChIJ0bjJtD93AjoRAj78D6rs7bs,Elliot's Wok,places,en,59,22.55160835,88.3604931,22.550497,88.3621593,0,kol,Kolkata,2026-09-01T02:50:51.467632Z
ChIJE5zseI53AjoREeIkoWbVUk8,Raffs F9 Rippon Street,places,en,60,22.5529369,88.35982179999999,22.553361700000004,88.3583591,0,kol,Kolkata,2026-09-01T02:50:51.811310Z
ChIJtyqsaSV3AjoRJo6NAjaX5Lc,Happy Bites,places,en,60,22.5529369,88.35982179999999,22.5535076,88.35831879999999,0,kol,Kolkata,2026-09-01T02:50:51.811348Z
ChIJRfKrDgB3AjoRnYkcQHy4kM4,Hidayah's Kitchen,places,en,60,22.5529369,88.35982179999999,22.5535678,88.3583062,0,kol,Kolkata,2026-09-01T02:50:51.811358Z
ChIJ8ZBvBDx3AjoRqjTLl3C8SPI,Anc,places,en,61,22.547444300000002,88.32597085,22.5473936,88.3266739,0,kol,Kolkata,2026-09-01T02:50:52.167835Z
ChIJc9oRALh5AjoR_HUUwt2EFiI,Rawat Store,places,en,61,22.547444300000002,88.32597085,22.547974099999998,88.3232747,0,kol,Kolkata,2026-09-01T02:50:52.167879Z
ChIJPX633x93AjoRW-Nl8DcPBrA,BHAGNARAYAN STALL,places,en,62,22.553586250000002,88.3300587,22.5557193,88.33098609999999,0,kol,Kolkata,2026-09-01T02:50:52.579997Z
ChIJZXaZDgB3AjoRhndGF6IHh0Q,The Tea Houz,places,en,63,22.5414505,88.3692417,22.5403584,88.3691302,0,kol,Kolkata,2026-09-01T02:50:52.929546Z
ChIJzSPHTfF3AjoRRkazkrUe4PQ,Call me irani,places,en,63,22.5414505,88.3692417,22.5410534,88.3704353,0,kol,Kolkata,2026-09-01T02:50:52.929590Z
ChIJBzbEB8B3AjoR33QPzMbh8KQ,SAHANAZ TEA CENTER,places,en,63,22.5414505,88.3692417,22.5409451,88.37043589999999,0,kol,Kolkata,2026-09-01T02:50:52.929602Z
ChIJtfrdx7J1AjoRlPJp7IBmRcs,Junaid Coffee & Sandwich,places,en,63,22.5414505,88.3692417,22.5401874,88.3693864,0,kol,Kolkata,2026-09-01T02:50:52.929610Z
ChIJjVqG9X93AjoR9BMitOiFhwQ,SHAMA FAST FOOD CENTRE,places,en,63,22.5414505,88.3692417,22.5401565,88.3695129,0,kol,Kolkata,2026-09-01T02:50:52.929618Z
ChIJYQfb_Xt3AjoRH-E1CtoJj50,Eat N joy korean food truck,places,en,63,22.5414505,88.3692417,22.5401417,88.36942309999999,0,kol,Kolkata,2026-09-01T02:50:52.929625Z
ChIJtxi8gOd2AjoRyLdmQdKgAmI,The Burping Panda,places,en,63,22.5414505,88.3692417,22.5403313,88.3701818,0,kol,Kolkata,2026-09-01T02:50:52.929633Z
ChIJr8muYv13AjoRxqxXX7tRRi4,ARIF PYARE KABAB,places,en,63,22.5414505,88.3692417,22.540036,88.36954670000001,0,kol,Kolkata,2026-09-01T02:50:52.929640Z
ChIJZWAiW913AjoRzRSLcYwut_c,Oriya Telebhaja Shop (চপ শিল্প),places,en,63,22.5414505,88.3692417,22.540082800000004,88.36982379999999,0,kol,Kolkata,2026-09-01T02:50:52.929647Z
ChIJQ3ss4Ql3AjoRQQrLHS2R08k,The Fat Lama,places,en,63,22.5414505,88.3692417,22.540292599999997,88.37023959999999,0,kol,Kolkata,2026-09-01T02:50:52.929654Z
ChIJeSSL6Dt3AjoR1GwHTaNwhKI,KGN PYARE KABAB,places,en,63,22.5414505,88.3692417,22.540007,88.3696431,0,kol,Kolkata,2026-09-01T02:50:52.929661Z
ChIJdZMcHbh2AjoR3ooEM_KbP9g,Pyare Kabab,places,en,63,22.5414505,88.3692417,22.5406971,88.3706497,0,kol,Kolkata,2026-09-01T02:50:52.929669Z
ChIJMWxn0pt3AjoRzz6psH5ypsI,Zaiqa Biryani,places,en,63,22.5414505,88.3692417,22.541213,88.37085979999999,0,kol,Kolkata,2026-09-01T02:50:52.929676Z
ChIJRbpA2ft3AjoRJLSrQESQIdw,ORIEANT TRADING PVT LTD,places,en,63,22.5414505,88.3692417,22.5398902,88.3693413,0,kol,Kolkata,2026-09-01T02:50:52.929683Z
ChIJIbsNft12AjoR5MpeHLVpXYI,Hotel SAIQA,places,en,63,22.5414505,88.3692417,22.540196899999998,88.3704783,0,kol,Kolkata,2026-09-01T02:50:52.929690Z
ChIJDfspF2d3AjoRaml5mFz_R24,Vijay Tea And Snack,places,en,64,22.55561345,88.37604985,22.555641599999998,88.37612349999999,0,kol,Kolkata,2026-09-01T02:50:53.274584Z
ChIJS-aCjKh3AjoRoe3rnzUnbbA,Soofoodbydibya,places,en,64,22.55561345,88.37604985,22.5546302,88.3764032,0,kol,Kolkata,2026-09-01T02:50:53.274627Z
ChIJAbGTJWR3AjoRd4RS48-UKHE,MAHAPRABHU TIFFIN CORNER,places,en,64,22.55561345,88.37604985,22.557024600000002,88.37571779999999,0,kol,Kolkata,2026-09-01T02:50:53.274639Z
ChIJOx1jb0h3AjoRYxxT0nVCKrk,Smart Rupa Didir Stall,places,en,64,22.55561345,88.37604985,22.5544141,88.3771979,0,kol,Kolkata,2026-09-01T02:50:53.274648Z
ChIJP_N2Q1N3AjoR2e9N4WaJBsY,Hot Tea Saller,places,en,64,22.55561345,88.37604985,22.5575346,88.3766041,0,kol,Kolkata,2026-09-01T02:50:53.274656Z
ChIJccLeX5h3AjoRMSl4Dy1mn4k,AWFC (fried chicken),places,en,64,22.55561345,88.37604985,22.557618299999998,88.3767151,0,kol,Kolkata,2026-09-01T02:50:53.274663Z
ChIJqRdkqMZ3AjoRRzVaz4cSmfs,THE EXCLUSIVE KITCHEN,places,en,64,22.55561345,88.37604985,22.5553861,88.37838839999999,0,kol,Kolkata,2026-09-01T02:50:53.274671Z
ChIJl6uv9ap3AjoRro69wNQw3vM,Wanton noodel shop,places,en,64,22.55561345,88.37604985,22.5554325,88.37359769999999,0,kol,Kolkata,2026-09-01T02:50:53.274679Z
ChIJM9gSjPB2AjoRwum6D3f8-F8,Italy To India,places,en,64,22.55561345,88.37604985,22.5555383,88.37342459999999,0,kol,Kolkata,2026-09-01T02:50:53.274688Z
ChIJT-CvU_F2AjoRIDgG7YpluwI,Hot Tea Junction,places,en,64,22.55561345,88.37604985,22.557917,88.37701880000002,0,kol,Kolkata,2026-09-01T02:50:53.274696Z
ChIJq2DRufB2AjoRtSfT5dry338,Abul Nasar Chicken Shop,places,en,64,22.55561345,88.37604985,22.5563206,88.3733261,0,kol,Kolkata,2026-09-01T02:50:53.274702Z
ChIJ66fSW053AjoRRfNjobGEfUQ,Anas Shimla Biryani,places,en,64,22.55561345,88.37604985,22.556075099999997,88.3731714,0,kol,Kolkata,2026-09-01T02:50:53.274710Z
ChIJUXGNOgB3AjoRiO0NuZ9jXAQ,Shaw and brothers,places,en,64,22.55561345,88.37604985,22.5560626,88.37315989999999,0,kol,Kolkata,2026-09-01T02:50:53.274717Z
ChIJlwluMwB3AjoRg1PPK5n5lpY,Rahul Gupta Snacks,places,en,64,22.55561345,88.37604985,22.5559735,88.3731407,0,kol,Kolkata,2026-09-01T02:50:53.274724Z
ChIJuedaRPB3AjoRTA6xQeuVTCA,Pankaj Sweet Shop,places,en,65,22.556812450000002,88.3741114,22.558054499999997,88.3737577,0,kol,Kolkata,2026-09-01T02:50:53.699868Z
ChIJ8aEUGJJ3AjoR_pc5NLQj6k0,Pandey Ji Snacks,places,en,65,22.556812450000002,88.3741114,22.557734,88.37278289999999,0,kol,Kolkata,2026-09-01T02:50:53.699918Z
ChIJiTRZTQB3AjoRa9Hzkchtnyc,Sajid biryani,places,en,65,22.556812450000002,88.3741114,22.555185899999998,88.3731091,0,kol,Kolkata,2026-09-01T02:50:53.699934Z
ChIJi91JtJ93AjoR_qTW63z6ciM,Loknath Jalpan,places,en,66,22.55782435,88.37308064999999,22.5592592,88.3733439,0,kol,Kolkata,2026-09-01T02:50:54.092209Z
ChIJ9TESRUJ3AjoR4A6bNJxkJAQ,Healthy Shealthy,places,en,66,22.55782435,88.37308064999999,22.5592474,88.3724714,0,kol,Kolkata,2026-09-01T02:50:54.092250Z
ChIJ7y84Wul3AjoRJA90fLMZbW8,Snacks Adda,places,en,66,22.55782435,88.37308064999999,22.558814899999998,88.37449649999999,0,kol,Kolkata,2026-09-01T02:50:54.092266Z
ChIJMb5dF113AjoRz-flTpDz4HQ,WAHID HOTEL,places,en,66,22.55782435,88.37308064999999,22.558929900000003,88.37486,0,kol,Kolkata,2026-09-01T02:50:54.092287Z
ChIJJ0MccTl3AjoRMnOaaglhXvU,Somnath,places,en,67,22.551557250000002,88.3736614,22.551465999999998,88.3738063,0,kol,Kolkata,2026-09-01T02:50:54.433662Z
ChIJ27spDgB3AjoR1rObTjvt5RU,Sandeep Fast Food Centre,places,en,67,22.551557250000002,88.3736614,22.550696,88.3744384,0,kol,Kolkata,2026-09-01T02:50:54.433706Z
ChIJW-UbRBN3AjoRExCqn-7bNyQ,Surajit Tea And Nice,places,en,67,22.551557250000002,88.3736614,22.5533272,88.3731524,0,kol,Kolkata,2026-09-01T02:50:54.433717Z
ChIJNdf1qgZ3AjoRr0nQGtHMsx8,Chai China,places,en,67,22.551557250000002,88.3736614,22.5521503,88.37142399999999,0,kol,Kolkata,2026-09-01T02:50:54.433725Z
ChIJWR7iHQB3AjoRK7Ty5o7eMuc,Sarita eating house,places,en,67,22.551557250000002,88.3736614,22.550076999999998,88.371973,0,kol,Kolkata,2026-09-01T02:50:54.433734Z
ChIJUXxouLN3AjoRUcM1ZMImfag,Harekrishna tirpati hotel South Indian fast food,places,en,67,22.551557250000002,88.3736614,22.550034,88.3719541,0,kol,Kolkata,2026-09-01T02:50:54.433741Z
ChIJHZzHLgB3AjoRx7w1sidymv0,Chai China,places,en,67,22.551557250000002,88.3736614,22.5523238,88.3712329,0,kol,Kolkata,2026-09-01T02:50:54.433748Z
ChIJkQNqfOV2AjoRtPjq_qoccSc,Sunayna Eating House,places,en,67,22.551557250000002,88.3736614,22.5495816,88.3721616,0,kol,Kolkata,2026-09-01T02:50:54.433755Z
ChIJR35aTvl2AjoRisD8-PFFU_s,Hotel Sunrise Inn,places,en,67,22.551557250000002,88.3736614,22.5529017,88.37144909999999,0,kol,Kolkata,2026-09-01T02:50:54.433762Z
ChIJVfXcw8l3AjoRTRv1ZxVlPmI,Sah Brekfast,places,en,67,22.551557250000002,88.3736614,22.5515346,88.3709188,0,kol,Kolkata,2026-09-01T02:50:54.433770Z
ChIJMfEsjAJ3AjoRCgAfZStsiwM,MD MOHSIN ANSARI,places,en,67,22.551557250000002,88.3736614,22.5524558,88.37106999999999,0,kol,Kolkata,2026-09-01T02:50:54.433777Z
ChIJp04fCsl3AjoRw85WbiQzH4c,RK litti Chokha Chicken,places,en,67,22.551557250000002,88.3736614,22.5502872,88.3712408,0,kol,Kolkata,2026-09-01T02:50:54.433789Z
ChIJnU-3Gh53AjoRyl7Vp20sW8A,Cheezy Den,places,en,67,22.551557250000002,88.3736614,22.5536402,88.372028,0,kol,Kolkata,2026-09-01T02:50:54.433796Z
ChIJZeqSFOV2AjoR75ftlh9HGj0,BABA TEA,places,en,67,22.551557250000002,88.3736614,22.5502219,88.3712419,0,kol,Kolkata,2026-09-01T02:50:54.433804Z
ChIJ3TFWJgB3AjoRqvA3JbipNrg,ASHRAF RESTAURANT,places,en,69,22.53708915,88.3712256,22.5383489,88.3718107,0,kol,Kolkata,2026-09-01T02:50:55.141559Z
ChIJMZubR3N3AjoRkj-eiJNAbAM,ICY N SPICY,places,en,69,22.53708915,88.3712256,22.53645,88.3726787,0,kol,Kolkata,2026-09-01T02:50:55.141610Z
ChIJH9a2EwB3AjoRnHx6bInbAx8,Rudra engineering company,places,en,70,22.5740711,88.38262765,22.5743616,88.3818016,0,kol,Kolkata,2026-09-01T02:50:55.485555Z
ChIJ0U1N_OB3AjoRsZ2Ez1xHPFk,Khai khai,places,en,70,22.5740711,88.38262765,22.5754678,88.38234659999999,0,kol,Kolkata,2026-09-01T02:50:55.485599Z
ChIJXSgKsQZ3AjoR-rFtG_Ik9L4,SAHI BIRIYANI CENTRE,places,en,70,22.5740711,88.38262765,22.5760242,88.3814285,0,kol,Kolkata,2026-09-01T02:50:55.485610Z
ChIJtVBMI112AjoRiEPOYMN-0OY,Purnima Fast Food Centre,places,en,70,22.5740711,88.38262765,22.576118599999997,88.3837071,0,kol,Kolkata,2026-09-01T02:50:55.485617Z
ChIJNwQL58F3AjoROckw3T1BSMY,Priyanshu store and food supply,places,en,70,22.5740711,88.38262765,22.574662099999998,88.38539109999999,0,kol,Kolkata,2026-09-01T02:50:55.485625Z
ChIJ2YT89fJ3AjoR_1yVpP6FB6Q,Mom's Kitchen,places,en,70,22.5740711,88.38262765,22.5764657,88.3838953,0,kol,Kolkata,2026-09-01T02:50:55.485632Z
ChIJySQIPhV2AjoRj0Xxp3bx1MI,AK Daily Bazaar,places,en,71,22.586458399999998,88.3813687,22.584336,88.37979920000001,0,kol,Kolkata,2026-09-01T02:50:55.834671Z
ChIJOeAUVnB3AjoRecrz7HDOrx4,AUROMA SIP AND SANDWICH,places,en,72,22.5853569,88.38691399999999,22.5868318,88.38568719999999,0,kol,Kolkata,2026-09-01T02:50:56.260813Z
ChIJg3hwfUx3AjoRnljEYjMq4CE,AARAV WORLD,places,en,72,22.5853569,88.38691399999999,22.5836193,88.3857148,0,kol,Kolkata,2026-09-01T02:50:56.260856Z
ChIJ80lQHQB3AjoRWwaqEwW1Ni4,SAHA KITCHEN,places,en,72,22.5853569,88.38691399999999,22.5842325,88.38499019999999,0,kol,Kolkata,2026-09-01T02:50:56.260868Z
ChIJzaW2Mld3AjoRgQ11y7BF5IY,Veggie Delights,places,en,72,22.5853569,88.38691399999999,22.5875745,88.38680269999999,0,kol,Kolkata,2026-09-01T02:50:56.260877Z
ChIJW4W0KAB3AjoRs1W4NQr4o7o,Mukti mamata tiffin centre,places,en,72,22.5853569,88.38691399999999,22.5841896,88.3847583,0,kol,Kolkata,2026-09-01T02:50:56.260887Z
ChIJ5dkDYah3AjoRq-rhiFO-HFw,IMS Royal Biryani,places,en,73,22.5879763,88.38244575,22.588562,88.38381,0,kol,Kolkata,2026-09-01T02:50:56.610856Z
ChIJtyhelT92AjoRs48-rgp59AQ,Joyguru Fast Food Centre,places,en,73,22.5879763,88.38244575,22.5892627,88.381547,0,kol,Kolkata,2026-09-01T02:50:56.610888Z
ChIJS-gGezZ3AjoRXe85v-st0cg,SREYA'S KITCHEN,places,en,73,22.5879763,88.38244575,22.5891964,88.3843017,0,kol,Kolkata,2026-09-01T02:50:56.610894Z
ChIJvaElHxV2AjoRLM8WuwYHEEg,Haru's Biriyani,places,en,73,22.5879763,88.38244575,22.5895881,88.3843648,0,kol,Kolkata,2026-09-01T02:50:56.610900Z
ChIJv8TRHhV2AjoRfFHfEb01eIg,AHFC,places,en,73,22.5879763,88.38244575,22.5897344,88.3842732,0,kol,Kolkata,2026-09-01T02:50:56.610905Z
ChIJJ7VxtxV2AjoRKEcOoOqUGSQ,আনন্দ ফাস্ট ফুড,places,en,74,22.592356549999998,88.38353860000001,22.5921855,88.38406599999999,0,kol,Kolkata,2026-09-01T02:50:56.964689Z
ChIJfePozzB2AjoR5riBKOMG9H8,Jalajoga mishti,places,en,74,22.592356549999998,88.38353860000001,22.591792,88.3829738,0,kol,Kolkata,2026-09-01T02:50:56.964710Z
ChIJ08_AsBd3AjoRL55nQylC2ec,Kaka Bhaipo Food Junction,places,en,74,22.592356549999998,88.38353860000001,22.5932621,88.38327919999999,0,kol,Kolkata,2026-09-01T02:50:56.964714Z
ChIJ73TT9BV2AjoR73fuyXNtarw,Sudama Sweets & Snacks,places,en,74,22.592356549999998,88.38353860000001,22.5922836,88.38246029999999,0,kol,Kolkata,2026-09-01T02:50:56.964717Z
ChIJ28xsb9R3AjoRSXqcEmUhyIg,Maa kali hotel,places,en,74,22.592356549999998,88.38353860000001,22.593054199999997,88.3845193,0,kol,Kolkata,2026-09-01T02:50:56.964721Z
ChIJi8i8zdx3AjoRYg0rXA8GL5M,Ariyan Delights,places,en,74,22.592356549999998,88.38353860000001,22.594082399999998,88.3835636,0,kol,Kolkata,2026-09-01T02:50:56.964724Z
ChIJ8-LCWhR2AjoRtoHqBiw4drU,Jessore Biryani House,places,en,74,22.592356549999998,88.38353860000001,22.5915979,88.3853386,0,kol,Kolkata,2026-09-01T02:50:56.964727Z
ChIJF15NGAB3AjoRAbe8-j10RtQ,গুপি গাইন ভোজ বাড়ি,places,en,74,22.592356549999998,88.38353860000001,22.594104899999998,88.3843697,0,kol,Kolkata,2026-09-01T02:50:56.964729Z
ChIJTWNbrHp3AjoRdkt6N-nNPLE,Goopy Gyne Bhoj Bari,places,en,74,22.592356549999998,88.38353860000001,22.5941416,88.3843685,0,kol,Kolkata,2026-09-01T02:50:56.964732Z
ChIJ6WiH1W13AjoRo3Ee7nyGRGU,Creative Creation,places,en,74,22.592356549999998,88.38353860000001,22.5944516,88.3835325,0,kol,Kolkata,2026-09-01T02:50:56.964735Z
ChIJ2bx6fAB3AjoR4bQS6crUGVE,Sushanta,places,en,74,22.592356549999998,88.38353860000001,22.5944516,88.3835325,0,kol,Kolkata,2026-09-01T02:50:56.964738Z
ChIJF19GDBZ2AjoR8YMJ_CrPdmM,Food Lovers place,places,en,74,22.592356549999998,88.38353860000001,22.59449,88.3832077,0,kol,Kolkata,2026-09-01T02:50:56.964741Z
ChIJGQ_nLLF3AjoR2USZexXN5kw,Womania স্বাদের ৭ কাহন,places,en,74,22.592356549999998,88.38353860000001,22.5944945,88.3831569,0,kol,Kolkata,2026-09-01T02:50:56.964743Z
ChIJc_y-SgB3AjoRT--WWFqgQC0,Ruti Mohol,places,en,74,22.592356549999998,88.38353860000001,22.5945067,88.3829512,0,kol,Kolkata,2026-09-01T02:50:56.964746Z
ChIJRTDZbxZ2AjoRWuIddkGhq9w,Soma's Kitchen,places,en,74,22.592356549999998,88.38353860000001,22.5946596,88.3839218,0,kol,Kolkata,2026-09-01T02:50:56.964749Z
ChIJLwWSkRt3AjoReupB34ipuGM,Maa Tara Momo Corner,places,en,74,22.592356549999998,88.38353860000001,22.594718,88.3831169,0,kol,Kolkata,2026-09-01T02:50:56.964752Z
ChIJkSdXGAB3AjoRnJsVrq_qPYc,Ultadanga,places,en,74,22.592356549999998,88.38353860000001,22.5947045,88.38293809999999,0,kol,Kolkata,2026-09-01T02:50:56.964754Z
ChIJl2N5ExZ2AjoRoZFHrs_RBnY,Lazij Biryani & Roll,places,en,74,22.592356549999998,88.38353860000001,22.5947945,88.3832054,0,kol,Kolkata,2026-09-01T02:50:56.964757Z
ChIJOROOfBZ2AjoRQZRMX_rAK3I,Lovely Biriyani,places,en,74,22.592356549999998,88.38353860000001,22.594720799999997,88.38434889999999,0,kol,Kolkata,2026-09-01T02:50:56.964761Z
ChIJ41fjchZ2AjoRgUES2ahtU7A,Tara Maa Hotel,places,en,74,22.592356549999998,88.38353860000001,22.594748799999998,88.3827755,0,kol,Kolkata,2026-09-01T02:50:56.964763Z
ChIJsUh7BJN3AjoRakGTUc_I-hA,Sanjit Frout Shop,places,en,75,22.591459450000002,88.3900787,22.5914513,88.3908142,0,kol,Kolkata,2026-09-01T02:50:57.412115Z
ChIJzXzYFwB3AjoRacsAra0u2SI,Panchtantra ki Mandi,places,en,75,22.591459450000002,88.3900787,22.5922701,88.39086030000001,0,kol,Kolkata,2026-09-01T02:50:57.412133Z
ChIJlbQZuZB3AjoRWehYNNx-xlA,Maa Tara Hotel & Restaurant,places,en,75,22.591459450000002,88.3900787,22.5925458,88.39035539999999,0,kol,Kolkata,2026-09-01T02:50:57.412138Z
ChIJiVsGE1t3AjoRV8pYonfATHk,Swade Ahlade Fast Food & Caterer,places,en,75,22.591459450000002,88.3900787,22.5910318,88.3912609,0,kol,Kolkata,2026-09-01T02:50:57.412141Z
ChIJZW7vz713AjoR2n12qFZ5IoA,Jibhe Jol,places,en,75,22.591459450000002,88.3900787,22.5920356,88.39121109999999,0,kol,Kolkata,2026-09-01T02:50:57.412144Z
ChIJObzcVdZ3AjoR3nue-IyXa8g,Kichukhon Fastfood Centre,places,en,75,22.591459450000002,88.3900787,22.591683200000002,88.391442,0,kol,Kolkata,2026-09-01T02:50:57.412146Z
ChIJU-7sWw93AjoRwZJ2yZ2vGsQ,AURA 78,places,en,75,22.591459450000002,88.3900787,22.592859,88.3901992,0,kol,Kolkata,2026-09-01T02:50:57.412149Z
ChIJk0-obUl3AjoR3Udc4xavRmA,ASISH GAYEN,places,en,75,22.591459450000002,88.3900787,22.590434,88.3911319,0,kol,Kolkata,2026-09-01T02:50:57.412152Z
ChIJVZf9aQB3AjoRQiyXacRvqTA,Alishan Biryani,places,en,75,22.591459450000002,88.3900787,22.5929024,88.39010560000001,0,kol,Kolkata,2026-09-01T02:50:57.412155Z
ChIJdRgCPtB3AjoRUfqB6LGFF-o,MEHFIL (ORGANISED BY Step up 2 2nd floor),places,en,75,22.591459450000002,88.3900787,22.591894099999998,88.3915933,0,kol,Kolkata,2026-09-01T02:50:57.412157Z
ChIJK5_KBiN3AjoRm7oO40PRIww,SARTHAK ER BHURI BHOJ,places,en,75,22.591459450000002,88.3900787,22.592606699999997,88.3911121,0,kol,Kolkata,2026-09-01T02:50:57.412160Z
ChIJEXTz1253AjoRHLUJhL97pQg,Jhumur Snacks,places,en,75,22.591459450000002,88.3900787,22.592982600000003,88.3900251,0,kol,Kolkata,2026-09-01T02:50:57.412162Z
ChIJ23EKHgt3AjoRfXPHoLCV7L4,SUB STUDIO,places,en,75,22.591459450000002,88.3900787,22.593004200000003,88.3900376,0,kol,Kolkata,2026-09-01T02:50:57.412165Z
ChIJL9kHoRF2AjoRNNzmV-d3qlI,Hotel Jhumur,places,en,75,22.591459450000002,88.3900787,22.5930584,88.3898791,0,kol,Kolkata,2026-09-01T02:50:57.412168Z
ChIJqZFPRgB3AjoRt8RG4_EXOGU,Shahi Arsalan Biryani,places,en,75,22.591459450000002,88.3900787,22.5919857,88.3917056,0,kol,Kolkata,2026-09-01T02:50:57.412170Z
ChIJQ9wLssB3AjoR3mlli8kz2Zc,Goutam Hotel,places,en,75,22.591459450000002,88.3900787,22.5924591,88.3914333,0,kol,Kolkata,2026-09-01T02:50:57.412173Z
ChIJFUEzdBJ2AjoRr36mutkycjc,Souravs Restaurant,places,en,75,22.591459450000002,88.3900787,22.5919457,88.3918065,0,kol,Kolkata,2026-09-01T02:50:57.412175Z
ChIJf2FbPv13AjoRk3hLMpzLCLE,Petukram - Ultadanga,places,en,75,22.591459450000002,88.3900787,22.591860699999998,88.3918819,0,kol,Kolkata,2026-09-01T02:50:57.412178Z
ChIJV1JQBPl3AjoR6B77nOpGoq8,Arthi Fast Food,places,en,75,22.591459450000002,88.3900787,22.592421899999998,88.3916496,0,kol,Kolkata,2026-09-01T02:50:57.412181Z
ChIJB8RmUQB3AjoRHgWjLNpGoXU,Fast Food of Ajit,places,en,75,22.591459450000002,88.3900787,22.592947799999997,88.3913666,0,kol,Kolkata,2026-09-01T02:50:57.412183Z
ChIJeb5AGgF3AjoRf2PRTh3Y3fw,CHAURASIA HOTAL,places,en,76,22.596516700000002,88.38094625,22.5958325,88.38073,0,kol,Kolkata,2026-09-01T02:50:57.834568Z
ChIJ6SJHbxd3AjoRwNJpgkUCPdM,Singh Enterprise,places,en,76,22.596516700000002,88.38094625,22.5956585,88.3807508,0,kol,Kolkata,2026-09-01T02:50:57.834610Z
ChIJ5wsQawB3AjoRK60DlnPER0E,Dolly's Momo Centre,places,en,76,22.596516700000002,88.38094625,22.595869999999998,88.37908999999999,0,kol,Kolkata,2026-09-01T02:50:57.834621Z
ChIJqzpRbzx2AjoR7hS5yC9Cktc,LOKENATH HOTEL,places,en,76,22.596516700000002,88.38094625,22.5960312,88.3782221,0,kol,Kolkata,2026-09-01T02:50:57.834631Z
ChIJiS6xMbx3AjoRPF6zhF_nwN8,MUM YUM,places,en,76,22.596516700000002,88.38094625,22.599075799999998,88.3808619,0,kol,Kolkata,2026-09-01T02:50:57.834640Z
ChIJtbrDYux3AjoRXMQjnIjBzDg,JOGA KHICHURI,places,en,76,22.596516700000002,88.38094625,22.5958555,88.3781115,0,kol,Kolkata,2026-09-01T02:50:57.834649Z
ChIJI8HwbtN3AjoRtqC0YS9Lflg,Smiley Kitchen,places,en,77,22.59687055,88.38229715,22.595464099999997,88.3838564,0,kol,Kolkata,2026-09-01T02:50:58.184724Z
ChIJ3Vo5oF13AjoRGKOqya0ScRM,DHAKESWARI MISTANNA BHANDAR (Ultadanga),places,en,77,22.59687055,88.38229715,22.5952926,88.3837272,0,kol,Kolkata,2026-09-01T02:50:58.184767Z
ChIJE84MV553AjoRvJo3sGuTEoU,Oye MoMo Da Dhaba Pvt. Ltd. ( OMDD),places,en,77,22.59687055,88.38229715,22.5962343,88.38480679999999,0,kol,Kolkata,2026-09-01T02:50:58.184785Z
ChIJEUqu2UJ3AjoR-mkr7lp6Qz0,NEW SHIB SANKAR HOTEL,places,en,78,22.603133399999997,88.3781774,22.6031177,88.37871580000001,0,kol,Kolkata,2026-09-01T02:50:58.522261Z
ChIJEe3FoyN2AjoRFnwHBmsgQAo,Girnar Vegetarian Hotel,places,en,78,22.603133399999997,88.3781774,22.603221599999998,88.37875179999999,0,kol,Kolkata,2026-09-01T02:50:58.522301Z
ChIJR5rEwyN2AjoR7My0Iobws54,Narmada Canteen,places,en,78,22.603133399999997,88.3781774,22.6036723,88.37864859999999,0,kol,Kolkata,2026-09-01T02:50:58.522309Z
ChIJ6wQVlBR3AjoRrKpT7_2VX9Q,Manorama Kitchen,places,en,78,22.603133399999997,88.3781774,22.602124399999997,88.37826539999999,0,kol,Kolkata,2026-09-01T02:50:58.522314Z
ChIJi6BOcQB3AjoRNA5A56kV764,Adhya Fooding,places,en,78,22.603133399999997,88.3781774,22.6035971,88.3791294,0,kol,Kolkata,2026-09-01T02:50:58.522320Z
ChIJJRQYSL53AjoR3jhnJcXvssI,Asha Tea Stall,places,en,78,22.603133399999997,88.3781774,22.602061499999998,88.37823809999999,0,kol,Kolkata,2026-09-01T02:50:58.522325Z
ChIJOcwGiCR2AjoRI30p5ddrjj8,Metro Hotel and Restaurant,places,en,78,22.603133399999997,88.3781774,22.6025313,88.37669149999999,0,kol,Kolkata,2026-09-01T02:50:58.522330Z
ChIJB6MA9SR2AjoRDE5z8ybT0ks,KINGFISHER,places,en,78,22.603133399999997,88.3781774,22.6025675,88.37601509999999,0,kol,Kolkata,2026-09-01T02:50:58.522335Z
ChIJ__zTgIV3AjoR-bpsRVDqCDE,PARADISE,places,en,78,22.603133399999997,88.3781774,22.6022562,88.3757734,0,kol,Kolkata,2026-09-01T02:50:58.522340Z
ChIJkeCOEvB3AjoR9jLrOVWWjOU,BHARAT BIRYANI,places,en,78,22.603133399999997,88.3781774,22.6021935,88.3756408,0,kol,Kolkata,2026-09-01T02:50:58.522344Z
ChIJQS4YCd13AjoRngE5oIMQVTs,Yadav Hotel,places,en,78,22.603133399999997,88.3781774,22.603085999999998,88.3754254,0,kol,Kolkata,2026-09-01T02:50:58.522349Z
ChIJ-2Gq7iR2AjoRQhB3XAeN-Lw,N. K. Singh,places,en,78,22.603133399999997,88.3781774,22.602015500000004,88.3756695,0,kol,Kolkata,2026-09-01T02:50:58.522353Z
ChIJfeYR7r93AjoR-8QrDY-f7eo,MEZBAN BIRYANI,places,en,78,22.603133399999997,88.3781774,22.6021717,88.3755896,0,kol,Kolkata,2026-09-01T02:50:58.522357Z
ChIJW4VxWCR2AjoReDOHkWRzyTM,Tara Ma Eating House,places,en,79,22.6025122,88.3778206,22.602688999999998,88.37523399999999,0,kol,Kolkata,2026-09-01T02:50:58.929692Z
ChIJoWOn9v13AjoR-8K54UyJenk,Ranvijay Store,places,en,80,22.579676,88.3787977,22.5791327,88.3781044,0,kol,Kolkata,2026-09-01T02:50:59.332712Z
ChIJl7_gC_53AjoRAs6_SFdwBxY,SANI SHAW,places,en,80,22.579676,88.3787977,22.581749,88.3787109,0,kol,Kolkata,2026-09-01T02:50:59.332755Z
ChIJ98IKKTZ3AjoR6TQwcfwYEbs,DEY SNACKS,places,en,80,22.579676,88.3787977,22.5800853,88.3765524,0,kol,Kolkata,2026-09-01T02:50:59.332765Z
ChIJN7xxmdR3AjoRhvDzLTUqjb0,"Urer Dokan(কচুরি, তেলেভাজা এক্সপার্ট)",places,en,80,22.579676,88.3787977,22.5818929,88.3777953,0,kol,Kolkata,2026-09-01T02:50:59.332775Z
ChIJH_InpRB3AjoRkNSXcg8uu5U,Jay Jagannath Shop,places,en,80,22.579676,88.3787977,22.5817372,88.3774419,0,kol,Kolkata,2026-09-01T02:50:59.332782Z
ChIJnSWFKit3AjoRkqpLkzprStA,The Fat Filler Burgers,places,en,80,22.579676,88.3787977,22.58081,88.3764417,0,kol,Kolkata,2026-09-01T02:50:59.332789Z
ChIJgR5OPsN3AjoRHCwdhDnLX4Y,Saddam Shop,places,en,80,22.579676,88.3787977,22.577005,88.3789175,0,kol,Kolkata,2026-09-01T02:50:59.332796Z
ChIJN22gPQB3AjoR77iWy7y0d3M,TALA TALKIES,places,en,81,22.606835500000003,88.3770685,22.6067471,88.37521559999999,0,kol,Kolkata,2026-09-01T02:50:59.682336Z
ChIJI5-JiaR3AjoRyHfT7q-PtlM,BJ (Breakfast Junction),places,en,81,22.606835500000003,88.3770685,22.6074934,88.3747727,0,kol,Kolkata,2026-09-01T02:50:59.682362Z
ChIJGfuV5Rt3AjoRzu1ChX2EjnU,Tarubala Fast Food Centre,places,en,81,22.606835500000003,88.3770685,22.6067859,88.37446369999999,0,kol,Kolkata,2026-09-01T02:50:59.682370Z
ChIJbX4sKW13AjoRix3WLN2bSx0,Saberi’s - An Ode to Maa,places,en,82,22.604478450000002,88.37576795000001,22.603018799999997,88.3735926,0,kol,Kolkata,2026-09-01T02:51:00.023762Z
ChIJaQiidAB3AjoRwihZkAimkDg,Shyambazar,places,en,82,22.604478450000002,88.37576795000001,22.6050133,88.37309669999999,0,kol,Kolkata,2026-09-01T02:51:00.023798Z
ChIJSWBYZgB3AjoRRX1iJQoysd4,Raju Da Kachori Shop,places,en,82,22.604478450000002,88.37576795000001,22.602051,88.3746887,0,kol,Kolkata,2026-09-01T02:51:00.023804Z
ChIJWx-RBqKd-DkRohvTmfQFhfA,Desi and tasty,places,en,83,22.62807785,88.36792625000001,22.6277132,88.369376,0,kol,Kolkata,2026-09-01T02:51:00.454589Z
ChIJb24notqd-DkRI6pwc6f0ipY,RAI DHABA,places,en,83,22.62807785,88.36792625000001,22.6291707,88.3698813,0,kol,Kolkata,2026-09-01T02:51:00.454631Z
ChIJM0Q4ReZ3AjoRhJrsIQiAFfI,Purple Haze,places,en,84,22.5410832,88.36762135000001,22.539432599999998,88.36882489999999,0,kol,Kolkata,2026-09-01T02:51:00.795503Z
ChIJB8ryxyR3AjoR972JpPHhDwU,Open Sky Fast Food,places,en,85,22.538181299999998,88.3612498,22.5398368,88.3615915,0,kol,Kolkata,2026-09-01T02:51:01.135910Z
ChIJEZRIt992AjoRyA1IoK5N5vs,Saiqa Restaurant,places,en,85,22.538181299999998,88.3612498,22.5398368,88.3615915,0,kol,Kolkata,2026-09-01T02:51:01.135968Z
ChIJlUA24O93AjoRlvlpB0mDjR4,Alishan Biryani,places,en,85,22.538181299999998,88.3612498,22.539562999999998,88.36242399999999,0,kol,Kolkata,2026-09-01T02:51:01.135980Z
ChIJO5OWBap3AjoRpzrnQIT4_WI,Special Dahi puchka,places,en,85,22.538181299999998,88.3612498,22.5398413,88.36195939999999,0,kol,Kolkata,2026-09-01T02:51:01.135988Z
ChIJI4wdHyB3AjoRZujbWRJVgKI,Saiqa Hotel,places,en,85,22.538181299999998,88.3612498,22.5398131,88.3620949,0,kol,Kolkata,2026-09-01T02:51:01.135995Z
ChIJewHcrAt3AjoRMyNhcHpJr2A,Shaikh's,places,en,85,22.538181299999998,88.3612498,22.5398723,88.3619557,0,kol,Kolkata,2026-09-01T02:51:01.136002Z
ChIJi_26-d92AjoRFUboLPRj1YA,Jaiswal Tasty Corner (JTC),places,en,85,22.538181299999998,88.3612498,22.539357,88.3628422,0,kol,Kolkata,2026-09-01T02:51:01.136009Z
ChIJWfFgWVh5AjoRN5E-mBPOIzI,Al-Helal Hotel,places,en,85,22.538181299999998,88.3612498,22.5400964,88.3615232,0,kol,Kolkata,2026-09-01T02:51:01.136016Z
ChIJ-x7VBwB3AjoRiJ_AQjor7eE,Jaiswal Nimki House,places,en,85,22.538181299999998,88.3612498,22.5392969,88.36296689999999,0,kol,Kolkata,2026-09-01T02:51:01.136024Z
ChIJA873OwB3AjoRG8OJWnRVuJQ,YUM YUM KART,places,en,86,22.537243750000002,88.3678384,22.537743100000004,88.3678055,0,kol,Kolkata,2026-09-01T02:51:01.575011Z
ChIJT2Kb-Tl3AjoRWreGS0hR6dc,Hunger house,places,en,86,22.537243750000002,88.3678384,22.5377705,88.36797589999999,0,kol,Kolkata,2026-09-01T02:51:01.575048Z
ChIJhT1IWwB3AjoRaVYWK--Kvmc,LIMRA RESTAURANT,places,en,86,22.537243750000002,88.3678384,22.5377774,88.36797729999999,0,kol,Kolkata,2026-09-01T02:51:01.575059Z
ChIJt2biFnN3AjoRwPtCjoC4ano,Icy N Spicy,places,en,86,22.537243750000002,88.3678384,22.537510899999997,88.36837829999999,0,kol,Kolkata,2026-09-01T02:51:01.575068Z
ChIJZ2acOsZ3AjoRNAgxamhJ5AI,"Domino's Pizza | Ballygunge, Kolkata",places,en,86,22.537243750000002,88.3678384,22.537885799999998,88.368246,0,kol,Kolkata,2026-09-01T02:51:01.575077Z
ChIJdxE_MQB3AjoRHnwcO8Q5ELI,Buns N Chicken (Best Burgers in Town),places,en,86,22.537243750000002,88.3678384,22.537896500000002,88.3673189,0,kol,Kolkata,2026-09-01T02:51:01.575084Z
ChIJd-OUtd12AjoRdkVwsKmUGw4,SBFC Foodfanda,places,en,86,22.537243750000002,88.3678384,22.5380674,88.367791,0,kol,Kolkata,2026-09-01T02:51:01.575091Z
ChIJCWodemh3AjoRwwRgZSxQ404,Foodies World,places,en,86,22.537243750000002,88.3678384,22.5382756,88.36779159999999,0,kol,Kolkata,2026-09-01T02:51:01.575099Z
ChIJy2u_GQB3AjoRNzb_a0up4eM,IDLY G,places,en,86,22.537243750000002,88.3678384,22.5373743,88.3690309,0,kol,Kolkata,2026-09-01T02:51:01.575106Z
ChIJdZT6s9l3AjoRcLBuRBuC6A0,Mumma's Handcook Tiffin Services,places,en,86,22.537243750000002,88.3678384,22.5381324,88.3670574,0,kol,Kolkata,2026-09-01T02:51:01.575113Z
ChIJZUVZb952AjoRGh-a9U9OXiU,Sadab Biryani,places,en,86,22.537243750000002,88.3678384,22.537817999999998,88.3667572,0,kol,Kolkata,2026-09-01T02:51:01.575121Z
ChIJJ7ZnkuR3AjoRMtg1ZdfXJgQ,Haiderabadi Shahi Halim,places,en,86,22.537243750000002,88.3678384,22.5373286,88.3691648,0,kol,Kolkata,2026-09-01T02:51:01.575128Z
ChIJJ-Z2s912AjoREb6jTOj4lVo,SAHI TIFFIN CORNER,places,en,86,22.537243750000002,88.3678384,22.5373156,88.3691965,0,kol,Kolkata,2026-09-01T02:51:01.575137Z
ChIJ3X059zV3AjoRyDSpQvMcI24,Best burgers in town,places,en,86,22.537243750000002,88.3678384,22.5372251,88.36925079999999,0,kol,Kolkata,2026-09-01T02:51:01.575145Z
ChIJTR6IwRt3AjoR-_rxVwieu48,CHICKEN DINNER,places,en,86,22.537243750000002,88.3678384,22.537998599999998,88.3666205,0,kol,Kolkata,2026-09-01T02:51:01.575152Z
ChIJLaZyDtF3AjoR-atoaZxdH_g,Ashraf Biryani centre,places,en,86,22.537243750000002,88.3678384,22.537403899999997,88.36931680000001,0,kol,Kolkata,2026-09-01T02:51:01.575160Z
ChIJtx2Zs912AjoRDwiktEY72P0,Shaina Chicken Corner,places,en,86,22.537243750000002,88.3678384,22.5380212,88.36657459999999,0,kol,Kolkata,2026-09-01T02:51:01.575168Z
ChIJn0LV1TN3AjoRiwxdbXPOg2M,M ALAM RESTAURANT,places,en,86,22.537243750000002,88.3678384,22.5379287,88.3693375,0,kol,Kolkata,2026-09-01T02:51:01.575175Z
ChIJqfCEut12AjoRAuQO7dtNexg,Meraj biryani,places,en,86,22.537243750000002,88.3678384,22.5379287,88.3693375,0,kol,Kolkata,2026-09-01T02:51:01.575184Z
ChIJzZp12WR3AjoReWNuzthWF50,Wokchow,places,en,86,22.537243750000002,88.3678384,22.537865,88.36627779999999,0,kol,Kolkata,2026-09-01T02:51:01.575191Z
ChIJe9MaPdF2AjoRGjlfSM5W928,Kabuliwala,places,en,87,22.52560625,88.3682368,22.524986300000002,88.36811650000001,0,kol,Kolkata,2026-09-01T02:51:01.955075Z
ChIJVZLqMI53AjoR6C_QZ4VNk9w,Petuker Boithok Khana,places,en,87,22.52560625,88.3682368,22.524399,88.3685561,0,kol,Kolkata,2026-09-01T02:51:01.955118Z
ChIJjWlcG9F2AjoRtR4h0LoT0p4,Kasturi Food Plaza,places,en,87,22.52560625,88.3682368,22.5243736,88.3686398,0,kol,Kolkata,2026-09-01T02:51:01.955129Z
ChIJxVg87Ot3AjoRLtblm5BuZYk,Mummy's Rasoi,places,en,87,22.52560625,88.3682368,22.524458499999998,88.3674204,0,kol,Kolkata,2026-09-01T02:51:01.955137Z
ChIJE3DP6xV3AjoRQxsdf4W3Ts0,Calcutta Calling,places,en,87,22.52560625,88.3682368,22.5243648,88.3689587,0,kol,Kolkata,2026-09-01T02:51:01.955145Z
ChIJ1W_ZfM13AjoRuH3vdXZQn_Y,Chowman (Ballygunge),places,en,87,22.52560625,88.3682368,22.5270554,88.3685263,0,kol,Kolkata,2026-09-01T02:51:01.955152Z
ChIJ65hWudB2AjoRBk25hHodpYs,Baked 'N' Fried,places,en,87,22.52560625,88.3682368,22.5270898,88.3685101,0,kol,Kolkata,2026-09-01T02:51:01.955160Z
ChIJ3XAIUcN2AjoRL9bNvQCWrYs,Tasty Corner,places,en,87,22.52560625,88.3682368,22.524508299999997,88.3670771,0,kol,Kolkata,2026-09-01T02:51:01.955166Z
ChIJneogfgB3AjoRFbAxKHGgzZ0,"Tab 21 Cafe Rooted | Best Cafe in Ballygunge, Kolkata",places,en,87,22.52560625,88.3682368,22.5240516,88.3685691,0,kol,Kolkata,2026-09-01T02:51:01.955174Z
ChIJr60sSNF2AjoRaMiqV4SQRQg,Eats,places,en,87,22.52560625,88.3682368,22.5250006,88.3699307,0,kol,Kolkata,2026-09-01T02:51:01.955182Z
ChIJ8Yc6YgB3AjoR1FEQY9VNSpA,Hungry Sardar,places,en,87,22.52560625,88.3682368,22.5273239,88.3687016,0,kol,Kolkata,2026-09-01T02:51:01.955190Z
ChIJaw0xQYB3AjoR-6FjbLscKlE,Burger Haven Ballygunge (Kolkata),places,en,87,22.52560625,88.3682368,22.5249137,88.3663273,0,kol,Kolkata,2026-09-01T02:51:01.955196Z
ChIJ26P9otB2AjoRs43hOeL_NZ4,Baithak - Savourites Hospitality Private Limited,places,en,87,22.52560625,88.3682368,22.527732699999998,88.36870689999999,0,kol,Kolkata,2026-09-01T02:51:01.955203Z
ChIJAVgxDQ13AjoRAXxBPMGrz-A,Flavours of Bengal,places,en,87,22.52560625,88.3682368,22.5277662,88.36871029999999,0,kol,Kolkata,2026-09-01T02:51:01.955210Z
ChIJS5TZm6p3AjoRWfV1d14OjZQ,+91 Project,places,en,87,22.52560625,88.3682368,22.524781299999997,88.3704203,0,kol,Kolkata,2026-09-01T02:51:01.955217Z
ChIJzzxYotB2AjoR4lKHCFz_7_E,6 Ballygunge Place,places,en,87,22.52560625,88.3682368,22.527785599999998,88.3687252,0,kol,Kolkata,2026-09-01T02:51:01.955225Z
ChIJA9qNVEh3AjoR-qUK6KwYZLA,Flavours of Ballygunge,places,en,87,22.52560625,88.3682368,22.5233711,88.3690981,0,kol,Kolkata,2026-09-01T02:51:01.955232Z
ChIJm9081yB3AjoRh0O0Ml1CmNk,chinese si,places,en,87,22.52560625,88.3682368,22.5277437,88.3694342,0,kol,Kolkata,2026-09-01T02:51:01.955239Z
ChIJN9UUHAB3AjoRm6nnJyPwPGI,Forage,places,en,87,22.52560625,88.3682368,22.526597,88.3707064,0,kol,Kolkata,2026-09-01T02:51:01.955245Z
ChIJ3_DJW5VLHToRYIIq6cA73VA,XX,places,en,87,22.52560625,88.3682368,22.527246299999998,88.3702739,0,kol,Kolkata,2026-09-01T02:51:01.955252Z
ChIJqRsdVQB3AjoRKUG_ocUFMwY,7 𝚙𝚘𝚒𝚗𝚝 𝚊𝚜𝚊𝚕𝚊𝚗 𝙷𝚘𝚝𝚎𝚕,places,en,88,22.5284066,88.3706704,22.5292615,88.37044329999999,0,kol,Kolkata,2026-09-01T02:51:02.310118Z
ChIJCbu_ZNp2AjoRXKva5H0RP1E,Gupta Roll Centre,places,en,88,22.5284066,88.3706704,22.528982199999998,88.3696806,0,kol,Kolkata,2026-09-01T02:51:02.310157Z
ChIJER33vdp2AjoR1eI99UZZdQ8,Dhaba Junction,places,en,88,22.5284066,88.3706704,22.5293583,88.3712927,0,kol,Kolkata,2026-09-01T02:51:02.310170Z
ChIJf6mWlJd3AjoRar5_pyV_Fos,Arman Biryani (Restaurant & Caterer),places,en,88,22.5284066,88.3706704,22.5291545,88.3696947,0,kol,Kolkata,2026-09-01T02:51:02.310179Z
ChIJW8BrvTt3AjoRU1rdIMq2qHM,Tandoorly Fast Food & Cafe,places,en,88,22.5284066,88.3706704,22.5291106,88.3716601,0,kol,Kolkata,2026-09-01T02:51:02.310188Z
ChIJvdgOZNB2AjoRv6NP6h63y50,Trishakti,places,en,88,22.5284066,88.3706704,22.5270767,88.370471,0,kol,Kolkata,2026-09-01T02:51:02.310198Z
ChIJ9U3Uu7J3AjoRzLvbH67lc7g,Bar-B-Q Rollover,places,en,88,22.5284066,88.3706704,22.5291776,88.3691233,0,kol,Kolkata,2026-09-01T02:51:02.310206Z
ChIJH1yhc4l3AjoRObMhc6OJo2A,Kiwami Sushi Bar,places,en,88,22.5284066,88.3706704,22.5295812,88.3694191,0,kol,Kolkata,2026-09-01T02:51:02.310215Z
ChIJGYhPqZp3AjoRe0AXG3DN42g,Ashish Fast Food,places,en,88,22.5284066,88.3706704,22.5291416,88.3723423,0,kol,Kolkata,2026-09-01T02:51:02.310222Z
ChIJa-Vut1R3AjoRP1UaLj9RbeA,Pawan Shop,places,en,88,22.5284066,88.3706704,22.5291355,88.372365,0,kol,Kolkata,2026-09-01T02:51:02.310230Z
ChIJFau7FBZ3AjoRWkpw5km6awc,Anup Hotel,places,en,88,22.5284066,88.3706704,22.5293238,88.3723572,0,kol,Kolkata,2026-09-01T02:51:02.310238Z
ChIJa7-62P93AjoR49txmGwD8Ls,Umesh Bhai Ka Dhaba,places,en,88,22.5284066,88.3706704,22.5295091,88.3723253,0,kol,Kolkata,2026-09-01T02:51:02.310249Z
ChIJpxYLPtp2AjoRB0mOpahEC48,Raj Eating House & Raj Caterer,places,en,88,22.5284066,88.3706704,22.5298846,88.36882969999999,0,kol,Kolkata,2026-09-01T02:51:02.310258Z
ChIJpzXV2s12AjoR4tVQnUhIxuQ,The Asian Flare,places,en,89,22.524839800000002,88.3746811,22.5222812,88.3741045,0,kol,Kolkata,2026-09-01T02:51:02.643296Z
ChIJy4QJ25B3AjoRy8IC42Csxdw,"CRISP ""N"" CHICKS",places,en,90,22.54776585,88.3769384,22.548886,88.378334,0,kol,Kolkata,2026-09-01T02:51:03.079517Z
ChIJM54HaOx2AjoR8eZMDR4wf9c,Bamunpara Food Arena,places,en,90,22.54776585,88.3769384,22.5472912,88.3789652,0,kol,Kolkata,2026-09-01T02:51:03.079560Z
ChIJtzA4_cN3AjoRGTTVjSwfX2A,The Noodle Mafia,places,en,90,22.54776585,88.3769384,22.5475149,88.379181,0,kol,Kolkata,2026-09-01T02:51:03.079571Z
ChIJt4m8CwB3AjoR3s_PTLt2Jr8,PAUL SWEETS,places,en,90,22.54776585,88.3769384,22.547503,88.3792222,0,kol,Kolkata,2026-09-01T02:51:03.079579Z
ChIJU5sZmpt3AjoReqBtUpry6ss,Bhoj Bichitro,places,en,90,22.54776585,88.3769384,22.5457189,88.3775665,0,kol,Kolkata,2026-09-01T02:51:03.079586Z
ChIJMUS6PQ53AjoRLZ7ojMx5dxY,Divine Confections,places,en,90,22.54776585,88.3769384,22.5459079,88.3781044,0,kol,Kolkata,2026-09-01T02:51:03.079594Z
ChIJ5YwMSYd3AjoRn-kJGO7xqwg,BONNY'S KARAI RESTAURANT,places,en,90,22.54776585,88.3769384,22.5472176,88.3793441,0,kol,Kolkata,2026-09-01T02:51:03.079601Z
ChIJLUIEJC53AjoRTpgk6vZ66Bk,NEW TAJ BIRYANI,places,en,90,22.54776585,88.3769384,22.5477967,88.3794187,0,kol,Kolkata,2026-09-01T02:51:03.079609Z
ChIJiasCSK53AjoR664edMx4a6k,Rishi's Kitchen,places,en,90,22.54776585,88.3769384,22.5452191,88.3775708,0,kol,Kolkata,2026-09-01T02:51:03.079617Z
ChIJTbtLCO12AjoRI6OB0aB_fEM,Tarun Debnath Tiffin Corner,places,en,90,22.54776585,88.3769384,22.550373099999998,88.3773822,0,kol,Kolkata,2026-09-01T02:51:03.079624Z
ChIJbenHRsR3AjoRAnckTLnP3ng,PUCHKA CHAAT ETC.,places,en,91,22.545876149999998,88.37577175,22.5456052,88.3743373,0,kol,Kolkata,2026-09-01T02:51:03.413418Z
ChIJienT0eh2AjoRhVRkQPJQ1PM,Taj Biryani,places,en,91,22.545876149999998,88.37577175,22.5455999,88.3743363,0,kol,Kolkata,2026-09-01T02:51:03.413454Z
ChIJceEWGl13AjoRV04gY0gl8Bk,SONU SNACKS,places,en,91,22.545876149999998,88.37577175,22.5456003,88.3741762,0,kol,Kolkata,2026-09-01T02:51:03.413466Z
ChIJt6OoZwB3AjoR9XX9ZZb27V0,Anjali Food Corner,places,en,91,22.545876149999998,88.37577175,22.5451206,88.3775647,0,kol,Kolkata,2026-09-01T02:51:03.413477Z
ChIJjXaCXFR3AjoRZkg7vASN-4Y,6 Ballygunge Place - Kasba (Takeaway),places,en,92,22.52335515,88.3757057,22.521860999999998,88.3755448,0,kol,Kolkata,2026-09-01T02:51:03.757615Z
ChIJQd3qCWF3AjoR8wTq4GdP1Vk,Cheeky Chicken,places,en,92,22.52335515,88.3757057,22.521772199999997,88.3738501,0,kol,Kolkata,2026-09-01T02:51:03.757658Z
ChIJLdZ8lTp3AjoR1gE9oqo_Iu4,SAVOURITES HOSPITALITY PVT LTD,places,en,92,22.52335515,88.3757057,22.5220697,88.37338659999999,0,kol,Kolkata,2026-09-01T02:51:03.757670Z
ChIJTS6RP4V3AjoRgdGGCVkFG-M,Santa Delivers,places,en,92,22.52335515,88.3757057,22.5215595,88.3738196,0,kol,Kolkata,2026-09-01T02:51:03.757678Z
ChIJsa2nvnNxAjoRUEWhAhamlhY,Taste N Aroma,places,en,92,22.52335515,88.3757057,22.5209044,88.37480389999999,0,kol,Kolkata,2026-09-01T02:51:03.757686Z
ChIJj_imK9R2AjoRxv6Ia20PfQk,China White's,places,en,93,22.521943999999998,88.3651182,22.5219759,88.36542399999999,0,kol,Kolkata,2026-09-01T02:51:04.204251Z
ChIJF4wFGNd2AjoRLH6a3hOc0hY,Puratani Bangla Gaan,places,en,93,22.521943999999998,88.3651182,22.521852499999998,88.3646938,0,kol,Kolkata,2026-09-01T02:51:04.204287Z
ChIJOabmbFx3AjoRqdqffusqEFE,"MM,s kitchen",places,en,93,22.521943999999998,88.3651182,22.5220348,88.365633,0,kol,Kolkata,2026-09-01T02:51:04.204297Z
ChIJR6MPKW13AjoRARFdR4_asms,Kohinoor,places,en,93,22.521943999999998,88.3651182,22.522544699999997,88.36549939999999,0,kol,Kolkata,2026-09-01T02:51:04.204306Z
ChIJ44QfNNR2AjoRtd9avRwc2r8,Crystalline,places,en,93,22.521943999999998,88.3651182,22.5211284,88.3652828,0,kol,Kolkata,2026-09-01T02:51:04.204315Z
ChIJpyyzOAB3AjoRvvI1KHx0EQY,Calcutta star kitchen,places,en,93,22.521943999999998,88.3651182,22.521360299999998,88.36428320000002,0,kol,Kolkata,2026-09-01T02:51:04.204322Z
ChIJt4NJTq93AjoRyXQfeDxYztw,fgt,places,en,93,22.521943999999998,88.3651182,22.522855,88.36562029999999,0,kol,Kolkata,2026-09-01T02:51:04.204329Z
ChIJkTsY5313AjoRwT0tLmUrSZ8,KEBAB KORNER,places,en,93,22.521943999999998,88.3651182,22.521365,88.3641864,0,kol,Kolkata,2026-09-01T02:51:04.204336Z
ChIJ6YdxONJ2AjoRzDZ1KvznAfo,Café Coffee Day,places,en,93,22.521943999999998,88.3651182,22.521095799999998,88.3657862,0,kol,Kolkata,2026-09-01T02:51:04.204343Z
ChIJQxIKstV2AjoR0z3AtmSXkxA,Parama Kolkata Kathi Kababs,places,en,93,22.521943999999998,88.3651182,22.5208241,88.36488,0,kol,Kolkata,2026-09-01T02:51:04.204351Z
ChIJf0pp5NR2AjoRF2qSyVs_FjQ,Dover Snacks,places,en,93,22.521943999999998,88.3651182,22.5208241,88.36488,0,kol,Kolkata,2026-09-01T02:51:04.204358Z
ChIJ2ccDOdR2AjoRETo9NwyUSr4,"Domino's Pizza | Gariahat, Kolkata",places,en,93,22.521943999999998,88.3651182,22.5210033,88.3658825,0,kol,Kolkata,2026-09-01T02:51:04.204366Z
ChIJE-Z8WQB3AjoR45MFJoGvJx0,Poroma roll centre,places,en,93,22.521943999999998,88.3651182,22.520734899999997,88.3648867,0,kol,Kolkata,2026-09-01T02:51:04.204373Z
ChIJ_wZkZdZ2AjoRgAN3MAwq-9E,Mirch Masala Restaurant & Bar,places,en,93,22.521943999999998,88.3651182,22.5232206,88.3647437,0,kol,Kolkata,2026-09-01T02:51:04.204381Z
ChIJ_VrJ58B3AjoRyS0Xo557PRY,Kolkata Heshel,places,en,93,22.521943999999998,88.3651182,22.521155099999998,88.3639796,0,kol,Kolkata,2026-09-01T02:51:04.204387Z
ChIJe38m-Mh3AjoRWHYLEysJqUM,What a sandwich,places,en,93,22.521943999999998,88.3651182,22.5213753,88.3665645,0,kol,Kolkata,2026-09-01T02:51:04.204395Z
ChIJSaaxTNR2AjoRn5eaVJfNw_8,Nawab,places,en,93,22.521943999999998,88.3651182,22.520457399999998,88.3653748,0,kol,Kolkata,2026-09-01T02:51:04.204403Z
ChIJo2r0FdR2AjoRVpmKcJLsso8,Bhojohori Manna,places,en,93,22.521943999999998,88.3651182,22.5210838,88.3666578,0,kol,Kolkata,2026-09-01T02:51:04.204409Z
ChIJqWQNn-53AjoRqB_iq3rr6rQ,Miss Ginko,places,en,93,22.521943999999998,88.3651182,22.5204015,88.36600030000001,0,kol,Kolkata,2026-09-01T02:51:04.204416Z
ChIJPY0r_zt3AjoRH8eeXkCkhW0,Biye Bari,places,en,93,22.521943999999998,88.3651182,22.520125699999998,88.3653597,0,kol,Kolkata,2026-09-01T02:51:04.204423Z
ChIJNQGSXOZ3AjoRFvDhT_sSDCU,Biryani Tomake Chaye,places,en,94,22.51665,88.36729539999999,22.5168113,88.3670946,0,kol,Kolkata,2026-09-01T02:51:04.573525Z
ChIJueZyrdR2AjoRywks4t2dVOw,Haji Biryani @Golpark,places,en,94,22.51665,88.36729539999999,22.5164491,88.3670507,0,kol,Kolkata,2026-09-01T02:51:04.573558Z
ChIJwQlo2cx3AjoRT7zgc9mCCqI,Shaw Ji Sweets,places,en,94,22.51665,88.36729539999999,22.516576699999998,88.36697389999999,0,kol,Kolkata,2026-09-01T02:51:04.573568Z
ChIJ-0fDLOB3AjoRbejFc9SleHs,Desi chin,places,en,94,22.51665,88.36729539999999,22.5164585,88.3670022,0,kol,Kolkata,2026-09-01T02:51:04.573576Z
ChIJq6oWtNR2AjoR4rVCOs57DOM,"Koshe Kosha, Golpark",places,en,94,22.51665,88.36729539999999,22.516937,88.3671268,0,kol,Kolkata,2026-09-01T02:51:04.573583Z
ChIJiSC3peF3AjoR4lYhroBoazk,Karim's Original From Jama Masjid Delhi 6,places,en,94,22.51665,88.36729539999999,22.5165459,88.36690279999999,0,kol,Kolkata,2026-09-01T02:51:04.573591Z
ChIJiRYVrdR2AjoRCZBdXedQ18Q,The Whistling Kettle,places,en,94,22.51665,88.36729539999999,22.516305499999998,88.3670638,0,kol,Kolkata,2026-09-01T02:51:04.573598Z
ChIJJZ39osZ3AjoRnl_KjLbM2PI,Momo Raja - King's Momo,places,en,94,22.51665,88.36729539999999,22.516493500000003,88.3668958,0,kol,Kolkata,2026-09-01T02:51:04.573606Z
ChIJU1KX1atxAjoReFIa2DzMNVE,Restaurant,places,en,94,22.51665,88.36729539999999,22.5167757,88.3668825,0,kol,Kolkata,2026-09-01T02:51:04.573613Z
ChIJWXR1sdR2AjoRhe7_d9F64xA,Ralli's Golpark,places,en,94,22.51665,88.36729539999999,22.516906000000002,88.36690650000001,0,kol,Kolkata,2026-09-01T02:51:04.573621Z
ChIJIRa7utR2AjoRdQkOG5sAtys,Fresh - N - Up,places,en,94,22.51665,88.36729539999999,22.516925300000004,88.36691359999999,0,kol,Kolkata,2026-09-01T02:51:04.573629Z
ChIJ2ejBc9N2AjoRqSXStmPfMpg,Aminia Restaurant - Golpark,places,en,94,22.51665,88.36729539999999,22.5168417,88.36685,0,kol,Kolkata,2026-09-01T02:51:04.573635Z
ChIJb9O2ZwB3AjoRdE2Ia3pXOPU,Golpark Cabin,places,en,94,22.51665,88.36729539999999,22.517044499999997,88.3670349,0,kol,Kolkata,2026-09-01T02:51:04.573642Z
ChIJS826YAN3AjoRHSvovGXsjbA,Flavour Of Spices (Golpark),places,en,94,22.51665,88.36729539999999,22.5170794,88.3670245,0,kol,Kolkata,2026-09-01T02:51:04.573649Z
ChIJY93Ed293AjoR3D4Kb97b4FY,Swapan's Fried Chicken,places,en,94,22.51665,88.36729539999999,22.5163774,88.3667955,0,kol,Kolkata,2026-09-01T02:51:04.573656Z
ChIJSY6TyERxAjoRAu9vzzaRZRg,Raffs F9 Golpark,places,en,94,22.51665,88.36729539999999,22.5160681,88.367279,0,kol,Kolkata,2026-09-01T02:51:04.573664Z
ChIJP-Mhr9h3AjoRTH3xXByAgxQ,Gallery19,places,en,94,22.51665,88.36729539999999,22.5166031,88.36665719999999,0,kol,Kolkata,2026-09-01T02:51:04.573671Z
ChIJ_5olCPZ3AjoR9Wn0UnDgOvI,Rana Fast Food Centre,places,en,94,22.51665,88.36729539999999,22.5163229,88.3666943,0,kol,Kolkata,2026-09-01T02:51:04.573678Z
ChIJ5yzNNwBxAjoRIMjKcycgMIY,SR Food STALL (golpark) RS Food নিরামিষ খাবার (গোলপার্ক),places,en,94,22.51665,88.36729539999999,22.516078999999998,88.36681689999999,0,kol,Kolkata,2026-09-01T02:51:04.573685Z
ChIJv1xc-xh3AjoRrtd4r_RnB3M,Biryani By Kilo - Kolkata Gariahat,places,en,94,22.51665,88.36729539999999,22.5159392,88.3675722,0,kol,Kolkata,2026-09-01T02:51:04.573691Z
ChIJjfJ3NgBxAjoRqvi7HgcTQzU,The puff room,places,en,95,22.51666305,88.36741470000001,22.5159392,88.3675724,0,kol,Kolkata,2026-09-01T02:51:04.924079Z
ChIJ2_UktXBxAjoRY2YjBAG_W0Q,Zizzie Café Bistro,places,en,95,22.51666305,88.36741470000001,22.515941299999998,88.36764079999999,0,kol,Kolkata,2026-09-01T02:51:04.924113Z
ChIJBbh6agBxAjoRTqwR3wP51ko,Kolkata Filter Fusion,places,en,96,22.51634695,88.3692843,22.5156752,88.3681756,0,kol,Kolkata,2026-09-01T02:51:05.288298Z
ChIJiQbQbZ53AjoRD16HmX0D1OU,Lepcha’s,places,en,96,22.51634695,88.3692843,22.5155443,88.36789309999999,0,kol,Kolkata,2026-09-01T02:51:05.288331Z
ChIJQfCk5O1xAjoRod_86eG8fy8,Bhojer Haat,places,en,96,22.51634695,88.3692843,22.514914899999997,88.3685785,0,kol,Kolkata,2026-09-01T02:51:05.288343Z
ChIJp_g4l5ZxAjoR58sXJTn2vlA,Hot Spring Kitchen and Lounge,places,en,96,22.51634695,88.3692843,22.515808,88.3676416,0,kol,Kolkata,2026-09-01T02:51:05.288351Z
ChIJO40Ds4l3AjoR-qiy-VVolp0,Any Time Fish,places,en,96,22.51634695,88.3692843,22.517728700000003,88.3677072,0,kol,Kolkata,2026-09-01T02:51:05.288365Z
ChIJh8BQYBdxAjoRqi-RQWh7PjM,Golpark er Adda,places,en,96,22.51634695,88.3692843,22.5151459,88.3673938,0,kol,Kolkata,2026-09-01T02:51:05.288382Z
ChIJPc_tJwB3AjoR1Mdn5xSHGz4,LOKENATH TIFFIN,places,en,96,22.51634695,88.3692843,22.518515999999998,88.3695968,0,kol,Kolkata,2026-09-01T02:51:05.288391Z
ChIJm2rdXCtxAjoRca3F0txfzhg,Mitra Cafe Golpark,places,en,96,22.51634695,88.3692843,22.5154192,88.3671724,0,kol,Kolkata,2026-09-01T02:51:05.288399Z
ChIJj-YcE2FxAjoRKZEhbDlUU8E,Bhaja Bhuji,places,en,96,22.51634695,88.3692843,22.5151586,88.3673055,0,kol,Kolkata,2026-09-01T02:51:05.288407Z
ChIJXXRpxNNxAjoRdw-bI4Czlqs,Chapter 2 (Southern Avenue),places,en,97,22.51510975,88.36451235000001,22.5148403,88.3641396,0,kol,Kolkata,2026-09-01T02:51:05.724636Z
ChIJ_TrxaHZxAjoRs4fJ5wwCDf8,Hunger Harbour Cafe Kitchen,places,en,97,22.51510975,88.36451235000001,22.515427799999998,88.36509199999999,0,kol,Kolkata,2026-09-01T02:51:05.724672Z
ChIJWRwxHChxAjoRq-_XRLpVIpQ,Heshel,places,en,97,22.51510975,88.36451235000001,22.5154006,88.3651649,0,kol,Kolkata,2026-09-01T02:51:05.724683Z
ChIJQQP-DQBxAjoRJPRTHvRdsgk,Uncle Tomz Restaurant,places,en,97,22.51510975,88.36451235000001,22.5157536,88.3647503,0,kol,Kolkata,2026-09-01T02:51:05.724691Z
ChIJ70RYicVxAjoRX7FUrWA5_rc,ForkNFortune,places,en,97,22.51510975,88.36451235000001,22.5154416,88.3651826,0,kol,Kolkata,2026-09-01T02:51:05.724699Z
ChIJcwG6NOVxAjoRzANqen1lLKo,Madura Sankara,places,en,97,22.51510975,88.36451235000001,22.5151395,88.3654985,0,kol,Kolkata,2026-09-01T02:51:05.724707Z
ChIJr7cxJStxAjoRYkLWIfPM39c,Crossroad Crystal,places,en,97,22.51510975,88.36451235000001,22.515262399999997,88.3655211,0,kol,Kolkata,2026-09-01T02:51:05.724714Z
ChIJty_zLytxAjoRVDaFN61X5aE,The Grub Club,places,en,97,22.51510975,88.36451235000001,22.515422599999997,88.3656096,0,kol,Kolkata,2026-09-01T02:51:05.724722Z
ChIJcSkmx9ZxAjoRk1UXxVbbYA4,Mirabelle,places,en,97,22.51510975,88.36451235000001,22.5153628,88.3632274,0,kol,Kolkata,2026-09-01T02:51:05.724729Z
ChIJb39cJONxAjoR0cBQU_0OE0I,"Mufasa Cafe, Restaurant & Lounge",places,en,97,22.51510975,88.36451235000001,22.51434,88.363311,0,kol,Kolkata,2026-09-01T02:51:05.724736Z
ChIJzY6vmypxAjoRRQxPBeMKK1k,Bijoli Grill - Southern Avenue,places,en,97,22.51510975,88.36451235000001,22.51434,88.363311,0,kol,Kolkata,2026-09-01T02:51:05.724743Z
ChIJHb5vKM5xAjoRRHT8hs6WbEo,T M Silver Plate Caterer,places,en,97,22.51510975,88.36451235000001,22.515774099999998,88.3632377,0,kol,Kolkata,2026-09-01T02:51:05.724750Z
ChIJtbHrJQJxAjoR1wDtaaMpLuo,LE BATON ROUGE,places,en,97,22.51510975,88.36451235000001,22.5147254,88.3630998,0,kol,Kolkata,2026-09-01T02:51:05.724758Z
ChIJ_-4UultxAjoR-vP4ZyJPfko,Captain's Deck Bar And Grill,places,en,97,22.51510975,88.36451235000001,22.5143386,88.36329649999999,0,kol,Kolkata,2026-09-01T02:51:05.724765Z
ChIJF1N2fQxxAjoRKo-7rIKdEV4,Raffs F9 Purna Das Road,places,en,97,22.51510975,88.36451235000001,22.5164698,88.3641595,0,kol,Kolkata,2026-09-01T02:51:05.724772Z
ChIJmVp5oj13AjoRE0c7fP6wJbs,Pronto Gourmet Food,places,en,97,22.51510975,88.36451235000001,22.5166367,88.3647875,0,kol,Kolkata,2026-09-01T02:51:05.724779Z
ChIJk3AaaABxAjoRW00ZSRX2ohc,Anand Food Corner,places,en,97,22.51510975,88.36451235000001,22.5162594,88.36592519999999,0,kol,Kolkata,2026-09-01T02:51:05.724786Z
ChIJh9htOgBxAjoRFqtfBDMwEXc,Nawabzadee take away counter,places,en,97,22.51510975,88.36451235000001,22.516256000000002,88.3659289,0,kol,Kolkata,2026-09-01T02:51:05.724793Z
ChIJHyDCL9V2AjoR3F9U4XJZyzA,Yolo-247.art,places,en,97,22.51510975,88.36451235000001,22.516897,88.364662,0,kol,Kolkata,2026-09-01T02:51:05.724800Z
ChIJNX5qONV2AjoRGzZ8XL-rkjk,Hungry Tide,places,en,97,22.51510975,88.36451235000001,22.517015,88.36424509999999,0,kol,Kolkata,2026-09-01T02:51:05.724807Z
ChIJtceRV_N3AjoRaW7O5caJP6w,Germinnaa,places,en,98,22.5163562,88.35891050000001,22.515843399999998,88.35862709999999,0,kol,Kolkata,2026-09-01T02:51:06.148962Z
ChIJEWOd-1BxAjoRfNX8WIXwXlE,PICO Southern Avenue,places,en,98,22.5163562,88.35891050000001,22.515649500000002,88.3584106,0,kol,Kolkata,2026-09-01T02:51:06.149068Z
ChIJZ7Xvmm1xAjoRvbBiKNqYs2U,Café Connect,places,en,98,22.5163562,88.35891050000001,22.5156824,88.35833009999999,0,kol,Kolkata,2026-09-01T02:51:06.149081Z
ChIJ5zcBrO5xAjoRhG96sp4OFlE,Calcutta Retro,places,en,98,22.5163562,88.35891050000001,22.5157073,88.3582253,0,kol,Kolkata,2026-09-01T02:51:06.149090Z
ChIJ4Ybeis93AjoRgT_CxOSozTA,Spoonfuel,places,en,98,22.5163562,88.35891050000001,22.5172468,88.3596676,0,kol,Kolkata,2026-09-01T02:51:06.149099Z
ChIJZ2mC7E13AjoRm1aQmR7IjYs,Healthy Eats Co,places,en,98,22.5163562,88.35891050000001,22.517272200000004,88.3596994,0,kol,Kolkata,2026-09-01T02:51:06.149107Z
ChIJRd1CeBh3AjoR9C0BW0ekypU,Surreal South,places,en,98,22.5163562,88.35891050000001,22.517440999999998,88.3594731,0,kol,Kolkata,2026-09-01T02:51:06.149116Z
ChIJYZ_1gN13AjoRBLlSSIzJkh0,SAMAR CHAI ADDA,places,en,98,22.5163562,88.35891050000001,22.5163054,88.3602133,0,kol,Kolkata,2026-09-01T02:51:06.149126Z
ChIJE2VcEyxxAjoRCKw-ruCbnJA,POACH - Kitchen | Espresso,places,en,98,22.5163562,88.35891050000001,22.5152258,88.3583996,0,kol,Kolkata,2026-09-01T02:51:06.149135Z
ChIJQ0BAqi13AjoRHi2jV0ER948,Bhavani Mashir Dokan,places,en,98,22.5163562,88.35891050000001,22.5165161,88.36021029999999,0,kol,Kolkata,2026-09-01T02:51:06.149142Z
ChIJFw2QxXl3AjoR4Mo8lH3gxf4,Paratha Darbar,places,en,98,22.5163562,88.35891050000001,22.5166617,88.3601856,0,kol,Kolkata,2026-09-01T02:51:06.149149Z
ChIJn2kzNgB3AjoRXZraM_c6xwY,iDelight Cafe,places,en,98,22.5163562,88.35891050000001,22.517574099999997,88.3586862,0,kol,Kolkata,2026-09-01T02:51:06.149156Z
ChIJA89wpNRwAjoRlG4c3nawts4,Oudh 1590 - (Vivekananda Park),places,en,98,22.5163562,88.35891050000001,22.515213,88.358389,0,kol,Kolkata,2026-09-01T02:51:06.149162Z
ChIJeVCqzCR3AjoROeDmwK3Xsp0,Tutu's Hut,places,en,98,22.5163562,88.35891050000001,22.5152778,88.35816419999999,0,kol,Kolkata,2026-09-01T02:51:06.149169Z
ChIJLzjztshxAjoRrHq30glXv2k,Naturals Ice Cream,places,en,98,22.5163562,88.35891050000001,22.515279600000003,88.35815939999999,0,kol,Kolkata,2026-09-01T02:51:06.149176Z
ChIJXbzs_5NxAjoR68mcEo2EwAQ,Tea Junction Lake Road,places,en,98,22.5163562,88.35891050000001,22.515329899999998,88.3579398,0,kol,Kolkata,2026-09-01T02:51:06.149184Z
ChIJi_rKawpxAjoRj8g71cICCRc,Kolkata Uncut,places,en,98,22.5163562,88.35891050000001,22.5153282,88.3579369,0,kol,Kolkata,2026-09-01T02:51:06.149190Z
ChIJWargCzd3AjoRzUUuUSqcDwY,Cabin17A By Alcazar Hospitality,places,en,98,22.5163562,88.35891050000001,22.516255400000002,88.3574241,0,kol,Kolkata,2026-09-01T02:51:06.149197Z
ChIJjb0ecCF3AjoRVAOtWx-PSIw,Desi Rannaghar,places,en,98,22.5163562,88.35891050000001,22.5177396,88.3588151,0,kol,Kolkata,2026-09-01T02:51:06.149210Z
ChIJK6vUf2x3AjoRIbLxiRGNM-Q,Uns Cafe,places,en,98,22.5163562,88.35891050000001,22.5177396,88.3588151,0,kol,Kolkata,2026-09-01T02:51:06.149217Z
ChIJFf44z9R2AjoR9p_MrOr8xNY,Bedwin - Golpark,places,en,99,22.51724205,88.36578779999999,22.516896499999998,88.3659332,0,kol,Kolkata,2026-09-01T02:51:06.507503Z
ChIJzVRKsO13AjoRKwkW5XTSb3U,Yummiigo,places,en,99,22.51724205,88.36578779999999,22.517511300000002,88.3661814,0,kol,Kolkata,2026-09-01T02:51:06.507545Z
ChIJF0vUHQB3AjoRvy_pBWyahTY,Joy Guru Niramish Hotal,places,en,99,22.51724205,88.36578779999999,22.517511300000002,88.3661814,0,kol,Kolkata,2026-09-01T02:51:06.507557Z
ChIJGzBwKxV3AjoRG61KsgW-xeA,Dabba Biryani,places,en,99,22.51724205,88.36578779999999,22.516831,88.3659615,0,kol,Kolkata,2026-09-01T02:51:06.507566Z
ChIJJUN7IV53AjoRHEWvnBdP2go,Chaigram Canteen,places,en,99,22.51724205,88.36578779999999,22.517687499999997,88.3661875,0,kol,Kolkata,2026-09-01T02:51:06.507575Z
ChIJvxO8OQB3AjoRJ5BtD1-KITY,Just 99,places,en,99,22.51724205,88.36578779999999,22.5167589,88.36605940000001,0,kol,Kolkata,2026-09-01T02:51:06.507582Z
ChIJhQCXg913AjoRmoLBq2pFhf4,Samrat Fast Food,places,en,99,22.51724205,88.36578779999999,22.5167344,88.36603799999999,0,kol,Kolkata,2026-09-01T02:51:06.507589Z
ChIJm1mQs5h3AjoR89JaSGotwoo,Chow Warma,places,en,99,22.51724205,88.36578779999999,22.516638099999998,88.365849,0,kol,Kolkata,2026-09-01T02:51:06.507596Z
ChIJwcRf7gl3AjoRYlJ-qjniZWo,Iceberg,places,en,99,22.51724205,88.36578779999999,22.5166756,88.36605999999999,0,kol,Kolkata,2026-09-01T02:51:06.507603Z
ChIJ6_xYJtV2AjoRnjrc2ShPSMk,Kimli,places,en,99,22.51724205,88.36578779999999,22.517214499999998,88.3651048,0,kol,Kolkata,2026-09-01T02:51:06.507610Z
ChIJ00GnztR2AjoRvIshDqjqqgY,SHAZADA FAST FOOD,places,en,99,22.51724205,88.36578779999999,22.516642899999997,88.3660505,0,kol,Kolkata,2026-09-01T02:51:06.507618Z
ChIJT3B-udR2AjoRAWGlsBhYQCE,First Flush- Cafe & Restaurant,places,en,99,22.51724205,88.36578779999999,22.5172988,88.3666091,0,kol,Kolkata,2026-09-01T02:51:06.507626Z
ChIJWwrMy9R2AjoRv80J5KfNd2k,Sankar Cabin,places,en,99,22.51724205,88.36578779999999,22.516735399999998,88.36639869999999,0,kol,Kolkata,2026-09-01T02:51:06.507633Z
ChIJjZ1anhB3AjoRZmOj963f1i4,"NORTH EAST KITCHEN, KOLKATA",places,en,99,22.51724205,88.36578779999999,22.5164886,88.3660512,0,kol,Kolkata,2026-09-01T02:51:06.507640Z
ChIJUZ65-xd3AjoRUfq53yFRI4M,Aryan’s tiffin house,places,en,99,22.51724205,88.36578779999999,22.5177293,88.3666226,0,kol,Kolkata,2026-09-01T02:51:06.507648Z
ChIJ-Uxw9MV3AjoRwLPnB5a115U,Moumitas Jolkhabar,places,en,99,22.51724205,88.36578779999999,22.5177837,88.3667359,0,kol,Kolkata,2026-09-01T02:51:06.507656Z
ChIJd1NmgitxAjoROtzOJQef5FQ,Wow! Momo,places,en,99,22.51724205,88.36578779999999,22.5182236,88.36614900000001,0,kol,Kolkata,2026-09-01T02:51:06.507664Z
ChIJpYunvOR3AjoR-k_855CkKRQ,Snackks Wala,places,en,99,22.51724205,88.36578779999999,22.516439,88.36645899999999,0,kol,Kolkata,2026-09-01T02:51:06.507673Z
ChIJ3Vr638h3AjoRqjOZGqQl3iA,Marbella's,places,en,100,22.51792715,88.36452725,22.517929499999997,88.3645397,0,kol,Kolkata,2026-09-01T02:51:06.857997Z
ChIJE6XZvEN3AjoRag2a_-LjChg,Kim Ling - Hindustan Park Branch,places,en,100,22.51792715,88.36452725,22.5181687,88.3652053,0,kol,Kolkata,2026-09-01T02:51:06.858036Z
ChIJ7THRKDxxAjoRJYIzw0xvY6U,Chimichanga,places,en,100,22.51792715,88.36452725,22.517291699999998,88.3641822,0,kol,Kolkata,2026-09-01T02:51:06.858047Z
ChIJq4zbmgR3AjoR5zJcSqlUZCI,The 26A Eatery,places,en,100,22.51792715,88.36452725,22.5187,88.36516499999999,0,kol,Kolkata,2026-09-01T02:51:06.858060Z
ChIJvX4RJ7J3AjoR_q2L-RV3H1Q,POKARA STORE,places,en,100,22.51792715,88.36452725,22.5183286,88.36550679999999,0,kol,Kolkata,2026-09-01T02:51:06.858070Z
ChIJJWIh-ytxAjoR3V5DQ10JyMk,Padma Parer Rannaghar,places,en,100,22.51792715,88.36452725,22.518537,88.3653964,0,kol,Kolkata,2026-09-01T02:51:06.858079Z
ChIJdcjWXwB3AjoRSvMPC9GupRo,KFC,places,en,100,22.51792715,88.36452725,22.5188125,88.3653125,0,kol,Kolkata,2026-09-01T02:51:06.858089Z
ChIJq_BlCwB3AjoRJp5DNtF8WcQ,Klubb10 - Bar & Sky Lounge,places,en,100,22.51792715,88.36452725,22.518958599999998,88.36514269999999,0,kol,Kolkata,2026-09-01T02:51:06.858096Z
ChIJJ61gkJBxAjoRcQOZ8QMItxI,Cup eBong Cafe,places,en,100,22.51792715,88.36452725,22.518027,88.3632267,0,kol,Kolkata,2026-09-01T02:51:06.858103Z
ChIJ0S1FcGZ3AjoRGomGaIm1ehU,CurryWala,places,en,100,22.51792715,88.36452725,22.519144999999998,88.36430999999999,0,kol,Kolkata,2026-09-01T02:51:06.858110Z
ChIJ_XKyq5p3AjoR9MOmlB0qBsg,Darjeeling Momo,places,en,100,22.51792715,88.36452725,22.5188909,88.3653566,0,kol,Kolkata,2026-09-01T02:51:06.858117Z
ChIJ12f9B9V2AjoRl7aXqrEMdoU,Purbani Restaurant,places,en,100,22.51792715,88.36452725,22.519135199999997,88.3649201,0,kol,Kolkata,2026-09-01T02:51:06.858124Z
ChIJgY-vewB3AjoRrUi8nuVfHHo,RannaGhor by Sienna,places,en,100,22.51792715,88.36452725,22.517674799999998,88.3630341,0,kol,Kolkata,2026-09-01T02:51:06.858132Z
ChIJIabrEAB3AjoRgqWUhISs8Bo,Gariahat,places,en,100,22.51792715,88.36452725,22.5185346,88.3658772,0,kol,Kolkata,2026-09-01T02:51:06.858139Z
ChIJR9_8hLZ3AjoRkR7NSr0wOHk,Gariahat Canteen,places,en,100,22.51792715,88.36452725,22.519215799999998,88.3638259,0,kol,Kolkata,2026-09-01T02:51:06.858147Z
ChIJ0wzxfQB3AjoRngz_rD-cnOU,Bunne phille,places,en,100,22.51792715,88.36452725,22.5169928,88.36335439999999,0,kol,Kolkata,2026-09-01T02:51:06.858154Z
ChIJcW8fJ5x3AjoRL65cqDSKtqQ,Subway Purna Das Road,places,en,101,22.5172488,88.36232534999999,22.5168428,88.3626034,0,kol,Kolkata,2026-09-01T02:51:07.306689Z
ChIJU7hWm9p3AjoRgvUHrimF124,Yomari the Himalayan Cusine,places,en,101,22.5172488,88.36232534999999,22.5167973,88.362652,0,kol,Kolkata,2026-09-01T02:51:07.306717Z
ChIJqc3erip3AjoRsyY6Jc5k8hM,JHALE JHOLE AMBOLE (GARIAHAT),places,en,101,22.5172488,88.36232534999999,22.5166787,88.3623243,0,kol,Kolkata,2026-09-01T02:51:07.306722Z
ChIJwyxzXdV2AjoRaPJ5t5_PNK4,Tero Parbon,places,en,101,22.5172488,88.36232534999999,22.5168823,88.36278999999999,0,kol,Kolkata,2026-09-01T02:51:07.306725Z
ChIJdy94Bfd3AjoRHbOdSJOJb_4,Savoy Rooftop Cafe,places,en,101,22.5172488,88.36232534999999,22.516974899999997,88.36165629999999,0,kol,Kolkata,2026-09-01T02:51:07.306729Z
ChIJUeP5c3x3AjoR9ap7UCV0KYQ,Govindam Pure Veg Restaurant,places,en,101,22.5172488,88.36232534999999,22.5168437,88.3629091,0,kol,Kolkata,2026-09-01T02:51:07.306732Z
ChIJyfrkWct3AjoRiL9kL5l4qFs,"Sorshe Posto, Gariahat",places,en,101,22.5172488,88.36232534999999,22.516813799999998,88.3628852,0,kol,Kolkata,2026-09-01T02:51:07.306735Z
ChIJa0yBX9V2AjoR-8f-lO59JZk,Sienna,places,en,101,22.5172488,88.36232534999999,22.517660499999998,88.3629077,0,kol,Kolkata,2026-09-01T02:51:07.306739Z
ChIJh4vvfqV3AjoRpKgHZ8R6Z5Q,The Yellow Turtle,places,en,101,22.5172488,88.36232534999999,22.5169534,88.3615465,0,kol,Kolkata,2026-09-01T02:51:07.306742Z
ChIJuwfTLQB3AjoRR152cXv2kiY,BLISS Chinese Restaurant,places,en,101,22.5172488,88.36232534999999,22.517345799999998,88.3614918,0,kol,Kolkata,2026-09-01T02:51:07.306746Z
ChIJc3to29VxAjoRxxK1tufYDkY,Azad Hind Dhaba,places,en,101,22.5172488,88.36232534999999,22.5172655,88.3614157,0,kol,Kolkata,2026-09-01T02:51:07.306750Z
ChIJladSfLt3AjoRy8CQH2qkWOQ,Charcoal By Wise Owl,places,en,101,22.5172488,88.36232534999999,22.5169967,88.3613324,0,kol,Kolkata,2026-09-01T02:51:07.306753Z
ChIJE6T1Z6l3AjoRUxQBh-BW5vs,Ramanee - The soul of Dakshin,places,en,101,22.5172488,88.36232534999999,22.516435299999998,88.36173,0,kol,Kolkata,2026-09-01T02:51:07.306756Z
ChIJL7cCUvx3AjoReSrl-N35ESg,LAKSHMI NARAYAN TEA STALL,places,en,101,22.5172488,88.36232534999999,22.5169368,88.3613017,0,kol,Kolkata,2026-09-01T02:51:07.306759Z
ChIJm3qSbwB3AjoRl5cpDTMISwM,Roastery,places,en,101,22.5172488,88.36232534999999,22.5169928,88.36335439999999,0,kol,Kolkata,2026-09-01T02:51:07.306763Z
ChIJ4S1VrSp3AjoRd9rZvk-8X-8,Tibetan haus restaurant,places,en,101,22.5172488,88.36232534999999,22.5161925,88.3622334,0,kol,Kolkata,2026-09-01T02:51:07.306766Z
ChIJkZ58zDZ3AjoRqck2BZ5CTdA,Yuan,places,en,101,22.5172488,88.36232534999999,22.5163498,88.3615173,0,kol,Kolkata,2026-09-01T02:51:07.306769Z
ChIJu0jgkyp3AjoRtT5FbmqvKQM,Krystal Chopstick,places,en,101,22.5172488,88.36232534999999,22.5183292,88.3619739,0,kol,Kolkata,2026-09-01T02:51:07.306772Z
ChIJUXRtuxBxAjoRF-63-nebtDc,Café By The Lane,places,en,102,22.516358150000002,88.3538393,22.5162174,88.353484,0,kol,Kolkata,2026-09-01T02:51:07.720392Z
ChIJZVyau0pxAjoRxDLJZ67Fddk,Scoody,places,en,102,22.516358150000002,88.3538393,22.5158016,88.3541197,0,kol,Kolkata,2026-09-01T02:51:07.720422Z
ChIJt4Gnvyp3AjoRHgf0Tm93rFE,Tintin & The Brussels Club,places,en,102,22.516358150000002,88.3538393,22.515886200000004,88.3543092,0,kol,Kolkata,2026-09-01T02:51:07.720428Z
ChIJ55Ctul9xAjoRP_PdnThwEnk,Dimsum Story,places,en,102,22.516358150000002,88.3538393,22.5157652,88.35336799999999,0,kol,Kolkata,2026-09-01T02:51:07.720432Z
ChIJb_c7MS13AjoR8suK_aNoA9I,Sai Cafe,places,en,102,22.516358150000002,88.3538393,22.5166416,88.3546482,0,kol,Kolkata,2026-09-01T02:51:07.720436Z
ChIJFa_MhvtxAjoRKuNCZ7JMebg,Momo Nation Cafe,places,en,102,22.516358150000002,88.3538393,22.5157986,88.3531153,0,kol,Kolkata,2026-09-01T02:51:07.720440Z
ChIJ88deyVl3AjoR7_NlNM5uQPw,Wrapstar,places,en,102,22.516358150000002,88.3538393,22.516201799999997,88.352904,0,kol,Kolkata,2026-09-01T02:51:07.720443Z
ChIJubUSxI5xAjoRoSNdyQf3MnU,The Enchilada,places,en,102,22.516358150000002,88.3538393,22.5154888,88.3541803,0,kol,Kolkata,2026-09-01T02:51:07.720447Z
ChIJoym608xwAjoRasYLNg21wuA,The Food Storey,places,en,102,22.516358150000002,88.3538393,22.5154107,88.35384180000001,0,kol,Kolkata,2026-09-01T02:51:07.720451Z
ChIJOfNoRwBxAjoRTXHG51mfMeM,Raos Udipi Home 2,places,en,102,22.516358150000002,88.3538393,22.515359399999998,88.3541043,0,kol,Kolkata,2026-09-01T02:51:07.720454Z
ChIJPaKzQlxxAjoR9Kfsf9BLByM,Kurry Patta,places,en,102,22.516358150000002,88.3538393,22.5153634,88.3535213,0,kol,Kolkata,2026-09-01T02:51:07.720458Z
ChIJxdqUk5R3AjoRBUTdf6HjhGo,Satyanarayan,places,en,102,22.516358150000002,88.3538393,22.5174053,88.35368989999999,0,kol,Kolkata,2026-09-01T02:51:07.720463Z
ChIJtdj5uTJ3AjoRZTMxEQakyBU,Tarang Dhaba,places,en,102,22.516358150000002,88.3538393,22.5166789,88.35271929999999,0,kol,Kolkata,2026-09-01T02:51:07.720467Z
ChIJAaLe8yV3AjoRiKZywlpwzm8,Cafe 23,places,en,102,22.516358150000002,88.3538393,22.515249,88.35390749999999,0,kol,Kolkata,2026-09-01T02:51:07.720471Z
ChIJ6aNOxNpxAjoRm4NdRbcn1Aw,Hotel gopal south indian veg restaurant,places,en,102,22.516358150000002,88.3538393,22.515560900000004,88.3548029,0,kol,Kolkata,2026-09-01T02:51:07.720475Z
ChIJhelXFcpwAjoRIcWGmkSVKbs,Ecstasea,places,en,102,22.516358150000002,88.3538393,22.515188199999997,88.3535964,0,kol,Kolkata,2026-09-01T02:51:07.720478Z
ChIJSdl-L1NxAjoRHWgHtvOGLIs,Share Sambar,places,en,102,22.516358150000002,88.3538393,22.515171700000003,88.35356370000001,0,kol,Kolkata,2026-09-01T02:51:07.720482Z
ChIJKZnjBqtxAjoRpMt9VN6XRSM,Chicago Pizza,places,en,102,22.516358150000002,88.3538393,22.5151689,88.3534469,0,kol,Kolkata,2026-09-01T02:51:07.720485Z
ChIJT1j1rTJ3AjoRpyR3VIlRch0,Salaam Namaste,places,en,102,22.516358150000002,88.3538393,22.516458399999998,88.35246889999999,0,kol,Kolkata,2026-09-01T02:51:07.720489Z
ChIJhxOeuzJ3AjoR0YnPVaqZfvw,Maharani Tea & Tiffin,places,en,102,22.516358150000002,88.3538393,22.5165222,88.3524319,0,kol,Kolkata,2026-09-01T02:51:07.720492Z
ChIJLWlbyxZ3AjoRC7fS_IjRmjw,Renu Sandwich,places,en,103,22.51655775,88.3473883,22.5168952,88.3473448,0,kol,Kolkata,2026-09-01T02:51:08.075506Z
ChIJk9SPZEV3AjoRIPh5wJw8U40,Golden Goose,places,en,103,22.51655775,88.3473883,22.5167137,88.3470256,0,kol,Kolkata,2026-09-01T02:51:08.075550Z
ChIJG307JTV3AjoR8HQwA3kj0ZA,Hotel Tarun Niketan (Pice Hotel),places,en,103,22.51655775,88.3473883,22.5168599,88.3471108,0,kol,Kolkata,2026-09-01T02:51:08.075561Z
ChIJs5-7yTR3AjoROR4QBIFEWNY,GANG'S 24,places,en,103,22.51655775,88.3473883,22.5165647,88.3469008,0,kol,Kolkata,2026-09-01T02:51:08.075568Z
ChIJF9tSM4V3AjoRu2jtFcUgV3A,The snacky pearl,places,en,103,22.51655775,88.3473883,22.5171629,88.3475936,0,kol,Kolkata,2026-09-01T02:51:08.075577Z
ChIJvyG-tjR3AjoRqfudayaNYOM,Biryani Corner,places,en,103,22.51655775,88.3473883,22.5168843,88.346796,0,kol,Kolkata,2026-09-01T02:51:08.075585Z
ChIJVQTFxTR3AjoRConPoG0e-ug,R R Fast Food,places,en,103,22.51655775,88.3473883,22.5169065,88.3467897,0,kol,Kolkata,2026-09-01T02:51:08.075593Z
ChIJM3ErI_J3AjoR315DZwq8eMk,Maa Kali Fast Food Center,places,en,103,22.51655775,88.3473883,22.5170383,88.3467393,0,kol,Kolkata,2026-09-01T02:51:08.075601Z
ChIJ21_u2WB3AjoR5MlaglV2r_E,Yummy yummy,places,en,103,22.51655775,88.3473883,22.517108999999998,88.34804869999999,0,kol,Kolkata,2026-09-01T02:51:08.075608Z
ChIJ9QBFANh3AjoREA52Lc5bwLg,Himal Vansha,places,en,103,22.51655775,88.3473883,22.5172533,88.3469087,0,kol,Kolkata,2026-09-01T02:51:08.075615Z
ChIJNeNGxDR3AjoRg1ZZ9KM0nHo,The Green View Club,places,en,103,22.51655775,88.3473883,22.516823,88.34654859999999,0,kol,Kolkata,2026-09-01T02:51:08.075622Z
ChIJ-xJ1BWJ3AjoR-nvoxsLfTa4,UTTAM HOTEL,places,en,103,22.51655775,88.3473883,22.5161829,88.3482045,0,kol,Kolkata,2026-09-01T02:51:08.075629Z
ChIJbTOcnedxAjoRggcNw-Q5dXc,Khai Khai Mama Bhagne's Little China Town,places,en,103,22.51655775,88.3473883,22.515724499999997,88.347346,0,kol,Kolkata,2026-09-01T02:51:08.075637Z
ChIJw6aGTAB3AjoRB94jwci3c1I,Banwarchi Fast Food Center,places,en,103,22.51655775,88.3473883,22.5172192,88.3467618,0,kol,Kolkata,2026-09-01T02:51:08.075644Z
ChIJwYxsVstwAjoRYofxHvK4pi0,Radhu Babu's Tea Shop,places,en,103,22.51655775,88.3473883,22.516225,88.3482863,0,kol,Kolkata,2026-09-01T02:51:08.075652Z
ChIJK6Yzp9d3AjoRYfwxhaC4Scg,LAKSHMI NARAYAN MUKHOROCHOK,places,en,103,22.51655775,88.3473883,22.516863,88.3483037,0,kol,Kolkata,2026-09-01T02:51:08.075659Z
ChIJOYShRyRxAjoRY5mw4fZntR0,Bhoj Adda Lake Mall,places,en,103,22.51655775,88.3473883,22.516002099999998,88.348147,0,kol,Kolkata,2026-09-01T02:51:08.075667Z
ChIJTd_vEr1xAjoRxycmc3GurI0,Second House,places,en,103,22.51655775,88.3473883,22.5156669,88.34747560000001,0,kol,Kolkata,2026-09-01T02:51:08.075675Z
ChIJp0R1WTN3AjoR7YPVzi5gYbA,Wow! Momo,places,en,103,22.51655775,88.3473883,22.516819100000003,88.348404,0,kol,Kolkata,2026-09-01T02:51:08.075681Z
ChIJYXIleIR3AjoRqbGAynTOaLk,Sri Madurai Meenakshi Idli Stall,places,en,103,22.51655775,88.3473883,22.517295200000003,88.3466897,0,kol,Kolkata,2026-09-01T02:51:08.075689Z
ChIJ-5ehJihxAjoR92G8ViElzcY,Malati Sanacks,places,en,104,22.507416749999997,88.36344855,22.5075514,88.3630264,0,kol,Kolkata,2026-09-01T02:51:08.426070Z
ChIJQ1ScRoxxAjoRsFmj0fjbIpo,Lakshmi Katan Hotel,places,en,104,22.507416749999997,88.36344855,22.5070356,88.3636837,0,kol,Kolkata,2026-09-01T02:51:08.426113Z
ChIJfb01yfRxAjoRj0NgN8NuTe8,DEBANJALI SNACK,places,en,104,22.507416749999997,88.36344855,22.5078593,88.3637811,0,kol,Kolkata,2026-09-01T02:51:08.426124Z
ChIJIwELdJ1xAjoRxywnGiANcog,A1 PIZZA HOUSE,places,en,104,22.507416749999997,88.36344855,22.5077775,88.3641033,0,kol,Kolkata,2026-09-01T02:51:08.426132Z
ChIJoVButClxAjoRuHcbGqVtj9Q,Just Biryani,places,en,104,22.507416749999997,88.36344855,22.507514399999998,88.3643268,0,kol,Kolkata,2026-09-01T02:51:08.426140Z
ChIJzfCsoStxAjoRD8Lg-iVcKfs,MOMO MAN JODHPUR PARK,places,en,104,22.507416749999997,88.36344855,22.507611900000004,88.36432959999999,0,kol,Kolkata,2026-09-01T02:51:08.426150Z
ChIJg3sOnoNxAjoRnPgds9_c9MI,The First Bitez,places,en,104,22.507416749999997,88.36344855,22.506781,88.36280099999999,0,kol,Kolkata,2026-09-01T02:51:08.426157Z
ChIJqat1IupxAjoRNUbTilDZuT4,Tattoo & Cafe & Piercing,places,en,104,22.507416749999997,88.36344855,22.5078884,88.36437819999999,0,kol,Kolkata,2026-09-01T02:51:08.426164Z
ChIJsXEAJy9xAjoRmIs-2SaqeMo,Lunch Box Jodhpur park,places,en,104,22.507416749999997,88.36344855,22.5069359,88.3644533,0,kol,Kolkata,2026-09-01T02:51:08.426172Z
ChIJMUlV2BdxAjoRdaRc4vOzXeo,Faasos Jodhpur Park,places,en,104,22.507416749999997,88.36344855,22.5069286,88.3644911,0,kol,Kolkata,2026-09-01T02:51:08.426179Z
ChIJmSahixhxAjoRMzmBAa_ni1A,Das Snacks,places,en,104,22.507416749999997,88.36344855,22.506700799999997,88.36435209999999,0,kol,Kolkata,2026-09-01T02:51:08.426186Z
ChIJ-ZUwybtxAjoRAo6rsm6JZHc,Suswadu,places,en,104,22.507416749999997,88.36344855,22.5085065,88.3631077,0,kol,Kolkata,2026-09-01T02:51:08.426193Z
ChIJz5HzdgBxAjoRSxysvl1U7Kw,Victorious Restaurant & Cafe,places,en,104,22.507416749999997,88.36344855,22.506606899999998,88.3650263,0,kol,Kolkata,2026-09-01T02:51:08.426200Z
ChIJvescRgBxAjoRlOSiS8J-Tbc,Amit fast food cataring service,places,en,104,22.507416749999997,88.36344855,22.505762,88.3639874,0,kol,Kolkata,2026-09-01T02:51:08.426207Z
ChIJ2ZFypv5xAjoRmvMpoAgui9A,Hari chicken shop,places,en,104,22.507416749999997,88.36344855,22.505763299999998,88.36402040000002,0,kol,Kolkata,2026-09-01T02:51:08.426215Z
ChIJdbFZfSBxAjoRQaqvkwskOrA,One Step Away by Bar-B-Q,places,en,104,22.507416749999997,88.36344855,22.505872,88.36241419999999,0,kol,Kolkata,2026-09-01T02:51:08.426222Z
ChIJkfeBQgBxAjoRGtTfdZMZ53I,Fuchka,places,en,104,22.507416749999997,88.36344855,22.5057561,88.3623211,0,kol,Kolkata,2026-09-01T02:51:08.426229Z
ChIJ2V_XbJF3AjoRf0ZdgnD7gCw,Mrs. Wilson's Cafe,places,en,104,22.507416749999997,88.36344855,22.5062215,88.36165629999999,0,kol,Kolkata,2026-09-01T02:51:08.426238Z
ChIJnQWv59dwAjoRPtaoLHCZ0Cs,Chandana Tea Snacks,places,en,104,22.507416749999997,88.36344855,22.5056682,88.3623033,0,kol,Kolkata,2026-09-01T02:51:08.426245Z
ChIJYRrlQmRxAjoRg9GpPcfb1r4,Sandwich Nation,places,en,104,22.507416749999997,88.36344855,22.505789,88.361825,0,kol,Kolkata,2026-09-01T02:51:08.426252Z
ChIJnUbtCDBxAjoRiutIqA5sFa4,TASTE OF INDIA,places,en,105,22.508482,88.36235535,22.508694800000004,88.36083169999999,0,kol,Kolkata,2026-09-01T02:51:08.870274Z
ChIJP0W-YQBxAjoRQAfTUIjrtC4,BORO MAYER ASHIRBAD,places,en,105,22.508482,88.36235535,22.5090483,88.360571,0,kol,Kolkata,2026-09-01T02:51:08.870316Z
ChIJE8-gN-NxAjoRDHEfCCARp-8,LOKENATH GRILL AND ENTERPRISE,places,en,107,22.5065482,88.35901774999999,22.507828399999998,88.358224,0,kol,Kolkata,2026-09-01T02:51:09.544709Z
ChIJ-cWHwNBwAjoRBI5IJW_0QLw,Chola Bhatura Shop,places,en,107,22.5065482,88.35901774999999,22.5059561,88.3570008,0,kol,Kolkata,2026-09-01T02:51:09.544753Z
ChIJm6vA19dwAjoRwh_cohYVexU,Blue Mug Cafe,places,en,108,22.505544999999998,88.3624122,22.5051716,88.3622378,0,kol,Kolkata,2026-09-01T02:51:09.966172Z
ChIJCfl0YMlwAjoRTz1CLycL-hc,Abar Baithak The coffee shop,places,en,108,22.505544999999998,88.3624122,22.504436899999998,88.3632908,0,kol,Kolkata,2026-09-01T02:51:09.966195Z
ChIJJz2kHNhwAjoRaD6FIPQ7fH4,RAYYAN - Door To BIRYANI Paradise,places,en,108,22.505544999999998,88.3624122,22.5039683,88.3621658,0,kol,Kolkata,2026-09-01T02:51:09.966200Z
ChIJ07dfcwBxAjoRpn0LKXUhccQ,MOUBANIR CUP-O-KATHA,places,en,108,22.505544999999998,88.3624122,22.504309499999998,88.3638723,0,kol,Kolkata,2026-09-01T02:51:09.966204Z
ChIJx2l9wp5xAjoREGZjQG0nE6I,Behrouz Biryani Jodhpur park,places,en,108,22.505544999999998,88.3624122,22.503764,88.3633531,0,kol,Kolkata,2026-09-01T02:51:09.966207Z
ChIJeTyrZxxxAjoRSd1RYRzZnNg,Sweet Truth Jodhpur park,places,en,108,22.505544999999998,88.3624122,22.503716999999998,88.36337100000001,0,kol,Kolkata,2026-09-01T02:51:09.966211Z
ChIJp5PMHwlxAjoRmRWAzZNZhMk,Oven Story,places,en,108,22.505544999999998,88.3624122,22.503716999999998,88.36337100000001,0,kol,Kolkata,2026-09-01T02:51:09.966213Z
ChIJr1r8WuNxAjoRxm9VwTNyBYM,BIRYANI HALT STATION,places,en,108,22.505544999999998,88.3624122,22.503508,88.3625783,0,kol,Kolkata,2026-09-01T02:51:09.966216Z
ChIJd0nBagBxAjoRs7QSRD91G1o,BIRYANI ADDA,places,en,112,22.507513250000002,88.3537692,22.5075593,88.3540771,0,kol,Kolkata,2026-09-01T02:51:11.390512Z
ChIJxwi-R-BxAjoRn3Sf8sQ2xS4,CAFEISSM,places,en,112,22.507513250000002,88.3537692,22.507326,88.3535345,0,kol,Kolkata,2026-09-01T02:51:11.390547Z
ChIJF-m22tFwAjoRD9QOpg8i1WA,Bijoli Grill,places,en,112,22.507513250000002,88.3537692,22.507457499999997,88.35411839999999,0,kol,Kolkata,2026-09-01T02:51:11.390553Z
ChIJgZQ22eJxAjoRc7nUAg5_xZM,Chinese Food Corner,places,en,112,22.507513250000002,88.3537692,22.5076149,88.3541017,0,kol,Kolkata,2026-09-01T02:51:11.390557Z
ChIJC1RXoL5xAjoRksWUlFUXqLw,Mini Bite House,places,en,112,22.507513250000002,88.3537692,22.507668799999998,88.3541032,0,kol,Kolkata,2026-09-01T02:51:11.390560Z
ChIJFy5TytFwAjoRXORdeaMkjd8,আনন্দ হিন্দু হোটেল,places,en,112,22.507513250000002,88.3537692,22.5074334,88.3541439,0,kol,Kolkata,2026-09-01T02:51:11.390565Z
ChIJFyZZTgBxAjoR6tq6sKxbzfw,Tia's kitchen,places,en,112,22.507513250000002,88.3537692,22.5075427,88.35416599999999,0,kol,Kolkata,2026-09-01T02:51:11.390569Z
ChIJsZUsFgBxAjoR0oXJHyrd6OA,APNA ADDA,places,en,112,22.507513250000002,88.3537692,22.5075427,88.35416599999999,0,kol,Kolkata,2026-09-01T02:51:11.390573Z
ChIJJeaBPABxAjoRsYHHk7zIr9Y,Cafe On Board,places,en,112,22.507513250000002,88.3537692,22.507485199999998,88.3531467,0,kol,Kolkata,2026-09-01T02:51:11.390576Z
ChIJ__9PkdpwAjoR-Bks9nk7jAc,Royal Highway Dhaba,places,en,112,22.507513250000002,88.3537692,22.508076,88.353471,0,kol,Kolkata,2026-09-01T02:51:11.390579Z
ChIJW1CFaP9xAjoRiFF0y5hgYmQ,MK SNACKS,places,en,112,22.507513250000002,88.3537692,22.5089161,88.35416029999999,0,kol,Kolkata,2026-09-01T02:51:11.390582Z
ChIJD9rJKwBxAjoR_LzbfKpj3Mk,Sunil Chicken Shop,places,en,112,22.507513250000002,88.3537692,22.507325299999998,88.35216849999999,0,kol,Kolkata,2026-09-01T02:51:11.390585Z
ChIJmWR_YsFxAjoRy8m5DydrjSo,JOY GURU ENTERPRISE,places,en,112,22.507513250000002,88.3537692,22.5065308,88.35225729999999,0,kol,Kolkata,2026-09-01T02:51:11.390589Z
ChIJoy214f1xAjoRl_iRw1jnWUs,Dendong,places,en,112,22.507513250000002,88.3537692,22.5067757,88.3518329,0,kol,Kolkata,2026-09-01T02:51:11.390592Z
ChIJ_3d7Ic5xAjoRCJwqqEbw6Kw,DingDong Fast Food,places,en,112,22.507513250000002,88.3537692,22.5064812,88.3519389,0,kol,Kolkata,2026-09-01T02:51:11.390595Z
ChIJ2SaXEL9xAjoRYhjfLh0eva4,Kolkatar Petuk,places,en,112,22.507513250000002,88.3537692,22.5067372,88.3513952,0,kol,Kolkata,2026-09-01T02:51:11.390598Z
ChIJjYVqEwBxAjoRpuAO0bhZw00,Conti-Indo,places,en,112,22.507513250000002,88.3537692,22.506737599999997,88.3513691,0,kol,Kolkata,2026-09-01T02:51:11.390601Z
ChIJ1Rt8gMVwAjoRAVxky_12TlQ,Agarwal's Food Delivery,places,en,112,22.507513250000002,88.3537692,22.5066195,88.35125579999999,0,kol,Kolkata,2026-09-01T02:51:11.390604Z
ChIJzdo_pkdxAjoREthgYYtQUDc,JAI JAI HIND DHABA,places,en,114,22.500201,88.35492415,22.4989718,88.35679420000001,0,kol,Kolkata,2026-09-01T02:51:12.051874Z
ChIJX3hyn1VxAjoRoozsswmczyY,Good luck hotel,places,en,116,22.5009539,88.34672979999999,22.5011649,88.3462467,0,kol,Kolkata,2026-09-01T02:51:12.800363Z
ChIJ6RnqSC1xAjoRRuHombuMUvU,MR.CHOW Tollygunge,places,en,116,22.5009539,88.34672979999999,22.501588800000004,88.3468389,0,kol,Kolkata,2026-09-01T02:51:12.800400Z
ChIJ5bgWqsdwAjoRSMVfasUiNYg,NASRIN HOTEL,places,en,116,22.5009539,88.34672979999999,22.5010235,88.3455141,0,kol,Kolkata,2026-09-01T02:51:12.800405Z
ChIJZUa22fx1AjoRlDQNFxTZNC4,Fatty Mamma Chinese Restaurant,places,en,116,22.5009539,88.34672979999999,22.500062999999997,88.34595499999999,0,kol,Kolkata,2026-09-01T02:51:12.800409Z
ChIJv9jgqcdwAjoR6TzMEjcY-Qo,Afsara Hotel,places,en,116,22.5009539,88.34672979999999,22.5011793,88.3454204,0,kol,Kolkata,2026-09-01T02:51:12.800412Z
ChIJhR5a88JxAjoRrmPdSh3-_vw,ALAMGIR TEA STALL,places,en,116,22.5009539,88.34672979999999,22.501110399999998,88.34539629999999,0,kol,Kolkata,2026-09-01T02:51:12.800416Z
ChIJzSjtNQC75zsRSVvLb2Lf9dw,Subway Bhavani Nagar,places,en,116,22.5009539,88.34672979999999,22.501103699999998,88.3483064,0,kol,Kolkata,2026-09-01T02:51:12.800419Z
ChIJrxS10x1xAjoRJUDH-T_-nBk,ANUBHAB BIRIYANI,places,en,116,22.5009539,88.34672979999999,22.501307900000004,88.3449158,0,kol,Kolkata,2026-09-01T02:51:12.800422Z
ChIJb4xlISdxAjoRb8K4rhXuf6g,Cup & Chatter,places,en,116,22.5009539,88.34672979999999,22.5009601,88.3486361,0,kol,Kolkata,2026-09-01T02:51:12.800426Z
ChIJTdYDBM1xAjoR_0QlGyu12n4,Rang De Basanti Dhaba- Tollygunge,places,en,116,22.5009539,88.34672979999999,22.5015632,88.3447377,0,kol,Kolkata,2026-09-01T02:51:12.800430Z
ChIJTalytk9xAjoROBZ2bQI2Asc,"Domino's Pizza | Navina Cinema, Kolkata",places,en,116,22.5009539,88.34672979999999,22.5010938,88.34884249999999,0,kol,Kolkata,2026-09-01T02:51:12.800433Z
ChIJ_27BcQhxAjoRi95U4Ru2gLA,Didar Hensel,places,en,116,22.5009539,88.34672979999999,22.500479499999997,88.3488941,0,kol,Kolkata,2026-09-01T02:51:12.800436Z
ChIJ5z58RQBxAjoRVjVaDZ8fnls,Errams Coffee Corner,places,en,116,22.5009539,88.34672979999999,22.501445699999998,88.3443743,0,kol,Kolkata,2026-09-01T02:51:12.800439Z
ChIJLfwD-khxAjoRcrk-3Z8qMqo,Tolly Food Hub,places,en,116,22.5009539,88.34672979999999,22.5014531,88.34437439999999,0,kol,Kolkata,2026-09-01T02:51:12.800443Z
ChIJ5TjS2khxAjoRbCVvQuw0W0M,The Yellow Straw - The Tollygunge Club,places,en,116,22.5009539,88.34672979999999,22.5023955,88.3487948,0,kol,Kolkata,2026-09-01T02:51:12.800446Z
ChIJd3LYUgBxAjoRFUoo7z65Jpk,Vater Hotel,places,en,116,22.5009539,88.34672979999999,22.5028166,88.3449527,0,kol,Kolkata,2026-09-01T02:51:12.800466Z
ChIJeRP3w0pxAjoRJn1eQE6KUto,Alisha Biryani,places,en,116,22.5009539,88.34672979999999,22.4986544,88.3456434,0,kol,Kolkata,2026-09-01T02:51:12.800471Z
ChIJDxuq-5RxAjoRD8Qazvwmccg,HIRA The Food Parlour,places,en,116,22.5009539,88.34672979999999,22.503062900000003,88.34517980000001,0,kol,Kolkata,2026-09-01T02:51:12.800474Z
ChIJoyTZSQBxAjoRFgZ90X3RKwY,Ashok nagar park,places,en,116,22.5009539,88.34672979999999,22.498635699999998,88.3453906,0,kol,Kolkata,2026-09-01T02:51:12.800477Z
ChIJJU89UQBxAjoRTqMhy8Jb7cc,THE 26B,places,en,116,22.5009539,88.34672979999999,22.503581699999998,88.34602890000001,0,kol,Kolkata,2026-09-01T02:51:12.800480Z
ChIJq6-UGgBxAjoR0MJdVhcFve8,RANROSE FOOD FIESTA,places,en,117,22.50935505,88.36946560000001,22.5104589,88.3709497,0,kol,Kolkata,2026-09-01T02:51:13.168931Z
ChIJXYEm4C1xAjoRqdX21hevlQQ,DHAKURIA SPICE,places,en,117,22.50935505,88.36946560000001,22.510260799999998,88.3711787,0,kol,Kolkata,2026-09-01T02:51:13.168958Z
ChIJo_4E3y1xAjoR2E1AE4LDzrU,Pal Poultry Centre,places,en,117,22.50935505,88.36946560000001,22.510682199999998,88.3710634,0,kol,Kolkata,2026-09-01T02:51:13.168971Z
ChIJj1TFAmhxAjoR3oi_cmhAWds,Just Buns,places,en,118,22.4962559,88.36279275000001,22.496277499999998,88.3628272,0,kol,Kolkata,2026-09-01T02:51:13.587554Z
ChIJkziY8LdxAjoRygEHtxgHhA0,THE FRIED CHICKEN & MORE,places,en,118,22.4962559,88.36279275000001,22.4960128,88.36213049999999,0,kol,Kolkata,2026-09-01T02:51:13.587575Z
ChIJ24MDSABxAjoRDW9jMEUfa1o,Tasty momo corner,places,en,118,22.4962559,88.36279275000001,22.4958153,88.3621174,0,kol,Kolkata,2026-09-01T02:51:13.587580Z
ChIJBZh_A25xAjoR20j9RHEP1R4,SUBSHI FOODS,places,en,118,22.4962559,88.36279275000001,22.4969939,88.3624238,0,kol,Kolkata,2026-09-01T02:51:13.587587Z
ChIJK3YwE4JxAjoRmv6IQ2qG2Zg,Familyana Restaurant. Best Bengali restaurant in kolkata,places,en,118,22.4962559,88.36279275000001,22.4968236,88.3620086,0,kol,Kolkata,2026-09-01T02:51:13.587590Z
ChIJ8WTfIRpxAjoRLv2Y3nf2tXo,Pocket Combo Meal,places,en,118,22.4962559,88.36279275000001,22.496059499999998,88.36386089999999,0,kol,Kolkata,2026-09-01T02:51:13.587593Z
ChIJreM_SHJxAjoRxF3vNBD-1C0,Swadkahon,places,en,118,22.4962559,88.36279275000001,22.4968845,88.36362799999999,0,kol,Kolkata,2026-09-01T02:51:13.587596Z
ChIJiWtYNwBxAjoRVE9ELh82ttc,Kolkata Arshalan biryani house,places,en,118,22.4962559,88.36279275000001,22.497052699999998,88.36200830000001,0,kol,Kolkata,2026-09-01T02:51:13.587598Z
ChIJPcGHeRZxAjoRftyxv9Osriw,"AHMED,S",places,en,118,22.4962559,88.36279275000001,22.4973621,88.363101,0,kol,Kolkata,2026-09-01T02:51:13.587601Z
ChIJxxjqQ99wAjoRFFE9u_S1Dss,TASTY MOMO CORNER 2,places,en,118,22.4962559,88.36279275000001,22.4971833,88.36195699999999,0,kol,Kolkata,2026-09-01T02:51:13.587604Z
ChIJbZlAdjhxAjoRkYq59IuBdf4,11:11 - Your Craving Wishlist,places,en,118,22.4962559,88.36279275000001,22.4970408,88.3617768,0,kol,Kolkata,2026-09-01T02:51:13.587606Z
ChIJZfX_H9JxAjoR7Oi68pX1HgY,Sea & Salt,places,en,118,22.4962559,88.36279275000001,22.497281899999997,88.3620258,0,kol,Kolkata,2026-09-01T02:51:13.587609Z
ChIJn8Pr8apxAjoRfsdNukx8_0A,Umas Kitchen,places,en,118,22.4962559,88.36279275000001,22.495841499999997,88.3614838,0,kol,Kolkata,2026-09-01T02:51:13.587611Z
ChIJQ6D5Y8xxAjoR4EE7LR9Zaho,KettleBerry® Cafe,places,en,118,22.4962559,88.36279275000001,22.4976482,88.3631832,0,kol,Kolkata,2026-09-01T02:51:13.587614Z
ChIJQ5HtCwBxAjoRoST9oyHmmio,Yumm Hub,places,en,118,22.4962559,88.36279275000001,22.497681699999998,88.362554,0,kol,Kolkata,2026-09-01T02:51:13.587617Z
ChIJVamtvOJxAjoR-4zdEkCclao,Aadi Bangali,places,en,118,22.4962559,88.36279275000001,22.4975155,88.3635848,0,kol,Kolkata,2026-09-01T02:51:13.587619Z
ChIJj6d1zw1xAjoRUw-tmZ91NaE,Good Bites,places,en,118,22.4962559,88.36279275000001,22.4975502,88.36391909999999,0,kol,Kolkata,2026-09-01T02:51:13.587622Z
ChIJfWzfay9xAjoRqoXDO80nk4s,Wok N Rollz,places,en,118,22.4962559,88.36279275000001,22.495635,88.36108259999999,0,kol,Kolkata,2026-09-01T02:51:13.587625Z
ChIJdxUJTABxAjoR8WqXtSzIcNY,Dinesh shaw phuchka stall(দীনেশ দার ফুচকার দোকান),places,en,118,22.4962559,88.36279275000001,22.4945573,88.3621687,0,kol,Kolkata,2026-09-01T02:51:13.587627Z
ChIJ07FeZgBxAjoRgIDWelwT3Mo,Supker - The Boss Cook,places,en,118,22.4962559,88.36279275000001,22.497662899999998,88.3639745,0,kol,Kolkata,2026-09-01T02:51:13.587630Z
ChIJ0xdmulhxAjoR51dB63P2OcU,The Red Palate,places,en,119,22.49837595,88.35829265000001,22.497730999999998,88.3576588,0,kol,Kolkata,2026-09-01T02:51:14.012487Z
ChIJxUjcHbNxAjoRRIe5KPCVoKk,FlAvour OF China Town,places,en,119,22.49837595,88.35829265000001,22.4981428,88.35715719999999,0,kol,Kolkata,2026-09-01T02:51:14.012532Z
ChIJ78EICtxwAjoR_R6p8ZuzX50,25/166,places,en,119,22.49837595,88.35829265000001,22.4982808,88.3569761,0,kol,Kolkata,2026-09-01T02:51:14.012542Z
ChIJ4bUIv8dxAjoRMduk-C27oe0,Calcutta Express,places,en,119,22.49837595,88.35829265000001,22.4975852,88.3593065,0,kol,Kolkata,2026-09-01T02:51:14.012552Z
ChIJBUk-NWtxAjoR4knwIC1IL3I,MAA DURGA TEA STALL,places,en,119,22.49837595,88.35829265000001,22.4991678,88.3572241,0,kol,Kolkata,2026-09-01T02:51:14.012562Z
ChIJeXSa7etxAjoRV3CzFUnHqyU,Idli-Boy,places,en,119,22.49837595,88.35829265000001,22.4996199,88.3580126,0,kol,Kolkata,2026-09-01T02:51:14.012570Z
ChIJx0jxgW9xAjoRZ3eY362K0tQ,I LOVE MOMO,places,en,119,22.49837595,88.35829265000001,22.4996427,88.3580933,0,kol,Kolkata,2026-09-01T02:51:14.012579Z
ChIJZfAlf3xxAjoR0SB6u0r_F9U,KISS THE COOK,places,en,119,22.49837595,88.35829265000001,22.497165799999998,88.35888779999999,0,kol,Kolkata,2026-09-01T02:51:14.012587Z
ChIJV_4Dap1xAjoRVTZP-kSziqM,Gouranga Naskar TEA STALL,places,en,119,22.49837595,88.35829265000001,22.497942,88.3569027,0,kol,Kolkata,2026-09-01T02:51:14.012595Z
ChIJmY_WbwBxAjoRvq0HQ8hY-Hg,Anima briyani,places,en,119,22.49837595,88.35829265000001,22.4970245,88.3576093,0,kol,Kolkata,2026-09-01T02:51:14.012602Z
ChIJv2ZKxN5wAjoRJeAXHpXdCV4,Abhilash Fast Food Center,places,en,119,22.49837595,88.35829265000001,22.4972663,88.3595356,0,kol,Kolkata,2026-09-01T02:51:14.012612Z
ChIJh1K9ctxwAjoREep9LQAP1-U,Chowman (Golf Green),places,en,119,22.49837595,88.35829265000001,22.4979181,88.3565512,0,kol,Kolkata,2026-09-01T02:51:14.012620Z
ChIJt5Bv4FtxAjoRRagCLTOm2Ek,Rice Retreat - Food Delivery | Tollygunge,places,en,119,22.49837595,88.35829265000001,22.496851,88.35755309999999,0,kol,Kolkata,2026-09-01T02:51:14.012628Z
ChIJEdekwyBxAjoRWXj769DA8hw,Spud Monk,places,en,119,22.49837595,88.35829265000001,22.4966094,88.35842679999999,0,kol,Kolkata,2026-09-01T02:51:14.012636Z
ChIJiTJPeqlxAjoR4Dx_lkYkUY4,21 Roll Street,places,en,119,22.49837595,88.35829265000001,22.4964928,88.3596602,0,kol,Kolkata,2026-09-01T02:51:14.012644Z
ChIJ07NbFzZxAjoR3PREznaLDTE,WOK CALCUTTA || QUICK SERVICE RESTAURANT NEAR ME || QUICK SERVICE RESTAURANT IN BIKRAMGARH,places,en,119,22.49837595,88.35829265000001,22.4968839,88.36029359999999,0,kol,Kolkata,2026-09-01T02:51:14.012651Z
ChIJSSnvV31xAjoRkqhUpJbNSHs,The Cloud Bite Kitchen,places,en,119,22.49837595,88.35829265000001,22.496088200000003,88.3589925,0,kol,Kolkata,2026-09-01T02:51:14.012658Z
ChIJ4WL9b8dxAjoRGcyCRm7P08U,BABAN'S,places,en,119,22.49837595,88.35829265000001,22.4965093,88.36020049999999,0,kol,Kolkata,2026-09-01T02:51:14.012669Z
ChIJcSbd92JxAjoRroOWrESkYXU,Paritosh Biswas,places,en,120,22.501385050000003,88.36451155,22.501204599999998,88.36465299999999,0,kol,Kolkata,2026-09-01T02:51:14.359974Z
ChIJjZDpGwBxAjoR40UzCGm7Gd8,The Healthy Pots,places,en,120,22.501385050000003,88.36451155,22.5010972,88.3642251,0,kol,Kolkata,2026-09-01T02:51:14.360022Z
ChIJ79A_6fJxAjoR1hG45Vu1Xfk,Hemlata Bengali Restaurant,places,en,120,22.501385050000003,88.36451155,22.5012257,88.36412279999999,0,kol,Kolkata,2026-09-01T02:51:14.360033Z
ChIJTbTBdABxAjoRxpCxOK0OWxY,Mist and Momo Darjeeling,places,en,120,22.501385050000003,88.36451155,22.501317999999998,88.3649882,0,kol,Kolkata,2026-09-01T02:51:14.360041Z
ChIJExa6UwBxAjoRQh-XN-Hup9E,The Himalayan heights,places,en,120,22.501385050000003,88.36451155,22.5018332,88.3642967,0,kol,Kolkata,2026-09-01T02:51:14.360050Z
ChIJE_erPkpxAjoRDTXapSQPDjE,Hneseler Rupkotha,places,en,120,22.501385050000003,88.36451155,22.5017888,88.3648254,0,kol,Kolkata,2026-09-01T02:51:14.360058Z
ChIJYW_QwDRxAjoRlCedPzq_lrM,House of 9 - Poddar Nagar,places,en,120,22.501385050000003,88.36451155,22.5014859,88.36385320000001,0,kol,Kolkata,2026-09-01T02:51:14.360066Z
ChIJ7f6vTeVxAjoRp-y8FmneLRk,Gumtea Leaf Cafe,places,en,120,22.501385050000003,88.36451155,22.501180299999998,88.36386929999999,0,kol,Kolkata,2026-09-01T02:51:14.360074Z
ChIJyS4JU3xxAjoRnuU-I3y27gs,Senguptas,places,en,120,22.501385050000003,88.36451155,22.5011428,88.3638752,0,kol,Kolkata,2026-09-01T02:51:14.360081Z
ChIJm4pxvhhxAjoRSPmqfnezc1I,Anjan Dey Tea Stall,places,en,120,22.501385050000003,88.36451155,22.501365099999997,88.3651983,0,kol,Kolkata,2026-09-01T02:51:14.360088Z
ChIJBa_yxh9xAjoR6MxmG-TlPlA,The Hospizza,places,en,120,22.501385050000003,88.36451155,22.501080299999998,88.36389919999999,0,kol,Kolkata,2026-09-01T02:51:14.360096Z
ChIJF3Ufj81xAjoRlw8Nz2yASDs,Malabari,places,en,120,22.501385050000003,88.36451155,22.5014954,88.3638187,0,kol,Kolkata,2026-09-01T02:51:14.360105Z
ChIJd63PkCdxAjoRlWgP8UrorE4,Taste of Life,places,en,120,22.501385050000003,88.36451155,22.501083599999998,88.3638675,0,kol,Kolkata,2026-09-01T02:51:14.360112Z
ChIJ30O9_5FxAjoR2Wkw9PdpLuM,Spice 2 Go,places,en,120,22.501385050000003,88.36451155,22.5006998,88.36424679999999,0,kol,Kolkata,2026-09-01T02:51:14.360118Z
ChIJJYIAfABxAjoRCuGkw5nTVO0,SHIO塩 Jadavpur,places,en,120,22.501385050000003,88.36451155,22.5020837,88.3641907,0,kol,Kolkata,2026-09-01T02:51:14.360125Z
ChIJYU1Qh6BxAjoR-lmTvhXs4o8,Hungry Hut,places,en,120,22.501385050000003,88.36451155,22.5018855,88.36381999999999,0,kol,Kolkata,2026-09-01T02:51:14.360132Z
ChIJCztPNwBxAjoRQmy_TSxxF70,Amma's Kitchen,places,en,120,22.501385050000003,88.36451155,22.502203599999998,88.3643175,0,kol,Kolkata,2026-09-01T02:51:14.360139Z
ChIJo3ZhHQBxAjoR9IRHte1E6ok,Wow Bangali,places,en,120,22.501385050000003,88.36451155,22.5009482,88.3637147,0,kol,Kolkata,2026-09-01T02:51:14.360146Z
ChIJN-xdhvtxAjoR1lZ_XLBKI0o,Just Sandwich,places,en,120,22.501385050000003,88.36451155,22.5018772,88.36375729999999,0,kol,Kolkata,2026-09-01T02:51:14.360153Z
ChIJOXtDNm9xAjoRC-iCNIkh2Xs,SARADIN- BENGALI RESTAURANT (ANWAR SHAH ROAD),places,en,120,22.501385050000003,88.36451155,22.5022412,88.3642596,0,kol,Kolkata,2026-09-01T02:51:14.360159Z
ChIJ0VzcDABxAjoRT7q5Doc4nb0,Diya Food Centre,places,en,121,22.50325205,88.3507786,22.5032551,88.350695,0,kol,Kolkata,2026-09-01T02:51:14.698065Z
ChIJJ_xYT4ZxAjoRfh-hq7X_LdQ,Padma Heshel,places,en,121,22.50325205,88.3507786,22.5036488,88.3499178,0,kol,Kolkata,2026-09-01T02:51:14.698093Z
ChIJHYyAB8BxAjoRh641ImiNcmU,MOHON TEA STALL,places,en,121,22.50325205,88.3507786,22.501118599999998,88.35129669999999,0,kol,Kolkata,2026-09-01T02:51:14.698107Z
ChIJkeFr78dxAjoRG1agtfbxeiA,MUKESH TEA AND BREAKFAST SHOP,places,en,121,22.50325205,88.3507786,22.504205499999998,88.3486561,0,kol,Kolkata,2026-09-01T02:51:14.698115Z
ChIJV25v12RxAjoRMijVMH9n_Ms,TEA TREE,places,en,121,22.50325205,88.3507786,22.501225599999998,88.35187239999999,0,kol,Kolkata,2026-09-01T02:51:14.698121Z
ChIJBw8qs45xAjoRkZKimciJL5Q,Food Point Restaurant,places,en,121,22.50325205,88.3507786,22.5041123,88.34848679999999,0,kol,Kolkata,2026-09-01T02:51:14.698127Z
ChIJ_YFE4blxAjoR9GDriZKUaUo,AANA ROZANA KITCHEN,places,en,121,22.50325205,88.3507786,22.501126,88.35207899999999,0,kol,Kolkata,2026-09-01T02:51:14.698133Z
ChIJCaQlUs9wAjoRw2eoE1iQhcw,Hungry Birds,places,en,121,22.50325205,88.3507786,22.504783099999997,88.3484952,0,kol,Kolkata,2026-09-01T02:51:14.698138Z
ChIJVd4gOm1xAjoRSKEuOSGOKrg,Parathawala,places,en,121,22.50325205,88.3507786,22.5058804,88.350353,0,kol,Kolkata,2026-09-01T02:51:14.698143Z
ChIJHTE1KHpxAjoRW9za8WbgKs4,Thali Gharwali • Swiss Park • Pure Veg • Tiffin Services • Casual Dining • Takeaway • Home Delivery,places,en,122,22.5051454,88.3475742,22.504839099999998,88.34838839999999,0,kol,Kolkata,2026-09-01T02:51:15.142323Z
ChIJr-v9y_1xAjoRXlHv_trOyTs,Spice master,places,en,122,22.5051454,88.3475742,22.5055585,88.3484434,0,kol,Kolkata,2026-09-01T02:51:15.142377Z
ChIJJ29LIKNxAjoR-Ay3yJRCkd8,Food Meal,places,en,122,22.5051454,88.3475742,22.505849299999998,88.3463925,0,kol,Kolkata,2026-09-01T02:51:15.142390Z
ChIJfbjUa65xAjoRDjJn1xyTYN0,Street Style,places,en,122,22.5051454,88.3475742,22.5041504,88.34656260000001,0,kol,Kolkata,2026-09-01T02:51:15.142403Z
ChIJJ5O0EUNxAjoRUoy2iWygt28,Sree Hari Food Corner,places,en,122,22.5051454,88.3475742,22.505566899999998,88.3455548,0,kol,Kolkata,2026-09-01T02:51:15.142410Z
ChIJm52SPAtxAjoR4fd0dxRPQxE,DREAM CONFECTIONERY,places,en,122,22.5051454,88.3475742,22.5059665,88.3455723,0,kol,Kolkata,2026-09-01T02:51:15.142417Z
ChIJT-pSdYBxAjoR_aMHkoDLv4E,Monginis Cake Shop,places,en,122,22.5051454,88.3475742,22.5060371,88.3455867,0,kol,Kolkata,2026-09-01T02:51:15.142425Z
ChIJM4q1uGtxAjoR1IP9weAm3IM,KHAIBAR HAT,places,en,122,22.5051454,88.3475742,22.5064617,88.3456222,0,kol,Kolkata,2026-09-01T02:51:15.142433Z
ChIJs-mDpXFxAjoRTsshId8Jla0,Mad About Taste,places,en,122,22.5051454,88.3475742,22.5073258,88.3469448,0,kol,Kolkata,2026-09-01T02:51:15.142440Z
ChIJJwmU3slxAjoRW5hFNENpmT8,SUJATA TIFFIN CENTRE,places,en,122,22.5051454,88.3475742,22.5064571,88.3456058,0,kol,Kolkata,2026-09-01T02:51:15.142450Z
ChIJo3DKjShxAjoRkg7TafckvsU,Flavour Mania,places,en,122,22.5051454,88.3475742,22.507428599999997,88.3479488,0,kol,Kolkata,2026-09-01T02:51:15.142457Z
ChIJd3uCOWtxAjoRTAScTKw_LeQ,Suffra | Indo-Arabic Restaurant,places,en,122,22.5051454,88.3475742,22.5040425,88.3453924,0,kol,Kolkata,2026-09-01T02:51:15.142464Z
ChIJtaP0bdhxAjoRxb0jFGHpKbs,South Indian Fast Food Centre,places,en,122,22.5051454,88.3475742,22.504160199999998,88.34527109999999,0,kol,Kolkata,2026-09-01T02:51:15.142471Z
ChIJoa4lRchwAjoRaw9XoS01Hms,Nidhees,places,en,122,22.5051454,88.3475742,22.5062616,88.3453188,0,kol,Kolkata,2026-09-01T02:51:15.142478Z
ChIJFwAVIslwAjoRVDfHgOEY4IA,SPICY BITE,places,en,122,22.5051454,88.3475742,22.5073853,88.3465349,0,kol,Kolkata,2026-09-01T02:51:15.142484Z
ChIJ-VeKnOF2AjoRZixKC7JzLfg,DILNAWAZ BIRYANI CENTRE,places,en,122,22.5051454,88.3475742,22.5044434,88.3450647,0,kol,Kolkata,2026-09-01T02:51:15.142492Z
ChIJpafC9gFxAjoRmxaAYO3gMAg,Sanjay Stall,places,en,123,22.50565555,88.34760729999999,22.5077549,88.34749370000002,0,kol,Kolkata,2026-09-01T02:51:15.496345Z
ChIJb5dQ8_xxAjoRyBmeIBO1dDY,BAPAN FAST FOOD,places,en,123,22.50565555,88.34760729999999,22.507877999999998,88.3466959,0,kol,Kolkata,2026-09-01T02:51:15.496389Z
ChIJBeVHQ8RwAjoRmppCr5mb46k,Ganesh Hotel,places,en,123,22.50565555,88.34760729999999,22.5066722,88.34526380000001,0,kol,Kolkata,2026-09-01T02:51:15.496401Z
ChIJZ-vZZixxAjoRZhP46YlmEXM,Kaviar Cafe ( Haringhata ),places,en,123,22.50565555,88.34760729999999,22.5065751,88.3452154,0,kol,Kolkata,2026-09-01T02:51:15.496411Z
ChIJFa1tyRJxAjoR6jERVDS8FiM,M/S THAKUR TEA STALL,places,en,124,22.507468199999998,88.34735334999999,22.5073135,88.3456566,0,kol,Kolkata,2026-09-01T02:51:15.845574Z
ChIJw8L46z1xAjoRrXSKufc3Uoo,MOMO CORNER,places,en,124,22.507468199999998,88.34735334999999,22.5081083,88.345326,0,kol,Kolkata,2026-09-01T02:51:15.845623Z
ChIJnUipNqxxAjoRrW-Vvirx4Go,Unique fries,places,en,124,22.507468199999998,88.34735334999999,22.5075707,88.3451516,0,kol,Kolkata,2026-09-01T02:51:15.845635Z
ChIJIQm1d8lwAjoRqVYzKYDTIds,Adi Peep Inn,places,en,124,22.507468199999998,88.34735334999999,22.509163899999997,88.34602489999999,0,kol,Kolkata,2026-09-01T02:51:15.845643Z
ChIJ_Xf0wLFxAjoRlcLrwXCbzMw,SANJAY SHAW FUCHKA STALL,places,en,124,22.507468199999998,88.34735334999999,22.5091793,88.3460051,0,kol,Kolkata,2026-09-01T02:51:15.845652Z
ChIJK_nD1GJxAjoRJqsXvB27Uho,MOMO ON THE MOVE,places,en,124,22.507468199999998,88.34735334999999,22.5095472,88.3479207,0,kol,Kolkata,2026-09-01T02:51:15.845661Z
ChIJZbjAd8lwAjoRfkjZNv0IFh4,Tin Tin Economic Chinese Restaurant,places,en,124,22.507468199999998,88.34735334999999,22.509185199999997,88.34590469999999,0,kol,Kolkata,2026-09-01T02:51:15.845669Z
ChIJ-Z6h4pR3AjoRauA0yRsVtQY,Peep In Restaurant,places,en,124,22.507468199999998,88.34735334999999,22.509179099999997,88.3458704,0,kol,Kolkata,2026-09-01T02:51:15.845678Z
ChIJd4ipl7N3AjoRJtHOtnWY9HM,Cal-On,places,en,127,22.52235725,88.3638174,22.523285599999998,88.3636755,0,kol,Kolkata,2026-09-01T02:51:17.012348Z
ChIJv0gi3WR3AjoRMRFMzDtFNtU,Tess,places,en,127,22.52235725,88.3638174,22.5232992,88.3636835,0,kol,Kolkata,2026-09-01T02:51:17.012383Z
ChIJKdwfrzx3AjoR_Ep2T_c--xo,YAYAvar,places,en,127,22.52235725,88.3638174,22.5233553,88.3636891,0,kol,Kolkata,2026-09-01T02:51:17.012390Z
ChIJ1cMdjCR3AjoRpzLy_7urLRw,Hungry Yummy Foodies,places,en,127,22.52235725,88.3638174,22.5203383,88.36315549999999,0,kol,Kolkata,2026-09-01T02:51:17.012410Z
ChIJ-0WPf4N3AjoRngmZTw9qa2g,SPICEROUTEHOSPITALITY,places,en,127,22.52235725,88.3638174,22.521277299999998,88.36171139999999,0,kol,Kolkata,2026-09-01T02:51:17.012416Z
ChIJ90JSOkJ3AjoRgyZAGrdkrhQ,Babu Culture,places,en,127,22.52235725,88.3638174,22.5210463,88.3617922,0,kol,Kolkata,2026-09-01T02:51:17.012420Z
ChIJsxv3WHR3AjoRfk_BjHgg2As,Dil Ka Dabba,places,en,128,22.5266273,88.3555643,22.5256232,88.35551009999999,0,kol,Kolkata,2026-09-01T02:51:17.361611Z
ChIJrW6bkAF3AjoRo3v37PdSLMM,Bhukkad Gorilla,places,en,128,22.5266273,88.3555643,22.5256232,88.35551009999999,0,kol,Kolkata,2026-09-01T02:51:17.361641Z
ChIJUS4xCMR3AjoRPi2W_4QWnjU,Yoga Bowl,places,en,128,22.5266273,88.3555643,22.5256232,88.35551009999999,0,kol,Kolkata,2026-09-01T02:51:17.361651Z
ChIJV9EV-OF3AjoRPWxP6pT3QuM,Chowology,places,en,128,22.5266273,88.3555643,22.5256232,88.35551009999999,0,kol,Kolkata,2026-09-01T02:51:17.361658Z
ChIJhVxKEQB3AjoRm2YIWqNQf4g,Nawab Darbar,places,en,128,22.5266273,88.3555643,22.5256176,88.35550889999999,0,kol,Kolkata,2026-09-01T02:51:17.361666Z
ChIJOeDXsC93AjoRGoorYrGGTE8,ICanFlyy Tea Kafi,places,en,128,22.5266273,88.3555643,22.5256483,88.35446259999999,0,kol,Kolkata,2026-09-01T02:51:17.361673Z
ChIJkZWr5Yx3AjoReFmRwVOSA5E,Riyansh Food Centre,places,en,128,22.5266273,88.3555643,22.526947,88.3570625,0,kol,Kolkata,2026-09-01T02:51:17.361680Z
ChIJfVYbOi93AjoRd84e4Sk8CCk,Chai Break - Zasu,places,en,128,22.5266273,88.3555643,22.5261483,88.35756909999999,0,kol,Kolkata,2026-09-01T02:51:17.361687Z
ChIJcYmrzzF3AjoR74ed6S4o1rA,Hotel Swagath,places,en,128,22.5266273,88.3555643,22.524893499999997,88.3545774,0,kol,Kolkata,2026-09-01T02:51:17.361694Z
ChIJqTRxjhp3AjoRdCCWMGKE83Q,TRRINX HOSPITALITY,places,en,128,22.5266273,88.3555643,22.5266646,88.35767039999999,0,kol,Kolkata,2026-09-01T02:51:17.361701Z
ChIJB5Z8BjF3AjoRvWBzIa-woTQ,Khana Khazana,places,en,128,22.5266273,88.3555643,22.5246989,88.3563581,0,kol,Kolkata,2026-09-01T02:51:17.361707Z
ChIJ8wieTwB3AjoRQV1hpjZ40GY,Chai Nasta,places,en,128,22.5266273,88.3555643,22.524722399999998,88.35651370000001,0,kol,Kolkata,2026-09-01T02:51:17.361714Z
ChIJu7vCKy13AjoRZ65MHjN9CzE,Violet Tables,places,en,128,22.5266273,88.3555643,22.5289657,88.35516870000001,0,kol,Kolkata,2026-09-01T02:51:17.361720Z
ChIJJ4Vlf1p3AjoRvlota0GQNx0,Hungry Tonguery,places,en,128,22.5266273,88.3555643,22.5247383,88.3572883,0,kol,Kolkata,2026-09-01T02:51:17.361727Z
ChIJ2x8qdyV3AjoRgZsRhkpqhPk,Red Hot Chilli Pepper,places,en,128,22.5266273,88.3555643,22.529106799999997,88.3554049,0,kol,Kolkata,2026-09-01T02:51:17.361734Z
ChIJvwVcq6t3AjoRZgDtrk_H4iM,INFERNO THE BAR PARK PRIME KOLKATA,places,en,129,22.539619549999998,88.3567146,22.540856599999998,88.3565855,0,kol,Kolkata,2026-09-01T02:51:17.793486Z
ChIJA6fcSQh3AjoRr6HJFGkkabo,Park Prime Kolkata,places,en,129,22.539619549999998,88.3567146,22.5408766,88.35669759999999,0,kol,Kolkata,2026-09-01T02:51:17.793521Z
ChIJbQJ-EdZ2AjoR8t-7Qw0ybmM,KhanaSutra - Park Prime Kolkata,places,en,129,22.539619549999998,88.3567146,22.5412879,88.3569031,0,kol,Kolkata,2026-09-01T02:51:17.793526Z
ChIJK02gNAB3AjoRIILHVdYoLcI,The 2/7 Lounge,places,en,129,22.539619549999998,88.3567146,22.5390078,88.3549335,0,kol,Kolkata,2026-09-01T02:51:17.793530Z
ChIJP3JQXQN3AjoRUbPAR_lI4iE,Pure Infusion (Cafe & Juice Bar),places,en,129,22.539619549999998,88.3567146,22.5393187,88.3586819,0,kol,Kolkata,2026-09-01T02:51:17.793534Z
ChIJ1W0d7yF3AjoRK7Vc9GJFDRY,Chatar Patar,places,en,129,22.539619549999998,88.3567146,22.5392436,88.35869319999999,0,kol,Kolkata,2026-09-01T02:51:17.793538Z
ChIJ0ZJqk313AjoRnq7KAqLYHNg,Krishna Tea Stall,places,en,129,22.539619549999998,88.3567146,22.5414849,88.35738099999999,0,kol,Kolkata,2026-09-01T02:51:17.793541Z
ChIJg3yeDgB3AjoRkw0mF0qf8Ow,South Indian Idly vada dosa shop,places,en,129,22.539619549999998,88.3567146,22.5406615,88.35478499999999,0,kol,Kolkata,2026-09-01T02:51:17.793545Z
ChIJAed2IcB3AjoRhJV46CC8kFw,Munna Mandal,places,en,129,22.539619549999998,88.3567146,22.540064899999997,88.3544864,0,kol,Kolkata,2026-09-01T02:51:17.793548Z
ChIJE59JOgB3AjoRGuBEtvNQJiU,PAWAN FOOD HOUSE,places,en,129,22.539619549999998,88.3567146,22.5404704,88.3545975,0,kol,Kolkata,2026-09-01T02:51:17.793551Z
ChIJZYphcRh3AjoRDniyPwyd1oU,Nu Variety,places,en,129,22.539619549999998,88.3567146,22.5404704,88.3545975,0,kol,Kolkata,2026-09-01T02:51:17.793554Z
ChIJ4x7pmSJ3AjoRBAH3t43WNaM,The Yellow Straw - Minto Park,places,en,129,22.539619549999998,88.3567146,22.539722899999997,88.3543076,0,kol,Kolkata,2026-09-01T02:51:17.793562Z
ChIJ_ar5ywh3AjoRZUMdRti4KgM,Famous Momo Stall,places,en,129,22.539619549999998,88.3567146,22.5411102,88.35484459999999,0,kol,Kolkata,2026-09-01T02:51:17.793567Z
ChIJfdm2o7d3AjoRcrP5buZo_Nk,BIJOY MOMOS,places,en,129,22.539619549999998,88.3567146,22.5410026,88.35469309999999,0,kol,Kolkata,2026-09-01T02:51:17.793572Z
ChIJdV_Xuwx3AjoRVLiPAVJdujM,GV’s Bar & Kitchen,places,en,129,22.539619549999998,88.3567146,22.539060499999998,88.35425490000002,0,kol,Kolkata,2026-09-01T02:51:17.793575Z
ChIJp5DmzVx3AjoRvLaAqe3xpRM,Kesar Sweet Shop,places,en,130,22.5377296,88.35543765,22.5372077,88.3544596,0,kol,Kolkata,2026-09-01T02:51:18.206845Z
ChIJG7WuewB3AjoRPlXb4IA4Uwg,Flavours,places,en,130,22.5377296,88.35543765,22.5380182,88.3543387,0,kol,Kolkata,2026-09-01T02:51:18.206890Z
ChIJJW4vMDB3AjoROCwlaMWE79g,Piccadilly Square,places,en,130,22.5377296,88.35543765,22.5382313,88.354236,0,kol,Kolkata,2026-09-01T02:51:18.206901Z
ChIJv3XyNSJ3AjoRscWaT00lWXA,"Laxman's (The Refreshment Shop ),Pan shop",places,en,130,22.5377296,88.35543765,22.5380558,88.35412509999999,0,kol,Kolkata,2026-09-01T02:51:18.206909Z
ChIJD7oElW93AjoRUW-PIhjPm30,The Chutney Co.,places,en,130,22.5377296,88.35543765,22.538211999999998,88.354084,0,kol,Kolkata,2026-09-01T02:51:18.206916Z
ChIJIT5Vdb93AjoR8JOveVESfWA,Dosa Coffee,places,en,130,22.5377296,88.35543765,22.539053,88.354103,0,kol,Kolkata,2026-09-01T02:51:18.206926Z
ChIJ6TefQcF3AjoRKWddWA1FpHY,KEM CHHO - a unit of Ambika Barrabazar,places,en,130,22.5377296,88.35543765,22.5362223,88.3542547,0,kol,Kolkata,2026-09-01T02:51:18.206934Z
ChIJuWff2iJ3AjoR4lSlacOlqnU,Khana Khazana,places,en,130,22.5377296,88.35543765,22.537871199999998,88.3534207,0,kol,Kolkata,2026-09-01T02:51:18.206941Z
ChIJzZxp1pZ3AjoRbOy7YOrd1Jg,Anna Stall,places,en,130,22.5377296,88.35543765,22.5378862,88.3534043,0,kol,Kolkata,2026-09-01T02:51:18.206949Z
ChIJSw5OOSN3AjoRxa4OrNG8RrE,Deeya Bati,places,en,130,22.5377296,88.35543765,22.536032499999997,88.3542293,0,kol,Kolkata,2026-09-01T02:51:18.206955Z
ChIJye73YG93AjoR8g5yhUlU0Zg,Perima's,places,en,130,22.5377296,88.35543765,22.537086199999997,88.35754109999999,0,kol,Kolkata,2026-09-01T02:51:18.206962Z
ChIJm7tDu1F3AjoR9v1XpRaYwCg,Leipung Cafe Kolkata,places,en,130,22.5377296,88.35543765,22.537463000000002,88.357845,0,kol,Kolkata,2026-09-01T02:51:18.206969Z
ChIJ6w3rwSN3AjoRT1xJCxBEiXQ,"Azad Hind Hotel, Ballygunge",places,en,130,22.5377296,88.35543765,22.5358198,88.3569947,0,kol,Kolkata,2026-09-01T02:51:18.206977Z
ChIJFcFxcyN3AjoRSFADx-bkIz8,Sher -E- Hind Dhaba,places,en,130,22.5377296,88.35543765,22.5353222,88.3551561,0,kol,Kolkata,2026-09-01T02:51:18.206985Z
ChIJD2Y31yN3AjoRCiefcXX7B80,"Domino's Pizza | Ballygunj, Kolkata",places,en,130,22.5377296,88.35543765,22.5369002,88.3580207,0,kol,Kolkata,2026-09-01T02:51:18.206994Z
ChIJVY3jziB3AjoRWbrqlpxIKeI,Taste of Shital's kitchen,places,en,130,22.5377296,88.35543765,22.5357764,88.3536527,0,kol,Kolkata,2026-09-01T02:51:18.207001Z
ChIJD-GOICV3AjoRRIWmDHl3DJg,Chunky’s,places,en,131,22.5306447,88.35471015,22.530962799999998,88.35437759999999,0,kol,Kolkata,2026-09-01T02:51:18.556536Z
ChIJUTZJlkR3AjoRof1EhsU_kbE,Sakhadi Bhog,places,en,131,22.5306447,88.35471015,22.5317974,88.3545566,0,kol,Kolkata,2026-09-01T02:51:18.556576Z
ChIJ-zyAt3B3AjoR1qzYwZfWZYQ,Central canteen,places,en,131,22.5306447,88.35471015,22.529935599999998,88.35357359999999,0,kol,Kolkata,2026-09-01T02:51:18.556588Z
ChIJg_XTbZt3AjoRJoQzd2TW6aI,Green Spoon,places,en,131,22.5306447,88.35471015,22.531939700000002,88.35458129999999,0,kol,Kolkata,2026-09-01T02:51:18.556596Z
ChIJT1l7Hg13AjoRLpMPFpgX3C4,Falaharam,places,en,131,22.5306447,88.35471015,22.5319789,88.354387,0,kol,Kolkata,2026-09-01T02:51:18.556604Z
ChIJm3Kyjnh3AjoRpFv0H2tlKCg,Googly Kitchen,places,en,131,22.5306447,88.35471015,22.5319996,88.35440400000002,0,kol,Kolkata,2026-09-01T02:51:18.556612Z
ChIJ_QLV7glxAjoRrVsyQNSD8Uw,La Cocina,places,en,131,22.5306447,88.35471015,22.531094000000003,88.353242,0,kol,Kolkata,2026-09-01T02:51:18.556620Z
ChIJOQ8OXrR3AjoR5sl2E06Gj_k,Fly Kouzina,places,en,131,22.5306447,88.35471015,22.5302194,88.35315639999999,0,kol,Kolkata,2026-09-01T02:51:18.556627Z
ChIJYy4fnVN3AjoRDtSm7GwbVCo,Zamana - Khao Piyo Muskurao,places,en,131,22.5306447,88.35471015,22.5301649,88.3531301,0,kol,Kolkata,2026-09-01T02:51:18.556635Z
ChIJbfgVDWt3AjoRLY_X-T4na-0,Lasdown kitchen,places,en,131,22.5306447,88.35471015,22.529408999999998,88.35369419999999,0,kol,Kolkata,2026-09-01T02:51:18.556641Z
ChIJM5ETUE53AjoR7GhIpxsw9VU,IdlyGo Xpress,places,en,131,22.5306447,88.35471015,22.5310164,88.3528348,0,kol,Kolkata,2026-09-01T02:51:18.556650Z
ChIJiXS-sBN3AjoRRG0ZUxzEZgs,Seetal Tiffin Service,places,en,131,22.5306447,88.35471015,22.532767,88.3545643,0,kol,Kolkata,2026-09-01T02:51:18.556658Z
ChIJUU2v7zp3AjoR38mteQmzxYk,The Bengal Ghorana,places,en,131,22.5306447,88.35471015,22.5306668,88.3519243,0,kol,Kolkata,2026-09-01T02:51:18.556665Z
ChIJlzYBC9h3AjoRw6wjeBq3MnE,Manju Hotel,places,en,132,22.5223894,88.3527144,22.521539300000004,88.3516162,0,kol,Kolkata,2026-09-01T02:51:18.914142Z
ChIJSWDM_yx3AjoRb4pBvb6Istk,Ammini,places,en,132,22.5223894,88.3527144,22.5209849,88.35276619999999,0,kol,Kolkata,2026-09-01T02:51:18.914164Z
ChIJTySZbbJ3AjoR0uW9v0i2h88,RKMSP Canteen,places,en,132,22.5223894,88.3527144,22.5233635,88.35155089999999,0,kol,Kolkata,2026-09-01T02:51:18.914168Z
ChIJ7TfoFAR3AjoRGw4l23KicZQ,Thunderstorm Cafe & Lounge,places,en,132,22.5223894,88.3527144,22.5207652,88.3529523,0,kol,Kolkata,2026-09-01T02:51:18.914172Z
ChIJ1wRJTid3AjoRjF_IDhrow38,Flavourable - Restaurant & Cafe,places,en,132,22.5223894,88.3527144,22.520717400000002,88.3528302,0,kol,Kolkata,2026-09-01T02:51:18.914175Z
ChIJ3VxslcB3AjoRxQUdr7Py6qc,Kolkata Fast Food,places,en,132,22.5223894,88.3527144,22.524403,88.35305249999999,0,kol,Kolkata,2026-09-01T02:51:18.914177Z
ChIJG-u9n6h3AjoR5FULdSevuno,Bandana and Payel Home Service,places,en,132,22.5223894,88.3527144,22.5239926,88.3512309,0,kol,Kolkata,2026-09-01T02:51:18.914180Z
ChIJf5ZdKAB3AjoRZkVGVokLCEk,something's brewing,places,en,132,22.5223894,88.3527144,22.5202322,88.35215480000001,0,kol,Kolkata,2026-09-01T02:51:18.914187Z
ChIJYYPzKgB3AjoRHk-fGMqR6FM,তাঁরা মা হিন্দু রেস্টুরেন্ট,places,en,132,22.5223894,88.3527144,22.524396,88.35164139999999,0,kol,Kolkata,2026-09-01T02:51:18.914190Z
ChIJ_U79cAB3AjoRMHrsXxnMNXA,Resturent,places,en,132,22.5223894,88.3527144,22.5244032,88.3515931,0,kol,Kolkata,2026-09-01T02:51:18.914193Z
ChIJE4xExC13AjoRaGaIXsB0lJs,New Arsalan Biriyani নিউ আরসালান বিরিয়ানি,places,en,132,22.5223894,88.3527144,22.5209738,88.3547095,0,kol,Kolkata,2026-09-01T02:51:18.914196Z
ChIJUaqvRNZ3AjoRHTlGtJWlxPk,Zaatar,places,en,132,22.5223894,88.3527144,22.524818099999997,88.3526218,0,kol,Kolkata,2026-09-01T02:51:18.914199Z
ChIJY5RmkS13AjoRAAAAMKZl5iU,TRFI ART AND CULTURE CENTRE PRIVATE LIMITED,places,en,132,22.5223894,88.3527144,22.520161599999998,88.35379069999999,0,kol,Kolkata,2026-09-01T02:51:18.914202Z
ChIJMQufcDJ3AjoRka8cG7WnHQ4,Drishti Restaurant,places,en,132,22.5223894,88.3527144,22.5199075,88.35281789999999,0,kol,Kolkata,2026-09-01T02:51:18.914205Z
ChIJwy6XcDJ3AjoRwPLfQh7WIHQ,Hotel Sudesh Tower,places,en,132,22.5223894,88.3527144,22.519869999999997,88.3527484,0,kol,Kolkata,2026-09-01T02:51:18.914208Z
ChIJxfVL7_d3AjoRP23M88GKZJ4,Smokey Affairs,places,en,132,22.5223894,88.3527144,22.5210577,88.350195,0,kol,Kolkata,2026-09-01T02:51:18.914211Z
ChIJGcWeih93AjoRpeEzCPPOc5M,Santosh Phuchka,places,en,134,22.52209405,88.353308,22.520115,88.3542978,0,kol,Kolkata,2026-09-01T02:51:19.664323Z
ChIJVT5oX-N3AjoRN8jbVz5gYjc,Sanjib Food Center,places,en,134,22.52209405,88.353308,22.5200523,88.35434330000001,0,kol,Kolkata,2026-09-01T02:51:19.664367Z
ChIJQxOtlOt3AjoRKTqNXrnDgxQ,Kala by Lalit,places,en,134,22.52209405,88.353308,22.5196222,88.35371169999999,0,kol,Kolkata,2026-09-01T02:51:19.664380Z
ChIJFThzaQB3AjoRG1sgqhFzOsg,Lake gardens,places,en,135,22.53691245,88.34998304999999,22.5367632,88.3491854,0,kol,Kolkata,2026-09-01T02:51:20.031310Z
ChIJWwrsOwB3AjoR0Nl19ZUN08s,Chaat chator,places,en,135,22.53691245,88.34998304999999,22.5378398,88.3502657,0,kol,Kolkata,2026-09-01T02:51:20.031353Z
ChIJaTXfdgB3AjoRhTfmcw5GodA,Extacy,places,en,135,22.53691245,88.34998304999999,22.5378398,88.3502657,0,kol,Kolkata,2026-09-01T02:51:20.031364Z
ChIJs1MrpD13AjoR09kSW9iSpVE,Burp Restaurant,places,en,135,22.53691245,88.34998304999999,22.5379294,88.3502635,0,kol,Kolkata,2026-09-01T02:51:20.031371Z
ChIJN8k4y193AjoRW4Ng9dYmZbM,Fresh Aisle Cafe,places,en,135,22.53691245,88.34998304999999,22.537987599999997,88.3501223,0,kol,Kolkata,2026-09-01T02:51:20.031379Z
ChIJY5tgRwB3AjoRGJi1tpeBI1o,BANARASI JAYAKA,places,en,135,22.53691245,88.34998304999999,22.5373384,88.3488676,0,kol,Kolkata,2026-09-01T02:51:20.031387Z
ChIJ08TiYN53AjoRyDS9d7akxtc,Club kolkata Mixtape,places,en,135,22.53691245,88.34998304999999,22.536831199999998,88.3511923,0,kol,Kolkata,2026-09-01T02:51:20.031394Z
ChIJC9aH91t3AjoRqj83rkb3siI,The Country House Cafe,places,en,135,22.53691245,88.34998304999999,22.5369732,88.35123109999999,0,kol,Kolkata,2026-09-01T02:51:20.031403Z
ChIJ7TwvFjB3AjoRJE29zSnNFeQ,Romaania,places,en,135,22.53691245,88.34998304999999,22.537718299999998,88.349049,0,kol,Kolkata,2026-09-01T02:51:20.031410Z
ChIJE6ibxT13AjoRDiaU43z5-Dc,The Bikers Cafe,places,en,135,22.53691245,88.34998304999999,22.537758999999998,88.3490575,0,kol,Kolkata,2026-09-01T02:51:20.031418Z
ChIJJxuobgB3AjoR_wNBSITpc2E,Seema Caterer,places,en,135,22.53691245,88.34998304999999,22.5378909,88.3508451,0,kol,Kolkata,2026-09-01T02:51:20.031426Z
ChIJ0ZaaDz13AjoRfn4rlxHkX5w,Chai Break - Allenby Road,places,en,135,22.53691245,88.34998304999999,22.5369472,88.3514136,0,kol,Kolkata,2026-09-01T02:51:20.031434Z
ChIJIyafHT13AjoRP9CBplvKN2w,Aslam Bhai Biryani,places,en,135,22.53691245,88.34998304999999,22.536926899999997,88.35145659999999,0,kol,Kolkata,2026-09-01T02:51:20.031441Z
ChIJHcfbwD13AjoRqzpZy86qj_U,Tyre Patty,places,en,135,22.53691245,88.34998304999999,22.5381705,88.34935670000002,0,kol,Kolkata,2026-09-01T02:51:20.031448Z
ChIJ7wCF5Dx3AjoRKddIktUankY,The Belgian Waffle Co,places,en,135,22.53691245,88.34998304999999,22.5365328,88.351401,0,kol,Kolkata,2026-09-01T02:51:20.031455Z
ChIJk-iNwWl3AjoRBxZ0azi6Hp8,SHIKORA - THE TEA HUB,places,en,135,22.53691245,88.34998304999999,22.5358014,88.35091609999999,0,kol,Kolkata,2026-09-01T02:51:20.031463Z
ChIJ55eqrch3AjoRYF5VlBbFZVo,Sangita Dhaba,places,en,135,22.53691245,88.34998304999999,22.5376584,88.3514501,0,kol,Kolkata,2026-09-01T02:51:20.031471Z
ChIJtYgPxRl3AjoR0FiivmONMjs,Oh! Calcutta,places,en,135,22.53691245,88.34998304999999,22.5380508,88.35127159999999,0,kol,Kolkata,2026-09-01T02:51:20.031478Z
ChIJOQG8VIl3AjoRUdZlwE17pWI,The Desi Sigri,places,en,135,22.53691245,88.34998304999999,22.535894499999998,88.3486171,0,kol,Kolkata,2026-09-01T02:51:20.031485Z
ChIJwwnPt_N3AjoRLQw1rt8_6cY,Sultanat'e Biriyani,places,en,135,22.53691245,88.34998304999999,22.538289,88.35120160000001,0,kol,Kolkata,2026-09-01T02:51:20.031493Z
ChIJc8GU85Z3AjoR4j4k-S2YY5c,Banarasi zayka annpurna veg delight,places,en,136,22.53574415,88.34854275000001,22.5357073,88.3484886,0,kol,Kolkata,2026-09-01T02:51:20.440743Z
ChIJlfqi9Vh3AjoRokXcxhAQnKo,Jay Maa Tara Hotel,places,en,136,22.53574415,88.34854275000001,22.5351763,88.3482538,0,kol,Kolkata,2026-09-01T02:51:20.440773Z
ChIJRcYDdQB3AjoREkbycC2O12s,আনন্দধারা,places,en,136,22.53574415,88.34854275000001,22.535745799999997,88.3470674,0,kol,Kolkata,2026-09-01T02:51:20.440780Z
ChIJ7RUx3T53AjoRnk_UKawcX5k,Baccara cafe,places,en,136,22.53574415,88.34854275000001,22.5353107,88.3464126,0,kol,Kolkata,2026-09-01T02:51:20.440786Z
ChIJy2FnSWx3AjoRUU6yfh45jqc,Rajasthani Rasoi || North Indian • Pure Veg • Tiffin Services • Home Delivery,places,en,136,22.53574415,88.34854275000001,22.5335912,88.34871989999999,0,kol,Kolkata,2026-09-01T02:51:20.440792Z
ChIJoya9QwB3AjoR7mvFoZ5VbXU,Litti Chokha wale bhaiya,places,en,136,22.53574415,88.34854275000001,22.533752399999997,88.34763249999999,0,kol,Kolkata,2026-09-01T02:51:20.440795Z
ChIJR8fJawB3AjoROGszyytHL4w,Karthik's kitchen,places,en,136,22.53574415,88.34854275000001,22.5335777,88.3486963,0,kol,Kolkata,2026-09-01T02:51:20.440799Z
ChIJHSk90xx3AjoRFiykY7mLRlk,Bhatura Singh - Bhawanipore,places,en,136,22.53574415,88.34854275000001,22.5335534,88.34864999999999,0,kol,Kolkata,2026-09-01T02:51:20.440803Z
ChIJz1xFA2N3AjoR4U4D25A67n4,Fast Foodies,places,en,136,22.53574415,88.34854275000001,22.533510699999997,88.3489604,0,kol,Kolkata,2026-09-01T02:51:20.440807Z
ChIJVbUPjUd3AjoRii2xKnF1hNs,House Of Punjab (HOP),places,en,136,22.53574415,88.34854275000001,22.536886199999998,88.3463216,0,kol,Kolkata,2026-09-01T02:51:20.440811Z
ChIJr1IiF8p3AjoRrMgbG1Jhm6g,South Indian Food Centre (Pure South indian Food Stall),places,en,136,22.53574415,88.34854275000001,22.5355305,88.3459845,0,kol,Kolkata,2026-09-01T02:51:20.440818Z
ChIJh9NHdZ13AjoRlwEhi1d507U,BANGLAR BIRYANI JUNCTION,places,en,136,22.53574415,88.34854275000001,22.5355956,88.345925,0,kol,Kolkata,2026-09-01T02:51:20.440822Z
ChIJpfURN1x3AjoRGeabVtJod3M,The Food Bridge,places,en,136,22.53574415,88.34854275000001,22.533311899999998,88.3476275,0,kol,Kolkata,2026-09-01T02:51:20.440826Z
ChIJjcRZqFp3AjoRxp-Z6znXRJI,Mother's kitchen,places,en,137,22.532750800000002,88.35012904999999,22.532409899999998,88.349876,0,kol,Kolkata,2026-09-01T02:51:20.828702Z
ChIJU6KamiB3AjoRC42QSWZbf4I,Santosh Sattu Stall,places,en,137,22.532750800000002,88.35012904999999,22.5323824,88.3498649,0,kol,Kolkata,2026-09-01T02:51:20.828747Z
ChIJFUvyQjl3AjoRIy14ctPyI9U,Sharma Brothers,places,en,137,22.532750800000002,88.35012904999999,22.532559,88.3496868,0,kol,Kolkata,2026-09-01T02:51:20.828758Z
ChIJ__-skTt3AjoRdlTwmuV9Tlc,Pappu Gupta Muriwala Barabazar,places,en,137,22.532750800000002,88.35012904999999,22.5331019,88.349791,0,kol,Kolkata,2026-09-01T02:51:20.828766Z
ChIJd4-mmjt3AjoRuIAlJ0pqwgM,Crazzy Momo,places,en,137,22.532750800000002,88.35012904999999,22.5332501,88.3499992,0,kol,Kolkata,2026-09-01T02:51:20.828774Z
ChIJrVcgbQB3AjoRr2yJK-9gf_8,Thanda garam junction,places,en,137,22.532750800000002,88.35012904999999,22.5331483,88.3497648,0,kol,Kolkata,2026-09-01T02:51:20.828781Z
ChIJBVN4ozt3AjoRjUQ-pC096DY,Ajanta Hotel,places,en,137,22.532750800000002,88.35012904999999,22.532220199999998,88.3499699,0,kol,Kolkata,2026-09-01T02:51:20.828788Z
ChIJJUuJCmR3AjoRLK_7OlhV3uc,Thekaa,places,en,137,22.532750800000002,88.35012904999999,22.5332878,88.3498414,0,kol,Kolkata,2026-09-01T02:51:20.828795Z
ChIJY0JcKGN3AjoRAFZ5P83cw_A,Twezztato Hub By Singhania Brothers,places,en,137,22.532750800000002,88.35012904999999,22.533310399999998,88.34977239999999,0,kol,Kolkata,2026-09-01T02:51:20.828802Z
ChIJ4x1bq5x3AjoRohgryqzegYc,Crazy 4 Cakes,places,en,137,22.532750800000002,88.35012904999999,22.5321717,88.3497802,0,kol,Kolkata,2026-09-01T02:51:20.828809Z
ChIJHfUcQh93AjoR8o_H-A0JnA4,AMRIT HOTEL - PURE VEG,places,en,137,22.532750800000002,88.35012904999999,22.532619999999998,88.3493402,0,kol,Kolkata,2026-09-01T02:51:20.828815Z
ChIJTYTuZ4d3AjoRB5QbNvh3EO4,THE ROYALE PLACE BHAWANIPUR,places,en,137,22.532750800000002,88.35012904999999,22.532009799999997,88.350527,0,kol,Kolkata,2026-09-01T02:51:20.828822Z
ChIJbTL6nBV3AjoRmiOIciVJzgU,Raj restaurant,places,en,137,22.532750800000002,88.35012904999999,22.532027,88.35070139999999,0,kol,Kolkata,2026-09-01T02:51:20.828830Z
ChIJAcXMi_R3AjoRWZGacpiVjp8,Fast Filling | Bhawanipur,places,en,137,22.532750800000002,88.35012904999999,22.533600399999997,88.3506448,0,kol,Kolkata,2026-09-01T02:51:20.828837Z
ChIJLwyep8V3AjoRlC9ClLG-uSE,Chaat Chatur | Bhawanipur,places,en,137,22.532750800000002,88.35012904999999,22.5336629,88.35065430000002,0,kol,Kolkata,2026-09-01T02:51:20.828846Z
ChIJI1o9ULl3AjoRGSPpFsHehUA,Hira Shaw Store,places,en,137,22.532750800000002,88.35012904999999,22.5328038,88.3489766,0,kol,Kolkata,2026-09-01T02:51:20.828853Z
ChIJUw_cOTp3AjoRNutZQhqbcw4,Shiv's Lounge,places,en,137,22.532750800000002,88.35012904999999,22.5316689,88.349578,0,kol,Kolkata,2026-09-01T02:51:20.828861Z
ChIJv-9-Q0p3AjoR09i5yjQH27U,Kake D Hatti,places,en,137,22.532750800000002,88.35012904999999,22.5315376,88.34923599999999,0,kol,Kolkata,2026-09-01T02:51:20.828869Z
ChIJ12I3xoV3AjoRukrNCLwVxNc,Tara Maa Eating house,places,en,138,22.53695365,88.3421348,22.537427899999997,88.3424357,0,kol,Kolkata,2026-09-01T02:51:21.192170Z
ChIJ6dI8ZUB3AjoReW7qrz1jPgU,Jagadhatry Misti Mahal,places,en,138,22.53695365,88.3421348,22.5374868,88.3426908,0,kol,Kolkata,2026-09-01T02:51:21.192214Z
ChIJ4_WWcEB3AjoRP8mYLkhGtFU,New Hindu Hotel,places,en,138,22.53695365,88.3421348,22.537728599999998,88.34292549999999,0,kol,Kolkata,2026-09-01T02:51:21.192226Z
ChIJgTl4FpF3AjoRvcQjn8zLkmg,Food & Tea House,places,en,138,22.53695365,88.3421348,22.537561999999998,88.3411486,0,kol,Kolkata,2026-09-01T02:51:21.192235Z
ChIJOwe2hmt3AjoRP9e7DxaE4y8,Swastik Tiffin Service,places,en,138,22.53695365,88.3421348,22.5360449,88.3434468,0,kol,Kolkata,2026-09-01T02:51:21.192245Z
ChIJR5pKDIx3AjoR-xv63_6F5o0,The Food Factory,places,en,138,22.53695365,88.3421348,22.535387399999998,88.3417078,0,kol,Kolkata,2026-09-01T02:51:21.192253Z
ChIJR_FHegB3AjoRD4AHc0ZaLKM,Super snacks fast food,places,en,138,22.53695365,88.3421348,22.5353133,88.3425012,0,kol,Kolkata,2026-09-01T02:51:21.192261Z
ChIJkRascG93AjoRJOrgpmbINR8,Lets Talk Momo,places,en,138,22.53695365,88.3421348,22.5366952,88.3439854,0,kol,Kolkata,2026-09-01T02:51:21.192269Z
ChIJsxnqy8x3AjoReqwLRjorKg0,The Flaming Bowl,places,en,138,22.53695365,88.3421348,22.5366952,88.3439854,0,kol,Kolkata,2026-09-01T02:51:21.192279Z
ChIJ0TBi6T93AjoRF06GfedBYI4,VEG RESTAURENT,places,en,138,22.53695365,88.3421348,22.537015,88.3440177,0,kol,Kolkata,2026-09-01T02:51:21.192287Z
ChIJOeMuw9B3AjoRmDCcfB2aEmo,Azad Hind Dhaba,places,en,138,22.53695365,88.3421348,22.536736899999998,88.3441958,0,kol,Kolkata,2026-09-01T02:51:21.192295Z
ChIJ73xlKKl3AjoR2JQbfty9iBM,Annapurna Hotel,places,en,138,22.53695365,88.3421348,22.537091,88.3399894,0,kol,Kolkata,2026-09-01T02:51:21.192303Z
ChIJKYiwdj93AjoRiUZfEHsY2Q4,CHOWRASIA PAAN PALACE,places,en,138,22.53695365,88.3421348,22.5365692,88.344245,0,kol,Kolkata,2026-09-01T02:51:21.192311Z
ChIJVXv1UAB3AjoRNgbqhxsRJJI,Kansari para road,places,en,138,22.53695365,88.3421348,22.535055999999997,88.342843,0,kol,Kolkata,2026-09-01T02:51:21.192318Z
ChIJ3dl5MGx3AjoRdODNzHVPyOY,The Bus Stop Cafe,places,en,138,22.53695365,88.3421348,22.5362184,88.3441637,0,kol,Kolkata,2026-09-01T02:51:21.192325Z
ChIJB7Hk2Bt3AjoRaYAILIDPkYs,Chai Sutta Aur Yaari,places,en,138,22.53695365,88.3421348,22.5361863,88.3441673,0,kol,Kolkata,2026-09-01T02:51:21.192333Z
ChIJK0PPpjJ3AjoRPuD_dk-2RVA,Nasedi Cafe,places,en,138,22.53695365,88.3421348,22.5361863,88.3441673,0,kol,Kolkata,2026-09-01T02:51:21.192340Z
ChIJESk8nNt3AjoRNW6THe-B4nc,Hungry Mama,places,en,138,22.53695365,88.3421348,22.5361863,88.3441673,0,kol,Kolkata,2026-09-01T02:51:21.192348Z
ChIJRTa0kD93AjoRgrhdRnVnUz0,Kol Spl,places,en,138,22.53695365,88.3421348,22.5378358,88.3441059,0,kol,Kolkata,2026-09-01T02:51:21.192356Z
ChIJnV4snjh3AjoRwGwYNEhikF8,Balwant Singh Dhaba,places,en,138,22.53695365,88.3421348,22.5377717,88.3441671,0,kol,Kolkata,2026-09-01T02:51:21.192363Z
ChIJxeXlOG55AjoRmWO9zBUSZfw,Amin Chicken-Khidderpore,places,en,139,22.5444192,88.32336595000001,22.5443473,88.3233356,0,kol,Kolkata,2026-09-01T02:51:21.541790Z
ChIJZfPnBQt5AjoR-IimVEPFz-M,IdlyGo Xpress,places,en,139,22.5444192,88.32336595000001,22.5443255,88.3229572,0,kol,Kolkata,2026-09-01T02:51:21.541819Z
ChIJTUZ0nEJ5AjoRk1NY1DkrBoM,Ammi jaan chicken shop,places,en,139,22.5444192,88.32336595000001,22.544722699999998,88.3230303,0,kol,Kolkata,2026-09-01T02:51:21.541830Z
ChIJq9OfYN95AjoRAAAAsPQ8ojk,Baked & Fried Hub,places,en,139,22.5444192,88.32336595000001,22.5440661,88.32365209999999,0,kol,Kolkata,2026-09-01T02:51:21.541839Z
ChIJJfUD4Qx5AjoRRg7LZP-fsQI,KALIKA MISTANNA BHANDER,places,en,139,22.5444192,88.32336595000001,22.5449113,88.3230894,0,kol,Kolkata,2026-09-01T02:51:21.541846Z
ChIJqXqUMQB3AjoR_YocRSWmMeQ,Darbar Biryani,places,en,139,22.5444192,88.32336595000001,22.543758099999998,88.32400919999999,0,kol,Kolkata,2026-09-01T02:51:21.541853Z
ChIJHxqw5153AjoR44ooLVf4kQM,Al Ahad Food Court,places,en,139,22.5444192,88.32336595000001,22.5437902,88.3242915,0,kol,Kolkata,2026-09-01T02:51:21.541861Z
ChIJ6RM2pWx3AjoRCXDpEi8Hvgo,DILLI6,places,en,139,22.5444192,88.32336595000001,22.5437495,88.32434839999999,0,kol,Kolkata,2026-09-01T02:51:21.541867Z
ChIJlaaIfUh3AjoRrAtMIQalF10,New Delhi Juice And Shakes,places,en,139,22.5444192,88.32336595000001,22.5435522,88.32438420000001,0,kol,Kolkata,2026-09-01T02:51:21.541874Z
ChIJoxH6Avl5AjoRgHa5ASg3UaM,Sudho Chinese Food Hut,places,en,139,22.5444192,88.32336595000001,22.5452576,88.32231499999999,0,kol,Kolkata,2026-09-01T02:51:21.541881Z
ChIJNYLbg413AjoRl7mJ5to2Ys8,The Momo Stop,places,en,139,22.5444192,88.32336595000001,22.5434537,88.324286,0,kol,Kolkata,2026-09-01T02:51:21.541888Z
ChIJSbQbh355AjoRz-5V9t5-iYU,TASLIM Sweets & Snacks,places,en,139,22.5444192,88.32336595000001,22.5454923,88.3223,0,kol,Kolkata,2026-09-01T02:51:21.541895Z
ChIJB8fkz2F3AjoRxtMPv4rjh84,AL MADINA FAST FOOD,places,en,139,22.5444192,88.32336595000001,22.5433471,88.3245625,0,kol,Kolkata,2026-09-01T02:51:21.541901Z
ChIJO343egB3AjoRdNcYjXzfWs0,Jilani Shawarma House,places,en,139,22.5444192,88.32336595000001,22.543238799999997,88.32452959999999,0,kol,Kolkata,2026-09-01T02:51:21.541908Z
ChIJQxcLSwB5AjoRl7ZuYxIZZSc,Mimir Heshele,places,en,139,22.5444192,88.32336595000001,22.543428499999997,88.3219633,0,kol,Kolkata,2026-09-01T02:51:21.541915Z
ChIJs2u6ewB3AjoRKHjq0X6nfA4,King sandwich,places,en,139,22.5444192,88.32336595000001,22.5431352,88.3246291,0,kol,Kolkata,2026-09-01T02:51:21.541921Z
ChIJ7-n4YfZ5AjoRT5G4MmKmzY0,AZAD Restaurant chai wala.,places,en,139,22.5444192,88.32336595000001,22.5458327,88.32188889999999,0,kol,Kolkata,2026-09-01T02:51:21.541928Z
ChIJefJlyWF3AjoRdvhE5qpswW0,ROYAL TANDOOR HUT,places,en,139,22.5444192,88.32336595000001,22.5430726,88.3249409,0,kol,Kolkata,2026-09-01T02:51:21.541934Z
ChIJIyzkmG95AjoRRoEvZTcvb4o,Bakes and Flakes,places,en,139,22.5444192,88.32336595000001,22.542967299999997,88.3217339,0,kol,Kolkata,2026-09-01T02:51:21.541941Z
ChIJ4StOYQB3AjoR09lnlZ-sxQA,INDIA BIRYANI,places,en,139,22.5444192,88.32336595000001,22.542973099999998,88.3250747,0,kol,Kolkata,2026-09-01T02:51:21.541948Z
ChIJ6zq8poJ5AjoRSakvZBNXx2M,The Yumm! Chicken,places,en,140,22.5450454,88.3172734,22.5450673,88.3195549,0,kol,Kolkata,2026-09-01T02:51:21.976870Z
ChIJW2gWrt55AjoRes7xrPQflcI,UMMI CHICKEN,places,en,140,22.5450454,88.3172734,22.545085999999998,88.3196474,0,kol,Kolkata,2026-09-01T02:51:21.976905Z
ChIJay-xPPt5AjoRqoX3_MQcclA,Aahar Multispeciality Restaurant & Caterers,places,en,141,22.5438743,88.31897785000001,22.542498,88.3207137,0,kol,Kolkata,2026-09-01T02:51:22.304918Z
ChIJEaMUmjV5AjoRecINQsSF4Nc,Dharmraj Prasad Shaw,places,en,141,22.5438743,88.31897785000001,22.5433626,88.3213304,0,kol,Kolkata,2026-09-01T02:51:22.304949Z
ChIJ3Uj1mC93AjoRYn7_L6-KEXY,Amit chanachur corner,places,en,142,22.564475,88.34762144999999,22.5662906,88.3490673,0,kol,Kolkata,2026-09-01T02:51:22.661770Z
ChIJE7x7-pF3AjoR-TWpDy-QeK8,The Victoria Tram Car Restaurant,places,en,142,22.564475,88.34762144999999,22.565008799999998,88.35009509999999,0,kol,Kolkata,2026-09-01T02:51:22.661789Z
ChIJP9131Ud3AjoR1KQ-S1VhXfU,Dacres Lane (James Hickey Sarani),places,en,142,22.564475,88.34762144999999,22.5661575,88.3494868,0,kol,Kolkata,2026-09-01T02:51:22.661793Z
ChIJ8-DJGKd3AjoRIzf1UfmCYfE,Chitto Babur Dokan,places,en,142,22.564475,88.34762144999999,22.566391799999998,88.34935,0,kol,Kolkata,2026-09-01T02:51:22.661796Z
ChIJ81pG-FF3AjoRiWipZhPBPjg,Arun da'r Joy Maa Tara hotel,places,en,142,22.564475,88.34762144999999,22.566342,88.3494953,0,kol,Kolkata,2026-09-01T02:51:22.661799Z
ChIJ28Li4aZ3AjoRyKAuSlPoWnA,Metro Roll Centre,places,en,142,22.564475,88.34762144999999,22.566530999999998,88.34949399999999,0,kol,Kolkata,2026-09-01T02:51:22.661802Z
ChIJnaIkaQx5AjoR37wW9VySttA,SONA DAHI VADA,places,en,143,22.53888455,88.32375815,22.5387982,88.3233709,0,kol,Kolkata,2026-09-01T02:51:23.072518Z
ChIJS93zVvZ5AjoR5sbooZ-2Xc4,Aahar catering and restaurant salt lake,places,en,143,22.53888455,88.32375815,22.5390756,88.3230009,0,kol,Kolkata,2026-09-01T02:51:23.072557Z
ChIJI6vYEeB5AjoRGa9RmJ1LxT4,Chiniz Qwizin zaiqa,places,en,143,22.53888455,88.32375815,22.5389779,88.32295309999999,0,kol,Kolkata,2026-09-01T02:51:23.072563Z
ChIJD3-5YuB5AjoRn7yZNmgWo20,Sheesh Mahal Restaurant & Caterer,places,en,143,22.53888455,88.32375815,22.538802,88.3224299,0,kol,Kolkata,2026-09-01T02:51:23.072568Z
ChIJ4ULQiYF3AjoRGEo0TDVMH44,Raju Ji Aloo Chaat wale,places,en,143,22.53888455,88.32375815,22.5401256,88.3238696,0,kol,Kolkata,2026-09-01T02:51:23.072573Z
ChIJRZQeYnF5AjoR3oEk-f-5F2g,Swad Restaurant,places,en,143,22.53888455,88.32375815,22.5376399,88.3235435,0,kol,Kolkata,2026-09-01T02:51:23.072578Z
ChIJwauMr415AjoRg1PHgnlbTHE,Kebab La Jawab,places,en,143,22.53888455,88.32375815,22.5403247,88.32349370000001,0,kol,Kolkata,2026-09-01T02:51:23.072582Z
ChIJmwVOZeB5AjoRMMQKtrPBK5E,KHAO PIYO,places,en,143,22.53888455,88.32375815,22.539243,88.3222368,0,kol,Kolkata,2026-09-01T02:51:23.072586Z
ChIJmwVOZeB5AjoRzs22JgpH6Fk,India Restaurant,places,en,143,22.53888455,88.32375815,22.538730599999997,88.3221757,0,kol,Kolkata,2026-09-01T02:51:23.072590Z
ChIJuS4Gr-F5AjoRHumJq4qWbAk,Zam Zam Restaurant,places,en,143,22.53888455,88.32375815,22.5375314,88.32297799999999,0,kol,Kolkata,2026-09-01T02:51:23.072595Z
ChIJzyfXOAB3AjoRPoGDNWMLrdM,The OBED & WOK,places,en,143,22.53888455,88.32375815,22.540131499999998,88.3248055,0,kol,Kolkata,2026-09-01T02:51:23.072599Z
ChIJuVeG0tF5AjoReYaCZgoK4bo,Atitur Fast Food,places,en,143,22.53888455,88.32375815,22.5389813,88.3220293,0,kol,Kolkata,2026-09-01T02:51:23.072603Z
ChIJI5EF8N95AjoRjcA0wXJHCSQ,Mukherjee Stores,places,en,143,22.53888455,88.32375815,22.540450900000003,88.32332,0,kol,Kolkata,2026-09-01T02:51:23.072607Z
ChIJdfR_yWF5AjoRlg8PcWdWw9Q,BIRYANI ADDAA,places,en,143,22.53888455,88.32375815,22.537388,88.32313219999999,0,kol,Kolkata,2026-09-01T02:51:23.072611Z
ChIJ9aw6Mtl5AjoRWs2T1BQCQ-4,Tara Maa,places,en,143,22.53888455,88.32375815,22.5405955,88.32391109999999,0,kol,Kolkata,2026-09-01T02:51:23.072616Z
ChIJNwcqdWB3AjoR43pyMpBttkM,Aahar,places,en,143,22.53888455,88.32375815,22.5400289,88.32516460000001,0,kol,Kolkata,2026-09-01T02:51:23.072619Z
ChIJpz3Ee-15AjoR6e2urPCnn9I,Hyderabad Tea Stall,places,en,143,22.53888455,88.32375815,22.5387162,88.3218624,0,kol,Kolkata,2026-09-01T02:51:23.072624Z
ChIJY8hjX2B3AjoR6TaK0mP_iec,MOGHAL EMPIRE BIRYANI,places,en,143,22.53888455,88.32375815,22.5387162,88.3218624,0,kol,Kolkata,2026-09-01T02:51:23.072628Z
ChIJ8Se5b-B5AjoR78-wH5H56pc,Buns N Chicken. (Best Burgers In Town),places,en,143,22.53888455,88.32375815,22.5387162,88.3218624,0,kol,Kolkata,2026-09-01T02:51:23.072632Z
ChIJKf-KAAB3AjoRb-o0lh4LdlU,Monginis Cake Shop,places,en,143,22.53888455,88.32375815,22.540625000000002,88.32425099999999,0,kol,Kolkata,2026-09-01T02:51:23.072636Z
ChIJQ4OllM93AjoRutGt-k1mzYY,Mama Chaat,places,en,144,22.53036,88.32473655,22.5301702,88.32417799999999,0,kol,Kolkata,2026-09-01T02:51:23.454159Z
ChIJdYebl0B3AjoRIM_lfFBmjMc,Hungry Mama,places,en,144,22.53036,88.32473655,22.5303737,88.325389,0,kol,Kolkata,2026-09-01T02:51:23.454185Z
ChIJD18qiXZ3AjoRqDlvVwk9bu0,The PidZaro,places,en,144,22.53036,88.32473655,22.5320786,88.3250272,0,kol,Kolkata,2026-09-01T02:51:23.454190Z
ChIJPQDhPOJ5AjoRwed6eTWWhng,TFC Food Funda,places,en,144,22.53036,88.32473655,22.5323092,88.3241405,0,kol,Kolkata,2026-09-01T02:51:23.454193Z
ChIJA_ndNAB5AjoR4oTsXtmAKmc,Bigg Box,places,en,144,22.53036,88.32473655,22.531316999999998,88.326867,0,kol,Kolkata,2026-09-01T02:51:23.454197Z
ChIJvzNIA1l3AjoR4SXw5ZDtDuI,Drop In,places,en,144,22.53036,88.32473655,22.5317382,88.3266818,0,kol,Kolkata,2026-09-01T02:51:23.454200Z
ChIJEYGsgXd3AjoR6AWwbZb6REc,SD Rider,places,en,144,22.53036,88.32473655,22.5292064,88.3269505,0,kol,Kolkata,2026-09-01T02:51:23.454203Z
ChIJQ8QgnY93AjoRmE_KkoFu-pw,RESTAURANT AAHAR EATING HOUSE,places,en,144,22.53036,88.32473655,22.532023,88.3265326,0,kol,Kolkata,2026-09-01T02:51:23.454206Z
ChIJ1dkPg5B5AjoRObLQJWWx1Cc,S SWEET,places,en,144,22.53036,88.32473655,22.5295848,88.32221799999999,0,kol,Kolkata,2026-09-01T02:51:23.454209Z
ChIJmc4DPeJ5AjoRf9MpEIeGlpc,cosmo Hotel,places,en,144,22.53036,88.32473655,22.530455999999997,88.3219977,0,kol,Kolkata,2026-09-01T02:51:23.454212Z
ChIJaecOyaN5AjoRP8AXg9ujjBE,Al Hussain Shop,places,en,144,22.53036,88.32473655,22.532103499999998,88.3227249,0,kol,Kolkata,2026-09-01T02:51:23.454214Z
ChIJRcDCzql5AjoRYQQh-W7a9DE,Crispy Fries,places,en,144,22.53036,88.32473655,22.5296375,88.3220309,0,kol,Kolkata,2026-09-01T02:51:23.454217Z
ChIJU1x5cs55AjoRMUlGGcFp8jw,The C-Food,places,en,144,22.53036,88.32473655,22.527697399999997,88.3251021,0,kol,Kolkata,2026-09-01T02:51:23.454220Z
ChIJ54JjjiN5AjoRooTIlvME7r8,Al Biryani Darbar,places,en,144,22.53036,88.32473655,22.529450699999998,88.3219974,0,kol,Kolkata,2026-09-01T02:51:23.454223Z
ChIJuZz1-At3AjoRumKfLssViaw,SK FOODIEZ,places,en,144,22.53036,88.32473655,22.529450699999998,88.3219974,0,kol,Kolkata,2026-09-01T02:51:23.454226Z
ChIJo7PAtrlwAjoRSmq_MLcgt6A,Brindaban Hotel,places,en,145,22.501327099999997,88.3402917,22.5015797,88.3404134,0,kol,Kolkata,2026-09-01T02:51:23.807677Z
ChIJSziA7glxAjoR9DWcZuEZQz0,Hindustan iron steel,places,en,145,22.501327099999997,88.3402917,22.500540599999997,88.3402442,0,kol,Kolkata,2026-09-01T02:51:23.807712Z
ChIJiyVR8yRxAjoRFaeTcKy5iv0,Annapurna hotel,places,en,145,22.501327099999997,88.3402917,22.502292,88.3404046,0,kol,Kolkata,2026-09-01T02:51:23.807722Z
ChIJe40YVA9xAjoRKMnJJYmsLIg,Tulsi Fast food center,places,en,145,22.501327099999997,88.3402917,22.5002618,88.34026779999999,0,kol,Kolkata,2026-09-01T02:51:23.807730Z
ChIJyTCFD71xAjoRET1MkKoNTbw,R - Litti,places,en,145,22.501327099999997,88.3402917,22.502666899999998,88.3404418,0,kol,Kolkata,2026-09-01T02:51:23.807738Z
ChIJR-bE0blwAjoRMBC7iqrXVCo,Royal Biryani,places,en,145,22.501327099999997,88.3402917,22.5032262,88.3403452,0,kol,Kolkata,2026-09-01T02:51:23.807745Z
ChIJl_NJHGFxAjoR6hVGCdrwluw,Gossip,places,en,145,22.501327099999997,88.3402917,22.50326,88.340028,0,kol,Kolkata,2026-09-01T02:51:23.807752Z
ChIJrepg3blwAjoR_44bwzEl3fQ,Taste of India,places,en,145,22.501327099999997,88.3402917,22.503408900000004,88.3401488,0,kol,Kolkata,2026-09-01T02:51:23.807759Z
ChIJFY59OblwAjoR0i4rSxK-5DE,Gupta Chanachur,places,en,145,22.501327099999997,88.3402917,22.499153699999997,88.3400549,0,kol,Kolkata,2026-09-01T02:51:23.807766Z
ChIJ-7A3G0JxAjoRkLy4kcDOLFA,FOODOLOGY,places,en,145,22.501327099999997,88.3402917,22.5027896,88.33831289999999,0,kol,Kolkata,2026-09-01T02:51:23.807773Z
ChIJ2aUVdABxAjoRwHDF43NEQIc,A One Haji Biryani @2,places,en,145,22.501327099999997,88.3402917,22.4989243,88.3400321,0,kol,Kolkata,2026-09-01T02:51:23.807780Z
ChIJ-yRs0BFxAjoR6u4lYd-zr3s,The Garage Kitchen,places,en,145,22.501327099999997,88.3402917,22.503408600000004,88.3388159,0,kol,Kolkata,2026-09-01T02:51:23.807786Z
ChIJm32opHNxAjoRpkmhOfSWLxw,New Laxmi Hotel,places,en,145,22.501327099999997,88.3402917,22.503305899999997,88.33839259999999,0,kol,Kolkata,2026-09-01T02:51:23.807793Z
ChIJYbm8W-15AjoR8h9UdM3DHgk,Bablu Fuchka & Chaat Stall,places,en,146,22.5376575,88.31897384999999,22.5379629,88.3184575,0,kol,Kolkata,2026-09-01T02:51:24.152362Z
ChIJW5lll915AjoRaR0YF7l1lVM,SADRE HOTEL,places,en,146,22.5376575,88.31897384999999,22.5383987,88.3187961,0,kol,Kolkata,2026-09-01T02:51:24.152408Z
ChIJYVMxBtd5AjoR9bs36D-ZK8s,SRI MARI AMMAN SOUTH INDIAN TIFFIN STALL,places,en,146,22.5376575,88.31897384999999,22.5372593,88.31816099999999,0,kol,Kolkata,2026-09-01T02:51:24.152416Z
ChIJcfbnG9N5AjoRe4Igeq188TA,Paul's Food,places,en,146,22.5376575,88.31897384999999,22.5382759,88.31835009999999,0,kol,Kolkata,2026-09-01T02:51:24.152423Z
ChIJK1zz6Y95AjoRw_iczoG_20w,Ayush Golu Ice-cream Shop,places,en,146,22.5376575,88.31897384999999,22.538276099999997,88.3183485,0,kol,Kolkata,2026-09-01T02:51:24.152429Z
ChIJKw-bMXp5AjoRTjTUYB2DI-I,Ashish,places,en,146,22.5376575,88.31897384999999,22.5385709,88.31881410000001,0,kol,Kolkata,2026-09-01T02:51:24.152436Z
ChIJaQXRteB5AjoRvvNJx5Y0zac,Hindustan Restaurant,places,en,146,22.5376575,88.31897384999999,22.5385822,88.3186733,0,kol,Kolkata,2026-09-01T02:51:24.152441Z
ChIJsW5zcwB5AjoR4Hr3F_plHrQ,King sandwich,places,en,146,22.5376575,88.31897384999999,22.538726999999998,88.3185652,0,kol,Kolkata,2026-09-01T02:51:24.152447Z
ChIJRex0aTV5AjoRL0ozCx8iZTw,Jairam Phucka (Ram chacha ),places,en,146,22.5376575,88.31897384999999,22.536514399999998,88.31939299999999,0,kol,Kolkata,2026-09-01T02:51:24.152452Z
ChIJrafhBB95AjoRcEmnsq4CQdc,Mama S Kechen,places,en,146,22.5376575,88.31897384999999,22.538727599999998,88.31816409999999,0,kol,Kolkata,2026-09-01T02:51:24.152457Z
ChIJtTs6_Bd5AjoR3Mz6Q4XOKbE,KHIDDERPORE FRIED CHICKEN,places,en,146,22.5376575,88.31897384999999,22.538439399999998,88.3175413,0,kol,Kolkata,2026-09-01T02:51:24.152463Z
ChIJF5COHWR5AjoRDJtZYN3e-qk,SHAHNAWAZ FAST FOOD CENTRE,places,en,146,22.5376575,88.31897384999999,22.538681699999998,88.32048669999999,0,kol,Kolkata,2026-09-01T02:51:24.152468Z
ChIJb0y4CwB5AjoRvlDOSbp_iac,Sharma Tea khidirpur,places,en,146,22.5376575,88.31897384999999,22.538456,88.317235,0,kol,Kolkata,2026-09-01T02:51:24.152473Z
ChIJvb2OR5Z5AjoRX3EG5GwrqhY,Taj hotel,places,en,146,22.5376575,88.31897384999999,22.5370672,88.3210564,0,kol,Kolkata,2026-09-01T02:51:24.152479Z
ChIJzy40FAB5AjoRsinSADUde-Y,Radhesh,places,en,146,22.5376575,88.31897384999999,22.5387441,88.32080970000001,0,kol,Kolkata,2026-09-01T02:51:24.152484Z
ChIJ62LjOzp5AjoREoM-OiWqjX8,Chennai Kitchen,places,en,146,22.5376575,88.31897384999999,22.5354813,88.31924,0,kol,Kolkata,2026-09-01T02:51:24.152489Z
ChIJk2cF2lV5AjoRy_Co6Zjd6aY,Dolui Food Shop,places,en,146,22.5376575,88.31897384999999,22.5382139,88.3213304,0,kol,Kolkata,2026-09-01T02:51:24.152494Z
ChIJ6ypd0qV5AjoR_01g6GdgGew,Pratham Chat Corner,places,en,146,22.5376575,88.31897384999999,22.5353921,88.31925749999999,0,kol,Kolkata,2026-09-01T02:51:24.152499Z
ChIJb15Uuhp5AjoRA_uDNLYr5mY,Gupta Milk,places,en,146,22.5376575,88.31897384999999,22.5352131,88.319065,0,kol,Kolkata,2026-09-01T02:51:24.152505Z
ChIJNf6PiOB5AjoRoi7t3L8ZhBw,HAMDARD DABUR,places,en,146,22.5376575,88.31897384999999,22.538767999999997,88.32131989999999,0,kol,Kolkata,2026-09-01T02:51:24.152510Z
ChIJKW_DKMd5AjoRLDKUBzjUYls,Dinesh Kumar Choubey Store,places,en,147,22.536770500000003,88.31757225,22.5346805,88.31628080000002,0,kol,Kolkata,2026-09-01T02:51:24.570589Z
ChIJlTvvN8R5AjoR7uNry2NnEj0,Shanti Snacks,places,en,147,22.536770500000003,88.31757225,22.535071799999997,88.31969529999999,0,kol,Kolkata,2026-09-01T02:51:24.570606Z
ChIJe6SXX_l5AjoRl-8Zp27ecCo,Famous Biryani,places,en,148,22.53074475,88.32023699999999,22.5302527,88.3184893,0,kol,Kolkata,2026-09-01T02:51:24.920120Z
ChIJRUa2rl95AjoROxVMPthFZ5s,HASIBA FAST FOOD ADDA,places,en,148,22.53074475,88.32023699999999,22.530231399999998,88.31848269999999,0,kol,Kolkata,2026-09-01T02:51:24.920180Z
ChIJvx84Hn55AjoRHnEZemke06s,FATIK DAS FOOD CENTRE,places,en,148,22.53074475,88.32023699999999,22.5292964,88.32141730000001,0,kol,Kolkata,2026-09-01T02:51:24.920190Z
ChIJpbgZGQB5AjoRwu5S3FGqjhI,CHAND PHUCHKA STALL,places,en,148,22.53074475,88.32023699999999,22.5325264,88.3207832,0,kol,Kolkata,2026-09-01T02:51:24.920198Z
ChIJkRXCrcV5AjoR-heSavf0WnQ,Shahnaz kitchen,places,en,148,22.53074475,88.32023699999999,22.5317747,88.3220194,0,kol,Kolkata,2026-09-01T02:51:24.920206Z
ChIJb3kZgCF5AjoRanyGOmTPqC4,Indiyaan Zaikaa,places,en,148,22.53074475,88.32023699999999,22.5319368,88.3222902,0,kol,Kolkata,2026-09-01T02:51:24.920217Z
ChIJ2_EfoyJ5AjoRcjZrYNxxzQo,Bakshi Sweets,places,en,148,22.53074475,88.32023699999999,22.532027499999998,88.3223021,0,kol,Kolkata,2026-09-01T02:51:24.920225Z
ChIJtf76egB5AjoR_Dr1a2PYbn0,Singh Jee Dhaba,places,en,148,22.53074475,88.32023699999999,22.532086,88.3222796,0,kol,Kolkata,2026-09-01T02:51:24.920232Z
ChIJN8VvyCJ5AjoReok19nwryhQ,Apna Darbar,places,en,148,22.53074475,88.32023699999999,22.5321902,88.3222322,0,kol,Kolkata,2026-09-01T02:51:24.920239Z
ChIJ699MR-J5AjoRmV3Gfl_KnAk,MOMIN SWEETS,places,en,148,22.53074475,88.32023699999999,22.532210199999998,88.3223291,0,kol,Kolkata,2026-09-01T02:51:24.920246Z
ChIJ3-c-8Np5AjoRefNYAM6UAhU,Zinat Restaurant,places,en,148,22.53074475,88.32023699999999,22.532923699999998,88.3186472,0,kol,Kolkata,2026-09-01T02:51:24.920253Z
ChIJlYkI4GJ5AjoR7GXkbrbN6eU,Amaar kolkata,places,en,148,22.53074475,88.32023699999999,22.533365,88.3204607,0,kol,Kolkata,2026-09-01T02:51:24.920260Z
ChIJu9OfBeR5AjoRAd_5RWLvAJA,Avishek Fast Food Centre,places,en,148,22.53074475,88.32023699999999,22.5327861,88.3183969,0,kol,Kolkata,2026-09-01T02:51:24.920266Z
ChIJVZBfSQB3AjoRkI5PUW3APuA,PUNJABI DHABA,places,en,149,22.534527699999998,88.3428887,22.5340709,88.3434958,0,kol,Kolkata,2026-09-01T02:51:25.270821Z
ChIJ5Uld5Kt3AjoRa0rsjTyMlUI,HFC Bhawanipore,places,en,149,22.534527699999998,88.3428887,22.5340709,88.3434958,0,kol,Kolkata,2026-09-01T02:51:25.270850Z
ChIJuaGnxYd3AjoRzAzSZdkbkGA,Aasa Biryani Centre,places,en,149,22.534527699999998,88.3428887,22.5337308,88.3435609,0,kol,Kolkata,2026-09-01T02:51:25.270862Z
ChIJ-zsAyt93AjoR7ArBWqDd41I,Success Storii,places,en,149,22.534527699999998,88.3428887,22.5351607,88.3437601,0,kol,Kolkata,2026-09-01T02:51:25.270870Z
ChIJY87et8h3AjoRd3mj34xDv8s,Tomake Chai Bhowanipore,places,en,149,22.534527699999998,88.3428887,22.5340497,88.3438651,0,kol,Kolkata,2026-09-01T02:51:25.270878Z
ChIJM3kmhaZ3AjoRhDWy6sF9rP4,THE GRILL DYNASTY,places,en,149,22.534527699999998,88.3428887,22.5340497,88.3438651,0,kol,Kolkata,2026-09-01T02:51:25.270885Z
ChIJSWPiVth3AjoRRUVtfoVAAmE,Golden Dhaba,places,en,149,22.534527699999998,88.3428887,22.5340497,88.3438651,0,kol,Kolkata,2026-09-01T02:51:25.270892Z
ChIJRXe5OAB3AjoRoFO9z39Egds,ZAM.ZAM🍲BIRYANI 👌,places,en,149,22.534527699999998,88.3428887,22.533891399999998,88.343829,0,kol,Kolkata,2026-09-01T02:51:25.270906Z
ChIJvWvzUid3AjoRlt7of_2IW6Y,Yummies,places,en,149,22.534527699999998,88.3428887,22.5339738,88.34396919999999,0,kol,Kolkata,2026-09-01T02:51:25.270914Z
ChIJCZJMsjh3AjoRFFfcy8YeIE0,Faltu Momo's Point,places,en,149,22.534527699999998,88.3428887,22.5336242,88.3437423,0,kol,Kolkata,2026-09-01T02:51:25.270920Z
ChIJfblsWe93AjoRTCZ-ePMk4sA,Prochesta,places,en,149,22.534527699999998,88.3428887,22.5334505,88.3438218,0,kol,Kolkata,2026-09-01T02:51:25.270927Z
ChIJm6oF0B93AjoRpFfCOAT0rWs,MITRA'S KITCHEN home delivery,places,en,149,22.534527699999998,88.3428887,22.5348857,88.341398,0,kol,Kolkata,2026-09-01T02:51:25.270935Z
ChIJFVPfx953AjoRF-_aIcZMEvo,At Litti King - Bhawanipore,places,en,149,22.534527699999998,88.3428887,22.535560999999998,88.344082,0,kol,Kolkata,2026-09-01T02:51:25.270942Z
ChIJ024VvoVzAjoR10M-EiipebU,Snacks Mania,places,en,149,22.534527699999998,88.3428887,22.5337565,88.3444446,0,kol,Kolkata,2026-09-01T02:51:25.270953Z
ChIJxZ9t6l93AjoRxLQ18VFLoiU,Desi Litti King,places,en,149,22.534527699999998,88.3428887,22.5358496,88.344216,0,kol,Kolkata,2026-09-01T02:51:25.270960Z
ChIJtyIjYQB3AjoRq65tui5sG80,Madhu dar dokan,places,en,150,22.5322038,88.340891,22.5319286,88.3420161,0,kol,Kolkata,2026-09-01T02:51:25.669070Z
ChIJ92Wp00Z3AjoRXax49dHm2zU,SAI Bhojonalaya,places,en,150,22.5322038,88.340891,22.533678899999998,88.340659,0,kol,Kolkata,2026-09-01T02:51:25.669111Z
ChIJp-zPQx53AjoR3FB7rdRvAw4,Repeat Shepeat,places,en,150,22.5322038,88.340891,22.5339057,88.34076309999999,0,kol,Kolkata,2026-09-01T02:51:25.669119Z
ChIJvzODnTh3AjoRtMI4iaMgJwc,Side Wok,places,en,150,22.5322038,88.340891,22.531886699999998,88.3433592,0,kol,Kolkata,2026-09-01T02:51:25.669126Z
ChIJ61FVQUt3AjoRrC9e0NK_9Mo,SOUTH INDIAN FOOD (SHAKTI IDLY),places,en,150,22.5322038,88.340891,22.531505000000003,88.34331680000001,0,kol,Kolkata,2026-09-01T02:51:25.669132Z
ChIJ5xtshMR3AjoRJTfKicV138I,MANWA,places,en,150,22.5322038,88.340891,22.5312333,88.34327259999999,0,kol,Kolkata,2026-09-01T02:51:25.669137Z
ChIJVRhiiph3AjoRm1phKAvfqLs,Kochuri Shop,places,en,150,22.5322038,88.340891,22.5324626,88.34357800000001,0,kol,Kolkata,2026-09-01T02:51:25.669143Z
ChIJ1z3kvNF3AjoR4PTdaMNQI0Q,Zhēn Wok,places,en,150,22.5322038,88.340891,22.5322639,88.34359810000001,0,kol,Kolkata,2026-09-01T02:51:25.669148Z
ChIJLWu0M6d3AjoRXgIfVFM6IJM,Jeet’s corner,places,en,150,22.5322038,88.340891,22.532387699999997,88.3436564,0,kol,Kolkata,2026-09-01T02:51:25.669154Z
ChIJcycJUT93AjoRWEgS6gbbjTA,LIBAS ROLL CENTER,places,en,150,22.5322038,88.340891,22.532395899999997,88.3436705,0,kol,Kolkata,2026-09-01T02:51:25.669159Z
ChIJXUQPMTF3AjoR2kh1rz_kCSU,Celestial Plates,places,en,151,22.526876950000002,88.3502839,22.5276185,88.35041269999999,0,kol,Kolkata,2026-09-01T02:51:26.073467Z
ChIJXRfogTB3AjoR5NerLNaYucg,Shawarma Nation,places,en,151,22.526876950000002,88.3502839,22.5279718,88.3504167,0,kol,Kolkata,2026-09-01T02:51:26.073516Z
ChIJcRpgCQB3AjoReJNRXI4rZXQ,Panj-Aab Dhaba,places,en,151,22.526876950000002,88.3502839,22.5276338,88.34912240000001,0,kol,Kolkata,2026-09-01T02:51:26.073526Z
ChIJsQRLvC53AjoRzOyYG0Fq_IY,Hakim Milk and Snacks Centre,places,en,151,22.526876950000002,88.3502839,22.527766,88.349158,0,kol,Kolkata,2026-09-01T02:51:26.073535Z
ChIJ8XjURIZ3AjoRxt1-u-FxBFw,JM Jhaalmuri,places,en,151,22.526876950000002,88.3502839,22.5275084,88.348888,0,kol,Kolkata,2026-09-01T02:51:26.073543Z
ChIJS3K8BJx3AjoRUg9r5aoFIfo,Jagdish Hotel,places,en,151,22.526876950000002,88.3502839,22.5286911,88.35047449999999,0,kol,Kolkata,2026-09-01T02:51:26.073552Z
ChIJF3QsOAB3AjoRXEtxnyJWBL4,Food Shood – Cloud Kitchen Kolkata | Veg & Non-Veg | Party & Family Orders,places,en,151,22.526876950000002,88.3502839,22.528739299999998,88.3504997,0,kol,Kolkata,2026-09-01T02:51:26.073560Z
ChIJ6wFSTjt3AjoRJmQGDWdX_Ns,Golden Krrust,places,en,151,22.526876950000002,88.3502839,22.5284607,88.3488927,0,kol,Kolkata,2026-09-01T02:51:26.073568Z
ChIJ8es2KwB3AjoRq17bE-1vdGU,KAR KITCHEN,places,en,151,22.526876950000002,88.3502839,22.5275981,88.3525473,0,kol,Kolkata,2026-09-01T02:51:26.073575Z
ChIJ_crN2rF3AjoRCP7MYF9wxMw,Monginis Cake Shop,places,en,151,22.526876950000002,88.3502839,22.527583,88.352609,0,kol,Kolkata,2026-09-01T02:51:26.073583Z
ChIJJZI_WgB3AjoRi9Oj6VKJfXk,Banarsi pan stall Manoj chaurasiya,places,en,151,22.526876950000002,88.3502839,22.525627,88.352397,0,kol,Kolkata,2026-09-01T02:51:26.073590Z
ChIJr18kysZ3AjoR223beiwvFcI,Haze Lansdowne,places,en,151,22.526876950000002,88.3502839,22.5256264,88.3523967,0,kol,Kolkata,2026-09-01T02:51:26.073598Z
ChIJrT6oMyt3AjoRvoDTYKBJgKM,Urban Tadka & Co.,places,en,151,22.526876950000002,88.3502839,22.5256588,88.3524206,0,kol,Kolkata,2026-09-01T02:51:26.073605Z
ChIJIWp3EDp3AjoRQr2yLy7vF20,Kake De Paranthe,places,en,151,22.526876950000002,88.3502839,22.5290216,88.34926209999999,0,kol,Kolkata,2026-09-01T02:51:26.073613Z
ChIJ0X4k8Fx3AjoRcbhKyiR8rlg,Aroma Restaurant (Berries Group),places,en,151,22.526876950000002,88.3502839,22.5243652,88.3503697,0,kol,Kolkata,2026-09-01T02:51:26.073621Z
ChIJKeaTpTp3AjoRZnrGE5t54u4,Bengali Hotel,places,en,151,22.526876950000002,88.3502839,22.52853,88.35240019999999,0,kol,Kolkata,2026-09-01T02:51:26.073629Z
ChIJK-MuqTp3AjoR1PJKhxgbUI0,Vivekananda Cabin,places,en,151,22.526876950000002,88.3502839,22.528377499999998,88.3525981,0,kol,Kolkata,2026-09-01T02:51:26.073635Z
ChIJk9R90dh3AjoR4XKMU-9sGhE,South Indian Food,places,en,151,22.526876950000002,88.3502839,22.5283926,88.35267680000001,0,kol,Kolkata,2026-09-01T02:51:26.073642Z
ChIJLa0bMzl3AjoRwt2KcvCPzD0,Bijoli Grill - Bhowanipore,places,en,152,22.526049999999998,88.34580595,22.5267996,88.3458119,0,kol,Kolkata,2026-09-01T02:51:26.419048Z
ChIJ-_dTfoR3AjoRfbmkDSFBFUc,"Om Sai Sandwich, J. D. Park, Kolkata",places,en,152,22.526049999999998,88.34580595,22.525278399999998,88.34601819999999,0,kol,Kolkata,2026-09-01T02:51:26.419087Z
ChIJRV3XsTd3AjoRbyP_S3fdIbE,Stacked Burgers,places,en,152,22.526049999999998,88.34580595,22.5255051,88.34516909999999,0,kol,Kolkata,2026-09-01T02:51:26.419097Z
ChIJnSnM2jd3AjoRHFfdl5hGyI0,Wow! Bangla,places,en,152,22.526049999999998,88.34580595,22.5257668,88.3446644,0,kol,Kolkata,2026-09-01T02:51:26.419103Z
ChIJmb52eKR3AjoRTyPcq0lLoYM,Krishna’s Mishti Cafe,places,en,152,22.526049999999998,88.34580595,22.527066899999998,88.3463304,0,kol,Kolkata,2026-09-01T02:51:26.419108Z
ChIJDzgSD393AjoRuW7PfwrkA9U,Denzong Kitchen,places,en,152,22.526049999999998,88.34580595,22.527072699999998,88.3463467,0,kol,Kolkata,2026-09-01T02:51:26.419113Z
ChIJfeKgue53AjoRZZe3Tl_qLe4,Shambhu's Kitchen,places,en,152,22.526049999999998,88.34580595,22.5271966,88.3462262,0,kol,Kolkata,2026-09-01T02:51:26.419119Z
ChIJyQvTSHt3AjoR5U-RFkrRbfI,Fryman,places,en,152,22.526049999999998,88.34580595,22.5272091,88.3462708,0,kol,Kolkata,2026-09-01T02:51:26.419124Z
ChIJBdv3bL13AjoRlvbHU5EoOdo,SUBHASH HOTEL,places,en,152,22.526049999999998,88.34580595,22.525402099999997,88.3444718,0,kol,Kolkata,2026-09-01T02:51:26.419129Z
ChIJdQbFYgJ3AjoRJN8HzNAjujw,LALI FAST FOOD CENTER,places,en,152,22.526049999999998,88.34580595,22.524742399999997,88.346363,0,kol,Kolkata,2026-09-01T02:51:26.419134Z
ChIJbZWbkrh3AjoRZTIvlTiECAk,Taste Factory,places,en,152,22.526049999999998,88.34580595,22.527469,88.34561149999999,0,kol,Kolkata,2026-09-01T02:51:26.419139Z
ChIJl7KGjKN3AjoRMk6tI2rSG-I,Curry Leaves,places,en,152,22.526049999999998,88.34580595,22.527469,88.34561149999999,0,kol,Kolkata,2026-09-01T02:51:26.419144Z
ChIJMW2CVqR3AjoRR8TtccglUz8,Gupta chat corner,places,en,152,22.526049999999998,88.34580595,22.5245471,88.3463175,0,kol,Kolkata,2026-09-01T02:51:26.419149Z
ChIJPTia7jZ3AjoRsH_BsD3GWtc,Cafe,places,en,152,22.526049999999998,88.34580595,22.5246249,88.346879,0,kol,Kolkata,2026-09-01T02:51:26.419155Z
ChIJ98VqWQt3AjoRd6353j6ojrY,Momo Centre,places,en,152,22.526049999999998,88.34580595,22.5243432,88.3463416,0,kol,Kolkata,2026-09-01T02:51:26.419161Z
ChIJb0Upp0N3AjoRxzAFSk5lLb4,CHINESE HUB,places,en,152,22.526049999999998,88.34580595,22.52441,88.3465633,0,kol,Kolkata,2026-09-01T02:51:26.419166Z
ChIJmaE9yP13AjoRqndLtJlCo4o,Ma Bhawani Snacks,places,en,152,22.526049999999998,88.34580595,22.5277517,88.3452624,0,kol,Kolkata,2026-09-01T02:51:26.419171Z
ChIJ-e2ikbp3AjoRC9ZOCwKgghA,Naga-Ki | Best Naga Restaurant In Bhowanipore | Best Cafe In Bhowanipore |,places,en,152,22.526049999999998,88.34580595,22.5245268,88.3447286,0,kol,Kolkata,2026-09-01T02:51:26.419177Z
ChIJ7d-t0Xh3AjoRgDVHKLx2K-8,ooo,places,en,152,22.526049999999998,88.34580595,22.524476399999998,88.3447381,0,kol,Kolkata,2026-09-01T02:51:26.419182Z
ChIJJz1gTGR3AjoRAQ1l0PhWXSM,Dishoom Dosa cafe,places,en,152,22.526049999999998,88.34580595,22.5278258,88.34513729999999,0,kol,Kolkata,2026-09-01T02:51:26.419187Z
ChIJ06vrItt3AjoRK3gLjbNw14c,Food Peddler Sandwiches,places,en,153,22.52250325,88.35103845,22.5224545,88.3491233,0,kol,Kolkata,2026-09-01T02:51:26.763747Z
ChIJL_Zb_TN3AjoRFkvrqX8FCH4,Raj Restaurant,places,en,153,22.52250325,88.35103845,22.5220946,88.3487406,0,kol,Kolkata,2026-09-01T02:51:26.763794Z
ChIJscba_TN3AjoRXpEesYFcf34,Sumit's Kitchen,places,en,153,22.52250325,88.35103845,22.521967399999998,88.3485997,0,kol,Kolkata,2026-09-01T02:51:26.763806Z
ChIJfbvUAKN3AjoRANxX2dwiqyk,The Bread Ninja,places,en,153,22.52250325,88.35103845,22.5212027,88.3487897,0,kol,Kolkata,2026-09-01T02:51:26.763816Z
ChIJ7SknnjB3AjoRCPvGJkLKm84,Gopala's,places,en,153,22.52250325,88.35103845,22.5243519,88.3490676,0,kol,Kolkata,2026-09-01T02:51:26.763827Z
ChIJ44kr9D13AjoRrlwHg2jttKw,Food Island Kalighat,places,en,154,22.5190215,88.3481427,22.5194315,88.3477947,0,kol,Kolkata,2026-09-01T02:51:27.196019Z
ChIJA4niQbt3AjoR_tx9orZy8YY,"Tiffin, Kalighat",places,en,154,22.5190215,88.3481427,22.5186095,88.3473351,0,kol,Kolkata,2026-09-01T02:51:27.196062Z
ChIJgyvL-3t3AjoR59Ir2KrHcws,TUSHAR SNACKS,places,en,154,22.5190215,88.3481427,22.5200389,88.34802909999999,0,kol,Kolkata,2026-09-01T02:51:27.196074Z
ChIJsZVHzLZ3AjoRIIF9u_mlPM4,Singhabahini Mistanna Bhandar,places,en,154,22.5190215,88.3481427,22.5203463,88.3478715,0,kol,Kolkata,2026-09-01T02:51:27.196082Z
ChIJa2gbaQB3AjoReBRt2xqSZu8,Halka fulka fast food,places,en,154,22.5190215,88.3481427,22.5203745,88.34779750000001,0,kol,Kolkata,2026-09-01T02:51:27.196089Z
ChIJXdTsWTR3AjoR1lxizHI3q2w,Master Da Hindu Hotel,places,en,154,22.5190215,88.3481427,22.519358699999998,88.3464728,0,kol,Kolkata,2026-09-01T02:51:27.196096Z
ChIJ6-Q0KAB3AjoR1cxQIfFuvaM,Sanjay Dal Puri,places,en,154,22.5190215,88.3481427,22.5205791,88.3474988,0,kol,Kolkata,2026-09-01T02:51:27.196104Z
ChIJ7z1QCOV3AjoRogO_MDLKSOc,Lombard Snacks Corner,places,en,154,22.5190215,88.3481427,22.5175447,88.34713889999999,0,kol,Kolkata,2026-09-01T02:51:27.196111Z
ChIJuyriq1p3AjoR_Wx5Z9CX3ds,Fu Chee Kolkata,places,en,154,22.5190215,88.3481427,22.5175447,88.34713889999999,0,kol,Kolkata,2026-09-01T02:51:27.196118Z
ChIJMecIV853AjoRWW8dQjGTZSM,Gossip,places,en,154,22.5190215,88.3481427,22.519486999999998,88.35010199999999,0,kol,Kolkata,2026-09-01T02:51:27.196124Z
ChIJgW1Gm9t3AjoRBs9LddeKaZk,Amir Chand Pan Shop,places,en,154,22.5190215,88.3481427,22.5194795,88.3501161,0,kol,Kolkata,2026-09-01T02:51:27.196131Z
ChIJ3_Tlw9twAjoRK4o63t0mFfE,Khanti Bangali Restaurant,places,en,154,22.5190215,88.3481427,22.517638299999998,88.3495215,0,kol,Kolkata,2026-09-01T02:51:27.196138Z
ChIJfTVVBgB3AjoRDnYrmoe43To,Banarasi (Benarasi) Paan Shop,places,en,154,22.5190215,88.3481427,22.5186234,88.35021619999999,0,kol,Kolkata,2026-09-01T02:51:27.196148Z
ChIJp1MdQzN3AjoRIIFma_i1SQk,Prema Vilas,places,en,154,22.5190215,88.3481427,22.5171919,88.3489525,0,kol,Kolkata,2026-09-01T02:51:27.196155Z
ChIJM2gFcmF3AjoRAJH2X2S6Jw8,Chaudhury & Company,places,en,154,22.5190215,88.3481427,22.5188168,88.35031049999999,0,kol,Kolkata,2026-09-01T02:51:27.196163Z
ChIJadnWBTN3AjoREOKIw0Fn_x0,Oudh 1590 (Deshapriya Park),places,en,154,22.5190215,88.3481427,22.5185978,88.35027389999999,0,kol,Kolkata,2026-09-01T02:51:27.196170Z
ChIJl5tHbZ53AjoRmlsPbOgp0KE,Maa Tara Momo Centre,places,en,154,22.5190215,88.3481427,22.5169698,88.3486515,0,kol,Kolkata,2026-09-01T02:51:27.196178Z
ChIJ92YQYkd3AjoREDAqy3SnvDs,Dasharath's dalpuri stall,places,en,155,22.5234953,88.3447443,22.5236733,88.3447875,0,kol,Kolkata,2026-09-01T02:51:27.538280Z
ChIJv2i_pqx3AjoRfs2KGSyMAho,Nawab Palace,places,en,155,22.5234953,88.3447443,22.523404300000003,88.3450378,0,kol,Kolkata,2026-09-01T02:51:27.538318Z
ChIJv3-6WsFxAjoRH3o2oa9IMWc,Nirvana Bistro,places,en,155,22.5234953,88.3447443,22.5237952,88.3447947,0,kol,Kolkata,2026-09-01T02:51:27.538326Z
ChIJ11VxfwB3AjoRFpr3wa8qP70,THE GARDEN OF EAT'N,places,en,155,22.5234953,88.3447443,22.5237735,88.34493119999999,0,kol,Kolkata,2026-09-01T02:51:27.538333Z
ChIJ1bsu0ZV3AjoR-0CE61LTs-M,Das Snacks,places,en,155,22.5234953,88.3447443,22.523708799999998,88.3451456,0,kol,Kolkata,2026-09-01T02:51:27.538341Z
ChIJBf-fXTZ3AjoR3tMQimwFwoQ,Sethi Hotel,places,en,155,22.5234953,88.3447443,22.523494499999998,88.34529239999999,0,kol,Kolkata,2026-09-01T02:51:27.538346Z
ChIJS6r4XAZ3AjoRt_LUXHHDreo,Parag Doodhwala,places,en,155,22.5234953,88.3447443,22.5237208,88.34525579999999,0,kol,Kolkata,2026-09-01T02:51:27.538351Z
ChIJBe2FGhZ3AjoRTRl83nNhwGQ,King,places,en,155,22.5234953,88.3447443,22.5237449,88.34525459999999,0,kol,Kolkata,2026-09-01T02:51:27.538357Z
ChIJhxJEXDZ3AjoRhvwX9eO6j4w,Tandoori Darbar,places,en,155,22.5234953,88.3447443,22.523746199999998,88.3452689,0,kol,Kolkata,2026-09-01T02:51:27.538362Z
ChIJEcQpawB3AjoRB97iEzYmTLA,BHOJON ROSIK,places,en,155,22.5234953,88.3447443,22.523426,88.34411039999999,0,kol,Kolkata,2026-09-01T02:51:27.538368Z
ChIJbdkQHzR3AjoRnff1LkVdd0A,Old Novelty,places,en,155,22.5234953,88.3447443,22.5234555,88.3454512,0,kol,Kolkata,2026-09-01T02:51:27.538373Z
ChIJm_RqXjZ3AjoRYLay5zwsozY,J. P. Fast Food,places,en,155,22.5234953,88.3447443,22.5237551,88.34541569999999,0,kol,Kolkata,2026-09-01T02:51:27.538379Z
ChIJa5r-dwB3AjoRQqKDfsKwvfM,Punjab Di Thali,places,en,155,22.5234953,88.3447443,22.5237114,88.3454812,0,kol,Kolkata,2026-09-01T02:51:27.538385Z
ChIJQXd9MQB3AjoR0cUbPKffZzk,"2,sadananda Road,kol.26",places,en,155,22.5234953,88.3447443,22.5234389,88.34557339999999,0,kol,Kolkata,2026-09-01T02:51:27.538391Z
ChIJEY1EF_t3AjoRc3jrDDm3PaM,WOKIFY SNACKS,places,en,155,22.5234953,88.3447443,22.523749199999997,88.34558489999999,0,kol,Kolkata,2026-09-01T02:51:27.538396Z
ChIJVb50UQB3AjoRaalvbf_q9Lw,Jhumpai Snacks,places,en,155,22.5234953,88.3447443,22.5233728,88.3437541,0,kol,Kolkata,2026-09-01T02:51:27.538402Z
ChIJ6V68Emt3AjoRTz6SxKaruMg,New Hazi Biryani,places,en,155,22.5234953,88.3447443,22.5229239,88.3455518,0,kol,Kolkata,2026-09-01T02:51:27.538407Z
ChIJV1vbiTZ3AjoRWj_3E0-N-GI,Tufani Biryani,places,en,155,22.5234953,88.3447443,22.523291699999998,88.34574359999999,0,kol,Kolkata,2026-09-01T02:51:27.538412Z
ChIJm5ykRQB3AjoRgy514huy8u8,তপবন,places,en,155,22.5234953,88.3447443,22.5240498,88.3455809,0,kol,Kolkata,2026-09-01T02:51:27.538418Z
ChIJTYRqfQB3AjoRRgKp6qoA1TY,Ganga Fast Food,places,en,155,22.5234953,88.3447443,22.5234225,88.3457902,0,kol,Kolkata,2026-09-01T02:51:27.538424Z
ChIJGX_SfDZ3AjoRtpvzYUcTNt0,Khaza Biryani Centre,places,en,156,22.5225497,88.34580919999999,22.5227453,88.345721,0,kol,Kolkata,2026-09-01T02:51:27.886939Z
ChIJT6NMBY13AjoRZYb-jB7_Les,The Eatery,places,en,156,22.5225497,88.34580919999999,22.5226005,88.34551839999999,0,kol,Kolkata,2026-09-01T02:51:27.886983Z
ChIJby1e-oN3AjoRVxQ8WkpbvSQ,Mongolian,places,en,156,22.5225497,88.34580919999999,22.5218017,88.3456504,0,kol,Kolkata,2026-09-01T02:51:27.886996Z
ChIJA6HLdgB3AjoRD4nUlafcH-0,Glousser & Goods,places,en,156,22.5225497,88.34580919999999,22.5233152,88.34602090000001,0,kol,Kolkata,2026-09-01T02:51:27.887005Z
ChIJCb8HGjZ3AjoR5zHzuRRLvzw,Raj's Multicuisine Restaurant,places,en,156,22.5225497,88.34580919999999,22.523363399999997,88.3460886,0,kol,Kolkata,2026-09-01T02:51:27.887014Z
ChIJBZeqAQB3AjoRjFg0lw8CR4I,Baithack- The taste of kulhad,places,en,156,22.5225497,88.34580919999999,22.5233636,88.3461061,0,kol,Kolkata,2026-09-01T02:51:27.887023Z
ChIJCbAQYDZ3AjoRIS9eo3A_yz0,Classic Fast Food Centre,places,en,156,22.5225497,88.34580919999999,22.523417499999997,88.3459342,0,kol,Kolkata,2026-09-01T02:51:27.887033Z
ChIJ0bFz9-93AjoRxS3dVAFSe_Y,WOK SABHA,places,en,156,22.5225497,88.34580919999999,22.5233706,88.34615629999999,0,kol,Kolkata,2026-09-01T02:51:27.887040Z
ChIJF4HyuJh3AjoRQGg4pTnpt7g,Nathan's,places,en,156,22.5225497,88.34580919999999,22.521715999999998,88.345501,0,kol,Kolkata,2026-09-01T02:51:27.887047Z
ChIJqWomEyl3AjoRXpnPYxeWatU,MoMo HuB,places,en,156,22.5225497,88.34580919999999,22.5234399,88.34583549999999,0,kol,Kolkata,2026-09-01T02:51:27.887054Z
ChIJZ6CdRwB3AjoRLGq2IBmteak,Chinese and Pizza Station,places,en,156,22.5225497,88.34580919999999,22.522336799999998,88.3467457,0,kol,Kolkata,2026-09-01T02:51:27.887061Z
ChIJ049WjDZ3AjoRXtPkAloOdrk,CAFE -DE-LUXE RESTAURANT - Restaurant In Hazra Kolkata,places,en,156,22.5225497,88.34580919999999,22.523261899999998,88.3464188,0,kol,Kolkata,2026-09-01T02:51:27.887069Z
ChIJlzn9mDZ3AjoRMF3EAtknE_0,Raul's Restaurant,places,en,156,22.5225497,88.34580919999999,22.522544,88.34679729999999,0,kol,Kolkata,2026-09-01T02:51:27.887078Z
ChIJt_sDmTZ3AjoRsg7JJC0KHNI,Khusbu,places,en,156,22.5225497,88.34580919999999,22.522651,88.34682029999999,0,kol,Kolkata,2026-09-01T02:51:27.887086Z
ChIJ-f_GTAB3AjoRMIwUiPvZuA0,Chinese paratha,places,en,156,22.5225497,88.34580919999999,22.5227014,88.3468156,0,kol,Kolkata,2026-09-01T02:51:27.887093Z
ChIJuQJa1tl3AjoRpQJEG1UvTNI,New Novelty Dhaba,places,en,158,22.52007525,88.34587164999999,22.5202888,88.34608419999999,0,kol,Kolkata,2026-09-01T02:51:28.694118Z
ChIJFygFSzR3AjoRynEK0fbMKlI,Rajlaxmi Hindu Hotel,places,en,158,22.52007525,88.34587164999999,22.520360699999998,88.345861,0,kol,Kolkata,2026-09-01T02:51:28.694156Z
ChIJLXm7STR3AjoRY-knobyOtDo,Elite Dhaba,places,en,158,22.52007525,88.34587164999999,22.5203068,88.346172,0,kol,Kolkata,2026-09-01T02:51:28.694164Z
ChIJa4QnEVx3AjoRuH-SG8u8v64,Punjabi Food Junction (Veg),places,en,158,22.52007525,88.34587164999999,22.520438,88.3455189,0,kol,Kolkata,2026-09-01T02:51:28.694171Z
ChIJN2u2njd3AjoRzawUoKA0GWE,Bijoli Grill,places,en,158,22.52007525,88.34587164999999,22.5197793,88.3453196,0,kol,Kolkata,2026-09-01T02:51:28.694176Z
ChIJt8SHOQB3AjoRaCCcfW8xIHY,China zone,places,en,158,22.52007525,88.34587164999999,22.52038,88.3451951,0,kol,Kolkata,2026-09-01T02:51:28.694181Z
ChIJ2674bER3AjoRkH3G1rhlxdY,Viaggio Gustoso,places,en,158,22.52007525,88.34587164999999,22.520743799999998,88.3455518,0,kol,Kolkata,2026-09-01T02:51:28.694187Z
ChIJE5B_Hwx3AjoRXBWmT_JZxMQ,FYODA,places,en,158,22.52007525,88.34587164999999,22.5207552,88.3455377,0,kol,Kolkata,2026-09-01T02:51:28.694193Z
ChIJe8CEAT53AjoRdKEmQfLAdO0,Teni Daar Thek - Kalighat,places,en,158,22.52007525,88.34587164999999,22.5207657,88.3455421,0,kol,Kolkata,2026-09-01T02:51:28.694198Z
ChIJudKTdiN3AjoRecnaj5qjJ0I,Apanjan,places,en,158,22.52007525,88.34587164999999,22.5193236,88.34540899999999,0,kol,Kolkata,2026-09-01T02:51:28.694203Z
ChIJYQIqC7FwAjoRTiVNSmAxS6o,Priyanka,places,en,158,22.52007525,88.34587164999999,22.5204196,88.34487209999999,0,kol,Kolkata,2026-09-01T02:51:28.694210Z
ChIJZX-GHwB3AjoR3XKT3mZog04,Panta Restaurant,places,en,158,22.52007525,88.34587164999999,22.5210901,88.3463262,0,kol,Kolkata,2026-09-01T02:51:28.694215Z
ChIJUeMZrn53AjoRLDiZAQrlNDE,Kebab Chacha- Kalighat,places,en,158,22.52007525,88.34587164999999,22.521192199999998,88.34609329999999,0,kol,Kolkata,2026-09-01T02:51:28.694221Z
ChIJ2VPdqzt3AjoRTDURM65pKtI,Tea Ta,places,en,158,22.52007525,88.34587164999999,22.520670199999998,88.3445295,0,kol,Kolkata,2026-09-01T02:51:28.694226Z
ChIJdXRFnxx3AjoRJW7PVCCllyM,The NOURISHEF Bistro,places,en,158,22.52007525,88.34587164999999,22.5188308,88.3450893,0,kol,Kolkata,2026-09-01T02:51:28.694232Z
ChIJBfPHtad3AjoRG-gevIVXGv4,Kolkata's Frylicious Fry D'Fusion,places,en,159,22.51877275,88.34336015,22.517951,88.3431505,0,kol,Kolkata,2026-09-01T02:51:29.067289Z
ChIJ2eS5zaB3AjoRD-bZ5XNdYXc,The Fry Hut,places,en,159,22.51877275,88.34336015,22.5179282,88.34263849999999,0,kol,Kolkata,2026-09-01T02:51:29.067332Z
ChIJD2YqU_V3AjoRTEHnmEbEams,Bangaliana,places,en,159,22.51877275,88.34336015,22.518285499999998,88.344467,0,kol,Kolkata,2026-09-01T02:51:29.067344Z
ChIJ1cpNV0p3AjoRPLk2H7fC39A,Trijit Eating House,places,en,159,22.51877275,88.34336015,22.5193928,88.3415436,0,kol,Kolkata,2026-09-01T02:51:29.067354Z
ChIJ9V2EWkp3AjoRRtqdHGoLhzM,Swapan Chop Wala,places,en,159,22.51877275,88.34336015,22.5196845,88.3416683,0,kol,Kolkata,2026-09-01T02:51:29.067362Z
ChIJ22IL88BxAjoRKrsvdjI0csg,Petuk,places,en,159,22.51877275,88.34336015,22.518335,88.3453,0,kol,Kolkata,2026-09-01T02:51:29.067368Z
ChIJv1E8T6Z3AjoRVH0X3658abQ,Puchka wala,places,en,159,22.51877275,88.34336015,22.516786099999997,88.34355169999999,0,kol,Kolkata,2026-09-01T02:51:29.067376Z
ChIJ1fbvEpV3AjoRFxyywwlGJps,Adi Sree Hari Mistanna Bhandar,places,en,159,22.51877275,88.34336015,22.5207533,88.3431202,0,kol,Kolkata,2026-09-01T02:51:29.067384Z
ChIJiYekqEp3AjoRLUyPsyN6fhc,LITTLE ASIA,places,en,159,22.51877275,88.34336015,22.516758199999998,88.3429726,0,kol,Kolkata,2026-09-01T02:51:29.067391Z
ChIJ74ddJvN3AjoRSYnvrhx11lI,BULBUL'S KITCHEN,places,en,159,22.51877275,88.34336015,22.5171284,88.3448162,0,kol,Kolkata,2026-09-01T02:51:29.067400Z
ChIJHYySzkR3AjoR4aFwjmjM-ss,Hotel Avinandan,places,en,159,22.51877275,88.34336015,22.5171284,88.3448162,0,kol,Kolkata,2026-09-01T02:51:29.067408Z
ChIJ_-pbT0p3AjoRHek7cwsEUrc,আনন্দ ভবন,places,en,159,22.51877275,88.34336015,22.5200473,88.34151779999999,0,kol,Kolkata,2026-09-01T02:51:29.067415Z
ChIJvfDimGN3AjoRxdOhNRrrMyg,Thala E Wah,places,en,159,22.51877275,88.34336015,22.517353099999998,88.34515499999999,0,kol,Kolkata,2026-09-01T02:51:29.067426Z
ChIJm4ZUFEp3AjoRPXCZgd24OiU,Indira Sweet Home,places,en,159,22.51877275,88.34336015,22.5207025,88.3422622,0,kol,Kolkata,2026-09-01T02:51:29.067433Z
ChIJP5nsX0J3AjoRqLUj_5ZjSy8,Biriyani Bees,places,en,159,22.51877275,88.34336015,22.5165938,88.3437548,0,kol,Kolkata,2026-09-01T02:51:29.067441Z
ChIJy1fDLqx3AjoRfkg2ruChVYA,HUNGRY BIRDS,places,en,160,22.518455699999997,88.34232515,22.517056099999998,88.3414779,0,kol,Kolkata,2026-09-01T02:51:29.421871Z
ChIJwy-F59J3AjoRZhu_aby1Z9E,Makhan Chor,places,en,160,22.518455699999997,88.34232515,22.5169635,88.3416745,0,kol,Kolkata,2026-09-01T02:51:29.421909Z
ChIJD45xHSl3AjoRos4JQHVCfsI,B.Com Roll Wala,places,en,160,22.518455699999997,88.34232515,22.516957299999998,88.3415125,0,kol,Kolkata,2026-09-01T02:51:29.421920Z
ChIJ9-5RB513AjoRqpJh7i6StYA,Subrata Chicken Shop,places,en,160,22.518455699999997,88.34232515,22.5170451,88.3413367,0,kol,Kolkata,2026-09-01T02:51:29.421928Z
ChIJsc4z_cp3AjoRBDH7SAv7VKA,DURGA MOMO CENTRE,places,en,160,22.518455699999997,88.34232515,22.5169014,88.3414128,0,kol,Kolkata,2026-09-01T02:51:29.421938Z
ChIJlRfnz0p3AjoRy0zCtTiCBLQ,NEW HAJI BIRYANI,places,en,160,22.518455699999997,88.34232515,22.516831399999997,88.3413313,0,kol,Kolkata,2026-09-01T02:51:29.421948Z
ChIJXTwKUAB3AjoRKMbMfXFvWEw,Tasty Trek,places,en,160,22.518455699999997,88.34232515,22.517028,88.3408537,0,kol,Kolkata,2026-09-01T02:51:29.421955Z
ChIJ0-HWKAB3AjoRieS3GrzPf48,Dalpuri Centre - Best Dalpuri in Kalighat,places,en,160,22.518455699999997,88.34232515,22.5207111,88.34213559999999,0,kol,Kolkata,2026-09-01T02:51:29.421965Z
ChIJXXQYGft3AjoRTOV3ZDG4--k,Krishna Dalpuri Shop,places,en,160,22.518455699999997,88.34232515,22.520149999999997,88.34066829999999,0,kol,Kolkata,2026-09-01T02:51:29.421972Z
ChIJmT9JVABxAjoRrYr6DdwsJsI,APANJAN,places,en,160,22.518455699999997,88.34232515,22.516185,88.3415868,0,kol,Kolkata,2026-09-01T02:51:29.421982Z
ChIJde1iqUd3AjoR78szxRiLtB8,Parathaa Craft,places,en,161,22.51696715,88.3434772,22.5167568,88.3448932,0,kol,Kolkata,2026-09-01T02:51:29.878774Z
ChIJHzY7UQB3AjoRLyr5zV4oJW4,Suresh Yadav Phuchka and Aloodum,places,en,161,22.51696715,88.3434772,22.5167298,88.3448994,0,kol,Kolkata,2026-09-01T02:51:29.878807Z
ChIJwzCjevJ3AjoR9oxQnf29wyY,Chaigram Canteen,places,en,161,22.51696715,88.3434772,22.517207199999998,88.3451736,0,kol,Kolkata,2026-09-01T02:51:29.878813Z
ChIJKQheOzV3AjoR5MLuQ3IXPMI,Habib's,places,en,161,22.51696715,88.3434772,22.517207199999998,88.3451736,0,kol,Kolkata,2026-09-01T02:51:29.878818Z
ChIJbaJTi_V3AjoRyl21B1I_UUE,KHOKON FOOD CENTRE,places,en,161,22.51696715,88.3434772,22.517253699999998,88.34517699999999,0,kol,Kolkata,2026-09-01T02:51:29.878823Z
ChIJc9MTBx53AjoR1J-NjGmhhfo,Sharmi's Cafe,places,en,161,22.51696715,88.3434772,22.517324499999997,88.3451695,0,kol,Kolkata,2026-09-01T02:51:29.878827Z
ChIJa4Db4Sx3AjoRyvdpZbfBxIU,Bachan's Dhaba,places,en,161,22.51696715,88.3434772,22.517125999999998,88.3452326,0,kol,Kolkata,2026-09-01T02:51:29.878831Z
ChIJp2NjeKZ3AjoRPkOYK5e5qWQ,Ashirbad,places,en,161,22.51696715,88.3434772,22.5171542,88.3452487,0,kol,Kolkata,2026-09-01T02:51:29.878834Z
ChIJpdP8xkd3AjoR_mrDmZZ66q0,NARENDA KACHURI TELEBHAJA SHOP,places,en,162,22.52540775,88.34194725,22.5240156,88.34141609999999,0,kol,Kolkata,2026-09-01T02:51:30.266012Z
ChIJE5IRLAB3AjoRz7h65UXxVdU,HFC,places,en,162,22.52540775,88.34194725,22.5239603,88.3414095,0,kol,Kolkata,2026-09-01T02:51:30.266050Z
ChIJaRrQqgN3AjoRYS_6jxtZP7w,"Domino's Pizza | Harish Mukherjee Rd, Kolkata",places,en,162,22.52540775,88.34194725,22.524997199999998,88.3438134,0,kol,Kolkata,2026-09-01T02:51:30.266064Z
ChIJhcPf6Ul3AjoRnSnqXxKib04,JAI HIND DHABA,places,en,162,22.52540775,88.34194725,22.523729000000003,88.3426661,0,kol,Kolkata,2026-09-01T02:51:30.266069Z
ChIJO8Cqw0l3AjoRiUmDOey8PL0,INDIAN CHINESE TANDOORI,places,en,162,22.52540775,88.34194725,22.5236663,88.34259829999999,0,kol,Kolkata,2026-09-01T02:51:30.266074Z
ChIJYxCUokl3AjoREZ450Wc-BIs,Gupta Fast Food,places,en,162,22.52540775,88.34194725,22.523546,88.3413814,0,kol,Kolkata,2026-09-01T02:51:30.266078Z
ChIJb4u-IjZ3AjoR-LgdaeUd1n0,Ghare Baire Restaurant,places,en,162,22.52540775,88.34194725,22.5239826,88.3437715,0,kol,Kolkata,2026-09-01T02:51:30.266083Z
ChIJQ04IWWl3AjoRatFOzopHDaM,Bob's BBQ Grill,places,en,162,22.52540775,88.34194725,22.527222599999998,88.3437601,0,kol,Kolkata,2026-09-01T02:51:30.266091Z
ChIJ9a02hUl3AjoR-LkyHWAyTrQ,Laxmi Narayan Misthanno Bhandar,places,en,162,22.52540775,88.34194725,22.5228726,88.3413933,0,kol,Kolkata,2026-09-01T02:51:30.266096Z
ChIJO9mPGTZ3AjoRxxyJXcBNih4,Mittal Home Food,places,en,162,22.52540775,88.34194725,22.523279799999997,88.3437093,0,kol,Kolkata,2026-09-01T02:51:30.266101Z
ChIJcfb6CAB3AjoRJ7BJe0uGeaQ,Snacks Corner,places,en,163,22.524218949999998,88.33981675000001,22.5235231,88.3374983,0,kol,Kolkata,2026-09-01T02:51:30.638977Z
ChIJ6db-TLR3AjoRylJuR72vbrM,Maa Kali Chicken Shop,places,en,163,22.524218949999998,88.33981675000001,22.5218095,88.34071469999999,0,kol,Kolkata,2026-09-01T02:51:30.639011Z
ChIJF1DMkfx3AjoRyAAGsna9bfA,M/S SANDHYA DEVI,places,en,163,22.524218949999998,88.33981675000001,22.522821999999998,88.33743129999999,0,kol,Kolkata,2026-09-01T02:51:30.639017Z
ChIJUQXuDUx3AjoRlgs3SJwq_AE,Haji Biryani House,places,en,164,22.5212092,88.33805765,22.520756499999997,88.3379899,0,kol,Kolkata,2026-09-01T02:51:30.987388Z
ChIJZ4vweQB3AjoRCtK0VkRBCWM,চোখের খিদে,places,en,164,22.5212092,88.33805765,22.520749,88.3380811,0,kol,Kolkata,2026-09-01T02:51:30.987429Z
ChIJc_INc0x3AjoRT_pUj-WX3Ws,Gupta Brothers,places,en,164,22.5212092,88.33805765,22.520312999999998,88.3381232,0,kol,Kolkata,2026-09-01T02:51:30.987440Z
ChIJOSq4VhZ3AjoR08Vkfy41hv8,NIRMAL TEA STALL,places,en,164,22.5212092,88.33805765,22.5196947,88.3383863,0,kol,Kolkata,2026-09-01T02:51:30.987448Z
ChIJp9CZjjB3AjoRdmCUXYwUgqs,THE GOLDEN DUCK,places,en,164,22.5212092,88.33805765,22.5205755,88.3364639,0,kol,Kolkata,2026-09-01T02:51:30.987455Z
ChIJiV988693AjoR7LCc9_GOQmc,JOYDIP FOOD CENTRE,places,en,164,22.5212092,88.33805765,22.5202296,88.33664449999999,0,kol,Kolkata,2026-09-01T02:51:30.987462Z
ChIJIbKoPkt3AjoRDD4k6es8YI0,Annapurna Hotel,places,en,164,22.5212092,88.33805765,22.5192156,88.3388533,0,kol,Kolkata,2026-09-01T02:51:30.987470Z
ChIJmT6rgRJ3AjoRvNRNTxtNRiw,Delicious Cakes,places,en,165,22.521195249999998,88.33953425,22.520774499999998,88.3410851,0,kol,Kolkata,2026-09-01T02:51:31.414025Z
ChIJnef2_qN3AjoRbprmCGD-szU,Baba Lokenath Stores,places,en,165,22.521195249999998,88.33953425,22.521559999999997,88.34130929999999,0,kol,Kolkata,2026-09-01T02:51:31.414061Z
ChIJ37o4KUp3AjoRRVLHwdOEjdE,The East Bengal Hindu Hotel,places,en,165,22.521195249999998,88.33953425,22.5215572,88.34150369999999,0,kol,Kolkata,2026-09-01T02:51:31.414066Z
ChIJ1TTzXAB3AjoRNbVEC4AWjLc,Kalighat,places,en,165,22.521195249999998,88.33953425,22.5218766,88.3423383,0,kol,Kolkata,2026-09-01T02:51:31.414082Z
ChIJe4CJt2h3AjoR_4l6jF-tMCk,NEW INDIAN BIRYANI CENTRE,places,en,166,22.520529500000002,88.33560605,22.5198651,88.33491149999999,0,kol,Kolkata,2026-09-01T02:51:31.836865Z
ChIJt2qAApJ3AjoR8FLkMwcgvPs,Rupa's Decorations And Home Kitchen,places,en,166,22.520529500000002,88.33560605,22.518763999999997,88.33602909999999,0,kol,Kolkata,2026-09-01T02:51:31.836900Z
ChIJrTRIJmhxAjoRFLiRzE-LGx8,The One Restaurant Cum Bar,places,en,166,22.520529500000002,88.33560605,22.5197322,88.3337801,0,kol,Kolkata,2026-09-01T02:51:31.836904Z
ChIJdxls90x3AjoRAAAA0OmEWlw,Subhas Ghosh,places,en,166,22.520529500000002,88.33560605,22.5186566,88.33684170000001,0,kol,Kolkata,2026-09-01T02:51:31.836909Z
ChIJ96GNUV53AjoRpSkBcDBSZHU,RADHEY SNACKS CORNER,places,en,166,22.520529500000002,88.33560605,22.519194,88.33337290000001,0,kol,Kolkata,2026-09-01T02:51:31.836915Z
ChIJI6FHEU13AjoRbhW04IVXzwk,Heyday- Chiks And Chicken,places,en,166,22.520529500000002,88.33560605,22.5179418,88.33527529999999,0,kol,Kolkata,2026-09-01T02:51:31.836918Z
ChIJt8iQqchxAjoR9wFMeR8-N_U,Kazoom,places,en,167,22.5150805,88.3308344,22.5144041,88.3328385,0,kol,Kolkata,2026-09-01T02:51:32.190679Z
ChIJHfVKc29xAjoR6kvRFzfJay8,Krishna International INC,places,en,167,22.5150805,88.3308344,22.514393899999998,88.3328733,0,kol,Kolkata,2026-09-01T02:51:32.190722Z
ChIJ98GlQlF3AjoRVl6WWW7LRXs,Mangio,places,en,167,22.5150805,88.3308344,22.5161816,88.328673,0,kol,Kolkata,2026-09-01T02:51:32.190734Z
ChIJgTk62pN3AjoRAE-I8s_e4Lg,SATHI FAST FOOD CENTER,places,en,167,22.5150805,88.3308344,22.5161546,88.3330739,0,kol,Kolkata,2026-09-01T02:51:32.190744Z
ChIJ115U02JxAjoRP6_ajEH6UQo,FoodAahar,places,en,167,22.5150805,88.3308344,22.5155034,88.3333236,0,kol,Kolkata,2026-09-01T02:51:32.190751Z
ChIJUVjwRKtwAjoRbl5hoUFgz4A,Momo and More,places,en,167,22.5150805,88.3308344,22.514913,88.3281544,0,kol,Kolkata,2026-09-01T02:51:32.190758Z
ChIJq062c0JxAjoRtWszP8AtS6g,RAJU FAST FOOD CENTRE,places,en,167,22.5150805,88.3308344,22.5139825,88.3332968,0,kol,Kolkata,2026-09-01T02:51:32.190765Z
ChIJ2a6sRatwAjoRkuAriBngLA4,Khirki Shree Hari Jalpan Shop (Khidki Chaat),places,en,167,22.5150805,88.3308344,22.5150157,88.3280115,0,kol,Kolkata,2026-09-01T02:51:32.190772Z
ChIJI69gj3h3AjoRAY_wCoOw6iU,Haji Biryani,places,en,168,22.5156063,88.33152655,22.517093199999998,88.33301999999999,0,kol,Kolkata,2026-09-01T02:51:32.540686Z
ChIJD9-wa2NxAjoROmD-LN7xW-0,একান্ত আপন - সাধ্যের মধ্যে স্বাদ পূরণ,places,en,168,22.5156063,88.33152655,22.5156319,88.3337262,0,kol,Kolkata,2026-09-01T02:51:32.540729Z
ChIJ2bBJ49Z3AjoRR7uOJREBZHQ,Gupta Jalpan,places,en,169,22.516899600000002,88.33730685,22.5170407,88.3379557,0,kol,Kolkata,2026-09-01T02:51:32.975051Z
ChIJz95VvLp3AjoRXrGvJKnJheE,Vinayak Snacks Centre,places,en,169,22.516899600000002,88.33730685,22.5169663,88.3383278,0,kol,Kolkata,2026-09-01T02:51:32.975085Z
ChIJiSRyp3Z3AjoR3QjnuXqlfbo,Cherry Food Counter,places,en,169,22.516899600000002,88.33730685,22.517282299999998,88.3383068,0,kol,Kolkata,2026-09-01T02:51:32.975092Z
ChIJ_zqcasN3AjoRdVUjmFv4z-c,রয়্যাল ক্লাব Royal Club,places,en,169,22.516899600000002,88.33730685,22.5157688,88.33742,0,kol,Kolkata,2026-09-01T02:51:32.975097Z
ChIJa-JPacZ3AjoR0hd8sBSoBBM,Friends Kitchen,places,en,169,22.516899600000002,88.33730685,22.517619300000003,88.3359253,0,kol,Kolkata,2026-09-01T02:51:32.975102Z
ChIJbaf-Ek13AjoRNy3oTA-7nEY,Total Chicken Food Mart- Chetla,places,en,169,22.516899600000002,88.33730685,22.5175864,88.335579,0,kol,Kolkata,2026-09-01T02:51:32.975106Z
ChIJW3yAR7NwAjoRzy_s12GOyxk,A1 Haji Biriyani,places,en,169,22.516899600000002,88.33730685,22.5150924,88.337358,0,kol,Kolkata,2026-09-01T02:51:32.975110Z
ChIJ44vQObNwAjoRkL_9pbKQsE8,New Avinandan Snacks Bar,places,en,169,22.516899600000002,88.33730685,22.5150997,88.3370925,0,kol,Kolkata,2026-09-01T02:51:32.975114Z
ChIJ8zlosTd3AjoR0qwrEGU-mjU,The Spice Guys,places,en,169,22.516899600000002,88.33730685,22.517490300000002,88.3391542,0,kol,Kolkata,2026-09-01T02:51:32.975119Z
ChIJF1XQPk13AjoRihjEmq2Qqv0,M Barua,places,en,169,22.516899600000002,88.33730685,22.5170058,88.3352565,0,kol,Kolkata,2026-09-01T02:51:32.975124Z
ChIJ-ahI2Jh3AjoREnm8hd_rqAY,Qualitti,places,en,169,22.516899600000002,88.33730685,22.5178381,88.3350262,0,kol,Kolkata,2026-09-01T02:51:32.975130Z
ChIJn8Gc6OVxAjoRSFOXGrgg2k8,A 2 Z FAST FOOD CENTRE,places,en,169,22.516899600000002,88.33730685,22.5153318,88.3353887,0,kol,Kolkata,2026-09-01T02:51:32.975134Z
ChIJk8O9FE13AjoR1XabGda1IC4,Bijoli Grill Food Mart,places,en,169,22.516899600000002,88.33730685,22.5177314,88.3349294,0,kol,Kolkata,2026-09-01T02:51:32.975138Z
ChIJl78ATRFxAjoRr7G3cl5T1JA,THE FIRE AND GRILL,places,en,170,22.51573535,88.33854775,22.5154948,88.34006989999999,0,kol,Kolkata,2026-09-01T02:51:33.304734Z
ChIJdYWjZwBxAjoRxDBp3ZrJ_6U,The Tea House,places,en,170,22.51573535,88.33854775,22.5147999,88.33980940000001,0,kol,Kolkata,2026-09-01T02:51:33.304766Z
ChIJqyNoQYBxAjoRTebHLXWmMGI,Enakshi Confectionery,places,en,170,22.51573535,88.33854775,22.513704,88.337383,0,kol,Kolkata,2026-09-01T02:51:33.304773Z
ChIJp4Tgom52AjoRFAKHAO2qn2c,SADHU BABU VEG NASTA,places,en,171,22.58119835,88.38887174999999,22.5813757,88.38812399999999,0,kol,Kolkata,2026-09-01T02:51:33.653484Z
ChIJgdmj1C53AjoRmUo9yNap_s8,Flare Kitchen,places,en,171,22.58119835,88.38887174999999,22.5811684,88.38796789999999,0,kol,Kolkata,2026-09-01T02:51:33.653525Z
ChIJ7TiRDwB3AjoRgLBJe_yyeJw,Chicken Hub ( Joy ma Tara chicken center),places,en,171,22.58119835,88.38887174999999,22.5818573,88.3895622,0,kol,Kolkata,2026-09-01T02:51:33.653536Z
ChIJ-_vn8W52AjoR0kekddhNGR0,Ghosh Hotel And Restaurant,places,en,171,22.58119835,88.38887174999999,22.5801166,88.3886794,0,kol,Kolkata,2026-09-01T02:51:33.653544Z
ChIJZ7Kub7Z3AjoROOCYwPDmiD8,Kankurgachi Tandoor House,places,en,171,22.58119835,88.38887174999999,22.581912100000004,88.3899122,0,kol,Kolkata,2026-09-01T02:51:33.653552Z
ChIJty0m7252AjoRrrP1ByWAHTA,Cooks Corner,places,en,171,22.58119835,88.38887174999999,22.57997,88.388607,0,kol,Kolkata,2026-09-01T02:51:33.653560Z
ChIJp50PpnF2AjoRgjkHU4U3i60,"Bhikharam Chandmal Rajuji | Namkeen, Mithai, Chaat, Fast Food - Kankurgachi",places,en,171,22.58119835,88.38887174999999,22.580456899999998,88.3901072,0,kol,Kolkata,2026-09-01T02:51:33.653567Z
ChIJpfKyd252AjoRQyMCFAtUNag,Aahar,places,en,171,22.58119835,88.38887174999999,22.5819133,88.3902277,0,kol,Kolkata,2026-09-01T02:51:33.653575Z
ChIJJZ3Gc252AjoRA_trcOXgyVU,Nasta,places,en,171,22.58119835,88.38887174999999,22.581631299999998,88.39043149999999,0,kol,Kolkata,2026-09-01T02:51:33.653583Z
ChIJj2o-H4x3AjoROf9oF2oFdpM,Prabhuji Pure Food - Kankurgachi,places,en,171,22.58119835,88.38887174999999,22.580731999999998,88.3904305,0,kol,Kolkata,2026-09-01T02:51:33.653590Z
ChIJ1WbXbG52AjoR_T_PmIu8Ygw,Ghosh Brothers,places,en,171,22.58119835,88.38887174999999,22.581292599999998,88.3906176,0,kol,Kolkata,2026-09-01T02:51:33.653598Z
ChIJLwzsVwB3AjoRHEuoPmQ5btg,The Belgian Waffle Co.,places,en,171,22.58119835,88.38887174999999,22.5804102,88.3904022,0,kol,Kolkata,2026-09-01T02:51:33.653605Z
ChIJxzNmiQJ3AjoRjUv6Wf_JpHo,Wah! Puchka- Kankurgachi,places,en,171,22.58119835,88.38887174999999,22.5801901,88.38749849999999,0,kol,Kolkata,2026-09-01T02:51:33.653612Z
ChIJi7CQDG52AjoR7aBq8GRUC_M,"Mohan ram Pav bhaji Shop,- kankurgachi",places,en,171,22.58119835,88.38887174999999,22.581587,88.3907298,0,kol,Kolkata,2026-09-01T02:51:33.653619Z
ChIJHYw9QW52AjoRO25Mxtitwzg,Kathi Junction,places,en,171,22.58119835,88.38887174999999,22.580278999999997,88.3904872,0,kol,Kolkata,2026-09-01T02:51:33.653626Z
ChIJ-YvRYhJ2AjoRc6lycM__ZiI,Mio Amore Kankurgachi (The Cake Shop),places,en,171,22.58119835,88.38887174999999,22.5799692,88.3903232,0,kol,Kolkata,2026-09-01T02:51:33.653633Z
ChIJrw3WDwB3AjoRyNSLz0zLzMQ,Kankurgachi,places,en,171,22.58119835,88.38887174999999,22.580216699999998,88.3905869,0,kol,Kolkata,2026-09-01T02:51:33.653641Z
ChIJMWiBnS53AjoRMa7cyAOn_q4,1st Bite,places,en,171,22.58119835,88.38887174999999,22.581001399999998,88.39112899999999,0,kol,Kolkata,2026-09-01T02:51:33.653657Z
ChIJSf5thN13AjoR3-01VNVnwdc,Momo Mandir,places,en,171,22.58119835,88.38887174999999,22.5799506,88.390743,0,kol,Kolkata,2026-09-01T02:51:33.653665Z
ChIJ2zSSA3B2AjoRIaajbJSymzE,Hong Kong Chinese Restaurant,places,en,171,22.58119835,88.38887174999999,22.5822994,88.3909106,0,kol,Kolkata,2026-09-01T02:51:33.653672Z
ChIJGygyp1h3AjoRsF31FpINKYY,FRIEND’S KITCHEN,places,en,172,22.58190695,88.39241419999999,22.5827834,88.3918014,0,kol,Kolkata,2026-09-01T02:51:34.072208Z
ChIJy92ylAF3AjoRC0ZFQHY-WAs,Ram Sakha Phuchka Wala best phuckha in Kolkata,places,en,172,22.58190695,88.39241419999999,22.5826895,88.39102749999999,0,kol,Kolkata,2026-09-01T02:51:34.072250Z
ChIJiVlu8W12AjoRTSkair1-214,Haldiram's,places,en,172,22.58190695,88.39241419999999,22.583123699999998,88.3910606,0,kol,Kolkata,2026-09-01T02:51:34.072263Z
ChIJs8r8LgB3AjoRyMH0shOaUZg,Bhai Bhai momo center,places,en,172,22.58190695,88.39241419999999,22.5803941,88.39117619999999,0,kol,Kolkata,2026-09-01T02:51:34.072274Z
ChIJsbV-2dx3AjoRP-eazmghyIM,STUNNER CAFE,places,en,172,22.58190695,88.39241419999999,22.5801271,88.39328429999999,0,kol,Kolkata,2026-09-01T02:51:34.072282Z
ChIJNUgfnHF3AjoR-dZ9Ev6c7B8,NASTA NASTA,places,en,172,22.58190695,88.39241419999999,22.579983,88.3915765,0,kol,Kolkata,2026-09-01T02:51:34.072291Z
ChIJiYgFzD53AjoR3eEXo5jkphM,Vola Nath Chicken Centre,places,en,172,22.58190695,88.39241419999999,22.5800441,88.3934259,0,kol,Kolkata,2026-09-01T02:51:34.072298Z
ChIJn8XHuXF2AjoRrAOD8TFwjRw,BENGAL DHABA,places,en,172,22.58190695,88.39241419999999,22.579898099999998,88.39330129999999,0,kol,Kolkata,2026-09-01T02:51:34.072305Z
ChIJCZffJG52AjoRppgBHd4k9L0,SANJAY SHAW,places,en,172,22.58190695,88.39241419999999,22.579944299999998,88.39134250000001,0,kol,Kolkata,2026-09-01T02:51:34.072314Z
ChIJZah8kQt3AjoRJ14dWqeNY9Q,Ghar Jaisa Swaad,places,en,172,22.58190695,88.39241419999999,22.579782899999998,88.39302769999999,0,kol,Kolkata,2026-09-01T02:51:34.072322Z
ChIJyczjofV3AjoRKFwiKIrVDy0,AHARE BHARE CUISINE,places,en,172,22.58190695,88.39241419999999,22.5804413,88.3943377,0,kol,Kolkata,2026-09-01T02:51:34.072329Z
ChIJh0M-egB3AjoR_iIFZzbtPKw,Kolkata Momo,places,en,172,22.58190695,88.39241419999999,22.583095,88.390254,0,kol,Kolkata,2026-09-01T02:51:34.072337Z
ChIJJemrU6x3AjoRGNYfd62mlBg,THE HOLY BASIL,places,en,173,22.578586299999998,88.38882065,22.5779824,88.3899849,0,kol,Kolkata,2026-09-01T02:51:34.459546Z
ChIJtfWqTW52AjoR5Ji9DSFPQfU,KAMLA STORE,places,en,173,22.578586299999998,88.38882065,22.579260899999998,88.390226,0,kol,Kolkata,2026-09-01T02:51:34.459577Z
ChIJpzWzfgB3AjoR9kLMrY8eJUU,Arrk,places,en,173,22.578586299999998,88.38882065,22.577284199999998,88.3878175,0,kol,Kolkata,2026-09-01T02:51:34.459585Z
ChIJV3P1R9p3AjoRTPPXwyB5AcU,Deli-conscious,places,en,173,22.578586299999998,88.38882065,22.5773056,88.3899464,0,kol,Kolkata,2026-09-01T02:51:34.459590Z
ChIJLdGlEkp3AjoROg0MwKeCMF0,Sambar Street - Kankurgachi,places,en,173,22.578586299999998,88.38882065,22.5779301,88.39045229999999,0,kol,Kolkata,2026-09-01T02:51:34.459598Z
ChIJNQfAi292AjoRv_vRmiRNh2A,SIP N LICK,places,en,173,22.578586299999998,88.38882065,22.577258699999998,88.3899005,0,kol,Kolkata,2026-09-01T02:51:34.459602Z
ChIJiai8v153AjoRDt6OyuH-CUU,The Prestige Platters,places,en,173,22.578586299999998,88.38882065,22.577891599999997,88.3904633,0,kol,Kolkata,2026-09-01T02:51:34.459607Z
ChIJ7eanz1t3AjoR2LWpT5UeYn0,3D Lounge,places,en,173,22.578586299999998,88.38882065,22.5777649,88.3904001,0,kol,Kolkata,2026-09-01T02:51:34.459613Z
ChIJi2uYDEZ3AjoRWNd5-iXrzyg,A SQUARE - CAFE & ROOFTOP LOUNGE - KANKURGACHI,places,en,173,22.578586299999998,88.38882065,22.5777258,88.3903984,0,kol,Kolkata,2026-09-01T02:51:34.459617Z
ChIJF98GNjN3AjoRz5htnnuYSrI,Amantran Chicken Centre,places,en,173,22.578586299999998,88.38882065,22.5768487,88.38880549999999,0,kol,Kolkata,2026-09-01T02:51:34.459621Z
ChIJQalSuW92AjoR5j6cXCLNQRw,Chai Break - Kankurgachi,places,en,173,22.578586299999998,88.38882065,22.577871299999998,88.3905582,0,kol,Kolkata,2026-09-01T02:51:34.459625Z
ChIJF8t_8wh3AjoR2nTvg2zmUZk,The Rose (Kankurgachi),places,en,173,22.578586299999998,88.38882065,22.5772951,88.39030439999999,0,kol,Kolkata,2026-09-01T02:51:34.459629Z
ChIJg_YYNm52AjoRa6WIYPL7xXI,YOLO Lounge - Go Green (Bar Cum Restaurant),places,en,173,22.578586299999998,88.38882065,22.5795203,88.3906525,0,kol,Kolkata,2026-09-01T02:51:34.459634Z
ChIJiZYcbsZ3AjoRCgUo7hf42Uk,Thali Waali,places,en,173,22.578586299999998,88.38882065,22.5793934,88.3868447,0,kol,Kolkata,2026-09-01T02:51:34.459640Z
ChIJK8BeAAB3AjoRJJMNMRpELls,Kankurgachi,places,en,173,22.578586299999998,88.38882065,22.5797018,88.3907845,0,kol,Kolkata,2026-09-01T02:51:34.459645Z
ChIJ4Ugl8nN3AjoRoLyBn4Lmz_g,PANASA KANKURGACHI,places,en,173,22.578586299999998,88.38882065,22.578962,88.391155,0,kol,Kolkata,2026-09-01T02:51:34.459649Z
ChIJi-P7gwF3AjoRXJHmSwpKGJQ,Shuktoni,places,en,174,22.575467,88.39095325,22.5755199,88.3907254,0,kol,Kolkata,2026-09-01T02:51:34.808843Z
ChIJmWmf5O13AjoRHISRItV9Eoo,Street Food,places,en,174,22.575467,88.39095325,22.575406899999997,88.3907134,0,kol,Kolkata,2026-09-01T02:51:34.808886Z
ChIJDWW7Q2V2AjoR5Ybq0BGMzvM,Onam,places,en,174,22.575467,88.39095325,22.575109899999998,88.3908962,0,kol,Kolkata,2026-09-01T02:51:34.808898Z
ChIJf6yy_qN3AjoRlTvuCipYWSU,Ghar Ki Rasoi,places,en,174,22.575467,88.39095325,22.5753465,88.3913085,0,kol,Kolkata,2026-09-01T02:51:34.808906Z
ChIJJbP2NwB1AjoREBZ4T6DSz0c,Jyotsna South Indian,places,en,174,22.575467,88.39095325,22.575158,88.3902349,0,kol,Kolkata,2026-09-01T02:51:34.808914Z
ChIJBcVpRAB3AjoRXWCbSIburtc,Vip Hindu hotel,places,en,174,22.575467,88.39095325,22.5749887,88.3902912,0,kol,Kolkata,2026-09-01T02:51:34.808921Z
ChIJu8kGOgB3AjoRqQk0fzIu2P4,Tunga's Momo,places,en,174,22.575467,88.39095325,22.5752356,88.39008849999999,0,kol,Kolkata,2026-09-01T02:51:34.808929Z
ChIJ_Q5rcmV2AjoR_5TB7uhqUos,"Domino's Pizza | Kankurgachi, Kolkata",places,en,174,22.575467,88.39095325,22.576143,88.390397,0,kol,Kolkata,2026-09-01T02:51:34.808936Z
ChIJDWIleQB3AjoRpfBLn4FGjZA,Chauhan roti shop,places,en,174,22.575467,88.39095325,22.5760547,88.3900991,0,kol,Kolkata,2026-09-01T02:51:34.808945Z
ChIJd96FhJF3AjoRqKdI-lldCLQ,SHANTI HOTEL,places,en,174,22.575467,88.39095325,22.575154899999998,88.38993160000001,0,kol,Kolkata,2026-09-01T02:51:34.808952Z
ChIJU6XjfgB3AjoR4bWLjJpPmoE,Pure veg food stall,places,en,174,22.575467,88.39095325,22.5748203,88.3899883,0,kol,Kolkata,2026-09-01T02:51:34.808960Z
ChIJ45ZXewB3AjoRONVwX5KY4G8,Neu Nasta KANKURGACHI,places,en,174,22.575467,88.39095325,22.5760625,88.3919375,0,kol,Kolkata,2026-09-01T02:51:34.808967Z
ChIJQQ-JLjJ3AjoRxbwGxUOEO4o,Monginis Cake Shop,places,en,174,22.575467,88.39095325,22.5747943,88.389775,0,kol,Kolkata,2026-09-01T02:51:34.808975Z
ChIJUzVeAUV3AjoRblB0HyjCANY,Dinesh ji Litti Shop (Bihari Cuisine),places,en,174,22.575467,88.39095325,22.5744847,88.3899879,0,kol,Kolkata,2026-09-01T02:51:34.808983Z
ChIJr-_TNm12AjoRHHluWQRPjpc,Caafe 360 Degree Kankurgachi,places,en,174,22.575467,88.39095325,22.576791399999998,88.3910786,0,kol,Kolkata,2026-09-01T02:51:34.808990Z
ChIJBfsYTut3AjoRltkoFHb2wHU,WOW China,places,en,174,22.575467,88.39095325,22.5752636,88.3894784,0,kol,Kolkata,2026-09-01T02:51:34.808997Z
ChIJjdNx5nJ3AjoRFL74LDGDgbo,Wow! Momo,places,en,174,22.575467,88.39095325,22.574863,88.38954009999999,0,kol,Kolkata,2026-09-01T02:51:34.809004Z
ChIJAdij8ih3AjoRng8NtNPOVPU,OTT OVER THE TOP EXPLORER KANKURGACHI,places,en,174,22.575467,88.39095325,22.5752292,88.3893484,0,kol,Kolkata,2026-09-01T02:51:34.809011Z
ChIJ-_0BY353AjoRmDYS29PBNyA,Bella Ciao - Multicuisine,places,en,174,22.575467,88.39095325,22.5752438,88.3893389,0,kol,Kolkata,2026-09-01T02:51:34.809019Z
ChIJ-5D9DGV2AjoRsG1YruQZ0Rk,THE ROSE (Phool Bagan),places,en,174,22.575467,88.39095325,22.5743506,88.38949640000001,0,kol,Kolkata,2026-09-01T02:51:34.809025Z
ChIJkQLxtxJ2AjoRzXfVj9PEraU,Buro Da Er Restora,places,en,175,22.5888576,88.39014065,22.5888677,88.390688,0,kol,Kolkata,2026-09-01T02:51:35.196690Z
ChIJjau6EVJ3AjoR4Bx8mYpQlZ4,Laxman Hotel,places,en,175,22.5888576,88.39014065,22.589332499999998,88.3905429,0,kol,Kolkata,2026-09-01T02:51:35.196725Z
ChIJGx6uIRN2AjoRF0RlQ0DdImw,New Arsalan Biryani House,places,en,175,22.5888576,88.39014065,22.589364000000003,88.38931319999999,0,kol,Kolkata,2026-09-01T02:51:35.196731Z
ChIJzf9oGe13AjoRCAPBjJmDnMI,Smart Chicken,places,en,175,22.5888576,88.39014065,22.5884786,88.3915158,0,kol,Kolkata,2026-09-01T02:51:35.196735Z
ChIJDYY6GBN2AjoREgK2YINBDrE,Rahul Joy Majumder,places,en,175,22.5888576,88.39014065,22.5896047,88.3888721,0,kol,Kolkata,2026-09-01T02:51:35.196740Z
ChIJpWzjv9B3AjoRcJALprBdRkI,Kai Chufang,places,en,175,22.5888576,88.39014065,22.5898541,88.39240869999999,0,kol,Kolkata,2026-09-01T02:51:35.196751Z
ChIJM2QOTg12AjoR2Qzw9KmvZdU,Raja Fast Food,places,en,175,22.5888576,88.39014065,22.5882154,88.3925609,0,kol,Kolkata,2026-09-01T02:51:35.196755Z
ChIJe9kGvPN3AjoRxYE2OnOPraU,Priyam kitchen,places,en,175,22.5888576,88.39014065,22.5899765,88.3876512,0,kol,Kolkata,2026-09-01T02:51:35.196761Z
ChIJ2zSSA3B2AjoRMpgap4Q9JaA,FOOD ZONE,places,en,175,22.5888576,88.39014065,22.5897957,88.3927405,0,kol,Kolkata,2026-09-01T02:51:35.196765Z
ChIJF86hqe1xAjoRmr4RxgBWGQQ,Cafe MQXT I Cafe | Bistro,places,en,176,22.5138639,88.32697160000001,22.513327,88.3267589,0,kol,Kolkata,2026-09-01T02:51:35.659709Z
ChIJ8UA9w55xAjoRZS-EA9K2WZ0,A Dessert Affair,places,en,176,22.5138639,88.32697160000001,22.5136821,88.3275867,0,kol,Kolkata,2026-09-01T02:51:35.659754Z
ChIJpxzMsTl3AjoR_HZUcin0yKQ,At Litti King - New Alipore,places,en,176,22.5138639,88.32697160000001,22.5132646,88.32688689999999,0,kol,Kolkata,2026-09-01T02:51:35.659765Z
ChIJdx3MS31xAjoRlbmjJZIhZUI,Banana leaf,places,en,176,22.5138639,88.32697160000001,22.513143499999998,88.3262903,0,kol,Kolkata,2026-09-01T02:51:35.659773Z
ChIJ0z9BoatwAjoRYroWQOn0GG8,New Haji Biryani House,places,en,176,22.5138639,88.32697160000001,22.5126821,88.3273468,0,kol,Kolkata,2026-09-01T02:51:35.659781Z
ChIJiVtq33dxAjoR-FCAk9GD_e4,Bhuri Bhoj,places,en,176,22.5138639,88.32697160000001,22.5125061,88.3271419,0,kol,Kolkata,2026-09-01T02:51:35.659788Z
ChIJO0CP_MNxAjoRnRNdwt6Y7Tk,Muah! Fuchka,places,en,176,22.5138639,88.32697160000001,22.5124922,88.32715569999999,0,kol,Kolkata,2026-09-01T02:51:35.659795Z
ChIJFRwzXA9xAjoRy8ssJt7E0BE,EVENTRRA FOODS,places,en,176,22.5138639,88.32697160000001,22.5124958,88.3273438,0,kol,Kolkata,2026-09-01T02:51:35.659803Z
ChIJuekEkpdxAjoRKpVsjWe8eHA,Ghar Ka Zayka,places,en,176,22.5138639,88.32697160000001,22.512866,88.3258244,0,kol,Kolkata,2026-09-01T02:51:35.659810Z
ChIJEQXqZKtwAjoRkf0hgRMzbHw,Haji Biriyani,places,en,176,22.5138639,88.32697160000001,22.5124483,88.3265365,0,kol,Kolkata,2026-09-01T02:51:35.659817Z
ChIJ8eEkSqx7AjoRDnADAHiRtZY,Khai Khai Mama Bhagne,places,en,176,22.5138639,88.32697160000001,22.512377800000003,88.3271706,0,kol,Kolkata,2026-09-01T02:51:35.659824Z
ChIJlZDnKQBxAjoRW-Q_c8AQzas,Uncle Peter's Pancakes,places,en,176,22.5138639,88.32697160000001,22.5124338,88.3274761,0,kol,Kolkata,2026-09-01T02:51:35.659830Z
ChIJ-8HjqCVxAjoRcMPz35tj0C0,Bongo Biriyaani,places,en,176,22.5138639,88.32697160000001,22.512420400000003,88.32763469999999,0,kol,Kolkata,2026-09-01T02:51:35.659840Z
ChIJlTSqKQBxAjoRHDrAcfbSjeM,Aami Bangali Restaurant,places,en,176,22.5138639,88.32697160000001,22.5124235,88.32779389999999,0,kol,Kolkata,2026-09-01T02:51:35.659847Z
ChIJsxjrTTVxAjoRUG7NKnItfJA,Chai Bites,places,en,176,22.5138639,88.32697160000001,22.512435099999998,88.3279111,0,kol,Kolkata,2026-09-01T02:51:35.659854Z
ChIJd_kl7nBxAjoRHIGqaXEEW-s,Urban Chowpatty,places,en,176,22.5138639,88.32697160000001,22.512352,88.327745,0,kol,Kolkata,2026-09-01T02:51:35.659861Z
ChIJRzMBAf9xAjoRX182k5k4rr4,Hotel Ajoy,places,en,176,22.5138639,88.32697160000001,22.5124442,88.3281198,0,kol,Kolkata,2026-09-01T02:51:35.659867Z
ChIJSfJtItJxAjoR4HYOPl8TEso,SUBHO CHINESE FOOD HUT,places,en,176,22.5138639,88.32697160000001,22.5127298,88.32860629999999,0,kol,Kolkata,2026-09-01T02:51:35.659874Z
ChIJ4eNq-IVxAjoRsq6ZRlFYft0,Hare Krishna Prasad,places,en,177,22.50752835,88.3248911,22.5074212,88.3256552,0,kol,Kolkata,2026-09-01T02:51:36.030252Z
ChIJuWZn8sBxAjoRXOyCzJ5NK2c,Kebaabish Roll,places,en,177,22.50752835,88.3248911,22.5068043,88.3247516,0,kol,Kolkata,2026-09-01T02:51:36.030269Z
ChIJt8JvNKhwAjoRPQCQ-2e-4T4,China Zone,places,en,177,22.50752835,88.3248911,22.506584,88.3246355,0,kol,Kolkata,2026-09-01T02:51:36.030273Z
ChIJH3aq3L17AjoRfmiCuMiFwFo,Hungry Nation,places,en,177,22.50752835,88.3248911,22.506654299999997,88.3235978,0,kol,Kolkata,2026-09-01T02:51:36.030276Z
ChIJ84uOsKlxAjoRXA31j9RhBt0,A P J Abdul Kalam Food Court,places,en,177,22.50752835,88.3248911,22.5058749,88.324793,0,kol,Kolkata,2026-09-01T02:51:36.030278Z
ChIJaYGYSgB7AjoRTxPjd8ShrRk,New Royal biryani 2,places,en,177,22.50752835,88.3248911,22.5070762,88.3229734,0,kol,Kolkata,2026-09-01T02:51:36.030281Z
ChIJAdePXgB7AjoRTvEEXyDR4Ic,YumHub Resturant,places,en,177,22.50752835,88.3248911,22.5070551,88.3229698,0,kol,Kolkata,2026-09-01T02:51:36.030284Z
ChIJiXMB_ahwAjoRiFhncz_hOIc,Quince Restaurant Cum Bar Club & Lounge,places,en,177,22.50752835,88.3248911,22.5068429,88.3267642,0,kol,Kolkata,2026-09-01T02:51:36.030287Z
ChIJmZSHFuR7AjoRhoynAi0bRXM,Bombay delecacy,places,en,177,22.50752835,88.3248911,22.507149899999998,88.3227869,0,kol,Kolkata,2026-09-01T02:51:36.030289Z
ChIJCde7xDh7AjoRbdWchI4MC1g,New Biryani Corner,places,en,177,22.50752835,88.3248911,22.5072834,88.3226231,0,kol,Kolkata,2026-09-01T02:51:36.030292Z
ChIJDWecTvJ7AjoRUFHZ5VQ2Ufc,Suguna No1 Chicken Shop (Sujay Barik),places,en,177,22.50752835,88.3248911,22.5082509,88.3226447,0,kol,Kolkata,2026-09-01T02:51:36.030294Z
ChIJkT2s0sFxAjoRDkdMhyTDjM0,Keshav ki Rasoi,places,en,177,22.50752835,88.3248911,22.506895099999998,88.32721509999999,0,kol,Kolkata,2026-09-01T02:51:36.030297Z
ChIJRdAAZLhxAjoRtV-nR-BHPr0,Basanti's Fast Food,places,en,177,22.50752835,88.3248911,22.5051812,88.32473060000001,0,kol,Kolkata,2026-09-01T02:51:36.030299Z
ChIJufzdqppxAjoR8AmdzzRitcI,The Spice Box,places,en,177,22.50752835,88.3248911,22.507462699999998,88.3275015,0,kol,Kolkata,2026-09-01T02:51:36.030302Z
ChIJvdpqwc9xAjoRIWndcvA6DfQ,Tandoor adda,places,en,177,22.50752835,88.3248911,22.508734,88.322474,0,kol,Kolkata,2026-09-01T02:51:36.030304Z
ChIJZ2dAOAd6AjoRU0dHOVVxQIs,SHINE FRESH CHICKEN,places,en,177,22.50752835,88.3248911,22.5089966,88.3226021,0,kol,Kolkata,2026-09-01T02:51:36.030307Z
ChIJKWGAIgB7AjoRtqEcTUH19fg,Bhojohori Manna,places,en,177,22.50752835,88.3248911,22.5095065,88.3229984,0,kol,Kolkata,2026-09-01T02:51:36.030309Z
ChIJtdmex9l7AjoRoF7Wpuy0LnE,Tripti Fast Food,places,en,178,22.513258649999997,88.32221455,22.5132731,88.3226687,0,kol,Kolkata,2026-09-01T02:51:36.368064Z
ChIJVWeTfgF6AjoR7cYzjzgsAVo,Jai Jawan Stall,places,en,178,22.513258649999997,88.32221455,22.5125734,88.32182259999999,0,kol,Kolkata,2026-09-01T02:51:36.368100Z
ChIJnSlnbAB7AjoRiVZd7e09MsQ,Sandwich and shakes cafe,places,en,178,22.513258649999997,88.32221455,22.513168,88.32320299999999,0,kol,Kolkata,2026-09-01T02:51:36.368107Z
ChIJMcbNGRN7AjoRZKdlzHQI8kk,Raj Foodie,places,en,178,22.513258649999997,88.32221455,22.512311999999998,88.32204089999999,0,kol,Kolkata,2026-09-01T02:51:36.368112Z
ChIJAUqSqQF6AjoRCbyOLe4HLoE,Khusi Punjabi Dhaba,places,en,178,22.513258649999997,88.32221455,22.5129441,88.3210084,0,kol,Kolkata,2026-09-01T02:51:36.368117Z
ChIJM3BohIl7AjoRZnNpZhEaWrs,KFC,places,en,178,22.513258649999997,88.32221455,22.513077,88.32346199999999,0,kol,Kolkata,2026-09-01T02:51:36.368121Z
ChIJy0iehBd7AjoRMNAjDFVI9NI,Guru Punjab Dhaba,places,en,178,22.513258649999997,88.32221455,22.512813899999998,88.3209542,0,kol,Kolkata,2026-09-01T02:51:36.368125Z
ChIJ02vU7KZxAjoRv9E0tJM4aUU,La Pino'z Pizza New Alipore,places,en,178,22.513258649999997,88.32221455,22.5131124,88.3239633,0,kol,Kolkata,2026-09-01T02:51:36.368131Z
ChIJ____v6pwAjoR12lKGeKeFhs,Krishna Snacks Bar,places,en,178,22.513258649999997,88.32221455,22.5128435,88.3241441,0,kol,Kolkata,2026-09-01T02:51:36.368137Z
ChIJNeCwHiR7AjoRcGL9xSyr5MQ,Tea Junction Taratala,places,en,178,22.513258649999997,88.32221455,22.5114293,88.3229044,0,kol,Kolkata,2026-09-01T02:51:36.368143Z
ChIJGQpOeOV7AjoRT02UMX_Rbyg,New Shimla Zam Zam Biryani,places,en,178,22.513258649999997,88.32221455,22.5151994,88.3230877,0,kol,Kolkata,2026-09-01T02:51:36.368147Z
ChIJy8H2VQBxAjoRHCiACL4MOiU,Chatstall best,places,en,178,22.513258649999997,88.32221455,22.5139739,88.32433600000002,0,kol,Kolkata,2026-09-01T02:51:36.368151Z
ChIJi7YdGgB6AjoRGJPChsDAJqk,Arsalan Restaurant & Caterer,places,en,178,22.513258649999997,88.32221455,22.5153067,88.3231734,0,kol,Kolkata,2026-09-01T02:51:36.368155Z
ChIJNddWIvB7AjoRfqil2fiLoGw,Crunchy Bites,places,en,178,22.513258649999997,88.32221455,22.5155817,88.3232439,0,kol,Kolkata,2026-09-01T02:51:36.368160Z
ChIJCyelVcBwAjoRrbntyQW4L8o,South Indian Fast Food Centre,places,en,179,22.4954284,88.3455924,22.495081,88.3456753,0,kol,Kolkata,2026-09-01T02:51:36.719638Z
ChIJB92FY4NxAjoRUd2JFT9aW4I,Balaji Sandwich,places,en,179,22.4954284,88.3455924,22.494823699999998,88.3454438,0,kol,Kolkata,2026-09-01T02:51:36.719656Z
ChIJedG2671xAjoRS7b8HBHukv8,Metro Corner,places,en,179,22.4954284,88.3455924,22.4947537,88.3454287,0,kol,Kolkata,2026-09-01T02:51:36.719661Z
ChIJgwKRVOtxAjoR15PQHKsX9h4,Francis,places,en,179,22.4954284,88.3455924,22.4953365,88.3448293,0,kol,Kolkata,2026-09-01T02:51:36.719665Z
ChIJg-nLUMBwAjoRFWxotCblvVc,Wow! Momo,places,en,179,22.4954284,88.3455924,22.4944928,88.3453152,0,kol,Kolkata,2026-09-01T02:51:36.719669Z
ChIJOwyQ2NhxAjoRhLnfo9FzIDc,BLISS BIRYANI,places,en,179,22.4954284,88.3455924,22.494355900000002,88.3453227,0,kol,Kolkata,2026-09-01T02:51:36.719672Z
ChIJf55PyQVxAjoRkGKXLubi5dY,CHIC-SHAK,places,en,179,22.4954284,88.3455924,22.494215999999998,88.3453255,0,kol,Kolkata,2026-09-01T02:51:36.719676Z
ChIJ_00vAF1xAjoRvTdxskaUVNk,Dilip,places,en,179,22.4954284,88.3455924,22.4965697,88.34617539999999,0,kol,Kolkata,2026-09-01T02:51:36.719679Z
ChIJ15RnhnlxAjoROJbPBLpPEr0,Sucharita Food Stall,places,en,179,22.4954284,88.3455924,22.496150399999998,88.34688609999999,0,kol,Kolkata,2026-09-01T02:51:36.719683Z
ChIJMR3ya7hxAjoRp6PqdLNhZ4A,Sandwich Food Land,places,en,179,22.4954284,88.3455924,22.4961105,88.3469219,0,kol,Kolkata,2026-09-01T02:51:36.719686Z
ChIJv8XEUABxAjoRNa3XGQ4JbPQ,Khadya Rasik Bangali,places,en,179,22.4954284,88.3455924,22.496369299999998,88.3468707,0,kol,Kolkata,2026-09-01T02:51:36.719690Z
ChIJDS4wuV9xAjoREXWBRcetfxA,A-1 Tasty Food Center,places,en,179,22.4954284,88.3455924,22.496369299999998,88.3468707,0,kol,Kolkata,2026-09-01T02:51:36.719693Z
ChIJnVG_RgBxAjoRPRfLmvDahs0,Rohit Food Plaza,places,en,179,22.4954284,88.3455924,22.493878400000003,88.3452949,0,kol,Kolkata,2026-09-01T02:51:36.719697Z
ChIJOSE_0K5xAjoR2JTBmVlMa-s,The Roll's Ka-bab,places,en,179,22.4954284,88.3455924,22.496422499999998,88.3468924,0,kol,Kolkata,2026-09-01T02:51:36.719700Z
ChIJqSxVUtNxAjoRJbdqfaZRFN0,TARA MA SNACKS,places,en,179,22.4954284,88.3455924,22.4937386,88.3450811,0,kol,Kolkata,2026-09-01T02:51:36.719703Z
ChIJZw2TScFwAjoR_0j1TQTcCik,The Royal Bengal Tiger Cafe,places,en,179,22.4954284,88.3455924,22.4962678,88.3472513,0,kol,Kolkata,2026-09-01T02:51:36.719707Z
ChIJ_Zs0v4txAjoRHCXR-2Y7u78,Tongue Twister,places,en,179,22.4954284,88.3455924,22.497171700000003,88.3463829,0,kol,Kolkata,2026-09-01T02:51:36.719710Z
ChIJh4CH_MhwAjoRLvjzKWzst8I,Tipu Sultan,places,en,179,22.4954284,88.3455924,22.4951238,88.3435398,0,kol,Kolkata,2026-09-01T02:51:36.719714Z
ChIJadDoC5ZxAjoRKhtgSDfe8UU,Akash Er Khabar,places,en,179,22.4954284,88.3455924,22.4974216,88.3453218,0,kol,Kolkata,2026-09-01T02:51:36.719717Z
ChIJi1V4OsFwAjoRh_tqwNiiFRg,Jubilee Grill,places,en,179,22.4954284,88.3455924,22.4974374,88.3465779,0,kol,Kolkata,2026-09-01T02:51:36.719721Z
ChIJR4ysbIJ3AjoRV9zBezoiFZE,MUMBAI FAST FOOD,places,en,180,22.559409350000003,88.35050555000001,22.5595994,88.35097259999999,0,kol,Kolkata,2026-09-01T02:51:37.085837Z
ChIJM946sYF3AjoRBPBOpPlZNeY,The Combo Company,places,en,180,22.559409350000003,88.35050555000001,22.558959899999998,88.35046820000001,0,kol,Kolkata,2026-09-01T02:51:37.085878Z
ChIJ24Jtvqd3AjoRG-vH1kA3DeY,Hindusthan Restaurant & Bar,places,en,180,22.559409350000003,88.35050555000001,22.559807499999998,88.35098029999999,0,kol,Kolkata,2026-09-01T02:51:37.085885Z
ChIJ8YfG2Qh3AjoR5KaRN2Xbcto,SOI - The Asian Street Kitchen,places,en,180,22.559409350000003,88.35050555000001,22.558778099999998,88.3508257,0,kol,Kolkata,2026-09-01T02:51:37.085890Z
ChIJ24Jtvqd3AjoRFb_Bd8Il8Cw,Zaranj,places,en,180,22.559409350000003,88.35050555000001,22.5587022,88.35089029999999,0,kol,Kolkata,2026-09-01T02:51:37.085895Z
ChIJnxjKmAh3AjoR5_GBA3DpXlE,Badshah Bar & Restaurant,places,en,180,22.559409350000003,88.35050555000001,22.5595707,88.35138839999999,0,kol,Kolkata,2026-09-01T02:51:37.085899Z
ChIJT5wTMiR3AjoR4lqD4XZnOf8,Cafe Bloom,places,en,180,22.559409350000003,88.35050555000001,22.5586131,88.3512062,0,kol,Kolkata,2026-09-01T02:51:37.085904Z
ChIJ5VkR7Ah3AjoRMg6oNnGJB1Y,THE TIFFIN BOX,places,en,180,22.559409350000003,88.35050555000001,22.5596863,88.35167679999999,0,kol,Kolkata,2026-09-01T02:51:37.085908Z
ChIJXQwBeAB3AjoRx1cLRPMGgug,Pav bhaji,places,en,180,22.559409350000003,88.35050555000001,22.5597537,88.3517162,0,kol,Kolkata,2026-09-01T02:51:37.085912Z
ChIJNywtPdZ3AjoRhHJBmsHFmwg,Rang De Basanti Dhaba- New Market,places,en,180,22.559409350000003,88.35050555000001,22.559724,88.3517648,0,kol,Kolkata,2026-09-01T02:51:37.085916Z
ChIJw6SmMgB3AjoRXlDbCEtqgZw,Dharmatala new market,places,en,180,22.559409350000003,88.35050555000001,22.559925900000003,88.3517608,0,kol,Kolkata,2026-09-01T02:51:37.085920Z
ChIJK8_vbgB3AjoRgD6ZeacRhOQ,Tara Rolls,places,en,180,22.559409350000003,88.35050555000001,22.5594809,88.3518819,0,kol,Kolkata,2026-09-01T02:51:37.085925Z
ChIJSZVi8q53AjoRkCXde4TByp0,Barbeque Nation,places,en,180,22.559409350000003,88.35050555000001,22.5596778,88.35187379999999,0,kol,Kolkata,2026-09-01T02:51:37.085929Z
ChIJpxW2VQh3AjoR8ObKhf9O8Bk,Orko'ss Express Cafe,places,en,180,22.559409350000003,88.35050555000001,22.5606249,88.3510281,0,kol,Kolkata,2026-09-01T02:51:37.085933Z
ChIJG1qZ9gh3AjoRgu4oNqKGIn8,Yes!Momo,places,en,180,22.559409350000003,88.35050555000001,22.560461699999998,88.35141700000001,0,kol,Kolkata,2026-09-01T02:51:37.085937Z
ChIJr3uvYrF3AjoRadygoFqhiQg,Fiesta By Barbeque Nation - New Market,places,en,180,22.559409350000003,88.35050555000001,22.5598679,88.3518802,0,kol,Kolkata,2026-09-01T02:51:37.085941Z
ChIJk3P-ESp3AjoRQHR2_dY4G1U,Food House,places,en,180,22.559409350000003,88.35050555000001,22.5606355,88.3511657,0,kol,Kolkata,2026-09-01T02:51:37.085946Z
ChIJ-zjVCgB3AjoRR-Y2z8FbwDI,Haldiram’s,places,en,180,22.559409350000003,88.35050555000001,22.560287499999998,88.3516444,0,kol,Kolkata,2026-09-01T02:51:37.085950Z
ChIJOyfcDwB3AjoRcdZ9zKpC5PE,Thela Park,places,en,180,22.559409350000003,88.35050555000001,22.5602986,88.3516404,0,kol,Kolkata,2026-09-01T02:51:37.085955Z
ChIJY5qFIgB3AjoR-ZDQyA2c3qw,WOW China,places,en,180,22.559409350000003,88.35050555000001,22.5598875,88.3519039,0,kol,Kolkata,2026-09-01T02:51:37.085959Z
ChIJs96A0g93AjoRNqzH80WFQE4,Gangaur,places,en,181,22.5527018,88.3493852,22.5526813,88.3507968,0,kol,Kolkata,2026-09-01T02:51:37.434622Z
ChIJ4dqdcB53AjoRgDMMJ3Mmdl4,KING ROLL,places,en,181,22.5527018,88.3493852,22.5540092,88.3499385,0,kol,Kolkata,2026-09-01T02:51:37.434667Z
ChIJx1Of6Wx3AjoRFszxPYt8UhU,Indian Food,places,en,181,22.5527018,88.3493852,22.5540204,88.3501584,0,kol,Kolkata,2026-09-01T02:51:37.434679Z
ChIJQ-z4d-B3AjoR94DL5PpNymc,Hola Mexiloca,places,en,181,22.5527018,88.3493852,22.551141299999998,88.3491339,0,kol,Kolkata,2026-09-01T02:51:37.434686Z
ChIJqw7r-zh3AjoRt_TwHBYwD7E,Little Roti,places,en,181,22.5527018,88.3493852,22.552448899999998,88.35109609999999,0,kol,Kolkata,2026-09-01T02:51:37.434694Z
ChIJOTY0Tdx3AjoRRHSKP81jIJM,Ramji Maharaj,places,en,181,22.5527018,88.3493852,22.552713400000002,88.3511397,0,kol,Kolkata,2026-09-01T02:51:37.434702Z
ChIJS9kAXyJ3AjoRQEjAxtsBhho,Shatrughan Sah Jhal Muriwala,places,en,181,22.5527018,88.3493852,22.552742,88.351154,0,kol,Kolkata,2026-09-01T02:51:37.434709Z
ChIJ51b1TAB3AjoRn8iWaic4r5o,D K Gupta Jhalmuri wala,places,en,181,22.5527018,88.3493852,22.552807599999998,88.35115700000001,0,kol,Kolkata,2026-09-01T02:51:37.434717Z
ChIJW-ZrmfZ3AjoRnFiOq_6gQe8,Ramdas Maharaj Phuchka,places,en,181,22.5527018,88.3493852,22.552782099999998,88.3511807,0,kol,Kolkata,2026-09-01T02:51:37.434724Z
ChIJRwDLNIF3AjoR0A1sxA8qvG0,Russel Street Puchka Wala,places,en,181,22.5527018,88.3493852,22.5528414,88.3511777,0,kol,Kolkata,2026-09-01T02:51:37.434732Z
ChIJ_6SGkBF3AjoRZpTLm7qZZFU,The Biryani Inc.,places,en,181,22.5527018,88.3493852,22.5510357,88.34931329999999,0,kol,Kolkata,2026-09-01T02:51:37.434739Z
ChIJIdop0A93AjoREwLFlVHdfLY,I Love Haldiram,places,en,181,22.5527018,88.3493852,22.552842100000003,88.35118390000001,0,kol,Kolkata,2026-09-01T02:51:37.434746Z
ChIJtWEYcgB3AjoRiGkmimANbWo,Akaash Pawbhaji,places,en,181,22.5527018,88.3493852,22.554301499999998,88.3501198,0,kol,Kolkata,2026-09-01T02:51:37.434753Z
ChIJ4QW4FgB3AjoRqxNjtRX3yOw,Rajsthani chat,places,en,181,22.5527018,88.3493852,22.5543017,88.3501199,0,kol,Kolkata,2026-09-01T02:51:37.434760Z
ChIJi96GyA93AjoRR1UHhqO3ce4,KINGFISHER,places,en,181,22.5527018,88.3493852,22.5531471,88.3512587,0,kol,Kolkata,2026-09-01T02:51:37.434767Z
ChIJO6XXAhB3AjoR3pDRfD8JHdg,Floriana Restaurant,places,en,181,22.5527018,88.3493852,22.5531853,88.3512813,0,kol,Kolkata,2026-09-01T02:51:37.434774Z
ChIJD2CuWIp3AjoRUP_EjuFDfoA,Waldorf Restaurant and Bar,places,en,181,22.5527018,88.3493852,22.553276200000003,88.3512973,0,kol,Kolkata,2026-09-01T02:51:37.434781Z
ChIJg8g3fQB3AjoRG4llMDiYBtk,Krishna Cafe,places,en,181,22.5527018,88.3493852,22.5541885,88.3506295,0,kol,Kolkata,2026-09-01T02:51:37.434788Z
ChIJeXHKtQV3AjoR_nYKNl4O5gw,BAIDHNATH SHOP,places,en,181,22.5527018,88.3493852,22.554414299999998,88.35024489999999,0,kol,Kolkata,2026-09-01T02:51:37.434795Z
ChIJZYpHjr93AjoRJeEZ5V9LFJg,Bhel Puri Yadav,places,en,181,22.5527018,88.3493852,22.5508478,88.3503224,0,kol,Kolkata,2026-09-01T02:51:37.434802Z
ChIJGynIUK6d-DkRp-UP3BanIiY,GALAWATI BIRYANI,places,en,182,22.62106565,88.37900644999999,22.6219836,88.3792079,0,kol,Kolkata,2026-09-01T02:51:37.788965Z
ChIJhXL7OUGd-DkRYOcUd3l2aaY,AHA KI ANANDA RESTURANT,places,en,182,22.62106565,88.37900644999999,22.6216611,88.3803251,0,kol,Kolkata,2026-09-01T02:51:37.789014Z
ChIJN6r35kCd-DkRDN_2jt2efQo,Bhikharam Chandmal Chiria More,places,en,182,22.62106565,88.37900644999999,22.6193647,88.3789403,0,kol,Kolkata,2026-09-01T02:51:37.789024Z
ChIJAeSXQoyd-DkRdGVmY0-ClR8,Hotel Chandigarh,places,en,182,22.62106565,88.37900644999999,22.619339,88.3789006,0,kol,Kolkata,2026-09-01T02:51:37.789032Z
ChIJHSOwPn6d-DkRAZ7sPqKY8LE,Anjali Caterer And Traders,places,en,182,22.62106565,88.37900644999999,22.622825,88.3779691,0,kol,Kolkata,2026-09-01T02:51:37.789040Z
ChIJJcUsluGd-DkR7Sg0DQasyGs,KOLKATA DHABA,places,en,182,22.62106565,88.37900644999999,22.618900399999998,88.378953,0,kol,Kolkata,2026-09-01T02:51:37.789047Z
ChIJHwDT3Wid-DkR1KAPk0dCYZ4,MOMO WALA,places,en,182,22.62106565,88.37900644999999,22.6186917,88.3796624,0,kol,Kolkata,2026-09-01T02:51:37.789054Z
ChIJnQ52jYyd-DkReSEtVh8bgxM,Ghosh Food Corner,places,en,182,22.62106565,88.37900644999999,22.6188032,88.38025619999999,0,kol,Kolkata,2026-09-01T02:51:37.789062Z
ChIJ8R42uYyd-DkRsIVgsVYjR5E,ABAR KHABOO RESTAURANT & CATERER,places,en,182,22.62106565,88.37900644999999,22.6188045,88.380292,0,kol,Kolkata,2026-09-01T02:51:37.789068Z
ChIJgfPBZIyd-DkRIr-Jadb3xX4,Nataraj Hotel,places,en,182,22.62106565,88.37900644999999,22.6184642,88.37947410000001,0,kol,Kolkata,2026-09-01T02:51:37.789075Z
ChIJG4RaZIyd-DkRi0PaNo3Ulao,Tandoor-E-Punjab,places,en,182,22.62106565,88.37900644999999,22.618457300000003,88.3795166,0,kol,Kolkata,2026-09-01T02:51:37.789082Z
ChIJoXTFaUyd-DkRfzOv0wI22S4,TIBU Taste Of Hills,places,en,183,22.61248775,88.38972735,22.6121256,88.39003629999999,0,kol,Kolkata,2026-09-01T02:51:38.247742Z
ChIJqz2SzOed-DkRZ9Q94juAZxc,The Crunchy Box,places,en,183,22.61248775,88.38972735,22.612191799999998,88.39081689999999,0,kol,Kolkata,2026-09-01T02:51:38.247794Z
ChIJTVBrROV3AjoRM6GfBSjUmtM,Maaer Hensel (taste of home),places,en,183,22.61248775,88.38972735,22.6109699,88.389161,0,kol,Kolkata,2026-09-01T02:51:38.247805Z
ChIJOezIXwad-DkRd1zY-84WoAs,Bachchur Ghugni,places,en,183,22.61248775,88.38972735,22.6133854,88.39149069999999,0,kol,Kolkata,2026-09-01T02:51:38.247813Z
ChIJB0alVF-d-DkRCPYmrZhAOn0,Yumdeck,places,en,183,22.61248775,88.38972735,22.6135011,88.39143,0,kol,Kolkata,2026-09-01T02:51:38.247820Z
ChIJkZQCToR3AjoR6k-0QbgaIX4,Lalla Biryani Corner,places,en,183,22.61248775,88.38972735,22.610664,88.3891814,0,kol,Kolkata,2026-09-01T02:51:38.247828Z
ChIJMf4t6A93AjoRzhuvYnLTlng,Food Museum - Cafe & Restaurant,places,en,183,22.61248775,88.38972735,22.6106348,88.389009,0,kol,Kolkata,2026-09-01T02:51:38.247835Z
ChIJRf2oA_ad-DkROv9Zi7ztiS0,Debansh Restuarant,places,en,183,22.61248775,88.38972735,22.612095699999998,88.3874901,0,kol,Kolkata,2026-09-01T02:51:38.247843Z
ChIJ1_VzPQB3AjoR7PdnTxrRtJs,Priyanka Food Hub,places,en,183,22.61248775,88.38972735,22.6115931,88.3874761,0,kol,Kolkata,2026-09-01T02:51:38.247850Z
ChIJ6YwhcXOd-DkR7TjOvFLGTnY,Roti Ghar,places,en,183,22.61248775,88.38972735,22.612612199999997,88.38714089999999,0,kol,Kolkata,2026-09-01T02:51:38.247857Z
ChIJHS6dZAB3AjoRFS_sF5LibUU,Mouth Harvest,places,en,183,22.61248775,88.38972735,22.6112269,88.39191559999999,0,kol,Kolkata,2026-09-01T02:51:38.247864Z
ChIJi4H3-x12AjoRJIgYuaJMeDA,Taste House,places,en,183,22.61248775,88.38972735,22.6113411,88.3873081,0,kol,Kolkata,2026-09-01T02:51:38.247871Z
ChIJDz1OLBud-DkR2iJL7c2cY-w,Shaw's Spicy,places,en,184,22.61378545,88.3834805,22.6140366,88.3827208,0,kol,Kolkata,2026-09-01T02:51:38.655443Z
ChIJYSVG_F2d-DkR4Bx0w9rBRGk,Mahabir Mukhoruchi tiffin Center,places,en,184,22.61378545,88.3834805,22.612556299999998,88.3838244,0,kol,Kolkata,2026-09-01T02:51:38.655488Z
ChIJF3d0d_Wd-DkROO-lf-G-Z1M,Foodies express,places,en,184,22.61378545,88.3834805,22.6126015,88.3844553,0,kol,Kolkata,2026-09-01T02:51:38.655499Z
ChIJPd602k2d-DkR8eOta_5OtB4,Gargi Snacks,places,en,184,22.61378545,88.3834805,22.612593099999998,88.38451660000001,0,kol,Kolkata,2026-09-01T02:51:38.655507Z
ChIJPQnESyWd-DkR2wdZXNoeJ2o,Food fusion cafe(FFC),places,en,184,22.61378545,88.3834805,22.612593099999998,88.38451669999999,0,kol,Kolkata,2026-09-01T02:51:38.655516Z
ChIJR0AIs0-d-DkRx7BR5DkqlmU,Amar Shilpi Restro Cafe,places,en,184,22.61378545,88.3834805,22.612458,88.384846,0,kol,Kolkata,2026-09-01T02:51:38.655523Z
ChIJXRYYg_Wd-DkRgfv9EIs7wik,Park Cafe,places,en,184,22.61378545,88.3834805,22.6123995,88.3848306,0,kol,Kolkata,2026-09-01T02:51:38.655531Z
ChIJG4P3IB52AjoRZfjmecJf8K0,Tripti Sadan,places,en,184,22.61378545,88.3834805,22.611994199999998,88.3851838,0,kol,Kolkata,2026-09-01T02:51:38.655538Z
ChIJueY_J6Od-DkRFKOeFP1sI8M,INDIA ROSA,places,en,184,22.61378545,88.3834805,22.6127495,88.3859796,0,kol,Kolkata,2026-09-01T02:51:38.655545Z
ChIJydrbWACd-DkR5wp2JKAqTS0,KOLKATA meets TOKYO,places,en,184,22.61378545,88.3834805,22.613195899999997,88.3861512,0,kol,Kolkata,2026-09-01T02:51:38.655552Z
ChIJ7Viq7fWd-DkR80DOoxL3MTQ,The Flavours,places,en,184,22.61378545,88.3834805,22.612731699999998,88.38598139999999,0,kol,Kolkata,2026-09-01T02:51:38.655560Z
ChIJrfDHKACd-DkRZJyIDu5VDSI,Tea And Nasta House,places,en,184,22.61378545,88.3834805,22.6119134,88.3853792,0,kol,Kolkata,2026-09-01T02:51:38.655567Z
ChIJM-EhivWd-DkRhME0Oz4N8hM,Nandini Kabab Centre,places,en,184,22.61378545,88.3834805,22.611868899999997,88.3854577,0,kol,Kolkata,2026-09-01T02:51:38.655573Z
ChIJc1JeGACd-DkR-CJ1IzhnQ4Y,Mayer Hater Ranna,places,en,184,22.61378545,88.3834805,22.6161809,88.3848156,0,kol,Kolkata,2026-09-01T02:51:38.655581Z
ChIJFaangyR3AjoRHTa4Z8JBB_s,Fresh N Fries,places,en,185,22.55296985,88.3831917,22.5531066,88.3832485,0,kol,Kolkata,2026-09-01T02:51:39.028699Z
ChIJ4VES7Nt3AjoR4KvuDWGGeFY,BIRYANI Shop,places,en,185,22.55296985,88.3831917,22.5527226,88.3826885,0,kol,Kolkata,2026-09-01T02:51:39.028742Z
ChIJO6hMHAB3AjoRGCaXLbRWCZI,Kolkata Bites,places,en,185,22.55296985,88.3831917,22.5539561,88.38321119999999,0,kol,Kolkata,2026-09-01T02:51:39.028755Z
ChIJo7f8Eo12AjoRfa-rDuxLZbU,Munna Anokha Biryani,places,en,185,22.55296985,88.3831917,22.5538729,88.3839842,0,kol,Kolkata,2026-09-01T02:51:39.028766Z
ChIJ666rRhR3AjoRtiIw6lFXWjU,Sayan Saha,places,en,185,22.55296985,88.3831917,22.554184799999998,88.3825924,0,kol,Kolkata,2026-09-01T02:51:39.028775Z
ChIJfwZQbMB3AjoRpEujXWEQPcE,BEHTAREEN Hotel,places,en,185,22.55296985,88.3831917,22.551420699999998,88.3826825,0,kol,Kolkata,2026-09-01T02:51:39.028782Z
ChIJ-eENRjB3AjoRTWTS21L6Yso,Mama Mess,places,en,185,22.55296985,88.3831917,22.5539787,88.3818525,0,kol,Kolkata,2026-09-01T02:51:39.028790Z
ChIJPRFGHYx3AjoRv4n50JXc9S8,Namastey Calcutta,places,en,185,22.55296985,88.3831917,22.551564000000003,88.382245,0,kol,Kolkata,2026-09-01T02:51:39.028797Z
ChIJCbtTmAR3AjoR-bbQPh-RbTw,CAELUM - Heaven For Foodies,places,en,185,22.55296985,88.3831917,22.551658699999997,88.3816654,0,kol,Kolkata,2026-09-01T02:51:39.028805Z
ChIJe2PfZHBxAjoRnfdRh99n7so,SmokyEmber,places,en,185,22.55296985,88.3831917,22.551408,88.381901,0,kol,Kolkata,2026-09-01T02:51:39.028812Z
ChIJB6EAFXh3AjoR7psjwE1ahBw,snacks arena fast food,places,en,185,22.55296985,88.3831917,22.55095,88.3840951,0,kol,Kolkata,2026-09-01T02:51:39.028820Z
ChIJUTsaE412AjoRb8P3vf77Bx8,Quality Restaurant,places,en,185,22.55296985,88.3831917,22.5509184,88.3822052,0,kol,Kolkata,2026-09-01T02:51:39.028828Z
ChIJDY_Zr2p3AjoRCAdCmUNxQ9Q,Tangra Dhaba,places,en,185,22.55296985,88.3831917,22.5547058,88.3848555,0,kol,Kolkata,2026-09-01T02:51:39.028836Z
ChIJJdYdmaV3AjoRRHMM6dI1Y3c,Krishna Tea Shop,places,en,185,22.55296985,88.3831917,22.5515321,88.3852012,0,kol,Kolkata,2026-09-01T02:51:39.028844Z
ChIJy_OCqY12AjoRqXBaXV0mUws,Famous Haji Biryani,places,en,185,22.55296985,88.3831917,22.554704899999997,88.384873,0,kol,Kolkata,2026-09-01T02:51:39.028852Z
ChIJUfazAQB3AjoR5qPdWlXJANQ,THE FRANKIE BITE,places,en,186,22.541697900000003,88.37708395,22.542109099999998,88.3767919,0,kol,Kolkata,2026-09-01T02:51:39.372732Z
ChIJlwuStM53AjoR249-FfZoUXg,SHAYAN CHICKEN,places,en,186,22.541697900000003,88.37708395,22.542815599999997,88.3765282,0,kol,Kolkata,2026-09-01T02:51:39.372775Z
ChIJrWZ9iDh3AjoRU65v4jOmlls,DESI BIRYANI,places,en,186,22.541697900000003,88.37708395,22.541166200000003,88.3756923,0,kol,Kolkata,2026-09-01T02:51:39.372786Z
ChIJR0ipbw9xAjoRDx7YqLrwIiY,Sima Restaurant,places,en,186,22.541697900000003,88.37708395,22.543004699999997,88.3763368,0,kol,Kolkata,2026-09-01T02:51:39.372796Z
ChIJgfLyPgB3AjoRP21O9_NXCFQ,Taj Biryani,places,en,186,22.541697900000003,88.37708395,22.5399653,88.37727880000001,0,kol,Kolkata,2026-09-01T02:51:39.372805Z
ChIJx1pmurh2AjoRwSYA9X8GYZM,Irfan Chicken Shop,places,en,186,22.541697900000003,88.37708395,22.5399653,88.37727880000001,0,kol,Kolkata,2026-09-01T02:51:39.372812Z
ChIJF1Snn5l3AjoRdaIKwetSenw,AL HALAL BIRYANI,places,en,186,22.541697900000003,88.37708395,22.5395882,88.3771848,0,kol,Kolkata,2026-09-01T02:51:39.372819Z
ChIJPQo4im53AjoRw6NlGQtvnuk,MR Naushad SN poly baG,places,en,186,22.541697900000003,88.37708395,22.540208399999997,88.3754316,0,kol,Kolkata,2026-09-01T02:51:39.372826Z
ChIJI_dmA8J2AjoR5BP5QloStbI,Puja Kachori,places,en,186,22.541697900000003,88.37708395,22.5395312,88.3772991,0,kol,Kolkata,2026-09-01T02:51:39.372833Z
ChIJD2dYOwB3AjoRVYqf1mTsXYE,Labbaik Restaurant,places,en,186,22.541697900000003,88.37708395,22.5395319,88.37732109999999,0,kol,Kolkata,2026-09-01T02:51:39.372840Z
ChIJewDJxn53AjoRG4nxIdhMBIw,Tiljala road,places,en,186,22.541697900000003,88.37708395,22.541303799999998,88.37479450000001,0,kol,Kolkata,2026-09-01T02:51:39.372847Z
ChIJTSkiUU13AjoRgaKFqR4kORg,D.F.C Fast Food,places,en,186,22.541697900000003,88.37708395,22.5394243,88.37662499999999,0,kol,Kolkata,2026-09-01T02:51:39.372855Z
ChIJhXHTQUd3AjoRVyQ1ylK7gik,Somnath Kitchen,places,en,186,22.541697900000003,88.37708395,22.5428006,88.3747563,0,kol,Kolkata,2026-09-01T02:51:39.372862Z
ChIJQejYE752AjoR0JU-Ad6aSzQ,Kalpataru Hindu Hotel #স্বাদে বাঙালি (Bengali Food),places,en,186,22.541697900000003,88.37708395,22.5398143,88.3789693,0,kol,Kolkata,2026-09-01T02:51:39.372869Z
ChIJKWc2bwB3AjoR1-33pPYDt-M,Dada Haji biryani,places,en,186,22.541697900000003,88.37708395,22.539764599999998,88.3789344,0,kol,Kolkata,2026-09-01T02:51:39.372876Z
ChIJ1311avx3AjoRWYvFSMuM24M,Sona Hotel,places,en,186,22.541697900000003,88.37708395,22.5395832,88.37869789999999,0,kol,Kolkata,2026-09-01T02:51:39.372882Z
ChIJl8hcjKN3AjoRXXtbtrjwTJM,Bindass Restaurant,places,en,186,22.541697900000003,88.37708395,22.5397076,88.37899070000002,0,kol,Kolkata,2026-09-01T02:51:39.372889Z
ChIJJ1sdb593AjoRy1pXyGJvJtg,Shila's Kitchen - Home Delivery Services,places,en,186,22.541697900000003,88.37708395,22.5430958,88.3795184,0,kol,Kolkata,2026-09-01T02:51:39.372896Z
ChIJmxyVcxZ3AjoRVHw2jgaKW1c,Wow! Momo,places,en,187,22.5414824,88.3485239,22.5415673,88.3483766,0,kol,Kolkata,2026-09-01T02:51:39.827175Z
ChIJT-o0KyR3AjoRL9uGpa631GM,Dumpliciousss,places,en,187,22.5414824,88.3485239,22.541775899999998,88.3483033,0,kol,Kolkata,2026-09-01T02:51:39.827205Z
ChIJLyVv_Ux3AjoRnqiALcbyYAk,Secret lounge & bar,places,en,187,22.5414824,88.3485239,22.5417654,88.348286,0,kol,Kolkata,2026-09-01T02:51:39.827210Z
ChIJMU5qcRZ3AjoRbXShY8HoF-E,Gokul Sweets,places,en,187,22.5414824,88.3485239,22.5418695,88.3483074,0,kol,Kolkata,2026-09-01T02:51:39.827214Z
ChIJgWmTbQB3AjoRcx_XiPhSwlo,Ishan Malik,places,en,187,22.5414824,88.3485239,22.541135,88.34897749999999,0,kol,Kolkata,2026-09-01T02:51:39.827218Z
ChIJmWOjCRZ3AjoRFxq-EnlhsHQ,SFIC Group HO,places,en,187,22.5414824,88.3485239,22.54092,88.348339,0,kol,Kolkata,2026-09-01T02:51:39.827221Z
ChIJr5PBsKt3AjoRSoDOu0Jz5Yw,Amour Factory Bar,places,en,187,22.5414824,88.3485239,22.5421516,88.3484593,0,kol,Kolkata,2026-09-01T02:51:39.827224Z
ChIJT00V0I93AjoRZuk0xOpKmZU,BenneCo. - Bangalore Butter Dosa,places,en,187,22.5414824,88.3485239,22.541851599999998,88.34787399999999,0,kol,Kolkata,2026-09-01T02:51:39.827227Z
ChIJy_ibWgB3AjoRN2QHz8ghzRo,Cosy Locus Cafe and Multicuisine Restaurant,places,en,187,22.5414824,88.3485239,22.541386499999998,88.3477267,0,kol,Kolkata,2026-09-01T02:51:39.827230Z
ChIJKZxiJwB3AjoRpHWtIy5DIvY,Singh Fast Food,places,en,187,22.5414824,88.3485239,22.5414928,88.3476364,0,kol,Kolkata,2026-09-01T02:51:39.827233Z
ChIJp81qwhV3AjoRoV3LeuoO-mc,Sian kitchen (Restaurant),places,en,187,22.5414824,88.3485239,22.541123100000004,88.3476397,0,kol,Kolkata,2026-09-01T02:51:39.827236Z
ChIJA8vpgYJ3AjoRsa8plR4o54w,Momo Stall Exide,places,en,187,22.5414824,88.3485239,22.5414966,88.3474995,0,kol,Kolkata,2026-09-01T02:51:39.827239Z
ChIJj3DQPRZ3AjoRFq2hTL0p1Wc,Garden Cafe,places,en,187,22.5414824,88.3485239,22.541044799999998,88.3494839,0,kol,Kolkata,2026-09-01T02:51:39.827241Z
ChIJ5U-HxBV3AjoRbcekDQDfR9Q,Haldiram,places,en,187,22.5414824,88.3485239,22.541797,88.34746249999999,0,kol,Kolkata,2026-09-01T02:51:39.827244Z
ChIJ8T1U9_J3AjoRSJw_warQW6o,Jalajog,places,en,187,22.5414824,88.3485239,22.541836099999998,88.3496117,0,kol,Kolkata,2026-09-01T02:51:39.827247Z
ChIJi2CXPxZ3AjoRWm29taTEemY,Corner cafe,places,en,187,22.5414824,88.3485239,22.5413632,88.3497015,0,kol,Kolkata,2026-09-01T02:51:39.827250Z
ChIJlcM_l7h3AjoRZEw5lOz4Bac,MD MINHAZ,places,en,187,22.5414824,88.3485239,22.542403,88.3478518,0,kol,Kolkata,2026-09-01T02:51:39.827254Z
ChIJJ9_E6RV3AjoR8mPmGT5Doec,Saima Restaurant,places,en,187,22.5414824,88.3485239,22.5413356,88.3473298,0,kol,Kolkata,2026-09-01T02:51:39.827258Z
ChIJQ3t3_s93AjoRc014mtwaoDk,Conversation Room,places,en,187,22.5414824,88.3485239,22.5426243,88.3479121,0,kol,Kolkata,2026-09-01T02:51:39.827261Z
ChIJWZuo1hV3AjoR1E90fUse2bU,Chowdhurys' Estate Guest House,places,en,187,22.5414824,88.3485239,22.5425687,88.3477016,0,kol,Kolkata,2026-09-01T02:51:39.827264Z
ChIJBSl5dgCd-DkR25bGjNl-Rhc,Snacks King,places,en,188,22.61674785,88.38804685,22.6169251,88.38782839999999,0,kol,Kolkata,2026-09-01T02:51:40.228236Z
ChIJ7aL1r_ad-DkRbEWslew0iM0,Northern Momo Center,places,en,188,22.61674785,88.38804685,22.6170147,88.3876315,0,kol,Kolkata,2026-09-01T02:51:40.228274Z
ChIJDZ8mbaCd-DkR9VWYfl60NPE,CHAIYALLAS,places,en,188,22.61674785,88.38804685,22.6169732,88.38748609999999,0,kol,Kolkata,2026-09-01T02:51:40.228281Z
ChIJL_t70L-d-DkRODpvbs-tZp4,Calcutta 7,places,en,188,22.61674785,88.38804685,22.6165228,88.3886788,0,kol,Kolkata,2026-09-01T02:51:40.228287Z
ChIJZfRpAnyd-DkRIn9kAGuauWo,Tandoor-e-Bites,places,en,188,22.61674785,88.38804685,22.6162997,88.3872525,0,kol,Kolkata,2026-09-01T02:51:40.228292Z
ChIJ3fKK2_Wd-DkRJf8VZN19aII,Ice and Spice,places,en,188,22.61674785,88.38804685,22.6160565,88.3874674,0,kol,Kolkata,2026-09-01T02:51:40.228296Z
ChIJHcE0n_ad-DkRuUN0CQZtR3g,Steaming Mug,places,en,188,22.61674785,88.38804685,22.6161429,88.38727999999999,0,kol,Kolkata,2026-09-01T02:51:40.228301Z
ChIJR4WSHfSd-DkRvVZYtmFnIbs,Hungry Hut,places,en,188,22.61674785,88.38804685,22.617513499999998,88.387519,0,kol,Kolkata,2026-09-01T02:51:40.228305Z
ChIJsfX3TACd-DkR5nMD698xUm4,Eatz N Treatz,places,en,188,22.61674785,88.38804685,22.6176458,88.38753799999999,0,kol,Kolkata,2026-09-01T02:51:40.228309Z
ChIJ451mZwCd-DkR3uNhthFXQis,Super star Ashraf biryani paikpra bazar,places,en,188,22.61674785,88.38804685,22.6157258,88.3873536,0,kol,Kolkata,2026-09-01T02:51:40.228313Z
ChIJ97hQqPGd-DkRrqHDlH7o0nA,The Eat & Drink Home'kitchen,places,en,188,22.61674785,88.38804685,22.617850500000003,88.38878729999999,0,kol,Kolkata,2026-09-01T02:51:40.228318Z
ChIJV1SdGgCd-DkRM-iC5yK4Qpo,Neelachal Paikpara,places,en,188,22.61674785,88.38804685,22.6180786,88.38758469999999,0,kol,Kolkata,2026-09-01T02:51:40.228322Z
ChIJ85baMQCd-DkRBhI5q-ackKE,Khai Khai Art Cafe,places,en,188,22.61674785,88.38804685,22.6151731,88.38711339999999,0,kol,Kolkata,2026-09-01T02:51:40.228327Z
ChIJSzK5xpid-DkRHKZ9U41v_jw,Santosh papri Chat,places,en,188,22.61674785,88.38804685,22.6183369,88.38921429999999,0,kol,Kolkata,2026-09-01T02:51:40.228331Z
ChIJSbRTdkKd-DkR3T3pjYgXhWs,The Bong Biriyani House,places,en,188,22.61674785,88.38804685,22.6187824,88.38852390000001,0,kol,Kolkata,2026-09-01T02:51:40.228336Z
ChIJx5ls11ud-DkRHm--vWzMKjI,Mrs.Moumita Bhadra Eating House,places,en,188,22.61674785,88.38804685,22.618562999999998,88.38918319999999,0,kol,Kolkata,2026-09-01T02:51:40.228340Z
ChIJ4X5oR_Gd-DkRpMOMEPRyUVQ,Sayani Restuarant,places,en,188,22.61674785,88.38804685,22.618822299999998,88.388438,0,kol,Kolkata,2026-09-01T02:51:40.228344Z
ChIJryUYHkmd-DkR8aoi_18tJDw,Manoj Hotel,places,en,188,22.61674785,88.38804685,22.61879,88.388643,0,kol,Kolkata,2026-09-01T02:51:40.228348Z
ChIJJ1Jf0RGd-DkRJgmu1GzcQeE,Sandwich Hub,places,en,188,22.61674785,88.38804685,22.618953299999998,88.3884775,0,kol,Kolkata,2026-09-01T02:51:40.228353Z
ChIJTY4_P_Gd-DkRbOfN6efYNXY,Bholanath Eating House,places,en,188,22.61674785,88.38804685,22.618977599999997,88.3883417,0,kol,Kolkata,2026-09-01T02:51:40.228357Z
ChIJ3WwUFTJ3AjoRVkRAZDGXjrU,Maa Annupurna Snacks,places,en,189,22.6103002,88.39212459999999,22.609280899999998,88.3910489,0,kol,Kolkata,2026-09-01T02:51:40.573132Z
ChIJSWOiGh93AjoRt25O25X9jL0,SWARUPANANDA EATING HOUSE,places,en,189,22.6103002,88.39212459999999,22.609030999999998,88.3902647,0,kol,Kolkata,2026-09-01T02:51:40.573176Z
ChIJ-60p6yV3AjoR2A32ciQnL2s,Sukla Fast Food Centre,places,en,189,22.6103002,88.39212459999999,22.609531399999998,88.3899484,0,kol,Kolkata,2026-09-01T02:51:40.573186Z
ChIJh8jCeZl3AjoRXuGkkjkHCGk,Goutam Shop,places,en,189,22.6103002,88.39212459999999,22.608722,88.39042789999999,0,kol,Kolkata,2026-09-01T02:51:40.573194Z
ChIJXSmjRm13AjoRG1FEUlqs2JE,Kolkata Canteen,places,en,189,22.6103002,88.39212459999999,22.6087694,88.3901284,0,kol,Kolkata,2026-09-01T02:51:40.573205Z
ChIJLe6kGuV3AjoRGEcWczy-Zr0,KAVIAR RESTAURANT,places,en,189,22.6103002,88.39212459999999,22.6095725,88.38961479999999,0,kol,Kolkata,2026-09-01T02:51:40.573212Z
ChIJRWOvWACd-DkRr3-Q6-k8Lko,Govinda’s Veg,places,en,189,22.6103002,88.39212459999999,22.611988,88.39435189999999,0,kol,Kolkata,2026-09-01T02:51:40.573221Z
ChIJnTImcHx2AjoRyssc5bimif8,DEBARUSH KITCHEN & CATERER,places,en,190,22.570340899999998,88.3949519,22.5693904,88.39505199999999,0,kol,Kolkata,2026-09-01T02:51:40.903461Z
ChIJp0Kxbsd3AjoRSU7Amt_DPMA,KHUSHBOO KI RASOI,places,en,190,22.570340899999998,88.3949519,22.567885699999998,88.39551089999999,0,kol,Kolkata,2026-09-01T02:51:40.903486Z
ChIJVVVVlbt2AjoRL5csE6qM-P4,Golden Joy Restaurant,places,en,191,22.544762499999997,88.38699405,22.545560599999998,88.38738,0,kol,Kolkata,2026-09-01T02:51:41.285147Z
ChIJHy7Lq-d3AjoRa3Gk9trWycg,Chalachitra Resturent,places,en,191,22.544762499999997,88.38699405,22.545567899999998,88.3873821,0,kol,Kolkata,2026-09-01T02:51:41.285165Z
ChIJ_Vr2A1Z3AjoRtOYFvGBk8eI,Ming Garden Chinese Restaurant,places,en,191,22.544762499999997,88.38699405,22.5455288,88.3876641,0,kol,Kolkata,2026-09-01T02:51:41.285169Z
ChIJLdG2hNt3AjoRvMMikdTnXEI,Khandvi Queen,places,en,191,22.544762499999997,88.38699405,22.545196400000002,88.38593139999999,0,kol,Kolkata,2026-09-01T02:51:41.285172Z
ChIJQZM2FGt3AjoR8oxZY3P0rbU,KOLKATA BIRYANI HOUSE,places,en,191,22.544762499999997,88.38699405,22.545755,88.38645,0,kol,Kolkata,2026-09-01T02:51:41.285175Z
ChIJB1bPJBp3AjoRhnzLhMETGIE,Star Indian Biryani,places,en,191,22.544762499999997,88.38699405,22.545997699999997,88.3869831,0,kol,Kolkata,2026-09-01T02:51:41.285177Z
ChIJ0azTwcB2AjoRtQCx2S9CbMw,China Town,places,en,191,22.544762499999997,88.38699405,22.546017,88.387056,0,kol,Kolkata,2026-09-01T02:51:41.285180Z
ChIJAU3dWy15AjoR3rZl6ojR7u8,Mandarin Gourmet,places,en,191,22.544762499999997,88.38699405,22.545108199999998,88.38836119999999,0,kol,Kolkata,2026-09-01T02:51:41.285183Z
ChIJMZ_-I_h3AjoRDG-4lom4fuQ,Rajdeep Fast Food Shop,places,en,191,22.544762499999997,88.38699405,22.546073999999997,88.38606569999999,0,kol,Kolkata,2026-09-01T02:51:41.285186Z
ChIJNWu2AJR2AjoRJum_7S52wwM,Beijing Restaurant,places,en,191,22.544762499999997,88.38699405,22.546542199999998,88.38706549999999,0,kol,Kolkata,2026-09-01T02:51:41.285189Z
ChIJqVL3U5F2AjoRaIXBoo6Y2_8,Golden Empire,places,en,191,22.544762499999997,88.38699405,22.546542499999997,88.3872769,0,kol,Kolkata,2026-09-01T02:51:41.285191Z
ChIJTSxGSZF2AjoRZ26AJJ8IIvM,China Gardens,places,en,191,22.544762499999997,88.38699405,22.546642,88.3873416,0,kol,Kolkata,2026-09-01T02:51:41.285194Z
ChIJSZjmOgB3AjoRrFJoNCrCJkE,Nepali Momo Cafe,places,en,191,22.544762499999997,88.38699405,22.542796199999998,88.386883,0,kol,Kolkata,2026-09-01T02:51:41.285197Z
ChIJ3xYmXhx3AjoRWF1t1nTIf0w,Kaberi Fast Food,places,en,191,22.544762499999997,88.38699405,22.546330299999997,88.38568839999999,0,kol,Kolkata,2026-09-01T02:51:41.285199Z
ChIJV5Sqf5l1AjoRkHCF6GiKFUs,Big Boss Restaurant,places,en,191,22.544762499999997,88.38699405,22.5468153,88.3879568,0,kol,Kolkata,2026-09-01T02:51:41.285202Z
ChIJO1FgTo53AjoR7o_bSVo4Fsw,Eaton,places,en,191,22.544762499999997,88.38699405,22.5432053,88.38878179999999,0,kol,Kolkata,2026-09-01T02:51:41.285205Z
ChIJ2X9Q2JV2AjoRmVK_g-716r8,Shree Kumaran South Indian Foods,places,en,191,22.544762499999997,88.38699405,22.5424129,88.38677799999999,0,kol,Kolkata,2026-09-01T02:51:41.285207Z
ChIJzYe6_kt3AjoRYyGR00AE7ko,Jona's Kitchen,places,en,191,22.544762499999997,88.38699405,22.5464262,88.38515749999999,0,kol,Kolkata,2026-09-01T02:51:41.285210Z
ChIJfdPlSQB3AjoRVwl_iwp0oEE,Christopher road,places,en,191,22.544762499999997,88.38699405,22.5464262,88.38515749999999,0,kol,Kolkata,2026-09-01T02:51:41.285213Z
ChIJV4jDPpF2AjoRH7syQKUc078,China Gate,places,en,191,22.544762499999997,88.38699405,22.547050499999997,88.3878567,0,kol,Kolkata,2026-09-01T02:51:41.285215Z
ChIJfdVULoV3AjoR94RC8_krBpU,Islam Hotel,places,en,192,22.5339441,88.37837400000001,22.533336199999997,88.3787109,0,kol,Kolkata,2026-09-01T02:51:41.630833Z
ChIJL2AmcQB3AjoRyxaOKpCTseM,Apna Shawarma Adda,places,en,192,22.5339441,88.37837400000001,22.534763299999998,88.3783942,0,kol,Kolkata,2026-09-01T02:51:41.630855Z
ChIJVbQa45Z3AjoR02mgAbuViUA,Guddu Fast Food,places,en,192,22.5339441,88.37837400000001,22.5335595,88.3793919,0,kol,Kolkata,2026-09-01T02:51:41.630861Z
ChIJZ-HSN0V3AjoRRPJXgOgGqOw,Gulab Halua Paratha,places,en,192,22.5339441,88.37837400000001,22.534955999999998,88.377864,0,kol,Kolkata,2026-09-01T02:51:41.630866Z
ChIJye3Z8SB3AjoREYtMhVQRgv0,Royal Delicacies | Authentic Moradabadi Biryani,places,en,192,22.5339441,88.37837400000001,22.532898499999998,88.3780153,0,kol,Kolkata,2026-09-01T02:51:41.630870Z
ChIJ_y_PcnZ3AjoRM_r7-3H1ByY,Guddu Biryani,places,en,192,22.5339441,88.37837400000001,22.5333862,88.3794341,0,kol,Kolkata,2026-09-01T02:51:41.630875Z
ChIJS3KF-ed3AjoRSuOxlQwKZA8,SHAINA FAST FOOD CENTRE,places,en,192,22.5339441,88.37837400000001,22.5340964,88.3771526,0,kol,Kolkata,2026-09-01T02:51:41.630879Z
ChIJzWaNLpt3AjoRuLHKENmOtc4,Biryani Express,places,en,192,22.5339441,88.37837400000001,22.533929,88.3770691,0,kol,Kolkata,2026-09-01T02:51:41.630883Z
ChIJM-otsR13AjoRQ-6OZ5I-Sj8,Nashta Dukan,places,en,192,22.5339441,88.37837400000001,22.533876,88.3770321,0,kol,Kolkata,2026-09-01T02:51:41.630888Z
ChIJdeiQFah3AjoRgUTIEu0LqSM,Firoj Fast Food,places,en,192,22.5339441,88.37837400000001,22.5338727,88.37703189999999,0,kol,Kolkata,2026-09-01T02:51:41.630892Z
ChIJ_SdHNYx3AjoR-96jHGCiOMU,Arif Fast Food,places,en,192,22.5339441,88.37837400000001,22.5342924,88.37700939999999,0,kol,Kolkata,2026-09-01T02:51:41.630896Z
ChIJcdx6AvV3AjoRURaM1zNup5A,Ramjan Hotel,places,en,192,22.5339441,88.37837400000001,22.534353499999998,88.37976499999999,0,kol,Kolkata,2026-09-01T02:51:41.630900Z
ChIJ6-WqtiN3AjoRQ1cjM5aiTNk,SIRAJ HOTEL,places,en,192,22.5339441,88.37837400000001,22.533889000000002,88.37994309999999,0,kol,Kolkata,2026-09-01T02:51:41.630905Z
ChIJ-ZxvtbV3AjoRkJWBOf2Mf44,Jakir Hotel,places,en,192,22.5339441,88.37837400000001,22.5325545,88.3787093,0,kol,Kolkata,2026-09-01T02:51:41.630908Z
ChIJvfvx1cB2AjoRcTnCEKLjcOw,Daawat Biryani & Fast Food,places,en,192,22.5339441,88.37837400000001,22.534580500000004,88.37979920000001,0,kol,Kolkata,2026-09-01T02:51:41.630912Z
ChIJTbPBZCR3AjoRQPsE7qK1uys,THE MOMO CART,places,en,192,22.5339441,88.37837400000001,22.534354,88.37989189999999,0,kol,Kolkata,2026-09-01T02:51:41.630916Z
ChIJC8ADWl53AjoRcA407wfgWd0,Abdul Biriyani Centre,places,en,192,22.5339441,88.37837400000001,22.534069499999998,88.37995579999999,0,kol,Kolkata,2026-09-01T02:51:41.630921Z
ChIJJ5O8w0x3AjoRubI-xa4nEA4,IMAM HOTEL,places,en,192,22.5339441,88.37837400000001,22.5341615,88.37996419999999,0,kol,Kolkata,2026-09-01T02:51:41.630925Z
ChIJ6UP8KcF2AjoRFD2OArI7p78,AFC,places,en,192,22.5339441,88.37837400000001,22.534768099999997,88.379758,0,kol,Kolkata,2026-09-01T02:51:41.630929Z
ChIJE1v2iEF3AjoR6XqEyDs2v7Y,Md Maksud Alam,places,en,192,22.5339441,88.37837400000001,22.5333179,88.3768911,0,kol,Kolkata,2026-09-01T02:51:41.630933Z
ChIJpdUcz0R7AjoRfpsTZpTrpgs,Rinku Kitchen,places,en,193,22.50989535,88.3073802,22.5097719,88.3084267,0,kol,Kolkata,2026-09-01T02:51:41.978234Z
ChIJWcmY6217AjoRl76HfIM9fmY,Halder Restaurant,places,en,193,22.50989535,88.3073802,22.508969699999998,88.30813429999999,0,kol,Kolkata,2026-09-01T02:51:41.978252Z
ChIJ8aMy5JF7AjoRwSCVZtW0Y28,Oh My Grill,places,en,193,22.50989535,88.3073802,22.5087236,88.30728719999999,0,kol,Kolkata,2026-09-01T02:51:41.978256Z
ChIJfTCiWgB7AjoR_HjqcEUiDmU,AHAR Resturent & Cafe,places,en,193,22.50989535,88.3073802,22.508898,88.306647,0,kol,Kolkata,2026-09-01T02:51:41.978260Z
ChIJ61tCwYh7AjoRaK_OLDT9YOA,Nice Biryani,places,en,193,22.50989535,88.3073802,22.5088363,88.3065886,0,kol,Kolkata,2026-09-01T02:51:41.978263Z
ChIJY6AEUQB7AjoRUf8vE7PUlys,Fish Junction,places,en,193,22.50989535,88.3073802,22.509566799999998,88.3060174,0,kol,Kolkata,2026-09-01T02:51:41.978266Z
ChIJe932go97AjoR87X5Nb6YFzw,Fast food stall,places,en,193,22.50989535,88.3073802,22.508665399999998,88.3067933,0,kol,Kolkata,2026-09-01T02:51:41.978270Z
ChIJtXPJhUV7AjoRhpMRv5_tLAs,Police Canteen,places,en,193,22.50989535,88.3073802,22.5085989,88.306912,0,kol,Kolkata,2026-09-01T02:51:41.978273Z
ChIJAwxq0wp7AjoR7Xp4tJH94ZM,Monginis Cake Shop,places,en,193,22.50989535,88.3073802,22.508595099999997,88.30669879999999,0,kol,Kolkata,2026-09-01T02:51:41.978276Z
ChIJq9gO3hh6AjoRxGVB7TEFxEo,Vimla Kachauri House,places,en,193,22.50989535,88.3073802,22.5084528,88.3066063,0,kol,Kolkata,2026-09-01T02:51:41.978279Z
ChIJ25byBbx7AjoRGZcJsNLjOHU,Aabbar Khabo,places,en,193,22.50989535,88.3073802,22.5083082,88.3070178,0,kol,Kolkata,2026-09-01T02:51:41.978282Z
ChIJUzl4Sh96AjoRKaS8HOgWwUo,Hungrills Restaurant & Caterer,places,en,193,22.50989535,88.3073802,22.509747299999997,88.3055724,0,kol,Kolkata,2026-09-01T02:51:41.978285Z
ChIJXTOf5Ux7AjoRHzzWGVNH8BA,Mughal-E-Ishq Restaurant,places,en,193,22.50989535,88.3073802,22.5083716,88.3065743,0,kol,Kolkata,2026-09-01T02:51:41.978288Z
ChIJ39LCAyN6AjoRzBnMWzti_i0,Hao Chi,places,en,193,22.50989535,88.3073802,22.5083223,88.3066011,0,kol,Kolkata,2026-09-01T02:51:41.978290Z
ChIJdaQVaaZ7AjoRcEeM3HGbjNY,Regale Inn Fast Food,places,en,193,22.50989535,88.3073802,22.508344299999997,88.3065273,0,kol,Kolkata,2026-09-01T02:51:41.978294Z
ChIJ78r83Bh6AjoR1TpkC3YOkHQ,Chopstick,places,en,193,22.50989535,88.3073802,22.508287499999998,88.3065609,0,kol,Kolkata,2026-09-01T02:51:41.978296Z
ChIJfWn5K_F7AjoRty6LJGNUcAQ,Fish Adda,places,en,193,22.50989535,88.3073802,22.508062499999998,88.3065625,0,kol,Kolkata,2026-09-01T02:51:41.978299Z
ChIJnX7rpKd7AjoRTQJwaPxn3hE,DRAGON CASTLE,places,en,193,22.50989535,88.3073802,22.5078663,88.3069003,0,kol,Kolkata,2026-09-01T02:51:41.978302Z
ChIJTfwsOrt7AjoREX3np4mpIhc,The Corner House,places,en,193,22.50989535,88.3073802,22.510416499999998,88.3050708,0,kol,Kolkata,2026-09-01T02:51:41.978305Z
ChIJgZrdjLR7AjoRyjZ0C70-IVk,Nonta- Chinese Restaurant,places,en,193,22.50989535,88.3073802,22.5106105,88.3050464,0,kol,Kolkata,2026-09-01T02:51:41.978308Z
ChIJK8pNcBl6AjoRDKq2DVvmb_g,Gobindo Mistanna Bhandar,places,en,194,22.50827905,88.30839750000001,22.507394599999998,88.3086642,0,kol,Kolkata,2026-09-01T02:51:42.411222Z
ChIJHX3GApV7AjoRk7mZIVVBnYk,"Domino's Pizza | Parnashree, Kolkata",places,en,194,22.50827905,88.30839750000001,22.5073,88.3086,0,kol,Kolkata,2026-09-01T02:51:42.411261Z
ChIJx9xR6MV7AjoRudX95i3U9NM,Szchuan Express,places,en,194,22.50827905,88.30839750000001,22.5076409,88.30665309999999,0,kol,Kolkata,2026-09-01T02:51:42.411280Z
ChIJVawmMwB7AjoRkM35R5xq26Q,Manick Food Corner,places,en,194,22.50827905,88.30839750000001,22.5067727,88.3092702,0,kol,Kolkata,2026-09-01T02:51:42.411286Z
ChIJ2xq2AnVxAjoRCNy2yLzoUg0,Bhojon Rashiker Adda,places,en,195,22.5074506,88.33330545,22.5075945,88.3333781,0,kol,Kolkata,2026-09-01T02:51:42.758855Z
ChIJ8RXLQgBxAjoRX4eheGTEVqI,Calcutta 53 Cafe,places,en,195,22.5074506,88.33330545,22.5074297,88.3337025,0,kol,Kolkata,2026-09-01T02:51:42.758899Z
ChIJZSb7G7txAjoR26fmDRWvKZ0,Grils and Tares seat,places,en,195,22.5074506,88.33330545,22.5079133,88.33316429999999,0,kol,Kolkata,2026-09-01T02:51:42.758910Z
ChIJX2TRFjxxAjoRACttkVibgQQ,South Indian Flavours,places,en,195,22.5074506,88.33330545,22.5084221,88.33347619999999,0,kol,Kolkata,2026-09-01T02:51:42.758918Z
ChIJQ1ON9RpxAjoRXYWseaTVPIE,Devereaux's Den,places,en,195,22.5074506,88.33330545,22.506637700000002,88.33413080000001,0,kol,Kolkata,2026-09-01T02:51:42.758926Z
ChIJbenlySpxAjoRXcKOnTt5sNs,Rock 'n' Roll Fast Food Centre,places,en,195,22.5074506,88.33330545,22.508647999999997,88.33321169999999,0,kol,Kolkata,2026-09-01T02:51:42.758934Z
ChIJuazWPDhxAjoRVSyXwuU48-o,Circular Cabin Hotel & Restaurant,places,en,195,22.5074506,88.33330545,22.508649899999998,88.33321079999999,0,kol,Kolkata,2026-09-01T02:51:42.758940Z
ChIJ3WcytK9wAjoRZPr56EFLNcY,Hotel Kochuri,places,en,195,22.5074506,88.33330545,22.506663,88.33226959999999,0,kol,Kolkata,2026-09-01T02:51:42.758947Z
ChIJq_GTLgFxAjoRzbw46rkP61I,Madhurima's Homez Food,places,en,195,22.5074506,88.33330545,22.50777,88.33178800000002,0,kol,Kolkata,2026-09-01T02:51:42.758954Z
ChIJdwKC_XlxAjoRFo0AD5daKm4,Momo Junction,places,en,195,22.5074506,88.33330545,22.506442099999997,88.3321697,0,kol,Kolkata,2026-09-01T02:51:42.758961Z
ChIJp17vQ6xxAjoRzC1WvKWT1MY,BUILD your OWN bag of CHIPS,places,en,195,22.5074506,88.33330545,22.5090392,88.33294269999999,0,kol,Kolkata,2026-09-01T02:51:42.758968Z
ChIJWUNRa7JxAjoRHm8Q4vjp7O4,Cup of Happiness,places,en,195,22.5074506,88.33330545,22.5090105,88.3338175,0,kol,Kolkata,2026-09-01T02:51:42.758975Z
ChIJeUrlt9BxAjoRUf-GgBpDY6Y,Burger King,places,en,195,22.5074506,88.33330545,22.5091006,88.3331048,0,kol,Kolkata,2026-09-01T02:51:42.758982Z
ChIJawmOJgBxAjoRk0QN1N7hLrM,SPICY,places,en,195,22.5074506,88.33330545,22.506772899999998,88.3349878,0,kol,Kolkata,2026-09-01T02:51:42.758990Z
ChIJqaQ8o4txAjoR28xc-lyc89o,Mughol Biriyani,places,en,195,22.5074506,88.33330545,22.5063706,88.3318072,0,kol,Kolkata,2026-09-01T02:51:42.758997Z
ChIJAW3rS7BwAjoRhdti8tiqE0E,Green Chilly,places,en,195,22.5074506,88.33330545,22.506669199999997,88.33502279999999,0,kol,Kolkata,2026-09-01T02:51:42.759004Z
ChIJWVpva-pxAjoRbsmBocwSppg,Wow! Momo,places,en,195,22.5074506,88.33330545,22.509054499999998,88.33415010000002,0,kol,Kolkata,2026-09-01T02:51:42.759011Z
ChIJqekvtB1xAjoR9A4pTfLMmh0,Chandan Tea Stall,places,en,195,22.5074506,88.33330545,22.5073252,88.33527269999999,0,kol,Kolkata,2026-09-01T02:51:42.759018Z
ChIJN0uRR5RxAjoRfErtzCDnrvg,"Pizza Hut | New Alipore, Kolkata",places,en,195,22.5074506,88.33330545,22.5088063,88.3347218,0,kol,Kolkata,2026-09-01T02:51:42.759025Z
ChIJZZ9_YxFxAjoRF-GSYVJpjM8,MAYURI CATERER AND ROLL CORNER,places,en,195,22.5074506,88.33330545,22.5068771,88.33531750000002,0,kol,Kolkata,2026-09-01T02:51:42.759032Z
ChIJrcCYMgBxAjoR62nVUp986lE,Salud,places,en,196,22.51126165,88.3502677,22.5111389,88.35059989999999,0,kol,Kolkata,2026-09-01T02:51:43.107666Z
ChIJ2TixCT1xAjoRSyEvqQNQZ1g,Wokies,places,en,196,22.51126165,88.3502677,22.5108782,88.35052089999999,0,kol,Kolkata,2026-09-01T02:51:43.107709Z
ChIJZxqsditxAjoRbRm-nlThTRQ,Moktu Magic,places,en,196,22.51126165,88.3502677,22.5111296,88.3508208,0,kol,Kolkata,2026-09-01T02:51:43.107719Z
ChIJv9LFfJxxAjoRLWtNSG3Ft2g,Wok This Way,places,en,196,22.51126165,88.3502677,22.5111633,88.3508363,0,kol,Kolkata,2026-09-01T02:51:43.107726Z
ChIJcX8c4YNxAjoRnrMedeIjFFo,SUSWADAM,places,en,196,22.51126165,88.3502677,22.5107344,88.3494582,0,kol,Kolkata,2026-09-01T02:51:43.107735Z
ChIJ69vIqGlxAjoR94PjGFp_0uw,Café Kathmandu,places,en,196,22.51126165,88.3502677,22.5116654,88.34925009999999,0,kol,Kolkata,2026-09-01T02:51:43.107744Z
ChIJad68MmJxAjoRoMjPhZk5y30,6 Ballygunge Place Take Away,places,en,196,22.51126165,88.3502677,22.512283,88.35012789999999,0,kol,Kolkata,2026-09-01T02:51:43.107751Z
ChIJ9Qcem2VxAjoRpQwesAX27lw,Sharma Tea,places,en,196,22.51126165,88.3502677,22.511974199999997,88.35119979999999,0,kol,Kolkata,2026-09-01T02:51:43.107759Z
ChIJ24zZTiJxAjoRUXP1wAKNky0,Old Monks' Cafe & Take-Away,places,en,196,22.51126165,88.3502677,22.511394499999998,88.3488187,0,kol,Kolkata,2026-09-01T02:51:43.107766Z
ChIJx6PfHtZ3AjoR9KQAT1XifAI,Dariole,places,en,196,22.51126165,88.3502677,22.512624199999998,88.3500912,0,kol,Kolkata,2026-09-01T02:51:43.107774Z
ChIJSRr-zBJxAjoRdOYk6i4IhHs,Fork Spoon Knife,places,en,196,22.51126165,88.3502677,22.512625099999998,88.3498564,0,kol,Kolkata,2026-09-01T02:51:43.107782Z
ChIJiZ3ZwjBxAjoRGrawa3JQTno,Smoki Wok,places,en,196,22.51126165,88.3502677,22.5121781,88.34909479999999,0,kol,Kolkata,2026-09-01T02:51:43.107789Z
ChIJUwkQpc1wAjoR1kgC1irIFJU,Macazzo,places,en,196,22.51126165,88.3502677,22.5125966,88.3512533,0,kol,Kolkata,2026-09-01T02:51:43.107797Z
ChIJe6yzIVN2AjoR7PB8qOXf2Ss,Oceania,places,en,196,22.51126165,88.3502677,22.513096299999997,88.3505785,0,kol,Kolkata,2026-09-01T02:51:43.107805Z
ChIJZ3IZ1zR3AjoRAu6MnH2G9Ng,Southern Plaza Hotel,places,en,196,22.51126165,88.3502677,22.513209,88.35065569999999,0,kol,Kolkata,2026-09-01T02:51:43.107812Z
ChIJGVUTfcxwAjoRI3nG_mIDkPc,North & South Fast food restaurants,places,en,196,22.51126165,88.3502677,22.512926,88.348606,0,kol,Kolkata,2026-09-01T02:51:43.107819Z
ChIJ7QkA7stwAjoRgORyUY8gJbs,Mandarin Restaurant,places,en,196,22.51126165,88.3502677,22.5112366,88.3476084,0,kol,Kolkata,2026-09-01T02:51:43.107826Z
ChIJeR--4hxxAjoRDXREZ6w7sIw,LAXMAN FAST FOOD,places,en,197,22.5060485,88.342029,22.5054718,88.3423421,0,kol,Kolkata,2026-09-01T02:51:43.497065Z
ChIJORTdQA5xAjoReSs1uh-VdbY,SANGITA FUCHKA STALL,places,en,197,22.5060485,88.342029,22.505256499999998,88.3426392,0,kol,Kolkata,2026-09-01T02:51:43.497112Z
ChIJ8WRcrbdwAjoRcQIPTUSTGxU,R. G. Snacks (Pure Vegetarian),places,en,197,22.5060485,88.342029,22.5070527,88.34153119999999,0,kol,Kolkata,2026-09-01T02:51:43.497123Z
ChIJb6gU0ThxAjoRXrz6jRWSIUs,ADITYA FAST FOOD CENTRE,places,en,197,22.5060485,88.342029,22.5062788,88.340727,0,kol,Kolkata,2026-09-01T02:51:43.497131Z
ChIJnZTKMLZwAjoRfyKEjg1Z09Q,Rahul Quality Fast Food Centre,places,en,197,22.5060485,88.342029,22.5073124,88.342373,0,kol,Kolkata,2026-09-01T02:51:43.497139Z
ChIJ1_iQsalxAjoRJQy0SoSh5dw,RAJ CAFE (FOOD COURT),places,en,197,22.5060485,88.342029,22.5072106,88.3427147,0,kol,Kolkata,2026-09-01T02:51:43.497146Z
ChIJgZGTMrZwAjoRbcTzmHbGD9Y,Raj Hot And Spicy,places,en,197,22.5060485,88.342029,22.507212,88.3427203,0,kol,Kolkata,2026-09-01T02:51:43.497154Z
ChIJ_ejsc7dwAjoR6k_y5PKdcGk,Bharat Hindu Hotel,places,en,197,22.5060485,88.342029,22.5052703,88.3404448,0,kol,Kolkata,2026-09-01T02:51:43.497161Z
ChIJc_iGMLZwAjoRkbtBfNd9ur8,SANJAY CHICKEN SHOP,places,en,197,22.5060485,88.342029,22.507760899999997,88.34248529999999,0,kol,Kolkata,2026-09-01T02:51:43.497168Z
ChIJ-SigbwBxAjoRy_WCG6vSSbQ,Arsalan biriyani,places,en,197,22.5060485,88.342029,22.507417800000002,88.3405734,0,kol,Kolkata,2026-09-01T02:51:43.497175Z
ChIJAbfiy91xAjoRUEQJ1kAD02I,BANERJEE FOOD CENTRE,places,en,197,22.5060485,88.342029,22.5047332,88.34047609999999,0,kol,Kolkata,2026-09-01T02:51:43.497183Z
ChIJdRvOUbpxAjoRPWabE40jf2A,TAPAN FOOD CENTRE,places,en,197,22.5060485,88.342029,22.508200499999997,88.3418635,0,kol,Kolkata,2026-09-01T02:51:43.497190Z
ChIJ0QUp_x5xAjoR4skoXy8UtQk,GOURI TIFFIN STALL,places,en,197,22.5060485,88.342029,22.5082035,88.34185819999999,0,kol,Kolkata,2026-09-01T02:51:43.497198Z
ChIJK1dki0txAjoRvjn8ebuduBk,Little Boxes,places,en,197,22.5060485,88.342029,22.5073105,88.3440463,0,kol,Kolkata,2026-09-01T02:51:43.497204Z
ChIJQzRhIcNxAjoRZAQjMthX550,The Bengal Brickhouse,places,en,198,22.50801985,88.344403,22.508872399999998,88.3452755,0,kol,Kolkata,2026-09-01T02:51:43.897705Z
ChIJETOzoRNxAjoRlEXW8T2sAkA,Flavours of Kolkata,places,en,198,22.50801985,88.344403,22.5090394,88.3452056,0,kol,Kolkata,2026-09-01T02:51:43.897744Z
ChIJ46TJxTRxAjoRhXMPKB9_Ri0,South indian cafe,places,en,198,22.50801985,88.344403,22.5090449,88.345309,0,kol,Kolkata,2026-09-01T02:51:43.897756Z
ChIJ5XfgSN1xAjoRGoPm_nEkcY4,Epikyoor - Best Veg Food,places,en,198,22.50801985,88.344403,22.5092905,88.3453701,0,kol,Kolkata,2026-09-01T02:51:43.897768Z
ChIJS3eVXx9xAjoRCLk_vfxvdvY,Crispy Corner,places,en,198,22.50801985,88.344403,22.5092754,88.3459247,0,kol,Kolkata,2026-09-01T02:51:43.897789Z
ChIJrwXFQ7VwAjoRsSxhe2q982s,Saladified,places,en,199,22.51459645,88.3431759,22.5149231,88.3426477,0,kol,Kolkata,2026-09-01T02:51:44.252012Z
ChIJY-NclolxAjoR-ifvI9m7H-g,Bru Mugs Café/Bistro - Best Gourmet Cafe in Kolkata - Coffee • Breakfast • Pasta,places,en,199,22.51459645,88.3431759,22.5145752,88.3447065,0,kol,Kolkata,2026-09-01T02:51:44.252059Z
ChIJaXc-JbVwAjoRAAAAsEKokic,The Momo Place,places,en,199,22.51459645,88.3431759,22.5150071,88.34163389999999,0,kol,Kolkata,2026-09-01T02:51:44.252070Z
ChIJyR2etBRxAjoRANiVfD9Q6Bo,SAI FOOD COURT,places,en,199,22.51459645,88.3431759,22.5153014,88.3415888,0,kol,Kolkata,2026-09-01T02:51:44.252079Z
ChIJL_pgBrVwAjoRcSNZVKMKznI,Tara Snacks,places,en,199,22.51459645,88.3431759,22.5133328,88.34155009999999,0,kol,Kolkata,2026-09-01T02:51:44.252087Z
ChIJ3U1H_bdxAjoRayvjuVuugP8,AMIT FAST FOOD CENTRE,places,en,199,22.51459645,88.3431759,22.513746599999997,88.34569429999999,0,kol,Kolkata,2026-09-01T02:51:44.252108Z
ChIJtfgNQvhxAjoRvCFqSFF2Vmc,Sourav Stall,places,en,199,22.51459645,88.3431759,22.513748099999997,88.3456977,0,kol,Kolkata,2026-09-01T02:51:44.252117Z
ChIJcQvMWVh5AjoRoZBvAapS2Js,Asim Das,places,en,200,22.54095545,88.2847503,22.5410772,88.2857602,0,kol,Kolkata,2026-09-01T02:51:44.660619Z
ChIJl91lSFR5AjoRddr7VDwQjd0,Shimla Gold Biryani,places,en,200,22.54095545,88.2847503,22.5404639,88.28634500000001,0,kol,Kolkata,2026-09-01T02:51:44.660663Z
ChIJVdpNokp5AjoRlVxOJwGiD4s,misty's kitchen,places,en,200,22.54095545,88.2847503,22.539445999999998,88.28516599999999,0,kol,Kolkata,2026-09-01T02:51:44.660672Z
ChIJgUzrd6Z5AjoRTvRr4PmeOO8,HFC,places,en,200,22.54095545,88.2847503,22.5412651,88.28644659999999,0,kol,Kolkata,2026-09-01T02:51:44.660681Z
ChIJLSDTRqB5AjoRAAAAMGZ5TwI,New AL- Zaffran,places,en,200,22.54095545,88.2847503,22.540936199999997,88.2865631,0,kol,Kolkata,2026-09-01T02:51:44.660692Z
ChIJj2szXHV5AjoRty6N3KJAdK8,Moglai Shop,places,en,200,22.54095545,88.2847503,22.5393319,88.28526269999999,0,kol,Kolkata,2026-09-01T02:51:44.660699Z
ChIJ9S6hWAB5AjoRSSLkIAEUpe4,Srijani's kitchen,places,en,200,22.54095545,88.2847503,22.539554199999998,88.2836232,0,kol,Kolkata,2026-09-01T02:51:44.660706Z
ChIJI5O4wOh5AjoRRW4Yj3NLfEQ,Desi dera,places,en,200,22.54095545,88.2847503,22.5401882,88.28651599999999,0,kol,Kolkata,2026-09-01T02:51:44.660713Z
ChIJWXO9H755AjoRUVd7byBHHeA,Monginis Cake Shop,places,en,200,22.54095545,88.2847503,22.5401998,88.2865733,0,kol,Kolkata,2026-09-01T02:51:44.660721Z
ChIJ6xyIZ0N5AjoRR0gNL1FUnf4,Aliah Biryani,places,en,200,22.54095545,88.2847503,22.540263799999998,88.2866447,0,kol,Kolkata,2026-09-01T02:51:44.660729Z
ChIJFXskwNR5AjoRE5LthtENbrU,Sriza's Cafe,places,en,200,22.54095545,88.2847503,22.5405508,88.28270529999999,0,kol,Kolkata,2026-09-01T02:51:44.660736Z
ChIJUa50VgB5AjoRFY4jpjyKgnc,Hakkaman,places,en,200,22.54095545,88.2847503,22.5423033,88.28639129999999,0,kol,Kolkata,2026-09-01T02:51:44.660743Z
ChIJVSO6Cmh5AjoRW1UpsnKpbjA,Annapurna Sweets 2,places,en,200,22.54095545,88.2847503,22.5389156,88.2853521,0,kol,Kolkata,2026-09-01T02:51:44.660750Z
ChIJUUzDUwB5AjoRLeiUV0MTvLc,Cafe Aparajito - Taste The Nostalgia In Every Bites,places,en,200,22.54095545,88.2847503,22.5389192,88.2857684,0,kol,Kolkata,2026-09-01T02:51:44.660757Z
ChIJ32fuBSd5AjoR_eUNwJM567E,Mom’s kitchen,places,en,200,22.54095545,88.2847503,22.5387457,88.2853583,0,kol,Kolkata,2026-09-01T02:51:44.660764Z
ChIJaZB6i595AjoRCvrlTD1yRvQ,Royal Fast Food Centre,places,en,200,22.54095545,88.2847503,22.538759,88.2863567,0,kol,Kolkata,2026-09-01T02:51:44.660771Z
ChIJh2BbgeZ3AjoRnjNMv3TiknM,SHARFUDDIN FOOD CENTRE,places,en,201,22.55112795,88.3892872,22.5517609,88.3873708,0,kol,Kolkata,2026-09-01T02:51:45.062190Z
ChIJYaNGMVh3AjoRUf7HGckqF6o,Kim Faa home town Chinese eating house,places,en,201,22.55112795,88.3892872,22.549686599999998,88.39074099999999,0,kol,Kolkata,2026-09-01T02:51:45.062235Z
ChIJz-E5Ej13AjoRl6iA06hjlHY,Cafe Mezzuna,places,en,202,22.537632549999998,88.351102,22.538333299999998,88.35138889999999,0,kol,Kolkata,2026-09-01T02:51:45.470387Z
ChIJR8g7JgB3AjoR0ynvrJqBrlc,Siciliana by Mezzuna,places,en,202,22.537632549999998,88.351102,22.538366,88.3513297,0,kol,Kolkata,2026-09-01T02:51:45.470417Z
ChIJs69tKt93AjoRZwF-zoTiF84,NYPF - New York Pizza Factory - Forum Mall,places,en,202,22.537632549999998,88.351102,22.538366,88.3513297,0,kol,Kolkata,2026-09-01T02:51:45.470421Z
ChIJtzp6Gzt3AjoRk4OeEn_OgWI,Dosa Coffee,places,en,202,22.537632549999998,88.351102,22.538366,88.3513297,0,kol,Kolkata,2026-09-01T02:51:45.470425Z
ChIJj7dcqfR3AjoRygVyHH_qxS4,WOW Chicken,places,en,202,22.537632549999998,88.351102,22.538401,88.3513392,0,kol,Kolkata,2026-09-01T02:51:45.470431Z
ChIJL7bebT13AjoRmEMKcC2RhaI,Forum Courtyard Mall,places,en,202,22.537632549999998,88.351102,22.538401,88.3513392,0,kol,Kolkata,2026-09-01T02:51:45.470435Z
ChIJvbdnz0J3AjoRd2cK6jd7u2s,Little Italy Kolkata,places,en,202,22.537632549999998,88.351102,22.5384022,88.3513388,0,kol,Kolkata,2026-09-01T02:51:45.470438Z
ChIJK7MpEz13AjoR5iO7T4H8Ioo,WOW China,places,en,202,22.537632549999998,88.351102,22.5384636,88.351247,0,kol,Kolkata,2026-09-01T02:51:45.470443Z
ChIJNZ_WEj13AjoRfV5pdtGi9gc,TGI Fridays,places,en,202,22.537632549999998,88.351102,22.538449399999998,88.3513311,0,kol,Kolkata,2026-09-01T02:51:45.470446Z
ChIJuXHFcn17AjoRRzcOlfEwt6c,Lokenath Caterer,places,en,203,22.5151737,88.30936655,22.515262099999998,88.311066,0,kol,Kolkata,2026-09-01T02:51:45.810393Z
ChIJwQoO2h16AjoRzKL8XPxgB1g,Bharat Dhaba,places,en,203,22.5151737,88.30936655,22.5134887,88.3097336,0,kol,Kolkata,2026-09-01T02:51:45.810432Z
ChIJ-fQ1hvV5AjoRllZF7CR205I,Bansi Dhaba,places,en,203,22.5151737,88.30936655,22.5157152,88.30731349999999,0,kol,Kolkata,2026-09-01T02:51:45.810444Z
ChIJCxCBewB5AjoRPlnmV2DxMEw,AJAY DHABA,places,en,203,22.5151737,88.30936655,22.515854299999997,88.3070255,0,kol,Kolkata,2026-09-01T02:51:45.810456Z
ChIJXzeAJ5p3AjoRHNanel-4EHU,siltu CLOUD kitchen,places,en,204,22.5923534,88.35331625,22.5914622,88.355402,0,kol,Kolkata,2026-09-01T02:51:46.153918Z
ChIJAUvwJwB3AjoRfdy_BEfYBfw,Shamim egg corner,places,en,205,22.545165349999998,88.35310775,22.5453203,88.3528826,0,kol,Kolkata,2026-09-01T02:51:46.614149Z
ChIJtaNFGb53AjoRWWTEFOAj-ws,New roll center,places,en,205,22.545165349999998,88.35310775,22.545347500000002,88.3528537,0,kol,Kolkata,2026-09-01T02:51:46.614181Z
ChIJGXAb6x53AjoRFyRlFsYij9s,The Guptas,places,en,205,22.545165349999998,88.35310775,22.5449186,88.3533597,0,kol,Kolkata,2026-09-01T02:51:46.614191Z
ChIJAcEtdxp3AjoRvyAR5kyV4hQ,SHIBUJI - Soda Shikanji and Snacks,places,en,205,22.545165349999998,88.35310775,22.544951299999997,88.3534598,0,kol,Kolkata,2026-09-01T02:51:46.614199Z
ChIJrYuqwgR3AjoRA0Z3K2wYSrw,Raza Juice Corner,places,en,205,22.545165349999998,88.35310775,22.545179899999997,88.35249600000002,0,kol,Kolkata,2026-09-01T02:51:46.614206Z
ChIJ44PAvHd3AjoRTxEfTpQABdc,Dawat restaurant,places,en,205,22.545165349999998,88.35310775,22.545758700000004,88.3529814,0,kol,Kolkata,2026-09-01T02:51:46.614214Z
ChIJMbsy7DV3AjoR1JMh2vYLJsE,Liquid Adda,places,en,205,22.545165349999998,88.35310775,22.545758700000004,88.3529814,0,kol,Kolkata,2026-09-01T02:51:46.614221Z
ChIJpU9kqxB3AjoRPD6Xr5xkJok,Cafe Lounge,places,en,205,22.545165349999998,88.35310775,22.5447544,88.3525447,0,kol,Kolkata,2026-09-01T02:51:46.614228Z
ChIJATEWRWB3AjoRHGyZdIBPh8k,THE KULFI STREET,places,en,205,22.545165349999998,88.35310775,22.5449174,88.35375619999999,0,kol,Kolkata,2026-09-01T02:51:46.614235Z
ChIJtUwKVpp3AjoRgaGziuQscpc,Kishan Tea & Snacks,places,en,205,22.545165349999998,88.35310775,22.5450676,88.35235639999999,0,kol,Kolkata,2026-09-01T02:51:46.614242Z
ChIJqU38CAB3AjoRDCxFKMLBFS0,All India Cafe,places,en,205,22.545165349999998,88.35310775,22.5456629,88.3525234,0,kol,Kolkata,2026-09-01T02:51:46.614249Z
ChIJEbLojqN3AjoRoMiaPYaln0E,Ballu Da Dhaba,places,en,205,22.545165349999998,88.35310775,22.545628300000004,88.35247470000002,0,kol,Kolkata,2026-09-01T02:51:46.614255Z
ChIJfYelvBd3AjoRPUyVNEszce4,Kaidi Kitchen,places,en,205,22.545165349999998,88.35310775,22.545708899999997,88.35252589999999,0,kol,Kolkata,2026-09-01T02:51:46.614262Z
ChIJn-PEZQB3AjoRr7xvn18f_1I,Zucca The Lounge,places,en,205,22.545165349999998,88.35310775,22.5454023,88.35227379999999,0,kol,Kolkata,2026-09-01T02:51:46.614269Z
ChIJvbwVg_h3AjoR3hxFUjJEP8M,Xero Degrees,places,en,205,22.545165349999998,88.35310775,22.5456267,88.352364,0,kol,Kolkata,2026-09-01T02:51:46.614276Z
ChIJeWEj9xl3AjoRciY1bGv9yYw,Eggilicious,places,en,205,22.545165349999998,88.35310775,22.546080099999998,88.3536903,0,kol,Kolkata,2026-09-01T02:51:46.614283Z
ChIJE8rjt0F3AjoR7fAPVrbq2tA,S.Sharma & Sons,places,en,205,22.545165349999998,88.35310775,22.546126800000003,88.35367529999999,0,kol,Kolkata,2026-09-01T02:51:46.614289Z
ChIJ1Y0ENgB3AjoRLmDGT1JW31g,Orange Lounge & Pub,places,en,205,22.545165349999998,88.35310775,22.5443601,88.35220220000001,0,kol,Kolkata,2026-09-01T02:51:46.614297Z
ChIJi2WBFqR2AjoR2v4srr6wW3s,Deck 88,places,en,205,22.545165349999998,88.35310775,22.545504899999997,88.3518335,0,kol,Kolkata,2026-09-01T02:51:46.614303Z
ChIJByVg-xl3AjoRZrtFL92Ou2Y,"Cheers , Astor Hotel",places,en,205,22.545165349999998,88.35310775,22.5455804,88.351858,0,kol,Kolkata,2026-09-01T02:51:46.614310Z
ChIJzdNrsRV3AjoRgaCR14GvS9Y,"Bhikharam Chandmal Rajuji | Namkeen, Mithai, Chaat, Fast Food - Bortola",places,en,206,22.5753385,88.35162405,22.5752448,88.35159259999999,0,kol,Kolkata,2026-09-01T02:51:46.951673Z
ChIJb-b0MKV3AjoRMqnXpTDi6hw,Zero Miles Bar & Restaurant,places,en,206,22.5753385,88.35162405,22.5753292,88.3514671,0,kol,Kolkata,2026-09-01T02:51:46.951716Z
ChIJFcmEOKV3AjoREh6jef7OVF8,Prakash Hindu Hotel,places,en,206,22.5753385,88.35162405,22.574733,88.3518148,0,kol,Kolkata,2026-09-01T02:51:46.951726Z
ChIJdxgnRKV3AjoRhcrg05IG8XA,Neel Kamal Cafe,places,en,206,22.5753385,88.35162405,22.5752185,88.3523912,0,kol,Kolkata,2026-09-01T02:51:46.951736Z
ChIJvaBEzAV3AjoRV0wLTHPpj3w,RAM CHANDRA RAY,places,en,206,22.5753385,88.35162405,22.5752891,88.3507893,0,kol,Kolkata,2026-09-01T02:51:46.951744Z
ChIJmYoQylt3AjoRubOI-cOWyOw,Tinku Kumar Hotel,places,en,206,22.5753385,88.35162405,22.5744144,88.3514087,0,kol,Kolkata,2026-09-01T02:51:46.951751Z
ChIJhd18UoN3AjoRamkpEq-YImk,Bhojanam,places,en,206,22.5753385,88.35162405,22.5753137,88.3505732,0,kol,Kolkata,2026-09-01T02:51:46.951759Z
ChIJU9FG8vV3AjoRyqpyeeG6Oak,Shankar Ram snacks,places,en,206,22.5753385,88.35162405,22.5758023,88.35262399999999,0,kol,Kolkata,2026-09-01T02:51:46.951766Z
ChIJI_PCHgB3AjoRfqTyX2mG6Ec,Shankar Ram Snack,places,en,206,22.5753385,88.35162405,22.575783700000002,88.3527046,0,kol,Kolkata,2026-09-01T02:51:46.951773Z
ChIJz2qVbn53AjoR3jP18Qswwos,SANTOSH KUMAR GUPTA,places,en,206,22.5753385,88.35162405,22.575186499999997,88.3504128,0,kol,Kolkata,2026-09-01T02:51:46.951780Z
ChIJS0qc-OZ3AjoRiUxHiaEt82o,Tea Stall,places,en,206,22.5753385,88.35162405,22.5739393,88.3517986,0,kol,Kolkata,2026-09-01T02:51:46.951787Z
ChIJkeGJh653AjoRiZJFcTwJFhU,SHAW CHAT CENTRE,places,en,206,22.5753385,88.35162405,22.5740336,88.3530305,0,kol,Kolkata,2026-09-01T02:51:46.951798Z
ChIJF6Rpjx93AjoRhJVexmXcNRE,New Secretariat Canteen,places,en,207,22.569930900000003,88.34291404999999,22.569621899999998,88.34335809999999,0,kol,Kolkata,2026-09-01T02:51:47.301794Z
ChIJRzvOXyF3AjoRVb7D9zb6SXg,Poison without guilt,places,en,207,22.569930900000003,88.34291404999999,22.570033,88.3435775,0,kol,Kolkata,2026-09-01T02:51:47.301837Z
ChIJf3HZTJ93AjoRmnkqHxl3Pe0,The Anchorage Bar,places,en,207,22.569930900000003,88.34291404999999,22.5697251,88.3422554,0,kol,Kolkata,2026-09-01T02:51:47.301847Z
ChIJ2_MwVgB3AjoRaJszDg8WI1k,Dil se sandwich,places,en,207,22.569930900000003,88.34291404999999,22.5700215,88.3436191,0,kol,Kolkata,2026-09-01T02:51:47.301855Z
ChIJTYOty5h3AjoRr9D6HYp7LoM,Bridge Bistro Bar,places,en,207,22.569930900000003,88.34291404999999,22.5695318,88.3422849,0,kol,Kolkata,2026-09-01T02:51:47.301862Z
ChIJHdVwnil3AjoRiZo5R-6GmXs,Kolkata Chaat House,places,en,207,22.569930900000003,88.34291404999999,22.5705913,88.3435848,0,kol,Kolkata,2026-09-01T02:51:47.301871Z
ChIJ1YO8HKJ3AjoRSz6WZZMSUkM,MUGHAL GARDEN RESTAURANT,places,en,207,22.569930900000003,88.34291404999999,22.5701441,88.3441654,0,kol,Kolkata,2026-09-01T02:51:47.301879Z
ChIJcaKZH6J3AjoRnIV-KJoRAv0,The Little Place,places,en,207,22.569930900000003,88.34291404999999,22.569767499999998,88.3444962,0,kol,Kolkata,2026-09-01T02:51:47.301887Z
ChIJL-FsH6J3AjoRKrnucyrfqKA,Disha Fast Food,places,en,207,22.569930900000003,88.34291404999999,22.569998200000004,88.3445306,0,kol,Kolkata,2026-09-01T02:51:47.301894Z
ChIJexXPH6J3AjoR6zF4KWn8PLQ,ROLL CORNER,places,en,207,22.569930900000003,88.34291404999999,22.569662599999997,88.34465589999999,0,kol,Kolkata,2026-09-01T02:51:47.301901Z
ChIJK-QyeAB3AjoRAJrOVqlRZ8U,THE KHICHDI COMPANY,places,en,207,22.569930900000003,88.34291404999999,22.5701154,88.3446875,0,kol,Kolkata,2026-09-01T02:51:47.301908Z
ChIJxSu3Aol3AjoR5_9Ytz0MlGY,Hastings Restaurant and Eating House,places,en,207,22.569930900000003,88.34291404999999,22.569882999999997,88.3448902,0,kol,Kolkata,2026-09-01T02:51:47.301916Z
ChIJfRN17aF3AjoR_W3b1a2-RMw,Samrat Restaurant,places,en,207,22.569930900000003,88.34291404999999,22.5694894,88.3448377,0,kol,Kolkata,2026-09-01T02:51:47.301923Z
ChIJ0fa1I1N2AjoRNiW_Vq5y3a8,Café Coffee Day,places,en,207,22.569930900000003,88.34291404999999,22.569690299999998,88.3450635,0,kol,Kolkata,2026-09-01T02:51:47.301931Z
ChIJeynoZZ93AjoRd2xag6vjGas,IRCTC Food Court,places,en,207,22.569930900000003,88.34291404999999,22.5677333,88.3428304,0,kol,Kolkata,2026-09-01T02:51:47.301938Z
ChIJ6yq5xqF3AjoRksWp2lo8uBE,"চাউমিন, রাইস এবং মোমো Chowmin, Rice and Momo",places,en,207,22.569930900000003,88.34291404999999,22.567736,88.34433899999999,0,kol,Kolkata,2026-09-01T02:51:47.301945Z
ChIJ8beV4aJ3AjoRN2XwBZ0YKFU,SHRAVYA BIRYANI,places,en,208,22.5478267,88.34826580000001,22.5471683,88.3484546,0,kol,Kolkata,2026-09-01T02:51:47.718818Z
ChIJp4EZXRF3AjoR_kxH5XavHxA,The Spice Tree,places,en,208,22.5478267,88.34826580000001,22.547179699999997,88.3487251,0,kol,Kolkata,2026-09-01T02:51:47.718860Z
ChIJubg8ahF3AjoR8nuGHcF65HM,Chilli Garlic,places,en,208,22.5478267,88.34826580000001,22.547564599999998,88.3491485,0,kol,Kolkata,2026-09-01T02:51:47.718872Z
ChIJKScIUBF3AjoRW2f3RQYyYJI,Yum Tum,places,en,208,22.5478267,88.34826580000001,22.546990599999997,88.3487729,0,kol,Kolkata,2026-09-01T02:51:47.718880Z
ChIJPWJUWxF3AjoRifnxuG8071U,Chat Chowpatty,places,en,208,22.5478267,88.34826580000001,22.546858999999998,88.3488637,0,kol,Kolkata,2026-09-01T02:51:47.718889Z
ChIJ4doDdEV3AjoRTaLno1e3R9s,Pub 13 Reloaded,places,en,208,22.5478267,88.34826580000001,22.547620500000004,88.34956419999999,0,kol,Kolkata,2026-09-01T02:51:47.718898Z
ChIJH9bmVxF3AjoRgLZmRknQnJI,Hotel & Restaurant Association Of Easter,places,en,208,22.5478267,88.34826580000001,22.546538500000004,88.3482392,0,kol,Kolkata,2026-09-01T02:51:47.718905Z
ChIJMZL_zrh7AjoRZop6teoPiWM,Golden Parkk Hotel,places,en,208,22.5478267,88.34826580000001,22.547649999999997,88.34968669999999,0,kol,Kolkata,2026-09-01T02:51:47.718913Z
ChIJLzryxt53AjoRBOkGgVwRNyc,TGP,places,en,208,22.5478267,88.34826580000001,22.5475554,88.3496787,0,kol,Kolkata,2026-09-01T02:51:47.718920Z
ChIJo5mmaBZ3AjoRS_dvfHYkAes,Farzi Cafe,places,en,208,22.5478267,88.34826580000001,22.5476818,88.3497467,0,kol,Kolkata,2026-09-01T02:51:47.718927Z
ChIJ75yOQzF3AjoRPKWraXxqj04,One8 Commune,places,en,208,22.5478267,88.34826580000001,22.5476243,88.3497721,0,kol,Kolkata,2026-09-01T02:51:47.718934Z
ChIJ5XzB9Lh3AjoREhk_Pehw658,Metro Chowpatty,places,en,208,22.5478267,88.34826580000001,22.546906000000003,88.349623,0,kol,Kolkata,2026-09-01T02:51:47.718942Z
ChIJd_lG0g93AjoRHswisJl8Qs4,Domino's Pizza,places,en,208,22.5478267,88.34826580000001,22.5470729,88.34990239999999,0,kol,Kolkata,2026-09-01T02:51:47.718949Z
ChIJB0E4cUx3AjoRTSnekrES34w,Pit & Pour,places,en,208,22.5478267,88.34826580000001,22.5460219,88.3480205,0,kol,Kolkata,2026-09-01T02:51:47.718956Z
ChIJD3mmqhZ3AjoRZuCKlbDYSNE,Parijat Restaurant,places,en,208,22.5478267,88.34826580000001,22.545895299999998,88.3482719,0,kol,Kolkata,2026-09-01T02:51:47.718963Z
ChIJjx-nUhF3AjoRxWENXuxjhNI,Gokul Shree,places,en,208,22.5478267,88.34826580000001,22.5459449,88.3488167,0,kol,Kolkata,2026-09-01T02:51:47.718971Z
ChIJKbI9Y7d3AjoRJs7U_Rt5ddA,Now multi cuisine restaurant,places,en,208,22.5478267,88.34826580000001,22.546828299999998,88.3500806,0,kol,Kolkata,2026-09-01T02:51:47.718978Z
ChIJuxFOJRF3AjoR1ulm69qcvpI,Saima Restaurant,places,en,208,22.5478267,88.34826580000001,22.546808199999997,88.3500727,0,kol,Kolkata,2026-09-01T02:51:47.718985Z
ChIJvZmHo7J3AjoR2w91Crodhec,Chowman (Russel Street),places,en,208,22.5478267,88.34826580000001,22.546851099999998,88.3501555,0,kol,Kolkata,2026-09-01T02:51:47.718992Z
ChIJ6RKeAKB3AjoRi6t3Z6e072M,Ganguram,places,en,208,22.5478267,88.34826580000001,22.5470298,88.3503252,0,kol,Kolkata,2026-09-01T02:51:47.718999Z
ChIJZbGjx5V2AjoROCIJwzy5QJA,Karnani Fnb Specialities Llp,places,en,209,22.543649799999997,88.38560724999999,22.542376599999997,88.3859246,0,kol,Kolkata,2026-09-01T02:51:48.124490Z
ChIJcZ1B6ZV2AjoRYeyvwm0Fcqk,The GRID,places,en,209,22.543649799999997,88.38560724999999,22.5421095,88.3856807,0,kol,Kolkata,2026-09-01T02:51:48.124539Z
ChIJuYsd1rh3AjoRMAr5AkuK6uA,Sabka Club,places,en,209,22.543649799999997,88.38560724999999,22.5420694,88.3859495,0,kol,Kolkata,2026-09-01T02:51:48.124549Z
ChIJMZu9hgh3AjoRvPlF1zo64sg,"Domino's Pizza | Dr.Ambedkar Sarani, kolkata",places,en,209,22.543649799999997,88.38560724999999,22.541999999999998,88.386,0,kol,Kolkata,2026-09-01T02:51:48.124559Z
ChIJYUyi7U13AjoRGMu6z9bN0Pc,Rever Skydeck Cafe,places,en,209,22.543649799999997,88.38560724999999,22.5419777,88.38645369999999,0,kol,Kolkata,2026-09-01T02:51:48.124567Z
ChIJ_1gzdZV2AjoRcV4FquxA2Cw,Bahula,places,en,209,22.543649799999997,88.38560724999999,22.542006399999998,88.38458709999999,0,kol,Kolkata,2026-09-01T02:51:48.124576Z
ChIJryiTY5Z3AjoRJ1_DphQhdgc,Saima fast food centre,places,en,209,22.543649799999997,88.38560724999999,22.541939,88.38665999999999,0,kol,Kolkata,2026-09-01T02:51:48.124583Z
ChIJQdXHCpV2AjoR2hCtKbcPAwo,Barsana Boutique Hotel,places,en,209,22.543649799999997,88.38560724999999,22.541876,88.38462109999999,0,kol,Kolkata,2026-09-01T02:51:48.124591Z
ChIJtxgvU353AjoRTkJ72_Zd8Z4,IdlyGo Xpress,places,en,209,22.543649799999997,88.38560724999999,22.5418566,88.3867367,0,kol,Kolkata,2026-09-01T02:51:48.124598Z
ChIJAXK7sAt3AjoRINxaYpSkU3I,ShamshiJi Restaurant & Caterer,places,en,209,22.543649799999997,88.38560724999999,22.5415079,88.3857036,0,kol,Kolkata,2026-09-01T02:51:48.124605Z
ChIJJzEuzKZ3AjoRQiyljIdTl1Y,Space Bar and Kitchen,places,en,209,22.543649799999997,88.38560724999999,22.541508399999998,88.38617149999999,0,kol,Kolkata,2026-09-01T02:51:48.124612Z
ChIJq0RPdQB3AjoRs9EQcCmz-Bw,Aviruchi Hotel and Restaurant,places,en,209,22.543649799999997,88.38560724999999,22.5418651,88.38707040000001,0,kol,Kolkata,2026-09-01T02:51:48.124621Z
ChIJnV4EdaF3AjoReiPWClS1jIY,MOJO Pizza - 2X Toppings,places,en,209,22.543649799999997,88.38560724999999,22.541999999999998,88.3839,0,kol,Kolkata,2026-09-01T02:51:48.124628Z
ChIJ2y1tXqd3AjoRBLXhrIVzY3s,The Vibe,places,en,209,22.543649799999997,88.38560724999999,22.541322899999997,88.3860655,0,kol,Kolkata,2026-09-01T02:51:48.124635Z
ChIJ74zITMl3AjoRH5BXsRkE5_c,"Pizza Hut | Topsia, Kolkata",places,en,209,22.543649799999997,88.38560724999999,22.5415211,88.3867355,0,kol,Kolkata,2026-09-01T02:51:48.124642Z
ChIJ55N5mJV3AjoRI_fKLPI9BSs,Pravine Food House,places,en,209,22.543649799999997,88.38560724999999,22.5417954,88.3872394,0,kol,Kolkata,2026-09-01T02:51:48.124649Z
ChIJX7Y8Cxx3AjoR7xJ0eJT12w4,Chinese Wok,places,en,210,22.5552095,88.3500879,22.5553161,88.35041269999999,0,kol,Kolkata,2026-09-01T02:51:48.472735Z
ChIJYeABUAB3AjoRG-xC8Qmb6G4,New Baba Roll,places,en,210,22.5552095,88.3500879,22.5553094,88.3505303,0,kol,Kolkata,2026-09-01T02:51:48.472780Z
ChIJ2QAAKyR3AjoR8VR9Tk6Vy5s,Park Street Momo Corner,places,en,210,22.5552095,88.3500879,22.5547895,88.3502671,0,kol,Kolkata,2026-09-01T02:51:48.472790Z
ChIJkf7LDwF3AjoRpomwZrgRZ78,Pankaj Kumar Fast Food Center,places,en,210,22.5552095,88.3500879,22.5556417,88.3504535,0,kol,Kolkata,2026-09-01T02:51:48.472799Z
ChIJ_9We5Bx3AjoRHvEJ__mnDI4,Kulture - Specialty Coffee | Park Street,places,en,210,22.5552095,88.3500879,22.555803899999997,88.3503812,0,kol,Kolkata,2026-09-01T02:51:48.472806Z
ChIJl2QRm093AjoR2Nrlt2ewOS0,Murlis,places,en,210,22.5552095,88.3500879,22.5558622,88.3504675,0,kol,Kolkata,2026-09-01T02:51:48.472813Z
ChIJzRRGUwB3AjoRTIDP6xBKA4o,Shree Ram Food Plaza,places,en,210,22.5552095,88.3500879,22.5558653,88.350472,0,kol,Kolkata,2026-09-01T02:51:48.472829Z
ChIJS6vYmld3AjoRuXmHft8IozI,BOX8 - India's Largest Desi Meals Brand,places,en,210,22.5552095,88.3500879,22.555899999999998,88.3505,0,kol,Kolkata,2026-09-01T02:51:48.472837Z
ChIJJd9JH4R3AjoRTFcsj5oiR28,MOJO Pizza - 2X Toppings,places,en,210,22.5552095,88.3500879,22.555899999999998,88.3505,0,kol,Kolkata,2026-09-01T02:51:48.472844Z
ChIJ0TEkW1Z3AjoR8aRW6XSq528,Motherland Cafe,places,en,210,22.5552095,88.3500879,22.555682599999997,88.3508202,0,kol,Kolkata,2026-09-01T02:51:48.472852Z
ChIJwVGdMm53AjoRtUt6YJTA5iQ,THE PARK HERITAGE,places,en,210,22.5552095,88.3500879,22.555792,88.3507327,0,kol,Kolkata,2026-09-01T02:51:48.472859Z
ChIJa0zUGgB3AjoRLr4STiklUv8,Oudh 1590 - Kyd Street,places,en,210,22.5552095,88.3500879,22.5557615,88.350766,0,kol,Kolkata,2026-09-01T02:51:48.472866Z
ChIJEYgAMcp3AjoRvQDskglAfdc,BEHROUTI,places,en,210,22.5552095,88.3500879,22.555881,88.3507839,0,kol,Kolkata,2026-09-01T02:51:48.472874Z
ChIJm2w1FAB3AjoR9a6QoL-WWxU,BOX8 MOJO PIZZA,places,en,210,22.5552095,88.3500879,22.5558688,88.35084739999999,0,kol,Kolkata,2026-09-01T02:51:48.472890Z
ChIJD1RzAA93AjoRgtYzi23EAuE,Hot Kati Rolls,places,en,210,22.5552095,88.3500879,22.554724099999998,88.3510007,0,kol,Kolkata,2026-09-01T02:51:48.472898Z
ChIJmcOmRfh3AjoRq49yWZhHdJs,"AB's - Absolute Barbecues, Park Street | Kolkata",places,en,210,22.5552095,88.3500879,22.5542888,88.3508834,0,kol,Kolkata,2026-09-01T02:51:48.472906Z
ChIJzzyWW_F1AjoRe7c8M6NeOCw,Domino's Pizza | New Alipore (Kolkata),places,en,211,22.51501995,88.3265196,22.5152005,88.3252838,0,kol,Kolkata,2026-09-01T02:51:48.828893Z
ChIJ-WUxqm5xAjoR_ca7zJ2m0bU,HomeSlice Pizza,places,en,211,22.51501995,88.3265196,22.514577,88.3248042,0,kol,Kolkata,2026-09-01T02:51:48.828940Z
ChIJK9ltsKpwAjoRQFEIW5zlEL4,Café Coffee Day,places,en,211,22.51501995,88.3265196,22.5152766,88.3246843,0,kol,Kolkata,2026-09-01T02:51:48.828948Z
ChIJKScLFj13AjoR_crLmvwXDww,To Go,places,en,211,22.51501995,88.3265196,22.5164649,88.3253592,0,kol,Kolkata,2026-09-01T02:51:48.828952Z
ChIJRdEyka9xAjoRqCqFPDs94ZI,Noel's,places,en,211,22.51501995,88.3265196,22.5157498,88.32432829999999,0,kol,Kolkata,2026-09-01T02:51:48.828958Z
ChIJZTuYgmxxAjoRlNE8Kq_RWd4,6 BALLYGUNGE TAKE AWAY,places,en,211,22.51501995,88.3265196,22.512751299999998,88.325304,0,kol,Kolkata,2026-09-01T02:51:48.828966Z
ChIJmc03jEx3AjoR4qrs79YGnxM,ALISHAN BIRYANI,places,en,212,22.55322355,88.3715093,22.553935199999998,88.3720962,0,kol,Kolkata,2026-09-01T02:51:49.441643Z
ChIJPQgtTAB3AjoRWGevJg7d40k,Jasim Hotel,places,en,212,22.55322355,88.3715093,22.553188100000003,88.3705173,0,kol,Kolkata,2026-09-01T02:51:49.441693Z
ChIJx_4-Brt3AjoRxL92urdnzM8,Tea Topia,places,en,212,22.55322355,88.3715093,22.5540302,88.3709721,0,kol,Kolkata,2026-09-01T02:51:49.441704Z
ChIJAxHKdfx3AjoRacLu5YZqMX4,Pagla Tea,places,en,212,22.55322355,88.3715093,22.5522875,88.3706627,0,kol,Kolkata,2026-09-01T02:51:49.441714Z
ChIJwQh7H9Z3AjoRx4jH-t2SIvs,Be Kebabii,places,en,212,22.55322355,88.3715093,22.554353799999998,88.3704175,0,kol,Kolkata,2026-09-01T02:51:49.441724Z
ChIJaxtZgfp2AjoRtvIoHCqpT40,Lalti restaurant,places,en,212,22.55322355,88.3715093,22.5546849,88.37229780000001,0,kol,Kolkata,2026-09-01T02:51:49.441733Z
ChIJO9dcgfp2AjoR8tiSXDj1UXg,FAST FOOD CENTRE,places,en,212,22.55322355,88.3715093,22.554753599999998,88.3723139,0,kol,Kolkata,2026-09-01T02:51:49.441740Z
ChIJN-xpFwB3AjoRGJTMCL5c5ak,Biryani Palace,places,en,212,22.55322355,88.3715093,22.553378499999997,88.3695089,0,kol,Kolkata,2026-09-01T02:51:49.441763Z
ChIJqVQASMJ3AjoR48UuwrwGwUo,B&B Calcutta,places,en,212,22.55322355,88.3715093,22.553108599999998,88.3691427,0,kol,Kolkata,2026-09-01T02:51:49.441773Z
ChIJL2lcPvt2AjoR1elaJTS0xp0,Al-Afzal Restaurant,places,en,212,22.55322355,88.3715093,22.553232299999998,88.3690711,0,kol,Kolkata,2026-09-01T02:51:49.441780Z
ChIJJ9R9myZ3AjoR7lx2SgKcwpI,The Chai Crush,places,en,213,22.5312129,88.3812194,22.5305721,88.3815923,0,kol,Kolkata,2026-09-01T02:51:49.812923Z
ChIJmXLg1-53AjoRQY7DJESU4cA,GUPTA CHAAT BHANDAR,places,en,213,22.5312129,88.3812194,22.530302199999998,88.3818394,0,kol,Kolkata,2026-09-01T02:51:49.812960Z
ChIJJfnffLh2AjoRIjNdJUkCNsM,Eat N Repeat,places,en,213,22.5312129,88.3812194,22.5311412,88.38273099999999,0,kol,Kolkata,2026-09-01T02:51:49.812968Z
ChIJOSpe6sd2AjoRvXeDHiKS8K4,Suruchi Snacks,places,en,213,22.5312129,88.3812194,22.529622999999997,88.381062,0,kol,Kolkata,2026-09-01T02:51:49.812973Z
ChIJsTJjKwB3AjoRAdpiO15yeJ0,Shawarma King,places,en,213,22.5312129,88.3812194,22.532812999999997,88.381428,0,kol,Kolkata,2026-09-01T02:51:49.812979Z
ChIJk-Ggt_d3AjoR7YgAhJbp-vo,Desi Brew,places,en,213,22.5312129,88.3812194,22.532826600000003,88.3815053,0,kol,Kolkata,2026-09-01T02:51:49.812984Z
ChIJjwkUKKR3AjoReULQZvxKmSk,Ovenza,places,en,213,22.5312129,88.3812194,22.5319348,88.3793409,0,kol,Kolkata,2026-09-01T02:51:49.812989Z
ChIJs-PIQKh3AjoRKyLdqy_HUAM,KYD KNIGHT CORNER,places,en,213,22.5312129,88.3812194,22.5330679,88.3807351,0,kol,Kolkata,2026-09-01T02:51:49.812994Z
ChIJ3V-k_Xt3AjoRsooMJgmfmpc,Ginger Spice,places,en,213,22.5312129,88.3812194,22.5305216,88.379267,0,kol,Kolkata,2026-09-01T02:51:49.812999Z
ChIJ3X_6VOB2AjoRekAaeqnMHBQ,Parks Chicken Express,places,en,213,22.5312129,88.3812194,22.5328139,88.3800191,0,kol,Kolkata,2026-09-01T02:51:49.813003Z
ChIJo0CQ3k13AjoRBuL5TE7x_zo,Azaan Chicken shop,places,en,213,22.5312129,88.3812194,22.533180299999998,88.3813734,0,kol,Kolkata,2026-09-01T02:51:49.813008Z
ChIJsXSvcrh2AjoRjpRZKgsLMbw,Silver Drop,places,en,213,22.5312129,88.3812194,22.5292554,88.3819918,0,kol,Kolkata,2026-09-01T02:51:49.813013Z
ChIJ7xn_58d2AjoR7BbxenfQ_Hc,PRASAD HOTEL,places,en,213,22.5312129,88.3812194,22.5290461,88.38092739999999,0,kol,Kolkata,2026-09-01T02:51:49.813018Z
ChIJlcp33DB3AjoRh46mZmbWzHg,F.r.i.e.n.d.s kabab hub,places,en,213,22.5312129,88.3812194,22.53227,88.38328709999999,0,kol,Kolkata,2026-09-01T02:51:49.813022Z
ChIJRQ0r5SF3AjoRVxRLn2rjDk4,Binod Fruit Store,places,en,213,22.5312129,88.3812194,22.5297532,88.3830211,0,kol,Kolkata,2026-09-01T02:51:49.813027Z
ChIJF0YfzZp3AjoRStVKOZ9pISQ,Dubai Fried Chicken,places,en,213,22.5312129,88.3812194,22.5292152,88.38239639999999,0,kol,Kolkata,2026-09-01T02:51:49.813031Z
ChIJ_RqY9qB3AjoRz8IIQZ09Mzk,Makbous Express Food Shop,places,en,213,22.5312129,88.3812194,22.5335087,88.3813361,0,kol,Kolkata,2026-09-01T02:51:49.813035Z
ChIJXRMqijF3AjoR-9g-_5sw96Q,Arman Biryani (Restaurant & Caterer),places,en,213,22.5312129,88.3812194,22.529083,88.380155,0,kol,Kolkata,2026-09-01T02:51:49.813039Z
ChIJP_c3DP53AjoRArXKMglCXRs,The South Rasoi,places,en,213,22.5312129,88.3812194,22.529331799999998,88.38277459999999,0,kol,Kolkata,2026-09-01T02:51:49.813043Z
ChIJAxFQ0jp1AjoR83jL2dbdTo8,Fireflies,places,en,213,22.5312129,88.3812194,22.5302678,88.3788132,0,kol,Kolkata,2026-09-01T02:51:49.813047Z
ChIJ6Z0vQlV3AjoRwrw-khaeLXI,SFC Sahil Food Conner,places,en,214,22.5568424,88.36068835,22.5565955,88.3602842,0,kol,Kolkata,2026-09-01T02:51:50.191367Z
ChIJG4fmLAJ3AjoR-qGE_Ivadyw,Bismillah Biryani,places,en,214,22.5568424,88.36068835,22.5573734,88.3604304,0,kol,Kolkata,2026-09-01T02:51:50.191399Z
ChIJgRgC3al3AjoRKXzAYeK-VxU,Natural,places,en,214,22.5568424,88.36068835,22.557458699999998,88.36030869999999,0,kol,Kolkata,2026-09-01T02:51:50.191408Z
ChIJUaQj7wN3AjoR_ODWn2vMPSQ,'5 Star' Street Restaurant,places,en,214,22.5568424,88.36068835,22.5569855,88.3589573,0,kol,Kolkata,2026-09-01T02:51:50.191423Z
ChIJG54ToXOd-DkRj7Qr1zqWii0,Kolkata Meets Tokyo (KMT),places,en,215,22.6204282,88.38885669999999,22.6204523,88.3884448,0,kol,Kolkata,2026-09-01T02:51:50.533246Z
ChIJ_ylFys6d-DkRD4PZPPiEfeY,Sonu Momo Countar,places,en,215,22.6204282,88.38885669999999,22.6210982,88.38898449999999,0,kol,Kolkata,2026-09-01T02:51:50.533280Z
ChIJlxTXcn6d-DkRFrfYRYtWj5c,Kolikata - Dum Dum Seven Tanks,places,en,215,22.6204282,88.38885669999999,22.6209155,88.38805669999999,0,kol,Kolkata,2026-09-01T02:51:50.533286Z
ChIJF3TDKRid-DkRqaUIQAYQeqs,Aamar Kolkata,places,en,215,22.6204282,88.38885669999999,22.619718199999998,88.3882241,0,kol,Kolkata,2026-09-01T02:51:50.533290Z
ChIJLQZMFPGd-DkRDtC_V-eJCJU,Rice And Spice Caterer,places,en,215,22.6204282,88.38885669999999,22.6195253,88.3884381,0,kol,Kolkata,2026-09-01T02:51:50.533293Z
ChIJUXrqPvGd-DkRSVGX18t1NW8,Arsalan Biriyani House,places,en,215,22.6204282,88.38885669999999,22.618989,88.38848,0,kol,Kolkata,2026-09-01T02:51:50.533297Z
ChIJNRXcoayd-DkRz9XfEsbPuFo,THE CHARCOAL BROIL,places,en,215,22.6204282,88.38885669999999,22.619063300000004,88.3882311,0,kol,Kolkata,2026-09-01T02:51:50.533301Z
ChIJxdjPHwCd-DkRUHZk18AHDKc,Momo Bites,places,en,215,22.6204282,88.38885669999999,22.6227664,88.3887117,0,kol,Kolkata,2026-09-01T02:51:50.533308Z
ChIJfyJiL8Wd-DkRULAE2WOHxVA,STREET FOOD BOX,places,en,215,22.6204282,88.38885669999999,22.6188874,88.39092199999999,0,kol,Kolkata,2026-09-01T02:51:50.533312Z
ChIJkXPkalGd-DkRlEIrs7t9W2A,Kebab Adda,places,en,215,22.6204282,88.38885669999999,22.6206265,88.39169179999999,0,kol,Kolkata,2026-09-01T02:51:50.533317Z
ChIJ91TJ1Pad-DkRmBi_htXGPwE,Raja Fast Food,places,en,215,22.6204282,88.38885669999999,22.619548299999998,88.3916205,0,kol,Kolkata,2026-09-01T02:51:50.533320Z
ChIJk9lRM8F3AjoRyEn2fiCOVY4,Rupa Das,places,en,216,22.59473055,88.3562489,22.5960468,88.35559649999999,0,kol,Kolkata,2026-09-01T02:51:50.868320Z
ChIJ7VhdRFN3AjoRmS8tLsujyFQ,HRITICK PRASAD,places,en,216,22.59473055,88.3562489,22.596007699999998,88.35543779999999,0,kol,Kolkata,2026-09-01T02:51:50.868359Z
ChIJG-rKZgB5AjoRVzlXCH6whMw,Red chilli,places,en,218,22.5162434,88.2982748,22.5166562,88.29922859999999,0,kol,Kolkata,2026-09-01T02:51:51.609762Z
ChIJewojc2d5AjoRKtGwxZfmR68,PRADEEP TEA STALL,places,en,218,22.5162434,88.2982748,22.517252000000003,88.2988696,0,kol,Kolkata,2026-09-01T02:51:51.609811Z
ChIJU88dlIl5AjoRL3zqCeJKsNU,Bimal Das Fast Food Centre,places,en,218,22.5162434,88.2982748,22.5173788,88.2986488,0,kol,Kolkata,2026-09-01T02:51:51.609822Z
ChIJuwM4FvJ5AjoRRxMEEyN3d5E,Krishna Hindu Hotel,places,en,218,22.5162434,88.2982748,22.517460099999997,88.2980418,0,kol,Kolkata,2026-09-01T02:51:51.609830Z
ChIJG6e87hl5AjoRLRxHZ5UrJBE,Punjab da Swad,places,en,218,22.5162434,88.2982748,22.517102299999998,88.29731369999999,0,kol,Kolkata,2026-09-01T02:51:51.609837Z
ChIJ672ZxUd5AjoRiRo8wIwB6Ds,Kebab-E-Roll,places,en,218,22.5162434,88.2982748,22.5176034,88.29858,0,kol,Kolkata,2026-09-01T02:51:51.609845Z
ChIJfcutklB5AjoRX16Fxdu9l6U,Afreen Briyani House,places,en,218,22.5162434,88.2982748,22.5170456,88.296998,0,kol,Kolkata,2026-09-01T02:51:51.609852Z
ChIJ_-ALl0F5AjoRzjgX13tztkg,Baba lokenath hindu hotel,places,en,218,22.5162434,88.2982748,22.5177079,88.2985018,0,kol,Kolkata,2026-09-01T02:51:51.609859Z
ChIJZQEPSoh5AjoR9KODrAkFMnM,Foodie'S House,places,en,218,22.5162434,88.2982748,22.5170174,88.2968483,0,kol,Kolkata,2026-09-01T02:51:51.609866Z
ChIJSxVmCBB5AjoR6J-OoHoQXZA,Food House,places,en,218,22.5162434,88.2982748,22.5174925,88.29933980000001,0,kol,Kolkata,2026-09-01T02:51:51.609874Z
ChIJRYp24FZ5AjoRmJ-qy0FlZ1U,PRABIR TIFFIN CENTRE,places,en,218,22.5162434,88.2982748,22.5169993,88.2967007,0,kol,Kolkata,2026-09-01T02:51:51.609881Z
ChIJ_Sl5YgB7AjoRyMH2kEi5j4A,Kolkata Haji Biryani,places,en,218,22.5162434,88.2982748,22.515629399999998,88.3001486,0,kol,Kolkata,2026-09-01T02:51:51.609888Z
ChIJ5Wt2kSp5AjoR5JfxWlvfsOU,Manna Snacks,places,en,218,22.5162434,88.2982748,22.5178536,88.2966098,0,kol,Kolkata,2026-09-01T02:51:51.609895Z
ChIJva8kjwp5AjoRkiXHzUW5J9g,Abhijit Kirna Stor,places,en,218,22.5162434,88.2982748,22.5168447,88.29583099999999,0,kol,Kolkata,2026-09-01T02:51:51.609902Z
ChIJre2rqbF7AjoRcVM6UCbznWM,বাঙাল বাড়ি - Bengali Cuisine & More,places,en,218,22.5162434,88.2982748,22.5149556,88.3006849,0,kol,Kolkata,2026-09-01T02:51:51.609910Z
ChIJK-FJrghxAjoRmpnzv7N_9TI,Qurbaat,places,en,219,22.5083352,88.33887494999999,22.508571099999998,88.3395488,0,kol,Kolkata,2026-09-01T02:51:51.965599Z
ChIJOV29FbRwAjoRx9RIrIGAGZM,Zyka Restaurant & Bar,places,en,219,22.5083352,88.33887494999999,22.508659299999998,88.3380151,0,kol,Kolkata,2026-09-01T02:51:51.965644Z
ChIJIVkzuhdxAjoRYi9CbZYAQjI,Happy Fast Food centre,places,en,219,22.5083352,88.33887494999999,22.5087537,88.33742960000001,0,kol,Kolkata,2026-09-01T02:51:51.965655Z
ChIJlXBLSe5xAjoR2E9TkNkAFMM,Korean restaurant,places,en,219,22.5083352,88.33887494999999,22.5095714,88.3397359,0,kol,Kolkata,2026-09-01T02:51:51.965664Z
ChIJX1bsVQBxAjoR12kL01S5CKg,Dishan momo stall,places,en,219,22.5083352,88.33887494999999,22.5098852,88.3385727,0,kol,Kolkata,2026-09-01T02:51:51.965672Z
ChIJbYa6EABxAjoR2r5g76f1L-I,"Kaviar Restaurant, New Alipore",places,en,219,22.5083352,88.33887494999999,22.5073589,88.33734989999999,0,kol,Kolkata,2026-09-01T02:51:51.965679Z
ChIJu2plhNJxAjoRTBvovogJQ-A,Food Buddyz,places,en,219,22.5083352,88.33887494999999,22.5071205,88.3374613,0,kol,Kolkata,2026-09-01T02:51:51.965687Z
ChIJmdA0tRZxAjoRy0ZYj6EfdF8,Pizza Mail,places,en,219,22.5083352,88.33887494999999,22.5082012,88.3367428,0,kol,Kolkata,2026-09-01T02:51:51.965704Z
ChIJA4TKamZ3AjoRZ-SpSZhhVgo,Adarrsh kitchen,places,en,221,22.5627025,88.38241645,22.5627568,88.3823374,0,kol,Kolkata,2026-09-01T02:51:52.809986Z
ChIJ6xHAfgB3AjoRw1rfllWMPaA,Rasana Resturent,places,en,221,22.5627025,88.38241645,22.5628587,88.3815788,0,kol,Kolkata,2026-09-01T02:51:52.810029Z
ChIJq9xqB3N3AjoRQAuynJ5fDp4,RUPAM FAST FOOD,places,en,221,22.5627025,88.38241645,22.5631433,88.38047759999999,0,kol,Kolkata,2026-09-01T02:51:52.810039Z
ChIJ74Fd03Z3AjoRW9wcy-_F4Q4,Leo’s kitchen,places,en,222,22.5586796,88.39175825000001,22.558065,88.3924443,0,kol,Kolkata,2026-09-01T02:51:53.152281Z
ChIJ8zHDOQB3AjoR-YkJClfyDIM,MANJU'S MAGIK,places,en,222,22.5586796,88.39175825000001,22.557492099999997,88.38989649999999,0,kol,Kolkata,2026-09-01T02:51:53.152329Z
ChIJDxihOwB3AjoR8F75YpHrW4U,THE EATING VILLAGE 🍝,places,en,222,22.5586796,88.39175825000001,22.557500100000002,88.3894895,0,kol,Kolkata,2026-09-01T02:51:53.152342Z
ChIJ_3nyBJR3AjoRw1O4nVWAUSo,HFC FOOD PVT LTD OFFICE,places,en,222,22.5586796,88.39175825000001,22.561101999999998,88.3907737,0,kol,Kolkata,2026-09-01T02:51:53.152350Z
ChIJWek0EJ53AjoRaEfzHkkcNq0,Babusona's Porota,places,en,222,22.5586796,88.39175825000001,22.556011599999998,88.3917642,0,kol,Kolkata,2026-09-01T02:51:53.152358Z
ChIJOeTab213AjoRtyhkC6VytjM,Desi Bytes,places,en,223,22.5648139,88.3971318,22.5653549,88.3966095,0,kol,Kolkata,2026-09-01T02:51:53.507424Z
ChIJ5SbWP5l3AjoRc4dnMAka_nA,Infinity Cafe & Restaurant Beleghata,places,en,223,22.5648139,88.3971318,22.565531,88.39664839999999,0,kol,Kolkata,2026-09-01T02:51:53.507471Z
ChIJXQK6_n12AjoR4JhElk-6FFs,Dinner House Beliaghata,places,en,223,22.5648139,88.3971318,22.563769999999998,88.3964524,0,kol,Kolkata,2026-09-01T02:51:53.507482Z
ChIJRc8unH12AjoRpUa90QY8rFA,Drumstick,places,en,223,22.5648139,88.3971318,22.564081299999998,88.39568059999999,0,kol,Kolkata,2026-09-01T02:51:53.507490Z
ChIJQ8FD-6N3AjoRb3PB-wv7CuU,Good Food,places,en,223,22.5648139,88.3971318,22.565767599999997,88.3956841,0,kol,Kolkata,2026-09-01T02:51:53.507500Z
ChIJveCZTod2AjoRELzkn5rBMxA,Tripti Fast Food Centre,places,en,223,22.5648139,88.3971318,22.563226,88.3964128,0,kol,Kolkata,2026-09-01T02:51:53.507508Z
ChIJSaw1ERR3AjoRdWhZ9sv72Rg,CHATTERBOX,places,en,223,22.5648139,88.3971318,22.5631725,88.39641519999999,0,kol,Kolkata,2026-09-01T02:51:53.507517Z
ChIJSQFaYkl3AjoRzpgpvQIb8QY,Kitchin,places,en,223,22.5648139,88.3971318,22.563011,88.39654,0,kol,Kolkata,2026-09-01T02:51:53.507525Z
ChIJ7XKXg5d3AjoRQQrL78BwdzY,Khaibar Bus-E,places,en,223,22.5648139,88.3971318,22.564989,88.3948885,0,kol,Kolkata,2026-09-01T02:51:53.507533Z
ChIJRYHHLgV3AjoRUOBcc-Nz-uY,Amantran Fast food centre,places,en,223,22.5648139,88.3971318,22.564989,88.3948885,0,kol,Kolkata,2026-09-01T02:51:53.507540Z
ChIJez1ZTAB3AjoRLlh7BtfMCCk,IDLI-DOSA TIFFIN CORNER (SOUTH INDIAN FOOD),places,en,223,22.5648139,88.3971318,22.5649581,88.3948419,0,kol,Kolkata,2026-09-01T02:51:53.507547Z
ChIJxT9iPQB3AjoROEKFe73vNDY,Nasta nagari,places,en,223,22.5648139,88.3971318,22.565218299999998,88.3947975,0,kol,Kolkata,2026-09-01T02:51:53.507554Z
ChIJAahALQB3AjoRlZZlPEOFs2A,Nastha nagri,places,en,223,22.5648139,88.3971318,22.565218299999998,88.3947975,0,kol,Kolkata,2026-09-01T02:51:53.507562Z
ChIJax1URod2AjoRleLfZOG7_1U,Good Luck Biriyani House,places,en,223,22.5648139,88.3971318,22.5629045,88.3959879,0,kol,Kolkata,2026-09-01T02:51:53.507570Z
ChIJbaXvw9l3AjoRXEAmzlQHVRI,MAA TARA PAN SHOP,places,en,223,22.5648139,88.3971318,22.5625461,88.3973731,0,kol,Kolkata,2026-09-01T02:51:53.507577Z
ChIJz69HOnB3AjoR8vUZkfq7b9A,Hey foodies Khao or khilao,places,en,223,22.5648139,88.3971318,22.5625601,88.397652,0,kol,Kolkata,2026-09-01T02:51:53.507584Z
ChIJHyiWem13AjoRMs5ubgMo9a8,The Fry Atelier,places,en,223,22.5648139,88.3971318,22.562682,88.396078,0,kol,Kolkata,2026-09-01T02:51:53.507590Z
ChIJ6zFWj1h3AjoRNvfvtkWlzTA,Momo Chow,places,en,223,22.5648139,88.3971318,22.562417000000003,88.397222,0,kol,Kolkata,2026-09-01T02:51:53.507597Z
ChIJzTD-JyB3AjoROHVqhABhTjc,Monginis Cake Shop,places,en,223,22.5648139,88.3971318,22.5626946,88.3957993,0,kol,Kolkata,2026-09-01T02:51:53.507605Z
ChIJDYsT_-h3AjoRpW9QHMLOUs8,Ghorer Khabar,places,en,223,22.5648139,88.3971318,22.564175199999998,88.3996894,0,kol,Kolkata,2026-09-01T02:51:53.507612Z
ChIJbaeWG1h3AjoReSvtbdTrBDM,Bun Maska,places,en,224,22.551021149999997,88.36034445,22.550476999999997,88.3622049,0,kol,Kolkata,2026-09-01T02:51:53.932080Z
ChIJgWiKFhB3AjoRDlLzX4PI8wU,WASIFA TAJ BRIYANI,places,en,224,22.551021149999997,88.36034445,22.549082,88.36023290000001,0,kol,Kolkata,2026-09-01T02:51:53.932128Z
ChIJQw8daAF3AjoRwoVSF1Lyw0g,Air Casa,places,en,225,22.5837163,88.36323110000001,22.583234899999997,88.3621472,0,kol,Kolkata,2026-09-01T02:51:54.287112Z
ChIJt-zdjUh3AjoRa756L1lgbNE,Agami Kabab Centre,places,en,225,22.5837163,88.36323110000001,22.582463,88.36281,0,kol,Kolkata,2026-09-01T02:51:54.287160Z
ChIJPWt1ajd3AjoRsXR6WhIzdKc,YUMPTY FOOD STREET,places,en,225,22.5837163,88.36323110000001,22.5823266,88.36295369999999,0,kol,Kolkata,2026-09-01T02:51:54.287173Z
ChIJCYJYeL13AjoRL0gv0-CaTIY,Dhanwariya Foods,places,en,225,22.5837163,88.36323110000001,22.5823563,88.3627109,0,kol,Kolkata,2026-09-01T02:51:54.287182Z
ChIJy80nu7R3AjoRZWoixVb4EDM,"Bhikharam Chandmal Rajuji | Namkeen, Mithai, Chaat, Fast Food - Ram Mandir",places,en,225,22.5837163,88.36323110000001,22.5826763,88.3620834,0,kol,Kolkata,2026-09-01T02:51:54.287190Z
ChIJhzSnrbR3AjoRmIa0edD-mY8,Usha Tea & Roll Center,places,en,225,22.5837163,88.36323110000001,22.5822942,88.3626883,0,kol,Kolkata,2026-09-01T02:51:54.287197Z
ChIJHy3krLR3AjoR2ZmX9jI6ldg,Pathak Brothers,places,en,225,22.5837163,88.36323110000001,22.5822942,88.3626883,0,kol,Kolkata,2026-09-01T02:51:54.287205Z
ChIJJ4wAqWR3AjoRyPlleRxv1UA,J And G Grandsons,places,en,225,22.5837163,88.36323110000001,22.582708,88.3619452,0,kol,Kolkata,2026-09-01T02:51:54.287212Z
ChIJtTBry8h3AjoRBeupPo_o5iE,Cafe Town,places,en,225,22.5837163,88.36323110000001,22.582708,88.3619452,0,kol,Kolkata,2026-09-01T02:51:54.287219Z
ChIJxY_peEx2AjoRp6kKqkEZkTo,Agarwals Pav Bhaji,places,en,225,22.5837163,88.36323110000001,22.582351499999998,88.3623849,0,kol,Kolkata,2026-09-01T02:51:54.287226Z
ChIJ8zQ9MQB3AjoR1zzi2m7j7UY,The Blossom,places,en,225,22.5837163,88.36323110000001,22.5839295,88.3615476,0,kol,Kolkata,2026-09-01T02:51:54.287233Z
ChIJ4-SZ5sp3AjoRDYUQa_NjwKQ,Dharmendra Shop,places,en,225,22.5837163,88.36323110000001,22.5823519,88.3623819,0,kol,Kolkata,2026-09-01T02:51:54.287240Z
ChIJ8ZXEr7R3AjoRAByvXFOye3I,Mahalinga's Idli Dosa,places,en,225,22.5837163,88.36323110000001,22.5823494,88.3623748,0,kol,Kolkata,2026-09-01T02:51:54.287248Z
ChIJ2W6tC9R3AjoRKeviFCfITFo,Green Chilly,places,en,225,22.5837163,88.36323110000001,22.5824851,88.3620711,0,kol,Kolkata,2026-09-01T02:51:54.287255Z
ChIJMxUg_Aqd-DkRsh1G3QLKTDg,Twezztato Hub By Singhania Brothers,places,en,225,22.5837163,88.36323110000001,22.5825554,88.3619746,0,kol,Kolkata,2026-09-01T02:51:54.287262Z
ChIJKSxfaBl3AjoRdyX6AP3L2Ho,SARASWATI HOTEL,places,en,225,22.5837163,88.36323110000001,22.5825125,88.36192349999999,0,kol,Kolkata,2026-09-01T02:51:54.287270Z
ChIJCwIf9W93AjoRrBNxStF7DjE,Gupta's Pav Bhaji,places,en,225,22.5837163,88.36323110000001,22.5825289,88.3618905,0,kol,Kolkata,2026-09-01T02:51:54.287277Z
ChIJ72ll7GZ3AjoRz5zFsGmByZ0,Restaurants,places,en,225,22.5837163,88.36323110000001,22.5825271,88.3618779,0,kol,Kolkata,2026-09-01T02:51:54.287286Z
ChIJNZl8RatxAjoRyF06uhZpAy4,Tawa Tamancha,places,en,226,22.51077965,88.32749935000001,22.5114377,88.32778449999999,0,kol,Kolkata,2026-09-01T02:51:54.640882Z
ChIJI4nOHABxAjoRzKFhDOrqWMs,Shahapur,places,en,226,22.51077965,88.32749935000001,22.5114964,88.3282784,0,kol,Kolkata,2026-09-01T02:51:54.640923Z
ChIJS82-b6RxAjoRiKRWFMO0xTo,17 FOOD PLAZA,places,en,226,22.51077965,88.32749935000001,22.5118021,88.32753,0,kol,Kolkata,2026-09-01T02:51:54.640934Z
ChIJmfCY8WJxAjoRx30GtvNhE-U,Good Scoop ( Formerly Good Shakes ),places,en,226,22.51077965,88.32749935000001,22.511939599999998,88.32721889999999,0,kol,Kolkata,2026-09-01T02:51:54.640944Z
ChIJWUAhXcNxAjoRPNfz_SybTKE,Dragon Flame kitchen,places,en,226,22.51077965,88.32749935000001,22.511807599999997,88.3283081,0,kol,Kolkata,2026-09-01T02:51:54.640953Z
ChIJVdHujaVxAjoRyIXE17nNqPc,APNA RASOI KITCHEN,places,en,226,22.51077965,88.32749935000001,22.5118014,88.32833049999999,0,kol,Kolkata,2026-09-01T02:51:54.640960Z
ChIJH1AAYJJ7AjoRGWVQ6tsJiBQ,Muh Gale Hazam,places,en,226,22.51077965,88.32749935000001,22.511803,88.3284975,0,kol,Kolkata,2026-09-01T02:51:54.640967Z
ChIJPWuUakdxAjoR0tF5MpNikRE,Shree Rasoi,places,en,226,22.51077965,88.32749935000001,22.511800899999997,88.3290957,0,kol,Kolkata,2026-09-01T02:51:54.640990Z
ChIJ8_C3v6FxAjoRqe0jPvWudJk,HOT N BITE RESTAURANT,places,en,226,22.51077965,88.32749935000001,22.510004499999997,88.32926169999999,0,kol,Kolkata,2026-09-01T02:51:54.640997Z
ChIJ78XkEKxwAjoRSxY__g3QpuM,M.N.P Snaks Bar,places,en,226,22.51077965,88.32749935000001,22.5106143,88.32946319999999,0,kol,Kolkata,2026-09-01T02:51:54.641005Z
ChIJjUQDWrBwAjoRAAAA0MV7P2o,Sunil Store,places,en,227,22.5170335,88.32299065000001,22.5175606,88.3234471,0,kol,Kolkata,2026-09-01T02:51:55.055028Z
ChIJ55E3QMF3AjoRPEgUzvGhsCA,Labbaik Chicken Corner,places,en,228,22.6032175,88.3846101,22.6037589,88.38510090000001,0,kol,Kolkata,2026-09-01T02:51:55.511573Z
ChIJYXctvPx3AjoRNwqN2W3tERY,RFC,places,en,228,22.6032175,88.3846101,22.6039931,88.38439629999999,0,kol,Kolkata,2026-09-01T02:51:55.511605Z
ChIJae-g5xh2AjoRpnpLXRpAB30,Jahangiria Shahi Snacks,places,en,228,22.6032175,88.3846101,22.6042259,88.3841348,0,kol,Kolkata,2026-09-01T02:51:55.511613Z
ChIJ22-mBcl3AjoRhrq-rfAwHf8,Jahangiria Shahi Biryani Eating House (2ND BRANCH,places,en,228,22.6032175,88.3846101,22.6049237,88.3840527,0,kol,Kolkata,2026-09-01T02:51:55.511617Z
ChIJgTIDYAB3AjoRwzzVeOQTwQY,THE CLASSY MENS SALON,places,en,228,22.6032175,88.3846101,22.604986,88.38407199999999,0,kol,Kolkata,2026-09-01T02:51:55.511621Z
ChIJtQrS2SZ3AjoRgL74-1tz_Mw,Fast Food Track,places,en,228,22.6032175,88.3846101,22.602226899999998,88.38295339999999,0,kol,Kolkata,2026-09-01T02:51:55.511624Z
ChIJBV1SBwB3AjoRdYoWvRi0PxA,Saheb's Chicken Pyare Kabab,places,en,228,22.6032175,88.3846101,22.605004500000003,88.38375950000001,0,kol,Kolkata,2026-09-01T02:51:55.511629Z
ChIJZcV_MZ53AjoRJkXAMjPF5WA,Dawat E Nawab,places,en,228,22.6032175,88.3846101,22.6050908,88.3839505,0,kol,Kolkata,2026-09-01T02:51:55.511633Z
ChIJjSVevxh2AjoREMyOR3sV2sM,New Royal Bengal Restaurant,places,en,228,22.6032175,88.3846101,22.6049915,88.383668,0,kol,Kolkata,2026-09-01T02:51:55.511636Z
ChIJ8eRIY4t3AjoRh9QwlEBwnWs,Royal Biriyani Centre,places,en,228,22.6032175,88.3846101,22.6052526,88.3844008,0,kol,Kolkata,2026-09-01T02:51:55.511640Z
ChIJ-WLJTj53AjoRRlj1_0azXaw,Railway restaurant and waiting room,places,en,228,22.6032175,88.3846101,22.601903399999998,88.382859,0,kol,Kolkata,2026-09-01T02:51:55.511643Z
ChIJcwUSez13AjoRR8vrXJj5qgY,Bharat Biriyani,places,en,228,22.6032175,88.3846101,22.6054013,88.38412989999999,0,kol,Kolkata,2026-09-01T02:51:55.511647Z
ChIJG6WU-UN3AjoRb7sraRilYGg,Biryani Babu,places,en,228,22.6032175,88.3846101,22.6054514,88.3838906,0,kol,Kolkata,2026-09-01T02:51:55.511651Z
ChIJQV3ZaRB3AjoRewLZF6p_yqc,Chhote Miyan,places,en,228,22.6032175,88.3846101,22.604763,88.3865376,0,kol,Kolkata,2026-09-01T02:51:55.511654Z
ChIJQeOzWQB3AjoR-hDfEstJ-yw,Food van,places,en,228,22.6032175,88.3846101,22.6023405,88.38221109999999,0,kol,Kolkata,2026-09-01T02:51:55.511658Z
ChIJyy5SRyJ3AjoRsyPM3mn41Gc,Haq se Pizza,places,en,228,22.6032175,88.3846101,22.605566,88.38539089999999,0,kol,Kolkata,2026-09-01T02:51:55.511661Z
ChIJ15FhAUd3AjoR3IFQuTiG5b4,Raju Biriyani House,places,en,228,22.6032175,88.3846101,22.6055869,88.38541409999999,0,kol,Kolkata,2026-09-01T02:51:55.511665Z
ChIJWZIwzRh2AjoRzwiGRem8mp4,NARAYAN HINDU HOTEL &RESTURANT,places,en,228,22.6032175,88.3846101,22.605783700000003,88.38404279999999,0,kol,Kolkata,2026-09-01T02:51:55.511669Z
ChIJeUi-NOad-DkR7c2jex4RUEo,Biswas Kitchen,places,en,229,22.61586195,88.3812644,22.6164086,88.38157729999999,0,kol,Kolkata,2026-09-01T02:51:55.956217Z
ChIJ7VXR-xKd-DkRWX_iEZb6W3c,Mumma's Kitchen,places,en,229,22.61586195,88.3812644,22.614670699999998,88.38051159999999,0,kol,Kolkata,2026-09-01T02:51:55.956264Z
ChIJTcKH432d-DkRBdVXLRxPEdc,Oudh 1590 - BT Road Paikpara,places,en,229,22.61586195,88.3812644,22.6156512,88.3793113,0,kol,Kolkata,2026-09-01T02:51:55.956274Z
ChIJf4_5D0Od-DkRU8qcF47UgrU,Foodies Corner,places,en,229,22.61586195,88.3812644,22.6139998,88.3801295,0,kol,Kolkata,2026-09-01T02:51:55.956283Z
ChIJ3TqpuYud-DkRJXmfKzte5Eg,হাজি বিরিয়ানি,places,en,229,22.61586195,88.3812644,22.6156114,88.37873689999999,0,kol,Kolkata,2026-09-01T02:51:55.956293Z
ChIJD3e1ZDud-DkRR6aZqv9iHp0,New Punjab Hindu Hotel,places,en,229,22.61586195,88.3812644,22.6148047,88.3787402,0,kol,Kolkata,2026-09-01T02:51:55.956300Z
ChIJWZjG7g-d-DkRJ72xhecSM_w,The North Calcutta Kitchen,places,en,229,22.61586195,88.3812644,22.6177523,88.383325,0,kol,Kolkata,2026-09-01T02:51:55.956308Z
ChIJZ9W7YwB3AjoRWe5-0nUF94E,KOLKATAR TASTE RESTAURANT,places,en,230,22.60559265,88.39254585,22.604754699999997,88.39200559999999,0,kol,Kolkata,2026-09-01T02:51:56.326466Z
ChIJIcwONAB3AjoRQg8SJPyrecU,সত্যানন্দ ফাস্টফুড,places,en,230,22.60559265,88.39254585,22.6057925,88.3939948,0,kol,Kolkata,2026-09-01T02:51:56.326515Z
ChIJQyIyeAB3AjoRWkcoqs_2RVY,CAFE 37 MILK COLONY,places,en,230,22.60559265,88.39254585,22.6060274,88.39103999999999,0,kol,Kolkata,2026-09-01T02:51:56.326527Z
ChIJ-SPgNht2AjoRuOoSCvTZIfo,Food Bazar,places,en,230,22.60559265,88.39254585,22.6042465,88.39138,0,kol,Kolkata,2026-09-01T02:51:56.326535Z
ChIJa4hvCjV3AjoR41qNK5jz5JE,MALLICK SNACKS,places,en,230,22.60559265,88.39254585,22.6072006,88.3905951,0,kol,Kolkata,2026-09-01T02:51:56.326542Z
ChIJuWpa5_Z3AjoRjXO8GM_c97w,MALLICK HOTEL,places,en,230,22.60559265,88.39254585,22.607147599999998,88.3905267,0,kol,Kolkata,2026-09-01T02:51:56.326550Z
ChIJjRYCWKF3AjoR9i41AQfU2IE,BABLU TEA STALL A,places,en,230,22.60559265,88.39254585,22.607698499999998,88.3941182,0,kol,Kolkata,2026-09-01T02:51:56.326557Z
ChIJcZaLwRx2AjoRTOpb1mmKgm0,Alishan Biryani,places,en,230,22.60559265,88.39254585,22.607733,88.39078889999999,0,kol,Kolkata,2026-09-01T02:51:56.326564Z
ChIJMR6cBPlxAjoRjChXsyYn2RA,Fast and Fresh South Indian vegetarian vegan food,places,en,231,22.5075535,88.33633929999999,22.5068989,88.336068,0,kol,Kolkata,2026-09-01T02:51:56.679090Z
ChIJPa7bVLBwAjoRdGKrBAqncQc,Jhal Muri Corner,places,en,231,22.5075535,88.33633929999999,22.5069362,88.3359588,0,kol,Kolkata,2026-09-01T02:51:56.679126Z
ChIJG1ZdsrFwAjoR8V396wRSlzQ,BADA PHUCHKA WALA,places,en,231,22.5075535,88.33633929999999,22.5072299,88.3354123,0,kol,Kolkata,2026-09-01T02:51:56.679136Z
ChIJ4Q_YRfFxAjoRx-qyDp0N1PQ,CocoBongo,places,en,231,22.5075535,88.33633929999999,22.508540399999998,88.33552019999999,0,kol,Kolkata,2026-09-01T02:51:56.679147Z
ChIJW0FanuxxAjoRWxOhpkbpdcU,The Food Cycle,places,en,231,22.5075535,88.33633929999999,22.5067026,88.33535959999999,0,kol,Kolkata,2026-09-01T02:51:56.679152Z
ChIJ____v6pwAjoRKF5sAHdCJWI,Bakshi Catering & Co,places,en,231,22.5075535,88.33633929999999,22.506223499999997,88.3360108,0,kol,Kolkata,2026-09-01T02:51:56.679158Z
ChIJLYwsWrBwAjoRzF_F_Zg0zTo,Rose Snacks,places,en,231,22.5075535,88.33633929999999,22.5062176,88.3357114,0,kol,Kolkata,2026-09-01T02:51:56.679164Z
ChIJkTBRDmNxAjoRYLtcqb4blfA,Mohan Bhunja Shop,places,en,231,22.5075535,88.33633929999999,22.506279499999998,88.3354841,0,kol,Kolkata,2026-09-01T02:51:56.679171Z
ChIJwYd8KQBxAjoRTjsdV_ssiB8,Tusharika's Kitchen,places,en,231,22.5075535,88.33633929999999,22.5060848,88.3358375,0,kol,Kolkata,2026-09-01T02:51:56.679176Z
ChIJ802ls8RxAjoRGoXo1cW-nfw,The Food Factory,places,en,231,22.5075535,88.33633929999999,22.506066099999998,88.3358354,0,kol,Kolkata,2026-09-01T02:51:56.679181Z
ChIJEbBsmPlxAjoREK3YCIZ9S4A,Ami Petuk,places,en,231,22.5075535,88.33633929999999,22.5060574,88.3358603,0,kol,Kolkata,2026-09-01T02:51:56.679187Z
ChIJBVAJ2At3AjoR8OnT2XZZ6qE,Banerjeer Rannaghar,places,en,232,22.538343349999998,88.36409359999999,22.5381571,88.3639501,0,kol,Kolkata,2026-09-01T02:51:57.096240Z
ChIJbexpKvZ3AjoRP_U0N494Dqg,JULIE'S KITCHEN,places,en,232,22.538343349999998,88.36409359999999,22.538627899999998,88.36387119999999,0,kol,Kolkata,2026-09-01T02:51:57.096288Z
ChIJRYgbuN92AjoRHjGRJGthWEE,Forever Foods,places,en,232,22.538343349999998,88.36409359999999,22.5384663,88.3645307,0,kol,Kolkata,2026-09-01T02:51:57.096300Z
ChIJ712KxN92AjoRRfoSC3-UD-s,Snacks Emporium,places,en,232,22.538343349999998,88.36409359999999,22.5387436,88.3643051,0,kol,Kolkata,2026-09-01T02:51:57.096309Z
ChIJDQ0cvsV3AjoRcIIfl-GdMeI,PARK FOOD,places,en,232,22.538343349999998,88.36409359999999,22.538409599999998,88.3646014,0,kol,Kolkata,2026-09-01T02:51:57.096317Z
ChIJH-wBJqp3AjoRbV6j-cDsc9k,The Sheesha Spot,places,en,232,22.538343349999998,88.36409359999999,22.5385734,88.36456129999999,0,kol,Kolkata,2026-09-01T02:51:57.096325Z
ChIJ9a_zxgp3AjoR2qqMOumg1m4,Darjeeling Momories,places,en,232,22.538343349999998,88.36409359999999,22.5388728,88.3642102,0,kol,Kolkata,2026-09-01T02:51:57.096332Z
ChIJ-Sc-gR93AjoRidXaaSjI8d4,Royal Pizza House,places,en,232,22.538343349999998,88.36409359999999,22.5384517,88.3646907,0,kol,Kolkata,2026-09-01T02:51:57.096339Z
ChIJT6BpGod5AjoRRzSCQBm6dJg,The Ottoman Grill,places,en,232,22.538343349999998,88.36409359999999,22.53878,88.36456,0,kol,Kolkata,2026-09-01T02:51:57.096346Z
ChIJoV4DqRd3AjoRJ5QFaWqnNU0,Mubarak Fast Food,places,en,232,22.538343349999998,88.36409359999999,22.538348499999998,88.3647695,0,kol,Kolkata,2026-09-01T02:51:57.096354Z
ChIJ74tNE_B3AjoRuOcP433c7nI,Rio de Janeiro,places,en,232,22.538343349999998,88.36409359999999,22.537722900000002,88.3643154,0,kol,Kolkata,2026-09-01T02:51:57.096361Z
ChIJcWaGbQN3AjoRI5AS4VslwLs,SAFFRON Dine | Lounge | Cafe,places,en,232,22.538343349999998,88.36409359999999,22.537678700000004,88.3644056,0,kol,Kolkata,2026-09-01T02:51:57.096370Z
ChIJrc5bHgB3AjoRd-9TC4ZY0EE,Khushi apartment,places,en,232,22.538343349999998,88.36409359999999,22.538556099999997,88.364853,0,kol,Kolkata,2026-09-01T02:51:57.096381Z
ChIJM0Jhj9p2AjoRNwJaIB3m3Cg,Mithai,places,en,232,22.538343349999998,88.36409359999999,22.538504,88.3649054,0,kol,Kolkata,2026-09-01T02:51:57.096388Z
ChIJffO0CwB3AjoRkiIcLmlfr3o,Nayab Delhi Tikka N kabab,places,en,232,22.538343349999998,88.36409359999999,22.539091799999998,88.3638804,0,kol,Kolkata,2026-09-01T02:51:57.096396Z
ChIJ3bJFtN92AjoR8X_wU6GRkLU,"Domino's Pizza | Syed Amir Ali Avenue, Kolkata",places,en,232,22.538343349999998,88.36409359999999,22.538594999999997,88.3650148,0,kol,Kolkata,2026-09-01T02:51:57.096406Z
ChIJh3FcIeN3AjoROQX3qBhTias,The Manifest,places,en,232,22.538343349999998,88.36409359999999,22.5391704,88.3636604,0,kol,Kolkata,2026-09-01T02:51:57.096414Z
ChIJD8VEr7N3AjoRPtjq6RohpnI,Kitchen On Fire,places,en,233,22.52206475,88.37095245,22.5223017,88.3712113,0,kol,Kolkata,2026-09-01T02:51:57.439818Z
ChIJXR04ZU1xAjoRgZgwGKDYDJE,Red Bamboo Shoot,places,en,233,22.52206475,88.37095245,22.5224424,88.3711129,0,kol,Kolkata,2026-09-01T02:51:57.439853Z
ChIJ4zk765d3AjoRWdDOfxj2WmY,Tasty Treat,places,en,233,22.52206475,88.37095245,22.522591499999997,88.37063370000001,0,kol,Kolkata,2026-09-01T02:51:57.439858Z
ChIJ4exRX4d3AjoRK9bZvLV7u4Y,Fisherman,places,en,233,22.52206475,88.37095245,22.5213549,88.3714687,0,kol,Kolkata,2026-09-01T02:51:57.439862Z
ChIJge-czhp3AjoRRl8tMPAC2Sw,Jamir Lane,places,en,233,22.52206475,88.37095245,22.521261499999998,88.3714548,0,kol,Kolkata,2026-09-01T02:51:57.439865Z
ChIJ7S4vTFR3AjoRFSWrfuiPu9o,Jay Maa Tara Food Centre,places,en,233,22.52206475,88.37095245,22.5211909,88.37151519999999,0,kol,Kolkata,2026-09-01T02:51:57.439869Z
ChIJLxS3aW53AjoRpsaQ4_wy7_o,Pawan Shop,places,en,233,22.52206475,88.37095245,22.520814599999998,88.371004,0,kol,Kolkata,2026-09-01T02:51:57.439872Z
ChIJYUoVONJ2AjoRxIJDGdI0Cgg,New Lake View Hotel and Restaurant,places,en,233,22.52206475,88.37095245,22.5208233,88.37139119999999,0,kol,Kolkata,2026-09-01T02:51:57.439875Z
ChIJAbl0QNJ2AjoRs8t6cymGt_U,Golden Fast Food,places,en,233,22.52206475,88.37095245,22.520757699999997,88.3713396,0,kol,Kolkata,2026-09-01T02:51:57.439878Z
ChIJu9vQn3l3AjoRJIiIJn23E1Y,"Tara's Kitchen Ballygunge"" বাঙালি খাবারের ঐতিহ্য যা ভালোবাসা আর যত্ন দিয়ে তৈরি""",places,en,233,22.52206475,88.37095245,22.523408099999997,88.37069059999999,0,kol,Kolkata,2026-09-01T02:51:57.439882Z
ChIJSWTZatJ2AjoRCq86x5VPNfs,Gupta Kitchen,places,en,233,22.52206475,88.37095245,22.5207352,88.3714588,0,kol,Kolkata,2026-09-01T02:51:57.439885Z
ChIJHUsja9J2AjoRAAAAMGngAEY,Bismillah Food Centre,places,en,233,22.52206475,88.37095245,22.5207245,88.37147240000002,0,kol,Kolkata,2026-09-01T02:51:57.439889Z
ChIJz7WLfwB3AjoR2Y0egTe-hP0,GUPTA KITCHEN,places,en,233,22.52206475,88.37095245,22.520717400000002,88.371534,0,kol,Kolkata,2026-09-01T02:51:57.439892Z
ChIJw9qQUtJ2AjoR91-jCy-Xb1s,Raj Hotel & Restaurant,places,en,233,22.52206475,88.37095245,22.520626,88.3713198,0,kol,Kolkata,2026-09-01T02:51:57.439895Z
ChIJQcca2b13AjoRAgQbrfZEj-s,ballygunge resto cafe,places,en,233,22.52206475,88.37095245,22.5207739,88.37017139999999,0,kol,Kolkata,2026-09-01T02:51:57.439898Z
ChIJSfcC6mB3AjoRLkft_FoeTRY,Maya Jalpan,places,en,233,22.52206475,88.37095245,22.520866299999998,88.3699568,0,kol,Kolkata,2026-09-01T02:51:57.439901Z
ChIJxwL3aT13AjoRZVWT0YLN0Gc,Jaiswal Tasty Corner,places,en,233,22.52206475,88.37095245,22.5206683,88.3716326,0,kol,Kolkata,2026-09-01T02:51:57.439905Z
ChIJmVbnaAB3AjoR8QXp7rMgb88,LORD'S OF FLAVOUR'S,places,en,233,22.52206475,88.37095245,22.5209418,88.369807,0,kol,Kolkata,2026-09-01T02:51:57.439908Z
ChIJaVLhRAB3AjoRoaPsE76_lBs,Indian Coffee House - Ballygunge,places,en,233,22.52206475,88.37095245,22.5209252,88.36981689999999,0,kol,Kolkata,2026-09-01T02:51:57.439911Z
ChIJdc0_HAB3AjoRpRXDcmPSGEY,Bikram Shaw Chat center,places,en,233,22.52206475,88.37095245,22.520604,88.3703683,0,kol,Kolkata,2026-09-01T02:51:57.439914Z
ChIJL_iWebh7AjoRWH2Trh3S9BE,Giri's Kitchen,places,en,234,22.5062984,88.31698465,22.506029800000004,88.31740800000001,0,kol,Kolkata,2026-09-01T02:51:57.788778Z
ChIJP4Xfg1V7AjoRlZc5H2D-UYY,The Momo's adda,places,en,234,22.5062984,88.31698465,22.5047997,88.3168243,0,kol,Kolkata,2026-09-01T02:51:57.788816Z
ChIJjapdmwV6AjoR82OkpiHcfDc,Tawa The Fusion Inn,places,en,234,22.5062984,88.31698465,22.5047541,88.3169715,0,kol,Kolkata,2026-09-01T02:51:57.788821Z
ChIJ8a4weAV6AjoR2F9i9yWIDHc,Khana Khazana,places,en,234,22.5062984,88.31698465,22.5046951,88.3167981,0,kol,Kolkata,2026-09-01T02:51:57.788825Z
ChIJ_XtHVgB7AjoRKZoJtUPnFXE,Kahana Khazana,places,en,234,22.5062984,88.31698465,22.504599199999998,88.3167747,0,kol,Kolkata,2026-09-01T02:51:57.788828Z
ChIJYVKyp_17AjoReXaiXebFNsM,Aalya Biryani,places,en,234,22.5062984,88.31698465,22.5045565,88.3162521,0,kol,Kolkata,2026-09-01T02:51:57.788831Z
ChIJJ1ML9o97AjoR9klhfFQw96M,ASP KITCHEN,places,en,234,22.5062984,88.31698465,22.5047565,88.31576079999999,0,kol,Kolkata,2026-09-01T02:51:57.788835Z
ChIJ3R2swQd7AjoRHFgRl_kWDsI,TIFFIN PARA,places,en,234,22.5062984,88.31698465,22.506856499999998,88.31910909999999,0,kol,Kolkata,2026-09-01T02:51:57.788838Z
ChIJMbgZRgV6AjoRoWWvD7EnAzU,Grihastha,places,en,234,22.5062984,88.31698465,22.5050688,88.31481000000001,0,kol,Kolkata,2026-09-01T02:51:57.788841Z
ChIJW0qFMN17AjoRNOC4Mvn9Krs,Heshel - A Taste of Home | Authentic Bengali Restaurant in Kolkata | Best Bengali Food | Traditional Bengali Cuisine,places,en,234,22.5062984,88.31698465,22.5068464,88.3194942,0,kol,Kolkata,2026-09-01T02:51:57.788844Z
ChIJ7RKB-QV6AjoRSsZ8NRoQCSA,Behala Food Corner,places,en,234,22.5062984,88.31698465,22.5043954,88.3187244,0,kol,Kolkata,2026-09-01T02:51:57.788848Z
ChIJ1d3eCQB7AjoR5DARzW1MS5A,Rice and Radhuni,places,en,234,22.5062984,88.31698465,22.5082244,88.31516669999999,0,kol,Kolkata,2026-09-01T02:51:57.788851Z
ChIJB9gjZgB7AjoRUxoshSizir4,Fusion momo store,places,en,234,22.5062984,88.31698465,22.504928,88.319392,0,kol,Kolkata,2026-09-01T02:51:57.788854Z
ChIJGdDfACB7AjoRtrauZckoYc0,Dumpling Fusion,places,en,234,22.5062984,88.31698465,22.505228499999998,88.31962329999999,0,kol,Kolkata,2026-09-01T02:51:57.788857Z
ChIJmfSyFIp3AjoRv5hmwDZXJto,Subodh Swets,places,en,235,22.542367050000003,88.3704595,22.5422107,88.37096559999999,0,kol,Kolkata,2026-09-01T02:51:58.173803Z
ChIJA60FUgB3AjoRF9iH4vMpxk4,Aquamyx Cafe & Lounge,places,en,235,22.542367050000003,88.3704595,22.5424743,88.3710673,0,kol,Kolkata,2026-09-01T02:51:58.173834Z
ChIJ5SaWEHB3AjoRbvMjFzY6HV8,The ZI LOUNGE,places,en,235,22.542367050000003,88.3704595,22.5425467,88.3710784,0,kol,Kolkata,2026-09-01T02:51:58.173840Z
ChIJcwTiXOZ2AjoRQyIBsarGJIM,Abhinandan Sweet & Snacks,places,en,235,22.542367050000003,88.3704595,22.5433344,88.3710701,0,kol,Kolkata,2026-09-01T02:51:58.173844Z
ChIJL4un2vp3AjoRqi7Zo0TnSEw,U&U Biryani House,places,en,235,22.542367050000003,88.3704595,22.5401273,88.3707002,0,kol,Kolkata,2026-09-01T02:51:58.173856Z
ChIJ32BfkXt3AjoRdVj8-44gpFw,idlyGo Xpress,places,en,235,22.542367050000003,88.3704595,22.5446056,88.370967,0,kol,Kolkata,2026-09-01T02:51:58.173860Z
ChIJDajpO-N3AjoRu9rh7DsqVv4,Raat Bhar,places,en,235,22.542367050000003,88.3704595,22.5411331,88.372678,0,kol,Kolkata,2026-09-01T02:51:58.173867Z
ChIJLxdg29x7AjoRrMc-T91s8MA,Home Delivery Food (Suparna' Hensel),places,en,236,22.512211399999998,88.30493165,22.5128092,88.3052101,0,kol,Kolkata,2026-09-01T02:51:58.579765Z
ChIJQWvEHqJ7AjoRfAAq8ZbyD14,Haji Biryani in behala,places,en,236,22.512211399999998,88.30493165,22.5106552,88.30490449999999,0,kol,Kolkata,2026-09-01T02:51:58.579797Z
ChIJF47IWh96AjoRYW1HwOFh-Gk,Blue Star Biryani,places,en,236,22.512211399999998,88.30493165,22.510599,88.304999,0,kol,Kolkata,2026-09-01T02:51:58.579803Z
ChIJq6CgO2t7AjoRWh8hZqw9r3M,Murugan South Indian Restaurant,places,en,236,22.512211399999998,88.30493165,22.5130919,88.30247349999999,0,kol,Kolkata,2026-09-01T02:51:58.579807Z
ChIJp9TKyE97AjoRdqRYgQ51TzU,YADAV HOTEL,places,en,237,22.50937295,88.3198735,22.5093332,88.3208263,0,kol,Kolkata,2026-09-01T02:51:58.930716Z
ChIJJZelcaF7AjoRHplIczuj-Qc,Seamen's Hostel Canteen,places,en,237,22.50937295,88.3198735,22.510418299999998,88.3197168,0,kol,Kolkata,2026-09-01T02:51:58.930763Z
ChIJ7f2l3AZ6AjoR6vLfvsIXKhA,Aasa Biryani House,places,en,237,22.50937295,88.3198735,22.508495399999997,88.32087920000001,0,kol,Kolkata,2026-09-01T02:51:58.930775Z
ChIJ4aZr6wZ6AjoRFb2c-NuSxKQ,Ajanta Restaurant Cum Bar,places,en,237,22.50937295,88.3198735,22.5081569,88.3202723,0,kol,Kolkata,2026-09-01T02:51:58.930784Z
ChIJocPvFAB7AjoRd90EY8AdpPo,New Royal biryani 3,places,en,237,22.50937295,88.3198735,22.5084707,88.3208849,0,kol,Kolkata,2026-09-01T02:51:58.930794Z
ChIJdWWwzV17AjoRftii5-B3NKk,ARZOO BIRYANI,places,en,237,22.50937295,88.3198735,22.508370900000003,88.3208488,0,kol,Kolkata,2026-09-01T02:51:58.930802Z
ChIJ-WWTqhJ1AjoRJ8XYjJS2YzQ,Tiffin Ghar,places,en,237,22.50937295,88.3198735,22.5098162,88.32139149999999,0,kol,Kolkata,2026-09-01T02:51:58.930810Z
ChIJ86nc7QZ6AjoRjaaHTCveDYA,Rimi Restaurant,places,en,237,22.50937295,88.3198735,22.5078785,88.32029879999999,0,kol,Kolkata,2026-09-01T02:51:58.930818Z
ChIJpT_34wZ6AjoRFbMOBySfxMI,NEW PUNJABI HOTEL AJANTA,places,en,237,22.50937295,88.3198735,22.508015999999998,88.3207819,0,kol,Kolkata,2026-09-01T02:51:58.930826Z
ChIJIX0hooF7AjoRJrK026KNr-Y,The Empress (Best Multi Cuisine Restaurants In Kolkata),places,en,237,22.50937295,88.3198735,22.5078533,88.3205697,0,kol,Kolkata,2026-09-01T02:51:58.930834Z
ChIJ6aR4AHR7AjoRR_iINlZhBtw,PAPA N' SON BISTRO BEHALA,places,en,237,22.50937295,88.3198735,22.507849600000004,88.3208922,0,kol,Kolkata,2026-09-01T02:51:58.930842Z
ChIJEyEPRaJxAjoR4wVAccfVz_8,Sandwich Aur Waffle Co.,places,en,237,22.50937295,88.3198735,22.5100637,88.3217861,0,kol,Kolkata,2026-09-01T02:51:58.930849Z
ChIJ9YOxwQZ6AjoRKcDfKdfUBjo,পবিত্র হিন্দু হোটেল,places,en,237,22.50937295,88.3198735,22.5079572,88.321199,0,kol,Kolkata,2026-09-01T02:51:58.930857Z
ChIJR2eOiQZ6AjoRKGVdIKuel2Q,Aminia Restaurant - Behala,places,en,237,22.50937295,88.3198735,22.5071695,88.3198376,0,kol,Kolkata,2026-09-01T02:51:58.930864Z
ChIJkfNZHVd2AjoRCEmwStfbm-Y,Aadarsh Biryani,places,en,237,22.50937295,88.3198735,22.5070211,88.32031140000001,0,kol,Kolkata,2026-09-01T02:51:58.930872Z
ChIJBXHvAR52AjoRArknE0f-5cc,BHARAT BIRYANI,places,en,239,22.612152549999998,88.38731265,22.611656200000002,88.3867981,0,kol,Kolkata,2026-09-01T02:51:59.701677Z
ChIJnZ_MQgB3AjoRxh_apNcLHXg,Mitra Brothers Fast Food Corner,places,en,239,22.612152549999998,88.38731265,22.611611600000003,88.38654369999999,0,kol,Kolkata,2026-09-01T02:51:59.701710Z
ChIJCRiqfgB3AjoRMIdlpZqFKLY,Tasty Bites,places,en,239,22.612152549999998,88.38731265,22.6114754,88.38657119999999,0,kol,Kolkata,2026-09-01T02:51:59.701720Z
ChIJl7CM-o93AjoRvuUqdEJU2mg,Imon & Riyang,places,en,239,22.612152549999998,88.38731265,22.611150799999997,88.3870379,0,kol,Kolkata,2026-09-01T02:51:59.701728Z
ChIJObGygPh3AjoRxZz3T5ouU20,Monginis Cake Shop,places,en,239,22.612152549999998,88.38731265,22.611717,88.385916,0,kol,Kolkata,2026-09-01T02:51:59.701736Z
ChIJGy3dgVad-DkRHB953IrKTuw,A1 Taj Biriyani,places,en,239,22.612152549999998,88.38731265,22.6118621,88.3858424,0,kol,Kolkata,2026-09-01T02:51:59.701745Z
ChIJqTXwGdCd-DkRuZjS2ayd8U4,Balaji Mukhorochok & Snacks,places,en,239,22.612152549999998,88.38731265,22.6117881,88.3858499,0,kol,Kolkata,2026-09-01T02:51:59.701752Z
ChIJ-46WIgB3AjoRY-NFRNOL0lo,Kolkata-37,places,en,239,22.612152549999998,88.38731265,22.6107566,88.3869567,0,kol,Kolkata,2026-09-01T02:51:59.701759Z
ChIJe8pvivWd-DkRrSy6bQIg7t8,Nitu's Shop,places,en,239,22.612152549999998,88.38731265,22.6119701,88.3856531,0,kol,Kolkata,2026-09-01T02:51:59.701767Z
ChIJuxoQUwCd-DkRRaygT84uF6M,Adda Zone Food Stall,places,en,239,22.612152549999998,88.38731265,22.6136345,88.3867331,0,kol,Kolkata,2026-09-01T02:51:59.701774Z
ChIJHZHCDAB3AjoRHlY74LoZTnQ,Boka Baksho,places,en,239,22.612152549999998,88.38731265,22.6116834,88.38542699999999,0,kol,Kolkata,2026-09-01T02:51:59.701783Z
ChIJZRqyOspxAjoRXFwRtulb6L8,Agarwal's Food Delivery- New Alipore,places,en,241,22.50721865,88.3304852,22.508107,88.3300733,0,kol,Kolkata,2026-09-01T02:52:00.400927Z
ChIJ2SEpabFxAjoRuPf1i0RaIdM,Swaadika Cloud Kitchen,places,en,241,22.50721865,88.3304852,22.5084524,88.3299799,0,kol,Kolkata,2026-09-01T02:52:00.400970Z
ChIJg-wx2XVxAjoROTXREabZvHo,RANJIT SAMANTA,places,en,241,22.50721865,88.3304852,22.506615600000003,88.32920879999999,0,kol,Kolkata,2026-09-01T02:52:00.400980Z
ChIJR5rhcalxAjoRIPljC_eOBok,"Hi Bao Social - New Alipore (Hi Bao, Turf XL)",places,en,241,22.50721865,88.3304852,22.506030199999998,88.3295559,0,kol,Kolkata,2026-09-01T02:52:00.400990Z
ChIJRcqgFwBxAjoRd8EBYZSgn1k,Arpitar Rannaghare,places,en,241,22.50721865,88.3304852,22.507924499999998,88.32900219999999,0,kol,Kolkata,2026-09-01T02:52:00.400999Z
ChIJabR6bwBxAjoRT86pEfUbHCo,The Chatore Co.,places,en,241,22.50721865,88.3304852,22.506104699999998,88.33163530000002,0,kol,Kolkata,2026-09-01T02:52:00.401007Z
ChIJyVVufd9xAjoRxKw9-dwf4H4,THE OLIVE SPORTS CAFE,places,en,241,22.50721865,88.3304852,22.5060452,88.3288975,0,kol,Kolkata,2026-09-01T02:52:00.401018Z
ChIJz0eFovRxAjoRUTkYBHTGMyQ,Rama Food Court,places,en,241,22.50721865,88.3304852,22.506741299999998,88.3279728,0,kol,Kolkata,2026-09-01T02:52:00.401026Z
ChIJW7AqCx9xAjoRU4VUPYV_sJY,Namaste kolkata,places,en,241,22.50721865,88.3304852,22.5084375,88.3280625,0,kol,Kolkata,2026-09-01T02:52:00.401033Z
ChIJZW9wXgBxAjoRUs1aRElt5ko,Asian Flare,places,en,241,22.50721865,88.3304852,22.506594500000002,88.3276702,0,kol,Kolkata,2026-09-01T02:52:00.401042Z
ChIJ31lOTQBxAjoRHdiG2_sxBkQ,The Biryani Inc.,places,en,241,22.50721865,88.3304852,22.506594500000002,88.3276702,0,kol,Kolkata,2026-09-01T02:52:00.401049Z
ChIJ8ennz8F2AjoRpfYMZezUr6A,Fast Bite,places,en,243,22.539164200000002,88.37870325,22.5394281,88.37917829999999,0,kol,Kolkata,2026-09-01T02:52:01.203153Z
ChIJK7jFx3B3AjoRx_py8nEpwYs,KABAB WALA,places,en,243,22.539164200000002,88.37870325,22.5396802,88.37938989999999,0,kol,Kolkata,2026-09-01T02:52:01.203194Z
ChIJS-T30cF2AjoRUWDt_jXeuuo,Sandhya Sweets,places,en,243,22.539164200000002,88.37870325,22.5395556,88.3794841,0,kol,Kolkata,2026-09-01T02:52:01.203200Z
ChIJ5bAa-I13AjoRwSZhzyiKDqc,Tym Pass,places,en,243,22.539164200000002,88.37870325,22.539693500000002,88.37978849999999,0,kol,Kolkata,2026-09-01T02:52:01.203206Z
ChIJkdRA_sB2AjoRarvJ7I0LAu8,Desi Bhojyaan,places,en,243,22.539164200000002,88.37870325,22.5370012,88.3798569,0,kol,Kolkata,2026-09-01T02:52:01.203216Z
ChIJxR3tbBZ3AjoRc3bmf0LWLfI,Alivee Cafe & Restro,places,en,244,22.5405985,88.3836938,22.541453,88.38363410000001,0,kol,Kolkata,2026-09-01T02:52:01.556541Z
ChIJDyGUa5V2AjoRTB4cpJXadCg,Stories Cafe & Lounge,places,en,244,22.5405985,88.3836938,22.5414818,88.3836817,0,kol,Kolkata,2026-09-01T02:52:01.556586Z
ChIJM14wAl93AjoRK_KS2C--R1I,Florum Cafe,places,en,244,22.5405985,88.3836938,22.541513,88.383645,0,kol,Kolkata,2026-09-01T02:52:01.556597Z
ChIJS9fW_D53AjoRxHWxTuOz0OQ,Noomaq Cafe,places,en,244,22.5405985,88.3836938,22.541556399999997,88.38381,0,kol,Kolkata,2026-09-01T02:52:01.556605Z
ChIJdwU4vk93AjoRf1lFuFlHFJo,NYC Times Square | Club New York | Times Square Lounge,places,en,244,22.5405985,88.3836938,22.541556399999997,88.38381,0,kol,Kolkata,2026-09-01T02:52:01.556612Z
ChIJ6_ARjuV3AjoRaQjlCagTc2c,Chai Break - Topsia,places,en,244,22.5405985,88.3836938,22.541569799999998,88.3836182,0,kol,Kolkata,2026-09-01T02:52:01.556620Z
ChIJj_jspAV3AjoRTx4NEFCvSfM,Kundan Kumar,places,en,244,22.5405985,88.3836938,22.5396805,88.38594049999999,0,kol,Kolkata,2026-09-01T02:52:01.556633Z
ChIJ74EN_Xt3AjoRXpkrFs1pi_g,SHAW TEA STAL,places,en,244,22.5405985,88.3836938,22.5394278,88.38615779999999,0,kol,Kolkata,2026-09-01T02:52:01.556644Z
ChIJFSSgsm1xAjoRKk_U4WHfezQ,RAJU FOOD CORNER,places,en,245,22.512608999999998,88.34174060000001,22.512358799999998,88.3413915,0,kol,Kolkata,2026-09-01T02:52:01.907783Z
ChIJzw3EX0ZxAjoRF66GXhn3rS0,Sujoy Snacks Corner,places,en,245,22.512608999999998,88.34174060000001,22.5121769,88.341439,0,kol,Kolkata,2026-09-01T02:52:01.907826Z
ChIJ497ikHVxAjoR0DS0UBFROIM,ABAR KHABO,places,en,245,22.512608999999998,88.34174060000001,22.5115993,88.34116,0,kol,Kolkata,2026-09-01T02:52:01.907838Z
ChIJ5c2mSit3AjoRnpBvNKL8JsM,Food Krafts,places,en,245,22.512608999999998,88.34174060000001,22.511272700000003,88.3425587,0,kol,Kolkata,2026-09-01T02:52:01.907845Z
ChIJO7zbRABxAjoRcadnMxoX1R4,"ROAST ""N"" GRILL'S",places,en,245,22.512608999999998,88.34174060000001,22.511274999999998,88.34257579999999,0,kol,Kolkata,2026-09-01T02:52:01.907853Z
ChIJVSS51WFxAjoRzS_9V9hZfK8,AKSHAYA KUMAR SAHOO,places,en,245,22.512608999999998,88.34174060000001,22.5109101,88.34166929999999,0,kol,Kolkata,2026-09-01T02:52:01.907860Z
ChIJjyH1XUVxAjoRcyQEeAMvrpk,Food River,places,en,245,22.512608999999998,88.34174060000001,22.510461,88.3418363,0,kol,Kolkata,2026-09-01T02:52:01.907868Z
ChIJF6Wpt_RxAjoRo_I0dJ0JX-4,DAPTARI SNACKS CORNER,places,en,245,22.512608999999998,88.34174060000001,22.5104854,88.34291019999999,0,kol,Kolkata,2026-09-01T02:52:01.907876Z
ChIJM-SENHxxAjoRUyFHqzF6quY,MAA TARA HOTEL,places,en,245,22.512608999999998,88.34174060000001,22.5100883,88.3414169,0,kol,Kolkata,2026-09-01T02:52:01.907885Z
ChIJB8leWDxxAjoRhGzJ6Bw_b-E,zerooindia,places,en,245,22.512608999999998,88.34174060000001,22.510783399999998,88.3438144,0,kol,Kolkata,2026-09-01T02:52:01.907892Z
ChIJ-23sbwBxAjoRRSUZ-qeJej0,Ratan first' food,places,en,245,22.512608999999998,88.34174060000001,22.509966199999997,88.3415179,0,kol,Kolkata,2026-09-01T02:52:01.907898Z
ChIJk9DBfAB3AjoRbOWoSpl-GLg,NANDINI SWEETS,places,en,246,22.584325749999998,88.34942515,22.583342700000003,88.34928289999999,0,kol,Kolkata,2026-09-01T02:52:02.341522Z
ChIJvyedMrt3AjoRuq-CP8SxKic,Annapurna Bhojonalay অন্নপূর্ণা ভোজনালয়,places,en,246,22.584325749999998,88.34942515,22.5832585,88.3486557,0,kol,Kolkata,2026-09-01T02:52:02.341565Z
ChIJG8qg7Zt3AjoR_e9ivTBbjWY,Sai Tea Stote,places,en,246,22.584325749999998,88.34942515,22.5833227,88.3506752,0,kol,Kolkata,2026-09-01T02:52:02.341575Z
ChIJvWhqeFp3AjoRaTKPjlBh0gY,Sahoo Store,places,en,246,22.584325749999998,88.34942515,22.5828491,88.35028469999999,0,kol,Kolkata,2026-09-01T02:52:02.341583Z
ChIJxS5zi9B3AjoRJ_lruw5m2UA,Bishnu Store,places,en,246,22.584325749999998,88.34942515,22.5824556,88.35001439999999,0,kol,Kolkata,2026-09-01T02:52:02.341591Z
ChIJXU5srdt3AjoRZeuPz1jPTtk,ANNAPURNA,places,en,246,22.584325749999998,88.34942515,22.582406799999998,88.3501455,0,kol,Kolkata,2026-09-01T02:52:02.341599Z
ChIJJXK6IAl3AjoRRPs9S0QVw2M,MD SAKIM SHOP,places,en,246,22.584325749999998,88.34942515,22.582216400000004,88.34976549999999,0,kol,Kolkata,2026-09-01T02:52:02.341607Z
ChIJPUE5VB53AjoRQ7QuG2oQpzk,Dubey Chanachur,places,en,246,22.584325749999998,88.34942515,22.5821652,88.3499095,0,kol,Kolkata,2026-09-01T02:52:02.341615Z
ChIJsaVIyr5wAjoRauZB6F9NJZw,A One Haji Biriyani,places,en,247,22.498022,88.3418398,22.497630599999997,88.3397517,0,kol,Kolkata,2026-09-01T02:52:02.682701Z
ChIJ63J9mKdxAjoRzqpsbcZ-ndI,Roti Rasoi,places,en,247,22.498022,88.3418398,22.4984604,88.339748,0,kol,Kolkata,2026-09-01T02:52:02.682745Z
ChIJdYnCO8dwAjoRbyMl-F7VoX4,Belvedere Dining Room,places,en,247,22.498022,88.3418398,22.495604,88.34273499999999,0,kol,Kolkata,2026-09-01T02:52:02.682759Z
ChIJ-aDzWAB3AjoR3m7TWDPT1nI,Sagor hotels,places,en,248,22.5685612,88.36920355000001,22.5686608,88.3692955,0,kol,Kolkata,2026-09-01T02:52:03.045763Z
ChIJLbZgBL13AjoRaRhGk4oZVu0,Maa Kali Kalpana,places,en,248,22.5685612,88.36920355000001,22.568222799999997,88.369294,0,kol,Kolkata,2026-09-01T02:52:03.045797Z
ChIJcUpeMOx3AjoR9pe-8LuDBf4,Akbar Hotal,places,en,248,22.5685612,88.36920355000001,22.568226199999998,88.3694154,0,kol,Kolkata,2026-09-01T02:52:03.045803Z
ChIJHwh6J1d2AjoRNz8qhuyusAc,B B Food,places,en,248,22.5685612,88.36920355000001,22.568718999999998,88.36973499999999,0,kol,Kolkata,2026-09-01T02:52:03.045808Z
ChIJQVZ0IFd2AjoRnPf_wWEJWEA,New Abhiruchi Hotel - 100 % Pure Vegetarian,places,en,248,22.5685612,88.36920355000001,22.5684534,88.3697801,0,kol,Kolkata,2026-09-01T02:52:03.045812Z
ChIJTfiy-lZ2AjoRApLwzE2hn78,SATYA NARAYAN GUPTA,places,en,248,22.5685612,88.36920355000001,22.5683015,88.36976609999999,0,kol,Kolkata,2026-09-01T02:52:03.045816Z
ChIJ0-12IhN3AjoRRzbkG-7KTGQ,Haji Biryani,places,en,248,22.5685612,88.36920355000001,22.568404899999997,88.3698405,0,kol,Kolkata,2026-09-01T02:52:03.045819Z
ChIJN-Hd4FZ2AjoRVr6n0Zxe1iY,Gupta Restaurant,places,en,248,22.5685612,88.36920355000001,22.5682838,88.36979389999999,0,kol,Kolkata,2026-09-01T02:52:03.045823Z
ChIJ8xkbuFZ2AjoROJsEj0xWpXs,Suruchi,places,en,248,22.5685612,88.36920355000001,22.5682068,88.3697521,0,kol,Kolkata,2026-09-01T02:52:03.045831Z
ChIJnQi7fAB3AjoRilnKEKu4QNU,Mukhoruchi,places,en,248,22.5685612,88.36920355000001,22.568493,88.3698696,0,kol,Kolkata,2026-09-01T02:52:03.045835Z
ChIJ8-_mPAB3AjoRmfJNbBqrlnk,Sanjana,places,en,248,22.5685612,88.36920355000001,22.5686195,88.3698908,0,kol,Kolkata,2026-09-01T02:52:03.045839Z
ChIJ87S_2Pl3AjoRmhUpUJZYbJg,Royal spice,places,en,248,22.5685612,88.36920355000001,22.568655000000003,88.3699067,0,kol,Kolkata,2026-09-01T02:52:03.045842Z
ChIJuVumLbV3AjoRzF_OPKY_BIc,Lassi Shop,places,en,248,22.5685612,88.36920355000001,22.568374,88.36991800000001,0,kol,Kolkata,2026-09-01T02:52:03.045846Z
ChIJA4MhxVZ2AjoR8DT0JVuEm9k,Giriraj Hotel,places,en,248,22.5685612,88.36920355000001,22.5691411,88.36958039999999,0,kol,Kolkata,2026-09-01T02:52:03.045850Z
ChIJWUbASHp3AjoRw75RD5oD85s,Kanhaiya Hotel,places,en,248,22.5685612,88.36920355000001,22.5692813,88.36935199999999,0,kol,Kolkata,2026-09-01T02:52:03.045853Z
ChIJK08vNy93AjoRQasSIAddjhI,Charcoal Corner,places,en,248,22.5685612,88.36920355000001,22.5688978,88.3684466,0,kol,Kolkata,2026-09-01T02:52:03.045857Z
ChIJt5b3X8N3AjoRCnvGCUhOpkM,China Express Restaurant,places,en,248,22.5685612,88.36920355000001,22.569256199999998,88.36964689999999,0,kol,Kolkata,2026-09-01T02:52:03.045860Z
ChIJ_U7naAB3AjoRApEijFgd9iU,"Vinayak hotel, sealdah",places,en,248,22.5685612,88.36920355000001,22.5693515,88.36941,0,kol,Kolkata,2026-09-01T02:52:03.045864Z
ChIJNbGzRJl3AjoR79o2bB2tnxE,Singh Eting House,places,en,248,22.5685612,88.36920355000001,22.5678296,88.3686879,0,kol,Kolkata,2026-09-01T02:52:03.045868Z
ChIJSdVkird3AjoRAC107BdGT6k,K2K (kolkata 2 Kashmir),places,en,248,22.5685612,88.36920355000001,22.5693628,88.3695693,0,kol,Kolkata,2026-09-01T02:52:03.045871Z
ChIJOSX7I_id-DkR-DO1pE6lYs4,La Vera Pizzara,places,en,249,22.6138765,88.39211829999999,22.613746499999998,88.39240500000001,0,kol,Kolkata,2026-09-01T02:52:03.417013Z
ChIJmegXAhV3AjoRqSRkYH9RSJA,Deli Feast,places,en,250,22.611142100000002,88.37901495,22.611362,88.379482,0,kol,Kolkata,2026-09-01T02:52:03.820969Z
ChIJ08UmeQCd-DkRJ_oK2_YYHNQ,Utsab catering & food Hub,places,en,250,22.611142100000002,88.37901495,22.6124784,88.37953809999999,0,kol,Kolkata,2026-09-01T02:52:03.821013Z
ChIJgcTcboqd-DkRKnnCWCvfbcs,Acooli Hotel,places,en,250,22.611142100000002,88.37901495,22.6125154,88.37800899999999,0,kol,Kolkata,2026-09-01T02:52:03.821025Z
ChIJHYdJGQCd-DkRn7A3thEuIcc,Mukhoruchi,places,en,250,22.611142100000002,88.37901495,22.6126441,88.3798231,0,kol,Kolkata,2026-09-01T02:52:03.821033Z
ChIJ9-dVGoqd-DkRvvVhdMTfVl0,পারুল স্ন্যাক্স,places,en,250,22.611142100000002,88.37901495,22.6126707,88.3777581,0,kol,Kolkata,2026-09-01T02:52:03.821042Z
ChIJuQr6mWmd-DkRDGzallfD3FY,Tapan Samal Shop,places,en,250,22.611142100000002,88.37901495,22.6125305,88.3771821,0,kol,Kolkata,2026-09-01T02:52:03.821050Z
ChIJ-9DjiM13AjoRvdWSr7otyUU,Nitu's Kitchen,places,en,250,22.611142100000002,88.37901495,22.6090667,88.37985359999999,0,kol,Kolkata,2026-09-01T02:52:03.821057Z
ChIJ7-MyMA-d-DkRCrCJy1LjskM,Ghoti na Bangal,places,en,250,22.611142100000002,88.37901495,22.6134253,88.37943030000001,0,kol,Kolkata,2026-09-01T02:52:03.821064Z
ChIJCb634JZ3AjoRGyL_5ro54Yk,Ashima’r Rannaghor,places,en,250,22.611142100000002,88.37901495,22.6096888,88.3811702,0,kol,Kolkata,2026-09-01T02:52:03.821072Z
ChIJq0HSYxt3AjoRTkPbYE4Pri8,Manorama Fast Food Centre,places,en,251,22.6139041,88.38464619999999,22.6115417,88.3852575,0,kol,Kolkata,2026-09-01T02:52:04.182123Z
ChIJZaOYsnVxAjoRBg7zp-bue3Q,Bangali Bhoj,places,en,253,22.513621999999998,88.33343955000001,22.5136041,88.3347754,0,kol,Kolkata,2026-09-01T02:52:04.953077Z
ChIJMXLs4LFxAjoRaXXVmzCijCw,Jamai fastfood,places,en,253,22.513621999999998,88.33343955000001,22.513919599999998,88.3354167,0,kol,Kolkata,2026-09-01T02:52:04.953121Z
ChIJ3ygxFABxAjoRULx64bL5Di8,Sorse R Swopno,places,en,253,22.513621999999998,88.33343955000001,22.513946,88.33620599999999,0,kol,Kolkata,2026-09-01T02:52:04.953141Z
ChIJ97zNq-lxAjoRucr6OwGf61M,Turban Tadka,places,en,254,22.5376275,88.3469447,22.5377297,88.3464429,0,kol,Kolkata,2026-09-01T02:52:05.302337Z
ChIJE834TwB3AjoR7wvBmP9HgMk,Lapping food centre,places,en,254,22.5376275,88.3469447,22.5377951,88.34641099999999,0,kol,Kolkata,2026-09-01T02:52:05.302376Z
ChIJeZYP7N13AjoRPVnyQulOKX8,Brunch Italino Bhawanipore (Dipti Confectionery unit 2),places,en,254,22.5376275,88.3469447,22.538046500000004,88.34649019999999,0,kol,Kolkata,2026-09-01T02:52:05.302387Z
ChIJ9Va_39t3AjoRbY7CpeBb_jI,Elgin Roastery,places,en,254,22.5376275,88.3469447,22.5382021,88.3472151,0,kol,Kolkata,2026-09-01T02:52:05.302397Z
ChIJtazMg4R3AjoRONX6_cH3P9Q,Hungry Tummy,places,en,254,22.5376275,88.3469447,22.5380869,88.34640329999999,0,kol,Kolkata,2026-09-01T02:52:05.302406Z
ChIJPXq-Fzh3AjoRj7bstxMV1qA,Shahi Khana,places,en,254,22.5376275,88.3469447,22.538077599999998,88.34630820000001,0,kol,Kolkata,2026-09-01T02:52:05.302414Z
ChIJT3bkRz53AjoRHUbpkimDiRM,Lazeez,places,en,254,22.5376275,88.3469447,22.5383472,88.3464169,0,kol,Kolkata,2026-09-01T02:52:05.302422Z
ChIJCVf97md3AjoRdAGkBTrtYe0,That Roll Shopp!,places,en,254,22.5376275,88.3469447,22.538625399999997,88.34709959999999,0,kol,Kolkata,2026-09-01T02:52:05.302431Z
ChIJEw3QPT53AjoRyAk3iW-Lmig,Tibetan Delight,places,en,254,22.5376275,88.3469447,22.5388728,88.34732919999999,0,kol,Kolkata,2026-09-01T02:52:05.302438Z
ChIJAXf8BT53AjoRWxALJXHARls,Momo Plaza,places,en,254,22.5376275,88.3469447,22.5391797,88.347364,0,kol,Kolkata,2026-09-01T02:52:05.302446Z
ChIJAXf8BT53AjoRyJFIODiEfxs,Orchid Restaurant,places,en,254,22.5376275,88.3469447,22.539172900000004,88.347435,0,kol,Kolkata,2026-09-01T02:52:05.302454Z
ChIJtRdRZUB3AjoRR_fUfkOOZog,Amritsari Di Rasoi,places,en,254,22.5376275,88.3469447,22.5380142,88.3451925,0,kol,Kolkata,2026-09-01T02:52:05.302461Z
ChIJSUX_lj93AjoRMLpAp-t99Io,Gupta Brothers,places,en,254,22.5376275,88.3469447,22.5379084,88.3451214,0,kol,Kolkata,2026-09-01T02:52:05.302469Z
ChIJT1GbDz53AjoRQzqjTC1j3Zk,Hamro Momo,places,en,254,22.5376275,88.3469447,22.5391878,88.3477996,0,kol,Kolkata,2026-09-01T02:52:05.302477Z
ChIJ-8Rdbnh3AjoRI_UwIt3cVpQ,Black Brick Cafe,places,en,254,22.5376275,88.3469447,22.5393892,88.3471782,0,kol,Kolkata,2026-09-01T02:52:05.302483Z
ChIJyVJtpNJ3AjoROLxdGzI20pI,Stacked Burgers,places,en,254,22.5376275,88.3469447,22.5394357,88.3471144,0,kol,Kolkata,2026-09-01T02:52:05.302490Z
ChIJI5YZWAB3AjoR6IDzKT31ut0,Darjeeling style momo kiosk,places,en,254,22.5376275,88.3469447,22.5394875,88.34706589999999,0,kol,Kolkata,2026-09-01T02:52:05.302500Z
ChIJ_WchnD93AjoR355bM-npl4w,Halder Kitchen,places,en,254,22.5376275,88.3469447,22.539498700000003,88.34671089999999,0,kol,Kolkata,2026-09-01T02:52:05.302507Z
ChIJv-AWQY-d-DkRY_xam--ccwI,Sagar Biryani,places,en,256,22.618639350000002,88.3741848,22.618863299999997,88.3736315,0,kol,Kolkata,2026-09-01T02:52:06.070324Z
ChIJcwt2GwCd-DkRCjlO_FQ6roU,Zaika Darbar,places,en,256,22.618639350000002,88.3741848,22.618841,88.37342249999999,0,kol,Kolkata,2026-09-01T02:52:06.070368Z
ChIJD05t2Uad-DkR6wkbUT367tw,NIRMAL HOTEL,places,en,256,22.618639350000002,88.3741848,22.618101499999998,88.37332239999999,0,kol,Kolkata,2026-09-01T02:52:06.070378Z
ChIJQeQLQ4-d-DkRG5Wa9GU1794,CAFE EXPRESS,places,en,256,22.618639350000002,88.3741848,22.6187066,88.3730594,0,kol,Kolkata,2026-09-01T02:52:06.070386Z
ChIJWU7eQo-d-DkRa767UK855Rk,VAISHNABI DHABA,places,en,256,22.618639350000002,88.3741848,22.6189031,88.3727787,0,kol,Kolkata,2026-09-01T02:52:06.070393Z
ChIJN6CFDQCd-DkRaEeb-RDTy7w,Vaishnabi Eating House,places,en,256,22.618639350000002,88.3741848,22.6189027,88.37275559999999,0,kol,Kolkata,2026-09-01T02:52:06.070400Z
ChIJiYLRYSad-DkRmkWwGaoIdcQ,ASHISH SHAW,places,en,256,22.618639350000002,88.3741848,22.6197303,88.37318789999999,0,kol,Kolkata,2026-09-01T02:52:06.070407Z
ChIJQ0k_9ASd-DkRHTJmpzI_orc,SHAW SWEETS,places,en,256,22.618639350000002,88.3741848,22.619781699999997,88.3730964,0,kol,Kolkata,2026-09-01T02:52:06.070422Z
ChIJDdfneY-d-DkRSRvCLfFE86Y,Mohini Café & Restaurant,places,en,256,22.618639350000002,88.3741848,22.620111899999998,88.3731521,0,kol,Kolkata,2026-09-01T02:52:06.070430Z
ChIJ_7P3BACd-DkRRHGdEj89rfo,SWATI FAST FOOD CENTER,places,en,256,22.618639350000002,88.3741848,22.620052599999998,88.3729196,0,kol,Kolkata,2026-09-01T02:52:06.070437Z
ChIJJ5JFeI-d-DkRNoKtPCzdKKI,Biryani Adda,places,en,256,22.618639350000002,88.3741848,22.6204595,88.3729658,0,kol,Kolkata,2026-09-01T02:52:06.070444Z
ChIJASHYCTp3AjoRcAnhgmiEs-U,Mother's Kitchen,places,en,257,22.574866,88.3729312,22.5752336,88.3724842,0,kol,Kolkata,2026-09-01T02:52:06.441720Z
ChIJQUKxO_d3AjoRMqgFkWsVK1g,Dada jaan Biryani,places,en,257,22.574866,88.3729312,22.5752234,88.37404699999999,0,kol,Kolkata,2026-09-01T02:52:06.441759Z
ChIJlcDXBmJ3AjoRp40vqhiUy5Q,Kausar Crispy Chicken,places,en,257,22.574866,88.3729312,22.575381099999998,88.3718853,0,kol,Kolkata,2026-09-01T02:52:06.441770Z
ChIJH8A4lgJ3AjoRUlDWfJaDQG4,Ramjani Hotel,places,en,257,22.574866,88.3729312,22.5752117,88.37165189999999,0,kol,Kolkata,2026-09-01T02:52:06.441779Z
ChIJbbEs8jR3AjoRchDGS3BNBcE,Nitesh fuchka (panipuri) stole,places,en,257,22.574866,88.3729312,22.5751986,88.3715995,0,kol,Kolkata,2026-09-01T02:52:06.441788Z
ChIJyxMWdH2f-DkR1u23C4ymMm0,BOX O PIZZA,places,en,257,22.574866,88.3729312,22.5738786,88.3720082,0,kol,Kolkata,2026-09-01T02:52:06.441795Z
ChIJp6hnFgB3AjoRnhzHmqGg_yM,Makkah Restaurant,places,en,257,22.574866,88.3729312,22.5758635,88.3719821,0,kol,Kolkata,2026-09-01T02:52:06.441802Z
ChIJBYS3ZAB3AjoRJpo0sNzklBQ,HHFC (FRIED CHICKEN),places,en,257,22.574866,88.3729312,22.5757002,88.374445,0,kol,Kolkata,2026-09-01T02:52:06.441809Z
ChIJDWhZo8R3AjoRp5dvpe3CnfA,Masha Allah Hotel (Furkan Anwar),places,en,257,22.574866,88.3729312,22.5764243,88.3721508,0,kol,Kolkata,2026-09-01T02:52:06.441817Z
ChIJ8y2PDgB3AjoRnOc1nDNI0-8,Biryani Adda,places,en,257,22.574866,88.3729312,22.5766036,88.3732994,0,kol,Kolkata,2026-09-01T02:52:06.441823Z
ChIJNbWe6092AjoR3eXdsoQ8KPs,Quality Biryani House,places,en,257,22.574866,88.3729312,22.5766371,88.3730801,0,kol,Kolkata,2026-09-01T02:52:06.441833Z
ChIJ4Q_Od2N3AjoRwpb_2Bxg2Kk,SAIF BIRYANI,places,en,257,22.574866,88.3729312,22.5767171,88.3729795,0,kol,Kolkata,2026-09-01T02:52:06.441840Z
ChIJVaVowsF3AjoRTuSgymWUPnA,Apna Adda Cafe,places,en,257,22.574866,88.3729312,22.5767588,88.37284559999999,0,kol,Kolkata,2026-09-01T02:52:06.441848Z
ChIJeSYcRUV2AjoRwwk6jx-OaKQ,Shefa Buryani,places,en,257,22.574866,88.3729312,22.5768284,88.37324900000002,0,kol,Kolkata,2026-09-01T02:52:06.441856Z
ChIJu7yvs7Z3AjoR11uW9_u4mOs,AARIZ FAST FOOD,places,en,257,22.574866,88.3729312,22.5764444,88.3742558,0,kol,Kolkata,2026-09-01T02:52:06.441866Z
ChIJr4yNSDt3AjoRjblpGVMVxjk,AKBAR HOTEL,places,en,257,22.574866,88.3729312,22.5762684,88.37447569999999,0,kol,Kolkata,2026-09-01T02:52:06.441874Z
ChIJlSwdS0V2AjoRJEce5gDTuBQ,Arshayan Restaurant সফটপঠ,places,en,257,22.574866,88.3729312,22.576632999999998,88.3739745,0,kol,Kolkata,2026-09-01T02:52:06.441882Z
ChIJ566gPgB3AjoRYu8zLMgTSgQ,Majeed Hotel,places,en,257,22.574866,88.3729312,22.5765791,88.3742067,0,kol,Kolkata,2026-09-01T02:52:06.441889Z
ChIJ11xc2s13AjoR9tlZqb-Gzyk,Garib Nawaz Sandwich,places,en,257,22.574866,88.3729312,22.5763414,88.3745393,0,kol,Kolkata,2026-09-01T02:52:06.441897Z
ChIJO9zU9Fl3AjoRvY-ArVOg1Gs,Ifc Chicken By Jack,places,en,257,22.574866,88.3729312,22.5768551,88.3737093,0,kol,Kolkata,2026-09-01T02:52:06.441904Z
ChIJ-3fs-nB3AjoRLZrN_U-Wd64,Mahabhoj,places,en,258,22.592205399999997,88.377422,22.5925539,88.3776374,0,kol,Kolkata,2026-09-01T02:52:06.789355Z
ChIJdXmjFrN3AjoRChGFafj0w5c,Shriraj Kitchen & Caterer,places,en,258,22.592205399999997,88.377422,22.592612199999998,88.3776108,0,kol,Kolkata,2026-09-01T02:52:06.789396Z
ChIJW1HcOtl3AjoRb2G9m-IWMMs,Snack O Bites,places,en,258,22.592205399999997,88.377422,22.594047699999997,88.3781611,0,kol,Kolkata,2026-09-01T02:52:06.789409Z
ChIJX1ZKATx2AjoRM5VQzoKx8FQ,PETUK KOLKATA,places,en,258,22.592205399999997,88.377422,22.5943331,88.3778617,0,kol,Kolkata,2026-09-01T02:52:06.789430Z
ChIJEy3Bfq53AjoRdSK2Kg4UhYw,Chowman (Maniktala),places,en,258,22.592205399999997,88.377422,22.5944616,88.37739330000001,0,kol,Kolkata,2026-09-01T02:52:06.789438Z
ChIJMwp1Zyl3AjoRmuxIGXEYH64,Chowmein Shop,places,en,260,22.548592550000002,88.39595195,22.5496143,88.3971726,0,kol,Kolkata,2026-09-01T02:52:07.492234Z
ChIJ251Q6uR3AjoRtsbrzC04Pe8,Rudra Cafe,places,en,260,22.548592550000002,88.39595195,22.5494946,88.3974181,0,kol,Kolkata,2026-09-01T02:52:07.492275Z
ChIJA6z8kyJ3AjoRlWhh6Zp9gBo,The Foodsters Cafe,places,en,260,22.548592550000002,88.39595195,22.546883299999998,88.3962122,0,kol,Kolkata,2026-09-01T02:52:07.492287Z
ChIJeTsLbCx3AjoRp4iL9T-Gn3w,"Deepak Tea & Snacks, Maggie's",places,en,260,22.548592550000002,88.39595195,22.5468007,88.396616,0,kol,Kolkata,2026-09-01T02:52:07.492295Z
ChIJWUgVBKh3AjoRFNJi41c6Bcs,Ashirwad biryani centre,places,en,260,22.548592550000002,88.39595195,22.551126,88.3959009,0,kol,Kolkata,2026-09-01T02:52:07.492303Z
ChIJOaL6LjF3AjoRUfr-xdONKe4,SULTANA BIRYANI DHAPA,places,en,260,22.548592550000002,88.39595195,22.551126,88.3959009,0,kol,Kolkata,2026-09-01T02:52:07.492310Z
ChIJ7YSuOt97AjoRT2KPZZgGtmo,Anushka Food Centre,places,en,261,22.50928725,88.3134642,22.508386599999998,88.3143386,0,kol,Kolkata,2026-09-01T02:52:07.838098Z
ChIJI6R7eQB7AjoR-DqAElNsbVw,Magician Kitchen,places,en,261,22.50928725,88.3134642,22.5092252,88.31179949999999,0,kol,Kolkata,2026-09-01T02:52:07.838137Z
ChIJ6YegSgB7AjoRGICu6gQT7-Q,মা বিশালক্ষী টিফিন ঘর,places,en,261,22.50928725,88.3134642,22.5086433,88.31507789999999,0,kol,Kolkata,2026-09-01T02:52:07.838149Z
ChIJC6EeaEZ7AjoRpURny7sMA9A,Barbeques Parnasree,places,en,265,22.5082411,88.30604115,22.507175,88.3063657,0,kol,Kolkata,2026-09-01T02:52:09.284799Z
ChIJScKNPQV7AjoRMydPLE_M9gU,Cravewings,places,en,265,22.5082411,88.30604115,22.5067792,88.3061989,0,kol,Kolkata,2026-09-01T02:52:09.284842Z
ChIJGZgcnmx7AjoRYDSyWopxQMQ,"But, first chai",places,en,265,22.5082411,88.30604115,22.5064611,88.306553,0,kol,Kolkata,2026-09-01T02:52:09.284855Z
ChIJuXFNCQB7AjoRiGuBBba7VNU,Curry patta,places,en,266,22.50704855,88.31742575,22.506456999999997,88.32008909999999,0,kol,Kolkata,2026-09-01T02:52:09.712067Z
ChIJN8bgGtp7AjoReqwySFIaZWY,Curry Patta,places,en,266,22.50704855,88.31742575,22.506456999999997,88.32008909999999,0,kol,Kolkata,2026-09-01T02:52:09.712102Z
ChIJu358Enx5AjoRJGCVZ7QfJ0o,Chand inchok,places,en,268,22.54335965,88.3098485,22.5429045,88.309677,0,kol,Kolkata,2026-09-01T02:52:10.447529Z
ChIJr8ULOsJ5AjoRXwcxETraZbE,S E R W W O Rest House and Canteen,places,en,268,22.54335965,88.3098485,22.541743399999998,88.310203,0,kol,Kolkata,2026-09-01T02:52:10.447572Z
ChIJ8covyod5AjoR2sM6CkHO0IU,LABABDAAR Restaurant,places,en,268,22.54335965,88.3098485,22.5456494,88.3098316,0,kol,Kolkata,2026-09-01T02:52:10.447585Z
ChIJo8FiBsF5AjoR6u0wZIuA33w,Panigrahi Hotel(Dhaba),places,en,268,22.54335965,88.3098485,22.5427944,88.3073826,0,kol,Kolkata,2026-09-01T02:52:10.447593Z
ChIJiU0MSgB7AjoRi0KxRI3J200,Dubai knights,places,en,270,22.511349600000003,88.3002611,22.5091964,88.2989662,0,kol,Kolkata,2026-09-01T02:52:11.158803Z
ChIJQ114cqt7AjoR6JwbtTamaTw,Tasty Bite,places,en,270,22.511349600000003,88.3002611,22.5125451,88.2979481,0,kol,Kolkata,2026-09-01T02:52:11.158844Z
ChIJoTP_GQB7AjoRn0UQdxmmDQk,Sampurna kitchen,places,en,270,22.511349600000003,88.3002611,22.513124599999998,88.2983107,0,kol,Kolkata,2026-09-01T02:52:11.158856Z
ChIJ7ba9AQBxAjoRCMXcf1kla88,Friends Fry,places,en,271,22.505097,88.32702610000001,22.5059763,88.32776260000001,0,kol,Kolkata,2026-09-01T02:52:11.534507Z
ChIJP5PWwU5xAjoR6lnjYtjq6l8,Hashtag Apna Adda,places,en,271,22.505097,88.32702610000001,22.5025642,88.3266181,0,kol,Kolkata,2026-09-01T02:52:11.534567Z
ChIJn55jKABxAjoRjudslkbQRn4,TukTak Homely Bites,places,en,271,22.505097,88.32702610000001,22.5027491,88.3256581,0,kol,Kolkata,2026-09-01T02:52:11.534581Z
ChIJh7DT_KdwAjoR21Sckrbx-9c,HIYA'S KITCHEN,places,en,271,22.505097,88.32702610000001,22.5037061,88.32452579999999,0,kol,Kolkata,2026-09-01T02:52:11.534590Z
ChIJOyranQFxAjoRhlLwgkTVcyI,Darjeeling House,places,en,273,22.50260115,88.3380948,22.503754900000004,88.33853409999999,0,kol,Kolkata,2026-09-01T02:52:12.286238Z
ChIJgabbCTtxAjoRECLWZKw1-r8,WOKSTREET,places,en,273,22.50260115,88.3380948,22.5041127,88.3383116,0,kol,Kolkata,2026-09-01T02:52:12.286275Z
ChIJKbaEbkZxAjoRqF2MHYpbV34,The Meal Box,places,en,273,22.50260115,88.3380948,22.5036143,88.3363159,0,kol,Kolkata,2026-09-01T02:52:12.286289Z
ChIJIViIE7JxAjoRum7Jgn0iigo,AMRITSARI JUNCTION,places,en,274,22.501570100000002,88.33785925000001,22.4993819,88.3364823,0,kol,Kolkata,2026-09-01T02:52:12.733407Z
ChIJM3PseAB5AjoRQJ2FvunqHuM,Rahul Chicken Shop,places,en,275,22.53268275,88.2906864,22.531766400000002,88.2901752,0,kol,Kolkata,2026-09-01T02:52:13.082573Z
ChIJIZ6818x5AjoR1_rec0nD2gU,MAZEDAAR RASOI,places,en,276,22.53646405,88.2886713,22.5373657,88.28951339999999,0,kol,Kolkata,2026-09-01T02:52:13.426914Z
ChIJk579TZ95AjoRIMUtoIuRhW8,Lall Communication,places,en,276,22.53646405,88.2886713,22.538594099999997,88.2896643,0,kol,Kolkata,2026-09-01T02:52:13.426954Z
ChIJ_6PwwjR5AjoR-wMU1vBEChc,Rahul Store,places,en,276,22.53646405,88.2886713,22.5356325,88.2912849,0,kol,Kolkata,2026-09-01T02:52:13.426965Z
ChIJoZC4rZh5AjoRie_VzcKYeyM,Babua Restaurant,places,en,276,22.53646405,88.2886713,22.5387214,88.2900959,0,kol,Kolkata,2026-09-01T02:52:13.426973Z
ChIJO0vXZnJ5AjoRVBw-VfGjdMk,WoW MoMo,places,en,276,22.53646405,88.2886713,22.5386576,88.2870703,0,kol,Kolkata,2026-09-01T02:52:13.426981Z
ChIJy3Phv6B5AjoRFkI6BR3IpME,Satish Chandra Das & Grand Sons - Chandni Chowk To China,places,en,276,22.53646405,88.2886713,22.5387164,88.2871335,0,kol,Kolkata,2026-09-01T02:52:13.426990Z
ChIJn9myoUx5AjoRmqQcdz2Y7eg,WOW Chicken,places,en,276,22.53646405,88.2886713,22.538736,88.28715199999999,0,kol,Kolkata,2026-09-01T02:52:13.426997Z
ChIJB-24iU95AjoRVCoxI5oktWM,Suruchee Rannaghar,places,en,277,22.537944449999998,88.28927325000001,22.5389029,88.286962,0,kol,Kolkata,2026-09-01T02:52:13.856771Z
ChIJZ44mhZh5AjoRAyVW5pGcrb0,ZAM BIRYANI,places,en,277,22.537944449999998,88.28927325000001,22.5388138,88.2917844,0,kol,Kolkata,2026-09-01T02:52:13.856814Z
ChIJOz0ee5h5AjoRBfP-VVLIL2c,FLAVOUR OF CHINA,places,en,278,22.53759865,88.2907324,22.5387068,88.29278959999999,0,kol,Kolkata,2026-09-01T02:52:14.307211Z
ChIJwxktISR5AjoRPDQ2XU50zy4,AA MOMO'S CART,places,en,278,22.53759865,88.2907324,22.538572199999997,88.2930774,0,kol,Kolkata,2026-09-01T02:52:14.307248Z
ChIJsUbDa5h5AjoRWp-0is54N00,everest সুপার কালার,places,en,278,22.53759865,88.2907324,22.5381179,88.2932895,0,kol,Kolkata,2026-09-01T02:52:14.307260Z
ChIJg0mkdV9xAjoRxdL8zvj9V98,XXTALI,places,en,279,22.504950450000003,88.34377735000001,22.5043759,88.3449905,0,kol,Kolkata,2026-09-01T02:52:14.675594Z
ChIJ9SeLY9ZxAjoR1-pVcm86cL8,CHARU MARKET POLICE CANTEEN,places,en,279,22.504950450000003,88.34377735000001,22.504318599999998,88.34499199999999,0,kol,Kolkata,2026-09-01T02:52:14.675638Z
ChIJPW-CZQBxAjoRtJWh_QJSkO8,Don Giovanni’s (The Tollygunge Club),places,en,279,22.504950450000003,88.34377735000001,22.5039022,88.34483100000001,0,kol,Kolkata,2026-09-01T02:52:14.675650Z
ChIJj0DBB7hwAjoRV9W7LeW27Og,The Sugarr & Spice (Tollygunge Market),places,en,279,22.504950450000003,88.34377735000001,22.5033577,88.3435204,0,kol,Kolkata,2026-09-01T02:52:14.675658Z
ChIJ90iELwtxAjoR7nK7FHj3BwE,Kolkakata biriyani junction (Haji labbaik),places,en,279,22.504950450000003,88.34377735000001,22.5032776,88.3442503,0,kol,Kolkata,2026-09-01T02:52:14.675668Z
ChIJ2d4AnVhxAjoRZQeIarMQJKU,Samim's Chinese Food,places,en,279,22.504950450000003,88.34377735000001,22.503085000000002,88.3447472,0,kol,Kolkata,2026-09-01T02:52:14.675681Z
ChIJNYoUYLNxAjoREoF6LHFy_jU,Subway Janak Road,places,en,281,22.514299049999998,88.3475565,22.514323899999997,88.3475732,0,kol,Kolkata,2026-09-01T02:52:15.458444Z
ChIJ_cjv2L5xAjoRl-x3Z0aYSh4,Noodle & Spice,places,en,281,22.514299049999998,88.3475565,22.514312999999998,88.3477214,0,kol,Kolkata,2026-09-01T02:52:15.458487Z
ChIJ79-0lNNxAjoR4LuUtdR-7II,Grill-O-holic,places,en,281,22.514299049999998,88.3475565,22.514581699999997,88.3476079,0,kol,Kolkata,2026-09-01T02:52:15.458497Z
ChIJCd1LwzRxAjoRqU5efvlhu-M,Brenden babu,places,en,281,22.514299049999998,88.3475565,22.5146165,88.34792759999999,0,kol,Kolkata,2026-09-01T02:52:15.458505Z
ChIJoXcmjaJxAjoRcYKjO98vX_c,Red Pan,places,en,281,22.514299049999998,88.3475565,22.514698799999998,88.3479186,0,kol,Kolkata,2026-09-01T02:52:15.458514Z
ChIJma8gQk5xAjoR7CjslYrNoSY,Bhoj,places,en,281,22.514299049999998,88.3475565,22.514159,88.3469047,0,kol,Kolkata,2026-09-01T02:52:15.458521Z
ChIJT7bGa0pxAjoRSct2NI67_ms,Bake & Steam - Southern Ave,places,en,281,22.514299049999998,88.3475565,22.5138953,88.34700959999999,0,kol,Kolkata,2026-09-01T02:52:15.458528Z
ChIJQQbLzChxAjoRSAXeCbF8kX0,AWADH - Royal Kitchens of the Nawabs,places,en,281,22.514299049999998,88.3475565,22.513889199999998,88.3470034,0,kol,Kolkata,2026-09-01T02:52:15.458535Z
ChIJSYFVIABxAjoRJEcffQtnWuM,The Lighter Side - Best Cafe in South Kolkata,places,en,281,22.514299049999998,88.3475565,22.51439,88.3482662,0,kol,Kolkata,2026-09-01T02:52:15.458542Z
ChIJqx-uHzFxAjoRF1or6JjHLvk,The Michigan Cafe,places,en,281,22.514299049999998,88.3475565,22.51439,88.3482662,0,kol,Kolkata,2026-09-01T02:52:15.458549Z
ChIJtyRzNBhxAjoRf3mA3-3eDY4,The Spring’s,places,en,281,22.514299049999998,88.3475565,22.514382299999998,88.34828069999999,0,kol,Kolkata,2026-09-01T02:52:15.458557Z
ChIJ92xGPstwAjoRCAtkIRer7bY,Café Coffee Day,places,en,281,22.514299049999998,88.3475565,22.5146451,88.3468748,0,kol,Kolkata,2026-09-01T02:52:15.458563Z
ChIJwZPXDMtwAjoRzPfDCPQWWyY,Chai Break - Southern avenue,places,en,281,22.514299049999998,88.3475565,22.5136532,88.34701659999999,0,kol,Kolkata,2026-09-01T02:52:15.458571Z
ChIJf4pvAfRxAjoRvqdkkvtAja4,Momo Hub,places,en,281,22.514299049999998,88.3475565,22.515080899999997,88.3479115,0,kol,Kolkata,2026-09-01T02:52:15.458578Z
ChIJQ58uk6lxAjoR4HP3RYEPz94,Epare Bangla,places,en,281,22.514299049999998,88.3475565,22.5142688,88.34851680000001,0,kol,Kolkata,2026-09-01T02:52:15.458586Z
ChIJFUy1xpBxAjoRvCpiOzBG_pc,The Bun Tea,places,en,281,22.514299049999998,88.3475565,22.5143733,88.34641119999999,0,kol,Kolkata,2026-09-01T02:52:15.458592Z
ChIJO7R9IstwAjoRu_VaGM66YJM,Jagganath Snacks And Catering,places,en,281,22.514299049999998,88.3475565,22.514505099999997,88.34631399999999,0,kol,Kolkata,2026-09-01T02:52:15.458599Z
ChIJEy2gRwBxAjoR7ZT6FVhIkZI,Dumpliciousss,places,en,281,22.514299049999998,88.3475565,22.513149799999997,88.34815789999999,0,kol,Kolkata,2026-09-01T02:52:15.458606Z
ChIJ0zTyAABxAjoR3XimtG6rUaA,Yumpe,places,en,281,22.514299049999998,88.3475565,22.5131265,88.3481324,0,kol,Kolkata,2026-09-01T02:52:15.458613Z
ChIJT_pFTstwAjoREyaZKauP0X8,OYO 3653 Second House,places,en,281,22.514299049999998,88.3475565,22.515566999999997,88.3475079,0,kol,Kolkata,2026-09-01T02:52:15.458621Z
ChIJvZUJAgB3AjoR7VP1je-rcnk,SANSKRITI FOOD AND BEVERAGE,places,en,282,22.5546349,88.3775871,22.5539044,88.37914839999999,0,kol,Kolkata,2026-09-01T02:52:15.878515Z
ChIJN9JHOAB3AjoRUtbnRN1acHk,KOLKATA SNACKS,places,en,282,22.5546349,88.3775871,22.554182299999997,88.379356,0,kol,Kolkata,2026-09-01T02:52:15.878559Z
ChIJw9itSjF3AjoRdAi-b9IXHE4,The Yummicious Hub,places,en,282,22.5546349,88.3775871,22.5527716,88.377956,0,kol,Kolkata,2026-09-01T02:52:15.878571Z
ChIJxa8LG3x3AjoRDmkkAe0Gn6E,Indian Wok,places,en,282,22.5546349,88.3775871,22.554519199999998,88.37964029999999,0,kol,Kolkata,2026-09-01T02:52:15.878582Z
ChIJi8kL33B3AjoRW2LgwAr5IAc,KGF TEA,places,en,282,22.5546349,88.3775871,22.5522712,88.3771579,0,kol,Kolkata,2026-09-01T02:52:15.878592Z
ChIJeVPihlB3AjoRVHWOogTpuO4,Sankar Hotel,places,en,282,22.5546349,88.3775871,22.5533766,88.3799159,0,kol,Kolkata,2026-09-01T02:52:15.878599Z
ChIJ39v_RQB3AjoRZ7b9aD8MQME,The Vama's,places,en,282,22.5546349,88.3775871,22.556001,88.379999,0,kol,Kolkata,2026-09-01T02:52:15.878606Z
ChIJddEhiVx3AjoRJ9Is18qIxcU,Bombay Local,places,en,283,22.51959595,88.36966365,22.5199095,88.3705232,0,kol,Kolkata,2026-09-01T02:52:16.244042Z
ChIJd_nLCkZ3AjoR03Kd_Q2Wa8k,Ruma's Kitchen,places,en,283,22.51959595,88.36966365,22.5190703,88.36890749999999,0,kol,Kolkata,2026-09-01T02:52:16.244081Z
ChIJOQvBOgB3AjoRGFAFLegXo0E,Aksaan Restaurant,places,en,283,22.51959595,88.36966365,22.520528799999997,88.37031329999999,0,kol,Kolkata,2026-09-01T02:52:16.244102Z
ChIJGVEIJSd3AjoRcGeUZcB3Esk,Diyafa,places,en,283,22.51959595,88.36966365,22.520477700000004,88.3704767,0,kol,Kolkata,2026-09-01T02:52:16.244111Z
ChIJaU15MNJ2AjoR6EO9mX_d8uw,Sree Ma Hotel,places,en,283,22.51959595,88.36966365,22.5206688,88.3701294,0,kol,Kolkata,2026-09-01T02:52:16.244120Z
ChIJh8S-XdJ2AjoRzVpO0vOvIEQ,Rosna,places,en,283,22.51959595,88.36966365,22.519875,88.3712023,0,kol,Kolkata,2026-09-01T02:52:16.244136Z
ChIJI87YhtF3AjoR6k06CZGujOk,Monginis Cake Shop,places,en,283,22.51959595,88.36966365,22.5210708,88.36935,0,kol,Kolkata,2026-09-01T02:52:16.244144Z
ChIJLSn6ScB3AjoRaNkUktZYnF0,SKT Hospitality Services,places,en,283,22.51959595,88.36966365,22.5194881,88.3715024,0,kol,Kolkata,2026-09-01T02:52:16.244152Z
ChIJPxTcDwB3AjoRoMCuLQfLgXc,"""Bombay Local"" A Unit of Gulpoli Foods",places,en,283,22.51959595,88.36966365,22.5183334,88.3709547,0,kol,Kolkata,2026-09-01T02:52:16.244159Z
ChIJgxzMzkN3AjoRmXLMZXDYcY8,Nola - The House Of Fine Foods,places,en,283,22.51959595,88.36966365,22.5198461,88.3716182,0,kol,Kolkata,2026-09-01T02:52:16.244169Z
ChIJr5hcagB3AjoRtNrPeG1McmI,Kartick dar vater hotel (কার্তিক দার ভাতের হোটেল),places,en,283,22.51959595,88.36966365,22.519994699999998,88.3677467,0,kol,Kolkata,2026-09-01T02:52:16.244177Z
ChIJobmwxj53AjoRw_t9PSCyzsk,Monginis Cake Shop,places,en,283,22.51959595,88.36966365,22.5213406,88.3690996,0,kol,Kolkata,2026-09-01T02:52:16.244185Z
ChIJDYPFJ8F2AjoR_4etIqYPxI4,ASRARI BIRYANI & CATERER,places,en,284,22.535137900000002,88.378945,22.5350766,88.3797077,0,kol,Kolkata,2026-09-01T02:52:16.589274Z
ChIJ_dYabAB3AjoRs53yrfNR4qU,Topsia road,places,en,284,22.535137900000002,88.378945,22.535056299999997,88.37971739999999,0,kol,Kolkata,2026-09-01T02:52:16.589314Z
ChIJWeLh18B2AjoR1phMwPMdfss,ASHRAF BIRYANI CENTER,places,en,284,22.535137900000002,88.378945,22.5349382,88.37973989999999,0,kol,Kolkata,2026-09-01T02:52:16.589324Z
ChIJPzIdt0B3AjoRHVAgys2iY6k,I ❤️ Burger walla,places,en,284,22.535137900000002,88.378945,22.5346403,88.37987369999999,0,kol,Kolkata,2026-09-01T02:52:16.589336Z
ChIJReNQjwN3AjoRbizql8J8Hjs,SHAHAD FAST FOOD CENTER,places,en,284,22.535137900000002,88.378945,22.53604,88.37837479999999,0,kol,Kolkata,2026-09-01T02:52:16.589346Z
ChIJ_5qzjuV3AjoR-MTfdhXZWH8,Noodle Hut,places,en,284,22.535137900000002,88.378945,22.536146499999997,88.379412,0,kol,Kolkata,2026-09-01T02:52:16.589357Z
ChIJm3--7Vd3AjoRuEhvFAAJsRk,Kolkata Haji Biryani,places,en,284,22.535137900000002,88.378945,22.535886899999998,88.3800586,0,kol,Kolkata,2026-09-01T02:52:16.589367Z
ChIJM3gtZ4l3AjoRuqBdPnKSmzk,Delhi Biryani Centre,places,en,284,22.535137900000002,88.378945,22.535939,88.3801304,0,kol,Kolkata,2026-09-01T02:52:16.589376Z
ChIJ63qAksp3AjoR-k8q7eiSy6U,Yummy Bees,places,en,284,22.535137900000002,88.378945,22.5360192,88.3800711,0,kol,Kolkata,2026-09-01T02:52:16.589384Z
ChIJj3bDjXd3AjoRrMCOgXJbdjw,Zeeshan fried chicken,places,en,284,22.535137900000002,88.378945,22.5352289,88.37743590000001,0,kol,Kolkata,2026-09-01T02:52:16.589393Z
ChIJ15qTpV13AjoRFBvzKUbgNQk,Ajmeri fast food centre,places,en,284,22.535137900000002,88.378945,22.535131699999997,88.3805328,0,kol,Kolkata,2026-09-01T02:52:16.589401Z
ChIJ4TJZYmN3AjoRA4etBwM0kRE,ALVIN ENTERPRISES,places,en,284,22.535137900000002,88.378945,22.5358721,88.3803866,0,kol,Kolkata,2026-09-01T02:52:16.589408Z
ChIJld1lRPV3AjoR7mPA14bO_8U,Vikash Shop,places,en,285,22.530224349999997,88.3741689,22.5304245,88.37471479999999,0,kol,Kolkata,2026-09-01T02:52:17.026429Z
ChIJqf_KL5Z3AjoRPsQ56CPAOnA,Javed Biryani,places,en,285,22.530224349999997,88.3741689,22.530060799999998,88.3747355,0,kol,Kolkata,2026-09-01T02:52:17.026468Z
ChIJwT71BsV2AjoRpZwE0l-SKF4,Santwana,places,en,285,22.530224349999997,88.3741689,22.5298426,88.3746188,0,kol,Kolkata,2026-09-01T02:52:17.026480Z
ChIJCQfDUh93AjoRwLqv9RzI1Gs,Maa Laxmi Hotel,places,en,285,22.530224349999997,88.3741689,22.5302,88.37481319999999,0,kol,Kolkata,2026-09-01T02:52:17.026488Z
ChIJJTJ1lC93AjoR9TdHwPY8RDw,CHINA CHATORI,places,en,285,22.530224349999997,88.3741689,22.529838,88.3746551,0,kol,Kolkata,2026-09-01T02:52:17.026497Z
ChIJx07g-eN3AjoRVNThE_08AcE,Shree Siddhivinayak Sweets And Snacks,places,en,285,22.530224349999997,88.3741689,22.530452099999998,88.37487929999999,0,kol,Kolkata,2026-09-01T02:52:17.026505Z
ChIJk9l9Z_h3AjoR6ZXAdw4ZgRE,Shahi Swaad,places,en,285,22.530224349999997,88.3741689,22.5300553,88.3748921,0,kol,Kolkata,2026-09-01T02:52:17.026513Z
ChIJpW4LDzZ3AjoR8tEk1Rl4a8I,Rabindra Fast Food,places,en,285,22.530224349999997,88.3741689,22.529692999999998,88.373638,0,kol,Kolkata,2026-09-01T02:52:17.026521Z
ChIJwXkXFSx3AjoR2oZIAf3Hqzc,BIHAR JUNCTION,places,en,285,22.530224349999997,88.3741689,22.530666099999998,88.3748983,0,kol,Kolkata,2026-09-01T02:52:17.026529Z
ChIJr6x_QcV2AjoRihDga1dCLhM,Sahan Fast Food Centre,places,en,285,22.530224349999997,88.3741689,22.529417,88.373679,0,kol,Kolkata,2026-09-01T02:52:17.026537Z
ChIJnXT6WLF3AjoRJNwJbGgyeRs,Mishka Fast Food,places,en,285,22.530224349999997,88.3741689,22.5291833,88.3734648,0,kol,Kolkata,2026-09-01T02:52:17.026545Z
ChIJ_a8vJWB3AjoRq4TtYU0KdOg,HUNGRYLICIOUS,places,en,285,22.530224349999997,88.3741689,22.5292627,88.37329720000001,0,kol,Kolkata,2026-09-01T02:52:17.026553Z
ChIJCckV3Ep3AjoRrPRYnNaNvMI,Loknath Poultry Centre,places,en,285,22.530224349999997,88.3741689,22.5289997,88.37353189999999,0,kol,Kolkata,2026-09-01T02:52:17.026560Z
ChIJrzQp0cB3AjoRXOBLb5QDaRw,SUKANTA CHICKEN SHOP,places,en,285,22.530224349999997,88.3741689,22.528771499999998,88.373867,0,kol,Kolkata,2026-09-01T02:52:17.026568Z
ChIJu6IUBx53AjoRtlJ9ZOV75co,Chandrika Centerpiece,places,en,285,22.530224349999997,88.3741689,22.529174599999997,88.37554659999999,0,kol,Kolkata,2026-09-01T02:52:17.026577Z
ChIJq_E99Rt3AjoRi77Bh0hvod4,New Maa Tara Hotel,places,en,285,22.530224349999997,88.3741689,22.5286544,88.3749076,0,kol,Kolkata,2026-09-01T02:52:17.026587Z
ChIJVxn-_g93AjoRdeovQQHbEso,Sunil Shop,places,en,286,22.535176999999997,88.37486215,22.534746,88.3754534,0,kol,Kolkata,2026-09-01T02:52:17.453302Z
ChIJ90niIFF3AjoRS7XwkZAeEEg,Raja Hotel,places,en,286,22.535176999999997,88.37486215,22.534391,88.3765573,0,kol,Kolkata,2026-09-01T02:52:17.453338Z
ChIJ3VX5EvF3AjoRYLcIyqg0oow,SK. NIZAM,places,en,286,22.535176999999997,88.37486215,22.534153999999997,88.3766856,0,kol,Kolkata,2026-09-01T02:52:17.453345Z
ChIJNWHnbWB3AjoRIY_ebDyCjks,M R Cloud Kitchen,places,en,286,22.535176999999997,88.37486215,22.5351482,88.3770237,0,kol,Kolkata,2026-09-01T02:52:17.453349Z
ChIJu-E-CMR2AjoRQsXySr_FgKY,Amber Milk,places,en,286,22.535176999999997,88.37486215,22.5341018,88.3767209,0,kol,Kolkata,2026-09-01T02:52:17.453352Z
ChIJ-WkNcAB3AjoRrrohM5ZrsiM,Chow Now,places,en,286,22.535176999999997,88.37486215,22.537255299999998,88.37447759999999,0,kol,Kolkata,2026-09-01T02:52:17.453355Z
ChIJTTH0vlJ3AjoRcX2moDTTdyE,Momo 'In' Joy,places,en,286,22.535176999999997,88.37486215,22.5363608,88.37289,0,kol,Kolkata,2026-09-01T02:52:17.453358Z
ChIJqxJg0A13AjoRF8RnQfE2JF4,Md Anawar,places,en,286,22.535176999999997,88.37486215,22.5373028,88.3743562,0,kol,Kolkata,2026-09-01T02:52:17.453362Z
ChIJw75bJMN2AjoR5loyziyQJ6c,New Arsalan Biryani,places,en,286,22.535176999999997,88.37486215,22.5366724,88.3730752,0,kol,Kolkata,2026-09-01T02:52:17.453366Z
ChIJiUHvbsid-DkRpVDPawxkkps,SAMIR FAST FOOD,places,en,287,22.625866600000002,88.37129155,22.625877499999998,88.3715055,0,kol,Kolkata,2026-09-01T02:52:17.789618Z
ChIJAwERVyGd-DkRE46VOlGPKrc,ZAM yam biryani,places,en,287,22.625866600000002,88.37129155,22.6249751,88.37207459999999,0,kol,Kolkata,2026-09-01T02:52:17.789659Z
ChIJwbFA7EWd-DkRcmTa9CfRpxA,V R CAFFE,places,en,287,22.625866600000002,88.37129155,22.6250699,88.3722847,0,kol,Kolkata,2026-09-01T02:52:17.789669Z
ChIJr5GHHWad-DkRXm7sY8gXnjA,The Blue Diamond Caterer & Event Management | Best caterer in Kolkata | Dum Dum |,places,en,287,22.625866600000002,88.37129155,22.6277009,88.3717466,0,kol,Kolkata,2026-09-01T02:52:17.789677Z
ChIJtQj7qZqd-DkRAAAAsFawY1c,Cassipore Fried Chicken,places,en,287,22.625866600000002,88.37129155,22.624136699999998,88.3723253,0,kol,Kolkata,2026-09-01T02:52:17.789685Z
ChIJidfAx8md-DkRYN8kfksCm14,TEA EXPRESS,places,en,287,22.625866600000002,88.37129155,22.6278626,88.37108649999999,0,kol,Kolkata,2026-09-01T02:52:17.789692Z
ChIJW6zm_4-d-DkRWllGawQwyX8,Punjab Hotel,places,en,287,22.625866600000002,88.37129155,22.623544799999998,88.37255309999999,0,kol,Kolkata,2026-09-01T02:52:17.789701Z
ChIJrRMd_UB3AjoRXIxZx49tIUk,Grill Thrill,places,en,289,22.5220294,88.34664995,22.522403999999998,88.3468474,0,kol,Kolkata,2026-09-01T02:52:18.504070Z
ChIJTXtZecp3AjoR2tsz92Kk3t0,Coal & Curry- The Indian Party Box,places,en,289,22.5220294,88.34664995,22.5224084,88.3471689,0,kol,Kolkata,2026-09-01T02:52:18.504115Z
ChIJdfghkJZ3AjoRQga3jrQ3Kqs,Monohar snakes corner,places,en,289,22.5220294,88.34664995,22.522113899999997,88.3474137,0,kol,Kolkata,2026-09-01T02:52:18.504129Z
ChIJq8oo6C13AjoRZYf-qg5yu8c,Puchka Ghugni and Aloo Dum,places,en,289,22.5220294,88.34664995,22.5221724,88.347544,0,kol,Kolkata,2026-09-01T02:52:18.504138Z
ChIJg59nYTt3AjoRSVCyUpnyR5w,GOURMET BITES,places,en,289,22.5220294,88.34664995,22.521431,88.34737299999999,0,kol,Kolkata,2026-09-01T02:52:18.504146Z
ChIJZz3AAjR3AjoR8L4AaMdp_ew,Utsav Restaurant & Catering Services,places,en,289,22.5220294,88.34664995,22.521948,88.347663,0,kol,Kolkata,2026-09-01T02:52:18.504154Z
ChIJwx9faQB3AjoRBgRx4xEDkFg,South Indian food center,places,en,289,22.5220294,88.34664995,22.5230657,88.3467442,0,kol,Kolkata,2026-09-01T02:52:18.504167Z
ChIJybrJ7DZ3AjoRJOCFavPruLA,Basu Da r Ghugni,places,en,289,22.5220294,88.34664995,22.5232548,88.3467994,0,kol,Kolkata,2026-09-01T02:52:18.504181Z
ChIJ2Rfg8Nd2AjoRQDij8_8QlDU,Sharma Dhaba,places,en,291,22.531741,88.35646700000001,22.534047899999997,88.3566778,0,kol,Kolkata,2026-09-01T02:52:19.171739Z
ChIJv8iZzJh5AjoRa18NLEyK51I,Haji Biryani,places,en,292,22.54647345,88.27829564999999,22.547776499999998,88.27862569999999,0,kol,Kolkata,2026-09-01T02:52:19.547695Z
ChIJRXwbrMh5AjoRVSTlsTARa7k,Shaukat Hotel,places,en,292,22.54647345,88.27829564999999,22.5478612,88.2783236,0,kol,Kolkata,2026-09-01T02:52:19.547727Z
ChIJZTs7WwB5AjoRnkFwAt7e77g,Zaika Moradabadi Biryani,places,en,292,22.54647345,88.27829564999999,22.5478155,88.2786904,0,kol,Kolkata,2026-09-01T02:52:19.547733Z
ChIJv1nr8mR5AjoRQe6yyjgJ0cM,Mustaqeem Biryani,places,en,292,22.54647345,88.27829564999999,22.5478772,88.2791453,0,kol,Kolkata,2026-09-01T02:52:19.547737Z
ChIJvS7q2AJ5AjoRFHFZlI1GJOI,Kallu Biryani,places,en,292,22.54647345,88.27829564999999,22.548164200000002,88.2790605,0,kol,Kolkata,2026-09-01T02:52:19.547741Z
ChIJ31VXO8h5AjoR5q_UuBTQl0w,THE ROYAL EMPIRE,places,en,292,22.54647345,88.27829564999999,22.548249199999997,88.2790575,0,kol,Kolkata,2026-09-01T02:52:19.547745Z
ChIJR8e0PQ55AjoRx9sveVCoewA,ASLAM RICE CENTRE,places,en,292,22.54647345,88.27829564999999,22.5467855,88.2761404,0,kol,Kolkata,2026-09-01T02:52:19.547750Z
ChIJp_AxRw55AjoRb4XTv1APTVM,New Albela Biryani,places,en,292,22.54647345,88.27829564999999,22.5483165,88.2794511,0,kol,Kolkata,2026-09-01T02:52:19.547754Z
ChIJB2MhdgB5AjoRujwm0wLZZqI,Buns N Chicken Metiabruz,places,en,292,22.54647345,88.27829564999999,22.548312499999998,88.27981249999999,0,kol,Kolkata,2026-09-01T02:52:19.547759Z
ChIJTxDQSL53AjoRY4BmzchR2I0,Anjali Snacks Corner,places,en,293,22.56649635,88.38711155,22.5648593,88.38698760000001,0,kol,Kolkata,2026-09-01T02:52:19.903497Z
ChIJaf1hAmJ2AjoRiOIhJ_Hb0P4,DIPU FAST FOOD CENTRE,places,en,293,22.56649635,88.38711155,22.5647736,88.38712559999999,0,kol,Kolkata,2026-09-01T02:52:19.903527Z
ChIJsb4_Xrx3AjoR7VKPemKDrSw,Desi Videsi,places,en,293,22.56649635,88.38711155,22.5649946,88.3883511,0,kol,Kolkata,2026-09-01T02:52:19.903537Z
ChIJGU5NT4Z3AjoRGSo7KR8domo,QALB-E-MOMIN,places,en,293,22.56649635,88.38711155,22.564667999999998,88.3865019,0,kol,Kolkata,2026-09-01T02:52:19.903544Z
ChIJEZ6sRgB3AjoRD8dmmZv2Aw0,Jomiye Khabo By - The Savour,places,en,293,22.56649635,88.38711155,22.564672599999998,88.3863344,0,kol,Kolkata,2026-09-01T02:52:19.903552Z
ChIJ7atSrZZ3AjoRCjbD7ZZtRfg,suparnas kitchen,places,en,293,22.56649635,88.38711155,22.5651939,88.3852694,0,kol,Kolkata,2026-09-01T02:52:19.903559Z
ChIJ-xm9RSZ3AjoRgt1Bs-4QKfU,SHINE BIRYANI,places,en,293,22.56649635,88.38711155,22.567328399999997,88.38927029999999,0,kol,Kolkata,2026-09-01T02:52:19.903566Z
ChIJYzmVQIB3AjoRpjO_YkgpIkA,ANNA KITCHEN Beliaghata,places,en,293,22.56649635,88.38711155,22.5649053,88.38549239999999,0,kol,Kolkata,2026-09-01T02:52:19.903574Z
ChIJCVv1Ao93AjoRvtPwDC_CidU,Yumna Restaurant & Caterer,places,en,293,22.56649635,88.38711155,22.564562100000003,88.3884183,0,kol,Kolkata,2026-09-01T02:52:19.903581Z
ChIJe-h1kl53AjoRG6NXNe-jLM4,Dalchini gadda,places,en,293,22.56649635,88.38711155,22.5648397,88.3888624,0,kol,Kolkata,2026-09-01T02:52:19.903588Z
ChIJHebqD6R3AjoRIPDEzn1ZkCY,Sri Durga Mistanna Bhandar,places,en,293,22.56649635,88.38711155,22.564923999999998,88.3851981,0,kol,Kolkata,2026-09-01T02:52:19.903595Z
ChIJeZ8VTgB3AjoReT6oxzqUgjU,Flavour Bites Beleghata,places,en,293,22.56649635,88.38711155,22.5680268,88.38907379999999,0,kol,Kolkata,2026-09-01T02:52:19.903601Z
ChIJsZIEB-x3AjoR_EBzB2kBXRU,RIWAYAT: The Tradition of Biryani,places,en,293,22.56649635,88.38711155,22.5643462,88.3883859,0,kol,Kolkata,2026-09-01T02:52:19.903608Z
ChIJs6pfewB3AjoRnmOU5KziGnY,The Dosa House,places,en,293,22.56649635,88.38711155,22.567847,88.389332,0,kol,Kolkata,2026-09-01T02:52:19.903615Z
ChIJWY5b76Z3AjoRz-pkmoD4_kE,Oven Story,places,en,293,22.56649635,88.38711155,22.5669292,88.3844735,0,kol,Kolkata,2026-09-01T02:52:19.903621Z
ChIJD0yu5eN3AjoR6pWClllkNwk,SUDHIR IRON WORKS,places,en,293,22.56649635,88.38711155,22.5650263,88.38479559999999,0,kol,Kolkata,2026-09-01T02:52:19.903628Z
ChIJhdFCPQB3AjoRag7FxMDLVAA,Yummy,places,en,293,22.56649635,88.38711155,22.5640406,88.3862012,0,kol,Kolkata,2026-09-01T02:52:19.903635Z
ChIJTTfVd2J2AjoR3P-PuPN5sOI,Mukharuchi Restaurant,places,en,293,22.56649635,88.38711155,22.564262,88.3885392,0,kol,Kolkata,2026-09-01T02:52:19.903641Z
ChIJl1QXgmJ2AjoRgYi_TliVq6Y,Hotel Parul,places,en,293,22.56649635,88.38711155,22.564388299999997,88.388784,0,kol,Kolkata,2026-09-01T02:52:19.903648Z
ChIJ6_kJ2Il2AjoRjTNqBURtex4,Haji Fast Food Centre,places,en,293,22.56649635,88.38711155,22.5644909,88.38904550000001,0,kol,Kolkata,2026-09-01T02:52:19.903655Z
ChIJPxTRne93AjoRIUPetJv4uqE,Bala's Eating Hub,places,en,294,22.527052750000003,88.347533,22.527778899999998,88.3470237,0,kol,Kolkata,2026-09-01T02:52:20.256091Z
ChIJicenDQB3AjoRDAgp5z0vbr4,Shri Anna Balaji,places,en,294,22.527052750000003,88.347533,22.528218199999998,88.3472573,0,kol,Kolkata,2026-09-01T02:52:20.256142Z
ChIJF06ogtx3AjoR_O3moWpj6B4,Paratha Point,places,en,294,22.527052750000003,88.347533,22.528218199999998,88.3472573,0,kol,Kolkata,2026-09-01T02:52:20.256154Z
ChIJDVv2AAB3AjoRUBsEcGu1a-M,Hope’s Corner,places,en,294,22.527052750000003,88.347533,22.5282178,88.3472551,0,kol,Kolkata,2026-09-01T02:52:20.256163Z
ChIJTemnJdN3AjoRCpSa-9yBEAA,Sendha Namak,places,en,294,22.527052750000003,88.347533,22.5282178,88.3472551,0,kol,Kolkata,2026-09-01T02:52:20.256171Z
ChIJrS4GFxF3AjoR918qs4h68aQ,"MISSION CAFE, BHAWANIPORE",places,en,294,22.527052750000003,88.347533,22.5282178,88.3472551,0,kol,Kolkata,2026-09-01T02:52:20.256179Z
ChIJT6HYJgB3AjoRkbF50hQuKI4,বাংলার dairy,places,en,294,22.527052750000003,88.347533,22.5284367,88.3473291,0,kol,Kolkata,2026-09-01T02:52:20.256187Z
ChIJ4f22RVB3AjoRVcfTbkZgFTY,Mizuki,places,en,294,22.527052750000003,88.347533,22.528739899999998,88.34792039999999,0,kol,Kolkata,2026-09-01T02:52:20.256202Z
ChIJ_5SUQwB3AjoRuMAZAV5_qbo,Pinchang Chinese Restaurant,places,en,294,22.527052750000003,88.347533,22.528843,88.3473314,0,kol,Kolkata,2026-09-01T02:52:20.256212Z
ChIJ-aKQIgB3AjoR6eD2zDEw-E0,Pinchang Chinese Restaurant,places,en,294,22.527052750000003,88.347533,22.528843,88.3473314,0,kol,Kolkata,2026-09-01T02:52:20.256219Z
ChIJmwVOZeB5AjoRVxbeILCkxOc,Ardeshir & Co,places,en,296,22.5389357,88.32034300000001,22.539098,88.321248,0,kol,Kolkata,2026-09-01T02:52:21.022537Z
ChIJqSDcSjF3AjoRvntJPc1n2to,London Pizza N Shakes,places,en,296,22.5389357,88.32034300000001,22.5381791,88.3217201,0,kol,Kolkata,2026-09-01T02:52:21.022581Z
ChIJ31auTcFwAjoR6A6QBPaCZkE,Gopal's Fast Food Shop,places,en,297,22.5003356,88.34676925,22.497977199999998,88.3475093,0,kol,Kolkata,2026-09-01T02:52:21.379180Z
ChIJL7pPqCdxAjoRdDnCQi9o9hc,Tolly Café,places,en,297,22.5003356,88.34676925,22.497840399999998,88.34659219999999,0,kol,Kolkata,2026-09-01T02:52:21.379226Z
ChIJ5bQ8P7ZwAjoRs7fJ4_ft0h4,Ebowl,places,en,298,22.507073499999997,88.3411772,22.50875,88.34178,0,kol,Kolkata,2026-09-01T02:52:21.779826Z
ChIJh4GILTt3AjoR5ZJ3KeqGtaQ,GOLDEN XI'AN,places,en,301,22.5313261,88.3683044,22.5312944,88.3690153,0,kol,Kolkata,2026-09-01T02:52:22.861461Z
ChIJockkQut3AjoRA6FoEHE7xfw,Cafe House of Commons,places,en,301,22.5313261,88.3683044,22.531243999999997,88.3690663,0,kol,Kolkata,2026-09-01T02:52:22.861497Z
ChIJzxfsL9p2AjoR_MsX1usc01o,Prity's Kitchen,places,en,301,22.5313261,88.3683044,22.530583099999998,88.3683259,0,kol,Kolkata,2026-09-01T02:52:22.861506Z
ChIJJUX7L9p2AjoRqiDPFt8HlwI,Grub Fast Food,places,en,301,22.5313261,88.3683044,22.530485799999997,88.3683156,0,kol,Kolkata,2026-09-01T02:52:22.861511Z
ChIJJao3O9p2AjoREHtTdNIQ4ss,Chowman (Broad Street),places,en,301,22.5313261,88.3683044,22.5302565,88.3683656,0,kol,Kolkata,2026-09-01T02:52:22.861516Z
ChIJA1pxaoB3AjoRJxwDJMDai_Y,Sweet Truth Bally Gunge,places,en,301,22.5313261,88.3683044,22.530241999999998,88.368668,0,kol,Kolkata,2026-09-01T02:52:22.861520Z
ChIJ5_mqT4B3AjoRLy0UraIxdHE,Behrouz Biryani,places,en,301,22.5313261,88.3683044,22.5301753,88.3687862,0,kol,Kolkata,2026-09-01T02:52:22.861525Z
ChIJ6RYLWJN3AjoRxp0zEltY6gs,Oven Story,places,en,301,22.5313261,88.3683044,22.530144,88.36880099999999,0,kol,Kolkata,2026-09-01T02:52:22.861529Z
ChIJOWrBCix3AjoRW2pDuumdq-o,Faasos Bally Gunge,places,en,301,22.5313261,88.3683044,22.530109799999998,88.3687777,0,kol,Kolkata,2026-09-01T02:52:22.861533Z
ChIJyYkwFMt2AjoRtb1-_AgbUdQ,Ozkafe Coffee Roaster and Coffee Experience Centre,places,en,301,22.5313261,88.3683044,22.5318623,88.36984819999999,0,kol,Kolkata,2026-09-01T02:52:22.861537Z
ChIJxRE2-uB3AjoRak9wNWM18zA,Gupta snacks corner,places,en,301,22.5313261,88.3683044,22.5322471,88.36966679999999,0,kol,Kolkata,2026-09-01T02:52:22.861543Z
ChIJbVC3tt12AjoRNF2LMSElPCU,The Awadh Restaurant,places,en,301,22.5313261,88.3683044,22.530882,88.3701045,0,kol,Kolkata,2026-09-01T02:52:22.861547Z
ChIJVTxBIyB3AjoRMWrbbdm1_ZI,Yum Yum Korean Bucket,places,en,301,22.5313261,88.3683044,22.5289072,88.36826219999999,0,kol,Kolkata,2026-09-01T02:52:22.861554Z
ChIJCWRJp5V3AjoR8fsYN1NsAXs,Ballygunge House,places,en,301,22.5313261,88.3683044,22.529607499999997,88.366411,0,kol,Kolkata,2026-09-01T02:52:22.861558Z
ChIJMUJDMwCd-DkRKf5nKlMfqk4,Laal Shaak,places,en,302,22.61807125,88.38940035,22.617677800000003,88.3911892,0,kol,Kolkata,2026-09-01T02:52:23.281578Z
ChIJd_JraaZxAjoRllSp02s5aSQ,APPAYAN,places,en,303,22.51256665,88.33752135,22.5113757,88.3374135,0,kol,Kolkata,2026-09-01T02:52:23.627406Z
ChIJncwpRJt2AjoRqL45BtoMNMk,DRAGON KITCHEN,places,en,304,22.5507357,88.39498535,22.551347099999997,88.3958476,0,kol,Kolkata,2026-09-01T02:52:23.972494Z
ChIJlwuL7Zh3AjoRL5BBN1Q3xpI,Tamanna biryani,places,en,304,22.5507357,88.39498535,22.5521748,88.39527629999999,0,kol,Kolkata,2026-09-01T02:52:23.972535Z
ChIJI6XOHH93AjoR410hxAm3bNY,PETUK PALETTE CLOUD KITCHEN,places,en,304,22.5507357,88.39498535,22.5521565,88.39281419999999,0,kol,Kolkata,2026-09-01T02:52:23.972547Z
ChIJW4-km5p2AjoR4at0BuzXyfY,Kasturi Restaurant,places,en,304,22.5507357,88.39498535,22.5502657,88.392303,0,kol,Kolkata,2026-09-01T02:52:23.972556Z
ChIJX_eGyl93AjoRv4WEPV08KvI,Jagadamba Fast Food,places,en,305,22.5718931,88.38732665,22.5727472,88.387913,0,kol,Kolkata,2026-09-01T02:52:24.411524Z
ChIJIeatm_x3AjoR6KK999ZLXSs,The Fry Way,places,en,305,22.5718931,88.38732665,22.5708393,88.38752629999999,0,kol,Kolkata,2026-09-01T02:52:24.411563Z
ChIJo2CPHQB3AjoR58_D-gHo6bk,New Zeeshan Biryani Restaurant,places,en,305,22.5718931,88.38732665,22.5723172,88.3886585,0,kol,Kolkata,2026-09-01T02:52:24.411573Z
ChIJZzuNomR2AjoRkqup6MmPX_Y,South Indian Restaurant,places,en,305,22.5718931,88.38732665,22.5724055,88.3889275,0,kol,Kolkata,2026-09-01T02:52:24.411582Z
ChIJtRQrajV3AjoRcwxCl0wds88,CRUNCHZILLA,places,en,305,22.5718931,88.38732665,22.572340099999998,88.3890691,0,kol,Kolkata,2026-09-01T02:52:24.411590Z
ChIJb1WRY2Z3AjoR6OWl6rl_oJA,Hari Roti Wala,places,en,305,22.5718931,88.38732665,22.5711378,88.3889918,0,kol,Kolkata,2026-09-01T02:52:24.411598Z
ChIJ4wWkZWR2AjoRAAAAMF4KMV0,Bhola's Kitchen,places,en,305,22.5718931,88.38732665,22.572134,88.3891843,0,kol,Kolkata,2026-09-01T02:52:24.411605Z
ChIJnzkvHyt3AjoRjq2j0llmbHs,CHOP SHILPO (চপ শিল্প),places,en,305,22.5718931,88.38732665,22.572320599999998,88.38916479999999,0,kol,Kolkata,2026-09-01T02:52:24.411614Z
ChIJ_Wtx6uB3AjoRSU-foAOfl8U,Foodie Fry,places,en,305,22.5718931,88.38732665,22.570954,88.3857238,0,kol,Kolkata,2026-09-01T02:52:24.411621Z
ChIJX1YLxTB3AjoRit-xTXqbOFY,Four Star,places,en,305,22.5718931,88.38732665,22.573418,88.385982,0,kol,Kolkata,2026-09-01T02:52:24.411628Z
ChIJYa6eimR2AjoRT4R7OusyyKo,New Punjabi Hotel (PHOLBAGAN DHABA),places,en,305,22.5718931,88.38732665,22.5716061,88.38945420000002,0,kol,Kolkata,2026-09-01T02:52:24.411634Z
ChIJRX8D9mR2AjoRDyH00xJZ4BU,BABA FOOD CORNER,places,en,305,22.5718931,88.38732665,22.5717519,88.3895129,0,kol,Kolkata,2026-09-01T02:52:24.411641Z
ChIJc6uRwYR3AjoRyakMrU_Mxro,Upender's momo,places,en,305,22.5718931,88.38732665,22.5718464,88.38952979999999,0,kol,Kolkata,2026-09-01T02:52:24.411648Z
ChIJl92KYlN3AjoRYeibFnGk8Z0,Soumili Food Centre,places,en,305,22.5718931,88.38732665,22.5718462,88.3895302,0,kol,Kolkata,2026-09-01T02:52:24.411656Z
ChIJyZMDQGx3AjoRDM6SVr4pLvE,Food Junction,places,en,305,22.5718931,88.38732665,22.573280699999998,88.3857161,0,kol,Kolkata,2026-09-01T02:52:24.411663Z
ChIJWTIXBQB3AjoRS3mVK6exhyA,Classic Chinese food centre,places,en,305,22.5718931,88.38732665,22.5704475,88.3890277,0,kol,Kolkata,2026-09-01T02:52:24.411670Z
ChIJ0W4c06d3AjoRaxk_OeBFJNo,Jeet Momo,places,en,305,22.5718931,88.38732665,22.5720135,88.3897063,0,kol,Kolkata,2026-09-01T02:52:24.411677Z
ChIJmXcXlvR3AjoRvpO6qXXLMKE,Balaji & Bro's,places,en,305,22.5718931,88.38732665,22.5719811,88.38972129999999,0,kol,Kolkata,2026-09-01T02:52:24.411684Z
ChIJMXWsZSZ3AjoRyWshEsL0er0,Wonder's Momo,places,en,305,22.5718931,88.38732665,22.572502399999998,88.3896315,0,kol,Kolkata,2026-09-01T02:52:24.411690Z
ChIJY9L4wqt3AjoRj-71ykEaWh4,Maa Lakhi Fasfood Center,places,en,305,22.5718931,88.38732665,22.573424799999998,88.3856005,0,kol,Kolkata,2026-09-01T02:52:24.411697Z
ChIJ1ZrdPwBxAjoRpJWuEY2QAW8,Kishan’s Quick Bites,places,en,306,22.509842550000002,88.3289887,22.5113239,88.3294445,0,kol,Kolkata,2026-09-01T02:52:24.793990Z
ChIJ-dKcTDpxAjoRoV9FnoDADZU,THE LUV BITES,places,en,306,22.509842550000002,88.3289887,22.5114107,88.32966569999999,0,kol,Kolkata,2026-09-01T02:52:24.794031Z
ChIJp0oILEVxAjoR7kcQhr5bKvg,NEW BOMBAY DELICACY,places,en,306,22.509842550000002,88.3289887,22.5116002,88.32951249999999,0,kol,Kolkata,2026-09-01T02:52:24.794046Z
ChIJO2PlbKxwAjoRfALL6JRAXvM,THE DRAGON'S KITCHEN,places,en,306,22.509842550000002,88.3289887,22.511692999999998,88.32953169999999,0,kol,Kolkata,2026-09-01T02:52:24.794055Z
ChIJQ4MVc7txAjoRjtxryUVwTeA,The Round Up,places,en,306,22.509842550000002,88.3289887,22.511700599999998,88.3295115,0,kol,Kolkata,2026-09-01T02:52:24.794062Z
ChIJowINQwBxAjoRKldFMZ4kBP0,Raff's F9,places,en,306,22.509842550000002,88.3289887,22.5117373,88.3295381,0,kol,Kolkata,2026-09-01T02:52:24.794072Z
ChIJOQOnLmtxAjoRdk4qxkvex8Y,The Bong Bite,places,en,306,22.509842550000002,88.3289887,22.5117801,88.3297845,0,kol,Kolkata,2026-09-01T02:52:24.794087Z
ChIJj9heKjNxAjoRfh5JNIoBpaE,Jio Bangla Food Station,places,en,306,22.509842550000002,88.3289887,22.511378,88.3305961,0,kol,Kolkata,2026-09-01T02:52:24.794094Z
ChIJt9yXVQBzAjoRUx7vZkDTgN4,Mandal snacks,places,en,307,22.58512975,88.37466409999999,22.5848864,88.3745525,0,kol,Kolkata,2026-09-01T02:52:25.160075Z
ChIJ9Wf4dFx3AjoRR3adV6OiXUo,Lucky Cafeteria,places,en,307,22.58512975,88.37466409999999,22.585071499999998,88.3749843,0,kol,Kolkata,2026-09-01T02:52:25.160113Z
ChIJ3y96rEd2AjoRc_AVx8J3ClQ,Appayan,places,en,307,22.58512975,88.37466409999999,22.5853634,88.3749894,0,kol,Kolkata,2026-09-01T02:52:25.160127Z
ChIJnx9xrEd2AjoRwbDRoxk5jrM,NEW HFC (Hot Fried Chicken),places,en,307,22.58512975,88.37466409999999,22.585594099999998,88.3749062,0,kol,Kolkata,2026-09-01T02:52:25.160136Z
ChIJ16cc1JB3AjoRm-rL2E6s2dQ,TARA MAA MOMO CENTRE,places,en,307,22.58512975,88.37466409999999,22.5852933,88.3752154,0,kol,Kolkata,2026-09-01T02:52:25.160145Z
ChIJ0duR40J3AjoR4voeNGEC6dg,Rasoi Express,places,en,307,22.58512975,88.37466409999999,22.584718799999997,88.37534749999999,0,kol,Kolkata,2026-09-01T02:52:25.160154Z
ChIJC8EGPgB3AjoRJcFOSpOjnR4,Bihari Hotel,places,en,307,22.58512975,88.37466409999999,22.5855833,88.3739557,0,kol,Kolkata,2026-09-01T02:52:25.160162Z
ChIJtV88uEd2AjoRbcg-hr5Db1A,Luxhmi Narayan Punjabi Hotel,places,en,307,22.58512975,88.37466409999999,22.585652099999997,88.3738037,0,kol,Kolkata,2026-09-01T02:52:25.160173Z
ChIJoY2UyUd2AjoRWjqA5siWUfg,Hygienic Food Cabin,places,en,307,22.58512975,88.37466409999999,22.585306799999998,88.37362309999999,0,kol,Kolkata,2026-09-01T02:52:25.160182Z
ChIJcR5e1PB3AjoR9ntN7jc-qO0,idlyGo Xpress,places,en,307,22.58512975,88.37466409999999,22.5861624,88.37470239999999,0,kol,Kolkata,2026-09-01T02:52:25.160191Z
ChIJ9zDlH0d2AjoR_WZ7cY3-cEY,Moon drop,places,en,307,22.58512975,88.37466409999999,22.5848244,88.37587219999999,0,kol,Kolkata,2026-09-01T02:52:25.160198Z
ChIJ9bfmuB13AjoRBkTIWkHD2eU,"Nababer Hari - Biryani, Kebab and Roll",places,en,307,22.58512975,88.37466409999999,22.5862736,88.3747223,0,kol,Kolkata,2026-09-01T02:52:25.160206Z
ChIJxVvPCYx3AjoRG5gObakH_T0,Jai Jagannath Cakes And More,places,en,307,22.58512975,88.37466409999999,22.586374199999998,88.3743413,0,kol,Kolkata,2026-09-01T02:52:25.160219Z
ChIJ1ahQBQB3AjoRhjH8NpHHGGg,Paratha Shop,places,en,307,22.58512975,88.37466409999999,22.586491799999997,88.37430839999999,0,kol,Kolkata,2026-09-01T02:52:25.160226Z
ChIJwx9jaWx3AjoR5gx5h4HFIFo,GURU'S TEA SHOP,places,en,307,22.58512975,88.37466409999999,22.5846591,88.37621,0,kol,Kolkata,2026-09-01T02:52:25.160235Z
ChIJUca32EZ2AjoRt1TURGX7U4U,Swad Restaurant,places,en,307,22.58512975,88.37466409999999,22.5848604,88.3764877,0,kol,Kolkata,2026-09-01T02:52:25.160243Z
ChIJ3zHuxjh3AjoRbuMcpgfDnh8,Usha Bengali Restaurant,places,en,307,22.58512975,88.37466409999999,22.5848513,88.3765122,0,kol,Kolkata,2026-09-01T02:52:25.160250Z
ChIJU8szJkd2AjoRkAK8VPcJNi4,S3 Bhoothnath,places,en,307,22.58512975,88.37466409999999,22.5850722,88.37662429999999,0,kol,Kolkata,2026-09-01T02:52:25.160257Z
ChIJJRa3LAB3AjoRLC5OKJB_WCM,Nanighar QSJ,places,en,309,22.53384775,88.33258195,22.535102600000002,88.3337827,0,kol,Kolkata,2026-09-01T02:52:25.843982Z
ChIJj-Ff3bZ3AjoR6cJbDCkaUOo,Shal Restaurant,places,en,309,22.53384775,88.33258195,22.5340079,88.33472909999999,0,kol,Kolkata,2026-09-01T02:52:25.844015Z
ChIJpQZSDlt3AjoRfsrh7hk2UOI,Pravesh Pani Puri,places,en,309,22.53384775,88.33258195,22.5317629,88.331711,0,kol,Kolkata,2026-09-01T02:52:25.844025Z
ChIJbS3jjeh3AjoRf5wL-DbtDhI,Zoo Restaurant,places,en,309,22.53384775,88.33258195,22.5364056,88.3331558,0,kol,Kolkata,2026-09-01T02:52:25.844033Z
ChIJUZpSWgB3AjoRqduu1AgsP1E,Skipper Bhelwala,places,en,310,22.55182945,88.34921209999999,22.550781999999998,88.35031839999999,0,kol,Kolkata,2026-09-01T02:52:26.197646Z
ChIJSfT3fcB3AjoRmuRkT7qzbco,The Glenburn Penthouse,places,en,310,22.55182945,88.34921209999999,22.5500942,88.3498397,0,kol,Kolkata,2026-09-01T02:52:26.197686Z
ChIJDyJnhER3AjoRLFQNZfK8Z7g,Wokaholic,places,en,310,22.55182945,88.34921209999999,22.5499339,88.3492404,0,kol,Kolkata,2026-09-01T02:52:26.197696Z
ChIJw6RBcgB3AjoRN3eb-7aPKpM,Santosh Kumar,places,en,310,22.55182945,88.34921209999999,22.550052299999997,88.3500282,0,kol,Kolkata,2026-09-01T02:52:26.197702Z
ChIJMdbRSAB3AjoR8pKxi7SZ_4A,Ganesh Idly Shop(South Indian food),places,en,310,22.55182945,88.34921209999999,22.5498941,88.3500632,0,kol,Kolkata,2026-09-01T02:52:26.197713Z
ChIJp94dey53AjoRV8Iu88IIEhQ,Fire And Ice India Pvt Ltd,places,en,310,22.55182945,88.34921209999999,22.549743,88.349565,0,kol,Kolkata,2026-09-01T02:52:26.197719Z
ChIJMXlZsBF3AjoRpFoMxOyUpGs,Bharat Hindu Hotel,places,en,310,22.55182945,88.34921209999999,22.5498053,88.350044,0,kol,Kolkata,2026-09-01T02:52:26.197725Z
ChIJiTrlpBF3AjoRDOlXLlKOfRs,Russel Punjabi Dhaba,places,en,310,22.55182945,88.34921209999999,22.5497411,88.34999189999999,0,kol,Kolkata,2026-09-01T02:52:26.197731Z
ChIJfy9SzXR3AjoR5N_1iOcMtDw,শিব শঙ্কর হিন্দু হোটেল,places,en,311,22.5655907,88.36876505000001,22.565724799999998,88.36852619999999,0,kol,Kolkata,2026-09-01T02:52:26.533716Z
ChIJsypjAwB3AjoRE03dz9SOZG0,RED CHILIES,places,en,311,22.5655907,88.36876505000001,22.5655277,88.36847619999999,0,kol,Kolkata,2026-09-01T02:52:26.533808Z
ChIJiyTj6R13AjoR0_HARBSd5e0,Aroma Chinese Fast Food,places,en,311,22.5655907,88.36876505000001,22.5659577,88.3687114,0,kol,Kolkata,2026-09-01T02:52:26.533814Z
ChIJn0oM99N3AjoRhi-MIyd7eNo,MAGIC MUG BAR CUM RESTAURANT,places,en,311,22.5655907,88.36876505000001,22.5652717,88.36851279999999,0,kol,Kolkata,2026-09-01T02:52:26.533818Z
ChIJz0-QFFZ2AjoReK4iNP6ckhM,Sree Prabhu Hotel,places,en,311,22.5655907,88.36876505000001,22.5652731,88.3684639,0,kol,Kolkata,2026-09-01T02:52:26.533822Z
ChIJvTWVVQB3AjoRsus2hMkxSmU,Raju Dar Porota,places,en,311,22.5655907,88.36876505000001,22.565896199999997,88.3692076,0,kol,Kolkata,2026-09-01T02:52:26.533826Z
ChIJresdX-N3AjoR4ZYdw-GIYt4,Anna Bhojan,places,en,311,22.5655907,88.36876505000001,22.5661915,88.368833,0,kol,Kolkata,2026-09-01T02:52:26.533829Z
ChIJxSOMKs93AjoR7VpkheX4lxI,Shivsankar Fast Food,places,en,311,22.5655907,88.36876505000001,22.565081400000004,88.36836799999999,0,kol,Kolkata,2026-09-01T02:52:26.533833Z
ChIJL-blZxx3AjoRMBxbZF6xvp8,Tea Junction,places,en,311,22.5655907,88.36876505000001,22.566054599999998,88.3694244,0,kol,Kolkata,2026-09-01T02:52:26.533837Z
ChIJyz3r0YB3AjoRBK62Q8uyAS4,Panda momo,places,en,311,22.5655907,88.36876505000001,22.5658571,88.3696028,0,kol,Kolkata,2026-09-01T02:52:26.533840Z
ChIJU0ZvcgB3AjoRATvUuKRTEkw,Crispy Bites,places,en,311,22.5655907,88.36876505000001,22.564855299999998,88.3683276,0,kol,Kolkata,2026-09-01T02:52:26.533844Z
ChIJRY76rHZ3AjoRA95OfdMNkrQ,Pooja Fast Food Restaurant,places,en,311,22.5655907,88.36876505000001,22.566475099999998,88.36904589999999,0,kol,Kolkata,2026-09-01T02:52:26.533847Z
ChIJZ6KTD1Z2AjoRDqFAjEZUA9M,Lokenath Fast food,places,en,311,22.5655907,88.36876505000001,22.5647537,88.3682939,0,kol,Kolkata,2026-09-01T02:52:26.533851Z
ChIJs_lXTFZ2AjoRQtLwe1C-KXE,মেট্রো ডেয়ারি আইসক্রিম পার্লার Metro Dairy Ice Cream Parlour,places,en,311,22.5655907,88.36876505000001,22.5659878,88.36991549999999,0,kol,Kolkata,2026-09-01T02:52:26.533855Z
ChIJtRE5QlZ2AjoRILK9_3ViwGs,Rishika,places,en,311,22.5655907,88.36876505000001,22.566792300000003,88.3689754,0,kol,Kolkata,2026-09-01T02:52:26.533858Z
ChIJS2wmX1Z2AjoR3Pz0s258t8c,Mala Roll Centre,places,en,311,22.5655907,88.36876505000001,22.566780299999998,88.3690565,0,kol,Kolkata,2026-09-01T02:52:26.533862Z
ChIJ9UXdEAB3AjoRI4_d1xzqzqw,Kolkata al-Bahar biryani,places,en,311,22.5655907,88.36876505000001,22.5670581,88.3691525,0,kol,Kolkata,2026-09-01T02:52:26.533866Z
ChIJyWN0iVZ2AjoRolbfFquttR8,New Sankar Hotel,places,en,311,22.5655907,88.36876505000001,22.56722,88.3684893,0,kol,Kolkata,2026-09-01T02:52:26.533870Z
ChIJjXbVzbJ3AjoR53mig_Ofkx0,Shree Jagannath Kachori,places,en,311,22.5655907,88.36876505000001,22.5640295,88.3680766,0,kol,Kolkata,2026-09-01T02:52:26.533874Z
ChIJFVSg7jd3AjoRVqmXnC7AINw,Hot Chilli,places,en,312,22.5738603,88.3775823,22.5744185,88.3782926,0,kol,Kolkata,2026-09-01T02:52:26.961689Z
ChIJI83x9Kd3AjoRXAge2OZ5DLA,Neha Restaurant,places,en,312,22.5738603,88.3775823,22.573323199999997,88.3784541,0,kol,Kolkata,2026-09-01T02:52:26.961708Z
ChIJZa9mYwB3AjoRnqhqprJKwQw,Neha Eating House,places,en,312,22.5738603,88.3775823,22.5740953,88.37889349999999,0,kol,Kolkata,2026-09-01T02:52:26.961713Z
ChIJ-RLzIhJ3AjoRg5Che5wwxOw,Suraj Rana Puri Sabji,places,en,312,22.5738603,88.3775823,22.572446700000004,88.3774096,0,kol,Kolkata,2026-09-01T02:52:26.961726Z
ChIJXckPXQB3AjoRqh4T4Dc7D-I,Khans kitchen narkaldanga,places,en,312,22.5738603,88.3775823,22.5754852,88.3781443,0,kol,Kolkata,2026-09-01T02:52:26.961729Z
ChIJOw9tp1t2AjoRDJYNsJkRcAo,Mother Dairy,places,en,312,22.5738603,88.3775823,22.5728816,88.37572259999999,0,kol,Kolkata,2026-09-01T02:52:26.961732Z
ChIJQzyeCgB3AjoR63RT4HMLqSg,AL-BAHAR Dilli 6,places,en,312,22.5738603,88.3775823,22.5731474,88.375501,0,kol,Kolkata,2026-09-01T02:52:26.961735Z
ChIJ61cFTNZ3AjoRbrc7D2fDK68,a s pyare kabab,places,en,312,22.5738603,88.3775823,22.5731474,88.375501,0,kol,Kolkata,2026-09-01T02:52:26.961738Z
ChIJJbafVZd3AjoR73SQrAsaFW4,M/S MADAN MAHATO,places,en,312,22.5738603,88.3775823,22.572862,88.37506669999999,0,kol,Kolkata,2026-09-01T02:52:26.961740Z
ChIJ40nCLYV3AjoRhrzccZSSUbU,MEZBAN E HIND,places,en,312,22.5738603,88.3775823,22.5753995,88.3752534,0,kol,Kolkata,2026-09-01T02:52:26.961743Z
ChIJK8-pTI53AjoRjdaWBWbn0JI,YUMMY TUMMY,places,en,313,22.53914,88.38316635,22.5384274,88.38162080000001,0,kol,Kolkata,2026-09-01T02:52:27.311249Z
ChIJHeaWbiV3AjoR3yt909jth68,Tipu Meat Shop,places,en,313,22.53914,88.38316635,22.5369977,88.3826139,0,kol,Kolkata,2026-09-01T02:52:27.311271Z
ChIJF6tjIsp3AjoRZUMIsyi1PGQ,Rever Cafe,places,en,313,22.53914,88.38316635,22.537586899999997,88.3814009,0,kol,Kolkata,2026-09-01T02:52:27.311276Z
ChIJTWo_hHF3AjoRvhfgVWpNxKY,Mahnaz's Food Heaven,places,en,313,22.53914,88.38316635,22.536873,88.3842447,0,kol,Kolkata,2026-09-01T02:52:27.311282Z
ChIJv3iOz3F3AjoRX4U7SupIrrw,A.F.C fried chicken,places,en,313,22.53914,88.38316635,22.5367188,88.3842208,0,kol,Kolkata,2026-09-01T02:52:27.311288Z
ChIJgcFNnhR3AjoRSmi2AXTaVVQ,The Cake Art,places,en,313,22.53914,88.38316635,22.5366087,88.3839861,0,kol,Kolkata,2026-09-01T02:52:27.311292Z
ChIJO1pLnwZ3AjoRH5wPmhmEvwg,Bharat Biryani (Duttabagan Branch),places,en,314,22.607373199999998,88.39084095000001,22.6069233,88.389765,0,kol,Kolkata,2026-09-01T02:52:27.658190Z
ChIJ43Hlvw13AjoRy5JwztIeuLM,Rebel Foods,places,en,315,22.56231475,88.39893175,22.5622875,88.3997856,0,kol,Kolkata,2026-09-01T02:52:28.073507Z
ChIJmxuQvct3AjoRr7lRxlV1gx8,Sweet Truth Baliaghata,places,en,315,22.56231475,88.39893175,22.5622913,88.3997995,0,kol,Kolkata,2026-09-01T02:52:28.073541Z
ChIJ2Y9AB5h3AjoRLRJetkDlWNg,Lunch Box Baliaghata,places,en,315,22.56231475,88.39893175,22.5622913,88.3997995,0,kol,Kolkata,2026-09-01T02:52:28.073552Z
ChIJhY2npep3AjoR1bghwx7VKZo,The Good Bowl,places,en,315,22.56231475,88.39893175,22.5623362,88.39980419999999,0,kol,Kolkata,2026-09-01T02:52:28.073560Z
ChIJD3jvPkd3AjoR7dGEfmR5kCg,Behrouz Biryani Baliaghata,places,en,315,22.56231475,88.39893175,22.5622534,88.39989369999999,0,kol,Kolkata,2026-09-01T02:52:28.073567Z
ChIJac1WYsN3AjoROkhlcyXLg_E,Faasos Baliaghata,places,en,315,22.56231475,88.39893175,22.5623219,88.3999206,0,kol,Kolkata,2026-09-01T02:52:28.073580Z
ChIJ10UH1YB2AjoR6T-NYkydbHQ,The Biryani Inc.,places,en,315,22.56231475,88.39893175,22.5610584,88.39721349999999,0,kol,Kolkata,2026-09-01T02:52:28.073593Z
ChIJ0T6lKNpwAjoRbNlToOTh89Y,SAMPA FOOD PLAZA,places,en,316,22.5019776,88.3578139,22.5020825,88.35766629999999,0,kol,Kolkata,2026-09-01T02:52:28.463739Z
ChIJPe_cGdFwAjoR17z5U_oes1A,Annapurna Foods,places,en,316,22.5019776,88.3578139,22.5021479,88.3576975,0,kol,Kolkata,2026-09-01T02:52:28.463774Z
ChIJCSKrKQBxAjoRuCQzF4QuykY,Friez N Funs,places,en,316,22.5019776,88.3578139,22.501855,88.357598,0,kol,Kolkata,2026-09-01T02:52:28.463781Z
ChIJJ_xQKdpwAjoRT3RVGn1V6S8,"Crossroads - Grilled, Baked, Fried & more..",places,en,316,22.5019776,88.3578139,22.501806,88.357635,0,kol,Kolkata,2026-09-01T02:52:28.463789Z
ChIJ9-YJJtpwAjoRDLWuyCFgIro,Samrat Snacks,places,en,316,22.5019776,88.3578139,22.5021404,88.3576523,0,kol,Kolkata,2026-09-01T02:52:28.463795Z
ChIJOwahBgBxAjoRP2xMe-C_YP8,Ivory,places,en,316,22.5019776,88.3578139,22.5018614,88.3575449,0,kol,Kolkata,2026-09-01T02:52:28.463800Z
ChIJo0qfamlxAjoRi80SDKasqF4,Venky's Chicken Xperience,places,en,316,22.5019776,88.3578139,22.5021768,88.35764809999999,0,kol,Kolkata,2026-09-01T02:52:28.463805Z
ChIJ71ATAENxAjoR2Yj30cdFWQY,Leon's,places,en,316,22.5019776,88.3578139,22.502160399999998,88.3579759,0,kol,Kolkata,2026-09-01T02:52:28.463811Z
ChIJr--nDtVxAjoR0oKaEJBmb9k,The Momos Stories,places,en,316,22.5019776,88.3578139,22.502217500000004,88.3576595,0,kol,Kolkata,2026-09-01T02:52:28.463816Z
ChIJTQ_3iNlwAjoR12orwPOMj9I,Friend Zone,places,en,316,22.5019776,88.3578139,22.502153200000002,88.35803589999999,0,kol,Kolkata,2026-09-01T02:52:28.463820Z
ChIJnyGNJdpwAjoRGklnHhFzEls,New Kalpana Mistanna Bhandar,places,en,316,22.5019776,88.3578139,22.502176000000002,88.3575802,0,kol,Kolkata,2026-09-01T02:52:28.463825Z
ChIJyc5IJtpwAjoRv5Kkv8IrivI,Classic Tandoor,places,en,316,22.5019776,88.3578139,22.502200199999997,88.357609,0,kol,Kolkata,2026-09-01T02:52:28.463829Z
ChIJoRMdSL9xAjoRAKoh9iCj08k,Bunn & Fire,places,en,316,22.5019776,88.3578139,22.502112999999998,88.35746089999999,0,kol,Kolkata,2026-09-01T02:52:28.463835Z
ChIJqbojt55xAjoRklX0wp4dY0E,Dakshini- Authentic South Indian Food,places,en,317,22.502060399999998,88.357827,22.5022865,88.3580372,0,kol,Kolkata,2026-09-01T02:52:28.801659Z
ChIJ7RbLor9xAjoRT0bNPq9uE9k,FOOD ZONE,places,en,317,22.502060399999998,88.357827,22.5021553,88.3581699,0,kol,Kolkata,2026-09-01T02:52:28.801694Z
ChIJjxm8obR3AjoR34EKU7Aa1Sw,Lal chai shop,places,en,318,22.56070485,88.38199764999999,22.5599345,88.3826129,0,kol,Kolkata,2026-09-01T02:52:29.139119Z
ChIJa1RMnyp3AjoRvoIPv-zL4uo,AFSER SWEET HOUSE,places,en,318,22.56070485,88.38199764999999,22.5592813,88.38144059999999,0,kol,Kolkata,2026-09-01T02:52:29.139165Z
ChIJnXzyNgB3AjoRkaFSAZk615A,Veg House,places,en,318,22.56070485,88.38199764999999,22.560093,88.3801872,0,kol,Kolkata,2026-09-01T02:52:29.139177Z
ChIJnV-9DIZ3AjoR_ICeDtscANo,Alimuddin Halal chicken shop,places,en,318,22.56070485,88.38199764999999,22.5585096,88.3812728,0,kol,Kolkata,2026-09-01T02:52:29.139189Z
ChIJj4FFKgB3AjoRSBDA4hSkvOo,Fariyaad,places,en,318,22.56070485,88.38199764999999,22.5605312,88.38469289999999,0,kol,Kolkata,2026-09-01T02:52:29.139198Z
ChIJo4ZPeGZ3AjoRJK1IjWzLD6I,GHARIB NAWAZ FAST FOOD,places,en,319,22.540354999999998,88.3584625,22.540734,88.36012319999999,0,kol,Kolkata,2026-09-01T02:52:29.510584Z
ChIJMSSB4B93AjoRXIT2VkBjIo0,Flavours of India,places,en,319,22.540354999999998,88.3584625,22.5427423,88.35977199999999,0,kol,Kolkata,2026-09-01T02:52:29.510645Z
ChIJb1Q_Ax93AjoRUz3XRaWc9wc,Hot-Nuts,places,en,319,22.540354999999998,88.3584625,22.5427358,88.35980839999999,0,kol,Kolkata,2026-09-01T02:52:29.510656Z
ChIJZd_uWE93AjoRpoxzZfKbXis,Vishnu food junction,places,en,320,22.57205505,88.3877128,22.571941,88.389844,0,kol,Kolkata,2026-09-01T02:52:29.854909Z
ChIJr61X83d3AjoRRoR173uT7zg,"Pizza Hut | Phool Bagan, Kolkata",places,en,320,22.57205505,88.3877128,22.5719776,88.3898703,0,kol,Kolkata,2026-09-01T02:52:29.854945Z
ChIJ9Zmyijl3AjoRBYYERVDdwP0,Sharma & Son's - Sweet & Resturant,places,en,320,22.57205505,88.3877128,22.5719443,88.38999319999999,0,kol,Kolkata,2026-09-01T02:52:29.854956Z
ChIJWxLioYh3AjoRqhkq5PrEidc,Monginis Cake Shop,places,en,321,22.55335615,88.38328039999999,22.554333,88.386001,0,kol,Kolkata,2026-09-01T02:52:30.194890Z
ChIJf9gDJf92AjoRPWnB4OPsM9k,Entali Darbar,places,en,322,22.56139805,88.367033,22.561355700000004,88.36701380000001,0,kol,Kolkata,2026-09-01T02:52:30.633561Z
ChIJLbf1DvB3AjoRhvmu2eUxbIA,TAJ BIRYANI,places,en,322,22.56139805,88.367033,22.561330599999998,88.36678669999999,0,kol,Kolkata,2026-09-01T02:52:30.633602Z
ChIJzcpy1_52AjoRRlvLNzOldh8,Hind Mahal,places,en,322,22.56139805,88.367033,22.561182900000002,88.3667979,0,kol,Kolkata,2026-09-01T02:52:30.633616Z
ChIJtf7376t3AjoRax2_y0VrYxU,Anas Shimla biryani,places,en,322,22.56139805,88.367033,22.5619773,88.36716659999999,0,kol,Kolkata,2026-09-01T02:52:30.633625Z
ChIJp-Q1OFZ2AjoRu88g8t92Z3E,The Red Chillies,places,en,322,22.56139805,88.367033,22.561997899999998,88.36714459999999,0,kol,Kolkata,2026-09-01T02:52:30.633633Z
ChIJ676mqH13AjoRcHmzcJmqqg0,Bijoli Grill - Moulali,places,en,322,22.56139805,88.367033,22.561876400000003,88.36757,0,kol,Kolkata,2026-09-01T02:52:30.633641Z
ChIJdz70XmB3AjoRo5uWpKVT6LE,SHAKAHARI HINDU HOTEL,places,en,322,22.56139805,88.367033,22.560488400000004,88.3675913,0,kol,Kolkata,2026-09-01T02:52:30.633649Z
ChIJvbQVMvl2AjoROP8LflGPWNg,Bamdeb,places,en,322,22.56139805,88.367033,22.560335499999997,88.3678403,0,kol,Kolkata,2026-09-01T02:52:30.633657Z
ChIJ4YLIwkB3AjoRQE0TlnGcVhI,Govinda's Canteen,places,en,322,22.56139805,88.367033,22.5627547,88.367212,0,kol,Kolkata,2026-09-01T02:52:30.633664Z
ChIJ3_iyq0V3AjoRv8WZKn8cMMM,Lazeez Biryani,places,en,322,22.56139805,88.367033,22.5606166,88.36835320000002,0,kol,Kolkata,2026-09-01T02:52:30.633671Z
ChIJd41qfwB3AjoRC5KOfJUfweo,Bhar Pet,places,en,322,22.56139805,88.367033,22.5602244,88.3680602,0,kol,Kolkata,2026-09-01T02:52:30.633678Z
ChIJGXvNQgd3AjoRv2srNOfBfqc,Wok N Fork,places,en,322,22.56139805,88.367033,22.5608544,88.3686111,0,kol,Kolkata,2026-09-01T02:52:30.633685Z
ChIJSV9shgZ3AjoRLRtBxyTalDQ,Oh My Kebab,places,en,322,22.56139805,88.367033,22.5608491,88.3686427,0,kol,Kolkata,2026-09-01T02:52:30.633693Z
ChIJUeafFZx3AjoRgg5YBC_WkHU,LYADHKHOR,places,en,322,22.56139805,88.367033,22.5605483,88.3656153,0,kol,Kolkata,2026-09-01T02:52:30.633700Z
ChIJvRxBskB3AjoRmmxyWXBFadE,Annapurna,places,en,322,22.56139805,88.367033,22.5600748,88.3680528,0,kol,Kolkata,2026-09-01T02:52:30.633707Z
ChIJR6KJMfl2AjoRp-cfPnu_XB8,Vaishnab Stores,places,en,322,22.56139805,88.367033,22.560026999999998,88.36806589999999,0,kol,Kolkata,2026-09-01T02:52:30.633715Z
ChIJB0Uvdxp3AjoRz4A31uNuIZs,The Biryani Syndicate,places,en,322,22.56139805,88.367033,22.560052499999998,88.3682144,0,kol,Kolkata,2026-09-01T02:52:30.633722Z
ChIJ3Qch3Ap3AjoRN-QaxHAF7Tw,Best Momo,places,en,322,22.56139805,88.367033,22.5599298,88.3680502,0,kol,Kolkata,2026-09-01T02:52:30.633730Z
ChIJ4U--l6V3AjoRMUnXZJP09B4,Area cafe,places,en,322,22.56139805,88.367033,22.5600606,88.3682579,0,kol,Kolkata,2026-09-01T02:52:30.633737Z
ChIJURLQsvh2AjoRDglIR_mG_uc,Radha Govinda Hindu Hotel,places,en,322,22.56139805,88.367033,22.563143699999998,88.3676401,0,kol,Kolkata,2026-09-01T02:52:30.633745Z
ChIJdSipATl3AjoRDFoh58AZzPA,Shonar Ranna,places,en,323,22.571355949999997,88.37552965,22.5716085,88.37435049999999,0,kol,Kolkata,2026-09-01T02:52:30.965824Z
ChIJ3VbqeIV3AjoRLfZBmALgPOg,KITCHEN ghor - Home Delivery,places,en,325,22.5940848,88.36950775,22.5943382,88.3696409,0,kol,Kolkata,2026-09-01T02:52:31.758311Z
ChIJXXAvEyB3AjoRX_FvyTw89fM,The Rowak's,places,en,325,22.5940848,88.36950775,22.593807599999998,88.36960549999999,0,kol,Kolkata,2026-09-01T02:52:31.758355Z
ChIJ1alVegB3AjoRQW4BmrXiWAk,Kolkata Rajbari-Hatibagan,places,en,325,22.5940848,88.36950775,22.594518900000004,88.36947099999999,0,kol,Kolkata,2026-09-01T02:52:31.758367Z
ChIJlSlkrjB2AjoRKx8MWrJOA1Q,Gaytri Fast Food Centre,places,en,325,22.5940848,88.36950775,22.5946963,88.36969839999999,0,kol,Kolkata,2026-09-01T02:52:31.758376Z
ChIJi9yrVwB3AjoRsNOWouqfYOg,NABARUCHI TELEBHAJA (PURE VEG.),places,en,325,22.5940848,88.36950775,22.5947447,88.3694958,0,kol,Kolkata,2026-09-01T02:52:31.758383Z
ChIJY02nFjR3AjoRkMFkGAz2WFg,Karim's - Original From Jama Masjid Delhi 6,places,en,325,22.5940848,88.36950775,22.5947736,88.369117,0,kol,Kolkata,2026-09-01T02:52:31.758390Z
ChIJy0xAIDZ3AjoR-tNJL6Q5ktc,Rimi Hotel,places,en,325,22.5940848,88.36950775,22.5949389,88.3696585,0,kol,Kolkata,2026-09-01T02:52:31.758398Z
ChIJmznC_q53AjoRLBnVWwPjudU,THE BERIAN PILAO,places,en,325,22.5940848,88.36950775,22.594873099999997,88.3699616,0,kol,Kolkata,2026-09-01T02:52:31.758405Z
ChIJg7pOLER3AjoRbaUADBc9s0o,Kolkatar Adda,places,en,325,22.5940848,88.36950775,22.594965,88.37046459999999,0,kol,Kolkata,2026-09-01T02:52:31.758427Z
ChIJBQCI9AN3AjoRcDyjaQdalBw,Sk Altamas Hossain,places,en,326,22.536998500000003,88.3272103,22.5370308,88.3265845,0,kol,Kolkata,2026-09-01T02:52:32.131679Z
ChIJ4xYBamp3AjoRCROyTP2HKOo,Al habibi chicken meat shop,places,en,326,22.536998500000003,88.3272103,22.536537499999998,88.3265066,0,kol,Kolkata,2026-09-01T02:52:32.131720Z
ChIJ5-IC3od3AjoRZ9eC67hLWH4,The Burger House,places,en,326,22.536998500000003,88.3272103,22.5369101,88.3262074,0,kol,Kolkata,2026-09-01T02:52:32.131732Z
ChIJvWdoB193AjoRyE7PodvZiXU,MATKA BIRYANI,places,en,326,22.536998500000003,88.3272103,22.5366379,88.3258939,0,kol,Kolkata,2026-09-01T02:52:32.131741Z
ChIJ1RzLePR3AjoRqf8dKAz3KOk,TORAN by Baklava Box,places,en,326,22.536998500000003,88.3272103,22.535697799999998,88.3271954,0,kol,Kolkata,2026-09-01T02:52:32.131750Z
ChIJixb8aN53AjoRCnTgZBRK44c,88 Street,places,en,326,22.536998500000003,88.3272103,22.5365725,88.3258413,0,kol,Kolkata,2026-09-01T02:52:32.131757Z
ChIJrRh83A93AjoRflxPccV4pu0,Buns N Burger,places,en,326,22.536998500000003,88.3272103,22.5366432,88.3258128,0,kol,Kolkata,2026-09-01T02:52:32.131764Z
ChIJrapP7VB3AjoRt9P9RqNqNj0,The Crunch Factory,places,en,326,22.536998500000003,88.3272103,22.5378074,88.3255719,0,kol,Kolkata,2026-09-01T02:52:32.131771Z
ChIJNesgIr93AjoRDpaCp1k2br0,Metro Munch,places,en,326,22.536998500000003,88.3272103,22.5390953,88.32727799999999,0,kol,Kolkata,2026-09-01T02:52:32.131779Z
ChIJk887-W13AjoRl7tDof6YFIo,Sufi's Kitchen,places,en,326,22.536998500000003,88.3272103,22.536854500000004,88.32436919999999,0,kol,Kolkata,2026-09-01T02:52:32.131787Z
ChIJE5uwUx93AjoRhVlfOIrbi80,Joy Maa Tara Fast Food,places,en,327,22.57466685,88.36692195,22.574853,88.3663809,0,kol,Kolkata,2026-09-01T02:52:32.496857Z
ChIJSx4YYgB3AjoRAwwJJwUScTU,GENIE'S CAFE,places,en,327,22.57466685,88.36692195,22.574586,88.3662883,0,kol,Kolkata,2026-09-01T02:52:32.496897Z
ChIJaULbMEZ2AjoRlNQqpaiaphc,Mahal Restaurant,places,en,327,22.57466685,88.36692195,22.575161899999998,88.3657643,0,kol,Kolkata,2026-09-01T02:52:32.496909Z
ChIJ33y_nrJ3AjoRxWxA54B-zFE,Joy Maa Kali Juice Centre,places,en,327,22.57466685,88.36692195,22.575644699999998,88.3657284,0,kol,Kolkata,2026-09-01T02:52:32.496920Z
ChIJpzfOBs53AjoRg5qbDd54mVk,CHANDAN SNACKS STALL,places,en,327,22.57466685,88.36692195,22.5756676,88.36566839999999,0,kol,Kolkata,2026-09-01T02:52:32.496930Z
ChIJNYqFTgB3AjoRrvVadRDPezI,Hotel,places,en,327,22.57466685,88.36692195,22.573691699999998,88.3656417,0,kol,Kolkata,2026-09-01T02:52:32.496937Z
ChIJ92NMgld3AjoRkWBHAdOG5Hw,Royal Empire Biryani,places,en,327,22.57466685,88.36692195,22.5734523,88.365891,0,kol,Kolkata,2026-09-01T02:52:32.496945Z
ChIJC08t-FJ2AjoRQ4zThLaFSlM,Gunjan Chinese Food,places,en,327,22.57466685,88.36692195,22.573435399999997,88.36584739999999,0,kol,Kolkata,2026-09-01T02:52:32.496952Z
ChIJz9kDuhN3AjoRnpoMYUWRCck,PRIYANKA FAST FOOD CENTER,places,en,327,22.57466685,88.36692195,22.575739199999997,88.3654609,0,kol,Kolkata,2026-09-01T02:52:32.496962Z
ChIJP9TSylN2AjoRLfcvd9C0_Lc,Kalika,places,en,327,22.57466685,88.36692195,22.573024699999998,88.3662658,0,kol,Kolkata,2026-09-01T02:52:32.496973Z
ChIJk4jDTVJ2AjoRgz0ZHkZN2AY,New Royal Biryani,places,en,327,22.57466685,88.36692195,22.573178799999997,88.3658189,0,kol,Kolkata,2026-09-01T02:52:32.496980Z
ChIJsXPznVt3AjoR8O_1rB1yG4U,Mithurani Maiti,places,en,327,22.57466685,88.36692195,22.5733955,88.3655275,0,kol,Kolkata,2026-09-01T02:52:32.496987Z
ChIJ6athd8R3AjoRf2SbB8yvBiI,UDAY MAHATO AND BROTHERS,places,en,329,22.52602915,88.36226450000001,22.525418100000003,88.3619547,0,kol,Kolkata,2026-09-01T02:52:33.257018Z
ChIJJyZx1jt3AjoRbM-uaT5iAS0,KRISHMIN'Z,places,en,329,22.52602915,88.36226450000001,22.525545899999997,88.36330710000001,0,kol,Kolkata,2026-09-01T02:52:33.257059Z
ChIJzQFT1td2AjoRnY8rVSmnhBQ,Michael Tea Stall,places,en,329,22.52602915,88.36226450000001,22.526068000000002,88.3634636,0,kol,Kolkata,2026-09-01T02:52:33.257067Z
ChIJET8lYWp3AjoRP87zHjtmYmk,Canteen,places,en,329,22.52602915,88.36226450000001,22.5271068,88.3628162,0,kol,Kolkata,2026-09-01T02:52:33.257073Z
ChIJAQAAfCZ3AjoRgPKHawrSTG4,Nu Wan Li,places,en,329,22.52602915,88.36226450000001,22.525278099999998,88.361227,0,kol,Kolkata,2026-09-01T02:52:33.257078Z
ChIJyye-c4N3AjoRF80TihSrlys,Chinese Kitchen,places,en,329,22.52602915,88.36226450000001,22.525957899999998,88.363826,0,kol,Kolkata,2026-09-01T02:52:33.257084Z
ChIJ73FU_tR3AjoRYrM4ha_3Ab4,Subhas Hotel,places,en,329,22.52602915,88.36226450000001,22.527467899999998,88.36314329999999,0,kol,Kolkata,2026-09-01T02:52:33.257089Z
ChIJ1diSib13AjoR3hS1gdTyMyE,Chao - Deliciously Pan Asian,places,en,329,22.52602915,88.36226450000001,22.5274519,88.3610848,0,kol,Kolkata,2026-09-01T02:52:33.257094Z
ChIJTyCfvNd2AjoRmuJfbjBcyf4,JOHNNIE & GINGER,places,en,329,22.52602915,88.36226450000001,22.5262527,88.3645691,0,kol,Kolkata,2026-09-01T02:52:33.257099Z
ChIJ3d3Pj8R3AjoR1SfIR59eLKI,Lucknowi Lazzeez,places,en,329,22.52602915,88.36226450000001,22.5261726,88.3598428,0,kol,Kolkata,2026-09-01T02:52:33.257105Z
ChIJlYZGarV3AjoRQX_rraAfIWc,Punjabi Funda,places,en,329,22.52602915,88.36226450000001,22.5259762,88.3597309,0,kol,Kolkata,2026-09-01T02:52:33.257110Z
ChIJQa8kotd2AjoReFWjxqT_HCI,Spice Kraft,places,en,329,22.52602915,88.36226450000001,22.5263857,88.36478939999999,0,kol,Kolkata,2026-09-01T02:52:33.257116Z
ChIJdx-0-lB3AjoRPFUvFWkCZDU,PABAN FOOD CENTER,places,en,330,22.562865000000002,88.3590784,22.5629982,88.35884779999999,0,kol,Kolkata,2026-09-01T02:52:33.606241Z
ChIJryj7kwB3AjoRG7Jn56rqa2E,EMPIRE RESTAURANT & BAR,places,en,330,22.562865000000002,88.3590784,22.5626404,88.3592755,0,kol,Kolkata,2026-09-01T02:52:33.606281Z
ChIJZ-z8CY53AjoRQxDi5qAxz18,FISH-TISH,places,en,330,22.562865000000002,88.3590784,22.5626762,88.3594387,0,kol,Kolkata,2026-09-01T02:52:33.606292Z
ChIJex1paAB3AjoRy6oUFn4WjFo,S.O.P.C Canteen,places,en,330,22.562865000000002,88.3590784,22.562908099999998,88.3594906,0,kol,Kolkata,2026-09-01T02:52:33.606300Z
ChIJLcIiZK53AjoRMFd0eXMhgJ8,Maharaja Roll Centre,places,en,330,22.562865000000002,88.3590784,22.5631581,88.358617,0,kol,Kolkata,2026-09-01T02:52:33.606309Z
ChIJ4ZaQ_Dp3AjoRp-YSi7JS-bM,Wellington more roll shop,places,en,330,22.562865000000002,88.3590784,22.563028499999998,88.3581031,0,kol,Kolkata,2026-09-01T02:52:33.606318Z
ChIJU8nB0QB3AjoR21m0_LVw8js,Arun Cabin,places,en,330,22.562865000000002,88.3590784,22.5618263,88.3581722,0,kol,Kolkata,2026-09-01T02:52:33.606325Z
ChIJW2hL2gB3AjoR0FH0AE_3K58,Jagannath Bhojonalaya,places,en,330,22.562865000000002,88.3590784,22.561463900000003,88.35893970000001,0,kol,Kolkata,2026-09-01T02:52:33.606332Z
ChIJVYo62gB3AjoRBP6z6DSTXBI,Rudras Kitchen,places,en,330,22.562865000000002,88.3590784,22.561455199999997,88.35893610000001,0,kol,Kolkata,2026-09-01T02:52:33.606339Z
ChIJvw_D0QB3AjoRdUuuRamtADQ,CABIN FAST FOOD,places,en,330,22.562865000000002,88.3590784,22.561562,88.3583216,0,kol,Kolkata,2026-09-01T02:52:33.606346Z
ChIJHTXu1ex3AjoRb3uXC5-cQiQ,Lalita Hotel,places,en,330,22.562865000000002,88.3590784,22.5616427,88.3580595,0,kol,Kolkata,2026-09-01T02:52:33.606364Z
ChIJmw9z0gB3AjoRwMs57ULPqqQ,Angithi,places,en,330,22.562865000000002,88.3590784,22.561752,88.35786,0,kol,Kolkata,2026-09-01T02:52:33.606372Z
ChIJU3Lz2wB3AjoRn_IN_w3FR1s,Coffee With Love,places,en,330,22.562865000000002,88.3590784,22.561229299999997,88.3589028,0,kol,Kolkata,2026-09-01T02:52:33.606379Z
ChIJXTJfJWF3AjoRskVPocP-6oc,New Arsalan Biryani,places,en,330,22.562865000000002,88.3590784,22.561371299999998,88.3582943,0,kol,Kolkata,2026-09-01T02:52:33.606386Z
ChIJO3PXRAB3AjoRrJlIyfscThk,Rangeela Hotel,places,en,330,22.562865000000002,88.3590784,22.5614678,88.35780179999999,0,kol,Kolkata,2026-09-01T02:52:33.606393Z
ChIJgyLJaQd3AjoRSMKVorT9te4,AkantoApon,places,en,330,22.562865000000002,88.3590784,22.5629264,88.3570226,0,kol,Kolkata,2026-09-01T02:52:33.606400Z
ChIJiV4caeF3AjoRShjaYiXuTtg,Bishu Tea & Snacks,places,en,330,22.562865000000002,88.3590784,22.5610752,88.3599023,0,kol,Kolkata,2026-09-01T02:52:33.606407Z
ChIJQQkkLgd3AjoRn5WYAPbqJAY,Shree Shaw Snacks & Sweets,places,en,330,22.562865000000002,88.3590784,22.5615125,88.357478,0,kol,Kolkata,2026-09-01T02:52:33.606414Z
ChIJu5SBk5V3AjoR7RdxOetaAHg,KHAN BIRYANI,places,en,330,22.562865000000002,88.3590784,22.561523899999997,88.3574201,0,kol,Kolkata,2026-09-01T02:52:33.606421Z
ChIJQWE2s9N3AjoRgsPWIoWXPac,Mexi-To-Go,places,en,331,22.55015435,88.35916470000001,22.54984,88.3581956,0,kol,Kolkata,2026-09-01T02:52:33.951545Z
ChIJmaxBLgB3AjoRdGTiVdeIgks,Idli dosa boiled egg and amlet,places,en,331,22.55015435,88.35916470000001,22.5490533,88.3583404,0,kol,Kolkata,2026-09-01T02:52:33.951582Z
ChIJgRKoBvJ3AjoR1zB9e4Pavew,Kolkata Spice Restaurant,places,en,331,22.55015435,88.35916470000001,22.5488853,88.3578584,0,kol,Kolkata,2026-09-01T02:52:33.951598Z
ChIJyVbTjTB3AjoRHJERXPufDTs,ANKKH,places,en,331,22.55015435,88.35916470000001,22.548274499999998,88.3586631,0,kol,Kolkata,2026-09-01T02:52:33.951607Z
ChIJt-rEQnl3AjoRKje5QFaqJng,Blue Seeds,places,en,331,22.55015435,88.35916470000001,22.5482658,88.3586638,0,kol,Kolkata,2026-09-01T02:52:33.951615Z
ChIJ7U1hTht3AjoRZNFMiA1ewS8,Ashrafia Fast Food,places,en,331,22.55015435,88.35916470000001,22.5518338,88.3580573,0,kol,Kolkata,2026-09-01T02:52:33.951624Z
ChIJnRk_Uxx3AjoRk6dRkHddrYk,Midnight Bites,places,en,331,22.55015435,88.35916470000001,22.5483656,88.36028139999999,0,kol,Kolkata,2026-09-01T02:52:33.951632Z
ChIJE4IjcQB3AjoRo61mAWT508g,Ömer zurna purnanın favroi dürümcüsü,places,en,331,22.55015435,88.35916470000001,22.5486871,88.36074579999999,0,kol,Kolkata,2026-09-01T02:52:33.951640Z
ChIJDxl22Vp3AjoRWdrZcWfx9XU,Hasty Tasty,places,en,331,22.55015435,88.35916470000001,22.5479989,88.3594529,0,kol,Kolkata,2026-09-01T02:52:33.951648Z
ChIJVww-FwV3AjoRuoJH342xNHg,The Food King,places,en,331,22.55015435,88.35916470000001,22.5520988,88.35808639999999,0,kol,Kolkata,2026-09-01T02:52:33.951656Z
ChIJWSzLX7-d-DkRTY5JwDpTcqY,BOB Bites On Break,places,en,332,22.59873885,88.366035,22.599143899999998,88.3660566,0,kol,Kolkata,2026-09-01T02:52:34.382678Z
ChIJ-0OeCgB3AjoRWhgi_xxKVv8,Piper star Ashraf biryani,places,en,332,22.59873885,88.366035,22.5986655,88.3668574,0,kol,Kolkata,2026-09-01T02:52:34.382718Z
ChIJO1CSewB3AjoRYgsuiWOpm2A,Md Akbar,places,en,332,22.59873885,88.366035,22.5986655,88.3668574,0,kol,Kolkata,2026-09-01T02:52:34.382728Z
ChIJsexnu-t3AjoRfQ20abSQ0IU,Spice and Slice,places,en,332,22.59873885,88.366035,22.5986655,88.3668574,0,kol,Kolkata,2026-09-01T02:52:34.382737Z
ChIJsemnHjJ2AjoR3BSuwLq1zic,Dey's Inn,places,en,332,22.59873885,88.366035,22.5988786,88.36719389999999,0,kol,Kolkata,2026-09-01T02:52:34.382744Z
ChIJwaLbWEp3AjoRpkvbQQpNgUk,BOB Bites On Break,places,en,332,22.59873885,88.366035,22.5995053,88.3651081,0,kol,Kolkata,2026-09-01T02:52:34.382751Z
ChIJl7cNjQZ3AjoR3jyQy-bdbyU,SHAW TEA AND SNACKS,places,en,332,22.59873885,88.366035,22.5997995,88.3666246,0,kol,Kolkata,2026-09-01T02:52:34.382759Z
ChIJs1TmtKt3AjoRhLhXMEILTo0,Food Flavours,places,en,332,22.59873885,88.366035,22.597482499999998,88.3659163,0,kol,Kolkata,2026-09-01T02:52:34.382767Z
ChIJ380yFNl3AjoRodPm3eMo2Hs,ANOKHA BIRYANI,places,en,332,22.59873885,88.366035,22.5999557,88.3663503,0,kol,Kolkata,2026-09-01T02:52:34.382774Z
ChIJBVVQDwB3AjoRnDOzHYFo3-c,MAMA’s kitchen,places,en,332,22.59873885,88.366035,22.6000004,88.36609969999999,0,kol,Kolkata,2026-09-01T02:52:34.382782Z
ChIJAbaZfy12AjoRw6PmedjBOk0,Chicken Hub,places,en,332,22.59873885,88.366035,22.5997862,88.3652379,0,kol,Kolkata,2026-09-01T02:52:34.382789Z
ChIJu2oGfm53AjoRbQtbq-S_02Q,MAGNET,places,en,332,22.59873885,88.366035,22.598875200000002,88.36744259999999,0,kol,Kolkata,2026-09-01T02:52:34.382796Z
ChIJV1Cd56t3AjoRhBKnLPoVHzI,TASTE OF HONG KONG,places,en,332,22.59873885,88.366035,22.6000716,88.3668264,0,kol,Kolkata,2026-09-01T02:52:34.382803Z
ChIJPeud8S12AjoRo9XqT10usmE,Olio Chinese Restaurant,places,en,332,22.59873885,88.366035,22.6000937,88.3668112,0,kol,Kolkata,2026-09-01T02:52:34.382811Z
ChIJ1QcMPAB3AjoR0qM2dqpPSFE,Fish & More Fries,places,en,332,22.59873885,88.366035,22.599645199999998,88.3646491,0,kol,Kolkata,2026-09-01T02:52:34.382818Z
ChIJB3iZLJp3AjoR-8nvuGTpCQw,Cafe lovers' Den,places,en,332,22.59873885,88.366035,22.5969879,88.3662062,0,kol,Kolkata,2026-09-01T02:52:34.382829Z
ChIJn78jSzJ2AjoRvTWBsCLcSSA,Indrani's Momo,places,en,332,22.59873885,88.366035,22.596851599999997,88.3662737,0,kol,Kolkata,2026-09-01T02:52:34.382839Z
ChIJDWX9lVx3AjoROuf4j_kw7y0,Ratna Cucina Restaurant,places,en,332,22.59873885,88.366035,22.600465399999997,88.36684129999999,0,kol,Kolkata,2026-09-01T02:52:34.382847Z
ChIJwwLoCgB3AjoRDfjOQCYnyeI,KFC,places,en,333,22.58685845,88.3629302,22.586491799999997,88.362675,0,kol,Kolkata,2026-09-01T02:52:34.755137Z
ChIJy7B9ZSJ3AjoRFpQ7UOjJiH4,"Pizza Hut | Central Avenue, Kolkata",places,en,333,22.58685845,88.3629302,22.5865342,88.3626039,0,kol,Kolkata,2026-09-01T02:52:34.755169Z
ChIJxdwaEgB3AjoRIv3KP6-O0SY,Pardeshi sweets,places,en,333,22.58685845,88.3629302,22.5864159,88.3629354,0,kol,Kolkata,2026-09-01T02:52:34.755179Z
ChIJR-qMH193AjoRNw3dw0WUiNM,The Belgian Waffle Co.,places,en,333,22.58685845,88.3629302,22.586402399999997,88.3629323,0,kol,Kolkata,2026-09-01T02:52:34.755187Z
ChIJg5AVr8F3AjoRzbr7b12X_w0,Fuego & Fusion - Girish Park,places,en,333,22.58685845,88.3629302,22.586397299999998,88.36263819999999,0,kol,Kolkata,2026-09-01T02:52:34.755197Z
ChIJg3fYNLV3AjoRWQKaWNM5-1Q,Wow! Momo,places,en,333,22.58685845,88.3629302,22.586071900000004,88.3627279,0,kol,Kolkata,2026-09-01T02:52:34.755209Z
ChIJTwtkLwB3AjoRnKLZwMJiE9E,Mohit momo,places,en,333,22.58685845,88.3629302,22.586256499999998,88.3615416,0,kol,Kolkata,2026-09-01T02:52:34.755236Z
ChIJuRyUUwB3AjoRNH7XLofNi0c,Golden Fry,places,en,334,22.55504055,88.38576795,22.5534222,88.38713910000001,0,kol,Kolkata,2026-09-01T02:52:35.098191Z
ChIJy2COm8Z3AjoRybur6vw8faE,Tummy Tales Cafe,places,en,334,22.55504055,88.38576795,22.5554842,88.38864129999999,0,kol,Kolkata,2026-09-01T02:52:35.098232Z
ChIJT7E_QCt3AjoRLCeC1jY0t7A,moupriya Service Center,places,en,335,22.5182041,88.35687825,22.5184051,88.35722249999999,0,kol,Kolkata,2026-09-01T02:52:35.443325Z
ChIJnSxRmmR3AjoRrrHytbXtjgc,NITYA STORE,places,en,335,22.5182041,88.35687825,22.5187444,88.35698049999999,0,kol,Kolkata,2026-09-01T02:52:35.443366Z
ChIJz4WgLV93AjoROH1Sf-Csy_w,Jodasankhho Restaurant,places,en,335,22.5182041,88.35687825,22.517854399999997,88.3562504,0,kol,Kolkata,2026-09-01T02:52:35.443376Z
ChIJq6qqYSt3AjoRZj8CGwMmRFk,Hatari Restaurant,places,en,335,22.5182041,88.35687825,22.518468199999997,88.35766749999999,0,kol,Kolkata,2026-09-01T02:52:35.443385Z
ChIJBxhAdBx3AjoRTWOi51ug97M,SANTOSH HOTEL,places,en,335,22.5182041,88.35687825,22.517792099999998,88.3559611,0,kol,Kolkata,2026-09-01T02:52:35.443393Z
ChIJbZaPEAB3AjoRsEODXt-Axbo,Sagar's hotel - সাগরের হোটেল,places,en,335,22.5182041,88.35687825,22.517806,88.3559367,0,kol,Kolkata,2026-09-01T02:52:35.443402Z
ChIJ27c-o993AjoRwVh_5D00z_I,Hong Kong Bistro,places,en,335,22.5182041,88.35687825,22.5175478,88.3576582,0,kol,Kolkata,2026-09-01T02:52:35.443409Z
ChIJf9cYPK93AjoRHNJQEPVitkE,Amore Celebration Restaurant,places,en,335,22.5182041,88.35687825,22.5176063,88.3578431,0,kol,Kolkata,2026-09-01T02:52:35.443416Z
ChIJr6An_Ch3AjoRT2BA5TRFPyY,Hungree Bunny - Fast Food Restaurant in Rash Behari Ave,places,en,335,22.5182041,88.35687825,22.5174569,88.3578046,0,kol,Kolkata,2026-09-01T02:52:35.443424Z
ChIJMczfjrl3AjoRE2gjgVg91sw,Kolkata Rajbari,places,en,335,22.5182041,88.35687825,22.5171173,88.3562142,0,kol,Kolkata,2026-09-01T02:52:35.443431Z
ChIJWUuyYuR3AjoRj78Bsvp_9P4,Barbeque Nation - Kolkata - Lake Mall,places,en,335,22.5182041,88.35687825,22.518328,88.3583165,0,kol,Kolkata,2026-09-01T02:52:35.443438Z
ChIJN6TOVAB3AjoRxC0XCYj8HmM,Chiki Bite,places,en,335,22.5182041,88.35687825,22.5185925,88.3582923,0,kol,Kolkata,2026-09-01T02:52:35.443445Z
ChIJ8YHrHy13AjoR2njI2NLFSyc,Jayati Stores,places,en,335,22.5182041,88.35687825,22.5177603,88.3554451,0,kol,Kolkata,2026-09-01T02:52:35.443452Z
ChIJuZO9eit3AjoRaXqCsGfDkHk,Sankar's Fry,places,en,335,22.5182041,88.35687825,22.518652499999998,88.3584005,0,kol,Kolkata,2026-09-01T02:52:35.443459Z
ChIJ2Xq7NKx3AjoRxR8v71ys9K0,Kwality,places,en,335,22.5182041,88.35687825,22.5184773,88.3585069,0,kol,Kolkata,2026-09-01T02:52:35.443466Z
ChIJn1cBW8B3AjoRo2jQ-8M-QLw,Bengali Sadher Kitchen,places,en,335,22.5182041,88.35687825,22.519164999999997,88.3555112,0,kol,Kolkata,2026-09-01T02:52:35.443474Z
ChIJK7ON35x3AjoR4zsRX-Jgz98,Swadeshi kitchen,places,en,335,22.5182041,88.35687825,22.519164999999997,88.3555112,0,kol,Kolkata,2026-09-01T02:52:35.443484Z
ChIJla0sqep3AjoRN5iSZU1jhgQ,Tangulapark Hotel,places,en,335,22.5182041,88.35687825,22.518252099999998,88.3586424,0,kol,Kolkata,2026-09-01T02:52:35.443491Z
ChIJixs6Oxx3AjoRvQtI51a3bu4,PUNAL FAST FOOD CENTRE,places,en,335,22.5182041,88.35687825,22.518252099999998,88.3586424,0,kol,Kolkata,2026-09-01T02:52:35.443498Z
ChIJ_cUFacB3AjoRwiRuOgX0FzI,Taishi Food Centre,places,en,335,22.5182041,88.35687825,22.518515999999998,88.3586219,0,kol,Kolkata,2026-09-01T02:52:35.443505Z
ChIJ_QBEdwB3AjoRHLQBTUTuY3Q,famous singara chow wonton noodles,places,en,336,22.5477559,88.39187995,22.5476501,88.3917852,0,kol,Kolkata,2026-09-01T02:52:35.890663Z
ChIJO0AaBmR3AjoRyAIqHjjChC4,Itadakimasu | Japanese Cloud Kitchen,places,en,336,22.5477559,88.39187995,22.5479774,88.39209579999999,0,kol,Kolkata,2026-09-01T02:52:35.890698Z
ChIJVYezgYp3AjoRZ7Sfu9nIke4,BALAJI Resturant,places,en,336,22.5477559,88.39187995,22.5476352,88.39149080000001,0,kol,Kolkata,2026-09-01T02:52:35.890704Z
ChIJFxboCQl3AjoRvncOnZXGLM4,Yousen Wonton Noodles (singara chow),places,en,336,22.5477559,88.39187995,22.547422299999997,88.39163219999999,0,kol,Kolkata,2026-09-01T02:52:35.890708Z
ChIJ6TIFyqR3AjoREK1OkduNGGY,Koko Chinese fast food,places,en,336,22.5477559,88.39187995,22.5477816,88.3914616,0,kol,Kolkata,2026-09-01T02:52:35.890712Z
ChIJjS8q7tB3AjoR50-VedMMkTk,"Masi Fast food (wonton noodles,singara noodles)",places,en,336,22.5477559,88.39187995,22.547468199999997,88.3915553,0,kol,Kolkata,2026-09-01T02:52:35.890716Z
ChIJVVVVlbt2AjoRj6yjJOE9POs,Kafulok Bar & Restaurant,places,en,336,22.5477559,88.39187995,22.5473206,88.3920985,0,kol,Kolkata,2026-09-01T02:52:35.890719Z
ChIJeYLXopB2AjoRd2d_P9l7PTs,Sun Shine Restaurant,places,en,336,22.5477559,88.39187995,22.5476244,88.3913324,0,kol,Kolkata,2026-09-01T02:52:35.890722Z
ChIJRe-IppB2AjoRPYu_5Mp4AT8,Dynasty Restaurant,places,en,336,22.5477559,88.39187995,22.5472468,88.3916382,0,kol,Kolkata,2026-09-01T02:52:35.890725Z
ChIJg1t-gpp2AjoR0yrBX7iTlRI,Kim Fa Restaurant,places,en,336,22.5477559,88.39187995,22.547899899999997,88.3913208,0,kol,Kolkata,2026-09-01T02:52:35.890728Z
ChIJXwasmZp2AjoRxYmh1qDEAKI,Shun Li Restaurant,places,en,336,22.5477559,88.39187995,22.5479913,88.3913559,0,kol,Kolkata,2026-09-01T02:52:35.890731Z
ChIJRbSvYpd2AjoRg3bp05O-Y4Y,Ah Leung (Ah Yung),places,en,336,22.5477559,88.39187995,22.5478548,88.3910685,0,kol,Kolkata,2026-09-01T02:52:35.890734Z
ChIJV0u1WQB3AjoRF5P7HEBRCOw,Chinese Restaurant,places,en,336,22.5477559,88.39187995,22.5481524,88.39116899999999,0,kol,Kolkata,2026-09-01T02:52:35.890738Z
ChIJF6N_EIt3AjoR2FA1ckVzx3w,Koji's Asian Kitchen,places,en,336,22.5477559,88.39187995,22.5478414,88.39098399999999,0,kol,Kolkata,2026-09-01T02:52:35.890741Z
ChIJM0PjGQB3AjoRVAEN1TFMuxo,World Cuisine Kol,places,en,336,22.5477559,88.39187995,22.5470015,88.3927542,0,kol,Kolkata,2026-09-01T02:52:35.890744Z
ChIJt0VsgMl3AjoR4gs68QkBVY4,Eatery Restaurant,places,en,336,22.5477559,88.39187995,22.5477831,88.3905807,0,kol,Kolkata,2026-09-01T02:52:35.890747Z
ChIJJStqPK53AjoRXDBk3BezvzE,Kim Pou Restaurant,places,en,336,22.5477559,88.39187995,22.547621900000003,88.3903061,0,kol,Kolkata,2026-09-01T02:52:35.890750Z
ChIJa4etRwB3AjoR4dxj9q20kcY,Somnath Fast Food. Wonton Chow,places,en,336,22.5477559,88.39187995,22.5493912,88.39163719999999,0,kol,Kolkata,2026-09-01T02:52:35.890753Z
ChIJbYy_oSd3AjoRAWcgxc0rPvk,Jessie Yung's Kitchen,places,en,336,22.5477559,88.39187995,22.545828999999998,88.3919705,0,kol,Kolkata,2026-09-01T02:52:35.890756Z
ChIJO-t8eJB2AjoRrqeGOziVPt8,China town,places,en,336,22.5477559,88.39187995,22.5496518,88.39184200000001,0,kol,Kolkata,2026-09-01T02:52:35.890760Z
ChIJtSFwwQl3AjoRAz8Lll12Rbg,Atithi,places,en,337,22.544334499999998,88.36140259999999,22.5441954,88.36069289999999,0,kol,Kolkata,2026-09-01T02:52:36.326778Z
ChIJVXXrIwB3AjoRDsplxvrKe3c,Uttapam - Flavours of South,places,en,337,22.544334499999998,88.36140259999999,22.5440941,88.3622238,0,kol,Kolkata,2026-09-01T02:52:36.326813Z
ChIJGQe6WB53AjoRvwnY-SENREQ,Al - Falah Fast Food,places,en,337,22.544334499999998,88.36140259999999,22.5441814,88.3603747,0,kol,Kolkata,2026-09-01T02:52:36.326824Z
ChIJv1-2TQB3AjoR0Mp7VO1tors,MEZBAN RESTAURANT & CATERERS,places,en,337,22.544334499999998,88.36140259999999,22.544056599999998,88.362402,0,kol,Kolkata,2026-09-01T02:52:36.326831Z
ChIJgw1j9R53AjoREX9Cuam2rNo,Jimmy's Kitchen,places,en,337,22.544334499999998,88.36140259999999,22.5443824,88.36034599999999,0,kol,Kolkata,2026-09-01T02:52:36.326839Z
ChIJRcgH9h53AjoRr75uvI3DAnQ,Sher - e - Punjab,places,en,337,22.544334499999998,88.36140259999999,22.544182799999998,88.3603553,0,kol,Kolkata,2026-09-01T02:52:36.326847Z
ChIJyUZepHNOSIsRK6LNlkK_d_U,Farmhouse 57,places,en,337,22.544334499999998,88.36140259999999,22.5435855,88.360575,0,kol,Kolkata,2026-09-01T02:52:36.326854Z
ChIJiW22cB53AjoR31fkwuqmvdw,Shifa Biryani,places,en,337,22.544334499999998,88.36140259999999,22.545481499999998,88.36126259999999,0,kol,Kolkata,2026-09-01T02:52:36.326861Z
ChIJTR3b9x53AjoRILE7phwKrSg,KINGFISHER,places,en,337,22.544334499999998,88.36140259999999,22.543874199999998,88.36025180000001,0,kol,Kolkata,2026-09-01T02:52:36.326868Z
ChIJt6p7oN93AjoRFhg7rd5Q6DE,Chai Paratha & More,places,en,337,22.544334499999998,88.36140259999999,22.5432254,88.36208909999999,0,kol,Kolkata,2026-09-01T02:52:36.326875Z
ChIJ3zkAWH93AjoRXpj8SahDT-A,Vaccine Bar Cum Restaurant,places,en,337,22.544334499999998,88.36140259999999,22.543200199999998,88.3605968,0,kol,Kolkata,2026-09-01T02:52:36.326884Z
ChIJD7Li0IF3AjoRvFkWOdvxbo8,TRP- The Royal Pipe,places,en,337,22.544334499999998,88.36140259999999,22.542899900000002,88.36110359999999,0,kol,Kolkata,2026-09-01T02:52:36.326891Z
ChIJf0zuoql3AjoRHgeFLPehmN8,Hotel Orion Sapphire,places,en,337,22.544334499999998,88.36140259999999,22.5428806,88.3608917,0,kol,Kolkata,2026-09-01T02:52:36.326898Z
ChIJyeKqc9d3AjoR7k1dmiOlRiU,VIRRUS BAR & RESTAURANT,places,en,337,22.544334499999998,88.36140259999999,22.5427788,88.3612538,0,kol,Kolkata,2026-09-01T02:52:36.326906Z
ChIJxejczJt3AjoRa6yveYxJ8co,Sibani Hindu Hotel,places,en,337,22.544334499999998,88.36140259999999,22.5457796,88.3621905,0,kol,Kolkata,2026-09-01T02:52:36.326915Z
ChIJlVj_rB93AjoRMTyB8Qvbd1w,Fork & Knife,places,en,337,22.544334499999998,88.36140259999999,22.542844199999998,88.3607736,0,kol,Kolkata,2026-09-01T02:52:36.326923Z
ChIJtylOAkl3AjoREDsxEZkzRrE,Zohra's Kitchen,places,en,337,22.544334499999998,88.36140259999999,22.545894399999998,88.36206729999999,0,kol,Kolkata,2026-09-01T02:52:36.326930Z
ChIJGRwiDlJ3AjoR52YEQqlokzE,Shaan Restaurant & Banquet,places,en,337,22.544334499999998,88.36140259999999,22.546131199999998,88.3614542,0,kol,Kolkata,2026-09-01T02:52:36.326937Z
ChIJ_7V1IwB3AjoRUlR0Gcczvwo,Siamton Inn - A Cygnett Collection,places,en,337,22.544334499999998,88.36140259999999,22.5462322,88.3617718,0,kol,Kolkata,2026-09-01T02:52:36.326944Z
ChIJYeHVqfF3AjoRwppaIZgVIf0,Rannaghar,places,en,337,22.544334499999998,88.36140259999999,22.543007700000004,88.3599239,0,kol,Kolkata,2026-09-01T02:52:36.326951Z
ChIJB5mMKzF3AjoRNtxT6T7bPao,Garden Cafe at HAZRA,places,en,338,22.526356200000002,88.3485746,22.524485,88.348874,0,kol,Kolkata,2026-09-01T02:52:36.681914Z
ChIJiRQ8jLV3AjoRsqW2YmAI4aw,"Total Food Mart - Fresh Chicken, Eggs & Veg delights in Hazra",places,en,338,22.526356200000002,88.3485746,22.524530199999997,88.3474043,0,kol,Kolkata,2026-09-01T02:52:36.681967Z
ChIJRzqOUD93AjoRmlqDcgcjY3U,Dicky's Restaurant,places,en,338,22.526356200000002,88.3485746,22.5244316,88.3473509,0,kol,Kolkata,2026-09-01T02:52:36.681985Z
ChIJkaw7a8VxAjoR1BdCJstbwQY,KALPONA SNACKS,places,en,340,22.5109679,88.3425161,22.509807799999997,88.3429527,0,kol,Kolkata,2026-09-01T02:52:37.451465Z
ChIJE5PvVuhxAjoRZWgZewzifQI,subham,places,en,340,22.5109679,88.3425161,22.5107934,88.3443297,0,kol,Kolkata,2026-09-01T02:52:37.451514Z
ChIJqZeTsnRxAjoRvy7S0jH9n-E,RAVINDRA SAW FUCHKA,places,en,340,22.5109679,88.3425161,22.510171699999997,88.3443897,0,kol,Kolkata,2026-09-01T02:52:37.451527Z
ChIJn345Aj53AjoRkW-IoKy00j0,Wakil Shop,places,en,343,22.53690195,88.36920835000001,22.537115099999998,88.3695477,0,kol,Kolkata,2026-09-01T02:52:38.564092Z
ChIJzSvwBNJ3AjoR0LgXAWSsPOI,Maa Kali Mistanna Bhandar,places,en,345,22.52256355,88.3609134,22.5214441,88.361423,0,kol,Kolkata,2026-09-01T02:52:39.334152Z
ChIJHxOUu6R3AjoR-oQsdlDOibA,Shiso Miso,places,en,345,22.52256355,88.3609134,22.5216586,88.35928469999999,0,kol,Kolkata,2026-09-01T02:52:39.334200Z
ChIJfVsM28p3AjoR6CBxd8TzajE,MAA TARA FOOD CORNER,places,en,345,22.52256355,88.3609134,22.5220001,88.35894499999999,0,kol,Kolkata,2026-09-01T02:52:39.334210Z
ChIJF2UZFUh3AjoR9_B1ZQ993zo,Peking,places,en,345,22.52256355,88.3609134,22.52233,88.3584898,0,kol,Kolkata,2026-09-01T02:52:39.334219Z
ChIJweiVRSp3AjoRgN_Gn9eXCKo,Bhojohori Manna,places,en,345,22.52256355,88.3609134,22.520322099999998,88.3610458,0,kol,Kolkata,2026-09-01T02:52:39.334227Z
ChIJ0dy5WCl3AjoR7O4JVo1Ugbc,Hope Cafe,places,en,345,22.52256355,88.3609134,22.522256300000002,88.3584894,0,kol,Kolkata,2026-09-01T02:52:39.334235Z
ChIJ9SasSCp3AjoRYmFcSPR0P3M,Kasturi Restaurant,places,en,345,22.52256355,88.3609134,22.5202556,88.3608991,0,kol,Kolkata,2026-09-01T02:52:39.334242Z
ChIJN2xRcSp3AjoRaJN4dhoIG7k,Barista - Hindustan Road,places,en,345,22.52256355,88.3609134,22.5202699,88.3615609,0,kol,Kolkata,2026-09-01T02:52:39.334251Z
ChIJ1w-EQ8F1AjoRPYKADBD9Nvs,The Steak and Grill,places,en,345,22.52256355,88.3609134,22.520102299999998,88.36065459999999,0,kol,Kolkata,2026-09-01T02:52:39.334259Z
ChIJYTmXuPx3AjoRMhJtBTaVStA,RAJU FOOD CORNER,places,en,345,22.52256355,88.3609134,22.5218565,88.3582588,0,kol,Kolkata,2026-09-01T02:52:39.334265Z
ChIJqQfFJQ93AjoRzo14c4Jh7do,Dulcie Dubai,places,en,345,22.52256355,88.3609134,22.5199116,88.3613116,0,kol,Kolkata,2026-09-01T02:52:39.334277Z
ChIJTeZPEgB3AjoRTjs4AAQtdYw,KFC,places,en,346,22.5430233,88.38553085000001,22.5414979,88.38681389999999,0,kol,Kolkata,2026-09-01T02:52:39.687921Z
ChIJtfXkHQCd-DkR9f5-mTnqAUE,Kusum rolls,places,en,347,22.6181312,88.38249145,22.618804700000002,88.3812315,0,kol,Kolkata,2026-09-01T02:52:40.111900Z
ChIJjeZ6bQ-d-DkRZXd6n6zWXAQ,Deli Bread,places,en,347,22.6181312,88.38249145,22.6193934,88.3831194,0,kol,Kolkata,2026-09-01T02:52:40.111942Z
ChIJ5bdmwtmd-DkRKpNtnohBwaU,Monginis Cake Shop,places,en,347,22.6181312,88.38249145,22.6187765,88.3808135,0,kol,Kolkata,2026-09-01T02:52:40.111953Z
ChIJfdsIc6ed-DkRAxRiFkO65e8,Maa Tara Chicken Center,places,en,347,22.6181312,88.38249145,22.6189191,88.3808684,0,kol,Kolkata,2026-09-01T02:52:40.111961Z
ChIJDXnJC0ad-DkRRgR0SpY6TAo,SFC - Subham's Fried Chicken,places,en,347,22.6181312,88.38249145,22.6188274,88.3806634,0,kol,Kolkata,2026-09-01T02:52:40.111970Z
ChIJWcvFzg15AjoRGo3GCZ0ZPho,The foodies center/ Shanti'r paratha & ghugni shop,places,en,348,22.54361815,88.27879745,22.541895999999998,88.2792693,0,kol,Kolkata,2026-09-01T02:52:40.519889Z
ChIJR6EoU-t5AjoRuTaqWQyoK_o,Mustak Biryani,places,en,348,22.54361815,88.27879745,22.541935499999997,88.2775827,0,kol,Kolkata,2026-09-01T02:52:40.519933Z
ChIJ8R7XcwB3AjoRFm4SHB_hua4,SAND WICH HIT,places,en,349,22.5709567,88.34617295000001,22.571458699999997,88.3466499,0,kol,Kolkata,2026-09-01T02:52:40.871744Z
ChIJf-gKF6R3AjoRuNkz-MOElDs,Biryani House,places,en,349,22.5709567,88.34617295000001,22.571432299999998,88.3467506,0,kol,Kolkata,2026-09-01T02:52:40.871790Z
ChIJyWXwkBp3AjoROxF6vi3w6ec,Charcoal Kebaberie,places,en,349,22.5709567,88.34617295000001,22.5713726,88.3469624,0,kol,Kolkata,2026-09-01T02:52:40.871803Z
ChIJp7lz02N3AjoRxnEQ7PApXSo,Shahi Biriyani,places,en,349,22.5709567,88.34617295000001,22.5714085,88.3469847,0,kol,Kolkata,2026-09-01T02:52:40.871810Z
ChIJgTNvv6N3AjoR4Z0Q7YRXhoI,Food Booth Sip And Bite,places,en,349,22.5709567,88.34617295000001,22.571441999999998,88.346988,0,kol,Kolkata,2026-09-01T02:52:40.871819Z
ChIJhbHj7KN3AjoRCDaa1ol-OfE,Basant Bhojnalaya,places,en,349,22.5709567,88.34617295000001,22.571441999999998,88.34698809999999,0,kol,Kolkata,2026-09-01T02:52:40.871827Z
ChIJ-Z3rlKN3AjoRLjuX0BLbLro,Anamika Eating House,places,en,349,22.5709567,88.34617295000001,22.5713002,88.34726769999999,0,kol,Kolkata,2026-09-01T02:52:40.871834Z
ChIJt23wsa13AjoRXCG6GRCGLBQ,AMS Food,places,en,349,22.5709567,88.34617295000001,22.5712861,88.3473329,0,kol,Kolkata,2026-09-01T02:52:40.871842Z
ChIJHeibwqF3AjoRf0f24nLxs-c,The Sugar & Spice,places,en,349,22.5709567,88.34617295000001,22.569414300000002,88.3460557,0,kol,Kolkata,2026-09-01T02:52:40.871848Z
ChIJTwOe7rJ3AjoR4WVpvq_h7OY,The Gastronome Restaurant,places,en,349,22.5709567,88.34617295000001,22.5726115,88.3457631,0,kol,Kolkata,2026-09-01T02:52:40.871862Z
ChIJ6dihsL53AjoRNwoJw7HOBV4,Maa Sitla Tea Shop,places,en,349,22.5709567,88.34617295000001,22.5724643,88.3450146,0,kol,Kolkata,2026-09-01T02:52:40.871873Z
ChIJZ79cnKZ3AjoRv43p3T2Ctgk,Limelight Restaurant & Bar,places,en,349,22.5709567,88.34617295000001,22.5706876,88.3483873,0,kol,Kolkata,2026-09-01T02:52:40.871885Z
ChIJ-00IIAB3AjoRyGO0uAj_Z4E,Roti Rasoi,places,en,350,22.5744604,88.39489155,22.574845699999997,88.39637499999999,0,kol,Kolkata,2026-09-01T02:52:41.217701Z
ChIJT_x4Wf13AjoRkO4cMjccK5s,idlyGo Xpress,places,en,351,22.586149650000003,88.3627168,22.5863791,88.36139589999999,0,kol,Kolkata,2026-09-01T02:52:41.644888Z
ChIJL6_BUAB3AjoRBKQHFBZud8k,Galaxy The Sky Lounge,places,en,353,22.537392150000002,88.3543453,22.537903,88.3526529,0,kol,Kolkata,2026-09-01T02:52:42.356102Z
ChIJRwwu-ul3AjoRGT2f9ToF8vg,PRATIMA ENTERPRISE,places,en,353,22.537392150000002,88.3543453,22.5381911,88.3527032,0,kol,Kolkata,2026-09-01T02:52:42.356148Z
ChIJjy96FMZ3AjoRZ6zPqm06t6o,The Rolling Folks,places,en,353,22.537392150000002,88.3543453,22.537900999999998,88.3521095,0,kol,Kolkata,2026-09-01T02:52:42.356160Z
ChIJbze5QgB3AjoRmibnUZMhKKI,The Chaat Centre,places,en,353,22.537392150000002,88.3543453,22.5360886,88.3523354,0,kol,Kolkata,2026-09-01T02:52:42.356169Z
ChIJQRaKgTx3AjoRctmL_hjRMPQ,Nick N Nack,places,en,353,22.537392150000002,88.3543453,22.5361516,88.35215720000001,0,kol,Kolkata,2026-09-01T02:52:42.356177Z
ChIJ04thpMZ3AjoR5Srr03jNQrE,Kolkata Khichuri,places,en,354,22.5400271,88.34704055,22.5397026,88.3467532,0,kol,Kolkata,2026-09-01T02:52:42.746387Z
ChIJVeRWLB13AjoRFKHSprFogwI,Shawarma Kingdom,places,en,354,22.5400271,88.34704055,22.540502,88.34723249999999,0,kol,Kolkata,2026-09-01T02:52:42.746433Z
ChIJ17rcSJJ3AjoRg8EC3yZcIvY,Noodle Mee,places,en,354,22.5400271,88.34704055,22.539524399999998,88.3472015,0,kol,Kolkata,2026-09-01T02:52:42.746444Z
ChIJ1T4XOOZ3AjoRLHoArVGYzxs,Jagnnath Dhaba,places,en,354,22.5400271,88.34704055,22.5406299,88.3471229,0,kol,Kolkata,2026-09-01T02:52:42.746459Z
ChIJq2Kjhyp3AjoRwip7G7hZoCk,Just 99,places,en,355,22.5190437,88.36246165,22.518896899999998,88.3624269,0,kol,Kolkata,2026-09-01T02:52:43.142451Z
ChIJf0pp5NR2AjoRhsLrQ0A1McE,Bedouin Sher E Bengal Restaurant,places,en,355,22.5190437,88.36246165,22.518948899999998,88.36264949999999,0,kol,Kolkata,2026-09-01T02:52:43.142492Z
ChIJu-zKf7p3AjoRghoDo_eHXcY,Vinod kumar,places,en,355,22.5190437,88.36246165,22.5188405,88.36195579999999,0,kol,Kolkata,2026-09-01T02:52:43.142504Z
ChIJNbjNKDV3AjoROZV0qCOP0vU,Greenella Ventures LLP,places,en,355,22.5190437,88.36246165,22.5194299,88.36283730000001,0,kol,Kolkata,2026-09-01T02:52:43.142512Z
ChIJI60ojKR3AjoRMC3zgFeLLbk,Baomian Cafe & Restaurant,places,en,355,22.5190437,88.36246165,22.5194559,88.3628754,0,kol,Kolkata,2026-09-01T02:52:43.142521Z
ChIJvwYxyNR2AjoRIWQa8c5lRF4,Indthalia,places,en,355,22.5190437,88.36246165,22.5185908,88.3618642,0,kol,Kolkata,2026-09-01T02:52:43.142528Z
ChIJ64nUg9V2AjoR9EuszLyN2fM,Campari Kolkata,places,en,355,22.5190437,88.36246165,22.519442599999998,88.3631199,0,kol,Kolkata,2026-09-01T02:52:43.142536Z
ChIJi2cdNnx3AjoRoU2gxBbQ04k,Roastery coffee house ! Kolkata,places,en,355,22.5190437,88.36246165,22.5182932,88.3627753,0,kol,Kolkata,2026-09-01T02:52:43.142543Z
ChIJSd9aPtV2AjoRqU5XbAzm1DE,Calcutta South India Club,places,en,355,22.5190437,88.36246165,22.5182874,88.36298269999999,0,kol,Kolkata,2026-09-01T02:52:43.142554Z
ChIJa0Ci8cZ3AjoROCvPR5OMICw,CLUB AERIES - SKYBAR & KITCHEN,places,en,355,22.5190437,88.36246165,22.519198499999998,88.3614542,0,kol,Kolkata,2026-09-01T02:52:43.142562Z
ChIJy0bZo_B3AjoRBSlAPyRjKyM,Remo's The Coffee Shop & Global Bistro,places,en,355,22.5190437,88.36246165,22.519811999999998,88.3630973,0,kol,Kolkata,2026-09-01T02:52:43.142570Z
ChIJfcsRoF53AjoR-cNrxrUHhSo,Only Oriental,places,en,355,22.5190437,88.36246165,22.5198789,88.36306979999999,0,kol,Kolkata,2026-09-01T02:52:43.142579Z
ChIJyZU6ld53AjoR1KqqH94ampQ,Masir Hotel,places,en,355,22.5190437,88.36246165,22.5187692,88.3613704,0,kol,Kolkata,2026-09-01T02:52:43.142587Z
ChIJC5rKRgB3AjoRenO9EAvceOM,Olio - The Wood Fired Pizzeria,places,en,355,22.5190437,88.36246165,22.518677099999998,88.3613427,0,kol,Kolkata,2026-09-01T02:52:43.142596Z
ChIJC2JvK9Z3AjoRMP2dACRW2Ko,On Daa Wok ( Da Wwok),places,en,355,22.5190437,88.36246165,22.5201237,88.3627592,0,kol,Kolkata,2026-09-01T02:52:43.142603Z
ChIJdzg-JzN3AjoRncdaE2pLcHU,Mingle Taste The Best,places,en,355,22.5190437,88.36246165,22.518853999999997,88.36124199999999,0,kol,Kolkata,2026-09-01T02:52:43.142611Z
ChIJXRsCPwp3AjoRTxP6Dt4YR_4,Bong fry,places,en,355,22.5190437,88.36246165,22.519996199999998,88.3632987,0,kol,Kolkata,2026-09-01T02:52:43.142620Z
ChIJId0fnNV2AjoRLt45AN_8JDw,New China Town Kolkata,places,en,355,22.5190437,88.36246165,22.5195067,88.36370269999999,0,kol,Kolkata,2026-09-01T02:52:43.142628Z
ChIJARHteVJ3AjoRkG8gCaOiuBg,Ramjee Fuchaka Shop,places,en,358,22.52289715,88.34649405,22.5235384,88.34610939999999,0,kol,Kolkata,2026-09-01T02:52:44.193596Z
ChIJCSi16zZ3AjoR_7xTh-MB84M,TASTE OF CHENNAI,places,en,358,22.52289715,88.34649405,22.5236652,88.34690359999999,0,kol,Kolkata,2026-09-01T02:52:44.193642Z
ChIJ43Fii8RwAjoRUTAnBvy3LBE,FOODFORU FRESH FOOD DELIVERY,places,en,359,22.5006852,88.3479808,22.5000186,88.35007379999999,0,kol,Kolkata,2026-09-01T02:52:44.532265Z
ChIJKeynd39xAjoRb_qJfOQUHM0,LAXMI GANESH,places,en,360,22.51095975,88.34273345,22.5108823,88.3455267,0,kol,Kolkata,2026-09-01T02:52:44.886080Z
ChIJCZQumgRxAjoRyVwHa2Jn6qw,Tifin Box,places,en,360,22.51095975,88.34273345,22.5108093,88.34553100000001,0,kol,Kolkata,2026-09-01T02:52:44.886113Z
ChIJAQCkfPp2AjoRcxGbokDeRmI,Karim's,places,en,361,22.559779650000003,88.37040735,22.559742699999997,88.37082869999999,0,kol,Kolkata,2026-09-01T02:52:45.319437Z
ChIJfTXHfKt3AjoRbMdf33bZNho,Kzar Corporate Hotel Near Sealdah Railway station,places,en,361,22.559779650000003,88.37040735,22.5597794,88.3710874,0,kol,Kolkata,2026-09-01T02:52:45.319480Z
ChIJd_oLc-x3AjoR9nqgsrgJM9I,Vande Bharat Biryani.,places,en,361,22.559779650000003,88.37040735,22.55991,88.36896109999999,0,kol,Kolkata,2026-09-01T02:52:45.319490Z
ChIJUejybVF2AjoRKGb_aIDEtSE,Ayesh,places,en,362,22.5712804,88.3697044,22.5714859,88.3701799,0,kol,Kolkata,2026-09-01T02:52:45.667606Z
ChIJeQ_fcAB3AjoR90FoWi6M4KQ,Mini Fast Food,places,en,362,22.5712804,88.3697044,22.5711968,88.37108420000001,0,kol,Kolkata,2026-09-01T02:52:45.667670Z
ChIJTa5hwAR3AjoRlZEdC7BU__Y,Rohu's Kitchen,places,en,363,22.573221,88.3996657,22.5736496,88.3988081,0,kol,Kolkata,2026-09-01T02:52:46.016764Z
ChIJD0jLSAB3AjoRzw7IRNAhYF4,Khabar - the eatery,places,en,363,22.573221,88.3996657,22.573347899999998,88.4011728,0,kol,Kolkata,2026-09-01T02:52:46.016812Z
ChIJ1UMObJl3AjoRHte09Mzz6sI,SKETCH the Cafe,places,en,363,22.573221,88.3996657,22.5741761,88.401392,0,kol,Kolkata,2026-09-01T02:52:46.016825Z
ChIJZ2SXEhx3AjoR_9Tufh2VAnM,Elite Feastt,places,en,363,22.573221,88.3996657,22.575457600000004,88.4000812,0,kol,Kolkata,2026-09-01T02:52:46.016833Z
ChIJcQfSeMd1AjoRbHOfl0BkTso,Raas Manch I,places,en,363,22.573221,88.3996657,22.5731008,88.402131,0,kol,Kolkata,2026-09-01T02:52:46.016841Z
ChIJq9TGJvR3AjoREMzpNvUSoAM,The Corporate Hotel,places,en,363,22.573221,88.3996657,22.574858199999998,88.40141679999999,0,kol,Kolkata,2026-09-01T02:52:46.016848Z
ChIJi_fJYJR3AjoRnHPE98NbXeE,Kreamz Cakes & More,places,en,363,22.573221,88.3996657,22.570883199999997,88.3997612,0,kol,Kolkata,2026-09-01T02:52:46.016855Z
ChIJuyKxZsB3AjoRIi_JojoCisc,SNACKS POINT,places,en,363,22.573221,88.3996657,22.570883199999997,88.3997612,0,kol,Kolkata,2026-09-01T02:52:46.016863Z
ChIJO2Zyim92AjoRWnklloeADf0,K.K's Fusion Lounge and Bar,places,en,363,22.573221,88.3996657,22.5710353,88.4009246,0,kol,Kolkata,2026-09-01T02:52:46.016871Z
ChIJ2z8hWXl2AjoR5SgdyUGe5gk,BEER REPUBLIC KOLKATA,places,en,363,22.573221,88.3996657,22.571030999999998,88.40118729999999,0,kol,Kolkata,2026-09-01T02:52:46.016878Z
ChIJg0wtOwB3AjoRZAr5hWfkp1o,Raja Chicken Shop,places,en,364,22.53150255,88.3826542,22.531128799999998,88.3838638,0,kol,Kolkata,2026-09-01T02:52:46.423112Z
ChIJscaDYz93AjoRSQpiomrk7R4,Dough&Co.,places,en,364,22.53150255,88.3826542,22.5311307,88.3839067,0,kol,Kolkata,2026-09-01T02:52:46.423153Z
ChIJrbtszzR3AjoRmRw8CqvD3wQ,Mintu Fast Food,places,en,364,22.53150255,88.3826542,22.532772599999998,88.3834025,0,kol,Kolkata,2026-09-01T02:52:46.423167Z
ChIJocLb66h3AjoRdJFvCa0uSsY,Gulam Sarwar Fast Food,places,en,364,22.53150255,88.3826542,22.532870100000004,88.38343359999999,0,kol,Kolkata,2026-09-01T02:52:46.423175Z
ChIJoZxCbNR3AjoROHnAPbtKOVI,Snacks,places,en,364,22.53150255,88.3826542,22.530274199999997,88.3840797,0,kol,Kolkata,2026-09-01T02:52:46.423189Z
ChIJxfd1LLZ3AjoRlhXMqEKUXSo,Mr.Cook,places,en,364,22.53150255,88.3826542,22.5309055,88.38481349999999,0,kol,Kolkata,2026-09-01T02:52:46.423198Z
ChIJe8o_8Ml3AjoRXWlFuFzxn4w,Alvi Kitchen,places,en,364,22.53150255,88.3826542,22.5310244,88.3849109,0,kol,Kolkata,2026-09-01T02:52:46.423209Z
ChIJMSYJrzZ3AjoRM76-RrY5vNw,Sadiah Fast Food,places,en,364,22.53150255,88.3826542,22.5310369,88.38491979999999,0,kol,Kolkata,2026-09-01T02:52:46.423216Z
ChIJ237Brbl2AjoRAAAA0FK53nc,Shahid Pervez,places,en,364,22.53150255,88.3826542,22.530706,88.3849236,0,kol,Kolkata,2026-09-01T02:52:46.423225Z
ChIJGbzBiMl3AjoRUbh8qagDZck,Hari Senpati,places,en,364,22.53150255,88.3826542,22.5303583,88.38477460000001,0,kol,Kolkata,2026-09-01T02:52:46.423233Z
ChIJ2X5L_8d3AjoRlqquVd_aHmQ,Zorain tasty bites,places,en,364,22.53150255,88.3826542,22.5298932,88.38438839999999,0,kol,Kolkata,2026-09-01T02:52:46.423240Z
ChIJL5lPqrt3AjoRiKIcds8M2XY,Kolkata hazi biriyani,places,en,365,22.604115399999998,88.39010005,22.6058798,88.3883501,0,kol,Kolkata,2026-09-01T02:52:46.811544Z
ChIJEbj8iSNxAjoRxBAuG5FWw3o,Priya tiffin center,places,en,366,22.51099815,88.32898510000001,22.5119906,88.32932489999999,0,kol,Kolkata,2026-09-01T02:52:47.167552Z
ChIJ1zwN7MpxAjoR-5CT8JG4fFA,The Belgian Waffle Co,places,en,366,22.51099815,88.32898510000001,22.5121407,88.3290741,0,kol,Kolkata,2026-09-01T02:52:47.167595Z
ChIJQf-Mb6xwAjoRc-al6p0RaBI,Gupta Brothers New Alipore (Food Court),places,en,366,22.51099815,88.32898510000001,22.5122443,88.3289133,0,kol,Kolkata,2026-09-01T02:52:47.167608Z
ChIJ2Xk14-5xAjoRQ1cBWw5SGy0,WINNI CAKES AND MORE,places,en,366,22.51099815,88.32898510000001,22.5117631,88.3300972,0,kol,Kolkata,2026-09-01T02:52:47.167617Z
ChIJc8JCeABxAjoR2W0ip-YG2k4,"Momo Streat - Dimsum Dumplings, New Alipore",places,en,366,22.51099815,88.32898510000001,22.5117397,88.3301268,0,kol,Kolkata,2026-09-01T02:52:47.167625Z
ChIJGTwbfFN3AjoREOyFj0G_24M,Lucky Chinese Restaurant / লাকি চাইনিজ রেস্তোরাঁ / लकी चाइनीज रेस्तरां,places,en,369,22.5444739,88.38685860000001,22.542777599999997,88.3887887,0,kol,Kolkata,2026-09-01T02:52:48.266778Z
ChIJse1VLddxAjoRFcWPRwPbMFY,Arunita restaurant,places,en,370,22.50583235,88.32449235,22.5042151,88.32413939999999,0,kol,Kolkata,2026-09-01T02:52:48.615240Z
ChIJCQcWMtF3AjoRkrFNiaHY3gM,A One Hotel and Restaurant,places,en,371,22.5900166,88.39162164999999,22.5913388,88.3926709,0,kol,Kolkata,2026-09-01T02:52:49.063110Z
ChIJq4f0mw12AjoRLl75KMtN6Gk,Southini,places,en,371,22.5900166,88.39162164999999,22.5913373,88.3926757,0,kol,Kolkata,2026-09-01T02:52:49.063152Z
ChIJSQowZg12AjoRAAAAsBq1LWU,Restaurant,places,en,371,22.5900166,88.39162164999999,22.5913908,88.3926796,0,kol,Kolkata,2026-09-01T02:52:49.063167Z
ChIJK_oKVD53AjoRdCx1ljhUKmA,idlyGo Xpress,places,en,371,22.5900166,88.39162164999999,22.591721699999997,88.3922886,0,kol,Kolkata,2026-09-01T02:52:49.063176Z
ChIJ0XtSjw12AjoRhX5ffFKpUOQ,South Indian Fast Food,places,en,371,22.5900166,88.39162164999999,22.5916884,88.3923926,0,kol,Kolkata,2026-09-01T02:52:49.063185Z
ChIJg1396h13AjoRNwx7MLCoux8,SAG KITCHEN,places,en,371,22.5900166,88.39162164999999,22.5907999,88.3935013,0,kol,Kolkata,2026-09-01T02:52:49.063197Z
ChIJ0SvTxlB2AjoRwx__WcGMj_U,Chalar Pothe Chokher Khide,places,en,372,22.5709018,88.37126135,22.570926099999998,88.37110179999999,0,kol,Kolkata,2026-09-01T02:52:49.499736Z
ChIJqfLhC-h3AjoR-AkXVJFuYvw,T S FAST FOOD,places,en,372,22.5709018,88.37126135,22.5708266,88.3714232,0,kol,Kolkata,2026-09-01T02:52:49.499777Z
ChIJKUEFkGV3AjoRoeEd9TS_G94,Gaya Muslim Hotel,places,en,372,22.5709018,88.37126135,22.5709277,88.3710596,0,kol,Kolkata,2026-09-01T02:52:49.499787Z
ChIJaULbMEZ2AjoRTC98n7JhxF0,Atithi Fast Food,places,en,372,22.5709018,88.37126135,22.5711565,88.3711737,0,kol,Kolkata,2026-09-01T02:52:49.499796Z
ChIJm7jgVNB3AjoR-1FIu1z6gac,Hand Bread Shop,places,en,372,22.5709018,88.37126135,22.5706083,88.371528,0,kol,Kolkata,2026-09-01T02:52:49.499807Z
ChIJk9PUOEx3AjoRWFbmAd-0l9s,EGG STORE,places,en,372,22.5709018,88.37126135,22.5715261,88.37175549999999,0,kol,Kolkata,2026-09-01T02:52:49.499814Z
ChIJkdRWZql3AjoRiQilgUjRgEo,S.F.C SAIF FRIED CHICKEN,places,en,372,22.5709018,88.37126135,22.5715261,88.37175549999999,0,kol,Kolkata,2026-09-01T02:52:49.499821Z
ChIJGXmSScV3AjoR_84yRB9DzJU,Ashoka Hotel,places,en,372,22.5709018,88.37126135,22.570107500000002,88.370678,0,kol,Kolkata,2026-09-01T02:52:49.499828Z
ChIJE5TW4VZ2AjoReW9jq7-y3Ng,Station Cafe,places,en,372,22.5709018,88.37126135,22.5698148,88.3705456,0,kol,Kolkata,2026-09-01T02:52:49.499838Z
ChIJO9S11FB2AjoRJae2N6JWsmQ,TURMERIC FOOD SERVICES,places,en,372,22.5709018,88.37126135,22.5695987,88.3704635,0,kol,Kolkata,2026-09-01T02:52:49.499845Z
ChIJGbTJFwB3AjoROc1IoYfISLU,Sri Ram Niramish Hotel,places,en,372,22.5709018,88.37126135,22.5696996,88.3699968,0,kol,Kolkata,2026-09-01T02:52:49.499855Z
ChIJ6a92kx53AjoREjbiGGCIwG8,Shree Ram Hotel Pure veg Without Onion and Garlic,places,en,372,22.5709018,88.37126135,22.569768999999997,88.3699106,0,kol,Kolkata,2026-09-01T02:52:49.499862Z
ChIJd8PmOQB3AjoRzBaojED3wCQ,Zakir bhai food stall,places,en,372,22.5709018,88.37126135,22.5693944,88.3703963,0,kol,Kolkata,2026-09-01T02:52:49.499869Z
ChIJYaqw1VZ2AjoRR0WweAU8tp0,Maa Tara Hotel,places,en,372,22.5709018,88.37126135,22.5697223,88.3698989,0,kol,Kolkata,2026-09-01T02:52:49.499876Z
ChIJA2QtHgB3AjoRoSyCM5_7CeE,Kiran sawtal,places,en,372,22.5709018,88.37126135,22.5696722,88.37000929999999,0,kol,Kolkata,2026-09-01T02:52:49.499883Z
ChIJS_CXY0h3AjoRcJ9xWD2Uikc,The Global Spoon,places,en,373,22.54410025,88.34761710000001,22.5445645,88.34809709999999,0,kol,Kolkata,2026-09-01T02:52:49.847978Z
ChIJa0kFMvN3AjoRkDj29qPG5F8,Nymerah,places,en,373,22.54410025,88.34761710000001,22.545012399999997,88.3479983,0,kol,Kolkata,2026-09-01T02:52:49.848019Z
ChIJEWKdmRZ3AjoREQiC90ZHW5s,Ridhi Sidhi,places,en,373,22.54410025,88.34761710000001,22.5436828,88.3487432,0,kol,Kolkata,2026-09-01T02:52:49.848029Z
ChIJMy_zJ153AjoRY-gD601XSYo,Master Jackie,places,en,373,22.54410025,88.34761710000001,22.5427985,88.3479933,0,kol,Kolkata,2026-09-01T02:52:49.848038Z
ChIJOXpzrhZ3AjoRLXOppJlYkPo,Maya Ram,places,en,373,22.54410025,88.34761710000001,22.545139799999998,88.34900139999999,0,kol,Kolkata,2026-09-01T02:52:49.848050Z
ChIJAxWiXtp3AjoRO4XB0laT8eQ,"6 Ballygunge Place, Chowringhee",places,en,373,22.54410025,88.34761710000001,22.5424798,88.34754799999999,0,kol,Kolkata,2026-09-01T02:52:49.848058Z
ChIJFyR-CN93AjoRaVwNaK-Lq4k,Food quest,places,en,373,22.54410025,88.34761710000001,22.5453547,88.3490128,0,kol,Kolkata,2026-09-01T02:52:49.848068Z
ChIJawLhsBZ3AjoRA8Z2fgHzdiM,Street food restaurant,places,en,373,22.54410025,88.34761710000001,22.545323399999997,88.34919939999999,0,kol,Kolkata,2026-09-01T02:52:49.848079Z
ChIJ09_k7RZ3AjoRq7y7kWd6o8c,Tejpal Hospitality,places,en,373,22.54410025,88.34761710000001,22.5437081,88.3497084,0,kol,Kolkata,2026-09-01T02:52:49.848089Z
ChIJmV-9yhZ3AjoRkPC7GcUtprc,Sip & Sandwich,places,en,373,22.54410025,88.34761710000001,22.545958199999998,88.3492576,0,kol,Kolkata,2026-09-01T02:52:49.848107Z
ChIJpcyxtSR2AjoRVn1c1ZvO-uo,Pradip Tea Stall,places,en,374,22.6001316,88.376441,22.6000883,88.3763908,0,kol,Kolkata,2026-09-01T02:52:50.200947Z
ChIJ31RALr93AjoRxxy0hAtxJJo,Calcutta House,places,en,374,22.6001316,88.376441,22.6003099,88.3752755,0,kol,Kolkata,2026-09-01T02:52:50.200990Z
ChIJqw0yDfF3AjoR2nzNiFk3fnI,CRAVINGS.CO,places,en,374,22.6001316,88.376441,22.5991252,88.3758774,0,kol,Kolkata,2026-09-01T02:52:50.201000Z
ChIJyddYLQB3AjoRUA-R_R29NMg,Streetoz,places,en,374,22.6001316,88.376441,22.598657,88.3768636,0,kol,Kolkata,2026-09-01T02:52:50.201009Z
ChIJt75uUR93AjoRDg4uFQaUqkY,Muskan Haji briyani,places,en,374,22.6001316,88.376441,22.5994028,88.37444930000001,0,kol,Kolkata,2026-09-01T02:52:50.201017Z
ChIJsRCYL853AjoRbYqkVbuggts,লাবণ্য'র হেঁসেল (Labanya's Henshel),places,en,374,22.6001316,88.376441,22.6013752,88.3746098,0,kol,Kolkata,2026-09-01T02:52:50.201029Z
ChIJ477Wb9F3AjoR9GDTduBTfuQ,Thakurer tele bhaja,places,en,374,22.6001316,88.376441,22.5979937,88.37710059999999,0,kol,Kolkata,2026-09-01T02:52:50.201044Z
ChIJ1XLmVQR3AjoReDoFAx2Qw4Q,Chow Me,places,en,374,22.6001316,88.376441,22.6015375,88.3745857,0,kol,Kolkata,2026-09-01T02:52:50.201052Z
ChIJ7VvTwA53AjoRyAOP7aLJsoM,Foodistan,places,en,374,22.6001316,88.376441,22.600761799999997,88.37413839999999,0,kol,Kolkata,2026-09-01T02:52:50.201060Z
ChIJxRGNZWh3AjoR88ca39LLf8U,Khai Khai Food Bistro,places,en,374,22.6001316,88.376441,22.5993894,88.3741416,0,kol,Kolkata,2026-09-01T02:52:50.201066Z
ChIJ71CM1RZ3AjoR_-vbzIcpoDg,Biryani Shop,places,en,374,22.6001316,88.376441,22.5979995,88.3773014,0,kol,Kolkata,2026-09-01T02:52:50.201073Z
ChIJTWzdVAB3AjoRPBg3V6P3t-A,Munna Da Roll Chowmin,places,en,374,22.6001316,88.376441,22.5980039,88.3774321,0,kol,Kolkata,2026-09-01T02:52:50.201081Z
ChIJDdOjB0N3AjoRWMmYFAh30jg,Chatterjee's Royal Cafe,places,en,374,22.6001316,88.376441,22.6009138,88.3740837,0,kol,Kolkata,2026-09-01T02:52:50.201089Z
ChIJl4Qx9uR3AjoR9skiORqSQkM,Bawarchi Bites,places,en,374,22.6001316,88.376441,22.6011091,88.3741235,0,kol,Kolkata,2026-09-01T02:52:50.201098Z
ChIJRdIQRYF3AjoRXkgcstjEHeI,Siddheswari Roll Corner (Since 1985),places,en,374,22.6001316,88.376441,22.601401199999998,88.374281,0,kol,Kolkata,2026-09-01T02:52:50.201106Z
ChIJn_3MIDt3AjoRrngVL69Zwf0,TAWAZO,places,en,375,22.547740400000002,88.38247245,22.5483933,88.3827158,0,kol,Kolkata,2026-09-01T02:52:50.618808Z
ChIJV2ITNzd3AjoR7THAdkdTPXQ,Al Habib Restaurant,places,en,375,22.547740400000002,88.38247245,22.5470063,88.3830531,0,kol,Kolkata,2026-09-01T02:52:50.618851Z
ChIJ-91MLiJ3AjoR_I_LjSHq5kA,New Arsalan Biryani,places,en,375,22.547740400000002,88.38247245,22.548372999999998,88.3816049,0,kol,Kolkata,2026-09-01T02:52:50.618861Z
ChIJ7e1cCAB3AjoRaH4O29iTfZg,Aaruhi's Kitchen,places,en,375,22.547740400000002,88.38247245,22.5481366,88.3813667,0,kol,Kolkata,2026-09-01T02:52:50.618869Z
ChIJbUd-PgB3AjoR64Z0TsEnSUw,Pagla Tea(Food Court),places,en,375,22.547740400000002,88.38247245,22.5484541,88.381276,0,kol,Kolkata,2026-09-01T02:52:50.618878Z
ChIJF5JfaiB3AjoRSaQmtNYfjv0,Monginis Cake Shop,places,en,375,22.547740400000002,88.38247245,22.548706,88.381445,0,kol,Kolkata,2026-09-01T02:52:50.618885Z
ChIJcwDbKp53AjoREncuWQynsiI,RUNA FOOD JUNCTION,places,en,375,22.547740400000002,88.38247245,22.5486342,88.38111029999999,0,kol,Kolkata,2026-09-01T02:52:50.618894Z
ChIJ6R75XAB3AjoREnVlqeXcuF0,The curry cloud,places,en,375,22.547740400000002,88.38247245,22.5462217,88.3832738,0,kol,Kolkata,2026-09-01T02:52:50.618901Z
ChIJ1a2dTgB3AjoRK-poHnU_B5o,Manohar Pure Veg,places,en,375,22.547740400000002,88.38247245,22.5489258,88.38105420000001,0,kol,Kolkata,2026-09-01T02:52:50.618909Z
ChIJfSEMyux2AjoRrHy7ZdIuWsU,Rohit Momo Centre,places,en,375,22.547740400000002,88.38247245,22.5490665,88.3811612,0,kol,Kolkata,2026-09-01T02:52:50.618917Z
ChIJSy56Mex2AjoRRMy4yuDXktk,LAHIRI'S CHICKEN,places,en,375,22.547740400000002,88.38247245,22.5484548,88.3800497,0,kol,Kolkata,2026-09-01T02:52:50.618924Z
ChIJ6URXB1R3AjoRra0UJhggNrI,AR FAST FOOD,places,en,375,22.547740400000002,88.38247245,22.5500734,88.381757,0,kol,Kolkata,2026-09-01T02:52:50.618930Z
ChIJiy5po713AjoRrW2Zwj3OPKI,Yummy,places,en,375,22.547740400000002,88.38247245,22.5501084,88.38155809999999,0,kol,Kolkata,2026-09-01T02:52:50.618938Z
ChIJLQmIhVl3AjoRnujvHaGG6O0,SARKAR FOOD PLAZA,places,en,375,22.547740400000002,88.38247245,22.550149599999997,88.38159030000001,0,kol,Kolkata,2026-09-01T02:52:50.618946Z
ChIJ_ZIX1kR2AjoR-siP2yoS_kE,Shaheb Biryani,places,en,376,22.575614350000002,88.3773293,22.5761227,88.37580969999999,0,kol,Kolkata,2026-09-01T02:52:51.004662Z
ChIJQzqzCAB3AjoRj2SJHVL1CeU,Just Foodiz,places,en,376,22.575614350000002,88.3773293,22.5762646,88.3756733,0,kol,Kolkata,2026-09-01T02:52:51.004693Z
ChIJQ4-rb1t2AjoRXQsm7QsVq00,Shamim Briyani Center,places,en,376,22.575614350000002,88.3773293,22.576219299999998,88.37560119999999,0,kol,Kolkata,2026-09-01T02:52:51.004697Z
ChIJxRnm61p2AjoR4vpG45GqX4A,Indian Biryani,places,en,376,22.575614350000002,88.3773293,22.575830399999997,88.3754467,0,kol,Kolkata,2026-09-01T02:52:51.004700Z
ChIJb8ScQC13AjoRvPbcBm-8M-8,Nayab foods - (rajabazar),places,en,376,22.575614350000002,88.3773293,22.576295599999998,88.3755573,0,kol,Kolkata,2026-09-01T02:52:51.004703Z
ChIJz9LOxUR2AjoRSpljs3qAMzw,Soldier Biryani,places,en,376,22.575614350000002,88.3773293,22.576802,88.3758515,0,kol,Kolkata,2026-09-01T02:52:51.004706Z
ChIJeRacmn93AjoRqERnoWk2dV4,The Chicken House,places,en,376,22.575614350000002,88.3773293,22.5765885,88.37557559999999,0,kol,Kolkata,2026-09-01T02:52:51.004709Z
ChIJCYwVnZh3AjoRsgZpf8ouO6Q,Delhi Al Bahaar,places,en,376,22.575614350000002,88.3773293,22.5760932,88.3753363,0,kol,Kolkata,2026-09-01T02:52:51.004712Z
ChIJrXM3IBN3AjoR9S6VtdZAgB8,New Adil Biryani center,places,en,376,22.575614350000002,88.3773293,22.576444199999997,88.3754464,0,kol,Kolkata,2026-09-01T02:52:51.004715Z
ChIJh05-HWR3AjoRGPx_sriC4rI,Momos corner,places,en,376,22.575614350000002,88.3773293,22.5771671,88.3760028,0,kol,Kolkata,2026-09-01T02:52:51.004718Z
ChIJAxHnfhl3AjoRQusv45W7ONM,RDSK Tea Shop,places,en,376,22.575614350000002,88.3773293,22.577410999999998,88.3758216,0,kol,Kolkata,2026-09-01T02:52:51.004723Z
ChIJr8kpM0V3AjoRngHH0WtMPKo,Afzal Sandwich and Pizza Centre,places,en,376,22.575614350000002,88.3773293,22.5761686,88.37474399999999,0,kol,Kolkata,2026-09-01T02:52:51.004726Z
ChIJca5a60R2AjoRUMC5GmvR5kY,HFC Halal Fry Chicken,places,en,376,22.575614350000002,88.3773293,22.5778957,88.3760612,0,kol,Kolkata,2026-09-01T02:52:51.004729Z
ChIJ_awslg53AjoR4Kxk_bnTIAY,Rafi GFC,places,en,376,22.575614350000002,88.3773293,22.5774659,88.3753914,0,kol,Kolkata,2026-09-01T02:52:51.004732Z
ChIJvWpTG6J3AjoRsURT0N1WMjI,Munna Fast Food,places,en,377,22.53695015,88.3787701,22.5364362,88.379992,0,kol,Kolkata,2026-09-01T02:52:51.376535Z
ChIJuXD4kKN3AjoRg0maiiKMQl8,Chicken Pyare Kabab,places,en,377,22.53695015,88.3787701,22.5363589,88.3799535,0,kol,Kolkata,2026-09-01T02:52:51.376580Z
ChIJTcVaVx13AjoR4yb0EKa-U4o,Srived Leathers & Textiles,places,en,377,22.53695015,88.3787701,22.5366692,88.3768911,0,kol,Kolkata,2026-09-01T02:52:51.376599Z
ChIJS0DCJQB3AjoRwO-YMfRof0o,HFC,places,en,377,22.53695015,88.3787701,22.5358263,88.380444,0,kol,Kolkata,2026-09-01T02:52:51.376608Z
ChIJdcmh5YV3AjoRG-t-SAQK-uI,Giri Chap,places,en,378,22.599524799999998,88.36114175,22.6001588,88.3606535,0,kol,Kolkata,2026-09-01T02:52:51.729914Z
ChIJL4o2gIF3AjoRzRF0zjsErgk,Chini's Crazy Confection,places,en,378,22.599524799999998,88.36114175,22.600286399999998,88.3604783,0,kol,Kolkata,2026-09-01T02:52:51.729958Z
ChIJb3ALbi93AjoRS2JN2wLI9uY,Kumartully Tea House,places,en,378,22.599524799999998,88.36114175,22.5994669,88.3624069,0,kol,Kolkata,2026-09-01T02:52:51.729969Z
ChIJD8veEQB3AjoRUkJgWFxZvRI,Nandarani Maity Egg Stall Kumartuli,places,en,378,22.599524799999998,88.36114175,22.599384,88.36284839999999,0,kol,Kolkata,2026-09-01T02:52:51.729977Z
ChIJyeeiY-Z3AjoRFeZk1QiHmRw,Rita caterar,places,en,378,22.599524799999998,88.36114175,22.5978207,88.36079989999999,0,kol,Kolkata,2026-09-01T02:52:51.729984Z
ChIJ3QCG5lp3AjoR00Eiz8-Kfu4,Heshel-E-Mon,places,en,378,22.599524799999998,88.36114175,22.5979451,88.3600965,0,kol,Kolkata,2026-09-01T02:52:51.729992Z
ChIJc92eJER3AjoRtfgk7JoTe3Y,Katus Kutus,places,en,378,22.599524799999998,88.36114175,22.6005333,88.3593417,0,kol,Kolkata,2026-09-01T02:52:51.729999Z
ChIJ4cKOKwB3AjoRYXvZFhPHxLY,Chini,places,en,378,22.599524799999998,88.36114175,22.600445999999998,88.359175,0,kol,Kolkata,2026-09-01T02:52:51.730006Z
ChIJnYVLMc13AjoRsNWgl_MSUOg,Ringmo Restaurant,places,en,378,22.599524799999998,88.36114175,22.597727000000003,88.36226099999999,0,kol,Kolkata,2026-09-01T02:52:51.730014Z
ChIJIUyWGwB3AjoR3ivgtAtNYtc,HUNGRY BITES,places,en,378,22.599524799999998,88.36114175,22.597357199999998,88.36092649999999,0,kol,Kolkata,2026-09-01T02:52:51.730021Z
ChIJ2Y24Nc13AjoRQifAoDCLlbE,Kheye Khusi,places,en,378,22.599524799999998,88.36114175,22.5979547,88.362765,0,kol,Kolkata,2026-09-01T02:52:51.730028Z
ChIJs72cNM13AjoRJUOrRHSQQ54,Amantran Restaurant,places,en,378,22.599524799999998,88.36114175,22.5979547,88.362765,0,kol,Kolkata,2026-09-01T02:52:51.730036Z
ChIJrx4jTQB3AjoRpBBxufD66Cs,Biplab Street Food,places,en,378,22.599524799999998,88.36114175,22.6012438,88.3626445,0,kol,Kolkata,2026-09-01T02:52:51.730044Z
ChIJvURrNM13AjoREVPbUJW3tjE,Halder Mahashay,places,en,378,22.599524799999998,88.36114175,22.597592,88.3623928,0,kol,Kolkata,2026-09-01T02:52:51.730051Z
ChIJwVIHpc13AjoRN_XTozNqdrE,TARA MAA FAST FOOD,places,en,378,22.599524799999998,88.36114175,22.597589499999998,88.3598715,0,kol,Kolkata,2026-09-01T02:52:51.730059Z
ChIJC93dM813AjoR17dVqrH0kAM,Tara Ma Chiken Center,places,en,378,22.599524799999998,88.36114175,22.597555,88.36233829999999,0,kol,Kolkata,2026-09-01T02:52:51.730067Z
ChIJbYTXvjd3AjoR2vZ2qKnBOj8,Monginis Cake Shop,places,en,378,22.599524799999998,88.36114175,22.597588299999998,88.3624014,0,kol,Kolkata,2026-09-01T02:52:51.730074Z
ChIJp1wGCsh3AjoRdTkfQ7_lamo,Coco Yum,places,en,378,22.599524799999998,88.36114175,22.599757699999998,88.36362799999999,0,kol,Kolkata,2026-09-01T02:52:51.730081Z
ChIJ7bYNN-B3AjoRW6_HnwrGBcI,Nani Gopal Chatterjee,places,en,378,22.599524799999998,88.36114175,22.597911699999997,88.3629979,0,kol,Kolkata,2026-09-01T02:52:51.730088Z
ChIJUxg5CQB3AjoRVmG6UVeBkGs,Khai Khai Kitchen,places,en,378,22.599524799999998,88.36114175,22.5975045,88.3597432,0,kol,Kolkata,2026-09-01T02:52:51.730095Z
ChIJSWBQCJ2d-DkRIPiOQGBCH08,Indranil's Kitchen and Caterer.,places,en,379,22.6113613,88.37837715,22.612461399999997,88.3758164,0,kol,Kolkata,2026-09-01T02:52:52.170528Z
ChIJpR7rcHWd-DkRP8vWaJq3wuU,Crystal Food Palace,places,en,380,22.62599085,88.38287665,22.625962599999998,88.3828166,0,kol,Kolkata,2026-09-01T02:52:52.577396Z
ChIJ9d9muBx2AjoRa_1_HrU6eB8,Kalika Mistanna Bhandar,places,en,380,22.62599085,88.38287665,22.626071099999997,88.38266109999999,0,kol,Kolkata,2026-09-01T02:52:52.577440Z
ChIJP8v9zJKd-DkRJfWepPngUP8,Order Chicken Online,places,en,380,22.62599085,88.38287665,22.6257,88.3823168,0,kol,Kolkata,2026-09-01T02:52:52.577453Z
ChIJoSH71uyd-DkRDHWXEoR3Fxc,CHINA GREEN CHILLI,places,en,380,22.62599085,88.38287665,22.6268,88.38251059999999,0,kol,Kolkata,2026-09-01T02:52:52.577461Z
ChIJp7alf9Gd-DkRJzyD_pOr3tc,INDOMEXICO,places,en,380,22.62599085,88.38287665,22.6254653,88.3843054,0,kol,Kolkata,2026-09-01T02:52:52.577470Z
ChIJU8FFi8Cd-DkRQVUd8o_Kkfw,Bishu Dar Kochurir Dokan,places,en,380,22.62599085,88.38287665,22.624031499999997,88.3837051,0,kol,Kolkata,2026-09-01T02:52:52.577477Z
ChIJdyaa2Kud-DkRfP5vffkNS0U,The Plantain Leaf,places,en,380,22.62599085,88.38287665,22.6275332,88.3846695,0,kol,Kolkata,2026-09-01T02:52:52.577484Z
ChIJhedis9xxAjoRgTNwGQOdI1o,Groovin' Kolkata,places,en,381,22.504309,88.36726045,22.5046929,88.3673656,0,kol,Kolkata,2026-09-01T02:52:52.957316Z
ChIJIyjc3U1xAjoR5kTiVnP8rfY,Mr. Roll,places,en,381,22.504309,88.36726045,22.504584599999998,88.36695519999999,0,kol,Kolkata,2026-09-01T02:52:52.957358Z
ChIJ9WIGqg1xAjoRGnmcdDSl_tk,Grillnrice,places,en,381,22.504309,88.36726045,22.504781599999998,88.36700429999999,0,kol,Kolkata,2026-09-01T02:52:52.957370Z
ChIJS-5Lo55xAjoRMS1VpdgiL48,The Roll Alley,places,en,381,22.504309,88.36726045,22.504781599999998,88.36700429999999,0,kol,Kolkata,2026-09-01T02:52:52.957379Z
ChIJTwtdVC9xAjoR_V6ncTYM1nk,Monsoon Hut,places,en,381,22.504309,88.36726045,22.504608899999997,88.36779589999999,0,kol,Kolkata,2026-09-01T02:52:52.957389Z
ChIJG7j0igFxAjoRpb_kC_XAqMA,Jimmy's Kitchen,places,en,381,22.504309,88.36726045,22.504953,88.3669798,0,kol,Kolkata,2026-09-01T02:52:52.957397Z
ChIJXz12EUNxAjoR8LGI3gr3J6Y,Hungry Mania,places,en,381,22.504309,88.36726045,22.5051311,88.3673563,0,kol,Kolkata,2026-09-01T02:52:52.957404Z
ChIJLVzltVVxAjoR3W2Rkq0_rsY,Wow! Momo,places,en,381,22.504309,88.36726045,22.5051617,88.36742389999999,0,kol,Kolkata,2026-09-01T02:52:52.957412Z
ChIJjQebCjFxAjoR1JkMmDzQQNo,Suswadu,places,en,381,22.504309,88.36726045,22.505160399999998,88.36708229999999,0,kol,Kolkata,2026-09-01T02:52:52.957420Z
ChIJnbuSkJhxAjoRje-RWL4GOXw,Chennai Express - Jodhpur Park,places,en,381,22.504309,88.36726045,22.505276,88.36703829999999,0,kol,Kolkata,2026-09-01T02:52:52.957428Z
ChIJ19cERwBxAjoRwC3E4R8elds,Qebab Bari,places,en,381,22.504309,88.36726045,22.5053017,88.3669561,0,kol,Kolkata,2026-09-01T02:52:52.957434Z
ChIJp93_NLdxAjoRGlG_FCSK-xM,The Belgian Waffle Co,places,en,381,22.504309,88.36726045,22.5054321,88.3672878,0,kol,Kolkata,2026-09-01T02:52:52.957442Z
ChIJmSA4Z0FxAjoRzr6U8UW4t50,The END Cafe,places,en,381,22.504309,88.36726045,22.5032334,88.3663706,0,kol,Kolkata,2026-09-01T02:52:52.957450Z
ChIJf6CSGaJxAjoRyoN03mreKKo,MADHUBAN RESTAURANT,places,en,381,22.504309,88.36726045,22.5055451,88.3667134,0,kol,Kolkata,2026-09-01T02:52:52.957459Z
ChIJsbYiGwBxAjoR-pgGQ4iIH5s,The Snack Hub (Asian Bistro),places,en,381,22.504309,88.36726045,22.5051523,88.3685539,0,kol,Kolkata,2026-09-01T02:52:52.957466Z
ChIJP9bOHsRxAjoRf5XRxxBve_Q,Calcutta Pi,places,en,381,22.504309,88.36726045,22.50292,88.3666976,0,kol,Kolkata,2026-09-01T02:52:52.957473Z
ChIJ8TTCLQBxAjoR6fdhQD6opC4,Maggwich,places,en,381,22.504309,88.36726045,22.504827,88.36905200000001,0,kol,Kolkata,2026-09-01T02:52:52.957480Z
ChIJWQPhuSpxAjoRoIUyRElSgks,Jashn e Zaika,places,en,381,22.504309,88.36726045,22.5026852,88.36796799999999,0,kol,Kolkata,2026-09-01T02:52:52.957487Z
ChIJP69FRyZxAjoR9qe_z5zUicM,Domino's Pizza,places,en,381,22.504309,88.36726045,22.5027993,88.36607699999999,0,kol,Kolkata,2026-09-01T02:52:52.957493Z
ChIJvWGYyyhxAjoRjhl2_3xBiuM,Hungry Times,places,en,381,22.504309,88.36726045,22.506195599999998,88.3673608,0,kol,Kolkata,2026-09-01T02:52:52.957500Z
ChIJPe_cGdFwAjoR0vTYfBrqxzo,Sholo Ana Bangali,places,en,383,22.50172855,88.3586158,22.5018842,88.3594554,0,kol,Kolkata,2026-09-01T02:52:53.743611Z
ChIJB8Qt69lwAjoRe1zQpbatQVA,Snacking,places,en,383,22.50172855,88.3586158,22.5026293,88.35893399999999,0,kol,Kolkata,2026-09-01T02:52:53.743667Z
ChIJ5T-U4BlxAjoREVxMeIXHWHw,Sharma's Sweets & Snacks,places,en,383,22.50172855,88.3586158,22.5024846,88.35799860000002,0,kol,Kolkata,2026-09-01T02:52:53.743679Z
ChIJB5TXHnpxAjoR1Q-50HhOimE,PAPULAR SNACKS BAR,places,en,383,22.50172855,88.3586158,22.5022724,88.3594885,0,kol,Kolkata,2026-09-01T02:52:53.743687Z
ChIJW2uuIgB3AjoRgGJHvuaGSYM,Icy N Spicy,places,en,384,22.5436203,88.3656826,22.5441601,88.3647556,0,kol,Kolkata,2026-09-01T02:52:54.152624Z
ChIJE2j6MmF3AjoRjGO2Diw6L0o,THE Cafeteria@41B,places,en,384,22.5436203,88.3656826,22.5446177,88.3651385,0,kol,Kolkata,2026-09-01T02:52:54.152670Z
ChIJrV7OKb13AjoRApW4tH-Sms8,Dinesh Bhuja Shop,places,en,387,22.5175234,88.35239580000001,22.517127499999997,88.3520886,0,kol,Kolkata,2026-09-01T02:52:55.201268Z
ChIJ42hoUMZ3AjoRaoO9OQrcIiY,Zeeshan,places,en,387,22.5175234,88.35239580000001,22.5168903,88.3523824,0,kol,Kolkata,2026-09-01T02:52:55.201311Z
ChIJa3P_xSt3AjoRHRVqANuzkos,Calcutta Cabin,places,en,387,22.5175234,88.35239580000001,22.5181976,88.3520589,0,kol,Kolkata,2026-09-01T02:52:55.201322Z
ChIJ_wbDwKp3AjoRyXztWUVW558,Lalu Ki Litti,places,en,387,22.5175234,88.35239580000001,22.5168085,88.3523596,0,kol,Kolkata,2026-09-01T02:52:55.201331Z
ChIJya46Lwl3AjoRh09tbsp8V4Y,Street Food Corner,places,en,387,22.5175234,88.35239580000001,22.5166848,88.35225969999999,0,kol,Kolkata,2026-09-01T02:52:55.201340Z
ChIJhR4NTc1wAjoRMm3hIyCxjx0,Momo Mania,places,en,387,22.5175234,88.35239580000001,22.517702699999997,88.3534135,0,kol,Kolkata,2026-09-01T02:52:55.201352Z
ChIJPT4URqB3AjoRENJfO2H7ykw,Total Daily Chicken - Deshapriya Park,places,en,387,22.5175234,88.35239580000001,22.5183896,88.3529137,0,kol,Kolkata,2026-09-01T02:52:55.201361Z
ChIJNcMdvjJ3AjoRDF_PjP294UE,Tamarind Restaurant,places,en,387,22.5175234,88.35239580000001,22.5184438,88.35193980000001,0,kol,Kolkata,2026-09-01T02:52:55.201368Z
ChIJiXVhSC13AjoR0gp8YsgJZP8,Rao's Udipi Home,places,en,387,22.5175234,88.35239580000001,22.5165809,88.3517222,0,kol,Kolkata,2026-09-01T02:52:55.201378Z
ChIJDYl4OSlxAjoRmxdsoPSP56I,Shampa's Kitchen Jadavpur,places,en,387,22.5175234,88.35239580000001,22.5187138,88.3522046,0,kol,Kolkata,2026-09-01T02:52:55.201385Z
ChIJERWPjqR3AjoRCq8tOASYcm4,MAD Burgers,places,en,387,22.5175234,88.35239580000001,22.518692899999998,88.3516944,0,kol,Kolkata,2026-09-01T02:52:55.201394Z
ChIJectfTc1wAjoRSkrEdv8hyMk,Maharaj Snacks,places,en,387,22.5175234,88.35239580000001,22.5160417,88.3524576,0,kol,Kolkata,2026-09-01T02:52:55.201404Z
ChIJe96YUs1wAjoRk4MTw60d3vI,The Biryani Company,places,en,387,22.5175234,88.35239580000001,22.5160204,88.3524609,0,kol,Kolkata,2026-09-01T02:52:55.201411Z
ChIJazX8QABxAjoRmN93H3pTbJw,KFC,places,en,387,22.5175234,88.35239580000001,22.516004,88.352442,0,kol,Kolkata,2026-09-01T02:52:55.201418Z
ChIJbTBs2fpxAjoRc0xu2z9rimk,The Daily,places,en,387,22.5175234,88.35239580000001,22.5160223,88.352001,0,kol,Kolkata,2026-09-01T02:52:55.201425Z
ChIJv3M553B3AjoRwbIY8Pk8OnI,DESI DHABA,places,en,389,22.5270938,88.37509045,22.528406999999998,88.37550259999999,0,kol,Kolkata,2026-09-01T02:52:55.863446Z
ChIJy9euOop3AjoRGMJMSA2mfwo,Snacks corner,places,en,389,22.5270938,88.37509045,22.5284998,88.37551529999999,0,kol,Kolkata,2026-09-01T02:52:55.863501Z
ChIJtXljAwB3AjoR3T3iQyqW844,ANTHONY'S KITCHEN 2,places,en,389,22.5270938,88.37509045,22.5288358,88.3760281,0,kol,Kolkata,2026-09-01T02:52:55.863513Z
ChIJwbQK8r13AjoRRKeO7NNIG6E,The Punjab eating house,places,en,389,22.5270938,88.37509045,22.528895,88.376048,0,kol,Kolkata,2026-09-01T02:52:55.863522Z
ChIJW7GIHcF2AjoRI6TFiswZ2EY,Dai Interiory,places,en,389,22.5270938,88.37509045,22.527853699999998,88.37748359999999,0,kol,Kolkata,2026-09-01T02:52:55.863533Z
ChIJ5fMddwCd-DkRhPvM_f3HH10,TFC,places,en,391,22.612571000000003,88.3774354,22.612526799999998,88.37571129999999,0,kol,Kolkata,2026-09-01T02:52:56.589441Z
ChIJdxw4rOid-DkRqKtL-3oashs,FIRE FOOD,places,en,391,22.612571000000003,88.3774354,22.6141577,88.376819,0,kol,Kolkata,2026-09-01T02:52:56.589486Z
ChIJhYeejnud-DkRbyskOMC9RQU,BONG PIZZA PAIKPARA,places,en,391,22.612571000000003,88.3774354,22.6145352,88.3779988,0,kol,Kolkata,2026-09-01T02:52:56.589500Z
ChIJ17L_f4md-DkRIiR3mApevRM,Lalta Hotel,places,en,391,22.612571000000003,88.3774354,22.6146809,88.37735839999999,0,kol,Kolkata,2026-09-01T02:52:56.589509Z
ChIJp2C-sCJ2AjoRamsW42d-NWY,Fresh Food Express,places,en,392,22.600465999999997,88.3814565,22.6004531,88.38135129999999,0,kol,Kolkata,2026-09-01T02:52:56.928269Z
ChIJtUaK6FZ3AjoR68nSE4WODeU,Shah Restuarant,places,en,393,22.54483055,88.3653521,22.544823299999997,88.365253,0,kol,Kolkata,2026-09-01T02:52:57.298638Z
ChIJRVNHSJJ3AjoRMra6BlQkJDE,JUST WOW CHINESE FOOD RESTAURANT,places,en,393,22.54483055,88.3653521,22.5450555,88.36551829999999,0,kol,Kolkata,2026-09-01T02:52:57.298684Z
ChIJS2QzJDB3AjoRX3_eFFa6SkI,Rasa Kitchen,places,en,393,22.54483055,88.3653521,22.5445595,88.3647403,0,kol,Kolkata,2026-09-01T02:52:57.298697Z
ChIJb1ZHceF2AjoRhvOrLyguFq8,Rasgulli Biryani,places,en,393,22.54483055,88.3653521,22.545518599999998,88.3657575,0,kol,Kolkata,2026-09-01T02:52:57.298706Z
ChIJEy7zHQB3AjoRfMT4pDeVGYQ,Zunu fast food,places,en,393,22.54483055,88.3653521,22.5455178,88.3657621,0,kol,Kolkata,2026-09-01T02:52:57.298716Z
ChIJof-TluF2AjoRAJbsn5FzOJw,Anokha Baghicha,places,en,393,22.54483055,88.3653521,22.5448721,88.3643749,0,kol,Kolkata,2026-09-01T02:52:57.298725Z
ChIJVf57fgB3AjoRx3bQmaxsSDM,Al Madina,places,en,393,22.54483055,88.3653521,22.545492799999998,88.3660271,0,kol,Kolkata,2026-09-01T02:52:57.298732Z
ChIJqbx22WJ3AjoR7pnySZ94yIQ,Shaheen biryani house,places,en,393,22.54483055,88.3653521,22.5457403,88.3658718,0,kol,Kolkata,2026-09-01T02:52:57.298743Z
ChIJM9eM4q53AjoRCMeur6-LiU4,New lazzat biryani,places,en,393,22.54483055,88.3653521,22.5455665,88.3664405,0,kol,Kolkata,2026-09-01T02:52:57.298757Z
ChIJV1NM-Qh3AjoR_Z94CUsRHro,"Domino's Pizza | Chowringhee Road, Kolkata",places,en,394,22.5545203,88.3500383,22.554202,88.3509663,0,kol,Kolkata,2026-09-01T02:52:57.654053Z
ChIJNYBn8jF3AjoRTgPF_9xCVcQ,Park Street SOCIAL,places,en,394,22.5545203,88.3500383,22.5541859,88.3509684,0,kol,Kolkata,2026-09-01T02:52:57.654098Z
ChIJ-acATgB3AjoRZjKE45oYQPQ,Taco Bell,places,en,394,22.5545203,88.3500383,22.5540219,88.3511429,0,kol,Kolkata,2026-09-01T02:52:57.654109Z
ChIJQafjkfB3AjoReW4vK8qR1JA,Md imran house,places,en,394,22.5545203,88.3500383,22.554142400000003,88.3513541,0,kol,Kolkata,2026-09-01T02:52:57.654118Z
ChIJERZ_Qnp3AjoR5oXZbul9A_s,Imperial Luxury Dining,places,en,394,22.5545203,88.3500383,22.5541098,88.351357,0,kol,Kolkata,2026-09-01T02:52:57.654126Z
ChIJ6RzdBcJ3AjoRDuuUEYfs7dk,Chulha Chowka,places,en,394,22.5545203,88.3500383,22.5541098,88.351357,0,kol,Kolkata,2026-09-01T02:52:57.654133Z
ChIJs63D4dl2AjoRhlBYjtCELbs,Wow! Momo,places,en,396,22.5348804,88.36475055,22.534682999999998,88.365005,0,kol,Kolkata,2026-09-01T02:52:58.445398Z
ChIJlU96Ht92AjoR02M1sgKKLrs,Chai Break - Ballygunge,places,en,396,22.5348804,88.36475055,22.5359324,88.3651472,0,kol,Kolkata,2026-09-01T02:52:58.445439Z
ChIJ0ZmpvvR3AjoRLq-ADDXxmUw,Gupta Brothers Tathastu | Fine Dining Restaurant Ballygunge,places,en,396,22.5348804,88.36475055,22.533706199999997,88.36484019999999,0,kol,Kolkata,2026-09-01T02:52:58.445450Z
ChIJ-5hcAt92AjoRDSOy7u8u064,Tram Deepo,places,en,396,22.5348804,88.36475055,22.5364307,88.3652428,0,kol,Kolkata,2026-09-01T02:52:58.445458Z
ChIJnRDliBV3AjoRYbs9phZ6WVc,Riyasat-e-Hind,places,en,396,22.5348804,88.36475055,22.5368925,88.36509869999999,0,kol,Kolkata,2026-09-01T02:52:58.445466Z
ChIJbYxV3Nh2AjoRA0aYPHhO8OM,Haldiram Food City,places,en,396,22.5348804,88.36475055,22.5328812,88.3649957,0,kol,Kolkata,2026-09-01T02:52:58.445479Z
ChIJtZa8vEZ3AjoRfAsEJjVB9pA,idlygo Xpress,places,en,396,22.5348804,88.36475055,22.5375093,88.36511,0,kol,Kolkata,2026-09-01T02:52:58.445488Z
ChIJ2zi2W2l3AjoRbAndhpBqZwQ,Chinese palace,places,en,396,22.5348804,88.36475055,22.5375357,88.36511300000001,0,kol,Kolkata,2026-09-01T02:52:58.445496Z
ChIJ-5GDHRV3AjoRDPupNol8yyA,Raju's Kitchen,places,en,398,22.54142435,88.34407055,22.5429133,88.3449828,0,kol,Kolkata,2026-09-01T02:52:59.237614Z
ChIJ6w4FjOR3AjoRikgTRbP1NvU,Nandan DalPakora Fry,places,en,398,22.54142435,88.34407055,22.5415575,88.3459716,0,kol,Kolkata,2026-09-01T02:52:59.237657Z
ChIJlbdDWAB3AjoRTEZpO4oNa0Q,Kajuri kitchen,places,en,398,22.54142435,88.34407055,22.5430892,88.3450623,0,kol,Kolkata,2026-09-01T02:52:59.237669Z
ChIJIXIuBgB3AjoRJKR69KKGbQw,Mithilesh Pocket Litti Chokha,places,en,399,22.57613585,88.3598578,22.577775199999998,88.35956829999999,0,kol,Kolkata,2026-09-01T02:52:59.591832Z
ChIJFf3mdxB3AjoRFYsfU2nW01w,Monginis Cake Shop,places,en,399,22.57613585,88.3598578,22.5783293,88.36057079999999,0,kol,Kolkata,2026-09-01T02:52:59.591895Z
