place_id,name,source,lang,cell_idx,query_center_lat,query_center_lon,lat,lon,page,region_id,region_name,collected_at
ChIJIYyUP7mYpTsRNAZjrZqrcx4,SHREYA TIFFINIES,places,en,0,12.337368699999999,76.10649459999999,12.337559599999999,76.10451859999999,0,mys2,Mysuru,2026-08-31T08:57:42.297289Z
ChIJ1dQoBwCZpTsRPieaJ8vKYJc,Utudmane,places,en,0,12.337368699999999,76.10649459999999,12.337601,76.10396899999999,0,mys2,Mysuru,2026-08-31T08:57:42.297300Z
ChIJO19w-2OZpTsRILOLJLZ77EU,Hotel oota da mane ಊಟದ ಮನೆ,places,en,0,12.337368699999999,76.10649459999999,12.3377273,76.1039065,0,mys2,Mysuru,2026-08-31T08:57:42.297304Z
ChIJe6L2RAB7rzsRPIg5VDH6o80,Kalpana Tiffins,places,en,1,12.304042500000001,76.5636028,12.3045507,76.56419980000001,0,mys2,Mysuru,2026-08-31T08:57:42.662666Z
ChIJZSHSJtR7rzsRv76Zp4Zqx64,N s chicken,places,en,1,12.304042500000001,76.5636028,12.3052815,76.5658704,0,mys2,Mysuru,2026-08-31T08:57:42.662676Z
ChIJxfRUQdV7rzsR5RGFNbpOk6M,Eluramma chicken centre,places,en,2,12.2953778,76.5697222,12.295705799999999,76.571067,0,mys2,Mysuru,2026-08-31T08:57:42.967296Z
ChIJdwCZOQ5xrzsRHz_z02KrqyY,Nithi gowdru kundapura fish tawa fry point,places,en,7,12.345184199999998,76.64530765,12.3445852,76.6471949,0,mys2,Mysuru,2026-08-31T08:57:45.588865Z
ChIJY0TPvLBvrzsR06jercaYVEU,Ramamani Idli House,places,en,8,12.287514600000002,76.64830520000001,12.2872688,76.6481378,0,mys2,Mysuru,2026-08-31T08:57:45.900520Z
ChIJAWctKQBvrzsRfO-jG61YafM,OG TRIVENI,places,en,8,12.287514600000002,76.64830520000001,12.2881,76.6478423,0,mys2,Mysuru,2026-08-31T08:57:45.900529Z
ChIJ65WPnxJvrzsRBmAqta8w3O0,MR.EGG,places,en,8,12.287514600000002,76.64830520000001,12.286966699999999,76.64882329999999,0,mys2,Mysuru,2026-08-31T08:57:45.900532Z
ChIJnWmVbgBvrzsR29pf0PdwTO4,Just Churumuri & Chats,places,en,8,12.287514600000002,76.64830520000001,12.2881144,76.6478424,0,mys2,Mysuru,2026-08-31T08:57:45.900534Z
ChIJ4QchQQBvrzsR5pW6a0Jut8w,Adike thatte panipuri,places,en,8,12.287514600000002,76.64830520000001,12.288150000000002,76.6478333,0,mys2,Mysuru,2026-08-31T08:57:45.900536Z
ChIJqduNyf1vrzsR7_dWX1LAH6g,Apoorva Veg Restaurant,places,en,8,12.287514600000002,76.64830520000001,12.288567299999999,76.64838019999999,0,mys2,Mysuru,2026-08-31T08:57:45.900537Z
ChIJmatBpuJvrzsR1488MQbgNqo,Mysore chat's,places,en,8,12.287514600000002,76.64830520000001,12.288074000000002,76.6492835,0,mys2,Mysuru,2026-08-31T08:57:45.900539Z
ChIJdZp5ktZvrzsR9kse5TB78ls,Amul Ice Creams and Cafe,places,en,8,12.287514600000002,76.64830520000001,12.287514499999999,76.6496057,0,mys2,Mysuru,2026-08-31T08:57:45.900541Z
ChIJfR2IbfxvrzsRadyR0W6hU7g,"Shree Mahalakshmi Sweets, Vidyaranyapura",places,en,8,12.287514600000002,76.64830520000001,12.2862104,76.6487503,0,mys2,Mysuru,2026-08-31T08:57:45.900542Z
ChIJaS5_RrhvrzsRGLe9erRNYDw,Foodbox kitchen,places,en,8,12.287514600000002,76.64830520000001,12.2889217,76.6484286,0,mys2,Mysuru,2026-08-31T08:57:45.900544Z
ChIJG-7trP1vrzsRKYUc_N3A1qw,Sri Gayatri Tiffin Room (GTR) - Vegetarian Restaurant,places,en,8,12.287514600000002,76.64830520000001,12.2883166,76.649491,0,mys2,Mysuru,2026-08-31T08:57:45.900546Z
ChIJpb2i_GFvrzsRAB32gC8Tz8o,PRATHAM CHATS,places,en,8,12.287514600000002,76.64830520000001,12.288924399999999,76.64869139999999,0,mys2,Mysuru,2026-08-31T08:57:45.900549Z
ChIJQZ5DU_xvrzsRujVc1m7N95s,Samosa corner,places,en,8,12.287514600000002,76.64830520000001,12.288132,76.6497133,0,mys2,Mysuru,2026-08-31T08:57:45.900551Z
ChIJ2YqiIF9vrzsR_E-LafJLpXA,Brahmin Batter ( Dosa and Idly Batter ) Main Branch,places,en,8,12.287514600000002,76.64830520000001,12.287253399999999,76.6499986,0,mys2,Mysuru,2026-08-31T08:57:45.900553Z
ChIJw9lLpfNvrzsRs27NrB_30EI,Basava's Cafe,places,en,8,12.287514600000002,76.64830520000001,12.2870824,76.6503173,0,mys2,Mysuru,2026-08-31T08:57:45.900554Z
ChIJ_5KmewBvrzsR8rsJHErIMRo,Gundanna churmuri and chats,places,en,8,12.287514600000002,76.64830520000001,12.2854257,76.64842639999999,0,mys2,Mysuru,2026-08-31T08:57:45.900556Z
ChIJwTnyCfxvrzsRRrKDm_ZloYM,Balaji Gobi Corner,places,en,8,12.287514600000002,76.64830520000001,12.2854113,76.64804579999999,0,mys2,Mysuru,2026-08-31T08:57:45.900557Z
ChIJxfbrPqlvrzsRXNYw2Ep41BE,Nagendra Chats Centre,places,en,8,12.287514600000002,76.64830520000001,12.2854054,76.6479884,0,mys2,Mysuru,2026-08-31T08:57:45.900559Z
ChIJ814U5_1vrzsRBLwpa03P9VU,Suman Fast Food,places,en,8,12.287514600000002,76.64830520000001,12.289637599999999,76.6475143,0,mys2,Mysuru,2026-08-31T08:57:45.900560Z
ChIJh6i-E-RvrzsRM8P3be59pdc,Leela Nagendra Vade Stall,places,en,8,12.287514600000002,76.64830520000001,12.286233200000002,76.6502568,0,mys2,Mysuru,2026-08-31T08:57:45.900562Z
ChIJe-YuSZxvrzsRMXFycYe6Cw4,Jayalakshmiramanna,places,en,9,12.2836639,76.65040085,12.2832586,76.65048949999999,0,mys2,Mysuru,2026-08-31T08:57:46.306209Z
ChIJS48hcvtvrzsRgqhY-BlHyW8,Sri Rama Samosa Center,places,en,9,12.2836639,76.65040085,12.2844181,76.6505584,0,mys2,Mysuru,2026-08-31T08:57:46.306216Z
ChIJa_QmUXNvrzsRCFDbuxcDtGM,Rolls Fussion,places,en,9,12.2836639,76.65040085,12.2822268,76.65054080000002,0,mys2,Mysuru,2026-08-31T08:57:46.306218Z
ChIJFe3R7OhvrzsRdkINd5PwAqU,Vini chicken’s,places,en,9,12.2836639,76.65040085,12.2834779,76.6519793,0,mys2,Mysuru,2026-08-31T08:57:46.306220Z
ChIJ-0_L1cdvrzsRdLkt6MKP1-s,V V Pulav Paradise,places,en,9,12.2836639,76.65040085,12.283125799999999,76.6519563,0,mys2,Mysuru,2026-08-31T08:57:46.306221Z
ChIJq6ydFgBvrzsRP0zA93L7EgE,Sri Iyengar cafe,places,en,9,12.2836639,76.65040085,12.2837382,76.6485423,0,mys2,Mysuru,2026-08-31T08:57:46.306222Z
ChIJjW_2n_xvrzsRWK3X0reK_uc,Dharma Mess,places,en,9,12.2836639,76.65040085,12.2854152,76.651082,0,mys2,Mysuru,2026-08-31T08:57:46.306224Z
ChIJs9hqT_tvrzsRf-ePBtzrVy8,ಅಂಬಾರಿ ರದಿಯಮ್ಸ್,places,en,9,12.2836639,76.65040085,12.2846172,76.6521866,0,mys2,Mysuru,2026-08-31T08:57:46.306225Z
ChIJ47nXfWRvrzsRF4ec2Z7CXY4,Megha chats,places,en,9,12.2836639,76.65040085,12.284715499999999,76.6521653,0,mys2,Mysuru,2026-08-31T08:57:46.306226Z
ChIJvdI5RERvrzsRIcq-ObIfglc,Variety Egg,places,en,9,12.2836639,76.65040085,12.2844603,76.65230799999999,0,mys2,Mysuru,2026-08-31T08:57:46.306227Z
ChIJP9KioPxvrzsRVVPtyuXRODY,Hotel Annapurna,places,en,9,12.2836639,76.65040085,12.28557,76.65171169999999,0,mys2,Mysuru,2026-08-31T08:57:46.306228Z
ChIJjRIHGwBvrzsR7vChzvfZ4-Y,New Suman Fast Food,places,en,9,12.2836639,76.65040085,12.2813366,76.65031549999999,0,mys2,Mysuru,2026-08-31T08:57:46.306229Z
ChIJ1VnhJKhvrzsRQxgLfP97lzc,Ruchi Kabab Center,places,en,9,12.2836639,76.65040085,12.2815812,76.6491846,0,mys2,Mysuru,2026-08-31T08:57:46.306230Z
ChIJU6fsP3dvrzsRGnGclLEjnmY,Biriyani Junction,places,en,9,12.2836639,76.65040085,12.2815832,76.6491447,0,mys2,Mysuru,2026-08-31T08:57:46.306231Z
ChIJHYttRPpvrzsRUV2fab0nl84,Sri Kalabhairaveshwara Military Hotel,places,en,9,12.2836639,76.65040085,12.2816043,76.64895849999999,0,mys2,Mysuru,2026-08-31T08:57:46.306232Z
ChIJdSvrYv1vrzsRGdqdsExT6Qg,Mane Ruchi,places,en,9,12.2836639,76.65040085,12.2856996,76.6520106,0,mys2,Mysuru,2026-08-31T08:57:46.306233Z
ChIJZWD9cQZxrzsROJwolf9S0C0,Sutra Bistro - Siddhartha Layout(Shakti Nagar),places,en,10,12.305614550000001,76.6806593,12.3059257,76.6812933,0,mys2,Mysuru,2026-08-31T08:57:46.642920Z
ChIJudq_gTFwrzsRCFo5L7oC8pU,Madhu Nivas,places,en,10,12.305614550000001,76.6806593,12.3063393,76.68146469999999,0,mys2,Mysuru,2026-08-31T08:57:46.642932Z
ChIJlZH7oqhxrzsRAfYCLyTjkCs,S2 Cafe (S Square Cafe),places,en,10,12.305614550000001,76.6806593,12.3045315,76.68116409999999,0,mys2,Mysuru,2026-08-31T08:57:46.642935Z
ChIJrQRI8TFwrzsRjET8hKpdOL4,Just bake | Siddhartha Nagar,places,en,10,12.305614550000001,76.6806593,12.3044376,76.6813068,0,mys2,Mysuru,2026-08-31T08:57:46.642937Z
ChIJDyAr5TFwrzsROfRneJi8ANA,Sri Chamundi Fast Food,places,en,10,12.305614550000001,76.6806593,12.3041594,76.6811756,0,mys2,Mysuru,2026-08-31T08:57:46.642939Z
ChIJt8h8eUpxrzsRdKsL7brmDKg,The Prime Chola Bhatura,places,en,10,12.305614550000001,76.6806593,12.304081799999999,76.68135869999999,0,mys2,Mysuru,2026-08-31T08:57:46.642941Z
ChIJe-Jc6KpxrzsRv4MYfd4B5g4,Roti Boss,places,en,10,12.305614550000001,76.6806593,12.3040627,76.6814515,0,mys2,Mysuru,2026-08-31T08:57:46.642942Z
ChIJD_K1ATJwrzsRrWG3TzCQMq4,"Bombay Tiffanys Annexe, Siddhartha Layout",places,en,10,12.305614550000001,76.6806593,12.3040228,76.6817891,0,mys2,Mysuru,2026-08-31T08:57:46.642944Z
ChIJBUVLEQBxrzsRVdpxtC5Ttf8,KK's Kitchen,places,en,10,12.305614550000001,76.6806593,12.3072582,76.6818613,0,mys2,Mysuru,2026-08-31T08:57:46.642946Z
ChIJbzEfTgBxrzsRUfbXPIGT5tA,MYSURU MANE THINDI,places,en,10,12.305614550000001,76.6806593,12.3072582,76.6818613,0,mys2,Mysuru,2026-08-31T08:57:46.642947Z
ChIJQyoKRQBxrzsRUYCq6_4xReI,Chiblu idly point,places,en,10,12.305614550000001,76.6806593,12.3072012,76.6820236,0,mys2,Mysuru,2026-08-31T08:57:46.642950Z
ChIJP6djTQBxrzsRU9o9esterMk,Roti Ghar,places,en,10,12.305614550000001,76.6806593,12.303796799999999,76.6818361,0,mys2,Mysuru,2026-08-31T08:57:46.642951Z
ChIJ26luYTFwrzsR7-FmcspV400,Shree Chamundeswari Miltri Hotel,places,en,10,12.305614550000001,76.6806593,12.30773,76.68145,0,mys2,Mysuru,2026-08-31T08:57:46.642953Z
ChIJHaDLTgBxrzsRs-EsgZvK-4s,vegetarian mess,places,en,10,12.305614550000001,76.6806593,12.304116,76.67888769999999,0,mys2,Mysuru,2026-08-31T08:57:46.642955Z
ChIJTTNwOrhxrzsRgAqjWwEZpBw,Street BBQ,places,en,10,12.305614550000001,76.6806593,12.3078068,76.68152979999999,0,mys2,Mysuru,2026-08-31T08:57:46.642956Z
ChIJkyJE08pxrzsR9RVt7Jiblq8,MYSURU BOMBAT BONDA ಬಾ ಗುರು ಟೆಸ್ಟ್ ನೋಡು,places,en,10,12.305614550000001,76.6806593,12.3080225,76.6810536,0,mys2,Mysuru,2026-08-31T08:57:46.642958Z
ChIJ-TnBTwBxrzsRKKXn4mxGn2c,MUSHROOM HUB,places,en,10,12.305614550000001,76.6806593,12.307945199999999,76.681476,0,mys2,Mysuru,2026-08-31T08:57:46.642960Z
ChIJg4fIyfNxrzsR4kauN-L-Wqo,Bannur Biryani Cafe,places,en,10,12.305614550000001,76.6806593,12.307428800000002,76.6827234,0,mys2,Mysuru,2026-08-31T08:57:46.642961Z
ChIJjZgyxDNwrzsRo4NjUdIilVI,Dose Corner,places,en,10,12.305614550000001,76.6806593,12.3074426,76.6827188,0,mys2,Mysuru,2026-08-31T08:57:46.642963Z
ChIJy6BD1YJ6rzsRffwI6padoLc,Auburn Multi Cuisine Restaurant,places,en,14,12.3242359,76.6386646,12.3242429,76.6384802,0,mys2,Mysuru,2026-08-31T08:57:47.917396Z
ChIJLyqAPut7rzsRKyI2hF3pG4c,Mane oota hotel,places,en,14,12.3242359,76.6386646,12.3228458,76.6385209,0,mys2,Mysuru,2026-08-31T08:57:47.917407Z
ChIJ7a4ugWx7rzsRwJXS30pT7so,home made,places,en,14,12.3242359,76.6386646,12.322811399999999,76.63887079999999,0,mys2,Mysuru,2026-08-31T08:57:47.917410Z
ChIJzVfBPSKFpTsR2vxX2DIbORg,Hotel Taj - ಹೋಟೆಲ್ ತಾಜ್,places,en,15,12.3101743,76.2925472,12.311361999999999,76.2926919,0,mys2,Mysuru,2026-08-31T08:57:48.452401Z
ChIJE0pT4lWFpTsRp5HPNyrcshc,Hangoutt cafe a buffet to chill out,places,en,15,12.3101743,76.2925472,12.3089574,76.29202939999999,0,mys2,Mysuru,2026-08-31T08:57:48.452410Z
ChIJGdGFfUaFpTsRZpYAZfeey-g,Disha Grill Nights,places,en,15,12.3101743,76.2925472,12.3087292,76.29229889999999,0,mys2,Mysuru,2026-08-31T08:57:48.452413Z
ChIJk0wmJuSFpTsRz4X2j11xJHk,VPS PUNITH KABAB CENTER,places,en,15,12.3101743,76.2925472,12.3088457,76.2918447,0,mys2,Mysuru,2026-08-31T08:57:48.452415Z
ChIJp_AdkyKFpTsRWQm24VEZDq4,Renuka Bar and Restaurant,places,en,15,12.3101743,76.2925472,12.3086321,76.2929747,0,mys2,Mysuru,2026-08-31T08:57:48.452417Z
ChIJc2TJ-TaFpTsRockA6ZHrRhA,Bismillah chicken center,places,en,15,12.3101743,76.2925472,12.308584699999999,76.2923654,0,mys2,Mysuru,2026-08-31T08:57:48.452419Z
ChIJLRXekyKFpTsRA3ygRqmutKo,Vinayaka Fast Food,places,en,15,12.3101743,76.2925472,12.308615,76.29314719999999,0,mys2,Mysuru,2026-08-31T08:57:48.452421Z
ChIJfbERJCKFpTsRaZAEQ-CS5Y8,Hotel Delhi Darbar,places,en,15,12.3101743,76.2925472,12.311893999999999,76.2924141,0,mys2,Mysuru,2026-08-31T08:57:48.452422Z
ChIJJdompzKFpTsRoLtbWXdqaAE,NEW KAVERI HINDU MILITARY HOTEL (NAATI STYLE),places,en,15,12.3101743,76.2925472,12.3119953,76.2916401,0,mys2,Mysuru,2026-08-31T08:57:48.452424Z
ChIJodvEqISFpTsRSxjeJqhHQKs,"Shree Mahalakshmi Sweets, Hunsur",places,en,15,12.3101743,76.2925472,12.3083767,76.29363560000002,0,mys2,Mysuru,2026-08-31T08:57:48.452426Z
ChIJ7wPfcISFpTsRrxqXK0nyrTo,Hotel arwaa,places,en,15,12.3101743,76.2925472,12.307814599999999,76.2924788,0,mys2,Mysuru,2026-08-31T08:57:48.452427Z
ChIJQwbmhxiFpTsRvY_872-AXV4,National Restaurant,places,en,15,12.3101743,76.2925472,12.3097283,76.29493169999999,0,mys2,Mysuru,2026-08-31T08:57:48.452430Z
ChIJg2tx7xmFpTsRM_ZpV3iAjxk,MOHAMMAD RAHEEL JUICE CE CENTRE,places,en,15,12.3101743,76.2925472,12.3079479,76.2935375,0,mys2,Mysuru,2026-08-31T08:57:48.452432Z
ChIJ01DRnyKFpTsRsdM06WTSZeY,Hunasuru Tiffany's,places,en,15,12.3101743,76.2925472,12.3083789,76.29422579999999,0,mys2,Mysuru,2026-08-31T08:57:48.452434Z
ChIJDWn8FgBxrzsRQqYYX3EgYFc,Hotel old vinayak mylari dosa & idli - new branch,places,en,17,12.3084602,76.6656523,12.308525,76.6656457,0,mys2,Mysuru,2026-08-31T08:57:49.077724Z
ChIJcytHYQBxrzsRmHeBeLAt09U,New Cafe Mysore,places,en,17,12.3084602,76.6656523,12.308390699999999,76.6655796,0,mys2,Mysuru,2026-08-31T08:57:49.077735Z
ChIJRYfP3z1wrzsRyuve8YrgQMQ,Hotel Original Vinayaka Mylari,places,en,17,12.3084602,76.6656523,12.308519599999999,76.665853,0,mys2,Mysuru,2026-08-31T08:57:49.077738Z
ChIJF_CjFolxrzsRTanMF5lGDfc,Dhanalakshmi fast food,places,en,17,12.3084602,76.6656523,12.308579,76.66545409999999,0,mys2,Mysuru,2026-08-31T08:57:49.077740Z
ChIJ-7lTSQBxrzsRSd6rvwS5t3c,Male Mahadeshwara Temple Canteen,places,en,17,12.3084602,76.6656523,12.3083806,76.6659368,0,mys2,Mysuru,2026-08-31T08:57:49.077742Z
ChIJ9TrCAD5wrzsRk1LAGUNL-pc,Hotel Mahadeshwara Mylari Original - Famous Mysore mylari Dosa,places,en,17,12.3084602,76.6656523,12.3085017,76.6652331,0,mys2,Mysuru,2026-08-31T08:57:49.077744Z
ChIJM3GYCD5wrzsR0IocjeMnoaM,SRI DURGA CHICKEN CENTER,places,en,17,12.3084602,76.6656523,12.308823,76.6651674,0,mys2,Mysuru,2026-08-31T08:57:49.077745Z
ChIJ4Xqnk4FxrzsRVDMjQS_paiw,ಕರ್ನಾಟಕ ರಾಜ್ಯ ಸರ್ಕಾರಿ ಮೀನುಗಾರಿಕೆ ಮಹಾಮಂಡಳ,places,en,17,12.3084602,76.6656523,12.308834,76.6651304,0,mys2,Mysuru,2026-08-31T08:57:49.077747Z
ChIJl-dakdpxrzsRj6U02HtMzmg,Hotel Naveen (Non Veg),places,en,17,12.3084602,76.6656523,12.3089753,76.6651243,0,mys2,Mysuru,2026-08-31T08:57:49.077749Z
ChIJyUITB1VxrzsRx-hz4EFd10c,Ajji Mane Palav/Ajji Mess,places,en,17,12.3084602,76.6656523,12.3075978,76.6656507,0,mys2,Mysuru,2026-08-31T08:57:49.077750Z
ChIJ1Spph5lxrzsRI4MDj7K1tP4,Sri Kalabhairaveshwara Tiffanies,places,en,17,12.3084602,76.6656523,12.308309099999999,76.6648014,0,mys2,Mysuru,2026-08-31T08:57:49.077752Z
ChIJh70hZwBxrzsRjN-10UWWRi0,Dosa hotel,places,en,17,12.3084602,76.6656523,12.3085141,76.66479199999999,0,mys2,Mysuru,2026-08-31T08:57:49.077753Z
ChIJ94aJT-xxrzsRW6GQgdstNbw,Sri Bhairava Tiffins,places,en,17,12.3084602,76.6656523,12.3085154,76.6647593,0,mys2,Mysuru,2026-08-31T08:57:49.077755Z
ChIJ4bJOuRVxrzsRzPq-y_iDxvk,Ambur Hot Dum Biriyani,places,en,17,12.3084602,76.6656523,12.3085173,76.66472809999999,0,mys2,Mysuru,2026-08-31T08:57:49.077756Z
ChIJlW5_ivRxrzsR-c7REsrKFwk,national restaurant,places,en,17,12.3084602,76.6656523,12.308490599999999,76.66472399999999,0,mys2,Mysuru,2026-08-31T08:57:49.077758Z
ChIJ57k_Lj9xrzsRK616IgxmBdA,Rs Purohit Ji Sweet Shop,places,en,17,12.3084602,76.6656523,12.3086694,76.6646854,0,mys2,Mysuru,2026-08-31T08:57:49.077760Z
ChIJSbZzce5xrzsR8bqg8QUMk_s,Mylari Restuarant,places,en,17,12.3084602,76.6656523,12.309460699999999,76.6659426,0,mys2,Mysuru,2026-08-31T08:57:49.077761Z
ChIJH42Qm0pxrzsREi4n00XOodE,sri chamundeshwari gobi center,places,en,17,12.3084602,76.6656523,12.30852,76.66680769999999,0,mys2,Mysuru,2026-08-31T08:57:49.077763Z
ChIJL2Xu_z1wrzsRY5K0hM0clHE,Hotel Guru,places,en,17,12.3084602,76.6656523,12.3085122,76.6644269,0,mys2,Mysuru,2026-08-31T08:57:49.077764Z
ChIJjWjUeD5wrzsR2WRbHsikMYs,Manju's Kitchen,places,en,17,12.3084602,76.6656523,12.3088441,76.6668661,0,mys2,Mysuru,2026-08-31T08:57:49.077766Z
ChIJdQnNAM17rzsRbb4eu8WXATE,Hiranmayi chaats,places,en,18,12.348786950000001,76.62310545,12.3492755,76.6232771,0,mys2,Mysuru,2026-08-31T08:57:50.197159Z
ChIJ33SEeGR7rzsRrQFfV2-10HU,Sri chamundeshwari curry point,places,en,18,12.348786950000001,76.62310545,12.348830699999999,76.6239678,0,mys2,Mysuru,2026-08-31T08:57:50.197169Z
ChIJ1yOlMv57rzsRPkrF8PXYLlA,Sri kalleshwara mess,places,en,18,12.348786950000001,76.62310545,12.350114900000001,76.6231131,0,mys2,Mysuru,2026-08-31T08:57:50.197172Z
ChIJKUjpYid7rzsR2VdCaheHFQA,Sri Manjunath Hotel and Chats,places,en,18,12.348786950000001,76.62310545,12.3503391,76.62232929999999,0,mys2,Mysuru,2026-08-31T08:57:50.197174Z
ChIJ9cV1CwB7rzsRMtyY55jx0dg,Five star chicken,places,en,18,12.348786950000001,76.62310545,12.348265099999999,76.6248395,0,mys2,Mysuru,2026-08-31T08:57:50.197177Z
ChIJJZm8I296rzsRj19_byLHK5E,Hotel Ahalyadevi,places,en,18,12.348786950000001,76.62310545,12.3479201,76.6250827,0,mys2,Mysuru,2026-08-31T08:57:50.197179Z
ChIJo8Di1PZ7rzsRzm_1PVEXi44,CHICKEN HOUSE,places,en,18,12.348786950000001,76.62310545,12.3466133,76.6230398,0,mys2,Mysuru,2026-08-31T08:57:50.197181Z
ChIJ97RAZ2l6rzsRYpg8Bfo99n4,VISHNU KITCHEN,places,en,18,12.348786950000001,76.62310545,12.3508865,76.6224127,0,mys2,Mysuru,2026-08-31T08:57:50.197183Z
ChIJZTvrUQB7rzsR2kOP110B5tQ,Pooja HOME MADE BIRYANI CENTRE,places,en,18,12.348786950000001,76.62310545,12.347893400000002,76.6252423,0,mys2,Mysuru,2026-08-31T08:57:50.197185Z
ChIJdyQ4WQB7rzsRLtYC3gQ31Vg,Shree Siddivinayaka Mushroom Biryani n Panipuri corner,places,en,18,12.348786950000001,76.62310545,12.347893400000002,76.6252423,0,mys2,Mysuru,2026-08-31T08:57:50.197187Z
ChIJN2UarQ57rzsRz-dgBGNZkzY,Paramananda hotel,places,en,18,12.348786950000001,76.62310545,12.347827899999999,76.62065240000001,0,mys2,Mysuru,2026-08-31T08:57:50.197190Z
ChIJp8IrEW96rzsRKO_h4USYZew,Famous Chicken Centre (Suguna fresh ),places,en,18,12.348786950000001,76.62310545,12.347990999999999,76.6257014,0,mys2,Mysuru,2026-08-31T08:57:50.197192Z
ChIJK-V1LgB7rzsRdrUy1Xk01wU,Sea Fish Cart,places,en,19,12.32091405,76.5936887,12.321296,76.593323,0,mys2,Mysuru,2026-08-31T08:57:50.539916Z
ChIJPzSTNR17rzsR9VjaiLdpNsc,Sri Chamundeshwari Hotel,places,en,19,12.32091405,76.5936887,12.3216583,76.5935473,0,mys2,Mysuru,2026-08-31T08:57:50.539923Z
ChIJFcyYNR17rzsR1UHcdFuHKmY,Kushal Just Break,places,en,19,12.32091405,76.5936887,12.321667999999999,76.5935281,0,mys2,Mysuru,2026-08-31T08:57:50.539925Z
ChIJS82sdPd7rzsRf8JD2vmM4qA,Hotel aditya ಹೋಟೆಲ್ ಆದಿತ್ಯ,places,en,19,12.32091405,76.5936887,12.3216752,76.59354119999999,0,mys2,Mysuru,2026-08-31T08:57:50.539926Z
ChIJJ1sQVd57rzsRjYnKjMQuOWU,Hotel favourite,places,en,19,12.32091405,76.5936887,12.3213777,76.5927164,0,mys2,Mysuru,2026-08-31T08:57:50.539928Z
ChIJ106ImW57rzsR7NlTMdVse88,GRILL HOUSE,places,en,19,12.32091405,76.5936887,12.3213712,76.59238119999999,0,mys2,Mysuru,2026-08-31T08:57:50.539931Z
ChIJ32g1BwB7rzsRTgxnu0u0QWQ,Juice fox,places,en,19,12.32091405,76.5936887,12.3212887,76.59190199999999,0,mys2,Mysuru,2026-08-31T08:57:50.539932Z
ChIJQzhbdgB7rzsR6YKNWGT_ETw,Shiva Egg rice kabab,places,en,19,12.32091405,76.5936887,12.322020499999999,76.5959515,0,mys2,Mysuru,2026-08-31T08:57:50.539933Z
ChIJR65yAwB7rzsRN1ieVtElBvo,Fruits & Salads Mysuru,places,en,20,12.3490206,76.61633105,12.3484207,76.6143955,0,mys2,Mysuru,2026-08-31T08:57:50.964837Z
ChIJf-6IpkN6rzsRnBVPqx4qdmI,Jai Gurudev Bhojanalaya,places,en,20,12.3490206,76.61633105,12.348441999999999,76.6143735,0,mys2,Mysuru,2026-08-31T08:57:50.964858Z
ChIJiQGzCEN6rzsR5vThxfjDgvY,Lochan Hotel Mane Palav,places,en,20,12.3490206,76.61633105,12.3477468,76.6145791,0,mys2,Mysuru,2026-08-31T08:57:50.964863Z
ChIJS3R3wGZ7rzsRUxBp3gLJ-xg,MOHANA'S KITCHEN,places,en,20,12.3490206,76.61633105,12.3486098,76.614171,0,mys2,Mysuru,2026-08-31T08:57:50.964867Z
ChIJXaifnMd7rzsRzgiRn-LIZ50,PSR chicken mart,places,en,20,12.3490206,76.61633105,12.349771299999999,76.6184179,0,mys2,Mysuru,2026-08-31T08:57:50.964871Z
ChIJ1VIcEAB7rzsR4lMJlzFTgoM,Lekhan chicken corner,places,en,20,12.3490206,76.61633105,12.3488768,76.6186208,0,mys2,Mysuru,2026-08-31T08:57:50.964874Z
ChIJVzX-vUN6rzsRTFj_-b9hlqo,Hotel Saviruchi,places,en,20,12.3490206,76.61633105,12.349144299999999,76.6139414,0,mys2,Mysuru,2026-08-31T08:57:50.964877Z
ChIJOQ45aAB7rzsRXoH4Nz8hO_A,Shaivam cafe,places,en,20,12.3490206,76.61633105,12.349477499999999,76.61394349999999,0,mys2,Mysuru,2026-08-31T08:57:50.964880Z
ChIJyfyQAl57rzsRReDlGr7_Nf4,Rathna mess,places,en,20,12.3490206,76.61633105,12.351042699999999,76.6176911,0,mys2,Mysuru,2026-08-31T08:57:50.964884Z
ChIJ18DWg0R7rzsRl4YTEs5KKts,Olivia's Kitchen,places,en,20,12.3490206,76.61633105,12.3471301,76.6147182,0,mys2,Mysuru,2026-08-31T08:57:50.964887Z
ChIJ91bHR0F7rzsRb1YwOtxYo_M,AMMA'S KITCHEN,places,en,20,12.3490206,76.61633105,12.3487289,76.61888239999999,0,mys2,Mysuru,2026-08-31T08:57:50.964891Z
ChIJM_KMFLV7rzsR0hP1k3jOuFs,Shri chamundeshwari gobi and dry palak gobi center,places,en,20,12.3490206,76.61633105,12.3492822,76.6137536,0,mys2,Mysuru,2026-08-31T08:57:50.964895Z
ChIJ7w2D_KR7rzsRuchSQyUsqV0,Veg Punjabi Restaurant,places,en,20,12.3490206,76.61633105,12.346925299999999,76.6148218,0,mys2,Mysuru,2026-08-31T08:57:50.964898Z
ChIJmaHavUN6rzsRyXSTNZCDSnU,Shruthi Gobi Center -Rajesh,places,en,20,12.3490206,76.61633105,12.3493327,76.61371439999999,0,mys2,Mysuru,2026-08-31T08:57:50.964901Z
ChIJ6dGHbDF7rzsR8TbT38fP6tg,Idli point,places,en,20,12.3490206,76.61633105,12.349423,76.6137,0,mys2,Mysuru,2026-08-31T08:57:50.964904Z
ChIJO-PQZh5drzsRM0UxYFNN6j0,Swamy H B Kabab Corner,places,en,21,12.09652275,76.5534619,12.096828799999999,76.5526501,0,mys2,Mysuru,2026-08-31T08:57:51.262967Z
ChIJhWCKqfxdrzsR9-ThQBWL0bk,ಚಿನ್ನು ಲೇಡಿಸ್ ಟೈಲರ್,places,en,21,12.09652275,76.5534619,12.096521,76.55450069999999,0,mys2,Mysuru,2026-08-31T08:57:51.262975Z
ChIJfwoVRgBdrzsRQhvT0T_MxD4,Hotel Anupama,places,en,21,12.09652275,76.5534619,12.096692599999999,76.5547639,0,mys2,Mysuru,2026-08-31T08:57:51.262977Z
ChIJzRnefgBdrzsRcg5JQApSymQ,Sahana biriyani palace,places,en,21,12.09652275,76.5534619,12.0951393,76.5548645,0,mys2,Mysuru,2026-08-31T08:57:51.262979Z
ChIJB9dYYftdrzsRpnUb54iABHo,ಭಟ್ರು ಹೋಟ್ಲು bhatru hotlu,places,en,21,12.09652275,76.5534619,12.097943599999999,76.5549146,0,mys2,Mysuru,2026-08-31T08:57:51.262981Z
ChIJX9XUQS-FpTsRIpZvxgzZUCQ,Royal Food Court,places,en,29,12.30912215,76.2806338,12.310437499999999,76.2813594,0,mys2,Mysuru,2026-08-31T08:57:53.778752Z
ChIJCbfGLzqFpTsREIeLq-0fuXw,Zamzam chicken stall,places,en,29,12.30912215,76.2806338,12.309094799999999,76.2833331,0,mys2,Mysuru,2026-08-31T08:57:53.778760Z
ChIJNVQoeiWFpTsR4PLC_gz2I20,Sabari Hotel,places,en,29,12.30912215,76.2806338,12.3089661,76.28336469999999,0,mys2,Mysuru,2026-08-31T08:57:53.778762Z
ChIJ-dork_xvrzsRhFsckYgbyRI,Sri Krishna Upahara,places,en,33,12.28803995,76.6503345,12.2869321,76.6509002,0,mys2,Mysuru,2026-08-31T08:57:55.305182Z
ChIJL3ZEOq5vrzsR2HcC3bw0zok,Wodeyar's Biryani,places,en,33,12.28803995,76.6503345,12.2873977,76.6514806,0,mys2,Mysuru,2026-08-31T08:57:55.305190Z
ChIJ2QN5Iv1vrzsRpWeyNZ200C0,BRAHMINS KAFE AHARA,places,en,33,12.28803995,76.6503345,12.2888232,76.6513909,0,mys2,Mysuru,2026-08-31T08:57:55.305192Z
ChIJNTfQIihvrzsRtHDeS-WJfFk,Nuthan Fastfood,places,en,33,12.28803995,76.6503345,12.286660699999999,76.65086830000001,0,mys2,Mysuru,2026-08-31T08:57:55.305194Z
ChIJWQvnGABvrzsRpqa5-yNHFB4,Bhojana Priya - ಭೋಜನ ಪ್ರಿಯ,places,en,33,12.28803995,76.6503345,12.286824399999999,76.651328,0,mys2,Mysuru,2026-08-31T08:57:55.305195Z
ChIJsdykivtvrzsR-PrUJCOczrY,New Madhu Tiffanis,places,en,33,12.28803995,76.6503345,12.2879413,76.652008,0,mys2,Mysuru,2026-08-31T08:57:55.305197Z
ChIJX9RiVlBvrzsR_b6UibSqt-0,SLV GOBI CENTRE,places,en,33,12.28803995,76.6503345,12.2868733,76.65212,0,mys2,Mysuru,2026-08-31T08:57:55.305199Z
ChIJ69DCLGlvrzsRmnvjW9xfqrc,Chiru Tiffanys Mysore,places,en,33,12.28803995,76.6503345,12.289609599999999,76.6518673,0,mys2,Mysuru,2026-08-31T08:57:55.305201Z
ChIJuxnNpiJvrzsRF1HnHJvqt-c,Nandi tiffanys Mysore,places,en,33,12.28803995,76.6503345,12.289880499999999,76.651603,0,mys2,Mysuru,2026-08-31T08:57:55.305202Z
ChIJ8Y9xlFl6rzsR1PQtdixfYtY,Sthree Shakti Bhavan,places,en,34,12.3395075,76.60761869999999,12.3383177,76.60830100000001,0,mys2,Mysuru,2026-08-31T08:57:55.681948Z
ChIJ48bpHstxrzsRpyDDxkNF9Bw,Kaveri Mess,places,en,34,12.3395075,76.60761869999999,12.3382747,76.60832350000001,0,mys2,Mysuru,2026-08-31T08:57:55.681957Z
ChIJuUkpWW17rzsR7siHjZu4URQ,V BITES CHARCOAL SHAWARMA,places,en,34,12.3395075,76.60761869999999,12.338237,76.60882269999999,0,mys2,Mysuru,2026-08-31T08:57:55.681960Z
ChIJdXtDqmR7rzsRGBHh5OYBPQ0,Chowka Bāra,places,en,34,12.3395075,76.60761869999999,12.3381653,76.60910009999999,0,mys2,Mysuru,2026-08-31T08:57:55.681962Z
ChIJAbzbl1B6rzsRodrL4KhOQSg,Chicken Point,places,en,34,12.3395075,76.60761869999999,12.340707,76.605769,0,mys2,Mysuru,2026-08-31T08:57:55.681964Z
ChIJzZKOGVR7rzsRX8GGTf5JcQY,Mathrushree Pani Puri Centre,places,en,34,12.3395075,76.60761869999999,12.337644899999999,76.60932059999999,0,mys2,Mysuru,2026-08-31T08:57:55.681966Z
ChIJQ4PNcBNvrzsRBE18Z8-VVCg,BASAVANNA FAST FOOD,places,en,43,12.27667115,76.69867835,12.276421599999999,76.6988746,0,mys2,Mysuru,2026-08-31T08:57:58.641189Z
ChIJ31-y8TlurzsR34OnYU8Z8jw,ಭರತ್ ಚಾಟ್ಸ್ ಸೆಂಟರಾ,places,en,43,12.27667115,76.69867835,12.2761447,76.69993099999999,0,mys2,Mysuru,2026-08-31T08:57:58.641198Z
ChIJs9O3E35wrzsRXxh8KMsHC9w,Indira Canteen,places,en,46,12.33530765,76.64782199999999,12.334526799999999,76.6461101,0,mys2,Mysuru,2026-08-31T08:58:00.582849Z
ChIJo72-VANwrzsRfnGX_eg_ONw,Raju Churumuri Center,places,en,48,12.2949237,76.65251805,12.2948729,76.6521899,0,mys2,Mysuru,2026-08-31T08:58:01.272643Z
ChIJh2FkRANwrzsRcQKc2yLCVec,BUNTY'S KITCHEN,places,en,48,12.2949237,76.65251805,12.295848699999999,76.6517966,0,mys2,Mysuru,2026-08-31T08:58:01.272655Z
ChIJF9VkRANwrzsReaB2ZdS8G3Y,Nanjundappa Tiffanys,places,en,48,12.2949237,76.65251805,12.2958419,76.65178519999999,0,mys2,Mysuru,2026-08-31T08:58:01.272658Z
ChIJC10HWwNwrzsRkrqxLmTbKGM,Murali Tea Stall,places,en,48,12.2949237,76.65251805,12.2962366,76.6519154,0,mys2,Mysuru,2026-08-31T08:58:01.272661Z
ChIJs19QI0ZxrzsR36gdlZxtDPc,Sri Bramaramba Bajji Centre,places,en,48,12.2949237,76.65251805,12.2962198,76.6518034,0,mys2,Mysuru,2026-08-31T08:58:01.272664Z
ChIJa89KL95xrzsRZWKK1K_WpCA,Kannadambe Tea Stall,places,en,48,12.2949237,76.65251805,12.296574,76.6519945,0,mys2,Mysuru,2026-08-31T08:58:01.272666Z
ChIJ2fZE8IZxrzsRGy1ogXlgwhQ,Chamundeshwari Military Hotel,places,en,48,12.2949237,76.65251805,12.296611299999999,76.65196449999999,0,mys2,Mysuru,2026-08-31T08:58:01.272668Z
ChIJh22TWCFxrzsR8BZ8AifB2p4,Shiva Prabhu Restaurant,places,en,48,12.2949237,76.65251805,12.2964773,76.6515996,0,mys2,Mysuru,2026-08-31T08:58:01.272671Z
ChIJWwEYcQBxrzsRI26HSImBmsM,Aaharya cafe,places,en,48,12.2949237,76.65251805,12.2963866,76.6536184,0,mys2,Mysuru,2026-08-31T08:58:01.272673Z
ChIJf7AemipxrzsRMz0VL-Heos0,S K CHAVADI CAFE,places,en,48,12.2949237,76.65251805,12.296491699999999,76.65355439999999,0,mys2,Mysuru,2026-08-31T08:58:01.272675Z
ChIJMyAqMh1wrzsRAAAAMNcJvhM,Chamundeshwari Gobi Center,places,en,48,12.2949237,76.65251805,12.293170199999999,76.6532671,0,mys2,Mysuru,2026-08-31T08:58:01.272678Z
ChIJHUjIgQRxrzsRtDPJQXYbcYo,Harish Nanjangud RASABALE fruit Stall,places,en,48,12.2949237,76.65251805,12.296473299999999,76.65134119999999,0,mys2,Mysuru,2026-08-31T08:58:01.272680Z
ChIJq4opLABxrzsRJNVl45SX0b0,Kudlas machli,places,en,48,12.2949237,76.65251805,12.2958435,76.650697,0,mys2,Mysuru,2026-08-31T08:58:01.272682Z
ChIJVQ3JpolxrzsRkzkmAovtpSE,Advaith holige mane,places,en,48,12.2949237,76.65251805,12.296579399999999,76.6513269,0,mys2,Mysuru,2026-08-31T08:58:01.272685Z
ChIJJVLOYQBxrzsRYPH01rLCBSs,ROTI CURRY BOSS,places,en,48,12.2949237,76.65251805,12.2967076,76.65363839999999,0,mys2,Mysuru,2026-08-31T08:58:01.272687Z
ChIJO9_JpxxwrzsRJIC7joA1T4c,Parampare Veg ಪರಂಪರೆ ವೆಜ್,places,en,48,12.2949237,76.65251805,12.2967354,76.65361709999999,0,mys2,Mysuru,2026-08-31T08:58:01.272690Z
ChIJkYcbdANwrzsRakhRuWkeRbc,Mahesh Tiffanies - Tuppa/Ghee Dosa hotel Since 1940s,places,en,48,12.2949237,76.65251805,12.2956804,76.65041269999999,0,mys2,Mysuru,2026-08-31T08:58:01.272692Z
ChIJpcO7NX5xrzsRiuGMo3WrXZM,Mallige Cafe,places,en,48,12.2949237,76.65251805,12.296968099999999,76.65366019999999,0,mys2,Mysuru,2026-08-31T08:58:01.272694Z
ChIJgVGJdgNwrzsRBwPrjYG_VU4,RV Non - Veg Hotel since 2000,places,en,48,12.2949237,76.65251805,12.295776,76.6502813,0,mys2,Mysuru,2026-08-31T08:58:01.272696Z
ChIJMYYaeQBxrzsR0y0tRS5IhQY,"JSS Hostel Canteen, Mysuru",places,en,48,12.2949237,76.65251805,12.2964863,76.6543959,0,mys2,Mysuru,2026-08-31T08:58:01.272699Z
ChIJTY4iImd7rzsRY22TPbze1L0,Hrida Pvt Ltd,places,en,53,12.32266115,76.5767124,12.3216579,76.5756435,0,mys2,Mysuru,2026-08-31T08:58:02.915393Z
ChIJ4a0YSuZlrzsRpdFQTuhwABQ,Mayakara Gurukula,places,en,55,12.2761617,76.60705565,12.27627,76.6051481,0,mys2,Mysuru,2026-08-31T08:58:03.630542Z
ChIJMWlyRABlrzsRPttEZaDxJp4,Mc resort bandipura,places,en,56,12.288995499999999,76.6012223,12.2882611,76.6013195,0,mys2,Mysuru,2026-08-31T08:58:04.070675Z
ChIJXw8ml9R6rzsRPMZW-UtOks8,RAVI CHICKEN CENTER,places,en,56,12.288995499999999,76.6012223,12.290282,76.59994929999999,0,mys2,Mysuru,2026-08-31T08:58:04.070688Z
ChIJSVcwbN97rzsR9mvdMD8QjWc,Rajathadri bangarpet panipuri And Chats,places,en,56,12.288995499999999,76.6012223,12.290152899999999,76.6028602,0,mys2,Mysuru,2026-08-31T08:58:04.070692Z
ChIJeaAuRgBlrzsRzhd1hJt6ndg,MD KITCHEN,places,en,56,12.288995499999999,76.6012223,12.288075599999999,76.6032642,0,mys2,Mysuru,2026-08-31T08:58:04.070695Z
ChIJRcFTfgBlrzsRhdG1hgskMmI,Life Line's Tender Chicken,places,en,56,12.288995499999999,76.6012223,12.2877364,76.6031615,0,mys2,Mysuru,2026-08-31T08:58:04.070698Z
ChIJy68g0r1lrzsRPEx6wccRIE0,Maya town,places,en,56,12.288995499999999,76.6012223,12.2905635,76.60307,0,mys2,Mysuru,2026-08-31T08:58:04.070700Z
ChIJR7j17NR6rzsRUsfJmmxojAg,VEG BOX,places,en,56,12.288995499999999,76.6012223,12.2904132,76.5992022,0,mys2,Mysuru,2026-08-31T08:58:04.070703Z
ChIJ8zbpOgBlrzsRVkWDxEwfaSA,Amma’s Kitchen,places,en,56,12.288995499999999,76.6012223,12.2872802,76.5993441,0,mys2,Mysuru,2026-08-31T08:58:04.070705Z
ChIJgRdeCgBlrzsRf1alu599FuI,Salad Monkey,places,en,56,12.288995499999999,76.6012223,12.286295299999999,76.6011547,0,mys2,Mysuru,2026-08-31T08:58:04.070708Z
ChIJ40GrGgBxrzsRaOCFPZrlw7o,Hotel Lazeez,places,en,57,12.3403068,76.66240619999999,12.3395844,76.6632879,0,mys2,Mysuru,2026-08-31T08:58:04.371431Z
ChIJs71ETC1xrzsRzVKKG0ttyQA,Restaurant,places,en,57,12.3403068,76.66240619999999,12.3379323,76.66343150000002,0,mys2,Mysuru,2026-08-31T08:58:04.371439Z
ChIJZTu0FwBxrzsRp217Xbq-1hY,Tea Hut,places,en,57,12.3403068,76.66240619999999,12.3379043,76.6612988,0,mys2,Mysuru,2026-08-31T08:58:04.371442Z
ChIJb0FxUgCPpTsRv7MfCQlJvBo,Nanjunda,places,en,64,12.1980276,76.32784860000001,12.196964399999999,76.3266649,0,mys2,Mysuru,2026-08-31T08:58:06.901070Z
ChIJN4ZSGgCPpTsRNKYFZIXYpcc,Hotel Abbas,places,en,65,12.20966305,76.28236519999999,12.2098028,76.2818562,0,mys2,Mysuru,2026-08-31T08:58:08.046672Z
ChIJoSrBbACPpTsRCsFnk8o0Xjk,D.K restaurant,places,en,65,12.20966305,76.28236519999999,12.210164599999999,76.28175209999999,0,mys2,Mysuru,2026-08-31T08:58:08.046683Z
ChIJ850GGgCPpTsRvvLoF8T0QIo,"Gurupura,hunsur taluk",places,en,65,12.20966305,76.28236519999999,12.210464499999999,76.2820378,0,mys2,Mysuru,2026-08-31T08:58:08.046687Z
ChIJsRQOAoePpTsR86tQlvGJzIs,Amma Hotel,places,en,65,12.20966305,76.28236519999999,12.209629399999999,76.2812048,0,mys2,Mysuru,2026-08-31T08:58:08.046690Z
ChIJ6c3LYPuPpTsRMwwgOwVCzi4,The Panda Momos,places,en,65,12.20966305,76.28236519999999,12.209636999999999,76.280697,0,mys2,Mysuru,2026-08-31T08:58:08.046693Z
ChIJowdkZgB7rzsRh6WNvuKbwlk,SEA FISH & CO.,places,en,66,12.30721415,76.60680575,12.3057842,76.6072731,0,mys2,Mysuru,2026-08-31T08:58:08.397030Z
ChIJO93dWAB7rzsRWkQFh9BlYXY,Parisar Foods,places,en,66,12.30721415,76.60680575,12.3057115,76.6067143,0,mys2,Mysuru,2026-08-31T08:58:08.397040Z
ChIJU6rTXsN6rzsR5UUqbplBm7U,Dharani Hotel,places,en,66,12.30721415,76.60680575,12.305975799999999,76.6077062,0,mys2,Mysuru,2026-08-31T08:58:08.397043Z
ChIJv-KrKeV7rzsRRk7cEUt4r2Y,Eating Point Fast Food,places,en,66,12.30721415,76.60680575,12.305971699999999,76.6078617,0,mys2,Mysuru,2026-08-31T08:58:08.397046Z
ChIJ9VGapd57rzsRsi7keiopUkw,Coorg omni mess,places,en,66,12.30721415,76.60680575,12.305981899999999,76.6079953,0,mys2,Mysuru,2026-08-31T08:58:08.397048Z
ChIJj-emMwB7rzsR0IVIPhZ_XRE,Amruth Fast Food and Gobi,places,en,66,12.30721415,76.60680575,12.3055302,76.6065284,0,mys2,Mysuru,2026-08-31T08:58:08.397050Z
ChIJdQs4MwB7rzsRO97nlZPNxaw,Momos Camp,places,en,66,12.30721415,76.60680575,12.3053452,76.606861,0,mys2,Mysuru,2026-08-31T08:58:08.397051Z
ChIJix9jAwB7rzsRlyuWl8lXlos,Bro BBQ,places,en,66,12.30721415,76.60680575,12.3052463,76.6066213,0,mys2,Mysuru,2026-08-31T08:58:08.397053Z
ChIJITS_c8N6rzsRFI9lE9L-qpE,New Mylari Cafe Since 2011,places,en,66,12.30721415,76.60680575,12.3071553,76.6090181,0,mys2,Mysuru,2026-08-31T08:58:08.397055Z
ChIJdxodRgB7rzsR_c6QS_Gdk54,Shri veg Fast Food,places,en,66,12.30721415,76.60680575,12.305392399999999,76.6083178,0,mys2,Mysuru,2026-08-31T08:58:08.397057Z
ChIJP1p8P497rzsRnlJUIuIAEw8,Toot -C Zone,places,en,66,12.30721415,76.60680575,12.306241799999999,76.60920960000001,0,mys2,Mysuru,2026-08-31T08:58:08.397059Z
ChIJE4MITwB7rzsRCOWGFUFZ9wk,Seven Heaven Cafe,places,en,66,12.30721415,76.60680575,12.3080611,76.6093595,0,mys2,Mysuru,2026-08-31T08:58:08.397060Z
ChIJkUQ6F6h7rzsRXB6a4VbaoMg,NS Gobi and food Corner,places,en,66,12.30721415,76.60680575,12.3061209,76.6093175,0,mys2,Mysuru,2026-08-31T08:58:08.397062Z
ChIJf64fHghxrzsRv41XwDC8wlg,Khan Darbar Multi Cuisine Restaurant,places,en,67,12.3313685,76.64867505000001,12.3316634,76.648735,0,mys2,Mysuru,2026-08-31T08:58:08.790242Z
ChIJK15SFnxwrzsRLZJzFn5_cY0,Pinxx,places,en,67,12.3313685,76.64867505000001,12.331431100000001,76.6479615,0,mys2,Mysuru,2026-08-31T08:58:08.790272Z
ChIJ9dn_GDZxrzsR5-1OblLFzA0,Hotel shree sai bhavan,places,en,67,12.3313685,76.64867505000001,12.3320359,76.6492766,0,mys2,Mysuru,2026-08-31T08:58:08.790277Z
ChIJ-aWBXnxwrzsR05UaVwS5ZVs,Blue Inn,places,en,67,12.3313685,76.64867505000001,12.331874100000002,76.6495204,0,mys2,Mysuru,2026-08-31T08:58:08.790281Z
ChIJUdNhCABxrzsREwmty2ArTEk,Mumbai chai &snacks,places,en,67,12.3313685,76.64867505000001,12.3319175,76.6496164,0,mys2,Mysuru,2026-08-31T08:58:08.790284Z
ChIJlWeHzON7rzsRlzP2kzGCZ1k,Palace guest house,places,en,67,12.3313685,76.64867505000001,12.331436,76.649886,0,mys2,Mysuru,2026-08-31T08:58:08.790287Z
ChIJ19UcO71xrzsR5ysvMvigA9I,Suresh Tiffany's,places,en,67,12.3313685,76.64867505000001,12.332147899999999,76.64971969999999,0,mys2,Mysuru,2026-08-31T08:58:08.790290Z
ChIJF4rvFwBxrzsRNTMdZFrGezU,Datta tiffanies branch 2,places,en,67,12.3313685,76.64867505000001,12.330055600000001,76.6486824,0,mys2,Mysuru,2026-08-31T08:58:08.790293Z
ChIJ2Xx49XxwrzsRZMM273FZ4Vg,Hotel Bhargav,places,en,67,12.3313685,76.64867505000001,12.3318399,76.6499694,0,mys2,Mysuru,2026-08-31T08:58:08.790296Z
ChIJQ0T25IJxrzsRr4M6CQ6iVVU,Dastarkhwan,places,en,67,12.3313685,76.64867505000001,12.3318958,76.6500016,0,mys2,Mysuru,2026-08-31T08:58:08.790299Z
ChIJ0wKTqoVxrzsR5oYMt-vcKeI,Udupi organic restaurant,places,en,67,12.3313685,76.64867505000001,12.331278099999999,76.6470373,0,mys2,Mysuru,2026-08-31T08:58:08.790302Z
ChIJZ9Q-CKhxrzsRewHPP2KtsYU,Somnath Bajji centre,places,en,67,12.3313685,76.64867505000001,12.3322334,76.65014479999999,0,mys2,Mysuru,2026-08-31T08:58:08.790305Z
ChIJJ_mK66BxrzsRjXl33od6HJY,KSRTC CANTEEN,places,en,67,12.3313685,76.64867505000001,12.3324155,76.6472661,0,mys2,Mysuru,2026-08-31T08:58:08.790308Z
ChIJaVb3EgBxrzsRKJo0nEWZL0Q,ZAM ZAM FAMILY RESTAURANT (Bannimantap),places,en,67,12.3313685,76.64867505000001,12.3309955,76.64694,0,mys2,Mysuru,2026-08-31T08:58:08.790311Z
ChIJARNaNe1xrzsRy6kFArsi3CE,Yaadgar Biryani Point,places,en,67,12.3313685,76.64867505000001,12.3315255,76.6468115,0,mys2,Mysuru,2026-08-31T08:58:08.790313Z
ChIJ0RexQXZxrzsRFuQm4-oInh0,Ashirvaad Grand Pure Veg Restaurant,places,en,67,12.3313685,76.64867505000001,12.331024399999999,76.6459643,0,mys2,Mysuru,2026-08-31T08:58:08.790317Z
ChIJvRNgqip7rzsRUAP_34ky47M,Patel refreshment veg restaurant,places,en,69,12.28832065,76.59533805,12.2880693,76.5947608,0,mys2,Mysuru,2026-08-31T08:58:09.449564Z
ChIJKSHzOgBlrzsRAhJWKVoZpLQ,Fish kabab point,places,en,69,12.28832065,76.59533805,12.2875781,76.5960571,0,mys2,Mysuru,2026-08-31T08:58:09.449572Z
ChIJZ399BMp6rzsRftj06MLnL0o,SRIHARSHA,places,en,70,12.2936108,76.61814795,12.2946776,76.6176249,0,mys2,Mysuru,2026-08-31T08:58:09.878983Z
ChIJSVqTPQB7rzsRZsMy5x9Jpc8,D Banne bites,places,en,70,12.2936108,76.61814795,12.2956417,76.6180743,0,mys2,Mysuru,2026-08-31T08:58:09.878992Z
ChIJ-4QHAQB7rzsRiQoYP5_QqXU,Biryani Market,places,en,70,12.2936108,76.61814795,12.2956443,76.61812259999999,0,mys2,Mysuru,2026-08-31T08:58:09.878996Z
ChIJ-zduRZN7rzsR4a14x1qOdfA,S L N Tiffin Center,places,en,70,12.2936108,76.61814795,12.295498499999999,76.6169599,0,mys2,Mysuru,2026-08-31T08:58:09.878998Z
ChIJ86W7fAB7rzsRxLm4CWf4dEU,SLV TIFFIN CENTRE,places,en,70,12.2936108,76.61814795,12.295612000000002,76.617119,0,mys2,Mysuru,2026-08-31T08:58:09.879000Z
ChIJOzUgOQBlrzsRXoRdQb5ly0c,V2 Fresh Chickens,places,en,73,12.270040999999999,76.6271113,12.2686872,76.625323,0,mys2,Mysuru,2026-08-31T08:58:10.973378Z
ChIJ9U15CbllrzsRVZ8VwijneHc,White chicks,places,en,73,12.270040999999999,76.6271113,12.2681481,76.62836899999999,0,mys2,Mysuru,2026-08-31T08:58:10.973385Z
ChIJj0qnDLxlrzsRLQ47Ba0ag5U,Ice Palace,places,en,74,12.27891295,76.63106834999999,12.2788621,76.63108729999999,0,mys2,Mysuru,2026-08-31T08:58:11.304452Z
ChIJe045T5xlrzsRIS26GW0OCOw,Mane Ruchi Mysuru,places,en,74,12.27891295,76.63106834999999,12.279748999999999,76.6301531,0,mys2,Mysuru,2026-08-31T08:58:11.304461Z
ChIJhzr5JABlrzsREa8JSEuYJRk,Prahanya bites,places,en,74,12.27891295,76.63106834999999,12.2799624,76.6297151,0,mys2,Mysuru,2026-08-31T08:58:11.304463Z
ChIJ0RbSxFBlrzsR061A4FmqWrg,Mysore Comforts Stay,places,en,74,12.27891295,76.63106834999999,12.2808576,76.6303551,0,mys2,Mysuru,2026-08-31T08:58:11.304465Z
ChIJC_ZPMQBlrzsRE8sN_rlot3U,Mysore Express,places,en,74,12.27891295,76.63106834999999,12.2813091,76.63067710000001,0,mys2,Mysuru,2026-08-31T08:58:11.304467Z
ChIJPxzYAY5lrzsRVGWiuCEH6P4,Behrouz Biryani Kuvempu Nagar,places,en,74,12.27891295,76.63106834999999,12.279565199999999,76.62859929999999,0,mys2,Mysuru,2026-08-31T08:58:11.304469Z
ChIJKQdBaWRlrzsRiVJGgqbBF58,SRI KRISHNA HOT CHIPS,places,en,75,12.260048099999999,76.6360009,12.260467799999999,76.6343338,0,mys2,Mysuru,2026-08-31T08:58:11.620532Z
ChIJj7UcUQBlrzsRlCmpGSz0chM,SMT Sri Mahalakshmi Tiffanies,places,en,75,12.260048099999999,76.6360009,12.261037199999999,76.63457389999999,0,mys2,Mysuru,2026-08-31T08:58:11.620540Z
ChIJfVHXCQBlrzsRQay_A-5-IEk,ಶರಣು Kitchen,places,en,75,12.260048099999999,76.6360009,12.260245399999999,76.6379901,0,mys2,Mysuru,2026-08-31T08:58:11.620543Z
ChIJT8aFuP1lrzsRFlF2ldXPSB0,KFDC Fish Stall,places,en,75,12.260048099999999,76.6360009,12.2613311,76.63445250000001,0,mys2,Mysuru,2026-08-31T08:58:11.620544Z
ChIJDfPoY9xlrzsRy91vyihB848,SLV VEG,places,en,75,12.260048099999999,76.6360009,12.261172799999999,76.6342568,0,mys2,Mysuru,2026-08-31T08:58:11.620546Z
ChIJYbyDbNVvrzsRlFqhUKhS318,DAX FOODS - Auteur Director's Cafe,places,en,76,12.261607399999999,76.6470714,12.2628863,76.6483461,0,mys2,Mysuru,2026-08-31T08:58:12.739266Z
ChIJx69tQaZvrzsRoZzKlsuZssI,Chiblu Idli shop,places,en,76,12.261607399999999,76.6470714,12.2627238,76.64557870000002,0,mys2,Mysuru,2026-08-31T08:58:12.739277Z
ChIJs_oWzG5vrzsRMtQGtrGWjEw,Roti bro restorent,places,en,76,12.261607399999999,76.6470714,12.262879,76.6456592,0,mys2,Mysuru,2026-08-31T08:58:12.739280Z
ChIJm3clRBxvrzsR84Hy8gNNzsM,Patli Kitchen,places,en,76,12.261607399999999,76.6470714,12.263154199999999,76.64524639999999,0,mys2,Mysuru,2026-08-31T08:58:12.739282Z
ChIJlbXoEcxvrzsRX29XaJcmH5A,VINAYAKA store,places,en,76,12.261607399999999,76.6470714,12.262876799999999,76.6450299,0,mys2,Mysuru,2026-08-31T08:58:12.739284Z
ChIJtcDCUwBvrzsRkmu9uhWx8-4,Sri Annapoorneshwari Fast Food,places,en,76,12.261607399999999,76.6470714,12.262794500000002,76.6448403,0,mys2,Mysuru,2026-08-31T08:58:12.739286Z
ChIJVwGcKlFvrzsRRyD29Ry19Zo,Egg corner,places,en,76,12.261607399999999,76.6470714,12.262063699999999,76.6444671,0,mys2,Mysuru,2026-08-31T08:58:12.739287Z
ChIJj8qqK6ZvrzsRG8XLu7cLc1A,Chandu's Dry Gobi Mushroom Pulav,places,en,76,12.261607399999999,76.6470714,12.2621636,76.6444862,0,mys2,Mysuru,2026-08-31T08:58:12.739289Z
ChIJvRjCL_hvrzsRf-Gjh3RiXIc,Srikanteshwara Churumuri center(Jayanth),places,en,76,12.261607399999999,76.6470714,12.2628472,76.6447099,0,mys2,Mysuru,2026-08-31T08:58:12.739291Z
ChIJC0c4kmtwrzsRQn5TwCApVO8,Southern Spice,places,en,77,12.3180539,76.6594045,12.317861299999999,76.65944329999999,0,mys2,Mysuru,2026-08-31T08:58:13.137275Z
ChIJWQvC6eVxrzsREQpOvJoGkKM,Fivelight Sharavana Bhavan,places,en,77,12.3180539,76.6594045,12.3184453,76.6595878,0,mys2,Mysuru,2026-08-31T08:58:13.137282Z
ChIJO-XTy45xrzsRQVCltyrHW9c,Best Biryani,places,en,77,12.3180539,76.6594045,12.3176458,76.6592431,0,mys2,Mysuru,2026-08-31T08:58:13.137285Z
ChIJqRwH7GtwrzsR2zlbFrOaf3s,Mahaveer veg restaurant,places,en,77,12.3180539,76.6594045,12.318572099999999,76.6594811,0,mys2,Mysuru,2026-08-31T08:58:13.137287Z
ChIJGQxJvRNxrzsRu_OCidzTeVQ,MAHAVEER PALACE INN,places,en,77,12.3180539,76.6594045,12.318566599999999,76.6595225,0,mys2,Mysuru,2026-08-31T08:58:13.137288Z
ChIJNWuFj2twrzsRG-OGlac7FuU,Hotel Preethi International,places,en,77,12.3180539,76.6594045,12.3175107,76.65926739999999,0,mys2,Mysuru,2026-08-31T08:58:13.137290Z
ChIJzeWr82twrzsRehNPfDlazUY,Rainbow Lodge,places,en,77,12.3180539,76.6594045,12.3179958,76.6587533,0,mys2,Mysuru,2026-08-31T08:58:13.137292Z
ChIJBYCa6mtwrzsRw91c4q-Mv3U,Hotel Shahi Darbar,places,en,77,12.3180539,76.6594045,12.318287699999999,76.6600418,0,mys2,Mysuru,2026-08-31T08:58:13.137293Z
ChIJMVR-nGVxrzsRKgxC3zEe_PQ,Lashkar hotel,places,en,77,12.3180539,76.6594045,12.319448,76.6598106,0,mys2,Mysuru,2026-08-31T08:58:13.137295Z
ChIJKbrj4ANxrzsRGGrXLhWgzTM,Ajwa Family Restaurant,places,en,77,12.3180539,76.6594045,12.3185621,76.6608452,0,mys2,Mysuru,2026-08-31T08:58:13.137296Z
ChIJd1Hj3mtwrzsRAAAAcP6Lhjw,Ali Chicken,places,en,77,12.3180539,76.6594045,12.3193728,76.6603241,0,mys2,Mysuru,2026-08-31T08:58:13.137298Z
ChIJme1mC7NxrzsRVXpKAbSj0-Y,Sadu hotel,places,en,77,12.3180539,76.6594045,12.3173795,76.6575076,0,mys2,Mysuru,2026-08-31T08:58:13.137299Z
ChIJP35SZWtwrzsR5ASaoykSPGo,Comfort Pavilion,places,en,77,12.3180539,76.6594045,12.3160112,76.6592756,0,mys2,Mysuru,2026-08-31T08:58:13.137301Z
ChIJPXGl1mtwrzsRuNgXBFqdTiU,LUCKY SAMOSA CENTER,places,en,77,12.3180539,76.6594045,12.319310399999999,76.6610888,0,mys2,Mysuru,2026-08-31T08:58:13.137302Z
ChIJ38l5bXZxrzsRf2vTGz-YIHI,Dose of Desserts,places,en,77,12.3180539,76.6594045,12.3163045,76.6581775,0,mys2,Mysuru,2026-08-31T08:58:13.137304Z
ChIJ0brkTqdxrzsRUpUcBUa7CAo,Nadans restaurant,places,en,77,12.3180539,76.6594045,12.318719699999999,76.6615058,0,mys2,Mysuru,2026-08-31T08:58:13.137305Z
ChIJOaK2imxwrzsR-lZd4hFxrdA,New Bombay Bhelpuri Chat Centre,places,en,77,12.3180539,76.6594045,12.3165483,76.6571783,0,mys2,Mysuru,2026-08-31T08:58:13.137306Z
ChIJWywoom5wrzsReMeJFWRaBgM,GOLDEN FISH & FRY CENTRE,places,en,77,12.3180539,76.6594045,12.3197777,76.65729979999999,0,mys2,Mysuru,2026-08-31T08:58:13.137308Z
ChIJoyWSpG5wrzsRXHxet2twQ6s,Hotel Quba Biryani Paradise,places,en,77,12.3180539,76.6594045,12.320034999999999,76.6575359,0,mys2,Mysuru,2026-08-31T08:58:13.137309Z
ChIJ-4ziMl9xrzsRA04maR9kGFE,IDLI Katte,places,en,78,12.3143306,76.6671678,12.313668199999999,76.6682852,0,mys2,Mysuru,2026-08-31T08:58:13.508872Z
ChIJkyy8dQBxrzsRy3wb0kZv7GU,Yuvraj Hotels,places,en,78,12.3143306,76.6671678,12.312822299999999,76.6678058,0,mys2,Mysuru,2026-08-31T08:58:13.508881Z
ChIJyTOUlvpxrzsRf5qQXYhcbaE,Goal Restaurant,places,en,78,12.3143306,76.6671678,12.3127897,76.6678172,0,mys2,Mysuru,2026-08-31T08:58:13.508884Z
ChIJ3xoODj9wrzsRgs0KQlkRIwg,VILLA PARK Mysuru,places,en,78,12.3143306,76.6671678,12.3127335,76.66773979999999,0,mys2,Mysuru,2026-08-31T08:58:13.508886Z
ChIJY8cszihxrzsRMRPBqy8NCDE,Srinivasa Tea Stall,places,en,78,12.3143306,76.6671678,12.313431,76.66507990000001,0,mys2,Mysuru,2026-08-31T08:58:13.508888Z
ChIJGwixEXBxrzsRPOrn_avFw4s,Tasty Corner,places,en,80,12.32522065,76.6742734,12.32556,76.6737345,0,mys2,Mysuru,2026-08-31T08:58:14.161069Z
ChIJkx_fsJRxrzsR8_Rn0O1J_VA,Red velvet desserts and caks,places,en,80,12.32522065,76.6742734,12.3251606,76.6735995,0,mys2,Mysuru,2026-08-31T08:58:14.161079Z
ChIJ_Rfhz3txrzsRUmf7osK3_JE,BROTHERS MINI RESTURANT,places,en,80,12.32522065,76.6742734,12.3247061,76.67381639999999,0,mys2,Mysuru,2026-08-31T08:58:14.161082Z
ChIJMxYDVVdxrzsRL1QMG0uGCgY,Fayaz Chat Centre,places,en,80,12.32522065,76.6742734,12.3244288,76.6743218,0,mys2,Mysuru,2026-08-31T08:58:14.161084Z
ChIJs3ufWrRxrzsRAUIJCB_LWNY,Mumbai Chai and Snacks - Udayagiri,places,en,80,12.32522065,76.6742734,12.3243928,76.6740068,0,mys2,Mysuru,2026-08-31T08:58:14.161086Z
ChIJ_fUXcp1xrzsRj5e-HVwkSw0,ABDUL ALEEM,places,en,80,12.32522065,76.6742734,12.3239922,76.6744188,0,mys2,Mysuru,2026-08-31T08:58:14.161088Z
ChIJZ1KSnuFxrzsRWlS8srMBL40,EL AFC FRIED CHICKEN RESTAURANT,places,en,80,12.32522065,76.6742734,12.3239729,76.6742084,0,mys2,Mysuru,2026-08-31T08:58:14.161089Z
ChIJLXfI9-pxrzsRG7JKQVGwhW4,Elahi Food Corner,places,en,80,12.32522065,76.6742734,12.326291399999999,76.67346180000001,0,mys2,Mysuru,2026-08-31T08:58:14.161091Z
ChIJ78OieRhxrzsREBU40yBlo6A,American Sweet Corn,places,en,80,12.32522065,76.6742734,12.3265841,76.67447059999999,0,mys2,Mysuru,2026-08-31T08:58:14.161093Z
ChIJVd63ekVwrzsRA3MQUXVwocE,Fresh Chicken Centre,places,en,80,12.32522065,76.6742734,12.323821299999999,76.6745256,0,mys2,Mysuru,2026-08-31T08:58:14.161095Z
ChIJCfK4ckVwrzsRKJXk3XYwMyI,Bilal Hotel,places,en,80,12.32522065,76.6742734,12.3237069,76.67459,0,mys2,Mysuru,2026-08-31T08:58:14.161096Z
ChIJW3Iqe0VwrzsRcB57ollgfgw,Arz Bakes & Snacks,places,en,80,12.32522065,76.6742734,12.323804899999999,76.675383,0,mys2,Mysuru,2026-08-31T08:58:14.161098Z
ChIJ3bGApkVwrzsRb4XAjPA1yB0,"Shree Mahalakshmi Sweets, Udhaygiri",places,en,80,12.32522065,76.6742734,12.3228226,76.67406439999999,0,mys2,Mysuru,2026-08-31T08:58:14.161100Z
ChIJAxRLqkVwrzsRE1-BF0iiTnU,Indira Canteen,places,en,80,12.32522065,76.6742734,12.322847099999999,76.6732876,0,mys2,Mysuru,2026-08-31T08:58:14.161101Z
ChIJS-Kj-uFxrzsRdKl8513_S0w,Fayaz Pasha,places,en,81,12.331025799999999,76.681726,12.330812799999999,76.6824029,0,mys2,Mysuru,2026-08-31T08:58:14.554364Z
ChIJY1-jzNdxrzsR6m8KjXTqGIM,TAUSIF CATERERS,places,en,81,12.331025799999999,76.681726,12.3306899,76.6824448,0,mys2,Mysuru,2026-08-31T08:58:14.554378Z
ChIJIWQDX29xrzsRolr6Hz3E-5k,SUMAIR CHICKEN SHOP,places,en,81,12.331025799999999,76.681726,12.3310325,76.6826372,0,mys2,Mysuru,2026-08-31T08:58:14.554383Z
ChIJkUCaDwBxrzsRePW20NM9GjU,Aameen,places,en,81,12.331025799999999,76.681726,12.329495099999999,76.6830042,0,mys2,Mysuru,2026-08-31T08:58:14.554386Z
ChIJyVM3qEpxrzsRp03qrIu69z8,IKRAM HOTEL,places,en,81,12.331025799999999,76.681726,12.333064799999999,76.6807384,0,mys2,Mysuru,2026-08-31T08:58:14.554389Z
ChIJpwfc0t5xrzsReYuvwtoFwks,Rest coffee caffe,places,en,81,12.331025799999999,76.681726,12.3321366,76.6796794,0,mys2,Mysuru,2026-08-31T08:58:14.554392Z
ChIJBzpZfQ5xrzsR9fF8p9NrQXc,SADIYA BANU,places,en,81,12.331025799999999,76.681726,12.3333059,76.6804866,0,mys2,Mysuru,2026-08-31T08:58:14.554395Z
ChIJJ4V5ZQBxrzsRN9HyCp5LrbM,A1 hotel mysore,places,en,81,12.331025799999999,76.681726,12.3331913,76.68022549999999,0,mys2,Mysuru,2026-08-31T08:58:14.554397Z
ChIJ82GKMk5xrzsR7wagHQEDTFo,Fresh N Fine,places,en,82,12.3370911,76.6662836,12.338289099999999,76.6650059,0,mys2,Mysuru,2026-08-31T08:58:14.872564Z
ChIJx3AZ4l9wrzsRduukbUARZs4,H.K.G.N. CHICKEN CENTER,places,en,82,12.3370911,76.6662836,12.3355813,76.6645211,0,mys2,Mysuru,2026-08-31T08:58:14.872574Z
ChIJQ_JdcMpxrzsRZzjj17jH3VU,ಶ್ರೀ ನಂಜುಂಡೇಶ್ವರ ಸ್ಟೋರ್,places,en,83,12.31555795,76.69123110000001,12.314944299999999,76.6911714,0,mys2,Mysuru,2026-08-31T08:58:15.217447Z
ChIJkWJIlZVxrzsRb7fdZQIIj6M,BEERESHWARA CHATS,places,en,83,12.31555795,76.69123110000001,12.3160864,76.6925438,0,mys2,Mysuru,2026-08-31T08:58:15.217460Z
ChIJfx0zSMpxrzsRAAAA0L1lq08,J.m .refreshment,places,en,83,12.31555795,76.69123110000001,12.313255999999999,76.691744,0,mys2,Mysuru,2026-08-31T08:58:15.217463Z
ChIJddXd2BJxrzsRmh1lKW9hy4A,Chatar Patar ಚಟರ್ ಪಟರ್,places,en,83,12.31555795,76.69123110000001,12.317625099999999,76.6925225,0,mys2,Mysuru,2026-08-31T08:58:15.217465Z
ChIJ_V6TqEpwrzsRRG_BTS5pWTI,SREE CHAMUNDESHWARI TIFFANYS,places,en,84,12.315229800000001,76.6870153,12.315471899999999,76.6868224,0,mys2,Mysuru,2026-08-31T08:58:15.616171Z
ChIJk633yUNxrzsRU0BtKVifeR4,Sathish Gobi Manchurian,places,en,84,12.315229800000001,76.6870153,12.3146003,76.6867556,0,mys2,Mysuru,2026-08-31T08:58:15.616189Z
ChIJJZ0U9mtxrzsRx8B2mAfxx6Q,BABYCORN CHATS AND FAST FOOD,places,en,84,12.315229800000001,76.6870153,12.3135067,76.6883398,0,mys2,Mysuru,2026-08-31T08:58:15.616194Z
ChIJHxsyOwBxrzsRcK47Fc9FkHo,Hoovamma Idli Hotel,places,en,84,12.315229800000001,76.6870153,12.3164958,76.68500670000002,0,mys2,Mysuru,2026-08-31T08:58:15.616197Z
ChIJE2_5gDVwrzsRZP_mqiElTVw,ಶ್ರೀ ಅಂಕನಾಥೇಶ್ವರ ಪ್ರಾವಿಷನ್ ಸೋರ್,places,en,84,12.315229800000001,76.6870153,12.3150154,76.6843834,0,mys2,Mysuru,2026-08-31T08:58:15.616201Z
ChIJe_VQYABxrzsRY2wOsqSlIJw,Chamundeshwari Tea corner,places,en,84,12.315229800000001,76.6870153,12.3127404,76.68612399999999,0,mys2,Mysuru,2026-08-31T08:58:15.616204Z
ChIJlUXjJERxrzsRCPQbLV98_2k,Abhi health chicken,places,en,84,12.315229800000001,76.6870153,12.3126892,76.68617549999999,0,mys2,Mysuru,2026-08-31T08:58:15.616206Z
ChIJL4qycyxxrzsRo2mVgRuEpC8,M N chat centre VINAY,places,en,85,12.333348999999998,76.68754254999999,12.333740599999999,76.6869534,0,mys2,Mysuru,2026-08-31T08:58:15.962565Z
ChIJbRoOVQBxrzsRMPc-B4G5fEk,MSK Fish Kabab center,places,en,85,12.333348999999998,76.68754254999999,12.3335911,76.68605649999999,0,mys2,Mysuru,2026-08-31T08:58:15.962573Z
ChIJ8XUTNQBxrzsROmSevLDoCPk,Arabian dream restaurant,places,en,85,12.333348999999998,76.68754254999999,12.3339482,76.6857168,0,mys2,Mysuru,2026-08-31T08:58:15.962576Z
ChIJc9347lRwrzsRysg8_RfPgbY,PRIME CHICKEN,places,en,85,12.333348999999998,76.68754254999999,12.333922200000002,76.6854944,0,mys2,Mysuru,2026-08-31T08:58:15.962578Z
ChIJd-QvvaxxrzsRHr-wZhte1vk,SUSHI'S DOSA POINT,places,en,85,12.333348999999998,76.68754254999999,12.3314448,76.6887768,0,mys2,Mysuru,2026-08-31T08:58:15.962581Z
ChIJmzIaRVxxrzsRfE9ATDohh6A,Burger House,places,en,85,12.333348999999998,76.68754254999999,12.332557399999999,76.68520509999999,0,mys2,Mysuru,2026-08-31T08:58:15.962582Z
ChIJg2xe5zdxrzsRORvOQ6YNIjo,SYED ARBAZ KHAN,places,en,86,12.3273396,76.68721525000001,12.3277115,76.6871834,0,mys2,Mysuru,2026-08-31T08:58:16.275532Z
ChIJLUyOqrJxrzsR7SvCF-CFblA,Pakeeza Kabab Center,places,en,86,12.3273396,76.68721525000001,12.3264692,76.68761310000001,0,mys2,Mysuru,2026-08-31T08:58:16.275539Z
ChIJjYF85lJwrzsR7mnTpT1gj1Q,Mezabani Tea Stall And Beef Kabab Center,places,en,86,12.3273396,76.68721525000001,12.328710899999999,76.6858326,0,mys2,Mysuru,2026-08-31T08:58:16.275542Z
ChIJ2-l0NH1xrzsRLZJz3VQJSuM,Zam Zam Fast Food,places,en,86,12.3273396,76.68721525000001,12.325468899999999,76.68682869999999,0,mys2,Mysuru,2026-08-31T08:58:16.275543Z
ChIJfYpDuHJxrzsRZlu5mxi8mC0,Rustic Nature Fast Food Restaurant,places,en,86,12.3273396,76.68721525000001,12.329093499999999,76.68593740000001,0,mys2,Mysuru,2026-08-31T08:58:16.275545Z
ChIJC9qX-lJwrzsRaA_UPYXoywc,NEW TIPPU HOTEL,places,en,86,12.3273396,76.68721525000001,12.3285289,76.68520769999999,0,mys2,Mysuru,2026-08-31T08:58:16.275546Z
ChIJKy-iCQBxrzsRr1_yI46zzo0,TS Fish House,places,en,86,12.3273396,76.68721525000001,12.327305299999999,76.6895821,0,mys2,Mysuru,2026-08-31T08:58:16.275547Z
ChIJW7auMwBxrzsRxmiSx6i_G9U,Sea samudra,places,en,86,12.3273396,76.68721525000001,12.328277499999999,76.6850205,0,mys2,Mysuru,2026-08-31T08:58:16.275548Z
ChIJsVJTlzVxrzsRpGb3Fg5QS6g,Tippu Kanbab Centre,places,en,86,12.3273396,76.68721525000001,12.328316,76.68492030000002,0,mys2,Mysuru,2026-08-31T08:58:16.275550Z
ChIJmf6wykxxrzsRnLx4Rh_68vM,BISMILLA FAST FOOD HOTEL,places,en,86,12.3273396,76.68721525000001,12.3288108,76.6851843,0,mys2,Mysuru,2026-08-31T08:58:16.275551Z
ChIJUUuk-1JwrzsRXnmD_w_hksM,HILLTOP BAR & RESTAURANT,places,en,86,12.3273396,76.68721525000001,12.3287318,76.68509499999999,0,mys2,Mysuru,2026-08-31T08:58:16.275552Z
ChIJ42Fym8pxrzsRFhiEN-92elo,Bismillah Hotel,places,en,86,12.3273396,76.68721525000001,12.3271261,76.6897687,0,mys2,Mysuru,2026-08-31T08:58:16.275553Z
ChIJbVgROsxxrzsRzDgEHgtnJe0,NEW TAJ HOTEL,places,en,86,12.3273396,76.68721525000001,12.3281756,76.6847365,0,mys2,Mysuru,2026-08-31T08:58:16.275554Z
ChIJrwTzmpRxrzsR3LKG2Zw-F4Q,HOTEL TIPPU TAJ FAMILY RESTAURANT,places,en,86,12.3273396,76.68721525000001,12.328325099999999,76.68465979999999,0,mys2,Mysuru,2026-08-31T08:58:16.275555Z
ChIJ7-xR9TNxrzsRa5kP_i988ZQ,Mysuru Coffee Day,places,en,87,12.32109105,76.68989125,12.31981,76.6902649,0,mys2,Mysuru,2026-08-31T08:58:16.653665Z
ChIJGXI7audxrzsRS8US2_SimGk,Saptagiri Churmuri Ghats,places,en,87,12.32109105,76.68989125,12.320183499999999,76.6887443,0,mys2,Mysuru,2026-08-31T08:58:16.653675Z
ChIJZUOo7d5xrzsRpzllmxpNMfQ,Moped Momos,places,en,87,12.32109105,76.68989125,12.320266799999999,76.6911451,0,mys2,Mysuru,2026-08-31T08:58:16.653678Z
ChIJkapKItpxrzsRQoHh6kxil6I,A1 DUM BIRYANI,places,en,87,12.32109105,76.68989125,12.3204273,76.6912515,0,mys2,Mysuru,2026-08-31T08:58:16.653680Z
ChIJz7JkgJ17rzsRB4OYM7RHL0I,Domino's Pizza,places,en,87,12.32109105,76.68989125,12.320637699999999,76.69137649999999,0,mys2,Mysuru,2026-08-31T08:58:16.653683Z
ChIJ-UE7NQBxrzsRtOrujuHFNqo,Siri mane,places,en,87,12.32109105,76.68989125,12.321363999999999,76.691475,0,mys2,Mysuru,2026-08-31T08:58:16.653685Z
ChIJbyxSbrRxrzsRm09Jamjhsq4,Royal chicken,places,en,87,12.32109105,76.68989125,12.320262,76.69127999999999,0,mys2,Mysuru,2026-08-31T08:58:16.653687Z
ChIJS8iFi7NxrzsRhMOJ4sm3_Xc,BUSWI CHATS FAST FOOD,places,en,87,12.32109105,76.68989125,12.321471599999999,76.691581,0,mys2,Mysuru,2026-08-31T08:58:16.653689Z
ChIJpeWcqOBxrzsRFSSVBGqqfBk,Sri Vinayaka Refreshment,places,en,87,12.32109105,76.68989125,12.320457399999999,76.69167879999999,0,mys2,Mysuru,2026-08-31T08:58:16.653691Z
ChIJJYL5Pb1xrzsRBjywIUu7ZgA,Mayura Restaurant,places,en,87,12.32109105,76.68989125,12.3198203,76.6918991,0,mys2,Mysuru,2026-08-31T08:58:16.653693Z
ChIJOQehNrNxrzsR64NIFm8mduw,Khan Kabab Center,places,en,87,12.32109105,76.68989125,12.322608599999999,76.6878438,0,mys2,Mysuru,2026-08-31T08:58:16.653695Z
ChIJ4641YABxrzsR1K7UBFt8bbw,PohaCraft – by Chef Kindle Kiran,places,en,88,12.31759925,76.69946734999999,12.3185207,76.6974956,0,mys2,Mysuru,2026-08-31T08:58:16.959612Z
ChIJ-bU0veCPpTsReMM2MCmMb80,Maruti cake palace,places,en,89,12.20343175,76.33365785000001,12.203112299999999,76.3343117,0,mys2,Mysuru,2026-08-31T08:58:17.294667Z
ChIJa0saOj5xrzsRJYMZ_O6GWRA,ROTI BOSS,places,en,92,12.2954367,76.6458283,12.2947549,76.6460807,0,mys2,Mysuru,2026-08-31T08:58:18.311650Z
ChIJszvSnRFxrzsRAQMcflzNfK0,Dhruthi Fast Food (Non veg),places,en,92,12.2954367,76.6458283,12.2946783,76.6462667,0,mys2,Mysuru,2026-08-31T08:58:18.311658Z
ChIJ3_rEWgBxrzsRYhP8hJrNsSs,Parishrama kitchen,places,en,92,12.2954367,76.6458283,12.294666099999999,76.6463315,0,mys2,Mysuru,2026-08-31T08:58:18.311661Z
ChIJgYFnIgBxrzsRFlZIsLP-JXg,Prakash Fast Food,places,en,92,12.2954367,76.6458283,12.2946137,76.646554,0,mys2,Mysuru,2026-08-31T08:58:18.311663Z
ChIJ-0oJ2m5xrzsR_Rf8cX6rduI,Salt Restaurant,places,en,92,12.2954367,76.6458283,12.294141699999999,76.6454792,0,mys2,Mysuru,2026-08-31T08:58:18.311664Z
ChIJxyMAGxpxrzsRs9RjV9xDzSo,Panchavati Gardenia Veg restaurant,places,en,92,12.2954367,76.6458283,12.2946406,76.6443536,0,mys2,Mysuru,2026-08-31T08:58:18.311666Z
ChIJnYQ0AL1xrzsRwMzQUGnBvG4,Abhi Juice & Chats,places,en,92,12.2954367,76.6458283,12.2943337,76.6481797,0,mys2,Mysuru,2026-08-31T08:58:18.311667Z
ChIJEctfLgBxrzsReObrVPfrvZM,Ashwini Food & Chats,places,en,92,12.2954367,76.6458283,12.294294599999999,76.6482217,0,mys2,Mysuru,2026-08-31T08:58:18.311668Z
ChIJSYKrQe5xrzsRKopoooD5SGI,Kuk-Doo-Koo Kitchen ( Cloud Kitchen),places,en,92,12.2954367,76.6458283,12.297449799999999,76.64752419999999,0,mys2,Mysuru,2026-08-31T08:58:18.311670Z
ChIJSYxykWR7rzsRfgkBwmS5YOg,Heramba mane ruchi,places,en,94,12.2732537,76.62922025,12.2733323,76.63003259999999,0,mys2,Mysuru,2026-08-31T08:58:18.932538Z
ChIJmUr_JwBlrzsRTF1bHsi2ADE,ಉತ್ತರ ಕರ್ನಾಟಕದ ತಿಂಡಿ,places,en,94,12.2732537,76.62922025,12.273235399999999,76.62786919999999,0,mys2,Mysuru,2026-08-31T08:58:18.932547Z
ChIJZ1bCg0p7rzsRCJiq7tJo9zE,Bhatra Mane,places,en,94,12.2732537,76.62922025,12.2729944,76.63058079999999,0,mys2,Mysuru,2026-08-31T08:58:18.932550Z
ChIJ2cj57iUTrzsR9gezWu9S7tE,Basavarajappa Hotel,places,en,103,12.275903249999999,76.85719234999999,12.273517199999999,76.8561264,0,mys2,Mysuru,2026-08-31T08:58:22.201813Z
ChIJRXBoRQBzrzsREgeAGCgneu0,HARSHAVARDANA Chicken center,places,en,105,12.31318735,76.8132227,12.3122441,76.8133198,0,mys2,Mysuru,2026-08-31T08:58:22.815995Z
ChIJt9qIee9vrzsRWbiT9tAL_hI,ಶ್ರೀ ಶಿವರಹ ಫೆನಾನ್ ಕಾರ್ಪೊರೇಷನ್ (ರಿ),places,en,107,12.27861695,76.6554192,12.279582800000002,76.65605169999999,0,mys2,Mysuru,2026-08-31T08:58:23.470793Z
ChIJa_dEY0Z7rzsRru8fa3xzsw4,Beegara Mane Baabuta,places,en,108,12.33028285,76.6142394,12.330089899999999,76.6151914,0,mys2,Mysuru,2026-08-31T08:58:23.785342Z
ChIJs1Q8qfV6rzsRhhgLq7qo6h8,Simply Kodavas,places,en,108,12.33028285,76.6142394,12.331756100000002,76.61485429999999,0,mys2,Mysuru,2026-08-31T08:58:23.785353Z
ChIJt1O3MW17rzsRVJ23p5kaIgQ,H cube cafe and Restaurant,places,en,108,12.33028285,76.6142394,12.329079499999999,76.6158061,0,mys2,Mysuru,2026-08-31T08:58:23.785357Z
ChIJ-UrlMAB7rzsR9H7M7t-69pU,Pallavi Churmuri Chats,places,en,108,12.33028285,76.6142394,12.3300191,76.6167212,0,mys2,Mysuru,2026-08-31T08:58:23.785360Z
ChIJyYgEfgB7rzsRI9HphKGQSBM,MYSURU COFFEE BAR,places,en,108,12.33028285,76.6142394,12.328671,76.61204169999999,0,mys2,Mysuru,2026-08-31T08:58:23.785363Z
ChIJU4j9NW57rzsRtk1TOhbIImc,SINGH TASTY CORNER,places,en,109,12.33949475,76.6123536,12.339418,76.6124014,0,mys2,Mysuru,2026-08-31T08:58:25.178110Z
ChIJw3Wee1h7rzsRiR_0GW--auc,WrapWell Healthy Organic Wraps & rolls,places,en,109,12.33949475,76.6123536,12.3389439,76.6132715,0,mys2,Mysuru,2026-08-31T08:58:25.178118Z
ChIJ9ZTxxJp7rzsRyZ5Vqb5AfqQ,Vipin Chat Center,places,en,109,12.33949475,76.6123536,12.3400663,76.61337320000001,0,mys2,Mysuru,2026-08-31T08:58:25.178121Z
ChIJ2Zw2ME57rzsRoBUoarjG2z4,The Melt House,places,en,109,12.33949475,76.6123536,12.338521499999999,76.6113792,0,mys2,Mysuru,2026-08-31T08:58:25.178124Z
ChIJi3wpxSt7rzsRemt8lCOg19Q,Dr’s Coffee,places,en,109,12.33949475,76.6123536,12.3385111,76.6112521,0,mys2,Mysuru,2026-08-31T08:58:25.178126Z
ChIJayPQuyC-5zsRYKSU8IB_vGo,"Domino's Pizza | Vijayanagara, Mysore",places,en,109,12.33949475,76.6123536,12.3380619,76.61103589999999,0,mys2,Mysuru,2026-08-31T08:58:25.178128Z
ChIJYWhHcHx7rzsRte8i1OHzM-w,Thindi Coffee,places,en,109,12.33949475,76.6123536,12.338121099999999,76.6137746,0,mys2,Mysuru,2026-08-31T08:58:25.178130Z
ChIJ9eOOTAB7rzsR9u9IGpowkiw,Gundu soude ole fish adda,places,en,109,12.33949475,76.6123536,12.3376317,76.6135583,0,mys2,Mysuru,2026-08-31T08:58:25.178131Z
ChIJ67mkTM57rzsRubBB07xFxLo,Mysore chakna adda - Mysore madike biriyani,places,en,109,12.33949475,76.6123536,12.3376652,76.61362760000002,0,mys2,Mysuru,2026-08-31T08:58:25.178133Z
ChIJlW9XWAB7rzsRRVdu6SukSlU,Pallavi churmuri chats,places,en,109,12.33949475,76.6123536,12.337318,76.6119391,0,mys2,Mysuru,2026-08-31T08:58:25.178135Z
ChIJM4fkVRp7rzsRI2l-zvmFT1U,Naati Bytes,places,en,109,12.33949475,76.6123536,12.3372412,76.61230549999999,0,mys2,Mysuru,2026-08-31T08:58:25.178137Z
ChIJmQ2MAQB7rzsRXFXJFXJUurI,Kudla brothers kitchen,places,en,109,12.33949475,76.6123536,12.3373911,76.6133339,0,mys2,Mysuru,2026-08-31T08:58:25.178138Z
ChIJyVMnX4Z7rzsRDzoFwwnMYS0,Ivory Multicuisine Fine Dine Restaurant,places,en,109,12.33949475,76.6123536,12.3380816,76.6104356,0,mys2,Mysuru,2026-08-31T08:58:25.178140Z
ChIJS6xlgLJ7rzsRJRV348CtAA4,Polar Bear Ice Cream Sundaes - Mysuru Vijayanagar,places,en,109,12.33949475,76.6123536,12.3381468,76.61442439999999,0,mys2,Mysuru,2026-08-31T08:58:25.178142Z
ChIJjXSaUQB7rzsRXfzEgOzZmQU,Mane Pulao,places,en,109,12.33949475,76.6123536,12.3395171,76.61488820000001,0,mys2,Mysuru,2026-08-31T08:58:25.178144Z
ChIJ-c-A4C97rzsRImHwmvqafNg,Vijayanagar Chat Park,places,en,109,12.33949475,76.6123536,12.337612499999999,76.6140815,0,mys2,Mysuru,2026-08-31T08:58:25.178146Z
ChIJbVasFKh7rzsRUM1Jf-KsC0Q,V V Momos,places,en,109,12.33949475,76.6123536,12.3378201,76.61431449999999,0,mys2,Mysuru,2026-08-31T08:58:25.178147Z
ChIJgfMpVAB7rzsRUS8CdKd4RrY,"Kucchu beech,s fast food",places,en,109,12.33949475,76.6123536,12.337795,76.614319,0,mys2,Mysuru,2026-08-31T08:58:25.178149Z
ChIJU8d0UT57rzsRx_6cqfgauKM,Arer Pizza Vijayanagar,places,en,109,12.33949475,76.6123536,12.3378224,76.6143551,0,mys2,Mysuru,2026-08-31T08:58:25.178151Z
ChIJUyfUuFl7rzsR-ert07KKe-U,Mysuru bites 3,places,en,109,12.33949475,76.6123536,12.3374943,76.61406939999999,0,mys2,Mysuru,2026-08-31T08:58:25.178153Z
ChIJPTtcBGh6rzsRHvdrXbvwpkg,HOTEL NANDANA,places,en,110,12.34556045,76.61938155,12.3453997,76.6186517,0,mys2,Mysuru,2026-08-31T08:58:25.570155Z
ChIJc5dUB2h6rzsRGOTXspbf0Kg,Hotel Shri Hari Prasad,places,en,110,12.34556045,76.61938155,12.345494799999999,76.6186027,0,mys2,Mysuru,2026-08-31T08:58:25.570180Z
ChIJVfh9E1B7rzsROusHYHPNeCg,ADITHYA PRASAD,places,en,110,12.34556045,76.61938155,12.3455659,76.6185169,0,mys2,Mysuru,2026-08-31T08:58:25.570186Z
ChIJFxY1Gs57rzsRPij1uyGVHXs,Sri chamundeshwari multi kushan family restaurant,places,en,110,12.34556045,76.61938155,12.3449314,76.6187233,0,mys2,Mysuru,2026-08-31T08:58:25.570190Z
ChIJIw65wOx7rzsR8NSzleAKs3c,Cauvery Mess ( Rs 50 Mess),places,en,110,12.34556045,76.61938155,12.3451235,76.6184457,0,mys2,Mysuru,2026-08-31T08:58:25.570194Z
ChIJY_xYxml7rzsRly0Y113DD9w,369 SAMRUDDHI,places,en,110,12.34556045,76.61938155,12.346185799999999,76.6184049,0,mys2,Mysuru,2026-08-31T08:58:25.570198Z
ChIJTwSkGGh6rzsRWlUbeipjtjA,Apoorva Bar And Restaurant,places,en,110,12.34556045,76.61938155,12.346551400000001,76.6184498,0,mys2,Mysuru,2026-08-31T08:58:25.570202Z
ChIJJ0X6vlZ7rzsRomE2FGOYSK4,Hanuman Samosa Center sukh ji,places,en,110,12.34556045,76.61938155,12.344415,76.6184535,0,mys2,Mysuru,2026-08-31T08:58:25.570207Z
ChIJR5m6aMd7rzsR0bMih-AB2cQ,Ahalya Hotel,places,en,110,12.34556045,76.61938155,12.344657699999999,76.6181526,0,mys2,Mysuru,2026-08-31T08:58:25.570211Z
ChIJAQHVimd6rzsR-tfVh3SPaC4,CHATPATA HOUSE,places,en,110,12.34556045,76.61938155,12.3440912,76.61836579999999,0,mys2,Mysuru,2026-08-31T08:58:25.570214Z
ChIJDdfFPsl7rzsRHm2_lSXbehg,NJ CHICKEN'S,places,en,110,12.34556045,76.61938155,12.3442516,76.62082149999999,0,mys2,Mysuru,2026-08-31T08:58:25.570218Z
ChIJydNBxSR7rzsRmK_S1yej5FQ,Yogeshwari Biriyani,places,en,110,12.34556045,76.61938155,12.3436986,76.6183291,0,mys2,Mysuru,2026-08-31T08:58:25.570224Z
ChIJfZzkv4J7rzsRJ9sAYJo_eVQ,Chef's Biryani - Taste of Mysuru,places,en,110,12.34556045,76.61938155,12.343319699999999,76.6189725,0,mys2,Mysuru,2026-08-31T08:58:25.570228Z
ChIJq-JNBS17rzsRgPELrk9ja8A,SRI CHAMUNDESHWARI GOBI CORNER,places,en,110,12.34556045,76.61938155,12.3453477,76.61694650000001,0,mys2,Mysuru,2026-08-31T08:58:25.570231Z
ChIJ8TupeAB7rzsR-5WVjLcuBGo,The famous Anjanadri Gobi centre ದೀ ಫೇಮಸ್ಅಂಜನಾದ್ರಿ ಗೋಬಿ ಸೆಂಟರ್,places,en,110,12.34556045,76.61938155,12.344265300000002,76.6215048,0,mys2,Mysuru,2026-08-31T08:58:25.570236Z
ChIJb9yeOwV7rzsRk9F7RAcG3eE,SSS Bajji house,places,en,110,12.34556045,76.61938155,12.3433823,76.61796129999999,0,mys2,Mysuru,2026-08-31T08:58:25.570240Z
ChIJZ3bofF16rzsRUcgGdxeVOpU,Mahalakshmi Bar and Restaurant,places,en,110,12.34556045,76.61938155,12.3432892,76.6179392,0,mys2,Mysuru,2026-08-31T08:58:25.570243Z
ChIJx3wSIH9xrzsRX4JFkNT0JtY,Srs kitchen,places,en,111,12.34226355,76.66490485,12.3410338,76.66566399999999,0,mys2,Mysuru,2026-08-31T08:58:25.929530Z
ChIJpeoZSJpxrzsRFJ0gyl69I54,RAVI GOBI CENTER Mr RAVIKUMAR,places,en,111,12.34226355,76.66490485,12.341562099999999,76.6669848,0,mys2,Mysuru,2026-08-31T08:58:25.929542Z
ChIJUbm11wZxrzsRkuTKaaUlpmQ,Malabari Resto Cafe,places,en,111,12.34226355,76.66490485,12.342217,76.6672509,0,mys2,Mysuru,2026-08-31T08:58:25.929547Z
ChIJLfAlVB9xrzsRR5dmI8WkvjE,DAS BAKES & SNACKS,places,en,111,12.34226355,76.66490485,12.3424882,76.6672451,0,mys2,Mysuru,2026-08-31T08:58:25.929550Z
ChIJn-M3UwBxrzsRhWNPvEupxsU,MEHBOOB'S KITCHEN,places,en,111,12.34226355,76.66490485,12.341351,76.66708349999999,0,mys2,Mysuru,2026-08-31T08:58:25.929553Z
ChIJA8GNr9lxrzsRx_euKY61Wnc,ROYAL BAKES CAKE MANE,places,en,111,12.34226355,76.66490485,12.342445500000002,76.66733239999999,0,mys2,Mysuru,2026-08-31T08:58:25.929556Z
ChIJkZvOSfVwrzsRYgKRa6McHMQ,Sayanth bandar,places,en,111,12.34226355,76.66490485,12.3433127,76.6672315,0,mys2,Mysuru,2026-08-31T08:58:25.929558Z
ChIJhdnFj3sNrzsRGi1CBSW5Jy0,Akram Kabab Centre,places,en,113,12.3438476,76.85306415,12.3439636,76.85230159999999,0,mys2,Mysuru,2026-08-31T08:58:26.619969Z
ChIJE1JZni9orzsRSXQ-GF_HH0c,Bismillah Hotel,places,en,116,12.12264935,76.67608115,12.1218899,76.6771223,0,mys2,Mysuru,2026-08-31T08:58:27.566681Z
ChIJm9QyW3NprzsR7i0jKdx0c68,Hotel New Drivers,places,en,116,12.12264935,76.67608115,12.122080299999999,76.6774294,0,mys2,Mysuru,2026-08-31T08:58:27.566689Z
ChIJn3I6nLNprzsRib_RSRorcbA,Dhanush Gobi Center,places,en,116,12.12264935,76.67608115,12.1210602,76.6763319,0,mys2,Mysuru,2026-08-31T08:58:27.566691Z
ChIJPUlPaQBprzsR91IooB4be3Y,Domino's Pizza | Nanjangud,places,en,116,12.12264935,76.67608115,12.122944799999999,76.67775,0,mys2,Mysuru,2026-08-31T08:58:27.566693Z
ChIJnbgWjyVorzsRKTQ8rwVj0OE,Lemon Tree,places,en,116,12.12264935,76.67608115,12.120820499999999,76.67545199999999,0,mys2,Mysuru,2026-08-31T08:58:27.566695Z
ChIJW1m7Ei9orzsRMVSWarAZd8Q,Darbar Hotel,places,en,116,12.12264935,76.67608115,12.120983800000001,76.6774319,0,mys2,Mysuru,2026-08-31T08:58:27.566696Z
ChIJ201EyQtprzsRt6vMeXhsytE,BROTHERS FAST FOOD,places,en,116,12.12264935,76.67608115,12.1206888,76.6769498,0,mys2,Mysuru,2026-08-31T08:58:27.566698Z
ChIJi98D7BVprzsRklzbQsg9yuI,FOOD BEES FAMILY RESTAURANT,places,en,116,12.12264935,76.67608115,12.1207897,76.6773286,0,mys2,Mysuru,2026-08-31T08:58:27.566699Z
ChIJ-4CxZQBprzsRvPwzjWanmEI,Hotel Navami Udupi Upahara (Pure Veg),places,en,116,12.12264935,76.67608115,12.1200535,76.6757899,0,mys2,Mysuru,2026-08-31T08:58:27.566701Z
ChIJwR-k-qh7rzsRdDWeoCXFP-8,DUM BIRYANI HOUSE & FRESH JUICE BAR,places,en,119,12.3348441,76.5870166,12.336029499999999,76.5857131,0,mys2,Mysuru,2026-08-31T08:58:29.331469Z
ChIJmUFW4A57rzsRM6kJZHRVPwA,New dosa point,places,en,119,12.3348441,76.5870166,12.3361858,76.5856558,0,mys2,Mysuru,2026-08-31T08:58:29.331475Z
ChIJwV6-h817rzsRC1kRMZ-BWWw,Lime Light,places,en,119,12.3348441,76.5870166,12.3361808,76.5884793,0,mys2,Mysuru,2026-08-31T08:58:29.331477Z
ChIJMWqavR17rzsRiOF69lIIg1M,S V R CHICKEN CENTER,places,en,119,12.3348441,76.5870166,12.3338053,76.584591,0,mys2,Mysuru,2026-08-31T08:58:29.331479Z
ChIJSz6_nDF7rzsRc0RW_rLwW44,SRI RAGHAVENDRA TIFFANIS - ಶ್ರೀ ರಾಘವೇಂದ್ರ ಟಿಫಾನಿಸ್,places,en,119,12.3348441,76.5870166,12.3337645,76.58456580000001,0,mys2,Mysuru,2026-08-31T08:58:29.331481Z
ChIJt-fVPAAJpTsRvsWnWP0s9Pg,Hotel Jubliee,places,en,121,12.452268199999999,75.96973395,12.453549899999999,75.96827859999999,0,mys2,Mysuru,2026-08-31T08:58:29.957093Z
ChIJ2eU9FcIJpTsR5jUhiDrfXkE,Hotel Coorg Fish Land,places,en,121,12.452268199999999,75.96973395,12.4508798,75.9682121,0,mys2,Mysuru,2026-08-31T08:58:29.957099Z
ChIJkTXpK8IJpTsR3a5ARZE4mc8,Top in Town - Nakshatra,places,en,121,12.452268199999999,75.96973395,12.451569600000001,75.9676767,0,mys2,Mysuru,2026-08-31T08:58:29.957101Z
ChIJzWHDnHIJpTsRx7XQSMC0O1o,Kodagina Resto Cafe,places,en,121,12.452268199999999,75.96973395,12.4517476,75.9674556,0,mys2,Mysuru,2026-08-31T08:58:29.957103Z
ChIJGeO1BQAJpTsRaBv3p2TIGSo,Hotel Coorg cafeteria,places,en,121,12.452268199999999,75.96973395,12.451780399999999,75.9673825,0,mys2,Mysuru,2026-08-31T08:58:29.957104Z
ChIJX92hx0UJpTsRTBJSX9s0Eh0,American fried chicken restaurant (AFC) KUSHAL NAGAR,places,en,121,12.452268199999999,75.96973395,12.451864899999999,75.9672563,0,mys2,Mysuru,2026-08-31T08:58:29.957106Z
ChIJXSUeKOgJpTsRrc5xgA7LegA,Hotel Top In Town,places,en,121,12.452268199999999,75.96973395,12.449715699999999,75.9692362,0,mys2,Mysuru,2026-08-31T08:58:29.957107Z
ChIJX9F90_oJpTsR8ELnEIL1-K4,Coorg pork hotel kushalnagar,places,en,121,12.452268199999999,75.96973395,12.4496903,75.9691976,0,mys2,Mysuru,2026-08-31T08:58:29.957108Z
ChIJ-0vtJX9wrzsRBDl1dJ5ss30,Jolad Rotti Lunch Mess,places,en,122,12.33170195,76.64307655,12.330705100000001,76.6437092,0,mys2,Mysuru,2026-08-31T08:58:30.514074Z
ChIJgSRXqs1xrzsR_XihBMiJep0,Lemon Three Office,places,en,122,12.33170195,76.64307655,12.332261899999999,76.6413946,0,mys2,Mysuru,2026-08-31T08:58:30.514083Z
ChIJ_fQhXdVxrzsRxcdbeO6b5Js,Grilliez,places,en,122,12.33170195,76.64307655,12.3307621,76.6453051,0,mys2,Mysuru,2026-08-31T08:58:30.514085Z
ChIJZflfe-5xrzsRaaGEX5V4usk,La Uppu - Grand Mercure Mysuru,places,en,122,12.33170195,76.64307655,12.330374299999999,76.64515879999999,0,mys2,Mysuru,2026-08-31T08:58:30.514087Z
ChIJNwC4HQBxrzsRpn_DbokJK2c,Arun chats centre,places,en,122,12.33170195,76.64307655,12.3303608,76.64517160000001,0,mys2,Mysuru,2026-08-31T08:58:30.514088Z
ChIJf_ape5lxrzsR9lX-3BgSQ7Y,By the Blue,places,en,122,12.33170195,76.64307655,12.330361199999999,76.64519899999999,0,mys2,Mysuru,2026-08-31T08:58:30.514090Z
ChIJR3IFSH1xrzsR98Z-I87VeT4,FRUZO,places,en,122,12.33170195,76.64307655,12.330681199999999,76.6454518,0,mys2,Mysuru,2026-08-31T08:58:30.514092Z
ChIJj1DvcABxrzsR2vRmjA5Fsx0,Udupi Organic Pan Center,places,en,122,12.33170195,76.64307655,12.330557299999999,76.6454041,0,mys2,Mysuru,2026-08-31T08:58:30.514093Z
ChIJHRO2-WtxrzsRW26fhR5zXj8,Aladdin Shawarma,places,en,122,12.33170195,76.64307655,12.3294532,76.64456009999999,0,mys2,Mysuru,2026-08-31T08:58:30.514095Z
ChIJR7KyrXllrzsRGmCygVtBjWg,CHIKKU CHICKEN'S,places,en,124,12.24829325,76.6337081,12.2483328,76.6320956,0,mys2,Mysuru,2026-08-31T08:58:31.216230Z
ChIJyVsGSABxrzsRG3Z-OWi-LD8,P R Cafe,places,en,126,12.3561083,76.64850630000001,12.3558769,76.6495999,0,mys2,Mysuru,2026-08-31T08:58:31.909418Z
ChIJM9qjMgBxrzsRUDd1jl80gvs,KJ chicken center,places,en,126,12.3561083,76.64850630000001,12.3560723,76.64970459999999,0,mys2,Mysuru,2026-08-31T08:58:31.909426Z
ChIJc9tpm3ZxrzsR4ht9pFXRHmA,Raju Hotel,places,en,126,12.3561083,76.64850630000001,12.3570338,76.6497425,0,mys2,Mysuru,2026-08-31T08:58:31.909429Z
ChIJUTRVUgBxrzsREJG51I8_nFA,V K NAIDU FAST FOOD AND SNACKS,places,en,126,12.3561083,76.64850630000001,12.3540049,76.6484909,0,mys2,Mysuru,2026-08-31T08:58:31.909431Z
ChIJt3TC5-xxrzsR7I_jNU4AqlI,Monika Mess,places,en,126,12.3561083,76.64850630000001,12.358299899999999,76.6472789,0,mys2,Mysuru,2026-08-31T08:58:31.909433Z
ChIJ45t5WkxlrzsRzBEngn6uHxA,Coastal Mirchi,places,en,128,12.28735985,76.63438869999999,12.2861724,76.6331232,0,mys2,Mysuru,2026-08-31T08:58:32.551715Z
ChIJoTJSVABlrzsRLVO2cLpTJkU,Idli anna,places,en,128,12.28735985,76.63438869999999,12.2856898,76.63485419999999,0,mys2,Mysuru,2026-08-31T08:58:32.551726Z
ChIJw0GDtlNlrzsRM3n1Xg2dtEo,Starlight,places,en,128,12.28735985,76.63438869999999,12.2862344,76.632986,0,mys2,Mysuru,2026-08-31T08:58:32.551729Z
ChIJ82lKo2BlrzsRqv_8pu8R_jI,Nandan Residency,places,en,128,12.28735985,76.63438869999999,12.285959499999999,76.6330995,0,mys2,Mysuru,2026-08-31T08:58:32.551732Z
ChIJsRPTWG1lrzsRB4-0RwfrGJ4,Home Made Pani Puri and Chat Center,places,en,128,12.28735985,76.63438869999999,12.2877946,76.63630789999999,0,mys2,Mysuru,2026-08-31T08:58:32.551734Z
ChIJnV0vfwBlrzsRaPh-jJa_Jtg,Mathrushree Tiffany's,places,en,128,12.28735985,76.63438869999999,12.2885349,76.6364337,0,mys2,Mysuru,2026-08-31T08:58:32.551737Z
ChIJoUHsBwB7rzsRg9j0Py2gx6o,Amma's Taste Junction,places,en,129,12.3360758,76.6073432,12.3366521,76.60878989999999,0,mys2,Mysuru,2026-08-31T08:58:32.909955Z
ChIJ82-e8JB6rzsRUFD5Thb4IUA,Chinese Corner,places,en,129,12.3360758,76.6073432,12.3366805,76.60880089999999,0,mys2,Mysuru,2026-08-31T08:58:32.909972Z
ChIJX3h2D1h6rzsRXBzmvfWtRDQ,SAMRUDHI FAST FOOD,places,en,129,12.3360758,76.6073432,12.3342706,76.6074233,0,mys2,Mysuru,2026-08-31T08:58:32.909977Z
ChIJdUcEEgB7rzsReCr-ha24HAc,Biriyani kabab house,places,en,129,12.3360758,76.6073432,12.3353184,76.6090759,0,mys2,Mysuru,2026-08-31T08:58:32.909981Z
ChIJaSN0Blh6rzsRW86v5pfrR9o,Ruchi Chicken's,places,en,129,12.3360758,76.6073432,12.3340833,76.6072228,0,mys2,Mysuru,2026-08-31T08:58:32.909984Z
ChIJS0b3B1l6rzsRdSMBiyzn8w0,Mahalakshmi Tiffanis,places,en,129,12.3360758,76.6073432,12.3372427,76.60945149999999,0,mys2,Mysuru,2026-08-31T08:58:32.909988Z
ChIJJySy_RpxrzsRDvX-NnsZoM0,Khans Food,places,en,130,12.3120245,76.70170365,12.3123051,76.70141459999999,0,mys2,Mysuru,2026-08-31T08:58:33.217145Z
ChIJqUXyJ2ZxrzsRuZoZowZE5Hg,Hotel madeena,places,en,130,12.3120245,76.70170365,12.3121049,76.702297,0,mys2,Mysuru,2026-08-31T08:58:33.217153Z
ChIJ4QdQjMZxrzsRLvD8f97nNNw,NEW LUCK COMPANY,places,en,130,12.3120245,76.70170365,12.311599500000002,76.70245129999999,0,mys2,Mysuru,2026-08-31T08:58:33.217156Z
ChIJr7Xnpf1xrzsRnOEftlJXH8o,M Pro Restaurant,places,en,130,12.3120245,76.70170365,12.310018300000001,76.7027203,0,mys2,Mysuru,2026-08-31T08:58:33.217157Z
ChIJlRL6RaZxrzsR-jH-DRNMnbA,M Pro Palace,places,en,130,12.3120245,76.70170365,12.3099505,76.7028215,0,mys2,Mysuru,2026-08-31T08:58:33.217159Z
ChIJLShcFu1xrzsRAWT1Lz8M2p0,Hari Govinda's - Pure Veg,places,en,130,12.3120245,76.70170365,12.3143704,76.7019396,0,mys2,Mysuru,2026-08-31T08:58:33.217161Z
ChIJtZ4olaxxrzsR7fLd2TdbekE,CHICKEN MOMOS & CHATS,places,en,131,12.33354875,76.6890429,12.330841999999999,76.6890782,0,mys2,Mysuru,2026-08-31T08:58:33.531978Z
ChIJM3Y_LvhxrzsRshCR5MjvVcY,SD Kabab Centre,places,en,132,12.3309742,76.6772856,12.330719799999999,76.6781156,0,mys2,Mysuru,2026-08-31T08:58:33.848092Z
ChIJARM_cRw_rjsR72oDcBj2q_A,KHANUMS CAFE,places,en,132,12.3309742,76.6772856,12.3324537,76.677444,0,mys2,Mysuru,2026-08-31T08:58:33.848099Z
ChIJZ6J8rKBxrzsR9UWjrTJDd-M,Hotel Al Quba,places,en,132,12.3309742,76.6772856,12.3300854,76.67558629999999,0,mys2,Mysuru,2026-08-31T08:58:33.848102Z
ChIJDUDMEgBxrzsRZ5AR9n4y1yk,K aarshiya banu,places,en,132,12.3309742,76.6772856,12.329294299999999,76.6784747,0,mys2,Mysuru,2026-08-31T08:58:33.848103Z
ChIJZd3sRsdxrzsRUG2Qy_O3iAo,Smoky Docky Udayagiri,places,en,132,12.3309742,76.6772856,12.330350399999999,76.6752923,0,mys2,Mysuru,2026-08-31T08:58:33.848105Z
ChIJ59NIGx9xrzsRhVwnDd1Fq60,BASHA FISH FRY RUHITH KHAN,places,en,132,12.3309742,76.6772856,12.3313447,76.6749063,0,mys2,Mysuru,2026-08-31T08:58:33.848106Z
ChIJp_6jtjxxrzsRn4Y6awNVyj4,Italian Crunch,places,en,132,12.3309742,76.6772856,12.3290274,76.6756516,0,mys2,Mysuru,2026-08-31T08:58:33.848107Z
ChIJW8ZPjx1xrzsR8Myvd28FY9I,ILYAS Samosa Corner,places,en,132,12.3309742,76.6772856,12.328859399999999,76.67579649999999,0,mys2,Mysuru,2026-08-31T08:58:33.848109Z
ChIJ8_jclp9xrzsRjaeju5kk1To,Le Rolls n kebabs,places,en,133,12.33116115,76.6769635,12.3320654,76.67468199999999,0,mys2,Mysuru,2026-08-31T08:58:34.185475Z
ChIJ1zNMCQBxrzsREzYAcvSsPCA,Gold flame Restaurant,places,en,133,12.33116115,76.6769635,12.3326418,76.67473729999999,0,mys2,Mysuru,2026-08-31T08:58:34.185483Z
ChIJVSWLjXlxrzsRVU3Vxqlpg4c,Famous Taza Putt Corner,places,en,133,12.33116115,76.6769635,12.333829,76.677126,0,mys2,Mysuru,2026-08-31T08:58:34.185485Z
ChIJ3f3heb1xrzsRMLq1rkWx0jU,Cruncheez Cafe,places,en,136,12.34390335,76.68076984999999,12.3413489,76.6810106,0,mys2,Mysuru,2026-08-31T08:58:35.368997Z
ChIJ3ZEAOsV7rzsRky0njVvt-3M,SMS Homefoods,places,en,137,12.3476588,76.6119986,12.347458699999999,76.6125927,0,mys2,Mysuru,2026-08-31T08:58:35.680914Z
ChIJ9Ypt0Rl7rzsR4ssZdlf0ess,BAKERS NATION,places,en,137,12.3476588,76.6119986,12.3466886,76.61038719999999,0,mys2,Mysuru,2026-08-31T08:58:35.680924Z
ChIJA0MuPtB7rzsRZzPMeRdMmng,Spoorthi Mess (Manglore Style Food)-Pre orders only,places,en,137,12.3476588,76.6119986,12.346549999999999,76.613654,0,mys2,Mysuru,2026-08-31T08:58:35.680928Z
ChIJR0m7SQB7rzsRW5TwCwgo8Y0,dual spice kitchen,places,en,137,12.3476588,76.6119986,12.3488569,76.61027829999999,0,mys2,Mysuru,2026-08-31T08:58:35.680930Z
ChIJe7cHEuh7rzsR_PMAn-VYjsM,Om Gobi Corner,places,en,137,12.3476588,76.6119986,12.3495786,76.6135568,0,mys2,Mysuru,2026-08-31T08:58:35.680935Z
ChIJubxu6l57rzsRc3ZYvAQeSn0,am2pm - A Multi Cuisine Vegetarian Restaurant,places,en,137,12.3476588,76.6119986,12.346938699999999,76.6144551,0,mys2,Mysuru,2026-08-31T08:58:35.680938Z
ChIJncP0FwB7rzsRdJc7ezXG_l8,APPU GANDHADHA GUDI FAMILY RESTAURANT,places,en,137,12.3476588,76.6119986,12.346810800000002,76.6144431,0,mys2,Mysuru,2026-08-31T08:58:35.680941Z
ChIJOR5MAY57rzsRbCersiCO9PI,Panchamukhi Gobi Center,places,en,138,12.3447299,76.6344282,12.3458774,76.63616209999999,0,mys2,Mysuru,2026-08-31T08:58:36.108973Z
ChIJPb9G5Hl6rzsRw86JN3ydjik,Saviruchi Chicken,places,en,138,12.3447299,76.6344282,12.3459408,76.6364705,0,mys2,Mysuru,2026-08-31T08:58:36.108987Z
ChIJ2WVeMABxrzsRpf_0kJewktE,Sri Chamundeshwari Tiffanys,places,en,143,12.3151108,76.6543034,12.315213,76.6542226,0,mys2,Mysuru,2026-08-31T08:58:38.817331Z
ChIJQfREbW1wrzsRRsj5JwcKyEo,HOTEL SRI JENUKAL,places,en,143,12.3151108,76.6543034,12.3157181,76.6542054,0,mys2,Mysuru,2026-08-31T08:58:38.817340Z
ChIJXfN4Rm1wrzsRdwi-074QRqM,Sri Krishna Condiments,places,en,143,12.3151108,76.6543034,12.314500599999999,76.65391129999999,0,mys2,Mysuru,2026-08-31T08:58:38.817343Z
ChIJ4Q0NSW1wrzsRjh4bwLp4LWg,Bombay Tea House,places,en,143,12.3151108,76.6543034,12.314108099999999,76.6540768,0,mys2,Mysuru,2026-08-31T08:58:38.817345Z
ChIJ4_KXs7lxrzsRpBVEkE-YUmo,Sri Vasavi chats and juice center,places,en,143,12.3151108,76.6543034,12.316336999999999,76.65413099999999,0,mys2,Mysuru,2026-08-31T08:58:38.817347Z
ChIJS6596MxxrzsRLeor6CUVyY8,Hotel Sri Nandini veg,places,en,143,12.3151108,76.6543034,12.314314,76.6554868,0,mys2,Mysuru,2026-08-31T08:58:38.817349Z
ChIJP0W3auVxrzsREjGOMDz9cuE,Chamundeshwari mess,places,en,143,12.3151108,76.6543034,12.3144659,76.6528691,0,mys2,Mysuru,2026-08-31T08:58:38.817351Z
ChIJjQT4XHZxrzsR3-hRMOftkAg,Noorani canteen hotel (NC) Taj,places,en,143,12.3151108,76.6543034,12.3149426,76.65589070000001,0,mys2,Mysuru,2026-08-31T08:58:38.817352Z
ChIJkRwJNZhxrzsRXfN38rq5RJw,SRI RANGA TEA STALL,places,en,143,12.3151108,76.6543034,12.3153016,76.652652,0,mys2,Mysuru,2026-08-31T08:58:38.817354Z
ChIJg_p0aABxrzsRjcFMf6Ac2ss,SRI RAGHAVENDRA TIFFANY’S,places,en,143,12.3151108,76.6543034,12.314428699999999,76.652553,0,mys2,Mysuru,2026-08-31T08:58:38.817356Z
ChIJJy8W7epxrzsRmSvbrfjDdWs,Chaat house,places,en,143,12.3151108,76.6543034,12.3166799,76.6532639,0,mys2,Mysuru,2026-08-31T08:58:38.817358Z
ChIJ89Z4gHJwrzsRsmIAz3UCycA,Litesh Darshini Tea Shop,places,en,143,12.3151108,76.6543034,12.3143465,76.6524747,0,mys2,Mysuru,2026-08-31T08:58:38.817360Z
ChIJt3XTjDxxrzsRElg9MShCmgw,RAJANNA,places,en,143,12.3151108,76.6543034,12.3171017,76.654535,0,mys2,Mysuru,2026-08-31T08:58:38.817362Z
ChIJY8KY9xJxrzsR7odxKmMt554,Laccu's Cloud Kitchen,places,en,143,12.3151108,76.6543034,12.3140311,76.6525178,0,mys2,Mysuru,2026-08-31T08:58:38.817363Z
ChIJKxWTnnJwrzsR7s51P3yVT2I,Ayyappa Hot Chips,places,en,143,12.3151108,76.6543034,12.3165044,76.6527052,0,mys2,Mysuru,2026-08-31T08:58:38.817365Z
ChIJ4YDkRABxrzsRpxaZKcytMNA,Vijaylakshmi Fast Food,places,en,143,12.3151108,76.6543034,12.3130355,76.65387439999999,0,mys2,Mysuru,2026-08-31T08:58:38.817366Z
ChIJf2g72sBxrzsRk5jpgtaCmTA,DATTA TIFFANIES,places,en,143,12.3151108,76.6543034,12.3165888,76.65271349999999,0,mys2,Mysuru,2026-08-31T08:58:38.817368Z
ChIJ86Igw2xwrzsRV5ehWjqeAbo,Ahaar Refreshments,places,en,143,12.3151108,76.6543034,12.3150081,76.656505,0,mys2,Mysuru,2026-08-31T08:58:38.817370Z
ChIJoQEKkW1wrzsRJ_rE0ERE9wo,Jaljamma Non Vegetarian Tiffan Center.,places,en,143,12.3151108,76.6543034,12.317389799999999,76.6537259,0,mys2,Mysuru,2026-08-31T08:58:38.817371Z
ChIJQUt1vm1wrzsRThewHsc0-BQ,Sukoon Lodge,places,en,143,12.3151108,76.6543034,12.317519299999999,76.6544144,0,mys2,Mysuru,2026-08-31T08:58:38.817373Z
ChIJXzcngNF7rzsRJgcyIpmLsic,Just Bake - Vijayanagar 3rd Stage Mysuru,places,en,144,12.319723199999999,76.60316645,12.320471399999999,76.6028298,0,mys2,Mysuru,2026-08-31T08:58:39.196265Z
ChIJdZnAAot7rzsR2ku3ufz1AfU,MYSORE DARBAR FILTER COFFEE @Vijaynagar 3rd stage (Sangam circle),places,en,144,12.319723199999999,76.60316645,12.3205573,76.604227,0,mys2,Mysuru,2026-08-31T08:58:39.196280Z
ChIJ4VbpNAB7rzsRyObKBuogsmU,Natti story,places,en,144,12.319723199999999,76.60316645,12.320922999999999,76.602538,0,mys2,Mysuru,2026-08-31T08:58:39.196284Z
ChIJz6BUu7Z7rzsRW5MZ9kLLOas,Sorial Kitchen,places,en,144,12.319723199999999,76.60316645,12.3210806,76.6039217,0,mys2,Mysuru,2026-08-31T08:58:39.196288Z
ChIJe6w5L2Z7rzsRxdDqPsDMi1w,Ajjana Mane,places,en,144,12.319723199999999,76.60316645,12.3177939,76.6028051,0,mys2,Mysuru,2026-08-31T08:58:39.196291Z
ChIJTfKBaYZ7rzsRZ2rPVZNbWug,Nishvika hotel & chats,places,en,144,12.319723199999999,76.60316645,12.320307000000001,76.60524629999999,0,mys2,Mysuru,2026-08-31T08:58:39.196294Z
ChIJcZn-tF17rzsROAtX5t0bIPE,Sampoorna Pure Veg,places,en,144,12.319723199999999,76.60316645,12.3201634,76.60541959999999,0,mys2,Mysuru,2026-08-31T08:58:39.196297Z
ChIJCeJqRIJ7rzsR_dVCqUt7t4w,Harish golgappa center,places,en,151,12.31797605,76.624475,12.31862,76.6249076,0,mys2,Mysuru,2026-08-31T08:58:41.534830Z
ChIJgd1ylbF7rzsR6ymZbi7Idks,BSNL bath Angadi,places,en,151,12.31797605,76.624475,12.318931,76.62487639999999,0,mys2,Mysuru,2026-08-31T08:58:41.534838Z
ChIJS2VhuiF7rzsRWQUOR0trgbo,MAURYA VEG,places,en,151,12.31797605,76.624475,12.3187913,76.62513229999999,0,mys2,Mysuru,2026-08-31T08:58:41.534843Z
ChIJUcXJacd7rzsRbGjEfosywqo,Brother's Bakery,places,en,151,12.31797605,76.624475,12.318621,76.6254345,0,mys2,Mysuru,2026-08-31T08:58:41.534845Z
ChIJd_YF9qt0pTsReG6Vu4kr16o,SRI SAI CANTEEN,places,en,167,12.5245648,76.0898757,12.525862,76.0903405,0,mys2,Mysuru,2026-08-31T08:58:47.669619Z
ChIJ416N0hILpTsRVf5YTJ9At9Y,ಶ್ರೀ ಲಕ್ಷ್ಮಿಚನ್ನಕೆಶ್ವರ ಪ್ರಾವಿಜನ್‌ ಸ್ಟೋ‌ರ್,places,en,168,12.504786849999999,76.05393964999999,12.5069286,76.0530564,0,mys2,Mysuru,2026-08-31T08:58:47.988351Z
ChIJ70WMtRILpTsRA87pz8HZt8Q,NAGARAJU HOTEL,places,en,168,12.504786849999999,76.05393964999999,12.5067481,76.05222479999999,0,mys2,Mysuru,2026-08-31T08:58:47.988358Z
ChIJ42y6lYMJpTsRLLK6HOb7-Rg,Donne Biryani Palace-Kushalnagar,places,en,179,12.44371395,75.98525914999999,12.443261600000001,75.98432570000001,0,mys2,Mysuru,2026-08-31T08:58:51.911673Z
ChIJ0TvZW8UJpTsRrlJKX958Gck,Hotel Gateway Inn,places,en,179,12.44371395,75.98525914999999,12.442994599999999,75.9838369,0,mys2,Mysuru,2026-08-31T08:58:51.911685Z
ChIJme5SjJcJpTsR56weOcwFkKk,"Coorg Gate family restaurant koppa, Kushalnagar",places,en,179,12.44371395,75.98525914999999,12.4420821,75.9854727,0,mys2,Mysuru,2026-08-31T08:58:51.911689Z
ChIJkz62QPsJpTsRYLKZ2C0Wi64,Biriyani paradise,places,en,179,12.44371395,75.98525914999999,12.443563399999999,75.9829496,0,mys2,Mysuru,2026-08-31T08:58:51.911691Z
ChIJ4SPf2OwJpTsRft4uLcIeTQw,ಸಾಗರ್ ಹೇರ್ ದ್ರೆಸ್ಸಸ್,places,en,182,12.458956650000001,75.97599199999999,12.4573582,75.9780825,0,mys2,Mysuru,2026-08-31T08:58:52.961896Z
ChIJ4TexmMRxrzsRoIlLtaAcW8s,Dosa point,places,en,189,12.30295555,76.70724035,12.304888,76.70659119999999,0,mys2,Mysuru,2026-08-31T08:58:56.133246Z
ChIJnw_YzxZxrzsRYM43JpwC9Mw,Mysore Tiffians,places,en,189,12.30295555,76.70724035,12.304903,76.7065958,0,mys2,Mysuru,2026-08-31T08:58:56.133259Z
ChIJ79jgOb9xrzsR4d1jsYmeTXI,Sri Raghavendra Gobi center(Food Truck),places,en,189,12.30295555,76.70724035,12.304885599999999,76.7059381,0,mys2,Mysuru,2026-08-31T08:58:56.133263Z
ChIJp0KLrtxxrzsR3CXBsqkHuec,KERALAPURADA HARISH HINDU MILITARY HOTEL,places,en,189,12.30295555,76.70724035,12.3045563,76.70531199999999,0,mys2,Mysuru,2026-08-31T08:58:56.133266Z
ChIJXSsXRzdxrzsR81uRrxQSDvQ,Kaffe,places,en,189,12.30295555,76.70724035,12.3017477,76.7049775,0,mys2,Mysuru,2026-08-31T08:58:56.133269Z
ChIJRTM-EwBxrzsRODvcDQNy_3c,The Swan Restobar,places,en,189,12.30295555,76.70724035,12.3048892,76.70543289999999,0,mys2,Mysuru,2026-08-31T08:58:56.133272Z
ChIJ_2PVhJtxrzsRh6FUcic8mC4,The Coorg Hut,places,en,189,12.30295555,76.70724035,12.302282799999999,76.7046324,0,mys2,Mysuru,2026-08-31T08:58:56.133275Z
ChIJ11jicABvrzsRjLADRhl56RE,Aaradhya Cafe,places,en,190,12.283945450000001,76.71235005,12.2855466,76.71331959999999,0,mys2,Mysuru,2026-08-31T08:58:56.499936Z
ChIJF2BcRABvrzsRZGoOGufq5NM,Druvik fast food,places,en,190,12.283945450000001,76.71235005,12.281627799999999,76.7135268,0,mys2,Mysuru,2026-08-31T08:58:56.499968Z
ChIJibTMogBwrzsRwLhHZm_lDqk,SHREYANVI CHATS JUNCTION,places,en,192,12.2950985,76.64209375,12.2949793,76.6419925,0,mys2,Mysuru,2026-08-31T08:58:57.132682Z
ChIJlelAagBxrzsRq_vXP-dV8Ec,MOM'S RECIPE KITCHEN,places,en,192,12.2950985,76.64209375,12.295010399999999,76.641943,0,mys2,Mysuru,2026-08-31T08:58:57.132691Z
ChIJATwcD8xxrzsRngdhywyeEyI,The Fisherman's Wharf Mysuru,places,en,192,12.2950985,76.64209375,12.294732999999999,76.6418807,0,mys2,Mysuru,2026-08-31T08:58:57.132693Z
ChIJ12yXcgBxrzsRZ_eQLDYVems,Viraasat Vintage 1916,places,en,192,12.2950985,76.64209375,12.2947054,76.6418841,0,mys2,Mysuru,2026-08-31T08:58:57.132695Z
ChIJW-FjvwBwrzsRKJijHt8D2Js,Ballal Churmuri Shop,places,en,192,12.2950985,76.64209375,12.2951398,76.642697,0,mys2,Mysuru,2026-08-31T08:58:57.132696Z
ChIJ776TqABwrzsRJlFuzZSXo-I,Mahesh Prasad Veg Restaurant,places,en,192,12.2950985,76.64209375,12.295589999999999,76.641258,0,mys2,Mysuru,2026-08-31T08:58:57.132698Z
ChIJh4hpSABxrzsRhY3w6DDgmv8,Chamundeshwari Churumuriii Centre,places,en,192,12.2950985,76.64209375,12.294306599999999,76.6428147,0,mys2,Mysuru,2026-08-31T08:58:57.132699Z
ChIJ2-AYZnx7rzsRrnhHLk2yZkQ,Mysuru Brahmins Cafe,places,en,192,12.2950985,76.64209375,12.2956845,76.6403273,0,mys2,Mysuru,2026-08-31T08:58:57.132700Z
ChIJZXMXyQNwrzsRw-Juon74X24,Amrutha Veg Restaurant,places,en,192,12.2950985,76.64209375,12.2970218,76.6421672,0,mys2,Mysuru,2026-08-31T08:58:57.132701Z
ChIJpwjYp9p7rzsRLOz_2LK0xdw,Raghu Sri Gobi,places,en,192,12.2950985,76.64209375,12.2953374,76.640108,0,mys2,Mysuru,2026-08-31T08:58:57.132703Z
ChIJ_cmOlXx7rzsRitOE6NSFLXE,The Frozen Stick - Ballal circle Mysuru,places,en,192,12.2950985,76.64209375,12.295691999999999,76.6401381,0,mys2,Mysuru,2026-08-31T08:58:57.132704Z
ChIJ79_-sXV7rzsR0Tl47QREX0o,Bonda mane,places,en,192,12.2950985,76.64209375,12.2932749,76.64096789999999,0,mys2,Mysuru,2026-08-31T08:58:57.132705Z
ChIJxfgchKp6rzsR3DVLB-Z6E6U,Bhat's Hotel,places,en,192,12.2950985,76.64209375,12.293109699999999,76.640945,0,mys2,Mysuru,2026-08-31T08:58:57.132711Z
ChIJaY34MAB7rzsRC5lxH0fGvpY,Hotel MADHU NIVAS,places,en,192,12.2950985,76.64209375,12.2971279,76.6409536,0,mys2,Mysuru,2026-08-31T08:58:57.132713Z
ChIJ60Hc8ql6rzsRIIp0kJKqEBo,Marata Mess,places,en,192,12.2950985,76.64209375,12.2964652,76.64006069999999,0,mys2,Mysuru,2026-08-31T08:58:57.132744Z
ChIJ_zOXTqFxrzsRJU09daY9zTI,BHAVANI TEA STALL,places,en,194,12.312315900000002,76.6549787,12.3117479,76.6551005,0,mys2,Mysuru,2026-08-31T08:58:57.737206Z
ChIJ6erDDQBxrzsRW7QrZvvYKAE,umesha hotel,places,en,194,12.312315900000002,76.6549787,12.311542699999999,76.65476079999999,0,mys2,Mysuru,2026-08-31T08:58:57.737213Z
ChIJ6V_JqThxrzsRHRjxMu8fdkY,Rajasthani bhojanalaya,places,en,194,12.312315900000002,76.6549787,12.3117786,76.6558531,0,mys2,Mysuru,2026-08-31T08:58:57.737216Z
ChIJldQvGRNwrzsRfWaVWz9xm7A,Sri jain bhojnalay mysore,places,en,194,12.312315900000002,76.6549787,12.3121472,76.6561054,0,mys2,Mysuru,2026-08-31T08:58:57.737217Z
ChIJy7ZfJhNwrzsRkn6K1vxfwMA,Narayanlal Kachorivala,places,en,194,12.312315900000002,76.6549787,12.312911399999999,76.65597559999999,0,mys2,Mysuru,2026-08-31T08:58:57.737219Z
ChIJzXZ79xJwrzsRye1iqeuknVo,Hotel RRR Mysore,places,en,194,12.312315900000002,76.6549787,12.311104,76.6549884,0,mys2,Mysuru,2026-08-31T08:58:57.737220Z
ChIJE18A-RJwrzsRU1XESS7YIMQ,Central Bar Restaurant,places,en,194,12.312315900000002,76.6549787,12.311104199999999,76.6551753,0,mys2,Mysuru,2026-08-31T08:58:57.737221Z
ChIJJwY15XhxrzsRJtU1FmUbh3w,RVL ಪಾನಿಪೂರಿ ಚಾಟ್ಸ್,places,en,194,12.312315900000002,76.6549787,12.311007799999999,76.655155,0,mys2,Mysuru,2026-08-31T08:58:57.737226Z
ChIJQcflpQpxrzsRrwxDltg0YKQ,Boranna Masalepuri,places,en,194,12.312315900000002,76.6549787,12.3109755,76.65499799999999,0,mys2,Mysuru,2026-08-31T08:58:57.737227Z
ChIJP_kFjBJwrzsRydeodzkBTlg,Swathi Darshini,places,en,194,12.312315900000002,76.6549787,12.3112298,76.65394930000001,0,mys2,Mysuru,2026-08-31T08:58:57.737229Z
ChIJP7LKAORxrzsRgC6qqWh0Jtc,Jai Hanumaan Pani Puri Centre,places,en,194,12.312315900000002,76.6549787,12.3115998,76.6536394,0,mys2,Mysuru,2026-08-31T08:58:57.737230Z
ChIJZSuLXw1wrzsRq6jv82b7kLw,New Shilpashri Restaurant,places,en,194,12.312315900000002,76.6549787,12.3115156,76.6531591,0,mys2,Mysuru,2026-08-31T08:58:57.737232Z
ChIJpfpuZxJwrzsR0cjtgNIjjOo,Hotel Madhu Nivas,places,en,194,12.312315900000002,76.6549787,12.3104169,76.6541979,0,mys2,Mysuru,2026-08-31T08:58:57.737234Z
ChIJpRuU25dxrzsRlfYsSAexaxA,Jwalamuki Pani Puri Center,places,en,194,12.312315900000002,76.6549787,12.313702699999999,76.65660629999999,0,mys2,Mysuru,2026-08-31T08:58:57.737235Z
ChIJNR416WNxrzsRy1Gg5VkMZL0,Purushotham,places,en,194,12.312315900000002,76.6549787,12.3106069,76.65365469999999,0,mys2,Mysuru,2026-08-31T08:58:57.737236Z
ChIJSdH5_-1xrzsR8B4jh5LeZbE,Kheteshwar bhojanalaya,places,en,194,12.312315900000002,76.6549787,12.3118878,76.6527753,0,mys2,Mysuru,2026-08-31T08:58:57.737238Z
ChIJB-qOl7RxrzsRaQ5A1-YjG_c,Kaveri mess 50 biriyani,places,en,194,12.312315900000002,76.6549787,12.3121298,76.6527002,0,mys2,Mysuru,2026-08-31T08:58:57.737239Z
ChIJhT3X46l7rzsRxxfZoFTtiWQ,Panda's Kitchen,places,en,197,12.30573995,76.58202265,12.303734799999999,76.582448,0,mys2,Mysuru,2026-08-31T08:58:58.757783Z
ChIJk8tlTgB7rzsRwFgff0kt9IQ,Shivu Chaats🪴,places,en,198,12.30224705,76.58716125000001,12.301409999999999,76.58809699999999,0,mys2,Mysuru,2026-08-31T08:58:59.120527Z
ChIJh3FW7nOnpTsRFofm_VYTSUc,Sera Mey Norling Restaurant,places,en,204,12.417936300000001,75.95202295,12.4169974,75.9530843,0,mys2,Mysuru,2026-08-31T08:59:01.112638Z
ChIJjcSp5M9xrzsRAAAAsBj43gQ,Sri Ganesh Fresh Juice Centre,places,en,205,12.30684755,76.69816879999999,12.3049957,76.698263,0,mys2,Mysuru,2026-08-31T08:59:01.451885Z
ChIJEfobHdBxrzsROFXVSdWWSxw,Yogananda Chicken And Kabab Centre,places,en,205,12.30684755,76.69816879999999,12.3045716,76.6981859,0,mys2,Mysuru,2026-08-31T08:59:01.451895Z
ChIJoxwf4fpxrzsR6SPgPg5puuI,Sri Chamundeshwari chicken and kabab center,places,en,205,12.30684755,76.69816879999999,12.3046514,76.6974326,0,mys2,Mysuru,2026-08-31T08:59:01.451898Z
ChIJtUKGTGJxrzsRZE3Alkuwxoc,Nandan Fastfoods,places,en,205,12.30684755,76.69816879999999,12.3049445,76.6962875,0,mys2,Mysuru,2026-08-31T08:59:01.451899Z
ChIJP84NY6NvrzsRk7Vofw22CBc,ಶ್ರೀ ಸಮೃದ್ಧಿ ಎಂಟರ್‌ಪ್ರೈಸಸ್‌ ಡಿಜಟಲ್ ಸೇವಾ ಕೇಂದ್ರ,places,en,208,12.256056000000001,76.6683247,12.2564856,76.66989629999999,0,mys2,Mysuru,2026-08-31T08:59:02.477931Z
ChIJC_JRQ6NvrzsR0guR9Jw2xhI,Halli Mane Garden Family Restaurant,places,en,208,12.256056000000001,76.6683247,12.2573596,76.66940869999999,0,mys2,Mysuru,2026-08-31T08:59:02.477939Z
ChIJLV8KTwBvrzsRMF6JA0x0UFg,Jwalamukhi Hotel,places,en,208,12.256056000000001,76.6683247,12.256366,76.67014209999999,0,mys2,Mysuru,2026-08-31T08:59:02.477942Z
ChIJS5UYNFpvrzsRdHvtseT8XAc,R.A. Chicken Center,places,en,208,12.256056000000001,76.6683247,12.256111899999999,76.6708158,0,mys2,Mysuru,2026-08-31T08:59:02.477943Z
ChIJn9Y_iKRvrzsRomRvecKwpDM,N.B Chicken Choice,places,en,208,12.256056000000001,76.6683247,12.2557757,76.67096049999999,0,mys2,Mysuru,2026-08-31T08:59:02.477945Z
ChIJz_NBiKRvrzsRqFciSRbmr4w,ಖುಷಿ ಡಿಜಿಟಲ್ ಸೇವಾ ಕೇಂದ್ರ,places,en,208,12.256056000000001,76.6683247,12.255805299999999,76.670964,0,mys2,Mysuru,2026-08-31T08:59:02.477946Z
ChIJuSLBdCN7rzsRMfcCzhw__rE,Hemanth chicken's,places,en,209,12.3686929,76.63384495,12.368371199999999,76.6320126,0,mys2,Mysuru,2026-08-31T08:59:02.889598Z
ChIJSTa75FRxrzsRikElI9Ze-i4,AS TEA STALL,places,en,210,12.333475400000001,76.69536735,12.333551,76.6950928,0,mys2,Mysuru,2026-08-31T08:59:03.201219Z
ChIJZTNNZuNxrzsRtWVksKgse_Q,New A K FAST FOOD,places,en,210,12.333475400000001,76.69536735,12.3329097,76.6950608,0,mys2,Mysuru,2026-08-31T08:59:03.201226Z
ChIJ4V7KebJxrzsR58XInceZTko,Hotel Green pepper (Veg & Non veg),places,en,210,12.333475400000001,76.69536735,12.3328511,76.69442780000001,0,mys2,Mysuru,2026-08-31T08:59:03.201228Z
ChIJC4V0s-hxrzsR5d0ZLQuEfFQ,Hotel Shanthi Sagar,places,en,210,12.333475400000001,76.69536735,12.332889999999999,76.694015,0,mys2,Mysuru,2026-08-31T08:59:03.201229Z
ChIJabMIt65xrzsRXnJdeD7HryM,Hotel savi Ruchi veg,places,en,210,12.333475400000001,76.69536735,12.334257400000002,76.6967265,0,mys2,Mysuru,2026-08-31T08:59:03.201231Z
ChIJDy4CQ0pxrzsRjrIaEmUDDtA,Star Chiken Stall,places,en,210,12.333475400000001,76.69536735,12.3348667,76.69619279999999,0,mys2,Mysuru,2026-08-31T08:59:03.201232Z
ChIJ_1MI1u9xrzsR7LuJVO6maxk,Udupi veg hotel ಉಡುಪಿ ಹೋಟೆಲ್ ಸಸ್ಯಾಹಾರಿ,places,en,210,12.333475400000001,76.69536735,12.332813999999999,76.6936904,0,mys2,Mysuru,2026-08-31T08:59:03.201233Z
ChIJC9weq65xrzsR5Ag5jt8ml2Y,MJ FAST FOOD HOTEL,places,en,210,12.333475400000001,76.69536735,12.3323155,76.6934425,0,mys2,Mysuru,2026-08-31T08:59:03.201235Z
ChIJSbXrW4N7rzsRL9ASzzN7E0E,Rowdy Momos Cafe Mysore,places,en,213,12.33840885,76.62338564999999,12.3381579,76.6240278,0,mys2,Mysuru,2026-08-31T08:59:04.363112Z
ChIJZVyYe2F6rzsRJgVEyW-m2Xw,Rao's Bar and Restaurant,places,en,213,12.33840885,76.62338564999999,12.3378719,76.623874,0,mys2,Mysuru,2026-08-31T08:59:04.363122Z
ChIJLe9c4dB7rzsRzP3Wo0NM3zw,Nagaraju Gobi Center,places,en,213,12.33840885,76.62338564999999,12.337665,76.623507,0,mys2,Mysuru,2026-08-31T08:59:04.363125Z
ChIJtXNgDp17rzsRDIAkNWnmuzA,OM FAST FOOD,places,en,213,12.33840885,76.62338564999999,12.3379,76.6240131,0,mys2,Mysuru,2026-08-31T08:59:04.363128Z
ChIJ59CecWN7rzsRjOfHZq3uiec,Mayamma Store,places,en,213,12.33840885,76.62338564999999,12.337669300000002,76.62225380000001,0,mys2,Mysuru,2026-08-31T08:59:04.363130Z
ChIJbSChnmF6rzsRDGjfsZmBN-E,Annapoorna Pg,places,en,213,12.33840885,76.62338564999999,12.3370483,76.6228256,0,mys2,Mysuru,2026-08-31T08:59:04.363132Z
ChIJzZOKZQB7rzsRy6xc-vE-cas,S S Samosa and Jalebi Center,places,en,213,12.33840885,76.62338564999999,12.3378824,76.62193070000001,0,mys2,Mysuru,2026-08-31T08:59:04.363134Z
ChIJwe3vAQB7rzsR27qDBiOplDY,Mypaakam Cafe,places,en,213,12.33840885,76.62338564999999,12.3378385,76.6216507,0,mys2,Mysuru,2026-08-31T08:59:04.363135Z
ChIJM9mpajh7rzsRAVnaUKXzvnE,Biriyani Guru,places,en,213,12.33840885,76.62338564999999,12.337894799999999,76.62132989999999,0,mys2,Mysuru,2026-08-31T08:59:04.363137Z
ChIJ9crwWgx7rzsR-39FuMbvRsQ,LASSI TALES,places,en,213,12.33840885,76.62338564999999,12.3379163,76.6210924,0,mys2,Mysuru,2026-08-31T08:59:04.363139Z
ChIJjQzTG4h7rzsRZ0UBOcyFngs,Lassi Tales,places,en,213,12.33840885,76.62338564999999,12.3379126,76.6210686,0,mys2,Mysuru,2026-08-31T08:59:04.363141Z
ChIJvQiBJll7rzsRPbzCxfLI2-4,Mcc Chikoo's Cafe mysore first pet friendly cafe,places,en,213,12.33840885,76.62338564999999,12.3368063,76.6214182,0,mys2,Mysuru,2026-08-31T08:59:04.363143Z
ChIJkwZc42B6rzsRdzttfUOC00U,Sri Durga Bhavan,places,en,213,12.33840885,76.62338564999999,12.3379675,76.6207089,0,mys2,Mysuru,2026-08-31T08:59:04.363145Z
ChIJjZlH65B6rzsRfsbx7OXBAtw,ಅಜಿಯ ಚಿತ್ರ ಹೋಟಲ್‌ ಮತ್ತು ಚಾಟ್ಸ್,places,en,215,12.3196349,76.6285426,12.3196663,76.62822369999999,0,mys2,Mysuru,2026-08-31T08:59:04.999331Z
ChIJQztF65B6rzsRYeoZN2MWd9Q,RAM BIRYANI & KABAB CENTRE,places,en,215,12.3196349,76.6285426,12.319689300000002,76.6282215,0,mys2,Mysuru,2026-08-31T08:59:04.999341Z
ChIJI4INdAB7rzsRK85rrRtlqCo,BDS jalebi and samosa,places,en,215,12.3196349,76.6285426,12.3198612,76.6282201,0,mys2,Mysuru,2026-08-31T08:59:04.999344Z
ChIJGTUrhpF6rzsRnRQZQzJEEjk,Friendly Chicken,places,en,215,12.3196349,76.6285426,12.319413599999999,76.628153,0,mys2,Mysuru,2026-08-31T08:59:04.999347Z
ChIJLz6IqSZ7rzsR4zfQv3fDVOQ,Shilpa gobi corner,places,en,215,12.3196349,76.6285426,12.3194387,76.6280458,0,mys2,Mysuru,2026-08-31T08:59:04.999348Z
ChIJA5zAZwB7rzsRShSqZYCxs-s,Dawath Biriyani King,places,en,215,12.3196349,76.6285426,12.319258999999999,76.62815599999999,0,mys2,Mysuru,2026-08-31T08:59:04.999351Z
ChIJ3V6fh7l7rzsRrKMK3Su1cCs,Kadam Spicy Bites,places,en,215,12.3196349,76.6285426,12.319006199999999,76.6280689,0,mys2,Mysuru,2026-08-31T08:59:04.999353Z
ChIJs0m4xZB6rzsRWF5oQZso3NQ,Nandhini Hot Chips,places,en,215,12.3196349,76.6285426,12.3187717,76.62780649999999,0,mys2,Mysuru,2026-08-31T08:59:04.999355Z
ChIJ65PCyJB6rzsRVE8D4bckDhM,ಈಜು ಹರ್ಬಲ್ ಬಾಟ ಕೇಕ್,places,en,215,12.3196349,76.6285426,12.3185516,76.6279994,0,mys2,Mysuru,2026-08-31T08:59:04.999356Z
ChIJTWLgCZp6rzsRvJ8hympGJic,Aunty Mess,places,en,215,12.3196349,76.6285426,12.3189701,76.6297297,0,mys2,Mysuru,2026-08-31T08:59:04.999358Z
ChIJUbK6PLN7rzsRJ6BZFG5AMYc,Polar Bear Ice Cream Sundaes - Jayalakshmipuram,places,en,215,12.3196349,76.6285426,12.3204858,76.6274184,0,mys2,Mysuru,2026-08-31T08:59:04.999360Z
ChIJkaFQXGB7rzsRYMlYnYvC6JI,HOTEL MANTRA Cafe,places,en,215,12.3196349,76.6285426,12.3183261,76.6278073,0,mys2,Mysuru,2026-08-31T08:59:04.999362Z
ChIJuc-qoZB6rzsRAAAA0OnE52Q,Fresh Chicken,places,en,215,12.3196349,76.6285426,12.318231599999999,76.62789819999999,0,mys2,Mysuru,2026-08-31T08:59:04.999364Z
ChIJz4SzQBZ7rzsRqzc9Rj-m-bk,True Spices,places,en,215,12.3196349,76.6285426,12.3211531,76.6280377,0,mys2,Mysuru,2026-08-31T08:59:04.999366Z
ChIJ4--beZp6rzsR52MTcDpJAA0,ಉಷಾ ಪ್ರಿಂಟರ್ಸ್,places,en,215,12.3196349,76.6285426,12.3203263,76.6300152,0,mys2,Mysuru,2026-08-31T08:59:04.999368Z
ChIJVb2xR697rzsR6kKj2u_nnXM,MK CHICKEN'S WHOLESALER,places,en,215,12.3196349,76.6285426,12.3183782,76.6296373,0,mys2,Mysuru,2026-08-31T08:59:04.999369Z
ChIJe8FivP57rzsRgPm8gTsgCfg,MTR,places,en,215,12.3196349,76.6285426,12.320777699999999,76.6271093,0,mys2,Mysuru,2026-08-31T08:59:04.999371Z
ChIJP3VvDAB7rzsR4eQVAxrXRGk,Nimishamba Dose Corner,places,en,215,12.3196349,76.6285426,12.3203297,76.6268331,0,mys2,Mysuru,2026-08-31T08:59:04.999373Z
ChIJtRaf7s17rzsRI1sbzhXKc4s,Bombay Chats(Manju),places,en,215,12.3196349,76.6285426,12.320197,76.6266547,0,mys2,Mysuru,2026-08-31T08:59:04.999375Z
ChIJVY9wTgB7rzsRtl9xnAJaUtM,Ambaari Cafe,places,en,215,12.3196349,76.6285426,12.317658699999999,76.62783960000002,0,mys2,Mysuru,2026-08-31T08:59:04.999377Z
ChIJTTvUNQB7rzsR-RSvG2OD3ms,Mr. Mashroom,places,en,216,12.3180321,76.62815069999999,12.3176676,76.6277893,0,mys2,Mysuru,2026-08-31T08:59:05.408918Z
ChIJqZXJSAB7rzsRoMSnTXLizT4,Mane Ruchi,places,en,216,12.3180321,76.62815069999999,12.3174979,76.6284146,0,mys2,Mysuru,2026-08-31T08:59:05.408930Z
ChIJ9csJv-57rzsRFb98HAXSAMQ,Mysore Grill House,places,en,216,12.3180321,76.62815069999999,12.3171541,76.6275762,0,mys2,Mysuru,2026-08-31T08:59:05.408933Z
ChIJh5wvehJ7rzsRETbOogcWiP0,Sri Chamundeshwari Curry Point,places,en,216,12.3180321,76.62815069999999,12.3171089,76.6275675,0,mys2,Mysuru,2026-08-31T08:59:05.408936Z
ChIJK8d5gqp7rzsRM_K99oHHQEE,Nenapu Darshini,places,en,216,12.3180321,76.62815069999999,12.317054299999999,76.6275364,0,mys2,Mysuru,2026-08-31T08:59:05.408938Z
ChIJH-ZgV5d6rzsR_DJgWJS_aGg,Lokesh Mess,places,en,216,12.3180321,76.62815069999999,12.317489,76.62952949999999,0,mys2,Mysuru,2026-08-31T08:59:05.408941Z
ChIJM0-f0-N7rzsRvYNrKqYZuJY,DFC Hotel Desi Food Corner,places,en,216,12.3180321,76.62815069999999,12.3165572,76.6284762,0,mys2,Mysuru,2026-08-31T08:59:05.408943Z
ChIJe3upYkx7rzsRm_pSq5xIj8E,GAGAN CHICKEN,places,en,216,12.3180321,76.62815069999999,12.317056299999999,76.6293477,0,mys2,Mysuru,2026-08-31T08:59:05.408945Z
ChIJYSANfwBxrzsRsUvdncnqxQI,Wok On roll,places,en,218,12.337384700000001,76.687622,12.3377307,76.6884129,0,mys2,Mysuru,2026-08-31T08:59:06.062008Z
ChIJEUW4qrtxrzsRTmcqMjueAxo,Udupi vaibhava,places,en,218,12.337384700000001,76.687622,12.338324199999999,76.6876243,0,mys2,Mysuru,2026-08-31T08:59:06.062018Z
ChIJP85ADj9xrzsROzdlrj0H_3U,SANJEEV D C,places,en,218,12.337384700000001,76.687622,12.3364202,76.687614,0,mys2,Mysuru,2026-08-31T08:59:06.062021Z
ChIJKVVsR5lxrzsRBjCJunQknZU,Zam Zam Fast Food,places,en,221,12.32286485,76.6872189,12.3227519,76.6868626,0,mys2,Mysuru,2026-08-31T08:59:07.115282Z
ChIJj8ggJrNxrzsRu_TqiiP4puE,MYSURU FAST FOOD,places,en,221,12.32286485,76.6872189,12.3235096,76.6881983,0,mys2,Mysuru,2026-08-31T08:59:07.115291Z
ChIJ1YzXIsZxrzsRAmaOtZCmNF4,Lucky Tea Stall,places,en,221,12.32286485,76.6872189,12.3238372,76.6878826,0,mys2,Mysuru,2026-08-31T08:59:07.115294Z
ChIJYzk5P8txrzsRI3wDXSgwNio,Halima Sadiya,places,en,221,12.32286485,76.6872189,12.323961299999999,76.6879632,0,mys2,Mysuru,2026-08-31T08:59:07.115296Z
ChIJWeid17JxrzsR2iEpoojaQo0,S.S. CATERING,places,en,221,12.32286485,76.6872189,12.3239001,76.68813,0,mys2,Mysuru,2026-08-31T08:59:07.115298Z
ChIJASCkomBxrzsRajdUYqdGXAM,Muteeb Tea Stall,places,en,221,12.32286485,76.6872189,12.323949899999999,76.6880903,0,mys2,Mysuru,2026-08-31T08:59:07.115299Z
ChIJLSAm0bJxrzsRDS0Ra1mIBqs,MYSORE CHAT CENTRE,places,en,221,12.32286485,76.6872189,12.3241373,76.68799469999999,0,mys2,Mysuru,2026-08-31T08:59:07.115301Z
ChIJO6Je1IdxrzsRUq1NFvKmKhA,Raziq Fast Food,places,en,221,12.32286485,76.6872189,12.32427,76.6879256,0,mys2,Mysuru,2026-08-31T08:59:07.115302Z
ChIJrWBxVQ1xrzsRqHhaNFcjTvM,XD FRIENDS CAFE,places,en,221,12.32286485,76.6872189,12.3213137,76.68667640000001,0,mys2,Mysuru,2026-08-31T08:59:07.115304Z
ChIJWfmRJ0xxrzsRxANwEfL3lnM,MD Nawaz Chicken And Fish Fry Corner,places,en,221,12.32286485,76.6872189,12.3230375,76.6851081,0,mys2,Mysuru,2026-08-31T08:59:07.115305Z
ChIJ-7yKINplrzsR00F1hxqRx8E,Raj Gobi Center,places,en,222,12.2598989,76.633025,12.2597373,76.6331877,0,mys2,Mysuru,2026-08-31T08:59:07.520684Z
ChIJwdvvIQBlrzsR6bx-0L8q5UU,Mysore,places,en,222,12.2598989,76.633025,12.262546,76.632939,0,mys2,Mysuru,2026-08-31T08:59:07.520816Z
ChIJYVk0uStxrzsRVjc8M8EIRBQ,Deeksha chats centre,places,en,224,12.3131988,76.67720455,12.3132225,76.6784918,0,mys2,Mysuru,2026-08-31T08:59:08.141827Z
ChIJu5YyWgBxrzsRlGPK_ARzV7g,North Indian Rotti Center,places,en,224,12.3131988,76.67720455,12.3148608,76.6754272,0,mys2,Mysuru,2026-08-31T08:59:08.141836Z
ChIJD8CEPwBxrzsROdMevzPHt5U,Sip and Snacks,places,en,225,12.33118395,76.67260055,12.332419,76.6744659,0,mys2,Mysuru,2026-08-31T08:59:08.466434Z
ChIJ50L964JxrzsRWmp6gv53fXY,Wahid Tea Stall,places,en,225,12.33118395,76.67260055,12.332435499999999,76.6745402,0,mys2,Mysuru,2026-08-31T08:59:08.466443Z
ChIJ57q3DJ5xrzsR1g-EFmGZmj4,Zam Zam Biriyani House,places,en,225,12.33118395,76.67260055,12.3326473,76.6745103,0,mys2,Mysuru,2026-08-31T08:59:08.466446Z
ChIJn0-MwOdxrzsRCjgwPA3i3ag,SHAHI Non veg caterers in mysore,places,en,227,12.34113625,76.6757358,12.3404759,76.67428129999999,0,mys2,Mysuru,2026-08-31T08:59:09.184418Z
ChIJM7yNzgxxrzsR35aDn3LgY0w,AHAARAMUTRA CLOUD KITCHEN,places,en,228,12.3212032,76.66014995,12.322153799999999,76.6591991,0,mys2,Mysuru,2026-08-31T08:59:09.489400Z
ChIJL8oVMgBxrzsRIj0bLNyy3qs,Brothers biryani,places,en,228,12.3212032,76.66014995,12.320143999999999,76.661676,0,mys2,Mysuru,2026-08-31T08:59:09.489412Z
ChIJ86bV0xZxrzsRlf178uILESo,Mashaallah Kabab Center zohaib bhai,places,en,228,12.3212032,76.66014995,12.3204155,76.66207899999999,0,mys2,Mysuru,2026-08-31T08:59:09.489416Z
ChIJndFdfPFxrzsRJTT52BoPMWE,Baa Guru Taste Madu,places,en,228,12.3212032,76.66014995,12.321551699999999,76.65806769999999,0,mys2,Mysuru,2026-08-31T08:59:09.489418Z
ChIJX9DBrW5wrzsR4xNqVs0Yl0Y,Muscut Bar & Restaurant,places,en,228,12.3212032,76.66014995,12.3217071,76.6580334,0,mys2,Mysuru,2026-08-31T08:59:09.489421Z
ChIJmfJHxm5wrzsRs14YUpirAtE,Ambur Dum Biryani Family Restaurant,places,en,228,12.3212032,76.66014995,12.321105,76.6577604,0,mys2,Mysuru,2026-08-31T08:59:09.489424Z
ChIJsTUQrrRxrzsRdjDJmPy8Eqk,Udupi Grace,places,en,228,12.3212032,76.66014995,12.3196601,76.66195689999999,0,mys2,Mysuru,2026-08-31T08:59:09.489427Z
ChIJmW4_xm5wrzsRPUP1xrCQ2oU,Thattukada Hot & Cool,places,en,228,12.3212032,76.66014995,12.3211233,76.6577197,0,mys2,Mysuru,2026-08-31T08:59:09.489429Z
ChIJ2bi3Lm9wrzsRpnZoY3HcvuE,SS Samosa And Chat Centre,places,en,228,12.3212032,76.66014995,12.3226502,76.6582036,0,mys2,Mysuru,2026-08-31T08:59:09.489432Z
ChIJR1cvp6RxrzsRgyk3yVD4eA8,The Udupi Hotel,places,en,228,12.3212032,76.66014995,12.3209746,76.6577063,0,mys2,Mysuru,2026-08-31T08:59:09.489434Z
ChIJZXNEYwBxrzsR7EeK_bZWsX4,KHAN'S ROYAL RESTAURANT,places,en,228,12.3212032,76.66014995,12.3208334,76.6576947,0,mys2,Mysuru,2026-08-31T08:59:09.489436Z
ChIJ-eKrPRRwrzsRoxyGDJ079Q4,Thanu Shree Fast Food,places,en,228,12.3212032,76.66014995,12.3225237,76.6580455,0,mys2,Mysuru,2026-08-31T08:59:09.489438Z
ChIJo5GyDttxrzsRtvIwsCQ6IwY,Hotel Mysuru Ruchi,places,en,228,12.3212032,76.66014995,12.3208919,76.65765979999999,0,mys2,Mysuru,2026-08-31T08:59:09.489441Z
ChIJSxjKKG9wrzsRZDJPEQQhRvU,Leela Veg Palace Restaurant,places,en,228,12.3212032,76.66014995,12.322579,76.6579701,0,mys2,Mysuru,2026-08-31T08:59:09.489443Z
ChIJ46OsKW9wrzsRAAAAMOm8VV8,Shekar R,places,en,228,12.3212032,76.66014995,12.322715599999999,76.6580434,0,mys2,Mysuru,2026-08-31T08:59:09.489445Z
ChIJDdIHjClxrzsRw0Nz0--NwDM,Bismillah Kabab & Fish Fry,places,en,229,12.3275547,76.66841980000001,12.326976499999999,76.6689099,0,mys2,Mysuru,2026-08-31T08:59:10.009935Z
ChIJr1oullxwrzsR_LWMFRQ4yKc,Manjunath Hotel,places,en,229,12.3275547,76.66841980000001,12.3270526,76.6692143,0,mys2,Mysuru,2026-08-31T08:59:10.009944Z
ChIJcZoomB57rzsRFJvB7FuhYBM,Rishalika Restaurant (Veg N Nonveg),places,en,230,12.342513199999999,76.57608205,12.3437635,76.577066,0,mys2,Mysuru,2026-08-31T08:59:10.308540Z
ChIJ_7-AqqR7rzsRmz54eogc-ug,Basaweshwara Mess,places,en,230,12.342513199999999,76.57608205,12.3435384,76.57735009999999,0,mys2,Mysuru,2026-08-31T08:59:10.308548Z
ChIJhw5KpUd7rzsRNRXq8V2lxVg,hotel shivashila,places,en,230,12.342513199999999,76.57608205,12.3433137,76.5782656,0,mys2,Mysuru,2026-08-31T08:59:10.308551Z
ChIJxTr3kjfxpTsR9I_zhCyFS_E,BATTARU HOTEL ಭಟ್ಟರ ಹೋಟೆಲ್,places,en,237,11.98777405,76.35424725,11.9874347,76.3522569,0,mys2,Mysuru,2026-08-31T08:59:12.646777Z
ChIJNSAcMQDxpTsRAGvaTLi73pc,Kabini Kitchen,places,en,243,11.96944395,76.3572128,11.9690168,76.3575963,0,mys2,Mysuru,2026-08-31T08:59:14.905247Z
ChIJb2YOot7xpTsR3hxu0pTKNZ0,Hotel Siddu Fish Land,places,en,243,11.96944395,76.3572128,11.9690224,76.35773449999999,0,mys2,Mysuru,2026-08-31T08:59:14.905290Z
ChIJMwGUYy7xpTsRW66pSPd83KQ,Hotel Kabini and Restaurant,places,en,243,11.96944395,76.3572128,11.9688991,76.358297,0,mys2,Mysuru,2026-08-31T08:59:14.905293Z
ChIJ743e9GZ_pTsRnn7-5SQaWPc,S.V.Tiffanys,places,en,244,12.46499515,76.3904934,12.4655475,76.3911435,0,mys2,Mysuru,2026-08-31T08:59:15.206728Z
ChIJ7fNEXQBlrzsREJA6OuiMyTk,Kavitha mess,places,en,248,12.25555275,76.6297777,12.256347499999999,76.6321444,0,mys2,Mysuru,2026-08-31T08:59:16.546225Z
ChIJn_BzvfpxrzsRMyZDh9UQvxA,ಶ್ರೀ ಕೃಷ್ಣ ಸಸ್ಯಹಾರಿ ಹೋಟೆಲ್,places,en,253,12.303995650000001,76.7213003,12.3050302,76.72348079999999,0,mys2,Mysuru,2026-08-31T08:59:18.165088Z
ChIJWfsyPgBxrzsR--nesjcyk4w,Shree Bethaleswari Tiffanys,places,en,253,12.303995650000001,76.7213003,12.30513,76.7237131,0,mys2,Mysuru,2026-08-31T08:59:18.165118Z
ChIJl_hECwBxrzsRYhj6nU3M-xw,Kadamba family restaurant veg and non veg,places,en,254,12.304110300000001,76.71955134999999,12.304860099999999,76.718029,0,mys2,Mysuru,2026-08-31T08:59:18.528478Z
ChIJ5zNfJgBxrzsRv1g9x20Ksf0,Fusion Restaurant and Cafe,places,en,255,12.3411749,76.69519955000001,12.3396413,76.6966041,0,mys2,Mysuru,2026-08-31T08:59:18.824998Z
ChIJHz0c1RlxrzsRq5v2T7pNoM0,MYSORE MUSHROOM DHARBAR,places,en,255,12.3411749,76.69519955000001,12.3436626,76.6946769,0,mys2,Mysuru,2026-08-31T08:59:18.825010Z
ChIJqf5Q0lx6rzsRg6P-FLG1SeY,YASH CHICKEN CENTRE,places,en,259,12.345345550000001,76.6138392,12.3451171,76.6147002,0,mys2,Mysuru,2026-08-31T08:59:19.997233Z
ChIJLbXEsVx6rzsRXC2VKzfSeKQ,C.K.CHICKEN CENTRE,places,en,259,12.345345550000001,76.6138392,12.3447824,76.6131557,0,mys2,Mysuru,2026-08-31T08:59:19.997247Z
ChIJwcAZ4DR7rzsRBruoNTC1tYo,Easy thindi,places,en,259,12.345345550000001,76.6138392,12.3445367,76.6142783,0,mys2,Mysuru,2026-08-31T08:59:19.997249Z
ChIJWxRHVpZ7rzsReCmI7YwSupQ,Food Galaxy,places,en,259,12.345345550000001,76.6138392,12.3445179,76.6143053,0,mys2,Mysuru,2026-08-31T08:59:19.997251Z
ChIJzQyAx1x6rzsR8EnRPSipWoA,SRI DEV NARAYAN POWER TOOL,places,en,259,12.345345550000001,76.6138392,12.3444148,76.6135844,0,mys2,Mysuru,2026-08-31T08:59:19.997252Z
ChIJ7SxpPVF7rzsRm4BERbjpdVM,Annapoorna Bengali Mess Veg and Non-Veg,places,en,259,12.345345550000001,76.6138392,12.3441713,76.6143692,0,mys2,Mysuru,2026-08-31T08:59:19.997258Z
ChIJzSCP71x6rzsRAAAA0OVR0yA,Saptha Mathruka Tea Stall,places,en,259,12.345345550000001,76.6138392,12.3433351,76.6145281,0,mys2,Mysuru,2026-08-31T08:59:19.997263Z
ChIJC3Qnkpd7rzsRqHbIL0YeB3s,Paraeats Biryani- Delivery only,places,en,259,12.345345550000001,76.6138392,12.344115299999999,76.6159627,0,mys2,Mysuru,2026-08-31T08:59:19.997265Z
ChIJyV4HYHt7rzsRyD5gz5y2-gE,Mushroom Guru,places,en,259,12.345345550000001,76.6138392,12.3443344,76.61610999999999,0,mys2,Mysuru,2026-08-31T08:59:19.997266Z
ChIJDyubL5l7rzsRv9tLs_NGPvY,Rl Madduru Vada,places,en,259,12.345345550000001,76.6138392,12.3445351,76.616261,0,mys2,Mysuru,2026-08-31T08:59:19.997268Z
ChIJ9QRa74d7rzsRR1MbFuVmufE,Gowdru fish land,places,en,259,12.345345550000001,76.6138392,12.3427768,76.6144849,0,mys2,Mysuru,2026-08-31T08:59:19.997270Z
ChIJyVEWiBkRrzsRDpjV8WaexeY,Rajesh Kabab Center,places,en,262,12.299627350000002,76.9491822,12.2992419,76.9495173,0,mys2,Mysuru,2026-08-31T08:59:21.075705Z
ChIJ_enGzLqBpTsRewSLTYaOyPs,Chat Centre,places,en,265,12.44068165,76.38500195,12.4406129,76.3836933,0,mys2,Mysuru,2026-08-31T08:59:22.091604Z
ChIJOZ1_HgCBpTsRP9kwIklFheg,Ammana kai ruchi,places,en,265,12.44068165,76.38500195,12.4385479,76.3846765,0,mys2,Mysuru,2026-08-31T08:59:22.091612Z
ChIJ2-DS2uuBpTsRrFyPF-GBSuU,"Sree Tiffanies, K R Nagara",places,en,265,12.44068165,76.38500195,12.439437499999999,76.3831094,0,mys2,Mysuru,2026-08-31T08:59:22.091614Z
ChIJN8BMYgB7rzsR4o7RLPx9FSE,Ideal Chicken Vijay Nagar,places,en,266,12.317751900000001,76.6047307,12.318252999999999,76.606245,0,mys2,Mysuru,2026-08-31T08:59:22.438579Z
ChIJz0lRerl7rzsRZYgOeOTepDo,Prasadam,places,en,266,12.317751900000001,76.6047307,12.3156508,76.60311589999999,0,mys2,Mysuru,2026-08-31T08:59:22.438589Z
ChIJVY4KBQB7rzsRyTHPxOXpeCE,Silver Oak Bar and Restaurant,places,en,266,12.317751900000001,76.6047307,12.3201495,76.6059782,0,mys2,Mysuru,2026-08-31T08:59:22.438591Z
ChIJgyZaq9l6rzsRx0RZ8V6jGy8,Shree Guru Raghavendra Tiffen & Chats Center,places,en,268,12.30068635,76.59803105,12.302160599999999,76.5979972,0,mys2,Mysuru,2026-08-31T08:59:23.103951Z
ChIJ-_TGZAB7rzsRv4XN1QL6LM8,ಅಪ್ಪು ಕಬಾಬ್ ಅಡ್ಡ ( appu kabab adda),places,en,268,12.30068635,76.59803105,12.3029896,76.5979802,0,mys2,Mysuru,2026-08-31T08:59:23.103976Z
ChIJ1fcYsup7rzsR7eiAEIXUtN4,King chicken center,places,en,269,12.3046068,76.59873089999999,12.304266000000002,76.5980379,0,mys2,Mysuru,2026-08-31T08:59:23.422974Z
ChIJc-w1WNl6rzsRWX1NUlK8mmw,Hotel Dosa Point,places,en,269,12.3046068,76.59873089999999,12.305339400000001,76.5990463,0,mys2,Mysuru,2026-08-31T08:59:23.422988Z
ChIJLfdpGsh7rzsRqqpP0hXhiaw,Sri Ram Bake's,places,en,269,12.3046068,76.59873089999999,12.3057117,76.59851549999999,0,mys2,Mysuru,2026-08-31T08:59:23.422990Z
ChIJnQwXNAB7rzsRCdMo4kmAc-Q,Aadya's Kitchen,places,en,269,12.3046068,76.59873089999999,12.305086399999999,76.59978029999999,0,mys2,Mysuru,2026-08-31T08:59:23.422992Z
ChIJp2kJ1d56rzsRJiTOJmgM58I,Sri Chamundeshwari Hot Chips,places,en,269,12.3046068,76.59873089999999,12.3057377,76.5981821,0,mys2,Mysuru,2026-08-31T08:59:23.422993Z
ChIJB6tzUdl6rzsRcKBAqjQVOok,Vajreshwari Soudhehole Fish Tawa Fry And Chicken Kabab Restaurant,places,en,269,12.3046068,76.59873089999999,12.3049792,76.6002549,0,mys2,Mysuru,2026-08-31T08:59:23.422994Z
ChIJj2I1VwB7rzsRZDwEAvGnw-Q,Mandarthi tiffians,places,en,269,12.3046068,76.59873089999999,12.3059958,76.5979454,0,mys2,Mysuru,2026-08-31T08:59:23.422996Z
ChIJ4br2VUp7rzsR77ZTqPUnpP8,Venkatesh,places,en,269,12.3046068,76.59873089999999,12.3050347,76.60038109999999,0,mys2,Mysuru,2026-08-31T08:59:23.422997Z
ChIJ0YvHL996rzsRjber_6uTTR0,Vijayalakshmi Chicken Centre,places,en,269,12.3046068,76.59873089999999,12.3058286,76.59731169999999,0,mys2,Mysuru,2026-08-31T08:59:23.422999Z
ChIJ82rJN996rzsR-ogXGYyzJpg,Samarth Chicken,places,en,269,12.3046068,76.59873089999999,12.3057684,76.5965738,0,mys2,Mysuru,2026-08-31T08:59:23.423000Z
ChIJMf43ig17rzsRdvSjoVNW6XE,Neha Cafe,places,en,271,12.335222049999999,76.60797405,12.333227599999999,76.6069722,0,mys2,Mysuru,2026-08-31T08:59:24.461712Z
ChIJPw2VRZx7rzsRerun1yCKTDI,Wild Sugar Mysore/ The Mad Crumbel,places,en,272,12.32603445,76.57717155,12.326394100000002,76.57476740000001,0,mys2,Mysuru,2026-08-31T08:59:24.892230Z
ChIJUcebckB7rzsRf8f_4kRtCdg,Grill House,places,en,274,12.337814049999999,76.5849312,12.3378008,76.5840073,0,mys2,Mysuru,2026-08-31T08:59:25.592653Z
ChIJVSYIWAB7rzsRoRARjJw3ysc,Sridevi Dosa's,places,en,274,12.337814049999999,76.5849312,12.338628199999999,76.5844656,0,mys2,Mysuru,2026-08-31T08:59:25.592664Z
ChIJ-9P_fIV7rzsRS-ZzSPO5Fwo,Mysore Bene Masala,places,en,274,12.337814049999999,76.5849312,12.3386259,76.58376419999999,0,mys2,Mysuru,2026-08-31T08:59:25.592667Z
ChIJO1rnfJh7rzsRaK0FQxe9GM8,Sri Annaporeneswri Hotel,places,en,274,12.337814049999999,76.5849312,12.3368728,76.5835846,0,mys2,Mysuru,2026-08-31T08:59:25.592669Z
ChIJyYwsVCN7rzsRayJfwHj0uRQ,Hotel Annapoorneshwari bakery and food court,places,en,274,12.337814049999999,76.5849312,12.338921899999999,76.5834818,0,mys2,Mysuru,2026-08-31T08:59:25.592671Z
ChIJKQ7jQ4Z7rzsRjHVQPXnR3qw,Yashaswini Hot chips,places,en,274,12.337814049999999,76.5849312,12.339768999999999,76.5839261,0,mys2,Mysuru,2026-08-31T08:59:25.592680Z
ChIJD0eZIwB7rzsR0GTIpAMzZDg,Vijayanagar fourth stage,places,en,274,12.337814049999999,76.5849312,12.339336999999999,76.586682,0,mys2,Mysuru,2026-08-31T08:59:25.592682Z
ChIJxWzp89p7rzsRLLw86lWRo00,Sri Durga HOTEL & milk parlour,places,en,274,12.337814049999999,76.5849312,12.3392321,76.5869312,0,mys2,Mysuru,2026-08-31T08:59:25.592684Z
ChIJMVt6QQB7rzsRy6goNjfKOF0,Hotel Sri Durga Pure Veg,places,en,274,12.337814049999999,76.5849312,12.339954700000002,76.5863117,0,mys2,Mysuru,2026-08-31T08:59:25.592686Z
ChIJA-IJ4tZ7rzsRog1xSFOil70,Manju Tiffany's,places,en,274,12.337814049999999,76.5849312,12.3403952,76.5850127,0,mys2,Mysuru,2026-08-31T08:59:25.592687Z
ChIJS_XzVwB7rzsR2d9WUl7iZtY,"Domino's Pizza | Hootagalli, Mysuru",places,en,274,12.337814049999999,76.5849312,12.3390279,76.5873033,0,mys2,Mysuru,2026-08-31T08:59:25.592689Z
ChIJpwsoDMd6rzsRWJxHF0xJySU,Sri Vinayaka Fast Food,places,en,275,12.30392775,76.6160814,12.30388,76.616365,0,mys2,Mysuru,2026-08-31T08:59:26.000112Z
ChIJmdiNZTV7rzsRfcEuHMdjPGw,Hotel Banduru biryani,places,en,275,12.30392775,76.6160814,12.304160699999999,76.6163369,0,mys2,Mysuru,2026-08-31T08:59:26.000124Z
ChIJh8clTc57rzsRq7HEwOC1hPk,mk mess,places,en,275,12.30392775,76.6160814,12.304857799999999,76.6162435,0,mys2,Mysuru,2026-08-31T08:59:26.000127Z
ChIJV8J4ocd6rzsRZ2eKkDeUBLo,Sri Vinayaka Hot Chips,places,en,275,12.30392775,76.6160814,12.303082999999999,76.61653299999999,0,mys2,Mysuru,2026-08-31T08:59:26.000129Z
ChIJKZU22UF7rzsRQMiP6uRple4,Sri Chamundeshwari Keralapura Hindu Military Hotel,places,en,275,12.30392775,76.6160814,12.303344099999999,76.6152771,0,mys2,Mysuru,2026-08-31T08:59:26.000131Z
ChIJ60mVapl7rzsR3QPSR9mmzpI,Tasty Chickens,places,en,275,12.30392775,76.6160814,12.3030051,76.6156389,0,mys2,Mysuru,2026-08-31T08:59:26.000133Z
ChIJ60bsh857rzsRDZ3Kj-W7w6Q,Moli's kitchen,places,en,275,12.30392775,76.6160814,12.3028652,76.616408,0,mys2,Mysuru,2026-08-31T08:59:26.000134Z
ChIJZZ7L9597rzsRxpi1g4_fRt8,Donne Biryani - ದೊನ್ನೆ ಬಿರಿಯಾನಿ,places,en,275,12.30392775,76.6160814,12.3028374,76.6166661,0,mys2,Mysuru,2026-08-31T08:59:26.000136Z
ChIJ5QvwP7V7rzsRRYyOZ7rwYKY,Mysore kitchens,places,en,275,12.30392775,76.6160814,12.302464899999999,76.6156589,0,mys2,Mysuru,2026-08-31T08:59:26.000138Z
ChIJ0YWJYjZ7rzsRZJ9lLRXxLR4,Hotel Mysore green bite,places,en,275,12.30392775,76.6160814,12.3023294,76.61635540000002,0,mys2,Mysuru,2026-08-31T08:59:26.000140Z
ChIJScqaucd6rzsRJWAc1NgVwFM,KRISHNA BHANDAR,places,en,275,12.30392775,76.6160814,12.302291,76.6161299,0,mys2,Mysuru,2026-08-31T08:59:26.000141Z
ChIJ1cNfxm17rzsRrqt_dqo-Iww,Pavitra Gobi Center,places,en,275,12.30392775,76.6160814,12.3024185,76.6153976,0,mys2,Mysuru,2026-08-31T08:59:26.000143Z
ChIJC_ubaBF7rzsRlQ0cEXeFMBk,Aadi shakti fast food,places,en,275,12.30392775,76.6160814,12.3025635,76.61706579999999,0,mys2,Mysuru,2026-08-31T08:59:26.000145Z
ChIJvSGDVQB7rzsRBVslXvBKq1E,Hotel Kiran,places,en,275,12.30392775,76.6160814,12.302266999999999,76.6165304,0,mys2,Mysuru,2026-08-31T08:59:26.000146Z
ChIJjbVk6ud7rzsRcQJGYXpTVG4,Sangameshwara Uttara Karnataka Khanavali,places,en,275,12.30392775,76.6160814,12.3029061,76.61758379999999,0,mys2,Mysuru,2026-08-31T08:59:26.000148Z
ChIJ0UOS42F7rzsR0ptpdx7EPgw,Meat and Eat,places,en,275,12.30392775,76.6160814,12.3022219,76.6153054,0,mys2,Mysuru,2026-08-31T08:59:26.000149Z
ChIJw9FAUDF7rzsR8OraknD3TKE,RR CHIKEN CENTER,places,en,275,12.30392775,76.6160814,12.3022818,76.61511209999999,0,mys2,Mysuru,2026-08-31T08:59:26.000151Z
ChIJ79F7WcZ6rzsRD_ZaPfPep9w,ಸಾ.ರಾ. ಪ್ರಾವಿಜನ್ ಸ್ಟೋರ್,places,en,275,12.30392775,76.6160814,12.3029792,76.6143491,0,mys2,Mysuru,2026-08-31T08:59:26.000153Z
ChIJUwd7S8Z6rzsRsflnbF80dPw,Coffee House,places,en,275,12.30392775,76.6160814,12.3022794,76.6150108,0,mys2,Mysuru,2026-08-31T08:59:26.000154Z
ChIJM0UBTMZ6rzsRvkyqrWTbvLk,Manju Military Hotel,places,en,275,12.30392775,76.6160814,12.302285699999999,76.6149354,0,mys2,Mysuru,2026-08-31T08:59:26.000156Z
ChIJAyJ3FTx7rzsRuF2XKGl99JU,Mr.Kitchen,places,en,277,12.31053745,76.57669795,12.3096356,76.5742889,0,mys2,Mysuru,2026-08-31T08:59:26.623131Z
ChIJh_Hbz_Z7rzsRawsbBo79QVU,Rajesh,places,en,278,12.33818955,76.57203555000001,12.3397019,76.5723723,0,mys2,Mysuru,2026-08-31T08:59:27.008811Z
ChIJz085zPx7rzsR_6u4mK98LlA,Shravya’s cafe,places,en,280,12.29135365,76.60394074999999,12.2918285,76.6040182,0,mys2,Mysuru,2026-08-31T08:59:27.622257Z
ChIJTSecsvx7rzsRPt6jeXR6wQA,Spirit Junction,places,en,280,12.29135365,76.60394074999999,12.2918568,76.6054702,0,mys2,Mysuru,2026-08-31T08:59:27.622274Z
ChIJcz3bidJ6rzsRPZKuMdtcNtU,Balaji Bar & Restaurant,places,en,280,12.29135365,76.60394074999999,12.2915923,76.6056171,0,mys2,Mysuru,2026-08-31T08:59:27.622276Z
ChIJAykJidJ6rzsRG78a2Ufyh6o,Sri Kala Bhairaveshwara Hotel,places,en,280,12.29135365,76.60394074999999,12.2914769,76.6056618,0,mys2,Mysuru,2026-08-31T08:59:27.622278Z
ChIJG27vIi5lrzsRjmU5hrb0WNs,Deepa Bar & Restaurant,places,en,280,12.29135365,76.60394074999999,12.291352999999999,76.6057726,0,mys2,Mysuru,2026-08-31T08:59:27.622279Z
ChIJf_25YwB7rzsRbCDZD7o-sSI,pailwan basavaiah function hall,places,en,280,12.29135365,76.60394074999999,12.2904764,76.6058039,0,mys2,Mysuru,2026-08-31T08:59:27.622280Z
ChIJp63idy17rzsR968Cnt2-s6U,ATMOSPHERE,places,en,281,12.297673150000001,76.61331625,12.297865000000002,76.61256279999999,0,mys2,Mysuru,2026-08-31T08:59:28.042298Z
ChIJR4Yo2YR7rzsRdZd9k5tM_TM,New Raj dum biriyani,places,en,281,12.297673150000001,76.61331625,12.2970346,76.6127605,0,mys2,Mysuru,2026-08-31T08:59:28.042308Z
ChIJhbg1PQB7rzsRvhQ7O9IU_fU,Hotel mane oota,places,en,281,12.297673150000001,76.61331625,12.2969834,76.6127937,0,mys2,Mysuru,2026-08-31T08:59:28.042310Z
ChIJ2SZeLMl6rzsRgi3TOHe5hFc,Yajamaana Bar And Restaurant,places,en,281,12.297673150000001,76.61331625,12.2971725,76.6125842,0,mys2,Mysuru,2026-08-31T08:59:28.042313Z
ChIJNVuxJgN7rzsRuF39gDbLWfA,fresh Chicken Center,places,en,281,12.297673150000001,76.61331625,12.298050100000001,76.614847,0,mys2,Mysuru,2026-08-31T08:59:28.042315Z
ChIJZ9jL_sh6rzsRdfJP4d3eAWA,Sri Braveshwara Chickens,places,en,281,12.297673150000001,76.61331625,12.298059799999999,76.61502089999999,0,mys2,Mysuru,2026-08-31T08:59:28.042316Z
ChIJlWgWvch6rzsRAAAAME6Z6nM,Happy Chickens.,places,en,281,12.297673150000001,76.61331625,12.2981953,76.6149873,0,mys2,Mysuru,2026-08-31T08:59:28.042317Z
ChIJgXdEQsl6rzsR-Az1RRK-GUY,Kuteera Kitchen,places,en,281,12.297673150000001,76.61331625,12.2958269,76.6137328,0,mys2,Mysuru,2026-08-31T08:59:28.042318Z
ChIJe6BpRlx7rzsRXgfvTSgi4UQ,Sri Balaji Mess,places,en,281,12.297673150000001,76.61331625,12.2981965,76.6152074,0,mys2,Mysuru,2026-08-31T08:59:28.042320Z
ChIJNQGGFzl7rzsR_naaAhavcvI,"Shree Mahalakshmi Sweets, Sharadadevi Nagar",places,en,281,12.297673150000001,76.61331625,12.295482,76.614103,0,mys2,Mysuru,2026-08-31T08:59:28.042321Z
ChIJlSO7rJV7rzsRCg6RIybT6bM,Kapoor’s Cafe Mysore - Sharada Devi Nagar,places,en,281,12.297673150000001,76.61331625,12.295343599999999,76.61277729999999,0,mys2,Mysuru,2026-08-31T08:59:28.042322Z
ChIJC0OKawB7rzsR76Da0QJ5GcQ,The Retro Bangarpet Chats,places,en,281,12.297673150000001,76.61331625,12.2956114,76.61455049999999,0,mys2,Mysuru,2026-08-31T08:59:28.042324Z
ChIJ_W1U2YR7rzsR2kSHPULYTpc,Sri Chamundeshwari chicken centre,places,en,281,12.297673150000001,76.61331625,12.2980781,76.6157638,0,mys2,Mysuru,2026-08-31T08:59:28.042325Z
ChIJTZ4GnX17rzsRFq1Wk6DW7fA,Luffico,places,en,281,12.297673150000001,76.61331625,12.2956162,76.61468529999999,0,mys2,Mysuru,2026-08-31T08:59:28.042326Z
ChIJF_TtXMl6rzsRzG14vvQ0PZ8,Sharadamba Hotel,places,en,281,12.297673150000001,76.61331625,12.2952069,76.613334,0,mys2,Mysuru,2026-08-31T08:59:28.042327Z
ChIJ7ebP1gh7rzsRF5yi3qgGo9c,Anthoni Felix,places,en,281,12.297673150000001,76.61331625,12.2955203,76.6120255,0,mys2,Mysuru,2026-08-31T08:59:28.042328Z
ChIJl7T6qNV7rzsRlvwJd5FdUhg,The Food Studio,places,en,281,12.297673150000001,76.61331625,12.2954151,76.61215960000001,0,mys2,Mysuru,2026-08-31T08:59:28.042330Z
ChIJP1xfmn2HpTsRVmcCuz_uNCg,ಕೃಷ್ಣ ಮೆಡಿಕಲ್ಸ್,places,en,283,12.333751549999999,76.4545032,12.3339657,76.4554031,0,mys2,Mysuru,2026-08-31T08:59:28.670484Z
ChIJd6ZOilKHpTsRv0XjVKDMhGk,Veerabadreshwara,places,en,283,12.333751549999999,76.4545032,12.3345995,76.4541508,0,mys2,Mysuru,2026-08-31T08:59:28.670496Z
ChIJm8DY-SV9rzsR3BwOBUzu7G8,HALAAL CHICKEN SHOP SANTEMALA BILIKERE,places,en,283,12.333751549999999,76.4545032,12.3329568,76.456538,0,mys2,Mysuru,2026-08-31T08:59:28.670499Z
ChIJD8oKZ32HpTsRraOpf_C2IV4,SR UDUPI RESTAURANT,places,en,283,12.333751549999999,76.4545032,12.335890299999999,76.4557722,0,mys2,Mysuru,2026-08-31T08:59:28.670501Z
ChIJFWloI32HpTsRqIgu_nGlc20,HIGIGHWAY FISH TAWA FRY,places,en,283,12.333751549999999,76.4545032,12.3361936,76.4540418,0,mys2,Mysuru,2026-08-31T08:59:28.670502Z
ChIJRZqtyIpprzsReRrB4-u07gQ,Koli Farm Outlet,places,en,286,12.121112199999999,76.66922794999999,12.121391599999999,76.66847589999999,0,mys2,Mysuru,2026-08-31T08:59:29.679096Z
ChIJez6kCCNorzsR8HrJmYjkeh8,Green Gobi Corner,places,en,286,12.121112199999999,76.66922794999999,12.121561999999999,76.668009,0,mys2,Mysuru,2026-08-31T08:59:29.679107Z
ChIJy8KbmudprzsR0fRQMlDdreo,Mestru Tiffan Center,places,en,287,12.113743450000001,76.6716689,12.1143124,76.67109479999999,0,mys2,Mysuru,2026-08-31T08:59:30.057285Z
ChIJjac_l81DrzsR9853lLn14V4,Naaz Kitchen,places,en,287,12.113743450000001,76.6716689,12.1130965,76.6734111,0,mys2,Mysuru,2026-08-31T08:59:30.057301Z
ChIJjzRlfQBprzsRZnLVfgV-OBg,Egg Adda,places,en,287,12.113743450000001,76.6716689,12.1141428,76.6735302,0,mys2,Mysuru,2026-08-31T08:59:30.057305Z
ChIJkZQydcdprzsR1Dgk2lXa0dU,Hotel Annapoorneswari,places,en,287,12.113743450000001,76.6716689,12.114893499999999,76.67358159999999,0,mys2,Mysuru,2026-08-31T08:59:30.057308Z
ChIJDcfJrlNprzsR45iCRhAFw-o,Brahmins Mess,places,en,293,12.1173583,76.69322165,12.1183017,76.6934169,0,mys2,Mysuru,2026-08-31T08:59:31.941763Z
ChIJVzKBTXtprzsRl76_BhCUlzw,Puneri Shrimaan chaha with Hayagreeva tiffienis,places,en,293,12.1173583,76.69322165,12.1186387,76.6918129,0,mys2,Mysuru,2026-08-31T08:59:31.941774Z
ChIJ_XKUfPVprzsRFpaBcWQy8iQ,Annapoorneshwari Mess,places,en,293,12.1173583,76.69322165,12.1186171,76.69172379999999,0,mys2,Mysuru,2026-08-31T08:59:31.941777Z
ChIJZXCjz0NprzsRPZ_CwkyvDEA,Guru sarvabhouma Mane oota,places,en,293,12.1173583,76.69322165,12.118830599999999,76.6918065,0,mys2,Mysuru,2026-08-31T08:59:31.941779Z
ChIJ8YDKdgBprzsRRWRhxrxHc_I,"Shree Guru Raghavendra Tiffin Centre, Authentic Udupi Palahar",places,en,293,12.1173583,76.69322165,12.1188149,76.6917373,0,mys2,Mysuru,2026-08-31T08:59:31.941781Z
ChIJa7ToUQBlrzsRUJmvP2rNcps,PRIYADARSHINI BIRYANI HOUSE,places,en,296,12.26334785,76.63210645000001,12.2654562,76.6333368,0,mys2,Mysuru,2026-08-31T08:59:32.889952Z
ChIJ4c3IeAZ7rzsRZ6pCWPhiRJ0,SHINE CAFE RESTAURANT,places,en,296,12.26334785,76.63210645000001,12.265646199999999,76.6332767,0,mys2,Mysuru,2026-08-31T08:59:32.889963Z
ChIJ1U8KTf9orzsR06hVzDtzQXs,R.P BIRIYANI HOUSE,places,en,298,12.15841025,76.68283869999999,12.159099099999999,76.6818675,0,mys2,Mysuru,2026-08-31T08:59:33.576383Z
ChIJYw2Stj9przsR-m_VGb1ATcQ,National Highway Hotel,places,en,298,12.15841025,76.68283869999999,12.159098100000001,76.6818533,0,mys2,Mysuru,2026-08-31T08:59:33.576394Z
ChIJyUiVa_9orzsR5Vbv-yIJ1aM,BN FAST FOOD,places,en,298,12.15841025,76.68283869999999,12.1595148,76.6833711,0,mys2,Mysuru,2026-08-31T08:59:33.576396Z
ChIJEerx36dprzsRq0zgj3lFwoY,HOTEL RANGASWAMY,places,en,298,12.15841025,76.68283869999999,12.156362099999999,76.6815156,0,mys2,Mysuru,2026-08-31T08:59:33.576398Z
ChIJO35e-tl_rzsRbq9mLxvD6pU,Ramanhalli Idli Point,places,en,305,12.42613945,76.48291814999999,12.425112299999999,76.4810768,0,mys2,Mysuru,2026-08-31T08:59:36.980875Z
ChIJwSVEECqHpTsRfo3zloXQeBY,Eranneshwara Fast Food,places,en,306,12.366870500000001,76.4171356,12.367656,76.41752350000002,0,mys2,Mysuru,2026-08-31T08:59:37.284497Z
ChIJa8deHACHpTsRZXT2BPKsjfw,Sachin nayak,places,en,306,12.366870500000001,76.4171356,12.3678163,76.4172987,0,mys2,Mysuru,2026-08-31T08:59:37.284509Z
ChIJZ4EHTiyHpTsRyttk1VTf3B4,ಶ್ರೀ ಲಕ್ಷ್ಮೀನರಸಿಂಹಸ್ವಾಮಿ ಟ್ರೇಡರ್ಸ್,places,en,306,12.366870500000001,76.4171356,12.3655537,76.418343,0,mys2,Mysuru,2026-08-31T08:59:37.284512Z
ChIJs11sRpGBpTsRpTWifUkKBFE,Raj chicken and mutton center,places,en,309,12.432991000000001,76.3776617,12.431405499999999,76.37902079999999,0,mys2,Mysuru,2026-08-31T08:59:38.244045Z
ChIJH2ZjbQBnrzsRatuoOAxZ3RI,Basappa Hotel,places,en,312,12.168868,76.63740365,12.1701338,76.6372598,0,mys2,Mysuru,2026-08-31T08:59:39.267315Z
ChIJ1RqPQgAVrzsRTBARAL4hVjE,Annapoorneshwari Hotel & Chats,places,en,327,12.14661405,76.86222915,12.1478789,76.8630318,0,mys2,Mysuru,2026-08-31T08:59:44.336316Z
ChIJ8SazIQCJpTsRW-z7YBlTCkI,Dharmapura hunsur,places,en,335,12.2382683,76.38070554999999,12.237767199999999,76.3803688,0,mys2,Mysuru,2026-08-31T08:59:46.981216Z
ChIJS-uZUPqFpTsRrJmdAu6JAXM,Amruth Pulav Point,places,en,342,12.299538,76.29319665,12.2980723,76.2950508,0,mys2,Mysuru,2026-08-31T08:59:49.350029Z
ChIJr7gcDjNlrzsRDtCiXtdodrI,Government Fish stall,places,en,343,12.2868645,76.61027755,12.2851728,76.6096951,0,mys2,Mysuru,2026-08-31T08:59:49.684489Z
ChIJvUeF34NxrzsRwrUhPcmBpig,Sher Khan caterese,places,en,344,12.318742799999999,76.68509325,12.3198429,76.68637369999999,0,mys2,Mysuru,2026-08-31T08:59:50.097339Z
ChIJP9Bvy6FxrzsRwE_7O6zv-0o,Nawab Qureshi,places,en,344,12.318742799999999,76.68509325,12.3194672,76.6867216,0,mys2,Mysuru,2026-08-31T08:59:50.097347Z
ChIJ2V5m5mpxrzsRBrlgqOiuCUE,BROTHERS CHICKEN AND MUTTON STALL,places,en,344,12.318742799999999,76.68509325,12.3176879,76.68314869999999,0,mys2,Mysuru,2026-08-31T08:59:50.097350Z
ChIJKz8E7F9xrzsR4NyYeC1s1Bc,Kaleem Tea Stall ( Idliyan ki chai),places,en,344,12.318742799999999,76.68509325,12.3193945,76.6876321,0,mys2,Mysuru,2026-08-31T08:59:50.097359Z
ChIJaZiqGG57rzsRuCWw2WElsGQ,MAHARAJA BIRYANI CENTRE,places,en,345,12.346412699999998,76.62940935,12.3461729,76.62989870000001,0,mys2,Mysuru,2026-08-31T08:59:50.508008Z
ChIJP30wru97rzsR2JbpEZtGy5s,HOTEL ARAMANE,places,en,345,12.346412699999998,76.62940935,12.346274099999999,76.6299556,0,mys2,Mysuru,2026-08-31T08:59:50.508021Z
ChIJZ7l_8c97rzsR8rDLNz9sfr4,Canaan Foodz / Canaan Wedding Biriyani,places,en,345,12.346412699999998,76.62940935,12.346951299999999,76.6299463,0,mys2,Mysuru,2026-08-31T08:59:50.508024Z
ChIJJe22HDF7rzsRqosu5McxhIs,The Adithya Grand Pure Veg Restaurant,places,en,345,12.346412699999998,76.62940935,12.3457002,76.629818,0,mys2,Mysuru,2026-08-31T08:59:50.508026Z
ChIJy31vHnB6rzsRsspTuOXau9g,Keralapura military hotel,places,en,345,12.346412699999998,76.62940935,12.347202099999999,76.6298167,0,mys2,Mysuru,2026-08-31T08:59:50.508028Z
ChIJ4QAJ4G96rzsRqCdOJrFwQIQ,Hotel Aditya,places,en,345,12.346412699999998,76.62940935,12.3474559,76.6296614,0,mys2,Mysuru,2026-08-31T08:59:50.508029Z
ChIJJ0_l3m96rzsRfnH8XQk1i7Q,Kaya Chicken's,places,en,345,12.346412699999998,76.62940935,12.347663599999999,76.629498,0,mys2,Mysuru,2026-08-31T08:59:50.508031Z
ChIJwVDx3G96rzsRxpedIvRqOek,Ramesh Military Hotel,places,en,345,12.346412699999998,76.62940935,12.3476813,76.6291523,0,mys2,Mysuru,2026-08-31T08:59:50.508032Z
ChIJE0BGnIB7rzsRs8DVKNShSr0,Hotel Inchara Biriyani and Kababs,places,en,345,12.346412699999998,76.62940935,12.347665,76.6290057,0,mys2,Mysuru,2026-08-31T08:59:50.508034Z
ChIJ9y39JgB7rzsRdxE-RopIwoE,Belgola rice Bran oil bajji centre,places,en,345,12.346412699999998,76.62940935,12.3476679,76.6286063,0,mys2,Mysuru,2026-08-31T08:59:50.508035Z
ChIJBUEKBgB7rzsRRnPnFnd7NQU,Shri bhairaveshwara Non Veg Hotel,places,en,345,12.346412699999998,76.62940935,12.344890099999999,76.6301715,0,mys2,Mysuru,2026-08-31T08:59:50.508036Z
ChIJv6fVO8J7rzsRqx9_DyJaxp4,Hotel Annapoorna Special Biriyani,places,en,345,12.346412699999998,76.62940935,12.3478864,76.6283086,0,mys2,Mysuru,2026-08-31T08:59:50.508038Z
ChIJJSEuu296rzsRfr_7rAnjWKg,Sri Shiradi Saibaba Mess,places,en,345,12.346412699999998,76.62940935,12.347846599999999,76.6275821,0,mys2,Mysuru,2026-08-31T08:59:50.508039Z
ChIJzfL3PN1xrzsRzMS6GUEBx5g,SUGUNA SMART CHICKEN,places,en,345,12.346412699999998,76.62940935,12.346632399999999,76.6270804,0,mys2,Mysuru,2026-08-31T08:59:50.508040Z
ChIJfRXJcsp7rzsROeDV3FoEt0E,Lakshith Bangarapete Chats And Juice Centre,places,en,345,12.346412699999998,76.62940935,12.344275099999999,76.6307199,0,mys2,Mysuru,2026-08-31T08:59:50.508042Z
ChIJ6dc9pG96rzsRnAnXOP1Sqi4,Udupi sri durga darshini,places,en,345,12.346412699999998,76.62940935,12.3476473,76.6271301,0,mys2,Mysuru,2026-08-31T08:59:50.508043Z
ChIJ1RNSTgBxrzsR9r1euxyy6lc,Lakshmi Goudru Military Hotel,places,en,346,12.35429465,76.6471445,12.3518356,76.64824,0,mys2,Mysuru,2026-08-31T08:59:50.810255Z
ChIJU0zUKwB7rzsRmQfC4Z5kH0c,Sri Bairaveshwara Chicken Center,places,en,347,12.3429411,76.6212447,12.342016099999999,76.6216779,0,mys2,Mysuru,2026-08-31T08:59:51.125719Z
ChIJ9-QgNQB7rzsRmxrvKov2-BU,ಶ್ರೀ ರಾಮ ಮಂದಿರ ಹೋಟೆಲ್,places,en,347,12.3429411,76.6212447,12.343935799999999,76.62228569999999,0,mys2,Mysuru,2026-08-31T08:59:51.125729Z
ChIJOfsHZFl7rzsRWkTTCH_1GKc,New .TOOT . Veg,places,en,347,12.3429411,76.6212447,12.343995000000001,76.6224419,0,mys2,Mysuru,2026-08-31T08:59:51.125732Z
ChIJDwiz-TB7rzsR-RM1OeKyJ-s,Rollify Cafe,places,en,347,12.3429411,76.6212447,12.3412414,76.6205488,0,mys2,Mysuru,2026-08-31T08:59:51.125734Z
ChIJLdBGpE1lrzsRfWhDBnq1AwM,Jai Shree Ram,places,en,349,12.2642438,76.6376334,12.264736099999999,76.6389238,0,mys2,Mysuru,2026-08-31T08:59:51.769011Z
ChIJlT6kvmFlrzsRzLLn-sIUneY,SUGUNA Chicken,places,en,349,12.2642438,76.6376334,12.2642373,76.6394839,0,mys2,Mysuru,2026-08-31T08:59:51.769025Z
ChIJOdAxkmFlrzsRVj9z4As6H3k,Guru Hotel,places,en,349,12.2642438,76.6376334,12.263384799999999,76.6395744,0,mys2,Mysuru,2026-08-31T08:59:51.769029Z
ChIJdZ_X7GFlrzsRJ463WP7OmAM,Sri Kanteshwara Bar & Restaurant,places,en,349,12.2642438,76.6376334,12.263449999999999,76.639867,0,mys2,Mysuru,2026-08-31T08:59:51.769031Z
ChIJ7_lIuA5lrzsR3H_0yYfoM0k,Mysore Chats & Food Corner,places,en,349,12.2642438,76.6376334,12.265078599999999,76.6398407,0,mys2,Mysuru,2026-08-31T08:59:51.769033Z
ChIJRTgg2DZlrzsRp7X87VR5k-A,Shri Basaveswara Gobi and chat center,places,en,349,12.2642438,76.6376334,12.2622263,76.63924879999999,0,mys2,Mysuru,2026-08-31T08:59:51.769035Z
ChIJ39iu5IJlrzsRbHaplnFGs8I,Mylari coffee Corner,places,en,349,12.2642438,76.6376334,12.263918499999999,76.6349388,0,mys2,Mysuru,2026-08-31T08:59:51.769037Z
ChIJCx7vl89orzsRoPUj5YNr2qE,Iyengar's Tiffin & Meals Centre,places,en,357,12.19309055,76.67296135000001,12.1928173,76.6738172,0,mys2,Mysuru,2026-08-31T08:59:55.116177Z
ChIJicZ2jIdDrzsRXP3lObYuoVk,Veerashaiva Mane Oota,places,en,358,12.10951765,76.67315765,12.109998299999999,76.6717528,0,mys2,Mysuru,2026-08-31T08:59:55.441594Z
ChIJ07eWIgBDrzsRfAZ2_J_0Hf0,Hotel shree chamundeswari nonveg(1),places,en,358,12.10951765,76.67315765,12.107877700000001,76.67256979999999,0,mys2,Mysuru,2026-08-31T08:59:55.441604Z
ChIJiY_MUwBDrzsReqbvCpSaoTk,Halli mane veg,places,en,358,12.10951765,76.67315765,12.1075571,76.672688,0,mys2,Mysuru,2026-08-31T08:59:55.441607Z
ChIJ91HbI4hprzsRnM8RD85kkU8,Rasamane Veg Court,places,en,358,12.10951765,76.67315765,12.1073487,76.6731441,0,mys2,Mysuru,2026-08-31T08:59:55.441609Z
ChIJ7TOrFwCFpTsRawo23MiqiVA,Tandoori hut,places,en,360,12.313413,76.31833215,12.3107907,76.3187311,0,mys2,Mysuru,2026-08-31T08:59:56.268927Z
ChIJB23orh5rrzsRYxmZ2QOQdAM,SPR CHICKEN CENTER,places,en,362,12.169819799999999,76.79792205000001,12.169032999999999,76.7975817,0,mys2,Mysuru,2026-08-31T08:59:56.903217Z
ChIJR7MT33p6rzsR27ontBKGjTg,Basavanna son's koli chakkan,places,en,363,12.3435485,76.6307217,12.3433757,76.6310226,0,mys2,Mysuru,2026-08-31T08:59:57.216792Z
ChIJh_YoTzx7rzsRpJxAUS8lEAQ,S J Tiffin,places,en,363,12.3435485,76.6307217,12.343691900000001,76.6299812,0,mys2,Mysuru,2026-08-31T08:59:57.216809Z
ChIJGSgT4117rzsRkfeeyDwU1Cg,Kaveri hotel and mess,places,en,363,12.3435485,76.6307217,12.343695499999999,76.6296926,0,mys2,Mysuru,2026-08-31T08:59:57.216812Z
ChIJj1qmm7J7rzsRWhikVK07F28,Jayadeva Food court,places,en,363,12.3435485,76.6307217,12.3428758,76.62841499999999,0,mys2,Mysuru,2026-08-31T08:59:57.216815Z
ChIJe2ZKmFp7rzsR_hBo41k32Tw,Hotel sridevi,places,en,363,12.3435485,76.6307217,12.342107799999999,76.6329784,0,mys2,Mysuru,2026-08-31T08:59:57.216817Z
ChIJbbR0sFt6rzsR0WAYOtBAkH8,SRI GURURAGHAVENDRA FAST FOOD,places,en,369,12.3417885,76.61069520000001,12.341510399999999,76.6102037,0,mys2,Mysuru,2026-08-31T08:59:59.229048Z
ChIJza_3MZ57rzsRGh9OOhFUXnY,C K Chicken,places,en,369,12.3417885,76.61069520000001,12.341348199999999,76.6101817,0,mys2,Mysuru,2026-08-31T08:59:59.229059Z
ChIJX9-Zl2h7rzsRPkHeNVyrltI,Anna Ond Tea (Shree Tea Corner),places,en,369,12.3417885,76.61069520000001,12.341223699999999,76.61018849999999,0,mys2,Mysuru,2026-08-31T08:59:59.229061Z
ChIJd0Bbt1t6rzsRVDz2_Wn9_OE,Saviruchi Chicken Shop,places,en,369,12.3417885,76.61069520000001,12.341223699999999,76.61018849999999,0,mys2,Mysuru,2026-08-31T08:59:59.229063Z
ChIJU7lNAAB7rzsRaobzi5_jwGQ,Sri Lakshmi Chats And Fast Food,places,en,369,12.3417885,76.61069520000001,12.3413674,76.6099174,0,mys2,Mysuru,2026-08-31T08:59:59.229065Z
ChIJ-QrL-_2FpTsRB7f-u0vP0UY,Hunsure new pig mutton hotel,places,en,370,12.30585555,76.30598915,12.30778,76.30587570000002,0,mys2,Mysuru,2026-08-31T08:59:59.552008Z
ChIJAQ3VUwWFpTsR5_xpKGFaDJk,Chettai's Family Restaurant,places,en,370,12.30585555,76.30598915,12.307957,76.306196,0,mys2,Mysuru,2026-08-31T08:59:59.552018Z
ChIJbxtXauyFpTsR-gszVQl5mr8,Resto Cafe,places,en,370,12.30585555,76.30598915,12.3080179,76.3060545,0,mys2,Mysuru,2026-08-31T08:59:59.552021Z
ChIJYfCg6XGFpTsRLClqzxfgYeQ,Halli Mane,places,en,370,12.30585555,76.30598915,12.3079743,76.30553069999999,0,mys2,Mysuru,2026-08-31T08:59:59.552023Z
ChIJQRDGrUiFpTsRQdO_7lXTc68,"Sri Guru Raghavendra mess ,Good for homemade food.",places,en,370,12.30585555,76.30598915,12.3073797,76.30407679999999,0,mys2,Mysuru,2026-08-31T08:59:59.552024Z
ChIJcYypUNKFpTsRdf2UgYGvob0,Hunsur Bedare's Kitchen,places,en,370,12.30585555,76.30598915,12.3071231,76.3036092,0,mys2,Mysuru,2026-08-31T08:59:59.552032Z
ChIJSVFNpRqFpTsR-mk-6n3IBFg,Nakshatra Family Restaurant,places,en,370,12.30585555,76.30598915,12.3084735,76.3053706,0,mys2,Mysuru,2026-08-31T08:59:59.552034Z
ChIJV7aqWNtxrzsRbK7MXR9werc,Chamundeshwari Churumuri,places,en,374,12.3468601,76.65451254999999,12.346529000000002,76.6534933,0,mys2,Mysuru,2026-08-31T09:00:00.879977Z
ChIJM-pjGABxrzsRTObqV5ncnwA,Vanitha Mess (വനിത മെസ്സ്),places,en,374,12.3468601,76.65451254999999,12.347150099999999,76.6534178,0,mys2,Mysuru,2026-08-31T09:00:00.879987Z
ChIJ35Wi1GVxrzsRsdFvaLDDYEU,grillhub,places,en,374,12.3468601,76.65451254999999,12.346438,76.65337389999999,0,mys2,Mysuru,2026-08-31T09:00:00.879990Z
ChIJL-paRKhxrzsRDrDVh0itu74,I ️ MOMOS,places,en,374,12.3468601,76.65451254999999,12.3459922,76.6536287,0,mys2,Mysuru,2026-08-31T09:00:00.879992Z
ChIJ1xRhWABxrzsRTo7WdDzpGrM,PUTTU & CO RESTAURANT,places,en,374,12.3468601,76.65451254999999,12.3472054,76.6532813,0,mys2,Mysuru,2026-08-31T09:00:00.879993Z
ChIJUVCYEYVxrzsRMATHc1XZcJY,P C VATHSALA,places,en,374,12.3468601,76.65451254999999,12.3472495,76.6532672,0,mys2,Mysuru,2026-08-31T09:00:00.879995Z
ChIJF9l2NI5wrzsRrTRrDXbCTeo,Root Restaurant Mysuru,places,en,374,12.3468601,76.65451254999999,12.346301900000002,76.655948,0,mys2,Mysuru,2026-08-31T09:00:00.879997Z
ChIJNap-rVhxrzsRp7wI4VZLJnA,Nisarga Coastal Express,places,en,374,12.3468601,76.65451254999999,12.3461544,76.656016,0,mys2,Mysuru,2026-08-31T09:00:00.879998Z
ChIJid7ZYwBxrzsRXwf0w6065fE,Roll On Coal,places,en,374,12.3468601,76.65451254999999,12.3465641,76.6528512,0,mys2,Mysuru,2026-08-31T09:00:00.880000Z
ChIJjUQChY9wrzsRWGWgihF5hRU,Grand Kerala Restaurant,places,en,374,12.3468601,76.65451254999999,12.3449865,76.6534575,0,mys2,Mysuru,2026-08-31T09:00:00.880002Z
ChIJaT4ffsxxrzsRqgcr6v1KIwk,ABS Mandi House,places,en,374,12.3468601,76.65451254999999,12.3466863,76.6522698,0,mys2,Mysuru,2026-08-31T09:00:00.880003Z
ChIJQdffSwBxrzsRnz6tNSeaD9U,Malabar cafe,places,en,374,12.3468601,76.65451254999999,12.345060799999999,76.653072,0,mys2,Mysuru,2026-08-31T09:00:00.880005Z
ChIJcSI0f9NxrzsRZgkJ07k0a-U,The Mangalorian,places,en,374,12.3468601,76.65451254999999,12.3465261,76.6519787,0,mys2,Mysuru,2026-08-31T09:00:00.880006Z
ChIJwfMIbgBxrzsRFaqDWQALSJQ,Sri Tripura Grand Restaurant Pure Veg,places,en,374,12.3468601,76.65451254999999,12.3490787,76.6530599,0,mys2,Mysuru,2026-08-31T09:00:00.880008Z
ChIJBTbHQSB7rzsRaw7PXzQRDIM,Biryani Begum,places,en,374,12.3468601,76.65451254999999,12.346762,76.6517748,0,mys2,Mysuru,2026-08-31T09:00:00.880009Z
ChIJRWCWgD9xrzsR4tosZoyTHzI,Subee Delights,places,en,374,12.3468601,76.65451254999999,12.346754899999999,76.6517555,0,mys2,Mysuru,2026-08-31T09:00:00.880011Z
ChIJrSMjL-xprzsRxX0GAWFKm60,Highway Family Garden Restaurant,places,en,376,12.1335953,76.6755708,12.1319036,76.6757391,0,mys2,Mysuru,2026-08-31T09:00:01.641291Z
ChIJHawnVoRprzsR7GR0HG2ajTw,SHIVA TEA STALL,places,en,376,12.1335953,76.6755708,12.1315928,76.6757052,0,mys2,Mysuru,2026-08-31T09:00:01.641300Z
ChIJ28CHNThorzsR8k1WnAbrwEA,Hotel Vishnu Inn (Hotel Sri Vishnu Bhavan),places,en,376,12.1335953,76.6755708,12.131554600000001,76.6758385,0,mys2,Mysuru,2026-08-31T09:00:01.641303Z
ChIJG0BGzuFvrzsR5CaoTJ-F7wc,Shree Chamundeshwari Fast Food Corner,places,en,378,12.212963850000001,76.66304205,12.2139153,76.66240839999999,0,mys2,Mysuru,2026-08-31T09:00:02.338563Z
ChIJpfB6X8aFpTsRNcWpvXWTZpI,SUGUNA CHICKEN KAMRAN,places,en,391,12.30713635,76.29406385,12.3073689,76.2934913,0,mys2,Mysuru,2026-08-31T09:00:08.524462Z
ChIJ1ab5936FpTsRylfLQpGxMuU,Shabaz chicken Palace,places,en,391,12.30713635,76.29406385,12.3066712,76.2935793,0,mys2,Mysuru,2026-08-31T09:00:08.524502Z
ChIJ_e7opmeFpTsR0GsxEK3dsG4,Hotel Niha,places,en,391,12.30713635,76.29406385,12.306984900000002,76.29321709999999,0,mys2,Mysuru,2026-08-31T09:00:08.524509Z
ChIJs_kGLACFpTsREglRj_3TFiY,HOTEL GRAND MAHARAJA RESTAURANT,places,en,391,12.30713635,76.29406385,12.3078456,76.294607,0,mys2,Mysuru,2026-08-31T09:00:08.524513Z
ChIJE48RGAaFpTsRdLaA8v_Ckuc,Biriyani babu,places,en,391,12.30713635,76.29406385,12.3053719,76.29412169999999,0,mys2,Mysuru,2026-08-31T09:00:08.524527Z
ChIJ-dvPK3iFpTsRNTpL1miIbDA,Dilkush 99 variety dosa,places,en,391,12.30713635,76.29406385,12.3071729,76.2959614,0,mys2,Mysuru,2026-08-31T09:00:08.524531Z
ChIJ-1g0WwCFpTsRwrDJj5Bxxss,Kolkata Kathi Roll,places,en,391,12.30713635,76.29406385,12.306790000000001,76.2959424,0,mys2,Mysuru,2026-08-31T09:00:08.524534Z
ChIJc-25IQCFpTsR8t8XcwMCiMU,Sri krishna grand,places,en,391,12.30713635,76.29406385,12.3075086,76.2960085,0,mys2,Mysuru,2026-08-31T09:00:08.524537Z
ChIJp91hXD2FpTsRNz7jvejybvU,Lakshmi Tiffany's & Caterers,places,en,391,12.30713635,76.29406385,12.3051569,76.2938016,0,mys2,Mysuru,2026-08-31T09:00:08.524540Z
ChIJywDiY2uFpTsRYgUlJqksd5w,Shalimar Mess,places,en,391,12.30713635,76.29406385,12.3088316,76.29543319999999,0,mys2,Mysuru,2026-08-31T09:00:08.524543Z
ChIJ7TA-BQCFpTsRDPi1NOKKwJo,Hotel Hayath,places,en,391,12.30713635,76.29406385,12.309038,76.2956669,0,mys2,Mysuru,2026-08-31T09:00:08.524546Z
ChIJCcrFLxaFpTsR34B5YVoTZdQ,Dwarka hotel,places,en,391,12.30713635,76.29406385,12.3048609,76.2929713,0,mys2,Mysuru,2026-08-31T09:00:08.524549Z
ChIJRQrcshV7rzsRNbbA1Xy5HlA,Hotel Brindavan,places,en,398,12.326266350000001,76.6334937,12.3264114,76.63295769999999,0,mys2,Mysuru,2026-08-31T09:00:10.808859Z
ChIJjwtFVAB7rzsRMpvzyipIDZw,hyd ss biryani zone,places,en,398,12.326266350000001,76.6334937,12.3256135,76.6321845,0,mys2,Mysuru,2026-08-31T09:00:10.808879Z
ChIJf-o5_5R7rzsRZLm3RRGsZTA,Beijing Bites - Mysore,places,en,398,12.326266350000001,76.6334937,12.325623499999999,76.6321722,0,mys2,Mysuru,2026-08-31T09:00:10.808883Z
ChIJm06I-ZV7rzsRrsWsypFvcsE,Pallavi Chinese Corner,places,en,398,12.326266350000001,76.6334937,12.325455499999999,76.6321928,0,mys2,Mysuru,2026-08-31T09:00:10.808885Z
ChIJAQUM3Xt7rzsR_BX-sE0iKTU,TKS Iyengars Restaurant,places,en,398,12.326266350000001,76.6334937,12.3274403,76.63206009999999,0,mys2,Mysuru,2026-08-31T09:00:10.808887Z
ChIJ0xWPvoV6rzsRvEmKXGbUHzc,Nalpak Restaurants,places,en,398,12.326266350000001,76.6334937,12.327704400000002,76.6313926,0,mys2,Mysuru,2026-08-31T09:00:10.808889Z
ChIJMcIpIIV6rzsR72cZBwr-wBQ,Mallika Veg,places,en,398,12.326266350000001,76.6334937,12.324279299999999,76.6317808,0,mys2,Mysuru,2026-08-31T09:00:10.808890Z
ChIJZxQ3EwB7rzsRSdMUHhwmKbI,The Raju Momos,places,en,398,12.326266350000001,76.6334937,12.323656,76.63379119999999,0,mys2,Mysuru,2026-08-31T09:00:10.808892Z
ChIJmTtsPARwrzsRG0Ao44BmRe0,Neon Castle by Shamanth and Keerthana,places,en,398,12.326266350000001,76.6334937,12.325560699999999,76.6308437,0,mys2,Mysuru,2026-08-31T09:00:10.808894Z
