place_id,name,source,lang,cell_idx,query_center_lat,query_center_lon,lat,lon,page,region_id,region_name,collected_at
ChIJd61W_7LjmzkRu3tc8i9ogBY,VEG KABAB PARATHA,places,en,0,26.8745522,80.99614070000001,26.873922999999998,80.995139,0,lko,Lucknow,2026-08-31T09:17:38.842897Z
ChIJbVEvsafjmzkR1mEqeWQj9XM,Shahi Biryani,places,en,0,26.8745522,80.99614070000001,26.8737443,80.9953026,0,lko,Lucknow,2026-08-31T09:17:38.842924Z
ChIJn27kd2LjmzkRFLRgIUrMT0g,La Pizzerio,places,en,0,26.8745522,80.99614070000001,26.873446299999998,80.9958587,0,lko,Lucknow,2026-08-31T09:17:38.842931Z
ChIJEQ4iXQDjmzkRVshHCyNtA4I,Lakhnawi Dum Biryani,places,en,0,26.8745522,80.99614070000001,26.8738077,80.995142,0,lko,Lucknow,2026-08-31T09:17:38.842936Z
ChIJESXt07HimzkRsQg9mBLSSzY,awadh moradabadi biryani,places,en,0,26.8745522,80.99614070000001,26.873944299999998,80.99503290000001,0,lko,Lucknow,2026-08-31T09:17:38.842941Z
ChIJw6DdaADjmzkRbP2BeX8tBL4,Old cozy muradabadi biryani,places,en,0,26.8745522,80.99614070000001,26.873793,80.99510599999999,0,lko,Lucknow,2026-08-31T09:17:38.842945Z
ChIJ4V3QJ-LjmzkR-KuKS_xXgI4,Avadh Muradabad Ke Mashhur Chicken Biryani,places,en,0,26.8745522,80.99614070000001,26.873793,80.99510599999999,0,lko,Lucknow,2026-08-31T09:17:38.842948Z
ChIJp9uvNYj9mzkRB65PDxq_IRc,S.K. disposal,places,en,0,26.8745522,80.99614070000001,26.8751572,80.994783,0,lko,Lucknow,2026-08-31T09:17:38.842952Z
ChIJ32VrPubjmzkR-tx5xCe-8OQ,Dada Biryani And Mughlai,places,en,0,26.8745522,80.99614070000001,26.8734459,80.9950168,0,lko,Lucknow,2026-08-31T09:17:38.842956Z
ChIJYbAC6-HjmzkRPe3ua1Gq9WY,Polytechnic Chicken Biryani House & Fast Foood Corner,places,en,0,26.8745522,80.99614070000001,26.8733915,80.9950046,0,lko,Lucknow,2026-08-31T09:17:38.842959Z
ChIJZwVNm7XjmzkRQ16IPjcbSq4,Dehati Resturant,places,en,0,26.8745522,80.99614070000001,26.8729835,80.9958185,0,lko,Lucknow,2026-08-31T09:17:38.842963Z
ChIJ6-Ci7RrjmzkRC6nAn2eVWSE,Boom Boom cafe and restaurant,places,en,0,26.8745522,80.99614070000001,26.8728485,80.9963638,0,lko,Lucknow,2026-08-31T09:17:38.842967Z
ChIJYQK4n2rjmzkRM31GnCDICdo,Mishra Tea Stall,places,en,0,26.8745522,80.99614070000001,26.872601,80.996403,0,lko,Lucknow,2026-08-31T09:17:38.842970Z
ChIJw9l-NQDjmzkRlucbFdWnbpI,Ashok sweets,places,en,0,26.8745522,80.99614070000001,26.8763439,80.99493129999999,0,lko,Lucknow,2026-08-31T09:17:38.842973Z
ChIJCS1ZeBnjmzkRMmRbv24SIFI,P.G.fast food corner,places,en,0,26.8745522,80.99614070000001,26.8767985,80.99564459999999,0,lko,Lucknow,2026-08-31T09:17:38.842977Z
ChIJyb5BSWr9mzkRZgPmcp8ECV8,Prajita’s Kitchen,places,en,0,26.8745522,80.99614070000001,26.8767183,80.9951943,0,lko,Lucknow,2026-08-31T09:17:38.842980Z
ChIJYwkpMz_jmzkRptO5kUOZsC4,Shiva Bhai Chaat Corner,places,en,0,26.8745522,80.99614070000001,26.8721727,80.99578509999999,0,lko,Lucknow,2026-08-31T09:17:38.842984Z
ChIJff3bFYDxmzkR96Mo_UZ8vlM,Prajapati marriage hall and shankar caeters,places,en,1,26.6728552,80.970045,26.674473799999998,80.9682289,0,lko,Lucknow,2026-08-31T09:17:39.189220Z
ChIJW9qlJAD7mzkRRJANfUe6iiU,Anil egg roll,places,en,3,26.770607849999998,80.95203035,26.770918599999998,80.9519261,0,lko,Lucknow,2026-08-31T09:17:39.985941Z
ChIJrezWYIz7mzkRAmXRICpAvo0,Bajrangi veg kabab Paratha & veg biryani,places,en,3,26.770607849999998,80.95203035,26.7709764,80.9518971,0,lko,Lucknow,2026-08-31T09:17:39.985974Z
ChIJFZV-agD7mzkREk0wicnasxY,VEG SOYA CHAAP CAFE,places,en,3,26.770607849999998,80.95203035,26.771088499999998,80.95179019999999,0,lko,Lucknow,2026-08-31T09:17:39.985980Z
ChIJC2C8R3L7mzkRInmY8fWfhqA,Lucknow Street Food,places,en,3,26.770607849999998,80.95203035,26.771183699999998,80.95203219999999,0,lko,Lucknow,2026-08-31T09:17:39.985985Z
ChIJ178WJgD7mzkRcIRmlWl1jUs,Rakesh Bombay Vada Pav,places,en,3,26.770607849999998,80.95203035,26.7701149,80.9525322,0,lko,Lucknow,2026-08-31T09:17:39.985989Z
ChIJjwoLhbP7mzkR6Ct_fE_s7-M,Narrows Lounge,places,en,3,26.770607849999998,80.95203035,26.7710372,80.9534037,0,lko,Lucknow,2026-08-31T09:17:39.985993Z
ChIJi3WxDXL7mzkRnHgx08M7ePY,KING'S FOOD​,places,en,3,26.770607849999998,80.95203035,26.7710419,80.9534032,0,lko,Lucknow,2026-08-31T09:17:39.985997Z
ChIJtcV28x77mzkRQ1zoIhP0Ffs,Wat-A-Burger,places,en,3,26.770607849999998,80.95203035,26.771037399999997,80.9534082,0,lko,Lucknow,2026-08-31T09:17:39.986002Z
ChIJWeeZR9T7mzkRx7-EKDkGnpI,Bombepavbhaji Bargar Dabeli,places,en,3,26.770607849999998,80.95203035,26.7692569,80.95153979999999,0,lko,Lucknow,2026-08-31T09:17:39.986007Z
ChIJo5s1Ltr7mzkR2JftTHdOvgM,The Spice Bowl,places,en,3,26.770607849999998,80.95203035,26.7710552,80.95352489999999,0,lko,Lucknow,2026-08-31T09:17:39.986010Z
ChIJ81d4PgD7mzkRtpEA4IEnS7g,Vrindavan colony,places,en,3,26.770607849999998,80.95203035,26.7714759,80.9533206,0,lko,Lucknow,2026-08-31T09:17:39.986014Z
ChIJ1TlYfwb7mzkR6vvPf_9E7Jw,Food Tark,places,en,3,26.770607849999998,80.95203035,26.7686533,80.95397179999999,0,lko,Lucknow,2026-08-31T09:17:39.986018Z
ChIJlfRHgan7mzkRGOWM4R2Bag4,BIG BITE FOOD JOINT,places,en,5,26.7649634,80.9552583,26.7652187,80.9565763,0,lko,Lucknow,2026-08-31T09:17:40.704145Z
ChIJE2GtT2j7mzkRr132QE9K-kQ,Purvanchal baati chokha,places,en,5,26.7649634,80.9552583,26.7647595,80.9537611,0,lko,Lucknow,2026-08-31T09:17:40.704170Z
ChIJEVJysrL7mzkR-cHt0NDutXw,Meals on Wheels,places,en,5,26.7649634,80.9552583,26.7664521,80.9539515,0,lko,Lucknow,2026-08-31T09:17:40.704176Z
ChIJu18vC5n7mzkRv0BLZuKjyWU,Rashmi Enterprises,places,en,5,26.7649634,80.9552583,26.7654966,80.95273279999999,0,lko,Lucknow,2026-08-31T09:17:40.704180Z
ChIJR45jNQD7mzkRNtIf_wmWS9g,Neeraj Gupta - Samose ki dukan,places,en,6,26.763312499999998,80.97325205,26.763290599999998,80.9730522,0,lko,Lucknow,2026-08-31T09:17:41.221195Z
ChIJ5wafejn7mzkROAnBdrzn53A,Food planet,places,en,6,26.763312499999998,80.97325205,26.762454599999998,80.9727578,0,lko,Lucknow,2026-08-31T09:17:41.221234Z
ChIJ-1i1OgP7mzkRh01D_rPtgTc,New Hind Biryani Corner,places,en,7,26.7611828,80.9591441,26.762416299999998,80.96184010000002,0,lko,Lucknow,2026-08-31T09:17:41.666816Z
ChIJ4_V2TMH9mzkRghEGmbJhnb4,Bella Pizza,places,en,9,26.82338685,80.9094063,26.8247195,80.90747879999999,0,lko,Lucknow,2026-08-31T09:17:42.415369Z
ChIJQd13KCL7mzkRTAuNJZp0zVQ,Rolls Nation,places,en,10,26.7802027,80.89793545,26.7809851,80.89899849999999,0,lko,Lucknow,2026-08-31T09:17:42.793730Z
ChIJhUfSBf77mzkRA9K7DIieRio,Shri Ram Kachori,places,en,10,26.7802027,80.89793545,26.780830100000003,80.8992155,0,lko,Lucknow,2026-08-31T09:17:42.793756Z
ChIJXfgSWwf5mzkRMD-td4nO_g0,Pizza Domain,places,en,10,26.7802027,80.89793545,26.781609,80.898173,0,lko,Lucknow,2026-08-31T09:17:42.793762Z
ChIJO6D0Ne35mzkRZxQnxAaEHZs,Devi maa annapurna,places,en,10,26.7802027,80.89793545,26.779928299999998,80.8963569,0,lko,Lucknow,2026-08-31T09:17:42.793766Z
ChIJd6Csn-77mzkRuvIpoEPQGKU,MH RESTAURANT & CAFE,places,en,10,26.7802027,80.89793545,26.780930599999998,80.89962849999999,0,lko,Lucknow,2026-08-31T09:17:42.793770Z
ChIJRXdmvGj5mzkRXp8YN18kBtA,Roll Hunger,places,en,10,26.7802027,80.89793545,26.781854499999998,80.8966748,0,lko,Lucknow,2026-08-31T09:17:42.793774Z
ChIJ7zYYA1j5mzkRgCJs3fGrIL4,Trijal Inn - Hotel & Banquets,places,en,10,26.7802027,80.89793545,26.7782059,80.8974329,0,lko,Lucknow,2026-08-31T09:17:42.793778Z
ChIJE07rlor5mzkRTkMIVO1Ogvg,Maurya Restaurant,places,en,10,26.7802027,80.89793545,26.7781359,80.89769969999999,0,lko,Lucknow,2026-08-31T09:17:42.793782Z
ChIJuchEwFX5mzkR5ZDSCixfmRc,Krishna Bhog,places,en,10,26.7802027,80.89793545,26.7820671,80.8962379,0,lko,Lucknow,2026-08-31T09:17:42.793786Z
ChIJl3crDQD7mzkREwegqPwk85Y,Madrasi Dosa,places,en,10,26.7802027,80.89793545,26.780506600000002,80.90065899999999,0,lko,Lucknow,2026-08-31T09:17:42.793789Z
ChIJOcIYbwD7mzkRXrLVEMaJyXE,House of Rasam,places,en,10,26.7802027,80.89793545,26.780504699999998,80.9006653,0,lko,Lucknow,2026-08-31T09:17:42.793793Z
ChIJK0aUFcv7mzkRydE-RXQQKQE,The Food Planet,places,en,10,26.7802027,80.89793545,26.782359099999997,80.89618879999999,0,lko,Lucknow,2026-08-31T09:17:42.793796Z
ChIJS9FDsG35mzkRoZyhhYCY0_8,Shashank Kumar Singh CL,places,en,10,26.7802027,80.89793545,26.782585899999997,80.8965324,0,lko,Lucknow,2026-08-31T09:17:42.793800Z
ChIJGxhVUwb_mzkRhjj76YKFFSU,Sri Radhe Krishna Bhog,places,en,11,26.7932998,80.89780185000001,26.7930887,80.896941,0,lko,Lucknow,2026-08-31T09:17:43.417866Z
ChIJ58Fl4Jz_mzkRfA471gdwTMg,Lambu Samosa Shop,places,en,11,26.7932998,80.89780185000001,26.792764599999998,80.8968293,0,lko,Lucknow,2026-08-31T09:17:43.417969Z
ChIJjRHc7LD9mzkRAMdY2SFPLWs,Chuski point restaurant,places,en,11,26.7932998,80.89780185000001,26.793646799999998,80.8993193,0,lko,Lucknow,2026-08-31T09:17:43.417990Z
ChIJ-z1FU9z9mzkRf30MqXSX7ds,Agarwal Snacks: Best Homemade Snacks: Cloud Kitchen- Lucknow,places,en,11,26.7932998,80.89780185000001,26.79176,80.898726,0,lko,Lucknow,2026-08-31T09:17:43.417998Z
ChIJxySFAgD_mzkRgJh4S-Htlrc,BATRA BHOJNALAYA & COOL CORNER,places,en,11,26.7932998,80.89780185000001,26.7949633,80.89860829999999,0,lko,Lucknow,2026-08-31T09:17:43.418003Z
ChIJI1Uh1SlXmTkRTV9XGZ4jRaE,CupShup Cafe,places,en,11,26.7932998,80.89780185000001,26.7947655,80.8990233,0,lko,Lucknow,2026-08-31T09:17:43.418008Z
ChIJ3_FP1an-mzkRKfUuhGqrGWQ,Himalaya Veg Burger,places,en,11,26.7932998,80.89780185000001,26.7949819,80.89860329999999,0,lko,Lucknow,2026-08-31T09:17:43.418014Z
ChIJKwmfPo7_mzkRpp2fWzRxR8Q,The Chaap House,places,en,11,26.7932998,80.89780185000001,26.7948995,80.8988878,0,lko,Lucknow,2026-08-31T09:17:43.418019Z
ChIJbzVtOq79mzkRWQRr3BTG43c,Shri Raj Veg Kabab,places,en,11,26.7932998,80.89780185000001,26.794921199999997,80.8988615,0,lko,Lucknow,2026-08-31T09:17:43.418023Z
ChIJpdceBwD9mzkRPRnBRrwGs-c,The diamond Restaurant,places,en,11,26.7932998,80.89780185000001,26.7949828,80.8987741,0,lko,Lucknow,2026-08-31T09:17:43.418028Z
ChIJmylDByX9mzkRMCDByedmGi4,"Kareem's, Aashiyana Restaurant",places,en,11,26.7932998,80.89780185000001,26.795544099999997,80.8986674,0,lko,Lucknow,2026-08-31T09:17:43.418032Z
ChIJ7xr3bAD9mzkRZm_oxaM6gvc,Cozy cafe,places,en,11,26.7932998,80.89780185000001,26.795538000000004,80.8987799,0,lko,Lucknow,2026-08-31T09:17:43.418037Z
ChIJrcdVeyr9mzkRnkULFllJ7EU,Zayka E Nawab LLP,places,en,11,26.7932998,80.89780185000001,26.795551399999997,80.89880830000001,0,lko,Lucknow,2026-08-31T09:17:43.418041Z
ChIJD6tkAR4InDkR8eLzLD_ZGdQ,Chauhaan Dhaba,places,en,13,26.6693796,80.81084165,26.669184700000002,80.8099142,0,lko,Lucknow,2026-08-31T09:17:44.475649Z
ChIJD0PFPskJnDkROGS0_WbQ8nY,3 Brother Fast Food Point,places,en,13,26.6693796,80.81084165,26.6686018,80.8097445,0,lko,Lucknow,2026-08-31T09:17:44.475680Z
ChIJ95xrzl33mzkRRADZEMCHnGk,The Food Lab Bharat,places,en,13,26.6693796,80.81084165,26.670091199999998,80.81304999999999,0,lko,Lucknow,2026-08-31T09:17:44.475687Z
ChIJjdvSOin5mzkRjaHYHfIs0P4,Chaurasia sweet house,places,en,14,26.77961845,80.8880504,26.7799138,80.8875312,0,lko,Lucknow,2026-08-31T09:17:44.869952Z
ChIJv5Nv1fL5mzkRfhoC6Rv6ymI,Jai Lalita Mayya Jalpan Graha,places,en,14,26.77961845,80.8880504,26.7790695,80.8890164,0,lko,Lucknow,2026-08-31T09:17:44.869978Z
ChIJA19eOhX5mzkR_p4z2jKc_hs,Rajpoot Dhaba,places,en,14,26.77961845,80.8880504,26.779057899999998,80.8868033,0,lko,Lucknow,2026-08-31T09:17:44.869985Z
ChIJ8YSeA5X5mzkRDMf2Iwkq1xo,Monu Pudi Bhandar,places,en,14,26.77961845,80.8880504,26.778586699999998,80.8870701,0,lko,Lucknow,2026-08-31T09:17:44.869990Z
ChIJ_wDInVb5mzkRO8i8XhvnFn8,Chhabban Kabab Paratha,places,en,14,26.77961845,80.8880504,26.7799229,80.88624070000002,0,lko,Lucknow,2026-08-31T09:17:44.869995Z
ChIJ0xRlj9H5mzkRrIaKwUub5Co,Amritsar k Mashoor Chole kulchhe,places,en,14,26.77961845,80.8880504,26.780091499999997,80.88575569999999,0,lko,Lucknow,2026-08-31T09:17:44.869999Z
ChIJKfMMvW35mzkR4eadM0vBJHI,Kakke Di Hatti,places,en,14,26.77961845,80.8880504,26.7814744,80.88655130000001,0,lko,Lucknow,2026-08-31T09:17:44.870006Z
ChIJ6-fMuk35mzkR9zWPFN7W_Ak,Gupta bhojnalay,places,en,14,26.77961845,80.8880504,26.7813101,80.88982709999999,0,lko,Lucknow,2026-08-31T09:17:44.870010Z
ChIJ_eP0Ix_5mzkRIJfUS8nqmhI,Auto mobile electrician,places,en,14,26.77961845,80.8880504,26.7811521,80.8900654,0,lko,Lucknow,2026-08-31T09:17:44.870014Z
ChIJzwpxAAn9mzkRRHAaWbhePa4,Rominus Pizza and Burger,places,en,15,26.79749115,80.89794595000001,26.797597000000003,80.897595,0,lko,Lucknow,2026-08-31T09:17:45.452578Z
ChIJIVk4D6j-mzkR7BUfxI0OOWk,Moon Light Restaurant,places,en,15,26.79749115,80.89794595000001,26.797971399999998,80.89786819999999,0,lko,Lucknow,2026-08-31T09:17:45.452611Z
ChIJHxOwEAD_mzkR4Fl6a06kzHg,Bajpai Kachodi Bhandar,places,en,15,26.79749115,80.89794595000001,26.797950099999998,80.8977051,0,lko,Lucknow,2026-08-31T09:17:45.452617Z
ChIJlUqTykf_mzkRs4e7OZrNEs0,Memes cafe & Lounge,places,en,15,26.79749115,80.89794595000001,26.7979968,80.897826,0,lko,Lucknow,2026-08-31T09:17:45.452621Z
ChIJP06wCgD_mzkRHekdXS2zcss,UK Nepali momo hub,places,en,15,26.79749115,80.89794595000001,26.7970747,80.8973159,0,lko,Lucknow,2026-08-31T09:17:45.452625Z
ChIJp16MD6j-mzkRL_wRqbtkCu0,"Groove -Lounge, Bar & Rooftop",places,en,15,26.79749115,80.89794595000001,26.7980658,80.8984995,0,lko,Lucknow,2026-08-31T09:17:45.452629Z
ChIJ6RS0F1j_mzkRZWiQFXk3n3g,Shreeji Restaurants,places,en,15,26.79749115,80.89794595000001,26.7982639,80.8979797,0,lko,Lucknow,2026-08-31T09:17:45.452632Z
ChIJTV6DxCn_mzkRGb0BCsMuY64,Chai Sutta Bar | Barabirwa (Alambagh),places,en,15,26.79749115,80.89794595000001,26.7982083,80.8983643,0,lko,Lucknow,2026-08-31T09:17:45.452635Z
ChIJdZEu7o79mzkRBMRamT06LHQ,Alcazar open sky restaurant & cafe,places,en,15,26.79749115,80.89794595000001,26.798225199999997,80.898335,0,lko,Lucknow,2026-08-31T09:17:45.452639Z
ChIJmWvfcaj-mzkRdN-8dwri6s4,Bala Ji Ka dhaba,places,en,15,26.79749115,80.89794595000001,26.797263899999997,80.8970128,0,lko,Lucknow,2026-08-31T09:17:45.452642Z
ChIJkaoa3FT_mzkR0BgOS__8z2M,Nazrana Lounge - Restro & Cafe,places,en,15,26.79749115,80.89794595000001,26.7982054,80.897432,0,lko,Lucknow,2026-08-31T09:17:45.452646Z
ChIJaz7gR0D_mzkRR2_6P6LY35k,The Garnet Buffet,places,en,15,26.79749115,80.89794595000001,26.7983846,80.898085,0,lko,Lucknow,2026-08-31T09:17:45.452649Z
ChIJC_qPmzX_mzkRh3vjdoBNxLc,Biryani By Kilo- Bargawan Lucknow,places,en,15,26.79749115,80.89794595000001,26.7965275,80.8979389,0,lko,Lucknow,2026-08-31T09:17:45.452771Z
ChIJqy3A_Nn_mzkRXgU2sRoP4uk,Hotel Emperio Grand & Banquet Halls,places,en,15,26.79749115,80.89794595000001,26.7984279,80.8981223,0,lko,Lucknow,2026-08-31T09:17:45.452779Z
ChIJw100ywb9mzkRwfwO_Tx3-Bo,Saroj Kumar,places,en,15,26.79749115,80.89794595000001,26.797539099999998,80.89907459999999,0,lko,Lucknow,2026-08-31T09:17:45.452782Z
ChIJzxtlcbj_mzkRFkZITIT4Qjk,Humming Hour - Late Nigh Bar In Lucknow - Bar In Lucknow,places,en,15,26.79749115,80.89794595000001,26.7984919,80.89803789999999,0,lko,Lucknow,2026-08-31T09:17:45.452786Z
ChIJVcmIVB38mzkRAYpeKAmyqXc,Manglam The Bakery Shop,places,en,15,26.79749115,80.89794595000001,26.798128,80.898946,0,lko,Lucknow,2026-08-31T09:17:45.452790Z
ChIJb5HG4P7_mzkRLX637gFdZvE,Chinese Wok,places,en,15,26.79749115,80.89794595000001,26.798354900000003,80.8970722,0,lko,Lucknow,2026-08-31T09:17:45.452794Z
ChIJjapFoXj_mzkRxcefdHYhT00,Arabania Restaurant,places,en,15,26.79749115,80.89794595000001,26.7986422,80.8976732,0,lko,Lucknow,2026-08-31T09:17:45.452798Z
ChIJseeOVTD_mzkRN0rlp48vn0k,Rasna Buzz,places,en,15,26.79749115,80.89794595000001,26.798339499999997,80.8970164,0,lko,Lucknow,2026-08-31T09:17:45.452802Z
ChIJi24mYN_9mzkRBQxpVyKCvfA,The Social Point,places,en,16,26.787450800000002,80.91711685,26.7856688,80.918956,0,lko,Lucknow,2026-08-31T09:17:45.889800Z
ChIJkVgg_XL9mzkRREuzkTUQ8uc,Jai Mahakal Kachori Bhandar,places,en,17,26.799857799999998,80.92102845,26.8003009,80.9228278,0,lko,Lucknow,2026-08-31T09:17:46.399907Z
ChIJ3cSjcob9mzkR-m22voUQujA,Dada's Veg,places,en,17,26.799857799999998,80.92102845,26.800233799999997,80.9229636,0,lko,Lucknow,2026-08-31T09:17:46.399946Z
ChIJu08ynBz9mzkRGkct2kZX7jA,Jai shree krishna,places,en,17,26.799857799999998,80.92102845,26.8001859,80.9229776,0,lko,Lucknow,2026-08-31T09:17:46.399954Z
ChIJJWRFzlD9mzkR4Pk7c_6-Hc4,Shri Balaji Khasta Puri Bhandar,places,en,17,26.799857799999998,80.92102845,26.8002297,80.9230054,0,lko,Lucknow,2026-08-31T09:17:46.399959Z
ChIJdQAAQHH8mzkRjDNK3QWNMA8,Narayan Veg,places,en,17,26.799857799999998,80.92102845,26.7999513,80.92309999999999,0,lko,Lucknow,2026-08-31T09:17:46.399964Z
ChIJxTO5_er9mzkRWiv6uN4OxMU,SAI VEG POINT,places,en,17,26.799857799999998,80.92102845,26.8000865,80.923108,0,lko,Lucknow,2026-08-31T09:17:46.399969Z
ChIJCWOyUQb9mzkRHsALqWA81hQ,Omkar,places,en,17,26.799857799999998,80.92102845,26.8002438,80.92310859999999,0,lko,Lucknow,2026-08-31T09:17:46.399973Z
ChIJFzcjGWb9mzkRVuasoxqU0Ug,Crispy hub veg & nonveg point,places,en,17,26.799857799999998,80.92102845,26.800393500000002,80.9233726,0,lko,Lucknow,2026-08-31T09:17:46.399977Z
ChIJgfa3van9mzkRYBJq02xklKc,PAPA'S FLAVOUR (CLOUD KITCHEN),places,en,17,26.799857799999998,80.92102845,26.799073,80.92347749999999,0,lko,Lucknow,2026-08-31T09:17:46.399982Z
ChIJe06GfXL8mzkRCP3aFL8eorQ,chaurasiya sweets,places,en,17,26.799857799999998,80.92102845,26.7986968,80.92358329999999,0,lko,Lucknow,2026-08-31T09:17:46.399987Z
ChIJ0bl9tez9mzkRzJnud_cuS1s,Shri Raj Ji Sweets and Namkeen,places,en,18,26.795132449999997,80.92314845,26.7953747,80.9235206,0,lko,Lucknow,2026-08-31T09:17:46.805448Z
ChIJTa25nXP8mzkRebXNKSZr-_M,Rohan Restaurant,places,en,18,26.795132449999997,80.92314845,26.7947344,80.9237435,0,lko,Lucknow,2026-08-31T09:17:46.805472Z
ChIJD1gEMg_9mzkRP-fi8Dt6U-I,Anas biryani,places,en,18,26.795132449999997,80.92314845,26.794414200000002,80.92351339999999,0,lko,Lucknow,2026-08-31T09:17:46.805479Z
ChIJvcm0WwD9mzkRSbypupYXcOE,Anas biryani,places,en,18,26.795132449999997,80.92314845,26.794407,80.9235535,0,lko,Lucknow,2026-08-31T09:17:46.805485Z
ChIJZ4cZLwD9mzkRQs6g-9Ri3Bg,A-One muradabadi biryani,places,en,18,26.795132449999997,80.92314845,26.7959991,80.9234992,0,lko,Lucknow,2026-08-31T09:17:46.805490Z
ChIJXbURqHP8mzkRvcABLbvj1fU,The Royal Family Restaurant,places,en,18,26.795132449999997,80.92314845,26.795967899999997,80.9236548,0,lko,Lucknow,2026-08-31T09:17:46.805494Z
ChIJtYPrijj9mzkR2CwH3DONIV0,Nagpal's Chole Bhature- Delhi ke Famous,places,en,18,26.795132449999997,80.92314845,26.7961371,80.9230015,0,lko,Lucknow,2026-08-31T09:17:46.805498Z
ChIJv5B7Nuf9mzkRVCZRXDruc6M,Tunday Kababi,places,en,18,26.795132449999997,80.92314845,26.795836899999998,80.9215613,0,lko,Lucknow,2026-08-31T09:17:46.805503Z
ChIJEfobntT9mzkRoN9s1a9cjLQ,Adalat Restaruant Lucknow,places,en,18,26.795132449999997,80.92314845,26.795696,80.9212613,0,lko,Lucknow,2026-08-31T09:17:46.805507Z
ChIJ32uXgRz9mzkRbY8-qvGzxis,THE MANISH EATING POINT,places,en,18,26.795132449999997,80.92314845,26.796124499999998,80.9214792,0,lko,Lucknow,2026-08-31T09:17:46.805511Z
ChIJURU3KrP9mzkRKNPnCXQo0FY,Wahid Biryani,places,en,18,26.795132449999997,80.92314845,26.7962262,80.9213331,0,lko,Lucknow,2026-08-31T09:17:46.805515Z
ChIJr7dsYgv9mzkRs0PrvkFgp1Q,Maharaja Restaurant,places,en,18,26.795132449999997,80.92314845,26.7960986,80.92120570000002,0,lko,Lucknow,2026-08-31T09:17:46.805519Z
ChIJ-wxGEgD9mzkRUzsf_QeDNPo,Aashiana,places,en,18,26.795132449999997,80.92314845,26.795974,80.92110939999999,0,lko,Lucknow,2026-08-31T09:17:46.805524Z
ChIJ9ZeD-nP8mzkRjuCVyzm3eXE,Golden House,places,en,18,26.795132449999997,80.92314845,26.794423,80.9256289,0,lko,Lucknow,2026-08-31T09:17:46.805530Z
ChIJqWJDV6P9mzkRPG49ggNZAKo,Maa Vaishno Khana Khazana Restaurant,places,en,18,26.795132449999997,80.92314845,26.797508,80.9232191,0,lko,Lucknow,2026-08-31T09:17:46.805535Z
ChIJly25gqf9mzkRIKBFoo7Ymrg,Pizza Wings | Lucknow (Ashiyana),places,en,18,26.795132449999997,80.92314845,26.7954638,80.9201581,0,lko,Lucknow,2026-08-31T09:17:46.805539Z
ChIJX329wTb7mzkRxtaQgdDRk_I,The foodie junction Chinese,places,en,19,26.782665950000002,80.91174155,26.7837818,80.9107702,0,lko,Lucknow,2026-08-31T09:17:47.156324Z
ChIJ6YosUrT7mzkR47HoUR0umq8,The Food Park Veg & Fastfood Point,places,en,19,26.782665950000002,80.91174155,26.7845691,80.91015430000002,0,lko,Lucknow,2026-08-31T09:17:47.156351Z
ChIJ9zjbMm7_mzkRkfjGiJB_lD4,Chaapwale.com,places,en,20,26.79647525,80.87995914999999,26.795655,80.88011320000001,0,lko,Lucknow,2026-08-31T09:17:47.508814Z
ChIJLSnJwbP_mzkRgznW99ajEeM,Manglam Inn,places,en,20,26.79647525,80.87995914999999,26.7954993,80.8808822,0,lko,Lucknow,2026-08-31T09:17:47.508839Z
ChIJrzOrktP_mzkRZONrHSdrm58,Cream Bell,places,en,20,26.79647525,80.87995914999999,26.7967798,80.8782873,0,lko,Lucknow,2026-08-31T09:17:47.508845Z
ChIJv3OEAnL_mzkRLKsCuexxfKE,The Royal Fusion (TRF Lucknow),places,en,20,26.79647525,80.87995914999999,26.795188399999997,80.88120669999999,0,lko,Lucknow,2026-08-31T09:17:47.508849Z
ChIJu8fcGwD_mzkRCY6tzQdP_i0,The uncle dosa and Chiness,places,en,20,26.79647525,80.87995914999999,26.796973299999998,80.8780933,0,lko,Lucknow,2026-08-31T09:17:47.508855Z
ChIJZYqXPWf_mzkRqiwwgy6yvv0,Meena Tiffin Service,places,en,20,26.79647525,80.87995914999999,26.7949026,80.88154709999999,0,lko,Lucknow,2026-08-31T09:17:47.508860Z
ChIJrVg42X7_mzkR2hSPp6lISwc,Shri Balaji Fast Food Corner,places,en,20,26.79647525,80.87995914999999,26.797431699999997,80.87752549999999,0,lko,Lucknow,2026-08-31T09:17:47.508864Z
ChIJS6COZZP_mzkRgPqbNdvknc4,MUGS AND MAGIC,places,en,20,26.79647525,80.87995914999999,26.794814499999998,80.88186449999999,0,lko,Lucknow,2026-08-31T09:17:47.508868Z
ChIJEQNXiIL_mzkRSp3atcozYfs,The Momo Bar,places,en,21,26.82107185,80.8888182,26.8225657,80.8879917,0,lko,Lucknow,2026-08-31T09:17:47.961763Z
ChIJyU6J13f9mzkREKkfLsSo-sg,AANPURNA RESTAURANT,places,en,22,26.818657350000002,80.96601235,26.8188426,80.9630797,0,lko,Lucknow,2026-08-31T09:17:48.376134Z
ChIJZd_EDgT9mzkR-vW3Y78q7lo,Phool Chand Hotel,places,en,23,26.8200576,80.9163234,26.8204669,80.91701049999999,0,lko,Lucknow,2026-08-31T09:17:48.734440Z
ChIJZYVDU5j9mzkRPZjqRUcwLjM,Vinni Fast Food Corner,places,en,23,26.8200576,80.9163234,26.820807499999997,80.9159371,0,lko,Lucknow,2026-08-31T09:17:48.734468Z
ChIJlZvrOGT9mzkRLFRUJyOvLMM,Moms Kitchen,places,en,23,26.8200576,80.9163234,26.8209567,80.916518,0,lko,Lucknow,2026-08-31T09:17:48.734475Z
ChIJfdUKAvP9mzkRYgd3my3OBPA,Ankur Enterprize,places,en,23,26.8200576,80.9163234,26.820518,80.9137451,0,lko,Lucknow,2026-08-31T09:17:48.734480Z
ChIJc7mKBQD9mzkRF4BjZdkVkLM,Manjveda rasoi,places,en,25,26.81006925,80.91335425,26.810317599999998,80.9130457,0,lko,Lucknow,2026-08-31T09:17:49.435923Z
ChIJ5eA96gf9mzkRYDwSi2wCQx8,Lokesh tea stall and momos corner,places,en,25,26.81006925,80.91335425,26.8085652,80.9134941,0,lko,Lucknow,2026-08-31T09:17:49.435957Z
ChIJjwQ7XQD9mzkRMVCijg5s7ZU,Tirupati balaji rasoi,places,en,25,26.81006925,80.91335425,26.8086691,80.9145343,0,lko,Lucknow,2026-08-31T09:17:49.435965Z
ChIJEVSb-sb9mzkRmIMn-BHVdfQ,Sarim Biryani House,places,en,25,26.81006925,80.91335425,26.808813299999997,80.9116932,0,lko,Lucknow,2026-08-31T09:17:49.435970Z
ChIJpe46YZL9mzkRrtHY8jDyn3Y,Srivastava guest house,places,en,25,26.81006925,80.91335425,26.808520299999998,80.9118306,0,lko,Lucknow,2026-08-31T09:17:49.435975Z
ChIJ03PpS1P9mzkRhcNItLlnWsQ,Shambhavi Kitchen,places,en,25,26.81006925,80.91335425,26.810450099999997,80.91562119999999,0,lko,Lucknow,2026-08-31T09:17:49.435979Z
ChIJtTNlfc39mzkR94rVtL-0GYQ,99 Not Out,places,en,25,26.81006925,80.91335425,26.8090975,80.91547229999999,0,lko,Lucknow,2026-08-31T09:17:49.435984Z
ChIJg452kWD9mzkRqsNY7z9WIqk,Raj Sweets,places,en,25,26.81006925,80.91335425,26.811144199999998,80.9153857,0,lko,Lucknow,2026-08-31T09:17:49.435988Z
ChIJ8TzJaD38mzkRUe_fUIHDH9s,Uncle Tiffin Supplier & Caterers,places,en,25,26.81006925,80.91335425,26.8113337,80.9114412,0,lko,Lucknow,2026-08-31T09:17:49.435993Z
ChIJu9wTHQD9mzkRLfzbTLGVKa4,TFC CAFE,places,en,25,26.81006925,80.91335425,26.808586599999998,80.91139439999999,0,lko,Lucknow,2026-08-31T09:17:49.436163Z
ChIJW-T_Zhb9mzkRoQMVVZ0JIrE,Ms Cafe & Family Restaurant,places,en,25,26.81006925,80.91335425,26.811037499999998,80.9158392,0,lko,Lucknow,2026-08-31T09:17:49.436507Z
ChIJK0n0jRn9mzkRmgHdst9FDmQ,Insta - stories,places,en,25,26.81006925,80.91335425,26.811020499999998,80.91584809999999,0,lko,Lucknow,2026-08-31T09:17:49.436521Z
ChIJW1GVJgD9mzkRP04NXksYNcQ,Uska thela( ठेला pizza point ),places,en,25,26.81006925,80.91335425,26.8105492,80.9161456,0,lko,Lucknow,2026-08-31T09:17:49.436527Z
ChIJOUpStUL9mzkRUXNgIb7YODg,Rollsteam,places,en,26,26.8153836,80.91613720000001,26.815346899999998,80.91852349999999,0,lko,Lucknow,2026-08-31T09:17:49.771313Z
ChIJ-YkmMwT7mzkRULdNTnIPvxE,H-127 resaturant & lawn,places,en,27,26.767804650000002,80.9370294,26.768129499999997,80.9348788,0,lko,Lucknow,2026-08-31T09:17:50.141452Z
ChIJeZPMprL7mzkRSH_lFh59CzM,The Fauji Dhaba,places,en,29,26.77561785,80.94004275,26.774388,80.9412305,0,lko,Lucknow,2026-08-31T09:17:51.005518Z
ChIJp1H3Ver7mzkR1RTVymwRKrk,Hotel Swagat Resort,places,en,29,26.77561785,80.94004275,26.7748679,80.9416992,0,lko,Lucknow,2026-08-31T09:17:51.005544Z
ChIJSQVk_zH7mzkRE74bHOaH5VA,Lucky Ki Rasoi,places,en,29,26.77561785,80.94004275,26.7778769,80.94057310000001,0,lko,Lucknow,2026-08-31T09:17:51.005550Z
ChIJ-Rx8oYT7mzkRO8_TOe5wccE,Saraswatipuram,places,en,30,26.748586799999998,80.94559484999999,26.748180299999998,80.944908,0,lko,Lucknow,2026-08-31T09:17:51.517326Z
ChIJ96iFz3f7mzkR_CIX695Ja44,Mummy Da Dhaba,places,en,30,26.748586799999998,80.94559484999999,26.7476532,80.9483789,0,lko,Lucknow,2026-08-31T09:17:51.517356Z
ChIJ5Ty84QP7mzkROy1zLsJ-tWg,Radhe Krishna bhojnalaya,places,en,32,26.746629900000002,80.94800864999999,26.7476463,80.9485105,0,lko,Lucknow,2026-08-31T09:17:52.264907Z
ChIJ-c6i7wP7mzkRoQk-DHSppjM,Jai Maa Restraunt,places,en,32,26.746629900000002,80.94800864999999,26.747747,80.94933809999999,0,lko,Lucknow,2026-08-31T09:17:52.264941Z
ChIJl0zTaAD7mzkRyTXvGsuziN0,Doctor's cafeteria,places,en,32,26.746629900000002,80.94800864999999,26.7456703,80.94620379999999,0,lko,Lucknow,2026-08-31T09:17:52.264948Z
ChIJoQNi0HP7mzkRsBiYd1_NdYs,Vaishanvi Restaurant,places,en,32,26.746629900000002,80.94800864999999,26.747790499999997,80.94967199999999,0,lko,Lucknow,2026-08-31T09:17:52.264953Z
ChIJn5__QgD7mzkRqgcjSOq0JyE,Janata Darbar,places,en,32,26.746629900000002,80.94800864999999,26.7483556,80.94909659999999,0,lko,Lucknow,2026-08-31T09:17:52.264957Z
ChIJLbFi9wP7mzkRL8JzoaD15uI,बांके बिहारी रेस्टोरेंट,places,en,32,26.746629900000002,80.94800864999999,26.7483917,80.9491145,0,lko,Lucknow,2026-08-31T09:17:52.264962Z
ChIJCxBte6f7mzkRhygdvXoYmbg,Singh Bhojnalaya,places,en,32,26.746629900000002,80.94800864999999,26.7477345,80.95003559999999,0,lko,Lucknow,2026-08-31T09:17:52.264966Z
ChIJL1HZ_Wr7mzkRoGroXIJ-34o,New prayag bojnalya,places,en,32,26.746629900000002,80.94800864999999,26.7479054,80.9500161,0,lko,Lucknow,2026-08-31T09:17:52.264970Z
ChIJO2UwkQP7mzkRFpPV_LyvP70,Shiv Sweets And Restaurant,places,en,32,26.746629900000002,80.94800864999999,26.7476144,80.95026419999999,0,lko,Lucknow,2026-08-31T09:17:52.264974Z
ChIJ5ajJCQT7mzkRPZl5SOuRW4A,Banarasi Bhojnalay Shudh Shakahari,places,en,32,26.746629900000002,80.94800864999999,26.7487617,80.9490672,0,lko,Lucknow,2026-08-31T09:17:52.264978Z
ChIJIzNDJQ_7mzkRdkC9kIgEflQ,Pal Bhojanalaya,places,en,32,26.746629900000002,80.94800864999999,26.747966599999998,80.9502065,0,lko,Lucknow,2026-08-31T09:17:52.264983Z
ChIJ52I5-jP7mzkRi9iIlgbPhzM,Purnima restaurant,places,en,32,26.746629900000002,80.94800864999999,26.748876,80.94907309999999,0,lko,Lucknow,2026-08-31T09:17:52.264987Z
ChIJ89Os8oH7mzkRr9FeMEqSBg0,Purnima Restaurant,places,en,32,26.746629900000002,80.94800864999999,26.7488937,80.9490599,0,lko,Lucknow,2026-08-31T09:17:52.264991Z
ChIJi7bqVNv7mzkRK8VK2C-lcao,VEGGIE HUT,places,en,32,26.746629900000002,80.94800864999999,26.7489048,80.9491173,0,lko,Lucknow,2026-08-31T09:17:52.264995Z
ChIJ792MP2P7mzkRVcFi4ap2mDw,Vinod Kumar Gupta,places,en,32,26.746629900000002,80.94800864999999,26.7488834,80.9491871,0,lko,Lucknow,2026-08-31T09:17:52.265001Z
ChIJXZ5ONgD7mzkRolQMVnslcpQ,OMG THALI WALE TAKE AWAY AND RESTURANT,places,en,32,26.746629900000002,80.94800864999999,26.7488588,80.9492791,0,lko,Lucknow,2026-08-31T09:17:52.265005Z
ChIJIXjC3PX7mzkRumYIX8sZ3GM,AAJAMGHARH DEVARIYA KA MASHHUR BATI CHOKHA,places,en,32,26.746629900000002,80.94800864999999,26.7482331,80.95016780000002,0,lko,Lucknow,2026-08-31T09:17:52.265009Z
ChIJC7kpL-j7mzkR63ZJSQD63Ac,Kanha bhog sweet shop,places,en,32,26.746629900000002,80.94800864999999,26.7488766,80.94950039999999,0,lko,Lucknow,2026-08-31T09:17:52.265013Z
ChIJQbsYgrX7mzkRPZn4DVjhwY0,Sri Madhavas fast food corner,places,en,32,26.746629900000002,80.94800864999999,26.748727100000004,80.9498754,0,lko,Lucknow,2026-08-31T09:17:52.265018Z
ChIJcWvecgD7mzkR1PXt2ejqrUE,YoKoSo Pan Asian Restaurant,places,en,33,26.7879921,80.93012655000001,26.7872037,80.93049049999999,0,lko,Lucknow,2026-08-31T09:17:52.748757Z
ChIJg9juEwD7mzkRX9V7SAwWgXM,Aao जी Khao जी Food corner,places,en,33,26.7879921,80.93012655000001,26.7856515,80.9301294,0,lko,Lucknow,2026-08-31T09:17:52.748804Z
ChIJGQFq85v9mzkRs8XznhXchYo,Raaju's Khasta Matar Chaat Shop,places,en,34,26.856856299999997,80.9413236,26.8567249,80.9414053,0,lko,Lucknow,2026-08-31T09:17:53.238285Z
ChIJYxDT6kH9mzkROfRquBLB5zo,Adam's Club & Restro,places,en,34,26.856856299999997,80.9413236,26.8569848,80.9424501,0,lko,Lucknow,2026-08-31T09:17:53.238315Z
ChIJmwxr2w39mzkRMYC8Fng1VHQ,Barista - Hazratganj,places,en,34,26.856856299999997,80.9413236,26.8571356,80.9426411,0,lko,Lucknow,2026-08-31T09:17:53.238321Z
ChIJk7etPS39mzkR5MrA0jp_uvI,Coffee Club,places,en,34,26.856856299999997,80.9413236,26.857146000000004,80.942724,0,lko,Lucknow,2026-08-31T09:17:53.238325Z
ChIJ20RgnQr9mzkRDCLNmnZXxBU,Hotel Silvete,places,en,34,26.856856299999997,80.9413236,26.857182899999998,80.9428272,0,lko,Lucknow,2026-08-31T09:17:53.238329Z
ChIJV79zZQ_9mzkRp7-wGeucdfg,NPGC Canteen (Jaines Foodian),places,en,34,26.856856299999997,80.9413236,26.856832899999997,80.9430242,0,lko,Lucknow,2026-08-31T09:17:53.238342Z
ChIJ76z92hH9mzkRJLXsFsDlVbY,On High,places,en,34,26.856856299999997,80.9413236,26.8571502,80.9430924,0,lko,Lucknow,2026-08-31T09:17:53.238347Z
ChIJyaBxK1v9mzkRCiOdtpJg8Hk,Kiran Vision,places,en,34,26.856856299999997,80.9413236,26.8551042,80.94210609999999,0,lko,Lucknow,2026-08-31T09:17:53.238350Z
ChIJpZSX5q39mzkRN4qaStJ-wpY,"Central,the lounge cafe",places,en,35,26.840630150000003,80.93020895000001,26.8416127,80.9309306,0,lko,Lucknow,2026-08-31T09:17:53.703211Z
ChIJwQJOSvn9mzkRtccJ1hWxJrM,Nawab Chicken Biryani,places,en,35,26.840630150000003,80.93020895000001,26.8418384,80.9299248,0,lko,Lucknow,2026-08-31T09:17:53.703240Z
ChIJsauikLH9mzkRp4jwe7_P4bE,Rattilal's,places,en,35,26.840630150000003,80.93020895000001,26.841815699999998,80.92978819999999,0,lko,Lucknow,2026-08-31T09:17:53.703272Z
ChIJP5LaXn_9mzkRtSb1vVGzolg,FOOD DELIGHTS,places,en,35,26.840630150000003,80.93020895000001,26.841836999999998,80.9298668,0,lko,Lucknow,2026-08-31T09:17:53.703280Z
ChIJqwuCkbH9mzkRjrhsjsU1njc,Baba Khaste Waale,places,en,35,26.840630150000003,80.93020895000001,26.8418949,80.93017789999999,0,lko,Lucknow,2026-08-31T09:17:53.703285Z
ChIJVzGSpi79mzkRretzISEKO1U,Mamta poori bhandaar,places,en,35,26.840630150000003,80.93020895000001,26.8419638,80.9304172,0,lko,Lucknow,2026-08-31T09:17:53.703290Z
ChIJnY5HBgD9mzkR3NakuBWg2MA,Sanjay chat bhandar,places,en,35,26.840630150000003,80.93020895000001,26.841982200000004,80.9297788,0,lko,Lucknow,2026-08-31T09:17:53.703295Z
ChIJbe1qBAD9mzkRXG1c6440uYI,M.F Lebanese Shawarma,places,en,35,26.840630150000003,80.93020895000001,26.8421226,80.9305744,0,lko,Lucknow,2026-08-31T09:17:53.703299Z
ChIJZfMwIYE5nDkRD6zl8gLK40w,Best Quality Meat,places,en,35,26.840630150000003,80.93020895000001,26.8423029,80.9299376,0,lko,Lucknow,2026-08-31T09:17:53.703304Z
ChIJ14RJuiL9mzkR-5DQfyV5PqA,WRAP IT UP,places,en,35,26.840630150000003,80.93020895000001,26.840453,80.9320931,0,lko,Lucknow,2026-08-31T09:17:53.703309Z
ChIJl_y2nFL9mzkR9WfSqyK_Y40,Alam's Fresh Chicken,places,en,35,26.840630150000003,80.93020895000001,26.8414047,80.93193079999999,0,lko,Lucknow,2026-08-31T09:17:53.703313Z
ChIJhXzwagD9mzkRw241AV0a0Jw,SIZZLING PIZZA,places,en,35,26.840630150000003,80.93020895000001,26.842234899999998,80.93142279999999,0,lko,Lucknow,2026-08-31T09:17:53.703318Z
ChIJwxE0wrH9mzkR3PJKAc2q9F8,AJANTA DAIRY,places,en,35,26.840630150000003,80.93020895000001,26.842522199999998,80.9308641,0,lko,Lucknow,2026-08-31T09:17:53.703322Z
ChIJd5c6ZrL9mzkRnehXuW04dsw,ऐवन चिकन शॉप,places,en,35,26.840630150000003,80.93020895000001,26.8385726,80.9306983,0,lko,Lucknow,2026-08-31T09:17:53.703328Z
ChIJ1YXeZbL9mzkRsWCjpSIyyHk,Sahu Bandhu Khasta Bhandar,places,en,35,26.840630150000003,80.93020895000001,26.8385911,80.9308217,0,lko,Lucknow,2026-08-31T09:17:53.703333Z
ChIJ34J6E-P9mzkRIs5Y0yym4oQ,Gupta Chat Corner,places,en,35,26.840630150000003,80.93020895000001,26.8390535,80.9320036,0,lko,Lucknow,2026-08-31T09:17:53.703337Z
ChIJD1AkHq79mzkRYp1YTEyS1HM,Al Haram Hotel,places,en,35,26.840630150000003,80.93020895000001,26.842218,80.9320463,0,lko,Lucknow,2026-08-31T09:17:53.703341Z
ChIJm3WPGwD9mzkR6gndmZN2Jrw,Kafe Eco Fusion,places,en,35,26.840630150000003,80.93020895000001,26.838450500000004,80.9293682,0,lko,Lucknow,2026-08-31T09:17:53.703345Z
ChIJ7YujhP79mzkRIxkkLhSJuRo,Laziz Egg Roll,places,en,35,26.840630150000003,80.93020895000001,26.8383517,80.9307383,0,lko,Lucknow,2026-08-31T09:17:53.703350Z
ChIJ_x7vHq79mzkRUrp5k804j5E,GOLDEN PALACE,places,en,35,26.840630150000003,80.93020895000001,26.8420161,80.9324196,0,lko,Lucknow,2026-08-31T09:17:53.703354Z
ChIJZ0sRb-L9mzkRIu5rgGEKqlY,SUNIL KUMAR SOLANKI,places,en,36,26.867609100000003,80.96238650000001,26.8690844,80.9608552,0,lko,Lucknow,2026-08-31T09:17:54.027498Z
ChIJEUvI4zr9mzkREJX86eXK7bc,Oudhyana,places,en,37,26.8504194,80.97356265,26.8511351,80.9739274,0,lko,Lucknow,2026-08-31T09:17:54.371552Z
ChIJHypnDgD9mzkR36o8oMw336w,The Mad Grill,places,en,37,26.8504194,80.97356265,26.8501251,80.9722027,0,lko,Lucknow,2026-08-31T09:17:54.371588Z
ChIJxxvM-5f9mzkRINokih_cbiY,Little Green Kitchen,places,en,37,26.8504194,80.97356265,26.8499533,80.97216739999999,0,lko,Lucknow,2026-08-31T09:17:54.371595Z
ChIJuZOrBQz9mzkRVkn0zqqC7Po,The Pesto Company -Wood Fired pizza,places,en,37,26.8504194,80.97356265,26.8512041,80.97234519999999,0,lko,Lucknow,2026-08-31T09:17:54.371599Z
ChIJI4NucwD9mzkRQulJmsafoCU,"Chatori gali, Food Valley",places,en,37,26.8504194,80.97356265,26.8512,80.9723149,0,lko,Lucknow,2026-08-31T09:17:54.371604Z
ChIJ3egUcAD9mzkRT_VU5SNfkDc,Cafe Corava,places,en,37,26.8504194,80.97356265,26.851445899999998,80.9723989,0,lko,Lucknow,2026-08-31T09:17:54.371608Z
ChIJ8-uyAaL9mzkRchFdh1DS3FM,"Abongzaa Cafe, Food Valley",places,en,37,26.8504194,80.97356265,26.8514889,80.9723641,0,lko,Lucknow,2026-08-31T09:17:54.371613Z
ChIJKbe3G__9mzkRaD2Xrg-0aco,Marine mist cafe,places,en,37,26.8504194,80.97356265,26.8495283,80.97212739999999,0,lko,Lucknow,2026-08-31T09:17:54.371617Z
ChIJjyS8MADjmzkRB6pDMxGyZNA,Jalori Gate Restaurant,places,en,37,26.8504194,80.97356265,26.851733199999998,80.9723446,0,lko,Lucknow,2026-08-31T09:17:54.371621Z
ChIJJWR9cAD9mzkR2e_K0H2KN78,BMC x Mosasa - UP Darshan Park,places,en,37,26.8504194,80.97356265,26.8508125,80.9755625,0,lko,Lucknow,2026-08-31T09:17:54.371625Z
ChIJ35N-iyb9mzkREFSPDKhX3OE,River Front Cafe,places,en,37,26.8504194,80.97356265,26.851953899999998,80.97225949999999,0,lko,Lucknow,2026-08-31T09:17:54.371629Z
ChIJIZ8gnlD9mzkRZHUqr2atICE,TRIKUTA ENTERPRISE,places,en,37,26.8504194,80.97356265,26.8519375,80.9721998,0,lko,Lucknow,2026-08-31T09:17:54.371634Z
ChIJwbJ7KAD9mzkRDglMtkhPGcI,Karaari Angeethi,places,en,37,26.8504194,80.97356265,26.852164600000002,80.9723418,0,lko,Lucknow,2026-08-31T09:17:54.371638Z
ChIJmwPpagD9mzkRNa8fZzDa8P4,Food valley,places,en,37,26.8504194,80.97356265,26.852248,80.9723166,0,lko,Lucknow,2026-08-31T09:17:54.371642Z
ChIJkzQTqzv9mzkRiz1bjU5i3dM,Sepia - Indian Specialty Restaurant,places,en,37,26.8504194,80.97356265,26.852578,80.973017,0,lko,Lucknow,2026-08-31T09:17:54.371646Z
ChIJxV4Nqzv9mzkRGuAwUwUa_fc,L-14 - All Day Dining and Takeaway,places,en,37,26.8504194,80.97356265,26.852594999999997,80.97301999999999,0,lko,Lucknow,2026-08-31T09:17:54.371650Z
ChIJ16mFGQD9mzkRuxeKdAAQCgI,Zaffran,places,en,37,26.8504194,80.97356265,26.8526496,80.9732882,0,lko,Lucknow,2026-08-31T09:17:54.371654Z
ChIJnwdUWXL9mzkRzb_S10bHXVE,Dosa Lane Lucknow,places,en,37,26.8504194,80.97356265,26.8523218,80.9719429,0,lko,Lucknow,2026-08-31T09:17:54.371658Z
ChIJA5ZdiMr9mzkRIj5GT9jAit4,Nainital Momos Food Valley,places,en,37,26.8504194,80.97356265,26.852386,80.9720344,0,lko,Lucknow,2026-08-31T09:17:54.371662Z
ChIJDcx6l7n9mzkR7SNjM_BWA98,Zasp Cafe,places,en,37,26.8504194,80.97356265,26.849396,80.976068,0,lko,Lucknow,2026-08-31T09:17:54.371666Z
ChIJ_cAQTuLjmzkRZ9oA38dUmG4,Pehle Chai,places,en,38,26.83998785,80.98505855,26.838108599999998,80.98575129999999,0,lko,Lucknow,2026-08-31T09:17:54.804402Z
ChIJ_SfQkxn9mzkRaqYDk1RX6FU,BAMBOO CART,places,en,38,26.83998785,80.98505855,26.8380485,80.98555549999999,0,lko,Lucknow,2026-08-31T09:17:54.804430Z
ChIJt4c8ewDjmzkRvFRgh5AFKl8,विद्या टी स्टॉल,places,en,38,26.83998785,80.98505855,26.8384811,80.9873147,0,lko,Lucknow,2026-08-31T09:17:54.804437Z
ChIJk1L1Jyj9mzkReDG-_aTQ35o,Power Plate,places,en,40,26.84891535,80.9847223,26.847690999999998,80.9853914,0,lko,Lucknow,2026-08-31T09:17:55.788853Z
ChIJMTkZolL9mzkRoJyc2pFPuOs,Dream Delicious Fast Food (D2F2),places,en,40,26.84891535,80.9847223,26.8494009,80.9862782,0,lko,Lucknow,2026-08-31T09:17:55.788882Z
ChIJN1y07NX9mzkRrLPFfYP0qAE,Maggiwala.com,places,en,40,26.84891535,80.9847223,26.849372,80.9863525,0,lko,Lucknow,2026-08-31T09:17:55.788888Z
ChIJS6ro3En9mzkRtlscLlEzMxM,The Dining Room,places,en,40,26.84891535,80.9847223,26.850770999999998,80.9841503,0,lko,Lucknow,2026-08-31T09:17:55.788894Z
ChIJq-lxB0D9mzkRaaVs6Ala7TQ,Anoop Seeets,places,en,40,26.84891535,80.9847223,26.851014199999998,80.98428469999999,0,lko,Lucknow,2026-08-31T09:17:55.788898Z
ChIJj43762_jmzkRNCSFuSNabQc,Pandit Ji Chat Corner,places,en,40,26.84891535,80.9847223,26.851081200000003,80.9841093,0,lko,Lucknow,2026-08-31T09:17:55.788903Z
ChIJcQAak1z9mzkRogHDTC-31o0,यश टिफिन सर्विस,places,en,40,26.84891535,80.9847223,26.846987499999997,80.98348469999999,0,lko,Lucknow,2026-08-31T09:17:55.788907Z
ChIJp1kqU4XjmzkRc8aAzJXeEo0,RVD CAFE AND RESTAURANT,places,en,40,26.84891535,80.9847223,26.849051499999998,80.987543,0,lko,Lucknow,2026-08-31T09:17:55.788912Z
ChIJHdOAW-TjmzkRXAlqbUUI7RI,Red chilliz restaurant,places,en,41,26.862029049999997,80.99205365,26.862279800000003,80.9909588,0,lko,Lucknow,2026-08-31T09:17:56.235745Z
ChIJP4biiLXimzkRUHeuiEu2K1E,Hotel SS4 Crystals,places,en,41,26.862029049999997,80.99205365,26.8625081,80.9909181,0,lko,Lucknow,2026-08-31T09:17:56.235774Z
ChIJLY62ZpjjmzkRvIwh7gfcu9I,The curious plate,places,en,41,26.862029049999997,80.99205365,26.8624823,80.9909035,0,lko,Lucknow,2026-08-31T09:17:56.235780Z
ChIJqRYqIMrimzkRNo94Vd6ffoo,Alam Moradabadi Biryani,places,en,41,26.862029049999997,80.99205365,26.860901899999998,80.9924776,0,lko,Lucknow,2026-08-31T09:17:56.235785Z
ChIJqbl-9MnimzkRL5UPkPKiyI4,Raj Bhojnalaya,places,en,41,26.862029049999997,80.99205365,26.8610443,80.9928176,0,lko,Lucknow,2026-08-31T09:17:56.235790Z
ChIJ27RPnK3-mzkRR0g6LRQIDmU,Mithai Wala Sweets Shop,places,en,41,26.862029049999997,80.99205365,26.8610984,80.9929812,0,lko,Lucknow,2026-08-31T09:17:56.235794Z
ChIJMTIWJyDjmzkRW_WOPOSOPa8,Pizza cave,places,en,41,26.862029049999997,80.99205365,26.8610975,80.9929856,0,lko,Lucknow,2026-08-31T09:17:56.235799Z
ChIJlz7L8MfjmzkRNaKImBVI_nY,Brooklyn Sourdough Pizzeria,places,en,41,26.862029049999997,80.99205365,26.861283099999998,80.990582,0,lko,Lucknow,2026-08-31T09:17:56.235804Z
ChIJS9_dbgDjmzkRrkTvY7l14CU,Mezbaan restaurant,places,en,41,26.862029049999997,80.99205365,26.8614756,80.9936913,0,lko,Lucknow,2026-08-31T09:17:56.235809Z
ChIJ89j9YifjmzkRotDLcHqXK7Q,Good Kitchen,places,en,41,26.862029049999997,80.99205365,26.860929,80.99080219999999,0,lko,Lucknow,2026-08-31T09:17:56.235814Z
ChIJX_DexMnimzkRd46ytiRuHzI,HOTEL VAIBHAV INN ROOMS & BANQUET,places,en,41,26.862029049999997,80.99205365,26.8618782,80.99415119999999,0,lko,Lucknow,2026-08-31T09:17:56.235819Z
ChIJZwSsOcrimzkRtJrGjty7ubQ,Royale Zayka,places,en,41,26.862029049999997,80.99205365,26.860071100000003,80.99143339999999,0,lko,Lucknow,2026-08-31T09:17:56.235823Z
ChIJd7bE3MnimzkR8j9pYmc_BOw,The Indian Table,places,en,41,26.862029049999997,80.99205365,26.861729999999998,80.994349,0,lko,Lucknow,2026-08-31T09:17:56.235827Z
ChIJg5Z9RcrimzkRGCFHXoiqCg4,Warsi Meat Bazaar,places,en,41,26.862029049999997,80.99205365,26.859638500000003,80.99196169999999,0,lko,Lucknow,2026-08-31T09:17:56.235832Z
ChIJNcCqFwDjmzkRMRbLXI7tkFs,Captain sam's pizza,places,en,41,26.862029049999997,80.99205365,26.8595835,80.9920574,0,lko,Lucknow,2026-08-31T09:17:56.235836Z
ChIJ2UmUsyHjmzkRljvAuN816hI,Heydos,places,en,41,26.862029049999997,80.99205365,26.8596378,80.99298259999999,0,lko,Lucknow,2026-08-31T09:17:56.235840Z
ChIJVb5FoOvjmzkR8P79J7xD-mY,S N Seth Enterprises,places,en,41,26.862029049999997,80.99205365,26.8605454,80.9944531,0,lko,Lucknow,2026-08-31T09:17:56.235845Z
ChIJ41DvGADjmzkRNCz8KCxv__4,Mac Donald,places,en,41,26.862029049999997,80.99205365,26.8625601,80.9949881,0,lko,Lucknow,2026-08-31T09:17:56.235849Z
ChIJMcK3AI7jmzkRGCa9_MHz24c,Kanishka Misthan Bhandar,places,en,42,26.85173315,81.00415015,26.8523832,81.00439,0,lko,Lucknow,2026-08-31T09:17:56.598065Z
ChIJ0US2s1jjmzkRWvWtlnR2o8w,Grand Eating Point,places,en,42,26.85173315,81.00415015,26.852003399999997,81.0049786,0,lko,Lucknow,2026-08-31T09:17:56.598086Z
ChIJkQ0VDDjjmzkR4OLadNbCqJc,Rajesh Chay Shop,places,en,42,26.85173315,81.00415015,26.8525438,81.0044939,0,lko,Lucknow,2026-08-31T09:17:56.598092Z
ChIJixVJlYzjmzkRObAkWsHildQ,Lovely Non veg Point,places,en,42,26.85173315,81.00415015,26.8526532,81.0044509,0,lko,Lucknow,2026-08-31T09:17:56.598096Z
ChIJbUrIC4zimzkRmjIRPW0R7SY,Kukku Da Dhaba,places,en,42,26.85173315,81.00415015,26.8522669,81.0030381,0,lko,Lucknow,2026-08-31T09:17:56.598100Z
ChIJxUNzNMPimzkRC2Eb5Z77j6s,Tunday kababi,places,en,42,26.85173315,81.00415015,26.8517966,81.0053965,0,lko,Lucknow,2026-08-31T09:17:56.598104Z
ChIJ-WwWYU_jmzkROWLjST_DSy8,Tanuska Veg Point,places,en,42,26.85173315,81.00415015,26.852831,81.00455699999999,0,lko,Lucknow,2026-08-31T09:17:56.598107Z
ChIJ08a86AjjmzkRYoFT28JD-n0,Banarasi Zayka,places,en,42,26.85173315,81.00415015,26.8523073,81.00296279999999,0,lko,Lucknow,2026-08-31T09:17:56.598111Z
ChIJOxQiIv_jmzkR107zuEZBeW4,Goli Vada Pav and RM,places,en,42,26.85173315,81.00415015,26.852269399999997,81.002907,0,lko,Lucknow,2026-08-31T09:17:56.598115Z
ChIJ2XTmXfXjmzkRomM3W_0cMMk,Rolls Mania,places,en,42,26.85173315,81.00415015,26.8522631,81.00289339999999,0,lko,Lucknow,2026-08-31T09:17:56.598118Z
ChIJNx2s5GXjmzkRswrKQdzsUzE,The Burger Company,places,en,42,26.85173315,81.00415015,26.8523513,81.0029319,0,lko,Lucknow,2026-08-31T09:17:56.598122Z
ChIJIbfDaVDjmzkRfYr3n6vgEko,Vaidyam Cafe | Gomti Nagar,places,en,42,26.85173315,81.00415015,26.852401699999998,81.00296139999999,0,lko,Lucknow,2026-08-31T09:17:56.598127Z
ChIJcXB-RRrjmzkR11G7fKtFVKo,Darling Dimsum (Patrakarpuram),places,en,42,26.85173315,81.00415015,26.852394,81.0029234,0,lko,Lucknow,2026-08-31T09:17:56.598130Z
ChIJp0KqK4zjmzkR_RplNmr1Kw8,7 Spicery,places,en,42,26.85173315,81.00415015,26.8529515,81.0045232,0,lko,Lucknow,2026-08-31T09:17:56.598133Z
ChIJbwYdv2TjmzkRiDmn5EahoVE,Burger Singh | Gomti Nagar | Lucknow,places,en,42,26.85173315,81.00415015,26.852398299999997,81.0029005,0,lko,Lucknow,2026-08-31T09:17:56.598137Z
ChIJKXbxBY3jmzkRvWQqZWN_gmw,Ajit Batti Chokha,places,en,42,26.85173315,81.00415015,26.851817699999998,81.0056066,0,lko,Lucknow,2026-08-31T09:17:56.598140Z
ChIJDbVUBrbjmzkRCC8mqZiyMh4,Veg Biryani,places,en,42,26.85173315,81.00415015,26.851879699999998,81.0056292,0,lko,Lucknow,2026-08-31T09:17:56.598143Z
ChIJyVAp_cbjmzkR2ATvBgQEBmY,Perfect Momos,places,en,42,26.85173315,81.00415015,26.852711,81.003056,0,lko,Lucknow,2026-08-31T09:17:56.598147Z
ChIJPTIXMsPimzkRKAxKiJqV3RE,AL-BAKE ( ESSELATE'S ),places,en,42,26.85173315,81.00415015,26.851841699999998,81.00568779999999,0,lko,Lucknow,2026-08-31T09:17:56.598150Z
ChIJwVLtLcPimzkRR6o81hnfrEY,The Arabian Nightss Cafe And Restaurant,places,en,42,26.85173315,81.00415015,26.851501,81.00604299999999,0,lko,Lucknow,2026-08-31T09:17:56.598154Z
ChIJ1TTvquDimzkRVRGTnwn0Jh0,KALIKA CHULHA RESTAURANT,places,en,43,26.84628115,81.00746724999999,26.847397800000003,81.0087281,0,lko,Lucknow,2026-08-31T09:17:56.946434Z
ChIJJ3PTbhfjmzkR9F8VgUBfP2A,Engineer's Kitchen,places,en,43,26.84628115,81.00746724999999,26.8466946,81.00555829999999,0,lko,Lucknow,2026-08-31T09:17:56.946465Z
ChIJ7W0YnSPjmzkRv6WKP66RyVo,The Belgian Waffle Co,places,en,43,26.84628115,81.00746724999999,26.8471424,81.0049319,0,lko,Lucknow,2026-08-31T09:17:56.946471Z
ChIJ2b6cndXjmzkRGieGzLUHD5Q,Rabatt Gambit,places,en,43,26.84628115,81.00746724999999,26.8486649,81.0080457,0,lko,Lucknow,2026-08-31T09:17:56.946475Z
ChIJm4Jg6DbjmzkR2aBy2u9ku8E,Chic Shack Cafe & Bar,places,en,43,26.84628115,81.00746724999999,26.848833199999998,81.0081057,0,lko,Lucknow,2026-08-31T09:17:56.946479Z
ChIJD6T99rDjmzkRkf0h8x_DTqI,Mahesh Chat Corner,places,en,44,26.8597053,81.0043436,26.8604468,81.0033074,0,lko,Lucknow,2026-08-31T09:17:57.400891Z
ChIJb5Q7YQDjmzkRnEgmlIjP4kI,The IHM Taste,places,en,44,26.8597053,81.0043436,26.858764899999997,81.0053574,0,lko,Lucknow,2026-08-31T09:17:57.400911Z
ChIJx7mIJA7jmzkRrBBkDA7iWuk,Royal Train Cuisine,places,en,44,26.8597053,81.0043436,26.8596205,81.00268779999999,0,lko,Lucknow,2026-08-31T09:17:57.400916Z
ChIJa_B0OejjmzkRzWae75TF8gY,Vinay Kushwaha,places,en,44,26.8597053,81.0043436,26.8611744,81.0039196,0,lko,Lucknow,2026-08-31T09:17:57.400920Z
ChIJWSonkzXjmzkRsSnoi9Nhk-s,Jasmant,places,en,44,26.8597053,81.0043436,26.8611744,81.0039196,0,lko,Lucknow,2026-08-31T09:17:57.400924Z
ChIJZQ_frg3jmzkRwm7jvaXazTQ,Chotu Fast Food,places,en,44,26.8597053,81.0043436,26.8611744,81.0039196,0,lko,Lucknow,2026-08-31T09:17:57.400927Z
ChIJBYQHFbzjmzkRyFzg9qzhOgk,RAHUL KOHLI SWEETS,places,en,44,26.8597053,81.0043436,26.8611744,81.0039196,0,lko,Lucknow,2026-08-31T09:17:57.400931Z
ChIJb8AGMwfjmzkR5flZzMnQ2vU,Gupta Chhole Bhature,places,en,44,26.8597053,81.0043436,26.8611744,81.0039196,0,lko,Lucknow,2026-08-31T09:17:57.400934Z
ChIJvZ4oQPrjmzkRhd06ZhsX6XU,AKHIL PORWAL,places,en,44,26.8597053,81.0043436,26.8611744,81.0039196,0,lko,Lucknow,2026-08-31T09:17:57.400937Z
ChIJdwIUK5XjmzkRFlF3jA5FpKo,agra chat,places,en,44,26.8597053,81.0043436,26.8611744,81.0039196,0,lko,Lucknow,2026-08-31T09:17:57.400940Z
ChIJj0KOjPnjmzkRuYRnPsaqhPk,APNA CHAUHAN DHABHA,places,en,44,26.8597053,81.0043436,26.8611744,81.0039196,0,lko,Lucknow,2026-08-31T09:17:57.400943Z
ChIJSYCRzM_jmzkRtiMFfnJcWhY,Jagdish,places,en,44,26.8597053,81.0043436,26.8611744,81.0039196,0,lko,Lucknow,2026-08-31T09:17:57.400946Z
ChIJ7R8Z6ErjmzkRhf3QtA22_7A,BALA JI TEA POINT,places,en,44,26.8597053,81.0043436,26.8611744,81.0039196,0,lko,Lucknow,2026-08-31T09:17:57.400949Z
ChIJqzcVHH_jmzkRtPvmeCmO_D0,MAYANK KUMAR,places,en,44,26.8597053,81.0043436,26.8611744,81.0039196,0,lko,Lucknow,2026-08-31T09:17:57.400952Z
ChIJiSh1p__jmzkR1OHziKN70MI,Atul Kumar,places,en,44,26.8597053,81.0043436,26.8611744,81.0039196,0,lko,Lucknow,2026-08-31T09:17:57.400955Z
ChIJMQBnhW_jmzkR0ikH_xPgZHo,Maya Devi,places,en,44,26.8597053,81.0043436,26.8611744,81.0039196,0,lko,Lucknow,2026-08-31T09:17:57.400958Z
ChIJC8cN-cHjmzkRILi2-3eOekA,MAA DURGA FAST FOOD SHOP,places,en,44,26.8597053,81.0043436,26.8611744,81.0039196,0,lko,Lucknow,2026-08-31T09:17:57.400961Z
ChIJCQa7bVbjmzkR5YCTVHb8aUA,Raj Agrawal,places,en,44,26.8597053,81.0043436,26.8611747,81.0039196,0,lko,Lucknow,2026-08-31T09:17:57.400964Z
ChIJyWGRf2TjmzkRUOOrQVXFkcI,Amol Aahar,places,en,44,26.8597053,81.0043436,26.859334099999998,81.0026937,0,lko,Lucknow,2026-08-31T09:17:57.400967Z
ChIJC-eaJMfimzkR8SibifSvWt8,Alladin,places,en,44,26.8597053,81.0043436,26.860646499999998,81.00266649999999,0,lko,Lucknow,2026-08-31T09:17:57.400970Z
ChIJLw7IJmHjmzkRFVeP0kYAoZQ,Flavours Of Rajasthan,places,en,45,26.849234250000002,81.01556579999999,26.8502683,81.01535510000001,0,lko,Lucknow,2026-08-31T09:17:57.821471Z
ChIJlfPDU6PjmzkRirdlOxRgFUE,Aastha Ka Nasta : The Food Hub,places,en,45,26.849234250000002,81.01556579999999,26.8500551,81.0147891,0,lko,Lucknow,2026-08-31T09:17:57.821489Z
ChIJ3QkqcADjmzkR6DQwKkTE0xo,Tasty town food point,places,en,45,26.849234250000002,81.01556579999999,26.849435600000003,81.013016,0,lko,Lucknow,2026-08-31T09:17:57.821493Z
ChIJGx1LFvnjmzkRnqN_RdxGeEQ,Bbq Bake,places,en,45,26.849234250000002,81.01556579999999,26.8513894,81.014364,0,lko,Lucknow,2026-08-31T09:17:57.821511Z
ChIJKxDR-BL9mzkR_R1yHrCN7-w,Maazee Cafeteria,places,en,46,26.87075635,80.97563055,26.871183600000002,80.9758059,0,lko,Lucknow,2026-08-31T09:17:58.192363Z
ChIJJxdtn5r9mzkR7kx-P_arfrg,Cafe Repertwahr,places,en,46,26.87075635,80.97563055,26.871267999999997,80.97569229999999,0,lko,Lucknow,2026-08-31T09:17:58.192376Z
ChIJ6wXJKQD9mzkR2B0R79nlGQ4,Thakur ji Dahi vada & Snack,places,en,46,26.87075635,80.97563055,26.870957699999998,80.97488990000001,0,lko,Lucknow,2026-08-31T09:17:58.192388Z
ChIJn-_jFwDjmzkRyDwbVMK3uWs,Salado : fresh & healthy salad,places,en,46,26.87075635,80.97563055,26.8706797,80.97650949999999,0,lko,Lucknow,2026-08-31T09:17:58.192391Z
ChIJDTznEp39mzkRkS5X-yEs6js,Madan Bhai Khasta Matar Chaat Wale,places,en,46,26.87075635,80.97563055,26.8715372,80.9751945,0,lko,Lucknow,2026-08-31T09:17:58.192394Z
ChIJocSlcGz9mzkR3jTWQGxC-nk,Lekhraj ki matar,places,en,46,26.87075635,80.97563055,26.8714421,80.97497249999999,0,lko,Lucknow,2026-08-31T09:17:58.192396Z
ChIJyetZQEX9mzkR54hhASZJsis,The Kalika Hotel,places,en,46,26.87075635,80.97563055,26.871619499999998,80.9750406,0,lko,Lucknow,2026-08-31T09:17:58.192398Z
ChIJ985wxZf9mzkRT7-0UW3n1LE,DESI KALIKA AZAMGARH,places,en,46,26.87075635,80.97563055,26.8717968,80.9752695,0,lko,Lucknow,2026-08-31T09:17:58.192401Z
ChIJp7HzsE79mzkRwNcF-Vt80bc,Momo Junction,places,en,46,26.87075635,80.97563055,26.871103599999998,80.97681109999999,0,lko,Lucknow,2026-08-31T09:17:58.192403Z
ChIJey9RJN_9mzkRvbUR31ttEIA,Four Spoon's,places,en,46,26.87075635,80.97563055,26.8717046,80.9750112,0,lko,Lucknow,2026-08-31T09:17:58.192404Z
ChIJpYGv5M39mzkRMwbYz9GdklE,Globe Bakers & cafe,places,en,46,26.87075635,80.97563055,26.871852399999998,80.9754231,0,lko,Lucknow,2026-08-31T09:17:58.192406Z
ChIJy5j7s4zjmzkR3zoTg9cWIZw,Royal King taste of Lucknow,places,en,46,26.87075635,80.97563055,26.871649299999998,80.9748401,0,lko,Lucknow,2026-08-31T09:17:58.192409Z
ChIJvZL9U_v9mzkRPqbfctQzxWg,Purana Kalika Hotel Azamgarh,places,en,46,26.87075635,80.97563055,26.8716682,80.97486180000001,0,lko,Lucknow,2026-08-31T09:17:58.192411Z
ChIJXTF1_ib9mzkRPBf-O8oGP2A,Quality Cafe,places,en,46,26.87075635,80.97563055,26.871841,80.9750821,0,lko,Lucknow,2026-08-31T09:17:58.192412Z
ChIJrXWvHgD9mzkR2kOnk2c_Wo8,KOKO CAFE AND RESTAURANT,places,en,46,26.87075635,80.97563055,26.8716765,80.9747172,0,lko,Lucknow,2026-08-31T09:17:58.192415Z
ChIJIboMuAn9mzkRt8Ny7pZgbEo,Bangali chasska,places,en,46,26.87075635,80.97563055,26.8720179,80.9755753,0,lko,Lucknow,2026-08-31T09:17:58.192417Z
ChIJocWfG8X9mzkRmnoDpHon4rw,BIG CHEESY BURGER,places,en,46,26.87075635,80.97563055,26.8720179,80.9755753,0,lko,Lucknow,2026-08-31T09:17:58.192419Z
ChIJ5RKNbuf9mzkRUy-p_IzFPao,RVD CAFE AND RESTAURANT,places,en,46,26.87075635,80.97563055,26.8713664,80.9743921,0,lko,Lucknow,2026-08-31T09:17:58.192421Z
ChIJxbytP0X9mzkRSKBCfBD1MII,Blue Fox Bar,places,en,46,26.87075635,80.97563055,26.871706699999997,80.9746029,0,lko,Lucknow,2026-08-31T09:17:58.192422Z
ChIJg5xo_Uv9mzkRJSFh9IR9uXM,Siddhu Punjabi Restaurant,places,en,46,26.87075635,80.97563055,26.8714598,80.9743216,0,lko,Lucknow,2026-08-31T09:17:58.192424Z
ChIJyfly2abjmzkRlzb1j4KMIZg,BREVITY RESTAURANT LOUNGE& BANQUET,places,en,47,26.86732735,81.01938634999999,26.867753,81.0193269,0,lko,Lucknow,2026-08-31T09:17:58.528841Z
ChIJD5fgYFbjmzkRrB1HPdj3TbQ,Cake House,places,en,47,26.86732735,81.01938634999999,26.868216200000003,81.0198549,0,lko,Lucknow,2026-08-31T09:17:58.528852Z
ChIJuZX9AHTjmzkRDHnPdnJcGy0,Shugar Free Tea Shop,places,en,47,26.86732735,81.01938634999999,26.867819899999997,81.0211695,0,lko,Lucknow,2026-08-31T09:17:58.528855Z
ChIJY04x8_XjmzkR9oAY4wqeuo8,Purvi chatkare tff good court,places,en,47,26.86732735,81.01938634999999,26.866100199999998,81.02074809999999,0,lko,Lucknow,2026-08-31T09:17:58.528857Z
ChIJ99p9ULjjmzkRlW4Alv9DHeQ,Yummy Food Packing Centre,places,en,47,26.86732735,81.01938634999999,26.866947399999997,81.017185,0,lko,Lucknow,2026-08-31T09:17:58.528860Z
ChIJk87EcQDjmzkRE8PRLKEt9I0,Thakur soya chaap,places,en,47,26.86732735,81.01938634999999,26.866960000000002,81.017146,0,lko,Lucknow,2026-08-31T09:17:58.528862Z
ChIJkzuiyQXjmzkRgZJv9r3Y8O8,K. D. Enterprises,places,en,47,26.86732735,81.01938634999999,26.866577099999997,81.0172247,0,lko,Lucknow,2026-08-31T09:17:58.528864Z
ChIJmzODTDTjmzkRuI7cZjQg4xw,The Chimney Cone Company,places,en,47,26.86732735,81.01938634999999,26.868727099999997,81.017473,0,lko,Lucknow,2026-08-31T09:17:58.528865Z
ChIJ9x6vLwDjmzkRTOmzkZAe-90,Hot N Sure Resturent,places,en,47,26.86732735,81.01938634999999,26.866426999999998,81.0169944,0,lko,Lucknow,2026-08-31T09:17:58.528867Z
ChIJsaBUbwDjmzkR5saSzy2JOi4,Nishad raj Veg biryani,places,en,47,26.86732735,81.01938634999999,26.8673625,81.0166893,0,lko,Lucknow,2026-08-31T09:17:58.528869Z
ChIJ1cJ0DJPimzkRMz3gr96SFxI,DILIP CHINESE CORNER,places,en,47,26.86732735,81.01938634999999,26.866529999999997,81.0166981,0,lko,Lucknow,2026-08-31T09:17:58.528871Z
ChIJCzfS65fjmzkRh6WQeUAfWbs,Chulha Restaurant,places,en,47,26.86732735,81.01938634999999,26.8668226,81.01647670000001,0,lko,Lucknow,2026-08-31T09:17:58.528873Z
ChIJJ_ViwIjimzkRPBRXZCTm1m4,Anenya Restaurant,places,en,48,26.87472515,81.0271979,26.8746852,81.0269651,0,lko,Lucknow,2026-08-31T09:17:58.947219Z
ChIJARGYoKvjmzkRn_FVS3-aG44,The Sky Kitchen,places,en,48,26.87472515,81.0271979,26.874681,81.0268595,0,lko,Lucknow,2026-08-31T09:17:58.947233Z
ChIJSY-E7IjimzkR_08JHSHvDGU,Muradabadi Biryani,places,en,48,26.87472515,81.0271979,26.8745972,81.0275058,0,lko,Lucknow,2026-08-31T09:17:58.947236Z
ChIJPf7GzcnjmzkRSzohIJ5EtqI,Mintaka Grills,places,en,48,26.87472515,81.0271979,26.874909499999998,81.02680869999999,0,lko,Lucknow,2026-08-31T09:17:58.947237Z
ChIJAywix4jimzkRjFRHzzxO4iA,Hot Parathas,places,en,48,26.87472515,81.0271979,26.874596099999998,81.0266905,0,lko,Lucknow,2026-08-31T09:17:58.947239Z
ChIJWfpBKQDjmzkRa_ROyYACSEA,Delhi Ke Mashhur Chole Bhature & Kulcha Corner,places,en,48,26.87472515,81.0271979,26.8744127,81.0267125,0,lko,Lucknow,2026-08-31T09:17:58.947241Z
ChIJK2g9xIjimzkR9hRbhcMEqAw,Rakesh Chaat King,places,en,48,26.87472515,81.0271979,26.874355299999998,81.0267471,0,lko,Lucknow,2026-08-31T09:17:58.947243Z
ChIJz0bcYN_jmzkRTqvVWVJp4_I,Gupta Chowmin Corner,places,en,48,26.87472515,81.0271979,26.8743056,81.0267532,0,lko,Lucknow,2026-08-31T09:17:58.947244Z
ChIJCUc6HQDjmzkRrU5J3oJOIEc,Azad Restaurant,places,en,48,26.87472515,81.0271979,26.874303500000003,81.0267447,0,lko,Lucknow,2026-08-31T09:17:58.947246Z
ChIJYVv2MYXjmzkRczVbirvTiIY,Happy Food,places,en,48,26.87472515,81.0271979,26.875309299999998,81.0271475,0,lko,Lucknow,2026-08-31T09:17:58.947248Z
ChIJ6Vuq5CHjmzkRr06d3RqCl4M,Momos bhandar,places,en,48,26.87472515,81.0271979,26.8742222,81.02678279999999,0,lko,Lucknow,2026-08-31T09:17:58.947249Z
ChIJy91CCWfjmzkRuTJYMZXvhM4,Shudh Vaishno Bhojnalay,places,en,48,26.87472515,81.0271979,26.8743356,81.0266443,0,lko,Lucknow,2026-08-31T09:17:58.947251Z
ChIJTcdwtkHjmzkR8LN9qfo8Wyw,NIC Natural Ice Cream,places,en,48,26.87472515,81.0271979,26.874150999999998,81.0268198,0,lko,Lucknow,2026-08-31T09:17:58.947252Z
ChIJJ5Iuz4jimzkRyOsZGOjw-gk,माँ वैष्णो भोजनालय,places,en,48,26.87472515,81.0271979,26.8743517,81.0263233,0,lko,Lucknow,2026-08-31T09:17:58.947254Z
ChIJUys5HW3jmzkRUy7DUlF9RZ0,MD Munna Tea And EGG SHOP,places,en,48,26.87472515,81.0271979,26.8744941,81.0261786,0,lko,Lucknow,2026-08-31T09:17:58.947256Z
ChIJV_5x9jDjmzkRX0Sc9UIT-3s,"Ali Chicken Shop , chinhat",places,en,48,26.87472515,81.0271979,26.875424499999998,81.02643929999999,0,lko,Lucknow,2026-08-31T09:17:58.947257Z
ChIJ1dio2ojimzkRBEH0uUYe6rk,Ekta Roll Shope,places,en,48,26.87472515,81.0271979,26.873989299999998,81.02648429999999,0,lko,Lucknow,2026-08-31T09:17:58.947259Z
ChIJX4SM9IjimzkRKk0_YEIGbuw,Veg Hotel,places,en,48,26.87472515,81.0271979,26.874700999999998,81.02826999999999,0,lko,Lucknow,2026-08-31T09:17:58.947261Z
ChIJfcThFgDjmzkRx0BQzm16wqs,राजेश पावर टुल,places,en,48,26.87472515,81.0271979,26.874910000000003,81.025864,0,lko,Lucknow,2026-08-31T09:17:58.947262Z
ChIJoc2OEADjmzkRpdTjnd_klPc,Haus 101,places,en,48,26.87472515,81.0271979,26.8760276,81.02709899999999,0,lko,Lucknow,2026-08-31T09:17:58.947264Z
ChIJM0TFXhDjmzkRBbDEALrGT5A,Shyam International Hotels and Banquet,places,en,49,26.85498185,81.03730645,26.856963,81.0362074,0,lko,Lucknow,2026-08-31T09:17:59.382775Z
ChIJ07cyZ_fjmzkRPcFzji4OtbU,Anupam’s Kitchen,places,en,49,26.85498185,81.03730645,26.854879099999998,81.03980600000001,0,lko,Lucknow,2026-08-31T09:17:59.382806Z
ChIJIeBfILfjmzkR0iqNQOmVHS0,Chuck Bungalow,places,en,49,26.85498185,81.03730645,26.8560785,81.039558,0,lko,Lucknow,2026-08-31T09:17:59.382814Z
ChIJ3RgJaMDjmzkRq72nDsYZE5g,TOTO FOOD JUNCTION,places,en,49,26.85498185,81.03730645,26.8551391,81.0399322,0,lko,Lucknow,2026-08-31T09:17:59.382819Z
ChIJ2XlTIgDjmzkRaAJynKenOh4,Ginger Garlic Garden,places,en,49,26.85498185,81.03730645,26.853133,81.0355661,0,lko,Lucknow,2026-08-31T09:17:59.382823Z
ChIJT5gsW7pXmTkRy20PU9bRl1I,New Pizza King,places,en,49,26.85498185,81.03730645,26.855320799999998,81.0401945,0,lko,Lucknow,2026-08-31T09:17:59.382827Z
ChIJ8aGQNwDjmzkR0WXCDTo7ook,UP 54 fast food & Restaurant,places,en,49,26.85498185,81.03730645,26.8552008,81.0402573,0,lko,Lucknow,2026-08-31T09:17:59.382831Z
ChIJQeyvoqbjmzkRJdjt1pEFfFY,Padmavassa Sweets & Restaurant,places,en,49,26.85498185,81.03730645,26.8563891,81.0398242,0,lko,Lucknow,2026-08-31T09:17:59.382835Z
ChIJDY1wwHPjmzkRj3kiDwKKy4Y,Vaishnavi Puri Bhandaar,places,en,49,26.85498185,81.03730645,26.854747699999997,81.0403071,0,lko,Lucknow,2026-08-31T09:17:59.382839Z
ChIJR9FUkyP9mzkRjnS0bbaZa9c,Hungry Man Kitchen,places,en,50,26.862945500000002,80.95058990000001,26.8647408,80.9519177,0,lko,Lucknow,2026-08-31T09:17:59.712071Z
ChIJyxtcKXL9mzkR5JpswfPDEIg,Lapinoz Pizza,places,en,50,26.862945500000002,80.95058990000001,26.865291499999998,80.95155260000001,0,lko,Lucknow,2026-08-31T09:17:59.712082Z
ChIJR7RFAgD9mzkRvVu3nIa2Ggo,Shree Ram Bhog,places,en,51,26.88354355,80.971394,26.8840465,80.97173149999999,0,lko,Lucknow,2026-08-31T09:18:00.072821Z
ChIJH1t-Mbj9mzkRxpHiY_h1C_s,Khushi Tiffin Service,places,en,51,26.88354355,80.971394,26.8829651,80.96912619999999,0,lko,Lucknow,2026-08-31T09:18:00.072830Z
ChIJSSv3MwBXmTkRiP4cYORb3Ug,Orhan,places,en,51,26.88354355,80.971394,26.8858653,80.9719108,0,lko,Lucknow,2026-08-31T09:18:00.072833Z
ChIJPYUIuK1XmTkRDxlBcQRJr4I,Kanpuri Zaika,places,en,51,26.88354355,80.971394,26.8858653,80.9719108,0,lko,Lucknow,2026-08-31T09:18:00.072834Z
ChIJN7N1VgBXmTkRukBz1Wx0vX8,JAIN PATTA POODI BHANDAR,places,en,51,26.88354355,80.971394,26.8858653,80.9719108,0,lko,Lucknow,2026-08-31T09:18:00.072836Z
ChIJHccQOADjmzkR1W_oVYPn5_s,The kitchen craft,places,en,52,26.88229555,80.9947329,26.882217699999998,80.9945643,0,lko,Lucknow,2026-08-31T09:18:00.439746Z
ChIJEzupsRfjmzkRdg3A8s3jTJw,Baaliyan Foods,places,en,52,26.88229555,80.9947329,26.8827829,80.9941284,0,lko,Lucknow,2026-08-31T09:18:00.439770Z
ChIJb4VYq6nimzkRxcN2HFi4U28,Shree Ganesh Bhojanalaya,places,en,52,26.88229555,80.9947329,26.883338,80.9953285,0,lko,Lucknow,2026-08-31T09:18:00.439775Z
ChIJTYJ276jimzkRjKksJu3wC4I,Cafe WTF( Where's The Food),places,en,52,26.88229555,80.9947329,26.8821509,80.99614969999999,0,lko,Lucknow,2026-08-31T09:18:00.439779Z
ChIJ3WR9d6jjmzkR-5V6O-Uud9M,Anandam Food Point,places,en,52,26.88229555,80.9947329,26.882989700000003,80.9961757,0,lko,Lucknow,2026-08-31T09:18:00.439782Z
ChIJ6wrJbgDjmzkRFj7rw_KTy6E,Wahid Biryani,places,en,52,26.88229555,80.9947329,26.8829601,80.9962366,0,lko,Lucknow,2026-08-31T09:18:00.439785Z
ChIJmUbMku3jmzkRPRGOGYUu-94,The Green Habit | Healthier Fast Food,places,en,52,26.88229555,80.9947329,26.8807613,80.9935979,0,lko,Lucknow,2026-08-31T09:18:00.439788Z
ChIJB_rh76jimzkR13K7YaNpSHA,Shahi Non-Veg Point,places,en,52,26.88229555,80.9947329,26.883811200000004,80.9961501,0,lko,Lucknow,2026-08-31T09:18:00.439791Z
ChIJeUAdAADjmzkRWSw5GvaY0Ps,shudh shakahari bhojnalaya,places,en,52,26.88229555,80.9947329,26.8803383,80.99526999999999,0,lko,Lucknow,2026-08-31T09:18:00.439794Z
ChIJJeKWZwDjmzkRV6Ys_nliGHM,KAMDHENU SWEETS,places,en,52,26.88229555,80.9947329,26.880267999999997,80.994957,0,lko,Lucknow,2026-08-31T09:18:00.439797Z
ChIJreZP1KjimzkRq9aEoUb_DcA,Kalevum Sweet,places,en,52,26.88229555,80.9947329,26.880377199999998,80.9955659,0,lko,Lucknow,2026-08-31T09:18:00.439799Z
ChIJkTn_fuzjmzkR8AegRozriLE,Chicken Point biryani restaurant,places,en,52,26.88229555,80.9947329,26.884329899999997,80.9956909,0,lko,Lucknow,2026-08-31T09:18:00.439802Z
ChIJbcWiGCvjmzkRM1_l9BYtYyQ,DIAL FOOD,places,en,52,26.88229555,80.9947329,26.880205999999998,80.993786,0,lko,Lucknow,2026-08-31T09:18:00.439805Z
ChIJL1GIDyPjmzkRNjpV6grgEo4,Burger Singh | Indira Nagar | Lucknow,places,en,52,26.88229555,80.9947329,26.8803558,80.99342709999999,0,lko,Lucknow,2026-08-31T09:18:00.439809Z
ChIJo3wCEADjmzkR-KxdLhxn-UU,Samosa Purvanchal Wala,places,en,52,26.88229555,80.9947329,26.882959399999997,80.9973448,0,lko,Lucknow,2026-08-31T09:18:00.439813Z
ChIJexNX9RrjmzkRZ9oIG0uP4GU,Bhojyum pure veg restaurant,places,en,52,26.88229555,80.9947329,26.8845949,80.9956473,0,lko,Lucknow,2026-08-31T09:18:00.439816Z
ChIJVfLZvEzjmzkRfd57icdIj8s,Veg Corner,places,en,52,26.88229555,80.9947329,26.8845934,80.995654,0,lko,Lucknow,2026-08-31T09:18:00.439819Z
ChIJf-vWR2tZmTkRUnGio0W9mQE,Ganesh ji ki rasoi,places,en,52,26.88229555,80.9947329,26.8846889,80.9954599,0,lko,Lucknow,2026-08-31T09:18:00.439822Z
ChIJ2SDEjQfjmzkRnH1mvxgeexU,Cafe Laxmi,places,en,52,26.88229555,80.9947329,26.88478,80.994908,0,lko,Lucknow,2026-08-31T09:18:00.439824Z
ChIJv54pX93jmzkRtIqZ2zfp8uM,FabExpress Grand Inn,places,en,52,26.88229555,80.9947329,26.882928099999997,80.9975273,0,lko,Lucknow,2026-08-31T09:18:00.439827Z
ChIJH9kQUjjjmzkRQo3bIsU_Wfk,My Tiffin Wala,places,en,53,26.87827485,80.99051825000001,26.878676,80.9906142,0,lko,Lucknow,2026-08-31T09:18:00.815127Z
ChIJsXzb1pf9mzkRlhPr5S0O8SQ,Destination Lucknow-The Tikka King,places,en,53,26.87827485,80.99051825000001,26.877951499999998,80.99151359999999,0,lko,Lucknow,2026-08-31T09:18:00.815139Z
ChIJKzW8A-vjmzkRLQ8gwdC0DWY,Kabeer Majelo Cafe,places,en,53,26.87827485,80.99051825000001,26.879340499999998,80.99130149999999,0,lko,Lucknow,2026-08-31T09:18:00.815141Z
ChIJ52SmIqzimzkR_keozroiwSI,Dampati Samosas & Snacks,places,en,53,26.87827485,80.99051825000001,26.878373399999997,80.992035,0,lko,Lucknow,2026-08-31T09:18:00.815143Z
ChIJJdAdj5jjmzkR-5LkmtQiEWs,The Restonish,places,en,53,26.87827485,80.99051825000001,26.8765684,80.99112989999999,0,lko,Lucknow,2026-08-31T09:18:00.815145Z
ChIJ9wNXcdz9mzkRvZ0snyZsHIs,Chatkara junction,places,en,53,26.87827485,80.99051825000001,26.8800843,80.99028779999999,0,lko,Lucknow,2026-08-31T09:18:00.815146Z
ChIJ3wLoaQD9mzkRlB4xs6wBNq0,Kolkata Fish Fry,places,en,53,26.87827485,80.99051825000001,26.876488199999997,80.9900341,0,lko,Lucknow,2026-08-31T09:18:00.815148Z
ChIJOXFnnbXjmzkRWKMt3plS3dI,"Nothing Before Coffee - Indira Nagar, Lucknow",places,en,53,26.87827485,80.99051825000001,26.8765441,80.9916488,0,lko,Lucknow,2026-08-31T09:18:00.815150Z
ChIJqYHRq-bjmzkRmej896aiZOQ,Maa Veg Corner,places,en,53,26.87827485,80.99051825000001,26.8802731,80.99130079999999,0,lko,Lucknow,2026-08-31T09:18:00.815151Z
ChIJr3Bn59z9mzkR2J7p06EIDbA,Khadak Singh Da Dhaba,places,en,53,26.87827485,80.99051825000001,26.8762482,80.9912083,0,lko,Lucknow,2026-08-31T09:18:00.815153Z
ChIJlXLwN5HjmzkRcH-AoCHmqgc,Pankaj Kabab Paratha Co.,places,en,53,26.87827485,80.99051825000001,26.880127899999998,80.9918833,0,lko,Lucknow,2026-08-31T09:18:00.815154Z
ChIJ-0zqev3jmzkRIv7fr9QrMcM,Swad e Purvanchal,places,en,53,26.87827485,80.99051825000001,26.8761638,80.9897744,0,lko,Lucknow,2026-08-31T09:18:00.815155Z
ChIJoxt6sinjmzkRk7eD6OayWSg,Tandoori Delight,places,en,53,26.87827485,80.99051825000001,26.880309399999998,80.9894405,0,lko,Lucknow,2026-08-31T09:18:00.815157Z
ChIJ9T0HCgDjmzkR4W6wfomHud0,Nainital momos indiranagar,places,en,53,26.87827485,80.99051825000001,26.880300599999998,80.9894199,0,lko,Lucknow,2026-08-31T09:18:00.815158Z
ChIJmzvfy6jjmzkR8YHrbVRcVt0,South Indian HOT CHIPS,places,en,53,26.87827485,80.99051825000001,26.876169899999997,80.99160069999999,0,lko,Lucknow,2026-08-31T09:18:00.815159Z
ChIJD6vTb5XjmzkRe4Nh_BT9XBA,New Bombay Pavbhaji,places,en,53,26.87827485,80.99051825000001,26.8799001,80.992598,0,lko,Lucknow,2026-08-31T09:18:00.815161Z
ChIJ9QeXzzrjmzkRVlE1D3Bq6hY,Cafe Coffee Chemistry,places,en,53,26.87827485,80.99051825000001,26.8799001,80.992598,0,lko,Lucknow,2026-08-31T09:18:00.815162Z
ChIJCRmA5xb9mzkRZkzqqhiKJwE,"Pizza Wings | Indira Nagar, Lucknow",places,en,53,26.87827485,80.99051825000001,26.879944899999998,80.98844559999999,0,lko,Lucknow,2026-08-31T09:18:00.815164Z
ChIJ5aLSHwDjmzkRqxE7MDrdU1I,NARAIN'S - All day Cafe Diner,places,en,54,26.87946385,80.9887293,26.879970099999998,80.98807339999999,0,lko,Lucknow,2026-08-31T09:18:01.191171Z
ChIJEXC6l3DjmzkReMzwxcjY-e8,LK KITCHEN special Sindhi home made food veg-nonveg restaurant,places,en,54,26.87946385,80.9887293,26.879967399999998,80.9878583,0,lko,Lucknow,2026-08-31T09:18:01.191184Z
ChIJ1eIWfTHjmzkRDI6ofJD-D0E,Madras Cafe,places,en,54,26.87946385,80.9887293,26.879967399999998,80.9878583,0,lko,Lucknow,2026-08-31T09:18:01.191187Z
ChIJpezva7P9mzkRh2hfQe8SJYc,Express Pizza & Coffee House 🍕,places,en,54,26.87946385,80.9887293,26.8800712,80.9872523,0,lko,Lucknow,2026-08-31T09:18:01.191191Z
ChIJPSQLcITjmzkRQnUY70ux0z8,Barbeque Non Veg Restaurant,places,en,54,26.87946385,80.9887293,26.880311,80.9873429,0,lko,Lucknow,2026-08-31T09:18:01.191194Z
ChIJ58KD6WrjmzkR7YohxsHp_f8,V.M BISTRO CAFE,places,en,54,26.87946385,80.9887293,26.880085899999997,80.9871347,0,lko,Lucknow,2026-08-31T09:18:01.191196Z
ChIJFfvSpkfjmzkRecRlKUXvft0,Balaji Sweets and Dairy,places,en,54,26.87946385,80.9887293,26.8800714,80.9871268,0,lko,Lucknow,2026-08-31T09:18:01.191198Z
ChIJBegXfwP9mzkRdKHEzcSQ1dQ,Bua Chai Shop,places,en,54,26.87946385,80.9887293,26.8796933,80.9868408,0,lko,Lucknow,2026-08-31T09:18:01.191200Z
ChIJHW8_rLj9mzkRCcaa0QmdCsg,Pandit ji tiffin service,places,en,54,26.87946385,80.9887293,26.880500599999998,80.9865026,0,lko,Lucknow,2026-08-31T09:18:01.191202Z
ChIJR973WgD9mzkRZ3JhWSDnmEI,CHAP NATION,places,en,54,26.87946385,80.9887293,26.8804637,80.9861537,0,lko,Lucknow,2026-08-31T09:18:01.191205Z
ChIJN5qD0ILjmzkR5NfRFQ1yIpU,cha से chatora Indira nagar lucknow,places,en,55,26.8839726,80.99759675,26.8838515,80.997467,0,lko,Lucknow,2026-08-31T09:18:01.647547Z
ChIJ924ez3VZmTkRRjm__BWWlsU,THE LUNCH BOX,places,en,55,26.8839726,80.99759675,26.883999,80.997355,0,lko,Lucknow,2026-08-31T09:18:01.647560Z
ChIJPe62iGlZmTkRsywKjtkL4ys,Mast Doze,places,en,55,26.8839726,80.99759675,26.8834041,80.9980796,0,lko,Lucknow,2026-08-31T09:18:01.647563Z
ChIJYaFcO5rjmzkRGIRamuIYpg0,"2Day21 Restaurant, Banquet & Hotel",places,en,55,26.8839726,80.99759675,26.883006299999998,80.9976271,0,lko,Lucknow,2026-08-31T09:18:01.647566Z
ChIJ64ySnmzjmzkRAWLUtDPfixc,Meal4u-Best tiffin service in Lucknow,places,en,55,26.8839726,80.99759675,26.884864999999998,80.9969225,0,lko,Lucknow,2026-08-31T09:18:01.647569Z
ChIJkemQcADjmzkR5tasGfMINZo,Chahat Biryani,places,en,55,26.8839726,80.99759675,26.8850755,80.9976275,0,lko,Lucknow,2026-08-31T09:18:01.647572Z
ChIJE_EzDqjimzkRP1kNaRH1EmQ,A Finest Mughlai Cuisine,places,en,55,26.8839726,80.99759675,26.885104499999997,80.99752989999999,0,lko,Lucknow,2026-08-31T09:18:01.647574Z
ChIJtyVlFGDjmzkRiIHiqjJb-MM,Bean Box,places,en,55,26.8839726,80.99759675,26.882878599999998,80.9980271,0,lko,Lucknow,2026-08-31T09:18:01.647576Z
ChIJgZYWMADjmzkRsfFBdpBFDVQ,Nawabi Darbar,places,en,55,26.8839726,80.99759675,26.8850408,80.99701569999999,0,lko,Lucknow,2026-08-31T09:18:01.647578Z
ChIJ6dCekKfimzkRBLGEiWk73ng,The Lazzat Nonveg Corner,places,en,55,26.8839726,80.99759675,26.885080199999997,80.9968028,0,lko,Lucknow,2026-08-31T09:18:01.647580Z
ChIJH9auwKHlDDkR1DxLBkCSI5s,Meaticious,places,en,55,26.8839726,80.99759675,26.885046100000004,80.99670359999999,0,lko,Lucknow,2026-08-31T09:18:01.647582Z
ChIJFy1XPKjimzkRVDW-bTov-60,Rashmi Sweets Shop,places,en,55,26.8839726,80.99759675,26.885075699999998,80.99665809999999,0,lko,Lucknow,2026-08-31T09:18:01.647585Z
ChIJw8dXFb7jmzkRx7dN8YOGqqM,Giani ice cream,places,en,55,26.8839726,80.99759675,26.8853489,80.9979978,0,lko,Lucknow,2026-08-31T09:18:01.647587Z
ChIJ34iyDQDjmzkRo3mw_ylFO7U,Indira Nagar,places,en,55,26.8839726,80.99759675,26.885303999999998,80.9970118,0,lko,Lucknow,2026-08-31T09:18:01.647589Z
ChIJjxOHkYjjmzkR9vvbnemimus,Handi Darbar,places,en,55,26.8839726,80.99759675,26.8850705,80.99657669999999,0,lko,Lucknow,2026-08-31T09:18:01.647591Z
ChIJf_CQOqjimzkRoX1_0YR6p3k,Swad - Dairy | Sweets | Restaurant,places,en,55,26.8839726,80.99759675,26.885011499999997,80.99648169999999,0,lko,Lucknow,2026-08-31T09:18:01.647593Z
ChIJVyykagDjmzkR1vkGPPjH_9w,Al Laziz Biryani Baik (MUNSHIPULIA),places,en,55,26.8839726,80.99759675,26.8845876,80.9961017,0,lko,Lucknow,2026-08-31T09:18:01.647595Z
ChIJUf3_LX_9mzkRu02QWC9cFz4,The Mughlai Taste,places,en,56,26.8797925,80.9754243,26.8805213,80.97530309999999,0,lko,Lucknow,2026-08-31T09:18:02.078177Z
ChIJ-VjnvEr9mzkRpRnRDlBDcWo,Sachin Kumar Yadav Tea Shop,places,en,56,26.8797925,80.9754243,26.878815799999998,80.9738567,0,lko,Lucknow,2026-08-31T09:18:02.078195Z
ChIJH0Yu5mn9mzkRwMxcJ5dg49c,KULLHAD CAFE,places,en,56,26.8797925,80.9754243,26.877871199999998,80.9760447,0,lko,Lucknow,2026-08-31T09:18:02.078200Z
ChIJC8rIV339mzkRDKA-OkBBWmQ,Sautan foods,places,en,56,26.8797925,80.9754243,26.877726600000003,80.97505749999999,0,lko,Lucknow,2026-08-31T09:18:02.078203Z
ChIJsyCduoX9mzkRH89ewGrpU_c,Veg Kabab Paratha Corner,places,en,56,26.8797925,80.9754243,26.878336299999997,80.9735273,0,lko,Lucknow,2026-08-31T09:18:02.078206Z
ChIJ13vNRED9mzkRZFJgacf4ppM,CRUSHBURG,places,en,56,26.8797925,80.9754243,26.8775361,80.9760625,0,lko,Lucknow,2026-08-31T09:18:02.078209Z
ChIJJ_ys8R39mzkRAF4E41kaq-E,बड़े बताशे,places,en,56,26.8797925,80.9754243,26.877437999999998,80.97565329999999,0,lko,Lucknow,2026-08-31T09:18:02.078213Z
ChIJn0Ozqsj9mzkRgkex1yMb2V4,Breakfast Kiya Kya,places,en,56,26.8797925,80.9754243,26.8795862,80.9781661,0,lko,Lucknow,2026-08-31T09:18:02.078215Z
ChIJTfoUdJf9mzkReO8ivosZPTg,FOXX CAFE Rooftop Restro,places,en,56,26.8797925,80.9754243,26.877426699999997,80.97634020000001,0,lko,Lucknow,2026-08-31T09:18:02.078218Z
ChIJ280dA3b9mzkRymlv3mNEm_I,Comforting tastebuds,places,en,56,26.8797925,80.9754243,26.8782414,80.9776854,0,lko,Lucknow,2026-08-31T09:18:02.078221Z
ChIJ8yPA8279mzkRkJ5BhGYdOa4,The Peepal Tree Kitchen,places,en,56,26.8797925,80.9754243,26.8772594,80.9750742,0,lko,Lucknow,2026-08-31T09:18:02.078223Z
ChIJu4mnc1r9mzkRZ1Fk6NleVGw,Agarwal Bhojnalaya,places,en,56,26.8797925,80.9754243,26.8771649,80.97555109999999,0,lko,Lucknow,2026-08-31T09:18:02.078226Z
ChIJe3nSSMH9mzkR03CaDrWQ8sI,MEA Restaurant & Cafe,places,en,57,26.883243,80.9696553,26.8827698,80.9670975,0,lko,Lucknow,2026-08-31T09:18:02.527918Z
ChIJka7MoEv9mzkR0A71b1Xbz8Q,Mehk E Awadh,places,en,57,26.883243,80.9696553,26.882759,80.967089,0,lko,Lucknow,2026-08-31T09:18:02.527946Z
ChIJJQjrKw79mzkRR0zB1Aeo8lo,Kashyap Fast Food,places,en,59,26.8602566,80.9354098,26.859719199999997,80.935018,0,lko,Lucknow,2026-08-31T09:18:03.236315Z
ChIJB5MFFd79mzkRM-hBV0Modjo,DIAZ FRENCH FRIES,places,en,59,26.8602566,80.9354098,26.859550199999997,80.9351652,0,lko,Lucknow,2026-08-31T09:18:03.236334Z
ChIJ9dpwf_z9mzkRiFXGLYcsUxw,Mr.Bajra,places,en,60,26.884400749999998,80.95961565,26.8841397,80.9599847,0,lko,Lucknow,2026-08-31T09:18:03.811944Z
ChIJ-4Xt-cxXmTkR7zcXwUKWe-w,AMAN HOT MOMOS POINT,places,en,60,26.884400749999998,80.95961565,26.8842273,80.960449,0,lko,Lucknow,2026-08-31T09:18:03.811965Z
ChIJYcl7Cd9XmTkRmLVgUpSz-aw,Maa Vaishno Restaurant,places,en,60,26.884400749999998,80.95961565,26.885088999999997,80.9604256,0,lko,Lucknow,2026-08-31T09:18:03.811970Z
ChIJT22HOjxXmTkRd0Dsw0AhLR4,Secunderabad Ki Mashhur Veg Biryani,places,en,60,26.884400749999998,80.95961565,26.884088,80.960736,0,lko,Lucknow,2026-08-31T09:18:03.811973Z
ChIJ3WjtBLZXmTkRWIVBEmVhBmo,Maurya hotel (dhaba),places,en,60,26.884400749999998,80.95961565,26.884298599999997,80.95842239999999,0,lko,Lucknow,2026-08-31T09:18:03.811976Z
ChIJtR1NeoP9mzkRftQ5YvM_eog,Kol Kata Anda Special Rol,places,en,60,26.884400749999998,80.95961565,26.883214799999998,80.9595337,0,lko,Lucknow,2026-08-31T09:18:03.811979Z
ChIJrVD_6Uv9mzkRYZ1NCmHON9c,JZ BAKER AND FOOD BY KABIR EATING POINT,places,en,60,26.884400749999998,80.95961565,26.883573700000003,80.96072339999999,0,lko,Lucknow,2026-08-31T09:18:03.811982Z
ChIJjzF50Z39mzkRW9cduz39tA4,Chaurasiya Tea Point,places,en,60,26.884400749999998,80.95961565,26.881927899999997,80.95880849999999,0,lko,Lucknow,2026-08-31T09:18:03.811985Z
ChIJQzUudwD9mzkRFzHge-8Tif4,Mukund sweets,places,en,61,26.88034455,80.95411,26.880392699999998,80.9557918,0,lko,Lucknow,2026-08-31T09:18:04.222032Z
ChIJhTGSPa_9mzkRQq0KLruZUEA,Rocking Rolls,places,en,61,26.88034455,80.95411,26.880233699999998,80.9560932,0,lko,Lucknow,2026-08-31T09:18:04.222051Z
ChIJhel8Qt79mzkRNGpyY_qFFEY,BMC - Mahanagar,places,en,61,26.88034455,80.95411,26.87833,80.9544184,0,lko,Lucknow,2026-08-31T09:18:04.222056Z
ChIJzRWqD5j9mzkRsY8rS3OdhZ0,Zepo cafe,places,en,61,26.88034455,80.95411,26.8783986,80.95517629999999,0,lko,Lucknow,2026-08-31T09:18:04.222060Z
ChIJJ-Q5b339mzkRTBSN7QZbg7A,Saubhagya Fast Food Joint,places,en,61,26.88034455,80.95411,26.882303699999998,80.95218559999999,0,lko,Lucknow,2026-08-31T09:18:04.222063Z
ChIJYS11GQBXmTkR5YK70iLg2V0,Chop chop street food,places,en,62,26.89108045,80.96519075,26.8909347,80.9661739,0,lko,Lucknow,2026-08-31T09:18:04.632788Z
ChIJyyqHuCdXmTkRZLIGKP5x2Sk,Desi fire non veg hub,places,en,62,26.89108045,80.96519075,26.8920206,80.9659884,0,lko,Lucknow,2026-08-31T09:18:04.632809Z
ChIJ6UiJMeBXmTkR3Wjft6_GWkQ,Small Party Wale,places,en,62,26.89108045,80.96519075,26.8900324,80.9645264,0,lko,Lucknow,2026-08-31T09:18:04.632813Z
ChIJ5TV_J0BXmTkRTT2Y0dlQUwI,Foodcosta Avantika's kitchen,places,en,62,26.89108045,80.96519075,26.889969699999998,80.96446619999999,0,lko,Lucknow,2026-08-31T09:18:04.632816Z
ChIJZwPWjHRXmTkRGaI5ykdXM3c,Jeevika Bakers,places,en,62,26.89108045,80.96519075,26.892347299999997,80.96642849999999,0,lko,Lucknow,2026-08-31T09:18:04.632819Z
ChIJx14opSZXmTkR23XurQ7Mx6M,The Moons' Restaurant,places,en,62,26.89108045,80.96519075,26.8927774,80.9658777,0,lko,Lucknow,2026-08-31T09:18:04.632822Z
ChIJNazdnedXmTkRntkA8I-ARYE,Yash Fast Food Corner,places,en,62,26.89108045,80.96519075,26.8929887,80.9660239,0,lko,Lucknow,2026-08-31T09:18:04.632824Z
ChIJPdhLkVZXmTkRqcT1PKUw8rk,PALATABLE MUGHLAI CUISINE,places,en,62,26.89108045,80.96519075,26.893445999999997,80.96565,0,lko,Lucknow,2026-08-31T09:18:04.632826Z
ChIJn9_GevpXmTkRe76uuO8VUOA,Gupta Pudi Bhandar,places,en,62,26.89108045,80.96519075,26.8898887,80.9627678,0,lko,Lucknow,2026-08-31T09:18:04.632829Z
ChIJFf6l9F5XmTkRUp9arSxxRek,Gharaundaa Kitchen,places,en,62,26.89108045,80.96519075,26.893550299999998,80.96547029999999,0,lko,Lucknow,2026-08-31T09:18:04.632831Z
ChIJaVPUohFXmTkRM7xhUv6eQu8,Alibaba Chinese Foods,places,en,62,26.89108045,80.96519075,26.8886027,80.96430079999999,0,lko,Lucknow,2026-08-31T09:18:04.632833Z
ChIJ9UhD8pRXmTkRARECfnIi3wY,Foodcosta Avantika's kitchen,places,en,62,26.89108045,80.96519075,26.891344699999998,80.9680896,0,lko,Lucknow,2026-08-31T09:18:04.632835Z
ChIJax03BUBXmTkRy3pzNx5ggKs,BMC x Mosasa - Vikas Nagar,places,en,63,26.8943467,80.96132795,26.8947821,80.9623859,0,lko,Lucknow,2026-08-31T09:18:04.975856Z
ChIJ7YUsRLdXmTkR-qqYhcS9NnM,TAHALKA MOMOS AND CHAINESE,places,en,63,26.8943467,80.96132795,26.8942211,80.962794,0,lko,Lucknow,2026-08-31T09:18:04.975872Z
ChIJx0qAXH5XmTkRD99FiMohR0M,Easy Celebrations,places,en,63,26.8943467,80.96132795,26.8943491,80.9630308,0,lko,Lucknow,2026-08-31T09:18:04.975877Z
ChIJA815rWVXmTkRX7dm2Ar9g9w,Prabeen Retail,places,en,63,26.8943467,80.96132795,26.895770000000002,80.9605674,0,lko,Lucknow,2026-08-31T09:18:04.975880Z
ChIJmS00_2dXmTkRjKTl1iS0j5s,SAROJ FOOD CORNER,places,en,63,26.8943467,80.96132795,26.892625199999998,80.9626478,0,lko,Lucknow,2026-08-31T09:18:04.975883Z
ChIJabjkWABXmTkRds3Da4GyGe0,ठा,places,en,63,26.8943467,80.96132795,26.8941773,80.96365019999999,0,lko,Lucknow,2026-08-31T09:18:04.975887Z
ChIJA26v9-ZXmTkRjaaA2LqFugI,The Ayyappan dosa,places,en,63,26.8943467,80.96132795,26.8941773,80.96365019999999,0,lko,Lucknow,2026-08-31T09:18:04.975889Z
ChIJOT0gH-hXmTkR21aAJPa-KnU,Chull pizza cafe,places,en,63,26.8943467,80.96132795,26.8941773,80.96365019999999,0,lko,Lucknow,2026-08-31T09:18:04.975892Z
ChIJP3YF1dZXmTkRQ_pkv5CLsdk,Bhookh for BBQ,places,en,63,26.8943467,80.96132795,26.892503899999998,80.96246339999999,0,lko,Lucknow,2026-08-31T09:18:04.975895Z
ChIJxR-irN1XmTkRwCHkS4NTKbs,Food Garden Restaurant,places,en,63,26.8943467,80.96132795,26.8921435,80.9623976,0,lko,Lucknow,2026-08-31T09:18:04.975897Z
ChIJXR8ndPVXmTkROlVD_jpk1jY,EverPie Pizza,places,en,63,26.8943467,80.96132795,26.896316799999997,80.95976170000002,0,lko,Lucknow,2026-08-31T09:18:04.975900Z
ChIJVRWJOwBXmTkRJTL2U9l2DKo,Ok घर,places,en,63,26.8943467,80.96132795,26.896683,80.960664,0,lko,Lucknow,2026-08-31T09:18:04.975903Z
ChIJNXHnUtxXmTkRnFkLeuEck5g,Pahlwan ki mashahoor Bati Chokha,places,en,63,26.8943467,80.96132795,26.891957100000003,80.96214870000001,0,lko,Lucknow,2026-08-31T09:18:04.975906Z
ChIJ10zrQ69XmTkRKJTgHZ0Lg1E,Burger Point,places,en,63,26.8943467,80.96132795,26.8963708,80.9596195,0,lko,Lucknow,2026-08-31T09:18:04.975908Z
ChIJbQAA_QrimzkR5PeeLUs5F2o,PAIT POOJA,places,en,63,26.8943467,80.96132795,26.897015399999997,80.9610331,0,lko,Lucknow,2026-08-31T09:18:04.975911Z
ChIJTzA9zaxXmTkRcVTJAOhRZ7Q,Riyaz alam Moradabadi biryani,places,en,64,26.88841745,80.96581795,26.8880445,80.9661605,0,lko,Lucknow,2026-08-31T09:18:05.368132Z
ChIJGSf86uBXmTkR3bGa4GL4cXs,Farabi eating point,places,en,64,26.88841745,80.96581795,26.888223,80.9664052,0,lko,Lucknow,2026-08-31T09:18:05.368149Z
ChIJsR29UgBXmTkRKcS_U-xbsck,Al-Baik Nawabi,places,en,64,26.88841745,80.96581795,26.8884652,80.9665892,0,lko,Lucknow,2026-08-31T09:18:05.368154Z
ChIJt0t_kuBXmTkRQTwdextmaFQ,Laxmi sudh shakahari bhojnalaya,places,en,64,26.88841745,80.96581795,26.887561100000003,80.96620060000001,0,lko,Lucknow,2026-08-31T09:18:05.368157Z
ChIJVeDIWrpXmTkR4B0e2dN2vvc,DAWAT TAWAZA,places,en,64,26.88841745,80.96581795,26.888589999999997,80.96721,0,lko,Lucknow,2026-08-31T09:18:05.368160Z
ChIJT0keYQBXmTkR7TqETQl0Qc4,Mr. Vendetta,places,en,64,26.88841745,80.96581795,26.8869483,80.9651851,0,lko,Lucknow,2026-08-31T09:18:05.368163Z
ChIJJcHJUNNXmTkRaLNRUd0T4WU,LAZEEZ BYTE,places,en,64,26.88841745,80.96581795,26.8891222,80.9673758,0,lko,Lucknow,2026-08-31T09:18:05.368167Z
ChIJT4t4CAtXmTkRJvJ7N3olbkE,Kunafa Pasha,places,en,64,26.88841745,80.96581795,26.8891252,80.967381,0,lko,Lucknow,2026-08-31T09:18:05.368169Z
ChIJb5Mj2uBXmTkRD_zshMTA3JU,Akbar hotel,places,en,64,26.88841745,80.96581795,26.8891264,80.96738169999999,0,lko,Lucknow,2026-08-31T09:18:05.368172Z
ChIJGxn_eDVXmTkRjzZW_Thk5bo,THE FIND FOOD CAFE,places,en,64,26.88841745,80.96581795,26.886927399999998,80.9651112,0,lko,Lucknow,2026-08-31T09:18:05.368175Z
ChIJO_wbZwBXmTkRwzKxCvl9IAI,Khurramnagar,places,en,64,26.88841745,80.96581795,26.886839199999997,80.9652007,0,lko,Lucknow,2026-08-31T09:18:05.368177Z
ChIJeweLvhZZmTkRfAqyX0ZTmcY,GIZA Restaurant,places,en,64,26.88841745,80.96581795,26.886944999999997,80.96478359999999,0,lko,Lucknow,2026-08-31T09:18:05.368180Z
ChIJ79apKohXmTkRLynIgNGr5kc,Naima Kitchen,places,en,64,26.88841745,80.96581795,26.886974,80.96468109999999,0,lko,Lucknow,2026-08-31T09:18:05.368182Z
ChIJlYD7D0hXmTkR0cseYjAs3EI,Adbe Zayaka,places,en,64,26.88841745,80.96581795,26.8869483,80.9647133,0,lko,Lucknow,2026-08-31T09:18:05.368185Z
ChIJ4ZiLsRtXmTkRQQIWPFJVBRY,GLOBE 360 CAFE,places,en,64,26.88841745,80.96581795,26.8893082,80.96757869999999,0,lko,Lucknow,2026-08-31T09:18:05.368188Z
ChIJR9rxfwBXmTkR4xEIEyAHsik,Lebanese Buff Shawarma,places,en,64,26.88841745,80.96581795,26.889346,80.9677056,0,lko,Lucknow,2026-08-31T09:18:05.368190Z
ChIJG1Q2OkxXmTkRg9FaIkH5iSE,Turkish Delight Restaurant,places,en,64,26.88841745,80.96581795,26.8867664,80.9645831,0,lko,Lucknow,2026-08-31T09:18:05.368193Z
ChIJ0VZ3X7RXmTkRTVjq46mu2Eo,WOW! BAATI,places,en,65,26.89610495,80.96812405,26.896022,80.96816989999999,0,lko,Lucknow,2026-08-31T09:18:05.816209Z
ChIJ4dFFkl1XmTkREMZ_MmN9uDY,Madhu Gupta,places,en,65,26.89610495,80.96812405,26.896481299999998,80.9678869,0,lko,Lucknow,2026-08-31T09:18:05.816225Z
ChIJh-BFiMZXmTkRLu8ECLTNaDU,Dreamy Delicacies,places,en,65,26.89610495,80.96812405,26.895790899999998,80.9674823,0,lko,Lucknow,2026-08-31T09:18:05.816230Z
ChIJIVMvLQBXmTkRg7aUchpCc3w,Ridox Cafe,places,en,65,26.89610495,80.96812405,26.896952,80.9688115,0,lko,Lucknow,2026-08-31T09:18:05.816234Z
ChIJC8hN4OBXmTkRCUvjsgx7Q3k,(MTS) Mamta Tiffin Service,places,en,65,26.89610495,80.96812405,26.897208,80.9682225,0,lko,Lucknow,2026-08-31T09:18:05.816238Z
ChIJHSZpQj5XmTkRjzgHlEAcHsc,Brothers Restaurant,places,en,65,26.89610495,80.96812405,26.8956238,80.9701729,0,lko,Lucknow,2026-08-31T09:18:05.816242Z
ChIJ6RuaUzJXmTkRDUTfzECj7i4,Star Rooms Hotel & Banquet,places,en,65,26.89610495,80.96812405,26.895007099999997,80.969855,0,lko,Lucknow,2026-08-31T09:18:05.816245Z
ChIJw_r3-ehXmTkREPL9LGUANAQ,Anshu Cafe and Fast Food Corner,places,en,65,26.89610495,80.96812405,26.898076,80.968109,0,lko,Lucknow,2026-08-31T09:18:05.816248Z
ChIJR9YDmYhXmTkRvV09DER1cpQ,Italian Noodles,places,en,65,26.89610495,80.96812405,26.8981864,80.9672215,0,lko,Lucknow,2026-08-31T09:18:05.816252Z
ChIJbeQ3iu1XmTkRfJXUk7CZAn0,The Vault Disc & Lounge Lucknow,places,en,65,26.89610495,80.96812405,26.898213499999997,80.9670204,0,lko,Lucknow,2026-08-31T09:18:05.816256Z
ChIJKYpfnRBXmTkRNHffZ_Om_cA,Subham Tea Stall,places,en,65,26.89610495,80.96812405,26.8982885,80.9671156,0,lko,Lucknow,2026-08-31T09:18:05.816259Z
ChIJJwKSsKxXmTkRJN61tfbIVs0,Terrace,places,en,65,26.89610495,80.96812405,26.8982593,80.96700229999999,0,lko,Lucknow,2026-08-31T09:18:05.816262Z
ChIJD8mYn25XmTkRBiWqz1jgvlE,Vijay Paradise,places,en,65,26.89610495,80.96812405,26.898267999999998,80.9670162,0,lko,Lucknow,2026-08-31T09:18:05.816265Z
ChIJ_RgsK3lXmTkRg4Gwv1ubxik,Sweet Station,places,en,65,26.89610495,80.96812405,26.8985278,80.96842509999999,0,lko,Lucknow,2026-08-31T09:18:05.816268Z
ChIJSRv-ZABXmTkRzcoq0cG0GxY,Mannat Fast Food,places,en,65,26.89610495,80.96812405,26.8986566,80.96867040000001,0,lko,Lucknow,2026-08-31T09:18:05.816271Z
ChIJMwgVRFZXmTkRfXIAxVSY2vw,Awadh junction,places,en,65,26.89610495,80.96812405,26.8987074,80.9683919,0,lko,Lucknow,2026-08-31T09:18:05.816274Z
ChIJge2AGABXmTkRJAJtImIaNLo,LPf academy,places,en,65,26.89610495,80.96812405,26.897076,80.9708714,0,lko,Lucknow,2026-08-31T09:18:05.816277Z
ChIJq059TZxXmTkRcnmxlspQwT8,Deshi chulha ( The Real Taste Of champarn,places,en,65,26.89610495,80.96812405,26.898657999999998,80.967291,0,lko,Lucknow,2026-08-31T09:18:05.816280Z
ChIJUXfqZlRXmTkRJSHgzoY_YH4,Mannat fast food,places,en,65,26.89610495,80.96812405,26.898714500000004,80.9687448,0,lko,Lucknow,2026-08-31T09:18:05.816284Z
ChIJFQAAUMRXmTkR7FJF_O3_Y50,Rohit Caffe,places,en,66,26.9001143,80.96102125,26.899998099999998,80.9599163,0,lko,Lucknow,2026-08-31T09:18:06.199189Z
ChIJVVNiKQVXmTkRkAksiEClMSo,SPICY MEALS,places,en,66,26.9001143,80.96102125,26.899934599999998,80.95982649999999,0,lko,Lucknow,2026-08-31T09:18:06.199218Z
ChIJW-tlIwBXmTkRUAMvDqk4cyw,STAR FUTURE JUICE AND SAKE,places,en,66,26.9001143,80.96102125,26.898996600000004,80.95944349999999,0,lko,Lucknow,2026-08-31T09:18:06.199223Z
ChIJ_wqS9MNXmTkRAdYlVAsRDr0,Spicy Bite,places,en,66,26.9001143,80.96102125,26.898940099999997,80.9591736,0,lko,Lucknow,2026-08-31T09:18:06.199227Z
ChIJnXOnSQBXmTkR4dwTJ7UPLvk,Sector 3 Vikas Nagar Lucknow category,places,en,66,26.9001143,80.96102125,26.8986678,80.95931879999999,0,lko,Lucknow,2026-08-31T09:18:06.199233Z
ChIJR1ZVdo1XmTkRLOPvSko6iJE,Get Your Burger,places,en,66,26.9001143,80.96102125,26.9008257,80.9587449,0,lko,Lucknow,2026-08-31T09:18:06.199238Z
ChIJOWLMBaJXmTkRmYpey-l-5qs,Shawarma Hut,places,en,66,26.9001143,80.96102125,26.898363699999997,80.9595764,0,lko,Lucknow,2026-08-31T09:18:06.199241Z
ChIJv9O9fMRXmTkRyaDmJ6w7ml4,Chop Chop Street Food Ka Baap,places,en,66,26.9001143,80.96102125,26.898486799999997,80.9588655,0,lko,Lucknow,2026-08-31T09:18:06.199245Z
ChIJ32FOu3xXmTkR6SdctbPbjBw,Food Heaven,places,en,67,26.8871458,80.96578985,26.885154699999998,80.9666542,0,lko,Lucknow,2026-08-31T09:18:06.561988Z
ChIJsxc1lpfimzkR8fpajEmNddw,The Kitchenette Restaurant by Hotel Solitaire,places,en,67,26.8871458,80.96578985,26.8858736,80.963858,0,lko,Lucknow,2026-08-31T09:18:06.562004Z
ChIJvUB_9rhXmTkRx2cwQ5e56VY,Wish Your Dish Multi Cuisine Restaurant,places,en,67,26.8871458,80.96578985,26.8859449,80.9633103,0,lko,Lucknow,2026-08-31T09:18:06.562010Z
ChIJT7_hYnNXmTkR9NQVxUeYp28,Fusion Foods Amausi,places,en,67,26.8871458,80.96578985,26.886722499999998,80.9687414,0,lko,Lucknow,2026-08-31T09:18:06.562013Z
ChIJOUMeiu1XmTkR6pnALKkPi5c,Royal Rasoi,places,en,68,26.88700425,80.97034645,26.8888428,80.971767,0,lko,Lucknow,2026-08-31T09:18:06.924918Z
ChIJz1CoSQBXmTkRWVHx6EW2Cb4,Steam Bell momos,places,en,69,26.89546815,80.95139435,26.895536,80.951476,0,lko,Lucknow,2026-08-31T09:18:07.352932Z
ChIJ-64ovKhXmTkRAODqcI2z6cM,Spicy Kitchen,places,en,69,26.89546815,80.95139435,26.895536,80.951476,0,lko,Lucknow,2026-08-31T09:18:07.352954Z
ChIJlz7hugxXmTkRdkVWf_VB0G0,Momos Shop,places,en,69,26.89546815,80.95139435,26.895424000000002,80.95159269999999,0,lko,Lucknow,2026-08-31T09:18:07.352959Z
ChIJFb40zM9XmTkRuN_Jj2UR4P4,Gupta Hotel,places,en,69,26.89546815,80.95139435,26.8956345,80.9515256,0,lko,Lucknow,2026-08-31T09:18:07.352963Z
ChIJj30wFPdXmTkRJhKu6agtNPs,BAWAAL FAST FOOD,places,en,69,26.89546815,80.95139435,26.8957414,80.9511981,0,lko,Lucknow,2026-08-31T09:18:07.352966Z
ChIJoeThHQBXmTkRsL5Bi9Gwkgs,Good time cafe,places,en,69,26.89546815,80.95139435,26.8957841,80.9512306,0,lko,Lucknow,2026-08-31T09:18:07.352970Z
ChIJN40DTwBXmTkRfSoK57nHQYA,Chaska Chinese Corner,places,en,69,26.89546815,80.95139435,26.8957813,80.9512192,0,lko,Lucknow,2026-08-31T09:18:07.352974Z
ChIJ7RXPRQBXmTkRysf9H2ZbkP0,LAARYA BAATI CHOKHA,places,en,69,26.89546815,80.95139435,26.8958244,80.9512789,0,lko,Lucknow,2026-08-31T09:18:07.352977Z
ChIJoVNMtC9XmTkReifHTbrs0hc,Night Craving's,places,en,69,26.89546815,80.95139435,26.8952244,80.9519145,0,lko,Lucknow,2026-08-31T09:18:07.352981Z
ChIJQfy4e2xXmTkRj5oSelg0KX4,AS food (Chinese),places,en,69,26.89546815,80.95139435,26.8961558,80.9507586,0,lko,Lucknow,2026-08-31T09:18:07.352984Z
ChIJc6GXIwBXmTkRu2G2R0WGz6k,My kitchen tiffin services,places,en,69,26.89546815,80.95139435,26.8950814,80.9522626,0,lko,Lucknow,2026-08-31T09:18:07.352988Z
ChIJg8fwz69XmTkRHbZzQDChwhw,Movers and Shakers,places,en,69,26.89546815,80.95139435,26.894960599999997,80.9521944,0,lko,Lucknow,2026-08-31T09:18:07.352992Z
ChIJBTzDiFRXmTkR_pYyzPX7RGE,Mother's kitchen,places,en,69,26.89546815,80.95139435,26.8962096,80.9505298,0,lko,Lucknow,2026-08-31T09:18:07.352995Z
ChIJT0VyVABXmTkRP-zTTZwIkQE,HUNGRY PIZZA POINT,places,en,69,26.89546815,80.95139435,26.8962297,80.9505217,0,lko,Lucknow,2026-08-31T09:18:07.352999Z
ChIJcfmGewBXmTkRroWkfBE5Jfk,Hungry kitchen.,places,en,69,26.89546815,80.95139435,26.8962297,80.9505217,0,lko,Lucknow,2026-08-31T09:18:07.353002Z
ChIJ1TcQVANXmTkRsB7x5S5yjFU,Shree Shyam Tiffin Service,places,en,69,26.89546815,80.95139435,26.896049299999998,80.9489565,0,lko,Lucknow,2026-08-31T09:18:07.353006Z
ChIJvz8abxhXmTkRbpOa8AaYDXs,Pizza Foundry,places,en,69,26.89546815,80.95139435,26.8976793,80.9523778,0,lko,Lucknow,2026-08-31T09:18:07.353009Z
ChIJvXUQV81XmTkRCJrGzr06nss,Siddhi Vinayak Food Point,places,en,69,26.89546815,80.95139435,26.8942889,80.9538233,0,lko,Lucknow,2026-08-31T09:18:07.353012Z
ChIJ6eCCGgBXmTkR5-xbv-Ad4Ys,Regional Science City Cafeteria,places,en,70,26.8888924,80.94370845,26.8893719,80.9426264,0,lko,Lucknow,2026-08-31T09:18:07.770836Z
ChIJ33ggStNXmTkRdhPpup8YP3M,Boons Restaurant,places,en,70,26.8888924,80.94370845,26.8889493,80.9454044,0,lko,Lucknow,2026-08-31T09:18:07.770862Z
ChIJQ0xFmKVXmTkR6MjZMnaN544,Mr Sandwich,places,en,70,26.8888924,80.94370845,26.8876526,80.9421857,0,lko,Lucknow,2026-08-31T09:18:07.770868Z
ChIJ8Q2U4VJXmTkRCSOXvfmIibI,Pangro's,places,en,70,26.8888924,80.94370845,26.8893551,80.94585459999999,0,lko,Lucknow,2026-08-31T09:18:07.770873Z
ChIJCw8KwIZXmTkR3FFFDupJRDw,Chai Bliss,places,en,70,26.8888924,80.94370845,26.8892562,80.94604199999999,0,lko,Lucknow,2026-08-31T09:18:07.770877Z
ChIJq5IltLBXmTkRdUZNgYq7qHI,The Healthy Stop,places,en,70,26.8888924,80.94370845,26.889376,80.9461015,0,lko,Lucknow,2026-08-31T09:18:07.770881Z
ChIJdfv47MtXmTkRcHOSCDOaH_o,Vishal Biriyani Hub,places,en,70,26.8888924,80.94370845,26.887386300000003,80.9415942,0,lko,Lucknow,2026-08-31T09:18:07.770885Z
ChIJt5MngvNXmTkRIaKwnMcCjik,Roof top kitchen,places,en,70,26.8888924,80.94370845,26.887792299999997,80.9461127,0,lko,Lucknow,2026-08-31T09:18:07.770889Z
ChIJIWAF2WhXmTkROTXIGn2gXb0,Home Fit Food,places,en,70,26.8888924,80.94370845,26.887741,80.94609820000001,0,lko,Lucknow,2026-08-31T09:18:07.770892Z
ChIJMWKV-zJXmTkRCAF9W7GiNN8,Steamy Affairs,places,en,70,26.8888924,80.94370845,26.8912549,80.94460629999999,0,lko,Lucknow,2026-08-31T09:18:07.770896Z
ChIJFWvYTABXmTkRWoJA0erVK9w,Spoingus,places,en,70,26.8888924,80.94370845,26.8863885,80.9438414,0,lko,Lucknow,2026-08-31T09:18:07.770911Z
ChIJjb1eljVWmTkR3rG7_C3TEdA,शादाब स्टील,places,en,71,26.90381645,80.94013905,26.904333599999998,80.9391921,0,lko,Lucknow,2026-08-31T09:18:08.136228Z
ChIJrRTcRFdXmTkRn1MLhOMOMeQ,pizza point,places,en,71,26.90381645,80.94013905,26.9033907,80.9391177,0,lko,Lucknow,2026-08-31T09:18:08.136325Z
ChIJvULdnxpXmTkRawjZC40ou0Q,TADIKHANA,places,en,71,26.90381645,80.94013905,26.9037398,80.9390038,0,lko,Lucknow,2026-08-31T09:18:08.136339Z
ChIJ057rljVWmTkRU1LWnf04JaE,शिव वस्त्र भण्डार,places,en,71,26.90381645,80.94013905,26.9044527,80.9391886,0,lko,Lucknow,2026-08-31T09:18:08.136345Z
ChIJQ9JvOtxXmTkRWoJZk7xT6GU,Awadh Vatika,places,en,71,26.90381645,80.94013905,26.9047408,80.93916140000002,0,lko,Lucknow,2026-08-31T09:18:08.136350Z
ChIJBa7sv8FXmTkRiSX-uktt534,Naan Churians,places,en,71,26.90381645,80.94013905,26.9033584,80.9383624,0,lko,Lucknow,2026-08-31T09:18:08.136354Z
ChIJSylvEDNXmTkRUq2qdVYjhE4,Shahjada,places,en,71,26.90381645,80.94013905,26.902120399999998,80.9399194,0,lko,Lucknow,2026-08-31T09:18:08.136358Z
ChIJ0w8liTVWmTkRHNFT3Sek2Q8,लाला कचौड़ी भण्डार,places,en,71,26.90381645,80.94013905,26.9053476,80.93922789999999,0,lko,Lucknow,2026-08-31T09:18:08.136361Z
ChIJ9yEgmm9XmTkRqZ3sbnONhp4,Neta Coffee &Tea Point,places,en,71,26.90381645,80.94013905,26.9052901,80.93908859999999,0,lko,Lucknow,2026-08-31T09:18:08.136365Z
ChIJs4ONdkpWmTkRnzz2bcqgHgE,Ayodhya Fast Food,places,en,71,26.90381645,80.94013905,26.905062500000003,80.9386875,0,lko,Lucknow,2026-08-31T09:18:08.136369Z
ChIJAaaC_CdWmTkRpBy1HvsH3Zk,WE_ EATERS CAFE,places,en,71,26.90381645,80.94013905,26.9054787,80.9414968,0,lko,Lucknow,2026-08-31T09:18:08.136373Z
ChIJI6TnRgBXmTkRMK7MP1kxs28,MOHAN BHOG SWEETS AND BAKERS,places,en,71,26.90381645,80.94013905,26.904553999999997,80.93789559999999,0,lko,Lucknow,2026-08-31T09:18:08.136377Z
ChIJtfzYfwBXmTkRqj25uSs7WVU,GAURI GOPAL RESTAURANT,places,en,71,26.90381645,80.94013905,26.9018533,80.9390829,0,lko,Lucknow,2026-08-31T09:18:08.136381Z
ChIJJ32JRjRWmTkRJNCEP36tk-M,Awadh Biryani House,places,en,71,26.90381645,80.94013905,26.9018065,80.9390736,0,lko,Lucknow,2026-08-31T09:18:08.136385Z
ChIJV9CETS1WmTkR4gJkpHEZ6TE,Chahat Biryani,places,en,71,26.90381645,80.94013905,26.9017521,80.93913770000002,0,lko,Lucknow,2026-08-31T09:18:08.136389Z
ChIJZ15sBgBXmTkR6UDHdo0rQPk,आलम मुरादाबादी बिरयानी चिकन कॉर्नर 🍲🍗🍲,places,en,71,26.90381645,80.94013905,26.901768999999998,80.939055,0,lko,Lucknow,2026-08-31T09:18:08.136393Z
ChIJ9Wf4VjRWmTkRB5nP8XfkSTU,RAINBOW GOLD INN,places,en,71,26.90381645,80.94013905,26.901689299999997,80.93916399999999,0,lko,Lucknow,2026-08-31T09:18:08.136397Z
ChIJH0nNHHdXmTkRDRcLM1aQ5HM,Burger Wala,places,en,71,26.90381645,80.94013905,26.905539200000003,80.9383974,0,lko,Lucknow,2026-08-31T09:18:08.136401Z
ChIJL0VwF5hXmTkRlmjKV4H8b5A,Sanjay Momos,places,en,71,26.90381645,80.94013905,26.9059061,80.93890789999999,0,lko,Lucknow,2026-08-31T09:18:08.136405Z
ChIJdyV4K6dXmTkRjeWBGHLL2qI,Shri Surendra Family restaurant,places,en,71,26.90381645,80.94013905,26.901657699999998,80.939067,0,lko,Lucknow,2026-08-31T09:18:08.136414Z
ChIJr7UWqE5XmTkRaqEDHeX6WLw,Kesh Kumar,places,en,72,26.90609235,80.9453044,26.9054655,80.94596849999999,0,lko,Lucknow,2026-08-31T09:18:08.481099Z
ChIJt2GF8cZXmTkRleytX_zMf_M,The Mithai Co.,places,en,72,26.90609235,80.9453044,26.906744,80.944484,0,lko,Lucknow,2026-08-31T09:18:08.481124Z
ChIJbye1oAlXmTkRBoD8x1l_nT0,Nothing Before Coffee - Engineering College,places,en,72,26.90609235,80.9453044,26.905063000000002,80.944768,0,lko,Lucknow,2026-08-31T09:18:08.481130Z
ChIJqWfr1MpXmTkR1grgvPxzSdI,Ojha Hotel,places,en,72,26.90609235,80.9453044,26.90495,80.9444728,0,lko,Lucknow,2026-08-31T09:18:08.481134Z
ChIJUQD0h95XmTkRcGdNj3A94dY,SAGAR MAURIYA,places,en,72,26.90609235,80.9453044,26.9053768,80.9439407,0,lko,Lucknow,2026-08-31T09:18:08.481139Z
ChIJm2mOqihXmTkREJmJNBwVVwE,Agarwal Fastfood,places,en,72,26.90609235,80.9453044,26.9048687,80.94448919999999,0,lko,Lucknow,2026-08-31T09:18:08.481143Z
ChIJ377RIiRXmTkRjnotMxDoNyY,Oven Fire live Pizza,places,en,72,26.90609235,80.9453044,26.9050075,80.9442431,0,lko,Lucknow,2026-08-31T09:18:08.481147Z
ChIJS9TvLJ5XmTkR0xu3ZLj7GWM,Street Mazza,places,en,72,26.90609235,80.9453044,26.9051236,80.9440228,0,lko,Lucknow,2026-08-31T09:18:08.481150Z
ChIJ5xYv-iJXmTkRf10R1RmloBA,Mr Kulcha Aliganj,places,en,72,26.90609235,80.9453044,26.905085200000002,80.944026,0,lko,Lucknow,2026-08-31T09:18:08.481154Z
ChIJ57__YZRXmTkRRY15yUQFPtM,Our Tea point,places,en,72,26.90609235,80.9453044,26.9050962,80.9439795,0,lko,Lucknow,2026-08-31T09:18:08.481157Z
ChIJicXS6spXmTkRvrulcRO73-I,"Swad House, Aliganj",places,en,72,26.90609235,80.9453044,26.9044951,80.94439659999999,0,lko,Lucknow,2026-08-31T09:18:08.481161Z
ChIJTeSa4mFXmTkRR_XUKyO2tBI,Spades Food Corner,places,en,72,26.90609235,80.9453044,26.907218,80.9437006,0,lko,Lucknow,2026-08-31T09:18:08.481164Z
ChIJdSA5WMVXmTkRxz7FF1GbzQk,Chaap n Paratha,places,en,72,26.90609235,80.9453044,26.905074799999998,80.94350279999999,0,lko,Lucknow,2026-08-31T09:18:08.481168Z
ChIJC8HiTL5XmTkRgotQ2uKcb3w,Welcome Tea Stall,places,en,72,26.90609235,80.9453044,26.9080613,80.94485159999999,0,lko,Lucknow,2026-08-31T09:18:08.481171Z
ChIJh1zaUuZXmTkR35kLVdEJf1Y,The Chef's Pizza,places,en,72,26.90609235,80.9453044,26.9055933,80.9428659,0,lko,Lucknow,2026-08-31T09:18:08.481175Z
ChIJNfU7FJ1XmTkRtDMFD9sG358,Wat-a-Burger,places,en,72,26.90609235,80.9453044,26.907617799999997,80.94710099999999,0,lko,Lucknow,2026-08-31T09:18:08.481178Z
ChIJn5zIHgBXmTkRJBECyOloTKw,Mahadev Hotel Chauraha,places,en,72,26.90609235,80.9453044,26.9082568,80.9445626,0,lko,Lucknow,2026-08-31T09:18:08.481182Z
ChIJNy7qIWFXmTkRWItiWDqQ-Q0,Dewans Sweet,places,en,72,26.90609235,80.9453044,26.9071826,80.9429806,0,lko,Lucknow,2026-08-31T09:18:08.481186Z
ChIJ47qrRl1XmTkRrcm1S8MgYQQ,Akshu Food Cart,places,en,72,26.90609235,80.9453044,26.9082987,80.9461105,0,lko,Lucknow,2026-08-31T09:18:08.481189Z
ChIJ6X3jKXlXmTkRN5U9qnC8dOo,"McDonald's - Lucknow Engineering College, Lucknow",places,en,72,26.90609235,80.9453044,26.908435299999997,80.9449315,0,lko,Lucknow,2026-08-31T09:18:08.481193Z
ChIJJ2qZvD9XmTkRZDB73-pTb6w,Love Bite Cafe,places,en,73,26.9142808,80.95781975,26.914545399999998,80.9577848,0,lko,Lucknow,2026-08-31T09:18:08.913913Z
ChIJhYJNJgBXmTkRePnGtEvjoiE,Bhitauli,places,en,73,26.9142808,80.95781975,26.915004999999997,80.95711349999999,0,lko,Lucknow,2026-08-31T09:18:08.913933Z
ChIJ_xabOBhXmTkRUOlibQ6pbo4,SONI CLOUD KITCHEN SERVICES,places,en,73,26.9142808,80.95781975,26.9160469,80.9577278,0,lko,Lucknow,2026-08-31T09:18:08.913938Z
ChIJBy1tBrxXmTkRJEE1J009dRY,Yadav Dhaba,places,en,73,26.9142808,80.95781975,26.913663099999997,80.95976329999999,0,lko,Lucknow,2026-08-31T09:18:08.913942Z
ChIJbYs0iSVXmTkRSSFkc2_zoeU,Foodies Planet,places,en,73,26.9142808,80.95781975,26.9133955,80.9599642,0,lko,Lucknow,2026-08-31T09:18:08.913946Z
ChIJUZqYyilXmTkRjATMuw7o7BU,Guru Kripa Food Plaza,places,en,73,26.9142808,80.95781975,26.9134145,80.9555027,0,lko,Lucknow,2026-08-31T09:18:08.913950Z
ChIJCa5Fmo5XmTkRF-OqEOd5WeU,Yadav Anda Roll,places,en,73,26.9142808,80.95781975,26.913985999999998,80.9604004,0,lko,Lucknow,2026-08-31T09:18:08.913953Z
ChIJMXz8DfFXmTkR3DpcAY0fs9Y,MAMTA KITCHEN,places,en,73,26.9142808,80.95781975,26.9139822,80.9604409,0,lko,Lucknow,2026-08-31T09:18:08.913957Z
ChIJy_N4qb5XmTkRK8FahkydJzY,"ROTI WALA ""THE NEELKANTH FOODS""",places,en,73,26.9142808,80.95781975,26.912673599999998,80.9598332,0,lko,Lucknow,2026-08-31T09:18:08.913961Z
ChIJh5cmMQBXmTkR3krKfvqGI_Q,One Bite Adil Nagar,places,en,73,26.9142808,80.95781975,26.912015399999998,80.9593618,0,lko,Lucknow,2026-08-31T09:18:08.913964Z
ChIJb5nOgfVXmTkRLoH4E6hhqpQ,VISTAAr,places,en,74,26.886050949999998,80.93054425,26.8853686,80.9310528,0,lko,Lucknow,2026-08-31T09:18:09.344370Z
ChIJ_6MyyvxXmTkR0rasNbDNsoU,Gupta Burgers,places,en,74,26.886050949999998,80.93054425,26.886190799999998,80.93208159999999,0,lko,Lucknow,2026-08-31T09:18:09.344396Z
ChIJx9aPOgBXmTkRShp7tm7xpCs,Fresh Momos,places,en,74,26.886050949999998,80.93054425,26.8862207,80.9321665,0,lko,Lucknow,2026-08-31T09:18:09.344402Z
ChIJZUX5dgBXmTkRDlI_JGJzzmw,Kashyap's chat corner,places,en,74,26.886050949999998,80.93054425,26.886188699999998,80.9322292,0,lko,Lucknow,2026-08-31T09:18:09.344406Z
ChIJ5ZfKIQRXmTkRdSA2pIAOhVM,CHATKARA CHAT CORNER,places,en,74,26.886050949999998,80.93054425,26.888057999999997,80.9302168,0,lko,Lucknow,2026-08-31T09:18:09.344410Z
ChIJG1ipcwBXmTkRPRabLbNfooM,Sushil Yadav,places,en,74,26.886050949999998,80.93054425,26.8872425,80.9286851,0,lko,Lucknow,2026-08-31T09:18:09.344414Z
ChIJp4d9N-tXmTkRFrkiQAHKsbg,Vinita Agrawal,places,en,74,26.886050949999998,80.93054425,26.8856766,80.9328232,0,lko,Lucknow,2026-08-31T09:18:09.344417Z
ChIJRftvlChWmTkRbJSyfpVyHG0,Shifa Juice Corner,places,en,74,26.886050949999998,80.93054425,26.885930499999997,80.9328625,0,lko,Lucknow,2026-08-31T09:18:09.344421Z
ChIJGyyCfShWmTkR970NZJDHWY8,Siya's Kitchen,places,en,74,26.886050949999998,80.93054425,26.885089699999998,80.9325984,0,lko,Lucknow,2026-08-31T09:18:09.344424Z
ChIJa_zyN9NXmTkRTcl0_g_HxmM,Sahu Kachori Bhandar,places,en,74,26.886050949999998,80.93054425,26.886408199999998,80.93303390000001,0,lko,Lucknow,2026-08-31T09:18:09.344428Z
ChIJOe9Yu8pXmTkRCjBSLOQevfA,Purab Pashchim Restaurant (PPR),places,en,74,26.886050949999998,80.93054425,26.8845724,80.9328671,0,lko,Lucknow,2026-08-31T09:18:09.344431Z
ChIJXWT_BidXmTkR30mtMZX6yRM,Lalit Tea Stall,places,en,74,26.886050949999998,80.93054425,26.884250299999998,80.9326777,0,lko,Lucknow,2026-08-31T09:18:09.344435Z
ChIJg9vngeVXmTkRZ0Md9G6jTSc,New Punjabi Taste,places,en,74,26.886050949999998,80.93054425,26.886983599999997,80.9333326,0,lko,Lucknow,2026-08-31T09:18:09.344438Z
ChIJBVko8979mzkRepDzPq3yh80,Agarwal annpurna bhojanalay,places,en,75,26.88042555,80.92663485,26.8813805,80.9279454,0,lko,Lucknow,2026-08-31T09:18:09.746503Z
ChIJGwVgUydWmTkRfWun7k6YNQo,Tirupati Balaji Fast Food,places,en,75,26.88042555,80.92663485,26.881951,80.9265114,0,lko,Lucknow,2026-08-31T09:18:09.746530Z
ChIJCaRmIhdXmTkRKbLYW-u8aF4,"Masha's cafe & restaurant, Lucknow",places,en,75,26.88042555,80.92663485,26.88204,80.9268472,0,lko,Lucknow,2026-08-31T09:18:09.746536Z
ChIJR9kt4ef9mzkRse6Nmlntue8,NK TEA& COFFEE POINT,places,en,75,26.88042555,80.92663485,26.878876299999998,80.9273425,0,lko,Lucknow,2026-08-31T09:18:09.746541Z
ChIJDU0gYSRWmTkRNUpaCJwSJxU,Shri Balaji Chat And Cool Corner,places,en,75,26.88042555,80.92663485,26.881828499999997,80.9254145,0,lko,Lucknow,2026-08-31T09:18:09.746546Z
ChIJD_aRmTr9mzkReBU32eryYbY,Al-Rayyan Chicken Broast,places,en,75,26.88042555,80.92663485,26.879244399999997,80.925049,0,lko,Lucknow,2026-08-31T09:18:09.746550Z
ChIJGT_uAwD9mzkR0JmYBg4bty8,LUCKNOWİ DARBAR,places,en,75,26.88042555,80.92663485,26.8784958,80.92647219999999,0,lko,Lucknow,2026-08-31T09:18:09.746554Z
ChIJC2oOKABXmTkRgafB6sfn_kA,Annapurna Rasoi,places,en,75,26.88042555,80.92663485,26.882539899999998,80.92700789999999,0,lko,Lucknow,2026-08-31T09:18:09.746559Z
ChIJF1QlPgBXmTkRKK0RB2UbpJA,श्री बालाजी टिफिनसर्विस,places,en,75,26.88042555,80.92663485,26.8825686,80.9267625,0,lko,Lucknow,2026-08-31T09:18:09.746563Z
ChIJWaSP1Yz9mzkRqtCCeGkoHw0,The Garam Chulha,places,en,75,26.88042555,80.92663485,26.8808725,80.9293936,0,lko,Lucknow,2026-08-31T09:18:09.746567Z
ChIJQetfs0ZXmTkR1RekfpAL2ZA,DHOOWA CAFE,places,en,76,26.894473150000003,80.92529555,26.8942305,80.9252666,0,lko,Lucknow,2026-08-31T09:18:10.106823Z
ChIJ602SIKJXmTkRmQ-cS9E1RpY,Anugrah Banquet and Restaurant,places,en,76,26.894473150000003,80.92529555,26.8940229,80.92513129999999,0,lko,Lucknow,2026-08-31T09:18:10.106846Z
ChIJr4oFM8xXmTkRDLP7EN1fzKQ,Mayank sweets,places,en,76,26.894473150000003,80.92529555,26.8955341,80.92547189999999,0,lko,Lucknow,2026-08-31T09:18:10.106852Z
ChIJ0Y_geMRXmTkRF4JsqU0zy_s,PT. FAST FOOD CORNER,places,en,76,26.894473150000003,80.92529555,26.8932769,80.926013,0,lko,Lucknow,2026-08-31T09:18:10.106857Z
ChIJszhNMxZXmTkRcGmuH5eGEpU,Tirupati South Indian Restro,places,en,76,26.894473150000003,80.92529555,26.8935143,80.9265259,0,lko,Lucknow,2026-08-31T09:18:10.106861Z
ChIJk06VKJlXmTkR-0cPxBgi9xE,Food and Mood,places,en,76,26.894473150000003,80.92529555,26.8957747,80.9240152,0,lko,Lucknow,2026-08-31T09:18:10.106866Z
ChIJMVd4wTNXmTkRIvwQ10iQY3s,Lucknowi Dabba meal services,places,en,76,26.894473150000003,80.92529555,26.894166400000003,80.9273407,0,lko,Lucknow,2026-08-31T09:18:10.106870Z
ChIJKyDPFSVXmTkRrSDNubSTUqA,Mukesh Mani Puri,places,en,76,26.894473150000003,80.92529555,26.8925283,80.92363050000002,0,lko,Lucknow,2026-08-31T09:18:10.106874Z
ChIJf2kv5rZXmTkRye9cog5s6uQ,Kanha Vatika Fast Food Point,places,en,76,26.894473150000003,80.92529555,26.896879,80.9262857,0,lko,Lucknow,2026-08-31T09:18:10.106878Z
ChIJf65snENXmTkR_kXDn4IZ7EQ,Maa annpurna tiffin service,places,en,76,26.894473150000003,80.92529555,26.896155699999998,80.9229233,0,lko,Lucknow,2026-08-31T09:18:10.106882Z
ChIJyRwIfgZXmTkRxqDeHg6pITI,Awadh Thali & Combo Junction,places,en,77,26.880886750000002,80.9272969,26.883218499999998,80.9265887,0,lko,Lucknow,2026-08-31T09:18:10.537333Z
ChIJQf2bcwBXmTkRD1w05h8gjMc,Sir Vaishno Rasoi,places,en,77,26.880886750000002,80.9272969,26.8823132,80.929611,0,lko,Lucknow,2026-08-31T09:18:10.537360Z
ChIJY8k4GlBXmTkRoGdyGDFuNxY,Mom’s Magic Cloud Kitchen,places,en,77,26.880886750000002,80.9272969,26.8823992,80.92961389999999,0,lko,Lucknow,2026-08-31T09:18:10.537367Z
ChIJDXaQ_bZXmTkRd-7Jmce_i3Q,Food Fever,places,en,77,26.880886750000002,80.9272969,26.880858399999997,80.9302664,0,lko,Lucknow,2026-08-31T09:18:10.537371Z
ChIJoQSnTwBXmTkRcUxhnpDTyLk,Lucknow,places,en,78,26.885405849999998,80.9190836,26.8851315,80.92076999999999,0,lko,Lucknow,2026-08-31T09:18:10.924266Z
ChIJBw3X721XmTkRb9apdjwcg-w,Saif Restaurant,places,en,78,26.885405849999998,80.9190836,26.8864208,80.9206779,0,lko,Lucknow,2026-08-31T09:18:10.924289Z
ChIJ6brCVx9WmTkRc3wZu62Fn3I,Ashraf Ali Sweet House,places,en,78,26.885405849999998,80.9190836,26.886368500000003,80.92075129999999,0,lko,Lucknow,2026-08-31T09:18:10.924295Z
ChIJATgRHWVXmTkRK0pPMTIR2Ig,Fatma Canteen,places,en,78,26.885405849999998,80.9190836,26.8868317,80.9204724,0,lko,Lucknow,2026-08-31T09:18:10.924300Z
ChIJ9TL4kx9XmTkRO4VfjTuAcoY,Prajapati Chaat Bhandar,places,en,78,26.885405849999998,80.9190836,26.883513699999998,80.91832819999999,0,lko,Lucknow,2026-08-31T09:18:10.924304Z
ChIJG0ijkNtXmTkR1AC1YSqsQBI,Abhishek Srivastava,places,en,78,26.885405849999998,80.9190836,26.883379299999998,80.9186646,0,lko,Lucknow,2026-08-31T09:18:10.924308Z
ChIJwTuQXSBXmTkReoqnvYke7A4,Ansh Fast Food,places,en,78,26.885405849999998,80.9190836,26.8831103,80.9192612,0,lko,Lucknow,2026-08-31T09:18:10.924313Z
ChIJa7ldcm1XmTkROkK2VyIqMkQ,Noor Tea Stall,places,en,78,26.885405849999998,80.9190836,26.884669499999998,80.916463,0,lko,Lucknow,2026-08-31T09:18:10.924317Z
ChIJT9aPTh1XmTkR1J9l3c66jDU,Durga Tea Shop,places,en,78,26.885405849999998,80.9190836,26.8852239,80.9163216,0,lko,Lucknow,2026-08-31T09:18:10.924321Z
ChIJ3y_3FS9XmTkR3akVbJbv6XQ,TIGER CAFE,places,en,79,26.888734049999997,80.92035755,26.889667,80.91967819999999,0,lko,Lucknow,2026-08-31T09:18:11.265812Z
ChIJ9TiwcQBXmTkRJXxUUjPBqtY,Shree Khatu Shyam Ji Sweets and Restaurant,places,en,79,26.888734049999997,80.92035755,26.8895648,80.92278309999999,0,lko,Lucknow,2026-08-31T09:18:11.265834Z
ChIJCeAkTyRWmTkRSiRahaIQYfA,"Pandit Ji Sweet Shop ""Samose Wale""",places,en,80,26.8901696,80.93037755,26.889173099999997,80.9287718,0,lko,Lucknow,2026-08-31T09:18:11.657783Z
ChIJo8sxYSRWmTkR78R-4RZkWfQ,Chaman Hotel,places,en,80,26.8901696,80.93037755,26.8899582,80.9275193,0,lko,Lucknow,2026-08-31T09:18:11.657807Z
ChIJDcTxIn1XmTkR1SMG-EJLL9c,Bobby Gupta,places,en,80,26.8901696,80.93037755,26.890214,80.9274971,0,lko,Lucknow,2026-08-31T09:18:11.657812Z
ChIJ5eQBeyhWmTkRCJmJ2ynlAkU,Chaman Mishtan Bhandar,places,en,80,26.8901696,80.93037755,26.889899399999997,80.9274327,0,lko,Lucknow,2026-08-31T09:18:11.657816Z
ChIJbUROr_pXmTkRr7hhwVA-cGo,Raju chat corner,places,en,81,26.88742435,80.93222825000001,26.887215,80.93336409999999,0,lko,Lucknow,2026-08-31T09:18:12.803465Z
ChIJP2cZrc1XmTkRLtXOOklkrGA,Chai Tonic,places,en,81,26.88742435,80.93222825000001,26.8876507,80.93339019999999,0,lko,Lucknow,2026-08-31T09:18:12.803488Z
ChIJRS7oh45XmTkRUu3pIizQ_LU,Anoop Kumar Gupta,places,en,81,26.88742435,80.93222825000001,26.8874919,80.93362020000001,0,lko,Lucknow,2026-08-31T09:18:12.803495Z
ChIJ0cFwsiJLmTkRH7F6PvW49d8,Agarwal Khasta And Pudi Bhandar,places,en,81,26.88742435,80.93222825000001,26.8875583,80.9336581,0,lko,Lucknow,2026-08-31T09:18:12.803501Z
ChIJPRsHFwFXmTkRvDj-53LwRBY,Chatar Patar Adda,places,en,81,26.88742435,80.93222825000001,26.8873887,80.93386989999999,0,lko,Lucknow,2026-08-31T09:18:12.803505Z
ChIJv7d1M7RXmTkRoU3PFUMb5-A,Duchess (a taste of royalty),places,en,81,26.88742435,80.93222825000001,26.887753399999998,80.9339261,0,lko,Lucknow,2026-08-31T09:18:12.803508Z
ChIJI1-IqeFXmTkR23qQcrCMmLg,Anjali tiffin service,places,en,81,26.88742435,80.93222825000001,26.8892007,80.9336208,0,lko,Lucknow,2026-08-31T09:18:12.803513Z
ChIJqf504_r9mzkRQevtdwDwjd0,R F C CORNER,places,en,82,26.865960299999998,80.91291355,26.8651551,80.91299780000001,0,lko,Lucknow,2026-08-31T09:18:13.163081Z
ChIJ9Yyx5e79mzkRoVLPHP8D-PA,Ma Vesnav Bhojnalay,places,en,82,26.865960299999998,80.91291355,26.865146499999998,80.9130308,0,lko,Lucknow,2026-08-31T09:18:13.163106Z
ChIJjUuw5e79mzkRu_5-6r82twg,Thakur Bhojnalay,places,en,82,26.865960299999998,80.91291355,26.865125499999998,80.91310279999999,0,lko,Lucknow,2026-08-31T09:18:13.163111Z
ChIJJ5WKeFn9mzkRLzXhOM7eC5s,3A.M. Maggi Wali 3ए.एम. मैगी वाली,places,en,82,26.865960299999998,80.91291355,26.8651326,80.9132184,0,lko,Lucknow,2026-08-31T09:18:13.163115Z
ChIJXeif8jr9mzkR7eJtcO-i8Os,TOKYO,places,en,82,26.865960299999998,80.91291355,26.8647475,80.9132782,0,lko,Lucknow,2026-08-31T09:18:13.163119Z
ChIJLXCnDhX9mzkRL6p9wNI3mXA,Shivam Tea Point,places,en,82,26.865960299999998,80.91291355,26.864819299999997,80.91351580000001,0,lko,Lucknow,2026-08-31T09:18:13.163123Z
ChIJ-WansqD9mzkRB717cogtgCs,Veg Corner Veg Biryani 40,places,en,82,26.865960299999998,80.91291355,26.8646966,80.9138284,0,lko,Lucknow,2026-08-31T09:18:13.163127Z
ChIJP3uSm9n9mzkRz47RTh6jmUA,Vimlesh Gupta Bhelpuri,places,en,82,26.865960299999998,80.91291355,26.865314100000003,80.91130520000002,0,lko,Lucknow,2026-08-31T09:18:13.163130Z
ChIJA7KPZxj9mzkRzmsy3qjiwxc,Wow! Momo,places,en,82,26.865960299999998,80.91291355,26.865451099999998,80.9111094,0,lko,Lucknow,2026-08-31T09:18:13.163133Z
ChIJA4w8ZGL9mzkR5Ve8tBSaagw,Sanjay's Khasta Matar Chaat,places,en,82,26.865960299999998,80.91291355,26.8654232,80.9110816,0,lko,Lucknow,2026-08-31T09:18:13.163137Z
ChIJlfC2Njr9mzkRobZoFt9U6HU,Plastic Surgery Canteen,places,en,82,26.865960299999998,80.91291355,26.867665,80.9134275,0,lko,Lucknow,2026-08-31T09:18:13.163141Z
ChIJtWqzFO_9mzkRI2hAJV0KCoE,SHREE RAM KACHORI CORNER,places,en,82,26.865960299999998,80.91291355,26.864742999999997,80.91110119999999,0,lko,Lucknow,2026-08-31T09:18:13.163144Z
ChIJHe6-GAD9mzkRB2Cym4fRC6o,"Kamla Nehru Marg, chauraha, chowk Lucknow",places,en,82,26.865960299999998,80.91291355,26.865455299999997,80.9105677,0,lko,Lucknow,2026-08-31T09:18:13.163147Z
ChIJ54kyd-_9mzkRBU0QDt-A4Cg,Gayatri Chicken,places,en,82,26.865960299999998,80.91291355,26.865467499999998,80.91051709999999,0,lko,Lucknow,2026-08-31T09:18:13.163151Z
ChIJNeVUOwD9mzkRztd1KdtiVOQ,The Foobee Cafe,places,en,82,26.865960299999998,80.91291355,26.865443100000004,80.91043289999999,0,lko,Lucknow,2026-08-31T09:18:13.163155Z
ChIJm9n4Uzj9mzkR7IkAOoo9D9A,KajalGupta,places,en,82,26.865960299999998,80.91291355,26.8652664,80.9154162,0,lko,Lucknow,2026-08-31T09:18:13.163159Z
ChIJbb37HAD9mzkRLWLBoEEZPRI,Marksmen Chowk,places,en,82,26.865960299999998,80.91291355,26.866434299999998,80.9102843,0,lko,Lucknow,2026-08-31T09:18:13.163162Z
ChIJf5VSk7b9mzkRmQB38mPl_uk,Shree Lassi & Sons,places,en,82,26.865960299999998,80.91291355,26.8654786,80.9102339,0,lko,Lucknow,2026-08-31T09:18:13.163166Z
ChIJoUbFMrb9mzkRneeTpLdh8qk,ABDULLAH MURADABADI CHIKEN BIRYANI,places,en,82,26.865960299999998,80.91291355,26.864268199999998,80.9107507,0,lko,Lucknow,2026-08-31T09:18:13.163169Z
ChIJZRsvKu_9mzkRAAAAsCiuoCI,Chaudhari Sahab Hotel,places,en,82,26.865960299999998,80.91291355,26.8634081,80.91234720000001,0,lko,Lucknow,2026-08-31T09:18:13.163174Z
ChIJKyDs-479mzkRREdl7mUCIl0,MOMOS WALA,places,en,83,26.873586099999997,80.92816429999999,26.873408599999998,80.9286833,0,lko,Lucknow,2026-08-31T09:18:13.555157Z
ChIJfXZ61rz9mzkRj0pc7900lHs,surya punjabi dhaba,places,en,83,26.873586099999997,80.92816429999999,26.873284800000004,80.9276691,0,lko,Lucknow,2026-08-31T09:18:13.555211Z
ChIJfe8vVAD9mzkRpeIP-6Zx58o,Tripathi patte wali pori,places,en,83,26.873586099999997,80.92816429999999,26.873770699999998,80.9290353,0,lko,Lucknow,2026-08-31T09:18:13.555218Z
ChIJa9AIFwD9mzkRz8C220HQr7c,Dhiraj,places,en,83,26.873586099999997,80.92816429999999,26.8728156,80.9276087,0,lko,Lucknow,2026-08-31T09:18:13.555223Z
ChIJyRWYX479mzkRSwdvNnyJB9k,Prakash Non Veg,places,en,83,26.873586099999997,80.92816429999999,26.8726639,80.9278499,0,lko,Lucknow,2026-08-31T09:18:13.555227Z
ChIJ7z8Ilaz9mzkR-nQOmQR-T5o,Taste of lucknow,places,en,83,26.873586099999997,80.92816429999999,26.872562,80.92800299999999,0,lko,Lucknow,2026-08-31T09:18:13.555231Z
ChIJa_3mOoz9mzkRnI9mv8o8fVg,Lucky Bakery,places,en,83,26.873586099999997,80.92816429999999,26.872428799999998,80.9279861,0,lko,Lucknow,2026-08-31T09:18:13.555234Z
ChIJ-UGCW479mzkR5YYOQlN_aPY,Domic Pizza,places,en,83,26.873586099999997,80.92816429999999,26.872281899999997,80.9280549,0,lko,Lucknow,2026-08-31T09:18:13.555238Z
ChIJx_-kje_9mzkRTxZdalO3RR8,HUZIAFA FAST FOOD,places,en,83,26.873586099999997,80.92816429999999,26.873455399999997,80.9266864,0,lko,Lucknow,2026-08-31T09:18:13.555242Z
ChIJO95zUo79mzkRf08bGzF6O54,Vaishnavi Dhaba,places,en,83,26.873586099999997,80.92816429999999,26.872180000000004,80.92882999999999,0,lko,Lucknow,2026-08-31T09:18:13.555246Z
ChIJbTsVTnj9mzkRCv8agJTwY68,SHREE JEE FAST FOOD&COLD DRINKS,places,en,83,26.873586099999997,80.92816429999999,26.8753404,80.9283118,0,lko,Lucknow,2026-08-31T09:18:13.555250Z
ChIJv3iLz8D9mzkRsRcelGtE5uI,Sikandrabad Ki Mshur Shudh Sakahari Veg Biryani,places,en,83,26.873586099999997,80.92816429999999,26.875246999999998,80.9295269,0,lko,Lucknow,2026-08-31T09:18:13.555256Z
ChIJDcdtXXv9mzkRKJyzKFx62qI,Sagar Puri Bhandar,places,en,83,26.873586099999997,80.92816429999999,26.8713522,80.92847019999999,0,lko,Lucknow,2026-08-31T09:18:13.555260Z
ChIJM3w0tY_9mzkR5GErWoIhAJM,PAHWA CONFECTIONERY,places,en,83,26.873586099999997,80.92816429999999,26.871514599999998,80.92918689999999,0,lko,Lucknow,2026-08-31T09:18:13.555264Z
ChIJ01je57b9mzkRGPa7jte77Rc,Vaseem Muradabad Chicken Biryani,places,en,83,26.873586099999997,80.92816429999999,26.8712926,80.9282805,0,lko,Lucknow,2026-08-31T09:18:13.555268Z
ChIJidqvuQL9mzkR6qqSqZyMtwE,Shivam Panjabi Test,places,en,83,26.873586099999997,80.92816429999999,26.871344699999998,80.9290552,0,lko,Lucknow,2026-08-31T09:18:13.555271Z
ChIJOzyroST9mzkRItIrm71ioOM,Hopper's Pizza and Burger,places,en,83,26.873586099999997,80.92816429999999,26.8713829,80.9294537,0,lko,Lucknow,2026-08-31T09:18:13.555275Z
ChIJM_AauY_9mzkRNG122dczug0,Nepali Hotal & Restaurant,places,en,83,26.873586099999997,80.92816429999999,26.871668699999997,80.93002349999999,0,lko,Lucknow,2026-08-31T09:18:13.555279Z
ChIJKb9XItT9mzkRCUnu7EZrxzc,Gupta Hotel,places,en,83,26.873586099999997,80.92816429999999,26.8710116,80.928204,0,lko,Lucknow,2026-08-31T09:18:13.555283Z
ChIJkxDx6lX9mzkRRmpXIRHaqS0,Lords of Wings,places,en,83,26.873586099999997,80.92816429999999,26.871792,80.93030449999999,0,lko,Lucknow,2026-08-31T09:18:13.555286Z
ChIJaSym0RT9mzkROxZl65WLyl8,The Burger's Castle,places,en,84,26.872318749999998,80.94066275,26.872682899999997,80.9406221,0,lko,Lucknow,2026-08-31T09:18:13.908981Z
ChIJDxJV5PH9mzkRfW49shfWsH4,Dabbu Veg,places,en,84,26.872318749999998,80.94066275,26.8725423,80.9410791,0,lko,Lucknow,2026-08-31T09:18:13.909009Z
ChIJk3eaBwD9mzkRIcz3TbRA2oY,The Hazelnut Factory - Cafe in Lucknow,places,en,84,26.872318749999998,80.94066275,26.872754699999998,80.9407119,0,lko,Lucknow,2026-08-31T09:18:13.909014Z
ChIJyxSjcKb9mzkR5OlOQjPFO9I,Chachi Macchli Waali,places,en,84,26.872318749999998,80.94066275,26.872971699999997,80.9412201,0,lko,Lucknow,2026-08-31T09:18:13.909018Z
ChIJtURiOp_9mzkR4EAp8wyB_s8,Bengali Babu Fish,places,en,84,26.872318749999998,80.94066275,26.8731653,80.9413308,0,lko,Lucknow,2026-08-31T09:18:13.909023Z
ChIJecEx0YL9mzkROl5F6ROUh_Q,Vaishno Dhaba,places,en,84,26.872318749999998,80.94066275,26.871209999999998,80.9405,0,lko,Lucknow,2026-08-31T09:18:13.909026Z
ChIJy4LGX0b9mzkR6qUOCdDdAdo,Madhur Dosa Corner,places,en,84,26.872318749999998,80.94066275,26.8731205,80.93979619999999,0,lko,Lucknow,2026-08-31T09:18:13.909031Z
ChIJZ1vX0lv9mzkRPDPCv2_Cm34,Lalla Tea Stall,places,en,84,26.872318749999998,80.94066275,26.8711433,80.9405464,0,lko,Lucknow,2026-08-31T09:18:13.909034Z
ChIJw8zhpBL9mzkR4cNKNYgtMQo,Om Tea Stall,places,en,84,26.872318749999998,80.94066275,26.871151299999998,80.9404388,0,lko,Lucknow,2026-08-31T09:18:13.909038Z
ChIJ48oCjbZXmTkRLPSlXdWt-JA,Fish Taka Tak,places,en,84,26.872318749999998,80.94066275,26.8711293,80.9408367,0,lko,Lucknow,2026-08-31T09:18:13.909042Z
ChIJsaX4y7_9mzkRW-UUqYiXp44,THE VEG POINT,places,en,84,26.872318749999998,80.94066275,26.8711341,80.94045899999999,0,lko,Lucknow,2026-08-31T09:18:13.909046Z
ChIJoXayxrL9mzkRCEnZeXdMGAc,Steamy Affairs - Dimsum That Makes You Go Yum!,places,en,84,26.872318749999998,80.94066275,26.873372800000002,80.9400603,0,lko,Lucknow,2026-08-31T09:18:13.909049Z
ChIJe4ja9IP9mzkR0sfl-NeEb1c,ALL ABOUT BURGERS,places,en,84,26.872318749999998,80.94066275,26.8714396,80.9395409,0,lko,Lucknow,2026-08-31T09:18:13.909053Z
ChIJ66kUegD9mzkR6Rv6l4FbTDc,Rizwan Fish and Chicken Fry Corner,places,en,84,26.872318749999998,80.94066275,26.873392900000002,80.9416001,0,lko,Lucknow,2026-08-31T09:18:13.909057Z
ChIJffB7ftz9mzkR_3e2Duj7MdM,De Silver Spoon,places,en,84,26.872318749999998,80.94066275,26.8710716,80.9399313,0,lko,Lucknow,2026-08-31T09:18:13.909060Z
ChIJN-Jut3L9mzkRBD-GXKynLJU,Live Barbecue,places,en,84,26.872318749999998,80.94066275,26.8710398,80.94135539999999,0,lko,Lucknow,2026-08-31T09:18:13.909064Z
ChIJB9EG4CT9mzkRnYO422jb3gk,Food Station,places,en,84,26.872318749999998,80.94066275,26.871475999999998,80.939396,0,lko,Lucknow,2026-08-31T09:18:13.909068Z
ChIJNy2XTcT9mzkRZUwWlZZPlt0,RP Biker Tea Point,places,en,84,26.872318749999998,80.94066275,26.871082299999998,80.9395945,0,lko,Lucknow,2026-08-31T09:18:13.909071Z
ChIJox0AdXv9mzkR4mWFyIuheaw,Nainital famous hunger,places,en,84,26.872318749999998,80.94066275,26.871076300000002,80.9395793,0,lko,Lucknow,2026-08-31T09:18:13.909075Z
ChIJVdJsf6n9mzkRFJsFFEtBKaY,Champaran Meat House,places,en,84,26.872318749999998,80.94066275,26.871023899999997,80.9417643,0,lko,Lucknow,2026-08-31T09:18:13.909078Z
ChIJA7WDDQD9mzkRl_vpKy9KIlc,Amit Kumar,places,en,85,26.845087550000002,80.96470535,26.8448237,80.964587,0,lko,Lucknow,2026-08-31T09:18:14.250704Z
ChIJ6dMhdcP9mzkRRb_0An1DeOQ,KOREAN BUBBLE DRINK,places,en,85,26.845087550000002,80.96470535,26.8452274,80.9653697,0,lko,Lucknow,2026-08-31T09:18:14.250764Z
ChIJZ3eePAD9mzkRXnjats-o7mY,Shahi Darbar Biryani Point,places,en,85,26.845087550000002,80.96470535,26.845280499999998,80.9654168,0,lko,Lucknow,2026-08-31T09:18:14.250776Z
ChIJl_CQvbn9mzkRB-IQubbFGCE,Chai Sutta Point,places,en,85,26.845087550000002,80.96470535,26.8447197,80.9654144,0,lko,Lucknow,2026-08-31T09:18:14.250783Z
ChIJPyzpQTj9mzkREbu9X6OAbIM,The Spicy Food,places,en,85,26.845087550000002,80.96470535,26.8446842,80.9653925,0,lko,Lucknow,2026-08-31T09:18:14.250789Z
ChIJMaz6agr9mzkRBfnJgudIVnI,Pav Bhaji Hub,places,en,85,26.845087550000002,80.96470535,26.844935,80.9655784,0,lko,Lucknow,2026-08-31T09:18:14.250793Z
ChIJS_vNPVn9mzkREP37seOVx0U,Dahi Bhalle,places,en,85,26.845087550000002,80.96470535,26.8450059,80.96563069999999,0,lko,Lucknow,2026-08-31T09:18:14.250798Z
ChIJp3gI6z79mzkRQTM7AcnBq5g,R N BHOJNALAYA,places,en,85,26.845087550000002,80.96470535,26.845644300000004,80.9639392,0,lko,Lucknow,2026-08-31T09:18:14.250802Z
ChIJjT0guFv9mzkRslp-IQSVWWM,Village Food Factory,places,en,85,26.845087550000002,80.96470535,26.845014199999998,80.96571829999999,0,lko,Lucknow,2026-08-31T09:18:14.250807Z
ChIJMR3vh6n9mzkRHlj1HnODKKQ,Aarav Eat's,places,en,85,26.845087550000002,80.96470535,26.8449195,80.9657289,0,lko,Lucknow,2026-08-31T09:18:14.250812Z
ChIJr37OO9H9mzkRyGGUOHsjEQw,Baba Ji Ka Kala Khatta,places,en,85,26.845087550000002,80.96470535,26.8451544,80.96590259999999,0,lko,Lucknow,2026-08-31T09:18:14.250817Z
ChIJJdiIeAn9mzkRqWX-pA2hzVY,The Japanese,places,en,85,26.845087550000002,80.96470535,26.8451544,80.96590259999999,0,lko,Lucknow,2026-08-31T09:18:14.250822Z
ChIJBZNAR6j9mzkRZI_MoQ1p8IM,Shri Radha Krishna Mesh,places,en,85,26.845087550000002,80.96470535,26.845878799999998,80.9639091,0,lko,Lucknow,2026-08-31T09:18:14.250826Z
ChIJBeYNHDL9mzkRWwPb3bWxpsw,Rajendra Bhojnalaya,places,en,85,26.845087550000002,80.96470535,26.8459057,80.9639064,0,lko,Lucknow,2026-08-31T09:18:14.250831Z
ChIJQwhYmGz9mzkRaU3ShaibWT0,Thakur Kesariya Falauda Kulfi,places,en,85,26.845087550000002,80.96470535,26.845293599999998,80.9659288,0,lko,Lucknow,2026-08-31T09:18:14.250835Z
ChIJIRt-iP_9mzkRW26McihfJY4,Nawabi Nukkad,places,en,85,26.845087550000002,80.96470535,26.8443042,80.96556389999999,0,lko,Lucknow,2026-08-31T09:18:14.250840Z
ChIJvY6JIwD9mzkRymSeQAbTCoA,BROTHER'S DOSA,places,en,85,26.845087550000002,80.96470535,26.845805799999997,80.9656942,0,lko,Lucknow,2026-08-31T09:18:14.250844Z
ChIJmcsGsZbjmzkRPPMEphReSFQ,Rechoice Dosa,places,en,85,26.845087550000002,80.96470535,26.845548899999997,80.96590189999999,0,lko,Lucknow,2026-08-31T09:18:14.250848Z
ChIJN8yIfob9mzkRd3V3FNCF06c,Mr. Ten,places,en,85,26.845087550000002,80.96470535,26.845608499999997,80.9658991,0,lko,Lucknow,2026-08-31T09:18:14.250862Z
ChIJA-HgJhn9mzkR8Ay9uGNHABY,The Hungry Momo Cafe,places,en,85,26.845087550000002,80.96470535,26.8441139,80.96553449999999,0,lko,Lucknow,2026-08-31T09:18:14.250868Z
ChIJAziMDjL_mzkRYiWxW33R21s,JAM STREET CAFE,places,en,86,26.83943165,80.87587915,26.83997,80.876116,0,lko,Lucknow,2026-08-31T09:18:14.699429Z
ChIJEXcyUQD_mzkRHWIY7HS47CM,Narayan Veg ( rajajipuram branch),places,en,86,26.83943165,80.87587915,26.840009499999997,80.8758008,0,lko,Lucknow,2026-08-31T09:18:14.699460Z
ChIJcVT3fGf-mzkR7zywRugpUlQ,Shree Kamachi Tamilnadu Dosa,places,en,86,26.83943165,80.87587915,26.839871499999997,80.8768352,0,lko,Lucknow,2026-08-31T09:18:14.699465Z
ChIJZ-HQuJD_mzkR0IQgHvczcWY,Mann Pasand Momos Point,places,en,86,26.83943165,80.87587915,26.839737,80.87477799999999,0,lko,Lucknow,2026-08-31T09:18:14.699469Z
ChIJBSm93hf_mzkRsGmMZzPqcH4,Papa jim's pizza,places,en,86,26.83943165,80.87587915,26.838768899999998,80.87707259999999,0,lko,Lucknow,2026-08-31T09:18:14.699473Z
ChIJb1xjpKP_mzkRN1pxHv8yhlM,Delhi Momos,places,en,86,26.83943165,80.87587915,26.840828,80.8765696,0,lko,Lucknow,2026-08-31T09:18:14.699477Z
ChIJi4EfVwD_mzkRazgzkiIEE5Q,JMD ( Banquet Hall ),places,en,86,26.83943165,80.87587915,26.8379686,80.8753328,0,lko,Lucknow,2026-08-31T09:18:14.699480Z
ChIJy745TgD9mzkR3xeBEJOyqsY,Pepper'z Smoke bbq,places,en,86,26.83943165,80.87587915,26.837975399999998,80.8752885,0,lko,Lucknow,2026-08-31T09:18:14.699484Z
ChIJNQcmGzz_mzkRah_NvSztGRw,Fry hard,places,en,86,26.83943165,80.87587915,26.8392914,80.8741263,0,lko,Lucknow,2026-08-31T09:18:14.699487Z
ChIJ31DPRgD_mzkRn3MEskknqII,Shree PBR restaurant Rajajipuram Mina bakery road block _C Lucknow,places,en,86,26.83943165,80.87587915,26.837906099999998,80.8765389,0,lko,Lucknow,2026-08-31T09:18:14.699491Z
ChIJ-2rjmLH_mzkR1RU6TsGh0_E,Homemade Tiffin Service & Catering,places,en,86,26.83943165,80.87587915,26.837906,80.87653949999999,0,lko,Lucknow,2026-08-31T09:18:14.699494Z
ChIJs9Vdhmf-mzkRPyVzuzGuC0g,Maa Vaishno Dhaba,places,en,86,26.83943165,80.87587915,26.8409025,80.87683439999999,0,lko,Lucknow,2026-08-31T09:18:14.699498Z
ChIJFfFuUGf-mzkRyna9IWBJl7Q,Noor Meat Chicken Shop,places,en,86,26.83943165,80.87587915,26.838102,80.87709699999999,0,lko,Lucknow,2026-08-31T09:18:14.699501Z
ChIJzwOVq13-mzkRCW1LGdP3BFg,Amour Events,places,en,86,26.83943165,80.87587915,26.839865999999997,80.874004,0,lko,Lucknow,2026-08-31T09:18:14.699504Z
ChIJNclAhmf-mzkRO6iG29XCj3Y,Bittu Tikki Wala,places,en,86,26.83943165,80.87587915,26.8409627,80.8768315,0,lko,Lucknow,2026-08-31T09:18:14.699508Z
ChIJ9W2dHAD_mzkRnErDnAbxzAo,Sahu poodi patte wale,places,en,86,26.83943165,80.87587915,26.8406918,80.8773889,0,lko,Lucknow,2026-08-31T09:18:14.699512Z
ChIJd6HISJb_mzkRBc15tuEj7q0,Tiwari Fast Food,places,en,86,26.83943165,80.87587915,26.841265099999998,80.8767909,0,lko,Lucknow,2026-08-31T09:18:14.699515Z
ChIJm6B8IHP_mzkR3y2hVH7oY4Y,Mr.Singh Fast Food & Chaap Corner,places,en,86,26.83943165,80.87587915,26.8413495,80.87689999999999,0,lko,Lucknow,2026-08-31T09:18:14.699518Z
ChIJBTt7jWf-mzkRZPz0-OmQo4s,Arora's Fast Food Hub,places,en,86,26.83943165,80.87587915,26.8413877,80.877033,0,lko,Lucknow,2026-08-31T09:18:14.699522Z
ChIJn9aTyqD_mzkRqDGbzvP7xb0,Apni Rasoi Cloud Kitchen 🧑‍🍳,places,en,86,26.83943165,80.87587915,26.8416423,80.8754884,0,lko,Lucknow,2026-08-31T09:18:14.699526Z
ChIJ6QIwMYX_mzkR44gqOsxXPTc,ZAYKA Flavour of Joy,places,en,87,26.87738145,80.87438030000001,26.877117199999997,80.8724395,0,lko,Lucknow,2026-08-31T09:18:15.111308Z
ChIJQ0teID3_mzkRQf93Q2tm3nU,Sutta Chai Bar,places,en,87,26.87738145,80.87438030000001,26.8788341,80.87312469999999,0,lko,Lucknow,2026-08-31T09:18:15.111333Z
ChIJvfFTGAD_mzkRaabjil8uzgA,The Grill Kitchen Restaurant,places,en,87,26.87738145,80.87438030000001,26.876317500000003,80.8726532,0,lko,Lucknow,2026-08-31T09:18:15.111339Z
ChIJp7zzZ9T_mzkRdr-K-TpgNIQ,P3 family restaurant,places,en,87,26.87738145,80.87438030000001,26.8767663,80.8723509,0,lko,Lucknow,2026-08-31T09:18:15.111343Z
ChIJM8rFHKlVmTkRM2Ekbhy4SWw,The Pizza Dine,places,en,87,26.87738145,80.87438030000001,26.8783863,80.8725054,0,lko,Lucknow,2026-08-31T09:18:15.111347Z
ChIJl7XTM2n_mzkRSx_70OOfsR4,TOPSON CHINESE FAST FOOD,places,en,87,26.87738145,80.87438030000001,26.8765321,80.872371,0,lko,Lucknow,2026-08-31T09:18:15.111350Z
ChIJF7QQGwD_mzkRkEkNYw2p0UQ,MR.BROAST,places,en,87,26.87738145,80.87438030000001,26.876532299999997,80.8723705,0,lko,Lucknow,2026-08-31T09:18:15.111354Z
ChIJ_QFjY6L_mzkR2LZNKqDW_Ro,Lallo Chatori,places,en,87,26.87738145,80.87438030000001,26.876532299999997,80.8723705,0,lko,Lucknow,2026-08-31T09:18:15.111357Z
ChIJCTFwDzP_mzkRENyawFf4CBI,Treat's on street,places,en,87,26.87738145,80.87438030000001,26.876532299999997,80.8723705,0,lko,Lucknow,2026-08-31T09:18:15.111361Z
ChIJ49pSt1r_mzkR2YVuicU4URg,The Chilli Town,places,en,87,26.87738145,80.87438030000001,26.8761409,80.87263659999999,0,lko,Lucknow,2026-08-31T09:18:15.111364Z
ChIJ_QdEBBX_mzkRqfPEEf0mq2s,Vicky.Chai wala,places,en,87,26.87738145,80.87438030000001,26.876851,80.8722312,0,lko,Lucknow,2026-08-31T09:18:15.111367Z
ChIJ9ciCmiP_mzkRLSytgNLHrm4,Foodin frinz { Restro & Cafe },places,en,87,26.87738145,80.87438030000001,26.876213099999998,80.8725477,0,lko,Lucknow,2026-08-31T09:18:15.111371Z
ChIJa-GV9wn_mzkR5XfFqcHJ5C4,The neon nights,places,en,87,26.87738145,80.87438030000001,26.87865,80.87256,0,lko,Lucknow,2026-08-31T09:18:15.111374Z
ChIJTaSLDj3_mzkR3H1V3NncK4I,AQSA SWEET & CAFE,places,en,87,26.87738145,80.87438030000001,26.875475899999998,80.87338849999999,0,lko,Lucknow,2026-08-31T09:18:15.111377Z
ChIJt8l2BEb_mzkR-vwTjZLdZGM,Azhar's rolls and biryani,places,en,87,26.87738145,80.87438030000001,26.876580699999998,80.8721329,0,lko,Lucknow,2026-08-31T09:18:15.111380Z
ChIJ1dhSZzX_mzkR6P1VKnEFwyo,Spicy Darbar,places,en,87,26.87738145,80.87438030000001,26.875312299999997,80.873379,0,lko,Lucknow,2026-08-31T09:18:15.111383Z
ChIJkfROXopVmTkRmDIZcMVSoVk,Era Cafeteria,places,en,87,26.87738145,80.87438030000001,26.879528399999998,80.8734841,0,lko,Lucknow,2026-08-31T09:18:15.111386Z
ChIJy1OKhnhVmTkRzHFu9oD-iHI,Harsh Fast Food Chinese Centre,places,en,87,26.87738145,80.87438030000001,26.8792869,80.87285349999999,0,lko,Lucknow,2026-08-31T09:18:15.111390Z
ChIJDVoVthRVmTkRBvPrIFJIzuI,ARMA HOTEL AND BUFFET,places,en,87,26.87738145,80.87438030000001,26.879348999999998,80.8728655,0,lko,Lucknow,2026-08-31T09:18:15.111393Z
ChIJ3UaqFkr_mzkR7UtG3eiPXz8,Bismillah Cafe And Restaurant,places,en,87,26.87738145,80.87438030000001,26.8760259,80.8721119,0,lko,Lucknow,2026-08-31T09:18:15.111396Z
ChIJ3Y_wkwtVmTkRmfxH1PTwWd8,TND DOSA (Tamil nadu dosa point),places,en,88,26.87985785,80.89013560000001,26.8801652,80.89007680000002,0,lko,Lucknow,2026-08-31T09:18:15.446712Z
ChIJz25syNdVmTkRFZFR91x-2Ps,CAFE-110,places,en,88,26.87985785,80.89013560000001,26.8801652,80.89007680000002,0,lko,Lucknow,2026-08-31T09:18:15.446740Z
ChIJ72trKwBVmTkRnUzwK_MYPSY,लखनऊ चुंगी,places,en,88,26.87985785,80.89013560000001,26.8793151,80.8912557,0,lko,Lucknow,2026-08-31T09:18:15.446747Z
ChIJ3XTesxT_mzkR-ORs3rr28v0,BMC( BUN.. MUKKHAN.. CHAI,places,en,88,26.87985785,80.89013560000001,26.878141,80.8895582,0,lko,Lucknow,2026-08-31T09:18:15.446752Z
ChIJ_TcaagD_mzkRynlOdsxeqx4,Arabian broast & pizza,places,en,88,26.87985785,80.89013560000001,26.877712,80.89052099999999,0,lko,Lucknow,2026-08-31T09:18:15.446756Z
ChIJyy1wxvX_mzkRxqA5QNlBvh8,Gupta Catters,places,en,88,26.87985785,80.89013560000001,26.878135999999998,80.89172409999999,0,lko,Lucknow,2026-08-31T09:18:15.446760Z
ChIJz_AFgqRVmTkRERX6sbCTZns,The Hungry House,places,en,88,26.87985785,80.89013560000001,26.880676599999997,80.8877863,0,lko,Lucknow,2026-08-31T09:18:15.446764Z
ChIJj8gPGjr_mzkRQ9s6zPLdN1U,Jai Bhole Fast Food Corner,places,en,88,26.87985785,80.89013560000001,26.877439,80.889753,0,lko,Lucknow,2026-08-31T09:18:15.446768Z
ChIJs_QDJwD_mzkRfqD52u8eqYM,Awadh Cafe,places,en,89,26.874427,80.8885967,26.8735353,80.88956089999999,0,lko,Lucknow,2026-08-31T09:18:15.831922Z
ChIJBSOxagD_mzkRE64jIu0YX5c,Sri Vishnu Caters,places,en,89,26.874427,80.8885967,26.8757266,80.8891637,0,lko,Lucknow,2026-08-31T09:18:15.831946Z
ChIJrw0kSAD_mzkRX1QwGR726sM,Shri vishnu caters,places,en,89,26.874427,80.8885967,26.8757266,80.8891637,0,lko,Lucknow,2026-08-31T09:18:15.831951Z
ChIJ8Y-1g_3_mzkRmqnSZVdAVeI,"Pizza Hut | Thakurganj, Lucknow",places,en,89,26.874427,80.8885967,26.872777199999998,80.8887937,0,lko,Lucknow,2026-08-31T09:18:15.831955Z
ChIJIUONnKX_mzkRpsgADK0NUkw,SHREE MISTHAN BHANDAR,places,en,89,26.874427,80.8885967,26.8727365,80.8884826,0,lko,Lucknow,2026-08-31T09:18:15.831959Z
ChIJ5Uu5NAD_mzkRdPXaVy7ea0o,Pizza day,places,en,89,26.874427,80.8885967,26.872864399999997,80.8896642,0,lko,Lucknow,2026-08-31T09:18:15.831962Z
ChIJ67DtPAD_mzkRgcGE0GoiltA,Food Panda,places,en,89,26.874427,80.8885967,26.872948599999997,80.8900832,0,lko,Lucknow,2026-08-31T09:18:15.831966Z
ChIJZYlwhDv_mzkR7jUy1FvNKPM,Yash veg point,places,en,89,26.874427,80.8885967,26.872737299999997,80.8900484,0,lko,Lucknow,2026-08-31T09:18:15.831970Z
ChIJUQAVTsD_mzkRdlDsQ8jDPUE,Pizza Plus,places,en,89,26.874427,80.8885967,26.876516,80.888897,0,lko,Lucknow,2026-08-31T09:18:15.831974Z
ChIJ3WJAWAD_mzkRYOKQ3bbICNk,Kishan,places,en,89,26.874427,80.8885967,26.8762367,80.89035229999999,0,lko,Lucknow,2026-08-31T09:18:15.831977Z
ChIJQT4yvcX_mzkRzfUSIXydRGs,Mani Bagicha Restaurant,places,en,89,26.874427,80.8885967,26.8729836,80.8860368,0,lko,Lucknow,2026-08-31T09:18:15.831981Z
ChIJd3LjC9b9mzkRClUFQOz7FmQ,The Diners Restaurant and Banquet,places,en,90,26.86846255,80.90682915,26.8688562,80.9068322,0,lko,Lucknow,2026-08-31T09:18:16.256653Z
ChIJG7n3nYD9mzkRlWdU4dZULOg,Veg Adda,places,en,90,26.86846255,80.90682915,26.868519100000004,80.90749280000001,0,lko,Lucknow,2026-08-31T09:18:16.256672Z
ChIJzeQzYeb9mzkRpx5iEGpGc3A,Pankaj Pani Pudi,places,en,90,26.86846255,80.90682915,26.8691262,80.90680929999999,0,lko,Lucknow,2026-08-31T09:18:16.256678Z
ChIJG6-8sDD9mzkRNVwyf3H100U,SHREE LASSI,places,en,90,26.86846255,80.90682915,26.8691347,80.9070238,0,lko,Lucknow,2026-08-31T09:18:16.256682Z
ChIJr5-NeAD9mzkRRUho9ePv9No,Best Pani Batashe,places,en,90,26.86846255,80.90682915,26.8691846,80.90680280000001,0,lko,Lucknow,2026-08-31T09:18:16.256686Z
ChIJc6imDwD9mzkRTnFnZ-VLcSU,Still hungry,places,en,90,26.86846255,80.90682915,26.8692456,80.906885,0,lko,Lucknow,2026-08-31T09:18:16.256690Z
ChIJux11MQD9mzkRqclr9HS5NL8,Burger King,places,en,90,26.86846255,80.90682915,26.8682087,80.907692,0,lko,Lucknow,2026-08-31T09:18:16.256693Z
ChIJpU40H-r9mzkRn9Favsag_XU,Sukoon Fine Dine Restaurant,places,en,90,26.86846255,80.90682915,26.868207899999998,80.9077439,0,lko,Lucknow,2026-08-31T09:18:16.256697Z
ChIJp-W5Nlb9mzkRHfE0vulqWTA,PAL JI VEG CORNER,places,en,90,26.86846255,80.90682915,26.867941899999998,80.9077289,0,lko,Lucknow,2026-08-31T09:18:16.256700Z
ChIJvTGzXeL9mzkR4yKCoDEGyGE,The Veg Darbar,places,en,90,26.86846255,80.90682915,26.8678927,80.90771939999999,0,lko,Lucknow,2026-08-31T09:18:16.256704Z
ChIJGVw-SOL9mzkRHCk5G3gYikQ,One Bite Chowk,places,en,90,26.86846255,80.90682915,26.8678927,80.90771939999999,0,lko,Lucknow,2026-08-31T09:18:16.256707Z
ChIJKbqOOd_9mzkRTdffR0yVQRg,Momos corner,places,en,90,26.86846255,80.90682915,26.8679252,80.9078214,0,lko,Lucknow,2026-08-31T09:18:16.256711Z
ChIJd71tLwD9mzkRtnkUMJF1ygw,Aryan Family's Delight,places,en,90,26.86846255,80.90682915,26.8682315,80.90801320000001,0,lko,Lucknow,2026-08-31T09:18:16.256715Z
ChIJu1eSgu_9mzkRpY_ywvQmWSQ,Aryan Chowk,places,en,90,26.86846255,80.90682915,26.868139,80.9080105,0,lko,Lucknow,2026-08-31T09:18:16.256718Z
ChIJTYU6N-X9mzkRv6aZsVOiPeI,Sudarshan Veg Point,places,en,90,26.86846255,80.90682915,26.868019999999998,80.90803,0,lko,Lucknow,2026-08-31T09:18:16.256721Z
ChIJ5aHFPuX9mzkRGxofGxBmy3o,Chef Corner,places,en,90,26.86846255,80.90682915,26.869566,80.907442,0,lko,Lucknow,2026-08-31T09:18:16.256725Z
ChIJ1YUc0UX9mzkRdSbKSbI5WjA,Spicy Treat Foods,places,en,90,26.86846255,80.90682915,26.869771999999998,80.9070254,0,lko,Lucknow,2026-08-31T09:18:16.256728Z
ChIJL3sT3_r9mzkRZkoeQ9rb-bM,Spicy Treat,places,en,90,26.86846255,80.90682915,26.869803599999997,80.90701399999999,0,lko,Lucknow,2026-08-31T09:18:16.256731Z
ChIJrU9SR_v9mzkRsmiRgry3xtI,پانڈے ریسٹورنٹ Pandey Bhojanalay,places,en,90,26.86846255,80.90682915,26.869388,80.905497,0,lko,Lucknow,2026-08-31T09:18:16.256735Z
ChIJ27CE_NP_mzkROfgzfjiZqk0,Lucknow kachori corner,places,en,90,26.86846255,80.90682915,26.8666816,80.9064179,0,lko,Lucknow,2026-08-31T09:18:16.256738Z
ChIJFeRHXwClnjkRjyiBYmMyZNA,Shri Family restaurant,places,en,91,26.9900724,80.59451965,26.9890509,80.5953785,0,lko,Lucknow,2026-08-31T09:18:16.682107Z
ChIJv2PLAoWlnjkRfIKuOsEPLdM,Highway dhaba,places,en,92,26.9709413,80.60611399999999,26.9694616,80.6078678,0,lko,Lucknow,2026-08-31T09:18:17.015342Z
ChIJZ9LoZuqpnjkRHFScnrKG5NA,Sagar Sweets,places,en,93,26.93380785,80.67937964999999,26.933179499999998,80.6765587,0,lko,Lucknow,2026-08-31T09:18:18.426975Z
ChIJCcV4N-BXmTkRJTte5iyYWqc,THALI BOX,places,en,101,26.928958899999998,80.9407065,26.9289679,80.94091449999999,0,lko,Lucknow,2026-08-31T09:18:21.410483Z
ChIJZet2vP9WmTkRXZLVc1qYXR4,Singh Darbar non veg point,places,en,101,26.928958899999998,80.9407065,26.9309473,80.94137429999999,0,lko,Lucknow,2026-08-31T09:18:21.410510Z
ChIJv7kBDP9WmTkRe_T_8iH7mwk,TULSI RESTAURANT,places,en,101,26.928958899999998,80.9407065,26.930939,80.9398609,0,lko,Lucknow,2026-08-31T09:18:21.410516Z
ChIJuRSifA5XmTkRm7VWpvA9ppc,Lakhnavi Swaad - Family Restaurant & Banquet,places,en,101,26.928958899999998,80.9407065,26.9314027,80.9410482,0,lko,Lucknow,2026-08-31T09:18:21.410521Z
ChIJBawYTztXmTkR94s5KiUSXvE,Dream Art Cafe Banquet & Restaurant - Jankipuram,places,en,101,26.928958899999998,80.9407065,26.9314316,80.9406576,0,lko,Lucknow,2026-08-31T09:18:21.410526Z
ChIJK96hyOlXmTkRFTO0v8c8GSk,Biryani Chauraha Jankipuram,places,en,101,26.928958899999998,80.9407065,26.931202799999998,80.93938659999999,0,lko,Lucknow,2026-08-31T09:18:21.410530Z
ChIJq5kkgn3kmzkRnF5afRBH32w,Yadav Dudh Dairy & sweets,places,en,105,26.7847662,81.0314401,26.7861068,81.0317783,0,lko,Lucknow,2026-08-31T09:18:23.057536Z
ChIJ_7zUibPlmzkR3HclRbnQ7w4,Shri Balaji Foods And Sweets Points,places,en,105,26.7847662,81.0314401,26.7861182,81.03172959999999,0,lko,Lucknow,2026-08-31T09:18:23.057565Z
ChIJn5lwnn3kmzkR_tlorWGSSOY,Yadav Family Dhaba,places,en,105,26.7847662,81.0314401,26.786079299999997,81.0324727,0,lko,Lucknow,2026-08-31T09:18:23.057572Z
ChIJU3nylrXlmzkRta9rKapjSk0,Pure Sure Bakery,places,en,105,26.7847662,81.0314401,26.786102699999997,81.0324765,0,lko,Lucknow,2026-08-31T09:18:23.057577Z
ChIJO8htCn3kmzkRlrm4CihwKMc,Rameshwar Yadav Dhaba,places,en,105,26.7847662,81.0314401,26.7860458,81.0328852,0,lko,Lucknow,2026-08-31T09:18:23.057581Z
ChIJD5hW9-PlmzkRrIuL6yeAPCs,The moon cafe & restro,places,en,105,26.7847662,81.0314401,26.7853864,81.0337344,0,lko,Lucknow,2026-08-31T09:18:23.057585Z
ChIJBxL5dIfkmzkRy3QoIYGh6Pk,सिंह ढाबा,places,en,105,26.7847662,81.0314401,26.786235899999998,81.02961739999999,0,lko,Lucknow,2026-08-31T09:18:23.057590Z
ChIJ6_8mqn3kmzkRy7Nvw7mPpqw,Crowne Plaza Lucknow by IHG,places,en,105,26.7847662,81.0314401,26.786444799999998,81.03377689999999,0,lko,Lucknow,2026-08-31T09:18:23.057594Z
ChIJRwHEc-H5mzkRNB4JDe9Oi3I,Oudh Handi Chulha,places,en,111,26.734049650000003,80.8582588,26.734932699999998,80.8554798,0,lko,Lucknow,2026-08-31T09:18:25.206636Z
ChIJu40wGQABnDkRO3CVKC7qgos,Ganesh Rajpoot,places,en,116,26.791102350000003,80.75310515,26.7889663,80.7539887,0,lko,Lucknow,2026-08-31T09:18:26.892122Z
ChIJczCmg0H_mzkRrqXpLEOBRso,Greens Kitchens,places,en,119,26.800619400000002,80.88301565,26.8010831,80.88319949999999,0,lko,Lucknow,2026-08-31T09:18:28.030441Z
ChIJGXlnaSj_mzkR327C_GikpnI,PANDIT Ji KA HOTEL,places,en,119,26.800619400000002,80.88301565,26.801314599999998,80.8810481,0,lko,Lucknow,2026-08-31T09:18:28.030468Z
ChIJf8sVFq_jmzkR86acmo6ILKY,Mutton zaika,places,en,132,26.84072365,81.0062839,26.8409047,81.0041454,0,lko,Lucknow,2026-08-31T09:18:32.638012Z
ChIJU3dl-ObjmzkRpyonZODwqb0,Aromatica fusion cafe Restaurant,places,en,132,26.84072365,81.0062839,26.8386699,81.0053853,0,lko,Lucknow,2026-08-31T09:18:32.638040Z
ChIJJXo5obnjmzkRWWEwhjYT-1g,Olive & clove Rooftop Restaurant,places,en,132,26.84072365,81.0062839,26.8419997,81.0085823,0,lko,Lucknow,2026-08-31T09:18:32.638046Z
ChIJfYpgJcHjmzkR6DzgdTQOB9c,Awadhi Darbar,places,en,132,26.84072365,81.0062839,26.842735599999997,81.00779100000001,0,lko,Lucknow,2026-08-31T09:18:32.638050Z
ChIJnz5U_N_imzkRbDjRpc1zkYI,Dimsum Point,places,en,132,26.84072365,81.0062839,26.8405943,81.0090161,0,lko,Lucknow,2026-08-31T09:18:32.638054Z
ChIJHUCiW47jmzkRxK3yhyvQg5E,Shubhi Fast Food,places,en,132,26.84072365,81.0062839,26.8426202,81.00807030000001,0,lko,Lucknow,2026-08-31T09:18:32.638058Z
ChIJRyCRrzbjmzkRjC8pEmex_-w,Amir chicken and mutton shop,places,en,132,26.84072365,81.0062839,26.8382771,81.00655549999999,0,lko,Lucknow,2026-08-31T09:18:32.638062Z
ChIJBWd10dLjmzkR47OoCCThnF4,CHAIPUR TEA STALL,places,en,132,26.84072365,81.0062839,26.8426832,81.0082942,0,lko,Lucknow,2026-08-31T09:18:32.638066Z
ChIJF_sAu0vjmzkRC3gs6oG7TLI,Schezwan cafe and r restourent,places,en,133,26.84074155,80.9989538,26.840248,80.99903549999999,0,lko,Lucknow,2026-08-31T09:18:33.072047Z
ChIJmdkewprjmzkR-DsLlfFk8Ks,THE REAL HANDI,places,en,133,26.84074155,80.9989538,26.8401779,80.99910299999999,0,lko,Lucknow,2026-08-31T09:18:33.072072Z
ChIJ__UEZtnjmzkRG20jdiGE1WU,Momosquare,places,en,133,26.84074155,80.9989538,26.8405678,80.9983039,0,lko,Lucknow,2026-08-31T09:18:33.072077Z
ChIJy4YoLCPjmzkR09Y4O9wNwNY,"Bella Chao - Restaurant, Lucknow",places,en,133,26.84074155,80.9989538,26.840033700000003,80.99920329999999,0,lko,Lucknow,2026-08-31T09:18:33.072082Z
ChIJv7Wr7dbjmzkRa4cOYIW2Jg0,Unique meals- the taste of nawab,places,en,133,26.84074155,80.9989538,26.8399605,80.9992699,0,lko,Lucknow,2026-08-31T09:18:33.072086Z
ChIJT9efi9fimzkREuaY-CqqJNY,Mellows Restaurant And Banquet,places,en,133,26.84074155,80.9989538,26.840958,80.9980131,0,lko,Lucknow,2026-08-31T09:18:33.072090Z
ChIJ37HX__XjmzkRK7D7jZOMFxU,MADHUR BHOG SWEETS & RESTAURANT,places,en,133,26.84074155,80.9989538,26.840975999999998,80.9979893,0,lko,Lucknow,2026-08-31T09:18:33.072094Z
ChIJIV1189fimzkR6R3Q4vlvflE,Banjara Restaurant,places,en,133,26.84074155,80.9989538,26.840622999999997,80.99772469999999,0,lko,Lucknow,2026-08-31T09:18:33.072097Z
ChIJTQjW8tfimzkRznvnx4lpsUw,Nepal Chinese Fast Food Corner,places,en,133,26.84074155,80.9989538,26.8407737,80.9976363,0,lko,Lucknow,2026-08-31T09:18:33.072101Z
ChIJj1h3I4LjmzkRzj-xWVW6Kh8,BOON 'n' BOWL,places,en,133,26.84074155,80.9989538,26.8409663,80.99762930000001,0,lko,Lucknow,2026-08-31T09:18:33.072105Z
ChIJq2Qs77DjmzkRwlB5NWRsMv8,Mashi Biryani World,places,en,133,26.84074155,80.9989538,26.8396594,80.9998657,0,lko,Lucknow,2026-08-31T09:18:33.072109Z
ChIJQQxHj2XjmzkRGJP3HoBGMUo,The Chamaparan Nawab Restaurant,places,en,133,26.84074155,80.9989538,26.839420999999998,80.99959609999999,0,lko,Lucknow,2026-08-31T09:18:33.072112Z
ChIJsygukgrjmzkRlRkP7AfkT8Q,Purvanchal Swad Family Restaurant,places,en,133,26.84074155,80.9989538,26.8394013,80.9995533,0,lko,Lucknow,2026-08-31T09:18:33.072116Z
ChIJ31GsI4_jmzkR6pAGm_fHaMo,"Jai Maa Annapurna Bhojanalaya, Laxmi Market",places,en,133,26.84074155,80.9989538,26.8394133,81.0001706,0,lko,Lucknow,2026-08-31T09:18:33.072120Z
ChIJmdBx5czjmzkR3Zfyl96AAyc,Royalisto Restaurant,places,en,133,26.84074155,80.9989538,26.839192399999998,80.9998758,0,lko,Lucknow,2026-08-31T09:18:33.072124Z
ChIJi7wSqi_jmzkRUwH2DwZQTOI,Food cottage cafe & banquet,places,en,133,26.84074155,80.9989538,26.8394055,81.00024169999999,0,lko,Lucknow,2026-08-31T09:18:33.072127Z
ChIJnT3wzZvjmzkRU6WAdXYVo64,Zaika Of Lucknow Family Restaurant,places,en,133,26.84074155,80.9989538,26.839090799999997,80.9997893,0,lko,Lucknow,2026-08-31T09:18:33.072131Z
ChIJuU4bPgDjmzkRvpzmkdcratY,Hariom dhaba,places,en,133,26.84074155,80.9989538,26.842514299999998,80.9982132,0,lko,Lucknow,2026-08-31T09:18:33.072134Z
ChIJj-2iiuXjmzkRpbn9iBHszUg,JANU MOMOS SHOP,places,en,133,26.84074155,80.9989538,26.842653799999997,80.9978734,0,lko,Lucknow,2026-08-31T09:18:33.072138Z
ChIJF3t--jzjmzkR_mRU2eOnT28,Dwivedi Tiffin Services Pure Veg,places,en,133,26.84074155,80.9989538,26.838842800000002,81.00016500000001,0,lko,Lucknow,2026-08-31T09:18:33.072142Z
ChIJMyskVttZmTkRlCVKldFuj8E,Khatu Shyam Tiffin Service,places,en,135,26.8902445,81.0078293,26.889115,81.0076728,0,lko,Lucknow,2026-08-31T09:18:33.987179Z
ChIJ451mSoJZmTkRlM-akYgC-e4,Tiffin Junction,places,en,135,26.8902445,81.0078293,26.889038,81.008101,0,lko,Lucknow,2026-08-31T09:18:33.987198Z
ChIJr4m1u31ZmTkRFt1lS4GmVxU,Maa Kamakhya Annapurna kitchen,places,en,135,26.8902445,81.0078293,26.889019899999997,81.00803839999999,0,lko,Lucknow,2026-08-31T09:18:33.987203Z
ChIJy1pqA91ZmTkR8MWy13Uu-QA,Thali Central,places,en,135,26.8902445,81.0078293,26.8889089,81.00782579999999,0,lko,Lucknow,2026-08-31T09:18:33.987207Z
ChIJud0YPQBZmTkRUVNCb6C-eso,रिद्धि सिद्धि Restaurant,places,en,135,26.8902445,81.0078293,26.890456699999998,81.0063144,0,lko,Lucknow,2026-08-31T09:18:33.987211Z
ChIJg6sFpwtYmTkRTgD0XTP0rDg,LUCKNOW RESTAURANT,places,en,135,26.8902445,81.0078293,26.890457899999998,81.006303,0,lko,Lucknow,2026-08-31T09:18:33.987215Z
ChIJ45rcZwBZmTkRJrU3AhzPur0,The Royal Chicken,places,en,135,26.8902445,81.0078293,26.891593,81.007215,0,lko,Lucknow,2026-08-31T09:18:33.987219Z
ChIJCX8xnGpZmTkRcwqjZ8H4wsk,Wong's Chinese Express,places,en,135,26.8902445,81.0078293,26.8919693,81.0072337,0,lko,Lucknow,2026-08-31T09:18:33.987222Z
ChIJtfiNIgBZmTkRAodgbebbXGg,Chit Chat Adda,places,en,135,26.8902445,81.0078293,26.8909798,81.0059155,0,lko,Lucknow,2026-08-31T09:18:33.987226Z
ChIJq5erxT1ZmTkRrXpL4UVmuUw,Sanskari Chai Cafe,places,en,135,26.8902445,81.0078293,26.891955199999998,81.006922,0,lko,Lucknow,2026-08-31T09:18:33.987230Z
ChIJ_xwvQwBZmTkR1hW19n_rPnM,Yadav dudh dery,places,en,135,26.8902445,81.0078293,26.890424499999998,81.0055703,0,lko,Lucknow,2026-08-31T09:18:33.987233Z
ChIJF5VosXdZmTkRYI3TA68rFFE,Paul Aunty's Kitchen,places,en,135,26.8902445,81.0078293,26.890438099999997,81.0055356,0,lko,Lucknow,2026-08-31T09:18:33.987237Z
ChIJ583rWy1ZmTkRwMAkcthoM38,Yo z pizza,places,en,135,26.8902445,81.0078293,26.8924144,81.0074108,0,lko,Lucknow,2026-08-31T09:18:33.987241Z
ChIJQU1ImKpZmTkRdZLxbn2aR-4,Arvindo wale thapa fast food corner,places,en,135,26.8902445,81.0078293,26.892571,81.0074661,0,lko,Lucknow,2026-08-31T09:18:33.987244Z
ChIJS65BZbpZmTkReCe6iW4DDb4,JJ FOODS,places,en,135,26.8902445,81.0078293,26.8926798,81.00750719999999,0,lko,Lucknow,2026-08-31T09:18:33.987247Z
ChIJw95mUjHjmzkRq0vU9iKodVI,The Hungry hub,places,en,138,26.88528775,81.00959705,26.8854977,81.0087779,0,lko,Lucknow,2026-08-31T09:18:35.035552Z
ChIJf6MaVWHjmzkRhz39BvnCnz8,Tea Shop,places,en,138,26.88528775,81.00959705,26.8851537,81.0081913,0,lko,Lucknow,2026-08-31T09:18:35.035581Z
ChIJqUJLdwDjmzkRtnhqa8c3j_M,Chef Vasu South Indian authentic homemade style kitchens,places,en,138,26.88528775,81.00959705,26.8851753,81.0081323,0,lko,Lucknow,2026-08-31T09:18:35.035588Z
ChIJ5YS0KxPjmzkRCnHJBOxwBh0,THE VILLAGE FOOD FACTORY,places,en,138,26.88528775,81.00959705,26.885801299999997,81.00799789999999,0,lko,Lucknow,2026-08-31T09:18:35.035592Z
ChIJYbRuWINZmTkRFRMTK-KoI8A,Food Window,places,en,138,26.88528775,81.00959705,26.886867199999998,81.00990639999999,0,lko,Lucknow,2026-08-31T09:18:35.035597Z
ChIJO_sfiGrjmzkRMvFY7xR-ohk,Baba Chicken Biryani,places,en,138,26.88528775,81.00959705,26.8854074,81.0076766,0,lko,Lucknow,2026-08-31T09:18:35.035604Z
ChIJ9wO153_jmzkRt7rnwNap-pM,Only 50 Tiffin Service,places,en,138,26.88528775,81.00959705,26.886575399999998,81.00796969999999,0,lko,Lucknow,2026-08-31T09:18:35.035609Z
ChIJWwiMT7TjmzkRO9ofBEXNvNw,chef amma,places,en,138,26.88528775,81.00959705,26.8865141,81.00764079999999,0,lko,Lucknow,2026-08-31T09:18:35.035613Z
ChIJzQ7COADjmzkRiBJpB5RVoNQ,Priyam’s Kitchen,places,en,138,26.88528775,81.00959705,26.883042,81.0087249,0,lko,Lucknow,2026-08-31T09:18:35.035617Z
ChIJ69EShb1XmTkR04rFOj1DDh4,ADIYAL CHAI,places,en,144,26.9016125,80.9197498,26.901125399999998,80.9192164,0,lko,Lucknow,2026-08-31T09:18:37.360240Z
ChIJxaOwUHf9mzkRcFLRwg_tzOE,A Cube Cafe,places,en,144,26.9016125,80.9197498,26.901554400000002,80.9182811,0,lko,Lucknow,2026-08-31T09:18:37.360250Z
ChIJExtKIXtXmTkROHG6p05wnvw,Shukla Momos,places,en,144,26.9016125,80.9197498,26.9004856,80.91863140000001,0,lko,Lucknow,2026-08-31T09:18:37.360252Z
ChIJ-WBF3dZXmTkR4Zycs5M9G_I,Arun Fast Food,places,en,144,26.9016125,80.9197498,26.8998422,80.9179473,0,lko,Lucknow,2026-08-31T09:18:37.360254Z
ChIJPXfRhGhXmTkRHzK0IX7zCXY,Sahu Ji Fast Food Corner,places,en,144,26.9016125,80.9197498,26.903103299999998,80.9221561,0,lko,Lucknow,2026-08-31T09:18:37.360256Z
ChIJ8-FEE-lXmTkRk82aXZfJuy4,Grand pizza,places,en,144,26.9016125,80.9197498,26.8996368,80.9177335,0,lko,Lucknow,2026-08-31T09:18:37.360258Z
ChIJ3TkVSQDjmzkR8EfhfCsnDf0,Big B Biryani,places,en,145,26.88314365,81.00467565,26.8853084,81.0053318,0,lko,Lucknow,2026-08-31T09:18:37.816126Z
ChIJ03xx0ZPjmzkRPquGDVEioTM,Rajput Tiffin Service,places,en,145,26.88314365,81.00467565,26.8846645,81.0028368,0,lko,Lucknow,2026-08-31T09:18:37.816134Z
ChIJUYVJEDTjmzkR366bVPpRgUI,Ande ka Adda,places,en,145,26.88314365,81.00467565,26.885510399999998,81.00583189999999,0,lko,Lucknow,2026-08-31T09:18:37.816137Z
ChIJu_sCGN3jmzkR3mnqslYltF4,Spice corner,places,en,145,26.88314365,81.00467565,26.885321599999997,81.0064303,0,lko,Lucknow,2026-08-31T09:18:37.816138Z
ChIJKcHrAgDjmzkRXLR7ccT_UtE,Cafe Crown,places,en,146,26.84421785,81.03052880000001,26.8462734,81.0324911,0,lko,Lucknow,2026-08-31T09:18:38.178898Z
ChIJk4qOQLBXmTkRrM-Nx6cEmjc,ShubhShagun,places,en,147,26.9341783,80.9234246,26.9319745,80.9237647,0,lko,Lucknow,2026-08-31T09:18:38.507549Z
ChIJcZrMAnZXmTkRzY4HNEhBWGg,Shiv Gauri. Fast. Fast. Food. Santer,places,en,147,26.9341783,80.9234246,26.9315745,80.9233335,0,lko,Lucknow,2026-08-31T09:18:38.507563Z
ChIJFdVm9TxZmTkR6k4tzD9MRa4,Shree Mansharam Sweets,places,en,148,26.89685375,80.9976557,26.8969904,80.99709849999999,0,lko,Lucknow,2026-08-31T09:18:38.863216Z
ChIJuReclS_jmzkR4sxZ_oAM5PM,Fudge by R S bakery,places,en,148,26.89685375,80.9976557,26.8969722,80.9965593,0,lko,Lucknow,2026-08-31T09:18:38.863226Z
ChIJcTOiFLZZmTkR2e4aNphiNgc,Anita's Home Kitchen ( Cloud Kitchen),places,en,148,26.89685375,80.9976557,26.8976905,80.9994507,0,lko,Lucknow,2026-08-31T09:18:38.863228Z
ChIJeYMnQQ5ZmTkRBBPrNAIvVF0,Momo Monk,places,en,148,26.89685375,80.9976557,26.8980201,80.99975239999999,0,lko,Lucknow,2026-08-31T09:18:38.863229Z
ChIJdarvodZZmTkRDwsv7Yfs5s4,Adishree Cloud Kitchen,places,en,148,26.89685375,80.9976557,26.896181100000003,80.99515029999999,0,lko,Lucknow,2026-08-31T09:18:38.863231Z
ChIJMSc4KABXmTkR12eQcQBF9vE,Big Easy Bites,places,en,149,26.8996149,80.97725405,26.900094799999998,80.9750751,0,lko,Lucknow,2026-08-31T09:18:39.237229Z
ChIJj__WhGxXmTkR0R2cv6vyTOI,Nakhreeli Chai,places,en,150,26.898143349999998,80.92063655000001,26.8984185,80.92077739999999,0,lko,Lucknow,2026-08-31T09:18:39.572624Z
ChIJ6wuFUgBXmTkRIqfVMyVkOvc,Shivansh fast food and vadilal ice cream parlour,places,en,150,26.898143349999998,80.92063655000001,26.8979301,80.921172,0,lko,Lucknow,2026-08-31T09:18:39.572635Z
ChIJCTKkawBXmTkRc4gCE9xa76I,Priya bhojnalya,places,en,150,26.898143349999998,80.92063655000001,26.8979221,80.92116999999999,0,lko,Lucknow,2026-08-31T09:18:39.572638Z
ChIJ_U5_TABXmTkRrw9VJDFYGS0,Shivam Tiwari house,places,en,150,26.898143349999998,80.92063655000001,26.8976102,80.9192144,0,lko,Lucknow,2026-08-31T09:18:39.572640Z
ChIJs4rzW-BXmTkRFvT1mWA5M4g,Kashyap Brothers Egg Roll Coner,places,en,150,26.898143349999998,80.92063655000001,26.8969921,80.92175519999999,0,lko,Lucknow,2026-08-31T09:18:39.572642Z
ChIJcXCeHaFXmTkRh1ltm2ntoWA,Momoto,places,en,150,26.898143349999998,80.92063655000001,26.898535199999998,80.9186304,0,lko,Lucknow,2026-08-31T09:18:39.572644Z
ChIJ64XioT9XmTkR68s9U_JNeSo,Banshidhar Restaurant & Banquet,places,en,150,26.898143349999998,80.92063655000001,26.8967121,80.92221169999999,0,lko,Lucknow,2026-08-31T09:18:39.572646Z
ChIJCxhwaZJXmTkRdj-dl_amfzQ,Shivansh fast food and vadilal ice cream parlour,places,en,150,26.898143349999998,80.92063655000001,26.899129300000002,80.918536,0,lko,Lucknow,2026-08-31T09:18:39.572647Z
ChIJYeyEB-lXmTkRge1vcXT7DRU,BAIT AL. BROAST,places,en,151,26.919241399999997,80.96882790000001,26.919372,80.9671096,0,lko,Lucknow,2026-08-31T09:18:39.924996Z
ChIJTVS0R1ZWmTkR-fDIwC8xXuQ,Indrapuri colony LAZEEZ RESTAURANT,places,en,152,26.926455699999998,80.93547565,26.9261749,80.93589,0,lko,Lucknow,2026-08-31T09:18:40.295663Z
ChIJuYAQ3BJXmTkR-wLgp6SzY-E,Ajanta Cafe and Food Point,places,en,152,26.926455699999998,80.93547565,26.926137399999998,80.9359259,0,lko,Lucknow,2026-08-31T09:18:40.295678Z
ChIJrU5Sek1XmTkRaX76AF5ODts,New Desi Champaran Dhaba Lucknowi Darbar,places,en,152,26.926455699999998,80.93547565,26.9272113,80.93563710000001,0,lko,Lucknow,2026-08-31T09:18:40.295682Z
ChIJOYdFiz1XmTkR4xwuA2XUy2Q,Dhanvi Lawn,places,en,152,26.926455699999998,80.93547565,26.9266096,80.9345458,0,lko,Lucknow,2026-08-31T09:18:40.295685Z
ChIJ5aH2hflWmTkR0Cy2QOUa3Zc,Pandit Ji ka dhaba,places,en,152,26.926455699999998,80.93547565,26.927393199999997,80.93538579999999,0,lko,Lucknow,2026-08-31T09:18:40.295688Z
ChIJt849NWVXmTkRIzmmUNtoj3U,Hind Industries Lucknow,places,en,152,26.926455699999998,80.93547565,26.925462,80.9341205,0,lko,Lucknow,2026-08-31T09:18:40.295691Z
ChIJ_89P61ZWmTkRnSBcrWlTLKU,Awadhkhana Family (Best Budget Restaurant),places,en,152,26.926455699999998,80.93547565,26.924735,80.93594499999999,0,lko,Lucknow,2026-08-31T09:18:40.295694Z
ChIJQZGcsrlXmTkRJgC8o0gKves,Vishal Gupta,places,en,152,26.926455699999998,80.93547565,26.9266403,80.9329131,0,lko,Lucknow,2026-08-31T09:18:40.295696Z
ChIJGdODW33_mzkRCzfmWbpSv64,Golu's family restaurant,places,en,155,26.862115099999997,80.8611512,26.861746099999998,80.8621242,0,lko,Lucknow,2026-08-31T09:18:42.370408Z
ChIJkUGLBzH-mzkRPuhEY1W4Qls,Howrah Junction ( The Taste Of Kolkata),places,en,155,26.862115099999997,80.8611512,26.862702,80.8621059,0,lko,Lucknow,2026-08-31T09:18:42.370421Z
ChIJI6n5PgD_mzkRJElI2errXqM,Roll mammy,places,en,155,26.862115099999997,80.8611512,26.8624264,80.8623767,0,lko,Lucknow,2026-08-31T09:18:42.370424Z
ChIJd0bZCwD_mzkRvRxs9GHJ5tg,APNA DHABA,places,en,155,26.862115099999997,80.8611512,26.8611758,80.8623284,0,lko,Lucknow,2026-08-31T09:18:42.370427Z
ChIJJcgpAqz_mzkRMcjidMklkg4,Anurag Bhojnalay,places,en,155,26.862115099999997,80.8611512,26.861976499999997,80.86271529999999,0,lko,Lucknow,2026-08-31T09:18:42.370429Z
ChIJ_9IPDwf_mzkRXi9hjCZsxlg,Sarvan bhojnalye,places,en,155,26.862115099999997,80.8611512,26.8619582,80.8627135,0,lko,Lucknow,2026-08-31T09:18:42.370431Z
ChIJ6xiCJ33_mzkRTXJKNsRN4JA,N S Chicken Point,places,en,155,26.862115099999997,80.8611512,26.863369799999997,80.8623834,0,lko,Lucknow,2026-08-31T09:18:42.370433Z
ChIJqbFFHZD_mzkRNv44dg9sKKA,Rajesh Fast Food,places,en,155,26.862115099999997,80.8611512,26.8636642,80.8620595,0,lko,Lucknow,2026-08-31T09:18:42.370434Z
ChIJfSNHG8b_mzkRkAHjHXLy_FI,Aryan Fast Food,places,en,155,26.862115099999997,80.8611512,26.8612544,80.8583579,0,lko,Lucknow,2026-08-31T09:18:42.370436Z
ChIJR-j7VFD_mzkR2mypmbr_3xk,Sahu Hotel,places,en,156,26.863988900000003,80.8666921,26.8650248,80.8673159,0,lko,Lucknow,2026-08-31T09:18:42.697345Z
ChIJZbU4cBn_mzkR1iNCOHpiBrI,Sudama Sweets And Doodh Dairy,places,en,156,26.863988900000003,80.8666921,26.865769,80.8668352,0,lko,Lucknow,2026-08-31T09:18:42.697358Z
ChIJFfS0tDr-mzkRhXszWlluZYE,"Yadav Sweets,Malpur,Dubagga",places,en,156,26.863988900000003,80.8666921,26.8659735,80.8665192,0,lko,Lucknow,2026-08-31T09:18:42.697361Z
ChIJl7h52ob_mzkRdf0MilxEg2c,Salamat Egg Roll Corner,places,en,157,26.8744875,80.8618511,26.875403499999997,80.8615319,0,lko,Lucknow,2026-08-31T09:18:43.039021Z
ChIJ1-aLsin-mzkRz1OEO97DrdM,सत साहेब शुद्धशाकाहारी भोजनालय,places,en,157,26.8744875,80.8618511,26.875234700000004,80.8625303,0,lko,Lucknow,2026-08-31T09:18:43.039031Z
ChIJddobvCn-mzkRH81dD8kT1Fo,QAMAR ALAM MURADABADI BIRYANI,places,en,157,26.8744875,80.8618511,26.875436999999998,80.8615856,0,lko,Lucknow,2026-08-31T09:18:43.039034Z
ChIJU0vPRxX_mzkR1b_MsD-CCFM,Ocean of taste,places,en,157,26.8744875,80.8618511,26.8736,80.86399999999999,0,lko,Lucknow,2026-08-31T09:18:43.039037Z
ChIJ3xK4JAD_mzkRiAwZwX5Sh_M,Deepak Veg Biryani,places,en,157,26.8744875,80.8618511,26.8736839,80.8642211,0,lko,Lucknow,2026-08-31T09:18:43.039039Z
ChIJjWDlyW7_mzkR5tWMaGEGKlA,Anil Kumar Sweet Shop,places,en,157,26.8744875,80.8618511,26.8755483,80.85931699999999,0,lko,Lucknow,2026-08-31T09:18:43.039040Z
ChIJVbfR4Xz_mzkRFa43r8_-d98,Yadav Sweets,places,en,157,26.8744875,80.8618511,26.875550999999998,80.859313,0,lko,Lucknow,2026-08-31T09:18:43.039042Z
ChIJMfpQkzb_mzkRqD9yMIiYUH4,Spicy Nuggets,places,en,157,26.8744875,80.8618511,26.874103299999998,80.8647226,0,lko,Lucknow,2026-08-31T09:18:43.039044Z
ChIJt2Q8KnJXmTkR_o3Vl-S6eQM,The Biryani Hood,places,en,163,26.93391095,80.91115725,26.9325282,80.9121643,0,lko,Lucknow,2026-08-31T09:18:45.192140Z
ChIJq26OUhBXmTkR_QLO0gpgHfM,Ashish Yadav,places,en,163,26.93391095,80.91115725,26.9322871,80.91056569999999,0,lko,Lucknow,2026-08-31T09:18:45.192156Z
ChIJxXvvaChXmTkRzF-cy_5TFWc,CAFE LYKKE,places,en,163,26.93391095,80.91115725,26.9324104,80.90978849999999,0,lko,Lucknow,2026-08-31T09:18:45.192177Z
ChIJ84cZkYZXmTkR-TYtjruyChg,Shama-e-Awadh,places,en,163,26.93391095,80.91115725,26.9330778,80.9138542,0,lko,Lucknow,2026-08-31T09:18:45.192183Z
ChIJFdBdNQBXmTkR1fhoAmX17P4,Tunday Kababi (IIM Branch),places,en,163,26.93391095,80.91115725,26.9330769,80.9138597,0,lko,Lucknow,2026-08-31T09:18:45.192186Z
ChIJlxw89i9ZmTkR81HiMSdmNTY,Kitchen Panchayat,places,en,164,26.89516115,81.04697565000001,26.8956292,81.0479029,0,lko,Lucknow,2026-08-31T09:18:45.626673Z
ChIJ7R40ISFZmTkRcuUhfudOLTk,Sikandarabad Ki Mashoor Veg Biryani,places,en,164,26.89516115,81.04697565000001,26.8960559,81.0450335,0,lko,Lucknow,2026-08-31T09:18:45.626699Z
ChIJ_yxeehNZmTkRmk9VDIpeBDo,Purvanchal Steel Works,places,en,164,26.89516115,81.04697565000001,26.8964149,81.04517919999999,0,lko,Lucknow,2026-08-31T09:18:45.626706Z
ChIJNdydjbRZmTkRUuWtB9OTPgc,brochette,places,en,164,26.89516115,81.04697565000001,26.8962629,81.0450194,0,lko,Lucknow,2026-08-31T09:18:45.626710Z
ChIJESWl3pZZmTkRpXUq-YQigzo,Moti Mahal - Deva Road Lucknow,places,en,164,26.89516115,81.04697565000001,26.8938462,81.0448783,0,lko,Lucknow,2026-08-31T09:18:45.626713Z
ChIJBdDGUQBZmTkRU-TJN5EJnQo,Ocean Velvet cafe & restaurant,places,en,164,26.89516115,81.04697565000001,26.894143099999997,81.04454489999999,0,lko,Lucknow,2026-08-31T09:18:45.626716Z
ChIJlQmSTeVZmTkReSY3i2WFOfU,New Mummy Tiffin Services,places,en,164,26.89516115,81.04697565000001,26.8937195,81.0492446,0,lko,Lucknow,2026-08-31T09:18:45.626720Z
ChIJaxoJWgBZmTkRE3kw6QuZ-h4,Brother's Pizza,places,en,164,26.89516115,81.04697565000001,26.8940631,81.0444833,0,lko,Lucknow,2026-08-31T09:18:45.626723Z
ChIJBVqz0rZZmTkRM6DB0Q1UUrE,Ahlan Barbeque and Grills,places,en,164,26.89516115,81.04697565000001,26.8940514,81.0444873,0,lko,Lucknow,2026-08-31T09:18:45.626726Z
ChIJE2NUvgv7mzkR48dSLf157Dg,Javed chicken shop,places,en,165,26.78714985,80.9753155,26.786775,80.9746819,0,lko,Lucknow,2026-08-31T09:18:46.043039Z
ChIJN-l9qt77mzkRahiEzCyhTAo,Shakeel Qureshi chicken shop,places,en,165,26.78714985,80.9753155,26.786775,80.9746819,0,lko,Lucknow,2026-08-31T09:18:46.043057Z
ChIJc6uPLwD7mzkRkcxuugPnecM,The golden chaap,places,en,165,26.78714985,80.9753155,26.785818799999998,80.97375439999999,0,lko,Lucknow,2026-08-31T09:18:46.043062Z
ChIJS6bZG1n7mzkRxwOK5UxyslY,Gauri Fast Foods,places,en,165,26.78714985,80.9753155,26.7875305,80.97233609999999,0,lko,Lucknow,2026-08-31T09:18:46.043067Z
ChIJJ1lHX0ZXmTkRP_KW-OD2QUo,TCS Cafe,places,en,167,26.903141849999997,80.97428485,26.9037435,80.9738943,0,lko,Lucknow,2026-08-31T09:18:46.749790Z
ChIJG8COuUJXmTkREhEmthlzF5s,Doniel Pizza,places,en,167,26.903141849999997,80.97428485,26.9038036,80.9737028,0,lko,Lucknow,2026-08-31T09:18:46.749807Z
ChIJXV7ate1XmTkRAAAAMDoE-Xc,Maa Vaishno Sweets,places,en,167,26.903141849999997,80.97428485,26.9038963,80.9738181,0,lko,Lucknow,2026-08-31T09:18:46.749812Z
ChIJYeMfLexXmTkRg-KFePIXYOk,Balaji Restaurant,places,en,167,26.903141849999997,80.97428485,26.9031469,80.9732638,0,lko,Lucknow,2026-08-31T09:18:46.749815Z
ChIJdUhoTvBXmTkRjibLv1B3Jxk,ROLLA RAPPA VEG CORNER,places,en,167,26.903141849999997,80.97428485,26.903046,80.97317400000001,0,lko,Lucknow,2026-08-31T09:18:46.749818Z
ChIJF27Hx0lXmTkRCFRxQUVSBbw,Balveer Pani Puri,places,en,167,26.903141849999997,80.97428485,26.902861299999998,80.9731359,0,lko,Lucknow,2026-08-31T09:18:46.749821Z
ChIJb_SJEQBXmTkRHGej31pQ71g,BIRYANI Bites,places,en,167,26.903141849999997,80.97428485,26.9039807,80.97354589999999,0,lko,Lucknow,2026-08-31T09:18:46.749823Z
ChIJ147aou5XmTkRFvcNnCM06wc,New Pal Misthan Bhandar,places,en,167,26.903141849999997,80.97428485,26.902716299999998,80.9730773,0,lko,Lucknow,2026-08-31T09:18:46.749826Z
ChIJifn9-Z5XmTkRpXQlUnMhKBs,Ahmad muradabadi chicken biryani,places,en,167,26.903141849999997,80.97428485,26.9023951,80.9732143,0,lko,Lucknow,2026-08-31T09:18:46.749829Z
ChIJ9XbTOQBXmTkRfoVAtogWfg0,Tasty Fast Food Corner,places,en,167,26.903141849999997,80.97428485,26.9025791,80.9730641,0,lko,Lucknow,2026-08-31T09:18:46.749831Z
ChIJFRI9LOxXmTkRRlb9T-qD-bA,Domin'q pizza,places,en,167,26.903141849999997,80.97428485,26.902356700000002,80.9730062,0,lko,Lucknow,2026-08-31T09:18:46.749834Z
ChIJQ198sEVXmTkR8dLCNF4EKpw,Kartik Fast Food And Chat,places,en,167,26.903141849999997,80.97428485,26.9018485,80.9751903,0,lko,Lucknow,2026-08-31T09:18:46.749837Z
ChIJUVXWTwBXmTkRBMHHKJjlHB0,पांडेय शाकाहारी भोजनालय,places,en,167,26.903141849999997,80.97428485,26.9014614,80.97300159999999,0,lko,Lucknow,2026-08-31T09:18:46.749840Z
ChIJk96JyzVXmTkRKOXSgkpWREs,Shree Fast Food & Restro,places,en,167,26.903141849999997,80.97428485,26.905204899999998,80.97500959999999,0,lko,Lucknow,2026-08-31T09:18:46.749842Z
ChIJb1o8TgBXmTkRw71wqAqlZLg,HAOCHI MOMOS,places,en,167,26.903141849999997,80.97428485,26.9015073,80.9723838,0,lko,Lucknow,2026-08-31T09:18:46.749845Z
ChIJWzHGy_j8mzkRfpU_0j-swyk,Khurshid Hotel,places,en,168,26.829937100000002,80.9452722,26.8298278,80.94445180000001,0,lko,Lucknow,2026-08-31T09:18:47.191671Z
ChIJI6nNRP_7mzkRowhRTwENxP8,The Oven Pizza,places,en,168,26.829937100000002,80.9452722,26.829186999999997,80.9453439,0,lko,Lucknow,2026-08-31T09:18:47.191686Z
ChIJ82_HUAD9mzkRaW5KtQ7JUdc,Daawat-e-dum,places,en,168,26.829937100000002,80.9452722,26.829289900000003,80.946236,0,lko,Lucknow,2026-08-31T09:18:47.191691Z
ChIJs8ibfaf9mzkRy3EiBWAzqHE,SWASTIK MISHTHAN BHANDAR,places,en,168,26.829937100000002,80.9452722,26.828954799999998,80.94376199999999,0,lko,Lucknow,2026-08-31T09:18:47.191694Z
ChIJq-UQZH79mzkRuzcibcsZixU,Theorchidcafe,places,en,168,26.829937100000002,80.9452722,26.831746,80.9449674,0,lko,Lucknow,2026-08-31T09:18:47.191697Z
ChIJA4FnmyH9mzkR1GxpR0yENus,Maal,places,en,168,26.829937100000002,80.9452722,26.8287379,80.9470039,0,lko,Lucknow,2026-08-31T09:18:47.191700Z
ChIJZ1MHl_j8mzkRR5_NfQU6yow,Gan Vinaysk Bhojnalay,places,en,168,26.829937100000002,80.9452722,26.8284701,80.9437928,0,lko,Lucknow,2026-08-31T09:18:47.191703Z
ChIJ99MPTwD9mzkRsXCIOselms4,Ghanshyam Fast Food,places,en,168,26.829937100000002,80.9452722,26.8279636,80.94452,0,lko,Lucknow,2026-08-31T09:18:47.191706Z
ChIJ-47nqfj8mzkROZetA7K-CBs,Mama Biryani Wale,places,en,168,26.829937100000002,80.9452722,26.8297925,80.94291679999999,0,lko,Lucknow,2026-08-31T09:18:47.191709Z
ChIJkeNKUgD9mzkRzUUR9OTDv-8,Baburam chinese center,places,en,168,26.829937100000002,80.9452722,26.8278586,80.9446703,0,lko,Lucknow,2026-08-31T09:18:47.191712Z
ChIJwaqVOwD9mzkRT7n_w-1lOd4,Smoking BBQ 4U,places,en,168,26.829937100000002,80.9452722,26.8278221,80.94457129999999,0,lko,Lucknow,2026-08-31T09:18:47.191714Z
ChIJn3pCwFn9mzkRf9QnBNJvv-A,Andhra Dosa,places,en,168,26.829937100000002,80.9452722,26.8277428,80.9449168,0,lko,Lucknow,2026-08-31T09:18:47.191717Z
ChIJnRniC8_9mzkRV-DelWuq1cI,ANIL Kumar,places,en,168,26.829937100000002,80.9452722,26.82809,80.943893,0,lko,Lucknow,2026-08-31T09:18:47.191720Z
ChIJUVKQv9f9mzkRn6eXxGgZRHE,New Gayatri sweets,places,en,168,26.829937100000002,80.9452722,26.82809,80.94378999999999,0,lko,Lucknow,2026-08-31T09:18:47.191723Z
ChIJidxRZwD9mzkRZz9x3cjCdfo,Lallan,places,en,168,26.829937100000002,80.9452722,26.8283968,80.9433918,0,lko,Lucknow,2026-08-31T09:18:47.191725Z
ChIJ04yPEWb9mzkRyVUb1YUZMXU,SOUTH INDIAN RAMAN DOSA,places,en,168,26.829937100000002,80.9452722,26.8276564,80.945081,0,lko,Lucknow,2026-08-31T09:18:47.191728Z
ChIJY1VVFfn8mzkRmy6gYzKSMSk,Chefs Kitchen,places,en,168,26.829937100000002,80.9452722,26.827647499999998,80.9450978,0,lko,Lucknow,2026-08-31T09:18:47.191730Z
ChIJ2Tfvkkf9mzkRo3IlhwGnKeg,Burger Beans,places,en,168,26.829937100000002,80.9452722,26.8276611,80.94459119999999,0,lko,Lucknow,2026-08-31T09:18:47.191733Z
ChIJgULRMnb7mzkR63qo3vFYiW0,Sainik Bhojnalaya,places,en,168,26.829937100000002,80.9452722,26.828141199999997,80.94351619999999,0,lko,Lucknow,2026-08-31T09:18:47.191736Z
ChIJW5GEG1z9mzkRlDPNx_fJuWE,THE ROOTS CAFE AND RESTAURANT,places,en,168,26.829937100000002,80.9452722,26.827685900000002,80.9442965,0,lko,Lucknow,2026-08-31T09:18:47.191739Z
ChIJiyGfAMVXmTkRVfL4CdKtEmI,Meghna Fast Food And Mini Restaurant,places,en,169,26.89052145,80.9709138,26.890233499999997,80.97074359999999,0,lko,Lucknow,2026-08-31T09:18:47.615308Z
ChIJP5B9ruZXmTkR1thbu9Ay0Rs,Zafar Alam Muradabadi Chikan Biryani Centre,places,en,169,26.89052145,80.9709138,26.890518,80.97000799999999,0,lko,Lucknow,2026-08-31T09:18:47.615324Z
ChIJV8ptQ9xXmTkRfQyzpR7FNlE,Hamza Hotel,places,en,169,26.89052145,80.9709138,26.8901656,80.969942,0,lko,Lucknow,2026-08-31T09:18:47.615328Z
ChIJez_MJKpXmTkRsu3lSMMjjGo,I love Mama Biryani,places,en,169,26.89052145,80.9709138,26.890311500000003,80.9696927,0,lko,Lucknow,2026-08-31T09:18:47.615331Z
ChIJD8y_MOtXmTkRCRD-SM0yTBE,Up 32 Zaika Restaurant,places,en,169,26.89052145,80.9709138,26.8902374,80.9696166,0,lko,Lucknow,2026-08-31T09:18:47.615334Z
ChIJRz5F-BxXmTkRegBBs2QW8R4,Orhan Shawarma House (Khurram Nagar),places,en,169,26.89052145,80.9709138,26.8901948,80.96945079999999,0,lko,Lucknow,2026-08-31T09:18:47.615337Z
ChIJ8-pIqdhXmTkRN0PNwqMTQ9Y,Abu Zafran,places,en,169,26.89052145,80.9709138,26.8898668,80.9691471,0,lko,Lucknow,2026-08-31T09:18:47.615339Z
ChIJzZWsOLtXmTkRxC1ZR5oo6hs,Zaika Restaurant,places,en,169,26.89052145,80.9709138,26.8900194,80.9690772,0,lko,Lucknow,2026-08-31T09:18:47.615342Z
ChIJ3Wcppm9XmTkRZcx4TfeG2eQ,Maa Laxmi Bhojnalay (शुद्ध शाकाहारी),places,en,169,26.89052145,80.9709138,26.891440199999998,80.9727604,0,lko,Lucknow,2026-08-31T09:18:47.615353Z
ChIJJw_zPBRXmTkRrc6jWh8-CRw,The Chinese Taste YasFoods.com,places,en,169,26.89052145,80.9709138,26.8900914,80.9730584,0,lko,Lucknow,2026-08-31T09:18:47.615357Z
ChIJq8KGHANXmTkRKL9wBD5t9XM,Mr. Pizza,places,en,169,26.89052145,80.9709138,26.889841999999998,80.9687689,0,lko,Lucknow,2026-08-31T09:18:47.615359Z
ChIJaXKFEgBXmTkR3ogihv54W6Q,The Chariot of Taste,places,en,169,26.89052145,80.9709138,26.890410199999998,80.973522,0,lko,Lucknow,2026-08-31T09:18:47.615362Z
ChIJhVgX2eBXmTkRQ6dpPVDgIN0,Al Baik Lucknowi,places,en,169,26.89052145,80.9709138,26.8895911,80.96825179999999,0,lko,Lucknow,2026-08-31T09:18:47.615364Z
ChIJ-Yva_epXmTkRGjqoWw0TbRc,BABA BIRYANI,places,en,169,26.89052145,80.9709138,26.8895761,80.9681902,0,lko,Lucknow,2026-08-31T09:18:47.615366Z
ChIJEQ4hNwBXmTkRLDxEL7bli-Y,Azlan chicken Delhi 6,places,en,169,26.89052145,80.9709138,26.889571399999998,80.9681899,0,lko,Lucknow,2026-08-31T09:18:47.615369Z
ChIJ0-kJAsfjmzkRo2XtSyWI_0A,RAYA -The cloud kitchen,places,en,170,26.889171249999997,81.05584055,26.889091699999998,81.0555974,0,lko,Lucknow,2026-08-31T09:18:47.984633Z
ChIJ18PCYIjjmzkRAEhF_bVrJl0,"Tasty pizza paradise ""cafe and restaurant''",places,en,170,26.889171249999997,81.05584055,26.8890143,81.05562789999999,0,lko,Lucknow,2026-08-31T09:18:47.984649Z
ChIJ-WLpYzHjmzkRZhU8q1HaJ7Y,Hot In Hot Fast Food Corner,places,en,170,26.889171249999997,81.05584055,26.8888519,81.0558552,0,lko,Lucknow,2026-08-31T09:18:47.984654Z
ChIJCSm1fATjmzkRbiSoysJy9n8,Jeep Fast Food Corner,places,en,170,26.889171249999997,81.05584055,26.8888455,81.0558394,0,lko,Lucknow,2026-08-31T09:18:47.984657Z
ChIJfdh6_rHjmzkRGEcuhz2h6Zk,Charming Nest Restaurant,places,en,170,26.889171249999997,81.05584055,26.888951199999997,81.056288,0,lko,Lucknow,2026-08-31T09:18:47.984660Z
ChIJz05O113jmzkRBgo7hfXfnlg,"Pizza Hut | Crown Mall, Lucknow",places,en,170,26.889171249999997,81.05584055,26.888704099999998,81.05553100000002,0,lko,Lucknow,2026-08-31T09:18:47.984663Z
ChIJ-z2sRO7jmzkRi-IrXgxTjCk,Yadav Jalpaan Greh यादव जलपान गृह,places,en,170,26.889171249999997,81.05584055,26.8897615,81.0558334,0,lko,Lucknow,2026-08-31T09:18:47.984666Z
ChIJi34PZArimzkRBRP-zO-TvxA,"Best Biryani Corner, Goel Complex , Opp. BBD",places,en,170,26.889171249999997,81.05584055,26.888686999999997,81.056174,0,lko,Lucknow,2026-08-31T09:18:47.984669Z
ChIJsyFWNQDjmzkRsAs3KDVuY48,Meraki kitchen,places,en,170,26.889171249999997,81.05584055,26.888714,81.056231,0,lko,Lucknow,2026-08-31T09:18:47.984671Z
ChIJg04tKTbjmzkR7h0I4en4oiU,Tashan Cafe,places,en,170,26.889171249999997,81.05584055,26.888674899999998,81.0561851,0,lko,Lucknow,2026-08-31T09:18:47.984674Z
ChIJKwPTgHbjmzkRMf1O5pKu7g8,Pizza Love,places,en,170,26.889171249999997,81.05584055,26.888765499999998,81.0563762,0,lko,Lucknow,2026-08-31T09:18:47.984677Z
ChIJObDYCADjmzkRle-PgNvl2jg,Btech Chaiwala,places,en,170,26.889171249999997,81.05584055,26.888696699999997,81.05632659999999,0,lko,Lucknow,2026-08-31T09:18:47.984679Z
ChIJ3zMAYHjjmzkROz9fC_TpEIo,Om Medicals,places,en,170,26.889171249999997,81.05584055,26.8896888,81.0553254,0,lko,Lucknow,2026-08-31T09:18:47.984682Z
ChIJFZKojDLjmzkR0oAWJ8qWrwc,Bakaitea Adda Cafe,places,en,170,26.889171249999997,81.05584055,26.888754499999997,81.05640609999999,0,lko,Lucknow,2026-08-31T09:18:47.984685Z
ChIJZ1zIcRrjmzkRqDjA1eGFwNg,Al Karim Muradabadi Chiken Corner,places,en,170,26.889171249999997,81.05584055,26.8887586,81.05641539999999,0,lko,Lucknow,2026-08-31T09:18:47.984688Z
ChIJswffPtXjmzkRpIpTHVG_Xt8,La Pino'z Pizza,places,en,170,26.889171249999997,81.05584055,26.8885801,81.0554539,0,lko,Lucknow,2026-08-31T09:18:47.984690Z
ChIJjULKtX3jmzkRYwRzAR9ZcR0,Devendra Singh So Shyam Singh,places,en,170,26.889171249999997,81.05584055,26.8888578,81.05653240000001,0,lko,Lucknow,2026-08-31T09:18:47.984693Z
ChIJg-X9aYjjmzkRBfEK6VyrdVk,Mr. Idli,places,en,170,26.889171249999997,81.05584055,26.888918,81.0550743,0,lko,Lucknow,2026-08-31T09:18:47.984695Z
ChIJYWrcLfnjmzkRrUlL2zO7-BU,Barbeque Nation – Crown Mall,places,en,170,26.889171249999997,81.05584055,26.888565699999997,81.055415,0,lko,Lucknow,2026-08-31T09:18:47.984698Z
ChIJyZvkVp3jmzkRvt7ZHGpLT2c,Maa Annapurna Kitchen,places,en,170,26.889171249999997,81.05584055,26.888565699999997,81.055415,0,lko,Lucknow,2026-08-31T09:18:47.984701Z
ChIJ-5WUZ1DjmzkRBo-qms9_4F4,Grandsons of Tunday Kababi,places,en,171,26.8843649,81.05058844999999,26.8856023,81.0500147,0,lko,Lucknow,2026-08-31T09:18:48.326159Z
ChIJDYj5Ri_jmzkRJ8Fvfwb1_9I,Yadav dhaba,places,en,171,26.8843649,81.05058844999999,26.884539999999998,81.052101,0,lko,Lucknow,2026-08-31T09:18:48.326175Z
ChIJk5VZ7LjjmzkRGHGxYEh9pXY,Amritsari Haveli Lucknow Ayodhya Road,places,en,171,26.8843649,81.05058844999999,26.885552999999998,81.0498477,0,lko,Lucknow,2026-08-31T09:18:48.326180Z
ChIJscVfrOrjmzkRy2nEwWHow60,Purvi Chulha,places,en,171,26.8843649,81.05058844999999,26.8857353,81.0499201,0,lko,Lucknow,2026-08-31T09:18:48.326184Z
ChIJTbNuKwDjmzkREGo9Hr_SlDo,Disha Cook&Deliver,places,en,171,26.8843649,81.05058844999999,26.883551800000003,81.04905649999999,0,lko,Lucknow,2026-08-31T09:18:48.326188Z
ChIJr-RH9GvjmzkRHNcpLlwwQCE,Aarsh cafe Lucknow,places,en,171,26.8843649,81.05058844999999,26.8853029,81.04812720000001,0,lko,Lucknow,2026-08-31T09:18:48.326191Z
ChIJgXcCLi3jmzkRY2E4-S0s1nc,Best Biryani Center,places,en,171,26.8843649,81.05058844999999,26.8864186,81.05206299999999,0,lko,Lucknow,2026-08-31T09:18:48.326194Z
ChIJs_HnIHTimzkR02URKmJu53Y,Champaran Ahuna Meat,places,en,171,26.8843649,81.05058844999999,26.8851528,81.0479972,0,lko,Lucknow,2026-08-31T09:18:48.326197Z
ChIJdciEoHbimzkRaiQp1IpYJcs,Shivam Bhojnalaya,places,en,171,26.8843649,81.05058844999999,26.8845772,81.0477729,0,lko,Lucknow,2026-08-31T09:18:48.326200Z
ChIJH15YOADjmzkRcJ5muQAkXRs,The Back Benchers Bethak cafeteria,places,en,171,26.8843649,81.05058844999999,26.886865999999998,81.051537,0,lko,Lucknow,2026-08-31T09:18:48.326203Z
ChIJASRF8MvjmzkRHv5iPJ1wDzk,Desi Chai Ghar,places,en,171,26.8843649,81.05058844999999,26.886865999999998,81.051537,0,lko,Lucknow,2026-08-31T09:18:48.326207Z
ChIJr7SgfJjjmzkROsjKaiehcRs,Shivay Sweets & Namkeen,places,en,171,26.8843649,81.05058844999999,26.8870042,81.05121830000002,0,lko,Lucknow,2026-08-31T09:18:48.326210Z
ChIJWRVuX5njmzkR3M1LdGiAjq8,KGN Chicken Motton,places,en,172,26.828561649999997,81.0176709,26.828260099999998,81.01741969999999,0,lko,Lucknow,2026-08-31T09:18:48.753518Z
ChIJ9-wtRovjmzkRmhbRVJ92F2E,The Flavor Box,places,en,172,26.828561649999997,81.0176709,26.829192,81.017229,0,lko,Lucknow,2026-08-31T09:18:48.753535Z
ChIJy8S_jBDjmzkRkU74psxjzBw,Gud Chicken,places,en,172,26.828561649999997,81.0176709,26.827523499999998,81.0170673,0,lko,Lucknow,2026-08-31T09:18:48.753541Z
ChIJozQzVn_jmzkRuUmQQeW9McE,The Power Bowl,places,en,172,26.828561649999997,81.0176709,26.828136999999998,81.016382,0,lko,Lucknow,2026-08-31T09:18:48.753545Z
ChIJMRVNdwDjmzkRXlvMbrG2MHk,Bombay Dum Biryani,places,en,172,26.828561649999997,81.0176709,26.829969199999997,81.01667069999999,0,lko,Lucknow,2026-08-31T09:18:48.753548Z
ChIJZTKQQBrjmzkR60SaH0AGFSM,HABIBI MURADABADI BIRYANI,places,en,172,26.828561649999997,81.0176709,26.8305313,81.0161358,0,lko,Lucknow,2026-08-31T09:18:48.753551Z
ChIJpf7_1ZP-mzkRYNZaFM7TT1k,Gyan Dhaba & Restaurant,places,en,173,26.8172662,80.88171109999999,26.8169513,80.8820523,0,lko,Lucknow,2026-08-31T09:18:49.187427Z
ChIJ8X0tomf_mzkRRHTJ92TWukc,Drm puliya,places,en,173,26.8172662,80.88171109999999,26.819436999999997,80.8822526,0,lko,Lucknow,2026-08-31T09:18:49.187452Z
ChIJeb-FSgD_mzkRtjkkBJRcSAQ,Raj Nandini Food Corner,places,en,173,26.8172662,80.88171109999999,26.815071699999997,80.88289499999999,0,lko,Lucknow,2026-08-31T09:18:49.187458Z
ChIJMQlmsUbjmzkRn5BusLWDG8c,The Red Box,places,en,175,26.87331945,81.0102234,26.8740308,81.0098572,0,lko,Lucknow,2026-08-31T09:18:50.014694Z
ChIJWfmMlpfimzkRnPUnIy3hkZ4,Hotel Solitaire,places,en,175,26.87331945,81.0102234,26.873897,81.0109892,0,lko,Lucknow,2026-08-31T09:18:50.014725Z
ChIJoZenRaj9mzkR34ONyf4vf_w,garam masala restaurant,places,en,175,26.87331945,81.0102234,26.8738183,81.0092459,0,lko,Lucknow,2026-08-31T09:18:50.014731Z
ChIJ1-RckRpZmTkRQm_pF5xEOps,Anvi fast food and tea stall,places,en,175,26.87331945,81.0102234,26.8737486,81.01180939999999,0,lko,Lucknow,2026-08-31T09:18:50.014738Z
ChIJ617SS-LjmzkRlhCY7mO3gQY,CONA FASTFOOD,places,en,175,26.87331945,81.0102234,26.8739441,81.011892,0,lko,Lucknow,2026-08-31T09:18:50.014742Z
ChIJM8mlEwDjmzkRNt2Wzr_RcjE,Spicy Friends Cafe,places,en,175,26.87331945,81.0102234,26.874704599999998,81.01125340000002,0,lko,Lucknow,2026-08-31T09:18:50.014747Z
ChIJmXv0_PHjmzkRPFTLjGiRMyI,Subhas,places,en,175,26.87331945,81.0102234,26.875014699999998,81.01189269999999,0,lko,Lucknow,2026-08-31T09:18:50.014751Z
ChIJB5MhVX_jmzkRuNNuXh5cUsM,Yadav Bhojnalay,places,en,175,26.87331945,81.0102234,26.873640599999998,81.00767429999999,0,lko,Lucknow,2026-08-31T09:18:50.014755Z
ChIJIwjJj7zimzkRKsp8haih5Bg,बाबा रेस्तरां,places,en,175,26.87331945,81.0102234,26.8732492,81.00721419999999,0,lko,Lucknow,2026-08-31T09:18:50.014760Z
ChIJ2RwZUerjmzkReozw2RU66jc,Tafree Tapree,places,en,176,26.88137475,81.0525758,26.88159,81.05107040000001,0,lko,Lucknow,2026-08-31T09:18:50.360514Z
ChIJ5ZDTUGzjmzkRsGHnUofbmyw,VGS homes,places,en,176,26.88137475,81.0525758,26.881667399999998,81.0509421,0,lko,Lucknow,2026-08-31T09:18:50.360540Z
ChIJ36JfQgDjmzkRj7lmRKThLtA,MAA KA PYAR TIFFIN SERVICE,places,en,177,26.87845315,81.03324225,26.8778139,81.03314089999999,0,lko,Lucknow,2026-08-31T09:18:50.767463Z
ChIJGfHuVH3imzkRkg4O0vTxhzY,Adarsh Dhaba,places,en,177,26.87845315,81.03324225,26.877796,81.03360789999999,0,lko,Lucknow,2026-08-31T09:18:50.767498Z
ChIJt4sHTmfjmzkRfM9nfMc-XRo,"Deep Clarks Inn, Lucknow",places,en,177,26.87845315,81.03324225,26.8777507,81.0322166,0,lko,Lucknow,2026-08-31T09:18:50.767504Z
ChIJB2ObbTjjmzkRWRIg7QWK3VI,Sarthak Enterprises,places,en,177,26.87845315,81.03324225,26.878895300000003,81.034716,0,lko,Lucknow,2026-08-31T09:18:50.767509Z
ChIJ32MPEAfjmzkRQ7NHkOfWsPk,The Nation Food,places,en,177,26.87845315,81.03324225,26.8800374,81.03430159999999,0,lko,Lucknow,2026-08-31T09:18:50.767571Z
ChIJLbS1yqDjmzkRrdID0tNFRpg,Shakti Food Point,places,en,177,26.87845315,81.03324225,26.8771435,81.0313173,0,lko,Lucknow,2026-08-31T09:18:50.767582Z
ChIJr0orAgDjmzkR8dXslhqARwg,Chaat King,places,en,177,26.87845315,81.03324225,26.8770559,81.0312422,0,lko,Lucknow,2026-08-31T09:18:50.767587Z
ChIJa8PbutzjmzkRidN0MT6XnO0,Yadav Dhaba,places,en,177,26.87845315,81.03324225,26.8769632,81.0311448,0,lko,Lucknow,2026-08-31T09:18:50.767591Z
ChIJ0X0FSG7jmzkRs0mgYFbTQlk,NH 27 Dhaba,places,en,177,26.87845315,81.03324225,26.876634799999998,81.0314823,0,lko,Lucknow,2026-08-31T09:18:50.767595Z
ChIJyzKi0ZzjmzkRv5WUjWVvMus,Nawab Biryani Centre,places,en,177,26.87845315,81.03324225,26.876493699999997,81.0315766,0,lko,Lucknow,2026-08-31T09:18:50.767599Z
ChIJqV5xudb9mzkR2nqvIpsMOuM,Madihaan restaurant,places,en,177,26.87845315,81.03324225,26.8764316,81.0316271,0,lko,Lucknow,2026-08-31T09:18:50.767606Z
ChIJBTe-fADjmzkRSbw5Ma7hzEo,Gulistan colony,places,en,177,26.87845315,81.03324225,26.8763713,81.0317049,0,lko,Lucknow,2026-08-31T09:18:50.767611Z
ChIJB2B0rGLimzkRj38fL3zloww,Zayka Hotel,places,en,177,26.87845315,81.03324225,26.8762847,81.0316534,0,lko,Lucknow,2026-08-31T09:18:50.767615Z
ChIJHZW7bQDjmzkRRxsizBkKpMQ,Kanha Shree,places,en,177,26.87845315,81.03324225,26.87996,81.0356769,0,lko,Lucknow,2026-08-31T09:18:50.767619Z
ChIJe6KcLahZmTkRa9UiFLNKq70,PS Kitchen,places,en,178,26.894392699999997,80.99674995000001,26.8928199,80.99507,0,lko,Lucknow,2026-08-31T09:18:51.132014Z
ChIJnQjvH9rjmzkRhAlWqsJMnjY,Roll Waala,places,en,178,26.894392699999997,80.99674995000001,26.894794800000003,80.99415809999999,0,lko,Lucknow,2026-08-31T09:18:51.132057Z
ChIJKexsyNRZmTkRJiSXoaLau8I,Badshah RESTAURANT NON VEG AND VEG,places,en,178,26.894392699999997,80.99674995000001,26.892953799999997,80.9944345,0,lko,Lucknow,2026-08-31T09:18:51.132068Z
ChIJE592bTlXmTkRJA6J64jy3ao,PIZZA STOP,places,en,179,26.9114017,80.97073225,26.9108235,80.96927989999999,0,lko,Lucknow,2026-08-31T09:18:51.522745Z
ChIJWew-YZRXmTkRp7OvZCbWQa4,The royale poonam's cafe,places,en,179,26.9114017,80.97073225,26.9136442,80.9697873,0,lko,Lucknow,2026-08-31T09:18:51.522774Z
ChIJ0beYgv5XmTkRrWPnUD5yM_w,Mrs.Shukla food,places,en,179,26.9114017,80.97073225,26.9119694,80.96808490000001,0,lko,Lucknow,2026-08-31T09:18:51.522783Z
ChIJzdFmiilXmTkR9FEuYEZn6q4,OM CHAAT CORNER,places,en,179,26.9114017,80.97073225,26.909892,80.972949,0,lko,Lucknow,2026-08-31T09:18:51.522789Z
ChIJ75vtAXz_mzkRX3NwvtcYJec,Sunil Gupta Fast Food Corner,places,en,180,26.82183175,80.87748780000001,26.822140299999997,80.87681979999999,0,lko,Lucknow,2026-08-31T09:18:52.560158Z
ChIJbxxihUX_mzkR_CMq9XsIMIE,Mani momos point,places,en,180,26.82183175,80.87748780000001,26.822396299999998,80.8764027,0,lko,Lucknow,2026-08-31T09:18:52.560194Z
ChIJmwAZCYz_mzkRKsVHqBvKEKA,Uma Shankar,places,en,180,26.82183175,80.87748780000001,26.822558299999997,80.87565599999999,0,lko,Lucknow,2026-08-31T09:18:52.560201Z
ChIJy4GOA27_mzkRsRgZoYYTlWE,Radheshyam Chole Kulche,places,en,180,26.82183175,80.87748780000001,26.8232516,80.87559159999999,0,lko,Lucknow,2026-08-31T09:18:52.560207Z
ChIJM35IlFb_mzkR8DzbZa57VPg,Bombay Pav Bhaji,places,en,180,26.82183175,80.87748780000001,26.8232572,80.8751487,0,lko,Lucknow,2026-08-31T09:18:52.560211Z
ChIJkcBuVwDlmzkRrjDXbyfZRbY,Vatika kitchen,places,en,181,26.77755845,80.99876685000001,26.7790219,80.99808709999999,0,lko,Lucknow,2026-08-31T09:18:52.992108Z
ChIJ5be9HnLjmzkR6LsiV86Qsnw,SM ENTERPRISES,places,en,182,26.83813105,81.01333755,26.838212,81.0133559,0,lko,Lucknow,2026-08-31T09:18:53.402412Z
ChIJmwumPd7jmzkRuBfQDw-G86o,Radha Krishna Sweets & Restaurant,places,en,182,26.83813105,81.01333755,26.8385136,81.0128253,0,lko,Lucknow,2026-08-31T09:18:53.402504Z
ChIJR-0rYR7jmzkRhgWsLkGiJL4,MANYA'S Bakers and Sweets,places,en,182,26.83813105,81.01333755,26.8375746,81.01367239999999,0,lko,Lucknow,2026-08-31T09:18:53.402521Z
ChIJAfJK4KnjmzkRLvfoBplEkcQ,CANTEEN,places,en,182,26.83813105,81.01333755,26.838698299999997,81.01386289999999,0,lko,Lucknow,2026-08-31T09:18:53.402525Z
ChIJL_M96KnjmzkRG2PGGLuOXBw,Sahasya's,places,en,182,26.83813105,81.01333755,26.838923299999998,81.01341339999999,0,lko,Lucknow,2026-08-31T09:18:53.402529Z
ChIJfddYPnvjmzkRU0QLwSQvsGw,kukdukoo com,places,en,182,26.83813105,81.01333755,26.8372893,81.0137577,0,lko,Lucknow,2026-08-31T09:18:53.402533Z
ChIJX4DnlArjmzkR3MCu-l395JY,As Fast Food Corner,places,en,182,26.83813105,81.01333755,26.838040700000004,81.0119232,0,lko,Lucknow,2026-08-31T09:18:53.402537Z
ChIJEZQTCQDjmzkR3go6y19aPHU,Arun Kumar,places,en,182,26.83813105,81.01333755,26.838964999999998,81.01178929999999,0,lko,Lucknow,2026-08-31T09:18:53.402541Z
ChIJpyl9AgDjmzkRHDVtkzXBH1A,Shamsher Khan,places,en,182,26.83813105,81.01333755,26.838964999999998,81.01178929999999,0,lko,Lucknow,2026-08-31T09:18:53.402545Z
ChIJh-6RXgjjmzkR5mPYWwibR5A,Mirch Masala,places,en,182,26.83813105,81.01333755,26.8365109,81.01349479999999,0,lko,Lucknow,2026-08-31T09:18:53.402548Z
ChIJCahdeoXjmzkRI013LibC-QE,Harsh Jalebi Bhandar,places,en,182,26.83813105,81.01333755,26.837484999999997,81.011264,0,lko,Lucknow,2026-08-31T09:18:53.402552Z
ChIJ2Ws-AQDjmzkRdyYfjAjyAMw,Tadka restaurant,places,en,182,26.83813105,81.01333755,26.8389317,81.0112633,0,lko,Lucknow,2026-08-31T09:18:53.402556Z
ChIJPzNJYgnjmzkR33t_InQ3w34,Beeji De Parathe By Urmil's Kitchen,places,en,182,26.83813105,81.01333755,26.836920499999998,81.0153144,0,lko,Lucknow,2026-08-31T09:18:53.402559Z
ChIJxUBCHdbjmzkRgoOLsdNuS1Q,Nihalgarh ke mashoor samose,places,en,182,26.83813105,81.01333755,26.835918000000003,81.0138312,0,lko,Lucknow,2026-08-31T09:18:53.402631Z
ChIJO71dsybjmzkRwON6N1HY6bc,Lazeezya Mutton & Restro,places,en,182,26.83813105,81.01333755,26.8391397,81.0109557,0,lko,Lucknow,2026-08-31T09:18:53.402646Z
ChIJRciGm-DjmzkRU6wmHJqBSSo,NVP (Non Veg Point),places,en,182,26.83813105,81.01333755,26.839145499999997,81.01095099999999,0,lko,Lucknow,2026-08-31T09:18:53.402652Z
ChIJo9g8SQD_mzkRld1kInjUE5I,BALLANTINES,places,en,183,26.837594799999998,80.8341023,26.837284699999998,80.8340173,0,lko,Lucknow,2026-08-31T09:18:53.792490Z
ChIJrQUjZgD_mzkRPCpMYrv2ky8,The Millet House,places,en,183,26.837594799999998,80.8341023,26.8382929,80.8338122,0,lko,Lucknow,2026-08-31T09:18:53.792527Z
ChIJpeV-_J__mzkRUC3i4lduiTI,Ram Chauhan,places,en,183,26.837594799999998,80.8341023,26.835596799999998,80.83414309999999,0,lko,Lucknow,2026-08-31T09:18:53.792533Z
ChIJf2ZXO1v_mzkRwL5kVM8QmfI,Rastogi Egg Rolls,places,en,183,26.837594799999998,80.8341023,26.8368151,80.8365678,0,lko,Lucknow,2026-08-31T09:18:53.792537Z
ChIJHRqHcgD_mzkRaRESaZWeANc,The chatori cafe,places,en,183,26.837594799999998,80.8341023,26.835314399999998,80.8331956,0,lko,Lucknow,2026-08-31T09:18:53.792542Z
ChIJR9qRPgD_mzkRa0_7NlFj-iE,Namkeen Bazaar,places,en,184,26.84891455,80.85381325,26.8477622,80.8528922,0,lko,Lucknow,2026-08-31T09:18:54.178543Z
ChIJISdpzD3_mzkRKLxLPzMcwAw,Rama Pal,places,en,184,26.84891455,80.85381325,26.8468715,80.85358699999999,0,lko,Lucknow,2026-08-31T09:18:54.178566Z
ChIJz6HxJXz_mzkR0l4pBw5lpMg,The Moma's tiffin and fast food services,places,en,184,26.84891455,80.85381325,26.848833,80.8512389,0,lko,Lucknow,2026-08-31T09:18:54.178571Z
ChIJn-vKe7T_mzkRmVSNfvvTyf0,Maa Kripa Hotel and Banquets,places,en,184,26.84891455,80.85381325,26.846365,80.8530974,0,lko,Lucknow,2026-08-31T09:18:54.178575Z
ChIJ-esu-bnjmzkRqeDclOFgJaI,Lucknowi Dhawa,places,en,185,26.838360950000002,81.020297,26.8377742,81.0199421,0,lko,Lucknow,2026-08-31T09:18:54.667287Z
ChIJJ9yC9H7jmzkRPlJo8RCxR1Q,The Hungry Point Cafe,places,en,185,26.838360950000002,81.020297,26.8376788,81.0202849,0,lko,Lucknow,2026-08-31T09:18:54.667320Z
ChIJrfIx64HjmzkRMnUBK2k0ngM,Samosa Puff,places,en,185,26.838360950000002,81.020297,26.8380738,81.0194077,0,lko,Lucknow,2026-08-31T09:18:54.667327Z
ChIJMY-PYDfjmzkRi-asWIuuXj0,Gupta Hotal And Fast Food Corner,places,en,185,26.838360950000002,81.020297,26.8373925,81.020519,0,lko,Lucknow,2026-08-31T09:18:54.667331Z
ChIJe0QJZwLjmzkRQUQMEhImI5k,Deepak Maurya,places,en,185,26.838360950000002,81.020297,26.837168199999997,81.0208162,0,lko,Lucknow,2026-08-31T09:18:54.667336Z
ChIJ10NFRQTjmzkRf-CGkLz6kgE,Lucknow Famous Egg Roll,places,en,185,26.838360950000002,81.020297,26.837049399999998,81.0206104,0,lko,Lucknow,2026-08-31T09:18:54.667342Z
ChIJT-0SEQDjmzkRS7nSyJIZ9rk,Velvet Spoon,places,en,185,26.838360950000002,81.020297,26.8384403,81.0187558,0,lko,Lucknow,2026-08-31T09:18:54.667347Z
ChIJg7EVVTrjmzkR9jFbdeaXkpc,Garam Masala Fresh Hygienic Tasty,places,en,185,26.838360950000002,81.020297,26.838703199999998,81.01876930000002,0,lko,Lucknow,2026-08-31T09:18:54.667351Z
ChIJW62XkBHjmzkRd3M0iguCDbo,Laxmi Foods Junction,places,en,185,26.838360950000002,81.020297,26.8385216,81.01866199999999,0,lko,Lucknow,2026-08-31T09:18:54.667355Z
ChIJNaA180fjmzkRVh_401NE0dM,Bhook Lagi Kya,places,en,185,26.838360950000002,81.020297,26.836850100000003,81.01983369999999,0,lko,Lucknow,2026-08-31T09:18:54.667360Z
ChIJQQRMFkfjmzkRoAmebuxSKqc,Chennai Express,places,en,185,26.838360950000002,81.020297,26.838432,81.01821919999999,0,lko,Lucknow,2026-08-31T09:18:54.667363Z
ChIJGXi2pRHjmzkReyV5kylTyRo,Diet Food.com,places,en,185,26.838360950000002,81.020297,26.838535699999998,81.018125,0,lko,Lucknow,2026-08-31T09:18:54.667367Z
ChIJ3WOhM5jjmzkRjF6Gt0k-3gc,Pandit ji food corner,places,en,185,26.838360950000002,81.020297,26.8366483,81.0214828,0,lko,Lucknow,2026-08-31T09:18:54.667370Z
ChIJBxKuQ2HjmzkRzwSmbtniZnE,zorko,places,en,185,26.838360950000002,81.020297,26.8405806,81.0219425,0,lko,Lucknow,2026-08-31T09:18:54.667374Z
ChIJKXy2dwDjmzkR3795SdevDw4,Mr. Pizza King,places,en,185,26.838360950000002,81.020297,26.839141299999998,81.0174633,0,lko,Lucknow,2026-08-31T09:18:54.667378Z
ChIJBcSohchXmTkRkFjGpDjd_DA,Nawabi adda,places,en,187,26.9256997,80.93456855,26.9233698,80.9350019,0,lko,Lucknow,2026-08-31T09:18:56.541767Z
ChIJe8IEQ1dWmTkR-bTQVK0aByQ,ZAYKA BIRYANI POINT,places,en,187,26.9256997,80.93456855,26.923994099999998,80.9326592,0,lko,Lucknow,2026-08-31T09:18:56.541799Z
ChIJI0XWO3hXmTkR7d0Uqoe0Mz4,Satish Kumar Gupta,places,en,187,26.9256997,80.93456855,26.9275655,80.9324307,0,lko,Lucknow,2026-08-31T09:18:56.541806Z
ChIJc-vBpmH7mzkRR5OIg2y2zlQ,Rajput chaumin center,places,en,188,26.74078535,80.94718325,26.740904099999998,80.9466901,0,lko,Lucknow,2026-08-31T09:18:56.868814Z
ChIJDYAlahL9mzkRwGSEefmdnuk,Monu Chowmein Center,places,en,189,26.78906775,80.95784425,26.790557000000003,80.9561248,0,lko,Lucknow,2026-08-31T09:18:57.221016Z
ChIJ_crKsfJZmTkRilCLZ2QyaF0,Hahnemann,places,en,193,26.907952,81.01550165,26.9078661,81.01477059999999,0,lko,Lucknow,2026-08-31T09:18:58.775597Z
ChIJxdQJtWNXmTkRv5otqj3k2I8,Shivam Sweets House,places,en,194,26.9492072,80.92410795,26.9508326,80.92573220000001,0,lko,Lucknow,2026-08-31T09:18:59.219873Z
ChIJkaJbrGXjmzkRsyYq5Nc8Jeg,Granny's Tiffins,places,en,195,26.8254988,81.00436815,26.8249815,81.00667419999999,0,lko,Lucknow,2026-08-31T09:18:59.687368Z
ChIJGcecfH_jmzkR_3iyHZBHXw8,Street Swing,places,en,195,26.8254988,81.00436815,26.8272566,81.0062337,0,lko,Lucknow,2026-08-31T09:18:59.687397Z
ChIJ_1pxJpDjmzkRhQZ8FJmi0QE,Dixit Chaat House,places,en,196,26.82275715,81.02058475,26.8244986,81.0189848,0,lko,Lucknow,2026-08-31T09:19:00.073289Z
ChIJDRoJMQDjmzkRexA0SGhqWRM,Anant Cafe,places,en,196,26.82275715,81.02058475,26.8239113,81.0183903,0,lko,Lucknow,2026-08-31T09:19:00.073321Z
ChIJndC5Tnv_mzkRW_7yA827JFg,The yummy section restaurant,places,en,197,26.8236567,80.86671085,26.822357099999998,80.8684887,0,lko,Lucknow,2026-08-31T09:19:00.494796Z
ChIJg4qVVIL_mzkRMv_OrWa9XqA,Smart House,places,en,197,26.8236567,80.86671085,26.8222582,80.868431,0,lko,Lucknow,2026-08-31T09:19:00.494826Z
ChIJb1Ew_rr_mzkRFd21INxxmYo,TASTY BITES,places,en,197,26.8236567,80.86671085,26.822258299999998,80.86843189999999,0,lko,Lucknow,2026-08-31T09:19:00.494834Z
ChIJqUAuShT_mzkRMpN6UjoOKaQ,Namak Swad Anusar,places,en,197,26.8236567,80.86671085,26.826193,80.8673687,0,lko,Lucknow,2026-08-31T09:19:00.494840Z
ChIJbcUcNRP_mzkRFHncT63WXu4,Adithya Chinese Fast Food,places,en,197,26.8236567,80.86671085,26.825707599999998,80.8686316,0,lko,Lucknow,2026-08-31T09:19:00.494846Z
ChIJIzmCz85XmTkRxEhaFUpArvY,Radhe Krishna Sweets,places,en,198,26.91920605,80.97707840000001,26.919189499999998,80.9770236,0,lko,Lucknow,2026-08-31T09:19:00.900969Z
ChIJXbNlYwBXmTkReKauIkmtefQ,Sri Krishna sweets and fast food,places,en,198,26.91920605,80.97707840000001,26.918463799999998,80.97613810000001,0,lko,Lucknow,2026-08-31T09:19:00.901032Z
ChIJW7iKilBXmTkRTKOG_ltZFZg,MTS - Mumma’s Tiffin Service,places,en,198,26.91920605,80.97707840000001,26.917724699999997,80.9751891,0,lko,Lucknow,2026-08-31T09:19:00.901038Z
ChIJ4QXBQVRXmTkRAmyHfcsi2PI,Amisha lunch box service,places,en,198,26.91920605,80.97707840000001,26.920157,80.9794155,0,lko,Lucknow,2026-08-31T09:19:00.901042Z
ChIJB4Si9Wj9mzkRvTRKACmAeGk,Maurya Tea Stall,places,en,199,26.80882285,80.95341210000001,26.8076023,80.9551567,0,lko,Lucknow,2026-08-31T09:19:01.373980Z
ChIJhwt-WqD9mzkRSE1l0-VbJV4,Mr. Pizza Hub & Miss Maggi n Chai,places,en,199,26.80882285,80.95341210000001,26.806634,80.95400029999999,0,lko,Lucknow,2026-08-31T09:19:01.374012Z
ChIJe2Tbu-j9mzkRoiOuM6BgTlA,Base Hospital Officers Mess,places,en,199,26.80882285,80.95341210000001,26.8086104,80.9507812,0,lko,Lucknow,2026-08-31T09:19:01.374020Z
ChIJ9er0AFz9mzkRWARAuij-Lhg,Sonam dai momos,places,en,199,26.80882285,80.95341210000001,26.806671899999998,80.95461499999999,0,lko,Lucknow,2026-08-31T09:19:01.374027Z
ChIJezGcfQD9mzkR99OV8M_GHpc,WELCOME FAST FOOD CENTRE,places,en,199,26.80882285,80.95341210000001,26.806726299999998,80.954776,0,lko,Lucknow,2026-08-31T09:19:01.374032Z
ChIJq0PcGor9mzkR6JZRdzVKXzM,Gorkha Food Centre,places,en,199,26.80882285,80.95341210000001,26.806580999999998,80.954746,0,lko,Lucknow,2026-08-31T09:19:01.374038Z
ChIJswR7GAD7mzkREzbdiD6FfbQ,Rasoi,places,en,200,26.7628257,80.9640758,26.7614774,80.96493749999999,0,lko,Lucknow,2026-08-31T09:19:01.837163Z
ChIJIabZJOj7mzkRRFJX0xS0UH8,"Mood Bakers (Vrindavan Yojna, Sector-12)",places,en,200,26.7628257,80.9640758,26.7626627,80.9659497,0,lko,Lucknow,2026-08-31T09:19:01.837202Z
ChIJF8OI_7j7mzkRzT-oHF9OuBc,"McDonald's - Kahlon Emporium-II, Lucknow",places,en,200,26.7628257,80.9640758,26.7623672,80.96596869999999,0,lko,Lucknow,2026-08-31T09:19:01.837210Z
ChIJF68dSAD7mzkR4k9HzB432ic,Big Bowl,places,en,200,26.7628257,80.9640758,26.7623675,80.9659807,0,lko,Lucknow,2026-08-31T09:19:01.837215Z
ChIJsUkmMwD7mzkROkfUx7lGMew,Rollaa rappaa,places,en,200,26.7628257,80.9640758,26.7628324,80.9661514,0,lko,Lucknow,2026-08-31T09:19:01.837220Z
ChIJHz8O-XP7mzkRmNAIV9vqqSk,Chinese WOK,places,en,200,26.7628257,80.9640758,26.7622076,80.9661155,0,lko,Lucknow,2026-08-31T09:19:01.837225Z
ChIJ2xBairr7mzkRr3eg-4VjAT8,Rominus Pizza and Burger,places,en,200,26.7628257,80.9640758,26.762150799999997,80.9661185,0,lko,Lucknow,2026-08-31T09:19:01.837229Z
ChIJybRRlfj7mzkRVIt64DtAedQ,Wow China,places,en,200,26.7628257,80.9640758,26.7620966,80.9661033,0,lko,Lucknow,2026-08-31T09:19:01.837234Z
ChIJszTUhdz7mzkRUK37pwOrNrg,Wow! Momo,places,en,200,26.7628257,80.9640758,26.762093500000002,80.9661124,0,lko,Lucknow,2026-08-31T09:19:01.837238Z
ChIJHw3wq9b7mzkR7tT3Bxw4TDU,Vrindavan ki rasoi,places,en,200,26.7628257,80.9640758,26.764800299999997,80.9642853,0,lko,Lucknow,2026-08-31T09:19:01.837243Z
ChIJI79CRQ37mzkRkdquVauOsoo,Domino's Pizza Store,places,en,200,26.7628257,80.9640758,26.7619397,80.96614029999999,0,lko,Lucknow,2026-08-31T09:19:01.837249Z
ChIJ44r5VmX7mzkROBZD5SfvfJc,Tadka Punjab Daa Tiffin Services,places,en,200,26.7628257,80.9640758,26.764885099999997,80.9649197,0,lko,Lucknow,2026-08-31T09:19:01.837253Z
ChIJR2SG7d_7mzkR_9Vo3GySmWw,Swarna's Kitchen,places,en,200,26.7628257,80.9640758,26.764914299999997,80.9649469,0,lko,Lucknow,2026-08-31T09:19:01.837785Z
ChIJlck-7In7mzkRF0fpWW2tzwU,The Sundaram cafe,places,en,200,26.7628257,80.9640758,26.762136700000003,80.9664818,0,lko,Lucknow,2026-08-31T09:19:01.837835Z
ChIJl207pj1WmTkRA_G9TtNLNL0,Domino's Pizza,places,en,201,26.89606505,80.92381645,26.896038599999997,80.92281070000001,0,lko,Lucknow,2026-08-31T09:19:02.304587Z
ChIJdR4YJo1XmTkRjQhjBpCcYmI,Street Mazza Momo,places,en,202,26.906377,80.9283198,26.907081899999998,80.92847239999999,0,lko,Lucknow,2026-08-31T09:19:02.673053Z
ChIJg1TU9oZXmTkR1M4MyGdlys0,Shiva and shivansh fast food point.,places,en,202,26.906377,80.9283198,26.9067042,80.9274433,0,lko,Lucknow,2026-08-31T09:19:02.673160Z
ChIJIQuyRHdXmTkRY2Ln53mvxw0,Love Bite Pizza,places,en,202,26.906377,80.9283198,26.9065281,80.92730999999999,0,lko,Lucknow,2026-08-31T09:19:02.673174Z
ChIJW-aqLQBXmTkRsqt_LunqR6Q,Street Mazza Momo Anna Market,places,en,202,26.906377,80.9283198,26.90664,80.9270813,0,lko,Lucknow,2026-08-31T09:19:02.673181Z
ChIJEckriSZXmTkRPkvOMJr0yIc,The Creative Kitchen,places,en,202,26.906377,80.9283198,26.905030099999998,80.9283324,0,lko,Lucknow,2026-08-31T09:19:02.673187Z
ChIJ3_IplkdWmTkR2DLN_9MMCKU,मामा होटल,places,en,202,26.906377,80.9283198,26.906515900000002,80.92995610000001,0,lko,Lucknow,2026-08-31T09:19:02.673193Z
ChIJ_y4vBABXmTkR7Uos3iZGoMs,Sawariya fast food,places,en,202,26.906377,80.9283198,26.906863,80.92660099999999,0,lko,Lucknow,2026-08-31T09:19:02.673199Z
ChIJpyRdSyhXmTkRsaPsjSJx8fo,Pizza craving,places,en,202,26.906377,80.9283198,26.9040688,80.92877539999999,0,lko,Lucknow,2026-08-31T09:19:02.673205Z
ChIJ6cMvrZZXmTkRfCEDmOB0enw,Vaman Bhog,places,en,202,26.906377,80.9283198,26.904886299999998,80.92586779999999,0,lko,Lucknow,2026-08-31T09:19:02.673211Z
ChIJrYMBFC5XmTkRaj4AUh4zV2Q,MANAS KITCHEN PALACE,places,en,203,26.90764595,80.93580605,26.908698599999997,80.9348368,0,lko,Lucknow,2026-08-31T09:19:03.023614Z
ChIJva1nILhXmTkRdOQYMM8LpKo,Bikkgane Biryani,places,en,203,26.90764595,80.93580605,26.906045,80.9350096,0,lko,Lucknow,2026-08-31T09:19:03.023640Z
ChIJ3efwEwBXmTkRJYBiwTkuezM,Burger hub express,places,en,203,26.90764595,80.93580605,26.9060387,80.937908,0,lko,Lucknow,2026-08-31T09:19:03.023648Z
ChIJ_3JPSKdXmTkR4gEz5zGBGd4,Sharma Ji Puri Bhandar,places,en,204,26.91465975,80.93607015,26.914912899999997,80.9376972,0,lko,Lucknow,2026-08-31T09:19:03.535170Z
ChIJYUY0PqVXmTkRW3WWxi62xJk,Pizza bite,places,en,204,26.91465975,80.93607015,26.913568599999998,80.9346904,0,lko,Lucknow,2026-08-31T09:19:03.535199Z
ChIJY87pgflXmTkRcuvi-yNjFLw,sikandrabadi vej biryani,places,en,204,26.91465975,80.93607015,26.9135062,80.93766699999999,0,lko,Lucknow,2026-08-31T09:19:03.535205Z
ChIJvw2GN2dXmTkRtqRzLzaDaZk,Prakash Hotel,places,en,204,26.91465975,80.93607015,26.9163958,80.9355214,0,lko,Lucknow,2026-08-31T09:19:03.535211Z
ChIJTRKOKXpXmTkRy1Oh0W-SVAg,Fast Food Restaurant - Burger,places,en,204,26.91465975,80.93607015,26.913543599999997,80.9378028,0,lko,Lucknow,2026-08-31T09:19:03.535216Z
ChIJRyxtvSBXmTkRXfESh_WxEvE,PANDIT JI NAMKEEN AND SWEETS,places,en,204,26.91465975,80.93607015,26.9165593,80.9354255,0,lko,Lucknow,2026-08-31T09:19:03.535221Z
ChIJeatpR2xXmTkRKKGxTZL1C4Y,Dixit Ji Cafe,places,en,204,26.91465975,80.93607015,26.9134535,80.93790709999999,0,lko,Lucknow,2026-08-31T09:19:03.535225Z
ChIJrx7-2RFXmTkR4R2mffAWk6w,Spice N Chutney,places,en,204,26.91465975,80.93607015,26.9161249,80.934382,0,lko,Lucknow,2026-08-31T09:19:03.535230Z
ChIJPQ2RJExWmTkR5hgpbe1tp-I,Lambu ka Dhaba,places,en,204,26.91465975,80.93607015,26.9132999,80.9379369,0,lko,Lucknow,2026-08-31T09:19:03.535234Z
ChIJXwrxCD5XmTkRO8tWj2tUQOg,Chhotu Veg Corner And Fast food,places,en,204,26.91465975,80.93607015,26.9128042,80.93775219999999,0,lko,Lucknow,2026-08-31T09:19:03.535239Z
ChIJf0inGQNXmTkRg6UfWX8raYs,Dosa point,places,en,204,26.91465975,80.93607015,26.9129677,80.9380413,0,lko,Lucknow,2026-08-31T09:19:03.535243Z
ChIJ72ebDyJXmTkRkez_TSxrRIE,Food Junction,places,en,204,26.91465975,80.93607015,26.9165857,80.9378174,0,lko,Lucknow,2026-08-31T09:19:03.535248Z
ChIJCyWOQgBXmTkRaJQ0LxUUEB8,Shree Shyam Fast food,places,en,204,26.91465975,80.93607015,26.916594099999998,80.93786380000002,0,lko,Lucknow,2026-08-31T09:19:03.535286Z
ChIJ87tYbABXmTkR60fldCh5wsc,Laxmi Fast Food Restaurant,places,en,204,26.91465975,80.93607015,26.9166177,80.9378397,0,lko,Lucknow,2026-08-31T09:19:03.535297Z
ChIJxWsXPs1XmTkRomCzmxw65Hc,Indo pizza's,places,en,204,26.91465975,80.93607015,26.912664499999998,80.9378368,0,lko,Lucknow,2026-08-31T09:19:03.535302Z
ChIJk6auOgBXmTkRwsNY69pj2d4,Yadav Bhojanalaya,places,en,204,26.91465975,80.93607015,26.9166425,80.93787189999999,0,lko,Lucknow,2026-08-31T09:19:03.535308Z
ChIJK7kRB0xWmTkRS-X1fYHZi6A,Upendra Bati Chokha,places,en,204,26.91465975,80.93607015,26.9125226,80.9377161,0,lko,Lucknow,2026-08-31T09:19:03.535312Z
ChIJUfakBBRXmTkR-TD-iBxRMiE,Alam Moradabadi Chicken Biryani,places,en,204,26.91465975,80.93607015,26.916798,80.9376965,0,lko,Lucknow,2026-08-31T09:19:03.535363Z
ChIJcWVQeShXmTkRXP4R97vqTzA,Danish Muradabadi,places,en,204,26.91465975,80.93607015,26.9167907,80.93783549999999,0,lko,Lucknow,2026-08-31T09:19:03.535370Z
ChIJRVu6SrJXmTkR92JKlV7UEaI,Masala Chowk restaurant,places,en,205,26.911796600000002,80.93156364999999,26.9134715,80.9323237,0,lko,Lucknow,2026-08-31T09:19:03.971300Z
ChIJqWcP10VWmTkRutgPRCNtJk0,हरि ओम फास्ट फूड कार्नर,places,en,205,26.911796600000002,80.93156364999999,26.911089999999998,80.92963209999999,0,lko,Lucknow,2026-08-31T09:19:03.971325Z
ChIJq6qqBklWmTkR_7ci8IU_ngM,Jay Narayan Chat Bhandar,places,en,205,26.911796600000002,80.93156364999999,26.910488299999997,80.9338671,0,lko,Lucknow,2026-08-31T09:19:03.971331Z
ChIJc1ltNgBXmTkRjF0_Kf8hU34,Mansavi cafe (amdabadi chai),places,en,205,26.911796600000002,80.93156364999999,26.909638599999997,80.9332155,0,lko,Lucknow,2026-08-31T09:19:03.971335Z
ChIJowFGrVJXmTkR4ollBzp3Dpk,Sumit Food,places,en,205,26.911796600000002,80.93156364999999,26.909638599999997,80.9332159,0,lko,Lucknow,2026-08-31T09:19:03.971340Z
ChIJJwAAwEhWmTkRZXlGpWVRvWk,MURADABADI CHICKEN BIRYANI,places,en,205,26.911796600000002,80.93156364999999,26.909638599999997,80.933216,0,lko,Lucknow,2026-08-31T09:19:03.971344Z
ChIJBTIjCIBXmTkRzdONGXccRTI,SUFI HOTEL,places,en,208,26.92565455,80.93337715,26.9234685,80.932519,0,lko,Lucknow,2026-08-31T09:19:05.077223Z
ChIJjVb7DxxXmTkRQhjqlutzcMw,Shri BALAJI Sweets & Cafe,places,en,209,26.934863800000002,80.92256230000001,26.9343847,80.9202695,0,lko,Lucknow,2026-08-31T09:19:05.448609Z
ChIJcT3QSTdXmTkRkaeipWR7RmQ,Hasib Ahmad,places,en,209,26.934863800000002,80.92256230000001,26.9341255,80.9202068,0,lko,Lucknow,2026-08-31T09:19:05.448630Z
ChIJyfZS7eZXmTkRQrSwgcEQpyM,Star Cafe Sweets,places,en,209,26.934863800000002,80.92256230000001,26.9339876,80.92019020000001,0,lko,Lucknow,2026-08-31T09:19:05.448660Z
ChIJcwJNKJVXmTkRSVILqVNjmMw,Hamza Hotel,places,en,209,26.934863800000002,80.92256230000001,26.933995499999998,80.9201703,0,lko,Lucknow,2026-08-31T09:19:05.448666Z
ChIJMZx-Z0hXmTkRKCBL8nI6BPs,JUNED,places,en,209,26.934863800000002,80.92256230000001,26.9339226,80.92013539999999,0,lko,Lucknow,2026-08-31T09:19:05.448670Z
ChIJwc1fj25XmTkRqBc59FIAK5g,The Green Garden Cafe,places,en,210,26.93272725,80.92970205,26.9313617,80.93046009999999,0,lko,Lucknow,2026-08-31T09:19:05.792580Z
ChIJOYmsHQtXmTkRD1SVUdWDMVs,A To Z Adda,places,en,210,26.93272725,80.92970205,26.930881,80.9294664,0,lko,Lucknow,2026-08-31T09:19:05.792605Z
ChIJDZnPHclXmTkRUXvgeNMXivs,Cheese Burst Pizza,places,en,210,26.93272725,80.92970205,26.9326698,80.9318272,0,lko,Lucknow,2026-08-31T09:19:05.792612Z
ChIJgz3n8J5XmTkR-JWuA9l4u3U,Beyond Original,places,en,210,26.93272725,80.92970205,26.9314428,80.9280895,0,lko,Lucknow,2026-08-31T09:19:05.792621Z
ChIJ9yl6V_ZWmTkRHzOq7R6H8EA,SHIVA FAST FOOD CORNER,places,en,210,26.93272725,80.92970205,26.9310239,80.92841109999999,0,lko,Lucknow,2026-08-31T09:19:05.792626Z
ChIJ41FM8BZXmTkRpf4Yjzo7eOc,Aryan IIM,places,en,210,26.93272725,80.92970205,26.9311765,80.93134370000001,0,lko,Lucknow,2026-08-31T09:19:05.792631Z
ChIJ9RFIFyBXmTkRQfwUMPdHum0,Man Singh,places,en,210,26.93272725,80.92970205,26.9312209,80.931805,0,lko,Lucknow,2026-08-31T09:19:05.792635Z
ChIJLzYyzEtXmTkRLzYKBJMzDlo,Joy Food Court,places,en,210,26.93272725,80.92970205,26.9312631,80.93203729999999,0,lko,Lucknow,2026-08-31T09:19:05.792640Z
ChIJEQ5NnmpXmTkR_FJRbWYnb8g,Paratha zone restaurant,places,en,210,26.93272725,80.92970205,26.9300979,80.929695,0,lko,Lucknow,2026-08-31T09:19:05.792644Z
ChIJXTVWE7tXmTkRwDr6rnTME7w,Zomato office,places,en,211,26.919666499999998,80.9303999,26.9187148,80.9308561,0,lko,Lucknow,2026-08-31T09:19:06.210822Z
ChIJ1Sx6EllXmTkRIJsD9J3yJtM,BIHAR SPECIAL,places,en,211,26.919666499999998,80.9303999,26.920757499999997,80.9307473,0,lko,Lucknow,2026-08-31T09:19:06.210846Z
ChIJ2ycN3t1XmTkR3kOHf7dX92M,Md Mubarak,places,en,211,26.919666499999998,80.9303999,26.920779999999997,80.9296446,0,lko,Lucknow,2026-08-31T09:19:06.210852Z
ChIJ0-vMTKdXmTkR91ek7wCZOmw,"MEATICULOUS - Cuts, Crafts & Science",places,en,211,26.919666499999998,80.9303999,26.9184982,80.9317081,0,lko,Lucknow,2026-08-31T09:19:06.210856Z
ChIJ37Pl9VBXmTkR7sAr7RLZG64,Mo Hashim Biryani,places,en,211,26.919666499999998,80.9303999,26.9171806,80.9293448,0,lko,Lucknow,2026-08-31T09:19:06.210861Z
ChIJo-UXTEVXmTkREMwsxBTBZ_U,Grannys delight,places,en,212,26.913968150000002,80.9215127,26.9128066,80.9209418,0,lko,Lucknow,2026-08-31T09:19:06.644923Z
ChIJF9XRzfBXmTkR7pjhWmq53E0,Chhaya restaurant,places,en,212,26.913968150000002,80.9215127,26.9128898,80.9188659,0,lko,Lucknow,2026-08-31T09:19:06.644948Z
ChIJp1TXbX1XmTkRndemLUCcTX4,Verma Hotel,places,en,213,26.8985334,80.97568494999999,26.897944499999998,80.9740439,0,lko,Lucknow,2026-08-31T09:19:08.065043Z
ChIJvQ2HFQBXmTkREfc6gqR7QJk,Chinese food stall,places,en,213,26.8985334,80.97568494999999,26.89784,80.9734209,0,lko,Lucknow,2026-08-31T09:19:08.065071Z
ChIJl-ni7DlXmTkREes3fGapbf8,Ahmad Ali 1,places,en,214,26.9071156,80.96148994999999,26.9080136,80.9601946,0,lko,Lucknow,2026-08-31T09:19:08.418566Z
ChIJeX5jXOZXmTkR5ASvod5vj2M,SHABNAM BANO,places,en,214,26.9071156,80.96148994999999,26.908044699999998,80.96017959999999,0,lko,Lucknow,2026-08-31T09:19:08.418603Z
ChIJK_O8eKNXmTkRdrt0bJWWgB0,Gharib Nawaz Hotel,places,en,214,26.9071156,80.96148994999999,26.907939199999998,80.9599777,0,lko,Lucknow,2026-08-31T09:19:08.418611Z
ChIJ21Po5uJXmTkRFLwWziU1PGM,Radhe radhe sweets,places,en,214,26.9071156,80.96148994999999,26.906434299999997,80.9598397,0,lko,Lucknow,2026-08-31T09:19:08.418615Z
ChIJfZx5v8BXmTkR6AZKl2md9h4,Maa Jagdamba Bhojnalaya,places,en,214,26.9071156,80.96148994999999,26.9056715,80.96059,0,lko,Lucknow,2026-08-31T09:19:08.418620Z
ChIJG3C4IKjjmzkRHzoZ2RCGaY0,Welcome Cafe,places,en,214,26.9071156,80.96148994999999,26.9067698,80.95932169999999,0,lko,Lucknow,2026-08-31T09:19:08.418624Z
ChIJv8MlaABXmTkRj44zEJCYUKQ,Homemade kitchenz,places,en,214,26.9071156,80.96148994999999,26.909096899999998,80.9613971,0,lko,Lucknow,2026-08-31T09:19:08.418629Z
ChIJp72LvRtXmTkRmgr65WLjs50,Mohd Arshad,places,en,214,26.9071156,80.96148994999999,26.9082728,80.9596644,0,lko,Lucknow,2026-08-31T09:19:08.418634Z
ChIJq6v3xFxXmTkRBoiM3_V9OAw,Deluxe Tiffin Service,places,en,214,26.9071156,80.96148994999999,26.9077223,80.9593209,0,lko,Lucknow,2026-08-31T09:19:08.418639Z
ChIJk-nRD4dXmTkRns6r4Ty0IaE,Badshah biryani,places,en,214,26.9071156,80.96148994999999,26.904968099999998,80.96122009999999,0,lko,Lucknow,2026-08-31T09:19:08.418643Z
ChIJizM8CgBXmTkRJjuy9tBog3k,Secunderabad ki Veg Biryani,places,en,214,26.9071156,80.96148994999999,26.9072146,80.9590248,0,lko,Lucknow,2026-08-31T09:19:08.418648Z
ChIJA-gZfwBXmTkRW2E8geRY6Lw,SHREE CAFE,places,en,214,26.9071156,80.96148994999999,26.907267599999997,80.95886639999999,0,lko,Lucknow,2026-08-31T09:19:08.418653Z
ChIJBTrDNhxXmTkRxI2rO29gO0M,Avadhi jayaka,places,en,214,26.9071156,80.96148994999999,26.9047484,80.9614485,0,lko,Lucknow,2026-08-31T09:19:08.418657Z
ChIJPQHU9wtXmTkRCOUfroiV0Oc,Egg Roll,places,en,214,26.9071156,80.96148994999999,26.904745199999997,80.9614268,0,lko,Lucknow,2026-08-31T09:19:08.418662Z
ChIJDxAkxXtXmTkRO1INrQ8jytQ,Aalam muradabadi and hydrabadi biryaani,places,en,214,26.9071156,80.96148994999999,26.907697799999998,80.9587378,0,lko,Lucknow,2026-08-31T09:19:08.418667Z
ChIJq8sENQBXmTkRiXr4Lw1ElGY,Ayansh Tiffin Service,places,en,215,26.91355005,80.96334465,26.9128662,80.9629623,0,lko,Lucknow,2026-08-31T09:19:08.750106Z
ChIJ6_tB8KLjmzkRkhXvkWX1BUY,brij rooftop restaurant,places,en,215,26.91355005,80.96334465,26.913811,80.96455279999999,0,lko,Lucknow,2026-08-31T09:19:08.750133Z
ChIJawNZscNXmTkRQoSVCni8ZW4,JANTA BAKERY,places,en,215,26.91355005,80.96334465,26.915235,80.96197819999999,0,lko,Lucknow,2026-08-31T09:19:08.750139Z
ChIJSZselBBXmTkRlCZaH72bu8U,Test Of Hasan Muradabaadi Chicken Biryani,places,en,215,26.91355005,80.96334465,26.915658699999998,80.9620396,0,lko,Lucknow,2026-08-31T09:19:08.750143Z
ChIJEU2OlgBXmTkR77i314dGEL0,Royal Family Restaurant and Dhaba,places,en,215,26.91355005,80.96334465,26.9159108,80.9620863,0,lko,Lucknow,2026-08-31T09:19:08.750147Z
ChIJd71KrvxXmTkRI2Cy27u0MQw,MAHESH KUMAR YADAV,places,en,216,26.914291300000002,80.9612872,26.9161908,80.9621509,0,lko,Lucknow,2026-08-31T09:19:09.195197Z
ChIJ-____2tXmTkR6DqP3MYzybE,Radhey Shyam Restaurant,places,en,216,26.914291300000002,80.9612872,26.916465799999997,80.9622603,0,lko,Lucknow,2026-08-31T09:19:09.195214Z
ChIJF4TdW4hXmTkRVKJf-rGhm5Y,Aditya Gupta Chat Bhandar,places,en,216,26.914291300000002,80.9612872,26.916864999999998,80.9620597,0,lko,Lucknow,2026-08-31T09:19:09.195219Z
ChIJn6OqJE1XmTkRYgaI800Ui3I,Pizza cafe,places,en,217,26.9074818,80.97280025,26.908685,80.97168099999999,0,lko,Lucknow,2026-08-31T09:19:09.632002Z
ChIJk0LQHABXmTkRCBOJNKCvEDs,Jai Maa Chandrike Fast Food Corner,places,en,217,26.9074818,80.97280025,26.909695,80.9738812,0,lko,Lucknow,2026-08-31T09:19:09.632023Z
ChIJPeQX5pJXmTkRjMJqB9c-29E,Sachin Hotel,places,en,217,26.9074818,80.97280025,26.9096695,80.9739979,0,lko,Lucknow,2026-08-31T09:19:09.632028Z
ChIJYYvZaRBXmTkRyplkLsEIfSU,Islamuddin kabab Paratha,places,en,217,26.9074818,80.97280025,26.909762699999998,80.9739576,0,lko,Lucknow,2026-08-31T09:19:09.632032Z
ChIJjdzdEwlXmTkRefeDtkc21Fg,Bhojpuriya Hotel,places,en,217,26.9074818,80.97280025,26.909248599999998,80.9749099,0,lko,Lucknow,2026-08-31T09:19:09.632036Z
ChIJ1269JQBXmTkRkhUtnilrUyA,Royal Cafe,places,en,217,26.9074818,80.97280025,26.9093631,80.9748034,0,lko,Lucknow,2026-08-31T09:19:09.632039Z
ChIJoS2DUHhXmTkRbduRHEWTY1U,भारत दूध भण्डार,places,en,219,26.9337985,80.97775505,26.9337239,80.97834309999999,0,lko,Lucknow,2026-08-31T09:19:10.296213Z
ChIJVyyFn51XmTkRe-56kKJzys4,S S BIRYANI AND FAST FOOD,places,en,219,26.9337985,80.97775505,26.934213999999997,80.9790937,0,lko,Lucknow,2026-08-31T09:19:10.296230Z
ChIJwVYlTwBXmTkRDclWL9d6fYQ,Mughlai Mahal Restaurant,places,en,219,26.9337985,80.97775505,26.9342367,80.9792044,0,lko,Lucknow,2026-08-31T09:19:10.296236Z
ChIJRweHOwBXmTkRciCWmYlJ2kI,Chatori point,places,en,219,26.9337985,80.97775505,26.932168899999997,80.9775457,0,lko,Lucknow,2026-08-31T09:19:10.296240Z
ChIJj9G2oaBXmTkRiPXe3fRC8tY,HKC Hing Kachori Kesar Chai,places,en,219,26.9337985,80.97775505,26.9319073,80.97724099999999,0,lko,Lucknow,2026-08-31T09:19:10.296243Z
ChIJQxfMD3lXmTkR-9O8T-UszOg,Yadav Hotel,places,en,219,26.9337985,80.97775505,26.9354531,80.9794311,0,lko,Lucknow,2026-08-31T09:19:10.296246Z
ChIJO_vYCXhXmTkRTS1HiO12LWo,THE Pizza STORY,places,en,219,26.9337985,80.97775505,26.9314429,80.9769756,0,lko,Lucknow,2026-08-31T09:19:10.296250Z
ChIJySXo2atXmTkRLqlXhU74Lvo,The Tapri Treats,places,en,220,26.9330092,80.9469081,26.9329319,80.9466328,0,lko,Lucknow,2026-08-31T09:19:10.687313Z
ChIJkTHRHuJXmTkRJCq7TM-YlfY,SATENDRA,places,en,220,26.9330092,80.9469081,26.933223100000003,80.94720819999999,0,lko,Lucknow,2026-08-31T09:19:10.687337Z
ChIJNRJvbgBXmTkRQSSgRWqp0Io,Parna Restaurant/Non veg point,places,en,220,26.9330092,80.9469081,26.9334147,80.9465307,0,lko,Lucknow,2026-08-31T09:19:10.687342Z
ChIJead2b81XmTkR21X3PTTNHfg,The Noodle Saga,places,en,220,26.9330092,80.9469081,26.932848999999997,80.9463069,0,lko,Lucknow,2026-08-31T09:19:10.687346Z
ChIJUx1GPRlXmTkRNnxxwtAHsmU,The Sambhar Saga - Best South Indian Restraunt in Lucknow | Best Dosa in Lucknow,places,en,220,26.9330092,80.9469081,26.9327835,80.94631869999999,0,lko,Lucknow,2026-08-31T09:19:10.687350Z
ChIJHxwYViVXmTkRyRrYGXvJalI,Brewbakes café Lucknow jankipuram,places,en,220,26.9330092,80.9469081,26.9325141,80.9464351,0,lko,Lucknow,2026-08-31T09:19:10.687354Z
ChIJEeHnixhXmTkR_QtT2kaFfhQ,"Tamilnadu dosa point, jankipuram",places,en,220,26.9330092,80.9469081,26.933484099999998,80.94610759999999,0,lko,Lucknow,2026-08-31T09:19:10.687358Z
ChIJtYklYXxXmTkRUHhWtzZK6ew,Asha restaurant,places,en,220,26.9330092,80.9469081,26.933765100000002,80.9460141,0,lko,Lucknow,2026-08-31T09:19:10.687361Z
ChIJ4a7nbgBXmTkR88hX9pXI42E,Zillennial Coffee Cafe,places,en,220,26.9330092,80.9469081,26.9320855,80.945985,0,lko,Lucknow,2026-08-31T09:19:10.687365Z
ChIJZWbK2bFXmTkR15a8XIOriJk,Neel Kamal Veg Family Restaurant,places,en,220,26.9330092,80.9469081,26.9334733,80.945613,0,lko,Lucknow,2026-08-31T09:19:10.687368Z
ChIJgQlxwWxXmTkRY_25nmHlhaw,Cafe Grill,places,en,220,26.9330092,80.9469081,26.9318983,80.94609539999999,0,lko,Lucknow,2026-08-31T09:19:10.687372Z
ChIJQRJDSgBXmTkRClO4upGVwI0,"Domino's Pizza | Madiyaon, Lucknow",places,en,220,26.9330092,80.9469081,26.931772400000003,80.94602069999999,0,lko,Lucknow,2026-08-31T09:19:10.687375Z
ChIJIZ3wegBXmTkR80R4LZgCEtA,Burger Hub,places,en,220,26.9330092,80.9469081,26.9317587,80.94601829999999,0,lko,Lucknow,2026-08-31T09:19:10.687378Z
ChIJkzDsZgBXmTkRRTwFoXBFn94,Patna Restaurant/Non veg point,places,en,220,26.9330092,80.9469081,26.933814299999998,80.9451802,0,lko,Lucknow,2026-08-31T09:19:10.687382Z
ChIJZfW7BABXmTkR6zHeKWAx65g,Shukla Ji Patta Poori,places,en,220,26.9330092,80.9469081,26.934714099999997,80.94755769999999,0,lko,Lucknow,2026-08-31T09:19:10.687385Z
ChIJ0X5vHwBXmTkRAETOZvee0kw,Desi Jayka,places,en,220,26.9330092,80.9469081,26.9312601,80.945776,0,lko,Lucknow,2026-08-31T09:19:10.687388Z
ChIJMzvAhqtXmTkRStBmilJvN_0,OTP ( Ojaswani Tasty Platter),places,en,220,26.9330092,80.9469081,26.934426199999997,80.945156,0,lko,Lucknow,2026-08-31T09:19:10.687392Z
ChIJ4R2RuLVXmTkRnp0qNX4MCME,LADDOO CHINI FOODS,places,en,220,26.9330092,80.9469081,26.933797499999997,80.94445189999999,0,lko,Lucknow,2026-08-31T09:19:10.687395Z
ChIJqT-5CupXmTkR3jjRKu7pHtw,Royal Chimney,places,en,220,26.9330092,80.9469081,26.9355789,80.9477496,0,lko,Lucknow,2026-08-31T09:19:10.687399Z
ChIJzxxbJB79mzkR9xXt31ofqlQ,Lucknow Kaathi Roll,places,en,221,26.806616650000002,80.9083575,26.8066435,80.90986269999999,0,lko,Lucknow,2026-08-31T09:19:11.026413Z
ChIJ2yR5mxX9mzkR_p3YAjFkB68,Hunger point,places,en,221,26.806616650000002,80.9083575,26.8066064,80.90987009999999,0,lko,Lucknow,2026-08-31T09:19:11.026440Z
ChIJ6T9hAAr9mzkRkTnx_SQ1Zoc,jay tiffin services lucknow,places,en,221,26.806616650000002,80.9083575,26.807167399999997,80.9068425,0,lko,Lucknow,2026-08-31T09:19:11.026450Z
ChIJV8gaLcr9mzkRWu1uYbDTCaA,Chacha Chai Wala,places,en,221,26.806616650000002,80.9083575,26.807285999999998,80.9098283,0,lko,Lucknow,2026-08-31T09:19:11.026460Z
ChIJBQYjBAD9mzkRkD_AzxdhjR8,Gateway Fast Food,places,en,221,26.806616650000002,80.9083575,26.806007899999997,80.9104526,0,lko,Lucknow,2026-08-31T09:19:11.026465Z
ChIJ-QGiSVz9mzkR48NEKaRdmeY,S.S.G. BIRAYANI CENTRE,places,en,221,26.806616650000002,80.9083575,26.8073341,80.91046539999999,0,lko,Lucknow,2026-08-31T09:19:11.026469Z
ChIJOUB1r8z9mzkR2R6KFYZNN1g,Pratap Chat wali gali,places,en,221,26.806616650000002,80.9083575,26.809056200000004,80.90722939999999,0,lko,Lucknow,2026-08-31T09:19:11.026473Z
ChIJVSufMxf8mzkRceIZQM5-o_k,Punjab Food Mart,places,en,222,26.807144899999997,80.91173169999999,26.804900099999998,80.9114747,0,lko,Lucknow,2026-08-31T09:19:13.040222Z
ChIJKSDrF279mzkRXM5qxLACNqE,PARANTHA FUSION,places,en,223,26.8101846,80.9066684,26.810006899999998,80.9057436,0,lko,Lucknow,2026-08-31T09:19:13.468946Z
ChIJcfh1WPz9mzkRW8TkoJo2v1w,A2S VEG AND NONVEG RESTURENT,places,en,223,26.8101846,80.9066684,26.809566999999998,80.90556389999999,0,lko,Lucknow,2026-08-31T09:19:13.468973Z
ChIJQ26RF7D9mzkRyzQSga-MU9k,Lucknow Cafe,places,en,223,26.8101846,80.9066684,26.8095565,80.90534699999999,0,lko,Lucknow,2026-08-31T09:19:13.468980Z
ChIJKSGReCb9mzkRRiH8LkYW7KI,Lucknowie tadka,places,en,223,26.8101846,80.9066684,26.808435199999998,80.90605579999999,0,lko,Lucknow,2026-08-31T09:19:13.468984Z
ChIJmQS0QVf9mzkRimOupx_fZaw,Shivam Yadav,places,en,223,26.8101846,80.9066684,26.812334,80.90690850000001,0,lko,Lucknow,2026-08-31T09:19:13.468988Z
ChIJww6nVB_8mzkRe0wMP97fOn0,Mishra Fast Food,places,en,223,26.8101846,80.9066684,26.80961,80.9041412,0,lko,Lucknow,2026-08-31T09:19:13.468992Z
ChIJNVfWTyL8mzkRAAAAMBWkAiA,Moms Kitchen,places,en,223,26.8101846,80.9066684,26.8125905,80.9064823,0,lko,Lucknow,2026-08-31T09:19:13.468996Z
ChIJHaseQu_9mzkRx0C-onmLkxY,Baati Chokha Chander Nagar,places,en,224,26.8113984,80.9088528,26.813149199999998,80.90774569999999,0,lko,Lucknow,2026-08-31T09:19:13.855280Z
ChIJX1U0AwD9mzkRCUDJOGswFRE,Anil Sweet House,places,en,224,26.8113984,80.9088528,26.813373,80.907815,0,lko,Lucknow,2026-08-31T09:19:13.855303Z
ChIJwzdmwkX9mzkRNjjFo6JXN7E,Bhukkad Paaji,places,en,224,26.8113984,80.9088528,26.813161599999997,80.9067127,0,lko,Lucknow,2026-08-31T09:19:13.855311Z
ChIJO9qEqRr9mzkRA9ikO9EF9jU,The Oregano Cafe,places,en,224,26.8113984,80.9088528,26.8133697,80.9068047,0,lko,Lucknow,2026-08-31T09:19:13.855315Z
ChIJ3XJ504r9mzkR3SSVeb3qu54,Taste The Best,places,en,226,26.80311785,80.91308839999999,26.803369399999998,80.91266790000002,0,lko,Lucknow,2026-08-31T09:19:14.519136Z
ChIJX5jrGsn9mzkRfqce_iKsMTs,Shri bankey bihari dairy sweets,places,en,226,26.80311785,80.91308839999999,26.8025637,80.9129604,0,lko,Lucknow,2026-08-31T09:19:14.519170Z
ChIJ_24ETAD9mzkRS-etIgeBy-E,Better Food.Co,places,en,226,26.80311785,80.91308839999999,26.802439099999997,80.9140078,0,lko,Lucknow,2026-08-31T09:19:14.519176Z
ChIJp0RGOb79mzkRHlj_JvpATlk,Adarsh Pandey,places,en,226,26.80311785,80.91308839999999,26.8024294,80.9140152,0,lko,Lucknow,2026-08-31T09:19:14.519180Z
ChIJ85bLYEn9mzkR_V9TSQZtjsA,Raj Veg Corner,places,en,226,26.80311785,80.91308839999999,26.8019623,80.9130309,0,lko,Lucknow,2026-08-31T09:19:14.519184Z
ChIJ_2zjaPv_mzkR2NoMiNaNgBo,Lucknowi Zaiqa,places,en,226,26.80311785,80.91308839999999,26.8037323,80.9114549,0,lko,Lucknow,2026-08-31T09:19:14.519188Z
ChIJXbVigWD9mzkRtGGBx2CEGgg,Zorko,places,en,226,26.80311785,80.91308839999999,26.8021104,80.9157695,0,lko,Lucknow,2026-08-31T09:19:14.519193Z
ChIJ9bM0Dfr9mzkRTRB2qG8f4ag,Laxhmi Bhog Family Restaurant,places,en,226,26.80311785,80.91308839999999,26.802211000000003,80.91582849999999,0,lko,Lucknow,2026-08-31T09:19:14.519196Z
ChIJCzZkxxr8mzkR6UfeJjB8nqQ,Om Sai Pavan Baje Kabab And Fast Food,places,en,226,26.80311785,80.91308839999999,26.802222,80.9158332,0,lko,Lucknow,2026-08-31T09:19:14.519200Z
ChIJk0YntJz9mzkRl7LMh5W98Tk,Rajbhog sweet and resturant,places,en,226,26.80311785,80.91308839999999,26.8020739,80.91579949999999,0,lko,Lucknow,2026-08-31T09:19:14.519204Z
ChIJ71WaCQD7mzkRGP1X-MUeeNc,Avika ki Rasoi,places,en,227,26.77988945,80.93635155,26.780002999999997,80.935639,0,lko,Lucknow,2026-08-31T09:19:14.952451Z
ChIJsV4ScwD7mzkRKU6Np4uXZWc,Avika ki Rasoi,places,en,227,26.77988945,80.93635155,26.7799929,80.93562849999999,0,lko,Lucknow,2026-08-31T09:19:14.952467Z
ChIJW1XISMH7mzkRcGcVcedEGpM,The curry craft,places,en,227,26.77988945,80.93635155,26.7797786,80.93735629999999,0,lko,Lucknow,2026-08-31T09:19:14.952474Z
ChIJT5rqsKD7mzkRyXYLuWFELWc,Himalaya Fast Food & Sweets,places,en,227,26.77988945,80.93635155,26.781328700000003,80.93563510000001,0,lko,Lucknow,2026-08-31T09:19:14.952480Z
ChIJJ_j3qyn7mzkRDc09jRAb7LQ,360 Degree Restaurant,places,en,227,26.77988945,80.93635155,26.780124599999997,80.93453339999999,0,lko,Lucknow,2026-08-31T09:19:14.952485Z
ChIJx23GyLj7mzkRFoADBXIuHXQ,Adarsh food corner,places,en,227,26.77988945,80.93635155,26.781701599999998,80.93770889999999,0,lko,Lucknow,2026-08-31T09:19:14.952488Z
ChIJdyQ5KAD7mzkR9S4RbRtILss,Ghar ki Rasoi,places,en,227,26.77988945,80.93635155,26.7816071,80.9378906,0,lko,Lucknow,2026-08-31T09:19:14.952493Z
ChIJJyeHKpH7mzkRPn-9KyGuf7A,Surya,places,en,227,26.77988945,80.93635155,26.7819444,80.9376063,0,lko,Lucknow,2026-08-31T09:19:14.952497Z
ChIJwyHuMRH7mzkR4AL4zG5QK6I,Samada Hotel,places,en,227,26.77988945,80.93635155,26.782181899999998,80.9350661,0,lko,Lucknow,2026-08-31T09:19:14.952500Z
ChIJzUQU3Zz7mzkRbE9xQyawH5U,Sharma Ki Chai,places,en,228,26.784006050000002,80.93819835,26.7827974,80.93870009999999,0,lko,Lucknow,2026-08-31T09:19:15.399203Z
ChIJ65KJZwr7mzkReMssP1sFhQA,GUPTA PURI BHANDAR,places,en,228,26.784006050000002,80.93819835,26.783102799999998,80.9361234,0,lko,Lucknow,2026-08-31T09:19:15.399218Z
ChIJh_DzoIb7mzkR44CSYAz1GWQ,NEW ZAIKA RESTAURANT,places,en,228,26.784006050000002,80.93819835,26.782951399999998,80.9361765,0,lko,Lucknow,2026-08-31T09:19:15.399222Z
ChIJF_0vTHL7mzkRlXE8UqRFKdg,KURRY KINGDOM RESTAURANT ( KKR ),places,en,228,26.784006050000002,80.93819835,26.784305099999997,80.94120099999999,0,lko,Lucknow,2026-08-31T09:19:15.399229Z
ChIJW6ph46L7mzkRzJBpPxIQcg4,HOME KITCHEN,places,en,229,26.77498245,80.910086,26.775461099999998,80.9123683,0,lko,Lucknow,2026-08-31T09:19:15.735313Z
ChIJXVoln4X7mzkRQBYlqvDJTbs,Atreyi foods,places,en,229,26.77498245,80.910086,26.777188499999998,80.9111935,0,lko,Lucknow,2026-08-31T09:19:15.735334Z
ChIJGR1LLwD7mzkRbHYmjI0zcoA,Shiva Panshop,places,en,229,26.77498245,80.910086,26.777178199999998,80.91123859999999,0,lko,Lucknow,2026-08-31T09:19:15.735338Z
ChIJi-4GVuz7mzkRcGa4Xw4g5Ug,"Anantara Restaurant, Banquet, Lounge and cafe",places,en,229,26.77498245,80.910086,26.7773945,80.910455,0,lko,Lucknow,2026-08-31T09:19:15.735341Z
ChIJ0yNtB9j7mzkRsMACAn09gj0,Balaji fast food shop,places,en,229,26.77498245,80.910086,26.7769251,80.9117612,0,lko,Lucknow,2026-08-31T09:19:15.735343Z
ChIJkRk9GwD9mzkR0h_GO7JhGa8,FOOD CORNER,places,en,230,26.8111216,80.9259481,26.8127288,80.9272211,0,lko,Lucknow,2026-08-31T09:19:16.084815Z
ChIJR_GtSwD9mzkRmC_R57nyxy4,HUNGERGRAM,places,en,232,26.85512955,80.9631895,26.855839,80.96228339999999,0,lko,Lucknow,2026-08-31T09:19:16.814099Z
ChIJ9RKHT_D9mzkRxPFjImqmtDA,Maa Laxmi Kichen Shuddh Shakahari,places,en,232,26.85512955,80.9631895,26.8553473,80.9644194,0,lko,Lucknow,2026-08-31T09:19:16.814114Z
ChIJF3NOlxX9mzkRYEsKSP594NY,Old Nainital Momos,places,en,232,26.85512955,80.9631895,26.8563552,80.964096,0,lko,Lucknow,2026-08-31T09:19:16.814117Z
ChIJpTpzSgD9mzkRts0tBARuplU,MS CULINARY ( HOME DELIVERY AVAILABLE),places,en,232,26.85512955,80.9631895,26.856270199999997,80.9644107,0,lko,Lucknow,2026-08-31T09:19:16.814120Z
ChIJv6WGEmD9mzkRzNuIOtgsgYU,Faisal chiken shop,places,en,232,26.85512955,80.9631895,26.8564723,80.9643595,0,lko,Lucknow,2026-08-31T09:19:16.814123Z
ChIJI0qBGxP9mzkR209lkWeRhZ4,KAMLESH SINGH,places,en,232,26.85512955,80.9631895,26.8571755,80.9636369,0,lko,Lucknow,2026-08-31T09:19:16.814125Z
ChIJQ_AQyHf9mzkRm8tNuyNzOx8,MAHARAJA egg roll,places,en,232,26.85512955,80.9631895,26.8547366,80.96579799999999,0,lko,Lucknow,2026-08-31T09:19:16.814127Z
ChIJgduIoCL9mzkRBMOPzPz8hSQ,Mew Fresh Chicken And Mutton,places,en,232,26.85512955,80.9631895,26.8555314,80.9660866,0,lko,Lucknow,2026-08-31T09:19:16.814129Z
ChIJF_CDNgD9mzkRQPlDxlk3tJk,बनखंडी,places,en,232,26.85512955,80.9631895,26.8524744,80.96304769999999,0,lko,Lucknow,2026-08-31T09:19:16.814132Z
ChIJOzInMQb9mzkReMfrFI-72dQ,Cappuccino Blast Mall Avenue,places,en,233,26.833205550000002,80.94771765,26.8334716,80.9479739,0,lko,Lucknow,2026-08-31T09:19:17.159046Z
ChIJYa-uMQD9mzkRuTtu-NODhfk,CAPPI'S PIZZERIA,places,en,233,26.833205550000002,80.94771765,26.8336257,80.9481466,0,lko,Lucknow,2026-08-31T09:19:17.159057Z
ChIJjfV6YAD9mzkR7LTOErmtPTs,Mall Road MC Saxena chauraha Lucknow,places,en,233,26.833205550000002,80.94771765,26.8338405,80.9477775,0,lko,Lucknow,2026-08-31T09:19:17.159060Z
ChIJmRoEbv78mzkRxRsXQdIuKX8,Lebua Cafe,places,en,233,26.833205550000002,80.94771765,26.8342207,80.9480628,0,lko,Lucknow,2026-08-31T09:19:17.159062Z
ChIJqYiMHAD9mzkRh9r-nx_4VyM,Azrak restaurant,places,en,233,26.833205550000002,80.94771765,26.8342201,80.9482084,0,lko,Lucknow,2026-08-31T09:19:17.159064Z
ChIJJ7sBbv78mzkRTYxJqBUtWI8,1936 Ristorante Italia,places,en,233,26.833205550000002,80.94771765,26.834329399999998,80.9477177,0,lko,Lucknow,2026-08-31T09:19:17.159066Z
ChIJEY7yDXr9mzkRkklIXS4DaoY,Red Dragon,places,en,233,26.833205550000002,80.94771765,26.831703299999997,80.9485706,0,lko,Lucknow,2026-08-31T09:19:17.159068Z
ChIJCfX0YgD9mzkRAv9p2nELjg0,The Thali Therapy,places,en,233,26.833205550000002,80.94771765,26.8342749,80.95025500000001,0,lko,Lucknow,2026-08-31T09:19:17.159070Z
ChIJLcajPfjjmzkRL1KdA7UPesc,Haider Biryani,places,en,234,26.86554985,81.04552795000001,26.8662773,81.0470799,0,lko,Lucknow,2026-08-31T09:19:18.551285Z
ChIJFQVEwlLjmzkR_JS0tDVcBEg,Big Bites!,places,en,234,26.86554985,81.04552795000001,26.863724899999998,81.0464181,0,lko,Lucknow,2026-08-31T09:19:18.551298Z
ChIJ1_norjbjmzkRsRcSaBHu7Mo,Sonu Maurya,places,en,234,26.86554985,81.04552795000001,26.8675098,81.04511699999999,0,lko,Lucknow,2026-08-31T09:19:18.551302Z
ChIJJcHnqyXjmzkR9ebn3FJxteA,Dragon Fire Cafe,places,en,234,26.86554985,81.04552795000001,26.8675182,81.04510119999999,0,lko,Lucknow,2026-08-31T09:19:18.551305Z
ChIJ34ohYsbjmzkR51vryMWMh40,Pratigya Chinese Station,places,en,234,26.86554985,81.04552795000001,26.8674316,81.0438095,0,lko,Lucknow,2026-08-31T09:19:18.551307Z
ChIJbdRikE3jmzkRPYBOyyB1zBM,Ram Babu,places,en,234,26.86554985,81.04552795000001,26.863298000000004,81.0469431,0,lko,Lucknow,2026-08-31T09:19:18.551310Z
ChIJoXFIlOzjmzkRbxP0nqk5IXY,The Pizzeria House,places,en,234,26.86554985,81.04552795000001,26.8653333,81.0425995,0,lko,Lucknow,2026-08-31T09:19:18.551312Z
ChIJkximvyb-mzkRz69xp_JV-4w,Underground Lounge,places,en,235,26.8709821,80.8678621,26.872427,80.8680107,0,lko,Lucknow,2026-08-31T09:19:18.897228Z
ChIJQSLpRgD_mzkRJ6_eIgZSOWc,The Steamy Corner,places,en,236,26.8722358,80.86852455,26.8734835,80.8692693,0,lko,Lucknow,2026-08-31T09:19:19.711615Z
ChIJFdUIr_r_mzkRjgZwyCGlJhU,Ikon Cafe & Restaurant,places,en,236,26.8722358,80.86852455,26.8733298,80.86979800000002,0,lko,Lucknow,2026-08-31T09:19:19.711654Z
ChIJNUxgi63_mzkRqcXRjpw6PPs,Chickland,places,en,236,26.8722358,80.86852455,26.873706499999997,80.86743539999999,0,lko,Lucknow,2026-08-31T09:19:19.711675Z
ChIJlYfktWP_mzkR_iTem_KaVOM,Pizza Land,places,en,236,26.8722358,80.86852455,26.873708399999998,80.8674343,0,lko,Lucknow,2026-08-31T09:19:19.711679Z
ChIJZ00oSuH_mzkRXKNLURVBJzo,Ganga Enterprise Pvt Ltd,places,en,236,26.8722358,80.86852455,26.8729272,80.8712024,0,lko,Lucknow,2026-08-31T09:19:19.711682Z
ChIJFxvTUyH-mzkRAAAA0DUeG0k,sonu fast food,places,en,236,26.8722358,80.86852455,26.8726228,80.87130379999999,0,lko,Lucknow,2026-08-31T09:19:19.711685Z
ChIJQ0_URgD_mzkRAii6rUqIKDQ,Zaika non veg point,places,en,236,26.8722358,80.86852455,26.8734988,80.8711811,0,lko,Lucknow,2026-08-31T09:19:19.711687Z
ChIJRXc2PwD_mzkRNbKcdRiZRi4,Royal darbar banquet & cafe,places,en,236,26.8722358,80.86852455,26.873480500000003,80.871208,0,lko,Lucknow,2026-08-31T09:19:19.711690Z
ChIJrxoOewD_mzkR-IunYpbdaCw,Gappu morya fast food senter,places,en,237,26.85938595,80.86596115,26.86,80.8673948,0,lko,Lucknow,2026-08-31T09:19:20.124797Z
ChIJc6KyaYD_mzkRuvynQfeWbtk,Yameen Hotel,places,en,240,26.86439805,80.88859934999999,26.864550299999998,80.8874752,0,lko,Lucknow,2026-08-31T09:19:21.172098Z
ChIJjdf-rN7_mzkR1mNTOMjM5Wo,Al-aziz pizza and burger cafe,places,en,240,26.86439805,80.88859934999999,26.8652443,80.88780129999999,0,lko,Lucknow,2026-08-31T09:19:21.172118Z
ChIJLUuwdnz_mzkRAx6SXl957tc,Up 32 murge walee,places,en,240,26.86439805,80.88859934999999,26.8651977,80.8877067,0,lko,Lucknow,2026-08-31T09:19:21.172124Z
ChIJP4bg8RD_mzkReHgDRLhFXys,Al Zaika Muradabadi Chicken Biryani,places,en,240,26.86439805,80.88859934999999,26.8657073,80.8884628,0,lko,Lucknow,2026-08-31T09:19:21.172128Z
ChIJR_xUlJX_mzkRtBGbaJQQ7sQ,Mohd Rashid Quraishi,places,en,240,26.86439805,80.88859934999999,26.866231799999998,80.8892173,0,lko,Lucknow,2026-08-31T09:19:21.172131Z
ChIJGVvnNhD-mzkRVzemM75_WuA,Amit Boilers,places,en,240,26.86439805,80.88859934999999,26.864873799999998,80.8864732,0,lko,Lucknow,2026-08-31T09:19:21.172134Z
ChIJ65UPFxD-mzkR4HrMQAMzRMo,Alok Butter Chicken,places,en,240,26.86439805,80.88859934999999,26.866037,80.8867939,0,lko,Lucknow,2026-08-31T09:19:21.172138Z
ChIJ16jxLgD_mzkRh4yMe5ZzOKI,MUHAM CAFE and Restaurant,places,en,240,26.86439805,80.88859934999999,26.866505000000004,80.8898237,0,lko,Lucknow,2026-08-31T09:19:21.172141Z
ChIJqwTa15nimzkRdicG7jiwzBk,Pawan Sweets and Bakery,places,en,241,26.877084949999997,81.01105845000001,26.875643999999998,81.01205709999999,0,lko,Lucknow,2026-08-31T09:19:21.507090Z
ChIJB3-RwITjmzkRmFLSz6-767o,PRITI SAHU,places,en,241,26.877084949999997,81.01105845000001,26.8771523,81.0130787,0,lko,Lucknow,2026-08-31T09:19:21.507103Z
ChIJm6idGmrjmzkReeoLNltd898,Apna Chai Adda,places,en,241,26.877084949999997,81.01105845000001,26.8755088,81.0120867,0,lko,Lucknow,2026-08-31T09:19:21.507108Z
ChIJL-PbAgDjmzkRfV-5DpW-ai8,Dubey bhojanalya Sudh shakahari,places,en,241,26.877084949999997,81.01105845000001,26.878834299999998,81.01164969999999,0,lko,Lucknow,2026-08-31T09:19:21.507110Z
ChIJDfXKeHjjmzkRRjQE5QxPG1E,Avaneesh Chauhan,places,en,241,26.877084949999997,81.01105845000001,26.8773552,81.0131286,0,lko,Lucknow,2026-08-31T09:19:21.507113Z
ChIJi3RAuwHjmzkRPkGeDBb3VTQ,Al Habib Biryani Corner,places,en,241,26.877084949999997,81.01105845000001,26.877204199999998,81.0132007,0,lko,Lucknow,2026-08-31T09:19:21.507116Z
ChIJtRSu0dPjmzkRfMTjwnMCuOQ,Mohammed Sufiyan,places,en,241,26.877084949999997,81.01105845000001,26.879003200000003,81.0116117,0,lko,Lucknow,2026-08-31T09:19:21.507119Z
ChIJ7zeGwn3jmzkR5U6khHqSYWk,The Ketl Chai Shop,places,en,241,26.877084949999997,81.01105845000001,26.878125999999998,81.00906599999999,0,lko,Lucknow,2026-08-31T09:19:21.507122Z
ChIJ-UdqQMPjmzkRQEoxC4bYvdw,CHAI CAFE BAR,places,en,241,26.877084949999997,81.01105845000001,26.877758999999998,81.013227,0,lko,Lucknow,2026-08-31T09:19:21.507125Z
ChIJsbYlVgDjmzkRvjchbh6FMBU,Radhika Kitchen,places,en,241,26.877084949999997,81.01105845000001,26.877112699999998,81.01337339999999,0,lko,Lucknow,2026-08-31T09:19:21.507127Z
ChIJR3ZkLADjmzkRaM0C0-vM8Kc,Maurya fast food karnar,places,en,241,26.877084949999997,81.01105845000001,26.879317099999998,81.0109856,0,lko,Lucknow,2026-08-31T09:19:21.507139Z
ChIJJSClmJnimzkRnqsYLD3xtIw,HOTEL FOOD JUNCTION VEG & NONVEG,places,en,241,26.877084949999997,81.01105845000001,26.877877500000004,81.0133869,0,lko,Lucknow,2026-08-31T09:19:21.507143Z
ChIJixdILknjmzkRVnwmzGQCZC4,Atrangi cafe & kitchen ( Eat good be happy ),places,en,241,26.877084949999997,81.01105845000001,26.8792366,81.01002419999999,0,lko,Lucknow,2026-08-31T09:19:21.507145Z
ChIJByq1WAvjmzkR-rDVCbA0uFQ,Special Dum Chai,places,en,241,26.877084949999997,81.01105845000001,26.8778776,81.0135535,0,lko,Lucknow,2026-08-31T09:19:21.507148Z
ChIJTd9Jvn_jmzkRUQ-m4sIxBJg,KASHYAP CHAAT CHOWMIN AND BURGER CORNER,places,en,241,26.877084949999997,81.01105845000001,26.877802,81.01366370000001,0,lko,Lucknow,2026-08-31T09:19:21.507151Z
ChIJj4PKOxTjmzkRJMuNMysR2WU,Taste of Punjab Tiffins & Food Services,places,en,241,26.877084949999997,81.01105845000001,26.8796215,81.0103675,0,lko,Lucknow,2026-08-31T09:19:21.507154Z
ChIJd2D3ruNZmTkRuklBbBCM3zk,Aachman Veg Restaurant,places,en,242,26.890905150000002,81.00093895,26.8908773,81.00209199999999,0,lko,Lucknow,2026-08-31T09:19:22.900750Z
ChIJ57GyQAlYmTkRigtFwdr-11c,Indrani Sweets & Restaurant,places,en,242,26.890905150000002,81.00093895,26.891067099999997,81.00235409999999,0,lko,Lucknow,2026-08-31T09:19:22.900769Z
ChIJZbjJwbZZmTkR_IcjzNkxkDo,Dakshineswaram Kafe | Indira Nagar | Lucknow | South Indian Cafe,places,en,242,26.890905150000002,81.00093895,26.890960999999997,80.9993365,0,lko,Lucknow,2026-08-31T09:19:22.900774Z
ChIJs-HoccRZmTkRDTCMKAKIvRI,DURGA FAMILY RESTAURANT,places,en,242,26.890905150000002,81.00093895,26.890857099999998,80.9989669,0,lko,Lucknow,2026-08-31T09:19:22.900778Z
ChIJnVU24odZmTkReXTgSbOVtRc,Near nursery,places,en,242,26.890905150000002,81.00093895,26.888869,81.0005639,0,lko,Lucknow,2026-08-31T09:19:22.900782Z
ChIJsYiNlilZmTkRlCEwbDAQ-WY,Bharat Dhaba,places,en,242,26.890905150000002,81.00093895,26.8909628,81.0033389,0,lko,Lucknow,2026-08-31T09:19:22.900786Z
ChIJ2T73UitZmTkR32EFHKnvM3k,ZAIKA - ए - BANARAS,places,en,242,26.890905150000002,81.00093895,26.8886894,81.00245760000001,0,lko,Lucknow,2026-08-31T09:19:22.900789Z
ChIJ0fN-RJ5ZmTkRnrVguSumvbs,yours kitchen,places,en,242,26.890905150000002,81.00093895,26.8922052,81.00349760000002,0,lko,Lucknow,2026-08-31T09:19:22.900792Z
ChIJl1CtRfJZmTkRF0yh7W1ELDo,Xpress non Veg Corner,places,en,242,26.890905150000002,81.00093895,26.8886136,81.002493,0,lko,Lucknow,2026-08-31T09:19:22.900796Z
ChIJTU1tK2JZmTkRHtQ0OXnk9E4,AT ENTERPRISES,places,en,243,26.89501015,81.03486735,26.8943893,81.0368211,0,lko,Lucknow,2026-08-31T09:19:23.267379Z
ChIJ15rozzBZmTkRGoj9MOyYgj0,Guddu veg point,places,en,243,26.89501015,81.03486735,26.8943893,81.0368211,0,lko,Lucknow,2026-08-31T09:19:23.267400Z
ChIJuSPPEa5ZmTkR5E_IioJLCSI,Tiffsi,places,en,243,26.89501015,81.03486735,26.8943893,81.0368211,0,lko,Lucknow,2026-08-31T09:19:23.267405Z
ChIJxTtnb0tZmTkRbG3X2tsQ4Qg,ANIL KUMAR,places,en,243,26.89501015,81.03486735,26.8943892,81.03682119999999,0,lko,Lucknow,2026-08-31T09:19:23.267409Z
ChIJPwGk--dZmTkRf9bfydph9T4,Ramdas,places,en,243,26.89501015,81.03486735,26.893284899999998,81.0329223,0,lko,Lucknow,2026-08-31T09:19:23.267414Z
ChIJGRwuVrJZmTkRRVPDNvHXvp0,SWAMI DAYAL,places,en,243,26.89501015,81.03486735,26.8933333,81.0328663,0,lko,Lucknow,2026-08-31T09:19:23.267418Z
ChIJKyuZtYFZmTkRtO64ZhPkcDk,Shivansh Sweets,places,en,244,26.89732885,81.00745624999999,26.897178000000004,81.0075627,0,lko,Lucknow,2026-08-31T09:19:23.619924Z
ChIJ5fW5PJVZmTkRE0d7tAk6gMw,SHREE BALAJI VAGE CORNER,places,en,244,26.89732885,81.00745624999999,26.8968489,81.0073657,0,lko,Lucknow,2026-08-31T09:19:23.619948Z
ChIJs8A4CLVZmTkRYZiEw2LMmYg,Ghar ka Swaad,places,en,244,26.89732885,81.00745624999999,26.8964191,81.0081921,0,lko,Lucknow,2026-08-31T09:19:23.619953Z
ChIJbyDrGQ1YmTkRzUpQ2KYzYiA,Nida Lawn,places,en,244,26.89732885,81.00745624999999,26.8961136,81.0075791,0,lko,Lucknow,2026-08-31T09:19:23.619957Z
ChIJT9nNTWxZmTkR3ol4MX76cKE,A&k Cafe And Fastfood,places,en,244,26.89732885,81.00745624999999,26.897651099999997,81.0052417,0,lko,Lucknow,2026-08-31T09:19:23.619961Z
ChIJN15YbV1ZmTkR4ERZ6kIV-_c,Tikku hotel,places,en,244,26.89732885,81.00745624999999,26.895943900000002,81.0097858,0,lko,Lucknow,2026-08-31T09:19:23.619965Z
ChIJB30qUgBZmTkRfjXewspA8Uw,Shivani mishthan Bhandar,places,en,244,26.89732885,81.00745624999999,26.8955892,81.0095412,0,lko,Lucknow,2026-08-31T09:19:23.619969Z
ChIJOw1DDKjimzkROGyR_XWd9V4,نیو غریب نواز ہوٹل New Garib Nawaj Hotal,places,en,244,26.89732885,81.00745624999999,26.8954749,81.0094646,0,lko,Lucknow,2026-08-31T09:19:23.619973Z
ChIJm_QSPupZmTkRzJNJwz4xt7o,Tea Time with Cafeteria,places,en,244,26.89732885,81.00745624999999,26.8976001,81.004491,0,lko,Lucknow,2026-08-31T09:19:23.619976Z
ChIJo7RLrrbjmzkRMWqLzQwzNlE,Franzo's Pizza,places,en,244,26.89732885,81.00745624999999,26.895225999999997,81.00929769999999,0,lko,Lucknow,2026-08-31T09:19:23.619980Z
ChIJZS4LUQxZmTkRRLGotu-eSiA,Zaika Tawa Kitchen,places,en,244,26.89732885,81.00745624999999,26.896583999999997,81.0103364,0,lko,Lucknow,2026-08-31T09:19:23.619983Z
ChIJe5X2OtBZmTkRUUejbY_d2Zw,The Momo Shack Kapoorthala,places,en,244,26.89732885,81.00745624999999,26.899162,81.00524899999999,0,lko,Lucknow,2026-08-31T09:19:23.619987Z
ChIJ7w8bZBT9mzkRGG2nMFN_iwQ,Paal Fast Food in Lucknow,places,en,245,26.83361495,80.95642985,26.834963499999997,80.956136,0,lko,Lucknow,2026-08-31T09:19:23.977866Z
ChIJVTMA74n9mzkRYML3xsrE_ks,Mummy Papa Veg Corner,places,en,245,26.83361495,80.95642985,26.8336798,80.954013,0,lko,Lucknow,2026-08-31T09:19:23.977953Z
ChIJ8Xyuetb9mzkRHTVj7NnmfAw,Sagar Litti Chokha,places,en,245,26.83361495,80.95642985,26.835517,80.9551027,0,lko,Lucknow,2026-08-31T09:19:23.977964Z
ChIJQYw3EQD9mzkRG7mjUQVgeRQ,Mahi Banaras,places,en,245,26.83361495,80.95642985,26.834769299999998,80.9587785,0,lko,Lucknow,2026-08-31T09:19:23.977969Z
ChIJp66mKHjlmzkRSiS74Zgyz1Y,Hum Tum Aur Chai,places,en,246,26.79142895,81.024344,26.790334899999998,81.02286099999999,0,lko,Lucknow,2026-08-31T09:19:24.394573Z
ChIJRaIDfqvlmzkRaM85HPnko8U,HCL gate no 1,places,en,246,26.79142895,81.024344,26.7891509,81.0249711,0,lko,Lucknow,2026-08-31T09:19:24.394593Z
ChIJBXDMMgDlmzkR5KMp1z-MujA,Karuna Niwas,places,en,247,26.781286100000003,81.03560999999999,26.7815831,81.03576559999999,0,lko,Lucknow,2026-08-31T09:19:24.733322Z
ChIJNf07IgDlmzkRrcsbzZnmBwQ,Man pitampura family restaurant,places,en,247,26.781286100000003,81.03560999999999,26.782137499999997,81.0363254,0,lko,Lucknow,2026-08-31T09:19:24.733342Z
ChIJ82BechH5mzkRX5FvN3o3DNg,KANAK SWEETS & FAST FOOD,places,en,249,26.780180350000002,80.8763454,26.780765199999998,80.87772439999999,0,lko,Lucknow,2026-08-31T09:19:25.517497Z
ChIJ8SGbsPr5mzkRxDeVa3P3dSw,Ananya Fast Food,places,en,249,26.780180350000002,80.8763454,26.7809261,80.87768779999999,0,lko,Lucknow,2026-08-31T09:19:25.517523Z
ChIJnQAhG6X5mzkRq-dFVmLn0aM,Ashish,places,en,249,26.780180350000002,80.8763454,26.780892299999998,80.87776269999999,0,lko,Lucknow,2026-08-31T09:19:25.517529Z
ChIJqTQ17s35mzkRTuLIUgbxpvQ,Annapurna Bhojnalay & Resturant,places,en,249,26.780180350000002,80.8763454,26.781278999999998,80.87763079999999,0,lko,Lucknow,2026-08-31T09:19:25.517533Z
ChIJsdTKaQD5mzkRP72BgYjrIig,Pawan kitchen center,places,en,249,26.780180350000002,80.8763454,26.7816804,80.87781,0,lko,Lucknow,2026-08-31T09:19:25.517537Z
ChIJhzX0kpNXmTkRHKA8aksvrWo,Ghar Ki Thaali,places,en,253,26.90211545,80.94521495000001,26.902401299999998,80.9448209,0,lko,Lucknow,2026-08-31T09:19:27.026996Z
ChIJXW3d0B1XmTkRs9IzBt9VyOk,Cheeky Shaxx-Global Street Cafe,places,en,253,26.90211545,80.94521495000001,26.901856799999997,80.9456727,0,lko,Lucknow,2026-08-31T09:19:27.027080Z
ChIJaWgegO9XmTkRhrtZTcmU7Kk,Grill wid Sancheezzz,places,en,253,26.90211545,80.94521495000001,26.9018259,80.9457618,0,lko,Lucknow,2026-08-31T09:19:27.027119Z
ChIJ5zuhEkP9mzkRqh6dfVTNJQc,Ice & Spices,places,en,253,26.90211545,80.94521495000001,26.902527400000004,80.9447162,0,lko,Lucknow,2026-08-31T09:19:27.027125Z
ChIJcadWaSxXmTkRzuSG2NXJLcU,Rollarappaa Aliganj,places,en,253,26.90211545,80.94521495000001,26.9018143,80.94580979999999,0,lko,Lucknow,2026-08-31T09:19:27.027129Z
ChIJOb-mSZ9XmTkRo8h7UKGqMWY,Rana Enterprises,places,en,253,26.90211545,80.94521495000001,26.9026626,80.944,0,lko,Lucknow,2026-08-31T09:19:27.027134Z
ChIJj7nMsctXmTkRbNbIwxOUR4s,Satyam Tiffin Srevice,places,en,253,26.90211545,80.94521495000001,26.902658,80.946407,0,lko,Lucknow,2026-08-31T09:19:27.027138Z
ChIJmflSrIb9mzkRrv6A1Iz7-FA,Shyam Swaad Mithai Shop,places,en,253,26.90211545,80.94521495000001,26.901514499999998,80.94639889999999,0,lko,Lucknow,2026-08-31T09:19:27.027142Z
ChIJfTFM0ypWmTkRyoofC96lVzI,DANBRO By Mr Brown Bakery (Aliganj),places,en,253,26.90211545,80.94521495000001,26.9009091,80.9459231,0,lko,Lucknow,2026-08-31T09:19:27.027146Z
ChIJi-OuLgBXmTkRWku4bHMvI4Q,Momos bhandar,places,en,253,26.90211545,80.94521495000001,26.9027481,80.9437425,0,lko,Lucknow,2026-08-31T09:19:27.027150Z
ChIJXVibBR9XmTkRgciDGsZII9Y,Ravi and Rohan Gupta Jalebi bhandaar,places,en,253,26.90211545,80.94521495000001,26.9031421,80.9437026,0,lko,Lucknow,2026-08-31T09:19:27.027154Z
ChIJ4YmbvtBXmTkRX6yEsJ64NGY,Chai Maggie Centre,places,en,253,26.90211545,80.94521495000001,26.9030557,80.9436249,0,lko,Lucknow,2026-08-31T09:19:27.027158Z
ChIJ-5rGZUxXmTkRZbbWBiSMDls,Shivam Egg Roll,places,en,253,26.90211545,80.94521495000001,26.901715,80.947109,0,lko,Lucknow,2026-08-31T09:19:27.027163Z
ChIJ9WQVkttXmTkRfdlrRcqtgyA,MessCafe ~ Ghar Jaisa Swaad,places,en,253,26.90211545,80.94521495000001,26.9027691,80.94330509999999,0,lko,Lucknow,2026-08-31T09:19:27.027167Z
ChIJjenK1mBXmTkRllomjAgUVEg,Everyday fast food,places,en,253,26.90211545,80.94521495000001,26.9027589,80.94713820000001,0,lko,Lucknow,2026-08-31T09:19:27.027171Z
ChIJceZZqN79mzkR8xVUWb9qVDE,PAPA KI PARI CAFE,places,en,253,26.90211545,80.94521495000001,26.901702,80.9472593,0,lko,Lucknow,2026-08-31T09:19:27.027176Z
ChIJKdus68tXmTkRREmXXOQlXe0,Laxmi Dhaba,places,en,253,26.90211545,80.94521495000001,26.901701799999998,80.94726159999999,0,lko,Lucknow,2026-08-31T09:19:27.027180Z
ChIJc5IexpJXmTkRa140oHBz0VQ,Aliganj Grand Restaurant and Cafe,places,en,253,26.90211545,80.94521495000001,26.9003388,80.94594529999999,0,lko,Lucknow,2026-08-31T09:19:27.027184Z
ChIJqX3W6nlXmTkRMMtjrZRkmy8,Manish ji ke Mini Samose,places,en,253,26.90211545,80.94521495000001,26.9020974,80.9429636,0,lko,Lucknow,2026-08-31T09:19:27.027188Z
ChIJmyIfj69XmTkRxcnTNFEHCLw,Ande Ka Funda,places,en,253,26.90211545,80.94521495000001,26.9014278,80.9473735,0,lko,Lucknow,2026-08-31T09:19:27.027193Z
ChIJdSqUEkRYmTkR7-g5BLpCpJg,श्री श्याम स्वीट्स एन्ड रेस्टोरेन्ट,places,en,257,26.9165885,81.0171438,26.917215700000003,81.0160128,0,lko,Lucknow,2026-08-31T09:19:28.586067Z
ChIJjbBP_gr_mzkRp4-6SPkcFSY,Ram Ji Chat Corner,places,en,262,26.81957915,80.8690886,26.8209345,80.8709062,0,lko,Lucknow,2026-08-31T09:19:30.463524Z
ChIJM10efQD_mzkReACJcXBg5hE,Tea Shots Cafe,places,en,262,26.81957915,80.8690886,26.820320400000004,80.8715355,0,lko,Lucknow,2026-08-31T09:19:30.463550Z
ChIJpbArmvH-mzkREKE8bLIKlQI,Mahakal Veg Resturant,places,en,262,26.81957915,80.8690886,26.821771199999997,80.86992459999999,0,lko,Lucknow,2026-08-31T09:19:30.463558Z
ChIJnw2MSBD_mzkRLnwTSJ7q6C0,Thaliwala Multicuisine Family Restaurant,places,en,262,26.81957915,80.8690886,26.8218933,80.8700164,0,lko,Lucknow,2026-08-31T09:19:30.463563Z
ChIJ6dlSwJL_mzkReMA5zxwpN8c,Burger Beans Para,places,en,262,26.81957915,80.8690886,26.821920199999997,80.86996719999999,0,lko,Lucknow,2026-08-31T09:19:30.463569Z
ChIJMylyDQD_mzkRMI_ptZbIRIw,Chaurasiya Bihar,places,en,264,26.86079865,80.8411868,26.8594008,80.8416299,0,lko,Lucknow,2026-08-31T09:19:31.275838Z
ChIJSaglG_z_mzkRIf3PrTJDge8,Virendra Srivastava,places,en,264,26.86079865,80.8411868,26.862435599999998,80.84155229999999,0,lko,Lucknow,2026-08-31T09:19:31.275860Z
ChIJj9549FZXmTkRTDOgpWGP1u0,Akhilesh Tea Shop,places,en,265,26.8824422,80.91679865,26.882468799999998,80.91570310000002,0,lko,Lucknow,2026-08-31T09:19:31.659654Z
ChIJ26HqVvxXmTkRXGK2ltUwm78,Sarwar Jahan,places,en,265,26.8824422,80.91679865,26.883319399999998,80.9153735,0,lko,Lucknow,2026-08-31T09:19:31.659678Z
ChIJw5s9RE1XmTkRCMXLFUBzpV4,The Mummy's Kitchen,places,en,265,26.8824422,80.91679865,26.8838255,80.9159597,0,lko,Lucknow,2026-08-31T09:19:31.659684Z
ChIJZ31D2x9WmTkRgBQiPiq0tkI,राठौर फॉस्ट फूड कॉर्नर,places,en,265,26.8824422,80.91679865,26.881665899999998,80.91899389999999,0,lko,Lucknow,2026-08-31T09:19:31.659737Z
ChIJJxE6uN7_mzkRRsWyQGzSiaE,GuruJi Family Dhaba and Restaurant,places,en,266,26.86480465,80.85702655,26.8648246,80.857787,0,lko,Lucknow,2026-08-31T09:19:32.010399Z
ChIJXWCGWwD_mzkRuALH8VsSATU,Pizza Domain,places,en,266,26.86480465,80.85702655,26.864065,80.857145,0,lko,Lucknow,2026-08-31T09:19:32.010433Z
ChIJnbU5XgD_mzkR4p3rculXkno,Just Like home cloud kitchen,places,en,266,26.86480465,80.85702655,26.865541999999998,80.8571795,0,lko,Lucknow,2026-08-31T09:19:32.010439Z
ChIJs_IzqzL-mzkRgyHM5q3mYlw,नूर हार्डवेयर,places,en,266,26.86480465,80.85702655,26.864903,80.854401,0,lko,Lucknow,2026-08-31T09:19:32.010444Z
ChIJFQnZRQD_mzkRaPy1pBVhY-A,Krishna chat Bhandar,places,en,267,26.84245755,80.85577795,26.8417498,80.8567802,0,lko,Lucknow,2026-08-31T09:19:32.351895Z
ChIJzZkKmVL-mzkR9EbzLZ5qw_8,Krishna Soya Chaap Fast Food,places,en,267,26.84245755,80.85577795,26.8413456,80.85604119999999,0,lko,Lucknow,2026-08-31T09:19:32.351927Z
ChIJh5Mvg1n_mzkReLfgCV_Vw0M,Super Delicious Restaurant,places,en,267,26.84245755,80.85577795,26.841320399999997,80.85608239999999,0,lko,Lucknow,2026-08-31T09:19:32.351935Z
ChIJK8tVpFL-mzkRXn35PcP1Cvo,Shreekanth Banquet Hall,places,en,267,26.84245755,80.85577795,26.8413708,80.8552528,0,lko,Lucknow,2026-08-31T09:19:32.351939Z
ChIJxVKiQQD_mzkRlx1_koIAqg4,"Domino's Pizza | Buddheshwar, Lucknow",places,en,267,26.84245755,80.85577795,26.8414783,80.8565667,0,lko,Lucknow,2026-08-31T09:19:32.351943Z
ChIJ2yivgVL-mzkRoHElAse6tbc,KRISHNA DENTAL CLINIC,places,en,267,26.84245755,80.85577795,26.8418071,80.8569455,0,lko,Lucknow,2026-08-31T09:19:32.351947Z
ChIJ31JAZ0X-mzkRxV4GjsW3YjE,GOOD FOOD & Family restaurant,places,en,267,26.84245755,80.85577795,26.8412449,80.8547024,0,lko,Lucknow,2026-08-31T09:19:32.351951Z
ChIJ3WGju1z_mzkRvLPmhImLfy0,Mahaveer Hariyana Chat Bhandaar,places,en,267,26.84245755,80.85577795,26.841279099999998,80.8545571,0,lko,Lucknow,2026-08-31T09:19:32.351954Z
ChIJwRWtqkv_mzkRt7eNlP-V1Rw,New D pizza point,places,en,267,26.84245755,80.85577795,26.8417183,80.857529,0,lko,Lucknow,2026-08-31T09:19:32.351958Z
ChIJxf8RP_P_mzkRy9euq6FBoLg,Vadaicchh Cafe,places,en,267,26.84245755,80.85577795,26.8408618,80.85654889999999,0,lko,Lucknow,2026-08-31T09:19:32.351962Z
ChIJK7ZGkxj_mzkRNh6iI6EnZjA,The Cozy Curse,places,en,267,26.84245755,80.85577795,26.8426294,80.85335669999999,0,lko,Lucknow,2026-08-31T09:19:32.351966Z
ChIJNbVTB07-mzkRcaJIowOryZY,शरीफ मटन चिकन शॉप,places,en,267,26.84245755,80.85577795,26.842215699999997,80.85839639999999,0,lko,Lucknow,2026-08-31T09:19:32.351970Z
ChIJ_as7JQD_mzkRdRhT4RySV3Y,PIZZA IN HEART ❤️,places,en,267,26.84245755,80.85577795,26.841579799999998,80.8532638,0,lko,Lucknow,2026-08-31T09:19:32.351974Z
ChIJA7EgIID_mzkRiyEu9mp_1D8,Sumit Chinese Fast Food,places,en,267,26.84245755,80.85577795,26.842010199999997,80.852988,0,lko,Lucknow,2026-08-31T09:19:32.351978Z
ChIJITOq9U3-mzkRhqltVI346Ak,न्यू जनता चिकन शॉप,places,en,267,26.84245755,80.85577795,26.842242600000002,80.8587191,0,lko,Lucknow,2026-08-31T09:19:32.351981Z
ChIJt-OncABZmTkR8UM7IBehwrI,K ATALYST RESTAURANT,places,en,268,26.891437349999997,81.046156,26.8906128,81.0464581,0,lko,Lucknow,2026-08-31T09:19:32.787058Z
ChIJ81qHALdZmTkRDiIKxjs661M,Bhukkad bowl,places,en,268,26.891437349999997,81.046156,26.8916942,81.0474273,0,lko,Lucknow,2026-08-31T09:19:32.787080Z
ChIJ_x2Rap1YmTkR8lPAnEC1KFg,शगुन भोजनालय,places,en,268,26.891437349999997,81.046156,26.8903349,81.04369919999999,0,lko,Lucknow,2026-08-31T09:19:32.787086Z
ChIJ51_Avo1ZmTkRWXJhJ7eMKEc,The Hungry Hub,places,en,268,26.891437349999997,81.046156,26.8898545,81.0439088,0,lko,Lucknow,2026-08-31T09:19:32.787091Z
ChIJG8FuJwBXmTkRpwn2KyqU2Xk,साईं फास्ट फूड्स,places,en,269,26.95805625,80.918883,26.9556939,80.9181424,0,lko,Lucknow,2026-08-31T09:19:33.231716Z
ChIJTZC_pHHjmzkRvBPXvbGQmZI,NEGI UTTARANCHAL MOMOS,places,en,270,26.844001499999997,81.02605555,26.84358,81.0245498,0,lko,Lucknow,2026-08-31T09:19:33.853238Z
ChIJH9OBpMjjmzkRgoEd2724iew,Cafe bts,places,en,270,26.844001499999997,81.02605555,26.8431352,81.02432979999999,0,lko,Lucknow,2026-08-31T09:19:33.853287Z
ChIJVcvuie3jmzkRvNUPl4zwhwA,HOUSE OF MOMOS,places,en,270,26.844001499999997,81.02605555,26.844810199999998,81.02394699999999,0,lko,Lucknow,2026-08-31T09:19:33.853294Z
ChIJd7OcOAevJzoRHxl3Gw9EqSI,Chinmay Resort (A Unit of Chinmay Resort Pvt. Ltd.,places,en,274,26.7987419,81.00733149999999,26.7994341,81.00878949999999,0,lko,Lucknow,2026-08-31T09:19:35.562949Z
ChIJn3EJiOzjmzkRXyXKEnVsTl8,roja dhaba,places,en,274,26.7987419,81.00733149999999,26.7987395,81.009176,0,lko,Lucknow,2026-08-31T09:19:35.563030Z
ChIJ0zfKqWDjmzkRPEFwcZuRfXw,Kitchen The Fast Food Court & Family Restaurant,places,en,274,26.7987419,81.00733149999999,26.7986652,81.00928379999999,0,lko,Lucknow,2026-08-31T09:19:35.563037Z
ChIJVyvTuQHjmzkR6FGJctM8MPY,Nawaab Saheb,places,en,274,26.7987419,81.00733149999999,26.799532799999998,81.0091248,0,lko,Lucknow,2026-08-31T09:19:35.563042Z
ChIJ1UGM9W_jmzkRgjvNIEu-sfQ,Krishna sahu chaat bhandar (कृष्ण साहू चाट भंडार),places,en,274,26.7987419,81.00733149999999,26.8005791,81.0071322,0,lko,Lucknow,2026-08-31T09:19:35.563047Z
ChIJeQGUdQDjmzkRA9wr--KKDZ8,Neelam Restaurant and fast food,places,en,274,26.7987419,81.00733149999999,26.7985769,81.0097357,0,lko,Lucknow,2026-08-31T09:19:35.563051Z
ChIJWyC0dIfkmzkREHYFooZcNkQ,Surbhi Family Restaurants,places,en,274,26.7987419,81.00733149999999,26.798188,81.0097467,0,lko,Lucknow,2026-08-31T09:19:35.563055Z
ChIJh2G__MTjmzkRgcG6snQMl6M,THE HEAVEN CAFE & RESTAURANT,places,en,274,26.7987419,81.00733149999999,26.7986136,81.00982139999999,0,lko,Lucknow,2026-08-31T09:19:35.563059Z
ChIJad-Z3L7jmzkR7Q0Pcx8P2n8,Avinash Eeg Shop,places,en,274,26.7987419,81.00733149999999,26.797558,81.0051594,0,lko,Lucknow,2026-08-31T09:19:35.563063Z
ChIJd2a0NWfjmzkRSWCiPu3F_fs,Mili Restaurant,places,en,274,26.7987419,81.00733149999999,26.7984898,81.0099211,0,lko,Lucknow,2026-08-31T09:19:35.563067Z
ChIJRYywiq_9mzkRUtEF0aR5W3g,Herbs- The Multi-cousine Restaurant by Vista Residency,places,en,274,26.7987419,81.00733149999999,26.797301299999997,81.0052563,0,lko,Lucknow,2026-08-31T09:19:35.563072Z
ChIJy38amJPjmzkR8NVPE8uWnM4,The Mughal's Dastarkhwan- Sushant Golf City,places,en,274,26.7987419,81.00733149999999,26.7975443,81.0050711,0,lko,Lucknow,2026-08-31T09:19:35.563076Z
ChIJLxJoYQDjmzkRAQC5xvGDz9U,Dastarkhwan,places,en,274,26.7987419,81.00733149999999,26.797532300000004,81.00506659999999,0,lko,Lucknow,2026-08-31T09:19:35.563080Z
ChIJI-EPnH7jmzkRSfRhKYlysgM,Purple Basil,places,en,274,26.7987419,81.00733149999999,26.7973671,81.0051664,0,lko,Lucknow,2026-08-31T09:19:35.563084Z
ChIJj35omWXjmzkRCuW9Lfl6z2k,MenuXpress,places,en,274,26.7987419,81.00733149999999,26.801333099999997,81.00798069999999,0,lko,Lucknow,2026-08-31T09:19:35.563088Z
ChIJkW6p903-mzkRMZhvnfCYmk0,हर्ष वेज कवाब,places,en,275,26.8426352,80.8584612,26.842347,80.8590205,0,lko,Lucknow,2026-08-31T09:19:36.047490Z
ChIJhaclQ5D_mzkRvItVB-CMgLE,Mas Savitri Sweet And Namkeen,places,en,275,26.8426352,80.8584612,26.843251,80.86020549999999,0,lko,Lucknow,2026-08-31T09:19:36.047633Z
ChIJX6BIH07-mzkRic9DhJy8-CY,मोहानी चिकन शॉप,places,en,275,26.8426352,80.8584612,26.842561999999997,80.8612332,0,lko,Lucknow,2026-08-31T09:19:36.047653Z
ChIJo2gLzlf_mzkRgslerjYfby4,Pune Wala,places,en,275,26.8426352,80.8584612,26.843488599999997,80.8611083,0,lko,Lucknow,2026-08-31T09:19:36.047659Z
ChIJoYFqCN3_mzkRCHKAsC3xlUY,Smiley's Food Court,places,en,276,26.842332550000002,80.8540996,26.8412178,80.8529983,0,lko,Lucknow,2026-08-31T09:19:37.308045Z
ChIJDXQnhTL_mzkR-TE9wXfku0A,बुद्धेश्वर cafe,places,en,276,26.842332550000002,80.8540996,26.8411965,80.8528601,0,lko,Lucknow,2026-08-31T09:19:37.308068Z
ChIJrYqvWTb_mzkRuD0PJ2d454M,Diksha Fast Food,places,en,276,26.842332550000002,80.8540996,26.841564599999998,80.85218809999999,0,lko,Lucknow,2026-08-31T09:19:37.308073Z
ChIJm7_KaK3_mzkRw955YemfmzI,Pal Hotel,places,en,276,26.842332550000002,80.8540996,26.84086,80.85266,0,lko,Lucknow,2026-08-31T09:19:37.308077Z
ChIJO5QUZpX_mzkRZFxDOZDDpPk,PANDIT JI FAST FOOD,places,en,276,26.842332550000002,80.8540996,26.8403894,80.85355899999999,0,lko,Lucknow,2026-08-31T09:19:37.308082Z
ChIJ9_2AmMEvmjkRp_RH7hwer1Q,A B M CATERS,places,en,276,26.842332550000002,80.8540996,26.840758299999997,80.85239349999999,0,lko,Lucknow,2026-08-31T09:19:37.308085Z
ChIJXxnBruH_mzkR-U72SfF6ntk,BABA TEA STALL,places,en,276,26.842332550000002,80.8540996,26.8409306,80.85218499999999,0,lko,Lucknow,2026-08-31T09:19:37.308089Z
ChIJI0eywPf_mzkRz7peGC3bOvE,Ashish Fast Food,places,en,276,26.842332550000002,80.8540996,26.8403694,80.8526484,0,lko,Lucknow,2026-08-31T09:19:37.308092Z
ChIJqY9jEAP_mzkRF8ApyNUea1g,Gupta Hotel,places,en,276,26.842332550000002,80.8540996,26.8403456,80.8525901,0,lko,Lucknow,2026-08-31T09:19:37.308095Z
ChIJq_kK4PT_mzkR5jKmfU8WvQM,PANDIT JAGANNATH JI SABJI WALE PRYAGRAJ,places,en,276,26.842332550000002,80.8540996,26.8407505,80.85207,0,lko,Lucknow,2026-08-31T09:19:37.308098Z
ChIJ6V6xtbzjmzkRoZPT3A29DjA,Sky View Restaurant and Cafe,places,en,277,26.83122935,81.01547685,26.8318425,81.0174917,0,lko,Lucknow,2026-08-31T09:19:37.706309Z
ChIJpQ6Q0RTjmzkRwrXItkijDUo,"Pili colony Sector 6 Morya Pani Puri, Luckniw",places,en,277,26.83122935,81.01547685,26.8318425,81.0174917,0,lko,Lucknow,2026-08-31T09:19:37.706327Z
ChIJOY0ZMUfjmzkRHnXmOcuKqZI,Zaifron Biryani,places,en,277,26.83122935,81.01547685,26.830762600000003,81.0134312,0,lko,Lucknow,2026-08-31T09:19:37.706332Z
ChIJ2SW8xQjjmzkRHZa0DYroAEY,Bellezza,places,en,277,26.83122935,81.01547685,26.832746,81.0139918,0,lko,Lucknow,2026-08-31T09:19:37.706336Z
ChIJ3d4RcQDjmzkR5qSbq-pTtVY,Aspirants' food court,places,en,277,26.83122935,81.01547685,26.8332385,81.0148834,0,lko,Lucknow,2026-08-31T09:19:37.706339Z
ChIJidYZHnXjmzkRKdElDrW9X-w,Hotel Navraj Palace,places,en,277,26.83122935,81.01547685,26.832205199999997,81.01305529999999,0,lko,Lucknow,2026-08-31T09:19:37.706343Z
ChIJszp0EhnjmzkRRZBDlfZuOag,NAVRAJ PALACE,places,en,277,26.83122935,81.01547685,26.8323079,81.013109,0,lko,Lucknow,2026-08-31T09:19:37.706346Z
ChIJ-YMhYxPjmzkR_8ynJaIS5qM,Moti Mahal Delux Lucknow - Gomti Nagar Extension,places,en,279,26.83148335,81.009383,26.831699399999998,81.01046079999999,0,lko,Lucknow,2026-08-31T09:19:38.475681Z
ChIJB6HRGDXjmzkREriq88zwIZs,Nitto's Crunchy Munchy,places,en,279,26.83148335,81.009383,26.8301144,81.0082114,0,lko,Lucknow,2026-08-31T09:19:38.475700Z
ChIJJ-3RZq_jmzkRDcvT5elRtYk,ZAAVORY PIZZA,places,en,279,26.83148335,81.009383,26.8329827,81.01065849999999,0,lko,Lucknow,2026-08-31T09:19:38.475706Z
ChIJMZdHTQDjmzkR_yJSAvo_WsY,Dimsim Food Point,places,en,279,26.83148335,81.009383,26.8302832,81.01196689999999,0,lko,Lucknow,2026-08-31T09:19:38.475710Z
ChIJszwndbfjmzkRI-0MFCYVhjc,Swadkosh,places,en,279,26.83148335,81.009383,26.8311387,81.00644419999999,0,lko,Lucknow,2026-08-31T09:19:38.475714Z
ChIJLTr-niLjmzkROPw7Rzmo_94,Rk restaurant,places,en,279,26.83148335,81.009383,26.8311387,81.00644419999999,0,lko,Lucknow,2026-08-31T09:19:38.475718Z
ChIJY5AkQ479mzkRKC9NymWGj7s,JOY The Cake Studio By Anuraka Sircar,places,en,280,26.87276,80.95335405,26.871252,80.953222,0,lko,Lucknow,2026-08-31T09:19:38.837505Z
ChIJK7iEtstXmTkRWhcpt_xctPs,Maharaja Chaap - The Pure Veg Restaurant,places,en,280,26.87276,80.95335405,26.87091,80.95390859999999,0,lko,Lucknow,2026-08-31T09:19:38.837526Z
ChIJH2s8Uwv9mzkRM-ikSk0oBqE,Bahadur Bhojnalaya (Dhaba & Tiffin Service),places,en,280,26.87276,80.95335405,26.874648699999998,80.9548513,0,lko,Lucknow,2026-08-31T09:19:38.837532Z
ChIJJ8_C7G_9mzkRPoX_0US9TKk,Brindavan Restaurant ( since - 1992 ),places,en,280,26.87276,80.95335405,26.8706119,80.9549048,0,lko,Lucknow,2026-08-31T09:19:38.837536Z
ChIJ54t2IwBXmTkRW1HWw4C3bew,Maa cloud kitchen,places,en,281,26.94273755,80.90698085,26.942045399999998,80.9044617,0,lko,Lucknow,2026-08-31T09:19:39.189612Z
ChIJqXesvlVXmTkRSUc-7O5Brys,Srivastava Tiffin Service,places,en,282,26.94073025,80.92876215,26.938810099999998,80.9279974,0,lko,Lucknow,2026-08-31T09:19:39.648461Z
ChIJ7-Sv0KVXmTkRwuhhlzh9Gd8,The student point and tiffin services,places,en,282,26.94073025,80.92876215,26.938744399999997,80.92817629999999,0,lko,Lucknow,2026-08-31T09:19:39.648493Z
ChIJ2zIwtxH5mzkRWaQp-qRFZsw,The Food box,places,en,285,26.75334935,80.87212840000001,26.754208700000003,80.8719854,0,lko,Lucknow,2026-08-31T09:19:40.739866Z
ChIJy-8VMAD5mzkRD_9vTV2awDI,The Pizza Holic 🍕,places,en,285,26.75334935,80.87212840000001,26.754106,80.87375709999999,0,lko,Lucknow,2026-08-31T09:19:40.739896Z
ChIJWWR8av35mzkRK2XUwCGeOuA,Mr & Mrs Veg Pizza,places,en,285,26.75334935,80.87212840000001,26.7557846,80.87227349999999,0,lko,Lucknow,2026-08-31T09:19:40.739904Z
ChIJN_VVCwBVmTkRBPZA_ZilZps,"Al-Ghaffaar Family Restaurant,",places,en,286,26.88332205,80.8416895,26.8845115,80.84152639999999,0,lko,Lucknow,2026-08-31T09:19:41.354764Z
ChIJr_nrp0xVmTkRVpDB696ZoUo,Amir Farooqui,places,en,286,26.88332205,80.8416895,26.882039799999998,80.840621,0,lko,Lucknow,2026-08-31T09:19:41.354799Z
ChIJL-YqY1v7mzkR3b89o9Ai_Jg,SAHU SWEETS AND CATERING,places,en,287,26.754872,80.94028435,26.7547236,80.9415301,0,lko,Lucknow,2026-08-31T09:19:41.779404Z
ChIJoTwWFQD7mzkRN25-IBZ_4Iw,Sarorama's Kitchen,places,en,288,26.753970350000003,80.94414375,26.7525209,80.9435572,0,lko,Lucknow,2026-08-31T09:19:42.286136Z
ChIJYUIAwXv7mzkRUiTLcjCVSuI,Laxmi Chat Bhandar,places,en,288,26.753970350000003,80.94414375,26.7548009,80.94582799999999,0,lko,Lucknow,2026-08-31T09:19:42.286184Z
ChIJIRcBLgD7mzkRxxbLCGCY7T4,स्वयं,places,en,288,26.753970350000003,80.94414375,26.752154899999997,80.9459507,0,lko,Lucknow,2026-08-31T09:19:42.286195Z
ChIJ0e-HEBn7mzkRazVjkKbm2mM,Kavya Chaat & Fast Food Corner,places,en,288,26.753970350000003,80.94414375,26.752154899999997,80.9459507,0,lko,Lucknow,2026-08-31T09:19:42.286202Z
ChIJf69n86r7mzkRAAAAMBVqWzI,GUPTA PCO,places,en,288,26.753970350000003,80.94414375,26.752154899999997,80.9459507,0,lko,Lucknow,2026-08-31T09:19:42.286211Z
ChIJmXQG4uT7mzkRu3lhcqtv-Ew,Sainik Rasoi,places,en,288,26.753970350000003,80.94414375,26.752154899999997,80.9459507,0,lko,Lucknow,2026-08-31T09:19:42.286219Z
ChIJAfr5-yb7mzkRMnu9xUwqdfI,Abdul Shami,places,en,289,26.7578744,80.9543616,26.7578712,80.9542404,0,lko,Lucknow,2026-08-31T09:19:42.687820Z
ChIJ4efJRgD7mzkRqeE3PQU3uJQ,Spice zone,places,en,289,26.7578744,80.9543616,26.758432300000003,80.9555667,0,lko,Lucknow,2026-08-31T09:19:42.687862Z
ChIJS4AwIgD7mzkR_d-19GnNSiw,Swastik fast food restaurant & cafe,places,en,289,26.7578744,80.9543616,26.759157,80.95356710000001,0,lko,Lucknow,2026-08-31T09:19:42.687872Z
ChIJQ2tPn1v7mzkRspEbBSECEh4,Wok on Wheels,places,en,289,26.7578744,80.9543616,26.7587452,80.9529697,0,lko,Lucknow,2026-08-31T09:19:42.687878Z
ChIJaR-MyV77mzkR0Lm8MPSU4Z8,Lil Elephant,places,en,289,26.7578744,80.9543616,26.759104400000002,80.95629629999999,0,lko,Lucknow,2026-08-31T09:19:42.687909Z
ChIJaaXwUQD7mzkRTvza6jVeKzE,Bombay famous vada pav,places,en,289,26.7578744,80.9543616,26.7589296,80.9520651,0,lko,Lucknow,2026-08-31T09:19:42.687918Z
ChIJKzqV2Ir7mzkRarx657b3wTk,P G I,places,en,289,26.7578744,80.9543616,26.7591616,80.95171739999999,0,lko,Lucknow,2026-08-31T09:19:42.687924Z
ChIJJ-jAsjTjmzkR45jHVJ4906o,Shristi Medical Store,places,en,290,26.885215600000002,81.0464705,26.885042799999997,81.04738239999999,0,lko,Lucknow,2026-08-31T09:19:43.081661Z
ChIJ0X4RdgDjmzkRuab6l-0tfvY,Awadh Nonveg,places,en,290,26.885215600000002,81.0464705,26.8843858,81.0472083,0,lko,Lucknow,2026-08-31T09:19:43.081686Z
ChIJO4DJ-bHjmzkR7SKvbkw3lz4,CHATPATA NUKKAD,places,en,290,26.885215600000002,81.0464705,26.8841629,81.04620299999999,0,lko,Lucknow,2026-08-31T09:19:43.081692Z
ChIJJS8oAlVfmTkRQEYFj6TWQxg,BALA JI CHAAT CORNER,places,en,290,26.885215600000002,81.0464705,26.8838327,81.04621209999999,0,lko,Lucknow,2026-08-31T09:19:43.081702Z
ChIJ2XIC0nbimzkR5RjmFz0bCys,यादव भोजनालय,places,en,290,26.885215600000002,81.0464705,26.883642599999998,81.0457666,0,lko,Lucknow,2026-08-31T09:19:43.081709Z
ChIJFVI48CDjmzkR8u_9EFJrnPc,Maharashtra Wadapav,places,en,290,26.885215600000002,81.0464705,26.8833734,81.0461253,0,lko,Lucknow,2026-08-31T09:19:43.081713Z
ChIJMS5SoznjmzkRuniizKRrHJc,Shyam Restaurant And Food Service,places,en,290,26.885215600000002,81.0464705,26.883253999999997,81.04617209999999,0,lko,Lucknow,2026-08-31T09:19:43.081717Z
ChIJ-bKPppXjmzkRbE1_2rv6vCE,Shikhandrabad Ki Masahur Veg Biryani,places,en,290,26.885215600000002,81.0464705,26.883815,81.04479020000001,0,lko,Lucknow,2026-08-31T09:19:43.081721Z
ChIJY0jAmijjmzkRIQILnOpqb7U,Dada's Chop Center,places,en,291,26.80886385,80.9989616,26.8092832,80.99740249999999,0,lko,Lucknow,2026-08-31T09:19:43.457948Z
ChIJvXo-bwDjmzkRR96EBvt-bL0,The CORNER'S RESTAURANT AND MR. MUCHHAD DI CHAI,places,en,291,26.80886385,80.9989616,26.8101347,80.99806869999999,0,lko,Lucknow,2026-08-31T09:19:43.457977Z
ChIJAftByYbjmzkR-Hu_Ajr1f_c,MUCHHAD CHAIWALLA'S,places,en,291,26.80886385,80.9989616,26.8101545,80.99802070000001,0,lko,Lucknow,2026-08-31T09:19:43.457984Z
ChIJwT39DQDjmzkR-zoPky2V5n4,The DAILY DISH On your way,places,en,291,26.80886385,80.9989616,26.810362299999998,80.9983743,0,lko,Lucknow,2026-08-31T09:19:43.457990Z
ChIJqbnBoBbjmzkR3ojKvzI31As,MAA KI RASOI,places,en,291,26.80886385,80.9989616,26.808612,80.9970158,0,lko,Lucknow,2026-08-31T09:19:43.457996Z
ChIJsU2f20XjmzkRVExh7WidUwQ,AI Kitchen,places,en,291,26.80886385,80.9989616,26.8087552,80.996932,0,lko,Lucknow,2026-08-31T09:19:43.458002Z
ChIJU5amvSLjmzkRCZveCGAx274,IIDM Eco Centre,places,en,291,26.80886385,80.9989616,26.810388699999997,80.9971252,0,lko,Lucknow,2026-08-31T09:19:43.458008Z
ChIJB4pnawDjmzkR37dRlOORW7w,Ruchika's Cloud kitchen,places,en,291,26.80886385,80.9989616,26.810677199999997,81.00100839999999,0,lko,Lucknow,2026-08-31T09:19:43.458013Z
ChIJQZ5MKX__mzkRRf2-OYfYyJ8,Tea Stall,places,en,292,26.7861664,80.87028624999999,26.7877476,80.8691382,0,lko,Lucknow,2026-08-31T09:19:43.857766Z
ChIJEY9D9PP7mzkR1V2NV7NjIwc,Sainik Restaurant & Bhojnalaya,places,en,293,26.781253900000003,80.9616292,26.7806875,80.96093049999999,0,lko,Lucknow,2026-08-31T09:19:44.258787Z
ChIJpeBqJAD7mzkRB_XciaRY6Es,Bombay pizza club,places,en,293,26.781253900000003,80.9616292,26.7806875,80.96093049999999,0,lko,Lucknow,2026-08-31T09:19:44.258922Z
ChIJAbIPaFL7mzkRcISFoP7fqWI,Apna Fast Food,places,en,293,26.781253900000003,80.9616292,26.781046699999997,80.96057379999999,0,lko,Lucknow,2026-08-31T09:19:44.258933Z
ChIJS6yHcQD7mzkRrDpdrl57hLs,Bombay pizza club,places,en,293,26.781253900000003,80.9616292,26.7810779,80.9604451,0,lko,Lucknow,2026-08-31T09:19:44.258940Z
ChIJW2RcR9b7mzkRBcANdEOkiJA,Friends Zone Cafe,places,en,293,26.781253900000003,80.9616292,26.7825158,80.9622363,0,lko,Lucknow,2026-08-31T09:19:44.258954Z
ChIJvyYy3gz7mzkRysDm_pt5M1A,Vrindavan Food Hub,places,en,293,26.781253900000003,80.9616292,26.780737,80.9599937,0,lko,Lucknow,2026-08-31T09:19:44.258961Z
ChIJ9eoyosL_mzkRq6i68CKp6kU,Zoom Fast Food Corner,places,en,295,26.804739650000002,80.8838877,26.804629199999997,80.885255,0,lko,Lucknow,2026-08-31T09:19:45.017232Z
ChIJOwO9QkD_mzkRcCxrpOH-hHY,Parul Sweets,places,en,295,26.804739650000002,80.8838877,26.804512499999998,80.8853238,0,lko,Lucknow,2026-08-31T09:19:45.017257Z
ChIJ9bQQTAb_mzkRXlcIL2O9WVU,Lucknow Agra Expressway Food Hut,places,en,296,26.83079125,80.84974455,26.829219,80.8483304,0,lko,Lucknow,2026-08-31T09:19:45.417331Z
ChIJGQNtjwz_mzkRhBjKUKGmz6k,Pizza lover point,places,en,297,26.837239699999998,80.8579197,26.836777599999998,80.8576669,0,lko,Lucknow,2026-08-31T09:19:45.815232Z
ChIJGxlkFBP_mzkRPMUkZ6OJy8o,Ayush Fast Food,places,en,297,26.837239699999998,80.8579197,26.8367097,80.8566029,0,lko,Lucknow,2026-08-31T09:19:45.815259Z
ChIJs1c6WsT_mzkRO6z3FCLhvBk,Sahu Sweet Shop,places,en,297,26.837239699999998,80.8579197,26.8396565,80.8576188,0,lko,Lucknow,2026-08-31T09:19:45.815265Z
ChIJfX2do1T-mzkRalmR12ZTrJ8,The Elite Lucknow Convention Hotel,places,en,297,26.837239699999998,80.8579197,26.8357128,80.85564939999999,0,lko,Lucknow,2026-08-31T09:19:45.815270Z
ChIJozLJhXf_mzkR4HIaux5hI_U,harishankar vanshkar,places,en,298,26.83551705,80.8509152,26.8345812,80.8510273,0,lko,Lucknow,2026-08-31T09:19:46.152112Z
ChIJSzetlWL_mzkRYpVTUK0cvi8,Rathouar Egg Shop,places,en,299,26.83830735,80.82649155,26.836025300000003,80.8265528,0,lko,Lucknow,2026-08-31T09:19:46.509723Z
ChIJF_o5kIz_mzkRtlysMm_yz5s,Bro Bites Pizza,places,en,299,26.83830735,80.82649155,26.835936399999998,80.8262323,0,lko,Lucknow,2026-08-31T09:19:46.509752Z
ChIJyekMG5r_mzkR3G6tnSdjiXM,YADAV MISTHAN BHANDAR,places,en,299,26.83830735,80.82649155,26.835709599999998,80.827112,0,lko,Lucknow,2026-08-31T09:19:46.509766Z
ChIJswVOn3r_mzkRsxoSaS3DhJg,K.D. Kitchen,places,en,300,26.80383525,80.88960305,26.802847,80.88982589999999,0,lko,Lucknow,2026-08-31T09:19:46.921795Z
ChIJhbmedKT-mzkRxzjJnnJCsrU,यादव फास्ट फूड कार्नर,places,en,300,26.80383525,80.88960305,26.8029893,80.8916315,0,lko,Lucknow,2026-08-31T09:19:46.921815Z
ChIJC6d4__P_mzkRYM3LCsHOdho,Sriphala kitchen,places,en,300,26.80383525,80.88960305,26.8056187,80.89069239999999,0,lko,Lucknow,2026-08-31T09:19:46.921821Z
ChIJD6DM3tT_mzkRRfGgK2bKRLA,Alka Anoop Foods LLP,places,en,300,26.80383525,80.88960305,26.8057245,80.8906349,0,lko,Lucknow,2026-08-31T09:19:46.921825Z
ChIJj227_qP-mzkR4SiMV1WXGr4,Anmol Restaurant and banquet,places,en,300,26.80383525,80.88960305,26.8039176,80.8926029,0,lko,Lucknow,2026-08-31T09:19:46.921829Z
ChIJ59t87Hf_mzkRqOQ-5dTCB-0,Swad Ka Chauka,places,en,304,26.80602905,80.89155255,26.8060282,80.893537,0,lko,Lucknow,2026-08-31T09:19:48.460641Z
ChIJ-SQgvCr_mzkRL6c7RPtDytE,Craver's Centre,places,en,304,26.80602905,80.89155255,26.8078498,80.8920459,0,lko,Lucknow,2026-08-31T09:19:48.460670Z
ChIJI5Bhb9v_mzkRr5p2Zw6LG5w,Fresh Home Meals,places,en,304,26.80602905,80.89155255,26.806658199999998,80.8940131,0,lko,Lucknow,2026-08-31T09:19:48.460677Z
ChIJVVTogr7_mzkRcnB_GzpzVt8,Fast Food,places,en,304,26.80602905,80.89155255,26.8074467,80.8889718,0,lko,Lucknow,2026-08-31T09:19:48.460683Z
ChIJBdDHXD_7mzkR2OgWQMpjxtg,Desi dera family dhaba and restaurant,places,en,305,26.7050801,80.9726652,26.705800099999998,80.9737737,0,lko,Lucknow,2026-08-31T09:19:48.808067Z
ChIJiSUwqhb7mzkRtb-qcK2ss5o,Anubhav Singh,places,en,305,26.7050801,80.9726652,26.7067274,80.97330989999999,0,lko,Lucknow,2026-08-31T09:19:48.808092Z
ChIJuYImRGD7mzkRJSOlt9haL1o,Anand Sweet House,places,en,305,26.7050801,80.9726652,26.7067339,80.9733226,0,lko,Lucknow,2026-08-31T09:19:48.808099Z
ChIJaU0uYfL7mzkRV0UqGFe6lec,Anubhav Enterprises,places,en,305,26.7050801,80.9726652,26.706736,80.9733495,0,lko,Lucknow,2026-08-31T09:19:48.808131Z
ChIJUQlaDQD7mzkRH89nFrtkw0k,Balaji fast food,places,en,305,26.7050801,80.9726652,26.707336599999998,80.97296089999999,0,lko,Lucknow,2026-08-31T09:19:48.808137Z
ChIJLzsyXgDxmzkRFPXJig_Hzdw,Aadya Cloud Kitchen and Tiffin Service,places,en,307,26.696397150000003,80.9632625,26.695980100000003,80.9623093,0,lko,Lucknow,2026-08-31T09:19:49.550581Z
ChIJmWDl83hXmTkRprbzaV1GrcI,Phara India,places,en,308,26.92834625,80.96193465,26.9280179,80.96197959999999,0,lko,Lucknow,2026-08-31T09:19:49.872177Z
ChIJpaNClUtXmTkRp2xkx3JlUqU,Angeethi The Taste Of Lucknow,places,en,308,26.92834625,80.96193465,26.928912999999998,80.96334180000001,0,lko,Lucknow,2026-08-31T09:19:49.872199Z
ChIJ58fBbLpXmTkRUzZdqnyfv7c,Maurya Restaurant,places,en,309,26.91804025,80.9260355,26.919390099999998,80.9270355,0,lko,Lucknow,2026-08-31T09:19:50.261266Z
ChIJs60BQQBXmTkRsuPH7GCmUsc,Sushil kumar tripathi,places,en,309,26.91804025,80.9260355,26.9170034,80.9243193,0,lko,Lucknow,2026-08-31T09:19:50.261304Z
ChIJJQKa0kRWmTkRfa6hcrC9rWw,Nijam Chikan Biryani & Anda Rol,places,en,309,26.91804025,80.9260355,26.916523,80.92841899999999,0,lko,Lucknow,2026-08-31T09:19:50.261310Z
ChIJLTbLvKL-mzkRdNml5r_D9-w,Jai Ma Durga,places,en,311,26.8061262,80.89015355000001,26.808255000000003,80.88872599999999,0,lko,Lucknow,2026-08-31T09:19:51.050898Z
ChIJ25dr303_mzkRZWKh1xhIGOM,Ranu Egg Store,places,en,311,26.8061262,80.89015355000001,26.808333899999997,80.8887187,0,lko,Lucknow,2026-08-31T09:19:51.050914Z
ChIJ0XZCdAz9mzkRxeF67fMsP_Y,Patiala Chicken,places,en,312,26.7883196,80.90985985,26.7885259,80.9096263,0,lko,Lucknow,2026-08-31T09:19:51.394968Z
ChIJY2_bChL8mzkRWzTdnMrB3E0,Food Express,places,en,312,26.7883196,80.90985985,26.7886311,80.9103038,0,lko,Lucknow,2026-08-31T09:19:51.394988Z
ChIJIZoGFAD9mzkRTc9utXmMK1M,Rain Forest Cafe & Restaurant,places,en,312,26.7883196,80.90985985,26.788237199999998,80.90919029999999,0,lko,Lucknow,2026-08-31T09:19:51.394993Z
ChIJvZPJBWL9mzkRqGVn7iNaTIE,Purani Dilli ke Mashoor Chole Kulche by Sanjeev,places,en,312,26.7883196,80.90985985,26.7889442,80.9095705,0,lko,Lucknow,2026-08-31T09:19:51.394996Z
ChIJe2SopV79mzkRFpus7fqZIwg,KFC,places,en,312,26.7883196,80.90985985,26.7880121,80.9105239,0,lko,Lucknow,2026-08-31T09:19:51.395000Z
ChIJJ6VIINH9mzkRlPa1EfrjLi0,Dawat Restaurant,places,en,312,26.7883196,80.90985985,26.7885904,80.90911919999999,0,lko,Lucknow,2026-08-31T09:19:51.395003Z
ChIJD4Xbdwj8mzkRiayXVDwcRFQ,Gupta kachori pajama wale,places,en,312,26.7883196,80.90985985,26.7890558,80.9097429,0,lko,Lucknow,2026-08-31T09:19:51.395006Z
ChIJAYa4-gP9mzkRx7mn-8f2huk,HAMLET DEALCOM PRIVATE LIMITED,places,en,312,26.7883196,80.90985985,26.787818299999998,80.90927219999999,0,lko,Lucknow,2026-08-31T09:19:51.395009Z
ChIJGRKxSgD9mzkR5a8xN4Zq8xI,Barigawan lda power house road Lucknow 226012,places,en,312,26.7883196,80.90985985,26.789037399999998,80.90957519999999,0,lko,Lucknow,2026-08-31T09:19:51.395012Z
ChIJqTT5Ad39mzkRq590IbViQrI,Pocket Biryani,places,en,312,26.7883196,80.90985985,26.7886882,80.9106097,0,lko,Lucknow,2026-08-31T09:19:51.395015Z
ChIJ0U6bPaP9mzkRaxXXIDPzwEs,Bikanervala | Emerald Mall Lucknow,places,en,312,26.7883196,80.90985985,26.7879677,80.9106156,0,lko,Lucknow,2026-08-31T09:19:51.395018Z
ChIJB9hDt_H9mzkRTXAnDCHcBbk,"Pizza Hut | Emrald Mall, Lucknow",places,en,312,26.7883196,80.90985985,26.7879248,80.9105946,0,lko,Lucknow,2026-08-31T09:19:51.395021Z
ChIJ58OxcfH9mzkRRu3I4X8f8hc,"McDonald's - Emerald Mall, Lucknow",places,en,312,26.7883196,80.90985985,26.787929499999997,80.9106036,0,lko,Lucknow,2026-08-31T09:19:51.395024Z
ChIJL-w-fQj8mzkRtWD1plcyFCk,The Chef's Kitchen,places,en,312,26.7883196,80.90985985,26.788169399999997,80.9107336,0,lko,Lucknow,2026-08-31T09:19:51.395027Z
ChIJ5UcGOnX5mzkRBbDVVz-wSCU,WOW China,places,en,312,26.7883196,80.90985985,26.787922199999997,80.9106266,0,lko,Lucknow,2026-08-31T09:19:51.395030Z
ChIJqzayicT9mzkRJEnLdq7n3hs,"Haldiram's - Emerald Mall, Lucknow",places,en,312,26.7883196,80.90985985,26.788101599999997,80.9107859,0,lko,Lucknow,2026-08-31T09:19:51.395033Z
ChIJF2PuT4H9mzkRttf61riCB5w,Wow! Momo,places,en,312,26.7883196,80.90985985,26.7879008,80.91073399999999,0,lko,Lucknow,2026-08-31T09:19:51.395036Z
ChIJV6Arawj8mzkRM5hKOS54aWI,The Marigold- Fine Dine Restaurant,places,en,312,26.7883196,80.90985985,26.7885448,80.9109015,0,lko,Lucknow,2026-08-31T09:19:51.395039Z
ChIJuXylbYf9mzkREqzniBTawfQ,THE AURA HOUSE BOUTIQUE CAFE,places,en,312,26.7883196,80.90985985,26.788546699999998,80.9109072,0,lko,Lucknow,2026-08-31T09:19:51.395042Z
ChIJf2v7JgD9mzkRS87KE2AWuYY,BCJM FOOD GALLERY,places,en,312,26.7883196,80.90985985,26.7890831,80.90909169999999,0,lko,Lucknow,2026-08-31T09:19:51.395045Z
ChIJo53-O8XjmzkRUHkET5pvVnc,Chand Babu,places,en,313,26.85114855,81.05622035,26.849969599999998,81.0570125,0,lko,Lucknow,2026-08-31T09:19:52.767759Z
ChIJr4KJYADjmzkRKMLAaA848lE,DarbareMughlai,places,en,313,26.85114855,81.05622035,26.850367900000002,81.0549206,0,lko,Lucknow,2026-08-31T09:19:52.767767Z
ChIJy_bOLhXjmzkRStbyuqwVFsE,Brew & Brunch,places,en,313,26.85114855,81.05622035,26.8495283,81.05587129999999,0,lko,Lucknow,2026-08-31T09:19:52.767770Z
ChIJheW74EnjmzkR1b1byPtQIsw,Amitian's Cloud Kitchen,places,en,313,26.85114855,81.05622035,26.853188,81.055813,0,lko,Lucknow,2026-08-31T09:19:52.767772Z
ChIJJ_RnW0njmzkRF4eq_O9mVvk,S K Food Corner,places,en,313,26.85114855,81.05622035,26.8500616,81.0542479,0,lko,Lucknow,2026-08-31T09:19:52.767773Z
ChIJ21o07CnjmzkRlmFRReyWEmA,DK MOMOS junction lucknow,places,en,313,26.85114855,81.05622035,26.849704799999998,81.05793770000001,0,lko,Lucknow,2026-08-31T09:19:52.767775Z
ChIJI9QgwRPjmzkRccbGNjh-5_k,ZORKO - Brands Of Food Lovers(Amity University),places,en,313,26.85114855,81.05622035,26.8496432,81.0579262,0,lko,Lucknow,2026-08-31T09:19:52.767776Z
ChIJb0b39gXjmzkRWSQYn60ieq8,Swad Sansar,places,en,313,26.85114855,81.05622035,26.849476,81.0580459,0,lko,Lucknow,2026-08-31T09:19:52.767778Z
ChIJMyn_cWHjmzkRDn_45VBoows,G121 madhav greens,places,en,315,26.8637742,81.06828095,26.8641564,81.0689665,0,lko,Lucknow,2026-08-31T09:19:53.467326Z
ChIJCz8bdHxXmTkR9MX7-cLxXYQ,Gupta Sweet,places,en,316,26.9392356,80.98239245,26.9393428,80.98185529999999,0,lko,Lucknow,2026-08-31T09:19:53.849317Z
ChIJo3EnVnhXmTkR3pT61-VbDPo,Hotel SS Grand,places,en,316,26.9392356,80.98239245,26.9402878,80.9824136,0,lko,Lucknow,2026-08-31T09:19:53.849328Z
ChIJER66Y3xXmTkRI1RY1tBOi1w,Edi Restaurant,places,en,316,26.9392356,80.98239245,26.9403115,80.9825096,0,lko,Lucknow,2026-08-31T09:19:53.849331Z
ChIJQ77mNFlXmTkRPDji7lyeXpk,Restaurant Golden Bowl,places,en,316,26.9392356,80.98239245,26.9403187,80.9823451,0,lko,Lucknow,2026-08-31T09:19:53.849332Z
ChIJ1amw_XtXmTkRAAAAcOI1nSs,Ramu Sweet House,places,en,316,26.9392356,80.98239245,26.9380555,80.981151,0,lko,Lucknow,2026-08-31T09:19:53.849334Z
ChIJp_VydQBXmTkRqep1QH459HU,R V Sweet's &restaurant,places,en,316,26.9392356,80.98239245,26.938149199999998,80.9808041,0,lko,Lucknow,2026-08-31T09:19:53.849336Z
ChIJ00Y7aAD_mzkRDM1n0J7DQG4,Hukka corner,places,en,319,26.8755119,80.8352943,26.8754681,80.8359341,0,lko,Lucknow,2026-08-31T09:19:55.099166Z
ChIJCwDi62z_mzkRdzi7zDu1G2g,PRAJAPATI VEG ROLL & BIRYANI,places,en,320,26.86606595,80.84684354999999,26.8676022,80.84888939999999,0,lko,Lucknow,2026-08-31T09:19:55.458106Z
ChIJl_Dzyhj_mzkRkpM2EffNLhg,Krishiv's Grills & Fries,places,en,320,26.86606595,80.84684354999999,26.865173199999997,80.8493407,0,lko,Lucknow,2026-08-31T09:19:55.458124Z
ChIJb4mbF5xXmTkREf6tqLKaQRM,Love2Serve - Restaurant,places,en,322,26.942927599999997,80.97471,26.943200299999997,80.97242609999999,0,lko,Lucknow,2026-08-31T09:19:56.364998Z
ChIJYWD1SvVXmTkRkRswagHoInw,Basilia & Co - Pizzeria - Lucknow,places,en,323,26.94258715,80.9761852,26.9413675,80.9775161,0,lko,Lucknow,2026-08-31T09:19:56.821750Z
ChIJ-_ZCS4pZmTkRE3aPlTpdhvw,Fork It!,places,en,324,26.91085845,81.03115650000001,26.9081905,81.03111249999999,0,lko,Lucknow,2026-08-31T09:19:57.159472Z
ChIJ2Tjm8ipVmTkR70Fwv6M0FVY,Har Dil Azeez Golgappe ( Buddy's veg and non veg point),places,en,326,26.8923748,80.86027135,26.890865299999998,80.860585,0,lko,Lucknow,2026-08-31T09:19:57.949166Z
ChIJ-Y41FQBVmTkRY9gSeIbU12w,Rajesh fast food janghi hotel dubbaga lucknow,places,en,326,26.8923748,80.86027135,26.890818,80.8605374,0,lko,Lucknow,2026-08-31T09:19:57.949188Z
ChIJz_GIXZtVmTkRk4V_rMRf1Og,Jangi Hotel,places,en,326,26.8923748,80.86027135,26.890295499999997,80.8604706,0,lko,Lucknow,2026-08-31T09:19:57.949194Z
ChIJUUHKL-9VmTkR7fEaWn1mNak,Vandana,places,en,326,26.8923748,80.86027135,26.891969,80.8576902,0,lko,Lucknow,2026-08-31T09:19:57.949199Z
ChIJL40ZrZJVmTkRWJaOdflAtYA,THE CRUNCH NATION,places,en,326,26.8923748,80.86027135,26.889773299999998,80.85990319999999,0,lko,Lucknow,2026-08-31T09:19:57.949203Z
ChIJjR0h0eBVmTkRfIYtywOieZ4,BADRISH SINGH,places,en,326,26.8923748,80.86027135,26.8900938,80.8617903,0,lko,Lucknow,2026-08-31T09:19:57.949207Z
ChIJVeb9LjdVmTkRY33VqCpDOqg,Vasu restaurant lko,places,en,330,26.90853815,80.85829415,26.908503999999997,80.86124629999999,0,lko,Lucknow,2026-08-31T09:19:59.553723Z
ChIJ3coASC5VmTkRmLq-SpNdaYI,Veg Biryani & Fast Food Corner,places,en,332,26.90908945,80.85087949999999,26.910811,80.8524821,0,lko,Lucknow,2026-08-31T09:20:00.269390Z
ChIJw3WUHABVmTkREexDNKX4Ifk,अमित सिंह,places,en,332,26.90908945,80.85087949999999,26.906903,80.85014799999999,0,lko,Lucknow,2026-08-31T09:20:00.269419Z
ChIJC2OM-H5VmTkRVsgzqDsHA2k,Arjun Kashyap Fast Food,places,en,332,26.90908945,80.85087949999999,26.9112771,80.8515927,0,lko,Lucknow,2026-08-31T09:20:00.269427Z
ChIJwaTzWQBVmTkRYHVLG26NEyo,Sardar ji Dhaba,places,en,332,26.90908945,80.85087949999999,26.910888999999997,80.8526792,0,lko,Lucknow,2026-08-31T09:20:00.269432Z
ChIJA7LGR2hVmTkRLilIHXvwP-k,Lucknow Food Court,places,en,332,26.90908945,80.85087949999999,26.9116531,80.8510951,0,lko,Lucknow,2026-08-31T09:20:00.269436Z
ChIJjzsPRQDjmzkRSVSwl-ES8jE,Cafe and cuisine,places,en,334,26.830698599999998,81.0202932,26.8314029,81.02164119999999,0,lko,Lucknow,2026-08-31T09:20:01.031883Z
ChIJ5RIEv0HjmzkR4ZIXsc-66DM,Solara farm,places,en,334,26.830698599999998,81.0202932,26.8313921,81.02216419999999,0,lko,Lucknow,2026-08-31T09:20:01.031909Z
ChIJ0_TCzeDjmzkR92NUU0YGD_s,Desi zayka,places,en,334,26.830698599999998,81.0202932,26.831572899999998,81.0231156,0,lko,Lucknow,2026-08-31T09:20:01.031917Z
ChIJod9zRwD5mzkRgXSl3T2LoP8,J.M.S family restaurant,places,en,335,26.6901199,80.82987725000001,26.691425,80.8286392,0,lko,Lucknow,2026-08-31T09:20:01.400635Z
ChIJXfxBB535mzkR2Un-j77jEXw,Ved Bhog Restaurant,places,en,335,26.6901199,80.82987725000001,26.691627500000003,80.82864200000002,0,lko,Lucknow,2026-08-31T09:20:01.400667Z
ChIJG9vbRhv5mzkRJPvc6Zlh4Hg,Dinesh Rathore,places,en,335,26.6901199,80.82987725000001,26.6886635,80.8278885,0,lko,Lucknow,2026-08-31T09:20:01.400675Z
ChIJYbr7DU35mzkRY86NfzYmtZY,Fresh & Tasty,places,en,335,26.6901199,80.82987725000001,26.6924568,80.829444,0,lko,Lucknow,2026-08-31T09:20:01.400681Z
ChIJedOFIwD5mzkR5X96MqZ_cL4,Narayan Restaurant & Bakers,places,en,335,26.6901199,80.82987725000001,26.692320900000002,80.82881680000001,0,lko,Lucknow,2026-08-31T09:20:01.400686Z
ChIJTV9ZyF_5mzkRhHx5_ZNL4y4,Jai Bajrangbali Bhelpuri,places,en,335,26.6901199,80.82987725000001,26.6884122,80.8279337,0,lko,Lucknow,2026-08-31T09:20:01.400690Z
ChIJdx8Urrn5mzkRxf2ub9HQH-o,Mohini kitchen,places,en,335,26.6901199,80.82987725000001,26.6885805,80.8276178,0,lko,Lucknow,2026-08-31T09:20:01.400731Z
ChIJ6Rdhxdr3mzkRJnoFHtx_cZ0,Bala ji tifin service,places,en,338,26.682977,80.83149225,26.683057599999998,80.8324236,0,lko,Lucknow,2026-08-31T09:20:02.489638Z
ChIJQ-aBB6r3mzkRNqMX3YRPBLM,Anmol Maurya,places,en,338,26.682977,80.83149225,26.6839158,80.83322679999999,0,lko,Lucknow,2026-08-31T09:20:02.489661Z
ChIJW0MEAD3_mzkRwXaAIpGwcZU,Rakshit Veg Point & Fast Food,places,en,339,26.8600188,80.85443955,26.859086299999998,80.8528596,0,lko,Lucknow,2026-08-31T09:20:02.856305Z
ChIJGVtITAD_mzkR5HkCIsTdpoU,श्री बाला जी दूध डेयरी फास्ट फूड,places,en,339,26.8600188,80.85443955,26.8582461,80.8541923,0,lko,Lucknow,2026-08-31T09:20:02.856352Z
ChIJGSjBBgD_mzkRY6TefrP7-1w,Baba anandeshwar dosa cornar,places,en,339,26.8600188,80.85443955,26.858234699999997,80.8542238,0,lko,Lucknow,2026-08-31T09:20:02.856360Z
ChIJNQDS5E__mzkR3yDyo5DWGLo,Shri Bala Ji Sweet & Bakery,places,en,339,26.8600188,80.85443955,26.857877,80.8534889,0,lko,Lucknow,2026-08-31T09:20:02.856365Z
ChIJvcqXswz5mzkR2gYjGa94iho,Pardhan Restaurant &Dhaba shaheed path Kanpur road Lucknow,places,en,341,26.77433155,80.88525715,26.776027,80.884891,0,lko,Lucknow,2026-08-31T09:20:03.639039Z
ChIJkbLlpbr5mzkRSBjgC4wFjv0,Tandoor-E-Mughalai,places,en,341,26.77433155,80.88525715,26.773406299999998,80.88749279999999,0,lko,Lucknow,2026-08-31T09:20:03.639063Z
ChIJE8DsX-hXmTkRUyaAajjUIHg,The Spicy Treat,places,en,344,26.95006115,80.9268162,26.9487451,80.9290039,0,lko,Lucknow,2026-08-31T09:20:04.759318Z
ChIJQ077m3n7mzkRqZei7ijdr0M,Shivansh egg Store,places,en,347,26.77753535,80.97618305,26.7776419,80.9769058,0,lko,Lucknow,2026-08-31T09:20:05.897311Z
ChIJm9fKe0j7mzkR7LHYJRds_4Y,Kanha Sweets and Dairy Fast food,places,en,347,26.77753535,80.97618305,26.778253300000003,80.9765822,0,lko,Lucknow,2026-08-31T09:20:05.897343Z
ChIJuQfe8U_7mzkRjgUo_pn7qzc,PAL BROTHERS FAST FOOD,places,en,347,26.77753535,80.97618305,26.7778282,80.97702129999999,0,lko,Lucknow,2026-08-31T09:20:05.897351Z
ChIJZdl3MbH7mzkRLRubwT-RTc8,THE HOST-MAHADEV MISTHAN VATIKA,places,en,347,26.77753535,80.97618305,26.7762399,80.9778213,0,lko,Lucknow,2026-08-31T09:20:05.897356Z
ChIJcc0fFzb7mzkR8rfpnYEI4bo,Ramayana Restaurant,places,en,347,26.77753535,80.97618305,26.7759045,80.9776268,0,lko,Lucknow,2026-08-31T09:20:05.897361Z
ChIJhQC5VVz7mzkR3Kbif_AAvz8,Foodie junction,places,en,347,26.77753535,80.97618305,26.775631900000004,80.9776614,0,lko,Lucknow,2026-08-31T09:20:05.897365Z
ChIJgye5Yvb7mzkRDGeoCyBMcvM,Sandwich Hub,places,en,347,26.77753535,80.97618305,26.7755139,80.9777986,0,lko,Lucknow,2026-08-31T09:20:05.897369Z
ChIJ3ykEUXb7mzkR9uo3XtGabIQ,BADNAAM NON VEG POINT,places,en,347,26.77753535,80.97618305,26.775512,80.9778056,0,lko,Lucknow,2026-08-31T09:20:05.897374Z
ChIJnSXVOwD7mzkRUQp7I8tj9WA,Ravi Bombay Vada Pav,places,en,347,26.77753535,80.97618305,26.7753804,80.9779247,0,lko,Lucknow,2026-08-31T09:20:05.897378Z
ChIJx8_jBgD7mzkRbuis716BJ2s,TIWARI JI MISTHAN BHANDAR,places,en,348,26.75110295,80.97558939999999,26.7505566,80.9738859,0,lko,Lucknow,2026-08-31T09:20:06.392843Z
ChIJRwj4p2v7mzkRfA96Himiokw,Tandoori Palace,places,en,349,26.7334298,80.9060141,26.7323885,80.9038597,0,lko,Lucknow,2026-08-31T09:20:06.788435Z
ChIJzRgfZ5_jmzkRRdf0ENLuOA8,Bhavyam fast food and tea point,places,en,352,26.8403605,81.03383895,26.838736599999997,81.0350753,0,lko,Lucknow,2026-08-31T09:20:07.984524Z
ChIJSxoC-btZmTkRgKjMAtgT8xA,Pintu Pan Shop,places,en,353,26.90061765,81.0460222,26.901461599999998,81.0455635,0,lko,Lucknow,2026-08-31T09:20:08.362456Z
ChIJe0XoewxZmTkRJ9SKXNlA4hc,Guddu Veg Corner,places,en,353,26.90061765,81.0460222,26.901019899999998,81.0448464,0,lko,Lucknow,2026-08-31T09:20:08.362481Z
ChIJ550rPgBZmTkRngWtWou5D88,Baba momoz (Raj Kumar),places,en,353,26.90061765,81.0460222,26.9004843,81.047578,0,lko,Lucknow,2026-08-31T09:20:08.362487Z
ChIJ45vqA5pYmTkRc8BKznjsI-A,"Light Food(Omlet, Golgappa, Rolls..Tea Etc)",places,en,353,26.90061765,81.0460222,26.900477799999997,81.0475834,0,lko,Lucknow,2026-08-31T09:20:08.362493Z
ChIJmePc5xVZmTkRAzBTt8MLNkc,Jai Maa Vaishno Tiffin Service,places,en,353,26.90061765,81.0460222,26.9015855,81.0447595,0,lko,Lucknow,2026-08-31T09:20:08.362497Z
ChIJ94L0CnBZmTkRLDSOhG9869o,Jyoti,places,en,353,26.90061765,81.0460222,26.899962499999997,81.0475999,0,lko,Lucknow,2026-08-31T09:20:08.362502Z
ChIJgcgzzw9ZmTkRgaF5yzBdbG8,TRENDING APPETITE,places,en,353,26.90061765,81.0460222,26.901369199999998,81.04440000000001,0,lko,Lucknow,2026-08-31T09:20:08.362539Z
ChIJc7C5CZxZmTkRoDGkPfGvjGo,Purvanchal ki mashur baati,places,en,354,26.9015442,81.04606255,26.903203599999998,81.0442466,0,lko,Lucknow,2026-08-31T09:20:08.719742Z
ChIJ_9kOhOHjmzkRdRJK-k1Tqsw,Raider Fastfood Stall,places,en,357,26.865224249999997,81.03778009999999,26.8651123,81.0371727,0,lko,Lucknow,2026-08-31T09:20:10.841514Z
ChIJU6H5VQDjmzkRQjiOhPpruvY,Bhojan Hai | Freshly Cooked Food | Cloud Kitchen,places,en,357,26.865224249999997,81.03778009999999,26.865500899999997,81.0384411,0,lko,Lucknow,2026-08-31T09:20:10.841539Z
ChIJcwlOPP7jmzkRpFTcZCTNl-0,The Village Flavour,places,en,357,26.865224249999997,81.03778009999999,26.8646033,81.0371481,0,lko,Lucknow,2026-08-31T09:20:10.841546Z
ChIJO5Z6IPvjmzkR0p5vM_melD0,Makhanchor Sweets & Restaurant,places,en,357,26.865224249999997,81.03778009999999,26.865544,81.036637,0,lko,Lucknow,2026-08-31T09:20:10.841552Z
ChIJ7xQPLyfjmzkRSdX99mXzAT4,You like fastfood aldiko tiraha,places,en,357,26.865224249999997,81.03778009999999,26.864262999999998,81.0371024,0,lko,Lucknow,2026-08-31T09:20:10.841559Z
ChIJF3wtWx3jmzkRQBTDudhdecM,Try D Taste,places,en,357,26.865224249999997,81.03778009999999,26.8661756,81.037019,0,lko,Lucknow,2026-08-31T09:20:10.841564Z
ChIJ24MKcOPjmzkRDWVPkSFLbHg,Sikandrabad Ki Mashur Veg Biryani,places,en,357,26.865224249999997,81.03778009999999,26.864142899999997,81.0372077,0,lko,Lucknow,2026-08-31T09:20:10.841569Z
ChIJgX0NfwDjmzkRpSndUcPMLDM,MAA VAISHNO DHABA,places,en,357,26.865224249999997,81.03778009999999,26.8634827,81.03694689999999,0,lko,Lucknow,2026-08-31T09:20:10.841574Z
ChIJ1c0VhErjmzkRmcEVR4K5S5c,Up 60 ka zayka,places,en,357,26.865224249999997,81.03778009999999,26.8670925,81.0386541,0,lko,Lucknow,2026-08-31T09:20:10.841579Z
ChIJpwiXfADjmzkRN4BbCh9V_zY,Sankar samosa,places,en,357,26.865224249999997,81.03778009999999,26.8670388,81.0366007,0,lko,Lucknow,2026-08-31T09:20:10.841585Z
ChIJRfIOOXvjmzkR3UVmA8yCII0,Chat Corner,places,en,357,26.865224249999997,81.03778009999999,26.867044,81.0366045,0,lko,Lucknow,2026-08-31T09:20:10.841590Z
ChIJISEY5__jmzkRZfL3lDI6jD8,Bitefull Fast Food Addda,places,en,357,26.865224249999997,81.03778009999999,26.867302199999997,81.0382217,0,lko,Lucknow,2026-08-31T09:20:10.841595Z
ChIJmUb4JUzjmzkRfPYWa7zwg9M,The Mom's Cloud Kitchen,places,en,357,26.865224249999997,81.03778009999999,26.866937800000002,81.03619859999999,0,lko,Lucknow,2026-08-31T09:20:10.841600Z
ChIJgdaQMADjmzkRMamHLg9IHNc,JD restaurant,places,en,357,26.865224249999997,81.03778009999999,26.8630566,81.0384017,0,lko,Lucknow,2026-08-31T09:20:10.841605Z
ChIJq-etLZHjmzkRrCONWTYRp4g,Special Jalebi,places,en,357,26.865224249999997,81.03778009999999,26.8671595,81.0364598,0,lko,Lucknow,2026-08-31T09:20:10.841610Z
ChIJSclwegDjmzkR4neJGylrUf0,Akeel Biryani Point,places,en,357,26.865224249999997,81.03778009999999,26.8672819,81.03661439999999,0,lko,Lucknow,2026-08-31T09:20:10.841615Z
ChIJdadicr3jmzkR4fOSTmnq_eA,Shivaay Cafe And Pizza House,places,en,357,26.865224249999997,81.03778009999999,26.863752899999998,81.0402051,0,lko,Lucknow,2026-08-31T09:20:10.841621Z
ChIJXeAIxvrjmzkRn32oyW5YuuE,Shri Balaji Ji Restaurant And Fast Food,places,en,357,26.865224249999997,81.03778009999999,26.8633782,81.0399314,0,lko,Lucknow,2026-08-31T09:20:10.841626Z
ChIJi1x0yE5XmTkRN29eX4g0kTU,Abhishek Kumar,places,en,360,26.95820085,80.92537709999999,26.9559921,80.9257868,0,lko,Lucknow,2026-08-31T09:20:12.181801Z
ChIJ--mmBSarnjkR3VJFDJAHc3E,Baba Da Dhaba,places,en,364,26.88174515,80.7943712,26.8823139,80.7953103,0,lko,Lucknow,2026-08-31T09:20:13.824298Z
ChIJcbb5VvNXmTkRcBa41C-o8Bc,Anika's Kitchen,places,en,366,26.89424945,80.96741405,26.892667199999998,80.9681189,0,lko,Lucknow,2026-08-31T09:20:14.942263Z
ChIJ6fHLUklXmTkRKPH6MWExrAM,Brother's Zone Cafe,places,en,366,26.89424945,80.96741405,26.893776,80.96479599999999,0,lko,Lucknow,2026-08-31T09:20:14.942293Z
ChIJbR827E_-mzkRYey80Ed8FF0,Baba Veg Corner,places,en,367,26.8436126,80.86476195,26.843643,80.86456199999999,0,lko,Lucknow,2026-08-31T09:20:15.342388Z
ChIJDSSXB1L_mzkR7rnriTfc9TE,Chai Bar,places,en,367,26.8436126,80.86476195,26.842515799999997,80.86545339999999,0,lko,Lucknow,2026-08-31T09:20:15.342415Z
ChIJvQ9Qr-D_mzkRgAMcWcLK2TI,VARUN AUR HUM,places,en,367,26.8436126,80.86476195,26.842515799999997,80.86545339999999,0,lko,Lucknow,2026-08-31T09:20:15.342423Z
ChIJe5tpjKL_mzkRlWcekhDAa9s,Yadav misthan bhandar,places,en,367,26.8436126,80.86476195,26.8431368,80.8632205,0,lko,Lucknow,2026-08-31T09:20:15.342428Z
ChIJoWxxUgD_mzkR5ByLj4V3DEw,Rajajipuram,places,en,367,26.8436126,80.86476195,26.844503999999997,80.8625242,0,lko,Lucknow,2026-08-31T09:20:15.342432Z
ChIJ8btphYT_mzkRy27D_snKIfE,Aryan Cake Shop,places,en,367,26.8436126,80.86476195,26.8430552,80.8623412,0,lko,Lucknow,2026-08-31T09:20:15.342436Z
ChIJHwrR4kH_mzkR6j4dN9O-T2Y,Food on mood,places,en,367,26.8436126,80.86476195,26.8447881,80.86739639999999,0,lko,Lucknow,2026-08-31T09:20:15.342441Z
ChIJ2WY-Sb7jmzkR0uvtcPwb97U,The Hunger Domain,places,en,368,26.7943894,81.00629485,26.7940483,81.0053113,0,lko,Lucknow,2026-08-31T09:20:15.831510Z
ChIJqbgji2fjmzkRuPSUQUkMnQA,Vanakkam Rajnikantham,places,en,368,26.7943894,81.00629485,26.7940483,81.0053113,0,lko,Lucknow,2026-08-31T09:20:15.831533Z
ChIJJTDFwrDjmzkRcim_YEUacoQ,Rasoi by Maa,places,en,368,26.7943894,81.00629485,26.7934523,81.0058685,0,lko,Lucknow,2026-08-31T09:20:15.831539Z
ChIJWS-YV87jmzkRN3CBbdqF8GA,BITE BOX,places,en,368,26.7943894,81.00629485,26.793498999999997,81.0057569,0,lko,Lucknow,2026-08-31T09:20:15.831544Z
ChIJJ4jt48fjmzkRWHe7eOHq_ec,Pizza Celebration,places,en,368,26.7943894,81.00629485,26.793308000000003,81.0061193,0,lko,Lucknow,2026-08-31T09:20:15.831549Z
ChIJMcB7lZDjmzkRTC3mIpdPEIM,The Handi Restaurant,places,en,368,26.7943894,81.00629485,26.7937186,81.00528349999999,0,lko,Lucknow,2026-08-31T09:20:15.831553Z
ChIJFVQT3CLjmzkRh5WWpuyJUjY,Shakahaar2Go,places,en,368,26.7943894,81.00629485,26.793623,81.00534979999999,0,lko,Lucknow,2026-08-31T09:20:15.831557Z
ChIJYzJmTYLlmzkRO672V28ryAE,Morning Dose,places,en,368,26.7943894,81.00629485,26.792892,81.00661079999999,0,lko,Lucknow,2026-08-31T09:20:15.831561Z
ChIJeWkr21_jmzkRIWXTJvtIlvE,Al Baik,places,en,368,26.7943894,81.00629485,26.795248599999997,81.008591,0,lko,Lucknow,2026-08-31T09:20:15.831566Z
ChIJQ4-Th-7jmzkRbPmgahiltMw,Medical,places,en,371,26.80792005,81.00559824999999,26.808991900000002,81.00285269999999,0,lko,Lucknow,2026-08-31T09:20:17.038204Z
ChIJr9RpIABVmTkRTqJlujIpaEo,Shivaa Bhojnalaya,places,en,372,26.9273984,80.89714194999999,26.9275375,80.89708619999999,0,lko,Lucknow,2026-08-31T09:20:17.404858Z
ChIJhybjs6tVmTkRYB-KT-nahfA,Purvanchal Tea & Coffee Shop,places,en,372,26.9273984,80.89714194999999,26.9273933,80.8969776,0,lko,Lucknow,2026-08-31T09:20:17.404881Z
ChIJVVEsYQBVmTkRXhsov1BQi4A,Trikut restaurant and cafe,places,en,372,26.9273984,80.89714194999999,26.927114699999997,80.8978473,0,lko,Lucknow,2026-08-31T09:20:17.404887Z
ChIJRWAcnm39mzkROusHtfnbiV4,The Smokey Chulha,places,en,374,26.8709439,80.94699655,26.871681700000003,80.947422,0,lko,Lucknow,2026-08-31T09:20:18.123889Z
ChIJU-M4UgD9mzkRd1SzlLk9kmk,Pandit ji samose wale Since 1952,places,en,374,26.8709439,80.94699655,26.8710299,80.94830800000001,0,lko,Lucknow,2026-08-31T09:20:18.123912Z
ChIJefbjbQD9mzkRllTBzwWzpDs,Arjun Momos,places,en,374,26.8709439,80.94699655,26.8710201,80.9455024,0,lko,Lucknow,2026-08-31T09:20:18.123919Z
ChIJK-t77jf9mzkRtWpfTbtXNIg,Nutriplate -Multicuisine Restaurant,places,en,374,26.8709439,80.94699655,26.872245000000003,80.9465309,0,lko,Lucknow,2026-08-31T09:20:18.123923Z
ChIJ2yj5P6fxmTkRJR9f8h0zcaY,Bhiwandi Dhaba,places,en,374,26.8709439,80.94699655,26.8709267,80.9485724,0,lko,Lucknow,2026-08-31T09:20:18.123929Z
ChIJhVtBQQD9mzkRVOPswilrCLg,Neehansh Healthy Food,places,en,374,26.8709439,80.94699655,26.8704158,80.94899079999999,0,lko,Lucknow,2026-08-31T09:20:18.123934Z
ChIJy00YWQD9mzkREl2LZPqZHg4,Ragav bhaiya,places,en,374,26.8709439,80.94699655,26.868438899999997,80.94729939999999,0,lko,Lucknow,2026-08-31T09:20:18.123938Z
ChIJL2D89nv9mzkR_mPKiClqayE,merry mount restaurant and lawns,places,en,374,26.8709439,80.94699655,26.872744100000002,80.94895740000001,0,lko,Lucknow,2026-08-31T09:20:18.123943Z
ChIJARnwhar7mzkR3DPEIK8GESU,7th Heaven,places,en,375,26.7817832,80.96934325000001,26.7816711,80.97139039999999,0,lko,Lucknow,2026-08-31T09:20:19.518907Z
ChIJcSj4kFL7mzkRF5HQxoFoEAQ,KhatuWala Momos & Food,places,en,375,26.7817832,80.96934325000001,26.7838119,80.9686748,0,lko,Lucknow,2026-08-31T09:20:19.518931Z
ChIJQ6NUrDP7mzkRSYqvsmLTKoA,Hungry Crush pubg style,places,en,375,26.7817832,80.96934325000001,26.7837567,80.97111079999999,0,lko,Lucknow,2026-08-31T09:20:19.518938Z
ChIJhVVMXqD7mzkRRNmqAcMc4ug,MF Business,places,en,375,26.7817832,80.96934325000001,26.783305,80.97165559999999,0,lko,Lucknow,2026-08-31T09:20:19.518983Z
ChIJkaaVM1_7mzkR45QQ59ZDUWs,Aashirwad Fast Food,places,en,376,26.78985745,80.9715083,26.789087199999997,80.9701528,0,lko,Lucknow,2026-08-31T09:20:19.907573Z
ChIJL46LEwD7mzkRp4uqibfkljg,Garam Masala Cafe,places,en,376,26.78985745,80.9715083,26.7888965,80.96996759999999,0,lko,Lucknow,2026-08-31T09:20:19.907600Z
ChIJGRVAX9D7mzkR2kC_A2t0jw0,Route 32 - Taste of Darjeeling Momos,places,en,376,26.78985745,80.9715083,26.7872289,80.9709416,0,lko,Lucknow,2026-08-31T09:20:19.907623Z
ChIJKQPrPFn7mzkRk3ZuBAd3KGE,Jyotima Tiffin Service,places,en,376,26.78985745,80.9715083,26.787178800000003,80.971632,0,lko,Lucknow,2026-08-31T09:20:19.907629Z
ChIJUdQjEEv8mzkRhNbv9hkLzuc,Shyam Ji Palace,places,en,377,26.83249945,80.92430425,26.832473099999998,80.924328,0,lko,Lucknow,2026-08-31T09:20:20.289295Z
ChIJrZHYstP9mzkROxj29LG_k0g,Tava Tod Egg Stall,places,en,377,26.83249945,80.92430425,26.832702299999998,80.9241916,0,lko,Lucknow,2026-08-31T09:20:20.289321Z
ChIJEXiT82z9mzkRBDrXHaGPKPo,Mihir Tea Stall,places,en,377,26.83249945,80.92430425,26.8326416,80.924601,0,lko,Lucknow,2026-08-31T09:20:20.289328Z
ChIJG5Lm81H9mzkRMzqQ2eAOKXA,Capsicum,places,en,377,26.83249945,80.92430425,26.8327955,80.9240844,0,lko,Lucknow,2026-08-31T09:20:20.289333Z
ChIJCw8Ue0H9mzkRh6FZ8MbeQLY,Rainbow Industries,places,en,377,26.83249945,80.92430425,26.8328374,80.924419,0,lko,Lucknow,2026-08-31T09:20:20.289338Z
ChIJG82Xdor9mzkRwKiw9oJBi5w,Maa Shakambhari Bhojnalaya,places,en,377,26.83249945,80.92430425,26.8328232,80.9241292,0,lko,Lucknow,2026-08-31T09:20:20.289343Z
ChIJA5Hns1z9mzkRPDbJhBNe9wU,Ganesha Sweets & Restaurant Charbagh,places,en,377,26.83249945,80.92430425,26.8328466,80.9244037,0,lko,Lucknow,2026-08-31T09:20:20.289347Z
ChIJZZszdsz9mzkRPuhiVdkpuno,SHILU,places,en,377,26.83249945,80.92430425,26.8329809,80.92420059999999,0,lko,Lucknow,2026-08-31T09:20:20.289351Z
ChIJbQsP4cv9mzkR1hxD_LsijAA,BRAJ KI RASOI,places,en,377,26.83249945,80.92430425,26.8326006,80.9248631,0,lko,Lucknow,2026-08-31T09:20:20.289355Z
ChIJAer4LfT9mzkRyNUQygXzZR8,Rominus Pizza And Burger,places,en,377,26.83249945,80.92430425,26.832504399999998,80.9236098,0,lko,Lucknow,2026-08-31T09:20:20.289360Z
ChIJuZWg-O39mzkR3zDTEzIpP5M,"Domino's Pizza | Charbagh Metro Station, Lucknow",places,en,377,26.83249945,80.92430425,26.8325347,80.9235836,0,lko,Lucknow,2026-08-31T09:20:20.289364Z
ChIJsVbF5Dr9mzkR8OEYoRa3M7k,Lavkush,places,en,377,26.83249945,80.92430425,26.832500999999997,80.9235784,0,lko,Lucknow,2026-08-31T09:20:20.289368Z
ChIJ0zQWz2j9mzkR54RNrRDw1F4,MO KAIF S O GULAM RASUL,places,en,377,26.83249945,80.92430425,26.8319095,80.9245321,0,lko,Lucknow,2026-08-31T09:20:20.289372Z
ChIJ71wfnpz9mzkRTrsL9ERq23I,Sonu Tea Stall,places,en,377,26.83249945,80.92430425,26.832624900000003,80.92513,0,lko,Lucknow,2026-08-31T09:20:20.289376Z
ChIJ9QVRizL9mzkRWLaxrxVFMPw,Rail coach restaurant,places,en,377,26.83249945,80.92430425,26.831685399999998,80.92398539999999,0,lko,Lucknow,2026-08-31T09:20:20.289380Z
ChIJPXmeaHr9mzkRAw3SHX4Usw0,Pandit Ji Puri Bhandar,places,en,377,26.83249945,80.92430425,26.8316564,80.9247461,0,lko,Lucknow,2026-08-31T09:20:20.289384Z
ChIJjVj3Wq39mzkRLB3xmffjl9k,24X7 Burgers,places,en,377,26.83249945,80.92430425,26.832949100000004,80.9232201,0,lko,Lucknow,2026-08-31T09:20:20.289388Z
ChIJq_vEgt39mzkRid3FCSeGP1g,Jitendra Kumar,places,en,377,26.83249945,80.92430425,26.833189700000002,80.9252283,0,lko,Lucknow,2026-08-31T09:20:20.289392Z
ChIJPy3av239mzkRdQFsXVOQbwY,Pankaj Fast Fod,places,en,377,26.83249945,80.92430425,26.8327362,80.9254972,0,lko,Lucknow,2026-08-31T09:20:20.289397Z
ChIJ4Un83Ur8mzkRiILLDPm8j3M,Krishna Hotel,places,en,377,26.83249945,80.92430425,26.8331341,80.9231807,0,lko,Lucknow,2026-08-31T09:20:20.289401Z
ChIJa06TCN_5mzkRa7RCrZtEn58,Ammaji Ka Punjabi Tadka,places,en,379,26.7744827,80.89196609999999,26.776164299999998,80.8925306,0,lko,Lucknow,2026-08-31T09:20:21.098367Z
ChIJ88cTXQBXmTkRoWR-fCyENrE,FOODIE junction,places,en,380,26.91176445,80.91227355000001,26.911925999999998,80.9123305,0,lko,Lucknow,2026-08-31T09:20:21.561833Z
ChIJaxq7nPtXmTkRCeAG06jHOLA,Kiran Tiffin Service Centre,places,en,380,26.91176445,80.91227355000001,26.911583500000003,80.9099552,0,lko,Lucknow,2026-08-31T09:20:21.561864Z
ChIJEVltiHDlmzkRv-iDiZQ7GBo,Fresh Foods Tiffin Service,places,en,381,26.770166850000003,80.9866926,26.769306399999998,80.9876105,0,lko,Lucknow,2026-08-31T09:20:21.985588Z
ChIJieYl8i7lmzkRBDOp6-6ZYJE,Ghante Wala fast food corner,places,en,381,26.770166850000003,80.9866926,26.769306399999998,80.9876105,0,lko,Lucknow,2026-08-31T09:20:21.985615Z
ChIJGcW1UrTlmzkRS5QBlHVMzvQ,Janta Dhaba,places,en,381,26.770166850000003,80.9866926,26.770307499999998,80.98882069999999,0,lko,Lucknow,2026-08-31T09:20:21.985623Z
ChIJRWMedZf7mzkR1oNZUzVYtk0,BAAZIGAR NEVER SLEEP,places,en,381,26.770166850000003,80.9866926,26.7684166,80.9851359,0,lko,Lucknow,2026-08-31T09:20:21.985628Z
ChIJh1ZUADPlmzkROFTm1ezpAco,Bhole Bhandari paratha wala,places,en,381,26.770166850000003,80.9866926,26.770737,80.9893082,0,lko,Lucknow,2026-08-31T09:20:21.985633Z
ChIJS9s1RqjlmzkRIkdaAvhq_8w,Yo Yo Foodiez,places,en,381,26.770166850000003,80.9866926,26.770519399999998,80.9894065,0,lko,Lucknow,2026-08-31T09:20:21.985641Z
ChIJX5GkC27lmzkR7yaFs86kUlo,SHIV BHOJNALAYA,places,en,381,26.770166850000003,80.9866926,26.770899099999998,80.9893835,0,lko,Lucknow,2026-08-31T09:20:21.985646Z
ChIJwUlGNgDlmzkRu_ymDu8hxzI,House of Taste,places,en,381,26.770166850000003,80.9866926,26.769714999999998,80.989578,0,lko,Lucknow,2026-08-31T09:20:21.985650Z
ChIJyeoAeYj7mzkRfwsb9d2uNxk,Veg Biryani,places,en,381,26.770166850000003,80.9866926,26.770740699999998,80.9838075,0,lko,Lucknow,2026-08-31T09:20:21.985654Z
ChIJoWCX42RZmTkREBf7Xktrzr0,Thakur tea point and chaat corner,places,en,384,26.9056074,80.9994987,26.9069367,80.9995064,0,lko,Lucknow,2026-08-31T09:20:23.158794Z
ChIJxasefwBRmTkRniXWOSe5hm4,Shree khatu shyam jalpan & restaurant,places,en,386,26.9908976,80.9115383,26.992620400000003,80.9134832,0,lko,Lucknow,2026-08-31T09:20:23.913980Z
ChIJd3_wgidFmTkRhIpHntrg31o,The Indian Fast Food Station,places,en,387,27.114819599999997,81.00120095,27.1132162,81.00271099999999,0,lko,Lucknow,2026-08-31T09:20:24.277789Z
ChIJzyAEcQBTmTkRd3RKNUAtTQ8,Suraj tea and food stole,places,en,390,27.0007579,80.86971600000001,26.9997887,80.869101,0,lko,Lucknow,2026-08-31T09:20:25.406045Z
ChIJc00kEACtnjkR96-SrkGVbdc,YADAV FAMILY RESTAURANT,places,en,392,26.98116275,80.72465980000001,26.9793248,80.72544119999999,0,lko,Lucknow,2026-08-31T09:20:26.286970Z
ChIJH598W6T9mzkRt4j2KwZpnOU,Hind Biryani Corner,places,en,393,26.8395714,80.9377195,26.8398665,80.9378548,0,lko,Lucknow,2026-08-31T09:20:26.712763Z
ChIJ9xNaFDL9mzkRTl9qo2JaqRs,Mangal Bhog,places,en,393,26.8395714,80.9377195,26.840011399999998,80.93742879999999,0,lko,Lucknow,2026-08-31T09:20:26.712788Z
ChIJX3Rc0av9mzkRkxN1zimLkKs,Globe cafe,places,en,393,26.8395714,80.9377195,26.8401179,80.9376781,0,lko,Lucknow,2026-08-31T09:20:26.712795Z
ChIJSdBBm6v9mzkRoGx19AldNWk,ROYAL SPICY FAST FOOD CORNER,places,en,393,26.8395714,80.9377195,26.838889299999998,80.9381375,0,lko,Lucknow,2026-08-31T09:20:26.712800Z
ChIJU3Y0CKz9mzkRxxDGz30RbjE,Jai Durga Maa Vaishno Bhojnalaya,places,en,393,26.8395714,80.9377195,26.840368299999998,80.93729549999999,0,lko,Lucknow,2026-08-31T09:20:26.712805Z
ChIJ53lL6Kn9mzkRFq7t_yHOack,Jai Mata Vaishno Bhojnalaya,places,en,393,26.8395714,80.9377195,26.8403685,80.937265,0,lko,Lucknow,2026-08-31T09:20:26.712809Z
ChIJX1awPID9mzkR7eGKcYtIqpM,Heritage Blue Inn,places,en,393,26.8395714,80.9377195,26.8401599,80.9368119,0,lko,Lucknow,2026-08-31T09:20:26.712813Z
ChIJ6Qwulw79mzkRNHtb6zbrg6Y,Burger N Chips,places,en,393,26.8395714,80.9377195,26.838546299999997,80.93806599999999,0,lko,Lucknow,2026-08-31T09:20:26.712817Z
ChIJpZqIGWD9mzkRWgiwLtMrVC4,The Sugar Rack,places,en,393,26.8395714,80.9377195,26.8405931,80.9372604,0,lko,Lucknow,2026-08-31T09:20:26.712822Z
ChIJa_4-A4L9mzkR8vGqz0Fk-GY,GAJKESARI FOODS,places,en,393,26.8395714,80.9377195,26.8405821,80.9370732,0,lko,Lucknow,2026-08-31T09:20:26.712826Z
ChIJb-eRWpP9mzkROBIu_4eTfiY,Khushi Fast Food Centre,places,en,393,26.8395714,80.9377195,26.8383333,80.9380556,0,lko,Lucknow,2026-08-31T09:20:26.712830Z
ChIJP_43a6z9mzkRq_HQGWUgxAI,Shikhar Tiffin Service,places,en,393,26.8395714,80.9377195,26.83974,80.936239,0,lko,Lucknow,2026-08-31T09:20:26.712835Z
ChIJnfF14nf9mzkR-QOwh5EbKEw,"Pizza Hut | Burlington, Lucknow",places,en,393,26.8395714,80.9377195,26.8406047,80.93675329999999,0,lko,Lucknow,2026-08-31T09:20:26.712839Z
ChIJfZJynNz9mzkRD0bz7GghB8I,Moti Lal Gupta,places,en,393,26.8395714,80.9377195,26.8408223,80.9385454,0,lko,Lucknow,2026-08-31T09:20:26.712843Z
ChIJK5WD7iz9mzkRlLWnTy1GuBU,Ajay Khaste,places,en,393,26.8395714,80.9377195,26.839896099999997,80.9361438,0,lko,Lucknow,2026-08-31T09:20:26.712847Z
ChIJixxJdKv9mzkRquLcbOjSXA8,अवध कृषि केन्द्र,places,en,393,26.8395714,80.9377195,26.838254499999998,80.9384996,0,lko,Lucknow,2026-08-31T09:20:26.712852Z
ChIJPzATfqv9mzkRAAAA0DWTfAI,Sahu Fast Food,places,en,393,26.8395714,80.9377195,26.838097599999998,80.93744869999999,0,lko,Lucknow,2026-08-31T09:20:26.712856Z
ChIJu12bBM_9mzkR-YDdvoHRHFk,Reena Kashyap,places,en,393,26.8395714,80.9377195,26.838528699999998,80.9364986,0,lko,Lucknow,2026-08-31T09:20:26.712860Z
ChIJE31UYSD9mzkR2Qq9L3xh-D0,Hari Om Poori Bhandar,places,en,393,26.8395714,80.9377195,26.841157799999998,80.9374928,0,lko,Lucknow,2026-08-31T09:20:26.712864Z
ChIJFV6g-vj9mzkRaCbviS5XZO0,Gazal Restaurant and Bar,places,en,393,26.8395714,80.9377195,26.8398176,80.93578219999999,0,lko,Lucknow,2026-08-31T09:20:26.712868Z
ChIJEZw4d9v_mzkRD4ErmhxEJyg,SAIF BROTHERS CAFE,places,en,396,26.871280849999998,80.85186015,26.8720869,80.8511943,0,lko,Lucknow,2026-08-31T09:20:29.851161Z
ChIJ74suP67_mzkRhj1li4ZvwNk,Shri Krishna Fast Food Corner,places,en,396,26.871280849999998,80.85186015,26.870675799999997,80.8534963,0,lko,Lucknow,2026-08-31T09:20:29.851201Z
ChIJFxAWPAD_mzkRb4Sjl447X7I,Angel Goswami,places,en,396,26.871280849999998,80.85186015,26.8694849,80.8531975,0,lko,Lucknow,2026-08-31T09:20:29.851209Z
ChIJZ97tQTL_mzkRLNlbY-H4JRc,Rathour Anda Roll,places,en,396,26.871280849999998,80.85186015,26.8726289,80.8538902,0,lko,Lucknow,2026-08-31T09:20:29.851214Z
