place_id,name,source,lang,cell_idx,query_center_lat,query_center_lon,lat,lon,page,region_id,region_name,collected_at
ChIJhYcv6iRvUjoRjstPjywevQo,Ambur Briyani Shop,places,en,0,13.084794299999999,80.2799433,13.0845019,80.2793299,0,maa2,Chennai,2026-08-31T08:56:09.935368Z
ChIJuTuxBtVvUjoRLm-15ylxHvo,Bismillah Bai Briyani,places,en,0,13.084794299999999,80.2799433,13.0841883,80.27905109999999,0,maa2,Chennai,2026-08-31T08:56:09.935386Z
ChIJa0DJdSBpUjoRG_-u6wp0rSA,A1 Restaurant,places,en,0,13.084794299999999,80.2799433,13.0838516,80.27920449999999,0,maa2,Chennai,2026-08-31T08:56:09.935391Z
ChIJ4f-QlwRvUjoR6Pz4ITZxbFQ,Raja Tiffan Centre,places,en,0,13.084794299999999,80.2799433,13.083986999999999,80.2789896,0,maa2,Chennai,2026-08-31T08:56:09.935395Z
ChIJbbGqXVRvUjoRT2IgruLKJWM,Annalakshmi foods the Vada Shop,places,en,0,13.084794299999999,80.2799433,13.0859069,80.2807404,0,maa2,Chennai,2026-08-31T08:56:09.935398Z
ChIJTSl-wklvUjoRdsPz7sfBHqo,N K Sriram,places,en,0,13.084794299999999,80.2799433,13.086164799999999,80.2807036,0,maa2,Chennai,2026-08-31T08:56:09.935401Z
ChIJgawJIQBvUjoRaLARJvkqVXU,Mani Sri sastha kitchen,places,en,0,13.084794299999999,80.2799433,13.0836759,80.2784355,0,maa2,Chennai,2026-08-31T08:56:09.935404Z
ChIJl6gdeQBvUjoRNlGlsRwDrT8,KUMARAN CAFE,places,en,0,13.084794299999999,80.2799433,13.083632399999999,80.2784518,0,maa2,Chennai,2026-08-31T08:56:09.935406Z
ChIJMVcCTQBvUjoRyEtJPZVgBww,Amma tiffen center,places,en,0,13.084794299999999,80.2799433,13.083278900000002,80.278615,0,maa2,Chennai,2026-08-31T08:56:09.935409Z
ChIJ44cgJABvUjoRYJWY9_KAhw8,Pintu Kumar,places,en,0,13.084794299999999,80.2799433,13.0851586,80.282045,0,maa2,Chennai,2026-08-31T08:56:09.935412Z
ChIJwWVZKAtvUjoRfOI2mCOYDCI,S S JUICE Center,places,en,0,13.084794299999999,80.2799433,13.086181499999999,80.27831069999999,0,maa2,Chennai,2026-08-31T08:56:09.935414Z
ChIJ58HIPQBvUjoRMsJ_ja8Ce6s,Laxmi Handicrafts,places,en,0,13.084794299999999,80.2799433,13.086326,80.278262,0,maa2,Chennai,2026-08-31T08:56:09.935417Z
ChIJY2iAynVvUjoRbVxQrUjCdzw,Sri Lakshmi Cafe,places,en,0,13.084794299999999,80.2799433,13.083374599999999,80.2780427,0,maa2,Chennai,2026-08-31T08:56:09.935420Z
ChIJzVeCPQBvUjoRApqj_DfdVlw,Shyam Dhaba pure veg,places,en,0,13.084794299999999,80.2799433,13.083533899999999,80.2778584,0,maa2,Chennai,2026-08-31T08:56:09.935422Z
ChIJFZcIPo1vUjoR25mjlosp3Ag,Shri Ganesh Vilas,places,en,0,13.084794299999999,80.2799433,13.083330199999999,80.2779683,0,maa2,Chennai,2026-08-31T08:56:09.935425Z
ChIJMX7YN1VvUjoR474r_tSU-P4,Hamely Food,places,en,0,13.084794299999999,80.2799433,13.083015099999999,80.2781978,0,maa2,Chennai,2026-08-31T08:56:09.935427Z
ChIJuW0kuVVvUjoR5iiSJdA61Zg,NORTHMAL CHAT,places,en,0,13.084794299999999,80.2799433,13.086931,80.278556,0,maa2,Chennai,2026-08-31T08:56:09.935430Z
ChIJZS5GQ1VvUjoRYaEMK3vhA6c,Aroma Biriyani,places,en,0,13.084794299999999,80.2799433,13.085466900000002,80.27739629999999,0,maa2,Chennai,2026-08-31T08:56:09.935433Z
ChIJ1aneelVvUjoR18nmXuKlXIY,অন্নপুর্না হোটেল রেস্টুরেন্ট,places,en,0,13.084794299999999,80.2799433,13.084602199999999,80.277277,0,maa2,Chennai,2026-08-31T08:56:09.935436Z
ChIJJyWxFQBpUjoRJQQ9pdDwKUc,Canteen,places,en,0,13.084794299999999,80.2799433,13.082189699999999,80.2802035,0,maa2,Chennai,2026-08-31T08:56:09.935439Z
ChIJ35-BfD9mUjoRCr7lnYS8B9Q,Zahoor biriyani & fastfood,places,en,1,13.054948,80.25443275,13.055344999999999,80.2546967,0,maa2,Chennai,2026-08-31T08:56:10.365642Z
ChIJG-aUKQBnUjoRxrSoVCdwq_4,BFC RESTAURANT Greams Road,places,en,1,13.054948,80.25443275,13.0547337,80.2539522,0,maa2,Chennai,2026-08-31T08:56:10.365650Z
ChIJq6qqahVmUjoRu16Q_LZvR28,Kalima Kerala Kitchen Hotel,places,en,1,13.054948,80.25443275,13.055490599999999,80.2543867,0,maa2,Chennai,2026-08-31T08:56:10.365652Z
ChIJc-hOFABnUjoRCrbvMVcPMds,S3CLOUD,places,en,1,13.054948,80.25443275,13.055237499999999,80.2538502,0,maa2,Chennai,2026-08-31T08:56:10.365654Z
ChIJGwdlt5FnUjoRIU0drva6O4I,GAYATHRI RESTAURANT,places,en,1,13.054948,80.25443275,13.055533899999999,80.2540803,0,maa2,Chennai,2026-08-31T08:56:10.365655Z
ChIJYfe0l_pnUjoRAAHLCKaHNck,Yaghma Kababs,places,en,1,13.054948,80.25443275,13.054592099999999,80.2537649,0,maa2,Chennai,2026-08-31T08:56:10.365657Z
ChIJp_kDtcxnUjoRhbyvIUi_Qlg,SAALNA SEKAR BEEF BIRIYANI,places,en,1,13.054948,80.25443275,13.05448,80.2537668,0,maa2,Chennai,2026-08-31T08:56:10.365658Z
ChIJxz4VCABnUjoR9XtfQb7rnhM,Namma thatha kadai,places,en,1,13.054948,80.25443275,13.0544969,80.25374699999999,0,maa2,Chennai,2026-08-31T08:56:10.365660Z
ChIJuY6YkUBmUjoRvjbTJIIZ_rk,Deen Bhai Mess Veg & Non Veg,places,en,1,13.054948,80.25443275,13.055053800000001,80.2534852,0,maa2,Chennai,2026-08-31T08:56:10.365661Z
ChIJvf2sw5ZnUjoRskss9wyVhcM,FRIES and RICE,places,en,1,13.054948,80.25443275,13.0556918,80.25377809999999,0,maa2,Chennai,2026-08-31T08:56:10.365662Z
ChIJB5Ei3Q9nUjoRThzsKqUznsM,Box O Mania Chennai,places,en,1,13.054948,80.25443275,13.0557918,80.25505179999999,0,maa2,Chennai,2026-08-31T08:56:10.365664Z
ChIJ43nBZQBnUjoRByNfCNUvrUw,CHAI N SAMOSA,places,en,1,13.054948,80.25443275,13.0543538,80.2534277,0,maa2,Chennai,2026-08-31T08:56:10.365665Z
ChIJkW_Pa3tnUjoRiQt4pXPNuL0,Smile cafes,places,en,1,13.054948,80.25443275,13.055764,80.25525789999999,0,maa2,Chennai,2026-08-31T08:56:10.365666Z
ChIJsynznT9mUjoRIicIcgGewUA,SANILA FAST FOOD,places,en,1,13.054948,80.25443275,13.0557018,80.2553416,0,maa2,Chennai,2026-08-31T08:56:10.365668Z
ChIJMby-fgBnUjoRMcMt10KxYwQ,Thoothukudi Meen Kolambu Sapadu kadai,places,en,1,13.054948,80.25443275,13.0541783,80.2533802,0,maa2,Chennai,2026-08-31T08:56:10.365669Z
ChIJaTWRVe1nUjoRRCEOyXwj5pQ,SUKKUBHAI BIRYANI - MULTICUISINE RESTAURANT - Thousand Lights,places,en,1,13.054948,80.25443275,13.055499099999999,80.25558,0,maa2,Chennai,2026-08-31T08:56:10.365670Z
ChIJe7mzhq1vUjoRRsP3c_P9Cwo,Tangles Patisserie,places,en,1,13.054948,80.25443275,13.0543049,80.2532866,0,maa2,Chennai,2026-08-31T08:56:10.365672Z
ChIJexpWqWpmUjoRNm9u2-P0PA8,Umar Biriyani,places,en,1,13.054948,80.25443275,13.05595,80.2552925,0,maa2,Chennai,2026-08-31T08:56:10.365673Z
ChIJRSXuvkBmUjoRPt58f2ycn4Q,DEEPA SNACKS BAR,places,en,1,13.054948,80.25443275,13.054150199999999,80.25325980000001,0,maa2,Chennai,2026-08-31T08:56:10.365674Z
ChIJF3GOPQBnUjoR1k2cpgCdBY8,Sai Annapoorna Andhra Mess,places,en,1,13.054948,80.25443275,13.0542935,80.2531504,0,maa2,Chennai,2026-08-31T08:56:10.365676Z
ChIJ1xg8HclnUjoRZgOZ1CvQxf8,Sri Juice Land Tiffin Centre,places,en,2,13.027519850000001,80.257903,13.027678,80.2578939,0,maa2,Chennai,2026-08-31T08:56:10.667693Z
ChIJp-ZNSchnUjoRDVWc2bcchG4,Food Nirvana,places,en,2,13.027519850000001,80.257903,13.026979200000001,80.2580764,0,maa2,Chennai,2026-08-31T08:56:10.667710Z
ChIJV0RfecpnUjoRki8ljtXf-KA,GoGo MoMo,places,en,2,13.027519850000001,80.257903,13.0269862,80.2583715,0,maa2,Chennai,2026-08-31T08:56:10.667714Z
ChIJFWZfecpnUjoR6hOLgXXuUDQ,Ashvita Bistro,places,en,2,13.027519850000001,80.257903,13.0269862,80.2583715,0,maa2,Chennai,2026-08-31T08:56:10.667717Z
ChIJ--zCp6tnUjoR-KVWkOiNGVE,The FreshlyMade - Resto Cafe,places,en,2,13.027519850000001,80.257903,13.0272059,80.25881609999999,0,maa2,Chennai,2026-08-31T08:56:10.667720Z
ChIJewEI9Q1nUjoR4D__qPtw_TA,OLD MIRCHI BUNGLA,places,en,2,13.027519850000001,80.257903,13.0269298,80.2588634,0,maa2,Chennai,2026-08-31T08:56:10.667723Z
ChIJ2WngUMhnUjoRo9HjimPFOY0,THIYA FOOD CORNER,places,en,2,13.027519850000001,80.257903,13.026983699999999,80.2568039,0,maa2,Chennai,2026-08-31T08:56:10.667726Z
ChIJ12X9KwBnUjoRuoC8ziwtcOE,Nowsin Biriyani (R.A.Puram),places,en,2,13.027519850000001,80.257903,13.026569199999999,80.2570113,0,maa2,Chennai,2026-08-31T08:56:10.667738Z
ChIJKYohX8hnUjoRYMyt8crDEVg,Hotel Deepam,places,en,2,13.027519850000001,80.257903,13.0264017,80.2571145,0,maa2,Chennai,2026-08-31T08:56:10.667741Z
ChIJV4-iWshnUjoRIUIdPdt0UXY,HOTEL SANMAN,places,en,2,13.027519850000001,80.257903,13.026759,80.25661,0,maa2,Chennai,2026-08-31T08:56:10.667744Z
ChIJb_BKEztnUjoRAdhtWXZMd08,Chennai Ground Kadai,places,en,2,13.027519850000001,80.257903,13.0289384,80.2573815,0,maa2,Chennai,2026-08-31T08:56:10.667747Z
ChIJb0De561nUjoRGok8RlEwOjU,SHRI GANESH BHAVAN,places,en,2,13.027519850000001,80.257903,13.0263563,80.25689489999999,0,maa2,Chennai,2026-08-31T08:56:10.667749Z
ChIJn6hG3GtnUjoRVpS_qevigIQ,BHAVANI Karaikudi Chettinad Hotel,places,en,2,13.027519850000001,80.257903,13.026172899999999,80.2570083,0,maa2,Chennai,2026-08-31T08:56:10.667752Z
ChIJ9RZvYMhnUjoRy3j9gMStmgc,Lakshmi Saravana Fast Food,places,en,2,13.027519850000001,80.257903,13.0260401,80.257099,0,maa2,Chennai,2026-08-31T08:56:10.667755Z
ChIJD069Iv5nUjoRGgbuMPjWAdE,BurgerMan Alwarpet,places,en,2,13.027519850000001,80.257903,13.0288442,80.2566749,0,maa2,Chennai,2026-08-31T08:56:10.667757Z
ChIJhwmujshnUjoREBM5fVvl5Io,Bengaluru Dosa,places,en,2,13.027519850000001,80.257903,13.025722900000002,80.2575933,0,maa2,Chennai,2026-08-31T08:56:10.667760Z
ChIJ9eFH67dnUjoROb8HI0bDy44,Sangeetha Veg Restaurant - RA Puram,places,en,2,13.027519850000001,80.257903,13.0257071,80.25759769999999,0,maa2,Chennai,2026-08-31T08:56:10.667762Z
ChIJcxDaMb9nUjoR2-Y4vD_KSD4,Sangeetha Fast Foods - RA Puram,places,en,2,13.027519850000001,80.257903,13.0255526,80.2577563,0,maa2,Chennai,2026-08-31T08:56:10.667765Z
ChIJ-4vCTIRnUjoRBoFq-rjSQPo,Same Same But Different,places,en,2,13.027519850000001,80.257903,13.0288402,80.25630910000001,0,maa2,Chennai,2026-08-31T08:56:10.667768Z
ChIJTQYcTPVnUjoRzzWnwavh_9E,Sureez Kitchen,places,en,2,13.027519850000001,80.257903,13.026214099999999,80.2595651,0,maa2,Chennai,2026-08-31T08:56:10.667771Z
ChIJHQx6VQBnUjoRWN7fviBJf7Q,RAMATH IDDIYAPPAM,places,en,3,13.03761725,80.24881685,13.037702099999999,80.24844689999999,0,maa2,Chennai,2026-08-31T08:56:10.971916Z
ChIJOxLQBQBnUjoRK3MtVVylbmE,SHAJITHA IDDIYAPPAM,places,en,3,13.03761725,80.24881685,13.037863199999999,80.2484449,0,maa2,Chennai,2026-08-31T08:56:10.971925Z
ChIJe1nfOABnUjoRPwPcNE-hHgM,Hotel vetri,places,en,3,13.03761725,80.24881685,13.038870999999999,80.249043,0,maa2,Chennai,2026-08-31T08:56:10.971927Z
ChIJBZsdDABnUjoRnS1y-GqVIvw,Teynampet,places,en,3,13.03761725,80.24881685,13.0390254,80.2490852,0,maa2,Chennai,2026-08-31T08:56:10.971929Z
ChIJIf4RKyJnUjoRcrv7gmZUvCI,7Star Roll & Pasta AC Family Restaurant,places,en,3,13.03761725,80.24881685,13.0387361,80.2478982,0,maa2,Chennai,2026-08-31T08:56:10.971930Z
ChIJKQ__yKZnUjoRAQ8hlHf1kAg,A . VADIVEL DEVAR PATTANI KADAI,places,en,3,13.03761725,80.24881685,13.0390245,80.2491912,0,maa2,Chennai,2026-08-31T08:56:10.971932Z
ChIJj_sNhEtmUjoRDrM_ofzUgr8,United Kitchen Eters,places,en,3,13.03761725,80.24881685,13.039001899999999,80.24932989999999,0,maa2,Chennai,2026-08-31T08:56:10.971933Z
ChIJb541UrVnUjoRSDGdf2pUL1A,Pakka Box,places,en,3,13.03761725,80.24881685,13.0391278,80.2484692,0,maa2,Chennai,2026-08-31T08:56:10.971935Z
ChIJmatehktmUjoRwBdjsr55tbk,Daily Foods,places,en,3,13.03761725,80.24881685,13.039161499999999,80.24913839999999,0,maa2,Chennai,2026-08-31T08:56:10.971936Z
ChIJ13sZnEtmUjoRPmuJ-w8qClE,Naga Briyani,places,en,3,13.03761725,80.24881685,13.0388855,80.2498775,0,maa2,Chennai,2026-08-31T08:56:10.971937Z
ChIJpfTh8llnUjoRzjZNLARspbY,SHANTHI MESS,places,en,3,13.03761725,80.24881685,13.0392608,80.2485291,0,maa2,Chennai,2026-08-31T08:56:10.971939Z
ChIJe5yim0tmUjoR-L7cE7nZa8o,Rahath City Restaurant,places,en,3,13.03761725,80.24881685,13.0390388,80.2498002,0,maa2,Chennai,2026-08-31T08:56:10.971940Z
ChIJV0TUmEtmUjoRfMRIkA5pUHY,Nizamis Biryani,places,en,3,13.03761725,80.24881685,13.039019999999999,80.25009399999999,0,maa2,Chennai,2026-08-31T08:56:10.971941Z
ChIJX96QqktmUjoRnXepFxtmXCw,Brijwasi Sweets & Snacks,places,en,3,13.03761725,80.24881685,13.039232,80.2478292,0,maa2,Chennai,2026-08-31T08:56:10.971943Z
ChIJt5ehHptnUjoRMuswAoPJlDY,CLASSIC GRILL,places,en,3,13.03761725,80.24881685,13.0390172,80.2502978,0,maa2,Chennai,2026-08-31T08:56:10.971944Z
ChIJ2ReBoUtmUjoR-t1KerFIKIs,Truffle Delight,places,en,3,13.03761725,80.24881685,13.0390579,80.2502808,0,maa2,Chennai,2026-08-31T08:56:10.971945Z
ChIJc_T_bkxmUjoRAAAAMJrH1lk,Bismillah Chicken Pakkoda Shop,places,en,3,13.03761725,80.24881685,13.039464299999999,80.24798830000002,0,maa2,Chennai,2026-08-31T08:56:10.971948Z
ChIJ23l0aExmUjoRUGEsZIW4k8Q,ANBURAJ BIRIYANI & FASTFOOD,places,en,3,13.03761725,80.24881685,13.0392649,80.2475639,0,maa2,Chennai,2026-08-31T08:56:10.971950Z
ChIJ1YwPZwBnUjoR-nFo1PS1VOY,The Good bowl,places,en,3,13.03761725,80.24881685,13.0387715,80.25061040000001,0,maa2,Chennai,2026-08-31T08:56:10.971951Z
ChIJvwTX0_NnUjoRVJPAy1-BYPA,Nilachoru Teynampet,places,en,3,13.03761725,80.24881685,13.0393039,80.2474372,0,maa2,Chennai,2026-08-31T08:56:10.971952Z
ChIJ0Ved_cxnUjoRHAphOl-ZzZE,Amul ice cream parlour and snacks,places,en,4,13.0346926,80.25043529999999,13.034445,80.25069069999999,0,maa2,Chennai,2026-08-31T08:56:11.363702Z
ChIJj_ddwL1nUjoRMKo_1IKEsVA,Kaathavarayan Hotel,places,en,4,13.0346926,80.25043529999999,13.0348768,80.25076279999999,0,maa2,Chennai,2026-08-31T08:56:11.363729Z
ChIJTVvQYA5nUjoRIt6YiqLyT7w,LAKSHMI FAST FOOD,places,en,4,13.0346926,80.25043529999999,13.034220699999999,80.250655,0,maa2,Chennai,2026-08-31T08:56:11.363734Z
ChIJj_t_RCVnUjoRwJH3jTB-ul4,Bite Junction,places,en,4,13.0346926,80.25043529999999,13.035089,80.250867,0,maa2,Chennai,2026-08-31T08:56:11.363738Z
ChIJ0a1N0WJnUjoR2JrbkIYcIik,ZUICY MOMO,places,en,4,13.0346926,80.25043529999999,13.0350893,80.2508673,0,maa2,Chennai,2026-08-31T08:56:11.363741Z
ChIJ5Yhvt7RnUjoRzutVVpKfPg8,Amma Unavagam Teynampet,places,en,4,13.0346926,80.25043529999999,13.0351854,80.2500907,0,maa2,Chennai,2026-08-31T08:56:11.363744Z
ChIJj-ntcQBnUjoRM06LlgpSfpk,Burger Vandi 2.0,places,en,4,13.0346926,80.25043529999999,13.035281099999999,80.2505863,0,maa2,Chennai,2026-08-31T08:56:11.363747Z
ChIJoY-IwbRnUjoR6uUpwhMFxRs,Abrar Arcot Biryani,places,en,4,13.0346926,80.25043529999999,13.035155,80.250879,0,maa2,Chennai,2026-08-31T08:56:11.363751Z
ChIJcTYE_g5nUjoR2L0-h2rbzjQ,Chennai Chaya,places,en,4,13.0346926,80.25043529999999,13.0352185,80.2508232,0,maa2,Chennai,2026-08-31T08:56:11.363754Z
ChIJy6TpdRZnUjoRnJ4h2GH4meY,Kadal Mess,places,en,4,13.0346926,80.25043529999999,13.035172,80.2509053,0,maa2,Chennai,2026-08-31T08:56:11.363757Z
ChIJdaVwVrNnUjoRV2vHQsuQ9bY,Best Biriyani,places,en,4,13.0346926,80.25043529999999,13.0352155,80.250883,0,maa2,Chennai,2026-08-31T08:56:11.363760Z
ChIJp1rC7bRnUjoRxRhNaj-YRbg,Sri Sai Kanakadurga Hot Chips,places,en,4,13.0346926,80.25043529999999,13.0337725,80.25060549999999,0,maa2,Chennai,2026-08-31T08:56:11.363763Z
ChIJSV0PzrRnUjoRykKtneB7NRE,Iqra Veg. Biryani,places,en,4,13.0346926,80.25043529999999,13.035481899999999,80.2509206,0,maa2,Chennai,2026-08-31T08:56:11.363765Z
ChIJP_FqKU9nUjoRICwhJ9aGH0c,Tavbrisq's Shawarma,places,en,4,13.0346926,80.25043529999999,13.035217999999999,80.2496786,0,maa2,Chennai,2026-08-31T08:56:11.363770Z
ChIJvaZ18rRnUjoRVn3hzKzEmY8,Karaikudi Chettinadu,places,en,4,13.0346926,80.25043529999999,13.033743999999999,80.2505989,0,maa2,Chennai,2026-08-31T08:56:11.363773Z
ChIJFw_ns7RnUjoRLIkewf4z6P8,"Domino's Pizza | Teynampet, Chennai",places,en,4,13.0346926,80.25043529999999,13.0355394,80.2498837,0,maa2,Chennai,2026-08-31T08:56:11.363776Z
ChIJKTav8bRnUjoRUWzCIIoA_Oc,Murugan Cool Bar,places,en,4,13.0346926,80.25043529999999,13.0336307,80.2503515,0,maa2,Chennai,2026-08-31T08:56:11.363779Z
ChIJF-iIGTNhUjoRwLN7_GQSvbU,RBS Asirvadham Restaurant,places,en,4,13.0346926,80.25043529999999,13.033611599999999,80.2504503,0,maa2,Chennai,2026-08-31T08:56:11.363782Z
ChIJf0yFLFxnUjoRG3P6YFe0VUc,Kanmaniyin kaimanam (Home cooked food),places,en,4,13.0346926,80.25043529999999,13.0335892,80.2505005,0,maa2,Chennai,2026-08-31T08:56:11.363786Z
ChIJy-EP8rRnUjoRJoDFq6QPLrU,Kitcha's Food,places,en,4,13.0346926,80.25043529999999,13.033579999999999,80.2505333,0,maa2,Chennai,2026-08-31T08:56:11.363789Z
ChIJgfdhg8pnUjoRDbzqDZPwGLQ,Lyfe by Soul Garden Bistro,places,en,5,13.03425775,80.2548412,13.0340428,80.2546502,0,maa2,Chennai,2026-08-31T08:56:11.687135Z
ChIJpURW_bJnUjoRXEiYYF1H_c0,Go Native Chennai,places,en,5,13.03425775,80.2548412,13.0339686,80.2549296,0,maa2,Chennai,2026-08-31T08:56:11.687145Z
ChIJpwaX3tpnUjoRBFoA2TUwJCM,Gelato Factory,places,en,5,13.03425775,80.2548412,13.033801799999999,80.25473,0,maa2,Chennai,2026-08-31T08:56:11.687148Z
ChIJ8yQDpZBnUjoRRX_WAAbTeWU,Eko-Lyfe / Guilt-Free*Bistro*Cafe,places,en,5,13.03425775,80.2548412,13.033780900000002,80.2548649,0,maa2,Chennai,2026-08-31T08:56:11.687151Z
ChIJAe06j8pnUjoRy6MC2p8TqSc,Pumpkin Tales Restaurant - Alwarpet,places,en,5,13.03425775,80.2548412,13.033751899999999,80.2552267,0,maa2,Chennai,2026-08-31T08:56:11.687153Z
ChIJpSX-P6tnUjoRo1FoObgmZoA,Behrouz Biryani Alwarpet,places,en,5,13.03425775,80.2548412,13.0339627,80.25426619999999,0,maa2,Chennai,2026-08-31T08:56:11.687156Z
ChIJqZqOezZnUjoR8yzPZmBWfBQ,Zhouyu - A Chinese Kitchen,places,en,5,13.03425775,80.2548412,13.033610699999999,80.2552091,0,maa2,Chennai,2026-08-31T08:56:11.687158Z
ChIJYTuHyKdnUjoRQWePTTj1UvE,OG BIRIYANI,places,en,5,13.03425775,80.2548412,13.034863099999999,80.2542541,0,maa2,Chennai,2026-08-31T08:56:11.687161Z
ChIJ1QdGFFVnUjoR2xsvVW63R1U,Tic Tac ( Since 1981),places,en,5,13.03425775,80.2548412,13.0350058,80.2544131,0,maa2,Chennai,2026-08-31T08:56:11.687163Z
ChIJVeLBWV9nUjoROLtyrhodoYw,Faasos Alwarpet,places,en,5,13.03425775,80.2548412,13.035009299999999,80.2544187,0,maa2,Chennai,2026-08-31T08:56:11.687165Z
ChIJbVg5vVZnUjoRiouD80B3eiE,IASE CANTEEN,places,en,5,13.03425775,80.2548412,13.0346198,80.2540041,0,maa2,Chennai,2026-08-31T08:56:11.687167Z
ChIJ92QvGrZnUjoRqrDJqgnc0vQ,The Red Box - Alwarpet,places,en,5,13.03425775,80.2548412,13.0341243,80.2538379,0,maa2,Chennai,2026-08-31T08:56:11.687169Z
ChIJDfS3q7xnUjoRMNfq72MpkYo,10 Muffins (Organic Bakery & Cafe) - Alwarpet,places,en,5,13.03425775,80.2548412,13.0351401,80.254291,0,maa2,Chennai,2026-08-31T08:56:11.687171Z
ChIJW766g2NnUjoRkqeV8arzC0Y,Ciro's Pizzeria Alwarpet,places,en,5,13.03425775,80.2548412,13.0349607,80.2540554,0,maa2,Chennai,2026-08-31T08:56:11.687173Z
ChIJRdC6LQBnUjoRreeAUIbrMlw,Mapo Hakka chinese,places,en,5,13.03425775,80.2548412,13.034952899999999,80.2540227,0,maa2,Chennai,2026-08-31T08:56:11.687175Z
ChIJyTnKz8xnUjoRg5Tk0Jl2nUM,McDonald's,places,en,5,13.03425775,80.2548412,13.0352084,80.2543276,0,maa2,Chennai,2026-08-31T08:56:11.687177Z
ChIJLTR6i85nUjoRlGsJYS_ieIw,Porca & Vaca,places,en,5,13.03425775,80.2548412,13.033477399999999,80.2558913,0,maa2,Chennai,2026-08-31T08:56:11.687179Z
ChIJ6W9eINBnUjoRpbt7SSQor14,Tuscana Pizzeria (Alwarpet),places,en,5,13.03425775,80.2548412,13.0334726,80.2558919,0,maa2,Chennai,2026-08-31T08:56:11.687181Z
ChIJ6ctpJcJnUjoRi6lJ7JZsbuM,SMS Fast Food,places,en,5,13.03425775,80.2548412,13.0338561,80.2535798,0,maa2,Chennai,2026-08-31T08:56:11.687183Z
ChIJLbd9GllnUjoRjgKS3Ebg61g,Untangle Teynampet,places,en,5,13.03425775,80.2548412,13.0352298,80.2538538,0,maa2,Chennai,2026-08-31T08:56:11.687185Z
ChIJuWuEIaNnUjoRbixOdV_ETVM,KAARASAARAM - The Chat'S Pot,places,en,6,13.04727755,80.27138275,13.0475575,80.26986959999999,0,maa2,Chennai,2026-08-31T08:56:12.010380Z
ChIJtRdKch1nUjoRIZtLeWuS-mQ,SHANMUGAR TIFFIN CENTRE ROYAPETTAH,places,en,6,13.04727755,80.27138275,13.0474476,80.26931859999999,0,maa2,Chennai,2026-08-31T08:56:12.010390Z
ChIJx7EP7xVnUjoRoipuQ8fXG74,TenderCuts - Royapettah,places,en,6,13.04727755,80.27138275,13.0474553,80.2692543,0,maa2,Chennai,2026-08-31T08:56:12.010392Z
ChIJCwXfAgBnUjoRVATjQuRxHyY,SMS Home foods,places,en,6,13.04727755,80.27138275,13.046639299999999,80.2736571,0,maa2,Chennai,2026-08-31T08:56:12.010394Z
ChIJeZ8riihmUjoRhKhZtoiGr1M,Thameem Chicken Centre,places,en,6,13.04727755,80.27138275,13.047028000000001,80.273838,0,maa2,Chennai,2026-08-31T08:56:12.010396Z
ChIJO-iSiShmUjoRIr7s5McaIyE,Nagoorar Milk Depot & Tea Stall,places,en,6,13.04727755,80.27138275,13.047165099999999,80.27384789999999,0,maa2,Chennai,2026-08-31T08:56:12.010398Z
ChIJ2zwgiihmUjoRsseH5ps4rKM,K.J. & BROTHER'S HOTEL,places,en,6,13.04727755,80.27138275,13.0470144,80.27385579999999,0,maa2,Chennai,2026-08-31T08:56:12.010400Z
ChIJpUVUfC9mUjoRhg_rJBhqUP4,Hotel Dharani Fast Food & Biriyani,places,en,6,13.04727755,80.27138275,13.0477397,80.2689199,0,maa2,Chennai,2026-08-31T08:56:12.010402Z
ChIJR9P3hiVmUjoR0AWStY-0hSY,Mr Meat Hot And Spicy,places,en,6,13.04727755,80.27138275,13.048173799999999,80.2689242,0,maa2,Chennai,2026-08-31T08:56:12.010403Z
ChIJiyF8YShmUjoRDPa3Es5ch-8,Sri Sangeeta Hotel,places,en,6,13.04727755,80.27138275,13.047076599999999,80.27415069999999,0,maa2,Chennai,2026-08-31T08:56:12.010406Z
ChIJwUTYqAFnUjoRuFmq3JTvHDY,ELA SNACKER'S,places,en,7,13.0326237,80.22774605000001,13.032453499999999,80.2288129,0,maa2,Chennai,2026-08-31T08:56:12.398211Z
ChIJqSFvluZnUjoRf0U1DjtOG1Q,Akchaya fast food,places,en,7,13.0326237,80.22774605000001,13.033129899999999,80.22881079999999,0,maa2,Chennai,2026-08-31T08:56:12.398223Z
ChIJTQvMx29nUjoRo_PDLsuxX_o,Fresh Bites,places,en,7,13.0326237,80.22774605000001,13.032726499999999,80.22894819999999,0,maa2,Chennai,2026-08-31T08:56:12.398226Z
ChIJhd5COPNnUjoReaX_hyFSZkg,Akshaya Fast Food,places,en,7,13.0326237,80.22774605000001,13.0328003,80.2289982,0,maa2,Chennai,2026-08-31T08:56:12.398229Z
ChIJKbHUswFnUjoR6czj6ojJfhA,செல்வி ஸ்டுடார்,places,en,7,13.0326237,80.22774605000001,13.033049499999999,80.2290123,0,maa2,Chennai,2026-08-31T08:56:12.398232Z
ChIJeZHcOF1nUjoR3FKjfoXeu5E,Masthan Chicken Pakoda,places,en,7,13.0326237,80.22774605000001,13.0315446,80.2288171,0,maa2,Chennai,2026-08-31T08:56:12.398234Z
ChIJgR16GgFnUjoR2kL9aU4C1Gs,Sairam Hot Chips,places,en,7,13.0326237,80.22774605000001,13.0311627,80.2286032,0,maa2,Chennai,2026-08-31T08:56:12.398236Z
ChIJ-VcYGABnUjoR-haf4sHbYm0,Salem rr biryani,places,en,7,13.0326237,80.22774605000001,13.030982199999999,80.22866929999999,0,maa2,Chennai,2026-08-31T08:56:12.398238Z
ChIJK7anrchlUjoRx2w8-BEOUvE,YPL Safety Nets Chennai,places,en,7,13.0326237,80.22774605000001,13.0314517,80.2262277,0,maa2,Chennai,2026-08-31T08:56:12.398240Z
ChIJPw_fPCBnUjoRWOxRTk8xfP0,Coal and Flame,places,en,7,13.0326237,80.22774605000001,13.030762099999999,80.22851849999999,0,maa2,Chennai,2026-08-31T08:56:12.398242Z
ChIJo2Y5PQFnUjoR6DCRVJUz_kE,Govathi Bhavan,places,en,7,13.0326237,80.22774605000001,13.0306122,80.22855919999999,0,maa2,Chennai,2026-08-31T08:56:12.398244Z
ChIJG6exIcpnUjoRmPMO4EMgRE8,Hotel Liyash Chettinad,places,en,7,13.0326237,80.22774605000001,13.030589599999999,80.2285496,0,maa2,Chennai,2026-08-31T08:56:12.398246Z
ChIJ8Rk5EwBnUjoRBTZYNQLi7Sc,RR Chettinad Unavagam,places,en,7,13.0326237,80.22774605000001,13.030470399999999,80.2283377,0,maa2,Chennai,2026-08-31T08:56:12.398248Z
ChIJb9UhQwFnUjoR2nmzc25hX_o,Veg Biryani,places,en,7,13.0326237,80.22774605000001,13.0303656,80.2276193,0,maa2,Chennai,2026-08-31T08:56:12.398250Z
ChIJ-49IrjpnUjoRbVhhajqHHIo,LSD FOOD TRUCK,places,en,7,13.0326237,80.22774605000001,13.030240599999999,80.2279779,0,maa2,Chennai,2026-08-31T08:56:12.398252Z
ChIJFf2-LLBnUjoRjelT-BmHACE,Bhimavaram Ruchulu,places,en,7,13.0326237,80.22774605000001,13.0350219,80.22772739999999,0,maa2,Chennai,2026-08-31T08:56:12.398254Z
ChIJG9LYoidnUjoRdbSRZyj5BwE,Uber office,places,en,7,13.0326237,80.22774605000001,13.030310799999999,80.2284378,0,maa2,Chennai,2026-08-31T08:56:12.398256Z
ChIJ8SHx5mlnUjoR4F2MDFYbES4,Ramesh Kitchen,places,en,7,13.0326237,80.22774605000001,13.030173699999999,80.2275908,0,maa2,Chennai,2026-08-31T08:56:12.398258Z
ChIJCUetkkdnUjoRkMuoALOuUCk,Good Vibes,places,en,7,13.0326237,80.22774605000001,13.035167500000002,80.22787459999999,0,maa2,Chennai,2026-08-31T08:56:12.398260Z
ChIJaXAwAzFnUjoROFsiGj-F77s,Ramesh Flour Shop,places,en,7,13.0326237,80.22774605000001,13.030112299999999,80.2272808,0,maa2,Chennai,2026-08-31T08:56:12.398263Z
ChIJ9WsBS9ZnUjoR72JHhYFsL_0,Kartikeyan Shop,places,en,8,13.04835505,80.23183555,13.048657799999999,80.2330685,0,maa2,Chennai,2026-08-31T08:56:12.705081Z
ChIJbbCyEVhmUjoR2X_Rw6HoeMo,Kolkata Q,places,en,8,13.04835505,80.23183555,13.047436,80.232956,0,maa2,Chennai,2026-08-31T08:56:12.705092Z
ChIJdVwxSPBnUjoRKZSHDMWcR0I,Al-Buhari Biryani,places,en,8,13.04835505,80.23183555,13.0473991,80.23293869999999,0,maa2,Chennai,2026-08-31T08:56:12.705096Z
ChIJYy3QaVhmUjoR8C4-CyrOCuU,Chai Kings - T.Nagar,places,en,8,13.04835505,80.23183555,13.0483244,80.2334597,0,maa2,Chennai,2026-08-31T08:56:12.705099Z
ChIJwXHC2oVnUjoRadWOSZRpx2M,SRI ANNAPOORNA MESS(ANDHRA MESS),places,en,8,13.04835505,80.23183555,13.0479308,80.2334024,0,maa2,Chennai,2026-08-31T08:56:12.705101Z
ChIJp4H8EZZnUjoRuq7ZQXBBuvI,Sri Annapoornamess,places,en,8,13.04835505,80.23183555,13.0477528,80.2333578,0,maa2,Chennai,2026-08-31T08:56:12.705104Z
ChIJAwEjGlhmUjoRy4qd8d-BifE,Ambur Biryani,places,en,8,13.04835505,80.23183555,13.0471617,80.23314359999999,0,maa2,Chennai,2026-08-31T08:56:12.705107Z
ChIJx95B7VhmUjoRNbKy_lqqIAs,Sai Snacks,places,en,8,13.04835505,80.23183555,13.049562300000002,80.2334016,0,maa2,Chennai,2026-08-31T08:56:12.705109Z
ChIJDxbEbwBnUjoRBMPngujqUB0,KS Kitchen,places,en,8,13.04835505,80.23183555,13.047640699999999,80.2298445,0,maa2,Chennai,2026-08-31T08:56:12.705112Z
ChIJ1RoQvCJnUjoRwZp7rxqGpBs,Shriji Mithai,places,en,8,13.04835505,80.23183555,13.049932,80.2335233,0,maa2,Chennai,2026-08-31T08:56:12.705114Z
ChIJ78Y7kadnUjoRbj0pQBzc0i8,Saraladevi,places,en,8,13.04835505,80.23183555,13.0465162,80.2303464,0,maa2,Chennai,2026-08-31T08:56:12.705116Z
ChIJf-Gme1hnUjoRbvxLYuB64ys,Atho Delight,places,en,8,13.04835505,80.23183555,13.0502311,80.23340379999999,0,maa2,Chennai,2026-08-31T08:56:12.705119Z
ChIJwznwJrJnUjoRnbBi62SkP0c,Haldiram's Wholesale T. Nagar,places,en,8,13.04835505,80.23183555,13.0507166,80.23093159999999,0,maa2,Chennai,2026-08-31T08:56:12.705121Z
ChIJWcry03NnUjoRogOAB5byeak,The good bowl,places,en,9,13.0575094,80.23826095,13.0578194,80.2387279,0,maa2,Chennai,2026-08-31T08:56:13.031046Z
ChIJB_aPT81nUjoRRHcoqWK8ANM,Envy,places,en,9,13.0575094,80.23826095,13.057983,80.2387289,0,maa2,Chennai,2026-08-31T08:56:13.031056Z
ChIJDwtTil1mUjoRYdNBAsOqHlg,Faasos Nungambakkam,places,en,9,13.0575094,80.23826095,13.0582557,80.23884389999999,0,maa2,Chennai,2026-08-31T08:56:13.031059Z
ChIJ7XNu9V1mUjoRWLUEBVi5kJU,குந்த நந்தின உணவகம்,places,en,9,13.0575094,80.23826095,13.0581522,80.23900379999999,0,maa2,Chennai,2026-08-31T08:56:13.031061Z
ChIJj-3ywVJnUjoRBa473KPAcng,Bismillah Veg Biriyani,places,en,9,13.0575094,80.23826095,13.058403799999999,80.2387056,0,maa2,Chennai,2026-08-31T08:56:13.031063Z
ChIJrVGgLRJnUjoRmPTGCb_5Ji4,Naga's Beef Biriyani,places,en,9,13.0575094,80.23826095,13.0578346,80.2371148,0,maa2,Chennai,2026-08-31T08:56:13.031065Z
ChIJlZprwaZnUjoRcpOICWLtfCM,A1 Bisme Chicken Pokada Soups Center,places,en,9,13.0575094,80.23826095,13.057852599999999,80.2371201,0,maa2,Chennai,2026-08-31T08:56:13.031067Z
ChIJUfIz1g5nUjoRlZnfRZjGnBs,The Truck Theory,places,en,9,13.0575094,80.23826095,13.057836,80.23694019999999,0,maa2,Chennai,2026-08-31T08:56:13.031068Z
ChIJCysN7GNnUjoRAzeWYUmE-_Q,Luna's Mystic Kitchen,places,en,9,13.0575094,80.23826095,13.058809,80.23792060000001,0,maa2,Chennai,2026-08-31T08:56:13.031070Z
ChIJAVOr8ZxnUjoRX36RF1LYZSU,Maazi kitchen,places,en,9,13.0575094,80.23826095,13.0566259,80.2396065,0,maa2,Chennai,2026-08-31T08:56:13.031072Z
ChIJiSfBPgBnUjoRQq--hammdgQ,Supa Hyderabadi Biryani,places,en,9,13.0575094,80.23826095,13.0590806,80.2380264,0,maa2,Chennai,2026-08-31T08:56:13.031074Z
ChIJsWqyzaRnUjoRxcJPnIEEjS4,MadrasMeals By Parijatham,places,en,9,13.0575094,80.23826095,13.0590666,80.2379344,0,maa2,Chennai,2026-08-31T08:56:13.031076Z
ChIJFSTz--VnUjoR4mToHO-R84o,Night Dabba Takeaway Restaurant,places,en,9,13.0575094,80.23826095,13.056612099999999,80.23963669999999,0,maa2,Chennai,2026-08-31T08:56:13.031077Z
ChIJK6fPBOlnUjoRFO3PcC8jUKU,Hungry Panda,places,en,9,13.0575094,80.23826095,13.056612099999999,80.23963669999999,0,maa2,Chennai,2026-08-31T08:56:13.031079Z
ChIJT_Waa05nUjoRgR6eYZihoII,Thenga Peera,places,en,9,13.0575094,80.23826095,13.059082700000001,80.2379424,0,maa2,Chennai,2026-08-31T08:56:13.031081Z
ChIJv5NeFQBnUjoRzY15AdTBW0E,Nainaas,places,en,9,13.0575094,80.23826095,13.0563772,80.2395986,0,maa2,Chennai,2026-08-31T08:56:13.031083Z
ChIJXeVj0ChnUjoRwTLibHQlJMo,Shiekh Catering,places,en,9,13.0575094,80.23826095,13.055813599999999,80.2377432,0,maa2,Chennai,2026-08-31T08:56:13.031085Z
ChIJI6N-bTdnUjoRil6RPTHQtuU,Chai Kings - Mahalingapuram,places,en,9,13.0575094,80.23826095,13.0579044,80.2363677,0,maa2,Chennai,2026-08-31T08:56:13.031086Z
ChIJm38jpLRnUjoRhimEHdpxzL4,Behrouz Biryani Nungambakkam,places,en,9,13.0575094,80.23826095,13.0596944,80.2377559,0,maa2,Chennai,2026-08-31T08:56:13.031088Z
ChIJe_m_RKNnUjoRs_d2SgrhJCw,.,places,en,9,13.0575094,80.23826095,13.0591621,80.2400345,0,maa2,Chennai,2026-08-31T08:56:13.031089Z
ChIJmdvqc9RmUjoRwJud3xQYQmM,Malaysian Parotta Point,places,en,10,13.04213065,80.20902095,13.0413081,80.2087602,0,maa2,Chennai,2026-08-31T08:56:13.612812Z
ChIJ-RWIJwBnUjoRxOOc9OXSDO0,Jum Jum Veg Guska,places,en,10,13.04213065,80.20902095,13.041137599999999,80.20892789999999,0,maa2,Chennai,2026-08-31T08:56:13.612829Z
ChIJjeL9zndnUjoR-o6X2qu31vs,The Second Wife,places,en,10,13.04213065,80.20902095,13.040993199999999,80.2089184,0,maa2,Chennai,2026-08-31T08:56:13.612834Z
ChIJrYrsoqdnUjoRdgieJPD74G8,Umar Soup Shop,places,en,10,13.04213065,80.20902095,13.0409829,80.2089196,0,maa2,Chennai,2026-08-31T08:56:13.612839Z
ChIJ9a0CHP9nUjoRtooOnyBc2sg,G PHILOMENA,places,en,10,13.04213065,80.20902095,13.0422067,80.2103632,0,maa2,Chennai,2026-08-31T08:56:13.612842Z
ChIJLx6MUgBnUjoRDF9wjjqt8fo,Tea Boy KK Nagar,places,en,10,13.04213065,80.20902095,13.043691400000002,80.2092849,0,maa2,Chennai,2026-08-31T08:56:13.612846Z
ChIJyzxdSitnUjoRk4Ca1YbGkjc,MASHA ALLAH Shaadi Biryani,places,en,10,13.04213065,80.20902095,13.0405236,80.2088692,0,maa2,Chennai,2026-08-31T08:56:13.612849Z
ChIJ2SfoNLxnUjoRRQNb0rhOulg,Shree Murugan tiffin center,places,en,10,13.04213065,80.20902095,13.0424072,80.2073522,0,maa2,Chennai,2026-08-31T08:56:13.612853Z
ChIJQYcB0edmUjoRbiNgrvK-p7E,Subway Ashok Nagar,places,en,10,13.04213065,80.20902095,13.0440379,80.2097332,0,maa2,Chennai,2026-08-31T08:56:13.612857Z
ChIJlRim8dBnUjoR0Z58XW-e9ug,Cafe of Tales (By Bunny & The Bee),places,en,10,13.04213065,80.20902095,13.044061399999999,80.2096868,0,maa2,Chennai,2026-08-31T08:56:13.612860Z
ChIJORQoFQBnUjoRXML62cnafhM,Shree Krishna Bhavan,places,en,10,13.04213065,80.20902095,13.044045899999999,80.2098104,0,maa2,Chennai,2026-08-31T08:56:13.612863Z
ChIJWYdCYN1mUjoR3K8FbDzkbFk,HOTEL SELVAM SR,places,en,10,13.04213065,80.20902095,13.044106999999999,80.2098065,0,maa2,Chennai,2026-08-31T08:56:13.612866Z
ChIJbVYl8YtnUjoR8su-gBJ60Y4,Coutrallam parotta stall,places,en,10,13.04213065,80.20902095,13.0441069,80.2101216,0,maa2,Chennai,2026-08-31T08:56:13.612869Z
ChIJy-IwXt1mUjoRDZOryygzhPY,Periyamet Amma Biriyani,places,en,10,13.04213065,80.20902095,13.044542999999999,80.2096114,0,maa2,Chennai,2026-08-31T08:56:13.612872Z
ChIJCwucX_FnUjoRKwlTuUoIcyw,Bismillah Chicken Mutton Shop,places,en,10,13.04213065,80.20902095,13.0446631,80.20910789999999,0,maa2,Chennai,2026-08-31T08:56:13.612875Z
ChIJBYNFbnpnUjoRaApguPTO0ps,Yuvaraj Tiffin Center,places,en,10,13.04213065,80.20902095,13.044295499999999,80.2105895,0,maa2,Chennai,2026-08-31T08:56:13.612878Z
ChIJnVubjP1lUjoRNC_6nqJA-NA,Royal Restaurant,places,en,11,13.08219,80.27001609999999,13.082522899999999,80.2696682,0,maa2,Chennai,2026-08-31T08:56:14.023586Z
ChIJg8ls-f1lUjoRAGc0cbKMhK8,Sri Krishna Vilas Tiffin Center,places,en,11,13.08219,80.27001609999999,13.0823734,80.2704964,0,maa2,Chennai,2026-08-31T08:56:14.023595Z
ChIJOQi8aIBnUjoRbj4DmEpoE_U,Sri Vari Home Food,places,en,11,13.08219,80.27001609999999,13.081769699999999,80.2696484,0,maa2,Chennai,2026-08-31T08:56:14.023598Z
ChIJ_RA08v1nUjoRNRVWZ5wpC7A,Greens Gate Multi cuisine restaurant,places,en,11,13.08219,80.27001609999999,13.0817731,80.27040749999999,0,maa2,Chennai,2026-08-31T08:56:14.023600Z
ChIJQ6scRIdnUjoR8w35ZaktWpU,Buhari hotel,places,en,11,13.08219,80.27001609999999,13.0819005,80.2707247,0,maa2,Chennai,2026-08-31T08:56:14.023602Z
ChIJgTGNFQBlUjoRjAFM6rNLDq8,Hadi briyani centre,places,en,11,13.08219,80.27001609999999,13.0823012,80.2692216,0,maa2,Chennai,2026-08-31T08:56:14.023604Z
ChIJU9Lpk_1lUjoRvGbjoayoLgI,Yacoob Briyani,places,en,11,13.08219,80.27001609999999,13.082918099999999,80.26958739999999,0,maa2,Chennai,2026-08-31T08:56:14.023606Z
ChIJIYvyuOZlUjoR_txMmhufgv8,Lazeez Kitchen,places,en,11,13.08219,80.27001609999999,13.0829726,80.2696485,0,maa2,Chennai,2026-08-31T08:56:14.023607Z
ChIJSZjck5VnUjoRP6zzH1mvp0c,Pearl Restaurant,places,en,11,13.08219,80.27001609999999,13.082955499999999,80.2704155,0,maa2,Chennai,2026-08-31T08:56:14.023609Z
ChIJnQ-CWQdmUjoRN_vrovj8E8Y,Pearl Restaurant - Hotel Pearl International,places,en,11,13.08219,80.27001609999999,13.0829582,80.270414,0,maa2,Chennai,2026-08-31T08:56:14.023611Z
ChIJlRKg-_1lUjoRYw-YPYVhK_U,Hotel Alankar,places,en,11,13.08219,80.27001609999999,13.0826912,80.27078709999999,0,maa2,Chennai,2026-08-31T08:56:14.023612Z
ChIJk3GESgVlUjoRZmkB7Vcv0Eo,Hari Kitchen,places,en,11,13.08219,80.27001609999999,13.0826914,80.27078709999999,0,maa2,Chennai,2026-08-31T08:56:14.023614Z
ChIJL5y74ctlUjoR662rJpcjMsg,The Coach Restaurant Chennai Express,places,en,11,13.08219,80.27001609999999,13.0826914,80.27078709999999,0,maa2,Chennai,2026-08-31T08:56:14.023616Z
ChIJ1R3ocABnUjoRVVbZdAEhkCo,ADISIL - அடிசில் Traditional Sri Lankan Tamil Restaurant,places,en,11,13.08219,80.27001609999999,13.082087600000001,80.2709818,0,maa2,Chennai,2026-08-31T08:56:14.023617Z
ChIJO16ERwhnUjoReu3cvpEZ9Zk,Amman Unavagam,places,en,11,13.08219,80.27001609999999,13.0817334,80.26898709999999,0,maa2,Chennai,2026-08-31T08:56:14.023619Z
ChIJ55MYcwBlUjoRhCQDZ-i6rWo,Tantea Elite Cafe,places,en,11,13.08219,80.27001609999999,13.0829997,80.2707649,0,maa2,Chennai,2026-08-31T08:56:14.023620Z
ChIJjxDrIwBnUjoRZNb8sRkS32o,BISMILLAH HOTEL,places,en,11,13.08219,80.27001609999999,13.0816612,80.2690015,0,maa2,Chennai,2026-08-31T08:56:14.023622Z
ChIJSUidBIFlUjoRas7JpfDwMn0,Hadi Biryani,places,en,11,13.08219,80.27001609999999,13.082569,80.268914,0,maa2,Chennai,2026-08-31T08:56:14.023624Z
ChIJrVdYQAdmUjoRx4T2NbQxiJM,Hyderabad Biryani Tandoori House,places,en,11,13.08219,80.27001609999999,13.0809854,80.2699613,0,maa2,Chennai,2026-08-31T08:56:14.023625Z
ChIJ21hoDAhmUjoRm8ZJwmG0SH0,Sri Hotel ANDHRA BHAVAN,places,en,11,13.08219,80.27001609999999,13.0809655,80.2698169,0,maa2,Chennai,2026-08-31T08:56:14.023627Z
ChIJcx0FivpvUjoRijG651I4uGw,Amma Unavagam,places,en,12,13.096609749999999,80.2880389,13.0965303,80.28803769999999,0,maa2,Chennai,2026-08-31T08:56:14.352824Z
ChIJuyowLEVvUjoRHIKrn85IVBQ,Bismillah Ameen Fast Food,places,en,12,13.096609749999999,80.2880389,13.0965528,80.288184,0,maa2,Chennai,2026-08-31T08:56:14.352841Z
ChIJQZno01pvUjoRsGdPvHyZaT8,Alreef The Family Restaurant,places,en,12,13.096609749999999,80.2880389,13.0965158,80.2878735,0,maa2,Chennai,2026-08-31T08:56:14.352845Z
ChIJIRvOLUVvUjoRtEEpQ76r5AU,Al Ameen Tiffen Center,places,en,12,13.096609749999999,80.2880389,13.0964937,80.2881822,0,maa2,Chennai,2026-08-31T08:56:14.352848Z
ChIJycE5sfNvUjoRbaALKMjCgPY,Udupi Sri Durga Bhavan,places,en,12,13.096609749999999,80.2880389,13.096564299999999,80.2882247,0,maa2,Chennai,2026-08-31T08:56:14.352851Z
ChIJT2RgEEVvUjoRVuhJ0ykTDig,Madhu Chats and Snacks,places,en,12,13.096609749999999,80.2880389,13.096703999999999,80.2877396,0,maa2,Chennai,2026-08-31T08:56:14.352854Z
ChIJL0F301pvUjoRO9rSzh57pUE,Sri Sai Veg Food,places,en,12,13.096609749999999,80.2880389,13.0966104,80.2877195,0,maa2,Chennai,2026-08-31T08:56:14.352857Z
ChIJJcZpTWhvUjoR43X-4kC-T4Y,Farida Fast Food,places,en,12,13.096609749999999,80.2880389,13.096579600000002,80.2875525,0,maa2,Chennai,2026-08-31T08:56:14.352859Z
ChIJUcZNEK1vUjoREy6Jv8rifvM,CHAAPORTO,places,en,12,13.096609749999999,80.2880389,13.096402,80.288679,0,maa2,Chennai,2026-08-31T08:56:14.352862Z
ChIJmQUIxG9vUjoR9tKJbwFGFSk,Dessi Cuppa Mannadi,places,en,12,13.096609749999999,80.2880389,13.096448599999999,80.288806,0,maa2,Chennai,2026-08-31T08:56:14.352865Z
ChIJ82lBzwhvUjoRVVLHtlWFUs0,DessiChaat,places,en,12,13.096609749999999,80.2880389,13.096455599999999,80.2888179,0,maa2,Chennai,2026-08-31T08:56:14.352868Z
ChIJfWx_JgBvUjoR9Hu4oZtqtyE,Zesty,places,en,12,13.096609749999999,80.2880389,13.0963368,80.2889259,0,maa2,Chennai,2026-08-31T08:56:14.352871Z
ChIJR-AEg0ZvUjoR5Veplqn4mIo,Chettinese combo restaurant,places,en,12,13.096609749999999,80.2880389,13.096686199999999,80.28706629999999,0,maa2,Chennai,2026-08-31T08:56:14.352874Z
ChIJobwpXD5vUjoRqYRYLqmO028,The Grill Hub,places,en,12,13.096609749999999,80.2880389,13.0967863,80.2870198,0,maa2,Chennai,2026-08-31T08:56:14.352876Z
ChIJN6vECABvUjoRT25oVeFyz3I,Firdous Sweets And Snacks,places,en,12,13.096609749999999,80.2880389,13.096757,80.2868922,0,maa2,Chennai,2026-08-31T08:56:14.352880Z
ChIJ1YNYemxvUjoRnvKpLn6hCAY,J.S. Malaysian Restaurant,places,en,12,13.096609749999999,80.2880389,13.0966645,80.28688199999999,0,maa2,Chennai,2026-08-31T08:56:14.352883Z
ChIJV-lIUgBvUjoRnqTY4JjB9x4,Chettinese Fast Food,places,en,12,13.096609749999999,80.2880389,13.0969094,80.2869121,0,maa2,Chennai,2026-08-31T08:56:14.352885Z
ChIJv2vMYQBvUjoR204zMJBiqE8,Sri Balaji sitrundi unavagam,places,en,12,13.096609749999999,80.2880389,13.0968663,80.2892976,0,maa2,Chennai,2026-08-31T08:56:14.352888Z
ChIJLc1atOdvUjoRp3UDzOcgz5E,N .H. chappathi,places,en,12,13.096609749999999,80.2880389,13.097183699999999,80.2892762,0,maa2,Chennai,2026-08-31T08:56:14.352890Z
ChIJVVtdEEVvUjoRcPEVExDUnKk,Hatimys,places,en,12,13.096609749999999,80.2880389,13.0969085,80.28660459999999,0,maa2,Chennai,2026-08-31T08:56:14.352893Z
ChIJi_iZnwtlUjoRPYyQXVIsoHA,KALYANA VIRUNDHU BIRYANI - KVB,places,en,13,13.0995683,80.26097530000001,13.099340699999999,80.2608466,0,maa2,Chennai,2026-08-31T08:56:14.672749Z
ChIJtQenF-xlUjoRN0IVEm88-YA,Star Ambur Biriyani Centre,places,en,13,13.0995683,80.26097530000001,13.0996858,80.2612351,0,maa2,Chennai,2026-08-31T08:56:14.672759Z
ChIJC52ML2dnUjoR_H5NOxi2QXs,S A Kebabs Corner,places,en,13,13.0995683,80.26097530000001,13.0998673,80.2612615,0,maa2,Chennai,2026-08-31T08:56:14.672762Z
ChIJxWa3F-xlUjoRNju5hqngrLM,Rahmath Biryani Centre And Fastfood,places,en,13,13.0995683,80.26097530000001,13.0998081,80.2613275,0,maa2,Chennai,2026-08-31T08:56:14.672764Z
ChIJUUrrIgBlUjoR79VUE29XcP8,TOND CARNE,places,en,13,13.0995683,80.26097530000001,13.099787599999999,80.26136799999999,0,maa2,Chennai,2026-08-31T08:56:14.672766Z
ChIJjyB7JrxlUjoR9CeZMFwlZwY,SH Sandwich Spot,places,en,13,13.0995683,80.26097530000001,13.099780299999999,80.2614303,0,maa2,Chennai,2026-08-31T08:56:14.672768Z
ChIJsSwoDgllUjoRXbsP07boFiE,Zara Chicken and Mutton center,places,en,13,13.0995683,80.26097530000001,13.0999817,80.26125979999999,0,maa2,Chennai,2026-08-31T08:56:14.672770Z
ChIJOzfKBQBlUjoRpZk2Ly0ICDI,Mannarswamy koil Street,places,en,13,13.0995683,80.26097530000001,13.1001707,80.2613255,0,maa2,Chennai,2026-08-31T08:56:14.672772Z
ChIJHc6s71RlUjoR3QZgTE-02ek,Salma Catering,places,en,13,13.0995683,80.26097530000001,13.0997396,80.2618246,0,maa2,Chennai,2026-08-31T08:56:14.672774Z
ChIJSdWBO-xlUjoRCaCKkedg8is,Bismi biriyani centre,places,en,13,13.0995683,80.26097530000001,13.099730899999999,80.261859,0,maa2,Chennai,2026-08-31T08:56:14.672776Z
ChIJpUjq2bhlUjoRMpqAfqrkPXg,Ajmeer biriyani & fast Food,places,en,13,13.0995683,80.26097530000001,13.0999106,80.2618336,0,maa2,Chennai,2026-08-31T08:56:14.672778Z
ChIJAQEiJexlUjoROSgZE6Bsul4,Sujatha Milk Centre,places,en,13,13.0995683,80.26097530000001,13.099551799999999,80.2619504,0,maa2,Chennai,2026-08-31T08:56:14.672779Z
ChIJxWKMauxlUjoRBIiEwiRcyKU,Madeena Food Corner,places,en,13,13.0995683,80.26097530000001,13.1004692,80.26124430000002,0,maa2,Chennai,2026-08-31T08:56:14.672781Z
ChIJ1R5s0aJlUjoRZvmDq3G41b0,AATHO KADAI,places,en,13,13.0995683,80.26097530000001,13.0995507,80.26196399999999,0,maa2,Chennai,2026-08-31T08:56:14.672783Z
ChIJIbqbQOxlUjoR-0ibW7OK2N0,அல்-தாஜ ஸ்டோர்,places,en,13,13.0995683,80.26097530000001,13.100333899999999,80.261634,0,maa2,Chennai,2026-08-31T08:56:14.672785Z
ChIJoQzbPpxlUjoRC-XYSx3_RFk,Babu Kadai - Beef Biryani,places,en,13,13.0995683,80.26097530000001,13.0994622,80.2620108,0,maa2,Chennai,2026-08-31T08:56:14.672787Z
ChIJIZy5vGBlUjoRGKaj50oVkDA,Hotel Madina Briyani,places,en,13,13.0995683,80.26097530000001,13.099872600000001,80.2619981,0,maa2,Chennai,2026-08-31T08:56:14.672789Z
ChIJvV1ts9RlUjoRmo96ou--2fw,AL-Riyan,places,en,13,13.0995683,80.26097530000001,13.099398599999999,80.2620803,0,maa2,Chennai,2026-08-31T08:56:14.672790Z
ChIJE7n4eARlUjoRva4a2ELT3ow,AMR food world,places,en,13,13.0995683,80.26097530000001,13.099398599999999,80.2620803,0,maa2,Chennai,2026-08-31T08:56:14.672792Z
ChIJhVmnOOxlUjoRgNDzSjp-F0o,KALIMA FOOD CORNER,places,en,13,13.0995683,80.26097530000001,13.100317200000001,80.2618014,0,maa2,Chennai,2026-08-31T08:56:14.672794Z
ChIJUyYjT5JnUjoRX5UmHFR8E2k,AL AMEEN KABAB CENTER,places,en,14,13.0584177,80.27258305000001,13.058950999999999,80.2728413,0,maa2,Chennai,2026-08-31T08:56:15.079079Z
ChIJsbPylSFmUjoR0_6TJJ_xPCQ,Dhanalakshmi Tiffin Center,places,en,14,13.0584177,80.27258305000001,13.0577993,80.2725391,0,maa2,Chennai,2026-08-31T08:56:15.079089Z
ChIJS-X3D8NnUjoRtjiyFscT_G8,Shaikh Bhai Beef,places,en,14,13.0584177,80.27258305000001,13.0592224,80.27261179999999,0,maa2,Chennai,2026-08-31T08:56:15.079092Z
ChIJLZq1FgBnUjoRveKBiQQb7Ks,M.S.A TIFFIN CENTER Triplicane,places,en,14,13.0584177,80.27258305000001,13.0589252,80.27325429999999,0,maa2,Chennai,2026-08-31T08:56:15.079093Z
ChIJAx4N2iFmUjoRgZx3cRpdpB0,Sri Venkateswara Tiffen Centre,places,en,14,13.0584177,80.27258305000001,13.0589772,80.273235,0,maa2,Chennai,2026-08-31T08:56:15.079095Z
ChIJWY2OHOFnUjoRUhCaL4frQTo,KM Biriyani,places,en,14,13.0584177,80.27258305000001,13.0592846,80.2726297,0,maa2,Chennai,2026-08-31T08:56:15.079096Z
ChIJBcla4CFmUjoRxjSKx1q9uUs,Habibi Kebab Centre,places,en,14,13.0584177,80.27258305000001,13.0592913,80.27242799999999,0,maa2,Chennai,2026-08-31T08:56:15.079097Z
ChIJMbzpi85nUjoRH6Xt5VX4s0I,Atti square - Triplicane,places,en,14,13.0584177,80.27258305000001,13.059117299999999,80.2731304,0,maa2,Chennai,2026-08-31T08:56:15.079099Z
ChIJR20M4SFmUjoRK5rqgoU6t4c,K Chandra Sekar Verukadalai,places,en,14,13.0584177,80.27258305000001,13.059296499999999,80.2723157,0,maa2,Chennai,2026-08-31T08:56:15.079100Z
ChIJY-Hr2SFmUjoRnPbDUCUGwAc,Sundara Thattu Idli,places,en,14,13.0584177,80.27258305000001,13.0591254,80.27325669999999,0,maa2,Chennai,2026-08-31T08:56:15.079101Z
ChIJk7rK4yFmUjoRshlA1nHX_yo,Hotel Sagar,places,en,14,13.0584177,80.27258305000001,13.0591081,80.2733283,0,maa2,Chennai,2026-08-31T08:56:15.079103Z
ChIJcXleSDJnUjoRgjjysYYY6tc,NANDHA BIRIYANI AND FASTFOOD,places,en,14,13.0584177,80.27258305000001,13.0591105,80.2733282,0,maa2,Chennai,2026-08-31T08:56:15.079104Z
ChIJX_koe2ZnUjoRCbYNsK6lTIA,Inba idli,places,en,14,13.0584177,80.27258305000001,13.0585271,80.2736513,0,maa2,Chennai,2026-08-31T08:56:15.079105Z
ChIJO_OwMCBmUjoR4u7FTKi0v7k,Joy Bakery Triplicane,places,en,14,13.0584177,80.27258305000001,13.0593253,80.27181259999999,0,maa2,Chennai,2026-08-31T08:56:15.079106Z
ChIJpTBR0SFmUjoRnAl0QQRq_h0,Sputnik Snacks And Fresh Juice,places,en,14,13.0584177,80.27258305000001,13.059084499999999,80.2735731,0,maa2,Chennai,2026-08-31T08:56:15.079108Z
ChIJbW98BwBnUjoRk_cYz0VGRCk,RANGA ROSE UNAVAGAM,places,en,14,13.0584177,80.27258305000001,13.057311799999999,80.27338689999999,0,maa2,Chennai,2026-08-31T08:56:15.079109Z
ChIJR75u8W1nUjoRU21A_2uFC-Y,Shahid Parotta Stall,places,en,14,13.0584177,80.27258305000001,13.057591299999999,80.273724,0,maa2,Chennai,2026-08-31T08:56:15.079110Z
ChIJk89kMyBmUjoRLMe1izvxP1Y,Hotel Saravana,places,en,14,13.0584177,80.27258305000001,13.0584407,80.27401119999999,0,maa2,Chennai,2026-08-31T08:56:15.079111Z
ChIJ596xitxnUjoROO8CMt6uNIE,Shah N Shah Briyani Caterers,places,en,14,13.0584177,80.27258305000001,13.057068600000001,80.2729224,0,maa2,Chennai,2026-08-31T08:56:15.079112Z
ChIJcZTHyWNnUjoRr0ghZmhvrtI,Suttakari,places,en,14,13.0584177,80.27258305000001,13.0591197,80.27130609999999,0,maa2,Chennai,2026-08-31T08:56:15.079113Z
ChIJLxonS6dnUjoRbxDgtO5Cju0,Mazedaar Haleem,places,en,15,13.05300875,80.2612799,13.054023599999999,80.2615677,0,maa2,Chennai,2026-08-31T08:56:15.373021Z
ChIJO0gvzU5nUjoRPN9pd69bgL0,Cafe Royal,places,en,15,13.05300875,80.2612799,13.054202799999999,80.26127489999999,0,maa2,Chennai,2026-08-31T08:56:15.373031Z
ChIJAUMotxtnUjoR2Zk4v_T6H3w,ACHIMA'S CLOUD KITCHEN by INIKAS,places,en,15,13.05300875,80.2612799,13.0517661,80.26107999999999,0,maa2,Chennai,2026-08-31T08:56:15.373034Z
ChIJX5tNriZmUjoRug7cPCPHlfQ,Tongue Tinglers,places,en,15,13.05300875,80.2612799,13.054016899999999,80.26215239999999,0,maa2,Chennai,2026-08-31T08:56:15.373036Z
ChIJZeK_EzxmUjoRXjm7gsy2UCA,Brownie Heaven Royapettah,places,en,15,13.05300875,80.2612799,13.054327400000002,80.26109389999999,0,maa2,Chennai,2026-08-31T08:56:15.373038Z
ChIJXedtlKVnUjoRKVfXWZsfVl4,SRI KARPAGA BHAVAN,places,en,15,13.05300875,80.2612799,13.053205499999999,80.2626944,0,maa2,Chennai,2026-08-31T08:56:15.373039Z
ChIJZaC9LZNnUjoRiJ0Q3W4drIM,Royal Mutton Chicken Shop,places,en,15,13.05300875,80.2612799,13.0511666,80.26120519999999,0,maa2,Chennai,2026-08-31T08:56:15.373041Z
ChIJ1fOg-7xnUjoR7e9b_XksLNI,ROSE OF SHARON EXIM,places,en,15,13.05300875,80.2612799,13.0542723,80.2596683,0,maa2,Chennai,2026-08-31T08:56:15.373043Z
ChIJbU1YenRnUjoRL9XXpbsKHlg,madras browine,places,en,15,13.05300875,80.2612799,13.0512866,80.26273499999999,0,maa2,Chennai,2026-08-31T08:56:15.373045Z
ChIJh5BaWQBnUjoRvmqoddCIEG8,Chennai Chandra Hotel,places,en,15,13.05300875,80.2612799,13.0534117,80.26363250000001,0,maa2,Chennai,2026-08-31T08:56:15.373046Z
ChIJta80bDtmUjoRA1JqPfRtdIQ,ZAM HOT CHIPS,places,en,15,13.05300875,80.2612799,13.052290399999999,80.26362309999999,0,maa2,Chennai,2026-08-31T08:56:15.373048Z
ChIJ7Y7PBztmUjoRsh88RxOmEI4,Nagoorar Tea Stall,places,en,15,13.05300875,80.2612799,13.0512249,80.26291069999999,0,maa2,Chennai,2026-08-31T08:56:15.373050Z
ChIJpTm25AhnUjoR7yk28CPFkl4,KM Biriyani & Fast Food,places,en,15,13.05300875,80.2612799,13.052601,80.26371859999999,0,maa2,Chennai,2026-08-31T08:56:15.373051Z
ChIJFUxRDTtmUjoRFNenreOYu5o,Friend's Fast Food,places,en,15,13.05300875,80.2612799,13.051933,80.2634942,0,maa2,Chennai,2026-08-31T08:56:15.373053Z
ChIJi_BqZgBnUjoRyoWSoCW8Cts,Patti mess,places,en,15,13.05300875,80.2612799,13.053075,80.2637694,0,maa2,Chennai,2026-08-31T08:56:15.373055Z
ChIJyUuKjwpnUjoRDApwYboEsEU,Sri Bala Foods & Chats,places,en,15,13.05300875,80.2612799,13.0515834,80.26328939999999,0,maa2,Chennai,2026-08-31T08:56:15.373056Z
ChIJrViZbjtmUjoR84Z4zIEjkaw,Nevedha Cool Bar,places,en,15,13.05300875,80.2612799,13.0523786,80.26370059999999,0,maa2,Chennai,2026-08-31T08:56:15.373058Z
ChIJB8L9ZKdnUjoRC2aY0GSwSJo,MOHAMMAD GHOUSE BASHA S,places,en,15,13.05300875,80.2612799,13.050877,80.26247099999999,0,maa2,Chennai,2026-08-31T08:56:15.373060Z
ChIJKYTpXkZnUjoRBGmdKB0sI9E,Meat And Eat Royapettah,places,en,15,13.05300875,80.2612799,13.053474099999999,80.2637754,0,maa2,Chennai,2026-08-31T08:56:15.373061Z
ChIJHdxWvVFnUjoRN9naw1HV964,Shahi Mughal Biryani,places,en,15,13.05300875,80.2612799,13.0534473,80.26378040000002,0,maa2,Chennai,2026-08-31T08:56:15.373063Z
ChIJrdd4AABnUjoRWZXEnq5TjuM,ChaatAnna VM street,places,en,16,13.049888750000001,80.2662302,13.048577,80.265594,0,maa2,Chennai,2026-08-31T08:56:15.714247Z
ChIJf_jeszpmUjoRUHCzL4iHSrE,STOP FIVE,places,en,16,13.049888750000001,80.2662302,13.048652100000002,80.2652473,0,maa2,Chennai,2026-08-31T08:56:15.714254Z
ChIJV32kCQJnUjoRySoTKWe4JiI,OMG - Oh my goodness Kebabs & Shawarma,places,en,16,13.049888750000001,80.2662302,13.0483052,80.26629480000001,0,maa2,Chennai,2026-08-31T08:56:15.714256Z
ChIJfSqFWgBnUjoRSWqSKsGKHSo,Chaat Anna Royapettah,places,en,16,13.049888750000001,80.2662302,13.0482996,80.26587649999999,0,maa2,Chennai,2026-08-31T08:56:15.714258Z
ChIJWbVx2zBmUjoR5Y67WgJXXbQ,Al Arab Restaurant,places,en,16,13.049888750000001,80.2662302,13.0481623,80.266082,0,maa2,Chennai,2026-08-31T08:56:15.714260Z
ChIJowQh2wBnUjoR2t9TErn9-Ks,Saira’s kitchen,places,en,16,13.049888750000001,80.2662302,13.049459899999999,80.2680218,0,maa2,Chennai,2026-08-31T08:56:15.714262Z
ChIJvenJDTVnUjoR6RexRMIyRJI,PANDI TEA STALL,places,en,16,13.049888750000001,80.2662302,13.0480144,80.26529780000001,0,maa2,Chennai,2026-08-31T08:56:15.714263Z
ChIJ0Q0ZqjpmUjoR3-ovC1dmCaw,Madurai Pandian Mess,places,en,16,13.049888750000001,80.2662302,13.047954299999999,80.26528379999999,0,maa2,Chennai,2026-08-31T08:56:15.714273Z
ChIJZwPPFABnUjoRs6R4s836OVU,La Kafy,places,en,16,13.049888750000001,80.2662302,13.047819200000001,80.2669107,0,maa2,Chennai,2026-08-31T08:56:15.714275Z
ChIJzesYUwBnUjoRZCg_Sr-mkJY,Tamaya Lounge,places,en,16,13.049888750000001,80.2662302,13.049475900000001,80.263982,0,maa2,Chennai,2026-08-31T08:56:15.714276Z
ChIJAbcIVgBnUjoR2pzWRZGCA8w,Rama rao garden 1st Street,places,en,16,13.049888750000001,80.2662302,13.049434399999999,80.268461,0,maa2,Chennai,2026-08-31T08:56:15.714278Z
ChIJV6Ak6ZhnUjoRmYEsKGMadU0,Namma Chettiar Kadai,places,en,16,13.049888750000001,80.2662302,13.0479773,80.26497189999999,0,maa2,Chennai,2026-08-31T08:56:15.714280Z
ChIJ-0jVDABnUjoRdfAGSs4wuCE,Peni Ice Candy - Royapettah,places,en,16,13.049888750000001,80.2662302,13.047956899999999,80.2648758,0,maa2,Chennai,2026-08-31T08:56:15.714281Z
ChIJ61EspjpmUjoRRHLvBcITyNA,Nck Veg/Non-Veg Meals,places,en,16,13.049888750000001,80.2662302,13.047940899999999,80.26485679999999,0,maa2,Chennai,2026-08-31T08:56:15.714283Z
ChIJOXcxyeRnUjoRkDvQ6bE_fhQ,AL-ARAFAH MULTI-CUISINE RESTAURANT,places,en,16,13.049888750000001,80.2662302,13.0474572,80.2661056,0,maa2,Chennai,2026-08-31T08:56:15.714284Z
ChIJVYcGATBmUjoRYwrUp4BSPPo,Kozhi Idli,places,en,16,13.049888750000001,80.2662302,13.0475427,80.2654824,0,maa2,Chennai,2026-08-31T08:56:15.714286Z
ChIJFVFmYTtmUjoRAYCnhGzGm0M,Cafe Amin,places,en,16,13.049888750000001,80.2662302,13.0513692,80.2641501,0,maa2,Chennai,2026-08-31T08:56:15.714287Z
ChIJP8szSDtmUjoRWPHwEmUUHJQ,A K S Kabab Royapettah,places,en,16,13.049888750000001,80.2662302,13.0521671,80.2650984,0,maa2,Chennai,2026-08-31T08:56:15.714288Z
ChIJmXnWbABnUjoRwNPVGdbhIzs,ANDHRA FOOD POINT,places,en,16,13.049888750000001,80.2662302,13.047814599999999,80.2645575,0,maa2,Chennai,2026-08-31T08:56:15.714290Z
ChIJK90jRwBnUjoR7q7KcDqm5FM,Ganesh Chettynad Hotel,places,en,16,13.049888750000001,80.2662302,13.0472592,80.26644809999999,0,maa2,Chennai,2026-08-31T08:56:15.714291Z
ChIJ6QdZsiVmUjoRdtKSJezZAgA,K.P Sarathi Pattani Shop,places,en,17,13.05114835,80.26786275,13.050568799999999,80.269188,0,maa2,Chennai,2026-08-31T08:56:16.117422Z
ChIJM4ePvKZnUjoRFz7LahTt9tQ,Baby Sandwich,places,en,17,13.05114835,80.26786275,13.0509217,80.2693091,0,maa2,Chennai,2026-08-31T08:56:16.117429Z
ChIJi687sCVmUjoR58qTA9KnjKg,தோழா பாஸ்ட் ஃபுட்,places,en,17,13.05114835,80.26786275,13.0501679,80.2690916,0,maa2,Chennai,2026-08-31T08:56:16.117431Z
ChIJWXsasCVmUjoRfD4Q6VtQuW0,S.S. Biryani Center,places,en,17,13.05114835,80.26786275,13.0501041,80.2690873,0,maa2,Chennai,2026-08-31T08:56:16.117432Z
ChIJE88IXDhnUjoRBlAHrWfKKyo,Thozha Fast Food,places,en,17,13.05114835,80.26786275,13.0500901,80.2690825,0,maa2,Chennai,2026-08-31T08:56:16.117433Z
ChIJfSa0uiVmUjoRRKSfIC81mXQ,WAAJI HOTEL,places,en,17,13.05114835,80.26786275,13.049973900000001,80.2690331,0,maa2,Chennai,2026-08-31T08:56:16.117435Z
ChIJPa7-t65nUjoRzRv9GDEJ1kg,Vaaji cafe,places,en,17,13.05114835,80.26786275,13.0499504,80.2691459,0,maa2,Chennai,2026-08-31T08:56:16.117436Z
ChIJOXOSPHFnUjoRDnyvFPlBLTw,Brinji Shop,places,en,17,13.05114835,80.26786275,13.0496017,80.2689657,0,maa2,Chennai,2026-08-31T08:56:16.117437Z
ChIJhTS0vCVmUjoR8DDSRISo93g,Bhai Biryani,places,en,17,13.05114835,80.26786275,13.0496114,80.2690861,0,maa2,Chennai,2026-08-31T08:56:16.117438Z
ChIJlbr_lFVnUjoRBZoACplWlgs,Blast Cafe,places,en,17,13.05114835,80.26786275,13.049529399999999,80.2690342,0,maa2,Chennai,2026-08-31T08:56:16.117439Z
ChIJBbcPLlBnUjoRIrGFnamX7BU,Pasta paradise,places,en,17,13.05114835,80.26786275,13.0495053,80.26902779999999,0,maa2,Chennai,2026-08-31T08:56:16.117440Z
ChIJNTh7bipnUjoRZNbXgIP-6tA,KARANEESWARA BHAVAN,places,en,17,13.05114835,80.26786275,13.0496158,80.2696867,0,maa2,Chennai,2026-08-31T08:56:16.117442Z
ChIJ61hCi8lnUjoRWqeDwDJTpW8,V.Nisar Ahmed,places,en,17,13.05114835,80.26786275,13.0534678,80.2681856,0,maa2,Chennai,2026-08-31T08:56:16.117443Z
ChIJBwbFeCRmUjoR2e6kMlPbZno,Treebo Saravana Boutique Inn,places,en,17,13.05114835,80.26786275,13.053410099999999,80.2685363,0,maa2,Chennai,2026-08-31T08:56:16.117444Z
ChIJH2sSsAhnUjoRKm-rOls4HCc,BEEF ON WHEELS,places,en,17,13.05114835,80.26786275,13.053404899999999,80.2685728,0,maa2,Chennai,2026-08-31T08:56:16.117445Z
ChIJw1Y-VgNnUjoRlZd5l7PzYSc,Iyappan,places,en,17,13.05114835,80.26786275,13.052987199999999,80.2694276,0,maa2,Chennai,2026-08-31T08:56:16.117446Z
ChIJX8lkGgBnUjoRg7qvlarJ_cA,DD KABAB DERA,places,en,17,13.05114835,80.26786275,13.0534513,80.26850379999999,0,maa2,Chennai,2026-08-31T08:56:16.117447Z
ChIJZRqmDGZnUjoR_hEs-btbMWY,SANTHI,places,en,17,13.05114835,80.26786275,13.0533544,80.2689187,0,maa2,Chennai,2026-08-31T08:56:16.117448Z
ChIJTVNqFCBlUjoRbRgHbxnRpZ4,OG Momo Kart,places,en,18,13.0905487,80.22423235,13.0910024,80.223716,0,maa2,Chennai,2026-08-31T08:56:16.432750Z
ChIJy0oPKQBlUjoRCDXagg3T81I,Zayna biriyani,places,en,18,13.0905487,80.22423235,13.0911495,80.223731,0,maa2,Chennai,2026-08-31T08:56:16.432760Z
ChIJxxbnA9plUjoR48Q9FzR88sc,Oh My Shawarma,places,en,18,13.0905487,80.22423235,13.0908351,80.22339339999999,0,maa2,Chennai,2026-08-31T08:56:16.432763Z
ChIJ-TIhTqVlUjoReijkRG1TlAg,Chennai's (G) Roll,places,en,18,13.0905487,80.22423235,13.090952999999999,80.2233998,0,maa2,Chennai,2026-08-31T08:56:16.432766Z
ChIJmXmYawBlUjoRXdYntDsqkSQ,Dream waffles,places,en,18,13.0905487,80.22423235,13.0909608,80.2233964,0,maa2,Chennai,2026-08-31T08:56:16.432768Z
ChIJo6Qjcn1lUjoRakB80wMjffI,RADZZ KITCHEN,places,en,18,13.0905487,80.22423235,13.090961,80.223396,0,maa2,Chennai,2026-08-31T08:56:16.432771Z
ChIJmVTQ2p5lUjoRdGXMlxE8v0I,THE FAMILY KITCHEN,places,en,18,13.0905487,80.22423235,13.091309899999999,80.2236083,0,maa2,Chennai,2026-08-31T08:56:16.432772Z
ChIJ94gWVgBlUjoR9WM0CyHvDJk,Nagaraj Coconut Shop 🥥🌴,places,en,18,13.0905487,80.22423235,13.089606199999999,80.2234766,0,maa2,Chennai,2026-08-31T08:56:16.432775Z
ChIJMyZb5e5lUjoRoIhAYQIDgIc,Pani Puri Shop,places,en,18,13.0905487,80.22423235,13.0916962,80.2235778,0,maa2,Chennai,2026-08-31T08:56:16.432777Z
ChIJo4KPF2VlUjoRAVy9fghZ6oE,Black Orchid Anna Nagar,places,en,18,13.0905487,80.22423235,13.0890381,80.2236178,0,maa2,Chennai,2026-08-31T08:56:16.432779Z
ChIJpb-4LVZlUjoR9izNMSCEK5Y,Raju momo,places,en,18,13.0905487,80.22423235,13.088838899999999,80.2235975,0,maa2,Chennai,2026-08-31T08:56:16.432781Z
ChIJGxclRABlUjoRTc8fBzCEYEc,Tamizh Tea House,places,en,18,13.0905487,80.22423235,13.0890162,80.2252984,0,maa2,Chennai,2026-08-31T08:56:16.432783Z
ChIJZ4pOi9RlUjoRVuY9Eis1q40,Halal food zone,places,en,18,13.0905487,80.22423235,13.0895984,80.2258722,0,maa2,Chennai,2026-08-31T08:56:16.432785Z
ChIJsd8FYS5kUjoR1m2tGZVHjak,The Kitchen Story,places,en,18,13.0905487,80.22423235,13.0893979,80.2258116,0,maa2,Chennai,2026-08-31T08:56:16.432787Z
ChIJkaGswvRlUjoR_cG0oEd7Fbo,Hunger Night Restaurant,places,en,18,13.0905487,80.22423235,13.0891988,80.22567219999999,0,maa2,Chennai,2026-08-31T08:56:16.432789Z
ChIJ6UwDGp9lUjoR-jGviwTz27M,JPS Foods,places,en,18,13.0905487,80.22423235,13.0921376,80.2229725,0,maa2,Chennai,2026-08-31T08:56:16.432791Z
ChIJ7f730DFlUjoR6BG3ocajFjk,M Kathirvel,places,en,18,13.0905487,80.22423235,13.0887213,80.225253,0,maa2,Chennai,2026-08-31T08:56:16.432794Z
ChIJU8O9yBtlUjoRKNn5-wiZGPw,Farsi Laban Anna nagar,places,en,18,13.0905487,80.22423235,13.0884541,80.2235953,0,maa2,Chennai,2026-08-31T08:56:16.432796Z
ChIJs_1FKeplUjoRPRnVcc9BIVw,Pragyan’s Tasty Kitchen,places,en,18,13.0905487,80.22423235,13.0880751,80.22425070000001,0,maa2,Chennai,2026-08-31T08:56:16.432798Z
ChIJVWKLcxRlUjoR9cfhpMckjCU,Bhai Veetu Nei Soru,places,en,18,13.0905487,80.22423235,13.0920382,80.2221586,0,maa2,Chennai,2026-08-31T08:56:16.432800Z
ChIJ0UHg501lUjoRGyeKMFWHyFk,Mani's Dum Biryani - Annanagar,places,en,19,13.09327405,80.2174138,13.0931231,80.2185092,0,maa2,Chennai,2026-08-31T08:56:16.757687Z
ChIJZwDwhnRlUjoRe_9yAb3X1wM,RETRO SHANKAR MESS - MANPANNAI SAMAYAL (Non Veg),places,en,19,13.09327405,80.2174138,13.092162,80.21784889999999,0,maa2,Chennai,2026-08-31T08:56:16.757696Z
ChIJGQHBcJplUjoRI2DZ3V2sauo,Sathish Tea Shop,places,en,19,13.09327405,80.2174138,13.0921623,80.2178867,0,maa2,Chennai,2026-08-31T08:56:16.757699Z
ChIJF-CY8iFkUjoRHnUeN7F3i0k,Fipola - Anna Nagar,places,en,19,13.09327405,80.2174138,13.092651499999999,80.2184943,0,maa2,Chennai,2026-08-31T08:56:16.757701Z
ChIJ_77CKDtkUjoR0EIXJijIZno,Shank's Coffee House Veg Restaurant,places,en,19,13.09327405,80.2174138,13.0921247,80.21792239999999,0,maa2,Chennai,2026-08-31T08:56:16.757703Z
ChIJNY7wrcNlUjoRyM1Ao5KXSxA,PUBG BBQ,places,en,19,13.09327405,80.2174138,13.094231299999999,80.2183197,0,maa2,Chennai,2026-08-31T08:56:16.757705Z
ChIJ-2h2_85lUjoRNF3ja1PC4Y4,Chennai Rawther Restaurant,places,en,19,13.09327405,80.2174138,13.092429,80.2184927,0,maa2,Chennai,2026-08-31T08:56:16.757707Z
ChIJ7_4si75lUjoR8gTAQgleeTw,Chennai Rawthr Hotel,places,en,19,13.09327405,80.2174138,13.0923131,80.2184927,0,maa2,Chennai,2026-08-31T08:56:16.757708Z
ChIJqeZYFu1lUjoR7DFHczSnRWU,"Tea villa cafe, Anna nagar",places,en,19,13.09327405,80.2174138,13.092206,80.2164725,0,maa2,Chennai,2026-08-31T08:56:16.757710Z
ChIJh-HzRwBlUjoRNhqL4hetuVE,C n archarya foods-471,places,en,19,13.09327405,80.2174138,13.0922062,80.216467,0,maa2,Chennai,2026-08-31T08:56:16.757712Z
ChIJ2xq6_w5lUjoRpqd--vjAV2s,BAIRAVAR THATTU KADAI,places,en,19,13.09327405,80.2174138,13.0942545,80.2185178,0,maa2,Chennai,2026-08-31T08:56:16.757713Z
ChIJ9cwMDlVlUjoRijuCm-tm8ow,Dashamakhan kekbab centre,places,en,19,13.09327405,80.2174138,13.0946278,80.2183435,0,maa2,Chennai,2026-08-31T08:56:16.757715Z
ChIJyX72VDpkUjoRm7-wmHqIGYo,Atho Kadai Anna Nagar ICF,places,en,19,13.09327405,80.2174138,13.09465,80.2183532,0,maa2,Chennai,2026-08-31T08:56:16.757717Z
ChIJTx13hpplUjoRPdqKh1KaARU,Epic Burger Bar,places,en,19,13.09327405,80.2174138,13.0925053,80.215802,0,maa2,Chennai,2026-08-31T08:56:16.757718Z
ChIJjwOJGn1lUjoRwomTPZN8hH0,Momo Sa-Khang,places,en,19,13.09327405,80.2174138,13.0922424,80.215942,0,maa2,Chennai,2026-08-31T08:56:16.757720Z
ChIJ1ZFvUDtkUjoRLLIjC7vXlRs,Cheesy Juicy Burgers - The Garage,places,en,19,13.09327405,80.2174138,13.092127,80.215969,0,maa2,Chennai,2026-08-31T08:56:16.757722Z
ChIJ8SZwJPBlUjoRQQRu2Kse38s,Bombay Truffle,places,en,19,13.09327405,80.2174138,13.0921037,80.2188918,0,maa2,Chennai,2026-08-31T08:56:16.757723Z
ChIJ5XU_ZGdlUjoRi6JqRghfvGg,SELVAMANI TEA STALL,places,en,19,13.09327405,80.2174138,13.094810599999999,80.21852489999999,0,maa2,Chennai,2026-08-31T08:56:16.757725Z
ChIJ86CdUuFmUjoRSfVxl45pN2Q,CIBO FINE DINE,places,en,19,13.09327405,80.2174138,13.0921123,80.2189375,0,maa2,Chennai,2026-08-31T08:56:16.757727Z
ChIJv89QLwBlUjoRgNImwDCUmRc,Hotel,places,en,19,13.09327405,80.2174138,13.092116599999999,80.218991,0,maa2,Chennai,2026-08-31T08:56:16.757728Z
ChIJLxA4NJ5nUjoRLjA-Px47G4U,Spizy Hub,places,en,20,13.04945145,80.27516655,13.049263499999999,80.27463610000001,0,maa2,Chennai,2026-08-31T08:56:17.118800Z
ChIJd2QzyCdmUjoR64iN3343j3s,Parthiban Hotel,places,en,20,13.04945145,80.27516655,13.049485899999999,80.2745195,0,maa2,Chennai,2026-08-31T08:56:17.118836Z
ChIJ29gtyCdmUjoRAAAAsKC0SUw,Al Noor Food Corner,places,en,20,13.04945145,80.27516655,13.0493854,80.2743563,0,maa2,Chennai,2026-08-31T08:56:17.118844Z
ChIJ4XNoK9lnUjoR6IogSLrKST4,RENUKA,places,en,20,13.04945145,80.27516655,13.0502472,80.2747624,0,maa2,Chennai,2026-08-31T08:56:17.118849Z
ChIJLw5qsSdmUjoRm5wIEICHZlI,SAAM FOOD COURT,places,en,20,13.04945145,80.27516655,13.049959399999999,80.2743945,0,maa2,Chennai,2026-08-31T08:56:17.118854Z
ChIJTyxFsSdmUjoRCdGZEWiZMjY,MADRAS CHAT HOUSE,places,en,20,13.04945145,80.27516655,13.0499574,80.274293,0,maa2,Chennai,2026-08-31T08:56:17.118859Z
ChIJJ4jxhexnUjoR6J8tKPATVFo,AMMAVIN KAIRUSI வீட்டு முறை உணவகம்,places,en,20,13.04945145,80.27516655,13.050246399999999,80.2745312,0,maa2,Chennai,2026-08-31T08:56:17.118863Z
ChIJ1zvhsSdmUjoRllMetEMBg7I,Sree Thulukanathamman Tiffin And Tea Centre,places,en,20,13.04945145,80.27516655,13.0502017,80.2744395,0,maa2,Chennai,2026-08-31T08:56:17.118868Z
ChIJI3EqZb9nUjoRwDcaDtCwPzc,BISMILLAH CHICKEN PAKODA,places,en,20,13.04945145,80.27516655,13.048444199999999,80.2746066,0,maa2,Chennai,2026-08-31T08:56:17.118872Z
ChIJazNGtB5nUjoRZAiMwvlprAc,CK's Bakery Triplicane,places,en,20,13.04945145,80.27516655,13.0503922,80.2744656,0,maa2,Chennai,2026-08-31T08:56:17.118877Z
ChIJ1d_d2Y5nUjoRb36QY3FqhQM,Umar Fast Food,places,en,20,13.04945145,80.27516655,13.0505569,80.27435299999999,0,maa2,Chennai,2026-08-31T08:56:17.118881Z
ChIJsaVuQsdnUjoRKfxZa2-HOXM,ROHINI FASHION DESIGNING,places,en,20,13.04945145,80.27516655,13.050796799999999,80.2748757,0,maa2,Chennai,2026-08-31T08:56:17.118885Z
ChIJKXUCrCdmUjoRFe7Pca6Ntro,Al Unar FAST FOOD,places,en,20,13.04945145,80.27516655,13.0505645,80.2743284,0,maa2,Chennai,2026-08-31T08:56:17.118891Z
ChIJ7TPbcABnUjoRFxPKvtbs85Y,Ambur bandaari biryani,places,en,20,13.04945145,80.27516655,13.0505829,80.2743064,0,maa2,Chennai,2026-08-31T08:56:17.118896Z
ChIJCQlg0xhnUjoR6qmGs5W9mnE,Woow waffles,places,en,20,13.04945145,80.27516655,13.050723699999999,80.2741972,0,maa2,Chennai,2026-08-31T08:56:17.118900Z
ChIJTfy2qydmUjoRwT0F8hc1LZY,Noorani Hot & Spicy,places,en,20,13.04945145,80.27516655,13.0507782,80.2741655,0,maa2,Chennai,2026-08-31T08:56:17.118904Z
ChIJJ4zbSQBnUjoRJghnWulMkrE,Sri Murugan idly kadai,places,en,20,13.04945145,80.27516655,13.051015999999999,80.2745592,0,maa2,Chennai,2026-08-31T08:56:17.118909Z
ChIJaT6NF-hnUjoRU2plVabFcuA,M.S.M MALAYSIAN PAROTTA,places,en,20,13.04945145,80.27516655,13.0508169,80.2741655,0,maa2,Chennai,2026-08-31T08:56:17.118913Z
ChIJUVNuC11nUjoRyFTknRbfEQI,Irfan Sana,places,en,20,13.04945145,80.27516655,13.0478496,80.2746018,0,maa2,Chennai,2026-08-31T08:56:17.118917Z
ChIJx-r6eihmUjoRT9ZzjIF7Xz4,நேஷனல் ஸ்டோர்ஸ்,places,en,20,13.04945145,80.27516655,13.047617899999999,80.274411,0,maa2,Chennai,2026-08-31T08:56:17.118921Z
ChIJLc4nJUtpUjoR7O6pe0D9r-g,Ambur star biriyani,places,en,21,13.048301599999999,80.2754141,13.0475623,80.2745673,0,maa2,Chennai,2026-08-31T08:56:17.461131Z
ChIJabAsZShmUjoRzbM3FdbbfB4,Nasir Fast Food Biryani,places,en,21,13.048301599999999,80.2754141,13.0474011,80.27443869999999,0,maa2,Chennai,2026-08-31T08:56:17.461154Z
ChIJwy8oFShmUjoRSbJQnTRp39k,Naveen Exclusive Fast Food,places,en,21,13.048301599999999,80.2754141,13.0469851,80.275385,0,maa2,Chennai,2026-08-31T08:56:17.461159Z
ChIJSX50_6BnUjoRt83GbxK8T-k,Crunchy Munchy Snacks Hub,places,en,21,13.048301599999999,80.2754141,13.0469744,80.27547779999999,0,maa2,Chennai,2026-08-31T08:56:17.461163Z
ChIJ5S1iZihmUjoRpkQU7KJjeuE,Dawat Biryani Centre,places,en,21,13.048301599999999,80.2754141,13.0470189,80.2745709,0,maa2,Chennai,2026-08-31T08:56:17.461169Z
ChIJAaArZChmUjoRul3VImm7GMA,CHARMINAR Fast Food,places,en,21,13.048301599999999,80.2754141,13.047060100000001,80.2744575,0,maa2,Chennai,2026-08-31T08:56:17.461173Z
ChIJ8wsrZChmUjoRWsMtjKwXxiM,Fantasy Fast,places,en,21,13.048301599999999,80.2754141,13.0470591,80.2744587,0,maa2,Chennai,2026-08-31T08:56:17.461176Z
ChIJ_-6rZihmUjoRVoM8gIDGffY,Vanka Vaaji,places,en,21,13.048301599999999,80.2754141,13.0470568,80.27431729999999,0,maa2,Chennai,2026-08-31T08:56:17.461179Z
ChIJuXAE_M1nUjoRTXKG0e-9GCs,The Karl’s kitchen,places,en,21,13.048301599999999,80.2754141,13.0469002,80.2743649,0,maa2,Chennai,2026-08-31T08:56:17.461182Z
ChIJmULQZihmUjoRvqogWyY8LAA,Siva's Hotel,places,en,21,13.048301599999999,80.2754141,13.0468826,80.27436809999999,0,maa2,Chennai,2026-08-31T08:56:17.461196Z
ChIJ-_WLKitmUjoRdHGH-YupBaY,ASMA RESTAURANT,places,en,22,13.03692015,80.2745149,13.0367931,80.27387689999999,0,maa2,Chennai,2026-08-31T08:56:17.770849Z
ChIJN1erlLRnUjoRcJSBvQOCDaQ,Beef Tawa Curry,places,en,22,13.03692015,80.2745149,13.036355299999999,80.27404489999999,0,maa2,Chennai,2026-08-31T08:56:17.770856Z
ChIJw-iCKytmUjoRmHptlds-8vU,Vegetarian Mess,places,en,22,13.03692015,80.2745149,13.036895999999999,80.2736741,0,maa2,Chennai,2026-08-31T08:56:17.770858Z
ChIJWzNY1NRnUjoRogBwSCCBQvk,Five Star Fast Food,places,en,22,13.03692015,80.2745149,13.036503999999999,80.2737241,0,maa2,Chennai,2026-08-31T08:56:17.770859Z
ChIJ2yFC1NRnUjoRj_RJWvPOHfs,A1 Five Star Seeemati Cool Bar,places,en,22,13.03692015,80.2745149,13.0363341,80.27381,0,maa2,Chennai,2026-08-31T08:56:17.770861Z
ChIJJ4lr1tRnUjoRE2wjKdH_dIY,சீமாட்டி ஸ்டோர்,places,en,22,13.03692015,80.2745149,13.0362736,80.2738444,0,maa2,Chennai,2026-08-31T08:56:17.770862Z
ChIJu1PF1tRnUjoRJ1wHrqsalpc,Zam Zam Hot Chips,places,en,22,13.03692015,80.2745149,13.0362014,80.2736429,0,maa2,Chennai,2026-08-31T08:56:17.770863Z
ChIJNVAh2NRnUjoRpRkWiBTvxvA,SMS BIRIYANI & FAST FOOD,places,en,22,13.03692015,80.2745149,13.035965599999999,80.27383909999999,0,maa2,Chennai,2026-08-31T08:56:17.770864Z
ChIJDcQI2dRnUjoR7njm5lofyPk,Sri Balaji Foods,places,en,22,13.03692015,80.2745149,13.035824999999999,80.2737794,0,maa2,Chennai,2026-08-31T08:56:17.770866Z
ChIJ16WmXwBnUjoRWyYDJLKiSzQ,CHICKATO crispy fried chicken,places,en,22,13.03692015,80.2745149,13.0358691,80.2737063,0,maa2,Chennai,2026-08-31T08:56:17.770867Z
ChIJhwbu2NRnUjoR5l2QJBCYZLA,HAROON KITCHEN,places,en,22,13.03692015,80.2745149,13.035760699999999,80.2738358,0,maa2,Chennai,2026-08-31T08:56:17.770868Z
ChIJ_Va9Wq9nUjoRdGHrrEjGyuI,Welcome Beef,places,en,22,13.03692015,80.2745149,13.035758,80.2738206,0,maa2,Chennai,2026-08-31T08:56:17.770869Z
ChIJRQSj3tRnUjoRAAAAMKWBCGg,JRG IYER MESS,places,en,22,13.03692015,80.2745149,13.0355294,80.2737653,0,maa2,Chennai,2026-08-31T08:56:17.770870Z
ChIJ7QRR6hhnUjoRIQ16YBrpTNU,B 2 B VEG KITCHEN,places,en,22,13.03692015,80.2745149,13.038433999999999,80.273972,0,maa2,Chennai,2026-08-31T08:56:17.770871Z
ChIJmS-HQolnUjoRzkB_79NJ_Yw,Aaha Mess - Mylapore,places,en,22,13.03692015,80.2745149,13.036358499999999,80.2728485,0,maa2,Chennai,2026-08-31T08:56:17.770873Z
ChIJKayqyzJnUjoRhdjB6sBQ7W8,Konar mess and lassi,places,en,22,13.03692015,80.2745149,13.036424700000001,80.2727249,0,maa2,Chennai,2026-08-31T08:56:17.770874Z
ChIJoyZK-9RnUjoR2EHfyhlezEo,Al-Taj Biriyani,places,en,22,13.03692015,80.2745149,13.035722699999999,80.2727278,0,maa2,Chennai,2026-08-31T08:56:17.770875Z
ChIJIw5xNOJnUjoRJ3XHXLJqPNg,NEW TAJ BIRIYANI,places,en,22,13.03692015,80.2745149,13.035794099999999,80.2726363,0,maa2,Chennai,2026-08-31T08:56:17.770876Z
ChIJ9-xc6JBnUjoRM72BjjMPp3U,Rayar's mess,places,en,22,13.03692015,80.2745149,13.0356309,80.2727203,0,maa2,Chennai,2026-08-31T08:56:17.770877Z
ChIJwbthPQBpUjoRIlnoZ8ANUXo,Karaneeswarar bhavan,places,en,22,13.03692015,80.2745149,13.037806199999999,80.2767836,0,maa2,Chennai,2026-08-31T08:56:17.770878Z
ChIJt1H-f9tnUjoRhZs3HpAFKZ8,VRS Tiffan Center,places,en,23,13.03320385,80.26717255,13.0335003,80.2674229,0,maa2,Chennai,2026-08-31T08:56:18.164144Z
ChIJsZsjpTVnUjoRHgLsIX7_o4I,MONA TIFFIN CENTRE,places,en,23,13.03320385,80.26717255,13.0328401,80.2671512,0,maa2,Chennai,2026-08-31T08:56:18.164174Z
ChIJBzL1YdJnUjoRjG8kcK86F2s,Biryani Shack,places,en,23,13.03320385,80.26717255,13.0334855,80.2666783,0,maa2,Chennai,2026-08-31T08:56:18.164178Z
ChIJSd1YPYVnUjoR56RUr_MOH2Y,Rakshas Kaimanam,places,en,23,13.03320385,80.26717255,13.032608999999999,80.26708099999999,0,maa2,Chennai,2026-08-31T08:56:18.164181Z
ChIJ-yPD57RnUjoREeURTblbi4k,Inba Snacks,places,en,23,13.03320385,80.26717255,13.0333174,80.26781509999999,0,maa2,Chennai,2026-08-31T08:56:18.164185Z
ChIJgR9DxdFnUjoRqrwJDK0gbKc,NILACHORU MYLAPORE,places,en,23,13.03320385,80.26717255,13.0327703,80.2676864,0,maa2,Chennai,2026-08-31T08:56:18.164233Z
ChIJr9YSqmNnUjoRjSFAuuV5wIk,SRI RAMAKRISHNA,places,en,23,13.03320385,80.26717255,13.032743799999999,80.26777320000001,0,maa2,Chennai,2026-08-31T08:56:18.164243Z
ChIJS3JpRtJnUjoRtPIQDx2tRM0,Sangeetha Restaurants,places,en,23,13.03320385,80.26717255,13.032527199999999,80.2676834,0,maa2,Chennai,2026-08-31T08:56:18.164248Z
ChIJdb9FnhlnUjoRBjjveFBicoQ,RAMS HOMELY FOOD,places,en,23,13.03320385,80.26717255,13.032473999999999,80.2679918,0,maa2,Chennai,2026-08-31T08:56:18.164252Z
ChIJeQ63cdJnUjoR1z8bOTVmXxc,SANGHAIAH FOOD CORNERS,places,en,23,13.03320385,80.26717255,13.032618,80.26622569999999,0,maa2,Chennai,2026-08-31T08:56:18.164255Z
ChIJpR5DetJnUjoRuu6Y2GzgRu0,Hotel Shelter,places,en,23,13.03320385,80.26717255,13.0328539,80.26605769999999,0,maa2,Chennai,2026-08-31T08:56:18.164258Z
ChIJc3rcvJNnUjoRWB76d9pNXI4,KAMATCHI CHAT,places,en,23,13.03320385,80.26717255,13.0326122,80.2682584,0,maa2,Chennai,2026-08-31T08:56:18.164261Z
ChIJWzLhvKVnUjoRcg_PIp5kRh8,Kovilpatti Murukku Kadai - Mylapore,places,en,23,13.03320385,80.26717255,13.0319579,80.2672023,0,maa2,Chennai,2026-08-31T08:56:18.164264Z
ChIJy_y2U01nUjoRc1NgVSZJwag,Adyar Ananda Bhavan - A2B,places,en,23,13.03320385,80.26717255,13.034386,80.2678059,0,maa2,Chennai,2026-08-31T08:56:18.164267Z
ChIJI8ro5NJnUjoRQz3PYQbTw2U,VEG RESTAURANT,places,en,23,13.03320385,80.26717255,13.0344477,80.2678986,0,maa2,Chennai,2026-08-31T08:56:18.164270Z
ChIJpR5DetJnUjoR7BF45Y-FcLc,Poker,places,en,23,13.03320385,80.26717255,13.0333639,80.2657232,0,maa2,Chennai,2026-08-31T08:56:18.164273Z
ChIJW8W1HvRnUjoRjUs2erqviUE,Nei Idly Sambar,places,en,23,13.03320385,80.26717255,13.032575099999999,80.26575389999999,0,maa2,Chennai,2026-08-31T08:56:18.164277Z
ChIJbcOvtdNnUjoRI48sD_HTb_k,Namma Veedu Vasanta Bhavan,places,en,23,13.03320385,80.26717255,13.0323488,80.2684835,0,maa2,Chennai,2026-08-31T08:56:18.164280Z
ChIJNfNy7ShnUjoRQsMy4bR0law,Kandhan Cafe,places,en,23,13.03320385,80.26717255,13.0322762,80.2687399,0,maa2,Chennai,2026-08-31T08:56:18.164283Z
ChIJoR4muNNnUjoRP5GzcUe1lfY,Ratna Cafe,places,en,23,13.03320385,80.26717255,13.0323171,80.26897459999999,0,maa2,Chennai,2026-08-31T08:56:18.164286Z
ChIJtW3TVW9pUjoRhE7pK9lpWuQ,Nawab Bhai Birinji & Foods,places,en,24,13.0294375,80.27807295,13.0282735,80.2780026,0,maa2,Chennai,2026-08-31T08:56:18.513883Z
ChIJpaam685pUjoRn0rZgx-8cf8,Masha Birinji Center,places,en,24,13.0294375,80.27807295,13.0282409,80.27799089999999,0,maa2,Chennai,2026-08-31T08:56:18.513894Z
ChIJIacFsARpUjoRbBOO_AXQnXw,The Coastal Taste Family Restaurant,places,en,24,13.0294375,80.27807295,13.029292499999999,80.2767107,0,maa2,Chennai,2026-08-31T08:56:18.513898Z
ChIJDyd8-utpUjoRznvqdCTwSoM,Kareem's biryani,places,en,24,13.0294375,80.27807295,13.0300973,80.2794164,0,maa2,Chennai,2026-08-31T08:56:18.513900Z
ChIJGeYn5n9oUjoRoZTWPN2WSkw,Al-Arafah Restaurant,places,en,24,13.0294375,80.27807295,13.0307298,80.27729269999999,0,maa2,Chennai,2026-08-31T08:56:18.513903Z
ChIJJ-HLAhBnUjoRO00ERGZx0uU,Al arafah restaurent,places,en,24,13.0294375,80.27807295,13.0297884,80.2765419,0,maa2,Chennai,2026-08-31T08:56:18.513905Z
ChIJ6wx_rnhoUjoRDdKUIG-gwVk,Meat & Eat Family Restaurant,places,en,24,13.0294375,80.27807295,13.0307695,80.2772679,0,maa2,Chennai,2026-08-31T08:56:18.513908Z
ChIJP88_4oxpUjoR9hU7zVX4ygA,Marina Sandys kitchen (Santhome),places,en,24,13.0294375,80.27807295,13.0303284,80.27676629999999,0,maa2,Chennai,2026-08-31T08:56:18.513910Z
ChIJvYeVMvVnUjoRPJJXN0a5tII,The Belgian Waffle Co.,places,en,24,13.0294375,80.27807295,13.028816899999999,80.2765732,0,maa2,Chennai,2026-08-31T08:56:18.513912Z
ChIJYUg38_dpUjoRHlTWi8rtouA,Pops by Sandys,places,en,24,13.0294375,80.27807295,13.0288834,80.2765395,0,maa2,Chennai,2026-08-31T08:56:18.513915Z
ChIJ6YUt6hJpUjoRqIaYc0nYh_U,JK's Kitchen,places,en,24,13.0294375,80.27807295,13.0286244,80.2765034,0,maa2,Chennai,2026-08-31T08:56:18.513918Z
ChIJu2Vp2btpUjoRLIHS5Uq6uPg,Kumari Hotel,places,en,24,13.0294375,80.27807295,13.027904099999999,80.2788983,0,maa2,Chennai,2026-08-31T08:56:18.513920Z
ChIJyUcJcdhpUjoRYJ-UlWXL6to,The Indian Flavours,places,en,24,13.0294375,80.27807295,13.0306678,80.2796414,0,maa2,Chennai,2026-08-31T08:56:18.513922Z
ChIJFZmFLABpUjoRxhXgbTw8Hwo,Sai Restaurant,places,en,24,13.0294375,80.27807295,13.0276015,80.2788016,0,maa2,Chennai,2026-08-31T08:56:18.513925Z
ChIJ4_gXbUFpUjoRE74ZxayDMIc,Manna The Family Centre,places,en,24,13.0294375,80.27807295,13.0277151,80.2790953,0,maa2,Chennai,2026-08-31T08:56:18.513927Z
ChIJtSdDZnhpUjoRL0wUalKwXGs,Samson Fast Food,places,en,24,13.0294375,80.27807295,13.026855,80.278775,0,maa2,Chennai,2026-08-31T08:56:18.513929Z
ChIJq9z-FORnUjoR9a78F7qJ3TM,CHITHRA FOODS,places,en,25,13.02340875,80.27578464999999,13.024178899999999,80.2750987,0,maa2,Chennai,2026-08-31T08:56:18.871408Z
ChIJG9KxtWZpUjoRpOjguqF4ua0,K.G.N AARIFA BIRIYANI CENTRE,places,en,25,13.02340875,80.27578464999999,13.022352099999999,80.2769057,0,maa2,Chennai,2026-08-31T08:56:18.871414Z
ChIJbcpl_BVpUjoRuMPkQD-wg84,Swathi Tiffen Center,places,en,25,13.02340875,80.27578464999999,13.0223306,80.27688599999999,0,maa2,Chennai,2026-08-31T08:56:18.871416Z
ChIJwVhEsmVpUjoRWLswgbAaozA,Kadal Kitchen Pattinapakkam,places,en,25,13.02340875,80.27578464999999,13.0223362,80.2769594,0,maa2,Chennai,2026-08-31T08:56:18.871417Z
ChIJSfwMJthnUjoRuwh6K5e2SXw,Hotel Marina Park,places,en,25,13.02340875,80.27578464999999,13.0251035,80.27463139999999,0,maa2,Chennai,2026-08-31T08:56:18.871419Z
ChIJMxA-ichnUjoRxf5uSsVjAX0,Sangeetha Veg Restaurant,places,en,25,13.02340875,80.27578464999999,13.0251019,80.27441069999999,0,maa2,Chennai,2026-08-31T08:56:18.871420Z
ChIJa90k7dNpUjoRSyI9E_Hee5Q,Ada Namma Sundari Akka Kadai,places,en,25,13.02340875,80.27578464999999,13.0239519,80.2780691,0,maa2,Chennai,2026-08-31T08:56:18.871422Z
ChIJKckBGpFpUjoRQpTd9xW5jiI,Aazhi Kaimanam Unavagam,places,en,25,13.02340875,80.27578464999999,13.023440299999999,80.27818529999999,0,maa2,Chennai,2026-08-31T08:56:18.871424Z
ChIJVX4OeAlpUjoRZnLSJn_2ruU,Munna Bhai Sappadu Kadai,places,en,25,13.02340875,80.27578464999999,13.022379299999999,80.27795859999999,0,maa2,Chennai,2026-08-31T08:56:18.871425Z
ChIJXSV5t3doUjoRpMa8wgsjm-o,Naga's Mess,places,en,25,13.02340875,80.27578464999999,13.0233318,80.2782205,0,maa2,Chennai,2026-08-31T08:56:18.871426Z
ChIJFc3rGwBpUjoRPrCA9Ijf3gE,Vijay akka kadai,places,en,25,13.02340875,80.27578464999999,13.023545600000002,80.2782612,0,maa2,Chennai,2026-08-31T08:56:18.871428Z
ChIJOSRZXtVpUjoRIHctMK-p1sA,THE FISHERMAN BOWL,places,en,25,13.02340875,80.27578464999999,13.0236162,80.27827690000001,0,maa2,Chennai,2026-08-31T08:56:18.871429Z
ChIJqwPibwBpUjoRqUf_j-9I378,Crispy crunches,places,en,25,13.02340875,80.27578464999999,13.0229558,80.2782533,0,maa2,Chennai,2026-08-31T08:56:18.871430Z
ChIJy5-M9nppUjoRehEMf78sTvQ,Sai vikash sea food,places,en,25,13.02340875,80.27578464999999,13.0237156,80.27827979999999,0,maa2,Chennai,2026-08-31T08:56:18.871432Z
ChIJUU-H9iFpUjoRDTHt3IGGhwU,Periamma Kadai,places,en,25,13.02340875,80.27578464999999,13.023843999999999,80.2783134,0,maa2,Chennai,2026-08-31T08:56:18.871433Z
ChIJjSjk8hVpUjoRY8rgy5aUSF4,Akka kadai,places,en,25,13.02340875,80.27578464999999,13.023903800000001,80.2783166,0,maa2,Chennai,2026-08-31T08:56:18.871434Z
ChIJNwLerXZpUjoRmCJWn3BsPVM,Akka Kadal,places,en,25,13.02340875,80.27578464999999,13.023909399999999,80.278317,0,maa2,Chennai,2026-08-31T08:56:18.871435Z
ChIJWS6qVHxpUjoRvnzYalUAQSY,Kadal Vivasai,places,en,25,13.02340875,80.27578464999999,13.0235931,80.2783656,0,maa2,Chennai,2026-08-31T08:56:18.871437Z
ChIJM7qj_JBpUjoRvkfhqQQZvOM,Thangachi kadai,places,en,25,13.02340875,80.27578464999999,13.024037199999999,80.2783501,0,maa2,Chennai,2026-08-31T08:56:18.871438Z
ChIJR-qs5-RpUjoRPEQ9b3qRNb8,CHENNAI MESS,places,en,25,13.02340875,80.27578464999999,13.0240396,80.2783503,0,maa2,Chennai,2026-08-31T08:56:18.871439Z
ChIJoQiaqK1nUjoR34GM8yoHcho,DVNE Coffee,places,en,26,13.0542682,80.24384005,13.053358,80.2430365,0,maa2,Chennai,2026-08-31T08:56:19.301727Z
ChIJdRSdwZxnUjoR7jSgWvvcJn0,Chai Glass,places,en,26,13.0542682,80.24384005,13.054643599999999,80.2426069,0,maa2,Chennai,2026-08-31T08:56:19.301734Z
ChIJz1o7IgBnUjoRRAXIVHVCLOw,Hotel at VAC,places,en,26,13.0542682,80.24384005,13.052965299999999,80.2436717,0,maa2,Chennai,2026-08-31T08:56:19.301735Z
ChIJH8E_GRdnUjoR6XkcUDjgP4I,Best Briyani Center,places,en,26,13.0542682,80.24384005,13.054116899999999,80.24247629999999,0,maa2,Chennai,2026-08-31T08:56:19.301737Z
ChIJK5Idlp5mUjoREc_he66XEXs,Downshore,places,en,26,13.0542682,80.24384005,13.054827,80.24253,0,maa2,Chennai,2026-08-31T08:56:19.301738Z
ChIJUeJLU05nUjoRqjYuAp5-qYQ,TAJMA DREAMS,places,en,26,13.0542682,80.24384005,13.0556313,80.2441329,0,maa2,Chennai,2026-08-31T08:56:19.301740Z
ChIJe_ybuFxmUjoR9ECOltZvx1w,Prajeesha Tiffin Centre,places,en,26,13.0542682,80.24384005,13.0539808,80.24240859999999,0,maa2,Chennai,2026-08-31T08:56:19.301741Z
ChIJ05NL3WdnUjoRjZ0L27t6xsY,P Baskar News mart,places,en,26,13.0542682,80.24384005,13.053980099999999,80.2424084,0,maa2,Chennai,2026-08-31T08:56:19.301742Z
ChIJM8HKwGJnUjoRBNbKox1gPqI,"DINEVO CAFE, Nungambakkam",places,en,26,13.0542682,80.24384005,13.053942,80.2424106,0,maa2,Chennai,2026-08-31T08:56:19.301743Z
ChIJc1vmVUNmUjoRUGl6l09zA1I,Iqra Veg Biryani,places,en,26,13.0542682,80.24384005,13.052706299999999,80.24363989999999,0,maa2,Chennai,2026-08-31T08:56:19.301745Z
ChIJfc9AYENmUjoRwXNHxykqeT8,Jagadeesh Andhra Mess,places,en,26,13.0542682,80.24384005,13.0526834,80.24422369999999,0,maa2,Chennai,2026-08-31T08:56:19.301746Z
ChIJV3MoJ2dnUjoRTi50u1ulbtU,anjali momos,places,en,26,13.0542682,80.24384005,13.052710399999999,80.2432462,0,maa2,Chennai,2026-08-31T08:56:19.301747Z
ChIJs0UxRFNnUjoRH8wYD1JGeGE,JUICE BOX,places,en,26,13.0542682,80.24384005,13.0536058,80.2422491,0,maa2,Chennai,2026-08-31T08:56:19.301748Z
ChIJ7x31u1xmUjoR-AYmhoBndj0,LEYA VEGETARIAN FOODS,places,en,26,13.0542682,80.24384005,13.053576699999999,80.2422491,0,maa2,Chennai,2026-08-31T08:56:19.301749Z
ChIJH1bev05nUjoRDlJsm68Qi-A,Andhar Mess Jadadeesha,places,en,26,13.0542682,80.24384005,13.052648399999999,80.2443042,0,maa2,Chennai,2026-08-31T08:56:19.301750Z
ChIJl5tbydRnUjoR9Of9ynrJRcw,Anil Naidu Andhra Mess,places,en,26,13.0542682,80.24384005,13.0526135,80.2443608,0,maa2,Chennai,2026-08-31T08:56:19.301751Z
ChIJ6xx9cENmUjoRWtqMoRMoKqo,HOTEL VENKATESWARA,places,en,26,13.0542682,80.24384005,13.0534635,80.2455392,0,maa2,Chennai,2026-08-31T08:56:19.301753Z
ChIJ4779AChnUjoR655dxvgi5RQ,Dakshin Foods & Hospitality,places,en,26,13.0542682,80.24384005,13.0548747,80.24568889999999,0,maa2,Chennai,2026-08-31T08:56:19.301754Z
ChIJiXgFwl1nUjoRjdv9oSu8vAU,Junior Kuppanna - Nungambakkam,places,en,26,13.0542682,80.24384005,13.0525953,80.2449252,0,maa2,Chennai,2026-08-31T08:56:19.301755Z
ChIJ0S_UYgBnUjoR_QPFLxecNQY,Core,places,en,26,13.0542682,80.24384005,13.0559278,80.2449927,0,maa2,Chennai,2026-08-31T08:56:19.301756Z
ChIJobsQ6HVvUjoRXXSGoSSTZ8E,LAVANYA TIFFEN CENTER,places,en,27,13.11287955,80.2841468,13.1126084,80.2840221,0,maa2,Chennai,2026-08-31T08:56:19.624764Z
ChIJ-2g4byJvUjoRuuI_irsC0Yg,JAYA PADMA A2Z ENTERPRISES,places,en,27,13.11287955,80.2841468,13.112643499999999,80.2851871,0,maa2,Chennai,2026-08-31T08:56:19.624775Z
ChIJ5XSQaglvUjoRXQOSYT2vKHM,MGR Sweets Stall,places,en,27,13.11287955,80.2841468,13.1134992,80.28539599999999,0,maa2,Chennai,2026-08-31T08:56:19.624779Z
ChIJV9rgiWRvUjoRSaNc0yjehAU,நாச்சியார் மெஸ் சைவம் & அசைவம்,places,en,27,13.11287955,80.2841468,13.113982199999999,80.2832731,0,maa2,Chennai,2026-08-31T08:56:19.624783Z
ChIJ4aMznA1vUjoRRM6uUUSDPIY,Murrah Makan,places,en,27,13.11287955,80.2841468,13.1137491,80.2829417,0,maa2,Chennai,2026-08-31T08:56:19.624786Z
ChIJOSC0pWVvUjoRzzT3vlVR5EM,Saravana sweets,places,en,27,13.11287955,80.2841468,13.113839599999999,80.2854894,0,maa2,Chennai,2026-08-31T08:56:19.624788Z
ChIJ6bHSwwBvUjoR_WmX_GUbo2g,Nalabagam Veg And Non Veg,places,en,27,13.11287955,80.2841468,13.1143568,80.2834723,0,maa2,Chennai,2026-08-31T08:56:19.624790Z
ChIJY2D4vmpvUjoRjNRlDldXiSI,IRUSAYEE,places,en,27,13.11287955,80.2841468,13.1145388,80.2849612,0,maa2,Chennai,2026-08-31T08:56:19.624793Z
ChIJSZLnFtxvUjoRHAMLWBo-29M,E KUMARAVEL,places,en,27,13.11287955,80.2841468,13.1145388,80.2849612,0,maa2,Chennai,2026-08-31T08:56:19.624795Z
ChIJvyw0GalvUjoRFPBna73OtFA,Venkateshvara Coffee Bar,places,en,27,13.11287955,80.2841468,13.1145388,80.2849612,0,maa2,Chennai,2026-08-31T08:56:19.624797Z
ChIJ49azjqBvUjoR3pV09bIYq9o,PAVALAKODI V,places,en,27,13.11287955,80.2841468,13.1145388,80.2849612,0,maa2,Chennai,2026-08-31T08:56:19.624800Z
ChIJo6gKhHRvUjoR4EIXM6jQjJg,KARUPPAIYA CHINNAIYYA,places,en,27,13.11287955,80.2841468,13.1145388,80.2849612,0,maa2,Chennai,2026-08-31T08:56:19.624802Z
ChIJI7HCaYZvUjoRuUXCYTJqjJk,LTR FOODS RFC FRIED ITEM VEG & NON VEG,places,en,27,13.11287955,80.2841468,13.1145388,80.2849612,0,maa2,Chennai,2026-08-31T08:56:19.624804Z
ChIJQ9NU05ZvUjoRdYv4icvjY4Q,SYED USSAIN SYED SAHUL HAMMED,places,en,27,13.11287955,80.2841468,13.1145388,80.2849612,0,maa2,Chennai,2026-08-31T08:56:19.624806Z
ChIJBekwb9ZvUjoR6yLj_-dgfYE,Tharun,places,en,27,13.11287955,80.2841468,13.1145392,80.2849612,0,maa2,Chennai,2026-08-31T08:56:19.624808Z
ChIJH-FahPZvUjoReXk6agiKJKI,Mr Singh,places,en,27,13.11287955,80.2841468,13.114119899999999,80.2855727,0,maa2,Chennai,2026-08-31T08:56:19.624811Z
ChIJuTQ31GVvUjoRy3bhjDbYOYA,Chinnakannu Hotel,places,en,27,13.11287955,80.2841468,13.1114094,80.28537570000002,0,maa2,Chennai,2026-08-31T08:56:19.624813Z
ChIJh8rrYvNvUjoRa6lP1TmQsYI,KARTHICK GANESAN,places,en,27,13.11287955,80.2841468,13.1145664,80.2849923,0,maa2,Chennai,2026-08-31T08:56:19.624815Z
ChIJvTWV2ABvUjoRat1HOjmJiMo,SELVI PALANISAMY,places,en,27,13.11287955,80.2841468,13.1145664,80.2849923,0,maa2,Chennai,2026-08-31T08:56:19.624818Z
ChIJX_K64_RvUjoRTUDFU4n0VXc,Jagan Food,places,en,27,13.11287955,80.2841468,13.1145664,80.2849923,0,maa2,Chennai,2026-08-31T08:56:19.624820Z
ChIJjYoELgBnUjoRhTI_f65nUeM,Aminjikarai akka kadai,places,en,28,13.06555405,80.22400345,13.0655986,80.222779,0,maa2,Chennai,2026-08-31T08:56:19.933460Z
ChIJSSBPRo5mUjoRAAAAMFckkGU,Delfrez,places,en,28,13.06555405,80.22400345,13.0653436,80.22259199999999,0,maa2,Chennai,2026-08-31T08:56:19.933467Z
ChIJrxyUnPhnUjoR5QCsIvjefZ4,Poorna Pure Veg,places,en,28,13.06555405,80.22400345,13.0651461,80.2254043,0,maa2,Chennai,2026-08-31T08:56:19.933469Z
ChIJDb9xR45mUjoRBQ8cbphQRnI,Kumar Tiffin Centre,places,en,28,13.06555405,80.22400345,13.065158300000002,80.2223746,0,maa2,Chennai,2026-08-31T08:56:19.933471Z
ChIJoRVdR45mUjoRomA7z-2Ejy8,Pavithra Snacks Bar,places,en,28,13.06555405,80.22400345,13.065075,80.2223472,0,maa2,Chennai,2026-08-31T08:56:19.933472Z
ChIJj9Ww98ZnUjoR_-I772U_DTs,Shifa Biriyani,places,en,28,13.06555405,80.22400345,13.066938299999999,80.2230422,0,maa2,Chennai,2026-08-31T08:56:19.933473Z
ChIJC5STifFnUjoR9rJtI7gadyk,Lassi Spot Choolaimedu,places,en,28,13.06555405,80.22400345,13.0666763,80.2255397,0,maa2,Chennai,2026-08-31T08:56:19.933475Z
ChIJqQKHS6JnUjoRnxfJ-HZULnU,Jyothi Tiffin Centre,places,en,28,13.06555405,80.22400345,13.066306400000002,80.2257698,0,maa2,Chennai,2026-08-31T08:56:19.933476Z
ChIJtcIh5I1mUjoRv5FWdiMBDV8,Singapore Restaurant and Caterers,places,en,28,13.06555405,80.22400345,13.064649699999999,80.22226739999999,0,maa2,Chennai,2026-08-31T08:56:19.933477Z
ChIJ3dD5LLVnUjoRf29QJ_1IXJI,Rathanavel Mushroom Stall,places,en,28,13.06555405,80.22400345,13.063961299999999,80.2251397,0,maa2,Chennai,2026-08-31T08:56:19.933479Z
ChIJtUgkSo9mUjoR942D7YfUZpk,JVR Andhra Mess,places,en,28,13.06555405,80.22400345,13.067090799999999,80.2252987,0,maa2,Chennai,2026-08-31T08:56:19.933480Z
ChIJlaH10dlnUjoR5gnr27DvgZw,MADRAS UNAVAGAM,places,en,28,13.06555405,80.22400345,13.0642515,80.2223411,0,maa2,Chennai,2026-08-31T08:56:19.933481Z
ChIJp6mronVnUjoRFCKxS7gZoVc,Ansari Kavab Centre,places,en,28,13.06555405,80.22400345,13.064247,80.2223404,0,maa2,Chennai,2026-08-31T08:56:19.933482Z
ChIJtSLfbI5mUjoRTfgQQtzeyZ8,Sri Vinayaga Cool Bar,places,en,28,13.06555405,80.22400345,13.0641296,80.2224422,0,maa2,Chennai,2026-08-31T08:56:19.933484Z
ChIJZ222JI9mUjoR6pEmap-tcYU,Sri Ragavi Sweets,places,en,28,13.06555405,80.22400345,13.0668657,80.22565349999999,0,maa2,Chennai,2026-08-31T08:56:19.933485Z
ChIJkQtf44RnUjoRtQyixomal44,LILO waffles,places,en,28,13.06555405,80.22400345,13.0674785,80.2232056,0,maa2,Chennai,2026-08-31T08:56:19.933486Z
ChIJSc80eY5mUjoRvDR3gR4dQm4,Hot & grill,places,en,28,13.06555405,80.22400345,13.063519999999999,80.223415,0,maa2,Chennai,2026-08-31T08:56:19.933487Z
ChIJ6_rPOo9mUjoRz7x5cD2Ofvo,Hotel Pandian,places,en,28,13.06555405,80.22400345,13.066896199999999,80.2256606,0,maa2,Chennai,2026-08-31T08:56:19.933489Z
ChIJz-APzJRnUjoReIzomIXLIEw,Star Taj hotel & fast food,places,en,28,13.06555405,80.22400345,13.066997899999999,80.2255997,0,maa2,Chennai,2026-08-31T08:56:19.933490Z
ChIJEegj7OJnUjoRw3dsUs9KbUw,Namma Ooru Kadai,places,en,28,13.06555405,80.22400345,13.0641796,80.22219179999999,0,maa2,Chennai,2026-08-31T08:56:19.933491Z
ChIJT6PLdQBnUjoRLtY5fJd99DQ,Aminjikarai,places,en,29,13.078230300000001,80.2254878,13.0786616,80.22508529999999,0,maa2,Chennai,2026-08-31T08:56:20.371736Z
ChIJ-WtBvmZnUjoRLvOYCcJVo44,Adyar Ananda Bhavan - A2B,places,en,29,13.078230300000001,80.2254878,13.0775978,80.2251469,0,maa2,Chennai,2026-08-31T08:56:20.371744Z
ChIJcxfV_P5nUjoRRgdlMj8vKSc,Lakshmi Tiffen Center,places,en,29,13.078230300000001,80.2254878,13.0772076,80.2250366,0,maa2,Chennai,2026-08-31T08:56:20.371746Z
ChIJea4uqT9nUjoRLucx4IojCYs,Jayshree,places,en,29,13.078230300000001,80.2254878,13.077158299999999,80.2251529,0,maa2,Chennai,2026-08-31T08:56:20.371747Z
ChIJuRJcWoZnUjoR7tFkkpCx5nI,Rasoee Veg Dhaba,places,en,29,13.078230300000001,80.2254878,13.079432899999999,80.22598239999999,0,maa2,Chennai,2026-08-31T08:56:20.371749Z
ChIJL-bjethnUjoR9U1mMUjP7Qk,AF SEA FOODS,places,en,29,13.078230300000001,80.2254878,13.0792676,80.2244951,0,maa2,Chennai,2026-08-31T08:56:20.371750Z
ChIJX59f6TZnUjoR9BZ1ZwcsAUo,Karigar biryani takeaway,places,en,29,13.078230300000001,80.2254878,13.0790237,80.22422619999999,0,maa2,Chennai,2026-08-31T08:56:20.371751Z
ChIJteCgv0hnUjoRa3TLzyuAQHQ,Egg Spot,places,en,29,13.078230300000001,80.2254878,13.0796344,80.2259455,0,maa2,Chennai,2026-08-31T08:56:20.371752Z
ChIJN6BnFABnUjoR-n4F7Z5BnRg,MasterChef kitchen,places,en,29,13.078230300000001,80.2254878,13.0797258,80.22571789999999,0,maa2,Chennai,2026-08-31T08:56:20.371754Z
ChIJSb13OgBnUjoRjxVoaOJ-pfs,Chinese Menu,places,en,29,13.078230300000001,80.2254878,13.0797666,80.2256393,0,maa2,Chennai,2026-08-31T08:56:20.371755Z
ChIJhZt4R9FnUjoR4yGBdhT1vbc,Best hotel and fast food,places,en,29,13.078230300000001,80.2254878,13.076652999999999,80.22520519999999,0,maa2,Chennai,2026-08-31T08:56:20.371756Z
ChIJCUFaOBxnUjoRVjt4-MTA-0s,Salem Thattu Vadai Set Tiru Vi Ka,places,en,29,13.078230300000001,80.2254878,13.0797872,80.2249692,0,maa2,Chennai,2026-08-31T08:56:20.371757Z
ChIJPafbuINmUjoRDXj_f4GAQlk,Hotel Mubarak,places,en,29,13.078230300000001,80.2254878,13.0766207,80.2250329,0,maa2,Chennai,2026-08-31T08:56:20.371759Z
ChIJ10S6iftnUjoRtwPi0s71v0k,House of Payasams,places,en,29,13.078230300000001,80.2254878,13.0766485,80.22607289999999,0,maa2,Chennai,2026-08-31T08:56:20.371760Z
ChIJBQ1RJn1nUjoRqhF4SRfpeuQ,Vani Egg Stores,places,en,29,13.078230300000001,80.2254878,13.0798075,80.22487029999999,0,maa2,Chennai,2026-08-31T08:56:20.371761Z
ChIJPaR8IgpnUjoRllG5tIg54TE,AK PRANIKA SOUPS,places,en,29,13.078230300000001,80.2254878,13.0797346,80.2246521,0,maa2,Chennai,2026-08-31T08:56:20.371762Z
ChIJVXnmZQBnUjoRQYvPaxY2__8,Dragon Bao House,places,en,29,13.078230300000001,80.2254878,13.079780600000001,80.2247309,0,maa2,Chennai,2026-08-31T08:56:20.371763Z
ChIJy4jeESlkUjoRotfVy0y1omI,Buhari Hotel,places,en,29,13.078230300000001,80.2254878,13.079603899999999,80.2244012,0,maa2,Chennai,2026-08-31T08:56:20.371765Z
ChIJExUeVwBnUjoRNPFoLn7dNlk,Shehnai Nagar Park,places,en,29,13.078230300000001,80.2254878,13.079801199999999,80.2247242,0,maa2,Chennai,2026-08-31T08:56:20.371766Z
ChIJPYXgjj1nUjoRFf4Y7gtYP9o,Crunchy Cream,places,en,29,13.078230300000001,80.2254878,13.079608200000001,80.2244,0,maa2,Chennai,2026-08-31T08:56:20.371767Z
ChIJUXIEa2dnUjoREuS16XF9Rhw,MAJESTIC FOODS 2,places,en,30,13.0655964,80.23384835,13.065260199999999,80.23365319999999,0,maa2,Chennai,2026-08-31T08:56:20.780903Z
ChIJYf5MzqFnUjoRVYZTGauFOEo,Loyla Cafe & Restaurant,places,en,30,13.0655964,80.23384835,13.065496699999999,80.2322085,0,maa2,Chennai,2026-08-31T08:56:20.780912Z
ChIJeVEP-AdnUjoRa-1RzRrKAkU,Machan Briyani,places,en,30,13.0655964,80.23384835,13.0657638,80.2319304,0,maa2,Chennai,2026-08-31T08:56:20.780915Z
ChIJpTM8K4hmUjoRlqR5M-2yS4o,VALLI MESS,places,en,30,13.0655964,80.23384835,13.0665148,80.2318954,0,maa2,Chennai,2026-08-31T08:56:20.780917Z
ChIJQRrsUGxnUjoRn2AsE8x_dmE,Bites Bistro,places,en,30,13.0655964,80.23384835,13.066242200000001,80.2317549,0,maa2,Chennai,2026-08-31T08:56:20.780919Z
ChIJzQXgSmtnUjoRwOPopdp48FI,"Alibaba Shawarma and 40 Dishes, Choolaimedu",places,en,30,13.0655964,80.23384835,13.065882499999999,80.2314964,0,maa2,Chennai,2026-08-31T08:56:20.780921Z
ChIJYwzTvk9nUjoR9bt-jDVlikM,The Chips Shop,places,en,30,13.0655964,80.23384835,13.0658444,80.2313964,0,maa2,Chennai,2026-08-31T08:56:20.780923Z
ChIJ77oa94ZnUjoRq99cmWrEvek,Star Dining - Multicuisine Restaurant,places,en,30,13.0655964,80.23384835,13.063895299999999,80.2356266,0,maa2,Chennai,2026-08-31T08:56:20.780925Z
ChIJQ2FaLABnUjoRPZLGP-vUOmE,JKs Biriyani,places,en,30,13.0655964,80.23384835,13.066028399999999,80.23137160000002,0,maa2,Chennai,2026-08-31T08:56:20.780927Z
ChIJ00N03GNmUjoRAAAAMGpiVGQ,Pandikumar Coconut Shop,places,en,30,13.0655964,80.23384835,13.0642044,80.23598299999999,0,maa2,Chennai,2026-08-31T08:56:20.780929Z
ChIJ0TcxR-BnUjoR8r9aLAgKTqE,Signature Cafe,places,en,30,13.0655964,80.23384835,13.0662887,80.2313686,0,maa2,Chennai,2026-08-31T08:56:20.780931Z
ChIJQfjTA_tnUjoRDOV5OWvKN7Q,Le Smash Burger,places,en,30,13.0655964,80.23384835,13.064049599999999,80.2358951,0,maa2,Chennai,2026-08-31T08:56:20.780932Z
ChIJI3dkLohmUjoRN3wJx201wpg,Jesus Biryan,places,en,30,13.0655964,80.23384835,13.066840899999999,80.2315857,0,maa2,Chennai,2026-08-31T08:56:20.780934Z
ChIJmeLntl9nUjoRpzg-uKIkwjI,Atti Square - Choolaimedu,places,en,30,13.0655964,80.23384835,13.0660294,80.23128919999999,0,maa2,Chennai,2026-08-31T08:56:20.780936Z
ChIJv-R4I6hnUjoRVRb0p_ZaHa8,UKC Uncle Kenny's Cuisine,places,en,30,13.0655964,80.23384835,13.0661372,80.2312998,0,maa2,Chennai,2026-08-31T08:56:20.780937Z
ChIJLf31WzJnUjoRPbwasg9GlJw,VILLAGE MILK,places,en,30,13.0655964,80.23384835,13.066104699999999,80.23129000000002,0,maa2,Chennai,2026-08-31T08:56:20.780939Z
ChIJPY0MI4lmUjoRYfcgQwMoKA4,Star biriyani,places,en,30,13.0655964,80.23384835,13.0661911,80.231267,0,maa2,Chennai,2026-08-31T08:56:20.780941Z
ChIJU0RFYgBnUjoRHhj-wijLq4M,"Crescent Restaurant, Loyola",places,en,30,13.0655964,80.23384835,13.0635649,80.2355401,0,maa2,Chennai,2026-08-31T08:56:20.780943Z
ChIJjQOY7KNnUjoRWfVpqpJVDGM,Nei Idly Sambar,places,en,30,13.0655964,80.23384835,13.0652072,80.23112929999999,0,maa2,Chennai,2026-08-31T08:56:20.780945Z
ChIJed-fIQBnUjoRfnOiWxSeBro,Iniyavan unavagam,places,en,30,13.0655964,80.23384835,13.066111699999999,80.2311459,0,maa2,Chennai,2026-08-31T08:56:20.780947Z
ChIJ3Sysp1lnUjoRoI6i1Pg4g34,Al-aziz grill and shawarma,places,en,31,13.051246800000001,80.2254066,13.0515703,80.2248232,0,maa2,Chennai,2026-08-31T08:56:21.121350Z
ChIJpWvdLABnUjoRXFLmYZJhLyA,Noor meat shop,places,en,31,13.051246800000001,80.2254066,13.051498299999999,80.2247237,0,maa2,Chennai,2026-08-31T08:56:21.121363Z
ChIJN0hLuZNnUjoRXgFjNzg_MdE,Hotel Nandhini,places,en,31,13.051246800000001,80.2254066,13.0515303,80.22471449999999,0,maa2,Chennai,2026-08-31T08:56:21.121367Z
ChIJq1EnQgBnUjoRwP8hbHsBTsc,Nandhini Tiffin Center,places,en,31,13.051246800000001,80.2254066,13.051555100000002,80.22472379999999,0,maa2,Chennai,2026-08-31T08:56:21.121370Z
ChIJe8bbrUxnUjoRkIbcW83dih4,House of chaat,places,en,31,13.051246800000001,80.2254066,13.0515337,80.2246942,0,maa2,Chennai,2026-08-31T08:56:21.121373Z
ChIJa7GGT0NnUjoRWq-TCxSd5zQ,D & H Biryani Catering,places,en,31,13.051246800000001,80.2254066,13.0521019,80.22552859999999,0,maa2,Chennai,2026-08-31T08:56:21.121376Z
ChIJlVd_TQBnUjoR8ZbTLUWAx_E,Ajay,places,en,31,13.051246800000001,80.2254066,13.0511625,80.2268595,0,maa2,Chennai,2026-08-31T08:56:21.121378Z
ChIJ3ds6sfZmUjoR-9gtkfJMsMc,Kollywood Kitchen,places,en,31,13.051246800000001,80.2254066,13.0510336,80.22713080000001,0,maa2,Chennai,2026-08-31T08:56:21.121381Z
ChIJIw_jRKBnUjoRHduKwB2CUpE,SANDWICH KITCHEN,places,en,31,13.051246800000001,80.2254066,13.051728500000001,80.2273275,0,maa2,Chennai,2026-08-31T08:56:21.121383Z
ChIJ27RUq1xnUjoRjuKgMVj1gJY,SELVA VINAYAGAR HOTEL,places,en,31,13.051246800000001,80.2254066,13.0506744,80.22733319999999,0,maa2,Chennai,2026-08-31T08:56:21.121386Z
ChIJgzsqzPNmUjoRInA8HWecVzg,ANJALI BHAVAN,places,en,31,13.051246800000001,80.2254066,13.0528122,80.2241076,0,maa2,Chennai,2026-08-31T08:56:21.121390Z
ChIJl_R9kfNnUjoRR6F8LzJBzcw,Sree Gupta Bhavan - SgB,places,en,31,13.051246800000001,80.2254066,13.053224,80.224957,0,maa2,Chennai,2026-08-31T08:56:21.121392Z
ChIJhSjLzfNmUjoRIQShieh68EU,Adith Snacks and Cool Bar,places,en,31,13.051246800000001,80.2254066,13.0528541,80.22409979999999,0,maa2,Chennai,2026-08-31T08:56:21.121395Z
ChIJ79EGyPNmUjoRqFI61ynT9-k,Mannah Sweets,places,en,31,13.051246800000001,80.2254066,13.053238799999999,80.22470280000002,0,maa2,Chennai,2026-08-31T08:56:21.121397Z
ChIJwdb2y_NmUjoRWEIU7swmtDI,Uttar Bhojan Food House,places,en,31,13.051246800000001,80.2254066,13.052943599999999,80.2241105,0,maa2,Chennai,2026-08-31T08:56:21.121400Z
ChIJo0VryPNmUjoRA3fnQfbJYIY,Midnight Masala,places,en,31,13.051246800000001,80.2254066,13.0532726,80.2244311,0,maa2,Chennai,2026-08-31T08:56:21.121402Z
ChIJka7WubdnUjoRLYicvcElxn4,Kodambakkam,places,en,31,13.051246800000001,80.2254066,13.0533083,80.226308,0,maa2,Chennai,2026-08-31T08:56:21.121405Z
ChIJ5TihwPNmUjoR-jcs0Vdj3CI,"Domino's Pizza | Kodambakkam, Chennai",places,en,31,13.051246800000001,80.2254066,13.0534353,80.2248733,0,maa2,Chennai,2026-08-31T08:56:21.121407Z
ChIJE5ohyfNmUjoRFFWRjUtV4L0,Nandhiniee Sweets,places,en,31,13.051246800000001,80.2254066,13.0531432,80.2240951,0,maa2,Chennai,2026-08-31T08:56:21.121410Z
ChIJ0Qod1PZmUjoRMBkijPLOShw,Karisorum Kaldosaium,places,en,31,13.051246800000001,80.2254066,13.0494718,80.2268325,0,maa2,Chennai,2026-08-31T08:56:21.121412Z
ChIJdYASpZ9lUjoRa5HLidWVaPA,Indian Bistro,places,en,32,13.0808504,80.20970835,13.080734300000001,80.2097792,0,maa2,Chennai,2026-08-31T08:56:22.464291Z
ChIJRfD_IQBlUjoRKCj6_8xwuA0,Waffle Rovers,places,en,32,13.0808504,80.20970835,13.0808659,80.20957489999999,0,maa2,Chennai,2026-08-31T08:56:22.464301Z
ChIJ2dESK41lUjoR-eQ7KhsJCN8,Sudha's Chaat & Sweet,places,en,32,13.0808504,80.20970835,13.080795,80.20957279999999,0,maa2,Chennai,2026-08-31T08:56:22.464303Z
ChIJG0uEnDtlUjoRjl3QhBWhw3k,Waffle cart,places,en,32,13.0808504,80.20970835,13.080772099999999,80.2095725,0,maa2,Chennai,2026-08-31T08:56:22.464305Z
ChIJmyVYGABlUjoRq3epSe4jtJA,Kerala Kitchen,places,en,32,13.0808504,80.20970835,13.0821557,80.2096017,0,maa2,Chennai,2026-08-31T08:56:22.464306Z
ChIJq-fMhh9kUjoR1Sc3rU1T-zg,Dindigul Thalappakatti Shanthi Colony Anna Nagar,places,en,32,13.0808504,80.20970835,13.0823105,80.2095495,0,maa2,Chennai,2026-08-31T08:56:22.464308Z
ChIJuf7LKyBkUjoRnz_Kh12s9Do,Ramaas The Hyderabadi,places,en,32,13.0808504,80.20970835,13.0822791,80.210409,0,maa2,Chennai,2026-08-31T08:56:22.464309Z
ChIJu4bJKiBkUjoRIX_hB_LoYEI,Little Hut Family Fast Food,places,en,32,13.0808504,80.20970835,13.0823322,80.2103329,0,maa2,Chennai,2026-08-31T08:56:22.464310Z
ChIJVc1Qa1tnUjoRGjq6beYxrOA,Waffle Shack,places,en,32,13.0808504,80.20970835,13.0821967,80.2106335,0,maa2,Chennai,2026-08-31T08:56:22.464312Z
ChIJfWNqmR9kUjoRxWTIDlUriEQ,SREE AKSHAYAM,places,en,32,13.0808504,80.20970835,13.082312199999999,80.2086877,0,maa2,Chennai,2026-08-31T08:56:22.464313Z
ChIJkZF6GQBlUjoRcDcX9TzOWMQ,Littlehut,places,en,32,13.0808504,80.20970835,13.0826811,80.2098931,0,maa2,Chennai,2026-08-31T08:56:22.464314Z
ChIJvVinHaBmUjoR5IClvm-A3H0,Amma Unavagam,places,en,32,13.0808504,80.20970835,13.0789425,80.2097364,0,maa2,Chennai,2026-08-31T08:56:22.464316Z
ChIJm5cyI_plUjoR1ppmny8FVJo,Samco Restaurant Anna Nagar,places,en,32,13.0808504,80.20970835,13.0817933,80.20800650000001,0,maa2,Chennai,2026-08-31T08:56:22.464317Z
ChIJQQKeMahlUjoREoeo-aKD4ps,Temp Fried Chicken Anna Nagar,places,en,32,13.0808504,80.20970835,13.0825004,80.2108856,0,maa2,Chennai,2026-08-31T08:56:22.464319Z
ChIJ1YL95bJlUjoRcAoofkcIpJo,The Patiala House - Anna Nagar,places,en,32,13.0808504,80.20970835,13.0828505,80.20989949999999,0,maa2,Chennai,2026-08-31T08:56:22.464320Z
ChIJAQAA4SBkUjoRLEliHRhKW28,Subway Shanti Colony,places,en,32,13.0808504,80.20970835,13.082625199999999,80.211007,0,maa2,Chennai,2026-08-31T08:56:22.464322Z
ChIJtcgNLyFkUjoRG_hvrAsn1YQ,The MaMa Shop,places,en,32,13.0808504,80.20970835,13.082805599999999,80.2107594,0,maa2,Chennai,2026-08-31T08:56:22.464323Z
ChIJ84MuyRdlUjoRNmVJ3NeEQJE,Anna Nagar Burger Street,places,en,32,13.0808504,80.20970835,13.0803731,80.2119409,0,maa2,Chennai,2026-08-31T08:56:22.464324Z
ChIJ5Z5WXDBnUjoR1h9-L_luZzc,Komala's Non-Veg Restaurant,places,en,32,13.0808504,80.20970835,13.082415899999999,80.20810399999999,0,maa2,Chennai,2026-08-31T08:56:22.464326Z
ChIJF_wcXNJlUjoRAD0ct9mEMIE,Ingi & Soy,places,en,32,13.0808504,80.20970835,13.080281,80.21193099999999,0,maa2,Chennai,2026-08-31T08:56:22.464327Z
ChIJ60degBpkUjoRWM63a4A3MW0,EggSplash,places,en,33,13.09028335,80.2018202,13.090746999999999,80.2013614,0,maa2,Chennai,2026-08-31T08:56:22.785041Z
ChIJxVQFaBpkUjoRxQADoPx2178,Subha,places,en,33,13.09028335,80.2018202,13.0894985,80.2021939,0,maa2,Chennai,2026-08-31T08:56:22.785050Z
ChIJb-EEZ9RlUjoRVabLpuO3LtU,Cookgramam,places,en,33,13.09028335,80.2018202,13.090687400000002,80.2009018,0,maa2,Chennai,2026-08-31T08:56:22.785053Z
ChIJXa7Tl_NlUjoRVq4JVNoN18U,Curry Brothers,places,en,33,13.09028335,80.2018202,13.0909389,80.2008884,0,maa2,Chennai,2026-08-31T08:56:22.785055Z
ChIJ53ZKWQBlUjoRqLLSx5pJmvQ,Tiffen Kadai,places,en,33,13.09028335,80.2018202,13.0909856,80.20281419999999,0,maa2,Chennai,2026-08-31T08:56:22.785057Z
ChIJ-R0wJ8dlUjoRAOk197laIq0,Vigneshwara Tea Stall,places,en,33,13.09028335,80.2018202,13.091387099999999,80.2028795,0,maa2,Chennai,2026-08-31T08:56:22.785058Z
ChIJs1gGc6tlUjoRdMukvjVPz_M,Blume Cafe,places,en,33,13.09028335,80.2018202,13.0914418,80.2007311,0,maa2,Chennai,2026-08-31T08:56:22.785060Z
ChIJ9yrNlBpkUjoRAAAAsNwBXhE,Om Sai Soup Stall,places,en,33,13.09028335,80.2018202,13.0894464,80.200288,0,maa2,Chennai,2026-08-31T08:56:22.785062Z
ChIJsZ5xvRBkUjoRhdwatvjtHoY,Kamala Fast Food,places,en,33,13.09028335,80.2018202,13.0918253,80.20291,0,maa2,Chennai,2026-08-31T08:56:22.785063Z
ChIJ8X_DbCZlUjoR9_eXG28q8fE,Cocoa Crust,places,en,33,13.09028335,80.2018202,13.0882799,80.2019009,0,maa2,Chennai,2026-08-31T08:56:22.785065Z
ChIJob3gS-FlUjoRwDQPafp48C8,Green Cyclone Foods,places,en,33,13.09028335,80.2018202,13.088267199999999,80.201878,0,maa2,Chennai,2026-08-31T08:56:22.785066Z
ChIJoYEZpwhlUjoRsDX8aGWZHbY,Between Your Breads,places,en,33,13.09028335,80.2018202,13.0882662,80.2019443,0,maa2,Chennai,2026-08-31T08:56:22.785068Z
ChIJ3T_ACQBlUjoRupCHd6VxozY,Hotel Sree Radha's,places,en,33,13.09028335,80.2018202,13.0922436,80.2029751,0,maa2,Chennai,2026-08-31T08:56:22.785070Z
ChIJActSlBhlUjoRV47GwCj5Z9Q,MELT (Belly Melts Your Mind) - Anna Nagar,places,en,33,13.09028335,80.2018202,13.0922497,80.2006825,0,maa2,Chennai,2026-08-31T08:56:22.785071Z
ChIJrwLjMwBlUjoR1l8xfIr06X0,Mr. Burger'z,places,en,33,13.09028335,80.2018202,13.0922664,80.2030126,0,maa2,Chennai,2026-08-31T08:56:22.785073Z
ChIJt-CIPYllUjoR1k73XCSRFJ8,TR chicken centre,places,en,33,13.09028335,80.2018202,13.092810499999999,80.20193069999999,0,maa2,Chennai,2026-08-31T08:56:22.785074Z
ChIJ0zV2OQplUjoR8srYfWzOldQ,Spicz@Madras,places,en,33,13.09028335,80.2018202,13.0927543,80.2028634,0,maa2,Chennai,2026-08-31T08:56:22.785076Z
ChIJKRAbwDlnUjoRW_NaBDnIATU,Singam Kalan Shop,places,en,34,13.05473965,80.22425960000001,13.0547185,80.22401099999999,0,maa2,Chennai,2026-08-31T08:56:23.124237Z
ChIJ0wlUfo1mUjoRFTlrD_vzK2Q,WOW BIRIYANI,places,en,34,13.05473965,80.22425960000001,13.0547185,80.22401099999999,0,maa2,Chennai,2026-08-31T08:56:23.124245Z
ChIJ3xjpELVnUjoRWq78w1YvGLk,Mr and Mrs biriyani,places,en,34,13.05473965,80.22425960000001,13.0547252,80.22394109999999,0,maa2,Chennai,2026-08-31T08:56:23.124247Z
ChIJmxdtrPNmUjoRRSqMKxsEzh4,Saravana Cafe Park,places,en,34,13.05473965,80.22425960000001,13.0543561,80.2239862,0,maa2,Chennai,2026-08-31T08:56:23.124248Z
ChIJs6qqqvNmUjoRRvPSkcv-93Q,Spicy Hut Restaurant Kodambakkam,places,en,34,13.05473965,80.22425960000001,13.054779199999999,80.2237572,0,maa2,Chennai,2026-08-31T08:56:23.124249Z
ChIJlS_X2JZnUjoR2-u9ffTGqSU,KB's Eatery,places,en,34,13.05473965,80.22425960000001,13.0540304,80.2242198,0,maa2,Chennai,2026-08-31T08:56:23.124251Z
ChIJ-5izZ5dnUjoRLmcgrOa_DHo,Crackin Foods | Flipped,places,en,34,13.05473965,80.22425960000001,13.054115,80.22465799999999,0,maa2,Chennai,2026-08-31T08:56:23.124252Z
ChIJ3U8XCJZnUjoR_544G-Lf1CE,SS Bucket Biryani Kodambakkam,places,en,34,13.05473965,80.22425960000001,13.0538496,80.22424769999999,0,maa2,Chennai,2026-08-31T08:56:23.124253Z
ChIJ_3WhXABnUjoR1yyCthoH5Rs,JK BIRIYANI,places,en,34,13.05473965,80.22425960000001,13.055718299999999,80.224139,0,maa2,Chennai,2026-08-31T08:56:23.124254Z
ChIJ__94tPNmUjoRAyys6k1zK-s,INDIAN KABAB & BIRYANI,places,en,34,13.05473965,80.22425960000001,13.053667100000002,80.22397289999999,0,maa2,Chennai,2026-08-31T08:56:23.124255Z
ChIJD9i_UPJmUjoR_Y8eqPWEy80,The Movies - The Spring Hotel,places,en,34,13.05473965,80.22425960000001,13.0542582,80.2231719,0,maa2,Chennai,2026-08-31T08:56:23.124257Z
ChIJ2bVJtjNnUjoRzFTeMuPo3dQ,Chai Kings - Kodambakkam,places,en,34,13.05473965,80.22425960000001,13.053739,80.2252211,0,maa2,Chennai,2026-08-31T08:56:23.124258Z
ChIJORJ0NQBnUjoRklNPzxolmH0,FRIED HOT SPOT,places,en,34,13.05473965,80.22425960000001,13.054814499999999,80.2258473,0,maa2,Chennai,2026-08-31T08:56:23.124259Z
ChIJL1uyoYxnUjoRdKiXbxNBZAU,Chennai Soup,places,en,34,13.05473965,80.22425960000001,13.054812199999999,80.225848,0,maa2,Chennai,2026-08-31T08:56:23.124261Z
ChIJH-_edZ9nUjoRAZ08VkZrFug,SS Hyderabad Biryani Rolls vs Kababs,places,en,34,13.05473965,80.22425960000001,13.0534264,80.2233903,0,maa2,Chennai,2026-08-31T08:56:23.124262Z
ChIJU8XEqzRnUjoRytPNJ-roCY0,Fiery Grill,places,en,34,13.05473965,80.22425960000001,13.055201799999999,80.2227006,0,maa2,Chennai,2026-08-31T08:56:23.124263Z
ChIJ8aqOJgFnUjoRXKPFJstPv-4,ஹோட்டல் மணிகண்டன் டீ ஸ்டால்,places,en,35,13.03091875,80.22739865,13.030224899999999,80.2290593,0,maa2,Chennai,2026-08-31T08:56:23.506579Z
ChIJnwiMJgFnUjoR2bZthScjtmY,KANDAN FAST FOOD,places,en,35,13.03091875,80.22739865,13.030225399999999,80.2290625,0,maa2,Chennai,2026-08-31T08:56:23.506586Z
ChIJJc6urQZnUjoRxdphjavhdFY,New Sri Lakshmi Tiffin Centre,places,en,35,13.03091875,80.22739865,13.0290448,80.2271086,0,maa2,Chennai,2026-08-31T08:56:23.506588Z
ChIJiYe7BABnUjoR9g46RIdyXWU,Devi Tiffin Centre,places,en,35,13.03091875,80.22739865,13.031134999999999,80.2252326,0,maa2,Chennai,2026-08-31T08:56:23.506589Z
ChIJoWIOENtnUjoR5RzrnO-jVgA,D'CRUZ BIRYANI RESTAURANT,places,en,35,13.03091875,80.22739865,13.030384,80.22984199999999,0,maa2,Chennai,2026-08-31T08:56:23.506591Z
ChIJ5SkVVCRnUjoRXTQjPxftCSM,Chinni's Salem Thattu Vadai Set Kadai,places,en,36,13.0529084,80.21735975,13.052944,80.2171815,0,maa2,Chennai,2026-08-31T08:56:23.823907Z
ChIJo6sdeXVnUjoRArfJoTSXjuQ,NIMI'S KITCHEN,places,en,36,13.0529084,80.21735975,13.0528991,80.2170795,0,maa2,Chennai,2026-08-31T08:56:23.823916Z
ChIJf5aPSwBnUjoRXaYuEmu42_A,Vasantham Mess,places,en,36,13.0529084,80.21735975,13.0528219,80.21664969999999,0,maa2,Chennai,2026-08-31T08:56:23.823918Z
ChIJJZWVBWBnUjoRjSaVItjh3mI,YS kitchen,places,en,36,13.0529084,80.21735975,13.0530048,80.21810169999999,0,maa2,Chennai,2026-08-31T08:56:23.823920Z
ChIJh9cRM-xmUjoRNPxYd8rqEJg,Sasi Rekha Tiffen Center,places,en,36,13.0529084,80.21735975,13.052622399999999,80.21805839999999,0,maa2,Chennai,2026-08-31T08:56:23.823922Z
ChIJIUH114ZnUjoRnEMQN_HStKA,Best Briyani,places,en,36,13.0529084,80.21735975,13.0525965,80.2166158,0,maa2,Chennai,2026-08-31T08:56:23.823923Z
ChIJ22GHKeRnUjoR1vgZa93WKEE,Appa Unavagam,places,en,36,13.0529084,80.21735975,13.053605699999999,80.21824989999999,0,maa2,Chennai,2026-08-31T08:56:23.823925Z
ChIJhW4RGcBnUjoR9gyRV8yteuE,UDUPI HOTEL AKSHAYA,places,en,36,13.0529084,80.21735975,13.051756899999999,80.2176882,0,maa2,Chennai,2026-08-31T08:56:23.823927Z
ChIJlb2FgnRnUjoRj9BpM5yhOWE,VELLORE AMMA BIRYANI,places,en,36,13.0529084,80.21735975,13.0517481,80.2176872,0,maa2,Chennai,2026-08-31T08:56:23.823928Z
ChIJN9qB4IRnUjoRzhPd6L5vfgs,Thinai Foods,places,en,36,13.0529084,80.21735975,13.053719899999999,80.21638720000001,0,maa2,Chennai,2026-08-31T08:56:23.823930Z
ChIJu6YzOU9nUjoR44KhrsAaGK0,snap tap foods,places,en,36,13.0529084,80.21735975,13.052052500000002,80.2184059,0,maa2,Chennai,2026-08-31T08:56:23.823931Z
ChIJkyitoe5mUjoRdo4PLeEMpxs,SANA'S KITCHEN,places,en,36,13.0529084,80.21735975,13.051471999999999,80.2166084,0,maa2,Chennai,2026-08-31T08:56:23.823932Z
ChIJ64cRkD1nUjoRnYYW7No1h08,F&K Food And Beverages,places,en,36,13.0529084,80.21735975,13.052493,80.2190459,0,maa2,Chennai,2026-08-31T08:56:23.823934Z
ChIJrWMk9XpnUjoRinhvo410pZg,"Frozen Bottle - Milkshakes, Desserts, and Ice Cream",places,en,36,13.0529084,80.21735975,13.052215299999999,80.2189573,0,maa2,Chennai,2026-08-31T08:56:23.823936Z
ChIJMX7gfwBnUjoRv-FMC0wA2r0,AL Abu Biriyani House,places,en,36,13.0529084,80.21735975,13.052204900000001,80.21908289999999,0,maa2,Chennai,2026-08-31T08:56:23.823937Z
ChIJCdrCslxnUjoRghBtwNn471c,Muhammed protin,places,en,36,13.0529084,80.21735975,13.0545292,80.2164253,0,maa2,Chennai,2026-08-31T08:56:23.823938Z
ChIJIe1ePQ5nUjoRtsAhvj762s0,V4 Ambur Biriyanis,places,en,36,13.0529084,80.21735975,13.051965099999999,80.21567089999999,0,maa2,Chennai,2026-08-31T08:56:23.823940Z
ChIJY8KoEKpnUjoREV9uubAszqU,Sri Sai Sandwich Shop,places,en,36,13.0529084,80.21735975,13.052462799999999,80.2192261,0,maa2,Chennai,2026-08-31T08:56:23.823941Z
ChIJ9Zq_SABnUjoRptm2vPOrcn0,MAMA SHAWARMA,places,en,36,13.0529084,80.21735975,13.0532606,80.2193234,0,maa2,Chennai,2026-08-31T08:56:23.823943Z
ChIJk-sN5exnUjoRJFifOryoI_U,King Malaysian Hotel,places,en,36,13.0529084,80.21735975,13.0523767,80.2192973,0,maa2,Chennai,2026-08-31T08:56:23.823944Z
ChIJeYBrOABnUjoRLRQmQMq3NeY,RK Biryani,places,en,37,12.9991817,80.26290895,13.0005466,80.26255379999999,0,maa2,Chennai,2026-08-31T08:56:24.133737Z
ChIJGcWWR_BnUjoRpQ5ZvYYn5Ug,Amma Unavagam - Besant Nagar,places,en,37,12.9991817,80.26290895,13.0006291,80.2638341,0,maa2,Chennai,2026-08-31T08:56:24.133744Z
ChIJUVFVyPFnUjoRJ3VS_fYezr8,BORDER DEEN PROTTA STALL,places,en,37,12.9991817,80.26290895,13.000823899999999,80.26227039999999,0,maa2,Chennai,2026-08-31T08:56:24.133746Z
ChIJp1Bg00VnUjoRzZEVTyTseRM,MUSIK CAFE VEG,places,en,37,12.9991817,80.26290895,13.0008567,80.2636923,0,maa2,Chennai,2026-08-31T08:56:24.133747Z
ChIJ54-Yub1nUjoREbGsIU0aGOE,New Chinese Kitchen,places,en,37,12.9991817,80.26290895,12.997277299999999,80.26201619999999,0,maa2,Chennai,2026-08-31T08:56:24.133748Z
ChIJzzcD0PBnUjoR_OmojIKjg00,"Amma Canteen, Besant Nagar",places,en,37,12.9991817,80.26290895,12.9971179,80.26347799999999,0,maa2,Chennai,2026-08-31T08:56:24.133750Z
ChIJBQ_0VP5nUjoRxsmnVBSgYWw,Chicken Stall,places,en,37,12.9991817,80.26290895,13.0014589,80.2630093,0,maa2,Chennai,2026-08-31T08:56:24.133751Z
ChIJk51AMPFnUjoRdnwbQcSqSWE,A1 FOODS,places,en,37,12.9991817,80.26290895,12.9970012,80.2620132,0,maa2,Chennai,2026-08-31T08:56:24.133752Z
ChIJNd2OEUlnUjoROqdq2f1N-pE,+2 CHAI WALA,places,en,37,12.9991817,80.26290895,12.9969325,80.2620261,0,maa2,Chennai,2026-08-31T08:56:24.133753Z
ChIJM7RTnfNnUjoRxG-5j56p8FQ,Kuttanad Restaurant,places,en,37,12.9991817,80.26290895,12.9978859,80.26501809999999,0,maa2,Chennai,2026-08-31T08:56:24.133755Z
ChIJL9b0UAlnUjoRWVYk5YWf7sw,The Magic Pot,places,en,37,12.9991817,80.26290895,12.996776899999999,80.262264,0,maa2,Chennai,2026-08-31T08:56:24.133756Z
ChIJhd2XAwBnUjoRtaPRv-rBtcM,Veda Wellness,places,en,37,12.9991817,80.26290895,12.998337699999999,80.26048399999999,0,maa2,Chennai,2026-08-31T08:56:24.133757Z
ChIJSR59xhVnUjoRTgk8HgbgxoI,Indian masala kitchen,places,en,37,12.9991817,80.26290895,12.9977784,80.2650469,0,maa2,Chennai,2026-08-31T08:56:24.133758Z
ChIJmVfyaDxnUjoR-SsISMsFkkc,Lasso fast food,places,en,37,12.9991817,80.26290895,12.9977623,80.2650689,0,maa2,Chennai,2026-08-31T08:56:24.133759Z
ChIJR5Nu6fFnUjoRAAAAMHnRez0,Saranya Sapatu Kadai,places,en,37,12.9991817,80.26290895,13.0010488,80.26117119999999,0,maa2,Chennai,2026-08-31T08:56:24.133760Z
ChIJS0ceZ5NdUjoR3DOoCYIdud0,FOOD PARK,places,en,38,12.97190745,80.2104451,12.972198899999999,80.21124259999999,0,maa2,Chennai,2026-08-31T08:56:24.653375Z
ChIJOzHzb_ZdUjoREyhu0_cNtW4,Nachiyars Cafe,places,en,38,12.97190745,80.2104451,12.971417899999999,80.2119345,0,maa2,Chennai,2026-08-31T08:56:24.653384Z
ChIJ0cBd5wddUjoRotHxpYOydO8,Cafe 93,places,en,38,12.97190745,80.2104451,12.973863900000001,80.21011109999999,0,maa2,Chennai,2026-08-31T08:56:24.653386Z
ChIJmcPgYpRdUjoRz6gB73PwKys,GRUNKEN GRIVE,places,en,38,12.97190745,80.2104451,12.970962,80.21276770000001,0,maa2,Chennai,2026-08-31T08:56:24.653388Z
ChIJQ4DfFeBdUjoRTaVvjFPaTRc,Drunken Drive Cafe,places,en,38,12.97190745,80.2104451,12.970967799999999,80.2127769,0,maa2,Chennai,2026-08-31T08:56:24.653390Z
ChIJKXNzZN5dUjoR6OL9lAPpoZE,TADKA RASOI,places,en,39,12.98405325,80.20407545,12.984431599999999,80.20499889999999,0,maa2,Chennai,2026-08-31T08:56:25.033720Z
ChIJT3tBLqNdUjoR0FEkLsCupc8,WAF BITES,places,en,39,12.98405325,80.20407545,12.9830793,80.2047001,0,maa2,Chennai,2026-08-31T08:56:25.033730Z
ChIJb6Re6g1dUjoRk5upnwQ481Q,The Red Box - Adambakkam,places,en,39,12.98405325,80.20407545,12.985128200000002,80.2050588,0,maa2,Chennai,2026-08-31T08:56:25.033732Z
ChIJXWs8G7pdUjoRv0AK3MR0CWw,Vel Paruthi Paal,places,en,39,12.98405325,80.20407545,12.9827506,80.2049219,0,maa2,Chennai,2026-08-31T08:56:25.033734Z
ChIJBWFpegBdUjoRWb97XrUKEJk,Sai poorani mami mess,places,en,39,12.98405325,80.20407545,12.985474300000002,80.2052935,0,maa2,Chennai,2026-08-31T08:56:25.033736Z
ChIJ4ZzV6URdUjoRVDVzGenvslU,AR RAHEEM CHICKEN CENTRE,places,en,39,12.98405325,80.20407545,12.9822434,80.2048744,0,maa2,Chennai,2026-08-31T08:56:25.033737Z
ChIJnQlrw7NdUjoRqc584bCV85c,Thai Kitchen,places,en,39,12.98405325,80.20407545,12.9821861,80.2047371,0,maa2,Chennai,2026-08-31T08:56:25.033739Z
ChIJXchl_StdUjoRuOoQBaFISto,Popped,places,en,39,12.98405325,80.20407545,12.982084299999999,80.2030204,0,maa2,Chennai,2026-08-31T08:56:25.033741Z
ChIJpfzFz_VdUjoR5yP5S_Sxf7k,Annai Fast Food,places,en,39,12.98405325,80.20407545,12.986215999999999,80.2049924,0,maa2,Chennai,2026-08-31T08:56:25.033742Z
ChIJcd8tz_VdUjoRrQ-Or2HYOnw,NIVIRAM SANDWICH CORNER,places,en,39,12.98405325,80.20407545,12.986286999999999,80.2052679,0,maa2,Chennai,2026-08-31T08:56:25.033744Z
ChIJTRSRWABdUjoRu_0UUIH0QJI,Sri Vishakapatnam mess,places,en,39,12.98405325,80.20407545,12.9853265,80.2018123,0,maa2,Chennai,2026-08-31T08:56:25.033746Z
ChIJ3TMmyERdUjoRFbBg6J38fyM,Little Eats,places,en,39,12.98405325,80.20407545,12.9849468,80.2014909,0,maa2,Chennai,2026-08-31T08:56:25.033747Z
ChIJMbNj3DldUjoR78CagGEWetc,Hunger Foods & Snacks,places,en,40,12.980702099999998,80.2097253,12.9794366,80.20905929999999,0,maa2,Chennai,2026-08-31T08:56:25.358703Z
ChIJq8s-UGBdUjoRaXaoBllEzTc,Maalai Pasi,places,en,40,12.980702099999998,80.2097253,12.9791289,80.2114115,0,maa2,Chennai,2026-08-31T08:56:25.358716Z
ChIJLXpyoYxdUjoRp48_e3xYK74,Manpaanai Spices,places,en,40,12.980702099999998,80.2097253,12.9826751,80.2111602,0,maa2,Chennai,2026-08-31T08:56:25.358720Z
ChIJM_abqiZdUjoRGh5BgzwK2Mg,Bling's Smash,places,en,40,12.980702099999998,80.2097253,12.982518500000001,80.21154729999999,0,maa2,Chennai,2026-08-31T08:56:25.358722Z
ChIJcSn-aYNdUjoR8R9Ol8E38NE,Crazy Sandwich,places,en,40,12.980702099999998,80.2097253,12.9812385,80.2071383,0,maa2,Chennai,2026-08-31T08:56:25.358725Z
ChIJOTcJWepnUjoR0oI3eIikl4c,SRI SENDHUR MURUGAN TRADERS,places,en,41,12.990525000000002,80.21201074999999,12.990102,80.21164130000001,0,maa2,Chennai,2026-08-31T08:56:25.669197Z
ChIJaTS1UGBnUjoRiFu88CzLADI,Amma Unavagam,places,en,41,12.990525000000002,80.21201074999999,12.9913048,80.2119943,0,maa2,Chennai,2026-08-31T08:56:25.669206Z
ChIJCR0TM2BnUjoRgvCM-VKrJZk,Linggeshwaran Tiffen Center,places,en,41,12.990525000000002,80.21201074999999,12.989850599999999,80.2125025,0,maa2,Chennai,2026-08-31T08:56:25.669209Z
ChIJMVykM2BnUjoRhWjib5zpIkQ,Om Muruga Unavagam,places,en,41,12.990525000000002,80.21201074999999,12.9897298,80.2123905,0,maa2,Chennai,2026-08-31T08:56:25.669210Z
ChIJvx_gQRFnUjoRGbeq-D8717g,NSG Chettinad Hotel,places,en,41,12.990525000000002,80.21201074999999,12.992094999999999,80.21166380000001,0,maa2,Chennai,2026-08-31T08:56:25.669212Z
ChIJm7UPHiVnUjoRACeJJAA5WmQ,Kuzhambagham,places,en,41,12.990525000000002,80.21201074999999,12.9904446,80.2103578,0,maa2,Chennai,2026-08-31T08:56:25.669214Z
ChIJ4wNh6JZdUjoRe7fuyrUt9nM,Burger plug pure texas smoke,places,en,41,12.990525000000002,80.21201074999999,12.9905063,80.2101893,0,maa2,Chennai,2026-08-31T08:56:25.669216Z
ChIJDQFfn5dnUjoR9byi-ZyH3AY,Araffa biriyani,places,en,41,12.990525000000002,80.21201074999999,12.9925851,80.21298510000001,0,maa2,Chennai,2026-08-31T08:56:25.669217Z
ChIJDZt16SxnUjoRHE7Q1L0lvfw,Tasty kolkata chat,places,en,41,12.990525000000002,80.21201074999999,12.992131599999999,80.21037679999999,0,maa2,Chennai,2026-08-31T08:56:25.669219Z
ChIJk1Iv2V9nUjoRUR7yy0mKNVs,Al Mass Hotel,places,en,41,12.990525000000002,80.21201074999999,12.9904972,80.2096129,0,maa2,Chennai,2026-08-31T08:56:25.669220Z
ChIJQc2E3l9nUjoRawgnQ1gs0P8,John Fast Food,places,en,41,12.990525000000002,80.21201074999999,12.990345999999999,80.2095511,0,maa2,Chennai,2026-08-31T08:56:25.669222Z
ChIJ34NwWABnUjoRMjoRL0WoR8c,Kasthuri Tiffin Shop,places,en,41,12.990525000000002,80.21201074999999,12.992967199999999,80.21257489999999,0,maa2,Chennai,2026-08-31T08:56:25.669224Z
ChIJb9fVOABnUjoRtWcNQy4HwUo,கஸ்தூரி பனியாரம் இட்லி கடை,places,en,41,12.990525000000002,80.21201074999999,12.9930722,80.21229110000002,0,maa2,Chennai,2026-08-31T08:56:25.669225Z
ChIJ89dl7zNnUjoRa-DVi4MLoA0,AVANTHIKA MESS,places,en,41,12.990525000000002,80.21201074999999,12.992863499999999,80.2132159,0,maa2,Chennai,2026-08-31T08:56:25.669227Z
ChIJGVvuYwBnUjoRJB69HRq-vQg,GRACE CATERING SERVICE,places,en,41,12.990525000000002,80.21201074999999,12.9928356,80.2133073,0,maa2,Chennai,2026-08-31T08:56:25.669228Z
ChIJNSzAdMlnUjoRyXtKPkGoLlw,KALPANA,places,en,42,13.0448725,80.20113810000001,13.044706399999999,80.2003429,0,maa2,Chennai,2026-08-31T08:56:26.029288Z
ChIJFaTB6xFnUjoRVpF-76MtQxc,HEALTH STREET FOOD,places,en,42,13.0448725,80.20113810000001,13.0444274,80.20194479999999,0,maa2,Chennai,2026-08-31T08:56:26.029308Z
ChIJIWT_3vZnUjoRwWOo8J84P0M,VIJI'S KITCHEN - Best Homemade Appam with coconut milk,places,en,42,13.0448725,80.20113810000001,13.0443366,80.2002317,0,maa2,Chennai,2026-08-31T08:56:26.029313Z
ChIJzVUzwdpmUjoRhL_sw6xdTdc,Asina Chicken Stall,places,en,42,13.0448725,80.20113810000001,13.044236399999999,80.20029869999999,0,maa2,Chennai,2026-08-31T08:56:26.029316Z
ChIJd-dy3sNnUjoRRizg3Qu0fgg,Muthassi's Adukkala,places,en,42,13.0448725,80.20113810000001,13.0445312,80.2026561,0,maa2,Chennai,2026-08-31T08:56:26.029319Z
ChIJeYI369pmUjoR1p_gOWzP4OU,VARNAM RESTAURANT,places,en,42,13.0448725,80.20113810000001,13.043618299999999,80.2001013,0,maa2,Chennai,2026-08-31T08:56:26.029322Z
ChIJobgwHdtmUjoRnQgNcMoHvtI,Madurai Vaigai Sree Pandian Hotel,places,en,42,13.0448725,80.20113810000001,13.0433693,80.2018155,0,maa2,Chennai,2026-08-31T08:56:26.029325Z
ChIJgYv2xBZnUjoRYTAaNRmZCeU,Porna Fresh Chicken,places,en,42,13.0448725,80.20113810000001,13.0432594,80.2014774,0,maa2,Chennai,2026-08-31T08:56:26.029328Z
ChIJX_qGlNpmUjoR8B7CLh_LWBg,Hotel Hanipaa,places,en,42,13.0448725,80.20113810000001,13.0436199,80.1999098,0,maa2,Chennai,2026-08-31T08:56:26.029331Z
ChIJSW4tAqFnUjoR7Q3lB-xymV4,Malaysian Parotta,places,en,42,13.0448725,80.20113810000001,13.0436263,80.19989029999999,0,maa2,Chennai,2026-08-31T08:56:26.029334Z
ChIJNSm6XZdnUjoRnqJA8LLkvvw,SSR TIFFEN CENTER,places,en,42,13.0448725,80.20113810000001,13.043666,80.2024636,0,maa2,Chennai,2026-08-31T08:56:26.029337Z
ChIJHUGmGttmUjoRpYBFV99tIhw,Ravi Fast Food,places,en,42,13.0448725,80.20113810000001,13.0433345,80.2021439,0,maa2,Chennai,2026-08-31T08:56:26.029339Z
ChIJ--QGxkFnUjoR0nLIVeIiP84,SANTOSH HIGH PROTEIN,places,en,42,13.0448725,80.20113810000001,13.044028599999999,80.1992341,0,maa2,Chennai,2026-08-31T08:56:26.029342Z
ChIJ07VEG9RnUjoRG37YsBqr9CM,Briyani Junction,places,en,42,13.0448725,80.20113810000001,13.043330099999999,80.2025604,0,maa2,Chennai,2026-08-31T08:56:26.029345Z
ChIJW8-tAAVnUjoRvDMw8yjdtow,80 feet road kk nagar,places,en,42,13.0448725,80.20113810000001,13.0460047,80.19904059999999,0,maa2,Chennai,2026-08-31T08:56:26.029348Z
ChIJQcHp2oJnUjoRyPHKJ8iP4_o,Saa Boo 3,places,en,42,13.0448725,80.20113810000001,13.0443983,80.2034875,0,maa2,Chennai,2026-08-31T08:56:26.029350Z
ChIJoURfcttmUjoRneJyXbxYkt8,Aishwarya Proteins,places,en,42,13.0448725,80.20113810000001,13.0432472,80.20288269999999,0,maa2,Chennai,2026-08-31T08:56:26.029353Z
ChIJlV0FwK1nUjoRceOXfPtjBoo,CJ HOT AND CHILL,places,en,42,13.0448725,80.20113810000001,13.0432087,80.20299229999999,0,maa2,Chennai,2026-08-31T08:56:26.029356Z
ChIJS5NKiyNnUjoRlHE_EpG0owI,kozhukattai,places,en,42,13.0448725,80.20113810000001,13.0423239,80.2016824,0,maa2,Chennai,2026-08-31T08:56:26.029358Z
ChIJaU7QONBnUjoR7DC6Yr4gdvA,MM Ambur Biryani,places,en,42,13.0448725,80.20113810000001,13.047322,80.202095,0,maa2,Chennai,2026-08-31T08:56:26.029361Z
ChIJHyWgeQBdUjoRWY_LbkDdekM,Shanmuga Tea stall,places,en,43,12.98379105,80.2103578,12.983948000000002,80.2104737,0,maa2,Chennai,2026-08-31T08:56:26.335156Z
ChIJxW72XWBdUjoRHoZdoG-suwY,Rajam Amma Mess,places,en,43,12.98379105,80.2103578,12.984889800000001,80.210275,0,maa2,Chennai,2026-08-31T08:56:26.335165Z
ChIJk0BhJ_9dUjoR285hxoB-plI,MR FAST FOOD,places,en,43,12.98379105,80.2103578,12.9831144,80.212169,0,maa2,Chennai,2026-08-31T08:56:26.335168Z
ChIJE3mcJQBdUjoRTvSjaU6dVkQ,The Bengali Kitchen,places,en,44,12.98139695,80.22451674999999,12.981624199999999,80.2250414,0,maa2,Chennai,2026-08-31T08:56:27.714929Z
ChIJF4QwARNdUjoRBjE7TNCEXLI,Bermuda Pizza House,places,en,44,12.98139695,80.22451674999999,12.981390999999999,80.22519799999999,0,maa2,Chennai,2026-08-31T08:56:27.714937Z
ChIJe2by96BdUjoROq2UUc468KM,மல்லிகா ஹோட்டல்,places,en,44,12.98139695,80.22451674999999,12.9815013,80.2253717,0,maa2,Chennai,2026-08-31T08:56:27.714940Z
ChIJuWvXO4RdUjoRVD2qOyAt82o,Andhikkadai,places,en,44,12.98139695,80.22451674999999,12.982489699999999,80.2246514,0,maa2,Chennai,2026-08-31T08:56:27.714941Z
ChIJOVmJF4hdUjoRVnJcp2__gL8,Smoke Theory,places,en,44,12.98139695,80.22451674999999,12.9825272,80.22446959999999,0,maa2,Chennai,2026-08-31T08:56:27.714943Z
ChIJp_cyy-ZdUjoRf9MKTZSLE68,Amman Soup Kadai,places,en,44,12.98139695,80.22451674999999,12.9825214,80.2241348,0,maa2,Chennai,2026-08-31T08:56:27.714945Z
ChIJISs_yxddUjoRXure_E_LGRE,The Shake's Pier,places,en,44,12.98139695,80.22451674999999,12.9826409,80.2242095,0,maa2,Chennai,2026-08-31T08:56:27.714946Z
ChIJ4x-2FYRdUjoRXHLMOWB5JOA,Gravy Shop,places,en,44,12.98139695,80.22451674999999,12.9824717,80.22533170000001,0,maa2,Chennai,2026-08-31T08:56:27.714948Z
ChIJZZkyYABdUjoRL8PHFsS7myM,Mami kadai,places,en,44,12.98139695,80.22451674999999,12.9827105,80.22497059999999,0,maa2,Chennai,2026-08-31T08:56:27.714949Z
ChIJZyrr8RtdUjoRyL2t_V2dGKw,Madras Masala,places,en,44,12.98139695,80.22451674999999,12.9810351,80.2262135,0,maa2,Chennai,2026-08-31T08:56:27.714951Z
ChIJW0WfVSJdUjoRS9cH4ZCB8mk,Nellai gomathi's kitchen,places,en,44,12.98139695,80.22451674999999,12.979685199999999,80.22427789999999,0,maa2,Chennai,2026-08-31T08:56:27.714952Z
ChIJ294JgYRdUjoR9GynD2aL5ZM,Nellai Rusi Tiffin Centre,places,en,44,12.98139695,80.22451674999999,12.9805827,80.2263794,0,maa2,Chennai,2026-08-31T08:56:27.714953Z
ChIJMc7qewBdUjoRkk9kHKRmv3E,nandhini sweet corn and soup stall,places,en,44,12.98139695,80.22451674999999,12.982419900000002,80.22262560000001,0,maa2,Chennai,2026-08-31T08:56:27.714955Z
ChIJfRcfm_ZnUjoRXpgfooU66IM,Zwarma – Shawarma & Fast Food,places,en,44,12.98139695,80.22451674999999,12.983255400000001,80.2257822,0,maa2,Chennai,2026-08-31T08:56:27.714956Z
ChIJW8kEE75dUjoRFEr4dK8KK28,Vedhaa Vish,places,en,44,12.98139695,80.22451674999999,12.9832614,80.2257827,0,maa2,Chennai,2026-08-31T08:56:27.714958Z
ChIJbU8KdwBdUjoRTtw-d5LhwRk,Panipuri shop,places,en,44,12.98139695,80.22451674999999,12.9826167,80.22245629999999,0,maa2,Chennai,2026-08-31T08:56:27.714959Z
ChIJG6GvVGNdUjoRdyG5INIgRZs,Hotel Rahul,places,en,44,12.98139695,80.22451674999999,12.983835,80.2255309,0,maa2,Chennai,2026-08-31T08:56:27.714960Z
ChIJP6CSn4RdUjoReE2YNdhBsrs,BUHARI-TARAMANI ROAD,places,en,44,12.98139695,80.22451674999999,12.9794655,80.2264106,0,maa2,Chennai,2026-08-31T08:56:27.714962Z
ChIJ5beHlJ5dUjoR3rEbnZWPv5I,Polar Bear Ice Cream Sundaes - Velachery,places,en,44,12.98139695,80.22451674999999,12.9789862,80.2256956,0,maa2,Chennai,2026-08-31T08:56:27.714963Z
ChIJk4KY6NddUjoR9D49P4XcWjg,Chandan Farst Food,places,en,44,12.98139695,80.22451674999999,12.9793978,80.2263572,0,maa2,Chennai,2026-08-31T08:56:27.714964Z
ChIJI4N5uNxdUjoR8eGAX6W0A6U,Prajan& Prithika Fish Fry Stall,places,en,45,12.981265449999999,80.26631415,12.9839165,80.2661072,0,maa2,Chennai,2026-08-31T08:56:28.032197Z
ChIJLyr-Z2VnUjoRHEBeiyH8yxw,Ravi Pani Puri Shop,places,en,46,13.01351675,80.22173409999999,13.0137483,80.22247410000001,0,maa2,Chennai,2026-08-31T08:56:28.350749Z
ChIJ5SRaFA1nUjoRXV47Blha9Qg,"Domino's Pizza | Little Mount, Chennai",places,en,46,13.01351675,80.22173409999999,13.013799299999999,80.2225109,0,maa2,Chennai,2026-08-31T08:56:28.350758Z
ChIJDbsWegBnUjoRaN9UoJ8VHJU,Salem Mess சேலம் மெஸ்,places,en,46,13.01351675,80.22173409999999,13.0131841,80.22277910000001,0,maa2,Chennai,2026-08-31T08:56:28.350761Z
ChIJ6TZwsHNnUjoRNBKqiXnLgWc,Cameo's kitchen,places,en,46,13.01351675,80.22173409999999,13.012945199999999,80.222841,0,maa2,Chennai,2026-08-31T08:56:28.350763Z
ChIJ0QCaIS1nUjoRaUKtgydbmsk,The Barbeque Lounge,places,en,46,13.01351675,80.22173409999999,13.014344999999999,80.22280099999999,0,maa2,Chennai,2026-08-31T08:56:28.350765Z
ChIJm6m9Td9nUjoR08AD2BLS5eY,High Loft Bar and Kitchen - Restobar in Chennai,places,en,46,13.01351675,80.22173409999999,13.014344999999999,80.22280099999999,0,maa2,Chennai,2026-08-31T08:56:28.350766Z
ChIJ_6pMJcpnUjoRLnL2YL-TV8s,SEMA,places,en,46,13.01351675,80.22173409999999,13.014344999999999,80.22280099999999,0,maa2,Chennai,2026-08-31T08:56:28.350768Z
ChIJL-SjDg1nUjoRP5VWNOqE_8c,Poison Bar - The Checkers Hotel,places,en,46,13.01351675,80.22173409999999,13.0144124,80.22274399999999,0,maa2,Chennai,2026-08-31T08:56:28.350769Z
ChIJ00AXM9xnUjoR7jG91cH0TJ4,Flavourablefootwork Enterprises (OPC) Pvt Ltd,places,en,46,13.01351675,80.22173409999999,13.0136126,80.2231592,0,maa2,Chennai,2026-08-31T08:56:28.350771Z
ChIJcVklFEtnUjoRNthi9QBiEUI,Cafe Hind Foods,places,en,46,13.01351675,80.22173409999999,13.0149958,80.22198089999999,0,maa2,Chennai,2026-08-31T08:56:28.350772Z
ChIJx78SZLZnUjoRoN-gLEnj_U8,The Scallion,places,en,46,13.01351675,80.22173409999999,13.0121408,80.2223975,0,maa2,Chennai,2026-08-31T08:56:28.350774Z
ChIJL7vLXRRnUjoRB0tcu2qDtcs,Extase - Pub & Kitchen,places,en,46,13.01351675,80.22173409999999,13.011986499999999,80.2219988,0,maa2,Chennai,2026-08-31T08:56:28.350775Z
ChIJ_YOZSABnUjoRYhQKK5jXMIY,Sri Varasiththi Vinayaga andhra mess,places,en,46,13.01351675,80.22173409999999,13.011886599999999,80.22276649999999,0,maa2,Chennai,2026-08-31T08:56:28.350777Z
ChIJ6aphFwBnUjoRGH7ezIzD7VI,Murugan Tiffin Centre,places,en,46,13.01351675,80.22173409999999,13.012210999999999,80.22026199999999,0,maa2,Chennai,2026-08-31T08:56:28.350778Z
ChIJEzBGWStnUjoRz1bLA7CQC0Q,Kayenthi Bhavan,places,en,46,13.01351675,80.22173409999999,13.0121659,80.2202301,0,maa2,Chennai,2026-08-31T08:56:28.350779Z
ChIJf-fcKwtnUjoRefA6EY9MSVo,Hotel Madurai Shri Muniyandi Vilas,places,en,46,13.01351675,80.22173409999999,13.0124773,80.2235986,0,maa2,Chennai,2026-08-31T08:56:28.350781Z
ChIJ6175QdxnUjoRDa4ZTGmcWUM,Fathima Biryani,places,en,46,13.01351675,80.22173409999999,13.0124585,80.22360330000001,0,maa2,Chennai,2026-08-31T08:56:28.350782Z
ChIJG9GGRwBnUjoRIFIxve_wpx0,D2B Dindigul Biryani,places,en,46,13.01351675,80.22173409999999,13.0145267,80.22389989999999,0,maa2,Chennai,2026-08-31T08:56:28.350784Z
ChIJW5Hf6M5nUjoR1uSw_fR9Wn4,Chats Heaven,places,en,46,13.01351675,80.22173409999999,13.013032899999999,80.22407299999999,0,maa2,Chennai,2026-08-31T08:56:28.350785Z
ChIJS56QD-NnUjoRlP-szJB3P38,Jayam Andhra Mess,places,en,46,13.01351675,80.22173409999999,13.012301599999999,80.2238321,0,maa2,Chennai,2026-08-31T08:56:28.350787Z
ChIJ1xhtR4BnUjoR5Wme05U9c0Q,AASHICK AGENCY,places,en,47,13.0255325,80.2158115,13.026260599999999,80.2153636,0,maa2,Chennai,2026-08-31T08:56:28.771561Z
ChIJqwvmS9hnUjoR7a2YVGOS1qI,Arcot Fathima Briyani,places,en,47,13.0255325,80.2158115,13.024659,80.21588890000001,0,maa2,Chennai,2026-08-31T08:56:28.771574Z
ChIJK-FhIhpnUjoRkEO1rdUDy6o,Daniel's kitchens,places,en,47,13.0255325,80.2158115,13.024661000000002,80.2159183,0,maa2,Chennai,2026-08-31T08:56:28.771577Z
ChIJzTPIPRpnUjoRKZsGLCzjSS0,Hotel Shree Balaji Bhavan,places,en,47,13.0255325,80.2158115,13.0247525,80.2163911,0,maa2,Chennai,2026-08-31T08:56:28.771579Z
ChIJA4XQIRpnUjoRiRlqTUPT3cE,Hotel Jayashri - Rams Fast Food,places,en,47,13.0255325,80.2158115,13.024495199999999,80.2156361,0,maa2,Chennai,2026-08-31T08:56:28.771582Z
ChIJH9p_dABnUjoRUcVyuXzq0rc,Burger Vandi,places,en,47,13.0255325,80.2158115,13.024608,80.2152696,0,maa2,Chennai,2026-08-31T08:56:28.771584Z
ChIJxTq36-9nUjoRmzKr7ns1vT4,Home Made Rotis,places,en,47,13.0255325,80.2158115,13.025395699999999,80.2169705,0,maa2,Chennai,2026-08-31T08:56:28.771586Z
ChIJ9XxZ7-NnUjoRzN8ftx-PpNU,Laafir Brothers Malasiyan Parotta,places,en,47,13.0255325,80.2158115,13.0245343,80.21523830000001,0,maa2,Chennai,2026-08-31T08:56:28.771588Z
ChIJmXreIdRnUjoRMAeUdnJOQ80,DEBA JUICE SHOP,places,en,47,13.0255325,80.2158115,13.0243712,80.2164334,0,maa2,Chennai,2026-08-31T08:56:28.771590Z
ChIJz4aRXABnUjoRv3mADUpsknU,Moonlight munch,places,en,47,13.0255325,80.2158115,13.026626799999999,80.21494179999999,0,maa2,Chennai,2026-08-31T08:56:28.771592Z
ChIJm-JPFBpnUjoRkf5dUjHJtvo,Hotel Sivasakthi Fast Food,places,en,47,13.0255325,80.2158115,13.0243678,80.216636,0,maa2,Chennai,2026-08-31T08:56:28.771594Z
ChIJ3dR74J1nUjoR2XZP3tvJQ6E,Farm Fresh Meats - Saidhapet,places,en,47,13.0255325,80.2158115,13.024482599999999,80.2147438,0,maa2,Chennai,2026-08-31T08:56:28.771596Z
ChIJGYHdqchnUjoRqPu5pnGLxds,The Chicken Guest Restaurant,places,en,47,13.0255325,80.2158115,13.025267,80.21733600000002,0,maa2,Chennai,2026-08-31T08:56:28.771598Z
ChIJkWN-tg5nUjoR3csssMvRrhM,Opson Kitchen,places,en,47,13.0255325,80.2158115,13.0242618,80.216754,0,maa2,Chennai,2026-08-31T08:56:28.771600Z
ChIJv5SX3xtnUjoR3JXFbSO6iSw,Wangs Kitchen,places,en,47,13.0255325,80.2158115,13.0271235,80.21545789999999,0,maa2,Chennai,2026-08-31T08:56:28.771602Z
ChIJp6FSUBpnUjoR2lN__1LgTo8,Thai Thandhai Rice Mandy,places,en,47,13.0255325,80.2158115,13.0254929,80.21760040000001,0,maa2,Chennai,2026-08-31T08:56:28.771604Z
ChIJGezrDRpnUjoREnCo7HWXhRw,R.M. Hotel,places,en,47,13.0255325,80.2158115,13.023784800000001,80.2165152,0,maa2,Chennai,2026-08-31T08:56:28.771607Z
ChIJ7-RnydFnUjoRXqot6fl-zTE,Chullunu Oru Salna,places,en,47,13.0255325,80.2158115,13.0262517,80.217629,0,maa2,Chennai,2026-08-31T08:56:28.771609Z
ChIJLYH3XhpnUjoRRlnsitvhl7U,S.L. Fastfood & Meals,places,en,47,13.0255325,80.2158115,13.0248561,80.2179443,0,maa2,Chennai,2026-08-31T08:56:28.771611Z
ChIJd11zoKtnUjoRu_YG2OAsNhs,Shree Sai Snacks,places,en,47,13.0255325,80.2158115,13.0244328,80.2179598,0,maa2,Chennai,2026-08-31T08:56:28.771613Z
ChIJzcNQlhhnUjoRB8EDOgAImcQ,Ayya Chettinad Unavagam,places,en,48,13.02667255,80.21037685,13.027031299999999,80.2107083,0,maa2,Chennai,2026-08-31T08:56:30.091898Z
ChIJkxlWJABnUjoRd1kkOioC_KM,Ambur Ajib Biriyani,places,en,48,13.02667255,80.21037685,13.027539899999999,80.2103812,0,maa2,Chennai,2026-08-31T08:56:30.091907Z
ChIJJbNx-8xhUjoRkSo6pz6CMC0,AL BILAL BIRYANI,places,en,48,13.02667255,80.21037685,13.0279223,80.21021979999999,0,maa2,Chennai,2026-08-31T08:56:30.091910Z
ChIJP35afKZnUjoRZ3sZQ5JkaO8,Palaniammal hotel,places,en,48,13.02667255,80.21037685,13.026361699999999,80.2118936,0,maa2,Chennai,2026-08-31T08:56:30.091912Z
ChIJt65mlihnUjoRDLoLBV1LdWo,MAHA TIFFIN CENTER,places,en,48,13.02667255,80.21037685,13.026172599999999,80.2119505,0,maa2,Chennai,2026-08-31T08:56:30.091915Z
ChIJB7dZzyJnUjoRModx6uN6WQg,Afgan Biryani,places,en,48,13.02667255,80.21037685,13.0263149,80.2120013,0,maa2,Chennai,2026-08-31T08:56:30.091917Z
ChIJG6MudQBnUjoRUg5Hi3cOaIA,Aysha biriyani,places,en,48,13.02667255,80.21037685,13.027753899999999,80.2118687,0,maa2,Chennai,2026-08-31T08:56:30.091918Z
ChIJy8wyqvJnUjoRpsCJxQQZThQ,Abuthahir,places,en,48,13.02667255,80.21037685,13.0282813,80.20883859999999,0,maa2,Chennai,2026-08-31T08:56:30.091920Z
ChIJpckc4lFnUjoRGoGPDQIec6E,Heaven pizza,places,en,48,13.02667255,80.21037685,13.027884499999999,80.2122528,0,maa2,Chennai,2026-08-31T08:56:30.091922Z
ChIJpdLQUxhnUjoR-iQOWzkXZis,VELLAVAN FAST FOOD,places,en,48,13.02667255,80.21037685,13.0253397,80.2122558,0,maa2,Chennai,2026-08-31T08:56:30.091923Z
ChIJPxgUDABnUjoRVRBpOm7tApc,Ajith kuma,places,en,48,13.02667255,80.21037685,13.0289266,80.20947319999999,0,maa2,Chennai,2026-08-31T08:56:30.091925Z
ChIJXS5oiTdnUjoReuk1jb065_k,Nidhi Cloud Kitchen,places,en,48,13.02667255,80.21037685,13.024689299999999,80.2120822,0,maa2,Chennai,2026-08-31T08:56:30.091927Z
ChIJxd_9TBhnUjoRNIY4-gMFcFw,அம்மா உணவகம்,places,en,48,13.02667255,80.21037685,13.024941499999999,80.2124588,0,maa2,Chennai,2026-08-31T08:56:30.091929Z
ChIJOfXrdP5dUjoRDJzqZHsnvFE,MOM'S BIRIYANI,places,en,49,12.9616839,80.20315364999999,12.961256599999999,80.2033706,0,maa2,Chennai,2026-08-31T08:56:30.446653Z
ChIJp-mdYy5dUjoRDaInnKUwY1Q,KRISHNA IDLY SHOP,places,en,49,12.9616839,80.20315364999999,12.961137400000002,80.2032049,0,maa2,Chennai,2026-08-31T08:56:30.446663Z
ChIJewI68sNdUjoRAj_D7IQmyLo,Chendur Tiffin Centre,places,en,49,12.9616839,80.20315364999999,12.9606354,80.2031442,0,maa2,Chennai,2026-08-31T08:56:30.446666Z
ChIJYYlfy8NdUjoR0Zalwr7BbUQ,சுவை டிபன் சென்டர்,places,en,49,12.9616839,80.20315364999999,12.9628204,80.2031394,0,maa2,Chennai,2026-08-31T08:56:30.446668Z
ChIJ7_ExaABdUjoRLZeP_p-hMTk,Umar kitchen,places,en,49,12.9616839,80.20315364999999,12.962719100000001,80.2043887,0,maa2,Chennai,2026-08-31T08:56:30.446670Z
ChIJPSOMtatnUjoR9wmn2JRKORU,The Puttu Kadai,places,en,50,13.05770215,80.1981041,13.0572389,80.1990835,0,maa2,Chennai,2026-08-31T08:56:31.661007Z
ChIJb6XVpDZnUjoR3u2Q5eOIALU,Fruit punch,places,en,50,13.05770215,80.1981041,13.0572375,80.19710169999999,0,maa2,Chennai,2026-08-31T08:56:31.661018Z
ChIJdRMo9UlnUjoRVdDupVmA9ZA,AJMER biriyani center,places,en,50,13.05770215,80.1981041,13.057704999999999,80.196995,0,maa2,Chennai,2026-08-31T08:56:31.661021Z
ChIJWaEfvn5nUjoR5wcAhUbzfQA,Hotel Srivaan,places,en,50,13.05770215,80.1981041,13.0579361,80.1970023,0,maa2,Chennai,2026-08-31T08:56:31.661023Z
ChIJmUDPIABnUjoRvqzIR7pAMME,Lako Hub,places,en,50,13.05770215,80.1981041,13.0567698,80.19708279999999,0,maa2,Chennai,2026-08-31T08:56:31.661025Z
ChIJTRUGNh1nUjoRyrz5VmeHNiE,"Eyarkai Veetu Saapadu, இயற்கை வீட்டு சாப்பாடு",places,en,50,13.05770215,80.1981041,13.059191400000001,80.19898189999999,0,maa2,Chennai,2026-08-31T08:56:31.661027Z
ChIJB4xIIshmUjoR-CKA-4yYk50,Sk Bubbles Resturant,places,en,50,13.05770215,80.1981041,13.0561172,80.1971353,0,maa2,Chennai,2026-08-31T08:56:31.661029Z
ChIJs63GsbdmUjoRUJ1JKsuLzlU,KODES,places,en,50,13.05770215,80.1981041,13.0586208,80.1963657,0,maa2,Chennai,2026-08-31T08:56:31.661031Z
ChIJF1oO2uNnUjoRUHrpXOugvI4,Divine Cake,places,en,50,13.05770215,80.1981041,13.056815,80.2001981,0,maa2,Chennai,2026-08-31T08:56:31.661033Z
ChIJhcLEHwBnUjoR8LJsew6J3FE,Hotel Rajakumara,places,en,50,13.05770215,80.1981041,13.055598,80.19697599999999,0,maa2,Chennai,2026-08-31T08:56:31.661035Z
ChIJZz0V_uxnUjoR-2zn1QVik_A,Lakshmi Bhavan,places,en,50,13.05770215,80.1981041,13.0557318,80.1966259,0,maa2,Chennai,2026-08-31T08:56:31.661037Z
ChIJPZucQThnUjoRTpQEUbdK6tM,Shyamala's Kitchen,places,en,50,13.05770215,80.1981041,13.0580041,80.2007644,0,maa2,Chennai,2026-08-31T08:56:31.661038Z
ChIJNenD_7ZmUjoRFMPXQZFDgH0,Mani's burger,places,en,50,13.05770215,80.1981041,13.0592899,80.1960034,0,maa2,Chennai,2026-08-31T08:56:31.661040Z
ChIJw1WKakZnUjoRbGAZ9hQoVzs,Rizwan Chicken 65,places,en,50,13.05770215,80.1981041,13.0552786,80.19707989999999,0,maa2,Chennai,2026-08-31T08:56:31.661042Z
ChIJtyXhfcpnUjoR2fCYs3UarI8,JUICE SQUARE TIFFIN SQUARE,places,en,51,13.05491425,80.1984555,13.053732199999999,80.1987114,0,maa2,Chennai,2026-08-31T08:56:32.017468Z
ChIJg8-6QchmUjoRbQxsokMgxaE,Hotel Rajkumar,places,en,51,13.05491425,80.1984555,13.0549988,80.1971417,0,maa2,Chennai,2026-08-31T08:56:32.017487Z
ChIJf34qz8dmUjoRHodGDUM8KoE,Pizza Republic - Saligramam,places,en,51,13.05491425,80.1984555,13.0543801,80.1997068,0,maa2,Chennai,2026-08-31T08:56:32.017491Z
ChIJBY3i0ctmUjoRvZM8EbXxLh4,Dragon Fast Food,places,en,51,13.05491425,80.1984555,13.0542292,80.1973015,0,maa2,Chennai,2026-08-31T08:56:32.017494Z
ChIJKSBOQshmUjoRCMB3qJyYN1Q,Hotel Vijay,places,en,51,13.05491425,80.1984555,13.054661999999999,80.19712299999999,0,maa2,Chennai,2026-08-31T08:56:32.017497Z
ChIJewOZckJnUjoR3ySE2X9RFLU,Porna Fresh Chicken,places,en,51,13.05491425,80.1984555,13.05425,80.19726,0,maa2,Chennai,2026-08-31T08:56:32.017500Z
ChIJT3pmaRNnUjoRq1ydjSO0LE4,Sri Skandha Bhavan,places,en,51,13.05491425,80.1984555,13.055133,80.19709,0,maa2,Chennai,2026-08-31T08:56:32.017503Z
ChIJH7d06pVnUjoRyGiiU23vMG8,Atti Spot,places,en,51,13.05491425,80.1984555,13.054641700000001,80.1970544,0,maa2,Chennai,2026-08-31T08:56:32.017506Z
ChIJZSMqNPFhUjoR7ldaQUDsga8,ADUTHA THALAIMURAI,places,en,51,13.05491425,80.1984555,13.0541445,80.1970805,0,maa2,Chennai,2026-08-31T08:56:32.017509Z
ChIJV5U1SYBnUjoRBk8DclAK5NQ,Krishnaa Foods,places,en,51,13.05491425,80.1984555,13.0540855,80.1970754,0,maa2,Chennai,2026-08-31T08:56:32.017511Z
ChIJYwoGN3xnUjoRzr9SUSkEZAo,Sri Padiyan Chettinadu Unavagam,places,en,51,13.05491425,80.1984555,13.053241799999999,80.19798159999999,0,maa2,Chennai,2026-08-31T08:56:32.017514Z
ChIJif-FM8ZmUjoRbmKz7EMQnG4,Oyalo,places,en,51,13.05491425,80.1984555,13.0535996,80.1997353,0,maa2,Chennai,2026-08-31T08:56:32.017517Z
ChIJQWP8M8ZmUjoRoLXy7hDCpZE,Hot Chips & Snacks,places,en,51,13.05491425,80.1984555,13.0534581,80.1996642,0,maa2,Chennai,2026-08-31T08:56:32.017523Z
ChIJ2av-SQBnUjoR2QqjdQ6fNC0,Remaramani kitchen - Home food,places,en,51,13.05491425,80.1984555,13.0536383,80.20001169999999,0,maa2,Chennai,2026-08-31T08:56:32.017526Z
ChIJw_pqDgBnUjoRUZdzKAld6H8,NK Chettinadu Samayal,places,en,51,13.05491425,80.1984555,13.0534752,80.2001003,0,maa2,Chennai,2026-08-31T08:56:32.017529Z
ChIJnZ8TtrBmUjoRWQ1e0tFJ7ik,Cams Pal's Baar,places,en,52,13.06262985,80.19947635,13.0628719,80.1973277,0,maa2,Chennai,2026-08-31T08:56:32.423501Z
ChIJn5xPyLBnUjoRUnIx8klvJjM,LITTLE HUT GRAND,places,en,52,13.06262985,80.19947635,13.0627816,80.19725989999999,0,maa2,Chennai,2026-08-31T08:56:32.423508Z
ChIJ0axvrbZnUjoRKbGQsK_2bD8,Karthick Tiffin Center,places,en,52,13.06262985,80.19947635,13.0627955,80.1972069,0,maa2,Chennai,2026-08-31T08:56:32.423510Z
ChIJtRdoRMhnUjoRFDuJof3ruZY,Anitha Cafe,places,en,52,13.06262985,80.19947635,13.060542199999999,80.2003912,0,maa2,Chennai,2026-08-31T08:56:32.423512Z
ChIJVyD2ou1nUjoR7Jgpwbb9QAk,Seyon Chaats,places,en,52,13.06262985,80.19947635,13.064252699999999,80.1977931,0,maa2,Chennai,2026-08-31T08:56:32.423513Z
ChIJb2Hfy7BmUjoRzY1LVYX_vRk,Venkateshwara Tiffin Center,places,en,52,13.06262985,80.19947635,13.062617099999999,80.1970379,0,maa2,Chennai,2026-08-31T08:56:32.423515Z
ChIJJ6h-DlBnUjoRzMqu1xExzC8,Renuka Chettinad restaurant,places,en,52,13.06262985,80.19947635,13.063046199999999,80.1970267,0,maa2,Chennai,2026-08-31T08:56:32.423516Z
ChIJR-DqyLBmUjoRLeZtDFxFXXE,Gokulam Fast Food,places,en,52,13.06262985,80.19947635,13.062834299999999,80.1969582,0,maa2,Chennai,2026-08-31T08:56:32.423517Z
ChIJCb_sZgBnUjoRJspkjqbXag4,Malik biryani,places,en,52,13.06262985,80.19947635,13.0627965,80.19693199999999,0,maa2,Chennai,2026-08-31T08:56:32.423518Z
ChIJ08_l8dNnUjoRB6EzbZNAO84,Anu's Kitchen Saligramam,places,en,53,13.0590982,80.2083799,13.058096700000002,80.207949,0,maa2,Chennai,2026-08-31T08:56:32.730770Z
ChIJk68JCotnUjoRUPy101sbHfU,SRI LAKSHMI TEA STALL,places,en,53,13.0590982,80.2083799,13.0586205,80.2094372,0,maa2,Chennai,2026-08-31T08:56:32.730777Z
ChIJkye1nL9mUjoRlvnelqD8RYY,ஜோதி ஸ்டோர்,places,en,53,13.0590982,80.2083799,13.0576762,80.20730499999999,0,maa2,Chennai,2026-08-31T08:56:32.730780Z
ChIJ44WEgb9mUjoRWEYbuk4ODjU,Ranjitham Hotel,places,en,53,13.0590982,80.2083799,13.0572778,80.2071759,0,maa2,Chennai,2026-08-31T08:56:32.730781Z
ChIJLbrrgL9mUjoRTxPCgoAY7Bo,Krishna Sandwich,places,en,53,13.0590982,80.2083799,13.0570644,80.20728,0,maa2,Chennai,2026-08-31T08:56:32.730783Z
ChIJSR5FgJNnUjoRJySQuqEzwlY,oh my food,places,en,53,13.0590982,80.2083799,13.0578504,80.2105117,0,maa2,Chennai,2026-08-31T08:56:32.730784Z
ChIJkXSqbL5mUjoRar39ICY95Xw,ஸ்ரீ முருகன் டிபன் சென்டர் & ஃபாஸ்ட்புட்,places,en,53,13.0590982,80.2083799,13.061631799999999,80.2084114,0,maa2,Chennai,2026-08-31T08:56:32.730785Z
ChIJT__UDABnUjoRH82YUy3yZxM,RR CHAAT CORNER,places,en,54,13.05758785,80.2011239,13.0568777,80.2012635,0,maa2,Chennai,2026-08-31T08:56:33.045533Z
ChIJyzNxSShnUjoRdaQqD_Ct6Q4,Abdul Khaliq Briyani Centre,places,en,54,13.05758785,80.2011239,13.0568416,80.2013025,0,maa2,Chennai,2026-08-31T08:56:33.045539Z
ChIJfyPvAABnUjoRhptR-VI4uP8,Santhiya kitchen,places,en,54,13.05758785,80.2011239,13.0568288,80.200947,0,maa2,Chennai,2026-08-31T08:56:33.045542Z
ChIJXzLBeLhmUjoRCQ1gsPfPRCc,Ganapathi Tiffin Center,places,en,54,13.05758785,80.2011239,13.056809699999999,80.2010526,0,maa2,Chennai,2026-08-31T08:56:33.045543Z
ChIJ8-IOCyVnUjoRPTG-FdlOKWg,Broasted Kozhi - Revathi's Cafe,places,en,54,13.05758785,80.2011239,13.0568447,80.2013984,0,maa2,Chennai,2026-08-31T08:56:33.045545Z
ChIJDdtQU6FnUjoRM96VJ1Qyxls,Arumugam Tiffin Center,places,en,54,13.05758785,80.2011239,13.056842999999999,80.202027,0,maa2,Chennai,2026-08-31T08:56:33.045546Z
ChIJFTWem7hmUjoRTnBc8uXvW90,Bismi Cafe,places,en,54,13.05758785,80.2011239,13.0572577,80.2023214,0,maa2,Chennai,2026-08-31T08:56:33.045548Z
ChIJXcEJ_G1nUjoRzfzlZFLlF4s,New Hyderabad Biriyani,places,en,54,13.05758785,80.2011239,13.0571512,80.20235509999999,0,maa2,Chennai,2026-08-31T08:56:33.045549Z
ChIJN1oyM5RnUjoRO65Z_b3LYeQ,MM Chapathi Corner,places,en,54,13.05758785,80.2011239,13.05717,80.202422,0,maa2,Chennai,2026-08-31T08:56:33.045550Z
ChIJpaVjmbhmUjoR1mDaIjkMPpY,Aandavar Chicken Centre,places,en,54,13.05758785,80.2011239,13.0573106,80.2025247,0,maa2,Chennai,2026-08-31T08:56:33.045551Z
ChIJHaD-bqtnUjoRAFqMwout5Es,சோயா பாபுவின் சோயா கடை (Soya Babu's Soya Shop),places,en,54,13.05758785,80.2011239,13.0566502,80.2022551,0,maa2,Chennai,2026-08-31T08:56:33.045553Z
ChIJZyorSgBnUjoRnUEyI-SiuJ0,AJ SNACKS AND BITES,places,en,54,13.05758785,80.2011239,13.0564251,80.2023171,0,maa2,Chennai,2026-08-31T08:56:33.045554Z
ChIJR16cPABnUjoRho7qZjQ1VNk,Vadapav point,places,en,54,13.05758785,80.2011239,13.057579299999999,80.2029487,0,maa2,Chennai,2026-08-31T08:56:33.045555Z
ChIJhyBPbQBnUjoR2fYjXzcRYtY,Amman tiffen center,places,en,54,13.05758785,80.2011239,13.0573737,80.20307389999999,0,maa2,Chennai,2026-08-31T08:56:33.045556Z
ChIJsch5DgBnUjoR50tEzVUHQVU,The Big Box Kitchen,places,en,54,13.05758785,80.2011239,13.057872999999999,80.2031976,0,maa2,Chennai,2026-08-31T08:56:33.045558Z
ChIJfbOkHaRnUjoRXYAPtM-2pj8,THAILAVAN THALAIVI,places,en,54,13.05758785,80.2011239,13.059682299999999,80.2010674,0,maa2,Chennai,2026-08-31T08:56:33.045559Z
ChIJm2f1eeFnUjoRYOuBFWntnU0,T's Bread House,places,en,54,13.05758785,80.2011239,13.0599467,80.20081739999999,0,maa2,Chennai,2026-08-31T08:56:33.045560Z
ChIJC9z1XgBnUjoRGX2rl9mq7Eg,Homemade Palayasoru Pachamolaga,places,en,55,13.0557692,80.20206315,13.0553609,80.2028863,0,maa2,Chennai,2026-08-31T08:56:33.444675Z
ChIJQ-YeG8dmUjoRjcWV0in1PP4,Jalpaan Saligramam,places,en,55,13.0557692,80.20206315,13.0544877,80.2022396,0,maa2,Chennai,2026-08-31T08:56:33.444686Z
ChIJS2oqewBnUjoRsIv9cUCv45s,Milagu Mess,places,en,55,13.0557692,80.20206315,13.0544487,80.2019413,0,maa2,Chennai,2026-08-31T08:56:33.444689Z
ChIJDdibOABnUjoRNYQe_bTG0Rw,Sarjun kumar,places,en,55,13.0557692,80.20206315,13.054481899999999,80.2011813,0,maa2,Chennai,2026-08-31T08:56:33.444692Z
ChIJ5XKmWwBnUjoRIukLh00TBtY,TeeDee Mess,places,en,55,13.0557692,80.20206315,13.055247,80.20355289999999,0,maa2,Chennai,2026-08-31T08:56:33.444694Z
ChIJiTPld0dnUjoR-iIcQw3X0No,Saligramam Vaishnavas Thattu Idli Kadai,places,en,55,13.0557692,80.20206315,13.0544929,80.2009581,0,maa2,Chennai,2026-08-31T08:56:33.444696Z
ChIJpW3CDABnUjoRdFPYshTKRQo,IVC Chettinad Tiffin centre,places,en,55,13.0557692,80.20206315,13.0555937,80.20397109999999,0,maa2,Chennai,2026-08-31T08:56:33.444698Z
ChIJN5YeoHBnUjoRtuI1J1vHJVg,AS BIRIYANI HUB,places,en,56,13.053661850000001,80.2105484,13.053747999999999,80.211151,0,maa2,Chennai,2026-08-31T08:56:33.781744Z
ChIJM32JX-pmUjoR1pAYkAxIYzA,Sri Sai Andhra Mess,places,en,56,13.053661850000001,80.2105484,13.0542704,80.2112889,0,maa2,Chennai,2026-08-31T08:56:33.781752Z
ChIJnQmgdABnUjoRvtht-ja-_uM,Sri Vivikta Bhavan,places,en,56,13.053661850000001,80.2105484,13.0533653,80.21146689999999,0,maa2,Chennai,2026-08-31T08:56:33.781755Z
ChIJPxIOhOpmUjoR22KtilwiTF0,Arabian Food Court,places,en,56,13.053661850000001,80.2105484,13.054597,80.2102144,0,maa2,Chennai,2026-08-31T08:56:33.781757Z
ChIJrYxaKwBnUjoR0mb9jRt0Gsw,Chaat Basket Maharashtrian Snacks,places,en,56,13.053661850000001,80.2105484,13.0533656,80.2114938,0,maa2,Chennai,2026-08-31T08:56:33.781759Z
ChIJH5yB1MFmUjoRChk500CuymM,DVA1 BEEF STALL,places,en,56,13.053661850000001,80.2105484,13.0540364,80.2094831,0,maa2,Chennai,2026-08-31T08:56:33.781760Z
ChIJ0XzP9-pmUjoRCB6debEFzwI,Caffino Refreshing,places,en,56,13.053661850000001,80.2105484,13.0544696,80.2114495,0,maa2,Chennai,2026-08-31T08:56:33.781762Z
ChIJb5mmLMBmUjoRHqB9qrZ-UAo,SUGUNA Chicken,places,en,56,13.053661850000001,80.2105484,13.0542552,80.20945329999999,0,maa2,Chennai,2026-08-31T08:56:33.781763Z
ChIJjUFagupmUjoRzFa4df4oSew,Muthunagar Ayya Vada Shop,places,en,56,13.053661850000001,80.2105484,13.0547664,80.20997009999999,0,maa2,Chennai,2026-08-31T08:56:33.781765Z
ChIJPagJKMBmUjoRoqCrilh-0-E,Annachi Murukku Shop,places,en,56,13.053661850000001,80.2105484,13.0546663,80.2097885,0,maa2,Chennai,2026-08-31T08:56:33.781766Z
ChIJ4atTHT5nUjoRYbPwYImc-DQ,Bismillah Chicken 65,places,en,56,13.053661850000001,80.2105484,13.0541199,80.20934489999999,0,maa2,Chennai,2026-08-31T08:56:33.781768Z
ChIJyUH2U9VnUjoR41NixgLVtWc,FEAST PIZZA VADAPALANI,places,en,56,13.053661850000001,80.2105484,13.052860899999999,80.21153319999999,0,maa2,Chennai,2026-08-31T08:56:33.781769Z
ChIJBTLzk9pnUjoRRzw5dhXYB1Y,ATTI BIRIYANI,places,en,56,13.053661850000001,80.2105484,13.0539215,80.2118194,0,maa2,Chennai,2026-08-31T08:56:33.781770Z
ChIJ05B-9-pmUjoRYHnj0OQ74dk,SMP BUILDING INTERIORS WORKS AND UPVC WINDOWS,places,en,56,13.053661850000001,80.2105484,13.0540744,80.2118002,0,maa2,Chennai,2026-08-31T08:56:33.781772Z
ChIJ48S2OHNnUjoRWSVYw8eE9fs,Srinivasa Tiffin Centre,places,en,56,13.053661850000001,80.2105484,13.0542213,80.2093298,0,maa2,Chennai,2026-08-31T08:56:33.781773Z
ChIJnaJAFwBnUjoR-Bft1B6fzaA,Biryani Bouquet,places,en,56,13.053661850000001,80.2105484,13.052353799999999,80.2105614,0,maa2,Chennai,2026-08-31T08:56:33.781775Z
ChIJR5D80VRnUjoR0vQgY77zuTU,A NISHA BEGUM,places,en,56,13.053661850000001,80.2105484,13.052660000000001,80.2114124,0,maa2,Chennai,2026-08-31T08:56:33.781776Z
ChIJ3QORC3xnUjoRSTwWH6FWI1Q,DOSA CAFE,places,en,56,13.053661850000001,80.2105484,13.052862399999999,80.21162120000001,0,maa2,Chennai,2026-08-31T08:56:33.781777Z
ChIJL9qcsMZnUjoRhlcdf-0EWTs,Ruchikkoot Restaurant,places,en,56,13.053661850000001,80.2105484,13.052862399999999,80.21162120000001,0,maa2,Chennai,2026-08-31T08:56:33.781779Z
ChIJ1bXb7mNmUjoRu2tZr6vQ1_s,Drunken Monkey,places,en,56,13.053661850000001,80.2105484,13.052862399999999,80.21162120000001,0,maa2,Chennai,2026-08-31T08:56:33.781780Z
ChIJg8Q18kdmUjoRsnSO-9lncmI,ROYAL BURGER,places,en,57,13.04857915,80.25422574999999,13.0484853,80.2538938,0,maa2,Chennai,2026-08-31T08:56:34.414098Z
ChIJ6Tkn_ghnUjoRnopKL1BUjdM,Mangos,places,en,57,13.04857915,80.25422574999999,13.0478528,80.2541901,0,maa2,Chennai,2026-08-31T08:56:34.414109Z
ChIJa-1vBRdnUjoRAGRuAjEmFjc,Fasta Pizza Gopalapuram,places,en,57,13.04857915,80.25422574999999,13.047700599999999,80.2543199,0,maa2,Chennai,2026-08-31T08:56:34.414113Z
ChIJg-bRuB5nUjoRUmRN09prgn4,The Chowmein Shop,places,en,57,13.04857915,80.25422574999999,13.0476995,80.25494760000001,0,maa2,Chennai,2026-08-31T08:56:34.414115Z
ChIJF-RyAzhmUjoReVptqDh4YX8,The Kati Roll Shop,places,en,57,13.04857915,80.25422574999999,13.047697399999999,80.2549909,0,maa2,Chennai,2026-08-31T08:56:34.414118Z
ChIJh1PWJABnUjoRmyukZ4weyeE,Paan shop,places,en,57,13.04857915,80.25422574999999,13.0476943,80.2550203,0,maa2,Chennai,2026-08-31T08:56:34.414120Z
ChIJn9n-MMNnUjoRGlIHdTOs4m0,Bayleaf,places,en,57,13.04857915,80.25422574999999,13.047677300000002,80.2551541,0,maa2,Chennai,2026-08-31T08:56:34.414122Z
ChIJW_Z__zdmUjoR3wUJBxwqBWo,VANDA CHINESE FOODS,places,en,57,13.04857915,80.25422574999999,13.0473587,80.2546097,0,maa2,Chennai,2026-08-31T08:56:34.414124Z
ChIJp43-OT1nUjoRuTbAKsyVTIw,Dexter Burgers,places,en,57,13.04857915,80.25422574999999,13.0473585,80.254622,0,maa2,Chennai,2026-08-31T08:56:34.414125Z
ChIJEStp8p9nUjoRVaK7o2KiuZQ,Sangam Hungry Panda,places,en,57,13.04857915,80.25422574999999,13.0473369,80.2546168,0,maa2,Chennai,2026-08-31T08:56:34.414127Z
ChIJ766D_zdmUjoRSdnOR0sOBnE,Mandarin Chinese Restaurant,places,en,57,13.04857915,80.25422574999999,13.0473304,80.25459649999999,0,maa2,Chennai,2026-08-31T08:56:34.414129Z
ChIJeYqr_zdmUjoRV7_9I05tqk0,Gangotree Sweets & Snacks - Gopalapuram,places,en,57,13.04857915,80.25422574999999,13.0472279,80.25462499999999,0,maa2,Chennai,2026-08-31T08:56:34.414131Z
ChIJq6JRhWpnUjoR5LzKEgfCOM0,Galouti Bomb,places,en,57,13.04857915,80.25422574999999,13.047685699999999,80.2553904,0,maa2,Chennai,2026-08-31T08:56:34.414133Z
ChIJyT4RHThmUjoRNl25RUnzl0Y,Pasta Square,places,en,57,13.04857915,80.25422574999999,13.047397,80.2552752,0,maa2,Chennai,2026-08-31T08:56:34.414134Z
ChIJD8fqtUdmUjoRqKBgmrGL2Mk,உமர் ஜம் ஜம் வெஜ் பிரியாணி,places,en,57,13.04857915,80.25422574999999,13.048737899999999,80.25191240000001,0,maa2,Chennai,2026-08-31T08:56:34.414137Z
ChIJaxNiO0ZmUjoR6TnL-BUAvC0,Hotel Sabari Nivas,places,en,57,13.04857915,80.25422574999999,13.0487147,80.25187009999999,0,maa2,Chennai,2026-08-31T08:56:34.414139Z
ChIJWd8rtUdmUjoRWfgn6yt6Fag,ஸ்ரீ வாசுமதி வடஇந்திய உணவகம்,places,en,57,13.04857915,80.25422574999999,13.0487535,80.2516776,0,maa2,Chennai,2026-08-31T08:56:34.414141Z
ChIJtQ2N7F9nUjoRdlk-O3YYr7s,B'Veg - Our secret ingredient is YOU!,places,en,57,13.04857915,80.25422574999999,13.0504891,80.25589760000001,0,maa2,Chennai,2026-08-31T08:56:34.414143Z
ChIJJYpFcXBnUjoR91dyblKtGeo,ZORKO - Brand of Food Lovers (Chennai),places,en,57,13.04857915,80.25422574999999,13.049935099999999,80.2566136,0,maa2,Chennai,2026-08-31T08:56:34.414145Z
ChIJ4dchLjlnUjoRJOgSV8AdAqM,Sortd Cafe,places,en,58,13.0342227,80.2553491,13.034839999999999,80.25630509999999,0,maa2,Chennai,2026-08-31T08:56:34.718814Z
ChIJqTKWoMNnUjoRuDyo9gTyUPw,Buff - Alwarpet,places,en,58,13.0342227,80.2553491,13.0331817,80.2558351,0,maa2,Chennai,2026-08-31T08:56:34.718832Z
ChIJ-zQsfABnUjoRiSc8oYU4k-A,Police Food Canteen,places,en,59,13.0815746,80.26256545,13.0812639,80.26308569999999,0,maa2,Chennai,2026-08-31T08:56:35.078542Z
ChIJtZX6jw5nUjoRz0ymMEvQkcQ,Periyar Thidal Unavagam,places,en,59,13.0815746,80.26256545,13.0812951,80.26178209999999,0,maa2,Chennai,2026-08-31T08:56:35.078551Z
ChIJe34sjEhnUjoRcOP3zBEul80,MANI TEA STALL,places,en,59,13.0815746,80.26256545,13.0813746,80.26436509999999,0,maa2,Chennai,2026-08-31T08:56:35.078553Z
ChIJBW_tEOJlUjoRTtdtg8dZlos,MAHARASHTRA MANDAL CHENNAI,places,en,59,13.0815746,80.26256545,13.0825803,80.260876,0,maa2,Chennai,2026-08-31T08:56:35.078555Z
ChIJwwhSVuJlUjoRUrQ55WMAQkI,Madras Coffee House,places,en,59,13.0815746,80.26256545,13.084286400000002,80.2626434,0,maa2,Chennai,2026-08-31T08:56:35.078556Z
ChIJuc-8RoRnUjoRKR5SkYoWxyI,Mushroom Mama,places,en,60,13.007495500000001,80.20441735,13.0073832,80.2042104,0,maa2,Chennai,2026-08-31T08:56:36.513978Z
ChIJX-zAgglnUjoRAapK8fORbH4,Popeyes,places,en,60,13.007495500000001,80.20441735,13.0079528,80.20407929999999,0,maa2,Chennai,2026-08-31T08:56:36.513992Z
ChIJN8w5AQBnUjoRmQJXc8_GhR4,Taco bell,places,en,60,13.007495500000001,80.20441735,13.0080999,80.2039631,0,maa2,Chennai,2026-08-31T08:56:36.513996Z
ChIJ1aIvWMFnUjoRCstAOO6iHXY,Junior Kuppanna - Guindy,places,en,60,13.007495500000001,80.20441735,13.0076206,80.2036344,0,maa2,Chennai,2026-08-31T08:56:36.514000Z
ChIJszLIYgBnUjoRP39YEkzJCsk,"Domino's Pizza | Kathipara Urban Square, Chennai",places,en,60,13.007495500000001,80.20441735,13.0083366,80.2045725,0,maa2,Chennai,2026-08-31T08:56:36.514003Z
ChIJoWqk7_VnUjoRjQnql-8on6k,Amaravathi,places,en,60,13.007495500000001,80.20441735,13.0084707,80.204534,0,maa2,Chennai,2026-08-31T08:56:36.514006Z
ChIJd_ycs0ZnUjoR4NUHZ-1SmVU,Hotel Vasantham,places,en,60,13.007495500000001,80.20441735,13.006534799999999,80.2041404,0,maa2,Chennai,2026-08-31T08:56:36.514009Z
ChIJK4Rn7wVnUjoRyfI50NM3vIU,California Burrito Mexican Kitchen @ Kathipara Urban Square,places,en,60,13.007495500000001,80.20441735,13.0085192,80.2042858,0,maa2,Chennai,2026-08-31T08:56:36.514011Z
ChIJW9VvJQBnUjoRmDGMFX8HbK4,Delhi Dhaba,places,en,60,13.007495500000001,80.20441735,13.008552,80.20428079999999,0,maa2,Chennai,2026-08-31T08:56:36.514014Z
ChIJb3QA00ZnUjoRAAAAMH5fYCw,Nila Krish Unavakkam,places,en,60,13.007495500000001,80.20441735,13.006865999999999,80.2052951,0,maa2,Chennai,2026-08-31T08:56:36.514017Z
ChIJnZHZR0FnUjoRUzLSfS_0aWE,Monica Mess,places,en,60,13.007495500000001,80.20441735,13.006563400000001,80.2050515,0,maa2,Chennai,2026-08-31T08:56:36.514019Z
ChIJP1GRsUZnUjoRZsiJXQbEmJY,Fathima Cool Bar And Cafe,places,en,60,13.007495500000001,80.20441735,13.0064334,80.2039564,0,maa2,Chennai,2026-08-31T08:56:36.514022Z
ChIJf4SH4UNnUjoRRyhKYoMhu8I,Monika Tiffin Center,places,en,60,13.007495500000001,80.20441735,13.0066667,80.2052083,0,maa2,Chennai,2026-08-31T08:56:36.514024Z
ChIJb_z2bSJnUjoRlbdjK1k9DwI,iD Kathipara Urban Square,places,en,60,13.007495500000001,80.20441735,13.006953099999999,80.2033586,0,maa2,Chennai,2026-08-31T08:56:36.514027Z
ChIJv6kfCABnUjoRHdnu4J7wUVs,Royal Club,places,en,60,13.007495500000001,80.20441735,13.0068722,80.2054283,0,maa2,Chennai,2026-08-31T08:56:36.514030Z
ChIJf2IS4yVnUjoRgdnoQUr8YoI,Starbucks - Alandur,places,en,60,13.007495500000001,80.20441735,13.006775,80.2034159,0,maa2,Chennai,2026-08-31T08:56:36.514032Z
ChIJs8YsRjdnUjoRq3k-9gnP1BM,Tibet Momo Urban Square,places,en,60,13.007495500000001,80.20441735,13.0071727,80.203198,0,maa2,Chennai,2026-08-31T08:56:36.514035Z
ChIJV1r2-FtnUjoR0_THFI-4fvE,Wallajah Biriyani,places,en,60,13.007495500000001,80.20441735,13.007152399999999,80.20320319999999,0,maa2,Chennai,2026-08-31T08:56:36.514038Z
ChIJ_fFW5hlnUjoR16KR2vCLAbw,Bharani Food Corner,places,en,60,13.007495500000001,80.20441735,13.0065975,80.2035568,0,maa2,Chennai,2026-08-31T08:56:36.514041Z
ChIJk0ZbaQFnUjoRE1x0vPfTSQA,Cheesy Juicy Burgers,places,en,60,13.007495500000001,80.20441735,13.0071736,80.20319359999999,0,maa2,Chennai,2026-08-31T08:56:36.514043Z
ChIJyUe-DQBnUjoRNSuRB4l4NAw,Sanjay,places,en,61,13.0538732,80.2641132,13.0540467,80.2640558,0,maa2,Chennai,2026-08-31T08:56:36.850044Z
ChIJL7lu0YFnUjoRzwC2x8-2CMs,Hotel Gowri's,places,en,61,13.0538732,80.2641132,13.0537736,80.2638059,0,maa2,Chennai,2026-08-31T08:56:36.850056Z
ChIJgSYvnDxmUjoRmT4m-AC-ceA,Inparadise Biriyani,places,en,61,13.0538732,80.2641132,13.0536906,80.2638119,0,maa2,Chennai,2026-08-31T08:56:36.850060Z
ChIJz9eEfTtmUjoRZl5US4KC6sU,K M Amritha,places,en,61,13.0538732,80.2641132,13.0535341,80.2637768,0,maa2,Chennai,2026-08-31T08:56:36.850064Z
ChIJhxxTYTtmUjoR7IA_38XxdXM,Hotel Safari,places,en,61,13.0538732,80.2641132,13.0535217,80.26378480000001,0,maa2,Chennai,2026-08-31T08:56:36.850067Z
ChIJPfR1TgBnUjoRea2CrPBcFYY,Hotel Sri Krishna bhavan,places,en,61,13.0538732,80.2641132,13.05424,80.2645165,0,maa2,Chennai,2026-08-31T08:56:36.850070Z
ChIJp3gAbzNnUjoRQ9aIWOUacAM,Brothers Shawarma,places,en,61,13.0538732,80.2641132,13.052676199999999,80.2639485,0,maa2,Chennai,2026-08-31T08:56:36.850079Z
ChIJC5i5mkJnUjoR8XvfRhb49_Q,HOTEL SUGUNA SREEBHAVAN,places,en,61,13.0538732,80.2641132,13.053681599999999,80.26539629999999,0,maa2,Chennai,2026-08-31T08:56:36.850082Z
ChIJq6J-qTxmUjoRn2w_gZ9h0as,FOODIE'S HUT,places,en,61,13.0538732,80.2641132,13.0535812,80.2655193,0,maa2,Chennai,2026-08-31T08:56:36.850085Z
ChIJHREPFztmUjoR-4J5XWdtXQY,Hotel Sree Raj Bhavan,places,en,61,13.0538732,80.2641132,13.052092499999999,80.2639407,0,maa2,Chennai,2026-08-31T08:56:36.850088Z
ChIJv7NVAFRnUjoRtvREj0nbQYY,Khatta Meeta,places,en,62,13.03474295,80.20990455,13.034635999999999,80.20990359999999,0,maa2,Chennai,2026-08-31T08:56:38.229446Z
ChIJDS0PCOBmUjoRTFL8hNzLIy4,Pillar Ambur Biriyani,places,en,62,13.03474295,80.20990455,13.0349813,80.2099049,0,maa2,Chennai,2026-08-31T08:56:38.229454Z
ChIJbVPn4t9mUjoRC4pzp3AQbDk,Hotel New Parvathi,places,en,62,13.03474295,80.20990455,13.035074999999999,80.20967,0,maa2,Chennai,2026-08-31T08:56:38.229456Z
ChIJTe3_zjBnUjoReemggdjApz0,Milkyway Ashok nagar,places,en,62,13.03474295,80.20990455,13.034995499999999,80.2102208,0,maa2,Chennai,2026-08-31T08:56:38.229458Z
ChIJo3fZtx9nUjoRMsV2_iHM8VI,Anjappar Chettinad Restaurant,places,en,62,13.03474295,80.20990455,13.0342547,80.2096802,0,maa2,Chennai,2026-08-31T08:56:38.229459Z
ChIJlxZMDhRnUjoRf_yR49lWlD4,Fry N Fry chicken,places,en,62,13.03474295,80.20990455,13.0352895,80.20983609999999,0,maa2,Chennai,2026-08-31T08:56:38.229460Z
ChIJk1T6cABnUjoRpYNWPcsLDgc,Pandiammalkaridosaikadai,places,en,62,13.03474295,80.20990455,13.0353073,80.2097648,0,maa2,Chennai,2026-08-31T08:56:38.229461Z
ChIJ7ZJuHBFdUjoR05tXnENateo,Taco Bell,places,en,62,13.03474295,80.20990455,13.034072,80.20968529999999,0,maa2,Chennai,2026-08-31T08:56:38.229463Z
ChIJsz2Owf5nUjoRybqq8tZCOc4,"Pizza Hut | Ashok Nagar 2, Chennai",places,en,62,13.03474295,80.20990455,13.034232699999999,80.2093673,0,maa2,Chennai,2026-08-31T08:56:38.229464Z
ChIJr2JRsXJnUjoRzjmA8DBWC3M,ROYAL EAGLE BIRIYANI,places,en,62,13.03474295,80.20990455,13.033902099999999,80.2099824,0,maa2,Chennai,2026-08-31T08:56:38.229465Z
ChIJI3aS5YpnUjoRZKFgDukpR68,KFC,places,en,62,13.03474295,80.20990455,13.0338526,80.20980039999999,0,maa2,Chennai,2026-08-31T08:56:38.229467Z
ChIJY3m1q0BnUjoRw-nWoQqR4Uc,RAJA SNACKS,places,en,62,13.03474295,80.20990455,13.0354069,80.2090825,0,maa2,Chennai,2026-08-31T08:56:38.229468Z
ChIJtb1LjgdnUjoRvTNeJECUJHM,Burger King,places,en,62,13.03474295,80.20990455,13.033785799999999,80.2094161,0,maa2,Chennai,2026-08-31T08:56:38.229469Z
ChIJb07oZQBnUjoRrOTcC6lxmV0,Crispy Nest,places,en,62,13.03474295,80.20990455,13.0336594,80.2100561,0,maa2,Chennai,2026-08-31T08:56:38.229470Z
ChIJbyXzEeBmUjoRd3bhyoHeB74,Tibbs Frankie,places,en,62,13.03474295,80.20990455,13.0355061,80.2107067,0,maa2,Chennai,2026-08-31T08:56:38.229471Z
ChIJr63AlXRnUjoRU-ZvBvPwfyQ,Pillar Biriyani - Ashoknagar,places,en,62,13.03474295,80.20990455,13.033653,80.2100507,0,maa2,Chennai,2026-08-31T08:56:38.229473Z
ChIJgfjSFuBmUjoRNX8jtagF5jU,Adyar Ananda Bhavan - A2B,places,en,62,13.03474295,80.20990455,13.035281099999999,80.2108873,0,maa2,Chennai,2026-08-31T08:56:38.229474Z
ChIJPyIINpJnUjoRdNVBRmocopk,Manjummel Boys Biriyani,places,en,62,13.03474295,80.20990455,13.0354312,80.2087062,0,maa2,Chennai,2026-08-31T08:56:38.229475Z
ChIJRz_2QQBnUjoRzgDHwtrTvQs,Madurai midnight briyani,places,en,62,13.03474295,80.20990455,13.035484199999999,80.2111292,0,maa2,Chennai,2026-08-31T08:56:38.229476Z
ChIJt56ORhVnUjoREARL5B_bSew,The Belgian Waffle Co,places,en,62,13.03474295,80.20990455,13.0335092,80.2091744,0,maa2,Chennai,2026-08-31T08:56:38.229477Z
ChIJC3cJnd5nUjoRv7uSUU2KNxw,Broken Bridge Cafe Indian Restaurant,places,en,63,13.0169632,80.2711372,13.0172504,80.27063389999999,0,maa2,Chennai,2026-08-31T08:56:38.610566Z
ChIJS2xGVYFnUjoRe9hpnnXOEac,House of Cheese Restaurant Chennai,places,en,63,13.0169632,80.2711372,13.017338599999999,80.2706175,0,maa2,Chennai,2026-08-31T08:56:38.610580Z
ChIJW2DcMCVnUjoRE5mf9fPRI6Y,Radioroom,places,en,63,13.0169632,80.2711372,13.017439,80.27065809999999,0,maa2,Chennai,2026-08-31T08:56:38.610584Z
ChIJWV5DRMdnUjoRWAtHqXTwi-g,Asia kitchen by Mainland China,places,en,63,13.0169632,80.2711372,13.017436,80.270614,0,maa2,Chennai,2026-08-31T08:56:38.610586Z
ChIJw2-CsNlnUjoR02dSqIDuP4Y,Musume,places,en,63,13.0169632,80.2711372,13.017705099999999,80.27119909999999,0,maa2,Chennai,2026-08-31T08:56:38.610589Z
ChIJlVB9jNtnUjoRHGun1Y927OQ,Jamavar,places,en,63,13.0169632,80.2711372,13.0169781,80.2738822,0,maa2,Chennai,2026-08-31T08:56:38.610592Z
ChIJbYbKOwBnUjoRHqVx43a2itU,Velan Chat & Snacks,places,en,64,13.0223628,80.26724935,13.0219802,80.2681751,0,maa2,Chennai,2026-08-31T08:56:38.925932Z
ChIJ6fUWBWFvUjoRW2xYwp5sEik,Al - Barkath High Class Biryani & Catering Service,places,en,65,13.10892995,80.27938695,13.1086963,80.28010379999999,0,maa2,Chennai,2026-08-31T08:56:39.291304Z
ChIJdf5642NvUjoRQrw_cyYHKCs,Bai Biryani,places,en,65,13.10892995,80.27938695,13.10972,80.2804744,0,maa2,Chennai,2026-08-31T08:56:39.291317Z
ChIJFSzKbWFvUjoREahhMcW6Iqo,Arabian Deser,places,en,65,13.10892995,80.27938695,13.109867999999999,80.28035539999999,0,maa2,Chennai,2026-08-31T08:56:39.291321Z
ChIJgYmh-mBvUjoRRC4r9los0Rk,JOY TIFFEN CENTER,places,en,65,13.10892995,80.27938695,13.107547499999999,80.2802653,0,maa2,Chennai,2026-08-31T08:56:39.291324Z
ChIJVRe2P2FvUjoRVq2t0Tbgk2c,Famous Fast Food,places,en,65,13.10892995,80.27938695,13.109446,80.28104429999999,0,maa2,Chennai,2026-08-31T08:56:39.291327Z
ChIJUc_KZL5vUjoRLCMjh03ROMw,Ya Razzaq,places,en,65,13.10892995,80.27938695,13.110626799999999,80.2789002,0,maa2,Chennai,2026-08-31T08:56:39.291329Z
ChIJ0X0eRmBvUjoRhbcg8xp0Xrg,Bismi Biriyani,places,en,65,13.10892995,80.27938695,13.107337999999999,80.2784131,0,maa2,Chennai,2026-08-31T08:56:39.291332Z
ChIJH64hQmFvUjoRkmzx_Kq3YOE,Hotel Thavakkal A/C & Non A/c & Party Hall,places,en,65,13.10892995,80.27938695,13.1100447,80.2809905,0,maa2,Chennai,2026-08-31T08:56:39.291335Z
ChIJOXClXGFvUjoRJQJtLp9nMZ0,Bakers Spring,places,en,65,13.10892995,80.27938695,13.110152,80.281042,0,maa2,Chennai,2026-08-31T08:56:39.291337Z
ChIJxw12RGBvUjoRAAAAMPFnEl8,Ajas Kawab Centre,places,en,65,13.10892995,80.27938695,13.1070233,80.27858619999999,0,maa2,Chennai,2026-08-31T08:56:39.291339Z
ChIJEYFXLWJvUjoRcbZocqyeFc8,Nandhakumar,places,en,65,13.10892995,80.27938695,13.106928,80.2798339,0,maa2,Chennai,2026-08-31T08:56:39.291342Z
ChIJK8B2A3hvUjoRhOADVxUw7aY,Jancy Tiffen Center,places,en,65,13.10892995,80.27938695,13.1065253,80.27996019999999,0,maa2,Chennai,2026-08-31T08:56:39.291344Z
ChIJi63UZvRvUjoR_AtsABTRB30,Madan mess,places,en,65,13.10892995,80.27938695,13.1105284,80.2813826,0,maa2,Chennai,2026-08-31T08:56:39.291346Z
ChIJl365fwBvUjoREYmQNDpXozs,Shafi Kebab,places,en,65,13.10892995,80.27938695,13.1108148,80.2811912,0,maa2,Chennai,2026-08-31T08:56:39.291349Z
ChIJL3AI46RvUjoRszXOnx0O9PI,ASK Chat,places,en,65,13.10892995,80.27938695,13.1109346,80.2811797,0,maa2,Chennai,2026-08-31T08:56:39.291351Z
ChIJdSHwGABlUjoRpM_90bixqGE,Canopus,places,en,66,13.103755549999999,80.2517637,13.103563,80.25197899999999,0,maa2,Chennai,2026-08-31T08:56:39.664288Z
ChIJ7b7rN1RlUjoR1IjpRJEKd_0,Hunger square,places,en,66,13.103755549999999,80.2517637,13.104409900000002,80.2521443,0,maa2,Chennai,2026-08-31T08:56:39.664303Z
ChIJ20WHkr9lUjoRPre7m9mZ__U,Moideen Restaurant,places,en,66,13.103755549999999,80.2517637,13.1050016,80.25287089999999,0,maa2,Chennai,2026-08-31T08:56:39.664307Z
ChIJy0cBN2BlUjoReffm4dscCG8,DOM's Kitchen,places,en,66,13.103755549999999,80.2517637,13.1050696,80.25279979999999,0,maa2,Chennai,2026-08-31T08:56:39.664311Z
ChIJsxfm8r9lUjoRoGNxIWau54o,Yummy Bites,places,en,66,13.103755549999999,80.2517637,13.1048563,80.25316409999999,0,maa2,Chennai,2026-08-31T08:56:39.664314Z
ChIJuZJk7w9lUjoRIDAJFs_-POw,Town cafe,places,en,66,13.103755549999999,80.2517637,13.1021439,80.2527966,0,maa2,Chennai,2026-08-31T08:56:39.664317Z
ChIJRTOuwMBlUjoR5Q4ncTsU-go,N R Nashta Kadai,places,en,66,13.103755549999999,80.2517637,13.1026875,80.2499375,0,maa2,Chennai,2026-08-31T08:56:39.664319Z
ChIJzzp4uQNlUjoRcf_gdc3KFeY,Dopamine Infinity,places,en,66,13.103755549999999,80.2517637,13.106095,80.251376,0,maa2,Chennai,2026-08-31T08:56:39.664322Z
ChIJqwITqbJlUjoRVmU7bZhDDR8,Chai Karak,places,en,66,13.103755549999999,80.2517637,13.1061128,80.2513444,0,maa2,Chennai,2026-08-31T08:56:39.664324Z
ChIJR3yREb9lUjoRulv6EniCISE,Dosa Kada,places,en,66,13.103755549999999,80.2517637,13.106024900000001,80.25084059999999,0,maa2,Chennai,2026-08-31T08:56:39.664327Z
ChIJd3k8HEdnUjoR9_Ehqjcs4P8,ARD CURRY POINT,places,en,67,13.03796185,80.1892336,13.038028,80.18857120000001,0,maa2,Chennai,2026-08-31T08:56:39.979013Z
ChIJf0KkSgBnUjoRnoWh574Vza0,Millet Express,places,en,67,13.03796185,80.1892336,13.0390818,80.1885076,0,maa2,Chennai,2026-08-31T08:56:39.979023Z
ChIJ7z-XftNmUjoRAAAA0A4JN1Y,APPU CHECKEN CENTER,places,en,67,13.03796185,80.1892336,13.0394695,80.1899955,0,maa2,Chennai,2026-08-31T08:56:39.979026Z
ChIJqwwHZBVnUjoRNUyGoiCFqiA,GM Vada Kadai 2,places,en,67,13.03796185,80.1892336,13.0379449,80.1909754,0,maa2,Chennai,2026-08-31T08:56:39.979028Z
ChIJv76mzZNnUjoRutGOE8aRRtc,Praba's Kitchen,places,en,67,13.03796185,80.1892336,13.039479,80.19017649999999,0,maa2,Chennai,2026-08-31T08:56:39.979030Z
ChIJX9OfRNRmUjoRHWeR0D5LjgM,HOTEL N2X,places,en,67,13.03796185,80.1892336,13.0375307,80.1910475,0,maa2,Chennai,2026-08-31T08:56:39.979033Z
ChIJP36-1C1nUjoRDZchP3QTCzw,Vaigai Tea Coffee Tiffen Center,places,en,67,13.03796185,80.1892336,13.039619199999999,80.19011499999999,0,maa2,Chennai,2026-08-31T08:56:39.979035Z
ChIJs-F0K4hnUjoRYc2ZfZecqTw,Sri Muthuchettinadu Hotel,places,en,67,13.03796185,80.1892336,13.036674,80.1878119,0,maa2,Chennai,2026-08-31T08:56:39.979036Z
ChIJf5pGbtRmUjoRQW0n869Jczk,MKS Hotel,places,en,67,13.03796185,80.1892336,13.038487,80.19117609999999,0,maa2,Chennai,2026-08-31T08:56:39.979038Z
ChIJH2HqQ9RmUjoRvR1apPbHiXg,Shree Sairam Hot Chips,places,en,67,13.03796185,80.1892336,13.0375726,80.19126709999999,0,maa2,Chennai,2026-08-31T08:56:39.979040Z
ChIJafPxedNmUjoRApwR6SVrpHs,SALEM BOYS BIRYANI & FOOD COURT,places,en,67,13.03796185,80.1892336,13.0398658,80.18998599999999,0,maa2,Chennai,2026-08-31T08:56:39.979042Z
ChIJy9J70E5nUjoRQvQ-dds3x30,Malaysian Parotta Point,places,en,67,13.03796185,80.1892336,13.0384269,80.191341,0,maa2,Chennai,2026-08-31T08:56:39.979044Z
ChIJz60JeNNmUjoREPDWGe4TQXc,Swapna Snacks Bar,places,en,67,13.03796185,80.1892336,13.0399254,80.1904091,0,maa2,Chennai,2026-08-31T08:56:39.979046Z
ChIJJyJbatRmUjoRdlTC-sonAdA,Meat and Eat,places,en,67,13.03796185,80.1892336,13.0380583,80.1916124,0,maa2,Chennai,2026-08-31T08:56:39.979048Z
ChIJC80CKythUjoR32wxGubSQxk,ஜேஸ் அமுதம் ஹோட்டல்,places,en,67,13.03796185,80.1892336,13.0364887,80.1873749,0,maa2,Chennai,2026-08-31T08:56:39.979050Z
ChIJKyXyqSxhUjoRZeVqGrECjvQ,ஐஸ்வர்யா ஸ்டோர்ஸ்,places,en,67,13.03796185,80.1892336,13.0391899,80.1871207,0,maa2,Chennai,2026-08-31T08:56:39.979051Z
ChIJN1FRagBnUjoRGnhG1mSpavo,ZAN Cafe K K Nagar,places,en,67,13.03796185,80.1892336,13.039748099999999,80.19105309999999,0,maa2,Chennai,2026-08-31T08:56:39.979053Z
ChIJm2PUQmJnUjoR9Fr00GMIE-Q,Sai Arusuvai Home Made Food service,places,en,67,13.03796185,80.1892336,13.039766199999999,80.19107799999999,0,maa2,Chennai,2026-08-31T08:56:39.979055Z
ChIJAxQ2WehnUjoRS-M58jaXiqs,THE COUNTRY CAFE,places,en,67,13.03796185,80.1892336,13.039766199999999,80.1910784,0,maa2,Chennai,2026-08-31T08:56:39.979056Z
ChIJY2JcAo5nUjoR8avj5TTh-BY,Shawarma Spot Nesapakkam,places,en,67,13.03796185,80.1892336,13.039908899999999,80.1911196,0,maa2,Chennai,2026-08-31T08:56:39.979058Z
ChIJxdcfW7VhUjoRmETanMDcU-A,Annamalaiyar,places,en,68,13.0399311,80.18816845,13.0402346,80.1865917,0,maa2,Chennai,2026-08-31T08:56:41.360973Z
ChIJWfTqvpphUjoRA5caYR_yw2Q,Arun Sweets,places,en,68,13.0399311,80.18816845,13.040662999999999,80.18668749999999,0,maa2,Chennai,2026-08-31T08:56:41.360982Z
ChIJD2QqvyxhUjoRPp27uZj2NeQ,டி. எஸ். எஸ். பிரிண்டர்ஸ்,places,en,68,13.0399311,80.18816845,13.040334200000002,80.186448,0,maa2,Chennai,2026-08-31T08:56:41.360984Z
ChIJIa5kem1nUjoR7D_MtSqYG9s,The Foodies,places,en,68,13.0399311,80.18816845,13.0405628,80.18999149999999,0,maa2,Chennai,2026-08-31T08:56:41.360987Z
ChIJ_6p5WD1hUjoRFvzuz4rLzVY,DK Kitchen,places,en,68,13.0399311,80.18816845,13.0391009,80.1861553,0,maa2,Chennai,2026-08-31T08:56:41.360990Z
ChIJ9xzipTNhUjoRgUw4roc_tgA,DRP Chaat House,places,en,68,13.0399311,80.18816845,13.0390911,80.18612,0,maa2,Chennai,2026-08-31T08:56:41.360992Z
ChIJIWf9kEVhUjoRLD1RHxCdDDM,Chaai Corner,places,en,68,13.0399311,80.18816845,13.039379199999999,80.18594759999999,0,maa2,Chennai,2026-08-31T08:56:41.360993Z
ChIJGzxtSj1hUjoRaIKvpVPSO5s,The Biryani City,places,en,68,13.0399311,80.18816845,13.041512599999999,80.1864815,0,maa2,Chennai,2026-08-31T08:56:41.360995Z
ChIJI3103CxhUjoRPNvqElb6Dos,Amma Unavagam,places,en,68,13.0399311,80.18816845,13.041474899999999,80.186441,0,maa2,Chennai,2026-08-31T08:56:41.360997Z
ChIJkYsnuXpnUjoRTPwYdDy4U84,SAFIRE RESIDENCY,places,en,69,13.054700050000001,80.25359259999999,13.0546109,80.25295899999999,0,maa2,Chennai,2026-08-31T08:56:42.708162Z
ChIJp7FFi49nUjoRitDn-dNI1vc,SUMATHRA Restaurant,places,en,69,13.054700050000001,80.25359259999999,13.0546621,80.2529021,0,maa2,Chennai,2026-08-31T08:56:42.708171Z
ChIJoQBItOdnUjoRbRaDbBpLtyA,Eating Circles Cafe,places,en,69,13.054700050000001,80.25359259999999,13.0546186,80.2525907,0,maa2,Chennai,2026-08-31T08:56:42.708173Z
ChIJwzfwxVZnUjoROQ4QJKvQZk4,Nakshatra Tea Time,places,en,69,13.054700050000001,80.25359259999999,13.0544171,80.25232369999999,0,maa2,Chennai,2026-08-31T08:56:42.708176Z
ChIJzR0wZ0BmUjoRdLbK8tM5t5Y,Sri Krishna Hotel,places,en,69,13.054700050000001,80.25359259999999,13.0563063,80.2532689,0,maa2,Chennai,2026-08-31T08:56:42.708178Z
ChIJJ4K9epddUjoRLoikGYC5oo4,Annam High Class Pure Veg Restaurant,places,en,70,12.974580199999998,80.2619657,12.9749011,80.262801,0,maa2,Chennai,2026-08-31T08:56:43.033451Z
ChIJOwhTwkRdUjoRemDZ2An_NwU,HM Burger Point,places,en,70,12.974580199999998,80.2619657,12.9755909,80.2616329,0,maa2,Chennai,2026-08-31T08:56:43.033462Z
ChIJIxHhRERdUjoRMPkC0XZeZdo,Food Point,places,en,70,12.974580199999998,80.2619657,12.9756504,80.26191159999999,0,maa2,Chennai,2026-08-31T08:56:43.033465Z
ChIJ-aFobcpdUjoRtX5DVYhupU0,Rawther Briyani,places,en,70,12.974580199999998,80.2619657,12.9756775,80.26199919999999,0,maa2,Chennai,2026-08-31T08:56:43.033467Z
ChIJKYlBRURdUjoRrEZk_piHhY4,S.L. RAVUTHAR POROTTA PARADISE,places,en,70,12.974580199999998,80.2619657,12.9756956,80.2620274,0,maa2,Chennai,2026-08-31T08:56:43.033469Z
ChIJSYNrOQBdUjoRFtHS1_cRyQY,Anbu tiffin center [10 Rs dosa kadai ],places,en,70,12.974580199999998,80.2619657,12.974062499999999,80.2630599,0,maa2,Chennai,2026-08-31T08:56:43.033471Z
ChIJWV1Jb2JdUjoR3Wag-JmHyZc,Hanvi's Heritage Hub,places,en,70,12.974580199999998,80.2619657,12.9756688,80.2624622,0,maa2,Chennai,2026-08-31T08:56:43.033472Z
ChIJg-Urn0RdUjoRAAAAMAn-01I,S L Ravuthar Catering Services,places,en,70,12.974580199999998,80.2619657,12.975860299999999,80.26200700000001,0,maa2,Chennai,2026-08-31T08:56:43.033474Z
ChIJl0K8AMddUjoRZKn0qSI35Fg,De HUNT ZONE,places,en,70,12.974580199999998,80.2619657,12.9740304,80.2631888,0,maa2,Chennai,2026-08-31T08:56:43.033476Z
ChIJ960R6XRdUjoRs5xNOoptPuQ,Mass kadai,places,en,70,12.974580199999998,80.2619657,12.9758582,80.2625396,0,maa2,Chennai,2026-08-31T08:56:43.033478Z
ChIJrU3CBORdUjoRSFnCdu80cBM,Madurai Namma Idli Kadai (Kaiyenthi Bavan),places,en,70,12.974580199999998,80.2619657,12.9761198,80.26259979999999,0,maa2,Chennai,2026-08-31T08:56:43.033479Z
ChIJwfj1SkVdUjoR8VflVgZhhuE,Thanjai Mess,places,en,70,12.974580199999998,80.2619657,12.976393999999999,80.2622509,0,maa2,Chennai,2026-08-31T08:56:43.033481Z
ChIJEZFXc3ldUjoRCq_s18DBo6I,FOOD OUT,places,en,70,12.974580199999998,80.2619657,12.9734839,80.26367549999999,0,maa2,Chennai,2026-08-31T08:56:43.033483Z
ChIJzbO6IY1dUjoRQJad-Q0dSbo,Kamarkat srini (Taste of tradition),places,en,70,12.974580199999998,80.2619657,12.9733237,80.25985879999999,0,maa2,Chennai,2026-08-31T08:56:43.033484Z
ChIJTeEYHkddUjoRckjtCTNwB1Y,The Kiin Kkitchen,places,en,70,12.974580199999998,80.2619657,12.977067199999999,80.2611415,0,maa2,Chennai,2026-08-31T08:56:43.033486Z
ChIJR2tyNgBnUjoRIF1x0RKcEP0,Hotel barath,places,en,71,12.998895749999999,80.2586992,12.999162,80.2596549,0,maa2,Chennai,2026-08-31T08:56:44.253450Z
ChIJK5JpL_JnUjoROhbkptP5mQQ,Baby Proteins,places,en,71,12.998895749999999,80.2586992,12.9997195,80.25955850000001,0,maa2,Chennai,2026-08-31T08:56:44.253458Z
ChIJA_5yw75nUjoR5d4NcO1dHgw,BABY'S ROYAL BIRIYANI,places,en,71,12.998895749999999,80.2586992,12.9998349,80.2594919,0,maa2,Chennai,2026-08-31T08:56:44.253461Z
ChIJU1rvr_RnUjoRr3B7K0KbIno,Usman bai biriyani,places,en,71,12.998895749999999,80.2586992,13.000619299999999,80.25873990000001,0,maa2,Chennai,2026-08-31T08:56:44.253463Z
ChIJ2eM48PNnUjoRM2loxoaynvY,Adyar Arabian Express,places,en,71,12.998895749999999,80.2586992,12.9968787,80.25914379999999,0,maa2,Chennai,2026-08-31T08:56:44.253468Z
ChIJMTNjaRFnUjoRnVDftHsCM3k,Adyar Ananda Bhavan - A2B,places,en,71,12.998895749999999,80.2586992,12.996867799999999,80.2582201,0,maa2,Chennai,2026-08-31T08:56:44.253470Z
ChIJFQGy8fNnUjoRIejymXIAlWM,Chat at Adyar,places,en,71,12.998895749999999,80.2586992,12.996858500000002,80.2591825,0,maa2,Chennai,2026-08-31T08:56:44.253472Z
ChIJC1lXIPRmUjoRa8fT3KNBlo0,Exclusive Sandwich Point,places,en,71,12.998895749999999,80.2586992,13.001107,80.2587463,0,maa2,Chennai,2026-08-31T08:56:44.253473Z
ChIJIYsTcgBnUjoRDC0z9M0n_0o,Peni Ice Candy - Shastri Nagar,places,en,71,12.998895749999999,80.2586992,12.996646,80.25869709999999,0,maa2,Chennai,2026-08-31T08:56:44.253475Z
ChIJs72T33dnUjoRCLsvXA0U068,Sicily - Italian Fine dine,places,en,71,12.998895749999999,80.2586992,13.001140999999999,80.259282,0,maa2,Chennai,2026-08-31T08:56:44.253476Z
ChIJRWjjG_NnUjoRYUbXNHvoqDM,Hotel Topsee,places,en,71,12.998895749999999,80.2586992,12.998730799999999,80.2562469,0,maa2,Chennai,2026-08-31T08:56:44.253478Z
ChIJ5y67DhFnUjoRQvsOZw26Hyc,The Roll Guy,places,en,71,12.998895749999999,80.2586992,12.998733399999999,80.2562003,0,maa2,Chennai,2026-08-31T08:56:44.253480Z
ChIJZdV5ZABnUjoRMm4qZMbvdOo,RED MEAT BEEF BIRYANI,places,en,71,12.998895749999999,80.2586992,13.0010189,80.2574037,0,maa2,Chennai,2026-08-31T08:56:44.253481Z
ChIJD4RC0RhnUjoRH6KEnavzLkw,Damaal Dumeel Biriyani,places,en,71,12.998895749999999,80.2586992,12.996472299999999,80.2584296,0,maa2,Chennai,2026-08-31T08:56:44.253483Z
ChIJN0PNMwBnUjoRKWfLIV0tiVY,Adyar Shastri Nagar 1st Avenue,places,en,71,12.998895749999999,80.2586992,13.001298499999999,80.2594702,0,maa2,Chennai,2026-08-31T08:56:44.253484Z
ChIJ-cmOQEZnUjoRQJo6WMlfKlY,TAJ fast food adyar,places,en,71,12.998895749999999,80.2586992,13.0010972,80.2600063,0,maa2,Chennai,2026-08-31T08:56:44.253486Z
ChIJpbM7HABnUjoRQ-S9qx3R4t0,Uma Akka Kadai,places,en,71,12.998895749999999,80.2586992,13.001056,80.260102,0,maa2,Chennai,2026-08-31T08:56:44.253488Z
ChIJHwxTEwBnUjoRvFMnoJ1m2GA,Mathsya,places,en,71,12.998895749999999,80.2586992,12.997746399999999,80.2563372,0,maa2,Chennai,2026-08-31T08:56:44.253489Z
ChIJrTm86GhnUjoRqThBNK83H5M,Vedhavalli's Madapalli,places,en,72,13.05414395,80.2359804,13.053993499999999,80.23608010000001,0,maa2,Chennai,2026-08-31T08:56:44.569424Z
ChIJxZV7d0tnUjoRhxV7f7p9nF0,Spicy Kitchen White Pork Shop,places,en,72,13.05414395,80.2359804,13.0536628,80.235644,0,maa2,Chennai,2026-08-31T08:56:44.569431Z
ChIJBfyZFABnUjoRC1eclvoGq24,Aadhiya sappadu kadai,places,en,72,13.05414395,80.2359804,13.0547834,80.23611249999999,0,maa2,Chennai,2026-08-31T08:56:44.569433Z
ChIJX1w1uV5mUjoRVxUXIk1HlLE,Priya Bakery,places,en,72,13.05414395,80.2359804,13.0534956,80.2366023,0,maa2,Chennai,2026-08-31T08:56:44.569435Z
ChIJccKrvl5mUjoRTvq-qZHfpwU,Sri Pandian Hotel,places,en,72,13.05414395,80.2359804,13.0534889,80.2366497,0,maa2,Chennai,2026-08-31T08:56:44.569436Z
ChIJW5oLt15mUjoRl9FyVjpaPdc,JACQ DISH NETWORK,places,en,72,13.05414395,80.2359804,13.0529747,80.2365416,0,maa2,Chennai,2026-08-31T08:56:44.569438Z
ChIJ4-nIg5BnUjoR_s0JNiOpVD0,Mohan,places,en,72,13.05414395,80.2359804,13.0541515,80.2374076,0,maa2,Chennai,2026-08-31T08:56:44.569439Z
ChIJwWo7jDpnUjoRjtwUumbGdPo,WOW Chicken,places,en,72,13.05414395,80.2359804,13.0534012,80.237201,0,maa2,Chennai,2026-08-31T08:56:44.569440Z
ChIJV3spy0RnUjoRGWlUEZnOi_0,Thssy,places,en,72,13.05414395,80.2359804,13.0537253,80.2375101,0,maa2,Chennai,2026-08-31T08:56:44.569442Z
ChIJO0S6v9lnUjoRtS_O9bhh5vg,Trella,places,en,72,13.05414395,80.2359804,13.052586999999999,80.2357215,0,maa2,Chennai,2026-08-31T08:56:44.569443Z
ChIJRY0tbFFnUjoRZHkgUEs7LQI,Texas Bar & Kitchen,places,en,72,13.05414395,80.2359804,13.0525743,80.2357633,0,maa2,Chennai,2026-08-31T08:56:44.569444Z
ChIJnz2TdehnUjoRHy8mJoplWH8,Sri Durga Bhavan,places,en,72,13.05414395,80.2359804,13.053685199999999,80.2343872,0,maa2,Chennai,2026-08-31T08:56:44.569445Z
ChIJqSVaNBpnUjoRaCACD30mGdg,Sun V Tea,places,en,72,13.05414395,80.2359804,13.0536938,80.2343233,0,maa2,Chennai,2026-08-31T08:56:44.569446Z
ChIJPbm76UhmUjoRrTbVfTGnMmM,RK Caterers Nungambakkam - Best Veg Catering Service In Chennai | Best Non Veg Catering In Chennai | Corporate Catering,places,en,72,13.05414395,80.2359804,13.0540405,80.2377606,0,maa2,Chennai,2026-08-31T08:56:44.569448Z
ChIJjbXPf8FnUjoRS3RNVqflcLk,Saraswathi Chicken,places,en,72,13.05414395,80.2359804,13.054110399999999,80.23776470000001,0,maa2,Chennai,2026-08-31T08:56:44.569449Z
ChIJ1VDORGVnUjoRT6G7gz-vdw0,Ak kitchen,places,en,72,13.05414395,80.2359804,13.0537663,80.23772459999999,0,maa2,Chennai,2026-08-31T08:56:44.569450Z
ChIJqX92kMpnUjoR9O5icwSXzhw,Urban eats,places,en,72,13.05414395,80.2359804,13.0533802,80.2375893,0,maa2,Chennai,2026-08-31T08:56:44.569451Z
ChIJ4ULZE1lnUjoRNJqwOCwzFBc,Vandi Kadai Tiffin Centre,places,en,72,13.05414395,80.2359804,13.0530828,80.2344984,0,maa2,Chennai,2026-08-31T08:56:44.569452Z
ChIJWb3mH1xmUjoRAtJ4NqKLqZ4,Agr Hotel,places,en,72,13.05414395,80.2359804,13.0537612,80.23783329999999,0,maa2,Chennai,2026-08-31T08:56:44.569453Z
ChIJLZk7lTxnUjoRES5Hfmh8-uc,KANNAN TIFFIN KADAI,places,en,72,13.05414395,80.2359804,13.053010599999999,80.2344674,0,maa2,Chennai,2026-08-31T08:56:44.569455Z
ChIJxV1rHjRdUjoRPp3e0THOocA,Annai tiffen center,places,en,73,12.99084115,80.26213095,12.991273099999999,80.26166180000001,0,maa2,Chennai,2026-08-31T08:56:45.141592Z
ChIJz8SXPPZnUjoRbbp1bE9nPmQ,Hydrabad Biryani & Fast Food,places,en,73,12.99084115,80.26213095,12.9914922,80.26170119999999,0,maa2,Chennai,2026-08-31T08:56:45.141600Z
ChIJD7QpD2xnUjoR0d1-mtfA5tA,Noor Proteins.,places,en,73,12.99084115,80.26213095,12.991720599999999,80.26165209999999,0,maa2,Chennai,2026-08-31T08:56:45.141602Z
ChIJA7a1PfZnUjoRmTWqBgHLVxU,Hotel MMR,places,en,73,12.99084115,80.26213095,12.9918382,80.2615703,0,maa2,Chennai,2026-08-31T08:56:45.141603Z
ChIJPW395UFnUjoRmCGWTN2ElJM,chandru Tiffin centre,places,en,73,12.99084115,80.26213095,12.9922648,80.2624763,0,maa2,Chennai,2026-08-31T08:56:45.141605Z
ChIJc58UBL5dUjoRyKOp85Vm3LM,Rajasthani Namkeen,places,en,73,12.99084115,80.26213095,12.9888856,80.2622603,0,maa2,Chennai,2026-08-31T08:56:45.141606Z
ChIJM_YbTXhdUjoRpA1noaXTQms,Biryani Boutique,places,en,73,12.99084115,80.26213095,12.9900769,80.25998589999999,0,maa2,Chennai,2026-08-31T08:56:45.141607Z
ChIJBTxIYCZnUjoRU6ULpcS6xQE,Nithishome kitchen,places,en,73,12.99084115,80.26213095,12.992975999999999,80.26118249999999,0,maa2,Chennai,2026-08-31T08:56:45.141609Z
ChIJA3NxFsNnUjoRRDHCw3HJlkM,S R HYDERABAD BIRYANI & FAST FOOD,places,en,73,12.99084115,80.26213095,12.9884589,80.2611634,0,maa2,Chennai,2026-08-31T08:56:45.141610Z
ChIJ53rYRgBnUjoRmsKlZARjXEc,INIYAVAN MANNSATTY MEENKOZHLAMBU,places,en,73,12.99084115,80.26213095,12.9934841,80.2622146,0,maa2,Chennai,2026-08-31T08:56:45.141611Z
ChIJGxen6iZnUjoRxeNhZGtkT6I,Tibet Momo Thiruvanmiyur,places,en,73,12.99084115,80.26213095,12.9935035,80.2616364,0,maa2,Chennai,2026-08-31T08:56:45.141612Z
ChIJ5wJsotxnUjoRX4aGh3f1DPI,Royal Sandwich,places,en,73,12.99084115,80.26213095,12.9935035,80.2616364,0,maa2,Chennai,2026-08-31T08:56:45.141614Z
ChIJUY_RXwBnUjoRccLzl3UbPnE,Dolphin biryani & fast food,places,en,74,13.0745688,80.254541,13.0747526,80.25406919999999,0,maa2,Chennai,2026-08-31T08:56:45.572399Z
ChIJD-vER3NmUjoRygPRaIZBBSA,Hotel Aradana,places,en,74,13.0745688,80.254541,13.074501099999999,80.25368820000001,0,maa2,Chennai,2026-08-31T08:56:45.572410Z
ChIJlVEtNPxnUjoR5xS255ZoVvo,VIJAY TIFFEN CENTER,places,en,74,13.0745688,80.254541,13.074668599999999,80.25368309999999,0,maa2,Chennai,2026-08-31T08:56:45.572413Z
ChIJwwg_Q99nUjoRz27V5aqna2M,PRABHAVATHI FOOD SHOP,places,en,74,13.0745688,80.254541,13.0736256,80.2544121,0,maa2,Chennai,2026-08-31T08:56:45.572415Z
ChIJ4UuajDtnUjoR6Nz-4Rz8EM4,Dolphin Tiffen Center,places,en,74,13.0745688,80.254541,13.0748457,80.25555349999999,0,maa2,Chennai,2026-08-31T08:56:45.572417Z
ChIJLRI5JwBnUjoRlcMdX-_VTU8,Froot Flow,places,en,74,13.0745688,80.254541,13.0750139,80.2558997,0,maa2,Chennai,2026-08-31T08:56:45.572418Z
ChIJMRn_YAxmUjoRPZebAUbMLxw,MB Fast Food Halal Chicken Biriyani,places,en,74,13.0745688,80.254541,13.0748696,80.25598339999999,0,maa2,Chennai,2026-08-31T08:56:45.572420Z
ChIJR5G0mQxmUjoRRlUxKCN3cvs,Kung Fu Kitchen,places,en,74,13.0745688,80.254541,13.0752551,80.2559244,0,maa2,Chennai,2026-08-31T08:56:45.572422Z
ChIJLV8Z2nFnUjoRqe3p0PmNKoU,Madras Spice Restaurant - Egmore,places,en,74,13.0745688,80.254541,13.075137199999999,80.25601139999999,0,maa2,Chennai,2026-08-31T08:56:45.572423Z
ChIJlTCYeidnUjoRrqaOAKWfbLo,WAFFLE SPOT EGMORE ICE BAY,places,en,74,13.0745688,80.254541,13.074967899999999,80.2561127,0,maa2,Chennai,2026-08-31T08:56:45.572425Z
ChIJu6LV4FlnUjoRyBkZyuN0b9Y,Master Richard Briyani,places,en,74,13.0745688,80.254541,13.0737405,80.2530628,0,maa2,Chennai,2026-08-31T08:56:45.572426Z
ChIJywOjtQxmUjoRUJq-7pPp4B4,Sri vijaya durga andhra mess,places,en,74,13.0745688,80.254541,13.0743963,80.2562899,0,maa2,Chennai,2026-08-31T08:56:45.572428Z
ChIJZ76GDzVnUjoRyXImsMXYi_U,JASMEEN FAST FOOD,places,en,74,13.0745688,80.254541,13.0754169,80.2561764,0,maa2,Chennai,2026-08-31T08:56:45.572430Z
ChIJDc7LgAxmUjoRXuGDahBGmY4,Madurai Sri Muniyandi Vilas,places,en,74,13.0745688,80.254541,13.0750177,80.2564008,0,maa2,Chennai,2026-08-31T08:56:45.572431Z
ChIJpTrXkQxmUjoRLfZOFqnLnCs,ஸ்ரீ தஞ்சை உணவகம்,places,en,74,13.0745688,80.254541,13.075023,80.25651599999999,0,maa2,Chennai,2026-08-31T08:56:45.572433Z
ChIJfcrb7KZnUjoRPM59QP6ZAPo,R K samosa Stail,places,en,74,13.0745688,80.254541,13.075402599999999,80.2563961,0,maa2,Chennai,2026-08-31T08:56:45.572435Z
ChIJudduh3ZmUjoR3cPhhtS_ZRQ,Kings Hotel - Egmore,places,en,74,13.0745688,80.254541,13.0725053,80.25477839999999,0,maa2,Chennai,2026-08-31T08:56:45.572436Z
ChIJN74kZH9mUjoRsBbj7SmyNYY,BIRYANI,places,en,74,13.0745688,80.254541,13.072505,80.254776,0,maa2,Chennai,2026-08-31T08:56:45.572438Z
ChIJwYBNnXRmUjoRchqaaYxk2E4,Amma Unavagam,places,en,74,13.0745688,80.254541,13.075288899999999,80.25252789999999,0,maa2,Chennai,2026-08-31T08:56:45.572439Z
ChIJaTn8UP5nUjoRzNCAAp4D0zQ,Garrison,places,en,74,13.0745688,80.254541,13.0725067,80.2549265,0,maa2,Chennai,2026-08-31T08:56:45.572441Z
ChIJg1q9bkdnUjoR-NfZXlLv-l0,The Tiffin House,places,en,75,13.02002745,80.2208302,13.020050699999999,80.2209409,0,maa2,Chennai,2026-08-31T08:56:45.952850Z
ChIJlzoh1DRnUjoRwkCy3T_NAKY,Vimal Super Beef Biryani,places,en,75,13.02002745,80.2208302,13.0200414,80.2205444,0,maa2,Chennai,2026-08-31T08:56:45.952885Z
ChIJNZKsgj9nUjoRxhzcz2wHxMY,Anand Fast Food,places,en,75,13.02002745,80.2208302,13.0196331,80.22046069999999,0,maa2,Chennai,2026-08-31T08:56:45.952892Z
ChIJOTaSCgBnUjoRjzdzW1TYBTI,Krithik tiffen centre ( கிருத்திக் டிபன் சென்டர் ),places,en,75,13.02002745,80.2208302,13.0203947,80.2213225,0,maa2,Chennai,2026-08-31T08:56:45.952898Z
ChIJUcZdEH1nUjoRMhhTdF7KyI0,Refast food,places,en,75,13.02002745,80.2208302,13.020538,80.2219145,0,maa2,Chennai,2026-08-31T08:56:45.952902Z
ChIJDSLypJlnUjoRzHmKb654FDA,DOSA DELIGHTS,places,en,75,13.02002745,80.2208302,13.0196353,80.21967939999999,0,maa2,Chennai,2026-08-31T08:56:45.952907Z
ChIJSb3eSRBnUjoRb9J7A8TlWJ4,Al Arabian Delights (Saidapet),places,en,75,13.02002745,80.2208302,13.0204314,80.2196263,0,maa2,Chennai,2026-08-31T08:56:45.952911Z
ChIJX_vztRFnUjoRSIFDP5ynros,Combo's Kitchen 65 - Variety Dosa,places,en,75,13.02002745,80.2208302,13.0201244,80.2195587,0,maa2,Chennai,2026-08-31T08:56:45.952916Z
ChIJ916YMABnUjoRXOU2ADeHKE8,B SQUARE,places,en,75,13.02002745,80.2208302,13.0213851,80.22084629999999,0,maa2,Chennai,2026-08-31T08:56:45.952920Z
ChIJI1LjPwBnUjoRBxqPNeyK2xk,SASTHAA TIFFIN AND SNACKS,places,en,75,13.02002745,80.2208302,13.0214284,80.22079269999999,0,maa2,Chennai,2026-08-31T08:56:45.952924Z
ChIJH3vTtRFnUjoR1ztGm8fQPHc,PORNA Chicken,places,en,75,13.02002745,80.2208302,13.0200819,80.219368,0,maa2,Chennai,2026-08-31T08:56:45.952929Z
ChIJYXT2KRdnUjoRQTUG0eOKq5M,Manam Caterers - home made Briyani @saidapet,places,en,75,13.02002745,80.2208302,13.0195265,80.2192003,0,maa2,Chennai,2026-08-31T08:56:45.952945Z
ChIJ9eAQTYdnUjoRgCkh3E8GSGg,Abdulla Birinji Kadai,places,en,75,13.02002745,80.2208302,13.018935599999999,80.2193612,0,maa2,Chennai,2026-08-31T08:56:45.952951Z
ChIJo8UPRxBnUjoR1sN94M59yD0,ARCOT BIRYANI & FAST FOOD,places,en,75,13.02002745,80.2208302,13.0213393,80.21942059999999,0,maa2,Chennai,2026-08-31T08:56:45.952956Z
ChIJ2bJb8r9dUjoRd7Mq1hNnPIk,The Biryani Life,places,en,75,13.02002745,80.2208302,13.0210926,80.22244649999999,0,maa2,Chennai,2026-08-31T08:56:45.952961Z
ChIJ6S624Q9nUjoRU-ZlH5jYq50,Mari Hotel,places,en,75,13.02002745,80.2208302,13.022096,80.221068,0,maa2,Chennai,2026-08-31T08:56:45.952966Z
ChIJi5SXRcJnUjoRkf67-P11kbE,all types of electrical and ac work,places,en,75,13.02002745,80.2208302,13.0221194,80.2207985,0,maa2,Chennai,2026-08-31T08:56:45.952970Z
ChIJI2Ly81FnUjoRsGGDoMG8ANc,USHA MURUGAN,places,en,75,13.02002745,80.2208302,13.022158899999999,80.2210721,0,maa2,Chennai,2026-08-31T08:56:45.952975Z
ChIJiWnQ-RFnUjoRNPuoJIe8VL0,Lotus Suite Service Apartment,places,en,75,13.02002745,80.2208302,13.0178113,80.2203169,0,maa2,Chennai,2026-08-31T08:56:45.952980Z
ChIJ6yBX5g9nUjoR24A5OM7Log0,Tasty Soup Ram,places,en,75,13.02002745,80.2208302,13.0222196,80.2215248,0,maa2,Chennai,2026-08-31T08:56:45.952985Z
ChIJA5lvGbBnUjoRSkDlMCYcdYg,Bai vazhai illai Kaari parota,places,en,76,13.02288515,80.22434870000001,13.022896000000001,80.22434009999999,0,maa2,Chennai,2026-08-31T08:56:46.273609Z
ChIJMfs4bABnUjoRwiXDVy7CQLw,Chettinad Mutton Soup stall,places,en,76,13.02288515,80.22434870000001,13.0225469,80.2242856,0,maa2,Chennai,2026-08-31T08:56:46.273625Z
ChIJGdOGfA9nUjoRkJcc22gWZXk,Hot & Chill Juice shop,places,en,76,13.02288515,80.22434870000001,13.0232704,80.2244302,0,maa2,Chennai,2026-08-31T08:56:46.273630Z
ChIJh0eEJABnUjoRwmHe-9Ul_dc,Welcome Chapathi,places,en,76,13.02288515,80.22434870000001,13.0225422,80.224854,0,maa2,Chennai,2026-08-31T08:56:46.273633Z
ChIJL9tDKQBnUjoR5PW6PnwcbL4,A. P. Chapati & Chat Centre,places,en,76,13.02288515,80.22434870000001,13.0233106,80.2247871,0,maa2,Chennai,2026-08-31T08:56:46.273636Z
ChIJY4tDCnNnUjoR8uPhr3eUrbg,Annabaakkiyam tiffin centre,places,en,76,13.02288515,80.22434870000001,13.022276,80.2246832,0,maa2,Chennai,2026-08-31T08:56:46.273639Z
ChIJ30rDaw9nUjoR1MwnsN1PjyM,Sri L.J. Bakery,places,en,76,13.02288515,80.22434870000001,13.0221675,80.2247786,0,maa2,Chennai,2026-08-31T08:56:46.273642Z
ChIJs1s0DQ9nUjoRulmDwvD0uCs,Thalappakattu Biryani & Fast Food,places,en,76,13.02288515,80.22434870000001,13.021913399999999,80.2243955,0,maa2,Chennai,2026-08-31T08:56:46.273645Z
ChIJKxAjDwZnUjoRZVm33rbYsFo,Ambur Royal Biryani And Fastfood,places,en,76,13.02288515,80.22434870000001,13.022412899999999,80.2252542,0,maa2,Chennai,2026-08-31T08:56:46.273648Z
ChIJG87iPw9nUjoR3vYtB_BNKGg,AAA SNACKS,places,en,76,13.02288515,80.22434870000001,13.022162999999999,80.2250865,0,maa2,Chennai,2026-08-31T08:56:46.273651Z
ChIJQQ8T46RnUjoRKusWfZ95q-A,MASS ROYAL BIRIYANI,places,en,76,13.02288515,80.22434870000001,13.022484400000002,80.2253953,0,maa2,Chennai,2026-08-31T08:56:46.273654Z
ChIJP0PVjI5nUjoRZq1LKsAW9hY,PRABHU SEA FOODS,places,en,76,13.02288515,80.22434870000001,13.0218534,80.2239657,0,maa2,Chennai,2026-08-31T08:56:46.273656Z
ChIJ80d2GABnUjoRPWFHdAbyOo8,"Saidapet, chennai (tamil nadu)",places,en,76,13.02288515,80.22434870000001,13.022883799999999,80.2231941,0,maa2,Chennai,2026-08-31T08:56:46.273659Z
ChIJHfjrDQ9nUjoRnMXXOCm0jlM,Anifa Jigarthanda,places,en,76,13.02288515,80.22434870000001,13.0217321,80.2243975,0,maa2,Chennai,2026-08-31T08:56:46.273662Z
ChIJF8n3DgBnUjoRI7k2IyEvevQ,Kaiyenthi bhavan,places,en,76,13.02288515,80.22434870000001,13.0233099,80.2232442,0,maa2,Chennai,2026-08-31T08:56:46.273664Z
ChIJ32hgrQhnUjoR-QTlhD97VDU,Meat And Eat,places,en,76,13.02288515,80.22434870000001,13.0240449,80.2245186,0,maa2,Chennai,2026-08-31T08:56:46.273667Z
ChIJw6kWhQVnUjoRARlX0ziqtj0,Amma Unavagam,places,en,76,13.02288515,80.22434870000001,13.0241037,80.22436069999999,0,maa2,Chennai,2026-08-31T08:56:46.273669Z
ChIJqV9RQQ9nUjoRr_Yc1xTuvw8,Jeevan Tiffin Center,places,en,76,13.02288515,80.22434870000001,13.0223962,80.2255043,0,maa2,Chennai,2026-08-31T08:56:46.273672Z
ChIJ6ZE5Sv1nUjoRB2v4ZaffOxQ,Yarab Briyani,places,en,76,13.02288515,80.22434870000001,13.022556,80.2256173,0,maa2,Chennai,2026-08-31T08:56:46.273675Z
ChIJ3Y_KZg9nUjoRXo-q94R7FHA,Juice point,places,en,76,13.02288515,80.22434870000001,13.0239776,80.2250474,0,maa2,Chennai,2026-08-31T08:56:46.273677Z
ChIJjzUeUWhnUjoR3S7oxyIRbS0,Amma Unavagam,places,en,77,13.005354650000001,80.21151875000001,13.003811899999999,80.2121204,0,maa2,Chennai,2026-08-31T08:56:46.630920Z
ChIJLfq02mlnUjoRUpCufAYal_k,Adyar Sadic Proteins,places,en,77,13.005354650000001,80.21151875000001,13.0037241,80.2105917,0,maa2,Chennai,2026-08-31T08:56:46.630928Z
ChIJJ9qHH5JnUjoRJLwq1InZYco,Taste Theory,places,en,77,13.005354650000001,80.21151875000001,13.0061688,80.2097769,0,maa2,Chennai,2026-08-31T08:56:46.630931Z
ChIJ6dOV4GlnUjoRgP0419JzAX0,The Kings Biryani,places,en,77,13.005354650000001,80.21151875000001,13.0035417,80.210743,0,maa2,Chennai,2026-08-31T08:56:46.630933Z
ChIJGRNY12lnUjoRZZ5n5mbLfiM,Hotel Seeya,places,en,77,13.005354650000001,80.21151875000001,13.003626599999999,80.2103174,0,maa2,Chennai,2026-08-31T08:56:46.630935Z
ChIJA_RKI1NnUjoR9opUzVVAN-M,Ambur royal briyani and fast food,places,en,77,13.005354650000001,80.21151875000001,13.0071839,80.2126401,0,maa2,Chennai,2026-08-31T08:56:46.630936Z
ChIJPSHl9TFnUjoRPPAy3ZSEu9g,சியா ஹோட்டல்,places,en,77,13.005354650000001,80.21151875000001,13.0037028,80.21011349999999,0,maa2,Chennai,2026-08-31T08:56:46.630938Z
ChIJpTC9g7dnUjoRlICs5PReN9g,Vinayaga tiffin centre,places,en,77,13.005354650000001,80.21151875000001,13.003511699999999,80.2103515,0,maa2,Chennai,2026-08-31T08:56:46.630940Z
ChIJd2mw40FnUjoRaK18i5V7Q_c,Ambur Biryani,places,en,77,13.005354650000001,80.21151875000001,13.006756399999999,80.2095648,0,maa2,Chennai,2026-08-31T08:56:46.630942Z
ChIJS4kwQgBnUjoRGcjtmAXQh38,Murugan Biryani Kadai,places,en,77,13.005354650000001,80.21151875000001,13.006779900000002,80.209565,0,maa2,Chennai,2026-08-31T08:56:46.630944Z
ChIJmUcbMaxnUjoR1SAzEh-osuQ,Sandy's Biriyani-N-Grill,places,en,77,13.005354650000001,80.21151875000001,13.006779900000002,80.209565,0,maa2,Chennai,2026-08-31T08:56:46.630945Z
ChIJ_ydjBLJnUjoRe5pNrOc67hk,SRI BHAVANI FOODS,places,en,77,13.005354650000001,80.21151875000001,13.0033724,80.2100712,0,maa2,Chennai,2026-08-31T08:56:46.630947Z
ChIJxTPWn2ZnUjoRMEcnoxkvjgQ,JOSHUA'S KITCHEN,places,en,77,13.005354650000001,80.21151875000001,13.0032195,80.2102918,0,maa2,Chennai,2026-08-31T08:56:46.630949Z
ChIJ2SPJ4kFnUjoReZrCQfpqtdI,Al Arabian Delights Restaurant,places,en,77,13.005354650000001,80.21151875000001,13.0070464,80.2096646,0,maa2,Chennai,2026-08-31T08:56:46.630950Z
ChIJ8_Eo1mlnUjoRcWwK0ZPWYc4,ஸ்ரீ சோழா,places,en,77,13.005354650000001,80.21151875000001,13.003411300000002,80.20984229999999,0,maa2,Chennai,2026-08-31T08:56:46.630952Z
ChIJAxUPZCJnUjoR4vueAjW-pMk,Aakash Tiffin Center,places,en,77,13.005354650000001,80.21151875000001,13.007722300000001,80.21274009999999,0,maa2,Chennai,2026-08-31T08:56:46.630954Z
ChIJcYfTe0JnUjoRR14vayTvr18,Hotel Thoothukudi,places,en,77,13.005354650000001,80.21151875000001,13.0035583,80.20947799999999,0,maa2,Chennai,2026-08-31T08:56:46.630955Z
ChIJeS5eyF9nUjoRZ8cwHdQ3Si4,CURRY POINT,places,en,78,12.9910121,80.20839045,12.9909026,80.2085859,0,maa2,Chennai,2026-08-31T08:56:46.996923Z
ChIJkRpKbKtnUjoRrbDJJpD0d6g,SAGAYAMARI FOODS,places,en,78,12.9910121,80.20839045,12.990867999999999,80.20869979999999,0,maa2,Chennai,2026-08-31T08:56:46.996937Z
ChIJkehtOQdnUjoRk2H8pu5R0zo,Murugan Tiffan Center,places,en,78,12.9910121,80.20839045,12.9909068,80.2088558,0,maa2,Chennai,2026-08-31T08:56:46.996941Z
ChIJo7-h6klnUjoRnLJqRQLsSzo,பிஸ்மில்லா பிரியாணி,places,en,78,12.9910121,80.20839045,12.990821299999999,80.2091511,0,maa2,Chennai,2026-08-31T08:56:46.996945Z
ChIJ6Z0wgTddUjoRVZnsMhTBm7o,FALOODA_POINT,places,en,78,12.9910121,80.20839045,12.9915649,80.20668189999999,0,maa2,Chennai,2026-08-31T08:56:46.996956Z
ChIJ6Z0w_F5nUjoRLQxedMI5Gs4,Jam Jam Veg Biriyani,places,en,78,12.9910121,80.20839045,12.9916898,80.2065995,0,maa2,Chennai,2026-08-31T08:56:46.996959Z
ChIJvzMjPV5nUjoRP7AcSHDVh6M,Senthur Hotel,places,en,78,12.9910121,80.20839045,12.9928157,80.20904639999999,0,maa2,Chennai,2026-08-31T08:56:46.996962Z
ChIJ2zMQJNZnUjoRKqvuFxQi-H8,HOT CHAPATHI,places,en,78,12.9910121,80.20839045,12.991687299999999,80.2065703,0,maa2,Chennai,2026-08-31T08:56:46.996965Z
ChIJexSMRSVnUjoRuJOALMiZEuE,CHAPATI KADAI 2,places,en,78,12.9910121,80.20839045,12.9927817,80.209167,0,maa2,Chennai,2026-08-31T08:56:46.996967Z
ChIJb6tzPV5nUjoR6gbLujvtDsY,Sendhur Meenakshi Bhavan,places,en,78,12.9910121,80.20839045,12.9929125,80.20902459999999,0,maa2,Chennai,2026-08-31T08:56:46.996971Z
ChIJn2tWe-1nUjoRWQFpLv0vN3c,Saranya Tiffin Center,places,en,78,12.9910121,80.20839045,12.9927657,80.2096078,0,maa2,Chennai,2026-08-31T08:56:46.996975Z
ChIJ_cOIYOxnUjoRqE3Nk7mjF-g,Little Chinese wok (om murga foods),places,en,78,12.9910121,80.20839045,12.991869399999999,80.206335,0,maa2,Chennai,2026-08-31T08:56:46.996978Z
ChIJzWTu5F5nUjoR_G6zV53bqj8,SUGUNA CHICKEN,places,en,78,12.9910121,80.20839045,12.991921,80.20618879999999,0,maa2,Chennai,2026-08-31T08:56:46.996981Z
ChIJodnb5l5nUjoRBBMTbF8Izfw,Amma Canteen,places,en,78,12.9910121,80.20839045,12.9918303,80.2058476,0,maa2,Chennai,2026-08-31T08:56:46.996984Z
ChIJ3YPnjeZnUjoRfstEevu2rYM,SRI AKSHAYA BHAVAN,places,en,78,12.9910121,80.20839045,12.991691800000002,80.2057423,0,maa2,Chennai,2026-08-31T08:56:46.996987Z
ChIJQTkFFGFnUjoRNo3rmu2o4sE,HOTEL NELLAI VEG & NON,places,en,79,12.99229,80.21350875,12.992833599999999,80.2136938,0,maa2,Chennai,2026-08-31T08:56:47.297969Z
ChIJ3Wq1AgBnUjoRrUMC4tZrybE,Hotel Nandhini Chettinad Special TNHB Colony Velachery,places,en,79,12.99229,80.21350875,12.992848799999999,80.2136644,0,maa2,Chennai,2026-08-31T08:56:47.297982Z
ChIJVR66TElnUjoR2eAxOzFrRdQ,அம்மையப்பர் உயர்தர சைவ உணவகம்,places,en,79,12.99229,80.21350875,12.9929258,80.2136878,0,maa2,Chennai,2026-08-31T08:56:47.297985Z
ChIJH9itYShnUjoRaaLx2TvgRzk,AMMAI APPAN BHAVAN 1,places,en,79,12.99229,80.21350875,12.9930545,80.21378039999999,0,maa2,Chennai,2026-08-31T08:56:47.297987Z
ChIJ-cZNHM1nUjoRh7hof64RQr4,Tuition,places,en,79,12.99229,80.21350875,12.9931568,80.2138329,0,maa2,Chennai,2026-08-31T08:56:47.297989Z
ChIJLfTBP2FnUjoR2SkdmdQq0oU,ஜம் ஜம் வெஜ் பிரியாணி குஷ்கா சென்டர்,places,en,79,12.99229,80.21350875,12.9932246,80.2139139,0,maa2,Chennai,2026-08-31T08:56:47.298014Z
ChIJHV2g9CpnUjoRLmkcpRyUMsc,K A FOODS,places,en,79,12.99229,80.21350875,12.991765599999999,80.21454990000001,0,maa2,Chennai,2026-08-31T08:56:47.298017Z
ChIJ1X5DP2FnUjoR0TSSMsWFWV8,Arcot Biriyani,places,en,79,12.99229,80.21350875,12.993359,80.213892,0,maa2,Chennai,2026-08-31T08:56:47.298019Z
ChIJQ1XLOMNnUjoR0aKyhPxBTAI,Raja Mohamed,places,en,79,12.99229,80.21350875,12.9933786,80.214006,0,maa2,Chennai,2026-08-31T08:56:47.298021Z
ChIJ6c6RQGFnUjoRdLh4AiLPrUA,S.A CHICKEN FRIED RICE,places,en,79,12.99229,80.21350875,12.9933889,80.2140616,0,maa2,Chennai,2026-08-31T08:56:47.298023Z
ChIJ1R6UWKpnUjoRbU5NUu2hCnE,WhatsApp Food Express,places,en,79,12.99229,80.21350875,12.9934946,80.21399389999999,0,maa2,Chennai,2026-08-31T08:56:47.298025Z
ChIJwXogWhRnUjoRkyzOAobPQ0w,Sarathy Mutton And Chicken Stall,places,en,79,12.99229,80.21350875,12.9930335,80.2148685,0,maa2,Chennai,2026-08-31T08:56:47.298027Z
ChIJOx45T2FnUjoRsncCHvpRO7c,S.S.Star Biryani,places,en,79,12.99229,80.21350875,12.994011599999999,80.2143722,0,maa2,Chennai,2026-08-31T08:56:47.298029Z
ChIJU5cmAgBdUjoRzmAEz7FB5ts,", ம.பாலசுந்தரம்",places,en,80,12.9788189,80.25594415,12.9785904,80.2571741,0,maa2,Chennai,2026-08-31T08:56:47.640679Z
ChIJ0xBF8oldUjoRoYOh2XH-LgM,Al Ameen Fast Food,places,en,80,12.9788189,80.25594415,12.9787096,80.25419269999999,0,maa2,Chennai,2026-08-31T08:56:47.640689Z
ChIJnRFpAbVdUjoRrnoTDYnm1Zw,Tasty Kitchen,places,en,80,12.9788189,80.25594415,12.978156199999999,80.25418309999999,0,maa2,Chennai,2026-08-31T08:56:47.640692Z
ChIJy82JfwBdUjoRQnvGLyqJ6xs,Velan’s cafe,places,en,80,12.9788189,80.25594415,12.9794109,80.25412519999999,0,maa2,Chennai,2026-08-31T08:56:47.640694Z
ChIJITKiaABdUjoReaC9V1qwL6Q,Madeen fast food,places,en,80,12.9788189,80.25594415,12.9798826,80.2541117,0,maa2,Chennai,2026-08-31T08:56:47.640696Z
ChIJ0QCUpkFdUjoRz32QtqdlZgo,Homy Foods,places,en,80,12.9788189,80.25594415,12.9795517,80.2539206,0,maa2,Chennai,2026-08-31T08:56:47.640697Z
ChIJYV9BZl1dUjoRfJjfNgh80e8,Stay Easy Tiruvanmiyur Chennai,places,en,80,12.9788189,80.25594415,12.980725,80.255023,0,maa2,Chennai,2026-08-31T08:56:47.640699Z
ChIJHT8eXmBvUjoRo49i-U0NZ1o,HOTEL RAJ VILAS,places,en,80,12.9788189,80.25594415,12.978427499999999,80.2581051,0,maa2,Chennai,2026-08-31T08:56:47.640700Z
ChIJlVlfv1BdUjoRXnrKKd8Hgok,Yadgar chicken center,places,en,80,12.9788189,80.25594415,12.9803692,80.2541693,0,maa2,Chennai,2026-08-31T08:56:47.640702Z
ChIJDe13TUNdUjoR1Caqzym18kI,Annai Tiffin Centre,places,en,81,12.979227900000001,80.2585704,12.9790394,80.2592665,0,maa2,Chennai,2026-08-31T08:56:48.049492Z
ChIJ1_xKA0pdUjoRwUEE5FedPGg,NIZAMDEEN BIRYANI,places,en,81,12.979227900000001,80.2585704,12.9786048,80.2591714,0,maa2,Chennai,2026-08-31T08:56:48.049509Z
ChIJedKWubxdUjoRDs-Gku3U9ZA,Kaara Saaram chettinad restaurant,places,en,81,12.979227900000001,80.2585704,12.9796664,80.2593152,0,maa2,Chennai,2026-08-31T08:56:48.049515Z
ChIJi98xZABdUjoRwsJRofQmj50,Nellai Vairamaligai,places,en,81,12.979227900000001,80.2585704,12.9783624,80.2589811,0,maa2,Chennai,2026-08-31T08:56:48.049519Z
ChIJx9WIcQBdUjoRBuQNbdJPeTs,ECR RTO Thiruvanmiyur,places,en,81,12.979227900000001,80.2585704,12.978348299999999,80.25896829999999,0,maa2,Chennai,2026-08-31T08:56:48.049524Z
ChIJaVrDBwBdUjoRvhcL6OaCvcE,Tiffin Master - Thiruvanmiyur,places,en,81,12.979227900000001,80.2585704,12.978228900000001,80.2589859,0,maa2,Chennai,2026-08-31T08:56:48.049527Z
ChIJjVlyBe9dUjoRVQfPbYLuZDs,Hashtag Cafe,places,en,81,12.979227900000001,80.2585704,12.9781131,80.2590302,0,maa2,Chennai,2026-08-31T08:56:48.049531Z
ChIJuSkgo1xdUjoRXkVdtZ_PnSg,RAHMAN CHICKEN CENTER,places,en,81,12.979227900000001,80.2585704,12.9803812,80.2591741,0,maa2,Chennai,2026-08-31T08:56:48.049534Z
ChIJgZRqo1xdUjoRRF8F6r57zbA,தாழ கிருஷ்ணன் பேண்டு,places,en,81,12.979227900000001,80.2585704,12.9803658,80.2594149,0,maa2,Chennai,2026-08-31T08:56:48.049538Z
ChIJw2TZSABdUjoRdgwtbqMCx1A,BURMA FOODIE (ATHO SHOP),places,en,81,12.979227900000001,80.2585704,12.9808379,80.259328,0,maa2,Chennai,2026-08-31T08:56:48.049542Z
ChIJ4UfKbkNdUjoRDWtADEhAUWI,B.R. Biriyani & Fast Food,places,en,81,12.979227900000001,80.2585704,12.9774093,80.2590599,0,maa2,Chennai,2026-08-31T08:56:48.049545Z
ChIJRRy4bkNdUjoR1dBu7scKNwo,Rehoboth Biriyani & Kebabs,places,en,81,12.979227900000001,80.2585704,12.977379899999999,80.2590482,0,maa2,Chennai,2026-08-31T08:56:48.049548Z
ChIJsQ8u8M1dUjoRru-79n2ZHDw,Nivil's Biryani and kebabs,places,en,81,12.979227900000001,80.2585704,12.981072999999999,80.25916749999999,0,maa2,Chennai,2026-08-31T08:56:48.049551Z
ChIJ-7YqZ0NdUjoRo7iDHBYVOfY,Rush Catering FastFood,places,en,81,12.979227900000001,80.2585704,12.9775608,80.2596521,0,maa2,Chennai,2026-08-31T08:56:48.049554Z
ChIJEVgfpyxdUjoRNa43NJW4_F8,Murugar Veettu Unavagam,places,en,81,12.979227900000001,80.2585704,12.9775865,80.2597873,0,maa2,Chennai,2026-08-31T08:56:48.049557Z
ChIJLWSFzeFdUjoRxjCIJU7mk-s,"Madras Coffee House - Kannappan Nagar, Thiruvanmiyur",places,en,81,12.979227900000001,80.2585704,12.981184899999999,80.2595533,0,maa2,Chennai,2026-08-31T08:56:48.049561Z
ChIJPYC5UwBdUjoR6uKI4Nb7fV0,ECR KALYAANA BIRIYANI THIRUVIZHA,places,en,81,12.979227900000001,80.2585704,12.9767832,80.25852909999999,0,maa2,Chennai,2026-08-31T08:56:48.049564Z
ChIJoWf1CbJdUjoRfyjyQA547BQ,INSUVAI PURE VEG RESTAURANT,places,en,81,12.979227900000001,80.2585704,12.976700899999999,80.25933719999999,0,maa2,Chennai,2026-08-31T08:56:48.049574Z
ChIJd1Btr65nUjoReE3xWLmKZlA,Lokesh Bajji Stall,places,en,82,12.9917136,80.26855625,12.9928545,80.270318,0,maa2,Chennai,2026-08-31T08:56:48.388007Z
ChIJQ88-FOBdUjoRr9pv-w3IfN4,Unga Gayu's Kitchen,places,en,82,12.9917136,80.26855625,12.9934523,80.2697886,0,maa2,Chennai,2026-08-31T08:56:48.388018Z
ChIJqw5RLRRnUjoRxR78XZsFkiE,Singadurai Fries,places,en,82,12.9917136,80.26855625,12.9925299,80.27058099999999,0,maa2,Chennai,2026-08-31T08:56:48.388021Z
ChIJe5fuzvhnUjoRBQ4JRd1Bd2A,Anisha Tea Stall,places,en,82,12.9917136,80.26855625,12.9928905,80.27064089999999,0,maa2,Chennai,2026-08-31T08:56:48.388023Z
ChIJawFwQABdUjoRKAhzRzOcmqA,SS MADURAI BUN BAROTTA,places,en,83,12.9721805,80.20697000000001,12.972978099999999,80.206075,0,maa2,Chennai,2026-08-31T08:56:48.696123Z
ChIJe4GOQexdUjoRxRGUkdOVIds,"ஜெய் ஸ்ரீ ராகவ் இட்லி, தோசை மாவு கடை",places,en,83,12.9721805,80.20697000000001,12.9729727,80.2059958,0,maa2,Chennai,2026-08-31T08:56:48.696131Z
ChIJuSLLKYldUjoR64qoVYoVuUw,Mummys Mess - Exibition,places,en,83,12.9721805,80.20697000000001,12.973471199999999,80.2076757,0,maa2,Chennai,2026-08-31T08:56:48.696133Z
ChIJ-6NIeQBdUjoRUNKvESpD13A,SP'S KITCHEN,places,en,83,12.9721805,80.20697000000001,12.9725199,80.2051175,0,maa2,Chennai,2026-08-31T08:56:48.696135Z
ChIJhWYpRftdUjoRRKYr5OjuQ38,உண்டு மகிழ் உணவகம் undu Magil Hotel,places,en,83,12.9721805,80.20697000000001,12.974348899999999,80.2079619,0,maa2,Chennai,2026-08-31T08:56:48.696136Z
ChIJo7kLAwBdUjoRssapYI_jVeU,Mother's Cafe,places,en,84,12.97397815,80.20752250000001,12.9749087,80.2082537,0,maa2,Chennai,2026-08-31T08:56:49.098263Z
ChIJiYr64E1dUjoRdlmOsCn-yJQ,People's Favourite Biryani Brand,places,en,84,12.97397815,80.20752250000001,12.9751681,80.2079,0,maa2,Chennai,2026-08-31T08:56:49.098275Z
ChIJrflYR6VdUjoRRoHP5yfkSdc,Desi chaatwaale,places,en,84,12.97397815,80.20752250000001,12.9744896,80.2089618,0,maa2,Chennai,2026-08-31T08:56:49.098278Z
ChIJ3-BtPwBdUjoR0oT0XWK1JU4,Only Grilled (OG) Food Truck,places,en,84,12.97397815,80.20752250000001,12.9756625,80.2072656,0,maa2,Chennai,2026-08-31T08:56:49.098282Z
ChIJEzb7dABdUjoR3j-T8wzTUUQ,THE OLD SMUGGLER,places,en,84,12.97397815,80.20752250000001,12.974634,80.20919549999999,0,maa2,Chennai,2026-08-31T08:56:49.098284Z
ChIJeetXGABdUjoRXgx6uxhzolI,Pappu appam and panniyaram,places,en,84,12.97397815,80.20752250000001,12.9757079,80.206869,0,maa2,Chennai,2026-08-31T08:56:49.098287Z
ChIJ39ORnVBdUjoR956b_bQlK1o,VANIYAMBADI WEDDING BIRIYANI,places,en,84,12.97397815,80.20752250000001,12.9759555,80.206808,0,maa2,Chennai,2026-08-31T08:56:49.098290Z
ChIJVSii9g1dUjoROKSRKqlQiic,ELITE BIRIYANI KITCHEN,places,en,84,12.97397815,80.20752250000001,12.976171500000001,80.2071583,0,maa2,Chennai,2026-08-31T08:56:49.098292Z
ChIJtRs0E35dUjoR09_OabeD2Ok,YUMMY HOT & COOL,places,en,84,12.97397815,80.20752250000001,12.9745305,80.2052617,0,maa2,Chennai,2026-08-31T08:56:49.098295Z
ChIJdQ6ID21dUjoRunb_YFz7EDo,Kavitha akka kadai,places,en,84,12.97397815,80.20752250000001,12.976229499999999,80.20700459999999,0,maa2,Chennai,2026-08-31T08:56:49.098297Z
ChIJoQ25QwBdUjoR1k4YHLusfXQ,PIZZA POINT,places,en,84,12.97397815,80.20752250000001,12.976125099999999,80.20661450000001,0,maa2,Chennai,2026-08-31T08:56:49.098299Z
ChIJyzmO8NddUjoRY7_ynRt-Jio,Madurai special,places,en,84,12.97397815,80.20752250000001,12.9760777,80.2064918,0,maa2,Chennai,2026-08-31T08:56:49.098301Z
ChIJc4m3eQBdUjoRBr34sc6li2U,Bombay vadapav and chats,places,en,84,12.97397815,80.20752250000001,12.9761448,80.2064039,0,maa2,Chennai,2026-08-31T08:56:49.098304Z
ChIJayGMhYNdUjoR-BfRq4IGftA,INR FOOD TRUCK,places,en,84,12.97397815,80.20752250000001,12.9761452,80.2064034,0,maa2,Chennai,2026-08-31T08:56:49.098306Z
ChIJ7alRegBdUjoRgfwl81HmNIk,Chickzo🐔,places,en,84,12.97397815,80.20752250000001,12.976376300000002,80.2069223,0,maa2,Chennai,2026-08-31T08:56:49.098308Z
ChIJW-runkVdUjoRt67bajJoFdI,Sasi kadai,places,en,84,12.97397815,80.20752250000001,12.9761744,80.2063651,0,maa2,Chennai,2026-08-31T08:56:49.098310Z
ChIJZ0o_NTldUjoRTOIwu3sMqIk,BingeBowl,places,en,85,12.98609615,80.214595,12.9858122,80.2128084,0,maa2,Chennai,2026-08-31T08:56:49.422228Z
ChIJ54TrxyVdUjoRlpKBmXVPjUY,Behrouz Biryani Velachery,places,en,85,12.98609615,80.214595,12.983792999999999,80.214872,0,maa2,Chennai,2026-08-31T08:56:49.422241Z
ChIJX8fzStRdUjoR2XBjsR03RjE,MRR FAST FOOD,places,en,85,12.98609615,80.214595,12.9850964,80.21677420000002,0,maa2,Chennai,2026-08-31T08:56:49.422245Z
ChIJTRCqX4xdUjoRRjEI38tTeG8,Iyarkai Muligai Shop,places,en,85,12.98609615,80.214595,12.9886,80.2155939,0,maa2,Chennai,2026-08-31T08:56:49.422248Z
ChIJfYuhz3NnUjoRpyUWv7QmKxw,Sai gow burma food,places,en,86,12.9908337,80.21483525,12.9892966,80.2147258,0,maa2,Chennai,2026-08-31T08:56:49.813083Z
ChIJjRTiRQBnUjoRw6X5Lzg0zlE,Tasty Food Court,places,en,86,12.9908337,80.21483525,12.9892796,80.2147517,0,maa2,Chennai,2026-08-31T08:56:49.813096Z
ChIJD0d4IgBnUjoRipJh3yzoQbQ,Velachery gandhi road,places,en,86,12.9908337,80.21483525,12.9900191,80.2162508,0,maa2,Chennai,2026-08-31T08:56:49.813101Z
ChIJf1CrYABnUjoR-lrEjK2UoAw,London Waffle Co. - Phoenix Marketcity,places,en,86,12.9908337,80.21483525,12.9914615,80.21636629999999,0,maa2,Chennai,2026-08-31T08:56:49.813104Z
ChIJ-wO3RgBnUjoRauti7l-xgNw,Shahdol,places,en,86,12.9908337,80.21483525,12.9921569,80.2157915,0,maa2,Chennai,2026-08-31T08:56:49.813108Z
ChIJK3YY_2FnUjoR0UtmOKfOjLs,Shanthi Chicken,places,en,86,12.9908337,80.21483525,12.989212100000001,80.2151974,0,maa2,Chennai,2026-08-31T08:56:49.813111Z
ChIJIceZN2JnUjoRLsB5B9BOxGI,Wow! Momo,places,en,86,12.9908337,80.21483525,12.9907009,80.2165563,0,maa2,Chennai,2026-08-31T08:56:49.813114Z
ChIJd7OcOAevJzoR5iwiMeZoYbI,"Jonah's Bistro, Phoenix Mall",places,en,86,12.9908337,80.21483525,12.991700999999999,80.2164317,0,maa2,Chennai,2026-08-31T08:56:49.813116Z
ChIJb0e7R7RnUjoRobYLezt3zPk,Tovo Phoenix Market City,places,en,86,12.9908337,80.21483525,12.991302600000001,80.2166199,0,maa2,Chennai,2026-08-31T08:56:49.813119Z
ChIJExzqBRxnUjoRTuJv4TBMJYQ,Street Foods By Punjab Grill Velachery,places,en,86,12.9908337,80.21483525,12.991302600000001,80.2166199,0,maa2,Chennai,2026-08-31T08:56:49.813122Z
ChIJqUhiog5nUjoRqSS0xCkmpMM,Taco Bell,places,en,86,12.9908337,80.21483525,12.991302600000001,80.2166199,0,maa2,Chennai,2026-08-31T08:56:49.813125Z
ChIJ8TXcNWJnUjoR4tK9XobQ7q8,KFC,places,en,86,12.9908337,80.21483525,12.9913004,80.2166307,0,maa2,Chennai,2026-08-31T08:56:49.813128Z
ChIJNa8TSQBnUjoRx_mgc_Gjk5A,Authentic Bubble Tea,places,en,86,12.9908337,80.21483525,12.991645799999999,80.21651700000001,0,maa2,Chennai,2026-08-31T08:56:49.813130Z
ChIJsSs5SGJnUjoRuuk1p2c-x3s,Chili's Grill & Bar,places,en,86,12.9908337,80.21483525,12.9912099,80.2166816,0,maa2,Chennai,2026-08-31T08:56:49.813133Z
ChIJCZP_1mNnUjoRPZnAk4GiQq0,Lakshmi Hotel,places,en,86,12.9908337,80.21483525,12.9925468,80.21559289999999,0,maa2,Chennai,2026-08-31T08:56:49.813136Z
ChIJs__DjFpnUjoROaQ-ZT8gSqI,Popeyes,places,en,86,12.9908337,80.21483525,12.9915598,80.2166266,0,maa2,Chennai,2026-08-31T08:56:49.813139Z
ChIJ57NLNtNnUjoRaIxQGGawhMo,Iyarkai Mooligai Shop,places,en,86,12.9908337,80.21483525,12.9889881,80.2153787,0,maa2,Chennai,2026-08-31T08:56:49.813141Z
ChIJqSmlwXxnUjoRbIdHYcoYORo,Cafe Coffee day,places,en,86,12.9908337,80.21483525,12.9908703,80.2168636,0,maa2,Chennai,2026-08-31T08:56:49.813144Z
ChIJB3AdSGJnUjoRa2OFVGH4iJA,"Pizza Hut | Phoenix Market City, Chennai",places,en,86,12.9908337,80.21483525,12.991247200000002,80.2168157,0,maa2,Chennai,2026-08-31T08:56:49.813147Z
ChIJZRxGjppdUjoRAMOqnvozFKo,Pushpam Hotel,places,en,87,12.97537325,80.22205805,12.9755591,80.2218506,0,maa2,Chennai,2026-08-31T08:56:50.224817Z
ChIJ37SvlJpdUjoR0cqRUjytN9g,Hotel Jai Hind Dhaba,places,en,87,12.97537325,80.22205805,12.975456000000001,80.222368,0,maa2,Chennai,2026-08-31T08:56:50.224826Z
ChIJuyED7JpdUjoRIfIrxQt2nzo,New Street food,places,en,87,12.97537325,80.22205805,12.975669,80.22183869999999,0,maa2,Chennai,2026-08-31T08:56:50.224829Z
ChIJKWwzkZpdUjoRmDD6qoTMsYQ,Pind Restaurant - Desi restaurant Velachery,places,en,87,12.97537325,80.22205805,12.9758256,80.2220059,0,maa2,Chennai,2026-08-31T08:56:50.224832Z
ChIJE5l0kZpdUjoRiSldT0bbiLY,Pure Punjabi Desi Restaurant,places,en,87,12.97537325,80.22205805,12.9758278,80.2220308,0,maa2,Chennai,2026-08-31T08:56:50.224834Z
ChIJBa2dDQBdUjoRLZ5L2eWtHUM,THIRSTY OWL,places,en,87,12.97537325,80.22205805,12.9758994,80.2219989,0,maa2,Chennai,2026-08-31T08:56:50.224836Z
ChIJeS9tDQBdUjoRLJvsSeoI7NA,Lakshmi bhavan,places,en,87,12.97537325,80.22205805,12.9758707,80.2218607,0,maa2,Chennai,2026-08-31T08:56:50.224838Z
ChIJ1wJ2VOtdUjoReZ8yCtgVjF8,LITTLE WOK CHENNAI,places,en,87,12.97537325,80.22205805,12.9759956,80.22188,0,maa2,Chennai,2026-08-31T08:56:50.224840Z
ChIJk-3ryoldUjoRksaCh71D5XM,Salem RR Biryani - Velachery Branch,places,en,87,12.97537325,80.22205805,12.975717699999999,80.2213858,0,maa2,Chennai,2026-08-31T08:56:50.224843Z
ChIJ8Y4if5BdUjoR77OaBcCQVdM,Diff 42 Velachery,places,en,87,12.97537325,80.22205805,12.975600799999999,80.22132839999999,0,maa2,Chennai,2026-08-31T08:56:50.224845Z
ChIJ24adkq9dUjoRkVYqADHx3hQ,Chandrasekar J,places,en,87,12.97537325,80.22205805,12.9760976,80.221836,0,maa2,Chennai,2026-08-31T08:56:50.224847Z
ChIJK3poWJldUjoROg8I4cqfD-w,BASHA BHAI BIRYANI,places,en,87,12.97537325,80.22205805,12.9760987,80.22183989999999,0,maa2,Chennai,2026-08-31T08:56:50.224849Z
ChIJQ2CR50ldUjoRo4Mhoo-rjDg,AR MESS,places,en,87,12.97537325,80.22205805,12.976098299999999,80.2218334,0,maa2,Chennai,2026-08-31T08:56:50.224851Z
ChIJ6TlLcaldUjoRdJ-3hJfuFs4,Teeka Meeta,places,en,87,12.97537325,80.22205805,12.976116399999999,80.22188969999999,0,maa2,Chennai,2026-08-31T08:56:50.224853Z
ChIJgxb64WddUjoRldVNUfBMb-0,Prolicks,places,en,87,12.97537325,80.22205805,12.9761358,80.2219387,0,maa2,Chennai,2026-08-31T08:56:50.224855Z
ChIJn-JyjBxdUjoRymKnme0S6Mk,King of Bombay: Seekh Paratha & Chinese,places,en,87,12.97537325,80.22205805,12.9761396,80.22190979999999,0,maa2,Chennai,2026-08-31T08:56:50.224857Z
ChIJXwH9bgBdUjoRuNgFX3k-_7s,Iniya Mugil Soup,places,en,87,12.97537325,80.22205805,12.9761285,80.22178679999999,0,maa2,Chennai,2026-08-31T08:56:50.224859Z
ChIJI5lnbpBdUjoRcqBajh8TzBE,Sri Maruthi Bhavan,places,en,87,12.97537325,80.22205805,12.9761397,80.22180809999999,0,maa2,Chennai,2026-08-31T08:56:50.224861Z
ChIJyZwpSwBdUjoRUQjdyEEtuv4,Rush and Refuel Cafe,places,en,87,12.97537325,80.22205805,12.9755027,80.221232,0,maa2,Chennai,2026-08-31T08:56:50.224863Z
ChIJkwpugaNdUjoRo-Z731jLJ1Q,2K Chaat+,places,en,87,12.97537325,80.22205805,12.9761565,80.2217972,0,maa2,Chennai,2026-08-31T08:56:50.224865Z
ChIJRZivvBVdUjoR34FOd7Yw5qY,Signature Home Foods,places,en,88,12.978598649999999,80.2317883,12.9786693,80.2321454,0,maa2,Chennai,2026-08-31T08:56:50.538596Z
ChIJ5Rdx9TJdUjoRDQ6oIxQiT6Q,K V Chat Corner,places,en,88,12.978598649999999,80.2317883,12.9792262,80.2331835,0,maa2,Chennai,2026-08-31T08:56:50.538605Z
ChIJNRFwFHhdUjoRaVIp7WgjE54,Yusuf Beef Biryani,places,en,88,12.978598649999999,80.2317883,12.979428799999999,80.2332168,0,maa2,Chennai,2026-08-31T08:56:50.538608Z
ChIJeTe5nR1dUjoR_uX-JnvjFGw,TasTea Cafe,places,en,88,12.978598649999999,80.2317883,12.979550000000001,80.233279,0,maa2,Chennai,2026-08-31T08:56:50.538610Z
ChIJGa7iLkddUjoRz7tUl8AkEg4,Foodieport,places,en,88,12.978598649999999,80.2317883,12.979581099999999,80.2332729,0,maa2,Chennai,2026-08-31T08:56:50.538612Z
ChIJd0rxjSFdUjoRUGJTJLTVGPI,A1 Briyani,places,en,88,12.978598649999999,80.2317883,12.9772696,80.2330758,0,maa2,Chennai,2026-08-31T08:56:50.538613Z
ChIJu7LUf4ddUjoRVQx4kCn57Ek,Rahae Gourmet,places,en,88,12.978598649999999,80.2317883,12.980548599999999,80.2307269,0,maa2,Chennai,2026-08-31T08:56:50.538615Z
ChIJ8wii2LpdUjoRBwxhMAonTLg,Veggie Paradise,places,en,88,12.978598649999999,80.2317883,12.981085799999999,80.2313265,0,maa2,Chennai,2026-08-31T08:56:50.538616Z
ChIJO3iZGZhdUjoRHgZI4Se2fzY,Shafiq fastfood & biriyani,places,en,88,12.978598649999999,80.2317883,12.9763249,80.23306769999999,0,maa2,Chennai,2026-08-31T08:56:50.538618Z
ChIJGS6Me7FdUjoRmZfW-vcWZz4,Saai Chicken Center,places,en,88,12.978598649999999,80.2317883,12.9770846,80.23396629999999,0,maa2,Chennai,2026-08-31T08:56:50.538619Z
ChIJU35lttddUjoRAgQC0KmEoUk,Sumaiya Brinji center,places,en,88,12.978598649999999,80.2317883,12.9762568,80.2330212,0,maa2,Chennai,2026-08-31T08:56:50.538621Z
ChIJqT3Scd1dUjoRnJfrd7v8ZW0,Odin's Galley | Bar & Kitchen,places,en,88,12.978598649999999,80.2317883,12.9811997,80.231343,0,maa2,Chennai,2026-08-31T08:56:50.538622Z
ChIJKf0F_RVdUjoRvtDX-7ih3YA,B2BITES,places,en,89,12.97900495,80.23273085,12.9773114,80.23441969999999,0,maa2,Chennai,2026-08-31T08:56:50.873084Z
ChIJ9-Go9XhdUjoRlcXNDfoErUM,Udhayam Tiffin Centre,places,en,89,12.97900495,80.23273085,12.981241299999999,80.23371480000002,0,maa2,Chennai,2026-08-31T08:56:50.873090Z
ChIJIfQLHC5dUjoRK0LP4GPMqkM,Fathima Briyani,places,en,89,12.97900495,80.23273085,12.981333,80.23349689999999,0,maa2,Chennai,2026-08-31T08:56:50.873092Z
ChIJ8Qul9XhdUjoRb3CQbDIBQ3I,The Best of Chinese Fast Food,places,en,89,12.97900495,80.23273085,12.981228999999999,80.23380449999999,0,maa2,Chennai,2026-08-31T08:56:50.873093Z
ChIJC4F5jHhdUjoRh20Mv5mlLhc,ROYAL MALABAR PLAZA,places,en,89,12.97900495,80.23273085,12.9814074,80.2333232,0,maa2,Chennai,2026-08-31T08:56:50.873095Z
ChIJ-8DGuUBdUjoRMq4l1EuqDDE,Ajmeer Birayani,places,en,89,12.97900495,80.23273085,12.9814074,80.2333232,0,maa2,Chennai,2026-08-31T08:56:50.873096Z
ChIJmepD9nhdUjoRAAAAMD_XiTM,MATHILESH PHANI POORI SHOP,places,en,89,12.97900495,80.23273085,12.9812102,80.2339756,0,maa2,Chennai,2026-08-31T08:56:50.873098Z
ChIJj5m1TABdUjoRZ6ajvPvjwOo,SIP N' CRUNCH,places,en,89,12.97900495,80.23273085,12.9813783,80.23372429999999,0,maa2,Chennai,2026-08-31T08:56:50.873099Z
ChIJdVK16zhdUjoRYIrQm3XRN8s,Milan Express Juice Shop,places,en,89,12.97900495,80.23273085,12.9816453,80.2331331,0,maa2,Chennai,2026-08-31T08:56:50.873101Z
ChIJjSW9yBdpUjoR0Qe1ugGU8OQ,Bhai kadai,places,en,90,13.05622625,80.28068189999999,13.056254599999999,80.27974809999999,0,maa2,Chennai,2026-08-31T08:56:51.302016Z
ChIJK_SnXgBpUjoRa0Rab3YPxvI,Cricket ground,places,en,90,13.05622625,80.28068189999999,13.057457999999999,80.281289,0,maa2,Chennai,2026-08-31T08:56:51.302025Z
ChIJy59w2rZpUjoRrjhYgOSJTnY,JEYARANI FAST FOOD,places,en,90,13.05622625,80.28068189999999,13.0558515,80.2820382,0,maa2,Chennai,2026-08-31T08:56:51.302028Z
ChIJN4pBV_FpUjoRooZsB1z3asA,VP SPRING POTATO,places,en,90,13.05622625,80.28068189999999,13.055648699999999,80.28224879999999,0,maa2,Chennai,2026-08-31T08:56:51.302030Z
ChIJ54zU8n5pUjoR0pCi-x28igg,AAKIF BIRYANI,places,en,90,13.05622625,80.28068189999999,13.057078899999999,80.2791951,0,maa2,Chennai,2026-08-31T08:56:51.302032Z
ChIJ2amgUABpUjoRpxrkA7vdQtI,S.S.Fast Food,places,en,90,13.05622625,80.28068189999999,13.055582399999999,80.2822528,0,maa2,Chennai,2026-08-31T08:56:51.302034Z
ChIJU_rmPflpUjoRv373Ng1T8aY,Waffle clouds,places,en,90,13.05622625,80.28068189999999,13.0553975,80.2822324,0,maa2,Chennai,2026-08-31T08:56:51.302036Z
ChIJp2veKfppUjoRwmtjlQ9W5fg,NISHANTHI SHOP,places,en,90,13.05622625,80.28068189999999,13.055112399999999,80.2820335,0,maa2,Chennai,2026-08-31T08:56:51.302037Z
ChIJ930LM5loUjoRCFhgfIqQw1o,Raghul Pani Puri Stall,places,en,90,13.05622625,80.28068189999999,13.0559874,80.28245869999999,0,maa2,Chennai,2026-08-31T08:56:51.302039Z
ChIJF5m0ZwBpUjoRbSXhvni_7m0,Rayan dahi chhat,places,en,90,13.05622625,80.28068189999999,13.055605199999999,80.2823913,0,maa2,Chennai,2026-08-31T08:56:51.302041Z
ChIJX757DDBpUjoR_1BXXILfUsA,ECR fast food,places,en,90,13.05622625,80.28068189999999,13.0549827,80.28206399999999,0,maa2,Chennai,2026-08-31T08:56:51.302042Z
ChIJh2GETQBpUjoRaLMPKDXyt20,KGF Fast food,places,en,90,13.05622625,80.28068189999999,13.0559061,80.28255349999999,0,maa2,Chennai,2026-08-31T08:56:51.302044Z
ChIJYbVtzp5oUjoR9kcK-Kt_fXY,Chicken Paradise,places,en,90,13.05622625,80.28068189999999,13.054958,80.2820674,0,maa2,Chennai,2026-08-31T08:56:51.302046Z
ChIJ6Y0MB2xpUjoRNXgfZOQiZcw,SK Fast Food,places,en,90,13.05622625,80.28068189999999,13.0557506,80.28276240000001,0,maa2,Chennai,2026-08-31T08:56:51.302047Z
ChIJp3xdHORpUjoRf4EDoOiMS9s,Charminar Chinese fast foods,places,en,90,13.05622625,80.28068189999999,13.0546496,80.2820972,0,maa2,Chennai,2026-08-31T08:56:51.302049Z
ChIJqRLPpZ9oUjoRyUw0LrJuKB8,S K Nasar Soup Center,places,en,90,13.05622625,80.28068189999999,13.057718099999999,80.27896369999999,0,maa2,Chennai,2026-08-31T08:56:51.302050Z
ChIJc8EMpJ9oUjoRl_11Qvv3_FM,TEA BREAK & HOTEL,places,en,90,13.05622625,80.28068189999999,13.057876799999999,80.2789986,0,maa2,Chennai,2026-08-31T08:56:51.302052Z
ChIJrVeXMVBpUjoRU4ScPOnrdWI,Namma atti marina,places,en,90,13.05622625,80.28068189999999,13.054322599999999,80.28201899999999,0,maa2,Chennai,2026-08-31T08:56:51.302054Z
ChIJRTdqEwBpUjoR3EZzDHiWIVU,Aalim Biriyani,places,en,90,13.05622625,80.28068189999999,13.0578812,80.2789418,0,maa2,Chennai,2026-08-31T08:56:51.302056Z
ChIJ1V39Q3VpUjoRliuoFYrB9bc,LOC Square Cafe,places,en,90,13.05622625,80.28068189999999,13.0578812,80.2789418,0,maa2,Chennai,2026-08-31T08:56:51.302057Z
ChIJZ_YG1D5hUjoR63Y99IPz1uA,the greeny,places,en,91,13.04030075,80.17320275,13.0404648,80.1731995,0,maa2,Chennai,2026-08-31T08:56:51.889694Z
ChIJ0YD-PABhUjoRaWh6KvuF4Yo,Vaathiyar Parrotta Kadai,places,en,91,13.04030075,80.17320275,13.0408241,80.172986,0,maa2,Chennai,2026-08-31T08:56:51.889701Z
ChIJrS_LrCVhUjoRwtF2P2L7GQw,Valasai Subha,places,en,91,13.04030075,80.17320275,13.0409548,80.1734587,0,maa2,Chennai,2026-08-31T08:56:51.889704Z
ChIJj-T1_qJhUjoRcG1tGoA5F9I,Aroma Café,places,en,91,13.04030075,80.17320275,13.0410419,80.17304399999999,0,maa2,Chennai,2026-08-31T08:56:51.889706Z
ChIJ9bjw2Q5hUjoReCvZ1qy81rA,"Bakya Veg Restaurant, Valasaravakkam",places,en,91,13.04030075,80.17320275,13.0406359,80.17246759999999,0,maa2,Chennai,2026-08-31T08:56:51.889707Z
ChIJPxzSfVFhUjoRd6KkXD0-2vM,Shalimar Dum Biryani,places,en,91,13.04030075,80.17320275,13.0410497,80.1729936,0,maa2,Chennai,2026-08-31T08:56:51.889709Z
ChIJMwWxhWthUjoRAiuVRoAAUl8,Biryani Houzz & Wok,places,en,91,13.04030075,80.17320275,13.040626500000002,80.1724227,0,maa2,Chennai,2026-08-31T08:56:51.889710Z
ChIJ84JvqjtdUjoRDQFM6YIx7j4,Amma Cheyyi Curry Point,places,en,91,13.04030075,80.17320275,13.0406508,80.17415079999999,0,maa2,Chennai,2026-08-31T08:56:51.889712Z
ChIJrQlzE1xhUjoRmE-LZ6zFW5M,Hotel Virundhagam,places,en,91,13.04030075,80.17320275,13.0402685,80.1742347,0,maa2,Chennai,2026-08-31T08:56:51.889713Z
ChIJIdqV0YdhUjoR5BFcPGBk-bE,Dwaraka Veg,places,en,91,13.04030075,80.17320275,13.0410624,80.1738804,0,maa2,Chennai,2026-08-31T08:56:51.889714Z
ChIJ1QOHqSVhUjoRv-A9OBZSkzs,Salem RR Biriyani,places,en,91,13.04030075,80.17320275,13.0412483,80.173577,0,maa2,Chennai,2026-08-31T08:56:51.889716Z
ChIJ243g_zBhUjoR0yD4xGnHA7U,Bakes N Fryes,places,en,91,13.04030075,80.17320275,13.0395107,80.17229499999999,0,maa2,Chennai,2026-08-31T08:56:51.889717Z
ChIJb047XgBhUjoRbKK6bOkr9gE,AAURAAZHI ARUSUVAI UNAVAGAM,places,en,91,13.04030075,80.17320275,13.040922,80.1742189,0,maa2,Chennai,2026-08-31T08:56:51.889719Z
ChIJW9SfryVhUjoR4lOv3qsxEd8,BISMI HOTEL,places,en,91,13.04030075,80.17320275,13.040937699999999,80.1742157,0,maa2,Chennai,2026-08-31T08:56:51.889720Z
ChIJf7wZaSRhUjoRitT8xckoJmw,Tang Food Passion People,places,en,91,13.04030075,80.17320275,13.0404217,80.17195629999999,0,maa2,Chennai,2026-08-31T08:56:51.889721Z
ChIJwSH6qCVhUjoRJFoVqp10B0U,Sulfi Spot,places,en,91,13.04030075,80.17320275,13.0411737,80.17414579999999,0,maa2,Chennai,2026-08-31T08:56:51.889723Z
ChIJB43XiCdhUjoRYiBF3teZ_Cg,Amman Hotel,places,en,91,13.04030075,80.17320275,13.039304099999999,80.1723055,0,maa2,Chennai,2026-08-31T08:56:51.889724Z
ChIJhbYr2uxhUjoRkecp_FL8eH4,Vairam biryani valasaravakkam,places,en,91,13.04030075,80.17320275,13.0403237,80.1718092,0,maa2,Chennai,2026-08-31T08:56:51.889725Z
ChIJ43bHIQBhUjoReGay9Jf7WkI,Suprabatham restaurant,places,en,91,13.04030075,80.17320275,13.0411109,80.17428249999999,0,maa2,Chennai,2026-08-31T08:56:51.889727Z
ChIJF6oZoCVhUjoRnJQwz_H7UsI,TenderCuts - Valasaravakkam,places,en,91,13.04030075,80.17320275,13.0416788,80.1734677,0,maa2,Chennai,2026-08-31T08:56:51.889728Z
ChIJI97hQy9hUjoRszyis0-ryJo,SAMPRATHAYAA CATERING SERVICES,places,en,92,13.039679450000001,80.17777935000001,13.040141799999999,80.1773853,0,maa2,Chennai,2026-08-31T08:56:52.257906Z
ChIJ6QN_mFZhUjoR8-WSchZ7FXE,New Indian Fast Food,places,en,92,13.039679450000001,80.17777935000001,13.0394975,80.1771155,0,maa2,Chennai,2026-08-31T08:56:52.257938Z
ChIJj0wtkodhUjoReBYQeFCUl7w,AR Bhavan,places,en,92,13.039679450000001,80.17777935000001,13.038871499999999,80.1785925,0,maa2,Chennai,2026-08-31T08:56:52.257944Z
ChIJqTz8ZgBhUjoRC1xYJBHpLb4,Thilaga Mess,places,en,92,13.039679450000001,80.17777935000001,13.038979999999999,80.17882329999999,0,maa2,Chennai,2026-08-31T08:56:52.257948Z
ChIJS0MeRhRhUjoRQ8B6n5Pl9bc,Marvel Cafe,places,en,92,13.039679450000001,80.17777935000001,13.0380643,80.1785124,0,maa2,Chennai,2026-08-31T08:56:52.257952Z
ChIJ_0HI8yVhUjoRy90iKz_nm8Q,Saravanan Homes,places,en,92,13.039679450000001,80.17777935000001,13.0398584,80.1758699,0,maa2,Chennai,2026-08-31T08:56:52.257956Z
ChIJhyzz2ihhUjoRa6bJ9JHwqQI,Triplicane Biriyani,places,en,92,13.039679450000001,80.17777935000001,13.037984100000001,80.1785824,0,maa2,Chennai,2026-08-31T08:56:52.257960Z
ChIJrWy4GQBhUjoR44V_I09-6es,Hotel Bhuvana,places,en,92,13.039679450000001,80.17777935000001,13.0376919,80.17847739999999,0,maa2,Chennai,2026-08-31T08:56:52.257963Z
ChIJuwrlOgBhUjoRkK96dBSvFEI,Saravana Anna Mushroom Kaalan Corner,places,en,92,13.039679450000001,80.17777935000001,13.0418693,80.1774626,0,maa2,Chennai,2026-08-31T08:56:52.257967Z
ChIJG0lfwihhUjoRpqN5-tfm-H8,அஜ்மீர் மட்டன் சிக்கன் ஸ்டால்,places,en,92,13.039679450000001,80.17777935000001,13.037457499999999,80.1782442,0,maa2,Chennai,2026-08-31T08:56:52.257970Z
ChIJqxwaqi9hUjoRZ66WwQImNi0,Spice Bar,places,en,92,13.039679450000001,80.17777935000001,13.041758199999999,80.17878569999999,0,maa2,Chennai,2026-08-31T08:56:52.257974Z
ChIJvdKpfABhUjoRvDjlwFihUqg,Gurudhanusha Hotel,places,en,92,13.039679450000001,80.17777935000001,13.037449299999999,80.1785673,0,maa2,Chennai,2026-08-31T08:56:52.257977Z
ChIJ-8qNVS5hUjoRw7cod6Jvww0,New Andhra Meals Hotel,places,en,92,13.039679450000001,80.17777935000001,13.041797599999999,80.17882999999999,0,maa2,Chennai,2026-08-31T08:56:52.257981Z
ChIJQ-99bKFhUjoR85UZ2o-g-Ow,Akka Kadai Valasaravakam,places,en,92,13.039679450000001,80.17777935000001,13.0376716,80.179161,0,maa2,Chennai,2026-08-31T08:56:52.258003Z
ChIJmdWqqLdhUjoRCdiSAkttmBc,"Frozen Bottle - Milkshakes, Desserts, and Ice Cream",places,en,92,13.039679450000001,80.17777935000001,13.042128799999999,80.17835389999999,0,maa2,Chennai,2026-08-31T08:56:52.258008Z
ChIJ2YxXawBhUjoRFZ4dYBkZuKI,Gozsip cafe,places,en,92,13.039679450000001,80.17777935000001,13.042123,80.178652,0,maa2,Chennai,2026-08-31T08:56:52.258011Z
ChIJTWrKI25hUjoRjfj4Wg5aoBI,Chai Kings - Valasaravakkam,places,en,92,13.039679450000001,80.17777935000001,13.04209,80.17887549999999,0,maa2,Chennai,2026-08-31T08:56:52.258015Z
ChIJOWODgy9hUjoRiCvJix7uULc,Jehovah Enterprises - An Exclusive Arun Ice Cream Parlor,places,en,92,13.039679450000001,80.17777935000001,13.0420739,80.17660269999999,0,maa2,Chennai,2026-08-31T08:56:52.258018Z
ChIJoT9YDrJhUjoRFetOUvboDRk,Mylapore Coffee House,places,en,92,13.039679450000001,80.17777935000001,13.042321699999999,80.1775344,0,maa2,Chennai,2026-08-31T08:56:52.258021Z
ChIJb7SARIBmUjoRL6-tXGG88SU,Abdul Vegetarian Kuska,places,en,93,13.07861145,80.23110270000001,13.078657999999999,80.2303677,0,maa2,Chennai,2026-08-31T08:56:52.589195Z
ChIJGcthRIBmUjoRZAA1sHuttAY,Sri Brahma Sweets And Snacks,places,en,93,13.07861145,80.23110270000001,13.078664999999999,80.2303128,0,maa2,Chennai,2026-08-31T08:56:52.589205Z
ChIJlQ2WOIBmUjoRFWJuhBoBRAk,Bovonto,places,en,93,13.07861145,80.23110270000001,13.079261200000001,80.2302235,0,maa2,Chennai,2026-08-31T08:56:52.589208Z
ChIJc22VOIBmUjoRo2v_iZFVLKc,ஸ்ரீ சரவணா ஸ்டோர்,places,en,93,13.07861145,80.23110270000001,13.0792778,80.23022430000002,0,maa2,Chennai,2026-08-31T08:56:52.589211Z
ChIJs1ZCGRlnUjoRVm60xTAZT0s,Rizwan Mutton& Chicken Stall,places,en,93,13.07861145,80.23110270000001,13.0794868,80.2303764,0,maa2,Chennai,2026-08-31T08:56:52.589213Z
ChIJ2_sZy7XrUjoRrhlHbw4MwAk,pillai chatiram,places,en,93,13.07861145,80.23110270000001,13.079488200000002,80.23037649999999,0,maa2,Chennai,2026-08-31T08:56:52.589215Z
ChIJHZHcD-pnUjoR9YqtpoJbf5Y,ZENITH FASTFOOD,places,en,93,13.07861145,80.23110270000001,13.079672100000002,80.23048829999999,0,maa2,Chennai,2026-08-31T08:56:52.589216Z
ChIJXV_s1tBnUjoRWC8mllW3H_I,Taj Mutton Stall,places,en,93,13.07861145,80.23110270000001,13.0796805,80.2304886,0,maa2,Chennai,2026-08-31T08:56:52.589218Z
ChIJNZ65PIBmUjoRSnqnFKhYMv8,SP Shanmugam Biryani Center,places,en,93,13.07861145,80.23110270000001,13.0798749,80.2304399,0,maa2,Chennai,2026-08-31T08:56:52.589220Z
ChIJbf_g0nRnUjoR-rQKotmnTPo,Madha Tiffen Center,places,en,93,13.07861145,80.23110270000001,13.0775404,80.2301308,0,maa2,Chennai,2026-08-31T08:56:52.589222Z
ChIJA3ul-xFnUjoRrKmRfpGPuCw,SS FOOD SPOT,places,en,93,13.07861145,80.23110270000001,13.0800875,80.2305428,0,maa2,Chennai,2026-08-31T08:56:52.589224Z
ChIJ2_tmgh1nUjoRbSeIXgDTpxc,Al Bismi Ambur Biriyani,places,en,93,13.07861145,80.23110270000001,13.0800316,80.2302759,0,maa2,Chennai,2026-08-31T08:56:52.589226Z
ChIJSZwEirRnUjoRdCER-6IdycA,Kolkata Gupta Chat Corner1,places,en,93,13.07861145,80.23110270000001,13.0801834,80.23168749999999,0,maa2,Chennai,2026-08-31T08:56:52.589228Z
ChIJ46UAP2tnUjoRo8bV6EjVMIk,JAGADHAMBAL TIFFEN STALL & CATERING SERVICES,places,en,93,13.07861145,80.23110270000001,13.0801483,80.2304006,0,maa2,Chennai,2026-08-31T08:56:52.589230Z
ChIJHaURJYBmUjoRbdelGoj7eVk,Jagathambal Tiffin Center,places,en,93,13.07861145,80.23110270000001,13.0800252,80.23015649999999,0,maa2,Chennai,2026-08-31T08:56:52.589232Z
ChIJj_FQTABnUjoRLuDVtZoe-dY,Moonlight,places,en,93,13.07861145,80.23110270000001,13.0802517,80.23046269999999,0,maa2,Chennai,2026-08-31T08:56:52.589234Z
ChIJ3-NzFwBnUjoRw_uOosYq82w,Madras cafe,places,en,93,13.07861145,80.23110270000001,13.079984,80.22981800000001,0,maa2,Chennai,2026-08-31T08:56:52.589235Z
ChIJp1dnfgBnUjoRQtfNNe8ppvg,A1 beef biriyani Tp chatram,places,en,93,13.07861145,80.23110270000001,13.0800802,80.229781,0,maa2,Chennai,2026-08-31T08:56:52.589237Z
ChIJPfO-vwJnUjoRYbXoEvvQskU,The Momo Mania,places,en,93,13.07861145,80.23110270000001,13.080448299999999,80.23024559999999,0,maa2,Chennai,2026-08-31T08:56:52.589239Z
ChIJEwzOPatlUjoR0SEnm6n9rAQ,M R Fast Foods,places,en,93,13.07861145,80.23110270000001,13.0806275,80.2303403,0,maa2,Chennai,2026-08-31T08:56:52.589241Z
ChIJWXh5Y0FlUjoRje1IIhlsNzE,Tiffin Kadai,places,en,94,13.09576635,80.196928,13.0944697,80.19637000000002,0,maa2,Chennai,2026-08-31T08:56:52.910295Z
ChIJyava0Q1kUjoRxKdKMRLBsps,CRESCENT RESTAURANT ANNA NAGAR,places,en,94,13.09576635,80.196928,13.097292099999999,80.1957432,0,maa2,Chennai,2026-08-31T08:56:52.910307Z
ChIJ5y6oAwBlUjoRcceJE8Z-yQU,Upavihar Xpress,places,en,94,13.09576635,80.196928,13.0970309,80.1952882,0,maa2,Chennai,2026-08-31T08:56:52.910311Z
ChIJO9qnHdJlUjoRRxBEuNqgmaw,THE IVY Golden Sesame,places,en,94,13.09576635,80.196928,13.0975942,80.19582129999999,0,maa2,Chennai,2026-08-31T08:56:52.910313Z
ChIJF1TtwdFlUjoRRzj8FwxVOFo,The Bovine,places,en,94,13.09576635,80.196928,13.097055699999999,80.1951813,0,maa2,Chennai,2026-08-31T08:56:52.910316Z
ChIJ7V1fNgxkUjoRC_G38Xsm1fI,SBOA AKSHAYA PATHIRAM,places,en,94,13.09576635,80.196928,13.097717000000001,80.19540909999999,0,maa2,Chennai,2026-08-31T08:56:52.910318Z
ChIJe6L4hO9lUjoRfI0gZS8Wy_c,S.R.S Tiffen Center,places,en,94,13.09576635,80.196928,13.0982329,80.1977498,0,maa2,Chennai,2026-08-31T08:56:52.910320Z
ChIJ7wGEFwVkUjoRHo5YknNrpqc,Chennai Rawther Restaurant,places,en,94,13.09576635,80.196928,13.0931866,80.1964115,0,maa2,Chennai,2026-08-31T08:56:52.910322Z
ChIJL-UwiKdlUjoRIc8c_6_2ZtE,the shawarma joint,places,en,94,13.09576635,80.196928,13.0930965,80.1969915,0,maa2,Chennai,2026-08-31T08:56:52.910324Z
ChIJsyALqHJkUjoRbO__TLMqHcs,Sri Ganesh Tiffin Center,places,en,95,13.1029055,80.19775675,13.102899599999999,80.1985819,0,maa2,Chennai,2026-08-31T08:56:53.346640Z
ChIJh6krib9lUjoRKS4dD-d68p4,5ரூபாய் புரோட்டா கடை,places,en,95,13.1029055,80.19775675,13.1032905,80.1992317,0,maa2,Chennai,2026-08-31T08:56:53.346654Z
ChIJ_9uPZ21kUjoRAAAA0IHLrmo,Hotel Vishwa,places,en,95,13.1029055,80.19775675,13.103731999999999,80.1993018,0,maa2,Chennai,2026-08-31T08:56:53.346659Z
ChIJVaXjZgBlUjoRYm3arhmWStc,Mithran fast food 79 rs rice,places,en,95,13.1029055,80.19775675,13.104085800000002,80.1991019,0,maa2,Chennai,2026-08-31T08:56:53.346662Z
ChIJU0CBgBNlUjoRMdn4zg9Zd7I,XXXXXXXXXXXXXXXurai FRIENDS CATERING SERVICES,places,en,95,13.1029055,80.19775675,13.102044399999999,80.19600609999999,0,maa2,Chennai,2026-08-31T08:56:53.346665Z
ChIJRd9XdBJlUjoRXDJGL8zJIN4,Halal food steet,places,en,95,13.1029055,80.19775675,13.103345099999999,80.19969979999999,0,maa2,Chennai,2026-08-31T08:56:53.346668Z
ChIJAx3bkw1lUjoRSNRXTtjpmjc,Omg DINDIGUL BIRIYANI Chettinad restaurant,places,en,95,13.1029055,80.19775675,13.104206699999999,80.19927299999999,0,maa2,Chennai,2026-08-31T08:56:53.346671Z
ChIJxTQFbRplUjoRxGdlbMMxbQ0,Dindigul Kalyana Biriyani,places,en,95,13.1029055,80.19775675,13.1042121,80.19927129999999,0,maa2,Chennai,2026-08-31T08:56:53.346673Z
ChIJwWT-Rm1kUjoR11eec92iAVU,ஆறுபடையப்பா ஸ்டோன் ஒர்க்ஸ்,places,en,95,13.1029055,80.19775675,13.1031575,80.1998761,0,maa2,Chennai,2026-08-31T08:56:53.346676Z
ChIJ4-tH7v5lUjoR8SPqGdeqo-M,Bismillah fastfood,places,en,95,13.1029055,80.19775675,13.103233099999999,80.2002335,0,maa2,Chennai,2026-08-31T08:56:53.346679Z
ChIJZzeEOW1kUjoRbOuLWS-8yjw,Mangudi Saastha Hotel,places,en,95,13.1029055,80.19775675,13.1031269,80.20038199999999,0,maa2,Chennai,2026-08-31T08:56:53.346681Z
ChIJV60tagBlUjoRQIcXsD_hXXo,Make3 Aquatics Flowerhorn fish shop,places,en,95,13.1029055,80.19775675,13.1012016,80.19580119999999,0,maa2,Chennai,2026-08-31T08:56:53.346684Z
ChIJwUDcXCFnUjoRZW_f-koAd1Y,Fusion seafood,places,en,95,13.1029055,80.19775675,13.101274799999999,80.19571820000002,0,maa2,Chennai,2026-08-31T08:56:53.346686Z
ChIJUTiijzVnUjoR01K6STww_G4,Rahath City,places,en,96,13.03784155,80.249255,13.037442299999999,80.25110750000002,0,maa2,Chennai,2026-08-31T08:56:53.670686Z
ChIJXVn1zGNnUjoR1RPlBwEQQ04,V.P. MALAYSIA HOTEL,places,en,96,13.03784155,80.249255,13.0374419,80.2511086,0,maa2,Chennai,2026-08-31T08:56:53.670696Z
ChIJ-Sd6c1pnUjoRb1ni6EbW_vg,Buva bowl,places,en,96,13.03784155,80.249255,13.0369408,80.2509855,0,maa2,Chennai,2026-08-31T08:56:53.670698Z
ChIJHTEmj79nUjoR_ObfsvHFrYE,2 brothers biriyani,places,en,96,13.03784155,80.249255,13.036947699999999,80.2510085,0,maa2,Chennai,2026-08-31T08:56:53.670700Z
ChIJHbob-DpnUjoR0bW1lm9u60c,Dinesh Tiffen Centre,places,en,97,13.01901725,80.20074840000001,13.019795799999999,80.2007764,0,maa2,Chennai,2026-08-31T08:56:54.018350Z
ChIJl5RHydZnUjoRajDmfiJuosE,Chaapayil cafe,places,en,97,13.01901725,80.20074840000001,13.0179913,80.1999439,0,maa2,Chennai,2026-08-31T08:56:54.018359Z
ChIJUUS6BjtnUjoRE3WoHIyIqZc,Renuka Fast Food,places,en,97,13.01901725,80.20074840000001,13.020038099999999,80.2018539,0,maa2,Chennai,2026-08-31T08:56:54.018362Z
ChIJUX0aBDtnUjoR98Q3fchJ9kU,சக்தி பம்முதிர்சோலை,places,en,97,13.01901725,80.20074840000001,13.0201975,80.2018769,0,maa2,Chennai,2026-08-31T08:56:54.018364Z
ChIJffkrbChnUjoRoMbIf-YouVs,Shubham Foods,places,en,97,13.01901725,80.20074840000001,13.0171525,80.2004039,0,maa2,Chennai,2026-08-31T08:56:54.018366Z
ChIJY6nz0JdnUjoRAejMlFuCnZ8,Vel mess and Catering Services,places,en,97,13.01901725,80.20074840000001,13.0170856,80.2004319,0,maa2,Chennai,2026-08-31T08:56:54.018367Z
ChIJJ9ozGUlnUjoR_p7QjeDji50,KANIMOZHI TEA STALL,places,en,97,13.01901725,80.20074840000001,13.020195399999999,80.2023782,0,maa2,Chennai,2026-08-31T08:56:54.018369Z
ChIJQ87JRABnUjoR5lq-zG4M0IY,Freshcut,places,en,97,13.01901725,80.20074840000001,13.0175611,80.20232969999999,0,maa2,Chennai,2026-08-31T08:56:54.018370Z
ChIJ1YSmF15nUjoRNUm9FtQkbSE,Drink and Drive,places,en,97,13.01901725,80.20074840000001,13.0209777,80.2016658,0,maa2,Chennai,2026-08-31T08:56:54.018372Z
ChIJH9GvIABnUjoRD6DMGeb0HJA,Chennai,places,en,97,13.01901725,80.20074840000001,13.017444,80.1990594,0,maa2,Chennai,2026-08-31T08:56:54.018373Z
ChIJEWp9EwBnUjoRRA3qM5duhN0,Hotel Majith Biriyani,places,en,97,13.01901725,80.20074840000001,13.018159299999999,80.20292359999999,0,maa2,Chennai,2026-08-31T08:56:54.018374Z
ChIJGSlk6jtnUjoRzDfTTypZwg0,Thalappakattu Briyani And Fast Food,places,en,97,13.01901725,80.20074840000001,13.018159299999999,80.20292359999999,0,maa2,Chennai,2026-08-31T08:56:54.018376Z
ChIJSzBeWQBnUjoR2_BCAtq5w6s,Best Quality Kitchen Exhaust Systems,places,en,97,13.01901725,80.20074840000001,13.017545700000001,80.20260789999999,0,maa2,Chennai,2026-08-31T08:56:54.018377Z
ChIJCVT06TtnUjoRwEDdMwd0JKs,HOTEL VAANGANNA,places,en,97,13.01901725,80.20074840000001,13.0179906,80.2029239,0,maa2,Chennai,2026-08-31T08:56:54.018378Z
ChIJke3Z6TtnUjoRtb6u532kwFg,Iqqra Veg Biryani,places,en,97,13.01901725,80.20074840000001,13.017871999999999,80.20286779999999,0,maa2,Chennai,2026-08-31T08:56:54.018380Z
ChIJf5H8oH5nUjoRYJdGV4SS0Q0,AKM MAJITH BIRIYANI,places,en,97,13.01901725,80.20074840000001,13.017788099999999,80.20283959999999,0,maa2,Chennai,2026-08-31T08:56:54.018381Z
ChIJ8RupzANnUjoRB1zglzJ1GRI,A.1 BEEF BIRIYANI,places,en,97,13.01901725,80.20074840000001,13.017795000000001,80.20285270000001,0,maa2,Chennai,2026-08-31T08:56:54.018382Z
ChIJL-w9BQBnUjoRs4zdBdp4u88,Thaariq burmese attho resutrant,places,en,97,13.01901725,80.20074840000001,13.0177281,80.20281489999999,0,maa2,Chennai,2026-08-31T08:56:54.018384Z
ChIJnc2SwjtnUjoR8qcvyAbwouE,Raja Tiffen Center,places,en,97,13.01901725,80.20074840000001,13.0177281,80.20281489999999,0,maa2,Chennai,2026-08-31T08:56:54.018385Z
ChIJueJqkTtnUjoRtbfPrDROLxU,Sms Curry Point,places,en,97,13.01901725,80.20074840000001,13.0188095,80.2032954,0,maa2,Chennai,2026-08-31T08:56:54.018387Z
ChIJrXbvKQBnUjoRZZV7CVHE1DI,Pudukai hotel,places,en,98,13.0161205,80.20203525,13.01639,80.2018787,0,maa2,Chennai,2026-08-31T08:56:54.410421Z
ChIJ9fiBRbtnUjoROmwVesJeA4E,Althaf Food Court Ekkatuthangal,places,en,98,13.0161205,80.20203525,13.0164441,80.2029846,0,maa2,Chennai,2026-08-31T08:56:54.410431Z
ChIJfSMdQzlnUjoRMnQHK9kYap0,Eegai Land Snacks,places,en,98,13.0161205,80.20203525,13.0161419,80.2030821,0,maa2,Chennai,2026-08-31T08:56:54.410434Z
ChIJEwyFyPdnUjoRhma15h2aD2k,Rishi Andhra pg and hotel,places,en,98,13.0161205,80.20203525,13.015690399999999,80.203037,0,maa2,Chennai,2026-08-31T08:56:54.410436Z
ChIJv5sEYgBnUjoRWd6rfzE6bD8,Team meeting restaurant,places,en,98,13.0161205,80.20203525,13.0161343,80.2031488,0,maa2,Chennai,2026-08-31T08:56:54.410438Z
ChIJ24nfPuZnUjoRdrG5ko-rTJg,GFC,places,en,98,13.0161205,80.20203525,13.0161097,80.20319839999999,0,maa2,Chennai,2026-08-31T08:56:54.410440Z
ChIJ1QE1hhFnUjoR8RjKoxC7eX8,Hiranya Andhra mess,places,en,98,13.0161205,80.20203525,13.0161342,80.2032229,0,maa2,Chennai,2026-08-31T08:56:54.410442Z
ChIJqzUCnKhnUjoR3_EhOWFiTn8,Sakthi fast food,places,en,98,13.0161205,80.20203525,13.0167889,80.2030874,0,maa2,Chennai,2026-08-31T08:56:54.410444Z
ChIJPf4lQjlnUjoRZssY_ivGJHc,Sri Balaji Andhra Mess,places,en,98,13.0161205,80.20203525,13.0161208,80.2033409,0,maa2,Chennai,2026-08-31T08:56:54.410446Z
ChIJrYJDfw5nUjoRGUfNHZKWrUM,Sri narayana foods,places,en,98,13.0161205,80.20203525,13.0167532,80.20323170000002,0,maa2,Chennai,2026-08-31T08:56:54.410448Z
ChIJcXGaigZnUjoReohwNnCF-dg,Bullet Biryani,places,en,98,13.0161205,80.20203525,13.0168608,80.203203,0,maa2,Chennai,2026-08-31T08:56:54.410449Z
ChIJi_94BTtnUjoR5nBvBgTFeuQ,Hotel Shri Vaishnavi,places,en,98,13.0161205,80.20203525,13.0169293,80.2031628,0,maa2,Chennai,2026-08-31T08:56:54.410451Z
ChIJp88CODlnUjoR3MO5lq5kZEk,Quick Bites,places,en,98,13.0161205,80.20203525,13.0154594,80.2035467,0,maa2,Chennai,2026-08-31T08:56:54.410454Z
ChIJq9Ta6WdnUjoRJPgvT6rZpUo,ROTTU KADAI,places,en,98,13.0161205,80.20203525,13.014423899999999,80.2020627,0,maa2,Chennai,2026-08-31T08:56:54.410455Z
ChIJxd8U5DtnUjoRYlbMUB0uqIM,S.V.Naidu Andhra Mess,places,en,98,13.0161205,80.20203525,13.017382,80.20327999999999,0,maa2,Chennai,2026-08-31T08:56:54.410457Z
ChIJgc5HENJnUjoRBv04adao-wc,IVC Mini Tiffin Centre,places,en,99,13.026590500000001,80.209981,13.028581299999999,80.2083332,0,maa2,Chennai,2026-08-31T08:56:54.756503Z
ChIJN2eswSxhUjoR6zTw8kGflD4,Manam House,places,en,100,13.0176339,80.19123880000001,13.016902799999999,80.1911808,0,maa2,Chennai,2026-08-31T08:56:55.119083Z
ChIJjy9vjjNnUjoR4z2iRm9FmoQ,Amma Unavagam,places,en,100,13.0176339,80.19123880000001,13.016389,80.1917327,0,maa2,Chennai,2026-08-31T08:56:55.119093Z
ChIJre8EgDNnUjoRgG31Po6w_1I,Spicy Route Restaurant,places,en,100,13.0176339,80.19123880000001,13.0164944,80.1903256,0,maa2,Chennai,2026-08-31T08:56:55.119096Z
ChIJhXocgDRnUjoRDvPcHl52fBU,A.R.K Tiffin Centre,places,en,100,13.0176339,80.19123880000001,13.0164298,80.19031149999999,0,maa2,Chennai,2026-08-31T08:56:55.119098Z
ChIJi_VzgDRnUjoRXcfe-PbzVco,ABR - Anbu Biryani Restaurant,places,en,100,13.0176339,80.19123880000001,13.016411999999999,80.1903104,0,maa2,Chennai,2026-08-31T08:56:55.119101Z
ChIJ0be9CDRnUjoRc52WKmJfttc,ZAM,places,en,100,13.0176339,80.19123880000001,13.016239299999999,80.19232319999999,0,maa2,Chennai,2026-08-31T08:56:55.119103Z
ChIJH7T5qO9nUjoRAJXAvblrUlI,Shawarma crime,places,en,100,13.0176339,80.19123880000001,13.015840599999999,80.1913623,0,maa2,Chennai,2026-08-31T08:56:55.119105Z
ChIJh530OuhnUjoR8P6k5m6lHUM,Soup corner,places,en,100,13.0176339,80.19123880000001,13.0158863,80.19176209999999,0,maa2,Chennai,2026-08-31T08:56:55.119107Z
ChIJw5m_EQBnUjoRV5JsFCge050,யோகித் இட்லி தோசை மாவு கடை,places,en,100,13.0176339,80.19123880000001,13.016047299999999,80.1923099,0,maa2,Chennai,2026-08-31T08:56:55.119109Z
ChIJ48o8foRnUjoR4f4CeVg5nYs,Chennai trade,places,en,100,13.0176339,80.19123880000001,13.015743599999999,80.19147079999999,0,maa2,Chennai,2026-08-31T08:56:55.119111Z
ChIJvdVqPgBnUjoRHJCHolIoeHQ,Abhi's Cafe,places,en,100,13.0176339,80.19123880000001,13.015723999999999,80.191622,0,maa2,Chennai,2026-08-31T08:56:55.119112Z
ChIJFypzP4BnUjoRyb-yEFSIlDE,Crispy Fried Chick'n,places,en,100,13.0176339,80.19123880000001,13.0157254,80.1916439,0,maa2,Chennai,2026-08-31T08:56:55.119114Z
ChIJsQXiEjRnUjoRwUoq4M1u3SY,DEVAR FAST FOOD,places,en,100,13.0176339,80.19123880000001,13.0155978,80.1917272,0,maa2,Chennai,2026-08-31T08:56:55.119116Z
ChIJSxd3FzRnUjoRSUGTckk372Q,Wangs Kitchen,places,en,100,13.0176339,80.19123880000001,13.015305099999999,80.1923324,0,maa2,Chennai,2026-08-31T08:56:55.119118Z
ChIJkXpIYwBnUjoR9-9Xy_o-4g4,Arabian delicacy,places,en,100,13.0176339,80.19123880000001,13.0150551,80.1920456,0,maa2,Chennai,2026-08-31T08:56:55.119120Z
ChIJU8Q0JNtnUjoRGXwUXkKPhdQ,Mani's Dum Biryani - Nandambakkam,places,en,101,13.017218,80.19234315,13.015080099999999,80.19270430000002,0,maa2,Chennai,2026-08-31T08:56:55.496745Z
ChIJPd1SvYNnUjoRZF9DRH6kRmk,Adyar Ananda Bhavan - A2B,places,en,101,13.017218,80.19234315,13.0150236,80.19216809999999,0,maa2,Chennai,2026-08-31T08:56:55.496751Z
ChIJtRIQNcFnUjoRTMqNE5wZxu8,ALTHAF FOOD COURT BUTT ROAD,places,en,101,13.017218,80.19234315,13.0150037,80.1927891,0,maa2,Chennai,2026-08-31T08:56:55.496753Z
ChIJsX7Z5ihnUjoRP0sBsvDCk4s,Layalee Grande Hotel Chennai,places,en,102,13.023692950000001,80.20775695,13.0242187,80.20705939999999,0,maa2,Chennai,2026-08-31T08:56:55.814745Z
ChIJs9oTzzxnUjoRt-9flYq6Z68,Layalee Global Cuisine Restaurant,places,en,102,13.023692950000001,80.20775695,13.0242187,80.20705939999999,0,maa2,Chennai,2026-08-31T08:56:55.814755Z
ChIJQ-qZomZnUjoRk-XhXEIqvag,Magesh Hotel,places,en,102,13.023692950000001,80.20775695,13.0234844,80.2087583,0,maa2,Chennai,2026-08-31T08:56:55.814758Z
ChIJlaZVJCNnUjoRUF7upAC8KwM,ஸ்ரீ சூராங்காளி துணை,places,en,102,13.023692950000001,80.20775695,13.023666799999999,80.20651699999999,0,maa2,Chennai,2026-08-31T08:56:55.814760Z
ChIJG3EKJSNnUjoR6l6_FSfKPOo,Sri Devi Chettinad,places,en,102,13.023692950000001,80.20775695,13.0236614,80.20649949999999,0,maa2,Chennai,2026-08-31T08:56:55.814762Z
ChIJ7R2rJCNnUjoR-LYjMjgeOvQ,Sri Vijay Hotel,places,en,102,13.023692950000001,80.20775695,13.023018299999999,80.2062965,0,maa2,Chennai,2026-08-31T08:56:55.814764Z
ChIJcyuILSNnUjoRfgHzQ9VJXXM,Snack Shop - North Indian,places,en,102,13.023692950000001,80.20775695,13.0230055,80.2062627,0,maa2,Chennai,2026-08-31T08:56:55.814766Z
ChIJm9OYdHJnUjoR7gpAGTfqADc,SRI PANDY,places,en,102,13.023692950000001,80.20775695,13.022177399999999,80.206955,0,maa2,Chennai,2026-08-31T08:56:55.814768Z
ChIJ3d2HdPtnUjoRHx5HViJWoh4,North Chappathies Veg Restaurant,places,en,102,13.023692950000001,80.20775695,13.0221255,80.2067679,0,maa2,Chennai,2026-08-31T08:56:55.814769Z
ChIJ_7VlRKdnUjoRlPuIX6JTBwU,Success Dum Biryani,places,en,102,13.023692950000001,80.20775695,13.022188499999999,80.2066487,0,maa2,Chennai,2026-08-31T08:56:55.814771Z
ChIJa_Vo1zxnUjoRy1MP14oD9tk,Anjana Devi Andhra Mess,places,en,102,13.023692950000001,80.20775695,13.0221178,80.20674319999999,0,maa2,Chennai,2026-08-31T08:56:55.814772Z
ChIJCZ9VEwBnUjoR6hDvjTTmpY8,Staize kitchen,places,en,102,13.023692950000001,80.20775695,13.0221798,80.20650289999999,0,maa2,Chennai,2026-08-31T08:56:55.814774Z
ChIJVy72_JxnUjoRDqlbkhUIrOM,CHAAT LEAF,places,en,102,13.023692950000001,80.20775695,13.0220924,80.20653050000001,0,maa2,Chennai,2026-08-31T08:56:55.814776Z
ChIJ-bV3jrBnUjoR2FHUGHD8JQo,Adyar Ananda Bhavan - A2B,places,en,102,13.023692950000001,80.20775695,13.0224554,80.2061049,0,maa2,Chennai,2026-08-31T08:56:55.814777Z
ChIJ588tStFnUjoRwhShFX38U88,Arusuvai Cafe,places,en,102,13.023692950000001,80.20775695,13.0224332,80.2060521,0,maa2,Chennai,2026-08-31T08:56:55.814779Z
ChIJFZKKJ31nUjoRRXWY72Y7ZM8,Dhaya's Biryani,places,en,102,13.023692950000001,80.20775695,13.025650899999999,80.207013,0,maa2,Chennai,2026-08-31T08:56:55.814781Z
ChIJe9HDzzxnUjoRAAAA0EM8QQY,ABDHULLA FOODS,places,en,102,13.023692950000001,80.20775695,13.0221457,80.20626879999999,0,maa2,Chennai,2026-08-31T08:56:55.814782Z
ChIJiar6BwBnUjoRURpIFoQU5NY,Annavilas,places,en,102,13.023692950000001,80.20775695,13.0252666,80.2061947,0,maa2,Chennai,2026-08-31T08:56:55.814784Z
ChIJj4A8LSRnUjoRyG6DDO9A52I,My Bhojan,places,en,102,13.023692950000001,80.20775695,13.0217323,80.2064908,0,maa2,Chennai,2026-08-31T08:56:55.814786Z
ChIJAzSGDjRnUjoRGTatqxE66pY,SRI DEVI SNACKS & BAR,places,en,102,13.023692950000001,80.20775695,13.0215819,80.2065317,0,maa2,Chennai,2026-08-31T08:56:55.814787Z
ChIJTb_4MV5nUjoRxNMDtw1P2BY,AmbuR Royal Biriyani,places,en,103,13.0049892,80.22038785000001,13.0045921,80.22040969999999,0,maa2,Chennai,2026-08-31T08:56:56.135540Z
ChIJi545O25nUjoR87AVGTC8TN8,Amh Arabian Biriyani And Fast Food,places,en,103,13.0049892,80.22038785000001,13.0043036,80.2202231,0,maa2,Chennai,2026-08-31T08:56:56.135549Z
ChIJ3RnnCcVnUjoR3v6WWBiy6_c,Shek’s Seeraga Samba Biryani Food Truck Little Mount,places,en,103,13.0049892,80.22038785000001,13.0041161,80.22081229999999,0,maa2,Chennai,2026-08-31T08:56:56.135551Z
ChIJV2bu9NtnUjoRIcHjk78S3yc,madhrasessencehospitalty,places,en,103,13.0049892,80.22038785000001,13.004017900000001,80.2202126,0,maa2,Chennai,2026-08-31T08:56:56.135553Z
ChIJA7ycDKRnUjoReCYLqxnCrbw,Bava Broilers,places,en,103,13.0049892,80.22038785000001,13.0039626,80.2202026,0,maa2,Chennai,2026-08-31T08:56:56.135555Z
ChIJPwypLgRnUjoReu-pktodk2c,VIJI garments,places,en,104,13.0076719,80.19483875,13.0071006,80.1956091,0,maa2,Chennai,2026-08-31T08:56:56.540197Z
ChIJ25drqUVnUjoRYBDNSHWgd-g,Tamizhsai Fast Food,places,en,104,13.0076719,80.19483875,13.0070055,80.1955789,0,maa2,Chennai,2026-08-31T08:56:56.540206Z
ChIJL4s9EwBnUjoRtcokHwma1po,Tiffin center at st Thomas mount,places,en,104,13.0076719,80.19483875,13.0070631,80.1956886,0,maa2,Chennai,2026-08-31T08:56:56.540209Z
ChIJd5yeevZnUjoRW5gKl3yT4DA,Atho shop,places,en,104,13.0076719,80.19483875,13.006979,80.1956909,0,maa2,Chennai,2026-08-31T08:56:56.540211Z
ChIJaYObpmtnUjoRHZlA24h5pzc,THREE STAR AMBUR BIRIYANI,places,en,104,13.0076719,80.19483875,13.0078032,80.19624879999999,0,maa2,Chennai,2026-08-31T08:56:56.540212Z
ChIJn_e85UhnUjoR6yWGxRSFvx4,Plaza Juice & Snacks,places,en,104,13.0076719,80.19483875,13.0071952,80.19662029999999,0,maa2,Chennai,2026-08-31T08:56:56.540214Z
ChIJrSF3UTZnUjoROJYxyMBKLek,Balaji fast food,places,en,104,13.0076719,80.19483875,13.006476900000001,80.1963811,0,maa2,Chennai,2026-08-31T08:56:56.540215Z
ChIJldJ3bAVnUjoRc32Lu6_XPaw,ஹோட்டல் நிக் எக்ஸோடிகா,places,en,104,13.0076719,80.19483875,13.0060823,80.19614109999999,0,maa2,Chennai,2026-08-31T08:56:56.540217Z
ChIJoRtoGwBnUjoRAxmcS5espuM,Mount shawarma,places,en,104,13.0076719,80.19483875,13.0087608,80.19293359999999,0,maa2,Chennai,2026-08-31T08:56:56.540219Z
ChIJv_QKKQBnUjoRUeUdnchEWcM,SM briyani and Fried Rice,places,en,104,13.0076719,80.19483875,13.0087428,80.1927619,0,maa2,Chennai,2026-08-31T08:56:56.540220Z
ChIJN-4R1EhnUjoRNoy9xVAOC_g,Hotel Samrat,places,en,104,13.0076719,80.19483875,13.005552999999999,80.1962049,0,maa2,Chennai,2026-08-31T08:56:56.540221Z
ChIJXbtA7mpdUjoRwc5AhKxFgV4,Starbucks - Palavakkam,places,en,105,12.959708200000001,80.25419965,12.9590787,80.2554064,0,maa2,Chennai,2026-08-31T08:56:56.961137Z
ChIJmUBeqDtdUjoRL1x9CoUfQGg,Haagen Dazs ECR,places,en,105,12.959708200000001,80.25419965,12.958997799999999,80.25586539999999,0,maa2,Chennai,2026-08-31T08:56:56.961156Z
ChIJrb1PCz1dUjoRwPylQhDMDe4,"Jonah's Bistro, Palavakkam (ECR)",places,en,105,12.959708200000001,80.25419965,12.9589982,80.25594060000002,0,maa2,Chennai,2026-08-31T08:56:56.961160Z
ChIJ6Y9wQO1dUjoRB8jpDLYMdxs,THE EATN PLANET,places,en,105,12.959708200000001,80.25419965,12.960535199999999,80.25594679999999,0,maa2,Chennai,2026-08-31T08:56:56.961163Z
ChIJLaAcvD1dUjoRgtBVJ8Z0rZU,சென்னை சீவல் நாட்டு மருந்து கடை,places,en,105,12.959708200000001,80.25419965,12.960218999999999,80.2561283,0,maa2,Chennai,2026-08-31T08:56:56.961166Z
ChIJS4kgrH9dUjoRovxhCKqhgZc,McDonald's,places,en,105,12.959708200000001,80.25419965,12.958210699999999,80.25571769999999,0,maa2,Chennai,2026-08-31T08:56:56.961169Z
ChIJVw1FfwlnUjoRiNihMxGoDbw,Mainland China,places,en,105,12.959708200000001,80.25419965,12.9584315,80.2559257,0,maa2,Chennai,2026-08-31T08:56:56.961172Z
ChIJ9_eCLgBdUjoR3SHDNoUjehA,Tasto taste beef biryani palavakkam,places,en,105,12.959708200000001,80.25419965,12.9607318,80.2561609,0,maa2,Chennai,2026-08-31T08:56:56.961175Z
ChIJ8x4LsQ5dUjoR_L3L15CCXT4,Village Food Paradise,places,en,105,12.959708200000001,80.25419965,12.957827799999999,80.25538949999999,0,maa2,Chennai,2026-08-31T08:56:56.961178Z
ChIJ-WKmuANdUjoRUFmQanDtDJM,Lasso indian chinese,places,en,105,12.959708200000001,80.25419965,12.9601895,80.25649039999999,0,maa2,Chennai,2026-08-31T08:56:56.961180Z
ChIJS564MM9hUjoRgKMmYNsIFjM,Anbudan Annam Foods,places,en,106,13.0406244,80.18299715,13.0391622,80.1820566,0,maa2,Chennai,2026-08-31T08:56:57.309947Z
ChIJoRa52CthUjoRUmpmLfWMK5M,MORNING STAR vegetables & groceries,places,en,106,13.0406244,80.18299715,13.0390302,80.18210359999999,0,maa2,Chennai,2026-08-31T08:56:57.309956Z
ChIJa3Oxhy5hUjoRYRzX6vMKkF0,JEYASREE TIFFEN CENTRE,places,en,106,13.0406244,80.18299715,13.041615799999999,80.18134260000001,0,maa2,Chennai,2026-08-31T08:56:57.309959Z
ChIJBTl_VwVhUjoRj6Ycq68eDHM,Hotel Jayasri -Veg&NonVeg,places,en,106,13.0406244,80.18299715,13.041606699999999,80.1812946,0,maa2,Chennai,2026-08-31T08:56:57.309961Z
ChIJ4YjxT0BhUjoRLJ1eu3Qb6dI,AB² curry point,places,en,106,13.0406244,80.18299715,13.041621,80.1812968,0,maa2,Chennai,2026-08-31T08:56:57.309963Z
ChIJgQn-yR1hUjoRQImPYS_ZfFc,Shramithas Family Multicuisine Restaurant,places,en,106,13.0406244,80.18299715,13.0416464,80.18129239999999,0,maa2,Chennai,2026-08-31T08:56:57.309964Z
ChIJ7x7zhy5hUjoRRxRFSJ352j4,R. R. Kalai Biryani,places,en,106,13.0406244,80.18299715,13.041703799999999,80.18131009999999,0,maa2,Chennai,2026-08-31T08:56:57.309966Z
ChIJ6Z-Eq9xhUjoRXIhBsbx8hHA,Flourshop,places,en,106,13.0406244,80.18299715,13.0407215,80.1809459,0,maa2,Chennai,2026-08-31T08:56:57.309967Z
ChIJvcZseABhUjoRHw7Uz8dVlto,Puttu Kadai,places,en,106,13.0406244,80.18299715,13.0389407,80.1841376,0,maa2,Chennai,2026-08-31T08:56:57.309969Z
ChIJy8mpzNZhUjoRirHdTKHyQAc,Ruchi Andhra mess,places,en,106,13.0406244,80.18299715,13.0418974,80.1813052,0,maa2,Chennai,2026-08-31T08:56:57.309971Z
ChIJLffo1y1hUjoRtiZVFtplhUc,Sri Pandiyan Hotel,places,en,106,13.0406244,80.18299715,13.0425316,80.18197769999999,0,maa2,Chennai,2026-08-31T08:56:57.309972Z
ChIJD0yIUgBhUjoRQwJq5XAMtXk,DOSA 30 - தோசை 30,places,en,106,13.0406244,80.18299715,13.042551099999999,80.1840192,0,maa2,Chennai,2026-08-31T08:56:57.309974Z
ChIJlfYEZS5hUjoRgp68HiRgfxI,McDonald's,places,en,106,13.0406244,80.18299715,13.0425229,80.18174789999999,0,maa2,Chennai,2026-08-31T08:56:57.309975Z
ChIJ43doZkVhUjoRRbd4mUxL7DE,NEW KERALA HOT CHIPS,places,en,106,13.0406244,80.18299715,13.040843400000002,80.1803674,0,maa2,Chennai,2026-08-31T08:56:57.309977Z
ChIJ72jbxZVhUjoRXN-cn9xlQi0,Green Toss,places,en,106,13.0406244,80.18299715,13.0415412,80.18048929999999,0,maa2,Chennai,2026-08-31T08:56:57.309978Z
ChIJF9ewfSthUjoRJ0g2RjTXd88,NEEVI MESS,places,en,107,13.040287800000002,80.18380615,13.0388927,80.18517659999999,0,maa2,Chennai,2026-08-31T08:56:59.060730Z
ChIJNewPxY1hUjoRyOlRo9Rx5T8,Visagan Chappathi,places,en,107,13.040287800000002,80.18380615,13.0388947,80.1855796,0,maa2,Chennai,2026-08-31T08:56:59.060746Z
ChIJ_____9RlUjoROgv8RwB3dCE,Sri Ganesh Chettinad Military Hotel,places,en,108,13.08483215,80.2494289,13.0854985,80.250384,0,maa2,Chennai,2026-08-31T08:56:59.380697Z
ChIJVykNlt5lUjoRWTkJkP4iU9s,Snacks India,places,en,108,13.08483215,80.2494289,13.0863483,80.25005759999999,0,maa2,Chennai,2026-08-31T08:56:59.380706Z
ChIJAdq9lt5lUjoRkAIi-pIIHH0,Akshaya Vegetarian Restaurant,places,en,108,13.08483215,80.2494289,13.0862313,80.2503444,0,maa2,Chennai,2026-08-31T08:56:59.380708Z
ChIJa6ZyR9llUjoRT_64ceSo_Uw,The Table,places,en,108,13.08483215,80.2494289,13.0856458,80.24794589999999,0,maa2,Chennai,2026-08-31T08:56:59.380710Z
ChIJbSw-R9llUjoR2YYbghQQfiE,Sri Cremurah Cafe,places,en,108,13.08483215,80.2494289,13.0856593,80.24789969999999,0,maa2,Chennai,2026-08-31T08:56:59.380712Z
ChIJ5WYkmN5lUjoRGZgjbjTbuSI,Quick Bites Sandwich,places,en,108,13.08483215,80.2494289,13.086367899999999,80.2503483,0,maa2,Chennai,2026-08-31T08:56:59.380714Z
ChIJ7Uq6RtllUjoRSE-8g1wFU18,Amudha Tiffin Centre,places,en,108,13.08483215,80.2494289,13.085852299999999,80.2478682,0,maa2,Chennai,2026-08-31T08:56:59.380716Z
ChIJy8NAmHVlUjoRtqXCrs1PkJA,P S TIFFIN CENTER,places,en,108,13.08483215,80.2494289,13.0859663,80.2509453,0,maa2,Chennai,2026-08-31T08:56:59.380717Z
ChIJhf0imt5lUjoR9ZLYl3ecvXk,Riyas Biryani,places,en,108,13.08483215,80.2494289,13.0862676,80.25072829999999,0,maa2,Chennai,2026-08-31T08:56:59.380719Z
ChIJHRl_6MNlUjoR_p6FCeHaAzs,Al haniya multicuisine restaurant,places,en,108,13.08483215,80.2494289,13.0862781,80.2507285,0,maa2,Chennai,2026-08-31T08:56:59.380720Z
ChIJhWoeBphlUjoRlTvH4CEUcWQ,SAFA BIRIYANI CENTRE,places,en,108,13.08483215,80.2494289,13.086561300000001,80.25045349999999,0,maa2,Chennai,2026-08-31T08:56:59.380722Z
ChIJn3MhEftlUjoRGBkG0jD0t3w,18kafe Purasaiwalkam,places,en,108,13.08483215,80.2494289,13.0861298,80.25114909999999,0,maa2,Chennai,2026-08-31T08:56:59.380724Z
ChIJISEPiVdlUjoRwIfww9ZQ4hs,Bikanervala | Kilpauk Chennai,places,en,108,13.08483215,80.2494289,13.0856353,80.2474481,0,maa2,Chennai,2026-08-31T08:56:59.380725Z
ChIJp1vIjt5lUjoRyZdy1XeLMaU,R.U TASTY FOOD,places,en,108,13.08483215,80.2494289,13.0861398,80.25126259999999,0,maa2,Chennai,2026-08-31T08:56:59.380727Z
ChIJsakNVt5lUjoRVLKhmjSf7D4,RAMANIYAM SUSHIL,places,en,108,13.08483215,80.2494289,13.0846702,80.2517231,0,maa2,Chennai,2026-08-31T08:56:59.380728Z
ChIJm0ufFjRlUjoRMFXr_4kw6Dk,NAMMA VEETU SAPADU,places,en,108,13.08483215,80.2494289,13.086960099999999,80.25040899999999,0,maa2,Chennai,2026-08-31T08:56:59.380729Z
ChIJA3Re05FlUjoRXtQ9-qvQIOg,Ethirajskp chats,places,en,108,13.08483215,80.2494289,13.0848864,80.2518389,0,maa2,Chennai,2026-08-31T08:56:59.380731Z
ChIJ4b6lRt9lUjoRHyVx-Uxsd8g,S.S.D Meat World & Restaurant,places,en,108,13.08483215,80.2494289,13.082456299999999,80.249855,0,maa2,Chennai,2026-08-31T08:56:59.380732Z
ChIJcdXaDABlUjoR8gUKofhTC5Y,"Lunchbox,behrouz,ovenstory,Goodbowl",places,en,108,13.08483215,80.2494289,13.0869354,80.25074620000001,0,maa2,Chennai,2026-08-31T08:56:59.380734Z
ChIJZ9kmPVhlUjoRhFSrcwyRUfg,Snakers Point,places,en,108,13.08483215,80.2494289,13.0869354,80.25074620000001,0,maa2,Chennai,2026-08-31T08:56:59.380735Z
ChIJCR3cf-BlUjoRZRrjxemPrAo,Sri Sivasakthi Hotel,places,en,109,13.08433415,80.2538368,13.084416800000001,80.25450219999999,0,maa2,Chennai,2026-08-31T08:56:59.716608Z
ChIJef19V4dlUjoRx0sBUWtHd1c,Sai chats,places,en,109,13.08433415,80.2538368,13.0842391,80.2546479,0,maa2,Chennai,2026-08-31T08:56:59.716619Z
ChIJe-l7eOBlUjoRUXsD94rLXHc,Jisha Tea Stall,places,en,109,13.08433415,80.2538368,13.0838214,80.2544607,0,maa2,Chennai,2026-08-31T08:56:59.716622Z
ChIJDZ0pEF5lUjoRF22lhAEAv88,SD FOOD CORNER,places,en,109,13.08433415,80.2538368,13.0845741,80.2529222,0,maa2,Chennai,2026-08-31T08:56:59.716623Z
ChIJt1B5ahBlUjoRRajP4jLeZdY,LINGAM HOT CHIPS,places,en,109,13.08433415,80.2538368,13.0847514,80.2547379,0,maa2,Chennai,2026-08-31T08:56:59.716625Z
ChIJG_Htg-BlUjoRAW7txMK8dVE,Mansuk's Sweets and Snacks - Purasawalkam,places,en,109,13.08433415,80.2538368,13.084790799999999,80.2547535,0,maa2,Chennai,2026-08-31T08:56:59.716627Z
ChIJf_hcIt5lUjoRvSUWwWBlpok,Adyar Ananda Bhavan - A2B,places,en,109,13.08433415,80.2538368,13.085505099999999,80.25377809999999,0,maa2,Chennai,2026-08-31T08:56:59.716628Z
ChIJ23wT_Z9nUjoRZsSpaurw2UE,KARTHIK TIFFIN CENTRE,places,en,109,13.08433415,80.2538368,13.083633299999999,80.2528799,0,maa2,Chennai,2026-08-31T08:56:59.716630Z
ChIJsVvrdPBlUjoR8_bNoPIxNf8,Karthick,places,en,109,13.08433415,80.2538368,13.0854108,80.2532564,0,maa2,Chennai,2026-08-31T08:56:59.716631Z
ChIJgYi8Pt5lUjoRJCGENsAH_Mw,Hotel Sri Ramas,places,en,109,13.08433415,80.2538368,13.0855205,80.2532537,0,maa2,Chennai,2026-08-31T08:56:59.716632Z
ChIJu4xznOBlUjoRCrmPFWoJ91g,Chennai Kulfi,places,en,109,13.08433415,80.2538368,13.085356599999999,80.2547601,0,maa2,Chennai,2026-08-31T08:56:59.716634Z
ChIJi32Gd-BlUjoRKXW25hyrO8w,Virudhunagar Biryani And Fast Food,places,en,109,13.08433415,80.2538368,13.0854003,80.2547501,0,maa2,Chennai,2026-08-31T08:56:59.716635Z
ChIJ5VUcIt5lUjoRB1wHHLsC9kE,DUBEY COOLDRINKS,places,en,109,13.08433415,80.2538368,13.085843899999999,80.2540836,0,maa2,Chennai,2026-08-31T08:56:59.716637Z
ChIJVbC7gU1lUjoR8-Jxsp-AqLc,S K CHICKEN CENTER,places,en,109,13.08433415,80.2538368,13.085813199999999,80.2545701,0,maa2,Chennai,2026-08-31T08:56:59.716638Z
ChIJxWXToeBlUjoRRBipL6VAIsM,Welcome Hotel,places,en,109,13.08433415,80.2538368,13.0858651,80.2546232,0,maa2,Chennai,2026-08-31T08:56:59.716639Z
ChIJiyOL6SBlUjoR6GaUBC7RQxQ,Pop Stix,places,en,109,13.08433415,80.2538368,13.0857057,80.2549367,0,maa2,Chennai,2026-08-31T08:56:59.716641Z
ChIJOfGEmPxlUjoRecR_xnuzD_I,The Green Salad,places,en,109,13.08433415,80.2538368,13.0847915,80.2555896,0,maa2,Chennai,2026-08-31T08:56:59.716642Z
ChIJKwouoJNlUjoRX5FCj7Dg9AA,SKALE UP ENTERPRISES,places,en,109,13.08433415,80.2538368,13.0862304,80.25362419999999,0,maa2,Chennai,2026-08-31T08:56:59.716644Z
ChIJ873-EN5lUjoRVwgXDmRrfzI,Flake N Bake (Shawarma House),places,en,109,13.08433415,80.2538368,13.0862304,80.25362419999999,0,maa2,Chennai,2026-08-31T08:56:59.716645Z
ChIJt7aTAgBlUjoR1LonPcEKQu8,The Dosa Train,places,en,109,13.08433415,80.2538368,13.0852018,80.2520696,0,maa2,Chennai,2026-08-31T08:56:59.716647Z
ChIJIQ890HlnUjoRk4SAY_kGGfI,Sams Kitchen,places,en,110,13.07122105,80.2146987,13.0706853,80.2153122,0,maa2,Chennai,2026-08-31T08:57:00.108134Z
ChIJm4zTIKRnUjoR67sD8ZKQ0hg,Kitchen world,places,en,110,13.07122105,80.2146987,13.070743499999999,80.2153812,0,maa2,Chennai,2026-08-31T08:57:00.108145Z
ChIJPWFGQtVnUjoR6ZuQ2Z50P00,Fusion Food Street,places,en,110,13.07122105,80.2146987,13.0706569,80.2153324,0,maa2,Chennai,2026-08-31T08:57:00.108148Z
ChIJ6fyKX1NnUjoR2sXDKnNCyME,AIWA Combo Feast,places,en,110,13.07122105,80.2146987,13.0707057,80.2154958,0,maa2,Chennai,2026-08-31T08:57:00.108150Z
ChIJdWEUgBdnUjoRAUJA3kQQv64,Chikmutt briyani,places,en,110,13.07122105,80.2146987,13.0718146,80.2154833,0,maa2,Chennai,2026-08-31T08:57:00.108152Z
ChIJNf1_4lxnUjoRH1SoQqNTjTo,Hotel Poigai Restaurant,places,en,110,13.07122105,80.2146987,13.0704578,80.21529079999999,0,maa2,Chennai,2026-08-31T08:57:00.108153Z
ChIJcxamMuJnUjoRixZsByZw8FE,Behrouz Biryani Arumbakkam Chennai,places,en,110,13.07122105,80.2146987,13.0703265,80.215141,0,maa2,Chennai,2026-08-31T08:57:00.108155Z
ChIJo6njbltnUjoRRvCf8wx3lPc,Sofiya’s Nawabi Handi,places,en,110,13.07122105,80.2146987,13.070552099999999,80.2154645,0,maa2,Chennai,2026-08-31T08:57:00.108157Z
ChIJF-7ao41nUjoR7NiClKSFDyE,Biryani Syndicate,places,en,110,13.07122105,80.2146987,13.070551199999999,80.21547,0,maa2,Chennai,2026-08-31T08:57:00.108158Z
ChIJv7GEEABnUjoRg-wghUxSSQU,Hotel Senthil,places,en,110,13.07122105,80.2146987,13.0722715,80.2143881,0,maa2,Chennai,2026-08-31T08:57:00.108160Z
ChIJrfaZ07NnUjoR4dTngJe0qmk,Faasos Arumbakkam Chennai,places,en,110,13.07122105,80.2146987,13.070333,80.215306,0,maa2,Chennai,2026-08-31T08:57:00.108161Z
ChIJJRHP119nUjoRE9JHTkovT-4,Wendy's,places,en,110,13.07122105,80.2146987,13.070333,80.215306,0,maa2,Chennai,2026-08-31T08:57:00.108163Z
ChIJl6vETUJnUjoRI-Yib8QAgQY,Wayfills Shop,places,en,110,13.07122105,80.2146987,13.070409999999999,80.21542219999999,0,maa2,Chennai,2026-08-31T08:57:00.108165Z
ChIJRU8TMKRnUjoRN_4Dki7DlaA,Oven Story,places,en,110,13.07122105,80.2146987,13.0702866,80.2153434,0,maa2,Chennai,2026-08-31T08:57:00.108166Z
ChIJ5XPqbYlnUjoREdJz-neQNO8,Samiz Hyderabadi Briyani,places,en,110,13.07122105,80.2146987,13.072327699999999,80.2154863,0,maa2,Chennai,2026-08-31T08:57:00.108168Z
ChIJwd11NL1nUjoRJ2g4bQpjbWo,Hot Chaat and sweets,places,en,110,13.07122105,80.2146987,13.0699451,80.21556489999999,0,maa2,Chennai,2026-08-31T08:57:00.108169Z
ChIJ2eeNsJlnUjoRwDn5XI487a8,Load'd,places,en,110,13.07122105,80.2146987,13.0699018,80.2155204,0,maa2,Chennai,2026-08-31T08:57:00.108171Z
ChIJISvcAJlmUjoRkAxhIM-I9R4,"Amma Mess, Arumbakkam",places,en,110,13.07122105,80.2146987,13.0714358,80.213066,0,maa2,Chennai,2026-08-31T08:57:00.108172Z
ChIJ5zBGX5FnUjoR9dYRvmZlbRc,105 vilas,places,en,110,13.07122105,80.2146987,13.0722825,80.2133739,0,maa2,Chennai,2026-08-31T08:57:00.108174Z
ChIJ8Re53ptmUjoR9PTmnKiO_I0,Meenachi Snack Bar & Tiffin Center,places,en,110,13.07122105,80.2146987,13.0726471,80.21567499999999,0,maa2,Chennai,2026-08-31T08:57:00.108176Z
ChIJgYxaQR5nUjoRpjdL4zZ5qvg,KADAKNATH FARM WORLD,places,en,111,13.073042000000001,80.211725,13.0724637,80.2102596,0,maa2,Chennai,2026-08-31T08:57:00.447649Z
ChIJ9SO1NwBnUjoRDQOtHv732J4,Road shop,places,en,111,13.073042000000001,80.211725,13.072455999999999,80.21025759999999,0,maa2,Chennai,2026-08-31T08:57:00.447659Z
ChIJrXGAX_hnUjoRC9NKg2l-9qQ,Malik Hyderabadi Biryani,places,en,111,13.073042000000001,80.211725,13.0721752,80.2102228,0,maa2,Chennai,2026-08-31T08:57:00.447662Z
ChIJy6PLhphmUjoRazdWHi7aZPs,Burger Hub,places,en,111,13.073042000000001,80.211725,13.0716168,80.2101735,0,maa2,Chennai,2026-08-31T08:57:00.447664Z
ChIJ21JYY5hmUjoR5kVyGNRVTV8,Sri Venkateswara Rice Shop,places,en,111,13.073042000000001,80.211725,13.070979099999999,80.21057139999999,0,maa2,Chennai,2026-08-31T08:57:00.447667Z
ChIJMzPi8BNnUjoRoR91RV6039k,Gemini Cafe,places,en,111,13.073042000000001,80.211725,13.0708688,80.2105243,0,maa2,Chennai,2026-08-31T08:57:00.447669Z
ChIJW-GFD6JmUjoRNc2eBkVIWvk,Bai Kadai biriyani,places,en,111,13.073042000000001,80.211725,13.073302199999999,80.20917419999999,0,maa2,Chennai,2026-08-31T08:57:00.447671Z
ChIJgWn7XJ9mUjoRHeDY-5GVsOo,NEW MUNEESH HOTEL,places,en,111,13.073042000000001,80.211725,13.075326599999999,80.2103692,0,maa2,Chennai,2026-08-31T08:57:00.447672Z
ChIJ53qPJb5nUjoREuTbl0QAFRA,INDULGENCE,places,en,112,13.0600585,80.22667584999999,13.060675100000001,80.22722259999999,0,maa2,Chennai,2026-08-31T08:57:00.800749Z
ChIJVRPELTFnUjoRlvAScXs2wSc,Hi5 Cafe,places,en,112,13.0600585,80.22667584999999,13.0593028,80.22719959999999,0,maa2,Chennai,2026-08-31T08:57:00.800759Z
ChIJk58noYxmUjoR6UXg3P_pvwc,VV Foods,places,en,112,13.0600585,80.22667584999999,13.0588632,80.22641109999999,0,maa2,Chennai,2026-08-31T08:57:00.800763Z
ChIJS99RfgBnUjoRULEiyzdYLIk,Kebab Machi,places,en,112,13.0600585,80.22667584999999,13.059000999999999,80.2254356,0,maa2,Chennai,2026-08-31T08:57:00.800765Z
ChIJi_KjjvhnUjoRo0UGfQxT3b4,Atti Shawarma,places,en,112,13.0600585,80.22667584999999,13.0588962,80.2254657,0,maa2,Chennai,2026-08-31T08:57:00.800767Z
ChIJWzkUOItmUjoR8XHAEkneNfQ,BALAJI TIFFIN CENTER,places,en,112,13.0600585,80.22667584999999,13.058520699999999,80.2280195,0,maa2,Chennai,2026-08-31T08:57:00.800769Z
ChIJzb_u6y5nUjoRADFW3t6kAUI,OM Sakthi Tiffen center & Fast food,places,en,112,13.0600585,80.22667584999999,13.0580573,80.2262642,0,maa2,Chennai,2026-08-31T08:57:00.800771Z
ChIJd_unRIxmUjoRPnp48_xBsKI,Meena Tiffin Centre,places,en,112,13.0600585,80.22667584999999,13.0612511,80.2248491,0,maa2,Chennai,2026-08-31T08:57:00.800773Z
ChIJM86hZAFnUjoRj4peGxnNlKY,Chennai Chat,places,en,112,13.0600585,80.22667584999999,13.0613363,80.2243645,0,maa2,Chennai,2026-08-31T08:57:00.800775Z
ChIJwWWXUwBnUjoRm6l4IvTkQco,Almost Heaven India restaurant,places,en,112,13.0600585,80.22667584999999,13.062620299999999,80.2262494,0,maa2,Chennai,2026-08-31T08:57:00.800776Z
ChIJl5ZcNBlnUjoRghQU0QvLUWE,Madurai Mess,places,en,112,13.0600585,80.22667584999999,13.061729699999999,80.2286949,0,maa2,Chennai,2026-08-31T08:57:00.800778Z
ChIJJwfgGABnUjoRmKTvwS8xzf4,GN FOODS,places,en,112,13.0600585,80.22667584999999,13.059821699999999,80.2239091,0,maa2,Chennai,2026-08-31T08:57:00.800780Z
ChIJGdIo6QpnUjoRBHvjx_a2b9U,Kitchen94,places,en,113,13.0592664,80.2284091,13.05811,80.2286214,0,maa2,Chennai,2026-08-31T08:57:01.171930Z
ChIJbZ6vPQBnUjoRSoLmEepufsc,D's Kitchen,places,en,113,13.0592664,80.2284091,13.057802899999999,80.22900729999999,0,maa2,Chennai,2026-08-31T08:57:01.171945Z
ChIJK1_L3x1nUjoR3H41yR-xQEg,AL TAAM Eatery,places,en,113,13.0592664,80.2284091,13.0590327,80.2300352,0,maa2,Chennai,2026-08-31T08:57:01.171948Z
ChIJA8XASgBnUjoRk8p70Dy2Hc0,Hr home,places,en,113,13.0592664,80.2284091,13.059583,80.230139,0,maa2,Chennai,2026-08-31T08:57:01.171950Z
ChIJ58YG04pmUjoRXp8Jpx-Spdg,Tamil Nadu Biryani Centre,places,en,113,13.0592664,80.2284091,13.0579783,80.22984029999999,0,maa2,Chennai,2026-08-31T08:57:01.171953Z
ChIJIzKUPwBnUjoRqxxKy0WOwiQ,MAMU HOTEL,places,en,113,13.0592664,80.2284091,13.0575393,80.22927059999999,0,maa2,Chennai,2026-08-31T08:57:01.171956Z
ChIJ-ypWF5FnUjoRqUOrENrvWmg,Chennai 94 Sappadu Kadai,places,en,113,13.0592664,80.2284091,13.0600892,80.2301962,0,maa2,Chennai,2026-08-31T08:57:01.171958Z
ChIJLeJDKPVmUjoRw1Hn_1et51s,Damayanti unavagam,places,en,113,13.0592664,80.2284091,13.057243,80.2293064,0,maa2,Chennai,2026-08-31T08:57:01.171960Z
ChIJL3i0agBnUjoRBpnPM1jG1cU,Imperial Hotel,places,en,113,13.0592664,80.2284091,13.0609387,80.2303644,0,maa2,Chennai,2026-08-31T08:57:01.171963Z
ChIJqytzb-9nUjoROwT5aIUcfao,வடை கடை,places,en,113,13.0592664,80.2284091,13.0613019,80.2301844,0,maa2,Chennai,2026-08-31T08:57:01.171966Z
ChIJKTo4ko1mUjoR8sREIk-Zw5c,Hot Sandwich & Cool 'N' Creamy,places,en,114,13.061725899999999,80.22175965,13.0617632,80.2216997,0,maa2,Chennai,2026-08-31T08:57:01.478504Z
ChIJyzHK7kVnUjoRsFKrrl5-GWQ,Mr.Subbu Shawarma,places,en,114,13.061725899999999,80.22175965,13.0615893,80.2217884,0,maa2,Chennai,2026-08-31T08:57:01.478519Z
ChIJzQBTko1mUjoRIoSyklMEaIk,GRILL SHAWARMA BBQ,places,en,114,13.061725899999999,80.22175965,13.061574400000001,80.2218383,0,maa2,Chennai,2026-08-31T08:57:01.478524Z
ChIJyZ1uTvNmUjoRQUvbsdCEuVM,Mr Subbu Shawarma,places,en,114,13.061725899999999,80.22175965,13.0615492,80.2218407,0,maa2,Chennai,2026-08-31T08:57:01.478527Z
ChIJEyx7K95nUjoRILGKtpLzAYs,YASSIN BHAI BIRIYANI,places,en,114,13.061725899999999,80.22175965,13.0613409,80.2217034,0,maa2,Chennai,2026-08-31T08:57:01.478530Z
ChIJ20AViY1mUjoRAyqM3CHrexw,NIGHT EAT (CHOOLAIMEDU),places,en,114,13.061725899999999,80.22175965,13.061250999999999,80.2213122,0,maa2,Chennai,2026-08-31T08:57:01.478533Z
ChIJ5VtwhY1mUjoRU9XQNhnlnws,Velu Tiffen Center,places,en,114,13.061725899999999,80.22175965,13.060956500000001,80.2215452,0,maa2,Chennai,2026-08-31T08:57:01.478536Z
ChIJxQC6fgBnUjoRwaL7jshGVko,North East Momos Corner,places,en,114,13.061725899999999,80.22175965,13.060761099999999,80.2213728,0,maa2,Chennai,2026-08-31T08:57:01.478539Z
ChIJjwZwkGdnUjoRcisMNEMpqug,IYYAPPAN TIFFIN HUB,places,en,114,13.061725899999999,80.22175965,13.0628438,80.22215659999999,0,maa2,Chennai,2026-08-31T08:57:01.478541Z
ChIJQ6V_hhJnUjoRHwWt_Bj33hw,DAY & NIGHT BIRIYANI,places,en,114,13.061725899999999,80.22175965,13.062959699999999,80.2221809,0,maa2,Chennai,2026-08-31T08:57:01.478544Z
ChIJi-dLTU9nUjoRyMNXbf2iGzw,The waffle spot,places,en,114,13.061725899999999,80.22175965,13.0629797,80.2222627,0,maa2,Chennai,2026-08-31T08:57:01.478547Z
ChIJ8whd4Y1mUjoR5DrZiUo2DUg,Star Park Tiffin Centre,places,en,114,13.061725899999999,80.22175965,13.063059899999999,80.2220654,0,maa2,Chennai,2026-08-31T08:57:01.478550Z
ChIJ54YubQJnUjoRBDYgd5-7SV8,Ebenezer Hotel,places,en,114,13.061725899999999,80.22175965,13.0603363,80.2214394,0,maa2,Chennai,2026-08-31T08:57:01.478552Z
ChIJq34nwWFnUjoR0o87xeTlkSs,Devar Hotel,places,en,114,13.061725899999999,80.22175965,13.0603248,80.2213543,0,maa2,Chennai,2026-08-31T08:57:01.478555Z
ChIJr_rMZJtnUjoREPK1b4do-kc,Kani mess,places,en,114,13.061725899999999,80.22175965,13.063130099999999,80.22207279999999,0,maa2,Chennai,2026-08-31T08:57:01.478558Z
ChIJDwjUmuhnUjoRQjMj6OaL6gY,Yummy sandwich,places,en,114,13.061725899999999,80.22175965,13.060150499999999,80.22142029999999,0,maa2,Chennai,2026-08-31T08:57:01.478560Z
ChIJC1V9d41mUjoRsXFalGsB-aI,ஸ்ரீ ரங்கா டிபன் சென்டர்,places,en,114,13.061725899999999,80.22175965,13.0601176,80.22166969999999,0,maa2,Chennai,2026-08-31T08:57:01.478563Z
ChIJtVK_eY1mUjoROLx0UIR33ss,Quality Fast Food,places,en,114,13.061725899999999,80.22175965,13.0601062,80.2215849,0,maa2,Chennai,2026-08-31T08:57:01.478566Z
ChIJycRrd41mUjoRF6qqgpgKE3I,NOORIYA SULEMAN PROTEINS,places,en,114,13.061725899999999,80.22175965,13.060094699999999,80.2217392,0,maa2,Chennai,2026-08-31T08:57:01.478568Z
ChIJK8L8LSRnUjoRfpOQneYfq2Y,Arabian Knights(Shawarma spot),places,en,114,13.061725899999999,80.22175965,13.060069,80.221835,0,maa2,Chennai,2026-08-31T08:57:01.478571Z
ChIJtZEUzbVmUjoROhRrsFwENAs,Saraswathi Tea and Tiffen Stall,places,en,115,13.0587576,80.19260410000001,13.0591943,80.19228609999999,0,maa2,Chennai,2026-08-31T08:57:02.817926Z
ChIJl9jt1xdnUjoRcJc7lRNsd8k,Salem Bites,places,en,115,13.0587576,80.19260410000001,13.0575707,80.1925522,0,maa2,Chennai,2026-08-31T08:57:02.817934Z
ChIJSRbx-LRmUjoRYzEEI9G3REE,BHAGYALAKSHMIS KITCHEN,places,en,115,13.0587576,80.19260410000001,13.0597447,80.19139059999999,0,maa2,Chennai,2026-08-31T08:57:02.817936Z
ChIJLayo4rVmUjoRyersWU8b2Ac,NAVARATNA HOTEL,places,en,115,13.0587576,80.19260410000001,13.0571861,80.19306519999999,0,maa2,Chennai,2026-08-31T08:57:02.817937Z
ChIJGTFFXQBnUjoRQrOz5ZEDMak,Tangra Table,places,en,115,13.0587576,80.19260410000001,13.059190899999999,80.1905608,0,maa2,Chennai,2026-08-31T08:57:02.817939Z
ChIJm_U6KgBnUjoRPZnvIMoi7Ic,The Madras Biriyani House( Only Take Away),places,en,115,13.0587576,80.19260410000001,13.060174799999999,80.1941102,0,maa2,Chennai,2026-08-31T08:57:02.817940Z
ChIJyQr-Vy1nUjoRSA2r0lcau4I,Bismi Mutton Shop,places,en,115,13.0587576,80.19260410000001,13.0569999,80.19385960000001,0,maa2,Chennai,2026-08-31T08:57:02.817941Z
ChIJ0zwXGUxnUjoRpBSVhMxqlbw,MVP REFRESHMENTS CORNER,places,en,115,13.0587576,80.19260410000001,13.0608419,80.1929775,0,maa2,Chennai,2026-08-31T08:57:02.817943Z
ChIJHbDKsNlnUjoRuBxw9P61tBI,Sri Swaminath Cafe,places,en,115,13.0587576,80.19260410000001,13.057371199999999,80.1942777,0,maa2,Chennai,2026-08-31T08:57:02.817944Z
ChIJw4alF7ZmUjoR6V-PCwC1w4w,HOTEL AMIRTHAM VEGETARIAN,places,en,115,13.0587576,80.19260410000001,13.057300699999999,80.1943309,0,maa2,Chennai,2026-08-31T08:57:02.817945Z
ChIJxZ9ZaABnUjoRqelgV6nv-r8,Five star chicken,places,en,115,13.0587576,80.19260410000001,13.059184499999999,80.19498229999999,0,maa2,Chennai,2026-08-31T08:57:02.817946Z
ChIJ9b1ePotnUjoRnTRkgwTefR4,Crispy Feastt,places,en,115,13.0587576,80.19260410000001,13.0592369,80.1949988,0,maa2,Chennai,2026-08-31T08:57:02.817948Z
ChIJP_TSorZmUjoR439GbFQrO8A,HOTEL CHELLAMA,places,en,115,13.0587576,80.19260410000001,13.0608645,80.19379130000002,0,maa2,Chennai,2026-08-31T08:57:02.817949Z
ChIJWeqU6zBnUjoRnIy3nND_qBY,WOF,places,en,115,13.0587576,80.19260410000001,13.060596799999999,80.190968,0,maa2,Chennai,2026-08-31T08:57:02.817950Z
ChIJnZPdHrZmUjoRmR-h4j19XkE,Sri Padiyan Briyani,places,en,115,13.0587576,80.19260410000001,13.056849999999999,80.1942467,0,maa2,Chennai,2026-08-31T08:57:02.817951Z
ChIJY5jeHzVnUjoRt3nVepxdh20,Vijay snacks,places,en,115,13.0587576,80.19260410000001,13.058959699999999,80.195138,0,maa2,Chennai,2026-08-31T08:57:02.817953Z
ChIJXXBJ47VmUjoRUR4lV7kdNSg,Manimaran Snacks Shop,places,en,115,13.0587576,80.19260410000001,13.0569578,80.19067919999999,0,maa2,Chennai,2026-08-31T08:57:02.817954Z
ChIJw_YZGwBhUjoRYsN2z1WNuBU,Royal Thai kitchen,places,en,116,13.051592249999999,80.17944675000001,13.0530355,80.1783739,0,maa2,Chennai,2026-08-31T08:57:03.132452Z
ChIJW9RAyHRhUjoRWxbbpx45Kdc,AB’s Sedap,places,en,116,13.051592249999999,80.17944675000001,13.0497259,80.1797254,0,maa2,Chennai,2026-08-31T08:57:03.132459Z
ChIJhdL3dDBhUjoRR-Vo_BSzCxA,D.A Brother's Food Corner,places,en,116,13.051592249999999,80.17944675000001,13.0509569,80.1775273,0,maa2,Chennai,2026-08-31T08:57:03.132461Z
ChIJyflaqpZhUjoRChZanzjKIHQ,Dwarka Food Court,places,en,116,13.051592249999999,80.17944675000001,13.052667,80.1776004,0,maa2,Chennai,2026-08-31T08:57:03.132463Z
ChIJc1jreDlhUjoRskQBBbmJ0LE,Kaimanam,places,en,116,13.051592249999999,80.17944675000001,13.0523423,80.1774422,0,maa2,Chennai,2026-08-31T08:57:03.132464Z
ChIJO0YttTBhUjoRDfaXWXvXQf8,Roopa Rekha bakery,places,en,116,13.051592249999999,80.17944675000001,13.0502022,80.177635,0,maa2,Chennai,2026-08-31T08:57:03.132465Z
ChIJrRaEUjFhUjoReQ5MsOZwrZY,Shreekari's Bhojanam,places,en,116,13.051592249999999,80.17944675000001,13.0501227,80.1812372,0,maa2,Chennai,2026-08-31T08:57:03.132466Z
ChIJbdunz9xhUjoR3WrqF5yfVJs,Naadan thattu,places,en,116,13.051592249999999,80.17944675000001,13.0514042,80.17703759999999,0,maa2,Chennai,2026-08-31T08:57:03.132467Z
ChIJRbyxTSVhUjoRtY3BViFyoDQ,GRACE MUTTON AND CHICKEN SHOP,places,en,116,13.051592249999999,80.17944675000001,13.049885999999999,80.1776438,0,maa2,Chennai,2026-08-31T08:57:03.132469Z
ChIJ8w8xcOlhUjoRjp0kDQ7ilNQ,Kalpasi mess,places,en,116,13.051592249999999,80.17944675000001,13.0515195,80.1769048,0,maa2,Chennai,2026-08-31T08:57:03.132470Z
ChIJferFY3lhUjoRkHw9QM5fN_M,KALPASI MESS,places,en,116,13.051592249999999,80.17944675000001,13.0514957,80.17684589999999,0,maa2,Chennai,2026-08-31T08:57:03.132471Z
ChIJQ1HKFgBhUjoRnQbgAZpltjE,Bhojanam,places,en,116,13.051592249999999,80.17944675000001,13.0490713,80.1799364,0,maa2,Chennai,2026-08-31T08:57:03.132472Z
ChIJ18W0u9dhUjoRGXwAK8mfSqY,GenZFusionEats,places,en,116,13.051592249999999,80.17944675000001,13.049730499999999,80.1776067,0,maa2,Chennai,2026-08-31T08:57:03.132473Z
ChIJTxZ_LgBhUjoR_DsQDI284qg,Tasty veggies,places,en,116,13.051592249999999,80.17944675000001,13.049586399999999,80.1811625,0,maa2,Chennai,2026-08-31T08:57:03.132474Z
ChIJMVoax4hhUjoR3Hi0hoO56J8,New Arcot biriyani,places,en,117,13.053325999999998,80.18346015,13.0535228,80.1828895,0,maa2,Chennai,2026-08-31T08:57:03.452383Z
ChIJtQrlCK1hUjoRpztZypyoNSc,Triplicane Biriyani,places,en,117,13.053325999999998,80.18346015,13.0535228,80.1828895,0,maa2,Chennai,2026-08-31T08:57:03.452391Z
ChIJlxmoRE9hUjoRty49BEbfA44,Mummy's Biryani,places,en,117,13.053325999999998,80.18346015,13.053719599999999,80.1829006,0,maa2,Chennai,2026-08-31T08:57:03.452394Z
ChIJPwdLxDVhUjoRUqCjVjp6R7U,Shree Lakshmi Bhavan,places,en,117,13.053325999999998,80.18346015,13.054078299999999,80.18297179999999,0,maa2,Chennai,2026-08-31T08:57:03.452396Z
ChIJWVpcJQBhUjoRYY8HOlvoNeg,Vaniyambadi viragadupu biriyani,places,en,117,13.053325999999998,80.18346015,13.054341899999999,80.1828468,0,maa2,Chennai,2026-08-31T08:57:03.452397Z
ChIJlWgAQgBhUjoRHsyQuqabFYY,Vetrimaaran Seeraga samba briyani (Valasaravakkam),places,en,117,13.053325999999998,80.18346015,13.0516242,80.1828936,0,maa2,Chennai,2026-08-31T08:57:03.452399Z
ChIJG3PISnZhUjoRUvsMdv0AWsg,Rifa Foods,places,en,117,13.053325999999998,80.18346015,13.051762,80.1844528,0,maa2,Chennai,2026-08-31T08:57:03.452400Z
ChIJtyO58jVhUjoR8xswk3c5hIg,Guru snacks,places,en,117,13.053325999999998,80.18346015,13.0551655,80.1837583,0,maa2,Chennai,2026-08-31T08:57:03.452402Z
ChIJDV_pX2lhUjoR3EfAOxOwC-E,Ambbur babu bhai biryani tiffan & fastfood veg & nonveg,places,en,117,13.053325999999998,80.18346015,13.055120599999999,80.1840039,0,maa2,Chennai,2026-08-31T08:57:03.452403Z
ChIJrc5y5fBhUjoRvPqPxBSdNDc,New Arcod Briyani,places,en,117,13.053325999999998,80.18346015,13.0515495,80.1842734,0,maa2,Chennai,2026-08-31T08:57:03.452404Z
ChIJ3UR8TzdhUjoRlk01ZHCJipM,AL HAMEED' FOODS அல் ஹமீது' ஃபூட்ஸ்,places,en,117,13.053325999999998,80.18346015,13.0550337,80.1844229,0,maa2,Chennai,2026-08-31T08:57:03.452406Z
ChIJe_-akDVhUjoRUEP9XIoy0Jw,Master Chef,places,en,117,13.053325999999998,80.18346015,13.055033,80.1844326,0,maa2,Chennai,2026-08-31T08:57:03.452407Z
ChIJgyUnnDVhUjoRAtE1yWTGT48,ஓட்டல் குட்டியப்பா,places,en,117,13.053325999999998,80.18346015,13.0550365,80.1844469,0,maa2,Chennai,2026-08-31T08:57:03.452409Z
ChIJe6LZkTVhUjoR2BzrB6zaZxI,mohan fast food,places,en,117,13.053325999999998,80.18346015,13.055338599999999,80.1837923,0,maa2,Chennai,2026-08-31T08:57:03.452410Z
ChIJHRvv7zRhUjoRRm0PSPjhcv0,Saltbox Kitchen,places,en,117,13.053325999999998,80.18346015,13.052515,80.1854091,0,maa2,Chennai,2026-08-31T08:57:03.452412Z
ChIJVSJFNUJhUjoR7ekiL-kbz-Q,Ameen Special Biriyani,places,en,117,13.053325999999998,80.18346015,13.0553054,80.1829353,0,maa2,Chennai,2026-08-31T08:57:03.452413Z
ChIJs9sD7jVhUjoRiZaV6eUCirU,5star Briyani,places,en,117,13.053325999999998,80.18346015,13.055309699999999,80.1829358,0,maa2,Chennai,2026-08-31T08:57:03.452414Z
ChIJ86BGkDVhUjoRZrDUKWLCINM,அம்மா உணவகம்,places,en,117,13.053325999999998,80.18346015,13.0551563,80.18446809999999,0,maa2,Chennai,2026-08-31T08:57:03.452416Z
ChIJbXtQSnpdUjoRzcyVB6Px0kY,Topi Vappa Biriyani,places,en,117,13.053325999999998,80.18346015,13.0545691,80.1851994,0,maa2,Chennai,2026-08-31T08:57:03.452417Z
ChIJM6sO4fNhUjoRCD1b4s4i5lY,Manpasand Chat,places,en,117,13.053325999999998,80.18346015,13.055219099999999,80.18256579999999,0,maa2,Chennai,2026-08-31T08:57:03.452418Z
ChIJXfaGiFdhUjoRba_4aHjXbqA,THRiCE CAFE,places,en,118,13.05568865,80.18284595,13.055496199999999,80.182924,0,maa2,Chennai,2026-08-31T08:57:03.866281Z
ChIJJZBdUCphUjoRQ1wtJF0ZHGk,Balamurugan Hotel,places,en,118,13.05568865,80.18284595,13.055440299999999,80.1830014,0,maa2,Chennai,2026-08-31T08:57:03.866289Z
ChIJ316qfwBhUjoRnr8exL3rRRQ,Vaagai Tiffin center,places,en,118,13.05568865,80.18284595,13.0555583,80.1832354,0,maa2,Chennai,2026-08-31T08:57:03.866292Z
ChIJLbByPRdhUjoRuz9mw3W9xnA,Vivasye Fast Food,places,en,118,13.05568865,80.18284595,13.0552095,80.182293,0,maa2,Chennai,2026-08-31T08:57:03.866295Z
ChIJb-zCepRhUjoRXnA33eQF4IU,Steam Food,places,en,118,13.05568865,80.18284595,13.055180499999999,80.1821848,0,maa2,Chennai,2026-08-31T08:57:03.866297Z
ChIJQUHmDEphUjoR_a5NIf1EM6g,அன்னை வராஹி கல்ப மூலிகை வைத்தியம்,places,en,118,13.05568865,80.18284595,13.056512099999999,80.1831735,0,maa2,Chennai,2026-08-31T08:57:03.866298Z
ChIJ-6QNgplhUjoR9IhW3goDt-I,Kozhi 65 SHAWARMA Nerkundram,places,en,118,13.05568865,80.18284595,13.055268799999999,80.1818325,0,maa2,Chennai,2026-08-31T08:57:03.866300Z
ChIJw0m6CDZhUjoRVSNv7YXM8mY,ஓம் பிரியாணி சென்டர்,places,en,118,13.05568865,80.18284595,13.0551951,80.1816748,0,maa2,Chennai,2026-08-31T08:57:03.866302Z
ChIJx2Rf4DdhUjoR5s-vK7_VzNA,திருமுருகன் மெஸ்,places,en,119,13.05649235,80.17663805000001,13.0556787,80.1776419,0,maa2,Chennai,2026-08-31T08:57:04.195986Z
ChIJb0B6PkhhUjoRVrLBmGiYcjQ,Mr Biryani Fast Food,places,en,119,13.05649235,80.17663805000001,13.056880699999999,80.1779256,0,maa2,Chennai,2026-08-31T08:57:04.195993Z
ChIJQ8HJ3jdhUjoRfX42X8CtTD8,AKBAR VEG BIRIYANI,places,en,119,13.05649235,80.17663805000001,13.0556203,80.1780402,0,maa2,Chennai,2026-08-31T08:57:04.195996Z
ChIJAcJRVgBhUjoR0wphztvagyI,Khichdi Bar,places,en,119,13.05649235,80.17663805000001,13.058078199999999,80.17765829999999,0,maa2,Chennai,2026-08-31T08:57:04.195998Z
ChIJRegGwzdhUjoRJ5f_GrHURpU,HOTEL HANIYA,places,en,119,13.05649235,80.17663805000001,13.0549688,80.1779438,0,maa2,Chennai,2026-08-31T08:57:04.195999Z
ChIJm_GpUUhhUjoRVf2FFADpOw4,HOTEL SRI RAJA VEG & NON,places,en,119,13.05649235,80.17663805000001,13.058180199999999,80.1786376,0,maa2,Chennai,2026-08-31T08:57:04.196001Z
ChIJv3IffAhhUjoRymtRuC_jbi8,Cheravi Foods,places,en,119,13.05649235,80.17663805000001,13.058062699999999,80.178744,0,maa2,Chennai,2026-08-31T08:57:04.196002Z
ChIJmWs8o05hUjoRdjYx_Pja5Gw,BANDANAZ MUTTON CHICKEN STALL,places,en,120,13.062146250000001,80.1815153,13.0627318,80.1813494,0,maa2,Chennai,2026-08-31T08:57:04.544100Z
ChIJwy3zHExhUjoRWeCZmdI7-6Q,2 Idly 1 Vadai VEG RESTAURANT,places,en,120,13.062146250000001,80.1815153,13.0625573,80.1821586,0,maa2,Chennai,2026-08-31T08:57:04.544108Z
ChIJs9wJvE5hUjoRSaH8kN75Bsw,சாமி மாஸ்டர் உணவகம்,places,en,120,13.062146250000001,80.1815153,13.062723799999999,80.18093929999999,0,maa2,Chennai,2026-08-31T08:57:04.544111Z
ChIJSeiqvk5hUjoRuRyCGPbFdKk,Al-Madina Dum Biryani,places,en,120,13.062146250000001,80.1815153,13.0627245,80.1808729,0,maa2,Chennai,2026-08-31T08:57:04.544113Z
ChIJ73VMgMJhUjoRJqUE945oMf0,Sri Amman Restaurant,places,en,120,13.062146250000001,80.1815153,13.0627549,80.18223669999999,0,maa2,Chennai,2026-08-31T08:57:04.544115Z
ChIJ6bICD0xhUjoRAUXNCRZfDy4,அஜி ஃபுட்ஸ்,places,en,120,13.062146250000001,80.1815153,13.0622138,80.1827955,0,maa2,Chennai,2026-08-31T08:57:04.544117Z
ChIJo3XcQklhUjoR9sDmY8Ooobs,RAMANA CHICKEN,places,en,120,13.062146250000001,80.1815153,13.060501700000001,80.1811718,0,maa2,Chennai,2026-08-31T08:57:04.544118Z
ChIJP7RXXgBhUjoRr1DYITiogkY,JEEVAN FAMILY DHABHA,places,en,120,13.062146250000001,80.1815153,13.0630843,80.17990309999999,0,maa2,Chennai,2026-08-31T08:57:04.544120Z
ChIJyWqdC6JhUjoRq-Q9Rry9ecY,Pavitra Chickens,places,en,120,13.062146250000001,80.1815153,13.063649999999999,80.18021300000001,0,maa2,Chennai,2026-08-31T08:57:04.544122Z
ChIJzRV2NwBhUjoRlo8SjMgwxiw,Snaky Naky,places,en,120,13.062146250000001,80.1815153,13.0630978,80.1833412,0,maa2,Chennai,2026-08-31T08:57:04.544123Z
ChIJOTjL1E5hUjoR6GV1MS68Rxo,Sylvester Healthy Esculents,places,en,120,13.062146250000001,80.1815153,13.061596999999999,80.1793825,0,maa2,Chennai,2026-08-31T08:57:04.544125Z
ChIJ8zMt2U5hUjoRBRn6p4BdR80,AFROJ,places,en,120,13.062146250000001,80.1815153,13.062638199999999,80.1793034,0,maa2,Chennai,2026-08-31T08:57:04.544126Z
ChIJqQR95sxhUjoRHHDWewVmjUI,SATTUR NARAYANASAMY TEA STALL,places,en,120,13.062146250000001,80.1815153,13.063027,80.1794123,0,maa2,Chennai,2026-08-31T08:57:04.544128Z
ChIJ5b6CKQBhUjoRtD_FIoWepIc,Mani hotel,places,en,120,13.062146250000001,80.1815153,13.061231699999999,80.17937669999999,0,maa2,Chennai,2026-08-31T08:57:04.544130Z
ChIJbc4cEgBhUjoRE29nl3eiA1E,Hotel Surya bhavan,places,en,120,13.062146250000001,80.1815153,13.062937999999999,80.179285,0,maa2,Chennai,2026-08-31T08:57:04.544131Z
ChIJBdM4d0xhUjoRhNFkhOsXItM,Mahalakshmi welding works,places,en,120,13.062146250000001,80.1815153,13.0620475,80.183993,0,maa2,Chennai,2026-08-31T08:57:04.544133Z
ChIJy29K02FhUjoRwCK-xNfvwjI,A.M Mubrak Biryani,places,en,120,13.062146250000001,80.1815153,13.063157299999999,80.17924959999999,0,maa2,Chennai,2026-08-31T08:57:04.544134Z
ChIJB7e3405hUjoRM0Z9Ztagfgk,KGN BIRIYANI & FAST FOOD,places,en,120,13.062146250000001,80.1815153,13.0634675,80.179346,0,maa2,Chennai,2026-08-31T08:57:04.544136Z
ChIJIYmiFr5hUjoRuVYTo9-6XiE,THE PIZZA JOURNEY,places,en,120,13.062146250000001,80.1815153,13.0647541,80.1814148,0,maa2,Chennai,2026-08-31T08:57:04.544137Z
ChIJMQRjpmlhUjoRCic2HELJI7I,Lakshmi Fast Food,places,en,120,13.062146250000001,80.1815153,13.0641126,80.1796892,0,maa2,Chennai,2026-08-31T08:57:04.544139Z
ChIJzbkb-bZmUjoRzEr_MH93reI,A.P Broilers,places,en,121,13.057967399999999,80.19670555,13.0594681,80.1953496,0,maa2,Chennai,2026-08-31T08:57:04.932257Z
ChIJz3garUFnUjoRV5De4v_tI3A,Anandh Egg Mart,places,en,122,13.016159550000001,80.20899854999999,13.016906500000001,80.209283,0,maa2,Chennai,2026-08-31T08:57:05.248739Z
ChIJB27LKT5nUjoR8VKZFCE3Yog,Kumaran chettinadu hottel,places,en,122,13.016159550000001,80.20899854999999,13.014983299999999,80.20973149999999,0,maa2,Chennai,2026-08-31T08:57:05.248748Z
ChIJt-3TDz1nUjoRq6OaqrTGQ_Y,Pricol Gourmet,places,en,122,13.016159550000001,80.20899854999999,13.016290699999999,80.2105627,0,maa2,Chennai,2026-08-31T08:57:05.248752Z
ChIJXUYr8ABnUjoRyE-0uwhuve8,Hotel Mylai Manji Vilas (pure vegetarian),places,en,122,13.016159550000001,80.20899854999999,13.016030899999999,80.2109148,0,maa2,Chennai,2026-08-31T08:57:05.248754Z
ChIJeTLTy7RnUjoRbbSkEZBESZg,Aswin Fast Food,places,en,122,13.016159550000001,80.20899854999999,13.014682899999999,80.21083329999999,0,maa2,Chennai,2026-08-31T08:57:05.248756Z
ChIJJ7E7nBVnUjoR6DSAuG1V1o4,Gette Chutney,places,en,122,13.016159550000001,80.20899854999999,13.0145973,80.21076819999999,0,maa2,Chennai,2026-08-31T08:57:05.248758Z
ChIJg9qWH6pnUjoRzjhiAsgYveQ,Alandur Thatu Kadai Biriyani,places,en,123,13.002358000000001,80.20282515,13.001667600000001,80.2028569,0,maa2,Chennai,2026-08-31T08:57:05.563881Z
ChIJTYs1MABnUjoR_OW0Amd7MgA,Virudhunagar Poricha Parotta,places,en,123,13.002358000000001,80.20282515,13.002942299999999,80.20215569999999,0,maa2,Chennai,2026-08-31T08:57:05.563890Z
ChIJhamxRsVnUjoRPc_YpWf3qgo,Anbu Hotel,places,en,123,13.002358000000001,80.20282515,13.0032976,80.2028481,0,maa2,Chennai,2026-08-31T08:57:05.563893Z
ChIJEXO8Z0RnUjoRFNiuQKp_hTU,HOTEL DEVI,places,en,123,13.002358000000001,80.20282515,13.0032857,80.2030547,0,maa2,Chennai,2026-08-31T08:57:05.563895Z
ChIJdSjQRgBnUjoR37BqUQUBuOU,BEEF MAFIA,places,en,123,13.002358000000001,80.20282515,13.0014272,80.2018539,0,maa2,Chennai,2026-08-31T08:57:05.563897Z
ChIJzzymgkRnUjoRUzvti-XdcPY,A.P.Ayyanar Saiva Unavagam,places,en,123,13.002358000000001,80.20282515,13.0021101,80.2042283,0,maa2,Chennai,2026-08-31T08:57:05.563899Z
ChIJvfCibMlhUjoRGp2FPV8zmM0,CRISPY BITES,places,en,123,13.002358000000001,80.20282515,13.001976899999999,80.204309,0,maa2,Chennai,2026-08-31T08:57:05.563900Z
ChIJZxx-pURnUjoResAOksJI_OI,Hotel Alandur,places,en,123,13.002358000000001,80.20282515,13.0005882,80.2037333,0,maa2,Chennai,2026-08-31T08:57:05.563902Z
ChIJIXmZs1lnUjoR96Drj4yt2rA,A M.S Brinji & Veg Biriyani Shop,places,en,123,13.002358000000001,80.20282515,13.0009494,80.2042791,0,maa2,Chennai,2026-08-31T08:57:05.563903Z
ChIJUfpjC4xnUjoR7vTXdJE5UhY,MALA MESS,places,en,123,13.002358000000001,80.20282515,13.0004827,80.203588,0,maa2,Chennai,2026-08-31T08:57:05.563905Z
ChIJp4chX0NnUjoRMvJEJnP1SAo,Hotel Maalai,places,en,123,13.002358000000001,80.20282515,13.0010151,80.2043758,0,maa2,Chennai,2026-08-31T08:57:05.563907Z
ChIJr-NeFkRnUjoR1TY9vi_OR3I,Amma Unavagam,places,en,123,13.002358000000001,80.20282515,13.004415799999999,80.2026616,0,maa2,Chennai,2026-08-31T08:57:05.563908Z
ChIJVVLNWENnUjoRl-S7FKGcasY,Madras Cafe,places,en,123,13.002358000000001,80.20282515,13.0009657,80.2043743,0,maa2,Chennai,2026-08-31T08:57:05.563917Z
ChIJqXadf51nUjoRYX8MzVnq9Ds,A M Nasi Kandar Malaysian Paratto S,places,en,123,13.002358000000001,80.20282515,13.000705499999999,80.2015521,0,maa2,Chennai,2026-08-31T08:57:05.563919Z
ChIJKRqWMJhnUjoRK6yhBfWxxys,Bismi Beef Biriyani,places,en,123,13.002358000000001,80.20282515,13.0015422,80.2008213,0,maa2,Chennai,2026-08-31T08:57:05.563920Z
ChIJ4wXJR3JnUjoR6_BGO_aMqhY,Chai Kings - Alandur Metro,places,en,123,13.002358000000001,80.20282515,13.0039321,80.2013533,0,maa2,Chennai,2026-08-31T08:57:05.563922Z
ChIJw8LAMKFnUjoRD5nj0Rq8--g,Karak Chai,places,en,123,13.002358000000001,80.20282515,13.001633,80.2006181,0,maa2,Chennai,2026-08-31T08:57:05.563923Z
ChIJnYPjXENnUjoRoPVpTPwBk1I,ஸ்ரீ தேவி ஸ்டோர்,places,en,123,13.002358000000001,80.20282515,13.0011487,80.2048128,0,maa2,Chennai,2026-08-31T08:57:05.563925Z
ChIJs7ar9TFnUjoRZaxbmaLKwIU,Squeez Juice Bars - Aerohub West,places,en,123,13.002358000000001,80.20282515,13.002128599999999,80.2004924,0,maa2,Chennai,2026-08-31T08:57:05.563927Z
ChIJT0byegBnUjoRD7LIEwh7Rpk,Metro pillar biryani,places,en,123,13.002358000000001,80.20282515,13.001607199999999,80.2005752,0,maa2,Chennai,2026-08-31T08:57:05.563928Z
ChIJJReNPPVnUjoRk8IAMYaxrdM,Fork & Spoon,places,en,125,13.046597349999999,80.17453075,13.046420399999999,80.1763735,0,maa2,Chennai,2026-08-31T08:57:07.039671Z
ChIJSWZpGPthUjoReyvAkFpKzgc,Foodie locallity spot.. biriyani,places,en,125,13.046597349999999,80.17453075,13.0451354,80.1765843,0,maa2,Chennai,2026-08-31T08:57:07.039680Z
ChIJC44qkF1hUjoRe0ASJEdyfFI,Garage Kitchen,places,en,125,13.046597349999999,80.17453075,13.049252399999999,80.17488139999999,0,maa2,Chennai,2026-08-31T08:57:07.039683Z
ChIJa8oHfPBhUjoRa8UyUscmGDE,The Southern Table,places,en,126,13.030509250000001,80.1852438,13.0315104,80.1853948,0,maa2,Chennai,2026-08-31T08:57:07.451034Z
ChIJT4jHIwBhUjoRCbaLOL8Ty9I,MADURAI BUN PAROTTA,places,en,126,13.030509250000001,80.1852438,13.0306161,80.18414229999999,0,maa2,Chennai,2026-08-31T08:57:07.451053Z
ChIJH5H7rNVgUjoRSQb3BzUUQ-Q,Sai Ram Chettinad Hotel,places,en,126,13.030509250000001,80.1852438,13.030481799999999,80.18412750000002,0,maa2,Chennai,2026-08-31T08:57:07.451058Z
ChIJcS6HFtVgUjoRKjEwGxHQur0,Selviammal Gramiya Unavagam,places,en,126,13.030509250000001,80.1852438,13.0314768,80.1858824,0,maa2,Chennai,2026-08-31T08:57:07.451063Z
ChIJRajWLb5nUjoR-PymeGHg5KE,MK2 (MARUNTHU KUZHAMBU KADAI TANJORE TRADITIONAL),places,en,126,13.030509250000001,80.1852438,13.0316557,80.1856603,0,maa2,Chennai,2026-08-31T08:57:07.451067Z
ChIJ9wLTsdVgUjoR_gAapsxnJrg,Hotel Suprabatham,places,en,126,13.030509250000001,80.1852438,13.030970199999999,80.1840175,0,maa2,Chennai,2026-08-31T08:57:07.451070Z
ChIJg6g1F39hUjoRK4ZFuC5ooh4,Atti Square - Ramapuram,places,en,126,13.030509250000001,80.1852438,13.0318674,80.18529439999999,0,maa2,Chennai,2026-08-31T08:57:07.451074Z
ChIJNbrYstVgUjoRtuFkWrIH4Cs,ALIF BIRIYANI CORNER,places,en,126,13.030509250000001,80.1852438,13.030508399999999,80.1838487,0,maa2,Chennai,2026-08-31T08:57:07.451077Z
ChIJzd5KfRphUjoRMLxS87TK5O0,Chai Kings - Ramapuram,places,en,126,13.030509250000001,80.1852438,13.030197999999999,80.1838207,0,maa2,Chennai,2026-08-31T08:57:07.451081Z
ChIJIbG2TNRgUjoRoXRgQFgsAoU,Hotel Classes,places,en,126,13.030509250000001,80.1852438,13.030369400000001,80.1837747,0,maa2,Chennai,2026-08-31T08:57:07.451084Z
ChIJIY7iIABhUjoRTMyboNRpnj4,Sgb tiffin house,places,en,126,13.030509250000001,80.1852438,13.0312787,80.18395149999999,0,maa2,Chennai,2026-08-31T08:57:07.451087Z
ChIJ_RFYAqthUjoRQw4ylYQVLxQ,Mb wings Ramapuram,places,en,126,13.030509250000001,80.1852438,13.0316417,80.18629539999999,0,maa2,Chennai,2026-08-31T08:57:07.451090Z
ChIJY-Zhs9VgUjoR1uYDFbO5W-I,BOMBAY CRISPY CHICKEN,places,en,126,13.030509250000001,80.1852438,13.0305517,80.1836622,0,maa2,Chennai,2026-08-31T08:57:07.451093Z
ChIJUcb02BZhUjoRD3EMjHQDta4,DABARA BIRIYANI,places,en,126,13.030509250000001,80.1852438,13.0305032,80.18366139999999,0,maa2,Chennai,2026-08-31T08:57:07.451097Z
ChIJx_h_RwBhUjoRBAACj61uxdo,Hotel New Punjabi Family Dhaba,places,en,126,13.030509250000001,80.1852438,13.031934699999999,80.1859521,0,maa2,Chennai,2026-08-31T08:57:07.451100Z
ChIJ4RHHbTdhUjoRoPTjE9Ms38k,The Juice Theory,places,en,126,13.030509250000001,80.1852438,13.0318718,80.1844466,0,maa2,Chennai,2026-08-31T08:57:07.451103Z
ChIJDcPKhTVhUjoR-aQEvExHWyo,Indian Dhaba & Fast Food,places,en,126,13.030509250000001,80.1852438,13.0309492,80.1837098,0,maa2,Chennai,2026-08-31T08:57:07.451106Z
ChIJrSLJxWVhUjoRNd9qS4L2gOk,Behrouz Biryani Ramapuram,places,en,126,13.030509250000001,80.1852438,13.0300604,80.1837051,0,maa2,Chennai,2026-08-31T08:57:07.451109Z
ChIJC-4rVIthUjoRR2WtWmYHg98,Pani poori kadai,places,en,126,13.030509250000001,80.1852438,13.029719900000002,80.1838449,0,maa2,Chennai,2026-08-31T08:57:07.451112Z
ChIJh31OQtBhUjoRvOtleBJRzaE,Classic Restaurant,places,en,126,13.030509250000001,80.1852438,13.030430299999999,80.1836229,0,maa2,Chennai,2026-08-31T08:57:07.451115Z
ChIJr3PGqvNnUjoRJRkyZUomV3E,Ravuthar Fast Food,places,en,127,13.031782799999998,80.19512345000001,13.031136499999999,80.19545900000001,0,maa2,Chennai,2026-08-31T08:57:07.756308Z
ChIJf9kVoSlnUjoRiNcKbpGVGaY,ராகவன் ஸ்டோர்,places,en,127,13.031782799999998,80.19512345000001,13.0311033,80.1947148,0,maa2,Chennai,2026-08-31T08:57:07.756320Z
ChIJdWTzOjhnUjoR_zRZ-LoiKh4,NEW AMMA CHETTINADU MESS,places,en,127,13.031782799999998,80.19512345000001,13.0310284,80.1956806,0,maa2,Chennai,2026-08-31T08:57:07.756324Z
ChIJXQm8uSFhUjoRk56xSq-yW78,Mr Chef Restaurants,places,en,127,13.031782799999998,80.19512345000001,13.031019800000001,80.19568989999999,0,maa2,Chennai,2026-08-31T08:57:07.756327Z
ChIJiwItqylnUjoRuwEVCCApyx0,Ambika Hotel,places,en,127,13.031782799999998,80.19512345000001,13.031148199999999,80.1958678,0,maa2,Chennai,2026-08-31T08:57:07.756329Z
ChIJx8hS265nUjoRyJVLQ01SJv0,Karikadai,places,en,127,13.031782799999998,80.19512345000001,13.031228599999999,80.1959518,0,maa2,Chennai,2026-08-31T08:57:07.756332Z
ChIJ41IeoClnUjoRX3D_pgDv0lM,விநாயகா செட்டிநாடு ஓட்டல்,places,en,127,13.031782799999998,80.19512345000001,13.0309267,80.1944895,0,maa2,Chennai,2026-08-31T08:57:07.756334Z
ChIJ6TEeSgBnUjoRg95Sd44H3l4,Zion delight,places,en,127,13.031782799999998,80.19512345000001,13.030913,80.1944929,0,maa2,Chennai,2026-08-31T08:57:07.756337Z
ChIJ0w9ueABnUjoR9YFnfzOBcvE,Pepper Mint Briyani,places,en,127,13.031782799999998,80.19512345000001,13.0309052,80.194485,0,maa2,Chennai,2026-08-31T08:57:07.756339Z
ChIJo6H4NQBnUjoRQShdP9dTG20,Pepper Mint Briyani,places,en,127,13.031782799999998,80.19512345000001,13.030877,80.1944482,0,maa2,Chennai,2026-08-31T08:57:07.756342Z
ChIJ163DEdFnUjoRlU3l24hiQaw,118 Barbeque,places,en,127,13.031782799999998,80.19512345000001,13.0309913,80.1961829,0,maa2,Chennai,2026-08-31T08:57:07.756344Z
ChIJsa8ldilnUjoRbsLWAE8PRn8,New Ambur Biryani,places,en,127,13.031782799999998,80.19512345000001,13.0308212,80.1940056,0,maa2,Chennai,2026-08-31T08:57:07.756346Z
ChIJVw_13j5nUjoRvf6c6_jyl4k,Prabha fast food,places,en,127,13.031782799999998,80.19512345000001,13.0316581,80.19673449999999,0,maa2,Chennai,2026-08-31T08:57:07.756349Z
ChIJT4CIdylnUjoREEitUt3Kwvo,பெரியசாமி சிக்கன் சென்டர்,places,en,127,13.031782799999998,80.19512345000001,13.0307517,80.19378069999999,0,maa2,Chennai,2026-08-31T08:57:07.756351Z
ChIJYe6DRChnUjoRSRyehxNspXY,SIM'S BIRIYANI,places,en,127,13.031782799999998,80.19512345000001,13.031804399999999,80.1969031,0,maa2,Chennai,2026-08-31T08:57:07.756353Z
ChIJC3dvBgBnUjoRT2rT8SazvsU,ZAYYAN’S BRIYANI TALKIES,places,en,127,13.031782799999998,80.19512345000001,13.0311227,80.1969287,0,maa2,Chennai,2026-08-31T08:57:07.756356Z
ChIJ1R4GXyhnUjoR34p9fn0pV4o,Limra Biriyani,places,en,127,13.031782799999998,80.19512345000001,13.031082399999999,80.1970788,0,maa2,Chennai,2026-08-31T08:57:07.756358Z
ChIJE9OQrhdnUjoRut9NNATj3EY,ELANGOVAN G,places,en,127,13.031782799999998,80.19512345000001,13.0310133,80.1971178,0,maa2,Chennai,2026-08-31T08:57:07.756360Z
ChIJPzaEotdnUjoREUXKUCwvGIo,S KALIDAS,places,en,127,13.031782799999998,80.19512345000001,13.030945899999999,80.19711459999999,0,maa2,Chennai,2026-08-31T08:57:07.756363Z
ChIJ_eQ6filnUjoRh-4TZi5isT0,Jeeva Bakery And Sweets,places,en,127,13.031782799999998,80.19512345000001,13.030483799999999,80.1932657,0,maa2,Chennai,2026-08-31T08:57:07.756365Z
ChIJWfJZ7bxnUjoRc6mayehGg4o,Sri Sai Kitchen,places,en,128,13.01691595,80.2460576,13.0170596,80.24537149999999,0,maa2,Chennai,2026-08-31T08:57:08.117396Z
ChIJrcqc_7xnUjoRGORfrw3ktuc,CK's Bakery Kotturpuram | Wedding & Birthday Cake Shop,places,en,128,13.01691595,80.2460576,13.015923899999999,80.2461648,0,maa2,Chennai,2026-08-31T08:57:08.117403Z
ChIJyaT8YgBnUjoRAxjEf_ycbi0,Hotel Rathan,places,en,128,13.01691595,80.2460576,13.0160144,80.2466254,0,maa2,Chennai,2026-08-31T08:57:08.117405Z
ChIJz5H7zaRnUjoRQG7aIq_2qnQ,Kolkata Chaat Stall,places,en,128,13.01691595,80.2460576,13.015899600000001,80.24650799999999,0,maa2,Chennai,2026-08-31T08:57:08.117407Z
ChIJV6hNOrpnUjoRMhViMGDOGzg,JJR Vishnu fish shop,places,en,128,13.01691595,80.2460576,13.015815499999999,80.24631269999999,0,maa2,Chennai,2026-08-31T08:57:08.117408Z
ChIJnbQgMvJnUjoRKg7IYu2Crjk,Umaiza Cafe,places,en,128,13.01691595,80.2460576,13.015815499999999,80.24631269999999,0,maa2,Chennai,2026-08-31T08:57:08.117410Z
ChIJFc6Wiz5nUjoR5CXY3VGrN_w,kottur Anas Briyani,places,en,128,13.01691595,80.2460576,13.015534299999999,80.2465483,0,maa2,Chennai,2026-08-31T08:57:08.117411Z
ChIJ2VBjsr1nUjoRex_HIRzxYcs,UWAIS Restaurants,places,en,128,13.01691595,80.2460576,13.015549499999999,80.24681439999999,0,maa2,Chennai,2026-08-31T08:57:08.117413Z
ChIJ1V61JYNnUjoRlP8xUV1nz9k,BHAI KALYANA BIRIYANI,places,en,128,13.01691595,80.2460576,13.0156017,80.247191,0,maa2,Chennai,2026-08-31T08:57:08.117414Z
ChIJX9GRrb1nUjoRJ8_kftGqL3w,Oram Juice & Snacks,places,en,128,13.01691595,80.2460576,13.0155953,80.24719979999999,0,maa2,Chennai,2026-08-31T08:57:08.117415Z
ChIJ9dY2Ce1nUjoRIhy79FG3j7M,Marhaba biryani,places,en,128,13.01691595,80.2460576,13.0156203,80.2472446,0,maa2,Chennai,2026-08-31T08:57:08.117417Z
ChIJiYR3_vhnUjoRQjsMn8GB7uU,Sai papa tifan senter,places,en,128,13.01691595,80.2460576,13.015319199999999,80.2470237,0,maa2,Chennai,2026-08-31T08:57:08.117418Z
ChIJSQalWvdnUjoR96IKFC5gNAY,Malasiyan parotta,places,en,128,13.01691595,80.2460576,13.0164485,80.244033,0,maa2,Chennai,2026-08-31T08:57:08.117419Z
ChIJe5Y9iClnUjoRDm3gADtUxTc,Jk chicken 65,places,en,128,13.01691595,80.2460576,13.0154166,80.2445588,0,maa2,Chennai,2026-08-31T08:57:08.117420Z
ChIJ17-TIb1nUjoRiS5xuyAPujA,PRAVEEN TIFFIN CENTRE,places,en,128,13.01691595,80.2460576,13.015374399999999,80.244492,0,maa2,Chennai,2026-08-31T08:57:08.117422Z
ChIJJ22szr1nUjoRc8CffjqxiLI,M. Mohanambhikai Restaurant,places,en,128,13.01691595,80.2460576,13.015462099999999,80.2478418,0,maa2,Chennai,2026-08-31T08:57:08.117423Z
ChIJY1Z_PgBdUjoRs6OVvEOxoUE,Brown falls,places,en,128,13.01691595,80.2460576,13.015301299999999,80.24779980000001,0,maa2,Chennai,2026-08-31T08:57:08.117424Z
ChIJzaeVXUFnUjoRe_TWkFVgKLg,KRITHI KITCHEN,places,en,128,13.01691595,80.2460576,13.018632499999999,80.2443902,0,maa2,Chennai,2026-08-31T08:57:08.117426Z
ChIJZ3DFzr1nUjoRpHb-i8MOKAM,K.R Fast Food,places,en,128,13.01691595,80.2460576,13.0152965,80.2478586,0,maa2,Chennai,2026-08-31T08:57:08.117427Z
ChIJEfEszLxnUjoRpkpMWCd4yYk,Mangos,places,en,128,13.01691595,80.2460576,13.016502299999999,80.2435833,0,maa2,Chennai,2026-08-31T08:57:08.117428Z
ChIJE8XfABhhUjoRgsDD8vgY3Qc,EDF Juice Juices P Ltd,places,en,129,13.0772249,80.18324,13.075427300000001,80.18302779999999,0,maa2,Chennai,2026-08-31T08:57:08.494354Z
ChIJ3fagZ4phUjoR8DOG3gvDaa4,Nayagaraa juice shop,places,en,129,13.0772249,80.18324,13.0765868,80.1815209,0,maa2,Chennai,2026-08-31T08:57:08.494368Z
ChIJoU0fjPphUjoRDuxXV2T05Dc,Ganga Sweets,places,en,129,13.0772249,80.18324,13.076618000000002,80.1812295,0,maa2,Chennai,2026-08-31T08:57:08.494372Z
ChIJkZUUAgBhUjoRRSBtJF9iNWg,Sattur Tiffin Centre,places,en,129,13.0772249,80.18324,13.0757131,80.1816132,0,maa2,Chennai,2026-08-31T08:57:08.494375Z
ChIJB5tDHiVkUjoREsnI9hQO0xk,Southern Fast Food,places,en,129,13.0772249,80.18324,13.0775945,80.1855959,0,maa2,Chennai,2026-08-31T08:57:08.494377Z
ChIJUepgg1ZhUjoRkVIWTUsDLO4,Ammi Grand,places,en,129,13.0772249,80.18324,13.0753002,80.18159380000002,0,maa2,Chennai,2026-08-31T08:57:08.494380Z
ChIJzW-nhFZhUjoRVpylZE8l2qo,நல்லாள் பாரம்பரிய உணவகம்,places,en,129,13.0772249,80.18324,13.0752626,80.1815747,0,maa2,Chennai,2026-08-31T08:57:08.494383Z
ChIJtVsfdkphUjoRicGkNtKTQ9w,Cheran Restaurant,places,en,129,13.0772249,80.18324,13.076201399999999,80.18582599999999,0,maa2,Chennai,2026-08-31T08:57:08.494385Z
ChIJFwH3mKVlUjoRAjKxz_H3CAQ,MOHAN BEEF STALL,places,en,130,13.10723645,80.2664226,13.107490199999999,80.26546479999999,0,maa2,Chennai,2026-08-31T08:57:08.815969Z
ChIJzxRdt9VlUjoROcVk55nlE3Q,DEVI TIFFAN CENTER,places,en,130,13.10723645,80.2664226,13.107292000000001,80.2653921,0,maa2,Chennai,2026-08-31T08:57:08.815981Z
ChIJnaaAgoFlUjoR8kwFYAeG8Us,Angalama Fast Food,places,en,130,13.10723645,80.2664226,13.1075226,80.26458319999999,0,maa2,Chennai,2026-08-31T08:57:08.815985Z
ChIJ84s-gq5lUjoRxLXA-UepMqI,PRABHAVATHI THAVA KARI,places,en,130,13.10723645,80.2664226,13.1074317,80.26368819999999,0,maa2,Chennai,2026-08-31T08:57:08.815988Z
ChIJd4BGtZNlUjoRTN6wX6nAzgI,கிருபை ஸ்டோர்,places,en,131,13.10857135,80.26382015,13.1088446,80.26274280000001,0,maa2,Chennai,2026-08-31T08:57:09.157170Z
ChIJ-9RX2ZNlUjoRCr2Cedorqkk,N.S. Restaurant & Catering Service,places,en,131,13.10857135,80.26382015,13.1099357,80.2617843,0,maa2,Chennai,2026-08-31T08:57:09.157180Z
ChIJ0ccBGJplUjoRJ6bR-jEN1x8,SAI TIFFIN CENTER,places,en,131,13.10857135,80.26382015,13.1105238,80.2619488,0,maa2,Chennai,2026-08-31T08:57:09.157183Z
ChIJTfrn7DdlUjoRMPpfzbE5fEg,RMRLegend777,places,en,132,13.095879,80.25317715,13.095770199999999,80.25268799999999,0,maa2,Chennai,2026-08-31T08:57:09.611466Z
ChIJG75xBQBlUjoRea71PCNsXoA,Yes Biryani,places,en,132,13.095879,80.25317715,13.0959598,80.2526551,0,maa2,Chennai,2026-08-31T08:57:09.611475Z
ChIJp-ZKaQVlUjoRTvYsFLV0QhM,CHAPATHI SPOT,places,en,132,13.095879,80.25317715,13.0965669,80.2526445,0,maa2,Chennai,2026-08-31T08:57:09.611477Z
ChIJS2RXOsJlUjoRW9RmKHIW6g4,SRI KANDAN TIFFEN CENTER,places,en,132,13.095879,80.25317715,13.097459299999999,80.25264609999999,0,maa2,Chennai,2026-08-31T08:57:09.611479Z
ChIJXfyeVoVlUjoRnYPagJYkr14,Siddharth Tiffin Centre,places,en,132,13.095879,80.25317715,13.097687299999999,80.2530397,0,maa2,Chennai,2026-08-31T08:57:09.611481Z
ChIJXwM1bY5lUjoRzGrOjW6MbFw,MASHALLAH FOOD CENTER,places,en,132,13.095879,80.25317715,13.097634099999999,80.25367179999999,0,maa2,Chennai,2026-08-31T08:57:09.611482Z
ChIJbUKetsNlUjoRo75wpdB1BrU,M.R.Fast Food,places,en,132,13.095879,80.25317715,13.0967432,80.2514942,0,maa2,Chennai,2026-08-31T08:57:09.611484Z
ChIJhbbfcqhlUjoRHuQvt5ZCAow,KM TEA SHOP,places,en,132,13.095879,80.25317715,13.097742799999999,80.2533997,0,maa2,Chennai,2026-08-31T08:57:09.611485Z
ChIJu675QFNlUjoRyx_NrhrlRpM,Menaka Home Food,places,en,132,13.095879,80.25317715,13.0957558,80.2512505,0,maa2,Chennai,2026-08-31T08:57:09.611486Z
ChIJDR2fPJdlUjoR_kKk3DFFo_A,MOHAMED ALI FOOD STALL,places,en,132,13.095879,80.25317715,13.0974544,80.2542971,0,maa2,Chennai,2026-08-31T08:57:09.611488Z
ChIJX2lp_IJlUjoROim7P7pV8Ss,DILKHUSH CHAAT CENTER,places,en,132,13.095879,80.25317715,13.097552499999999,80.2541344,0,maa2,Chennai,2026-08-31T08:57:09.611489Z
ChIJ3eBs7n5lUjoRx0HP3Y9f2Q8,SICKKANDAR BHAI BRIYANI,places,en,132,13.095879,80.25317715,13.096910399999999,80.2514731,0,maa2,Chennai,2026-08-31T08:57:09.611490Z
ChIJgVI2tMNlUjoRwAvhqGqKprE,Sri Velmurugan Seithigal Nilayam,places,en,132,13.095879,80.25317715,13.096874099999999,80.2513778,0,maa2,Chennai,2026-08-31T08:57:09.611492Z
ChIJD5luoTllUjoRJzqD176r4ys,AMMAL TEA & TIFFIN CENTER,places,en,132,13.095879,80.25317715,13.097733999999999,80.2523368,0,maa2,Chennai,2026-08-31T08:57:09.611493Z
ChIJUWiqFiNlUjoRfdRvqjjm1mY,FRYON,places,en,132,13.095879,80.25317715,13.0976696,80.2521902,0,maa2,Chennai,2026-08-31T08:57:09.611495Z
ChIJEUY2OUpnUjoRMwpKcn8tqhg,TGS BIRIYANI,places,en,132,13.095879,80.25317715,13.096888799999999,80.2513692,0,maa2,Chennai,2026-08-31T08:57:09.611496Z
ChIJUT1E4SRlUjoRncIGTqOJb60,Rachel Home Made Food,places,en,132,13.095879,80.25317715,13.097302899999999,80.2547179,0,maa2,Chennai,2026-08-31T08:57:09.611497Z
ChIJz2MMTG1lUjoREJH9FsG5iUY,Jamalia Saiva Unavagam,places,en,132,13.095879,80.25317715,13.0975383,80.254448,0,maa2,Chennai,2026-08-31T08:57:09.611499Z
ChIJRVkHrsNlUjoRR-d706dh_20,Limra Chicken,places,en,132,13.095879,80.25317715,13.096949,80.2513676,0,maa2,Chennai,2026-08-31T08:57:09.611500Z
ChIJH_olD8JlUjoRxkImiUP4ZxQ,Sri AnnaPoorani Tiffin Center,places,en,132,13.095879,80.25317715,13.097797499999999,80.2540321,0,maa2,Chennai,2026-08-31T08:57:09.611502Z
ChIJffuNPMNlUjoR6Y9VOXqO79U,Sri Sai Baba Fast Food,places,en,133,13.09423945,80.25026005000001,13.0939298,80.2507911,0,maa2,Chennai,2026-08-31T08:57:09.914166Z
ChIJyVpsMMNlUjoR0svgNBHQ4S4,MG Namma Veetu Sapadu,places,en,133,13.09423945,80.25026005000001,13.093478999999999,80.2506758,0,maa2,Chennai,2026-08-31T08:57:09.914175Z
ChIJyVBTSMNlUjoR1PQ_ZtNPNXA,ADHAVAN THAPPUSET,places,en,133,13.09423945,80.25026005000001,13.093299799999999,80.25010259999999,0,maa2,Chennai,2026-08-31T08:57:09.914178Z
ChIJM8zfBMNlUjoR0rUaQihVuiQ,Sri Devi Mittaai Stall,places,en,133,13.09423945,80.25026005000001,13.0949248,80.25111869999999,0,maa2,Chennai,2026-08-31T08:57:09.914180Z
ChIJB0A5XgplUjoR4LAMYkgRYwE,Vetrivel Gulfi ice,places,en,133,13.09423945,80.25026005000001,13.093815,80.2514489,0,maa2,Chennai,2026-08-31T08:57:09.914182Z
ChIJdfJfecNlUjoRi0BuROhS4Ts,MANI TEA STALL,places,en,133,13.09423945,80.25026005000001,13.0951741,80.24941419999999,0,maa2,Chennai,2026-08-31T08:57:09.914184Z
ChIJ6b77LcNlUjoRCAd68LbRGTY,Ss Biryani Chicken & Beans,places,en,133,13.09423945,80.25026005000001,13.093123799999999,80.25097850000002,0,maa2,Chennai,2026-08-31T08:57:09.914186Z
ChIJc2oN58JlUjoRMWky-D8vP20,Amma Unavagam,places,en,133,13.09423945,80.25026005000001,13.093042899999999,80.2512685,0,maa2,Chennai,2026-08-31T08:57:09.914188Z
ChIJ513dzNxlUjoRXaP9wdw7cXo,பாகத் பெஸ்ட் மாட்டு இறைச்சி கடை,places,en,133,13.09423945,80.25026005000001,13.0926999,80.2507378,0,maa2,Chennai,2026-08-31T08:57:09.914190Z
ChIJIwk442plUjoRMVMEmDGSlgo,PAVITHIRAN FRESH VEGGIES AND HEALTHY SNACKS,places,en,133,13.09423945,80.25026005000001,13.0938701,80.252124,0,maa2,Chennai,2026-08-31T08:57:09.914197Z
ChIJkfWlEJdlUjoRGHzBpxS_rFU,Bas ek aur,places,en,133,13.09423945,80.25026005000001,13.094887499999999,80.2482126,0,maa2,Chennai,2026-08-31T08:57:09.914199Z
ChIJL8AGq9tlUjoRxRCYAPCC0Z8,Oven Story,places,en,133,13.09423945,80.25026005000001,13.091937099999999,80.2510425,0,maa2,Chennai,2026-08-31T08:57:09.914201Z
ChIJ_7EJMsNlUjoRIjF2jUbPSWg,Rebel Foods,places,en,133,13.09423945,80.25026005000001,13.0918806,80.2511215,0,maa2,Chennai,2026-08-31T08:57:09.914203Z
ChIJ6ZafTABlUjoRSiyePKIiA6E,MATHA BEEF BIRIYANI,places,en,133,13.09423945,80.25026005000001,13.091719099999999,80.2511268,0,maa2,Chennai,2026-08-31T08:57:09.914205Z
ChIJc1eAduplUjoRuGW0dlzdf-U,M.K. Fast Food,places,en,133,13.09423945,80.25026005000001,13.0949438,80.2476205,0,maa2,Chennai,2026-08-31T08:57:09.914207Z
ChIJfZDp7eJlUjoRoNiGmG9HCnM,Mo Square @ Ayanavaram,places,en,134,13.1046182,80.2436313,13.103769999999999,80.24459399999999,0,maa2,Chennai,2026-08-31T08:57:10.237134Z
ChIJMQ4mAABlUjoRI-NbzBngWJ4,Savour foods and snacks,places,en,134,13.1046182,80.2436313,13.1052596,80.24240259999999,0,maa2,Chennai,2026-08-31T08:57:10.237143Z
ChIJl2KNYQBlUjoRydRQeoEKsEY,Moses,places,en,134,13.1046182,80.2436313,13.105275299999999,80.24557899999999,0,maa2,Chennai,2026-08-31T08:57:10.237145Z
ChIJby1_C65lUjoRuzQ0Y7QC94k,Chaat House,places,en,134,13.1046182,80.2436313,13.1056096,80.2454661,0,maa2,Chennai,2026-08-31T08:57:10.237147Z
ChIJSasCXbhlUjoRdLb83UqDzAA,Chinese Spot,places,en,134,13.1046182,80.2436313,13.1055858,80.2455057,0,maa2,Chennai,2026-08-31T08:57:10.237149Z
ChIJ78PlfLhlUjoRY9x-CHGlwSI,Amma Unavagam,places,en,134,13.1046182,80.2436313,13.104664699999999,80.24581649999999,0,maa2,Chennai,2026-08-31T08:57:10.237150Z
ChIJbdT6_W1lUjoRje_qp8xVXWw,Smart Kitchen,places,en,134,13.1046182,80.2436313,13.1058565,80.24546869999999,0,maa2,Chennai,2026-08-31T08:57:10.237152Z
ChIJN5IWW7hlUjoRhJyJpaEm5-M,hot spot FAST FOOD,places,en,134,13.1046182,80.2436313,13.1058796,80.24547609999999,0,maa2,Chennai,2026-08-31T08:57:10.237153Z
ChIJ74oTW7hlUjoRAWLE9mVszsQ,பிரியாணி கடை,places,en,134,13.1046182,80.2436313,13.1058693,80.24548419999999,0,maa2,Chennai,2026-08-31T08:57:10.237155Z
ChIJYQcFW55lUjoRgYpsmUS1b1E,Red Banana,places,en,134,13.1046182,80.2436313,13.10629,80.2455366,0,maa2,Chennai,2026-08-31T08:57:10.237156Z
ChIJAVfa92VlUjoRCxkKYL3sPN4,Sai Tiffin Centre,places,en,134,13.1046182,80.2436313,13.102129,80.2430483,0,maa2,Chennai,2026-08-31T08:57:10.237158Z
ChIJw73vGQBlUjoRTMC0UPV1Whg,JB FAST FOOD,places,en,134,13.1046182,80.2436313,13.106327700000001,80.24554429999999,0,maa2,Chennai,2026-08-31T08:57:10.237159Z
ChIJT0bIXwBlUjoR5DD_FIrbdAo,Happy kitchen,places,en,134,13.1046182,80.2436313,13.1063444,80.2455924,0,maa2,Chennai,2026-08-31T08:57:10.237161Z
ChIJiQDv9FJlUjoR6InTJdpG1pY,ANNAI FOOD CENTER,places,en,134,13.1046182,80.2436313,13.1020659,80.2429178,0,maa2,Chennai,2026-08-31T08:57:10.237162Z
ChIJI4MLoUtlUjoRhIxRdc6QFyQ,Stone's Cafe,places,en,134,13.1046182,80.2436313,13.102247799999999,80.24239589999999,0,maa2,Chennai,2026-08-31T08:57:10.237164Z
ChIJnWeMa8hlUjoRggL_mAj64Co,SHOBI TEA & COOL BAR,places,en,134,13.1046182,80.2436313,13.1023524,80.24216919999999,0,maa2,Chennai,2026-08-31T08:57:10.237165Z
ChIJi4Lz3t9lUjoRj79A5EoOOFM,FAHEEM JUICE & SNACKS,places,en,134,13.1046182,80.2436313,13.1023667,80.2421377,0,maa2,Chennai,2026-08-31T08:57:10.237167Z
ChIJ70Pzm8VlUjoRV6DgWj7OPNg,Hotel Shanmuga,places,en,135,13.095842399999999,80.2444654,13.095697399999999,80.244194,0,maa2,Chennai,2026-08-31T08:57:10.645457Z
ChIJQ984jcVlUjoRnU6G_TvyvaI,Usman catering services,places,en,135,13.095842399999999,80.2444654,13.0959127,80.24409299999999,0,maa2,Chennai,2026-08-31T08:57:10.645469Z
ChIJAU_yewBlUjoRPNa18dKIsYY,amma briyani,places,en,135,13.095842399999999,80.2444654,13.095626999999999,80.2439294,0,maa2,Chennai,2026-08-31T08:57:10.645473Z
ChIJcZ0fIIJlUjoRhGhdIhpzPvU,Saravana Fast Food,places,en,135,13.095842399999999,80.2444654,13.095628399999999,80.2438971,0,maa2,Chennai,2026-08-31T08:57:10.645476Z
ChIJHz8ZYMVlUjoRzzBdyMIJs1g,Indian Chicken Biryani,places,en,135,13.095842399999999,80.2444654,13.0952416,80.2437918,0,maa2,Chennai,2026-08-31T08:57:10.645478Z
ChIJm9V9QABlUjoRYBXdb1CLbAI,Ibrahim Biryani,places,en,135,13.095842399999999,80.2444654,13.096816899999999,80.2443406,0,maa2,Chennai,2026-08-31T08:57:10.645481Z
ChIJCQc3ZwBlUjoRGTTqIHkESko,SOLLAMATTEN FOOD CORNER,places,en,135,13.095842399999999,80.2444654,13.094924899999999,80.2437087,0,maa2,Chennai,2026-08-31T08:57:10.645483Z
ChIJHeziihllUjoR-lH_XMQAG_Y,CORNER CHICKEN,places,en,135,13.095842399999999,80.2444654,13.094786299999999,80.2451198,0,maa2,Chennai,2026-08-31T08:57:10.645485Z
ChIJw4kUbgBlUjoR1WksCqnIVA8,Corner kitchen,places,en,135,13.095842399999999,80.2444654,13.094776399999999,80.24512059999999,0,maa2,Chennai,2026-08-31T08:57:10.645488Z
ChIJWQ21fMVlUjoRCKJevRdXu4U,Chennai(12) fast food,places,en,135,13.095842399999999,80.2444654,13.0947285,80.2435952,0,maa2,Chennai,2026-08-31T08:57:10.645490Z
ChIJfzG_YoplUjoRQp9mhbzZoso,Quality Fast Food Nammalwarpet,places,en,135,13.095842399999999,80.2444654,13.0947564,80.2435217,0,maa2,Chennai,2026-08-31T08:57:10.645492Z
ChIJi8JR9MVlUjoRuEIwpDH706g,SHAHI BRIYAN,places,en,135,13.095842399999999,80.2444654,13.0970046,80.2434857,0,maa2,Chennai,2026-08-31T08:57:10.645494Z
ChIJ60WHRQBlUjoRljtPKDge1QU,Amma eee chats,places,en,135,13.095842399999999,80.2444654,13.0946728,80.2432233,0,maa2,Chennai,2026-08-31T08:57:10.645497Z
ChIJddP_NgBlUjoRwMEueXrv2Xs,Amman Tiffen Centre,places,en,135,13.095842399999999,80.2444654,13.094362199999999,80.2435484,0,maa2,Chennai,2026-08-31T08:57:10.645499Z
ChIJQaJycAVlUjoRYMnAntzszbE,THAMIZHATCHI UNAVAGAM,places,en,135,13.095842399999999,80.2444654,13.096820899999999,80.2460691,0,maa2,Chennai,2026-08-31T08:57:10.645501Z
ChIJNYef7vBlUjoRXA2sx2Kv7Pw,Svadista Food Corner,places,en,135,13.095842399999999,80.2444654,13.0942323,80.2434044,0,maa2,Chennai,2026-08-31T08:57:10.645503Z
ChIJvaIg48RlUjoRu74ZWATxFWI,பிரகாஷ் ஸ்டோர்,places,en,135,13.095842399999999,80.2444654,13.0946816,80.2462485,0,maa2,Chennai,2026-08-31T08:57:10.645506Z
ChIJlxEgOABlUjoRtURE-75C8SA,A K Fast Food,places,en,135,13.095842399999999,80.2444654,13.094002000000001,80.2433458,0,maa2,Chennai,2026-08-31T08:57:10.645508Z
ChIJcT4uZRVlUjoRE5HDq5RDcSw,BARKATH BIRIYANI AND FAST FOOD,places,en,135,13.095842399999999,80.2444654,13.095677199999999,80.2467171,0,maa2,Chennai,2026-08-31T08:57:10.645511Z
ChIJ4XkHfQBlUjoREeZFtl3C9j4,Prakash Tiffin And Kolambu Kadai,places,en,135,13.095842399999999,80.2444654,13.093537999999999,80.2435536,0,maa2,Chennai,2026-08-31T08:57:10.645513Z
ChIJYUwk4TBkUjoRz36opjI3tjY,Domino's,places,en,136,13.09574015,80.22385115,13.0958048,80.2234627,0,maa2,Chennai,2026-08-31T08:57:10.970345Z
ChIJkzNYgWplUjoRejN8NYb_wfE,Cutlet factory,places,en,136,13.09574015,80.22385115,13.0959872,80.22347719999999,0,maa2,Chennai,2026-08-31T08:57:10.970357Z
ChIJtbWMOtdlUjoRckz979p7EWs,Strawberry Kitchen,places,en,136,13.09574015,80.22385115,13.0960606,80.2244406,0,maa2,Chennai,2026-08-31T08:57:10.970361Z
ChIJYfaD8jBkUjoR7P3el9SMXwc,HOTEL CHOICE,places,en,136,13.09574015,80.22385115,13.095255199999999,80.2225204,0,maa2,Chennai,2026-08-31T08:57:10.970364Z
ChIJJXt3DQBlUjoR5WxSiltzYac,Ridi's Flame,places,en,136,13.09574015,80.22385115,13.0963125,80.2251592,0,maa2,Chennai,2026-08-31T08:57:10.970366Z
ChIJq7pGqiNlUjoRxb8BVj4z-Bw,65 Pakoda Shop,places,en,136,13.09574015,80.22385115,13.0943332,80.2244123,0,maa2,Chennai,2026-08-31T08:57:10.970369Z
ChIJNbTbpS9lUjoR-kA_HqucvQE,Chriss Cafe & Services,places,en,136,13.09574015,80.22385115,13.0972987,80.22462589999999,0,maa2,Chennai,2026-08-31T08:57:10.970372Z
ChIJnXKtbgBlUjoR0B-c7Ipp6EI,Barkaas,places,en,136,13.09574015,80.22385115,13.0939237,80.2246205,0,maa2,Chennai,2026-08-31T08:57:10.970374Z
ChIJZ-fIaeNlUjoROZ0zi6PsNMs,Trupthi Tiffin Center,places,en,136,13.09574015,80.22385115,13.096371399999999,80.22606259999999,0,maa2,Chennai,2026-08-31T08:57:10.970377Z
ChIJUVGSvNNlUjoRZb5HPdUScZo,Thirumurugan Veg Hotel,places,en,136,13.09574015,80.22385115,13.0961381,80.2262065,0,maa2,Chennai,2026-08-31T08:57:10.970379Z
ChIJGxSD4ZtlUjoRO9qZ4luuZ5g,7A Waffle,places,en,136,13.09574015,80.22385115,13.095569999999999,80.226283,0,maa2,Chennai,2026-08-31T08:57:10.970382Z
ChIJtQ1tEyFlUjoRZqbZxmD-JJU,Om Sri Thirumurugan Tea Stall,places,en,136,13.09574015,80.22385115,13.096152499999999,80.22626029999999,0,maa2,Chennai,2026-08-31T08:57:10.970384Z
ChIJKwSTEOdlUjoRO7OnVkcFdU0,Delhi tandoori chaap,places,en,136,13.09574015,80.22385115,13.0932617,80.224503,0,maa2,Chennai,2026-08-31T08:57:10.970386Z
ChIJ0zC9LDllUjoRxuQEeVC3iak,SKANDAN SNACKS CORNER,places,en,136,13.09574015,80.22385115,13.0964342,80.22638099999999,0,maa2,Chennai,2026-08-31T08:57:10.970389Z
ChIJH0g9WQBlUjoRmjVHpM7Nm1Q,Pepe's,places,en,136,13.09574015,80.22385115,13.0932252,80.22447939999999,0,maa2,Chennai,2026-08-31T08:57:10.970391Z
ChIJi_2lSgBlUjoRRelEwMjCZR4,N S Chicken Corner,places,en,136,13.09574015,80.22385115,13.0963788,80.22651479999999,0,maa2,Chennai,2026-08-31T08:57:10.970393Z
ChIJZ5UpoVFlUjoRuPq8o3fJrZc,A1 Biriyani Stall,places,en,136,13.09574015,80.22385115,13.093293,80.2249712,0,maa2,Chennai,2026-08-31T08:57:10.970396Z
ChIJ5_6HKwBlUjoRRDj56eOfwLo,Noon Parotta,places,en,137,13.0945532,80.22498255,13.0939237,80.2264692,0,maa2,Chennai,2026-08-31T08:57:11.298362Z
ChIJ88_urwJlUjoRhSbc7WPaXSg,Naan Stop (Tandoori Cart)!!,places,en,137,13.0945532,80.22498255,13.093059300000002,80.2242911,0,maa2,Chennai,2026-08-31T08:57:11.298372Z
ChIJXRQGKDJkUjoRvegOSZqxOlY,TN CHAAT CORNER & FRESH JUICE,places,en,137,13.0945532,80.22498255,13.0939942,80.2266386,0,maa2,Chennai,2026-08-31T08:57:11.298375Z
ChIJdfpUEOFlUjoR8QuK7Bdvk0I,Noon Parotta,places,en,137,13.0945532,80.22498255,13.0938813,80.22664859999999,0,maa2,Chennai,2026-08-31T08:57:11.298377Z
ChIJI5RZ1DNkUjoRJj-i8dxIXmM,ஸ்ரீலாஜி ஸ்டோர்ஸ்,places,en,137,13.0945532,80.22498255,13.0949218,80.2267885,0,maa2,Chennai,2026-08-31T08:57:11.298380Z
ChIJq0tv1jNkUjoRTO_oMsjtsQw,Noon And Moon,places,en,137,13.0945532,80.22498255,13.094940399999999,80.226849,0,maa2,Chennai,2026-08-31T08:57:11.298381Z
ChIJ01sX7FVlUjoRsb5YNor8qwY,THIRUNELVELI SHAKI HOTEL,places,en,137,13.0945532,80.22498255,13.0944109,80.2269369,0,maa2,Chennai,2026-08-31T08:57:11.298383Z
ChIJhcfRAE1lUjoRQVw8wpYqvVw,SRI BALAJI BHAVAN,places,en,137,13.0945532,80.22498255,13.095030500000002,80.2269245,0,maa2,Chennai,2026-08-31T08:57:11.298385Z
ChIJlWfPbKdlUjoRNAB69PGxPlU,CHENNAI JUICE WORLD,places,en,137,13.0945532,80.22498255,13.0947348,80.22701219999999,0,maa2,Chennai,2026-08-31T08:57:11.298387Z
ChIJiZJOdmllUjoRF_2au5Lfp3E,Arasu Mushroom Shop,places,en,138,13.09406225,80.22298434999999,13.0934613,80.2219889,0,maa2,Chennai,2026-08-31T08:57:11.716750Z
ChIJGWu8CwBlUjoRLhu8rhJPq2k,Pradip,places,en,138,13.09406225,80.22298434999999,13.0922743,80.2223336,0,maa2,Chennai,2026-08-31T08:57:11.716787Z
ChIJE6-K7ddlUjoRqOzPNzx8QBA,A.M Birinji Shop,places,en,138,13.09406225,80.22298434999999,13.0940658,80.2205908,0,maa2,Chennai,2026-08-31T08:57:11.716796Z
ChIJg3Cse1xlUjoRfb5bByb9mo0,Kaffee on Street,places,en,138,13.09406225,80.22298434999999,13.092048,80.22173219999999,0,maa2,Chennai,2026-08-31T08:57:11.716800Z
ChIJS6HBLHVlUjoRQo9Ur3YQgQs,BALA'S BIRIYANI,places,en,138,13.09406225,80.22298434999999,13.092058699999999,80.2216761,0,maa2,Chennai,2026-08-31T08:57:11.716804Z
ChIJWXTpIDJlUjoRigxyfaTSk-Y,SALEM THATTU VADAI SET,places,en,138,13.09406225,80.22298434999999,13.0921286,80.2214729,0,maa2,Chennai,2026-08-31T08:57:11.716809Z
ChIJJ_MCdgBlUjoRxKb-0p4cfuQ,Surya fast food,places,en,138,13.09406225,80.22298434999999,13.0957449,80.2210094,0,maa2,Chennai,2026-08-31T08:57:11.716813Z
ChIJiYmJb81lUjoRjKQC8KAQ4Lk,Mary's Kitchen,places,en,139,13.09348125,80.2343951,13.0931269,80.23423269999999,0,maa2,Chennai,2026-08-31T08:57:12.042868Z
ChIJw5KEtHFlUjoRJojyaLJcI7g,GANIBASHA CHICKEN,places,en,139,13.09348125,80.2343951,13.093042599999999,80.23418889999999,0,maa2,Chennai,2026-08-31T08:57:12.042878Z
ChIJZSP3urllUjoRbFon_KDIpzw,S.S.CHICKEN CENTRE,places,en,139,13.09348125,80.2343951,13.0950162,80.2343021,0,maa2,Chennai,2026-08-31T08:57:12.042881Z
ChIJk8z8Oc1lUjoRXls8rhYbTOo,Shami Fast Food,places,en,139,13.09348125,80.2343951,13.093912699999999,80.2328382,0,maa2,Chennai,2026-08-31T08:57:12.042884Z
ChIJFWu1lC5lUjoRU6ZOmUV421Q,Waffle on wheels Ayanavaram,places,en,139,13.09348125,80.2343951,13.0936817,80.2327406,0,maa2,Chennai,2026-08-31T08:57:12.042886Z
ChIJiQlPqlhkUjoRxrBc1sEP0eM,S.S.Catering. Nawaithys Kitchen,places,en,139,13.09348125,80.2343951,13.0933251,80.2327349,0,maa2,Chennai,2026-08-31T08:57:12.042888Z
ChIJEQB_1nJlUjoRKfzMp63l59A,Ayanavaram Amman Tiffine Center,places,en,139,13.09348125,80.2343951,13.093178499999999,80.2327282,0,maa2,Chennai,2026-08-31T08:57:12.042890Z
ChIJ6fg1PH9lUjoR71RnV-nCG1Y,Praveen Soup Shop,places,en,139,13.09348125,80.2343951,13.093178499999999,80.2327282,0,maa2,Chennai,2026-08-31T08:57:12.042892Z
ChIJ_3R58_NlUjoRTEMSx5ldiVQ,Dhanalakshmi Store,places,en,139,13.09348125,80.2343951,13.0927703,80.236207,0,maa2,Chennai,2026-08-31T08:57:12.042894Z
ChIJO632EFplUjoRk9TbJ1iA1Vo,SRITHIK TIFFIN CENTER,places,en,139,13.09348125,80.2343951,13.093266999999999,80.2324127,0,maa2,Chennai,2026-08-31T08:57:12.042896Z
ChIJx3QVHABlUjoRuC3Yy8TRvhk,Amma appa Chettinad hotel,places,en,139,13.09348125,80.2343951,13.093041099999999,80.2363694,0,maa2,Chennai,2026-08-31T08:57:12.042897Z
ChIJHdsQEwBlUjoRf8dUoB6O_Ic,Sakthi hot soup,places,en,139,13.09348125,80.2343951,13.093041099999999,80.2363694,0,maa2,Chennai,2026-08-31T08:57:12.042899Z
ChIJr-Y0tDJkUjoRC3Y2ZuPv4c4,இலக்கியா ஸ்டோர்,places,en,139,13.09348125,80.2343951,13.0933567,80.2318694,0,maa2,Chennai,2026-08-31T08:57:12.042901Z
ChIJlTWUpy1lUjoRhGUENlYCtHc,NOWMAN AHMED,places,en,139,13.09348125,80.2343951,13.092970399999999,80.236831,0,maa2,Chennai,2026-08-31T08:57:12.042903Z
ChIJf4smO4llUjoROPnmDb9GVP8,STAR BIRIYANI,places,en,139,13.09348125,80.2343951,13.092970399999999,80.236831,0,maa2,Chennai,2026-08-31T08:57:12.042905Z
ChIJ5ZuXbVtlUjoRlL7kTSLYkjQ,Sound chaat,places,en,139,13.09348125,80.2343951,13.095739,80.2332308,0,maa2,Chennai,2026-08-31T08:57:12.042907Z
ChIJHzfgHkhlUjoRFnHeaAu9X7I,Madurai bun parotta katai,places,en,139,13.09348125,80.2343951,13.0926425,80.2319109,0,maa2,Chennai,2026-08-31T08:57:12.042909Z
ChIJX3ZfSnNlUjoRplVOhNQk8Sc,Agathiyan Biryani,places,en,139,13.09348125,80.2343951,13.0926985,80.2318896,0,maa2,Chennai,2026-08-31T08:57:12.042911Z
ChIJ6eGOZgJlUjoRcIRBkgFaPCE,Ravi Biryani Shop,places,en,139,13.09348125,80.2343951,13.095734499999999,80.23316229999999,0,maa2,Chennai,2026-08-31T08:57:12.042913Z
ChIJa9CBuU9lUjoRDoBSQCOprXo,AV Fast-food,places,en,140,13.096814049999999,80.23318040000001,13.096947600000002,80.2332773,0,maa2,Chennai,2026-08-31T08:57:12.351128Z
ChIJqRxMrcxlUjoREC-CwjBTzl4,M.M. Biryani centre,places,en,140,13.096814049999999,80.23318040000001,13.0970785,80.2330937,0,maa2,Chennai,2026-08-31T08:57:12.351144Z
ChIJozVytiRlUjoRQjH_btIxeaQ,bakkiya hotel,places,en,140,13.096814049999999,80.23318040000001,13.0962415,80.2334575,0,maa2,Chennai,2026-08-31T08:57:12.351148Z
ChIJQTDwrcxlUjoRUwrMPMgeDbo,Apl Snack And Sweets,places,en,140,13.096814049999999,80.23318040000001,13.097121300000001,80.2324087,0,maa2,Chennai,2026-08-31T08:57:12.351151Z
ChIJHWEaIQBlUjoRl6_jN0QZ3Yg,Thirumala Foods,places,en,140,13.096814049999999,80.23318040000001,13.097217599999999,80.23237069999999,0,maa2,Chennai,2026-08-31T08:57:12.351154Z
ChIJyc8JNhZlUjoRi4jPd956z1o,Ambur Biriyani,places,en,140,13.096814049999999,80.23318040000001,13.0973969,80.2323632,0,maa2,Chennai,2026-08-31T08:57:12.351157Z
ChIJpUbOaQBlUjoRowYcUxDtTKY,ZAFRON. IN,places,en,140,13.096814049999999,80.23318040000001,13.0971987,80.23218,0,maa2,Chennai,2026-08-31T08:57:12.351160Z
ChIJ4URsjsxlUjoR1fdpvDez5RM,Ponsai Tiffin Centre And Parotta Star,places,en,140,13.096814049999999,80.23318040000001,13.0968891,80.234328,0,maa2,Chennai,2026-08-31T08:57:12.351163Z
ChIJactSyV9lUjoRhFQrH-l8xbM,Padma Store,places,en,140,13.096814049999999,80.23318040000001,13.0968652,80.2345716,0,maa2,Chennai,2026-08-31T08:57:12.351166Z
ChIJHS_DYMtlUjoRyiORrbIkT9A,M.R FAST FOOD,places,en,140,13.096814049999999,80.23318040000001,13.0980984,80.2337326,0,maa2,Chennai,2026-08-31T08:57:12.351168Z
ChIJVQqiaQBlUjoR4swaApMRk1M,Tea Party VIBE AYANAVARAM,places,en,140,13.096814049999999,80.23318040000001,13.0969412,80.23176099999999,0,maa2,Chennai,2026-08-31T08:57:12.351171Z
ChIJcVb3_t1lUjoR6wKnKtPKRTo,VC CHAAT PARK,places,en,140,13.096814049999999,80.23318040000001,13.096854599999999,80.2346429,0,maa2,Chennai,2026-08-31T08:57:12.351173Z
ChIJz5cxZ8tlUjoRzoZe3xlnV3k,Tasty Burgers Time,places,en,140,13.096814049999999,80.23318040000001,13.0981755,80.2336653,0,maa2,Chennai,2026-08-31T08:57:12.351176Z
ChIJ6cXjNABlUjoRnwhX_gP0ptk,Fried N Grilled,places,en,140,13.096814049999999,80.23318040000001,13.0982177,80.2335701,0,maa2,Chennai,2026-08-31T08:57:12.351179Z
ChIJ1x87Z8tlUjoRTc_HuoV5blE,A. N. Bismillah Biryani,places,en,140,13.096814049999999,80.23318040000001,13.0982459,80.2336631,0,maa2,Chennai,2026-08-31T08:57:12.351181Z
ChIJU_h_UQBlUjoRrcim2dJC6pU,Akka kadai,places,en,140,13.096814049999999,80.23318040000001,13.096739,80.234807,0,maa2,Chennai,2026-08-31T08:57:12.351184Z
ChIJI6MZesxlUjoRdQYSyqDgPHc,Esther Fast food & Biryani,places,en,140,13.096814049999999,80.23318040000001,13.0965708,80.23492089999999,0,maa2,Chennai,2026-08-31T08:57:12.351187Z
ChIJG5Z2VHVlUjoRQioTwd8PlHc,Om Sri Vinayaka Tea Stall,places,en,140,13.096814049999999,80.23318040000001,13.098524,80.23371120000002,0,maa2,Chennai,2026-08-31T08:57:12.351189Z
ChIJsxBrko9pUjoRO7r55fYT7vE,Chai Waale Chennai Central CMRL,places,en,141,13.08189935,80.2814304,13.0825269,80.2819652,0,maa2,Chennai,2026-08-31T08:57:12.768530Z
ChIJ4W4x87BpUjoRxuCrHQnvSQk,BEST BIRIYANI 2,places,en,141,13.08189935,80.2814304,13.082266599999999,80.2790058,0,maa2,Chennai,2026-08-31T08:57:12.768541Z
ChIJUbgfGMVpUjoRzl5s25kBPnc,Sri Sai Jill & Chat,places,en,141,13.08189935,80.2814304,13.0823314,80.2790011,0,maa2,Chennai,2026-08-31T08:57:12.768545Z
ChIJL7dJ5yZnUjoRBAgKm3RCvzY,Anna arch beef briyani,places,en,143,13.0781077,80.21793635,13.077832299999999,80.21798919999999,0,maa2,Chennai,2026-08-31T08:57:13.383827Z
ChIJZzr7op1mUjoRPtpw3GKGHwk,MURUGAN CHETTINADU,places,en,143,13.0781077,80.21793635,13.078564199999999,80.21762509999999,0,maa2,Chennai,2026-08-31T08:57:13.383840Z
ChIJOTyfrJ1mUjoRH2GZG83CxLk,SAVORY SPICE KITCHEN & CATERING SERVICES,places,en,143,13.0781077,80.21793635,13.0773922,80.2178228,0,maa2,Chennai,2026-08-31T08:57:13.383843Z
ChIJFQPFmZ1mUjoR4pbwkF4VgVA,Halal Thalappakattu Biriyani,places,en,143,13.0781077,80.21793635,13.0788865,80.2175117,0,maa2,Chennai,2026-08-31T08:57:13.383846Z
ChIJP3SjAExnUjoRq3UzBHljVYE,Ayn al Chai Cafeteria,places,en,143,13.0781077,80.21793635,13.0771939,80.2178541,0,maa2,Chennai,2026-08-31T08:57:13.383848Z
ChIJ8Z8Mr71nUjoRf-C3iz6vyLM,Kuzhambu Kadai,places,en,143,13.0781077,80.21793635,13.0790616,80.2175314,0,maa2,Chennai,2026-08-31T08:57:13.383850Z
ChIJvTsst6BoUjoRu13o0vBvgQM,Madurai Saradha Mess,places,en,143,13.0781077,80.21793635,13.0790641,80.21750569999999,0,maa2,Chennai,2026-08-31T08:57:13.383852Z
ChIJpT_1U5xmUjoRNS2MoTB1rh4,3 King Snacks & Cool Bar,places,en,143,13.0781077,80.21793635,13.0770213,80.2178137,0,maa2,Chennai,2026-08-31T08:57:13.383854Z
ChIJY_O530dnUjoRbWxboYhWlGs,Senthil Food Center,places,en,143,13.0781077,80.21793635,13.079358200000001,80.2176654,0,maa2,Chennai,2026-08-31T08:57:13.383856Z
ChIJLSOtx51mUjoRrG5hnJj2XwE,Venkata Devi Tiffin Center,places,en,143,13.0781077,80.21793635,13.078085199999999,80.21662189999999,0,maa2,Chennai,2026-08-31T08:57:13.383859Z
ChIJzz_HZ4ZnUjoRgCwGNCVk5Sk,Khamree Mo Gun Kaa,places,en,143,13.0781077,80.21793635,13.079139099999999,80.2188238,0,maa2,Chennai,2026-08-31T08:57:13.383861Z
ChIJqXY4hvdnUjoRSyCz2FR78Sc,Wok Tossed,places,en,143,13.0781077,80.21793635,13.079085399999999,80.2188934,0,maa2,Chennai,2026-08-31T08:57:13.383863Z
ChIJQc9L_PhnUjoR7kOs3PfvcdE,Kannan,places,en,143,13.0781077,80.21793635,13.079382899999999,80.2173737,0,maa2,Chennai,2026-08-31T08:57:13.383865Z
ChIJRe21hZ1mUjoRt12UeF7LAEg,New Tip Top Cafe,places,en,143,13.0781077,80.21793635,13.079572599999999,80.21753389999999,0,maa2,Chennai,2026-08-31T08:57:13.383867Z
ChIJjxrjxGhnUjoRmelFOEK70cg,Madurai Chettiar Mess,places,en,143,13.0781077,80.21793635,13.0796404,80.21754419999999,0,maa2,Chennai,2026-08-31T08:57:13.383869Z
ChIJ3Sa5UvdnUjoR3QSlMLxBkTQ,Mahalakshmi Canteen,places,en,143,13.0781077,80.21793635,13.079626399999999,80.2173091,0,maa2,Chennai,2026-08-31T08:57:13.383871Z
ChIJZd1LZABnUjoRnVq6f4aUSWo,Wok Tossed Fast Food,places,en,143,13.0781077,80.21793635,13.0797493,80.2176649,0,maa2,Chennai,2026-08-31T08:57:13.383873Z
ChIJqbqTCA9nUjoRv6XhQXRu33k,Selvendiran,places,en,143,13.0781077,80.21793635,13.0793427,80.21677369999999,0,maa2,Chennai,2026-08-31T08:57:13.383875Z
ChIJwV8j0wxnUjoRCq2yNlf1pdw,Abdul Azeez,places,en,143,13.0781077,80.21793635,13.0771442,80.2165134,0,maa2,Chennai,2026-08-31T08:57:13.383877Z
ChIJXYK2XOBnUjoRBU1rV2oTD4U,AL Ameen chicken shop,places,en,143,13.0781077,80.21793635,13.0793813,80.2166487,0,maa2,Chennai,2026-08-31T08:57:13.383879Z
ChIJaf6FEQBlUjoRjAXNBJ-RPqM,Evergreen Restaurant,places,en,144,13.087522100000001,80.1921349,13.0873572,80.19217549999999,0,maa2,Chennai,2026-08-31T08:57:13.739709Z
ChIJ2W7RjxBlUjoRtdcXZPVYjkA,Hotel Sangam,places,en,144,13.087522100000001,80.1921349,13.0874045,80.1920126,0,maa2,Chennai,2026-08-31T08:57:13.739722Z
ChIJ_ZLVrrJlUjoRJrw3YdEOZqY,Dosa kadai,places,en,144,13.087522100000001,80.1921349,13.0876795,80.1919255,0,maa2,Chennai,2026-08-31T08:57:13.739726Z
ChIJH4DFaORlUjoRJ8gccIJjU_4,Perambur Srinivasa Sweets Ps4 veg restaurant(Tirumangalam),places,en,144,13.087522100000001,80.1921349,13.0873657,80.1918774,0,maa2,Chennai,2026-08-31T08:57:13.739730Z
ChIJd-OLjAZkUjoRpVjiaFRTe1U,சகி ஃபுட்வேர்,places,en,144,13.087522100000001,80.1921349,13.087275900000002,80.191847,0,maa2,Chennai,2026-08-31T08:57:13.739733Z
ChIJZy1aoSJlUjoROOCeN5yt9R8,Karthi Hotel,places,en,144,13.087522100000001,80.1921349,13.087316,80.1918077,0,maa2,Chennai,2026-08-31T08:57:13.739735Z
ChIJmT7-hAZkUjoREKIwXIHJQ-Q,Raiyans cafe,places,en,144,13.087522100000001,80.1921349,13.087202999999999,80.19258549999999,0,maa2,Chennai,2026-08-31T08:57:13.739738Z
ChIJo85dhAZkUjoRyMz6iB2cr9o,ஏலீம் கேட்ரிங்,places,en,144,13.087522100000001,80.1921349,13.087222200000001,80.19264059999999,0,maa2,Chennai,2026-08-31T08:57:13.739740Z
ChIJF9Cu8gZkUjoROcvkfR8riFU,Iqqra Veg Birinji,places,en,144,13.087522100000001,80.1921349,13.087007999999999,80.1917177,0,maa2,Chennai,2026-08-31T08:57:13.739743Z
ChIJ9eMotVBlUjoR0iycwPOswDI,Midnight Feast,places,en,144,13.087522100000001,80.1921349,13.086819499999999,80.19201489999999,0,maa2,Chennai,2026-08-31T08:57:13.739745Z
ChIJT7bGP2llUjoRT1ZPr16sIRc,MAYAL CAFE,places,en,144,13.087522100000001,80.1921349,13.0868948,80.19268679999999,0,maa2,Chennai,2026-08-31T08:57:13.739747Z
ChIJlXhSEvZlUjoR1HlZ5qg45vY,Mr Jack Kitchen On wheels,places,en,144,13.087522100000001,80.1921349,13.0879921,80.19300919999999,0,maa2,Chennai,2026-08-31T08:57:13.739750Z
ChIJKdUWTv5lUjoRYPpgeR2XKNY,Madura Pandi Fast Food,places,en,144,13.087522100000001,80.1921349,13.087548199999999,80.1910795,0,maa2,Chennai,2026-08-31T08:57:13.739752Z
ChIJ68pYTABlUjoRTvZzVftwVOA,SLM Atho kadai,places,en,144,13.087522100000001,80.1921349,13.0876171,80.1932757,0,maa2,Chennai,2026-08-31T08:57:13.739754Z
ChIJ_7JxhaRlUjoR9QxPPYKyN7Y,Thangam atho shop,places,en,144,13.087522100000001,80.1921349,13.0880292,80.1911174,0,maa2,Chennai,2026-08-31T08:57:13.739757Z
ChIJl8yT3OllUjoRgcaNTSVEPYs,Kavitha Tiffin Center,places,en,144,13.087522100000001,80.1921349,13.087529,80.190984,0,maa2,Chennai,2026-08-31T08:57:13.739759Z
ChIJ6bKbpPdlUjoRob3WImcJmIE,MA COOL BAR,places,en,144,13.087522100000001,80.1921349,13.086470499999999,80.1914299,0,maa2,Chennai,2026-08-31T08:57:13.739761Z
ChIJq4neJTdlUjoRKF4_IZHHmTo,HOME COOKING KULAMBU KADAI,places,en,144,13.087522100000001,80.1921349,13.0877428,80.1908075,0,maa2,Chennai,2026-08-31T08:57:13.739764Z
ChIJZSGUmwplUjoRzWTIHvmrcQU,Vijaya Akka Appam Kadai,places,en,144,13.087522100000001,80.1921349,13.0886502,80.1930273,0,maa2,Chennai,2026-08-31T08:57:13.739766Z
ChIJQ7IPZtNlUjoRtlxOw838r0s,M N Tiffin Center,places,en,144,13.087522100000001,80.1921349,13.0859875,80.1926311,0,maa2,Chennai,2026-08-31T08:57:13.739768Z
ChIJtZ-XNCFnUjoRk8B2J9Jk4io,Rahmas Foods,places,en,145,13.0544341,80.2676747,13.054022199999999,80.2669794,0,maa2,Chennai,2026-08-31T08:57:14.074047Z
ChIJF_J543BnUjoRBSe4xaLTD1k,MUMBAI HALEEMWALA,places,en,145,13.0544341,80.2676747,13.0537491,80.26819739999999,0,maa2,Chennai,2026-08-31T08:57:14.074058Z
ChIJRxxVYCNmUjoRnnS09hjVyUY,Hot Kebab Biriyani Fast Food,places,en,145,13.0544341,80.2676747,13.053717899999999,80.2671475,0,maa2,Chennai,2026-08-31T08:57:14.074063Z
ChIJDTJWYCNmUjoRX2gIUY3tGOs,Fried POINT,places,en,145,13.0544341,80.2676747,13.0537055,80.2671208,0,maa2,Chennai,2026-08-31T08:57:14.074066Z
ChIJd1ARtl1nUjoRjvaUF5LpTYM,Cloud BBQ,places,en,145,13.0544341,80.2676747,13.0537476,80.26704289999999,0,maa2,Chennai,2026-08-31T08:57:14.074068Z
ChIJF437sKBnUjoRz70k5rBdOmw,Knack Traders,places,en,145,13.0544341,80.2676747,13.0537987,80.2669696,0,maa2,Chennai,2026-08-31T08:57:14.074071Z
ChIJE_hRagBnUjoRA6kXTde4RKo,Hype Food Street,places,en,145,13.0544341,80.2676747,13.053600699999999,80.268136,0,maa2,Chennai,2026-08-31T08:57:14.074073Z
ChIJg1UGgCNmUjoRnGqnlyQMua0,The Express Biryani & Kebab,places,en,145,13.0544341,80.2676747,13.053590699999999,80.2684046,0,maa2,Chennai,2026-08-31T08:57:14.074076Z
ChIJh0biWQBnUjoR4TTGpC-8FrI,Bismillah Kebab Corner,places,en,145,13.0544341,80.2676747,13.0535579,80.2668564,0,maa2,Chennai,2026-08-31T08:57:14.074078Z
ChIJIcTuEABnUjoR0u432ORwSKc,FLARE,places,en,145,13.0544341,80.2676747,13.053566499999999,80.266755,0,maa2,Chennai,2026-08-31T08:57:14.074081Z
ChIJP8WXdO5nUjoRivxOurfTZXU,Khan Kabab,places,en,145,13.0544341,80.2676747,13.0535687,80.2665478,0,maa2,Chennai,2026-08-31T08:57:14.074084Z
ChIJIfxbQGxbUjoR_LRiDbAvSqE,Burger King,places,en,145,13.0544341,80.2676747,13.054169499999999,80.26624819999999,0,maa2,Chennai,2026-08-31T08:57:14.074086Z
ChIJDxYHm-VnUjoR5hBmWmGFfdw,SASIKALA U,places,en,145,13.0544341,80.2676747,13.0533544,80.2689187,0,maa2,Chennai,2026-08-31T08:57:14.074089Z
ChIJtwXPeSRmUjoRe1LFkUn9Dl8,RABBANI SWEETS,places,en,145,13.0544341,80.2676747,13.0533693,80.2690597,0,maa2,Chennai,2026-08-31T08:57:14.074091Z
ChIJq97YeSRmUjoRC-YHP5ZeXWM,Bismilla Stationery & General Shop,places,en,145,13.0544341,80.2676747,13.053363,80.269059,0,maa2,Chennai,2026-08-31T08:57:14.074094Z
ChIJldJxPqFpUjoRdWzK5LkB0hs,Buhari fast food,places,en,146,13.052348649999999,80.28053650000001,13.052022299999999,80.2816064,0,maa2,Chennai,2026-08-31T08:57:14.432319Z
ChIJZzEdgB1pUjoRaFXqUVtjRvE,Hot chips,places,en,146,13.052348649999999,80.28053650000001,13.052588,80.28168149999999,0,maa2,Chennai,2026-08-31T08:57:14.432327Z
ChIJaTCYPNZpUjoRl5nVOMM5Fnk,John's bistro,places,en,146,13.052348649999999,80.28053650000001,13.0524028,80.2817596,0,maa2,Chennai,2026-08-31T08:57:14.432329Z
ChIJRSPnCABpUjoRfXtawDybJI0,Marina food festival 2024,places,en,146,13.052348649999999,80.28053650000001,13.0515631,80.28148370000001,0,maa2,Chennai,2026-08-31T08:57:14.432331Z
ChIJM5bHbgRpUjoRdVy_xv_mxXE,Royal Fast food,places,en,146,13.052348649999999,80.28053650000001,13.0515817,80.28167499999999,0,maa2,Chennai,2026-08-31T08:57:14.432332Z
ChIJwUYZNwBpUjoRNSjhcRsOVlo,Popeye Fast Food,places,en,146,13.052348649999999,80.28053650000001,13.0515034,80.2816134,0,maa2,Chennai,2026-08-31T08:57:14.432334Z
ChIJcVHiTOVpUjoRwXjO84uyK5o,Super Momos & Spring Potato,places,en,146,13.052348649999999,80.28053650000001,13.050984699999999,80.281423,0,maa2,Chennai,2026-08-31T08:57:14.432335Z
ChIJRTx_kidpUjoR_BycE5T4AKc,Khushi Tea Stall,places,en,146,13.052348649999999,80.28053650000001,13.0522169,80.2787695,0,maa2,Chennai,2026-08-31T08:57:14.432337Z
ChIJVe-rh5xoUjoRtTkskXHpVO8,Mobile Restaurant Of Tamilnadu Fisheries Development,places,en,146,13.052348649999999,80.28053650000001,13.0510761,80.28176599999999,0,maa2,Chennai,2026-08-31T08:57:14.432338Z
ChIJj4-q9cBpUjoRClu1Uo7k480,Csk food paradise,places,en,146,13.052348649999999,80.28053650000001,13.0508844,80.2795151,0,maa2,Chennai,2026-08-31T08:57:14.432339Z
ChIJ7aOR99BpUjoRBEtPxxPQxfs,PREM MARINA,places,en,146,13.052348649999999,80.28053650000001,13.0506757,80.28115749999999,0,maa2,Chennai,2026-08-31T08:57:14.432341Z
ChIJ35ucuZ1oUjoRdOBjSatySE0,Amma Unavagam,places,en,146,13.052348649999999,80.28053650000001,13.052237499999999,80.2786687,0,maa2,Chennai,2026-08-31T08:57:14.432342Z
ChIJ_a9IdixpUjoRHHBGVZVHRZI,TAJ fast food,places,en,146,13.052348649999999,80.28053650000001,13.0506941,80.28152510000001,0,maa2,Chennai,2026-08-31T08:57:14.432343Z
ChIJt3EPcgBpUjoRMUI-koFGxm4,Lakshana chat shop,places,en,146,13.052348649999999,80.28053650000001,13.0506117,80.28157759999999,0,maa2,Chennai,2026-08-31T08:57:14.432344Z
ChIJcR5TbgBpUjoRXlh7ZdH2tbo,A1 FAST FOOD ( Veg & Non veg),places,en,146,13.052348649999999,80.28053650000001,13.050415399999999,80.28141629999999,0,maa2,Chennai,2026-08-31T08:57:14.432346Z
ChIJ9zjQHQBpUjoReN3XTP0TDds,Vivekanda house,places,en,146,13.052348649999999,80.28053650000001,13.0511132,80.2785945,0,maa2,Chennai,2026-08-31T08:57:14.432347Z
ChIJwa6xEilpUjoRCVqaDQl8Fys,Merina beach Bengali fish fry,places,en,146,13.052348649999999,80.28053650000001,13.0502123,80.2814169,0,maa2,Chennai,2026-08-31T08:57:14.432348Z
ChIJ9e90SQBpUjoRfk0veSZVUsE,Dessert section,places,en,146,13.052348649999999,80.28053650000001,13.0502474,80.28151319999999,0,maa2,Chennai,2026-08-31T08:57:14.432349Z
ChIJSZuSElppUjoRR7yQJKwEQLs,Sea birds fast food,places,en,146,13.052348649999999,80.28053650000001,13.050167,80.2815048,0,maa2,Chennai,2026-08-31T08:57:14.432350Z
ChIJVV2wKXFnUjoRaoBhuxrLLm8,Vyom Freshup,places,en,147,13.03846105,80.2699085,13.038547099999999,80.2699116,0,maa2,Chennai,2026-08-31T08:57:14.841717Z
ChIJufz28ptnUjoRqt-JZFrWBMs,Aarumugam Idly Kadai,places,en,147,13.03846105,80.2699085,13.039062999999999,80.26993800000001,0,maa2,Chennai,2026-08-31T08:57:14.841732Z
ChIJ4fbnewBnUjoRiY7GoZxQdt0,Roti Ran,places,en,147,13.03846105,80.2699085,13.0382392,80.2692344,0,maa2,Chennai,2026-08-31T08:57:14.841735Z
ChIJs8QHZjRnUjoRy7vdO1vJbY4,Nandhini Tiffin Centre,places,en,147,13.03846105,80.2699085,13.0387618,80.2710458,0,maa2,Chennai,2026-08-31T08:57:14.841737Z
ChIJNaf4UgBnUjoRkEzI5zxSwA4,Elumalai sandwich,places,en,147,13.03846105,80.2699085,13.039066499999999,80.27146909999999,0,maa2,Chennai,2026-08-31T08:57:14.841739Z
ChIJLxxVUyxmUjoRs5noR7yN0IM,Annai Easy Foods,places,en,147,13.03846105,80.2699085,13.0365139,80.2691439,0,maa2,Chennai,2026-08-31T08:57:14.841741Z
ChIJDyX1py1mUjoRATAyPKm5ii8,Sri Durga Bhavan Hotel,places,en,147,13.03846105,80.2699085,13.038977599999999,80.26775479999999,0,maa2,Chennai,2026-08-31T08:57:14.841742Z
ChIJf8whFJ5nUjoRMg3e1fVpYaQ,Devakottai Chettinad,places,en,147,13.03846105,80.2699085,13.0390106,80.2677602,0,maa2,Chennai,2026-08-31T08:57:14.841744Z
ChIJpeI8Bi1mUjoRuhmyry0NBRQ,Shilpa Snacks,places,en,147,13.03846105,80.2699085,13.0390371,80.2677286,0,maa2,Chennai,2026-08-31T08:57:14.841746Z
ChIJX39En7VnUjoRDtbBZdEUBfg,Lakshmi Tiffin Centre,places,en,147,13.03846105,80.2699085,13.036615099999999,80.2712219,0,maa2,Chennai,2026-08-31T08:57:14.841748Z
ChIJu6lFOEdnUjoRcT5eGWyVk7c,ANCHEL JERY,places,en,147,13.03846105,80.2699085,13.0377069,80.2676465,0,maa2,Chennai,2026-08-31T08:57:14.841749Z
ChIJ1UWhQcpnUjoRRIxxusvTp1Q,Raj Foods,places,en,147,13.03846105,80.2699085,13.0397357,80.2676943,0,maa2,Chennai,2026-08-31T08:57:14.841751Z
ChIJAfWTM-5nUjoRhBnvVFSCd6s,Meals Ready,places,en,147,13.03846105,80.2699085,13.0396693,80.26758749999999,0,maa2,Chennai,2026-08-31T08:57:14.841753Z
ChIJgcx5hS1mUjoRlWHTfYrOYHQ,Munch,places,en,147,13.03846105,80.2699085,13.039686699999999,80.2675876,0,maa2,Chennai,2026-08-31T08:57:14.841754Z
ChIJkYu0NQBnUjoRZue-t37GQWs,Amma Unavagam,places,en,147,13.03846105,80.2699085,13.040934,80.26905049999999,0,maa2,Chennai,2026-08-31T08:57:14.841756Z
ChIJIYuJcgBnUjoRbtVzIrwzszk,Shri Hiranya Kitchen,places,en,148,13.075592050000001,80.2205997,13.075689899999999,80.2214912,0,maa2,Chennai,2026-08-31T08:57:15.189227Z
ChIJZSD75fVnUjoRIvZCkBA7mmk,ALAGAN FOODS,places,en,148,13.075592050000001,80.2205997,13.074796599999999,80.2201631,0,maa2,Chennai,2026-08-31T08:57:15.189238Z
ChIJYZqwpKNnUjoRIi6jDkc_OqQ,Taste 'it,places,en,148,13.075592050000001,80.2205997,13.074722099999999,80.2210283,0,maa2,Chennai,2026-08-31T08:57:15.189241Z
ChIJ3-dbbgBnUjoRqk8Nf7Gmy-k,Madras_Cafe,places,en,148,13.075592050000001,80.2205997,13.074696699999999,80.2212854,0,maa2,Chennai,2026-08-31T08:57:15.189243Z
ChIJiSbdVYNmUjoRV6YsNtQ0_Ys,PAUL'S KITCHEN,places,en,148,13.075592050000001,80.2205997,13.074678299999999,80.2212858,0,maa2,Chennai,2026-08-31T08:57:15.189245Z
ChIJ61OpU5tmUjoR67Unp6RMCxM,Thriveni Cafe,places,en,148,13.075592050000001,80.2205997,13.0742432,80.2206124,0,maa2,Chennai,2026-08-31T08:57:15.189247Z
ChIJQyaRdjBnUjoRNxmHq0ugDbM,Virgin Pastaa,places,en,148,13.075592050000001,80.2205997,13.0743849,80.2198214,0,maa2,Chennai,2026-08-31T08:57:15.189248Z
ChIJb2tRBy9nUjoRp9HXLEJPwAk,WE CHAI Aminjikarai,places,en,148,13.075592050000001,80.2205997,13.0742227,80.2200189,0,maa2,Chennai,2026-08-31T08:57:15.189250Z
ChIJHYMnvmdnUjoRtmOpBmVurik,Tea Tag,places,en,148,13.075592050000001,80.2205997,13.074321800000002,80.2197791,0,maa2,Chennai,2026-08-31T08:57:15.189252Z
ChIJz-hkGwhnUjoRDI0z2rx1zT4,VELU KITCHEN,places,en,148,13.075592050000001,80.2205997,13.0741716,80.2199863,0,maa2,Chennai,2026-08-31T08:57:15.189254Z
ChIJiTS1t6NnUjoRv8DCkvo7Ymk,KALLIDASS GUNASEKAR,places,en,148,13.075592050000001,80.2205997,13.0739995,80.2210566,0,maa2,Chennai,2026-08-31T08:57:15.189256Z
ChIJEyD-1oBnUjoRhIxO0a61O-E,Biggies Burger : Ampa Skyone Mall,places,en,148,13.075592050000001,80.2205997,13.0739839,80.22122519999999,0,maa2,Chennai,2026-08-31T08:57:15.189257Z
ChIJmSJrHwBnUjoR_7DWlId14XA,Pandi Kadai,places,en,148,13.075592050000001,80.2205997,13.074014,80.22132440000001,0,maa2,Chennai,2026-08-31T08:57:15.189259Z
ChIJHSzVCtNnUjoRZvmtC88TfV0,Chennai golgappa,places,en,148,13.075592050000001,80.2205997,13.0739573,80.22132479999999,0,maa2,Chennai,2026-08-31T08:57:15.189261Z
ChIJ-erjrYRmUjoRVodFknUkmnw,Madras Coffee House Ampa Skyone Outlet,places,en,148,13.075592050000001,80.2205997,13.073929999999999,80.22130899999999,0,maa2,Chennai,2026-08-31T08:57:15.189262Z
ChIJcW-N_IRnUjoRboHkZ7F1tfA,Kerala kitchen,places,en,148,13.075592050000001,80.2205997,13.0737788,80.2205833,0,maa2,Chennai,2026-08-31T08:57:15.189264Z
ChIJv7IkHgBnUjoRJs_me5B5FzA,Semma Virunthu,places,en,148,13.075592050000001,80.2205997,13.0737341,80.22037019999999,0,maa2,Chennai,2026-08-31T08:57:15.189266Z
ChIJc9YoBFJnUjoReUUfXnp_vuE,Dindigul mugaidheen biryani and fast food,places,en,148,13.075592050000001,80.2205997,13.073715499999999,80.2203615,0,maa2,Chennai,2026-08-31T08:57:15.189267Z
ChIJ3we_YAdjUjoRfz_cVFAILqk,Domino's Pizza,places,en,148,13.075592050000001,80.2205997,13.0738425,80.22134729999999,0,maa2,Chennai,2026-08-31T08:57:15.189269Z
ChIJQQczppxmUjoRoO20EMWDysc,AMBUR BIRIYANI,places,en,148,13.075592050000001,80.2205997,13.0737247,80.2202756,0,maa2,Chennai,2026-08-31T08:57:15.189271Z
ChIJ9y-84Q1dUjoRVcY74PSuoT0,STREET LIGHT BRIYANI,places,en,149,12.965142749999998,80.2167673,12.9643565,80.2161953,0,maa2,Chennai,2026-08-31T08:57:15.525696Z
ChIJT4VFrlFdUjoRSzjFd17KGT4,Malaysian spice,places,en,149,12.965142749999998,80.2167673,12.9638142,80.21558519999999,0,maa2,Chennai,2026-08-31T08:57:15.525704Z
ChIJ9-CK1r1dUjoRO6LGhAuRUxI,NAMMA TIFFIN CENTER,places,en,149,12.965142749999998,80.2167673,12.9638192,80.21552609999999,0,maa2,Chennai,2026-08-31T08:57:15.525706Z
ChIJY7yfTQBdUjoRfRtyyVnn0bM,Madurai Muniyandi Vilas,places,en,149,12.965142749999998,80.2167673,12.9638119,80.2155133,0,maa2,Chennai,2026-08-31T08:57:15.525707Z
ChIJwe4-Tf1dUjoRW_Gcd23wlVE,TOPI VAPPA BIRIYANI KAIVELI BRANCH,places,en,149,12.965142749999998,80.2167673,12.963403699999999,80.21562759999999,0,maa2,Chennai,2026-08-31T08:57:15.525709Z
ChIJJ1Jhf75dUjoRhUUd6pj6308,Hotel Arun,places,en,149,12.965142749999998,80.2167673,12.9635786,80.2153793,0,maa2,Chennai,2026-08-31T08:57:15.525710Z
ChIJ9eqlYGldUjoRW6NjI8TTzBQ,4am Biriyani,places,en,149,12.965142749999998,80.2167673,12.9633937,80.21562829999999,0,maa2,Chennai,2026-08-31T08:57:15.525711Z
ChIJPWxvHO5dUjoR9jfcPpWNdCg,Aparna Biryani,places,en,149,12.965142749999998,80.2167673,12.963916099999999,80.21505669999999,0,maa2,Chennai,2026-08-31T08:57:15.525712Z
ChIJQ1c_SgBdUjoRPtlSYvpnPuM,GLOBUS NIGHT BIRIYANI,places,en,149,12.965142749999998,80.2167673,12.9638346,80.21495139999999,0,maa2,Chennai,2026-08-31T08:57:15.525714Z
ChIJU7MsXb5dUjoRbjht42C_PC8,Kebabistaan,places,en,149,12.965142749999998,80.2167673,12.963978599999999,80.214749,0,maa2,Chennai,2026-08-31T08:57:15.525715Z
ChIJZ7j1DYBdUjoRbKdZaX9iHxo,FORK AND FLAME,places,en,149,12.965142749999998,80.2167673,12.9631759,80.215392,0,maa2,Chennai,2026-08-31T08:57:15.525716Z
ChIJX7yOM5pdUjoROtvwpRvNwMg,Tea.Com Nandhambakkam,places,en,149,12.965142749999998,80.2167673,12.9675288,80.2167322,0,maa2,Chennai,2026-08-31T08:57:15.525717Z
ChIJFV3FQFNdUjoRV5ldU4qs4xg,SuperStars Biryani,places,en,149,12.965142749999998,80.2167673,12.9630428,80.2155701,0,maa2,Chennai,2026-08-31T08:57:15.525719Z
ChIJBUPSDQBdUjoRoZTgcvYkKl4,தோசை கடை Dosai Kadai,places,en,149,12.965142749999998,80.2167673,12.962973799999999,80.2156468,0,maa2,Chennai,2026-08-31T08:57:15.525720Z
ChIJh1LxPABdUjoR3g8-kCSNm8U,Karukku Morukku chicken,places,en,149,12.965142749999998,80.2167673,12.963032300000002,80.21553039999999,0,maa2,Chennai,2026-08-31T08:57:15.525721Z
ChIJU4TEvF9dUjoR5DLaK4wYhBk,DRINKS.COM,places,en,149,12.965142749999998,80.2167673,12.967667599999999,80.2166678,0,maa2,Chennai,2026-08-31T08:57:15.525723Z
ChIJtRdyJW1dUjoRswoU6dxSAis,Lalitha Mavu Centre,places,en,149,12.965142749999998,80.2167673,12.9633434,80.2147963,0,maa2,Chennai,2026-08-31T08:57:15.525724Z
ChIJG2bMZb5dUjoRLMAqkqyEGxI,சித்ரா இட்லி கடை,places,en,149,12.965142749999998,80.2167673,12.963842699999999,80.214415,0,maa2,Chennai,2026-08-31T08:57:15.525725Z
ChIJH7nTZb5dUjoRBic3VFFx4iY,Mehta Chaat House,places,en,149,12.965142749999998,80.2167673,12.963838599999999,80.21438189999999,0,maa2,Chennai,2026-08-31T08:57:15.525726Z
ChIJ9TdCmSZhUjoRCKJd9xUC-78,பாலாஜி ஸ்டோர்ஸ்,places,en,150,13.0374956,80.17204670000001,13.037979799999999,80.1723588,0,maa2,Chennai,2026-08-31T08:57:15.931235Z
ChIJpbBV0RthUjoRSKZS46i8Ee4,Sri vari tiffin centre,places,en,150,13.0374956,80.17204670000001,13.0380214,80.1724691,0,maa2,Chennai,2026-08-31T08:57:15.931248Z
ChIJYcu1ZgBhUjoRFTpDTsJbvoo,Ambur Chicken Briyani,places,en,150,13.0374956,80.17204670000001,13.0366076,80.1724888,0,maa2,Chennai,2026-08-31T08:57:15.931251Z
ChIJN3-iyP1hUjoRKOlLnMLgLts,Homemade baking make,places,en,150,13.0374956,80.17204670000001,13.0367871,80.1727775,0,maa2,Chennai,2026-08-31T08:57:15.931253Z
ChIJWzz0AABhUjoRQ9AYEHTAgUA,Pachaiammal Tiffin Center,places,en,150,13.0374956,80.17204670000001,13.0385408,80.1724423,0,maa2,Chennai,2026-08-31T08:57:15.931255Z
ChIJEZCjNK1hUjoRTw_wCm1ymjA,SANDHYA,places,en,150,13.0374956,80.17204670000001,13.038702599999999,80.1723303,0,maa2,Chennai,2026-08-31T08:57:15.931257Z
ChIJvXz22yZhUjoRjPcnXwLSkEo,Ott Popcorn,places,en,150,13.0374956,80.17204670000001,13.036133,80.17180309999999,0,maa2,Chennai,2026-08-31T08:57:15.931259Z
ChIJWwbjPwBhUjoR2fYAscxlBpQ,Charminar Dosa,places,en,150,13.0374956,80.17204670000001,13.0365258,80.17308419999999,0,maa2,Chennai,2026-08-31T08:57:15.931261Z
ChIJSea45iZhUjoRyXRZE6psFy4,கலையரசி,places,en,150,13.0374956,80.17204670000001,13.036120299999999,80.172467,0,maa2,Chennai,2026-08-31T08:57:15.931263Z
ChIJ5XVo-FlhUjoRmHn0l6EiZR8,WE CHAI VALASARAVAKKAM,places,en,150,13.0374956,80.17204670000001,13.039022399999999,80.1724194,0,maa2,Chennai,2026-08-31T08:57:15.931265Z
ChIJdYJxBuFhUjoRKztGVAfw6ro,The Chennai sandwich shop,places,en,150,13.0374956,80.17204670000001,13.0359337,80.1724381,0,maa2,Chennai,2026-08-31T08:57:15.931267Z
ChIJzy0_BEhhUjoRc0DG-5VGwR8,Lakshmi,places,en,150,13.0374956,80.17204670000001,13.0358533,80.1716245,0,maa2,Chennai,2026-08-31T08:57:15.931269Z
ChIJN20IRgBhUjoR47GrgDf5Ixo,KSP HOME FOODS,places,en,150,13.0374956,80.17204670000001,13.035314099999999,80.1723536,0,maa2,Chennai,2026-08-31T08:57:15.931272Z
ChIJU-8ITKNhUjoR1fvf2QNHhCs,KT CHAPPATI,places,en,150,13.0374956,80.17204670000001,13.0359555,80.1739853,0,maa2,Chennai,2026-08-31T08:57:15.931274Z
ChIJG3-GVgBhUjoRbtnNMNsqWAs,A,places,en,150,13.0374956,80.17204670000001,13.035403899999999,80.1706481,0,maa2,Chennai,2026-08-31T08:57:15.931276Z
ChIJx-1H8iNhUjoR1FcMHtX6v6U,CHENNAI FAST FOOD,places,en,150,13.0374956,80.17204670000001,13.039413600000001,80.1702778,0,maa2,Chennai,2026-08-31T08:57:15.931278Z
ChIJU1jjLrJnUjoRqea7MifUeD8,RedE drop zone,places,en,151,13.0555591,80.23004935,13.055480399999999,80.23102039999999,0,maa2,Chennai,2026-08-31T08:57:16.360718Z
ChIJFTlyn_VmUjoRerjSeDVetpQ,Liberty Tea Stall & Cool Drinks,places,en,151,13.0555591,80.23004935,13.0548427,80.2307884,0,maa2,Chennai,2026-08-31T08:57:16.360763Z
ChIJkzuFRgtnUjoRXIA7rTvjaRE,JEEVA TIFFEN CENTER,places,en,151,13.0555591,80.23004935,13.054352,80.2295544,0,maa2,Chennai,2026-08-31T08:57:16.360772Z
ChIJ36fRaepnUjoRLVvYog74t9I,Lunchroom,places,en,151,13.0555591,80.23004935,13.0556372,80.2281709,0,maa2,Chennai,2026-08-31T08:57:16.360780Z
ChIJm7Mz3hpnUjoRyuWOQD3uRbk,Healthy Crush pure sugarcaneJuice,places,en,151,13.0555591,80.23004935,13.053803199999999,80.23079050000001,0,maa2,Chennai,2026-08-31T08:57:16.360786Z
ChIJc-5FbBlnUjoRpHQQf2lPoy4,LIBERTY JUNCTION,places,en,151,13.0555591,80.23004935,13.054180599999999,80.22812859999999,0,maa2,Chennai,2026-08-31T08:57:16.360793Z
ChIJI_ChIgBnUjoRylQAUKNQS7U,Pakoda Boyz Biryani Kodambakkam,places,en,151,13.0555591,80.23004935,13.053898799999999,80.22821069999999,0,maa2,Chennai,2026-08-31T08:57:16.360803Z
ChIJ_XfQJSJnUjoRe31akZBYpLI,Patric Shoes and Bags,places,en,151,13.0555591,80.23004935,13.0538461,80.22814489999999,0,maa2,Chennai,2026-08-31T08:57:16.360809Z
ChIJCRqdjPVmUjoRZbJ_bXczo7g,Samiyar Sweets & Savouries,places,en,151,13.0555591,80.23004935,13.0536184,80.231869,0,maa2,Chennai,2026-08-31T08:57:16.360815Z
ChIJZf95dMlnUjoRMv-CUISJzRg,AAA Burma Fastfood,places,en,152,13.028801999999999,80.23366965,13.0288804,80.2339035,0,maa2,Chennai,2026-08-31T08:57:16.705381Z
ChIJRzPPiKlnUjoRwlYyohRG_Is,MARYAM Country Chicken,places,en,152,13.028801999999999,80.23366965,13.0291848,80.2341134,0,maa2,Chennai,2026-08-31T08:57:16.705396Z
ChIJRUgO3H1nUjoRWCY5hI03tvw,Pachcha Kaththi,places,en,152,13.028801999999999,80.23366965,13.0283483,80.2328734,0,maa2,Chennai,2026-08-31T08:57:16.705400Z
ChIJX_Jw0kRnUjoRUewT8VR7Q4o,AL Nisha Biryani,places,en,152,13.028801999999999,80.23366965,13.0286838,80.2346309,0,maa2,Chennai,2026-08-31T08:57:16.705403Z
ChIJrcGZ0ZdnUjoRis01WmfeNuI,IQra Veg Brinj,places,en,152,13.028801999999999,80.23366965,13.028621399999999,80.234686,0,maa2,Chennai,2026-08-31T08:57:16.705427Z
ChIJWSF4nalnUjoR6R8zuTnmZ-U,KARAIKUDI CHETTINAD HOTEL,places,en,152,13.028801999999999,80.23366965,13.028649399999999,80.2348774,0,maa2,Chennai,2026-08-31T08:57:16.705431Z
ChIJE7it06tnUjoRAAAA0Lfpong,K2 Beef Pagoda,places,en,152,13.028801999999999,80.23366965,13.0283904,80.2349405,0,maa2,Chennai,2026-08-31T08:57:16.705433Z
ChIJAzYynKlnUjoRgIbSj25RCAI,Al Mass Malaysian Parotta,places,en,152,13.028801999999999,80.23366965,13.0283503,80.2349602,0,maa2,Chennai,2026-08-31T08:57:16.705436Z
ChIJp2batUpnUjoRRRWHXO_NVb4,M S Tiffin centre,places,en,152,13.028801999999999,80.23366965,13.029838699999999,80.2327419,0,maa2,Chennai,2026-08-31T08:57:16.705438Z
ChIJd6OTTUtnUjoRU9qicTLqJpc,Kebabistaan,places,en,152,13.028801999999999,80.23366965,13.028211299999999,80.2353859,0,maa2,Chennai,2026-08-31T08:57:16.705440Z
ChIJedBazKlnUjoRkp6YJLexKhw,Buhari Restaurant,places,en,152,13.028801999999999,80.23366965,13.026979100000002,80.2333337,0,maa2,Chennai,2026-08-31T08:57:16.705442Z
ChIJBZocYQdnUjoRCDKabViu5Wo,மணி ஸ்டோர்,places,en,152,13.028801999999999,80.23366965,13.0278479,80.2319483,0,maa2,Chennai,2026-08-31T08:57:16.705444Z
ChIJ127tcwBnUjoRR-9HokSJYp0,Valar Unavagam,places,en,152,13.028801999999999,80.23366965,13.028034799999999,80.2318438,0,maa2,Chennai,2026-08-31T08:57:16.705446Z
ChIJdX5oR6pnUjoRI64HKTwCaBI,Amma Chettinadu Unavagam,places,en,152,13.028801999999999,80.23366965,13.0309675,80.2339717,0,maa2,Chennai,2026-08-31T08:57:16.705448Z
ChIJiSePR6pnUjoRCxXOTosCRP0,Maruthi Iyyangar Bakery,places,en,152,13.028801999999999,80.23366965,13.030962599999999,80.23416519999999,0,maa2,Chennai,2026-08-31T08:57:16.705450Z
ChIJvyGl_71nUjoRWBPjXHbYCPk,CSK Tiffin Center,places,en,152,13.028801999999999,80.23366965,13.0304141,80.2320277,0,maa2,Chennai,2026-08-31T08:57:16.705452Z
ChIJ7RS6chxnUjoRBF8Gg-gkiZI,Arcot Royal Briyani and fast food,places,en,152,13.028801999999999,80.23366965,13.030337099999999,80.2318978,0,maa2,Chennai,2026-08-31T08:57:16.705455Z
ChIJo4M9b91nUjoRAmluUWmdYiE,Faasos CIT Nagar 2,places,en,152,13.028801999999999,80.23366965,13.030058299999999,80.2357481,0,maa2,Chennai,2026-08-31T08:57:16.705457Z
ChIJnbdqEu1nUjoRkOM9YTWJ8CY,Behrouz Biryani CIT Nagar 2 RK,places,en,152,13.028801999999999,80.23366965,13.0300529,80.2357694,0,maa2,Chennai,2026-08-31T08:57:16.705458Z
ChIJbW8rOy1nUjoRY1fg_YgV4j0,Oven Story,places,en,152,13.028801999999999,80.23366965,13.0301014,80.2357383,0,maa2,Chennai,2026-08-31T08:57:16.705460Z
ChIJK4WRFtZnUjoRNv2n6KF81gc,B Square,places,en,153,13.0178357,80.2200401,13.0182935,80.2181902,0,maa2,Chennai,2026-08-31T08:57:17.007971Z
ChIJLy6SjYBnUjoRVLeWSuZCxbI,HUSSAIN CHICKEN SHOP,places,en,153,13.0178357,80.2200401,13.0176079,80.2178702,0,maa2,Chennai,2026-08-31T08:57:17.007981Z
ChIJcdRGWANnUjoRFuCdHP-x1i8,TAKKAR,places,en,154,13.0415062,80.20966200000001,13.039793999999999,80.2104993,0,maa2,Chennai,2026-08-31T08:57:17.407387Z
ChIJie8F_H5nUjoRnwsUXxWfRrw,Anandha Vilas,places,en,154,13.0415062,80.20966200000001,13.041048499999999,80.21209379999999,0,maa2,Chennai,2026-08-31T08:57:17.407397Z
ChIJpQ08egBnUjoRrEWk0OarW6s,Hotel JKB,places,en,154,13.0415062,80.20966200000001,13.0391707,80.2086399,0,maa2,Chennai,2026-08-31T08:57:17.407401Z
ChIJQWDMFwBnUjoRtOf4lUE15Vs,Om murugaa unavagam,places,en,154,13.0415062,80.20966200000001,13.0402738,80.212125,0,maa2,Chennai,2026-08-31T08:57:17.407404Z
ChIJN2cSJwBdUjoRb2vfHyKICQY,Leaf and bowl,places,en,155,12.966840099999999,80.25351265,12.966154699999999,80.2533692,0,maa2,Chennai,2026-08-31T08:57:17.727271Z
ChIJr-ugUABdUjoRfjmiBdxgNyA,VR FOOD,places,en,155,12.966840099999999,80.25351265,12.967153999999999,80.2521967,0,maa2,Chennai,2026-08-31T08:57:17.727281Z
ChIJVaFpzrldUjoRXAzmuXhqu_I,Al-Minara Biryani,places,en,155,12.966840099999999,80.25351265,12.9654215,80.2532389,0,maa2,Chennai,2026-08-31T08:57:17.727284Z
ChIJT3FsQoJdUjoR22ihrlnYAzU,Tulasi Cafe,places,en,155,12.966840099999999,80.25351265,12.9658631,80.2546589,0,maa2,Chennai,2026-08-31T08:57:17.727285Z
ChIJeUFZs2hdUjoRGLQeF5RBp0A,AB FAST FOOD,places,en,155,12.966840099999999,80.25351265,12.968387,80.252495,0,maa2,Chennai,2026-08-31T08:57:17.727287Z
ChIJF30afJVdUjoRhK8f7tvHWwE,Hot Wheelz,places,en,155,12.966840099999999,80.25351265,12.968654400000002,80.2537524,0,maa2,Chennai,2026-08-31T08:57:17.727289Z
ChIJlekL0GpdUjoRzDjouZ4G0Zg,THANGAMANI STORE,places,en,155,12.966840099999999,80.25351265,12.9682602,80.25227509999999,0,maa2,Chennai,2026-08-31T08:57:17.727291Z
ChIJtVULRgBdUjoR_MisQwucL7U,CloudDee Kitchen,places,en,155,12.966840099999999,80.25351265,12.9686919,80.2537305,0,maa2,Chennai,2026-08-31T08:57:17.727292Z
ChIJT6cgAaVdUjoR4ftx0pJDTNc,Stove Mela Kadaai,places,en,155,12.966840099999999,80.25351265,12.9687445,80.25245629999999,0,maa2,Chennai,2026-08-31T08:57:17.727294Z
ChIJ68yi34BdUjoRrFlRyGX6kxs,Night life foodies,places,en,155,12.966840099999999,80.25351265,12.9654981,80.2516538,0,maa2,Chennai,2026-08-31T08:57:17.727296Z
ChIJiX0L5OtdUjoRLmIMTdTOygo,TasteToday Kitchen,places,en,155,12.966840099999999,80.25351265,12.965191299999999,80.2552536,0,maa2,Chennai,2026-08-31T08:57:17.727297Z
ChIJU2SSnhVdUjoR54ZJHce11pk,A. Ameer Biryani,places,en,155,12.966840099999999,80.25351265,12.9644242,80.2534771,0,maa2,Chennai,2026-08-31T08:57:17.727299Z
ChIJJ63yUD1dUjoRuTiTecVxXYw,Great Moghul Briyani,places,en,155,12.966840099999999,80.25351265,12.964512299999999,80.2527616,0,maa2,Chennai,2026-08-31T08:57:17.727300Z
ChIJ71YLw49dUjoRZmEBOMPxb0U,MD FASTFOOD AND CHICKEN BIRYANI,places,en,155,12.966840099999999,80.25351265,12.9659911,80.25115890000001,0,maa2,Chennai,2026-08-31T08:57:17.727302Z
ChIJN0JEakddUjoRMPjLhabaLlU,Aathif chicken center,places,en,155,12.966840099999999,80.25351265,12.964392499999999,80.2536346,0,maa2,Chennai,2026-08-31T08:57:17.727304Z
ChIJObRGgn9cUjoRZVfX9j2NkTU,kcs coffe and snacks,places,en,155,12.966840099999999,80.25351265,12.964803499999999,80.252079,0,maa2,Chennai,2026-08-31T08:57:17.727305Z
ChIJC9lR2GldUjoR-NSl59KCXpo,New Madras Halwa,places,en,155,12.966840099999999,80.25351265,12.9644101,80.25396990000002,0,maa2,Chennai,2026-08-31T08:57:17.727307Z
ChIJpz5A3RRdUjoRLRA9CSXyGNk,Budget Restaurant,places,en,155,12.966840099999999,80.25351265,12.9661785,80.2510334,0,maa2,Chennai,2026-08-31T08:57:17.727308Z
ChIJqQXy_RRdUjoRDIiQvr3Wm5A,M R Fast Food,places,en,155,12.966840099999999,80.25351265,12.9651196,80.2516058,0,maa2,Chennai,2026-08-31T08:57:17.727310Z
ChIJc-nv3S9dUjoRdIHzIVFpeyM,Afrin Brinji Center,places,en,155,12.966840099999999,80.25351265,12.9661115,80.250999,0,maa2,Chennai,2026-08-31T08:57:17.727311Z
ChIJWYpj7lFdUjoRElyymdUAdDo,ROYAL CRISPY BITES/CAFE,places,en,156,12.979140300000001,80.24136325,12.979934,80.24141,0,maa2,Chennai,2026-08-31T08:57:18.054347Z
ChIJjTV1CFldUjoRASaxJYdtTLU,Bonding Bites,places,en,156,12.979140300000001,80.24136325,12.9799472,80.2420641,0,maa2,Chennai,2026-08-31T08:57:18.054358Z
ChIJlxuJPWRdUjoRGLDJBjsePTI,Fast Food,places,en,156,12.979140300000001,80.24136325,12.9801544,80.2420119,0,maa2,Chennai,2026-08-31T08:57:18.054362Z
ChIJJcp8wi9dUjoRMdYUGxdG90M,ilahi mutton and chicken stall,places,en,156,12.979140300000001,80.24136325,12.9800635,80.24049939999999,0,maa2,Chennai,2026-08-31T08:57:18.054364Z
ChIJh3_bVABdUjoRVl2DslmltwE,M. Iyyappan TiFFiN CENTER,places,en,156,12.979140300000001,80.24136325,12.979885,80.24265559999999,0,maa2,Chennai,2026-08-31T08:57:18.054367Z
ChIJEUo7d-5dUjoR63d6x8MOxU8,Adyar cutlets,places,en,156,12.979140300000001,80.24136325,12.9792311,80.2431419,0,maa2,Chennai,2026-08-31T08:57:18.054369Z
ChIJxWPACjNdUjoRYlbv5ypy1Aw,Adyar Kausiya Restaurant,places,en,156,12.979140300000001,80.24136325,12.9797915,80.2430648,0,maa2,Chennai,2026-08-31T08:57:18.054371Z
ChIJj-dIjytdUjoRvKn-YLrQT0I,Gama Gama Restaurant,places,en,156,12.979140300000001,80.24136325,12.979797699999999,80.2430634,0,maa2,Chennai,2026-08-31T08:57:18.054373Z
ChIJD5JqdiZdUjoR589Xnd0BnPs,Food Image,places,en,156,12.979140300000001,80.24136325,12.978999199999999,80.2431884,0,maa2,Chennai,2026-08-31T08:57:18.054376Z
ChIJ85tIQtxdUjoR6VT6IA1GHXg,KGF 3 Special Briyani,places,en,156,12.979140300000001,80.24136325,12.9800644,80.2430621,0,maa2,Chennai,2026-08-31T08:57:18.054378Z
ChIJyxnyHFVdUjoR6zmejCnQhuw,HOTEL MEENAKSHI,places,en,156,12.979140300000001,80.24136325,12.981045000000002,80.24155669999999,0,maa2,Chennai,2026-08-31T08:57:18.054380Z
ChIJ9cQj_3pdUjoRpdk5ZU188F8,Udhayam Tiffin Center,places,en,156,12.979140300000001,80.24136325,12.981074399999999,80.2406639,0,maa2,Chennai,2026-08-31T08:57:18.054382Z
ChIJGT_g43pdUjoRH3MCyY59CGs,Arafa Biriyani & Fast Food,places,en,156,12.979140300000001,80.24136325,12.9811718,80.24170889999999,0,maa2,Chennai,2026-08-31T08:57:18.054384Z
ChIJj27iH_VdUjoR8pfYl1Ys7Mk,Shri Ganesh bhavan,places,en,156,12.979140300000001,80.24136325,12.9811561,80.2418483,0,maa2,Chennai,2026-08-31T08:57:18.054386Z
ChIJHTOhNjZdUjoRJktbCP34jbw,MODERN COFFEE HOUSE,places,en,156,12.979140300000001,80.24136325,12.9802188,80.2431683,0,maa2,Chennai,2026-08-31T08:57:18.054388Z
ChIJQ7-C4HpdUjoR3V8MHk6-6uQ,TASTY TOWN,places,en,156,12.979140300000001,80.24136325,12.9811868,80.2418847,0,maa2,Chennai,2026-08-31T08:57:18.054390Z
ChIJQZQ_tGtdUjoR0r3zhjl_QNA,Juice Kings Tharamani,places,en,156,12.979140300000001,80.24136325,12.980267099999999,80.24322670000001,0,maa2,Chennai,2026-08-31T08:57:18.054392Z
ChIJIaVpBQBdUjoRamk-BUFHo-Q,Zwarma (The Shawarma Makers),places,en,156,12.979140300000001,80.24136325,12.9812871,80.24169549999999,0,maa2,Chennai,2026-08-31T08:57:18.054394Z
ChIJFXKUF5hdUjoRKDjsrm4w3Ew,DIPAKCHAUDHRI,places,en,156,12.979140300000001,80.24136325,12.9808974,80.2428925,0,maa2,Chennai,2026-08-31T08:57:18.054397Z
ChIJ6VTwUlNdUjoRG5wwokq8FY8,CITY SNACKS,places,en,156,12.979140300000001,80.24136325,12.981131900000001,80.242592,0,maa2,Chennai,2026-08-31T08:57:18.054399Z
ChIJQdUdBnldUjoRgEc4PlbUFcY,Hot Puffs,places,en,157,12.981686400000001,80.2397407,12.9817374,80.2397336,0,maa2,Chennai,2026-08-31T08:57:18.456068Z
ChIJry_SFgBdUjoR7ykkZNAt0jU,Sumaiya Veg Biryani,places,en,157,12.981686400000001,80.2397407,12.9818857,80.23976739999999,0,maa2,Chennai,2026-08-31T08:57:18.456084Z
ChIJXUiHrHtdUjoRFTLyJprCtaA,Mahalakshmi Hotel,places,en,157,12.981686400000001,80.2397407,12.981538899999999,80.2400443,0,maa2,Chennai,2026-08-31T08:57:18.456088Z
ChIJD1vKRwBdUjoRgpIlW5TGWOA,Bro’s Unavagam & Sea Foods,places,en,157,12.981686400000001,80.2397407,12.981527499999999,80.2400735,0,maa2,Chennai,2026-08-31T08:57:18.456092Z
ChIJEcaEjVRdUjoR_d_vmiv2eO8,SRS CATERING SERVICES,places,en,157,12.981686400000001,80.2397407,12.9814331,80.23943600000001,0,maa2,Chennai,2026-08-31T08:57:18.456095Z
ChIJwU3uvc5dUjoRpGP6GYLdxzs,OMER CAFE Hyderabadi Irani Chai,places,en,157,12.981686400000001,80.2397407,12.9812058,80.2396607,0,maa2,Chennai,2026-08-31T08:57:18.456098Z
ChIJpTel9n9dUjoRlCC4WFVOY6k,Kadhar Bai Dum Biriyani’s,places,en,157,12.981686400000001,80.2397407,12.9811509,80.2396687,0,maa2,Chennai,2026-08-31T08:57:18.456101Z
ChIJ0_WfS3pdUjoRf2DQB9cImAw,Sri Selva Chettinad Hotel,places,en,157,12.981686400000001,80.2397407,12.981128,80.239364,0,maa2,Chennai,2026-08-31T08:57:18.456103Z
ChIJ-cBi0D5dUjoROV7OOG51vE0,Vinayaga Tiffen Center,places,en,157,12.981686400000001,80.2397407,12.9823506,80.2395219,0,maa2,Chennai,2026-08-31T08:57:18.456106Z
ChIJORJJPc9dUjoR5B3mjr_7UhU,CHIN CHIN THAI KITCHEN,places,en,157,12.981686400000001,80.2397407,12.981092499999999,80.2393625,0,maa2,Chennai,2026-08-31T08:57:18.456109Z
ChIJpSX-veJdUjoRzC_itZs52tY,J J Tiffen centre,places,en,157,12.981686400000001,80.2397407,12.982396099999999,80.2398939,0,maa2,Chennai,2026-08-31T08:57:18.456111Z
ChIJ2xZVzHtdUjoRzrE80KShlYc,Sri Krishna Food Park,places,en,157,12.981686400000001,80.2397407,12.981548799999999,80.23870140000001,0,maa2,Chennai,2026-08-31T08:57:18.456114Z
ChIJTeVGwtFdUjoRWWf_1-8xwOo,FOOD SPARKS,places,en,157,12.981686400000001,80.2397407,12.9814147,80.2407652,0,maa2,Chennai,2026-08-31T08:57:18.456116Z
ChIJqSSlfiJdUjoRERQDnNdgdsA,RAVI TEA STALL & HOTEL,places,en,157,12.981686400000001,80.2397407,12.9823236,80.2407611,0,maa2,Chennai,2026-08-31T08:57:18.456120Z
ChIJIdz-DVxdUjoRiwiHNDvkIcs,Venkateswara food center,places,en,157,12.981686400000001,80.2397407,12.982287399999999,80.23863329999999,0,maa2,Chennai,2026-08-31T08:57:18.456122Z
ChIJPa6EUltdUjoRLuzBJCcFSZs,GREAT VANIYAMBADI BRIYANI'S,places,en,157,12.981686400000001,80.2397407,12.9814727,80.2381271,0,maa2,Chennai,2026-08-31T08:57:18.456125Z
ChIJ-5g6HXtdUjoRnrMm3ZBZWKA,Mother India Foods,places,en,157,12.981686400000001,80.2397407,12.9815829,80.2413534,0,maa2,Chennai,2026-08-31T08:57:18.456128Z
ChIJgZJ4_W9dUjoRJENwrsKKt98,Vaniyambadi Biriyanis,places,en,157,12.981686400000001,80.2397407,12.981399999999999,80.2380522,0,maa2,Chennai,2026-08-31T08:57:18.456130Z
ChIJj3diLHpdUjoR5Nuf-i2rgyI,சாய பாபா உணவகம் & டீ கடை,places,en,157,12.981686400000001,80.2397407,12.9810843,80.2381137,0,maa2,Chennai,2026-08-31T08:57:18.456133Z
ChIJyV9dK7JnUjoR-7g7Nowbrxo,The Bistrograph,places,en,158,12.998970199999999,80.2609276,12.996780099999999,80.261211,0,maa2,Chennai,2026-08-31T08:57:18.771089Z
ChIJfZr0lHdnUjoRhUTmqM6zQHs,ARABIAN GARDEN SEAFOOD RESTAURANT,places,en,158,12.998970199999999,80.2609276,13.0012311,80.2606854,0,maa2,Chennai,2026-08-31T08:57:18.771102Z
ChIJnxXwJgBnUjoRud6Adg6ROII,Palitano pure veg restaurant,places,en,158,12.998970199999999,80.2609276,13.001244199999999,80.2606493,0,maa2,Chennai,2026-08-31T08:57:18.771106Z
ChIJCayBDgBnUjoRQkwxWgVDdgY,(Adyar Sri Venkateshwara) Grace Momos & Chinese Kitchen,places,en,158,12.998970199999999,80.2609276,13.001266600000001,80.260665,0,maa2,Chennai,2026-08-31T08:57:18.771108Z
ChIJ-auTjbFnUjoRo5WgbHHSL-c,"Adyar Sri Venkateshwara Bhavan Home made food,Sweets and Boli Stall",places,en,158,12.998970199999999,80.2609276,13.001266600000001,80.260665,0,maa2,Chennai,2026-08-31T08:57:18.771111Z
ChIJ653pGjpnUjoR_NcNB47SuZo,Pooja unavagam,places,en,158,12.998970199999999,80.2609276,12.996621699999999,80.261174,0,maa2,Chennai,2026-08-31T08:57:18.771113Z
ChIJE7L2vFpnUjoRZzt_NINdXF4,R K Fast Food,places,en,158,12.998970199999999,80.2609276,12.996521,80.2609732,0,maa2,Chennai,2026-08-31T08:57:18.771116Z
ChIJa9d_FQBnUjoRWHzFQ9A-Bos,CREAM CENTRE ADYAR,places,en,158,12.998970199999999,80.2609276,13.001297,80.2602412,0,maa2,Chennai,2026-08-31T08:57:18.771118Z
ChIJI1zO1cZdUjoR4eb9SgQ2X-c,Nei Soru,places,en,159,12.97410945,80.2346976,12.973530799999999,80.2358174,0,maa2,Chennai,2026-08-31T08:57:19.094843Z
ChIJmyfkawBdUjoRKr7MfSEn5QY,Gowri Amma fish fry,places,en,159,12.97410945,80.2346976,12.973891,80.2330664,0,maa2,Chennai,2026-08-31T08:57:19.094851Z
ChIJA6A2MnZdUjoR9yArrb4phTI,VK Hotel,places,en,159,12.97410945,80.2346976,12.9750249,80.2330334,0,maa2,Chennai,2026-08-31T08:57:19.094854Z
ChIJjTazmKBdUjoRL7NMRscePGY,Nommnivore,places,en,159,12.97410945,80.2346976,12.9755147,80.2330094,0,maa2,Chennai,2026-08-31T08:57:19.094856Z
ChIJDYpRbgBdUjoRPN9EfE8uZpY,Thangachi healthy foods,places,en,159,12.97410945,80.2346976,12.972050699999999,80.2359353,0,maa2,Chennai,2026-08-31T08:57:19.094858Z
ChIJ6QEur0RdUjoRlzGx3n5qv1w,Nagoor chicken 🐔 stall,places,en,160,12.9716591,80.2363622,12.970328199999999,80.23581349999999,0,maa2,Chennai,2026-08-31T08:57:19.409151Z
ChIJH2NMySpdUjoRqNogjEkfLv8,GK TASTE ON TASTEY RESTAURANT,places,en,160,12.9716591,80.2363622,12.9704552,80.23543289999999,0,maa2,Chennai,2026-08-31T08:57:19.409165Z
ChIJL-sMiq9dUjoR4cdMjHz5tT4,Bangali Dhaba,places,en,160,12.9716591,80.2363622,12.9704562,80.2354289,0,maa2,Chennai,2026-08-31T08:57:19.409168Z
ChIJiZdaeABdUjoRj2b62M79q98,Dhiya tiffin centre,places,en,160,12.9716591,80.2363622,12.969899300000002,80.23479019999999,0,maa2,Chennai,2026-08-31T08:57:19.409171Z
ChIJyeX28bpdUjoR4nAei-rff4k,Chennai Chicken Stall,places,en,160,12.9716591,80.2363622,12.9705456,80.2340959,0,maa2,Chennai,2026-08-31T08:57:19.409174Z
ChIJD_hxfixnUjoRjCSXDZBGMJ8,Kasimedu Fresh,places,en,161,13.0659767,80.21952379999999,13.0659046,80.2184283,0,maa2,Chennai,2026-08-31T08:57:19.755358Z
ChIJk3HTOQBnUjoR-jxWde9bF98,Thambis Tiffin Centre,places,en,161,13.0659767,80.21952379999999,13.066557399999999,80.2205105,0,maa2,Chennai,2026-08-31T08:57:19.755365Z
ChIJfVryso1nUjoRmItDldaaoiA,Aleyammas Kitchen,places,en,161,13.0659767,80.21952379999999,13.064845100000001,80.2201389,0,maa2,Chennai,2026-08-31T08:57:19.755367Z
ChIJf17Ke-1nUjoRRXq7QOrin44,GUNASEKARAN Tea SHOP,places,en,161,13.0659767,80.21952379999999,13.064719,80.2186871,0,maa2,Chennai,2026-08-31T08:57:19.755369Z
ChIJ8Qgljp5nUjoRt0hIHKx0mhI,JP Tiffin center,places,en,161,13.0659767,80.21952379999999,13.066020499999999,80.2178911,0,maa2,Chennai,2026-08-31T08:57:19.755370Z
ChIJt9x_7fVnUjoRzu4FCId9HhI,The Kings Kebab & Biryani,places,en,161,13.0659767,80.21952379999999,13.0677437,80.2199017,0,maa2,Chennai,2026-08-31T08:57:19.755372Z
ChIJHVlbDQBnUjoRTFv_Uw2eVfA,Senathipathi Home made food,places,en,161,13.0659767,80.21952379999999,13.0661274,80.2176463,0,maa2,Chennai,2026-08-31T08:57:19.755373Z
ChIJFeevQ2hnUjoR32v3E60BBbg,Coorg Kitchen,places,en,161,13.0659767,80.21952379999999,13.0642021,80.21904049999999,0,maa2,Chennai,2026-08-31T08:57:19.755375Z
ChIJfRsnj1dnUjoRjQcx5Kxm4VU,Hotel Nei Choru,places,en,161,13.0659767,80.21952379999999,13.0680122,80.2194861,0,maa2,Chennai,2026-08-31T08:57:19.755376Z
ChIJ0RZubUZnUjoRCfQCK5KzgJw,SKM MUTTON AND CHICKEN STALL,places,en,161,13.0659767,80.21952379999999,13.0680122,80.218542,0,maa2,Chennai,2026-08-31T08:57:19.755377Z
ChIJe_NY4ZBmUjoRrOHc5afnKWk,சுப்பிரியா ஸ்டோர்,places,en,161,13.0659767,80.21952379999999,13.066334699999999,80.21716599999999,0,maa2,Chennai,2026-08-31T08:57:19.755379Z
ChIJK5Jb3JFnUjoRiVRdZG0tvms,Murugesan R,places,en,161,13.0659767,80.21952379999999,13.0683443,80.22006689999999,0,maa2,Chennai,2026-08-31T08:57:19.755380Z
ChIJC4PBHZRmUjoRBmZhOf9ZerQ,Ambur Chicken Briyani,places,en,161,13.0659767,80.21952379999999,13.0680385,80.21800309999999,0,maa2,Chennai,2026-08-31T08:57:19.755382Z
ChIJHf4aAxtnUjoRqZFSnIlvYKs,Thanvi Biriyani,places,en,161,13.0659767,80.21952379999999,13.0684609,80.2201123,0,maa2,Chennai,2026-08-31T08:57:19.755383Z
ChIJo1xLj5BmUjoRKMlWX2k-sgc,A1 Ambur Briyani & Kababs,places,en,161,13.0659767,80.21952379999999,13.0679786,80.2178826,0,maa2,Chennai,2026-08-31T08:57:19.755384Z
ChIJ9ceMvDJnUjoR6mDjOR_iLjM,Velswamy Hotel,places,en,161,13.0659767,80.21952379999999,13.068503999999999,80.2201311,0,maa2,Chennai,2026-08-31T08:57:19.755386Z
ChIJL8V8abBnUjoRpzyMxhGaSNc,Joseph Briyani Stall,places,en,161,13.0659767,80.21952379999999,13.0634175,80.2190083,0,maa2,Chennai,2026-08-31T08:57:19.755387Z
ChIJ-7bP9rddUjoREs3TrAL4J9A,Experience by Madras Square,places,en,162,12.95614255,80.26020605,12.955957399999999,80.2590326,0,maa2,Chennai,2026-08-31T08:57:20.158036Z
ChIJK_xmSSNdUjoR2_ectfhzvbU,East Coast at Madras Square,places,en,162,12.95614255,80.26020605,12.9559829,80.25893789999999,0,maa2,Chennai,2026-08-31T08:57:20.158046Z
ChIJh4-K6mldUjoR8Gblv1nMCH4,The Mayflower,places,en,162,12.95614255,80.26020605,12.9577156,80.26100509999999,0,maa2,Chennai,2026-08-31T08:57:20.158050Z
ChIJ23wUtSpdUjoR89WNegsbJ20,The Ocean Hotel,places,en,162,12.95614255,80.26020605,12.955896899999999,80.26210909999999,0,maa2,Chennai,2026-08-31T08:57:20.158052Z
ChIJA5qgKABdUjoR7ETAABN4AFQ,Meals of Love,places,en,162,12.95614255,80.26020605,12.9564446,80.2622727,0,maa2,Chennai,2026-08-31T08:57:20.158054Z
ChIJvUfIgyRdUjoRC0z8JaaBE1o,செட்டிநாடு மெஸ்,places,en,162,12.95614255,80.26020605,12.9540893,80.26022019999999,0,maa2,Chennai,2026-08-31T08:57:20.158056Z
ChIJu2uDhiRdUjoR4Ytq514UBto,Master kitchen Fast Food,places,en,162,12.95614255,80.26020605,12.954016399999999,80.2607108,0,maa2,Chennai,2026-08-31T08:57:20.158058Z
ChIJRcZ7oCpdUjoRzlqgh5qysME,FOODMALL,places,en,162,12.95614255,80.26020605,12.954028399999999,80.2617037,0,maa2,Chennai,2026-08-31T08:57:20.158060Z
ChIJxSfUTqtlUjoRDueGB-BwO5c,ஆர்பிட இட்லி தோசை மாவு,places,en,163,13.121805649999999,80.23220135,13.121676599999999,80.2325951,0,maa2,Chennai,2026-08-31T08:57:20.551653Z
ChIJbVnOT6tlUjoR64lq-lVPg2s,Star Briyani,places,en,163,13.121805649999999,80.23220135,13.121799999999999,80.2326154,0,maa2,Chennai,2026-08-31T08:57:20.551664Z
ChIJnzc2SKtlUjoRpBJVGnEZh-Q,Naseeb Kabab Center,places,en,163,13.121805649999999,80.23220135,13.1219323,80.2326844,0,maa2,Chennai,2026-08-31T08:57:20.551667Z
ChIJg9b4EgdlUjoRp6YcNtMwmYk,அம்மா உணவகம்,places,en,163,13.121805649999999,80.23220135,13.121868,80.23276560000001,0,maa2,Chennai,2026-08-31T08:57:20.551669Z
ChIJ-QBAT6tlUjoRaQojwrLnZuY,HOTEL GANAPATHI,places,en,163,13.121805649999999,80.23220135,13.121559399999999,80.23274289999999,0,maa2,Chennai,2026-08-31T08:57:20.551671Z
ChIJCaWnSpplUjoRmmFHgdEOl6Q,TASTY FAST FOOD,places,en,163,13.121805649999999,80.23220135,13.1215637,80.23275079999999,0,maa2,Chennai,2026-08-31T08:57:20.551673Z
ChIJHaUsN6tlUjoRD4sQNSgf_Xg,MUTHU TIFFIN CENTRE,places,en,163,13.121805649999999,80.23220135,13.1223776,80.23266819999999,0,maa2,Chennai,2026-08-31T08:57:20.551675Z
ChIJKcU7eQBlUjoR0e9VHl14_tU,E P G CATRING SERVICE,places,en,163,13.121805649999999,80.23220135,13.122388899999999,80.2316445,0,maa2,Chennai,2026-08-31T08:57:20.551677Z
ChIJ-3GeVABlUjoRiiQCja48rik,Z A CATERING,places,en,163,13.121805649999999,80.23220135,13.1224692,80.23174,0,maa2,Chennai,2026-08-31T08:57:20.551679Z
ChIJ2XJcUatlUjoR__3Av2VGSvY,Real Moideen Biryani & Fast Food,places,en,163,13.121805649999999,80.23220135,13.1210229,80.2325065,0,maa2,Chennai,2026-08-31T08:57:20.551681Z
ChIJKQABXQBlUjoRR_AludULCxs,Channel T nagar mamlab,places,en,163,13.121805649999999,80.23220135,13.1210257,80.2325357,0,maa2,Chennai,2026-08-31T08:57:20.551682Z
ChIJ1-ZhVENlUjoRzl7hCVi8nf8,HOTEL SAI ANNAM,places,en,163,13.121805649999999,80.23220135,13.1225464,80.2329022,0,maa2,Chennai,2026-08-31T08:57:20.551684Z
ChIJmSHbVqtlUjoRk6L7zHMNJik,Riyas Biryani,places,en,163,13.121805649999999,80.23220135,13.1208578,80.2326472,0,maa2,Chennai,2026-08-31T08:57:20.551686Z
ChIJFbvv8_VlUjoRaZLPh4hEMiU,THAQWA HOT & CHILL,places,en,163,13.121805649999999,80.23220135,13.120483799999999,80.23233019999999,0,maa2,Chennai,2026-08-31T08:57:20.551688Z
ChIJzxkeawBlUjoRKccftXbP0ro,Green Tree Cafeteria,places,en,163,13.121805649999999,80.23220135,13.1204781,80.23234699999999,0,maa2,Chennai,2026-08-31T08:57:20.551690Z
ChIJba4jUPFlUjoRufqpNUIEK3I,MARHABA KEBAB,places,en,163,13.121805649999999,80.23220135,13.123145099999999,80.23288509999999,0,maa2,Chennai,2026-08-31T08:57:20.551692Z
ChIJQYEgH7hlUjoRWcA0r8KM8lM,Perambur Sri Srinivasa Sweets(T.V.K Nagar),places,en,163,13.121805649999999,80.23220135,13.120248499999999,80.2322815,0,maa2,Chennai,2026-08-31T08:57:20.551693Z
ChIJ53YKt7ZlUjoR5R4et10T1oU,BISMILLAH EATS,places,en,163,13.121805649999999,80.23220135,13.1213541,80.23384999999999,0,maa2,Chennai,2026-08-31T08:57:20.551695Z
ChIJSzrRFNNlUjoRPjbhxYxM_W8,SAPTIYA THE FOOD BOX,places,en,163,13.121805649999999,80.23220135,13.1230111,80.2333793,0,maa2,Chennai,2026-08-31T08:57:20.551697Z
ChIJAcmG5aVlUjoRdtEeTNORe9Y,Cheerz Cafe,places,en,163,13.121805649999999,80.23220135,13.1201682,80.23269379999999,0,maa2,Chennai,2026-08-31T08:57:20.551699Z
ChIJbxjqZXxhUjoRGPQMo_TEyFU,Karaikudi Chettinadu Hotel,places,en,164,13.0476073,80.17645505,13.0481058,80.1773111,0,maa2,Chennai,2026-08-31T08:57:20.851891Z
ChIJwa537DphUjoRYwie4mHHxOc,MULLAI SUVAI OOTRU முல்லை சுவை ஊற்று ( short eats & snacks),places,en,164,13.0476073,80.17645505,13.0482439,80.17722739999999,0,maa2,Chennai,2026-08-31T08:57:20.851902Z
ChIJBWDMkDBhUjoR-jyzSVmBH4M,Cylon hotel,places,en,164,13.0476073,80.17645505,13.0483722,80.17715770000001,0,maa2,Chennai,2026-08-31T08:57:20.851907Z
ChIJpSn3DaphUjoRFsQy5OtcIQk,KaaraSaaram Unavagam,places,en,164,13.0476073,80.17645505,13.048249199999999,80.1773781,0,maa2,Chennai,2026-08-31T08:57:20.851911Z
ChIJ4QUMlzBhUjoRg1QXFlNK370,CHENNAI CHICKEN STALL,places,en,164,13.0476073,80.17645505,13.0484925,80.1771763,0,maa2,Chennai,2026-08-31T08:57:20.851914Z
ChIJrePAVjpnUjoRZAbR4B6JNNA,BARREL FISH,places,en,164,13.0476073,80.17645505,13.047991900000001,80.17758359999999,0,maa2,Chennai,2026-08-31T08:57:20.851917Z
ChIJMzVzj5phUjoRFAZxdzVuOV4,U Me & Tea,places,en,164,13.0476073,80.17645505,13.048511800000002,80.1772269,0,maa2,Chennai,2026-08-31T08:57:20.851920Z
ChIJJ8W58J1hUjoRDen1WBaqEfE,chaatstore,places,en,164,13.0476073,80.17645505,13.0483367,80.1774277,0,maa2,Chennai,2026-08-31T08:57:20.851923Z
ChIJ5XllScthUjoR7DZDzY2c5Y4,AKKIKO,places,en,164,13.0476073,80.17645505,13.0483044,80.17745750000002,0,maa2,Chennai,2026-08-31T08:57:20.851926Z
ChIJhzOEyEFhUjoR7z-sXneDHjU,Bismi meat and eat,places,en,164,13.0476073,80.17645505,13.0482407,80.1775332,0,maa2,Chennai,2026-08-31T08:57:20.851929Z
ChIJ3wzyCzphUjoRO-DR9F7foJg,ABLEO'S ELIGHT,places,en,164,13.0476073,80.17645505,13.0489374,80.1760395,0,maa2,Chennai,2026-08-31T08:57:20.851932Z
ChIJyQBqHBxhUjoR4_GsrrH4I6E,Darleo's Delight,places,en,164,13.0476073,80.17645505,13.048988300000001,80.1760213,0,maa2,Chennai,2026-08-31T08:57:20.851934Z
ChIJmd-UUUdhUjoRofTtVHYYTow,The Platter,places,en,164,13.0476073,80.17645505,13.0491479,80.1768796,0,maa2,Chennai,2026-08-31T08:57:20.851937Z
ChIJ88U2vjBhUjoRymWzAU_K17g,ADSHAYAN YAAL SHOP,places,en,164,13.0476073,80.17645505,13.0487788,80.17760179999999,0,maa2,Chennai,2026-08-31T08:57:20.851940Z
ChIJW6CX99FhUjoRadfvthR-7Vs,FOOODY,places,en,164,13.0476073,80.17645505,13.0489074,80.1776399,0,maa2,Chennai,2026-08-31T08:57:20.851943Z
ChIJ87d-JwBhUjoRssUCnXHOXvc,Om Murugan Hotel,places,en,164,13.0476073,80.17645505,13.0492492,80.1775035,0,maa2,Chennai,2026-08-31T08:57:20.851945Z
ChIJaSLZMQBhUjoRoogQicOe5qw,Vanga sappidalam vanga,places,en,164,13.0476073,80.17645505,13.0492467,80.1776101,0,maa2,Chennai,2026-08-31T08:57:20.851948Z
ChIJH1f34khhUjoREoTPSk5iAL4,Kerala homely food,places,en,164,13.0476073,80.17645505,13.0496085,80.1759474,0,maa2,Chennai,2026-08-31T08:57:20.851951Z
ChIJf440aABhUjoRX46kNjPOGXs,KVN veetu sappadu,places,en,164,13.0476073,80.17645505,13.049596999999999,80.177506,0,maa2,Chennai,2026-08-31T08:57:20.851954Z
ChIJzz2YHZJnUjoRCqgDveJ-DwQ,ComboPalate,places,en,165,13.125960500000001,80.24738115,13.1268757,80.2467705,0,maa2,Chennai,2026-08-31T08:57:21.191691Z
ChIJbZH7JZJlUjoRfaOetZ5kvEE,Srivaas Delight Corner,places,en,165,13.125960500000001,80.24738115,13.125019499999999,80.24683069999999,0,maa2,Chennai,2026-08-31T08:57:21.191715Z
ChIJw7WyEwBlUjoROFWZujGavL4,Cafe,places,en,165,13.125960500000001,80.24738115,13.1270391,80.2467511,0,maa2,Chennai,2026-08-31T08:57:21.191720Z
ChIJSSECnqdlUjoRu--Qei2S2IA,Tharagai Hotel,places,en,165,13.125960500000001,80.24738115,13.125697599999999,80.24610609999999,0,maa2,Chennai,2026-08-31T08:57:21.191723Z
ChIJQ3m2oxtlUjoReR7EbwD3rgw,Dunchin Café,places,en,165,13.125960500000001,80.24738115,13.124593299999999,80.2473479,0,maa2,Chennai,2026-08-31T08:57:21.191726Z
ChIJ_5NzU6ZlUjoRhwQlbKTdFP4,New Madras Beef Biryani & Kabab Centre,places,en,165,13.125960500000001,80.24738115,13.125902,80.245895,0,maa2,Chennai,2026-08-31T08:57:21.191729Z
ChIJ79w3M6dlUjoRzMBXmdDvQPs,ஜீவிகா ஸ்டோர்,places,en,165,13.125960500000001,80.24738115,13.125032,80.2488224,0,maa2,Chennai,2026-08-31T08:57:21.191732Z
ChIJhyiXm6dlUjoRnAZ8638Cxsc,Amman Mess,places,en,165,13.125960500000001,80.24738115,13.125769199999999,80.24562449999999,0,maa2,Chennai,2026-08-31T08:57:21.191735Z
ChIJ93tu3bZlUjoRtbevUnwh2Pw,Habibi taste of royals 2,places,en,165,13.125960500000001,80.24738115,13.1262759,80.2492734,0,maa2,Chennai,2026-08-31T08:57:21.191737Z
ChIJTfocLadlUjoR4a4UKDY1Q9Y,Annai Mangalam Hall,places,en,165,13.125960500000001,80.24738115,13.124599199999999,80.248738,0,maa2,Chennai,2026-08-31T08:57:21.191740Z
ChIJZw5TjnVlUjoRmSUt6Xsn7dU,TRISH DESSERT LOUNGE,places,en,165,13.125960500000001,80.24738115,13.1266506,80.2493887,0,maa2,Chennai,2026-08-31T08:57:21.191752Z
ChIJmaxxBgplUjoRbRByVjtdnCQ,AL MADINA BIRYANI CENTER,places,en,165,13.125960500000001,80.24738115,13.1272327,80.24938329999999,0,maa2,Chennai,2026-08-31T08:57:21.191760Z
ChIJL-oINwBlUjoRqe-5qXNzYKg,ZARA BIRYANI,places,en,165,13.125960500000001,80.24738115,13.1238291,80.24827549999999,0,maa2,Chennai,2026-08-31T08:57:21.191763Z
ChIJAbC_OABlUjoRHho9v4W06l0,VR BHAVAN,places,en,165,13.125960500000001,80.24738115,13.1273951,80.24949629999999,0,maa2,Chennai,2026-08-31T08:57:21.191765Z
ChIJu0h5DwplUjoRAAAA0PGfNQ4,Sri Annapurani Hotel And Catering,places,en,165,13.125960500000001,80.24738115,13.127425899999999,80.2496468,0,maa2,Chennai,2026-08-31T08:57:21.191766Z
ChIJ1Q9vUbxlUjoRxaHUZl7KdiM,Between the Breads,places,en,165,13.125960500000001,80.24738115,13.1281643,80.2490142,0,maa2,Chennai,2026-08-31T08:57:21.191768Z
ChIJ11iHqjVnUjoRwRoIqK4MKbs,Epistle-1,places,en,166,12.9894694,80.2527689,12.9906226,80.25312640000001,0,maa2,Chennai,2026-08-31T08:57:21.506937Z
ChIJj66LewBdUjoRYycW-phESkc,Selvi Akka Kadai,places,en,166,12.9894694,80.2527689,12.988124,80.2523631,0,maa2,Chennai,2026-08-31T08:57:21.506945Z
ChIJfeqG0WFdUjoREveOySto8Es,IRCTC FOOD TRACK COMPLEX,places,en,166,12.9894694,80.2527689,12.9897353,80.2512833,0,maa2,Chennai,2026-08-31T08:57:21.506948Z
ChIJs_ND5_ZdUjoRwVGicXNv8rk,Border Deen Protta Stall,places,en,166,12.9894694,80.2527689,12.989070600000002,80.2542989,0,maa2,Chennai,2026-08-31T08:57:21.506952Z
ChIJ22N7ApFdUjoRAixRxFq60D4,Arun's ra3 briyani(chinese special),places,en,166,12.9894694,80.2527689,12.9878976,80.25231869999999,0,maa2,Chennai,2026-08-31T08:57:21.506954Z
ChIJz1TaBhZdUjoRbdxoJc75PmA,Rasanai - Food Club,places,en,166,12.9894694,80.2527689,12.9885208,80.2510582,0,maa2,Chennai,2026-08-31T08:57:21.506956Z
ChIJB3DxxUlnUjoRPkBZUE6JRtY,KAVIYA UNAVAGAM,places,en,166,12.9894694,80.2527689,12.991634399999999,80.2529795,0,maa2,Chennai,2026-08-31T08:57:21.506957Z
ChIJMbwf4qpnUjoRvAxVccyRDgw,Sri Amman Unavagam,places,en,166,12.9894694,80.2527689,12.9916848,80.2529706,0,maa2,Chennai,2026-08-31T08:57:21.506959Z
ChIJbz_zZQBnUjoRfwhXnGYEOEU,Thangam tiffen centre,places,en,166,12.9894694,80.2527689,12.991636399999999,80.2517896,0,maa2,Chennai,2026-08-31T08:57:21.506960Z
ChIJ7xCFDJRdUjoRJWEfedM3K3M,Balaji Canteen,places,en,166,12.9894694,80.2527689,12.989701,80.2503473,0,maa2,Chennai,2026-08-31T08:57:21.506962Z
ChIJ9W2Al55nUjoR7EXqsNk6oG4,Royal Puttu,places,en,166,12.9894694,80.2527689,12.9916477,80.25178989999999,0,maa2,Chennai,2026-08-31T08:57:21.506964Z
ChIJBbrfgVpdUjoRMsBma24hvZ0,Millet Maagic Meal (QSR) - Thiruvanmiyur,places,en,166,12.9894694,80.2527689,12.9879932,80.2546412,0,maa2,Chennai,2026-08-31T08:57:21.506965Z
ChIJf0ozZShdUjoR8KmE_dudq78,PHP Boutique Townhouse,places,en,166,12.9894694,80.2527689,12.988220199999999,80.2548125,0,maa2,Chennai,2026-08-31T08:57:21.506967Z
ChIJe1LFvN9dUjoRh1pp8F7Iawk,MOJO Pizza - 2X Toppings,places,en,166,12.9894694,80.2527689,12.988,80.2547,0,maa2,Chennai,2026-08-31T08:57:21.506968Z
ChIJzeKN0CddUjoRdpX6t-t08m8,BOX8 - India's Largest Desi Meals Brand,places,en,166,12.9894694,80.2527689,12.988,80.2547,0,maa2,Chennai,2026-08-31T08:57:21.506970Z
ChIJ-UEX54pnUjoRaHP0esW33rs,GRANPAS FRESH AND FROZEN FOODS,places,en,166,12.9894694,80.2527689,12.992156999999999,80.2527489,0,maa2,Chennai,2026-08-31T08:57:21.506971Z
ChIJI3G69l9dUjoR3mYhK9vjzdA,Gopi Mess,places,en,166,12.9894694,80.2527689,12.990143000000002,80.25542229999999,0,maa2,Chennai,2026-08-31T08:57:21.506973Z
ChIJR5zn_hhnUjoREopALVQOcs4,Granpa's Kitchen,places,en,166,12.9894694,80.2527689,12.992168500000002,80.252562,0,maa2,Chennai,2026-08-31T08:57:21.506974Z
ChIJRWDyrahnUjoRZ-IYdAt_YDs,Virugai appu Unavagam,places,en,167,13.04460325,80.1892428,13.0447165,80.1894075,0,maa2,Chennai,2026-08-31T08:57:21.816660Z
ChIJK-OtWQBnUjoRp6Cvu35X_b4,CRAWINGS,places,en,167,13.04460325,80.1892428,13.044771299999999,80.18942299999999,0,maa2,Chennai,2026-08-31T08:57:21.816668Z
ChIJP6kKAwBnUjoR-yf31lFB1-0,Papinoice KK Nagar,places,en,167,13.04460325,80.1892428,13.0448113,80.1894269,0,maa2,Chennai,2026-08-31T08:57:21.816671Z
ChIJGVXLMp5nUjoRKdC2AIEbVUg,FLOWERS COOL HUT,places,en,167,13.04460325,80.1892428,13.044501799999999,80.1895308,0,maa2,Chennai,2026-08-31T08:57:21.816673Z
ChIJQX0_lAVnUjoRbNtssD5TFXI,Annapoorani Pure Veg Restaurant,places,en,167,13.04460325,80.1892428,13.045577,80.1892027,0,maa2,Chennai,2026-08-31T08:57:21.816674Z
ChIJv9DvvvNnUjoRn7ce5vKuSZ0,Sm Arafa Chicken Park,places,en,167,13.04460325,80.1892428,13.043571499999999,80.18902770000001,0,maa2,Chennai,2026-08-31T08:57:21.816676Z
ChIJL7vwlO1nUjoR9zlLdeoukMQ,Mad Fries - Virugambakkam,places,en,167,13.04460325,80.1892428,13.0464158,80.18861419999999,0,maa2,Chennai,2026-08-31T08:57:21.816678Z
ChIJiZtp4e5hUjoRzqVrJIp0biU,Luknowi Kebab,places,en,167,13.04460325,80.1892428,13.0464711,80.1887517,0,maa2,Chennai,2026-08-31T08:57:21.816679Z
ChIJP09xEs1mUjoRD_E1EDijcSs,Yadgaar,places,en,167,13.04460325,80.1892428,13.046603099999999,80.18960299999999,0,maa2,Chennai,2026-08-31T08:57:21.816681Z
ChIJu37GGgBnUjoRQ0qgRXssNKQ,Momo Sa-Khang,places,en,167,13.04460325,80.1892428,13.042596,80.18986699999999,0,maa2,Chennai,2026-08-31T08:57:21.816682Z
ChIJjefnjYxhUjoR_WIucSfnZLo,Waffle Cart virugambakkam,places,en,167,13.04460325,80.1892428,13.0467278,80.1903787,0,maa2,Chennai,2026-08-31T08:57:21.816684Z
ChIJ12_CBdNmUjoRkLCC9c39lOE,Qbar Juice Shop,places,en,167,13.04460325,80.1892428,13.042257,80.1898554,0,maa2,Chennai,2026-08-31T08:57:21.816685Z
ChIJgxSVaPJhUjoR6HstjiS8j4w,KFC,places,en,167,13.04460325,80.1892428,13.0453611,80.1868211,0,maa2,Chennai,2026-08-31T08:57:21.816687Z
ChIJgTIRhxFnUjoRePGcA0i2u3E,Sangeetha's Desi Mané - Virugambakkam,places,en,167,13.04460325,80.1892428,13.046748599999999,80.1906891,0,maa2,Chennai,2026-08-31T08:57:21.816689Z
ChIJldSBujJhUjoR-uHYmUiU8dU,Sreena fast food,places,en,167,13.04460325,80.1892428,13.0456781,80.1868056,0,maa2,Chennai,2026-08-31T08:57:21.816690Z
ChIJT4teuC1nUjoRSixIIMoBU_I,Meenu softy icecream,places,en,167,13.04460325,80.1892428,13.046978699999999,80.1902866,0,maa2,Chennai,2026-08-31T08:57:21.816692Z
ChIJdVFiOrBnUjoRkF4WrtcuQfs,Happili Foods,places,en,167,13.04460325,80.1892428,13.0470068,80.19034839999999,0,maa2,Chennai,2026-08-31T08:57:21.816693Z
ChIJTw-Ywd5nUjoRqmmITO-5Sj8,MADRAS MOMOS| STREET FOOD FACTORY,places,en,167,13.04460325,80.1892428,13.047036499999999,80.1903171,0,maa2,Chennai,2026-08-31T08:57:21.816695Z
ChIJZeH9F-xnUjoRJgNYL6HDFrY,CHAS AND JEE'S,places,en,167,13.04460325,80.1892428,13.0470907,80.19023829999999,0,maa2,Chennai,2026-08-31T08:57:21.816696Z
ChIJMbkDfgBdUjoRRN34Yab0bJI,Puzhuthivakkam Food Street,places,en,168,12.974821649999999,80.2067828,12.9761765,80.2063627,0,maa2,Chennai,2026-08-31T08:57:22.221542Z
ChIJ_7NFOgBdUjoRZ1YC2oDUTi0,Time Pass Snack,places,en,168,12.974821649999999,80.2067828,12.976319499999999,80.20636669999999,0,maa2,Chennai,2026-08-31T08:57:22.221552Z
ChIJMyDMYgBdUjoRhgdKrELYuJk,Puzhudhivakkam,places,en,168,12.974821649999999,80.2067828,12.9763799,80.20678649999999,0,maa2,Chennai,2026-08-31T08:57:22.221554Z
ChIJ_zBxNgBdUjoRw6uv-cD_6Z8,Smoked BBQ Taxi Puzhuthivakkam,places,en,168,12.974821649999999,80.2067828,12.9763285,80.20635970000001,0,maa2,Chennai,2026-08-31T08:57:22.221555Z
ChIJ4w9YTU1dUjoR6qt9EKVbXIM,Cafe untitled (foodie's atti),places,en,169,12.974322749999999,80.1935125,12.9749333,80.19431399999999,0,maa2,Chennai,2026-08-31T08:57:22.551042Z
ChIJfycMZQBdUjoRz-2u44c257E,Hi-fi Biryani centre,places,en,169,12.974322749999999,80.1935125,12.9747497,80.19240049999999,0,maa2,Chennai,2026-08-31T08:57:22.551050Z
ChIJBTWbX49dUjoR3K9SB6f6Dr4,Sri Sashti Cafe,places,en,169,12.974322749999999,80.1935125,12.9745451,80.1922841,0,maa2,Chennai,2026-08-31T08:57:22.551052Z
ChIJySDdZVJdUjoRUrK9KZEIKSE,Bismi biriyani,places,en,169,12.974322749999999,80.1935125,12.9741203,80.1921443,0,maa2,Chennai,2026-08-31T08:57:22.551054Z
ChIJv3sriohdUjoRHAARkeZGb7M,Bargathullah Biriyani,places,en,169,12.974322749999999,80.1935125,12.9730866,80.192832,0,maa2,Chennai,2026-08-31T08:57:22.551056Z
ChIJb6fndeNdUjoR0kn2dCKoevM,Sri Iyyanar Chettinadu Hotel,places,en,169,12.974322749999999,80.1935125,12.9739033,80.19203480000002,0,maa2,Chennai,2026-08-31T08:57:22.551057Z
ChIJnQZSqr1dUjoRQRjIBaemKIo,Biriyani.Com,places,en,169,12.974322749999999,80.1935125,12.9756608,80.19279310000002,0,maa2,Chennai,2026-08-31T08:57:22.551059Z
ChIJzeYCl0ZdUjoRhL3h_WWEOPk,Aksharas Veg Restaurant,places,en,169,12.974322749999999,80.1935125,12.9758348,80.1926082,0,maa2,Chennai,2026-08-31T08:57:22.551060Z
ChIJa1W4YIJdUjoReG1tTFwJWDM,PS KITCHEN,places,en,169,12.974322749999999,80.1935125,12.973950499999999,80.19167259999999,0,maa2,Chennai,2026-08-31T08:57:22.551062Z
ChIJdyIB81lnUjoRYf8DvfCuhBo,JTM AMBUR BIRIYANI,places,en,169,12.974322749999999,80.1935125,12.9733889,80.1916669,0,maa2,Chennai,2026-08-31T08:57:22.551063Z
ChIJIXhA_eRdUjoR3lrrWP_1Y_c,Aarur Foods,places,en,169,12.974322749999999,80.1935125,12.9745718,80.1958226,0,maa2,Chennai,2026-08-31T08:57:22.551064Z
ChIJt---UABdUjoRU0KTJJgevsA,DK Al Rahim Pakoda Stall,places,en,169,12.974322749999999,80.1935125,12.972983099999999,80.19152609999999,0,maa2,Chennai,2026-08-31T08:57:22.551066Z
ChIJ618CVitdUjoRuLVaGlY6ARo,Thomas K,places,en,169,12.974322749999999,80.1935125,12.972800099999999,80.1913587,0,maa2,Chennai,2026-08-31T08:57:22.551067Z
ChIJj2RM7WVdUjoRoIOKyhbeJrw,Shawarma Twist Ullagaram,places,en,169,12.974322749999999,80.1935125,12.9769013,80.1933755,0,maa2,Chennai,2026-08-31T08:57:22.551069Z
ChIJ76bpvuNdUjoR9PKYeuzNhro,Alif Biriyani Malaysian Variety Parotta,places,en,169,12.974322749999999,80.1935125,12.9727334,80.19138559999999,0,maa2,Chennai,2026-08-31T08:57:22.551070Z
ChIJw_1rdABdUjoRhoO2xXQhJMA,Biryani Twist,places,en,169,12.974322749999999,80.1935125,12.976951000000001,80.1933998,0,maa2,Chennai,2026-08-31T08:57:22.551071Z
ChIJHZvrAmxlUjoRKLuCvtnw53E,Madurai Sri Muniyandi Vilas,places,en,170,13.1188666,80.2311163,13.119652799999999,80.2311352,0,maa2,Chennai,2026-08-31T08:57:22.849713Z
ChIJ75t7EWdlUjoRY9tuXVP0cvI,Tower Burger,places,en,170,13.1188666,80.2311163,13.1186171,80.2319042,0,maa2,Chennai,2026-08-31T08:57:22.849724Z
ChIJ-UZkM1NkUjoRJkLFbOSdycg,பக்கிரா பாஸ்ட்புட்,places,en,170,13.1188666,80.2311163,13.1187556,80.23201619999999,0,maa2,Chennai,2026-08-31T08:57:22.849727Z
ChIJb6hDMsxlUjoRJhOniGr7cIo,TASTY FAST FOOD,places,en,170,13.1188666,80.2311163,13.119769300000002,80.23093449999999,0,maa2,Chennai,2026-08-31T08:57:22.849729Z
ChIJgZE9aFNkUjoR_5eDXm8hjmQ,SUNSET CHINESE FOOD,places,en,170,13.1188666,80.2311163,13.1197106,80.2306787,0,maa2,Chennai,2026-08-31T08:57:22.849730Z
ChIJ3yyfn6tlUjoR5wNCo_vceJw,Hotel Nithya shree,places,en,170,13.1188666,80.2311163,13.1192016,80.2320484,0,maa2,Chennai,2026-08-31T08:57:22.849732Z
ChIJE7mT0kVlUjoRTRVQ45cDYSA,Bhai Appam Kadai,places,en,170,13.1188666,80.2311163,13.118548899999999,80.2320846,0,maa2,Chennai,2026-08-31T08:57:22.849733Z
ChIJy-Dpg81lUjoRaSUix-QMnhk,DHURU'S CAFE,places,en,170,13.1188666,80.2311163,13.118929,80.2322373,0,maa2,Chennai,2026-08-31T08:57:22.849734Z
ChIJ2_rbN3ZlUjoRxgcGq9xk2KM,VILLAGE MILK - Sriperumbudur,places,en,170,13.1188666,80.2311163,13.1190196,80.2322533,0,maa2,Chennai,2026-08-31T08:57:22.849736Z
ChIJlQzcTFNkUjoRsMicGseDcyk,Chatpata Chat House,places,en,170,13.1188666,80.2311163,13.1196503,80.23206429999999,0,maa2,Chennai,2026-08-31T08:57:22.849737Z
ChIJHZEo-d5lUjoRB9t3MtHYVOQ,HONEST CAFE T.V.K NAGAR,places,en,170,13.1188666,80.2311163,13.119649599999999,80.23216939999999,0,maa2,Chennai,2026-08-31T08:57:22.849739Z
ChIJzfRYKlNkUjoRgcjlFyF8AQg,Rusi Fast Food,places,en,170,13.1188666,80.2311163,13.1178361,80.2319516,0,maa2,Chennai,2026-08-31T08:57:22.849740Z
ChIJM1h8LmdlUjoR-vcO8Jsbfpw,R R Salem Biriyani,places,en,170,13.1188666,80.2311163,13.119508800000002,80.2323325,0,maa2,Chennai,2026-08-31T08:57:22.849741Z
ChIJO0D3FkBlUjoRtR-PTVdvDDI,The Skanda Spot,places,en,170,13.1188666,80.2311163,13.1197901,80.2300576,0,maa2,Chennai,2026-08-31T08:57:22.849743Z
ChIJG9RGvDxlUjoR51KsYYQq0_I,GREEN PEPPER,places,en,170,13.1188666,80.2311163,13.117567399999999,80.2319993,0,maa2,Chennai,2026-08-31T08:57:22.849744Z
ChIJOVNX8x9lUjoRWxp-LkV2uO4,BHARADHI MESS,places,en,170,13.1188666,80.2311163,13.119931399999999,80.2323419,0,maa2,Chennai,2026-08-31T08:57:22.849745Z
ChIJ0yeMLFNkUjoRPr9e1I-5mWk,Annai Hot Chips,places,en,170,13.1188666,80.2311163,13.117357499999999,80.2316968,0,maa2,Chennai,2026-08-31T08:57:22.849747Z
ChIJD7n5rKxlUjoRI_DcYWasVJ4,Lalitha Tea & Tiffin Centre,places,en,170,13.1188666,80.2311163,13.1200849,80.2322604,0,maa2,Chennai,2026-08-31T08:57:22.849748Z
ChIJpYx4HeNdUjoRXKH3tOMLJgU,SRI MURUGA TEA STALL,places,en,171,12.98460635,80.19927985,12.9847716,80.1999364,0,maa2,Chennai,2026-08-31T08:57:23.241429Z
ChIJ5XOZdPddUjoRQjVpgWU4PH0,ANNAI FOODS,places,en,171,12.98460635,80.19927985,12.9851362,80.1999329,0,maa2,Chennai,2026-08-31T08:57:23.241438Z
ChIJs2m-IwBdUjoR0fP8BytfZEM,Seasoned cafe,places,en,171,12.98460635,80.19927985,12.984862399999999,80.20085879999999,0,maa2,Chennai,2026-08-31T08:57:23.241441Z
ChIJNTpaWQBdUjoRi8yvMBJPEgI,Century,places,en,171,12.98460635,80.19927985,12.9842786,80.2009377,0,maa2,Chennai,2026-08-31T08:57:23.241443Z
ChIJJwd0PqZdUjoRXFWcSiqPvXE,"Vincent's Corner Benny's Stationery, Juice & Snacks",places,en,171,12.98460635,80.19927985,12.9845443,80.2010117,0,maa2,Chennai,2026-08-31T08:57:23.241445Z
ChIJNV1RiPddUjoRPptN5SDCjUo,Speciality Foods,places,en,171,12.98460635,80.19927985,12.986339,80.1988022,0,maa2,Chennai,2026-08-31T08:57:23.241447Z
ChIJsxzxbwBdUjoRmk5nSiJw_TQ,Sri Vijayalakshmi Caterers Adambakkam,places,en,171,12.98460635,80.19927985,12.9864399,80.198818,0,maa2,Chennai,2026-08-31T08:57:23.241449Z
ChIJ7w5ER-tdUjoRMfRQ_hRXUz4,Twist&Taste,places,en,171,12.98460635,80.19927985,12.984197000000002,80.1973687,0,maa2,Chennai,2026-08-31T08:57:23.241450Z
ChIJZy_atLFdUjoRftLrs_Z8mgY,KEERTHANA cool bar,places,en,171,12.98460635,80.19927985,12.9851219,80.1973778,0,maa2,Chennai,2026-08-31T08:57:23.241452Z
ChIJ6S2hwPldUjoRQC59ILuzZ2Q,Hotel MADURAI MEENATCHI,places,en,171,12.98460635,80.19927985,12.9842783,80.1972835,0,maa2,Chennai,2026-08-31T08:57:23.241454Z
ChIJt6G3AAtdUjoRmKIIPmsTgoQ,Kurinji Unavagam(veg food),places,en,171,12.98460635,80.19927985,12.985673499999999,80.2010924,0,maa2,Chennai,2026-08-31T08:57:23.241455Z
ChIJhZPHdeNdUjoRmAHytSZoMZk,Kaalai Sitrundi,places,en,171,12.98460635,80.19927985,12.9829779,80.200606,0,maa2,Chennai,2026-08-31T08:57:23.241457Z
ChIJjwlpMABdUjoRKfL10YFNNz8,Ritu Home made Momos Centre,places,en,171,12.98460635,80.19927985,12.9858181,80.2011198,0,maa2,Chennai,2026-08-31T08:57:23.241459Z
ChIJa3QoBMtdUjoRCWZY0TqxRWE,HOTEL ARUNACHALAM,places,en,171,12.98460635,80.19927985,12.9839007,80.1968237,0,maa2,Chennai,2026-08-31T08:57:23.241461Z
ChIJcR4g4PZdUjoREhdqr4YnPlY,Vishakan Restaurant,places,en,171,12.98460635,80.19927985,12.9856764,80.2016893,0,maa2,Chennai,2026-08-31T08:57:23.241463Z
ChIJoRYTKl5dUjoRML4ymvqZLx8,HOTEL GIANNA,places,en,171,12.98460635,80.19927985,12.9864242,80.20117900000001,0,maa2,Chennai,2026-08-31T08:57:23.241465Z
ChIJ_fbxlT5dUjoRWFEy3gVKdjI,Mid Night Bros Biriyani,places,en,171,12.98460635,80.19927985,12.982389,80.19775729999999,0,maa2,Chennai,2026-08-31T08:57:23.241466Z
ChIJoT-G1LJlUjoR9phGrUKFd1o,Balaji Bhavan Perambur,places,en,172,13.11473365,80.24835235,13.1150521,80.2479548,0,maa2,Chennai,2026-08-31T08:57:23.586948Z
ChIJB-WDvgFlUjoRWVx6xY-ZKh4,FOODLAND Restaurant,places,en,172,13.11473365,80.24835235,13.114948900000002,80.2478512,0,maa2,Chennai,2026-08-31T08:57:23.586955Z
ChIJ666sU7tlUjoR6EATb2seoLU,Sri Venkateshwara Hot Chips,places,en,172,13.11473365,80.24835235,13.1152863,80.2483386,0,maa2,Chennai,2026-08-31T08:57:23.586957Z
ChIJPeFXOQBlUjoRiYZRHghJFZc,Delhi Malai Chaap,places,en,172,13.11473365,80.24835235,13.114323299999999,80.2480183,0,maa2,Chennai,2026-08-31T08:57:23.586958Z
ChIJg_lEAQBlUjoRTxVWuMKJ2Ts,AL ALIF KEBAB CENTER,places,en,172,13.11473365,80.24835235,13.114323299999999,80.2480183,0,maa2,Chennai,2026-08-31T08:57:23.586960Z
ChIJxRT31rJlUjoReNP86wovSW8,HOTEL DIVYA,places,en,172,13.11473365,80.24835235,13.115273799999999,80.2477674,0,maa2,Chennai,2026-08-31T08:57:23.586961Z
ChIJ9eqgETxlUjoReroYwF7WuU0,Arun Pani Poori Shop,places,en,172,13.11473365,80.24835235,13.114198,80.247689,0,maa2,Chennai,2026-08-31T08:57:23.586962Z
ChIJI_DcabtlUjoRUDdWkEnT8Ik,J Food Center,places,en,172,13.11473365,80.24835235,13.1140116,80.2479153,0,maa2,Chennai,2026-08-31T08:57:23.586964Z
ChIJEbg7wMRlUjoRvwRQito6ia4,Namira Burma Foods,places,en,172,13.11473365,80.24835235,13.1139975,80.247903,0,maa2,Chennai,2026-08-31T08:57:23.586965Z
ChIJ2xlHabtlUjoRkc9A3i-ZKO0,Chennai Foods,places,en,172,13.11473365,80.24835235,13.113750999999999,80.24789299999999,0,maa2,Chennai,2026-08-31T08:57:23.586966Z
ChIJ00_Ya7tlUjoRByorOdrqIb8,வி.எஸ் ஃபாஸ்ட் புட் & ஹோட்டல்,places,en,172,13.11473365,80.24835235,13.1138222,80.2477187,0,maa2,Chennai,2026-08-31T08:57:23.586968Z
ChIJUX_dRbtlUjoRh4wf4H2xGBY,V S Chinese Kitchen Hotel,places,en,172,13.11473365,80.24835235,13.1137347,80.24785779999999,0,maa2,Chennai,2026-08-31T08:57:23.586969Z
ChIJo-O3brtlUjoRk4JA2fiDuws,RAJ CHAT HOUSE,places,en,172,13.11473365,80.24835235,13.1136444,80.2479369,0,maa2,Chennai,2026-08-31T08:57:23.586970Z
ChIJ_6MHHgBlUjoRHXM0DAbIaZg,CraveBox,places,en,172,13.11473365,80.24835235,13.1135121,80.2481293,0,maa2,Chennai,2026-08-31T08:57:23.586971Z
ChIJ6xH5VHdlUjoRvcGNsVLBx88,Kasi Paaya kadai,places,en,172,13.11473365,80.24835235,13.1136556,80.24770099999999,0,maa2,Chennai,2026-08-31T08:57:23.586973Z
ChIJmbL0TgBlUjoRQnpLlrTfF0Y,Vadivel Main Street,places,en,172,13.11473365,80.24835235,13.113520000000001,80.247833,0,maa2,Chennai,2026-08-31T08:57:23.586974Z
ChIJ1zFSPb9lUjoRoOg7qN54IUE,Red Cart Reviving,places,en,172,13.11473365,80.24835235,13.114187,80.247028,0,maa2,Chennai,2026-08-31T08:57:23.586975Z
ChIJQWY7gollUjoR1SfqD9grtB0,ANNAI FAST FOOD,places,en,172,13.11473365,80.24835235,13.115655199999999,80.2468367,0,maa2,Chennai,2026-08-31T08:57:23.586976Z
ChIJ60mxcQBlUjoR_Ah9Jao5OcU,107 Cup Stories,places,en,172,13.11473365,80.24835235,13.115470499999999,80.2467235,0,maa2,Chennai,2026-08-31T08:57:23.586978Z
ChIJoVdQqGZlUjoRoDcnvEYn0Dc,Aroma Pani-puri & Atho,places,en,172,13.11473365,80.24835235,13.1156717,80.2499041,0,maa2,Chennai,2026-08-31T08:57:23.586979Z
ChIJ20dnx71lUjoR_TJKoTGvSxc,Saravana Way Restaurant,places,en,173,13.11200885,80.25101434999999,13.1113512,80.2526006,0,maa2,Chennai,2026-08-31T08:57:23.899555Z
ChIJl_fyrEJlUjoR48WTbHZPH6s,Sri Bhavani Hotel perambur,places,en,173,13.11200885,80.25101434999999,13.111382899999999,80.2526231,0,maa2,Chennai,2026-08-31T08:57:23.899563Z
ChIJ4XtGA71lUjoRrX-l-9hbUkw,New Modern Chips,places,en,173,13.11200885,80.25101434999999,13.1134931,80.25199479999999,0,maa2,Chennai,2026-08-31T08:57:23.899566Z
ChIJj0lyhLxlUjoRqsR8mC_WBGM,வேலன் உணவகம்,places,en,173,13.11200885,80.25101434999999,13.1131348,80.2492422,0,maa2,Chennai,2026-08-31T08:57:23.899568Z
ChIJ-9KETwBlUjoRjyfI6dZ8Rbk,Hot Idly Point,places,en,173,13.11200885,80.25101434999999,13.111972199999999,80.2486667,0,maa2,Chennai,2026-08-31T08:57:23.899570Z
ChIJjfhpawBlUjoR9Ba7tdKpKT8,Shobha Garden,places,en,173,13.11200885,80.25101434999999,13.114256200000002,80.25040729999999,0,maa2,Chennai,2026-08-31T08:57:23.899572Z
ChIJ4ZkwcrxlUjoR-mGDQDngrMY,Om Sai Ram Chips & Snacks,places,en,173,13.11200885,80.25101434999999,13.112024,80.2483737,0,maa2,Chennai,2026-08-31T08:57:23.899574Z
ChIJrdTdvaVlUjoR1pVZ9cXyPMA,Nights Only MidNight Food And Juice,places,en,174,13.1145636,80.25783200000001,13.115102799999999,80.25805559999999,0,maa2,Chennai,2026-08-31T08:57:24.279004Z
ChIJSxAiH5dlUjoRp4sBJSt4ChU,M S TIFFIN CENTRE,places,en,174,13.1145636,80.25783200000001,13.113259200000002,80.25835099999999,0,maa2,Chennai,2026-08-31T08:57:24.279014Z
ChIJ1_gb9QRlUjoRDN_-Z63QoS8,Mee bow,places,en,174,13.1145636,80.25783200000001,13.1139952,80.2564091,0,maa2,Chennai,2026-08-31T08:57:24.279018Z
ChIJmXaCB69lUjoRp4BGfDvSfqo,Naan Rotti Shop,places,en,174,13.1145636,80.25783200000001,13.1161227,80.2576519,0,maa2,Chennai,2026-08-31T08:57:24.279020Z
ChIJmSY1QABlUjoR6eh78mmEKMA,Professor Roll,places,en,174,13.1145636,80.25783200000001,13.114637,80.25619499999999,0,maa2,Chennai,2026-08-31T08:57:24.279022Z
ChIJRWVpekNlUjoRkgCzKxd4PPY,Maazi Cafe - Perambur,places,en,174,13.1145636,80.25783200000001,13.1131518,80.25702319999999,0,maa2,Chennai,2026-08-31T08:57:24.279024Z
ChIJEVDVAwBlUjoRMptvvyY1Hqw,Burma naan rotti,places,en,174,13.1145636,80.25783200000001,13.115793,80.25670509999999,0,maa2,Chennai,2026-08-31T08:57:24.279027Z
ChIJ31rprZdlUjoRCkP_HPa4JRA,For Us Kitchen,places,en,174,13.1145636,80.25783200000001,13.113232499999999,80.2565691,0,maa2,Chennai,2026-08-31T08:57:24.279029Z
ChIJUVPisJdlUjoRALfVwfEruDw,UMME BRIYANI & KABAB,places,en,174,13.1145636,80.25783200000001,13.113534,80.2562688,0,maa2,Chennai,2026-08-31T08:57:24.279031Z
ChIJ0Xk8AW9lUjoRHvEjQNUNnqo,AAVIN MILK PARLOUR,places,en,174,13.1145636,80.25783200000001,13.113332999999999,80.2563795,0,maa2,Chennai,2026-08-31T08:57:24.279033Z
ChIJWVckXz9lUjoRL2uUcpTF3sU,Cake Pot,places,en,174,13.1145636,80.25783200000001,13.1154677,80.2560233,0,maa2,Chennai,2026-08-31T08:57:24.279035Z
ChIJo1mPt5dlUjoRnh-s7sg3zrU,Allah Masa Biryani Centre,places,en,174,13.1145636,80.25783200000001,13.1136734,80.2559986,0,maa2,Chennai,2026-08-31T08:57:24.279037Z
ChIJM2XnipdlUjoRrPmIBHrxsvI,T L Delicius Fast Food,places,en,174,13.1145636,80.25783200000001,13.115533099999999,80.2559363,0,maa2,Chennai,2026-08-31T08:57:24.279039Z
ChIJhUeuXwBlUjoRA9Y3saKWTBk,BABA KKK ATHO SHOP,places,en,174,13.1145636,80.25783200000001,13.116209399999999,80.2565113,0,maa2,Chennai,2026-08-31T08:57:24.279042Z
ChIJQwWP52ZlUjoRYfC1i6aepVg,Ranjini Foods,places,en,174,13.1145636,80.25783200000001,13.1162806,80.2565304,0,maa2,Chennai,2026-08-31T08:57:24.279044Z
ChIJcZZEx5dlUjoR1X4NOtgQQAo,DJ FOOD CENTRE,places,en,174,13.1145636,80.25783200000001,13.1138753,80.2557612,0,maa2,Chennai,2026-08-31T08:57:24.279046Z
ChIJS5dWphVlUjoR0QyYEX85AVs,The Naan Stop by AK FOODS,places,en,174,13.1145636,80.25783200000001,13.1161302,80.2563171,0,maa2,Chennai,2026-08-31T08:57:24.279048Z
ChIJja3_CbFlUjoRceNYDFVy77o,Balaji tiffin center (burma naan rotti Shop),places,en,174,13.1145636,80.25783200000001,13.1164729,80.25905829999999,0,maa2,Chennai,2026-08-31T08:57:24.279050Z
ChIJ0SzDGABlUjoRtf0vfypoHbs,Hotel nandhini,places,en,174,13.1145636,80.25783200000001,13.113923999999999,80.2555551,0,maa2,Chennai,2026-08-31T08:57:24.279052Z
ChIJK_JBiZJlUjoRh9o9SRF8Zds,Mada fast food,places,en,174,13.1145636,80.25783200000001,13.1163911,80.25635090000002,0,maa2,Chennai,2026-08-31T08:57:24.279054Z
ChIJWXDqwpBlUjoRZWsModd34dY,PARVEEN FAST FOOD,places,en,175,13.11352685,80.26125095,13.113958199999999,80.2612585,0,maa2,Chennai,2026-08-31T08:57:24.602586Z
ChIJ6VOQswtlUjoRXyWfP-oEGrs,We Fry,places,en,175,13.11352685,80.26125095,13.1131551,80.26161239999999,0,maa2,Chennai,2026-08-31T08:57:24.602595Z
ChIJ34bULJdlUjoRpBRYXPU8Gpw,HEAVENLY EATS,places,en,175,13.11352685,80.26125095,13.113619,80.2600833,0,maa2,Chennai,2026-08-31T08:57:24.602598Z
ChIJ3Zm8KANlUjoR6NuK-_XFOxk,Deen Chicken & Mutton Center,places,en,175,13.11352685,80.26125095,13.1141875,80.2623832,0,maa2,Chennai,2026-08-31T08:57:24.602600Z
ChIJv7edfullUjoRhqYN6-h7zaw,Nithiya Tea Stall,places,en,175,13.11352685,80.26125095,13.1132964,80.25979219999999,0,maa2,Chennai,2026-08-31T08:57:24.602602Z
ChIJAeQhJcplUjoRqhCXfwuenwg,Hiba Kebab Center,places,en,175,13.11352685,80.26125095,13.1154486,80.26095939999999,0,maa2,Chennai,2026-08-31T08:57:24.602604Z
ChIJXRJVy71lUjoRqQ7Wma7AjWY,Hotel Annapoorani,places,en,175,13.11352685,80.26125095,13.114028600000001,80.2633714,0,maa2,Chennai,2026-08-31T08:57:24.602606Z
ChIJn7CrWpBlUjoROIPPFmEszbE,OM SRI SAI BAVAN,places,en,175,13.11352685,80.26125095,13.113939799999999,80.2634795,0,maa2,Chennai,2026-08-31T08:57:24.602608Z
ChIJ7y81u-BlUjoRY6V1OqHBmE8,M.m garden no/189 Ganesha Puram viyasarpadi,places,en,175,13.11352685,80.26125095,13.1114204,80.2599901,0,maa2,Chennai,2026-08-31T08:57:24.602610Z
ChIJlRzWwRxlUjoRoD4ezU4HWCQ,Mamu Kadai Biryani,places,en,175,13.11352685,80.26125095,13.1142223,80.26363239999999,0,maa2,Chennai,2026-08-31T08:57:24.602612Z
ChIJDSJMbNNlUjoRO6IPSU99Lk4,Maja Biriyani,places,en,175,13.11352685,80.26125095,13.1136924,80.26377719999999,0,maa2,Chennai,2026-08-31T08:57:24.602613Z
ChIJ89pVNyZnUjoRpBvSC74PCpc,SS Food Court,places,en,176,13.0605332,80.23099305,13.0611014,80.230464,0,maa2,Chennai,2026-08-31T08:57:24.908031Z
ChIJUxrk0k5nUjoRYV65FuaelZk,SRIMATHI KARAIKUDI CHETTINAD RESTAURANT,places,en,176,13.0605332,80.23099305,13.0612639,80.230265,0,maa2,Chennai,2026-08-31T08:57:24.908039Z
ChIJtSj3YBxnUjoRCE99ZY2AJ1M,Hotel Sri Mathi,places,en,176,13.0605332,80.23099305,13.0612686,80.2302672,0,maa2,Chennai,2026-08-31T08:57:24.908041Z
ChIJTT3laIpmUjoRQVftzt4MJ30,Sri Balaji Fast Food & Tiffin Centre,places,en,176,13.0605332,80.23099305,13.0615527,80.230875,0,maa2,Chennai,2026-08-31T08:57:24.908043Z
ChIJV0veRopmUjoRY8N5oCpTjxw,VELSWAMY HOTEL,places,en,176,13.0605332,80.23099305,13.0619164,80.2303082,0,maa2,Chennai,2026-08-31T08:57:24.908046Z
ChIJIaby9opmUjoRLynj6RxnQVk,Amma Mess,places,en,176,13.0605332,80.23099305,13.0619524,80.2303079,0,maa2,Chennai,2026-08-31T08:57:24.908048Z
ChIJGSq0FBZnUjoRXNkcVcLDMSo,Ramanujam Street Choolaimedu,places,en,176,13.0605332,80.23099305,13.061800999999999,80.22960859999999,0,maa2,Chennai,2026-08-31T08:57:24.908050Z
ChIJHw8mm-ZnUjoRDKzV65rljPY,Sri Ramachandra Lunch Home,places,en,176,13.0605332,80.23099305,13.062299699999999,80.23016360000001,0,maa2,Chennai,2026-08-31T08:57:24.908052Z
ChIJi8I6d3FnUjoR5D4XUTQs4-Y,Ragavi,places,en,176,13.0605332,80.23099305,13.0626705,80.230428,0,maa2,Chennai,2026-08-31T08:57:24.908053Z
ChIJG7mPPIpmUjoRF0tyPUQLMtQ,R.M.A.Rahmathulla Khan's Burma foods,places,en,176,13.0605332,80.23099305,13.062708899999999,80.2304436,0,maa2,Chennai,2026-08-31T08:57:24.908055Z
ChIJ1bSePIpmUjoRYlzzUc12ZnE,Sastha Tiffin Center,places,en,176,13.0605332,80.23099305,13.062713899999999,80.23043059999999,0,maa2,Chennai,2026-08-31T08:57:24.908057Z
ChIJ3-kkyqlnUjoRIi_k8UriyGc,Sri Sai Surekha Andhra Mess,places,en,176,13.0605332,80.23099305,13.0627683,80.2302977,0,maa2,Chennai,2026-08-31T08:57:24.908058Z
ChIJfXOHG8RnUjoRUmsf0GYBgM8,Cuppa Chaai,places,en,176,13.0605332,80.23099305,13.0628701,80.23058639999999,0,maa2,Chennai,2026-08-31T08:57:24.908060Z
ChIJ8W0uDY1mUjoR0EX0thRd7ZY,INDIAN KABAB,places,en,176,13.0605332,80.23099305,13.0629055,80.230578,0,maa2,Chennai,2026-08-31T08:57:24.908062Z
ChIJsduL4zJnUjoRdaXfmaJGVtY,WAFFLE DREAMS,places,en,178,13.04943355,80.2230123,13.049404599999999,80.22145379999999,0,maa2,Chennai,2026-08-31T08:57:25.660853Z
ChIJvayzafBmUjoR3RfU-FecvqE,Aboorvan Hot & Snacks,places,en,178,13.04943355,80.2230123,13.047459,80.22290129999999,0,maa2,Chennai,2026-08-31T08:57:25.660862Z
ChIJPfzsKQBnUjoRyPA7qR2Auyg,Ningaloo nikaloo kebab centre,places,en,178,13.04943355,80.2230123,13.0477051,80.22199499999999,0,maa2,Chennai,2026-08-31T08:57:25.660865Z
ChIJ5zjIVQJnUjoREXMzzJjl8Ck,HOTEL AL AARAF,places,en,178,13.04943355,80.2230123,13.0510396,80.2217859,0,maa2,Chennai,2026-08-31T08:57:25.660867Z
ChIJN6HJLOlnUjoRY1VsZOHgWiw,Smoke Barbeque,places,en,178,13.04943355,80.2230123,13.0476794,80.22198929999999,0,maa2,Chennai,2026-08-31T08:57:25.660869Z
ChIJp8mliPFmUjoRJV8VAJgv1BE,Sai Idly/ Dhosai Mavu Kadai,places,en,178,13.04943355,80.2230123,13.051561,80.2230422,0,maa2,Chennai,2026-08-31T08:57:25.660871Z
ChIJ5WxT8PFmUjoRHrTUfQLJXD8,tulsi,places,en,178,13.04943355,80.2230123,13.0512564,80.2218414,0,maa2,Chennai,2026-08-31T08:57:25.660873Z
ChIJ2fZjIvBmUjoRqRtlQ5SElS4,Geethanjali Tiffin Centre & Fast Food,places,en,178,13.04943355,80.2230123,13.0476111,80.22149879999999,0,maa2,Chennai,2026-08-31T08:57:25.660874Z
ChIJ12Rs9_FmUjoRFwDV1mfHXvU,Mumbai Chats,places,en,178,13.04943355,80.2230123,13.051573,80.221805,0,maa2,Chennai,2026-08-31T08:57:25.660876Z
ChIJkcjDjvBmUjoRn4nlyupdC1k,M S M Tiffen And Fast Food,places,en,178,13.04943355,80.2230123,13.0471635,80.2241883,0,maa2,Chennai,2026-08-31T08:57:25.660878Z
ChIJQXjQim9nUjoRf_0PCmM9rjI,Soups20,places,en,178,13.04943355,80.2230123,13.0517649,80.2218578,0,maa2,Chennai,2026-08-31T08:57:25.660880Z
ChIJ322L8-tnUjoRDJvaaMHnOmg,Dosa Bhavan,places,en,178,13.04943355,80.2230123,13.047903,80.22076969999999,0,maa2,Chennai,2026-08-31T08:57:25.660882Z
ChIJO0r0VABhUjoRiP6gsD7doMY,Vampires kitchen,places,en,179,13.0277557,80.17849175,13.0285984,80.1782025,0,maa2,Chennai,2026-08-31T08:57:25.962950Z
ChIJzX2fvKNhUjoRD-pGsrjRFNQ,Cold Story,places,en,179,13.0277557,80.17849175,13.0286523,80.1782656,0,maa2,Chennai,2026-08-31T08:57:25.962960Z
ChIJE5WOfPVnUjoRuoAGWj-X7-4,Chill Cafe,places,en,179,13.0277557,80.17849175,13.0287042,80.1781967,0,maa2,Chennai,2026-08-31T08:57:25.962962Z
ChIJ-83mGUVhUjoReU6M6r6MTt8,Amman hotel,places,en,179,13.0277557,80.17849175,13.028189399999999,80.1769774,0,maa2,Chennai,2026-08-31T08:57:25.962964Z
ChIJAaQKWNdgUjoRUbR9Hb-9GMs,Mahalakshmi Hotel,places,en,179,13.0277557,80.17849175,13.0280855,80.17692079999999,0,maa2,Chennai,2026-08-31T08:57:25.962967Z
ChIJ28Afm_xhUjoRqtvsDZr2OLY,HOTEL CHOW,places,en,179,13.0277557,80.17849175,13.0280686,80.1767883,0,maa2,Chennai,2026-08-31T08:57:25.962969Z
ChIJz7ukdmJhUjoRlGKRFhrHrF4,Chill n Chew,places,en,179,13.0277557,80.17849175,13.029525999999999,80.1789811,0,maa2,Chennai,2026-08-31T08:57:25.962971Z
ChIJDWBvWNdgUjoRetCwbDjY_qg,Chill cafe,places,en,179,13.0277557,80.17849175,13.0281413,80.1764446,0,maa2,Chennai,2026-08-31T08:57:25.962972Z
ChIJORH3zNJhUjoRLqthpSt27J8,Murugan Tea Stall,places,en,179,13.0277557,80.17849175,13.0282442,80.17634079999999,0,maa2,Chennai,2026-08-31T08:57:25.962974Z
ChIJI9gAt9ZgUjoRDuQLj2vmO0s,ஜெனினா ஸ்டோர்,places,en,179,13.0277557,80.17849175,13.028032399999999,80.18071669999999,0,maa2,Chennai,2026-08-31T08:57:25.962976Z
ChIJcXbSFrlhUjoRNM_tysmQ7E4,Vetriyogam Hotel,places,en,179,13.0277557,80.17849175,13.026989600000002,80.1764055,0,maa2,Chennai,2026-08-31T08:57:25.962978Z
ChIJ5Rt7G65hUjoRzG72SUstpPk,Tic Tac Tea shop,places,en,179,13.0277557,80.17849175,13.028226799999999,80.1807824,0,maa2,Chennai,2026-08-31T08:57:25.962980Z
ChIJQZyhCddgUjoRzARrvvHUZdM,Sri Dharshini Tiffin Centre,places,en,179,13.0277557,80.17849175,13.03007,80.178224,0,maa2,Chennai,2026-08-31T08:57:25.962982Z
ChIJ5Zn_VgBhUjoREpJWPqN04fY,Kumar A1beef biriyani,places,en,179,13.0277557,80.17849175,13.0300961,80.1782242,0,maa2,Chennai,2026-08-31T08:57:25.962984Z
ChIJM9Md99ZgUjoRsJrTa4UI0b4,Chai Kada,places,en,179,13.0277557,80.17849175,13.0299882,80.1799688,0,maa2,Chennai,2026-08-31T08:57:25.962985Z
ChIJT9Xo0yhhUjoRvp6dVpMU0Do,Sundal Story,places,en,180,13.02929515,80.17926639999999,13.0299537,80.1802446,0,maa2,Chennai,2026-08-31T08:57:26.332471Z
ChIJve0BJwBhUjoRWjMs85ObsBs,Chennai sandwich kadai,places,en,180,13.02929515,80.17926639999999,13.0303229,80.1800311,0,maa2,Chennai,2026-08-31T08:57:26.332484Z
ChIJszxQIwBhUjoRNCs83p3p30M,MS ATHO SHOP,places,en,180,13.02929515,80.17926639999999,13.030866699999999,80.17795819999999,0,maa2,Chennai,2026-08-31T08:57:26.332489Z
ChIJA-VAwSxhUjoRI4BFb_-GXX0,M CAFE,places,en,180,13.02929515,80.17926639999999,13.0309525,80.1779806,0,maa2,Chennai,2026-08-31T08:57:26.332492Z
ChIJU08YCu1hUjoRyjr81UWX2k8,Mr. ARASAN Chettinad,places,en,180,13.02929515,80.17926639999999,13.030952099999999,80.17796009999999,0,maa2,Chennai,2026-08-31T08:57:26.332495Z
ChIJ77Ed4ldhUjoR0UPmldsGVX8,Hotel Akshaya,places,en,180,13.02929515,80.17926639999999,13.031322999999999,80.1803132,0,maa2,Chennai,2026-08-31T08:57:26.332498Z
ChIJmViH0PlhUjoRvOI0f9VRNIo,Kovai Goundar Mess,places,en,180,13.02929515,80.17926639999999,13.031267399999999,80.18051729999999,0,maa2,Chennai,2026-08-31T08:57:26.332501Z
ChIJO0LlaNZgUjoR0ATtyFGSHTY,Kapao,places,en,180,13.02929515,80.17926639999999,13.0311395,80.1807633,0,maa2,Chennai,2026-08-31T08:57:26.332504Z
ChIJS9rlGQBhUjoRv9IqYa2cjV4,RAMNAD CR BIRIYANI,places,en,180,13.02929515,80.17926639999999,13.0317087,80.179318,0,maa2,Chennai,2026-08-31T08:57:26.332506Z
ChIJGWaWJSthUjoRH4hQglG39e8,Combo juice bar and snacks,places,en,180,13.02929515,80.17926639999999,13.0312006,80.18076719999999,0,maa2,Chennai,2026-08-31T08:57:26.332509Z
ChIJC5TMgJphUjoRhLX2c1cqez4,Bihari Dhaba,places,en,180,13.02929515,80.17926639999999,13.0312337,80.1807352,0,maa2,Chennai,2026-08-31T08:57:26.332512Z
ChIJiZvxUZFlUjoRspaCxWk5XnA,Rail Coach Restaurant Chennai,places,en,181,13.10110875,80.2086578,13.100530599999999,80.2087402,0,maa2,Chennai,2026-08-31T08:57:26.654456Z
ChIJHZ0n1U5lUjoRuiwrLxoTprg,SUGUNA PROTEINS GODOWN,places,en,181,13.10110875,80.2086578,13.101002999999999,80.20805899999999,0,maa2,Chennai,2026-08-31T08:57:26.654466Z
ChIJqaVOfWllUjoRJJ8V_eg9rcw,AARIZ SOUP STALL,places,en,181,13.10110875,80.2086578,13.100254999999999,80.2094216,0,maa2,Chennai,2026-08-31T08:57:26.654469Z
ChIJR28Vs2pkUjoRcm1fIQ1NNY4,HOT STOP INDIAN CHINESE,places,en,181,13.10110875,80.2086578,13.1026831,80.20887010000001,0,maa2,Chennai,2026-08-31T08:57:26.654473Z
ChIJ47f2Pv9lUjoRgtDWyn7D7YM,KFC,places,en,181,13.10110875,80.2086578,13.1025984,80.2093518,0,maa2,Chennai,2026-08-31T08:57:26.654475Z
ChIJgdO4VBVkUjoRkXTbhjQnXoY,Bismillah Ambur Briyani,places,en,181,13.10110875,80.2086578,13.102634100000001,80.2095729,0,maa2,Chennai,2026-08-31T08:57:26.654477Z
ChIJBbDxs2pkUjoRwClQw9Od5XM,Ashoka Tiffen Center,places,en,181,13.10110875,80.2086578,13.1028652,80.2089128,0,maa2,Chennai,2026-08-31T08:57:26.654479Z
ChIJOZ5HympkUjoRAAAA0OPWvQo,Adhi Fast Food,places,en,181,13.10110875,80.2086578,13.102841,80.2082502,0,maa2,Chennai,2026-08-31T08:57:26.654481Z
ChIJi0EhfwBlUjoRxX6A4ksHjyU,NAMMA SPOT VILLIVAKKAM,places,en,181,13.10110875,80.2086578,13.102941699999999,80.2087148,0,maa2,Chennai,2026-08-31T08:57:26.654483Z
ChIJAyZ_tmpkUjoRpKL2pCMqY1o,Suguna Hyderabad Biriyani,places,en,181,13.10110875,80.2086578,13.102946,80.2085826,0,maa2,Chennai,2026-08-31T08:57:26.654485Z
ChIJ_Z8JzIBlUjoRZqdjd5eXGvY,Bismi Biriyani Fast Food,places,en,181,13.10110875,80.2086578,13.1029251,80.208246,0,maa2,Chennai,2026-08-31T08:57:26.654487Z
ChIJWRdmpvdlUjoRrIQrl282kVs,SURYA'S ARABIAN SAVOURIES,places,en,181,13.10110875,80.2086578,13.1029904,80.2085472,0,maa2,Chennai,2026-08-31T08:57:26.654489Z
ChIJx_DPSX5iUjoROdMcXnHmRuE,Andhra Mess,places,en,181,13.10110875,80.2086578,13.1029004,80.20793700000002,0,maa2,Chennai,2026-08-31T08:57:26.654491Z
ChIJp8ARrmpkUjoRYwI788rPZvM,Amma Unavagam,places,en,181,13.10110875,80.2086578,13.1030091,80.2091834,0,maa2,Chennai,2026-08-31T08:57:26.654492Z
ChIJH8Qp275lUjoR7_zBIK-pjJI,Sri Magesh Chettinadu Catering,places,en,181,13.10110875,80.2086578,13.1029369,80.2078421,0,maa2,Chennai,2026-08-31T08:57:26.654494Z
ChIJ45bryWpkUjoR3a0HcYxpHdE,Sri Magesh Chettinadu Restaurant,places,en,181,13.10110875,80.2086578,13.1029369,80.2078421,0,maa2,Chennai,2026-08-31T08:57:26.654496Z
ChIJ9V3DAwBlUjoR09BgrzhMghk,Chicken rice,places,en,181,13.10110875,80.2086578,13.103121600000001,80.2084095,0,maa2,Chennai,2026-08-31T08:57:26.654498Z
ChIJw6f5wfFlUjoRrkAHyyY6pCA,Yakub’s kitchen,places,en,181,13.10110875,80.2086578,13.103205599999999,80.2079543,0,maa2,Chennai,2026-08-31T08:57:26.654500Z
ChIJsV0wOdtlUjoRCXFT9qGPsBY,Bismillah Beef Biryani,places,en,181,13.10110875,80.2086578,13.103188,80.207853,0,maa2,Chennai,2026-08-31T08:57:26.654502Z
ChIJcTXI0WpkUjoRZcVq2bIpjWw,Hotel Sarvalashmi,places,en,181,13.10110875,80.2086578,13.103089400000002,80.2076239,0,maa2,Chennai,2026-08-31T08:57:26.654504Z
ChIJn0_WHABhUjoRlFnKipeGnWM,AK Residency Rooms,places,en,182,13.02574375,80.18626675,13.0253284,80.1862264,0,maa2,Chennai,2026-08-31T08:57:26.969143Z
ChIJl4ux7iRhUjoRMD9duijhdUY,Sandwich Xpress,places,en,182,13.02574375,80.18626675,13.025964,80.1851399,0,maa2,Chennai,2026-08-31T08:57:26.969153Z
ChIJqxrbEgBhUjoR_UZ9vBlClHk,Swamy's mess,places,en,182,13.02574375,80.18626675,13.0254722,80.1850833,0,maa2,Chennai,2026-08-31T08:57:26.969156Z
ChIJLXiVGgBhUjoRs_Yt5nKRu5Q,The home town cafè,places,en,182,13.02574375,80.18626675,13.0259019,80.1847528,0,maa2,Chennai,2026-08-31T08:57:26.969158Z
ChIJCwnTCcNhUjoRW_MsoeX8mBw,Mandi House (Chennai-78),places,en,182,13.02574375,80.18626675,13.025855199999999,80.1846697,0,maa2,Chennai,2026-08-31T08:57:26.969160Z
ChIJfVZUFgBhUjoRvuOTLvngVqQ,Vindaloo Multicuisine Restaurant,places,en,182,13.02574375,80.18626675,13.0238105,80.1862096,0,maa2,Chennai,2026-08-31T08:57:26.969162Z
ChIJX4eZvplnUjoRqoHIxFM2WOg,BISMI SHOP,places,en,182,13.02574375,80.18626675,13.026829,80.1880089,0,maa2,Chennai,2026-08-31T08:57:26.969164Z
ChIJcUSc2NhvUjoRJTMG1oyOWco,Hamza Fast Food And Biriyani,places,en,183,13.1120799,80.27657930000001,13.112206599999999,80.2773009,0,maa2,Chennai,2026-08-31T08:57:27.368893Z
ChIJ14h05NFvUjoR_NY-2vKQWJA,BARKATH BARBIQUE,places,en,183,13.1120799,80.27657930000001,13.1126592,80.2773863,0,maa2,Chennai,2026-08-31T08:57:27.368908Z
ChIJ35i6PWxvUjoR9cJGBmVt7T4,CFC. Chennai Fry Chicken,places,en,183,13.1120799,80.27657930000001,13.1120501,80.2777241,0,maa2,Chennai,2026-08-31T08:57:27.368912Z
ChIJKTbKrAdvUjoR7u23moIaKEI,Anas Abdul Kareem,places,en,183,13.1120799,80.27657930000001,13.1118227,80.2778295,0,maa2,Chennai,2026-08-31T08:57:27.368916Z
ChIJW9tvy9tvUjoRiBEFJRmPgdA,Istanbull express,places,en,183,13.1120799,80.27657930000001,13.1115777,80.27774959999999,0,maa2,Chennai,2026-08-31T08:57:27.368919Z
ChIJf0vO4wFvUjoRVbWEiuNzeZ4,Ajwa Cakes,places,en,183,13.1120799,80.27657930000001,13.1120086,80.277862,0,maa2,Chennai,2026-08-31T08:57:27.368922Z
ChIJb6PmFmJvUjoR6DDQcw7QxCg,Foodie Spot,places,en,183,13.1120799,80.27657930000001,13.1118879,80.2778941,0,maa2,Chennai,2026-08-31T08:57:27.368925Z
ChIJ6_HetIllUjoRYmP0ePZ2o3g,S.M BIRIYANI,places,en,183,13.1120799,80.27657930000001,13.1135804,80.2751504,0,maa2,Chennai,2026-08-31T08:57:27.368928Z
ChIJwVUQIaRvUjoRm2ygjgKA09A,ZAM ZAM Birinji,places,en,183,13.1120799,80.27657930000001,13.1120497,80.27877600000001,0,maa2,Chennai,2026-08-31T08:57:27.368930Z
ChIJQ4QYnaRvUjoRj6Gv_1hf6WQ,JAHIR HUSSAIN,places,en,183,13.1120799,80.27657930000001,13.1121313,80.2787857,0,maa2,Chennai,2026-08-31T08:57:27.368933Z
ChIJmVyys4llUjoR7wtZOb0RAV4,Lovely SHAWARMA fast food,places,en,183,13.1120799,80.27657930000001,13.113416299999999,80.27480489999999,0,maa2,Chennai,2026-08-31T08:57:27.368935Z
ChIJt3csVQBvUjoR_rj9b7Z0usw,Burger Point | Old Washermanpet,places,en,183,13.1120799,80.27657930000001,13.111736599999999,80.2788741,0,maa2,Chennai,2026-08-31T08:57:27.368938Z
ChIJXbeUBThvUjoRU9rHqlz5lrU,N M Kaleel Rahaman,places,en,183,13.1120799,80.27657930000001,13.1122734,80.2789329,0,maa2,Chennai,2026-08-31T08:57:27.368941Z
ChIJnWCyDgJvUjoRoKG6KJH4sJo,Dhanalakshmi Hotel,places,en,183,13.1120799,80.27657930000001,13.1130207,80.27894289999999,0,maa2,Chennai,2026-08-31T08:57:27.368943Z
ChIJN7tUzLxvUjoR4Q_WU8DYoOQ,Binnu Chat,places,en,183,13.1120799,80.27657930000001,13.113013299999999,80.2790869,0,maa2,Chennai,2026-08-31T08:57:27.368946Z
ChIJ12feUWJvUjoR2Sm3wxbdGgw,DEEPAK CHAT CENTRE,places,en,183,13.1120799,80.27657930000001,13.1131073,80.2790974,0,maa2,Chennai,2026-08-31T08:57:27.368948Z
ChIJ8ZAMuaFnUjoRsA67EN240O0,TRIPLICANE BIRYANI,places,en,184,13.0254328,80.21499595,13.024183299999999,80.2137104,0,maa2,Chennai,2026-08-31T08:57:27.695123Z
ChIJ82r5RRlnUjoRIehAabx-kfQ,Amma Unavagam,places,en,184,13.0254328,80.21499595,13.0280036,80.2150554,0,maa2,Chennai,2026-08-31T08:57:27.695164Z
ChIJQfGKpwRnUjoRF0yS1uJ46vw,தருமன் டியன் சென்டர்,places,en,185,13.028299149999999,80.2209926,13.0290292,80.2217708,0,maa2,Chennai,2026-08-31T08:57:28.029755Z
ChIJSclVr-lnUjoRBiMkZMihoaA,Thinpandam the pizza house,places,en,185,13.028299149999999,80.2209926,13.0278552,80.2200318,0,maa2,Chennai,2026-08-31T08:57:28.029764Z
ChIJWzviHABnUjoRbe_8ZPh5LCE,Amman Unnavagam,places,en,185,13.028299149999999,80.2209926,13.0280405,80.2198847,0,maa2,Chennai,2026-08-31T08:57:28.029766Z
ChIJCcFYXhtnUjoRQIy8j0a8inE,Hotel shalimar,places,en,185,13.028299149999999,80.2209926,13.028594,80.21980889999999,0,maa2,Chennai,2026-08-31T08:57:28.029767Z
ChIJ7xl2EFxnUjoR_fp9Xsr0PfI,Tasty Food,places,en,185,13.028299149999999,80.2209926,13.0275654,80.2199808,0,maa2,Chennai,2026-08-31T08:57:28.029769Z
ChIJ2U7GDq5nUjoR0x_rxjPnTfA,AL - Dubai Biriyani,places,en,185,13.028299149999999,80.2209926,13.0288835,80.2198593,0,maa2,Chennai,2026-08-31T08:57:28.029770Z
ChIJP5shQRtnUjoRKG9lX3hjLkE,NELLAXO,places,en,185,13.028299149999999,80.2209926,13.027737499999999,80.21985360000001,0,maa2,Chennai,2026-08-31T08:57:28.029771Z
ChIJibFfpwRnUjoRla3k1Ynsgqo,Krishna Tiffen Stall,places,en,185,13.028299149999999,80.2209926,13.0293855,80.2217273,0,maa2,Chennai,2026-08-31T08:57:28.029773Z
ChIJaTE3IABnUjoRT-15u_4GtK4,SHAUL'S SUPER BIRIYANI,places,en,185,13.028299149999999,80.2209926,13.0275384,80.2197999,0,maa2,Chennai,2026-08-31T08:57:28.029774Z
ChIJS-dNGxBnUjoRU6Ve91v8A44,Sri Ambal Bhavan,places,en,185,13.028299149999999,80.2209926,13.0275188,80.21979979999999,0,maa2,Chennai,2026-08-31T08:57:28.029775Z
ChIJeZx9pBxnUjoRvJjLNmRe_1Q,Wings Hot Chicken,places,en,185,13.028299149999999,80.2209926,13.0294464,80.2199129,0,maa2,Chennai,2026-08-31T08:57:28.029777Z
ChIJRX8-OxtnUjoRSUNl-5Cb4Hs,SARAVANA TIFFEN & MEALS,places,en,185,13.028299149999999,80.2209926,13.0269153,80.22002909999999,0,maa2,Chennai,2026-08-31T08:57:28.029778Z
ChIJvw6ocbhnUjoRCmEwe3xZBrw,Shahina chicken pakkoda,places,en,185,13.028299149999999,80.2209926,13.0298582,80.2202482,0,maa2,Chennai,2026-08-31T08:57:28.029779Z
ChIJV4tbPBtnUjoRfXXZ-DfRYT0,J.K Chicken Baguette,places,en,185,13.028299149999999,80.2209926,13.0270333,80.21982129999999,0,maa2,Chennai,2026-08-31T08:57:28.029780Z
ChIJycS9lw5nUjoRexINIpGt1S8,Five Star Chicken,places,en,185,13.028299149999999,80.2209926,13.0299259,80.22024189999999,0,maa2,Chennai,2026-08-31T08:57:28.029782Z
ChIJHXWDlnZnUjoRMTY5V6CU4-4,Shakthi Mess,places,en,185,13.028299149999999,80.2209926,13.0268456,80.2220768,0,maa2,Chennai,2026-08-31T08:57:28.029783Z
ChIJdfskaOJnUjoRsyJTqcFdMV0,Chicken center,places,en,185,13.028299149999999,80.2209926,13.029967,80.22019929999999,0,maa2,Chennai,2026-08-31T08:57:28.029784Z
ChIJKYCcXHNnUjoRrkCCAnekBZk,Inikas Cloud Kitchen,places,en,185,13.028299149999999,80.2209926,13.0286288,80.22288240000002,0,maa2,Chennai,2026-08-31T08:57:28.029785Z
ChIJJ2T3z35nUjoRgTUTJ3cuV3Y,KV Sri Ganesh Food Corner,places,en,185,13.028299149999999,80.2209926,13.0268233,80.2198411,0,maa2,Chennai,2026-08-31T08:57:28.029787Z
ChIJ511e1BpnUjoRj0goZfK7oZ8,Pottery Kitchen - (West Mambalam),places,en,185,13.028299149999999,80.2209926,13.029684,80.219623,0,maa2,Chennai,2026-08-31T08:57:28.029788Z
ChIJ16t1-dxnUjoRUL-wMxS-Qnk,SHENBAGAPRIYA SENTHIL,places,en,186,13.0309621,80.21964270000001,13.031242599999999,80.2201255,0,maa2,Chennai,2026-08-31T08:57:28.419912Z
ChIJ7WDvELhnUjoRPVUEl3z_D0g,The Chennai Briyani,places,en,186,13.0309621,80.21964270000001,13.0304605,80.2202913,0,maa2,Chennai,2026-08-31T08:57:28.419945Z
ChIJ18SLYkRnUjoR7tOtr1wUNm8,Shawari Hyderabadi Dum Biryani,places,en,186,13.0309621,80.21964270000001,13.0301344,80.22004869999999,0,maa2,Chennai,2026-08-31T08:57:28.419954Z
ChIJXZnsz-NnUjoRo0B3w-TSvqQ,NEW SAIRAM HOT CHIPS,places,en,186,13.0309621,80.21964270000001,13.0317174,80.220244,0,maa2,Chennai,2026-08-31T08:57:28.419960Z
ChIJB6kEbzBnUjoR3nfa92m2pKM,HOT BITES,places,en,186,13.0309621,80.21964270000001,13.0302899,80.2203419,0,maa2,Chennai,2026-08-31T08:57:28.419965Z
ChIJaTkg2BxnUjoRCsEhNV0bb8o,NIRMALA Tiffin Centre,places,en,186,13.0309621,80.21964270000001,13.0317335,80.22027299999999,0,maa2,Chennai,2026-08-31T08:57:28.419969Z
ChIJ7w_b1hxnUjoRGjLvJtQ5hRo,Saravanan Foods,places,en,186,13.0309621,80.21964270000001,13.031537799999999,80.2204896,0,maa2,Chennai,2026-08-31T08:57:28.419974Z
ChIJlT9l1hxnUjoR4O7zuNpth2o,Annapoorani Hotel,places,en,186,13.0309621,80.21964270000001,13.0316789,80.2204762,0,maa2,Chennai,2026-08-31T08:57:28.419978Z
ChIJmRdSIR1nUjoRZ-pe1UaF4NA,Palace Biryani & Fast Food,places,en,186,13.0309621,80.21964270000001,13.0321296,80.2199128,0,maa2,Chennai,2026-08-31T08:57:28.419984Z
ChIJW2_OpdxnUjoRc_MK1jT6Bng,THAQWA BIRIYANI,places,en,186,13.0309621,80.21964270000001,13.032092500000001,80.2203206,0,maa2,Chennai,2026-08-31T08:57:28.419990Z
ChIJJdPtIh1nUjoRL-rUYkYeOAA,Nawaz Briyani Centre,places,en,186,13.0309621,80.21964270000001,13.032362500000001,80.2196566,0,maa2,Chennai,2026-08-31T08:57:28.419995Z
ChIJJyIIIx1nUjoR2Pa_W-6a2o0,Excellant Biriyani Fast Food,places,en,186,13.0309621,80.21964270000001,13.0323659,80.2198059,0,maa2,Chennai,2026-08-31T08:57:28.420000Z
ChIJF5Pwf_RnUjoRvrs_q_M8m98,A.R Rahman Biriyani,places,en,186,13.0309621,80.21964270000001,13.0323753,80.21963199999999,0,maa2,Chennai,2026-08-31T08:57:28.420023Z
ChIJz9Q-wdVnUjoR7TAFXwf72cc,Royal Sandwich,places,en,186,13.0309621,80.21964270000001,13.0323674,80.2198434,0,maa2,Chennai,2026-08-31T08:57:28.420079Z
ChIJDzY3Lx1nUjoRIS_pNcKv_zI,Arabian Home Food,places,en,186,13.0309621,80.21964270000001,13.032375499999999,80.2201918,0,maa2,Chennai,2026-08-31T08:57:28.420088Z
ChIJ5R1hPp9nUjoRS9S3Wfr700w,Brew n Munch,places,en,186,13.0309621,80.21964270000001,13.0323832,80.2202434,0,maa2,Chennai,2026-08-31T08:57:28.420094Z
ChIJHeLREOhlUjoROoB5bZdLeFo,Madhanameran Tiffen Center,places,en,187,13.1267897,80.27518975,13.1270218,80.27511750000001,0,maa2,Chennai,2026-08-31T08:57:28.728283Z
ChIJwU74EIBlUjoRgRIFxbCgQZk,அமுதம் நியாயவிலைக்கடை,places,en,187,13.1267897,80.27518975,13.127077,80.2758527,0,maa2,Chennai,2026-08-31T08:57:28.728294Z
ChIJlX_-9xZlUjoRtLSmHJrWZNQ,Amma Unavagam Nehru Nagar,places,en,187,13.1267897,80.27518975,13.127547499999999,80.2749745,0,maa2,Chennai,2026-08-31T08:57:28.728298Z
ChIJg7mbrfNlUjoRrtCxuzRlFu8,RKA FOOD CORNER,places,en,187,13.1267897,80.27518975,13.1270195,80.2759781,0,maa2,Chennai,2026-08-31T08:57:28.728301Z
ChIJN4RCKABlUjoRS669JoWLWNw,Akka atho shop,places,en,187,13.1267897,80.27518975,13.1278508,80.2751025,0,maa2,Chennai,2026-08-31T08:57:28.728303Z
ChIJt6ZStshlUjoRJYz83IvGGjk,Shariff Briyani,places,en,187,13.1267897,80.27518975,13.1254264,80.2755624,0,maa2,Chennai,2026-08-31T08:57:28.728306Z
ChIJXdKRCABlUjoRfsc_7SqHluU,NANTHAVANAM UNAVAGAM,places,en,187,13.1267897,80.27518975,13.1282394,80.274692,0,maa2,Chennai,2026-08-31T08:57:28.728308Z
ChIJczyA5P1lUjoRTu6Y0vOqP9s,AKR உணவகம்,places,en,187,13.1267897,80.27518975,13.1251528,80.27408179999999,0,maa2,Chennai,2026-08-31T08:57:28.728311Z
ChIJD0CkDfBlUjoRJ0VVlvv64LI,FIVE STAR CHICKEN,places,en,187,13.1267897,80.27518975,13.1247832,80.27498349999999,0,maa2,Chennai,2026-08-31T08:57:28.728313Z
ChIJywCC94BlUjoRPryQrQa9Zs8,Dishi Bites,places,en,187,13.1267897,80.27518975,13.1248317,80.2746585,0,maa2,Chennai,2026-08-31T08:57:28.728315Z
ChIJtQR2i4BlUjoR4ZM-ejnKy8k,New Thalapakattu Biriyani & Fast Food,places,en,187,13.1267897,80.27518975,13.1247755,80.27551179999999,0,maa2,Chennai,2026-08-31T08:57:28.728318Z
ChIJ42kXVoBlUjoRaJzoi4AF0co,S A FOOD HUB,places,en,187,13.1267897,80.27518975,13.1248942,80.2743701,0,maa2,Chennai,2026-08-31T08:57:28.728320Z
ChIJv7yidNplUjoR2vaSAl0HO40,S A TEA AND JUICE CORNER,places,en,187,13.1267897,80.27518975,13.1249415,80.2742456,0,maa2,Chennai,2026-08-31T08:57:28.728322Z
ChIJL7jH-IBlUjoRqn3L_keogy0,BIRIYANI FAST FOOD,places,en,187,13.1267897,80.27518975,13.1248916,80.2743357,0,maa2,Chennai,2026-08-31T08:57:28.728325Z
ChIJfYrsuIFlUjoRzdGjJWV1gWc,சரோஜினி உணவகம்,places,en,187,13.1267897,80.27518975,13.1262978,80.2730143,0,maa2,Chennai,2026-08-31T08:57:28.728327Z
ChIJBVbjbH1vUjoRyUo3xur115M,Chennai Bilal Thalapakattu,places,en,187,13.1267897,80.27518975,13.124644,80.2760653,0,maa2,Chennai,2026-08-31T08:57:28.728330Z
ChIJTdfDhIBlUjoRJOmxUn2pFuM,பாண்டி ஸ்வீட்ஸ்,places,en,187,13.1267897,80.27518975,13.1244595,80.2762742,0,maa2,Chennai,2026-08-31T08:57:28.728332Z
ChIJUYF_zE1lUjoRF1Vjyuqik7M,Selvam Tiffun Center,places,en,187,13.1267897,80.27518975,13.1277134,80.2727132,0,maa2,Chennai,2026-08-31T08:57:28.728334Z
ChIJ1wAOuYhlUjoRv5LrKilVLS4,KANI BIRIYANI,places,en,187,13.1267897,80.27518975,13.124417099999999,80.2764503,0,maa2,Chennai,2026-08-31T08:57:28.728336Z
ChIJSWSHSGhkUjoRUh0LlqWQl8A,K.P.K CHATS,places,en,188,13.11251515,80.20882144999999,13.1117964,80.2082511,0,maa2,Chennai,2026-08-31T08:57:29.047052Z
ChIJzR-r22ZkUjoR5BxA9xs6zMI,Madras Darbar,places,en,188,13.11251515,80.20882144999999,13.112485,80.20693,0,maa2,Chennai,2026-08-31T08:57:29.047060Z
ChIJpTDIsrdlUjoRyuAL8u0KNf0,Golden Fried Chicken GFC,places,en,188,13.11251515,80.20882144999999,13.1133478,80.2071074,0,maa2,Chennai,2026-08-31T08:57:29.047062Z
ChIJJZ7YRo1lUjoRnQkx3jcLYck,Neshi chicken coroner,places,en,188,13.11251515,80.20882144999999,13.112019199999999,80.2069416,0,maa2,Chennai,2026-08-31T08:57:29.047064Z
ChIJVbw5BABlUjoRrdAvjIVccCw,CM BRIYANI VILLIVAKKAM,places,en,188,13.11251515,80.20882144999999,13.1121202,80.2069099,0,maa2,Chennai,2026-08-31T08:57:29.047065Z
ChIJJ8Z9WlJlUjoRZjriYLhvHXk,Om Srivari Catering,places,en,188,13.11251515,80.20882144999999,13.1128038,80.2068745,0,maa2,Chennai,2026-08-31T08:57:29.047066Z
ChIJx89tfWlkUjoRAAWkk7ktciQ,Ruchi karam,places,en,188,13.11251515,80.20882144999999,13.113118600000002,80.2068838,0,maa2,Chennai,2026-08-31T08:57:29.047068Z
ChIJJeQTdQBlUjoR9bs5LaEre2U,700ml Fresh juice,places,en,188,13.11251515,80.20882144999999,13.111908099999999,80.2068663,0,maa2,Chennai,2026-08-31T08:57:29.047069Z
ChIJfwVzdE5lUjoR7VpcdnmoyLM,PAVITHRA TIFFEN CENTRE,places,en,188,13.11251515,80.20882144999999,13.111663,80.2107509,0,maa2,Chennai,2026-08-31T08:57:29.047070Z
ChIJU2W3h2hkUjoRMwLP1s4DGPA,V.S. Fast Food And Tiffin Meal And Biriyani And Catering,places,en,188,13.11251515,80.20882144999999,13.113320799999999,80.206874,0,maa2,Chennai,2026-08-31T08:57:29.047071Z
ChIJnfGvMTplUjoR88BbHHOo98k,FUN & BITES CAFE,places,en,188,13.11251515,80.20882144999999,13.1125539,80.20668789999999,0,maa2,Chennai,2026-08-31T08:57:29.047072Z
ChIJC0L8uTNlUjoR3RpQJD5JnUo,J'nut Cafe,places,en,188,13.11251515,80.20882144999999,13.112709599999999,80.206694,0,maa2,Chennai,2026-08-31T08:57:29.047074Z
ChIJewtQnRFlUjoR6Y0J1KAarbE,Akshaya Food Corner,places,en,188,13.11251515,80.20882144999999,13.1127623,80.2066956,0,maa2,Chennai,2026-08-31T08:57:29.047075Z
ChIJdVGQi2hkUjoRS77FqaRG0fA,Dolphin Fast Food & Biryani Centre,places,en,188,13.11251515,80.20882144999999,13.1127117,80.2066839,0,maa2,Chennai,2026-08-31T08:57:29.047076Z
ChIJ4yWpiGhkUjoRjTa6kzibLq4,Deva Fast Food,places,en,188,13.11251515,80.20882144999999,13.113172599999999,80.2067154,0,maa2,Chennai,2026-08-31T08:57:29.047077Z
ChIJH-DZhmhkUjoRKkgHbz48M1E,Zulaiha Biryani,places,en,188,13.11251515,80.20882144999999,13.1135538,80.20683,0,maa2,Chennai,2026-08-31T08:57:29.047078Z
ChIJiyVSf6JlUjoRt74KZIt5jXc,GRACE FOODS,places,en,188,13.11251515,80.20882144999999,13.1138451,80.2068975,0,maa2,Chennai,2026-08-31T08:57:29.047079Z
ChIJJfcIa6VlUjoRlR_z0F6YnB0,Swetha Home Food,places,en,188,13.11251515,80.20882144999999,13.1148625,80.2077137,0,maa2,Chennai,2026-08-31T08:57:29.047081Z
ChIJkaoWxPZlUjoR6_MJ-cPxn-0,SMACK DINER,places,en,188,13.11251515,80.20882144999999,13.1140435,80.2066741,0,maa2,Chennai,2026-08-31T08:57:29.047082Z
ChIJq_3u72ZkUjoR-TZSyUvd4ug,PIZZA TOPPERS,places,en,188,13.11251515,80.20882144999999,13.114277500000002,80.2068489,0,maa2,Chennai,2026-08-31T08:57:29.047083Z
ChIJ4aa5DQBnUjoRTpobeTCvJ4w,Hotel Kalyana Bhavan Biriyani,places,en,189,13.0665727,80.2531272,13.0668136,80.25382809999999,0,maa2,Chennai,2026-08-31T08:57:29.373747Z
ChIJUxtsmRJnUjoR2bwv6EJ_AOE,Zaika Zest,places,en,189,13.0665727,80.2531272,13.067184699999999,80.253587,0,maa2,Chennai,2026-08-31T08:57:29.373757Z
ChIJfQh22w1nUjoR0KzlGrVLwuI,Copper Chimney - College Road,places,en,189,13.0665727,80.2531272,13.0668577,80.2522024,0,maa2,Chennai,2026-08-31T08:57:29.373760Z
ChIJpznqwihnUjoRysBY5Ch0Q-M,Bombay Brasserie - College Road,places,en,189,13.0665727,80.2531272,13.0668217,80.2521371,0,maa2,Chennai,2026-08-31T08:57:29.373762Z
ChIJe2uK_WxmUjoRpgGxa9vC1G8,The Marina,places,en,189,13.0665727,80.2531272,13.067199599999999,80.2522907,0,maa2,Chennai,2026-08-31T08:57:29.373765Z
ChIJWfDyvT1nUjoR1F8DhmapNfE,Bikanervala | Nungambakkam Chennai,places,en,189,13.0665727,80.2531272,13.067849899999999,80.2530996,0,maa2,Chennai,2026-08-31T08:57:29.373767Z
ChIJsRv-dDhnUjoR-HI230Gakb8,Goldman's Steakhouse,places,en,189,13.0665727,80.2531272,13.0653025,80.25186149999999,0,maa2,Chennai,2026-08-31T08:57:29.373769Z
ChIJyQRgIRNmUjoRSpBNbBjYkP8,The Great Kabab Factory - Radisson Blu Egmore,places,en,189,13.0665727,80.2531272,13.066897899999999,80.2555154,0,maa2,Chennai,2026-08-31T08:57:29.373771Z
ChIJfR0U8V1nUjoRAC3StjE0K0o,Oasis,places,en,189,13.0665727,80.2531272,13.0669227,80.2556218,0,maa2,Chennai,2026-08-31T08:57:29.373773Z
ChIJUzHwRu9nUjoRj8skHpzkl1A,Saraswati Tiffin Centre Sohp,places,en,189,13.0665727,80.2531272,13.0650049,80.2551534,0,maa2,Chennai,2026-08-31T08:57:29.373774Z
ChIJ-RyZSuZnUjoRwW_FN4_qYls,Brasa,places,en,189,13.0665727,80.2531272,13.0670369,80.2557223,0,maa2,Chennai,2026-08-31T08:57:29.373776Z
ChIJhWZ_tzdnUjoRognuvu0PTQ8,Ameretti,places,en,189,13.0665727,80.2531272,13.0646358,80.2512381,0,maa2,Chennai,2026-08-31T08:57:29.373778Z
ChIJobNvLoFlUjoRqEK6fUP01v8,Khan saab's,places,en,190,13.09207145,80.20201764999999,13.092829,80.2032006,0,maa2,Chennai,2026-08-31T08:57:29.677562Z
ChIJjZ_SaQBlUjoREqKCYOshhSY,Chaat Shop,places,en,190,13.09207145,80.20201764999999,13.0931047,80.2007452,0,maa2,Chennai,2026-08-31T08:57:29.677570Z
ChIJlYvOag1lUjoR1ii3hX68xfs,Adi Shop,places,en,190,13.09207145,80.20201764999999,13.0929231,80.1999566,0,maa2,Chennai,2026-08-31T08:57:29.677572Z
ChIJWyfnyR5lUjoRMzEq_noqPnU,EVEREST MOMOS,places,en,190,13.09207145,80.20201764999999,13.0946135,80.20217339999999,0,maa2,Chennai,2026-08-31T08:57:29.677573Z
ChIJzUTvzNBlUjoRWKQjDNNTZDo,VAS Students Mess,places,en,190,13.09207145,80.20201764999999,13.094715299999999,80.20167459999999,0,maa2,Chennai,2026-08-31T08:57:29.677575Z
ChIJxwDmExdkUjoRGBhdRJsE6xE,Little Hut The Family Fast Food,places,en,191,13.093335549999999,80.20518824999999,13.092780099999999,80.20623499999999,0,maa2,Chennai,2026-08-31T08:57:30.079953Z
ChIJY8pNxpVlUjoRogGYbwMQpAg,V-City Enterprise,places,en,191,13.093335549999999,80.20518824999999,13.0943081,80.2059967,0,maa2,Chennai,2026-08-31T08:57:30.079960Z
ChIJEW-3OwBlUjoRxkRVEGPq_XA,Mumeen,places,en,191,13.093335549999999,80.20518824999999,13.0923395,80.2059622,0,maa2,Chennai,2026-08-31T08:57:30.079962Z
ChIJVTE8aGxlUjoRLnhZzU5Bv-Y,S CAFE,places,en,191,13.093335549999999,80.20518824999999,13.0948441,80.2047248,0,maa2,Chennai,2026-08-31T08:57:30.079963Z
ChIJB2krpxFkUjoRiyyCWWHiABs,Rich Restaurant,places,en,191,13.093335549999999,80.20518824999999,13.094506899999999,80.2063186,0,maa2,Chennai,2026-08-31T08:57:30.079965Z
ChIJu8ls5RZkUjoRp-ShO4g1QhY,K. M. S Tiffin Center & Fast Food,places,en,191,13.093335549999999,80.20518824999999,13.0945954,80.2062467,0,maa2,Chennai,2026-08-31T08:57:30.079966Z
ChIJy832-hZkUjoReecobD0pRaU,Sachin Ka Dhaba,places,en,191,13.093335549999999,80.20518824999999,13.0945371,80.20637780000001,0,maa2,Chennai,2026-08-31T08:57:30.079967Z
ChIJ8TGDrd1lUjoRJVs_1zdxf-0,New Annanagar cafe,places,en,191,13.093335549999999,80.20518824999999,13.094542299999999,80.20637909999999,0,maa2,Chennai,2026-08-31T08:57:30.079968Z
ChIJJ7BvFiNlUjoRU5hkHueDEvY,J foods,places,en,191,13.093335549999999,80.20518824999999,13.0951436,80.20557459999999,0,maa2,Chennai,2026-08-31T08:57:30.079970Z
ChIJy2PkztJlUjoRjQG7Zibgan8,Pani Hub,places,en,191,13.093335549999999,80.20518824999999,13.092554,80.2068898,0,maa2,Chennai,2026-08-31T08:57:30.079971Z
ChIJaZ39e-1lUjoR3pqfHjZPvDc,Caffeine 2 have,places,en,191,13.093335549999999,80.20518824999999,13.0951141,80.20575439999999,0,maa2,Chennai,2026-08-31T08:57:30.079972Z
ChIJXaSkOhFkUjoRFI7Q7jDFEy0,Aryas Tiffin Centre,places,en,191,13.093335549999999,80.20518824999999,13.094617999999999,80.2035039,0,maa2,Chennai,2026-08-31T08:57:30.079974Z
ChIJY8GBhmBlUjoRexotrK7sGPM,THENDRAL CHIPS,places,en,191,13.093335549999999,80.20518824999999,13.0948584,80.2035085,0,maa2,Chennai,2026-08-31T08:57:30.079975Z
ChIJ28Wlw75lUjoR1NeQCvCAuNc,Manimark kadalaimittai Annanagar,places,en,191,13.093335549999999,80.20518824999999,13.0948405,80.20340399999999,0,maa2,Chennai,2026-08-31T08:57:30.079976Z
ChIJa9InyABlUjoRPtsX-bw2KJk,Smokey The Marvel,places,en,191,13.093335549999999,80.20518824999999,13.091377999999999,80.20665319999999,0,maa2,Chennai,2026-08-31T08:57:30.079978Z
ChIJb--lp3BlUjoRwqcAkhTnW20,Sha & Sha's Delight,places,en,191,13.093335549999999,80.20518824999999,13.091389699999999,80.2070634,0,maa2,Chennai,2026-08-31T08:57:30.079979Z
ChIJd7reo1NlUjoRymX44GfCF04,"V-54, 11th Street,5th Avenue, Anna Nagar West",places,en,192,13.0978768,80.194092,13.098343,80.194045,0,maa2,Chennai,2026-08-31T08:57:30.518596Z
ChIJ_XI-VJhlUjoRM4NY2iTwXe8,2Bites,places,en,192,13.0978768,80.194092,13.098561199999999,80.19333879999999,0,maa2,Chennai,2026-08-31T08:57:30.518611Z
ChIJRYqXCQxkUjoRiqtmFIsGY2g,Choice Snacks & Cool Bar,places,en,192,13.0978768,80.194092,13.0972852,80.1930991,0,maa2,Chennai,2026-08-31T08:57:30.518615Z
ChIJEzRVOQBlUjoR7YcqyuEaP-E,ASHWITHA TIFFIN CENTER,places,en,192,13.0978768,80.194092,13.099238399999999,80.1932427,0,maa2,Chennai,2026-08-31T08:57:30.518619Z
ChIJu7kovQxkUjoR0bOAM95k8mk,Park Club and Restaurant,places,en,192,13.0978768,80.194092,13.100235699999999,80.1938381,0,maa2,Chennai,2026-08-31T08:57:30.518623Z
ChIJmd9OwgtkUjoRMntTClmWZNM,Prithik Bavan Hotel & Fast Foods,places,en,192,13.0978768,80.194092,13.097114999999999,80.1915657,0,maa2,Chennai,2026-08-31T08:57:30.518625Z
ChIJkyMFQgdlUjoRlT_qxBkLoOg,Currynwok,places,en,192,13.0978768,80.194092,13.098888,80.19158139999999,0,maa2,Chennai,2026-08-31T08:57:30.518628Z
ChIJjYIgEdhlUjoR2uNf2XDIENo,DD CHICKEN CENTER,places,en,193,13.1283797,80.27328155000001,13.1285888,80.27271999999999,0,maa2,Chennai,2026-08-31T08:57:30.897734Z
ChIJc_rK9GFlUjoR3mkuqrOpq4g,Elim Catering Services,places,en,193,13.1283797,80.27328155000001,13.127841199999999,80.27260190000001,0,maa2,Chennai,2026-08-31T08:57:30.897745Z
ChIJE4Ahsk5lUjoR0b7Vgmzqrqw,Naveen Food Shop,places,en,193,13.1283797,80.27328155000001,13.128001999999999,80.2720204,0,maa2,Chennai,2026-08-31T08:57:30.897749Z
ChIJR2JzYhxlUjoRFOuHZiUfJjc,Annai Fast Food,places,en,193,13.1283797,80.27328155000001,13.1275292,80.27224819999999,0,maa2,Chennai,2026-08-31T08:57:30.897752Z
ChIJW-42LttlUjoR8f23WZFGGUc,Sruthi's cloud kitchen,places,en,193,13.1283797,80.27328155000001,13.1296933,80.2742038,0,maa2,Chennai,2026-08-31T08:57:30.897755Z
ChIJha40G9llUjoRAFJXqzajSYs,SRI MUTHUMARI AMMAN SNACKS,places,en,193,13.1283797,80.27328155000001,13.1300084,80.2734456,0,maa2,Chennai,2026-08-31T08:57:30.897758Z
ChIJN-pkKlJlUjoRGw6SgEL3dSs,Moumita Food Shop,places,en,193,13.1283797,80.27328155000001,13.127251,80.2720296,0,maa2,Chennai,2026-08-31T08:57:30.897760Z
ChIJH_JHJEplUjoR9ZXkGSPBJE0,Babu Tea Stall,places,en,193,13.1283797,80.27328155000001,13.129324599999999,80.27172809999999,0,maa2,Chennai,2026-08-31T08:57:30.897763Z
ChIJV6oMugllUjoRswHB1-2mbms,CHANDRAN TEA StALL,places,en,193,13.1283797,80.27328155000001,13.126971,80.27162460000001,0,maa2,Chennai,2026-08-31T08:57:30.897766Z
ChIJJyO0rJZlUjoRlN9bIPcv1Jw,VEDAN UNAVAGAM,places,en,193,13.1283797,80.27328155000001,13.1264472,80.2715893,0,maa2,Chennai,2026-08-31T08:57:30.897769Z
ChIJAfH1OQJlUjoRTqkyFJ4RH7c,Mano Fast Foods & Kitchens,places,en,193,13.1283797,80.27328155000001,13.1264624,80.2715688,0,maa2,Chennai,2026-08-31T08:57:30.897771Z
ChIJv1XGGXFlUjoRhHsdNDPcMw0,Chat & Chai,places,en,193,13.1283797,80.27328155000001,13.1266182,80.271385,0,maa2,Chennai,2026-08-31T08:57:30.897774Z
ChIJX12V-HJlUjoReXzyFprn8pg,A V G Catering & Foods,places,en,193,13.1283797,80.27328155000001,13.126617,80.2713861,0,maa2,Chennai,2026-08-31T08:57:30.897776Z
ChIJnbsn7I9lUjoRVgO7bgaIFH4,Madras Masala Briyani & Fast food,places,en,193,13.1283797,80.27328155000001,13.127301899999999,80.2707916,0,maa2,Chennai,2026-08-31T08:57:30.897778Z
ChIJ4x0wHlRmUjoRfuQbnk_zOG4,Geetha Cafe - T Nagar,places,en,194,13.0408951,80.23653885,13.0409998,80.2367447,0,maa2,Chennai,2026-08-31T08:57:31.194334Z
ChIJa7EuKVRmUjoRUgAJkPWgPlc,Al moghal biriyani,places,en,194,13.0408951,80.23653885,13.0411903,80.2364762,0,maa2,Chennai,2026-08-31T08:57:31.194350Z
ChIJXdbpsDFnUjoRP4V8iPUqmjE,McDonald's,places,en,194,13.0408951,80.23653885,13.0410775,80.2362201,0,maa2,Chennai,2026-08-31T08:57:31.194355Z
ChIJLXNK-dBnUjoRDQLCAOFCekM,Kicha Popcorn,places,en,194,13.0408951,80.23653885,13.040680499999999,80.23696269999999,0,maa2,Chennai,2026-08-31T08:57:31.194359Z
ChIJuXAQKxxnUjoR3qhgUJY9mpE,Tea & Tiffin Center @ Pondy Bazaar,places,en,194,13.0408951,80.23653885,13.041220899999999,80.23605909999999,0,maa2,Chennai,2026-08-31T08:57:31.194363Z
ChIJr6dvLDdnUjoR16WKGj-vf3E,WONDER WHEELS CHICKEN ( Pondybazzar),places,en,194,13.0408951,80.23653885,13.0412637,80.2360497,0,maa2,Chennai,2026-08-31T08:57:31.194366Z
ChIJyUjiTgBnUjoRPa9k_FyAPKk,Chennai Halal Thalappakattu Biryani and Fast Food,places,en,194,13.0408951,80.23653885,13.0414098,80.2360814,0,maa2,Chennai,2026-08-31T08:57:31.194369Z
ChIJqYG23VVmUjoRqn8riAEWTdA,Sapthagiri Tiffin Centre,places,en,194,13.0408951,80.23653885,13.0402487,80.236092,0,maa2,Chennai,2026-08-31T08:57:31.194373Z
ChIJdW0sR5RnUjoRWCDYddE90Xc,Sri Brijwasi Sweets and Fast Food,places,en,194,13.0408951,80.23653885,13.0415028,80.23606439999999,0,maa2,Chennai,2026-08-31T08:57:31.194376Z
ChIJJ2tfR7pnUjoRyfI6fLYSScE,Ambur Star Briyani,places,en,194,13.0408951,80.23653885,13.0417125,80.23628409999999,0,maa2,Chennai,2026-08-31T08:57:31.194379Z
ChIJsQYeq3RnUjoRwm7Q7xefIN4,Hibachi Coal House,places,en,194,13.0408951,80.23653885,13.0400685,80.2361033,0,maa2,Chennai,2026-08-31T08:57:31.194383Z
ChIJlU3OPFRmUjoRKX9jN3d-aNU,Madurai Sri Thevar Hotel,places,en,194,13.0408951,80.23653885,13.0400403,80.23609859999999,0,maa2,Chennai,2026-08-31T08:57:31.194386Z
ChIJnau-AFRmUjoRmwvYDZo2NXY,Adyar Ananda Bhavan - A2B,places,en,194,13.0408951,80.23653885,13.0409328,80.2375855,0,maa2,Chennai,2026-08-31T08:57:31.194389Z
ChIJt9zsIgBnUjoRoepiZqf80NQ,Jigiree Corner,places,en,194,13.0408951,80.23653885,13.0399096,80.23603729999999,0,maa2,Chennai,2026-08-31T08:57:31.194392Z
ChIJAQAA1FVmUjoRpDq0y9ny580,Anjappar Chettinad Restaurant,places,en,194,13.0408951,80.23653885,13.0404909,80.2376178,0,maa2,Chennai,2026-08-31T08:57:31.194396Z
ChIJhcxEcuxnUjoRjN6k7GtyZqY,T Nagar Bhai Kadai,places,en,194,13.0408951,80.23653885,13.042067900000001,80.2363015,0,maa2,Chennai,2026-08-31T08:57:31.194399Z
ChIJVVVVVVZmUjoR9xdtydGQv9k,Shri Balaajee Bhavan,places,en,194,13.0408951,80.23653885,13.040855599999999,80.23789730000001,0,maa2,Chennai,2026-08-31T08:57:31.194402Z
ChIJN9PVs1ZmUjoR-zPU-2b0ExQ,Mallika's Kitchen,places,en,194,13.0408951,80.23653885,13.041926000000002,80.23737,0,maa2,Chennai,2026-08-31T08:57:31.194405Z
ChIJ_ZmWDABnUjoRymUpZ7530TI,Jinna boy kadai,places,en,194,13.0408951,80.23653885,13.039739,80.2358526,0,maa2,Chennai,2026-08-31T08:57:31.194408Z
ChIJJfqQxVtnUjoRZ48HaeisKKw,Jinnah Bhai Street Food,places,en,194,13.0408951,80.23653885,13.0396527,80.2359626,0,maa2,Chennai,2026-08-31T08:57:31.194411Z
ChIJebXtoG5dUjoRmhpkXsgIsS0,Ponpandi Hotel,places,en,196,12.97335565,80.24780275,12.9731899,80.2476981,0,maa2,Chennai,2026-08-31T08:57:31.909436Z
ChIJDWYFWlVdUjoRCOgM0HM7C_E,Madhampatty Ventures Pvt Ltd By Night Lion & Veettu Sappadu,places,en,196,12.97335565,80.24780275,12.9723618,80.2484077,0,maa2,Chennai,2026-08-31T08:57:31.909466Z
ChIJ59R0-2tdUjoRKzbWmW8FyHI,SHANTHI BHAVAN,places,en,196,12.97335565,80.24780275,12.972713899999999,80.2493496,0,maa2,Chennai,2026-08-31T08:57:31.909471Z
ChIJ4yTJZWhdUjoRW4xJx9x_M2s,Midnight Madness,places,en,196,12.97335565,80.24780275,12.9725085,80.2492753,0,maa2,Chennai,2026-08-31T08:57:31.909475Z
ChIJzfZxfW5dUjoRv6grnY23c-Y,Namma Aachi Mess,places,en,196,12.97335565,80.24780275,12.9736265,80.2460116,0,maa2,Chennai,2026-08-31T08:57:31.909478Z
ChIJaRLTSF5dUjoRp6Ib2HBSV6Y,MEERA TIFFIN CENTER,places,en,196,12.97335565,80.24780275,12.9724706,80.24952069999999,0,maa2,Chennai,2026-08-31T08:57:31.909481Z
ChIJrUke8RpdUjoRxTuakXTvOvw,HOTEL SARAVANA BHAVAN,places,en,196,12.97335565,80.24780275,12.973011999999999,80.249887,0,maa2,Chennai,2026-08-31T08:57:31.909485Z
ChIJ35yS1CVdUjoRRf1Vx_psFU4,Skandas Pure Veg Restaurant,places,en,196,12.97335565,80.24780275,12.9733541,80.24994,0,maa2,Chennai,2026-08-31T08:57:31.909489Z
ChIJZxN-4WtdUjoRkwPDP_AtD8U,Savoury Sea Shell Restaurant,places,en,196,12.97335565,80.24780275,12.973016999999999,80.2499222,0,maa2,Chennai,2026-08-31T08:57:31.909492Z
ChIJod6eXwBdUjoRtn3vGMX0Jpk,KFC,places,en,196,12.97335565,80.24780275,12.972201,80.24963009999999,0,maa2,Chennai,2026-08-31T08:57:31.909495Z
ChIJUQYsCExdUjoReCk7svD4waA,"Theobroma Bakery and Cake Shop - Kotivakkam OMR, Chennai",places,en,196,12.97335565,80.24780275,12.9720886,80.24957289999999,0,maa2,Chennai,2026-08-31T08:57:31.909498Z
ChIJ4wS1bQVdUjoRxyZbNvifU-8,Dé Sandwich,places,en,196,12.97335565,80.24780275,12.9732878,80.2499978,0,maa2,Chennai,2026-08-31T08:57:31.909502Z
ChIJoeFJXWldUjoRYxvPr5ItLUA,11 o' Cafe - OMR,places,en,196,12.97335565,80.24780275,12.9732533,80.2500033,0,maa2,Chennai,2026-08-31T08:57:31.909505Z
ChIJ8ypG6ShdUjoR4ERgX16AM44,Skandas Pure Veg @ Sakthi Cafe,places,en,196,12.97335565,80.24780275,12.9732431,80.25000829999999,0,maa2,Chennai,2026-08-31T08:57:31.909508Z
ChIJ77ma4dZdUjoRZnKJHCtXxfk,Karaikudi Kalyana Virunthu,places,en,196,12.97335565,80.24780275,12.972186899999999,80.2496781,0,maa2,Chennai,2026-08-31T08:57:31.909512Z
ChIJNcTg5SBdUjoR2ohFyS48Y0I,Kana Foods,places,en,196,12.97335565,80.24780275,12.973300499999999,80.25002610000001,0,maa2,Chennai,2026-08-31T08:57:31.909515Z
ChIJ2Xfd3wlbUjoRQAQ56cgYKX8,KFC,places,en,196,12.97335565,80.24780275,12.972142400000001,80.2496915,0,maa2,Chennai,2026-08-31T08:57:31.909550Z
ChIJoe2_xcJdUjoR-miMyuc00hE,The Belgian Waffle Co.,places,en,196,12.97335565,80.24780275,12.9720864,80.2496646,0,maa2,Chennai,2026-08-31T08:57:31.909555Z
ChIJq78-2WtdUjoRqD8VreqvMMQ,Sree Gupta Bhavan - SgB,places,en,196,12.97335565,80.24780275,12.9735221,80.250081,0,maa2,Chennai,2026-08-31T08:57:31.909558Z
ChIJ82JLxW1dUjoRIir2dJYuwRk,Sizzling Point,places,en,196,12.97335565,80.24780275,12.9724699,80.2454285,0,maa2,Chennai,2026-08-31T08:57:31.909561Z
ChIJLf9QxNRnUjoR5hxQi7cyhMY,Waffles Heaven,places,en,197,13.0144154,80.2262371,13.014615,80.2262282,0,maa2,Chennai,2026-08-31T08:57:32.222995Z
ChIJobtOt7NnUjoRjZ3aS_4BarM,Akka Kadai,places,en,197,13.0144154,80.2262371,13.0152375,80.2261108,0,maa2,Chennai,2026-08-31T08:57:32.223006Z
ChIJNR7B_J9nUjoRAR3fjCjP-k8,Hotel Onis,places,en,197,13.0144154,80.2262371,13.0150229,80.2253515,0,maa2,Chennai,2026-08-31T08:57:32.223010Z
ChIJZYh3ZAxnUjoRfmwryuONeQg,ஹோட்டல் முருகன்டிபன் சென்டர்,places,en,197,13.0144154,80.2262371,13.0153124,80.225639,0,maa2,Chennai,2026-08-31T08:57:32.223012Z
ChIJr7G2urlnUjoRK4AT3ITsWA0,Yarab Briyani,places,en,197,13.0144154,80.2262371,13.0148549,80.2251234,0,maa2,Chennai,2026-08-31T08:57:32.223015Z
ChIJ1Q8CZwBnUjoRDL40XW3i1d0,Andavar Mess,places,en,197,13.0144154,80.2262371,13.0148511,80.2251181,0,maa2,Chennai,2026-08-31T08:57:32.223017Z
ChIJkwNKYAxnUjoRAUFKKNhX3Yo,Hotel Ashok Bhavan,places,en,197,13.0144154,80.2262371,13.0147321,80.2250533,0,maa2,Chennai,2026-08-31T08:57:32.223019Z
ChIJvV3iKJpnUjoRlgc1NtKe8OA,Sri Vinayaka Andhra Mess,places,en,197,13.0144154,80.2262371,13.015281499999999,80.2253745,0,maa2,Chennai,2026-08-31T08:57:32.223021Z
ChIJ38sVDgBnUjoRdwgKliTnviM,AMMA HOTEL,places,en,197,13.0144154,80.2262371,13.0132034,80.2260154,0,maa2,Chennai,2026-08-31T08:57:32.223024Z
ChIJSds-YQxnUjoRmFb6I1g2dI0,Peter Sandwich,places,en,197,13.0144154,80.2262371,13.0152909,80.2253423,0,maa2,Chennai,2026-08-31T08:57:32.223026Z
ChIJOQjJegxnUjoRKxXBg3T69wQ,Althaf Food Court,places,en,197,13.0144154,80.2262371,13.015608,80.22588979999999,0,maa2,Chennai,2026-08-31T08:57:32.223028Z
ChIJc44fXgxnUjoRm5_Jlv39yGY,Adyar Ananda Bhavan - A2B,places,en,197,13.0144154,80.2262371,13.0151072,80.2250403,0,maa2,Chennai,2026-08-31T08:57:32.223030Z
ChIJIeAt9AxnUjoRCCZlImleuwU,Hot Chicken,places,en,197,13.0144154,80.2262371,13.0147429,80.2247872,0,maa2,Chennai,2026-08-31T08:57:32.223032Z
ChIJc1i9Zj9nUjoRUnwCFb-ZZlo,DADA Mess,places,en,197,13.0144154,80.2262371,13.014928699999999,80.2248226,0,maa2,Chennai,2026-08-31T08:57:32.223034Z
ChIJ-0-VewxnUjoRIdTrZ-v88H4,Hotel Beebiz Guindy,places,en,197,13.0144154,80.2262371,13.0158484,80.2258205,0,maa2,Chennai,2026-08-31T08:57:32.223036Z
ChIJl3zDDgBnUjoRe5RqOV4VdfU,HOTEL MOUNT PALACE,places,en,197,13.0144154,80.2262371,13.0149052,80.22469129999999,0,maa2,Chennai,2026-08-31T08:57:32.223038Z
ChIJ43tQoQFnUjoRgrOmeBjtzfs,Naidu Andhra Mess,places,en,197,13.0144154,80.2262371,13.0142837,80.2245578,0,maa2,Chennai,2026-08-31T08:57:32.223040Z
ChIJZfT6bVhnUjoRMIGxKjTuYOI,The Casablanca Co.,places,en,197,13.0144154,80.2262371,13.013686799999999,80.2277421,0,maa2,Chennai,2026-08-31T08:57:32.223042Z
ChIJpXuzbQxnUjoRwDIIxBZBzvQ,Chinna Malai Tiffin Center,places,en,197,13.0144154,80.2262371,13.016153399999999,80.2257,0,maa2,Chennai,2026-08-31T08:57:32.223044Z
ChIJNdMy3IpnUjoRvhaJpHRrZAo,Mr.TAWAKARI,places,en,197,13.0144154,80.2262371,13.0161857,80.2257158,0,maa2,Chennai,2026-08-31T08:57:32.223046Z
ChIJQau-wHFmUjoRgYb47c2245s,Ravi's Tiffin Centre,places,en,198,13.07182425,80.2467685,13.071232,80.24723120000002,0,maa2,Chennai,2026-08-31T08:57:32.611056Z
ChIJMU456GNmUjoRj1kaMBWCQi4,Masaledaar Firangi Tadka - Chetpet,places,en,198,13.07182425,80.2467685,13.0709845,80.24645400000001,0,maa2,Chennai,2026-08-31T08:57:32.611066Z
ChIJjZtqnHFmUjoRNKHolQYJxtg,Shree Mithai,places,en,198,13.07182425,80.2467685,13.0721694,80.2478263,0,maa2,Chennai,2026-08-31T08:57:32.611068Z
ChIJqQB__3BmUjoRB3xDxrSxa9o,SUGUNA CHICKEN,places,en,198,13.07182425,80.2467685,13.072675300000002,80.2458879,0,maa2,Chennai,2026-08-31T08:57:32.611070Z
ChIJ____IwBlUjoRzIOb8BTqSNQ,The Malayalee Club,places,en,198,13.07182425,80.2467685,13.0734117,80.2469673,0,maa2,Chennai,2026-08-31T08:57:32.611072Z
ChIJwVFw3XBmUjoRLaJOSSLQLrw,New Aachi Chettinad Restaurant,places,en,198,13.07182425,80.2467685,13.0740976,80.24551970000002,0,maa2,Chennai,2026-08-31T08:57:32.611074Z
ChIJ6wDFkZFnUjoRx-c5ifv3AN4,Nalini Tiffin Center,places,en,198,13.07182425,80.2467685,13.073579299999999,80.2448206,0,maa2,Chennai,2026-08-31T08:57:32.611076Z
ChIJHYGgPIJnUjoR5TOSDM1f66w,Vasugi Mess,places,en,199,13.06666065,80.2148171,13.066674299999999,80.2147547,0,maa2,Chennai,2026-08-31T08:57:32.943015Z
ChIJiQO9Ce9nUjoRRPDpKZ8mMic,BEAST FEAST,places,en,199,13.06666065,80.2148171,13.0664973,80.2147026,0,maa2,Chennai,2026-08-31T08:57:32.943025Z
ChIJHbtVgBtnUjoROg3rHHHbqvA,Agaram Tiffin Centre,places,en,199,13.06666065,80.2148171,13.0664435,80.21497769999999,0,maa2,Chennai,2026-08-31T08:57:32.943029Z
ChIJsQBjOZdmUjoRGfCuzarQdKs,Madarasi Biriyani & Fast Food,places,en,199,13.06666065,80.2148171,13.066857299999999,80.21448529999999,0,maa2,Chennai,2026-08-31T08:57:32.943032Z
ChIJLRShZ-pnUjoRMkUZnPmr1BI,Kebab King,places,en,199,13.06666065,80.2148171,13.066909299999999,80.2145069,0,maa2,Chennai,2026-08-31T08:57:32.943035Z
ChIJFWzY0IFnUjoRxMdjFSWaLV0,Ambur Briyani & Kababs,places,en,199,13.06666065,80.2148171,13.0668917,80.21448409999999,0,maa2,Chennai,2026-08-31T08:57:32.943037Z
ChIJIyCm_cBnUjoRbzBxynoq_2c,Chickato Crispy Fried Chicken MMDA,places,en,199,13.06666065,80.2148171,13.066899999999999,80.2144781,0,maa2,Chennai,2026-08-31T08:57:32.943039Z
ChIJjYA8ffVnUjoRrIiYwqZjzE8,Cold Coffee,places,en,199,13.06666065,80.2148171,13.0669696,80.2144814,0,maa2,Chennai,2026-08-31T08:57:32.943041Z
ChIJ-8rATxVnUjoRFHPjnWhieI0,ANSAA AMBUR BRIYANI,places,en,199,13.06666065,80.2148171,13.066413899999999,80.2152207,0,maa2,Chennai,2026-08-31T08:57:32.943043Z
ChIJ7eP2exZnUjoRls3ckVLCPCI,M S Tiffin Centre,places,en,199,13.06666065,80.2148171,13.0671427,80.2150861,0,maa2,Chennai,2026-08-31T08:57:32.943045Z
ChIJwchpX0VnUjoRaOvUFQzx1P4,Ss Madina Biryani,places,en,199,13.06666065,80.2148171,13.06641,80.2154427,0,maa2,Chennai,2026-08-31T08:57:32.943048Z
ChIJL94Q241nUjoRqe7xiYL4gMo,Sri Srinivasa Chicken Centre,places,en,199,13.06666065,80.2148171,13.066118,80.2143033,0,maa2,Chennai,2026-08-31T08:57:32.943050Z
ChIJS53YhTJnUjoRFZ-LB7cSIAk,Kovilpatti Murukku Kadai - Arumbakkam MMDA,places,en,199,13.06666065,80.2148171,13.067209,80.2142949,0,maa2,Chennai,2026-08-31T08:57:32.943052Z
ChIJl7gb7tBnUjoR0Kgfp1P-Ohw,TEA 2 SPECIAL,places,en,199,13.06666065,80.2148171,13.0661081,80.2142021,0,maa2,Chennai,2026-08-31T08:57:32.943054Z
ChIJp8z9Ms9nUjoRLoYstHyOLyE,Royal Veg Biriyani,places,en,199,13.06666065,80.2148171,13.066453099999999,80.21562809999999,0,maa2,Chennai,2026-08-31T08:57:32.943056Z
ChIJG1DSQJdmUjoRCdsEjQW4GvY,SRI BHAKIYA LAKSHMI TIFFIN CENTER,places,en,199,13.06666065,80.2148171,13.067338699999999,80.2142956,0,maa2,Chennai,2026-08-31T08:57:32.943058Z
ChIJYaLKHNBnUjoRiXIlM4z-eFk,Dawood Biriyani,places,en,199,13.06666065,80.2148171,13.0671007,80.2156311,0,maa2,Chennai,2026-08-31T08:57:32.943061Z
ChIJxwXqRghnUjoRDsO8XqmI81M,Jeevan's Chapathi Spot,places,en,199,13.06666065,80.2148171,13.0674511,80.2142846,0,maa2,Chennai,2026-08-31T08:57:32.943063Z
ChIJmaSKgxdnUjoR0O59Xng0TM0,Vigrama restaurant,places,en,199,13.06666065,80.2148171,13.0662864,80.2138495,0,maa2,Chennai,2026-08-31T08:57:32.943065Z
ChIJeShARSZnUjoRwAoJuHEqrjc,WISE FAMILY RESTAURANT A/C,places,en,199,13.06666065,80.2148171,13.0657725,80.2142701,0,maa2,Chennai,2026-08-31T08:57:32.943067Z
ChIJ0zAyvxxlUjoR8lIAkWlI4fU,Kathar Bai Dum Biriyani’s,places,en,200,13.072713499999999,80.21770864999999,13.0726902,80.217468,0,maa2,Chennai,2026-08-31T08:57:33.305815Z
ChIJme6dl5tmUjoRLzusyEGforU,R.R.T Suguna Chicken,places,en,200,13.072713499999999,80.21770864999999,13.0731831,80.21743000000001,0,maa2,Chennai,2026-08-31T08:57:33.305825Z
ChIJI46Nj6RnUjoRTy51JEq0ZM8,The Fish Box Chennai – Fresh Fish & Meat Home Delivery,places,en,200,13.072713499999999,80.21770864999999,13.072267799999999,80.217314,0,maa2,Chennai,2026-08-31T08:57:33.305827Z
ChIJq2q_W-RnUjoRS6ZmnB-iP40,SAHANAA'S KITCHEN,places,en,200,13.072713499999999,80.21770864999999,13.0732637,80.217394,0,maa2,Chennai,2026-08-31T08:57:33.305829Z
ChIJKSRcj45nUjoR214h4wk8G5A,Annamalaiyaar Unavakam,places,en,200,13.072713499999999,80.21770864999999,13.0718098,80.21725219999999,0,maa2,Chennai,2026-08-31T08:57:33.305830Z
ChIJ8dRLVMBnUjoRHc9g2FLO3qo,HALLI DONNE BIRYANI KITCHEN,places,en,200,13.072713499999999,80.21770864999999,13.0734937,80.2188293,0,maa2,Chennai,2026-08-31T08:57:33.305831Z
ChIJme8gmQNnUjoR4JjKu5lY8Ao,puttalam biryani,places,en,200,13.072713499999999,80.21770864999999,13.0735208,80.218909,0,maa2,Chennai,2026-08-31T08:57:33.305833Z
ChIJ62vfXLxnUjoRGcQ0PItNMWw,Roti Ready,places,en,200,13.072713499999999,80.21770864999999,13.074194799999999,80.2177143,0,maa2,Chennai,2026-08-31T08:57:33.305834Z
ChIJnaHAXRBnUjoR1C6XFhkGJkM,Nive's Veg Restaurant,places,en,200,13.072713499999999,80.21770864999999,13.0744054,80.21827979999999,0,maa2,Chennai,2026-08-31T08:57:33.305836Z
ChIJWZU2U_9nUjoRnKoIrfzmKWE,KADAL VIRUNDHU,places,en,200,13.072713499999999,80.21770864999999,13.0744642,80.2182624,0,maa2,Chennai,2026-08-31T08:57:33.305837Z
ChIJyZmn5JtmUjoR11mx30rurio,J J SNACKS'S & COOL BAR,places,en,200,13.072713499999999,80.21770864999999,13.0726971,80.2157805,0,maa2,Chennai,2026-08-31T08:57:33.305839Z
ChIJv66OAo5nUjoRhe4IDQb7o9c,Nithya Annam foods,places,en,200,13.072713499999999,80.21770864999999,13.0746044,80.2175523,0,maa2,Chennai,2026-08-31T08:57:33.305840Z
ChIJCWoe5JtmUjoRA7QWwn051eA,Sri Rani Biryani & Fast Food Centre,places,en,200,13.072713499999999,80.21770864999999,13.073272999999999,80.215814,0,maa2,Chennai,2026-08-31T08:57:33.305841Z
ChIJtde1hL1nUjoRZmv0zZnrpn4,JOSEPH BIRINJI AND BIRIYANI STALL,places,en,200,13.072713499999999,80.21770864999999,13.0718946,80.2194829,0,maa2,Chennai,2026-08-31T08:57:33.305842Z
ChIJQ4tSbwBnUjoRoQy2JHyeVpE,Vijayam appa kadai,places,en,200,13.072713499999999,80.21770864999999,13.0734281,80.2157826,0,maa2,Chennai,2026-08-31T08:57:33.305844Z
ChIJVR__ZdxnUjoRurrrp_O0tKM,Nissi Kitchen,places,en,200,13.072713499999999,80.21770864999999,13.0734704,80.2157945,0,maa2,Chennai,2026-08-31T08:57:33.305846Z
ChIJSQGC-iFnUjoR79mCQzhQUS0,Scoot Barota,places,en,200,13.072713499999999,80.21770864999999,13.0734508,80.2157845,0,maa2,Chennai,2026-08-31T08:57:33.305847Z
ChIJ-QzDgZxmUjoRcl8HloXHmvw,The Smith's Café & Bakery,places,en,200,13.072713499999999,80.21770864999999,13.0746836,80.2181581,0,maa2,Chennai,2026-08-31T08:57:33.305848Z
ChIJF81WG7VnUjoRQE-uokAaLak,Senthi Veg,places,en,200,13.072713499999999,80.21770864999999,13.074767099999999,80.2177296,0,maa2,Chennai,2026-08-31T08:57:33.305850Z
ChIJRyAD4OBvUjoR4uHk9hxy_Z8,MEET WITH CHAT,places,en,202,13.12232855,80.2847319,13.1211211,80.28471449999999,0,maa2,Chennai,2026-08-31T08:57:33.962115Z
ChIJ5xrKnjJvUjoRlyzJW8JD0lM,OM SHASTIK CANTEEN,places,en,202,13.12232855,80.2847319,13.1215605,80.2858024,0,maa2,Chennai,2026-08-31T08:57:33.962125Z
ChIJCzHvcs1vUjoRdETfl3gG_ZU,D Y FOODS,places,en,202,13.12232855,80.2847319,13.1211959,80.2836607,0,maa2,Chennai,2026-08-31T08:57:33.962128Z
ChIJO9-IGk5vUjoRCqzBUQBWAYg,ATTU CHAAT & SNACKS,places,en,202,13.12232855,80.2847319,13.123880999999999,80.284919,0,maa2,Chennai,2026-08-31T08:57:33.962130Z
ChIJVYUGefRvUjoRpXnJVHMmeeg,Phoenix sky bird,places,en,202,13.12232855,80.2847319,13.122128,80.2864602,0,maa2,Chennai,2026-08-31T08:57:33.962133Z
ChIJAeLmrhZvUjoRZ1A2qDFezws,Angalamman Tiffen Centre,places,en,202,13.12232855,80.2847319,13.1208513,80.2835613,0,maa2,Chennai,2026-08-31T08:57:33.962135Z
ChIJC3gkJtVvUjoRQA_CtealTQM,We Chai,places,en,202,13.12232855,80.2847319,13.120527,80.28607130000002,0,maa2,Chennai,2026-08-31T08:57:33.962137Z
ChIJJbe-UABvUjoRAP2fpfu79eY,Hotel Shanthi Viharr Pure Veg,places,en,202,13.12232855,80.2847319,13.1203738,80.2859409,0,maa2,Chennai,2026-08-31T08:57:33.962139Z
ChIJ-euPPQBvUjoRWOz8w5OqI04,TTC CHATS (Pure Veg),places,en,202,13.12232855,80.2847319,13.1203115,80.2859063,0,maa2,Chennai,2026-08-31T08:57:33.962141Z
ChIJgZQLSC9vUjoRzxPx4TVQqqQ,briger'S'king,places,en,202,13.12232855,80.2847319,13.1229965,80.28714649999999,0,maa2,Chennai,2026-08-31T08:57:33.962142Z
ChIJAVnb-XlvUjoRPhrjAdjplQQ,சாந்தி பாஸ்ட் ஃபுட்,places,en,202,13.12232855,80.2847319,13.122905699999999,80.2872229,0,maa2,Chennai,2026-08-31T08:57:33.962144Z
ChIJM08HJQBvUjoRF3NRfV5LgNg,Chill N Chat,places,en,202,13.12232855,80.2847319,13.1229395,80.2872793,0,maa2,Chennai,2026-08-31T08:57:33.962146Z
ChIJvZpyCaplUjoR1G2xfgvIupw,Shayera's Bait Al Mandhi,places,en,203,13.09313515,80.244631,13.092485700000001,80.2452014,0,maa2,Chennai,2026-08-31T08:57:34.337459Z
ChIJ83mXpZllUjoRlusslOS1q3I,TOPCO TIFFIN CENTER,places,en,203,13.09313515,80.244631,13.093670699999999,80.2432079,0,maa2,Chennai,2026-08-31T08:57:34.337467Z
ChIJ0U6M_s9lUjoRNgRVIGv9kLY,NIRMALA SNACK BAR,places,en,203,13.09313515,80.244631,13.0927265,80.2429672,0,maa2,Chennai,2026-08-31T08:57:34.337471Z
ChIJmSQe24tlUjoRtPIcP9RokQ8,Murugan's Annapoorna,places,en,203,13.09313515,80.244631,13.092605,80.2428826,0,maa2,Chennai,2026-08-31T08:57:34.337473Z
ChIJVYk6SF1lUjoREGyEJ8klYMY,AMMA UNAVAGAM,places,en,203,13.09313515,80.244631,13.093417500000001,80.2427955,0,maa2,Chennai,2026-08-31T08:57:34.337475Z
ChIJRzboH79lUjoRgAWuVy--FRo,S S S Ginger Tea,places,en,203,13.09313515,80.244631,13.092188499999999,80.2428278,0,maa2,Chennai,2026-08-31T08:57:34.337477Z
ChIJ_Rkg8axlUjoRaDLtLTD7G0I,Divya Manna tiffin center,places,en,203,13.09313515,80.244631,13.0946092,80.2467253,0,maa2,Chennai,2026-08-31T08:57:34.337479Z
ChIJZ9iWfwBlUjoRv75bqowdXEQ,SRI BHUVANESHWARI CHAT SHOP,places,en,204,13.1222821,80.23959135000001,13.121985599999999,80.2397783,0,maa2,Chennai,2026-08-31T08:57:34.778444Z
ChIJkz9SI6llUjoRPIigqxGznn0,கரரைக்குடி செட்டிநாடு ஸ்பெஷல்,places,en,204,13.1222821,80.23959135000001,13.121970099999999,80.23981549999999,0,maa2,Chennai,2026-08-31T08:57:34.778453Z
ChIJpQ3rQallUjoRJJHKdJxGgzM,SALMA BIRYANI & FAST FOOD,places,en,204,13.1222821,80.23959135000001,13.1221698,80.23882499999999,0,maa2,Chennai,2026-08-31T08:57:34.778456Z
ChIJp9weQqllUjoRU--mUYXvQ1A,Hotel Ganapathi,places,en,204,13.1222821,80.23959135000001,13.1221623,80.2388003,0,maa2,Chennai,2026-08-31T08:57:34.778458Z
ChIJnWxwpL5lUjoR3CKk-CTTipI,MADURAIK KARA MACHANS,places,en,204,13.1222821,80.23959135000001,13.1221564,80.23869780000001,0,maa2,Chennai,2026-08-31T08:57:34.778460Z
ChIJz-EYos5lUjoRiFnz7zT2BLw,ZAZA'S BIRYANI catering services,places,en,204,13.1222821,80.23959135000001,13.1214414,80.2377614,0,maa2,Chennai,2026-08-31T08:57:34.778462Z
ChIJPwKCgm1lUjoRpkdfYFu7G1A,FELIC CAFE,places,en,204,13.1222821,80.23959135000001,13.1216133,80.2417464,0,maa2,Chennai,2026-08-31T08:57:34.778464Z
ChIJVTko60llUjoRDLiJ7AD1YOA,Vayal Stores,places,en,204,13.1222821,80.23959135000001,13.120483900000002,80.2381614,0,maa2,Chennai,2026-08-31T08:57:34.778465Z
ChIJXWHu5qtlUjoRxr323MDs2Oc,SUN SET BIRIYANI,places,en,204,13.1222821,80.23959135000001,13.1219491,80.2372384,0,maa2,Chennai,2026-08-31T08:57:34.778467Z
ChIJK66Kpa5lUjoRs0Ten6TlMFI,வேல் முருகன் ஸ்டோர்,places,en,204,13.1222821,80.23959135000001,13.1200844,80.2381454,0,maa2,Chennai,2026-08-31T08:57:34.778469Z
ChIJ02BmqMZlUjoRXmnJTleGS4M,Thenkuzhali Mess,places,en,205,13.109191299999999,80.2321124,13.1090877,80.23221830000001,0,maa2,Chennai,2026-08-31T08:57:35.087319Z
ChIJ4coYCd1lUjoROnHg_qG8VF8,SRI AACHI FOODS,places,en,205,13.109191299999999,80.2321124,13.109561099999999,80.23242739999999,0,maa2,Chennai,2026-08-31T08:57:35.087336Z
ChIJxTr7fC5lUjoRjEtxZNZHfao,Crunches,places,en,205,13.109191299999999,80.2321124,13.1095718,80.23159140000001,0,maa2,Chennai,2026-08-31T08:57:35.087341Z
ChIJR5PnTlRlUjoRNtrdY2dn5Fg,Quality Kitchen,places,en,205,13.109191299999999,80.2321124,13.110350799999999,80.2321788,0,maa2,Chennai,2026-08-31T08:57:35.087344Z
ChIJ94ufSrNlUjoRaYXqMtzrEXY,சிறுவாபுரி சிற்றுண்டியகம்,places,en,205,13.109191299999999,80.2321124,13.110595300000002,80.2322198,0,maa2,Chennai,2026-08-31T08:57:35.087347Z
ChIJczix0kxkUjoRGkg0tp7WDHE,ஆரபி இட்லி தோசை மாவு,places,en,205,13.109191299999999,80.2321124,13.1113735,80.23210399999999,0,maa2,Chennai,2026-08-31T08:57:35.087351Z
ChIJvyKeVjdlUjoRwiDKn1vA4Ec,SRI THAYARAMMA CAFE,places,en,205,13.109191299999999,80.2321124,13.1082138,80.23010599999999,0,maa2,Chennai,2026-08-31T08:57:35.087353Z
ChIJfaZUO1plUjoR168rbX21HlA,Loco Dhaba Restaurant,places,en,205,13.109191299999999,80.2321124,13.1082067,80.2300972,0,maa2,Chennai,2026-08-31T08:57:35.087356Z
ChIJCRoWm15lUjoRLjAfjVZEPTY,Hungry tiger cloud kitchen,places,en,205,13.109191299999999,80.2321124,13.111448699999999,80.23270959999999,0,maa2,Chennai,2026-08-31T08:57:35.087359Z
ChIJr3u9v8FlUjoRgk-SY4hKEoc,The Bowl Company,places,en,205,13.109191299999999,80.2321124,13.1117732,80.2325754,0,maa2,Chennai,2026-08-31T08:57:35.087361Z
ChIJSQEbeqpnUjoRq9cnhnMxlp4,Mughizh Cloud kitchen,places,en,206,13.030641899999999,80.2039892,13.030412499999999,80.20412859999999,0,maa2,Chennai,2026-08-31T08:57:35.398289Z
ChIJAaVrY99nUjoRcaxO9fnlrqI,Karaikudi Chittnadu,places,en,206,13.030641899999999,80.2039892,13.0309835,80.2042223,0,maa2,Chennai,2026-08-31T08:57:35.398297Z
ChIJkRjSiVFnUjoRPGbLFj4Thmc,Sriram hotel,places,en,206,13.030641899999999,80.2039892,13.031378,80.204121,0,maa2,Chennai,2026-08-31T08:57:35.398300Z
ChIJk7RO8blnUjoRttcWBKUL01Y,Sri Moogambigai Tea Stall,places,en,206,13.030641899999999,80.2039892,13.029847499999999,80.20372309999999,0,maa2,Chennai,2026-08-31T08:57:35.398301Z
ChIJl_6EYstnUjoRywTjImknrKQ,Night delight,places,en,206,13.030641899999999,80.2039892,13.031460299999999,80.204324,0,maa2,Chennai,2026-08-31T08:57:35.398303Z
ChIJYVHIUQRnUjoRHn-p6QwjO5Y,Arcot Briyani,places,en,206,13.030641899999999,80.2039892,13.031429099999999,80.2044239,0,maa2,Chennai,2026-08-31T08:57:35.398304Z
ChIJD42vbTlnUjoRQmQDnYk5CX0,Annapushpam juice shop,places,en,206,13.030641899999999,80.2039892,13.0316041,80.203653,0,maa2,Chennai,2026-08-31T08:57:35.398305Z
ChIJ6UKJbtNnUjoR5KCLKhazS_I,SRI PONTHAI CATERING SERVICE,places,en,206,13.030641899999999,80.2039892,13.029939299999999,80.20480069999999,0,maa2,Chennai,2026-08-31T08:57:35.398306Z
ChIJwbmxFABnUjoRN7hRo2g1RbI,திருவண்ணாமலை,places,en,206,13.030641899999999,80.2039892,13.0294507,80.20446299999999,0,maa2,Chennai,2026-08-31T08:57:35.398311Z
ChIJMQHEhPtnUjoRXPQjL_qLqKw,Atithi Restaurant,places,en,206,13.030641899999999,80.2039892,13.0306844,80.2026379,0,maa2,Chennai,2026-08-31T08:57:35.398313Z
ChIJ5ePTTCFnUjoRiYtQIdx-87A,Pandiyan Tea Stall,places,en,206,13.030641899999999,80.2039892,13.0292892,80.2042642,0,maa2,Chennai,2026-08-31T08:57:35.398314Z
ChIJ2a-OxdFnUjoRNBwaACV1ao8,Maasi Sambal,places,en,206,13.030641899999999,80.2039892,13.030555,80.2054411,0,maa2,Chennai,2026-08-31T08:57:35.398315Z
ChIJl59USQBnUjoR6SxR5YxWB2U,Snacks story,places,en,206,13.030641899999999,80.2039892,13.0312298,80.2054102,0,maa2,Chennai,2026-08-31T08:57:35.398316Z
ChIJwRGxCwBnUjoR-TICaPeNCN0,Abis kitchen,places,en,206,13.030641899999999,80.2039892,13.031199899999999,80.2054634,0,maa2,Chennai,2026-08-31T08:57:35.398318Z
ChIJv4j1ICFnUjoRkKmw5fO9QKM,Trichy Buhari Hotel,places,en,206,13.030641899999999,80.2039892,13.031209899999999,80.2054622,0,maa2,Chennai,2026-08-31T08:57:35.398319Z
ChIJRyRzGSdnUjoRW-ijmC9-sSU,Hotel M.K.S Veg,places,en,206,13.030641899999999,80.2039892,13.031678,80.2025548,0,maa2,Chennai,2026-08-31T08:57:35.398320Z
ChIJKW3DGSdnUjoRBIjsY9OzsGQ,Amma Unavagam,places,en,206,13.030641899999999,80.2039892,13.031783899999999,80.20262989999999,0,maa2,Chennai,2026-08-31T08:57:35.398321Z
ChIJQb1HwjtnUjoRoRCIUYe1hTE,CSK Kulambu Kadai Curry point,places,en,206,13.030641899999999,80.2039892,13.0323672,80.2028417,0,maa2,Chennai,2026-08-31T08:57:35.398323Z
ChIJ6UReTCJnUjoR-UeXy9qIN5U,Sri Amman Chettinadu Hotel,places,en,206,13.030641899999999,80.2039892,13.030889199999999,80.2061834,0,maa2,Chennai,2026-08-31T08:57:35.398324Z
ChIJLflmYYVnUjoRQIvMJLIlNyo,diyashree chettinadu kitchen,places,en,206,13.030641899999999,80.2039892,13.028649,80.20313,0,maa2,Chennai,2026-08-31T08:57:35.398325Z
ChIJN5YYqU1kUjoRCwyLc_ODgYU,Sss Cookings And Home Caterers,places,en,207,13.1122049,80.22955315,13.112420499999999,80.2291118,0,maa2,Chennai,2026-08-31T08:57:35.760615Z
ChIJu9EU5QllUjoRZYm66CGWNv8,Sri Balaji woodlands,places,en,207,13.1122049,80.22955315,13.112620500000002,80.2298773,0,maa2,Chennai,2026-08-31T08:57:35.760630Z
ChIJGUWhgiRlUjoROq845ivAYis,TEA BOY JAWAHAR NAGAR,places,en,207,13.1122049,80.22955315,13.112735899999999,80.229476,0,maa2,Chennai,2026-08-31T08:57:35.760634Z
ChIJZdwKp01kUjoRw2IaZwxgln8,HOT CHIP'S,places,en,207,13.1122049,80.22955315,13.1127623,80.22924359999999,0,maa2,Chennai,2026-08-31T08:57:35.760637Z
ChIJQ2SONQBlUjoRRQQ1D-Ba0ec,BOLTz,places,en,207,13.1122049,80.22955315,13.112730299999999,80.22905109999999,0,maa2,Chennai,2026-08-31T08:57:35.760639Z
ChIJPR_R3kllUjoRAz_FYQ2NOsM,MANGO MELBA,places,en,207,13.1122049,80.22955315,13.112942199999999,80.22931109999999,0,maa2,Chennai,2026-08-31T08:57:35.760642Z
ChIJP3FMUwBlUjoR94z-ZtV-n-4,Tasty bitez multi cuisine,places,en,207,13.1122049,80.22955315,13.112999499999999,80.2292676,0,maa2,Chennai,2026-08-31T08:57:35.760644Z
ChIJKd-Ir29lUjoRdrWULzBMaRc,Wow! Momo,places,en,207,13.1122049,80.22955315,13.1125694,80.23032099999999,0,maa2,Chennai,2026-08-31T08:57:35.760647Z
ChIJdVmFUUxkUjoRQUHhog5kiTI,Foodezee,places,en,207,13.1122049,80.22955315,13.111525799999999,80.22883759999999,0,maa2,Chennai,2026-08-31T08:57:35.760649Z
ChIJN74ptchlUjoR3htPG4l0y78,THE DOSA TRAIN,places,en,207,13.1122049,80.22955315,13.113162100000002,80.22847580000001,0,maa2,Chennai,2026-08-31T08:57:35.760651Z
ChIJdfhPQsVlUjoR4Ptzr84c8iY,PRANITHA JUUCE SHOP,places,en,207,13.1122049,80.22955315,13.112611099999999,80.2309417,0,maa2,Chennai,2026-08-31T08:57:35.760654Z
ChIJ7XYYvE1kUjoRKNys8fDuQJI,Kebab kafe,places,en,207,13.1122049,80.22955315,13.112925599999999,80.22820449999999,0,maa2,Chennai,2026-08-31T08:57:35.760656Z
ChIJi-WOvk1kUjoRX4wJiu1Rtfw,Rm International,places,en,207,13.1122049,80.22955315,13.1130221,80.22824059999999,0,maa2,Chennai,2026-08-31T08:57:35.760659Z
ChIJ322CIk1kUjoRVPBa9cmWoao,Sri Guru Fast Food,places,en,207,13.1122049,80.22955315,13.1125455,80.2310761,0,maa2,Chennai,2026-08-31T08:57:35.760661Z
ChIJ3T1Yi01kUjoRhsKx-KcclBc,Amma Unavagam,places,en,207,13.1122049,80.22955315,13.113632899999999,80.2288201,0,maa2,Chennai,2026-08-31T08:57:35.760663Z
ChIJMxsEBk5lUjoRY82o-5eVvWs,DSK Sandwich Corner,places,en,207,13.1122049,80.22955315,13.112524,80.2311856,0,maa2,Chennai,2026-08-31T08:57:35.760666Z
ChIJ3w4r1E1lUjoR0eLzRdWA9mQ,Subway Perambur,places,en,207,13.1122049,80.22955315,13.1131651,80.2279713,0,maa2,Chennai,2026-08-31T08:57:35.760668Z
ChIJyVu_cj9lUjoR7UK_2hKkjF0,BurgerMan Perambur,places,en,207,13.1122049,80.22955315,13.1133001,80.2280478,0,maa2,Chennai,2026-08-31T08:57:35.760670Z
ChIJN3mBLk1kUjoRWsXk4pC6MJk,S B Snacks,places,en,207,13.1122049,80.22955315,13.1125654,80.23171789999999,0,maa2,Chennai,2026-08-31T08:57:35.760672Z
ChIJP2enot5lUjoRP_GLu5OSuzg,Chennai Idly Kadai (PureVeg),places,en,207,13.1122049,80.22955315,13.1130798,80.23161879999999,0,maa2,Chennai,2026-08-31T08:57:35.760675Z
ChIJOSwTuuVdUjoR25DZiWwOv0U,Idiyappam Puttu Kadai,places,en,208,12.9728827,80.19633175,12.9725002,80.1964969,0,maa2,Chennai,2026-08-31T08:57:36.087815Z
ChIJ0Q5WLwBdUjoRBDHYQL-B5W8,Taste of Tradition,places,en,208,12.9728827,80.19633175,12.9725182,80.19654240000001,0,maa2,Chennai,2026-08-31T08:57:36.087828Z
ChIJnTZayOVdUjoR3HZvIkbz2qw,Ssm Biryani & Fast Food,places,en,208,12.9728827,80.19633175,12.9724255,80.19645160000002,0,maa2,Chennai,2026-08-31T08:57:36.087832Z
ChIJneL1LaJdUjoRl_iKu0ggRZQ,Kandhavel Grill Gate,places,en,208,12.9728827,80.19633175,12.972228399999999,80.1958633,0,maa2,Chennai,2026-08-31T08:57:36.087834Z
ChIJ2WOvTKRdUjoRbmaukS_CPgo,Tamizh suvai தமிழ் சுவை,places,en,208,12.9728827,80.19633175,12.972323699999999,80.1955722,0,maa2,Chennai,2026-08-31T08:57:36.087837Z
ChIJVwvibQBdUjoR6ubXADBpkL4,The House Of Roll (THOR),places,en,208,12.9728827,80.19633175,12.9720389,80.1975831,0,maa2,Chennai,2026-08-31T08:57:36.087840Z
ChIJHWBEdeVdUjoRVQMArmQnEy0,சென்னை சிற்றுண்டி குடில்,places,en,208,12.9728827,80.19633175,12.974113500000001,80.19732909999999,0,maa2,Chennai,2026-08-31T08:57:36.087843Z
ChIJo8XyuHFdUjoRi6K0vSJxNak,VSP Restaurant,places,en,208,12.9728827,80.19633175,12.9735646,80.1979149,0,maa2,Chennai,2026-08-31T08:57:36.087845Z
ChIJy0MEERRdUjoRjYIAyFF5TQ4,CM Catering Services.,places,en,208,12.9728827,80.19633175,12.9706505,80.1962838,0,maa2,Chennai,2026-08-31T08:57:36.087848Z
ChIJT155fGJdUjoRMpK77-xlQMI,Niviram Sandwich Corner,places,en,208,12.9728827,80.19633175,12.9752201,80.1963396,0,maa2,Chennai,2026-08-31T08:57:36.087851Z
ChIJGeV1VINdUjoREAiL83ZPqLM,Pandiyan,places,en,208,12.9728827,80.19633175,12.9753844,80.1968778,0,maa2,Chennai,2026-08-31T08:57:36.087853Z
ChIJ1Wi9G-RdUjoRfsQFfbTrRr0,Sri Ganesh,places,en,208,12.9728827,80.19633175,12.9715116,80.19398740000001,0,maa2,Chennai,2026-08-31T08:57:36.087855Z
ChIJrYmra-VdUjoR9WZfAiGu0vw,Mercy Rani Fast Food Tiffin Center,places,en,208,12.9728827,80.19633175,12.975268699999999,80.1975137,0,maa2,Chennai,2026-08-31T08:57:36.087858Z
ChIJBaaVGABdUjoRtlh3MJIqehI,NMF Kitchen (a) Park Kitchen,places,en,209,12.97528535,80.22654589999999,12.9748313,80.22827439999999,0,maa2,Chennai,2026-08-31T08:57:37.469311Z
ChIJG7573addUjoRgH_BDQfNrcM,Aru Suvai Unavagam,places,en,209,12.97528535,80.22654589999999,12.976507100000001,80.2288253,0,maa2,Chennai,2026-08-31T08:57:37.469319Z
ChIJL58mUlddUjoRuNomMfcW-r4,MURUGAN TIFFIN CENTRE,places,en,209,12.97528535,80.22654589999999,12.9779378,80.2262887,0,maa2,Chennai,2026-08-31T08:57:37.469321Z
ChIJd87ZHYJdUjoRfaFWPsgmKjA,Sri Sakthi Tiffin Center,places,en,210,12.98400265,80.23137415,12.9838021,80.2310184,0,maa2,Chennai,2026-08-31T08:57:37.855787Z
ChIJq8Tz9IFdUjoRraz6VLDqWZU,GOPAL MESS,places,en,210,12.98400265,80.23137415,12.9840217,80.23087749999999,0,maa2,Chennai,2026-08-31T08:57:37.855827Z
ChIJG4Xc9IFdUjoRYJewGpaUdPk,Gopalettans Restaurant And Teashop,places,en,210,12.98400265,80.23137415,12.984025299999999,80.23084949999999,0,maa2,Chennai,2026-08-31T08:57:37.855832Z
ChIJp-SlQG9dUjoRE3HOsvkS1NM,Taste of Sign,places,en,210,12.98400265,80.23137415,12.9834967,80.2315138,0,maa2,Chennai,2026-08-31T08:57:37.855836Z
ChIJLT7DDoJdUjoRGI-rDFP34Vk,Arjun Mummy Daddy Andhra Mess,places,en,210,12.98400265,80.23137415,12.9832667,80.231522,0,maa2,Chennai,2026-08-31T08:57:37.855839Z
ChIJn_G9GoJdUjoR57_B7IkuJzQ,Amma Unvagam,places,en,210,12.98400265,80.23137415,12.983240799999999,80.2314155,0,maa2,Chennai,2026-08-31T08:57:37.855842Z
ChIJkV1jfYddUjoRAVaTuhlLai4,Wallajah Biriyani - Velachery,places,en,210,12.98400265,80.23137415,12.9831776,80.230762,0,maa2,Chennai,2026-08-31T08:57:37.855846Z
ChIJgf77xxddUjoRt58zn1X1SUA,Burmese Food Point,places,en,210,12.98400265,80.23137415,12.984991899999999,80.2310038,0,maa2,Chennai,2026-08-31T08:57:37.855849Z
ChIJk24RUX9dUjoRZcvwXy_dp_g,Nilgiri Mess,places,en,210,12.98400265,80.23137415,12.9843716,80.2325961,0,maa2,Chennai,2026-08-31T08:57:37.855852Z
ChIJ50w83YFdUjoRgeHZcJ01p1c,Cafe Spark,places,en,210,12.98400265,80.23137415,12.985423599999999,80.2314444,0,maa2,Chennai,2026-08-31T08:57:37.855855Z
ChIJzYhbJQBdUjoRIC8QhbDgx_0,CJ fast food restaurant.,places,en,210,12.98400265,80.23137415,12.982606899999999,80.2319687,0,maa2,Chennai,2026-08-31T08:57:37.855858Z
ChIJkXj9z_ddUjoRbunbcSVjowc,Maaran Snacks,places,en,210,12.98400265,80.23137415,12.9847281,80.2327468,0,maa2,Chennai,2026-08-31T08:57:37.855862Z
ChIJld07ykpdUjoR_J3CctN9TD4,HOT & COOL,places,en,210,12.98400265,80.23137415,12.985642299999999,80.2309575,0,maa2,Chennai,2026-08-31T08:57:37.855865Z
ChIJhTLSPoNdUjoR25MlOYLboac,Five Star Chicken Velachery,places,en,210,12.98400265,80.23137415,12.9824328,80.2320072,0,maa2,Chennai,2026-08-31T08:57:37.855868Z
ChIJGWBhdIJdUjoRfoe0NHI33QU,Ebenezer Hotel,places,en,210,12.98400265,80.23137415,12.9822554,80.2318483,0,maa2,Chennai,2026-08-31T08:57:37.855871Z
ChIJb2Dpbv9dUjoR6-gQVA8V5PA,HOT BOX,places,en,210,12.98400265,80.23137415,12.982209399999999,80.23181389999999,0,maa2,Chennai,2026-08-31T08:57:37.855874Z
ChIJmzFh1K1dUjoRfmwt_AKo3-Q,Dim Sum Shelters,places,en,210,12.98400265,80.23137415,12.985702700000001,80.2305694,0,maa2,Chennai,2026-08-31T08:57:37.855878Z
ChIJuSVsEQBdUjoRykWgK15uwCA,Dosa House,places,en,210,12.98400265,80.23137415,12.9821143,80.2313693,0,maa2,Chennai,2026-08-31T08:57:37.855881Z
ChIJkb81dIJdUjoRNWVKYvi9keQ,எபிநேஷ உணவகம்,places,en,210,12.98400265,80.23137415,12.9821803,80.23194099999999,0,maa2,Chennai,2026-08-31T08:57:37.855884Z
ChIJs_B6K_ddUjoRuvNCw5LWS80,PONNI AKKA KADAI,places,en,210,12.98400265,80.23137415,12.982283599999999,80.2322571,0,maa2,Chennai,2026-08-31T08:57:37.855887Z
ChIJ47sAmHlnUjoRGGnePudsYno,Chennai Soups,places,en,211,13.0518336,80.2340744,13.0516688,80.2337919,0,maa2,Chennai,2026-08-31T08:57:38.161915Z
ChIJCWWlnxdnUjoRiW6GFk0LxzI,kumar kitchen,places,en,211,13.0518336,80.2340744,13.0516875,80.2336875,0,maa2,Chennai,2026-08-31T08:57:38.161923Z
ChIJp7wR0JZnUjoR-c2z-49gBTg,Magil Annam,places,en,211,13.0518336,80.2340744,13.0512388,80.23374319999999,0,maa2,Chennai,2026-08-31T08:57:38.161925Z
ChIJdYnRsA1nUjoRaXsm_pCuuSY,Sri Vinayaga Soup Stall,places,en,211,13.0518336,80.2340744,13.0510316,80.23384399999999,0,maa2,Chennai,2026-08-31T08:57:38.161926Z
ChIJJTPHLV9mUjoRoofaTlgwyX4,Hotel Ganga,places,en,211,13.0518336,80.2340744,13.052609799999999,80.23432969999999,0,maa2,Chennai,2026-08-31T08:57:38.161928Z
ChIJ21op2ldmUjoRNOAcm9fDjM4,Classic Corner,places,en,211,13.0518336,80.2340744,13.051044599999999,80.23365319999999,0,maa2,Chennai,2026-08-31T08:57:38.161930Z
ChIJGXjuewBnUjoRERYeTxrmJfI,Kaalan Kadai,places,en,211,13.0518336,80.2340744,13.050934,80.2340042,0,maa2,Chennai,2026-08-31T08:57:38.161931Z
ChIJcwEqi7BnUjoRxeDJp0mWAyo,Five Star Chicken,places,en,211,13.0518336,80.2340744,13.0529535,80.234426,0,maa2,Chennai,2026-08-31T08:57:38.161932Z
ChIJiWN9wV5mUjoRILH5sdNtzr8,Star,places,en,211,13.0518336,80.2340744,13.052969,80.23444719999999,0,maa2,Chennai,2026-08-31T08:57:38.161934Z
ChIJX32w1uNnUjoRpOGtJ_RxO8k,Erode Amman Mess,places,en,211,13.0518336,80.2340744,13.050610299999999,80.2359436,0,maa2,Chennai,2026-08-31T08:57:38.161938Z
ChIJv_NROLJnUjoRoud2uyR9KAs,FRYBURG Dine N Share,places,en,211,13.0518336,80.2340744,13.0540106,80.2338487,0,maa2,Chennai,2026-08-31T08:57:38.161939Z
ChIJXTB5EVlmUjoReJ20lEPDoW4,AMMA UNAVAGAM,places,en,211,13.0518336,80.2340744,13.0504444,80.2359431,0,maa2,Chennai,2026-08-31T08:57:38.161940Z
ChIJfUnIK5lhUjoRtY46XLha5u4,VIN Kovilpatti Mittai Kadai - தமிழ்நாட்டு பாரம்பரிய உணவு பண்டங்கள்,places,en,212,13.0378774,80.1857524,13.0375974,80.1862944,0,maa2,Chennai,2026-08-31T08:57:38.490233Z
ChIJY1xOXZdhUjoRmIAOJNU-c-M,Natural Green Foods,places,en,212,13.0378774,80.1857524,13.0367939,80.18592629999999,0,maa2,Chennai,2026-08-31T08:57:38.490241Z
ChIJrSTpoSthUjoR2iSXEhWdJ5I,Nandhiniee Sweets,places,en,212,13.0378774,80.1857524,13.037654999999999,80.1844539,0,maa2,Chennai,2026-08-31T08:57:38.490244Z
ChIJGVunvSthUjoREu2JzUBvHo8,Hotel Vairam,places,en,212,13.0378774,80.1857524,13.0373212,80.184063,0,maa2,Chennai,2026-08-31T08:57:38.490246Z
ChIJx1CALilhUjoRipCxurpdrXc,BOOPATHIRAJA THOOTHUKUDI PORICHA PAROTTA,places,en,212,13.0378774,80.1857524,13.0372977,80.1838363,0,maa2,Chennai,2026-08-31T08:57:38.490248Z
ChIJL5P0uithUjoRUvVTyRJRr3I,CITY CHICKEN CORNER,places,en,212,13.0378774,80.1857524,13.036951199999999,80.18383089999999,0,maa2,Chennai,2026-08-31T08:57:38.490249Z
ChIJjWQDCgBnUjoRoVoDAIMVXTE,Hotel Parvathi Bhavan,places,en,213,13.03722455,80.19044745,13.038032699999999,80.1922167,0,maa2,Chennai,2026-08-31T08:57:38.803891Z
ChIJZeXDugJnUjoR8z9tXdUa3ec,Kal meen kadai,places,en,213,13.03722455,80.19044745,13.035600700000002,80.1917179,0,maa2,Chennai,2026-08-31T08:57:38.803899Z
ChIJ8X6SY-tnUjoR_uJ7a17Nfyk,Saptu Pathu Sollunga சாப்பிட்டு பார்த்து சொல்லுங்க,places,en,213,13.03722455,80.19044745,13.0358616,80.1921366,0,maa2,Chennai,2026-08-31T08:57:38.803901Z
ChIJ4aOF3ZxnUjoRaFUy0nOxsgQ,Avanthika Catering-ADS,places,en,213,13.03722455,80.19044745,13.0376687,80.19266089999999,0,maa2,Chennai,2026-08-31T08:57:38.803903Z
ChIJW2q8mQtnUjoR07M4lQDDWs0,TOPI VAPPA BIRIYANI NESAPAKKAM BRANCH,places,en,213,13.03722455,80.19044745,13.0376496,80.1927113,0,maa2,Chennai,2026-08-31T08:57:38.803904Z
ChIJsQtQ-4xnUjoR-uL50QggRSM,SHREE ADS,places,en,213,13.03722455,80.19044745,13.0376999,80.192706,0,maa2,Chennai,2026-08-31T08:57:38.803905Z
ChIJN7iUYgBnUjoRy3FtviGP9tw,Home golden jublie,places,en,213,13.03722455,80.19044745,13.0380448,80.1927267,0,maa2,Chennai,2026-08-31T08:57:38.803907Z
ChIJUUpYiqlnUjoRw2DWgcvRc3I,Sangeetha Chettinadu Mess,places,en,213,13.03722455,80.19044745,13.0384017,80.1927,0,maa2,Chennai,2026-08-31T08:57:38.803908Z
ChIJ949IIgBdUjoRGs6WOqQ_R44,TAJ BIRYANI OMR,places,en,215,12.9745688,80.2489456,12.974159799999999,80.250239,0,maa2,Chennai,2026-08-31T08:57:39.691499Z
ChIJG0crkNBdUjoR5tSZoS-hhZU,Samasa Fusion Restaurant,places,en,215,12.9745688,80.2489456,12.9734926,80.2508673,0,maa2,Chennai,2026-08-31T08:57:39.691510Z
ChIJJ6upfWldUjoRSCIoa8bmOuk,SVAR,places,en,215,12.9745688,80.2489456,12.9733389,80.2508572,0,maa2,Chennai,2026-08-31T08:57:39.691513Z
ChIJofj2iXddUjoRCqTWaiVaPcE,"LINA'S BRICKOVEN NEWYORK PIZZA, CHENNAI",places,en,215,12.9745688,80.2489456,12.975404,80.25109789999999,0,maa2,Chennai,2026-08-31T08:57:39.691515Z
ChIJj2gpZH1dUjoR80i1EtmT8zM,BASS AND SODA,places,en,215,12.9745688,80.2489456,12.9727595,80.2503358,0,maa2,Chennai,2026-08-31T08:57:39.691516Z
ChIJk7FKmeVvUjoRK3dVf3u3EKg,ABUTHAHAR,places,en,216,13.10740685,80.28625475,13.107462499999999,80.2859895,0,maa2,Chennai,2026-08-31T08:57:40.475709Z
ChIJx4xRi69vUjoR_jnEf2TZYks,M ANBALAGAN,places,en,216,13.10740685,80.28625475,13.107278299999999,80.285918,0,maa2,Chennai,2026-08-31T08:57:40.475721Z
ChIJw9IiPRFvUjoRwa7BsL9d_kc,ANBESAN B,places,en,216,13.10740685,80.28625475,13.1070275,80.2861326,0,maa2,Chennai,2026-08-31T08:57:40.475726Z
ChIJKyKH1yBvUjoR1NUgdnyelTs,KAVITHA S,places,en,216,13.10740685,80.28625475,13.1072285,80.28586469999999,0,maa2,Chennai,2026-08-31T08:57:40.475728Z
ChIJKd5T1fxvUjoR0Nr5nvv9wGc,RANGAN VELAYUDHAM,places,en,216,13.10740685,80.28625475,13.106752499999999,80.2864297,0,maa2,Chennai,2026-08-31T08:57:40.475731Z
ChIJTaV9FGFvUjoRGN5HWkhe1nQ,SUNDARRAMESHN,places,en,216,13.10740685,80.28625475,13.1067927,80.2855557,0,maa2,Chennai,2026-08-31T08:57:40.475733Z
ChIJDzzglatvUjoRkeCXFwbMZLs,TIRUPUR MURUGAVILAS PATHIRA MALIGAI,places,en,216,13.10740685,80.28625475,13.1064061,80.28669049999999,0,maa2,Chennai,2026-08-31T08:57:40.475736Z
ChIJqzMdEIFvUjoRGiH1l-bY4jo,RAJESWARI A,places,en,216,13.10740685,80.28625475,13.1064061,80.28669049999999,0,maa2,Chennai,2026-08-31T08:57:40.475738Z
ChIJ6xb9dGFvUjoRwM2Tr-iuBGM,Bismi Biryani Centar,places,en,216,13.10740685,80.28625475,13.1088872,80.2856153,0,maa2,Chennai,2026-08-31T08:57:40.475740Z
ChIJOWj2uvFvUjoRZIsqkyuDHoM,ARUNA MALLAI BRIYANI,places,en,216,13.10740685,80.28625475,13.1086203,80.2851155,0,maa2,Chennai,2026-08-31T08:57:40.475742Z
ChIJ3Y4KbPhvUjoRcCIxKeMD7Zc,Gomathi,places,en,216,13.10740685,80.28625475,13.108620499999999,80.28511499999999,0,maa2,Chennai,2026-08-31T08:57:40.475744Z
ChIJFYNsrxNvUjoROI5zonlS_Bc,Janaki Kalakai Shop,places,en,216,13.10740685,80.28625475,13.108621399999999,80.2851136,0,maa2,Chennai,2026-08-31T08:57:40.475746Z
ChIJOcpR-qdvUjoR4SXBVKF7MSQ,SEKAR MUTTON STALL,places,en,216,13.10740685,80.28625475,13.1086233,80.28511069999999,0,maa2,Chennai,2026-08-31T08:57:40.475748Z
ChIJcfjrdnJvUjoR11Mj_EH9gho,Thangavel Chicken Centre,places,en,216,13.10740685,80.28625475,13.108632799999999,80.2851211,0,maa2,Chennai,2026-08-31T08:57:40.475750Z
ChIJs33u7dJvUjoRtIszvTUlNH0,Karthi Mck Fast Food,places,en,216,13.10740685,80.28625475,13.108625199999999,80.2851087,0,maa2,Chennai,2026-08-31T08:57:40.475752Z
ChIJtWLqR0xvUjoRXNJzN-J-PbI,JAYARA BRIYANI CENTRE,places,en,216,13.10740685,80.28625475,13.108655299999999,80.2851311,0,maa2,Chennai,2026-08-31T08:57:40.475754Z
ChIJhxpv1FhvUjoR5cWsEM4C2QA,Praveen Chicken Center,places,en,216,13.10740685,80.28625475,13.108656000000002,80.285129,0,maa2,Chennai,2026-08-31T08:57:40.475756Z
ChIJ4UXowYdvUjoRhTrY8cLDhVo,Kongu Chicken Centre,places,en,216,13.10740685,80.28625475,13.108656700000001,80.285127,0,maa2,Chennai,2026-08-31T08:57:40.475758Z
ChIJ5068ostvUjoRYluE8Z3HcBU,SRI MURUGAN HOTEL,places,en,216,13.10740685,80.28625475,13.1086592,80.2851208,0,maa2,Chennai,2026-08-31T08:57:40.475760Z
ChIJB9pkN2ZvUjoRhrnXarGPYeA,HOTEL SIVARI,places,en,216,13.10740685,80.28625475,13.109038,80.28667639999999,0,maa2,Chennai,2026-08-31T08:57:40.475763Z
ChIJmUTYKQxmUjoRYOP_Ej4wcMg,Subway Egmore Chennai,places,en,217,13.069912500000001,80.25887499999999,13.070834399999999,80.2584904,0,maa2,Chennai,2026-08-31T08:57:40.797078Z
ChIJgx1l7w1mUjoRhO1PsQgexic,Akash Fast Foods,places,en,217,13.069912500000001,80.25887499999999,13.071264999999999,80.25927999999999,0,maa2,Chennai,2026-08-31T08:57:40.797090Z
ChIJVbjUOXNnUjoR_10qHmt3HCc,Burmese Tea House,places,en,217,13.069912500000001,80.25887499999999,13.0713911,80.2593479,0,maa2,Chennai,2026-08-31T08:57:40.797093Z
ChIJB8QpV09nUjoRN6q9mftM3h8,Gameistry Entertainment (Board Game Cafe),places,en,217,13.069912500000001,80.25887499999999,13.0686521,80.25793209999999,0,maa2,Chennai,2026-08-31T08:57:40.797095Z
ChIJ7WvH6A1mUjoRSiNKYdzmbxY,Flower Drum,places,en,217,13.069912500000001,80.25887499999999,13.071513999999999,80.25925029999999,0,maa2,Chennai,2026-08-31T08:57:40.797097Z
ChIJCQL-eBJmUjoRrLEZqQWTmVI,Palmshore Restaurant Egmore,places,en,217,13.069912500000001,80.25887499999999,13.069618499999999,80.2571846,0,maa2,Chennai,2026-08-31T08:57:40.797099Z
ChIJ15CuaPVnUjoRhs7v4I3h_-0,Wow! Momo,places,en,217,13.069912500000001,80.25887499999999,13.0683496,80.2582458,0,maa2,Chennai,2026-08-31T08:57:40.797101Z
ChIJ19McZR1nUjoRxXXcwtWOY9Y,Bread omelet & Chicken Sandwiches stalls,places,en,217,13.069912500000001,80.25887499999999,13.0688494,80.25742369999999,0,maa2,Chennai,2026-08-31T08:57:40.797103Z
ChIJy-BnYBJmUjoRmeqShfdK6SI,Eat &Treat Sandwich Stall,places,en,217,13.069912500000001,80.25887499999999,13.068909699999999,80.25735449999999,0,maa2,Chennai,2026-08-31T08:57:40.797105Z
ChIJCyc0WQBnUjoRdE4CmG24228,Shanthi Sandwich Stall,places,en,217,13.069912500000001,80.25887499999999,13.0690677,80.2572248,0,maa2,Chennai,2026-08-31T08:57:40.797107Z
ChIJBUNOozJnUjoRQyKo7NCM04g,ALSA MALL SANDWICH,places,en,217,13.069912500000001,80.25887499999999,13.0689041,80.25731929999999,0,maa2,Chennai,2026-08-31T08:57:40.797109Z
ChIJGbeqiRJmUjoRGbVtNmAWD_Q,Hotel Sennthur,places,en,217,13.069912500000001,80.25887499999999,13.0694237,80.257053,0,maa2,Chennai,2026-08-31T08:57:40.797111Z
ChIJhdrg8Q5mUjoR-zkllrVO938,Hotel Sennthur,places,en,217,13.069912500000001,80.25887499999999,13.069422999999999,80.2570506,0,maa2,Chennai,2026-08-31T08:57:40.797112Z
ChIJOUoSDDNnUjoRXl3NKJaAEjk,Aavin Milk Shop,places,en,217,13.069912500000001,80.25887499999999,13.0693483,80.25704809999999,0,maa2,Chennai,2026-08-31T08:57:40.797115Z
ChIJIYVoejtnUjoRQGMJrFPJEiI,BALAJI SANDWICH STALL,places,en,217,13.069912500000001,80.25887499999999,13.0688564,80.2572692,0,maa2,Chennai,2026-08-31T08:57:40.797117Z
ChIJYfE4vMlnUjoR0U_pVlGRPd4,Amma Unavagam- Eye hospital Egmore,places,en,217,13.069912500000001,80.25887499999999,13.0696421,80.2607697,0,maa2,Chennai,2026-08-31T08:57:40.797119Z
ChIJ2f__xNFnUjoRAZ4_13-WNgY,BOMBAY DINE Restaurant,places,en,217,13.069912500000001,80.25887499999999,13.069282099999999,80.2568758,0,maa2,Chennai,2026-08-31T08:57:40.797120Z
ChIJz8UyeBRmUjoRAAAA0OGI7hE,Chinnathambi Sandwich,places,en,217,13.069912500000001,80.25887499999999,13.068031399999999,80.25804219999999,0,maa2,Chennai,2026-08-31T08:57:40.797122Z
ChIJNQLzRwBnUjoRAvtZH8UOEqo,Sri Venkateswara hotel,places,en,217,13.069912500000001,80.25887499999999,13.069195899999999,80.2568679,0,maa2,Chennai,2026-08-31T08:57:40.797124Z
ChIJ4dIliRJmUjoRgTxnFFC94vc,Thozhan unavagam (eatery),places,en,217,13.069912500000001,80.25887499999999,13.0689459,80.25698229999999,0,maa2,Chennai,2026-08-31T08:57:40.797134Z
ChIJJVp0j9dlUjoRLeSrqQnEFwQ,SHREE GIRRNAR SWEETS,places,en,218,13.1045229,80.2562532,13.1070583,80.2562124,0,maa2,Chennai,2026-08-31T08:57:42.186442Z
ChIJg1eFAJVnUjoRBKod9eYYIog,Schezvan,places,en,219,13.080964649999999,80.2527852,13.081022299999999,80.25303960000001,0,maa2,Chennai,2026-08-31T08:57:43.514053Z
ChIJLwJEXPRlUjoReSOx6YAICjE,Srishti Snacks,places,en,219,13.080964649999999,80.2527852,13.0812902,80.2522688,0,maa2,Chennai,2026-08-31T08:57:43.514062Z
ChIJ5XTTV8RlUjoR_c8-lK34_1M,The Kathi Roll Jail,places,en,219,13.080964649999999,80.2527852,13.0812937,80.25218269999999,0,maa2,Chennai,2026-08-31T08:57:43.514065Z
ChIJb-9w8FxlUjoRe4NHPImT2m4,GANGHAI CAFE,places,en,219,13.080964649999999,80.2527852,13.082001100000001,80.2531941,0,maa2,Chennai,2026-08-31T08:57:43.514067Z
ChIJHyT98t9lUjoR0wnGMQ6udj8,Eashwar Cafe,places,en,219,13.080964649999999,80.2527852,13.082036599999999,80.25312389999999,0,maa2,Chennai,2026-08-31T08:57:43.514069Z
ChIJUVWggHVmUjoRmqrNLBbAylY,Mass Bunk Vegetarian Restaurant,places,en,219,13.080964649999999,80.2527852,13.0814194,80.2514637,0,maa2,Chennai,2026-08-31T08:57:43.514071Z
ChIJFxrA6_lnUjoRgTq_tXGJcAY,Level2 -All about veg,places,en,219,13.080964649999999,80.2527852,13.0796339,80.252218,0,maa2,Chennai,2026-08-31T08:57:43.514072Z
ChIJd5q0D3VmUjoRPhmF9PknlxA,No 926,places,en,219,13.080964649999999,80.2527852,13.079483999999999,80.25223799999999,0,maa2,Chennai,2026-08-31T08:57:43.514074Z
ChIJ54TvQF1lUjoRZPejjJfz4Zk,Mohan Pani Poori Shop,places,en,219,13.080964649999999,80.2527852,13.081938099999999,80.2541191,0,maa2,Chennai,2026-08-31T08:57:43.514076Z
ChIJC-2_D3VmUjoRnu5mluyK2CA,Hotel Abu Palace,places,en,219,13.080964649999999,80.2527852,13.079407999999999,80.252254,0,maa2,Chennai,2026-08-31T08:57:43.514077Z
ChIJUY7lYd9lUjoRgm5sUELY1aA,Sri Venkateswara Hot Chips,places,en,219,13.080964649999999,80.2527852,13.0814802,80.2511811,0,maa2,Chennai,2026-08-31T08:57:43.514079Z
ChIJgyC09wFlUjoRNb9fZRtKfA4,Janima Tiffin,places,en,219,13.080964649999999,80.2527852,13.0814303,80.2510732,0,maa2,Chennai,2026-08-31T08:57:43.514080Z
ChIJuSZyFphnUjoRNWomvq3GvI8,Shadows Bar & Kitchen,places,en,219,13.080964649999999,80.2527852,13.079239200000002,80.2522501,0,maa2,Chennai,2026-08-31T08:57:43.514082Z
ChIJNX9bn55nUjoRMAp_3nIV0oQ,Spice Hub Vadapav,places,en,219,13.080964649999999,80.2527852,13.080067999999999,80.2544697,0,maa2,Chennai,2026-08-31T08:57:43.514083Z
ChIJse0qrwpmUjoR0sapXXYGlgc,Cake Square Purasaivakkam - Cake Shop in Chennai,places,en,219,13.080964649999999,80.2527852,13.081754799999999,80.2545348,0,maa2,Chennai,2026-08-31T08:57:43.514085Z
ChIJs1hsygpmUjoRXg4YPL6AwLM,LINK'S TRADERS,places,en,219,13.080964649999999,80.2527852,13.080072800000002,80.254488,0,maa2,Chennai,2026-08-31T08:57:43.514086Z
ChIJvyK-ygpmUjoRXy_y7KNvhpQ,Lakshmi hot puffs sweets and bakery,places,en,219,13.080964649999999,80.2527852,13.0801044,80.2545123,0,maa2,Chennai,2026-08-31T08:57:43.514088Z
ChIJhwUVvZVnUjoR9MG4mw2tKFg,MITHUN TEFFEN CENTRE,places,en,219,13.080964649999999,80.2527852,13.0816232,80.2546244,0,maa2,Chennai,2026-08-31T08:57:43.514090Z
ChIJb27mDtJnUjoRtp35s-h7K5A,INDRA SPICE HUB,places,en,219,13.080964649999999,80.2527852,13.0801318,80.2545729,0,maa2,Chennai,2026-08-31T08:57:43.514091Z
ChIJ8f2ZYt9lUjoRfgeDLm6e9LU,Shree Hari Snacks,places,en,219,13.080964649999999,80.2527852,13.081443,80.2508431,0,maa2,Chennai,2026-08-31T08:57:43.514093Z
ChIJR5WPNYZnUjoR9HvttKcek9E,Jai Sriram Enterprises,places,en,220,12.99267885,80.2428664,12.993031199999999,80.2419307,0,maa2,Chennai,2026-08-31T08:57:43.867903Z
ChIJhTPlzoldUjoRdpGVU69auRo,Chennai Joker Queen pizza,places,en,220,12.99267885,80.2428664,12.9923612,80.241739,0,maa2,Chennai,2026-08-31T08:57:43.867911Z
ChIJ1xTq7odnUjoRpodHNXMcna4,ArGee,places,en,220,12.99267885,80.2428664,12.990933900000002,80.242342,0,maa2,Chennai,2026-08-31T08:57:43.867913Z
ChIJ7Uvs7odnUjoRC46Y1-eQpDY,Crave Food,places,en,220,12.99267885,80.2428664,12.9909064,80.2423407,0,maa2,Chennai,2026-08-31T08:57:43.867914Z
ChIJrU_cqzhnUjoRzAuR0pD4pSg,"Qmin IITM Research Park, Chennai",places,en,220,12.99267885,80.2428664,12.9908912,80.2418643,0,maa2,Chennai,2026-08-31T08:57:43.867916Z
ChIJF2QL5YdnUjoRGDF27dEqgPY,"Ginger Chennai (Tharamani, IITM)",places,en,220,12.99267885,80.2428664,12.9907732,80.24210769999999,0,maa2,Chennai,2026-08-31T08:57:43.867917Z
ChIJlzDkbQNnUjoRPGr7IZBjCV8,Greetlings Services,places,en,220,12.99267885,80.2428664,12.9920235,80.2450388,0,maa2,Chennai,2026-08-31T08:57:43.867919Z
ChIJ3UgNAvFnUjoRD706SsE_0tY,PK EAT& DRINK,places,en,220,12.99267885,80.2428664,12.995236799999999,80.24368799999999,0,maa2,Chennai,2026-08-31T08:57:43.867920Z
ChIJ3d3M6cxdUjoRbWcVx-sc-1s,Nani Mess,places,en,221,12.958896150000001,80.20769315,12.9591578,80.207115,0,maa2,Chennai,2026-08-31T08:57:44.247437Z
ChIJHdeORgBdUjoRQiNw6pNBt_I,Nalan main kitchen,places,en,221,12.958896150000001,80.20769315,12.958625999999999,80.2063091,0,maa2,Chennai,2026-08-31T08:57:44.247445Z
ChIJud-_UgBdUjoR7IBcJthKIxo,Vy t t,places,en,221,12.958896150000001,80.20769315,12.959702,80.20891639999999,0,maa2,Chennai,2026-08-31T08:57:44.247447Z
ChIJ3aRXQwBdUjoRx2yiyY8pMR0,Kuberan nagar Extn 8th street Madipakkam,places,en,221,12.958896150000001,80.20769315,12.9580114,80.2063355,0,maa2,Chennai,2026-08-31T08:57:44.247449Z
ChIJq3k098ZdUjoRAAAAMNI4g24,Virginiya,places,en,221,12.958896150000001,80.20769315,12.9576345,80.2062461,0,maa2,Chennai,2026-08-31T08:57:44.247451Z
ChIJxzKwfx5dUjoRQYMxvY9lRZo,Sai annapoorani tiffin centre,places,en,221,12.958896150000001,80.20769315,12.9608651,80.20955819999999,0,maa2,Chennai,2026-08-31T08:57:44.247452Z
ChIJawW-c6BdUjoRX8pwe6UGFw4,Curry Leaves Kitchen,places,en,222,12.98020675,80.21952355,12.979961,80.21965430000002,0,maa2,Chennai,2026-08-31T08:57:44.558942Z
ChIJbZ-dmEZdUjoRR_j1icAWsc0,TWB - The Wedding Biryani,places,en,222,12.98020675,80.21952355,12.979613299999999,80.2189788,0,maa2,Chennai,2026-08-31T08:57:44.558953Z
ChIJ669eDdddUjoRKw1tikkkYL0,Tositos Velachery,places,en,222,12.98020675,80.21952355,12.979574699999999,80.2189392,0,maa2,Chennai,2026-08-31T08:57:44.558956Z
ChIJ7ZEP-6ZdUjoRVtAxxKfWYv0,Mani Tea Shop,places,en,222,12.98020675,80.21952355,12.979296,80.21999919999999,0,maa2,Chennai,2026-08-31T08:57:44.558959Z
ChIJfUEIm59dUjoRqB_vPfkW38o,Madurai Idli Kadai,places,en,222,12.98020675,80.21952355,12.980540099999999,80.21844109999999,0,maa2,Chennai,2026-08-31T08:57:44.558961Z
ChIJjTh9XwBdUjoR0IO0O09cfH4,Yugus chettinadu hotel,places,en,222,12.98020675,80.21952355,12.9800943,80.2182215,0,maa2,Chennai,2026-08-31T08:57:44.558963Z
ChIJI1qKA7BdUjoRal6ARBKL5zs,11 To 11 HOTEL,places,en,222,12.98020675,80.21952355,12.9794298,80.2184836,0,maa2,Chennai,2026-08-31T08:57:44.558965Z
ChIJh0htrY9dUjoRgJM3kMT3vi8,Royal Sandwich,places,en,222,12.98020675,80.21952355,12.9799832,80.21816319999999,0,maa2,Chennai,2026-08-31T08:57:44.558967Z
ChIJedfNt2FdUjoRtx3bOUo4HjM,Copper Kitchen,places,en,222,12.98020675,80.21952355,12.9793471,80.21846479999999,0,maa2,Chennai,2026-08-31T08:57:44.558969Z
ChIJ5ZzwcgBdUjoR_UewyM_j3C8,Birayani Point,places,en,222,12.98020675,80.21952355,12.980748199999999,80.2181959,0,maa2,Chennai,2026-08-31T08:57:44.558971Z
ChIJ4WTBw49dUjoR2WS7ukXgSDg,Murugan Idli Shop,places,en,222,12.98020675,80.21952355,12.978777,80.2193295,0,maa2,Chennai,2026-08-31T08:57:44.558973Z
ChIJrWVuIABdUjoR3A0jtTZa7mE,TN 59 BIRIYANI,places,en,222,12.98020675,80.21952355,12.9788977,80.21881400000001,0,maa2,Chennai,2026-08-31T08:57:44.558975Z
ChIJBTPsmexdUjoRcKRmIxGXLYc,Vara's Kitchen & Catering Services,places,en,222,12.98020675,80.21952355,12.9811815,80.2182725,0,maa2,Chennai,2026-08-31T08:57:44.558977Z
ChIJd_93RgldUjoRrcF4sHT3_sE,Anbu unavagam,places,en,222,12.98020675,80.21952355,12.9799624,80.2179317,0,maa2,Chennai,2026-08-31T08:57:44.558978Z
ChIJk0Ff9jRdUjoRYnNeyW4PJDQ,Dessi Cuppa Velachery,places,en,222,12.98020675,80.21952355,12.981265899999999,80.21824989999999,0,maa2,Chennai,2026-08-31T08:57:44.558980Z
ChIJ918T3X9dUjoRe6TsKMJL80M,Nila's,places,en,222,12.98020675,80.21952355,12.9786786,80.2188862,0,maa2,Chennai,2026-08-31T08:57:44.558982Z
ChIJB_-SaQBdUjoRvk7gooY6PcA,Madurai akka kadai,places,en,222,12.98020675,80.21952355,12.9785715,80.21889600000002,0,maa2,Chennai,2026-08-31T08:57:44.558984Z
ChIJJaUm5npdUjoRIgN5YFCQxNM,சென்னை irrutukadai Biryani/ Fast Food [ VELACHERY ],places,en,222,12.98020675,80.21952355,12.979753899999999,80.21776559999999,0,maa2,Chennai,2026-08-31T08:57:44.558986Z
ChIJa_cMPuJdUjoRG-PvnFnB4FE,Juice Vibes,places,en,222,12.98020675,80.21952355,12.979525599999999,80.21782739999999,0,maa2,Chennai,2026-08-31T08:57:44.558988Z
ChIJMb19sIpdUjoRNRt0hHEZCHs,Cholan Mess,places,en,222,12.98020675,80.21952355,12.978424799999999,80.21941799999999,0,maa2,Chennai,2026-08-31T08:57:44.558990Z
ChIJBxBfAABdUjoRFxbg88lFECo,Salad Samoogam,places,en,223,12.9683502,80.2049595,12.9681923,80.2075972,0,maa2,Chennai,2026-08-31T08:57:44.876236Z
ChIJBdWi8uhdUjoR6461K_DaSNY,SRI KRISHNA BHAVAN,places,en,223,12.9683502,80.2049595,12.969494,80.207348,0,maa2,Chennai,2026-08-31T08:57:44.876248Z
ChIJCSdMRQBdUjoR4W1mmt-B17U,Fast Chicken,places,en,223,12.9683502,80.2049595,12.965726499999999,80.2047001,0,maa2,Chennai,2026-08-31T08:57:44.876251Z
ChIJUdg3HyBdUjoR0dfSCz3paYg,Time pass snack cloud kitchen,places,en,223,12.9683502,80.2049595,12.970315399999999,80.2031818,0,maa2,Chennai,2026-08-31T08:57:44.876254Z
ChIJrTO5_8FdUjoRnQIGu9r6AjQ,Rara's Chaat And Fresh Juice Zone,places,en,223,12.9683502,80.2049595,12.9657365,80.204396,0,maa2,Chennai,2026-08-31T08:57:44.876257Z
ChIJi_UtfQBnUjoR70mfAcvaadk,Lustro Bistro,places,en,224,13.045773650000001,80.19072195000001,13.0467313,80.1912672,0,maa2,Chennai,2026-08-31T08:57:45.341301Z
ChIJ-eFkNiBnUjoR-G_ODxnaWNA,Amudha Mess,places,en,224,13.045773650000001,80.19072195000001,13.046839499999999,80.19131639999999,0,maa2,Chennai,2026-08-31T08:57:45.341309Z
ChIJMwTGNQBnUjoRrA4nsbQYIoo,Welcome biriyani,places,en,224,13.045773650000001,80.19072195000001,13.046721699999999,80.19169509999999,0,maa2,Chennai,2026-08-31T08:57:45.341311Z
ChIJY-t_1yVnUjoRt2aPpV8xT0A,Anuj Bakery,places,en,224,13.045773650000001,80.19072195000001,13.0465074,80.1923522,0,maa2,Chennai,2026-08-31T08:57:45.341315Z
ChIJfxgO1ElnUjoRg7e58OnXmAI,Pancha Ruchulu,places,en,224,13.045773650000001,80.19072195000001,13.046260199999999,80.1925117,0,maa2,Chennai,2026-08-31T08:57:45.341316Z
ChIJAbjZIsBnUjoR7XKFBZZtYcc,Amutham Cafe,places,en,224,13.045773650000001,80.19072195000001,13.045772999999999,80.19261499999999,0,maa2,Chennai,2026-08-31T08:57:45.341317Z
ChIJ22RXkRpnUjoRllA3PZdnKdM,Virugai Rk veettu samayal,places,en,224,13.045773650000001,80.19072195000001,13.0467297,80.1926628,0,maa2,Chennai,2026-08-31T08:57:45.341319Z
ChIJ_QxwNtFgUjoRFcP7sznHQJY,Tago Restaurant,places,en,225,13.026940100000001,80.17533175,13.026153899999999,80.1752017,0,maa2,Chennai,2026-08-31T08:57:45.720704Z
ChIJWSBJPNpgUjoROzYE4Qj_qtk,Palmshore Restaurant Ramapuram,places,en,225,13.026940100000001,80.17533175,13.026362500000001,80.1747311,0,maa2,Chennai,2026-08-31T08:57:45.720717Z
ChIJ__8vIM1gUjoReFhA-yz15n8,Faizee Traditional Dining,places,en,225,13.026940100000001,80.17533175,13.0261201,80.17517099999999,0,maa2,Chennai,2026-08-31T08:57:45.720722Z
ChIJjQTaPdpgUjoRv5nJImSdcbA,Madurai Pandiyan Hotel,places,en,225,13.026940100000001,80.17533175,13.026245999999999,80.174813,0,maa2,Chennai,2026-08-31T08:57:45.720725Z
ChIJWcy6X4VhUjoRM0LE8mb8nZI,Gourmet Biriyani Mlticuisin Restaurant,places,en,225,13.026940100000001,80.17533175,13.0258348,80.17563830000002,0,maa2,Chennai,2026-08-31T08:57:45.720729Z
ChIJFd_mBcthUjoR5iD7bdNCasQ,The High Joint Ramapuram,places,en,225,13.026940100000001,80.17533175,13.025687,80.1757805,0,maa2,Chennai,2026-08-31T08:57:45.720731Z
ChIJv8FDGZ5hUjoRqBsKAKbRYG0,Zaffa Mandi,places,en,225,13.026940100000001,80.17533175,13.025683299999999,80.1757788,0,maa2,Chennai,2026-08-31T08:57:45.720734Z
ChIJH0XjVgBhUjoRs7YzoITTBlQ,New Hyderabadi Dum Briyani,places,en,225,13.026940100000001,80.17533175,13.0256355,80.1758036,0,maa2,Chennai,2026-08-31T08:57:45.720737Z
ChIJ5x7O8dRhUjoRHVFRivIDQ5M,gonguru ruchulu,places,en,225,13.026940100000001,80.17533175,13.0256262,80.1758328,0,maa2,Chennai,2026-08-31T08:57:45.720739Z
ChIJAfGZDS5hUjoRRnMIYAECTU0,Bhagyalakshmi Mandi Delight,places,en,225,13.026940100000001,80.17533175,13.0256171,80.175862,0,maa2,Chennai,2026-08-31T08:57:45.720742Z
ChIJY9nFJd9hUjoRjR3iS3s0l9U,Venkataramana Andhra Mess,places,en,225,13.026940100000001,80.17533175,13.025604000000001,80.17596689999999,0,maa2,Chennai,2026-08-31T08:57:45.720745Z
ChIJ_fxldtpgUjoRr5OVH4AIknw,Sri Sai Durga Andhra Mess,places,en,225,13.026940100000001,80.17533175,13.025560899999999,80.1759036,0,maa2,Chennai,2026-08-31T08:57:45.720747Z
ChIJOxhz8eNhUjoRXdoXbz0_wwg,Nikaa Briyani (Ramapuram),places,en,225,13.026940100000001,80.17533175,13.0255397,80.1758689,0,maa2,Chennai,2026-08-31T08:57:45.720750Z
ChIJue7ZuOhhUjoR4B_ROUTaHTw,Valasai New Arcot Briyani,places,en,225,13.026940100000001,80.17533175,13.025546199999999,80.1759606,0,maa2,Chennai,2026-08-31T08:57:45.720753Z
ChIJv_dWB0RhUjoRLykwEGf3dh0,Pattukottai Mess,places,en,225,13.026940100000001,80.17533175,13.0255253,80.1759156,0,maa2,Chennai,2026-08-31T08:57:45.720755Z
ChIJ1bpFcdpgUjoRO4qux2O13Ls,Sri Lakshmi Sai Andhra Mess,places,en,225,13.026940100000001,80.17533175,13.025502699999999,80.17596580000001,0,maa2,Chennai,2026-08-31T08:57:45.720758Z
ChIJByU1tQZhUjoRMsAgGI-OkzE,Siddhi Vinayaka Andhra Mess,places,en,225,13.026940100000001,80.17533175,13.025506199999999,80.176048,0,maa2,Chennai,2026-08-31T08:57:45.720761Z
ChIJ5Qx6GTxhUjoRX0jBQJCKeIo,Nel Soru,places,en,225,13.026940100000001,80.17533175,13.025488399999999,80.1760353,0,maa2,Chennai,2026-08-31T08:57:45.720763Z
ChIJw2AeGnNhUjoRIDEqPSEuVaA,Thallu vandi,places,en,225,13.026940100000001,80.17533175,13.026389499999999,80.1737596,0,maa2,Chennai,2026-08-31T08:57:45.720766Z
ChIJ96iHEQBnUjoRqijI0H-gWKc,Koyambe6,places,en,226,13.0662509,80.20847094999999,13.0672988,80.2085316,0,maa2,Chennai,2026-08-31T08:57:46.044217Z
ChIJ61mgCcBnUjoRyU1tqgl_LII,Vadakankulam Mani's Briyani,places,en,226,13.0662509,80.20847094999999,13.066653700000002,80.20955599999999,0,maa2,Chennai,2026-08-31T08:57:46.044226Z
ChIJ4af60SVnUjoRzvU19-McHl8,CHENNAI FOOD TOWN,places,en,226,13.0662509,80.20847094999999,13.067411600000002,80.2093101,0,maa2,Chennai,2026-08-31T08:57:46.044229Z
ChIJIUgUU59jUjoR1VlSX2rRUp0,Pizza store {wood fire pizza},places,en,226,13.0662509,80.20847094999999,13.067419899999999,80.20931519999999,0,maa2,Chennai,2026-08-31T08:57:46.044231Z
ChIJcZxBO2pmUjoR2DOYO3ymJtI,The Vijay Park,places,en,226,13.0662509,80.20847094999999,13.0655892,80.2098304,0,maa2,Chennai,2026-08-31T08:57:46.044233Z
ChIJw3mp9n1nUjoRCS_5o5XgMMs,SMILE RICH BAR,places,en,226,13.0662509,80.20847094999999,13.067579499999999,80.2090961,0,maa2,Chennai,2026-08-31T08:57:46.044235Z
ChIJCT3C-nNnUjoRW2wQN5wVZaI,OLIVE OLIO,places,en,226,13.0662509,80.20847094999999,13.067560799999999,80.2092007,0,maa2,Chennai,2026-08-31T08:57:46.044237Z
ChIJp6RiSJZmUjoREl2_A5212ok,Fish N Prawn Restaurant,places,en,226,13.0662509,80.20847094999999,13.066969199999999,80.2098529,0,maa2,Chennai,2026-08-31T08:57:46.044238Z
ChIJ0a2xxBdnUjoRRg92QebcnVo,Salem RR Biriyani,places,en,226,13.0662509,80.20847094999999,13.067477,80.20945139999999,0,maa2,Chennai,2026-08-31T08:57:46.044240Z
ChIJ2aqz78FnUjoR3vRem1LleIQ,Lakshmi Annam,places,en,226,13.0662509,80.20847094999999,13.067800799999999,80.2088121,0,maa2,Chennai,2026-08-31T08:57:46.044242Z
ChIJoUJEWr1mUjoR_YhaPV_bO-o,GRILL RESTAURANT,places,en,226,13.0662509,80.20847094999999,13.0676252,80.2093574,0,maa2,Chennai,2026-08-31T08:57:46.044243Z
ChIJyVf24ZdmUjoRJcZluuk6rM0,Nilgiris,places,en,226,13.0662509,80.20847094999999,13.0673712,80.2098785,0,maa2,Chennai,2026-08-31T08:57:46.044245Z
ChIJaZpKTs5nUjoRxDHG_U4Dic8,Vaigai Tiffen Centre,places,en,226,13.0662509,80.20847094999999,13.067454,80.20984820000001,0,maa2,Chennai,2026-08-31T08:57:46.044247Z
ChIJ8SzVgb1mUjoRPd8GMbMfMA0,Kollywood Restaurant,places,en,226,13.0662509,80.20847094999999,13.0655179,80.2101905,0,maa2,Chennai,2026-08-31T08:57:46.044249Z
ChIJSYElpWpnUjoRRVqpdFmxorM,Reunion Bar & Kitchen,places,en,226,13.0662509,80.20847094999999,13.065481,80.2102757,0,maa2,Chennai,2026-08-31T08:57:46.044250Z
ChIJHzO0XwBnUjoRG8mZ_UMujBU,Hotel Senthil,places,en,226,13.0662509,80.20847094999999,13.0663038,80.2104864,0,maa2,Chennai,2026-08-31T08:57:46.044252Z
ChIJ3x-R0KNmUjoRXhB5LFzcKU8,The Lobby Cafe,places,en,226,13.0662509,80.20847094999999,13.0652077,80.2104185,0,maa2,Chennai,2026-08-31T08:57:46.044254Z
ChIJAyEt2qdmUjoRHFz9QmtwLbE,The Oriental Blossom Chennai,places,en,226,13.0662509,80.20847094999999,13.0651037,80.2104387,0,maa2,Chennai,2026-08-31T08:57:46.044255Z
ChIJybx_LwBnUjoRiXxMtyojXLY,Sridevi kuppam,places,en,226,13.0662509,80.20847094999999,13.066090100000002,80.2061362,0,maa2,Chennai,2026-08-31T08:57:46.044257Z
ChIJy64m2qdmUjoRukfZ19Weuv8,Aura - The Lounge Bar,places,en,226,13.0662509,80.20847094999999,13.0650549,80.21052279999999,0,maa2,Chennai,2026-08-31T08:57:46.044258Z
ChIJJakvuPZnUjoRQGcUONrrxNs,Rk Foods,places,en,227,13.07563395,80.18911985,13.0765896,80.1884667,0,maa2,Chennai,2026-08-31T08:57:46.356751Z
ChIJ-x8zUAVnUjoR1iFXVW4eLhc,Fresh juice cafe,places,en,227,13.07563395,80.18911985,13.0769488,80.1885558,0,maa2,Chennai,2026-08-31T08:57:46.356760Z
ChIJk06iOndhUjoRmjuOzopx8tI,Hotel GaneshKrishna,places,en,227,13.07563395,80.18911985,13.0770383,80.188588,0,maa2,Chennai,2026-08-31T08:57:46.356762Z
ChIJM94_bWBnUjoRKPJl7xRLgfg,Nakshatra yummy delights,places,en,227,13.07563395,80.18911985,13.077080899999999,80.1885874,0,maa2,Chennai,2026-08-31T08:57:46.356763Z
ChIJYc8L4MdnUjoRlNJ3sfNhCtY,Iyengar Bakery,places,en,227,13.07563395,80.18911985,13.0771374,80.1887053,0,maa2,Chennai,2026-08-31T08:57:46.356765Z
ChIJibPIw6pmUjoRH5UEqixjDU8,Sankar Tiffin centre,places,en,227,13.07563395,80.18911985,13.077170500000001,80.18870749999999,0,maa2,Chennai,2026-08-31T08:57:46.356766Z
ChIJhcYl4jlnUjoR2wW933J9iOE,Chennai Veg brinji,places,en,227,13.07563395,80.18911985,13.0780681,80.18875229999999,0,maa2,Chennai,2026-08-31T08:57:46.356767Z
ChIJMySMbBdnUjoROR46hvdm5SQ,Padmapriya Tea Stall,places,en,227,13.07563395,80.18911985,13.078170199999999,80.1891223,0,maa2,Chennai,2026-08-31T08:57:46.356769Z
ChIJvxywjqpmUjoRTNFku8cMcZI,சிகாமணி ஸ்டோர்,places,en,227,13.07563395,80.18911985,13.0780592,80.18990699999999,0,maa2,Chennai,2026-08-31T08:57:46.356770Z
ChIJHdFLk9llUjoRYz2THAxAFOs,A B Resorts & Restaurants Private Limited,places,en,228,13.0863662,80.2445932,13.0858687,80.2446978,0,maa2,Chennai,2026-08-31T08:57:46.766902Z
ChIJs4GYltllUjoReFcx_wuTDbE,Raj Snacks,places,en,228,13.0863662,80.2445932,13.085849,80.2447766,0,maa2,Chennai,2026-08-31T08:57:46.766912Z
ChIJ6elaJwBlUjoREeZju1igyxQ,Royal Tandoori Chaap,places,en,228,13.0863662,80.2445932,13.085734599999999,80.2449604,0,maa2,Chennai,2026-08-31T08:57:46.766915Z
ChIJf6WCltllUjoRYVXmQZ5s-7U,Hai Bhai Snacks,places,en,228,13.0863662,80.2445932,13.085631999999999,80.2450191,0,maa2,Chennai,2026-08-31T08:57:46.766917Z
ChIJtTBcKstlUjoRGLH-j9IcBSU,DR FOODS,places,en,228,13.0863662,80.2445932,13.08562,80.2450739,0,maa2,Chennai,2026-08-31T08:57:46.766919Z
ChIJbdlvIBxlUjoRKEp2JE4rER8,Atho kadai Kilpauk kilpauk,places,en,228,13.0863662,80.2445932,13.08562,80.2450739,0,maa2,Chennai,2026-08-31T08:57:46.766922Z
ChIJZ0LlOthlUjoRhB310XWCR10,Mumbai Chatwala,places,en,228,13.0863662,80.2445932,13.085766699999999,80.2454535,0,maa2,Chennai,2026-08-31T08:57:46.766923Z
ChIJPch8ZVBlUjoRroGkAd6r_ZQ,simplyfuel,places,en,228,13.0863662,80.2445932,13.085516,80.2439323,0,maa2,Chennai,2026-08-31T08:57:46.766925Z
ChIJs6lAG9plUjoRflzqAmU4DtE,ஸ்ரீ விநாயகா டிபன் & பாஸ்ட் ஃபுட்,places,en,228,13.0863662,80.2445932,13.087280999999999,80.2440482,0,maa2,Chennai,2026-08-31T08:57:46.766927Z
ChIJaW05LXplUjoRbDdsEYcTBVI,Thank God It Is Homemade - Barkha's Kitchen,places,en,228,13.0863662,80.2445932,13.085180099999999,80.24463829999999,0,maa2,Chennai,2026-08-31T08:57:46.766929Z
ChIJl1UdNOxlUjoR-67e1rA_gQA,Kaliesh samosa food Cart,places,en,228,13.0863662,80.2445932,13.085325899999999,80.2452437,0,maa2,Chennai,2026-08-31T08:57:46.766931Z
ChIJAalgL9plUjoRGDnuGU13wOY,Kerala Foods And Caterers,places,en,228,13.0863662,80.2445932,13.0873333,80.2453946,0,maa2,Chennai,2026-08-31T08:57:46.766933Z
ChIJzTmyu9llUjoRFxCx3aDSf1Q,RAJASTHAN CHAT,places,en,228,13.0863662,80.2445932,13.0850444,80.24504750000001,0,maa2,Chennai,2026-08-31T08:57:46.766935Z
ChIJqT9PDX9lUjoR2SBwLmA5i08,Sastika Fast Food,places,en,228,13.0863662,80.2445932,13.085805599999999,80.2459801,0,maa2,Chennai,2026-08-31T08:57:46.766937Z
ChIJqeGGkNFlUjoRHONzfQTQFec,Arul Kumar Food Centre,places,en,228,13.0863662,80.2445932,13.0878088,80.2433933,0,maa2,Chennai,2026-08-31T08:57:46.766939Z
ChIJ3QLi8NBlUjoRKnTdka7xLsw,Hotel Al-Najeeb Nawab of Kebab,places,en,228,13.0863662,80.2445932,13.0879427,80.2434275,0,maa2,Chennai,2026-08-31T08:57:46.766941Z
ChIJv3CM0mdlUjoRuUec_gepJcY,Mini Wings,places,en,228,13.0863662,80.2445932,13.0878993,80.2433322,0,maa2,Chennai,2026-08-31T08:57:46.766942Z
ChIJZ4FxZ7dlUjoRclUu8jOGOlU,Limra fast food,places,en,228,13.0863662,80.2445932,13.0859547,80.2466305,0,maa2,Chennai,2026-08-31T08:57:46.766944Z
ChIJRZR-fvxlUjoRb3GAU5yd0UY,Sidhu's Rasoi,places,en,228,13.0863662,80.2445932,13.085574099999999,80.2465644,0,maa2,Chennai,2026-08-31T08:57:46.766946Z
ChIJ1UgJJoVlUjoRLigTDOu-F9Q,Al Hyderabad,places,en,228,13.0863662,80.2445932,13.0883191,80.2434713,0,maa2,Chennai,2026-08-31T08:57:46.766948Z
ChIJWcGhTpJnUjoRhqTBH0P38ks,Thozha Foods Private Limited,places,en,229,13.0464607,80.2180659,13.046772599999999,80.2180159,0,maa2,Chennai,2026-08-31T08:57:47.073279Z
ChIJj6Qq0lBnUjoRJvnHyjioMvU,Grandma's South Indian Kitchen,places,en,229,13.0464607,80.2180659,13.046773199999999,80.2182533,0,maa2,Chennai,2026-08-31T08:57:47.073297Z
ChIJvagmVThnUjoRWmrcYRHeOrY,VAAV MESS,places,en,229,13.0464607,80.2180659,13.046816699999999,80.2181396,0,maa2,Chennai,2026-08-31T08:57:47.073300Z
ChIJfySTKgBnUjoROr625YixfqM,Madam 🍿,places,en,229,13.0464607,80.2180659,13.0469817,80.2184157,0,maa2,Chennai,2026-08-31T08:57:47.073303Z
ChIJbRbndXJnUjoRL02YX7XPNoY,KRISHAN PRITHIKSHAN SOUP AND SNACKS,places,en,229,13.0464607,80.2180659,13.045901500000001,80.2185174,0,maa2,Chennai,2026-08-31T08:57:47.073305Z
ChIJJ4Z6Du5mUjoRiRPx4ro1UeM,Big Bang Theory Bar and Kitchen,places,en,229,13.0464607,80.2180659,13.0468876,80.21869439999999,0,maa2,Chennai,2026-08-31T08:57:47.073308Z
ChIJ0UYgmu9mUjoRFKJFDOmwN20,Hotel Akshaya,places,en,229,13.0464607,80.2180659,13.0471158,80.21868549999999,0,maa2,Chennai,2026-08-31T08:57:47.073310Z
ChIJra9WzfVnUjoRrTnnz4XcS1g,MM Biryani Restaurant,places,en,229,13.0464607,80.2180659,13.045375199999999,80.21833459999999,0,maa2,Chennai,2026-08-31T08:57:47.073312Z
ChIJg5R80wxnUjoRUSI1sGr18gs,Madras Food Junction,places,en,229,13.0464607,80.2180659,13.045212099999999,80.2185239,0,maa2,Chennai,2026-08-31T08:57:47.073314Z
ChIJeY0yd-VmUjoRTT0dNxF7-6k,Knottier,places,en,229,13.0464607,80.2180659,13.045156599999999,80.2185289,0,maa2,Chennai,2026-08-31T08:57:47.073316Z
ChIJOfK7-o5nUjoRlKo0oChQ9l0,Agrahaaram Bhojanam,places,en,229,13.0464607,80.2180659,13.0465524,80.21950249999999,0,maa2,Chennai,2026-08-31T08:57:47.073319Z
ChIJPYcGLEZnUjoRk6-MbVHbGtI,BBQ RIDE CHENNAI,places,en,229,13.0464607,80.2180659,13.0476812,80.2188528,0,maa2,Chennai,2026-08-31T08:57:47.073321Z
ChIJC8UcTABnUjoR4HY6gY1YwRY,TEA BOY,places,en,229,13.0464607,80.2180659,13.045015699999999,80.2182942,0,maa2,Chennai,2026-08-31T08:57:47.073323Z
ChIJ86CjduVmUjoRK4TBARfwJ-8,சோழன் மெஸ்,places,en,229,13.0464607,80.2180659,13.0449599,80.2184655,0,maa2,Chennai,2026-08-31T08:57:47.073325Z
ChIJywfyJ-NnUjoR4O0H2zFlEQU,Cholan Mess,places,en,229,13.0464607,80.2180659,13.0449079,80.2184642,0,maa2,Chennai,2026-08-31T08:57:47.073328Z
ChIJpyOzvO9mUjoRG_9pMBscqrM,Madras Kitchen,places,en,229,13.0464607,80.2180659,13.0478112,80.2190184,0,maa2,Chennai,2026-08-31T08:57:47.073330Z
ChIJGXyI9zplUjoRfjNlMxCRZhM,Core Nurition Kodambakkam,places,en,229,13.0464607,80.2180659,13.047635999999999,80.2168806,0,maa2,Chennai,2026-08-31T08:57:47.073332Z
ChIJy6svDldnUjoRR6e6f2QtzIY,yippee yummy snacks,places,en,229,13.0464607,80.2180659,13.0468034,80.2162784,0,maa2,Chennai,2026-08-31T08:57:47.073334Z
ChIJG7p9X5ZnUjoRuZCzd-32STI,Sri varasidhi vinayagar mess,places,en,229,13.0464607,80.2180659,13.0450439,80.2193393,0,maa2,Chennai,2026-08-31T08:57:47.073336Z
ChIJtf3qsO9mUjoRTJWZvA1t7ag,"Fruit Shop on Greams Road, Kodambakkam",places,en,229,13.0464607,80.2180659,13.047795599999999,80.21948309999999,0,maa2,Chennai,2026-08-31T08:57:47.073339Z
ChIJUXRDjNVdUjoRkBMp5svU7RA,Venkata sai ram and snacks,places,en,230,12.983635549999999,80.2365948,12.9835371,80.2373016,0,maa2,Chennai,2026-08-31T08:57:47.400602Z
ChIJgeZReABdUjoReIQx08hEIRI,ML FOOD HUB,places,en,230,12.983635549999999,80.2365948,12.982675799999999,80.2366504,0,maa2,Chennai,2026-08-31T08:57:47.400610Z
ChIJ9ZINjD5dUjoRBc3ncU3zY7c,Hotel Bharani Tiffin Centre (Veg),places,en,230,12.983635549999999,80.2365948,12.9826205,80.2357871,0,maa2,Chennai,2026-08-31T08:57:47.400612Z
ChIJYRF6Q0ddUjoRJ1L4GMc4NW0,Folk Residency - A Vegetarian Boys PG Hostel,places,en,230,12.983635549999999,80.2365948,12.9823971,80.23601649999999,0,maa2,Chennai,2026-08-31T08:57:47.400614Z
ChIJ641zwH5dUjoRI4qlO3vupko,Zaitoon Restaurant & Grill (Quark building),places,en,230,12.983635549999999,80.2365948,12.985321899999999,80.23625129999999,0,maa2,Chennai,2026-08-31T08:57:47.400616Z
ChIJrUm3lLpdUjoR73D20zTkslQ,Kiruthika Kitchen,places,en,230,12.983635549999999,80.2365948,12.982595799999999,80.23804299999999,0,maa2,Chennai,2026-08-31T08:57:47.400617Z
ChIJCYZAVEBdUjoRSsdFW6Ws9w4,Jay Mata Di Chat Centre,places,en,230,12.983635549999999,80.2365948,12.9825907,80.2381908,0,maa2,Chennai,2026-08-31T08:57:47.400619Z
ChIJW2xtNQBdUjoRhK2uSSx5cF8,OVEN FIRE,places,en,230,12.983635549999999,80.2365948,12.981508,80.2371,0,maa2,Chennai,2026-08-31T08:57:47.400620Z
ChIJXfcO3hJdUjoRhuUNCKBV1dE,Red Chillies,places,en,230,12.983635549999999,80.2365948,12.981499800000002,80.23713769999999,0,maa2,Chennai,2026-08-31T08:57:47.400622Z
ChIJP1qnSyxdUjoReizdGVGlX2A,Knockout Rusi,places,en,230,12.983635549999999,80.2365948,12.9814365,80.2366629,0,maa2,Chennai,2026-08-31T08:57:47.400623Z
ChIJAVLHl1VdUjoRYl8Ui4DJc-w,Porca & Vaca,places,en,230,12.983635549999999,80.2365948,12.9814528,80.2369659,0,maa2,Chennai,2026-08-31T08:57:47.400625Z
ChIJUVcNcwBdUjoRhhp7tH67Hus,MidNight Madness,places,en,230,12.983635549999999,80.2365948,12.981470799999999,80.2371589,0,maa2,Chennai,2026-08-31T08:57:47.400626Z
ChIJjXjiWDNdUjoRzbkwYQEDpf0,Nellai Kumari Virundhu,places,en,230,12.983635549999999,80.2365948,12.9842537,80.23879529999999,0,maa2,Chennai,2026-08-31T08:57:47.400627Z
ChIJ3Qc8KABdUjoRdqvKNdbTp8I,Malabar Feast,places,en,230,12.983635549999999,80.2365948,12.9842636,80.238806,0,maa2,Chennai,2026-08-31T08:57:47.400629Z
ChIJjRg0fXtdUjoRVxOq97KXAGg,SRI SAI RAM ANDHRA SNACKS,places,en,230,12.983635549999999,80.2365948,12.9842683,80.2388691,0,maa2,Chennai,2026-08-31T08:57:47.400630Z
ChIJb0qiLQBdUjoRPnFly1JkEp0,Tiffin house,places,en,230,12.983635549999999,80.2365948,12.9842689,80.2389048,0,maa2,Chennai,2026-08-31T08:57:47.400632Z
ChIJH1LCmPVdUjoRTF5snNklcug,"BBQ MONKEY, JUNGLE THEMED RESTAURANT THARAMANI",places,en,230,12.983635549999999,80.2365948,12.9813076,80.23613089999999,0,maa2,Chennai,2026-08-31T08:57:47.400633Z
ChIJYVga_5BdUjoRjdgEatWZ3OM,ROLEX BIRYANI,places,en,230,12.983635549999999,80.2365948,12.981384199999999,80.23737109999999,0,maa2,Chennai,2026-08-31T08:57:47.400634Z
ChIJdaVIfnldUjoRQS4Im1fMRgg,Deen Biriyani & Fast Foods,places,en,230,12.983635549999999,80.2365948,12.9814636,80.2376019,0,maa2,Chennai,2026-08-31T08:57:47.400636Z
ChIJYfNnB3dnUjoRiWIx5cCLO3Q,Candys Kitchen,places,en,231,13.006769,80.19922605,13.0072861,80.19891369999999,0,maa2,Chennai,2026-08-31T08:57:47.725134Z
ChIJKb-syZlnUjoRs9EO1K6-U1g,KUNG FU VANDI,places,en,231,13.006769,80.19922605,13.0063037,80.2000571,0,maa2,Chennai,2026-08-31T08:57:47.725142Z
ChIJN-eSDWpnUjoRL-QCcvSTUPQ,Northview Kitchen,places,en,231,13.006769,80.19922605,13.005975999999999,80.1997578,0,maa2,Chennai,2026-08-31T08:57:47.725145Z
ChIJ25c55DlnUjoRYdE6ZN1DtEI,xortic sip,places,en,231,13.006769,80.19922605,13.0056739,80.19805389999999,0,maa2,Chennai,2026-08-31T08:57:47.725147Z
ChIJiVMMXZxnUjoRtLDuMITV2Cs,Chung Fa,places,en,231,13.006769,80.19922605,13.007386200000001,80.2007757,0,maa2,Chennai,2026-08-31T08:57:47.725149Z
ChIJeQjszQlnUjoRgbWF4LgEtdI,Wow! Momo,places,en,231,13.006769,80.19922605,13.007228999999999,80.201661,0,maa2,Chennai,2026-08-31T08:57:47.725151Z
ChIJyaMRLwBnUjoRa6_tw-wBmj4,V2 briyani,places,en,231,13.006769,80.19922605,13.0059053,80.2015565,0,maa2,Chennai,2026-08-31T08:57:47.725153Z
ChIJ90IuChBnUjoRZsFfrebpTbQ,Bite & Burst CH16,places,en,231,13.006769,80.19922605,13.009248900000001,80.1986483,0,maa2,Chennai,2026-08-31T08:57:47.725155Z
ChIJHXkXTHJnUjoRQE8ohETCHRc,ACM-AH,places,en,231,13.006769,80.19922605,13.006857,80.2018476,0,maa2,Chennai,2026-08-31T08:57:47.725157Z
ChIJwUMEdkhnUjoRJnq59dYiUx8,AMJA RESTAURANT,places,en,231,13.006769,80.19922605,13.0092941,80.19855930000001,0,maa2,Chennai,2026-08-31T08:57:47.725158Z
ChIJow8tnIhdUjoR-tCDok6D2h0,Sukkubhai Biryani Multicuisine Restaurant - OMR Perungudi,places,en,232,12.97141285,80.2497419,12.971392,80.2495335,0,maa2,Chennai,2026-08-31T08:57:48.040547Z
ChIJkxd9yyZdUjoRQBk1ZvPdWJs,Yokeshkumar Store,places,en,232,12.97141285,80.2497419,12.9716907,80.2497972,0,maa2,Chennai,2026-08-31T08:57:48.040555Z
ChIJByDPSzBdUjoRHrY_2DYoMf4,Naachiyammal Chicken Pakoda,places,en,232,12.97141285,80.2497419,12.9714065,80.2500756,0,maa2,Chennai,2026-08-31T08:57:48.040558Z
ChIJdY-UvmtdUjoRZYeNOG1A06A,Pedreno's Global Fusion Restaurant,places,en,232,12.97141285,80.2497419,12.9714083,80.25017960000001,0,maa2,Chennai,2026-08-31T08:57:48.040560Z
ChIJYY2JaSxdUjoRZ41tWo41ZQk,Luffy Juice Shop,places,en,232,12.97141285,80.2497419,12.970885400000002,80.2493746,0,maa2,Chennai,2026-08-31T08:57:48.040562Z
ChIJ1Vm-47RdUjoRkC78IdrqklY,Bhavani,places,en,232,12.97141285,80.2497419,12.9720271,80.2501675,0,maa2,Chennai,2026-08-31T08:57:48.040564Z
ChIJQeTU-OddUjoRaQ4F0Hq-S_4,Madurai Kari Virunthu Catering,places,en,232,12.97141285,80.2497419,12.9721025,80.2500173,0,maa2,Chennai,2026-08-31T08:57:48.040566Z
ChIJbd44vJpdUjoRI12KWc5cOUA,Dindigul Thalappakatti Restaurant,places,en,232,12.97141285,80.2497419,12.9720847,80.2503033,0,maa2,Chennai,2026-08-31T08:57:48.040568Z
ChIJC-VAsbtdUjoRq_cdeo5O1_8,Ak beef biryani,places,en,232,12.97141285,80.2497419,12.972190699999999,80.2502495,0,maa2,Chennai,2026-08-31T08:57:48.040570Z
ChIJa6QLnTxdUjoRXQ2ByY2dcqg,Bhanu Tiffin Center,places,en,232,12.97141285,80.2497419,12.970253,80.2494229,0,maa2,Chennai,2026-08-31T08:57:48.040572Z
ChIJ_fmvgHtdUjoRLPbvPnaHjEw,சக்தி சிக்கன் பிரியாணி,places,en,233,12.9838271,80.24013095000001,12.984094299999999,80.2402609,0,maa2,Chennai,2026-08-31T08:57:48.662572Z
ChIJO6JgwoFdUjoR8DrqG6mYvA8,"Sagar Foods, The Bihari Dhaba",places,en,233,12.9838271,80.24013095000001,12.9843871,80.2396852,0,maa2,Chennai,2026-08-31T08:57:48.662580Z
ChIJey5yHgBdUjoRxYEh1neCCUk,Bombay chats,places,en,233,12.9838271,80.24013095000001,12.9845209,80.2402414,0,maa2,Chennai,2026-08-31T08:57:48.662582Z
ChIJr1KfqTJdUjoRNY7p5CtM1wU,RJ UNAVAGAM,places,en,233,12.9838271,80.24013095000001,12.984513,80.23967809999999,0,maa2,Chennai,2026-08-31T08:57:48.662584Z
ChIJ8_R3br9dUjoRJtn2xW_rOMA,CHENNAI'S GOODFOOD,places,en,233,12.9838271,80.24013095000001,12.9846434,80.23992439999999,0,maa2,Chennai,2026-08-31T08:57:48.662586Z
ChIJhcOfz-pdUjoRqUae0TBri64,GUNTUR KAARAM CLOUD KITCHEN,places,en,233,12.9838271,80.24013095000001,12.984700199999999,80.2406218,0,maa2,Chennai,2026-08-31T08:57:48.662587Z
ChIJ5VW-h3xdUjoRECKyd8XjliM,RR Devar Chicken Stall,places,en,233,12.9838271,80.24013095000001,12.984814000000002,80.24058819999999,0,maa2,Chennai,2026-08-31T08:57:48.662589Z
ChIJLWjBgDhdUjoRQC4xxEd2aeQ,SRS BIRIYANI HOUSE ANDHRA STYLE,places,en,233,12.9838271,80.24013095000001,12.984303299999999,80.2390987,0,maa2,Chennai,2026-08-31T08:57:48.662590Z
ChIJwWXoCnxdUjoRW1NqKih8hng,Mummy Daddy Andhra Mess,places,en,233,12.9838271,80.24013095000001,12.984283399999999,80.2390668,0,maa2,Chennai,2026-08-31T08:57:48.662592Z
ChIJ0cPQiXxdUjoR3-DUrADi6oY,Amma Unavagam,places,en,233,12.9838271,80.24013095000001,12.985161100000001,80.24059129999999,0,maa2,Chennai,2026-08-31T08:57:48.662595Z
ChIJhRiEjHxdUjoRZ6okZ1PNO98,Anugreha Home Foods,places,en,233,12.9838271,80.24013095000001,12.985482,80.2408715,0,maa2,Chennai,2026-08-31T08:57:48.662597Z
ChIJy_v-VABdUjoR77HINuEQgKQ,Atho kadai,places,en,234,12.97134355,80.2328124,12.9697639,80.2329967,0,maa2,Chennai,2026-08-31T08:57:48.976544Z
ChIJZXKVJGVdUjoR9wlgKRKUOTI,Bismi Hotel,places,en,235,12.9610378,80.2566672,12.961429700000002,80.2569281,0,maa2,Chennai,2026-08-31T08:57:49.283529Z
ChIJA1dqoPRdUjoRTqlZmJZalQ0,DILLIBABU HOTEL,places,en,235,12.9610378,80.2566672,12.9615104,80.25653899999999,0,maa2,Chennai,2026-08-31T08:57:49.283542Z
ChIJn_JZK8RdUjoRocqvB5z8288,M S MAHAL,places,en,235,12.9610378,80.2566672,12.9612223,80.2574787,0,maa2,Chennai,2026-08-31T08:57:49.283548Z
ChIJx4PbsIddUjoRgi9wv0qCIZI,Dhadhi Masala Mor,places,en,235,12.9610378,80.2566672,12.9616727,80.2561348,0,maa2,Chennai,2026-08-31T08:57:49.283552Z
ChIJNdIbXwBdUjoRFXesJfp1ZqU,Meenavan sea foods,places,en,235,12.9610378,80.2566672,12.9616727,80.2561348,0,maa2,Chennai,2026-08-31T08:57:49.283555Z
ChIJUdMklgFdUjoRpqM2UQm6pUw,Great Vaniyambadi Biriyanis,places,en,235,12.9610378,80.2566672,12.962078199999999,80.2564889,0,maa2,Chennai,2026-08-31T08:57:49.283560Z
ChIJwelwRD5dUjoR53WBlrl14OA,THIRUMALA FOOD'S,places,en,235,12.9610378,80.2566672,12.962111900000002,80.2565259,0,maa2,Chennai,2026-08-31T08:57:49.283563Z
ChIJlSE4KABdUjoRQo-kO2anU-E,The Red Box - Neelankarai,places,en,235,12.9610378,80.2566672,12.9621176,80.2564766,0,maa2,Chennai,2026-08-31T08:57:49.283565Z
ChIJiTXkdz5dUjoRkUpqWzj-Aq0,GREAT DINDUGAL BIRIYANIS,places,en,235,12.9610378,80.2566672,12.9621214,80.2564735,0,maa2,Chennai,2026-08-31T08:57:49.283568Z
ChIJNzANwlJdUjoRLZHf515-aTI,Shaadi Biryani - Palavakkam,places,en,235,12.9610378,80.2566672,12.962154499999999,80.2565158,0,maa2,Chennai,2026-08-31T08:57:49.283571Z
ChIJA_n8JipdUjoR1sxysDKwTKs,Taco Bell,places,en,235,12.9610378,80.2566672,12.9622418,80.2564956,0,maa2,Chennai,2026-08-31T08:57:49.283574Z
ChIJDSNOiEBdUjoR3LAtCx_LLGE,Meat & Eat Family Restaurants,places,en,235,12.9610378,80.2566672,12.9623731,80.2562719,0,maa2,Chennai,2026-08-31T08:57:49.283576Z
ChIJmZ2Kd31dUjoRgP9pNILc-j8,Thambi Unavagam,places,en,235,12.9610378,80.2566672,12.9626202,80.25627,0,maa2,Chennai,2026-08-31T08:57:49.283579Z
ChIJt7ybV1JdUjoRIujz1fuOQio,K.R.K Rahman Chicken,places,en,235,12.9610378,80.2566672,12.962922299999999,80.25656719999999,0,maa2,Chennai,2026-08-31T08:57:49.283582Z
ChIJqUMjKmFdUjoR-ySVqdGJYto,Biriyani Mubaarak Palavakkam,places,en,235,12.9610378,80.2566672,12.962944799999999,80.2565676,0,maa2,Chennai,2026-08-31T08:57:49.283584Z
ChIJWUm_1G9dUjoRq5Wn35Zp2i0,Dippy Dops,places,en,235,12.9610378,80.2566672,12.9630031,80.2565714,0,maa2,Chennai,2026-08-31T08:57:49.283587Z
ChIJdQC_BrllUjoR7_6LByPEUsU,Sankar,places,en,236,13.10076625,80.19254575,13.100216099999999,80.1926885,0,maa2,Chennai,2026-08-31T08:57:49.594746Z
ChIJj893FpplUjoRIV6eUirpKNw,Delhi lassi shop,places,en,236,13.10076625,80.19254575,13.101096600000002,80.1930879,0,maa2,Chennai,2026-08-31T08:57:49.594754Z
ChIJxantnwxkUjoR3XAUq_HqCtg,Sabari Tiffen Centre,places,en,236,13.10076625,80.19254575,13.100513999999999,80.19316200000002,0,maa2,Chennai,2026-08-31T08:57:49.594757Z
ChIJdbbpJgBlUjoRIlobEhCiRG8,KANNAN TIFFIN CENTRE,places,en,236,13.10076625,80.19254575,13.1014655,80.1920688,0,maa2,Chennai,2026-08-31T08:57:49.594761Z
ChIJ_dJYVgtkUjoRfW7rsqq1A3w,Sri Dharani Chettinadu Hotel,places,en,236,13.10076625,80.19254575,13.101542199999999,80.19299480000001,0,maa2,Chennai,2026-08-31T08:57:49.594762Z
ChIJrThOAu1jUjoRQ95lZ30BEkY,Shri Annapurna,places,en,236,13.10076625,80.19254575,13.101542199999999,80.19299480000001,0,maa2,Chennai,2026-08-31T08:57:49.594764Z
ChIJL1R6EQ1lUjoRG5epq8BtNDM,Singam Restaurant,places,en,236,13.10076625,80.19254575,13.101464499999999,80.19191,0,maa2,Chennai,2026-08-31T08:57:49.594766Z
ChIJDRK_GABlUjoRT6d0VAWLKOg,Kaalan Kadai,places,en,236,13.10076625,80.19254575,13.1016675,80.19341229999999,0,maa2,Chennai,2026-08-31T08:57:49.594767Z
ChIJP9ZsK_9jUjoRdc3wE5JQ1gk,Anjappar Chettinad Restaurant,places,en,236,13.10076625,80.19254575,13.1003823,80.1907154,0,maa2,Chennai,2026-08-31T08:57:49.594770Z
ChIJma4L2sJlUjoRZUR8e9Rxzv8,Chennai Rusi Hotel,places,en,236,13.10076625,80.19254575,13.099578,80.190567,0,maa2,Chennai,2026-08-31T08:57:49.594771Z
ChIJ7epPJwBlUjoRh33YGKYcwRI,PHD PANIPURI,places,en,236,13.10076625,80.19254575,13.1006298,80.1901219,0,maa2,Chennai,2026-08-31T08:57:49.594773Z
ChIJO4UiGRddUjoRQrfnW6drXMw,Om sai ladies pg,places,en,237,12.966590199999999,80.24499125,12.9664554,80.2458358,0,maa2,Chennai,2026-08-31T08:57:50.013566Z
ChIJU5HwGm1dUjoRCaLJTXWFaSI,Bengali Fun Foods,places,en,237,12.966590199999999,80.24499125,12.966903199999999,80.24582459999999,0,maa2,Chennai,2026-08-31T08:57:50.013575Z
ChIJJU0B2RJdUjoRuaRWXJysmU4,Nawaab Sheikh Biriyani Palace,places,en,237,12.966590199999999,80.24499125,12.966430299999999,80.24587009999999,0,maa2,Chennai,2026-08-31T08:57:50.013577Z
ChIJ0Q09A9ZdUjoRPW0wG0j9Rhw,"NOSTALGIC KOLKATA, PERUNGUDI",places,en,237,12.966590199999999,80.24499125,12.9670761,80.24575589999999,0,maa2,Chennai,2026-08-31T08:57:50.013579Z
ChIJLYKI6w1dUjoRqgsWFf9qnMc,Annam Mess,places,en,237,12.966590199999999,80.24499125,12.9671741,80.24568479999999,0,maa2,Chennai,2026-08-31T08:57:50.013581Z
ChIJF3zTfDBdUjoR4OCMNvUQORk,goli Vada pav no1,places,en,237,12.966590199999999,80.24499125,12.967009,80.2458139,0,maa2,Chennai,2026-08-31T08:57:50.013583Z
ChIJNxxS2BJdUjoRECS81V4qgjg,Le Grande,places,en,237,12.966590199999999,80.24499125,12.9664783,80.2459186,0,maa2,Chennai,2026-08-31T08:57:50.013585Z
ChIJH30A8uJdUjoRTS8Ufiv2gmk,Thakkaram Hub,places,en,237,12.966590199999999,80.24499125,12.967129,80.2457537,0,maa2,Chennai,2026-08-31T08:57:50.013587Z
ChIJm7CF09tdUjoRpEhvRLUTOw8,Tiffen central,places,en,237,12.966590199999999,80.24499125,12.9665454,80.2459452,0,maa2,Chennai,2026-08-31T08:57:50.013588Z
ChIJHQ2JMm1dUjoRdkR7yzhTVYM,Farm Fresh Meats,places,en,237,12.966590199999999,80.24499125,12.9675376,80.2453754,0,maa2,Chennai,2026-08-31T08:57:50.013590Z
ChIJN4mz7TBdUjoRGFOXcgINC0U,Christo’s Cafe,places,en,237,12.966590199999999,80.24499125,12.967582400000001,80.2452709,0,maa2,Chennai,2026-08-31T08:57:50.013592Z
ChIJ70znIgBdUjoRtnyCmWWoKuw,BOX8 - India's Largest Desi Meals Brand,places,en,237,12.966590199999999,80.24499125,12.9667,80.2461,0,maa2,Chennai,2026-08-31T08:57:50.013594Z
ChIJn_ZsiJZdUjoR8c2W4NDXvVk,MOJO Pizza - 2X Toppings,places,en,237,12.966590199999999,80.24499125,12.9667,80.2461,0,maa2,Chennai,2026-08-31T08:57:50.013595Z
ChIJia9PIfVdUjoR0cE8xa2cSi8,Hotel i Live Inn,places,en,237,12.966590199999999,80.24499125,12.967693899999999,80.2450262,0,maa2,Chennai,2026-08-31T08:57:50.013597Z
ChIJrYYAWwBdUjoRcm3WtZXAGwk,Virundhu by The Native Plate,places,en,237,12.966590199999999,80.24499125,12.9666737,80.2461221,0,maa2,Chennai,2026-08-31T08:57:50.013599Z
ChIJcU7nrTJdUjoRwR2A69wWbsI,Hotel Adyar Kausiya 1,places,en,237,12.966590199999999,80.24499125,12.9675473,80.24558139999999,0,maa2,Chennai,2026-08-31T08:57:50.013600Z
ChIJN5YT3W1dUjoR_4EeJX4wbUk,Adyar Kausiya,places,en,237,12.966590199999999,80.24499125,12.9675307,80.2456143,0,maa2,Chennai,2026-08-31T08:57:50.013602Z
ChIJ9ekPqcZdUjoRKXn2YRYFsa8,Chettante kada,places,en,237,12.966590199999999,80.24499125,12.9664083,80.2461702,0,maa2,Chennai,2026-08-31T08:57:50.013604Z
ChIJad3aSABdUjoRQeOPAIjaDTE,MadeByMe,places,en,237,12.966590199999999,80.24499125,12.967638899999999,80.2455676,0,maa2,Chennai,2026-08-31T08:57:50.013605Z
ChIJK226QbZdUjoR7IrpuuWrZ2U,RK Hot Chaat And Soups,places,en,237,12.966590199999999,80.24499125,12.967686899999999,80.2454982,0,maa2,Chennai,2026-08-31T08:57:50.013607Z
ChIJZ2mbII5dUjoRbcD7OkM2eWI,HOTEL SABIRA,places,en,238,12.9782271,80.2165508,12.977637699999999,80.2170189,0,maa2,Chennai,2026-08-31T08:57:50.327275Z
ChIJDzPzOQBdUjoRZXEliyYfodE,Hotel Muthaiyya,places,en,238,12.9782271,80.2165508,12.9794276,80.2160924,0,maa2,Chennai,2026-08-31T08:57:50.327283Z
ChIJqUlyMsVdUjoRTKQLIThN0EQ,Tamil Chicken Center,places,en,238,12.9782271,80.2165508,12.979574099999999,80.2165661,0,maa2,Chennai,2026-08-31T08:57:50.327286Z
ChIJr0zJ509dUjoR0y29ilUA7sY,Abi Vadai Kadai,places,en,238,12.9782271,80.2165508,12.9783161,80.2151782,0,maa2,Chennai,2026-08-31T08:57:50.327287Z
ChIJ9TfZ441dUjoRusEM95blfik,ஆயிஷா பிரியாணி,places,en,238,12.9782271,80.2165508,12.978627099999999,80.21515389999999,0,maa2,Chennai,2026-08-31T08:57:50.327289Z
ChIJw_0V4bZdUjoRgwxc5fiAvKk,Geetha Mess,places,en,238,12.9782271,80.2165508,12.9776234,80.2152241,0,maa2,Chennai,2026-08-31T08:57:50.327291Z
ChIJ8xZPgepdUjoRtOH_jWa30-Y,ADS Hyderabad Biryani,places,en,238,12.9782271,80.2165508,12.9778178,80.2151406,0,maa2,Chennai,2026-08-31T08:57:50.327292Z
ChIJVVVV5ZFdUjoREUHhWSzh8Vk,Vinayaga Tiffin Center,places,en,238,12.9782271,80.2165508,12.976875000000001,80.21609699999999,0,maa2,Chennai,2026-08-31T08:57:50.327294Z
ChIJd8KKVwBdUjoRNUdt5pEDgwQ,Kamala Kitchen,places,en,238,12.9782271,80.2165508,12.9783642,80.2148986,0,maa2,Chennai,2026-08-31T08:57:50.327295Z
ChIJq04n4Y1dUjoRm9V1_qp7JTM,Sai Idiyappam Pudding & Soup Shop,places,en,238,12.9782271,80.2165508,12.978907399999999,80.21502629999999,0,maa2,Chennai,2026-08-31T08:57:50.327297Z
ChIJLbEzRphdUjoRQwlN0K57CAY,Nєω L2V ƒєαѕт,places,en,238,12.9782271,80.2165508,12.978772099999999,80.21480079999999,0,maa2,Chennai,2026-08-31T08:57:50.327299Z
ChIJS6LPMI1dUjoR6r2fIwaRi7M,Perk,places,en,238,12.9782271,80.2165508,12.9799364,80.2157604,0,maa2,Chennai,2026-08-31T08:57:50.327300Z
ChIJMaw0JtFdUjoRG6LfUqFZ1zU,DRR restuarant centre,places,en,238,12.9782271,80.2165508,12.9786982,80.2146858,0,maa2,Chennai,2026-08-31T08:57:50.327302Z
ChIJO174CcBdUjoRfus6CADjY0Y,Namma Kolambu Kadai,places,en,238,12.9782271,80.2165508,12.9799554,80.21749659999999,0,maa2,Chennai,2026-08-31T08:57:50.327304Z
ChIJ261zjwZdUjoRd1wIlmo5efI,Tharun Jai Snacks,places,en,238,12.9782271,80.2165508,12.9799891,80.2175764,0,maa2,Chennai,2026-08-31T08:57:50.327305Z
ChIJdxIdGHhlUjoR1nujaZhj-14,Nk Tiffin Centre,places,en,239,13.127733800000001,80.2680126,13.1288571,80.2662962,0,maa2,Chennai,2026-08-31T08:57:50.641706Z
ChIJC-YfXABlUjoRxv9mI1qDWYU,AMMAN FAST FOOD,places,en,239,13.127733800000001,80.2680126,13.1279586,80.2700618,0,maa2,Chennai,2026-08-31T08:57:50.641713Z
ChIJ70AGCoJlUjoRT53dJHVR4ZM,VEDAN BIRIYANI & FAST FOOD HOTEL,places,en,239,13.127733800000001,80.2680126,13.1276397,80.2700783,0,maa2,Chennai,2026-08-31T08:57:50.641716Z
ChIJi4H4CYJlUjoROhUmTmTrhbg,Sky Tifin Centre,places,en,239,13.127733800000001,80.2680126,13.1276181,80.270088,0,maa2,Chennai,2026-08-31T08:57:50.641717Z
ChIJDbdnp3hlUjoRQgAXd_MiN44,Hot Shawarma & Fast Food,places,en,239,13.127733800000001,80.2680126,13.1277545,80.2702094,0,maa2,Chennai,2026-08-31T08:57:50.641719Z
ChIJ0ahxPHhlUjoRAJ4xC2Vpp-A,சுவையான மெக்கா உணவகம்,places,en,239,13.127733800000001,80.2680126,13.1293658,80.2665013,0,maa2,Chennai,2026-08-31T08:57:50.641721Z
ChIJbYOf6QVlUjoRv3XxTyefblk,Vihasa Home Made Foods,places,en,239,13.127733800000001,80.2680126,13.128103399999999,80.2702396,0,maa2,Chennai,2026-08-31T08:57:50.641722Z
ChIJxRt1iXxlUjoRngfPK494H0I,MUNIYANDI VILAS,places,en,239,13.127733800000001,80.2680126,13.1276941,80.2704779,0,maa2,Chennai,2026-08-31T08:57:50.641724Z
ChIJ9ba7fgBlUjoRS33XvvYNKiE,TS Fastfood and Coolbar,places,en,239,13.127733800000001,80.2680126,13.1301074,80.2668583,0,maa2,Chennai,2026-08-31T08:57:50.641725Z
ChIJNzO0Gm5kUjoRrZafsyLd-8k,Quality Mutton Store,places,en,240,13.1084829,80.20027785,13.108355999999999,80.199322,0,maa2,Chennai,2026-08-31T08:57:51.037784Z
ChIJcSNGZsllUjoRlqzArmh5Xls,Bismillah Fast food,places,en,240,13.1084829,80.20027785,13.108042999999999,80.199354,0,maa2,Chennai,2026-08-31T08:57:51.037792Z
ChIJiZGUB25kUjoRKozWZ3oFYNc,MSR,places,en,240,13.1084829,80.20027785,13.1080139,80.1993081,0,maa2,Chennai,2026-08-31T08:57:51.037796Z
ChIJX-L-4yBlUjoR2MC4liiMQvk,Mehbu Restaurant,places,en,240,13.1084829,80.20027785,13.1089462,80.199286,0,maa2,Chennai,2026-08-31T08:57:51.037798Z
ChIJI_9VBSJlUjoR0BRwrFuGGMA,Affa Foods,places,en,240,13.1084829,80.20027785,13.1068293,80.199276,0,maa2,Chennai,2026-08-31T08:57:51.037800Z
ChIJT5r7fxFkUjoRAAAAsPBlKFo,The Curry Spot,places,en,240,13.1084829,80.20027785,13.106471599999999,80.20081739999999,0,maa2,Chennai,2026-08-31T08:57:51.037802Z
ChIJ6QYyal1lUjoRWSGNhXenPRs,Joy Foods,places,en,240,13.1084829,80.20027785,13.1065132,80.2015139,0,maa2,Chennai,2026-08-31T08:57:51.037804Z
ChIJzQruqj9lUjoRdK0RkMYPvm0,Karthick,places,en,240,13.1084829,80.20027785,13.1092225,80.202562,0,maa2,Chennai,2026-08-31T08:57:51.037806Z
ChIJk7Lg0a5lUjoRWakGcyIR6fM,KARTHICK LUNCH HOME,places,en,240,13.1084829,80.20027785,13.1075716,80.2026274,0,maa2,Chennai,2026-08-31T08:57:51.037808Z
ChIJeXFGH2xkUjoR_rq-hUrInjw,Dd Gravys,places,en,240,13.1084829,80.20027785,13.107825499999999,80.2028667,0,maa2,Chennai,2026-08-31T08:57:51.037810Z
ChIJwxBGM1BlUjoR5OOup51tydA,MARS FAST FOOD VILLIVAKKAM,places,en,240,13.1084829,80.20027785,13.1059212,80.1996915,0,maa2,Chennai,2026-08-31T08:57:51.037811Z
ChIJma8gWVxlUjoRL0VBLLMhK2c,Ann's Kitchen,places,en,240,13.1084829,80.20027785,13.1058591,80.1998905,0,maa2,Chennai,2026-08-31T08:57:51.037813Z
ChIJMcPMn-BlUjoRwJYr2m9Jjso,Jacko transport water supply,places,en,240,13.1084829,80.20027785,13.1099585,80.2025537,0,maa2,Chennai,2026-08-31T08:57:51.037815Z
ChIJ5zcSjqVhUjoR840x_GQrfQk,Sanjana's Cloud Kitchen,places,en,241,13.033254450000001,80.1733227,13.0333485,80.1730687,0,maa2,Chennai,2026-08-31T08:57:51.357904Z
ChIJgyzU8xNhUjoRXG-sO1RFGTk,Ambur Chicken Briyani,places,en,241,13.033254450000001,80.1733227,13.0333654,80.17373099999999,0,maa2,Chennai,2026-08-31T08:57:51.357914Z
ChIJsWsBfQBhUjoRaaBbZMs5c6c,Kiwi Spice Street,places,en,241,13.033254450000001,80.1733227,13.0336436,80.17381569999999,0,maa2,Chennai,2026-08-31T08:57:51.357916Z
ChIJ-yqc6jthUjoRmg_i8mT6Jcc,EAT SWAD,places,en,241,13.033254450000001,80.1733227,13.0334729,80.1739224,0,maa2,Chennai,2026-08-31T08:57:51.357918Z
ChIJrwqCgydhUjoR8VRrz05swSo,Palani Murugan Hotel,places,en,241,13.033254450000001,80.1733227,13.0335111,80.17398639999999,0,maa2,Chennai,2026-08-31T08:57:51.357920Z
ChIJtSvnSAFhUjoRZ5U3ogRr_-A,AR Food Corner,places,en,241,13.033254450000001,80.1733227,13.0336737,80.17390830000001,0,maa2,Chennai,2026-08-31T08:57:51.357921Z
ChIJg-JohidhUjoR3JeRdvX24SM,Star Ameen Special Biriyani,places,en,241,13.033254450000001,80.1733227,13.033203799999999,80.1741341,0,maa2,Chennai,2026-08-31T08:57:51.357922Z
ChIJvUtHfNhgUjoRU_m4nrC0oPQ,KPR VEG RESTAURANT,places,en,241,13.033254450000001,80.1733227,13.032460200000001,80.17379540000002,0,maa2,Chennai,2026-08-31T08:57:51.357924Z
ChIJCZ6abABhUjoR_MHHSuAYZV8,The Chaap spot,places,en,241,13.033254450000001,80.1733227,13.032618,80.174038,0,maa2,Chennai,2026-08-31T08:57:51.357925Z
ChIJ9xyOWgBhUjoR397thQJ-vnA,Mathaji food and chats,places,en,241,13.033254450000001,80.1733227,13.032351000000002,80.17362469999999,0,maa2,Chennai,2026-08-31T08:57:51.357926Z
ChIJ_UUfPxphUjoRyVnFKunek7E,Mathaji Foods & Chaat,places,en,241,13.033254450000001,80.1733227,13.032344,80.17362,0,maa2,Chennai,2026-08-31T08:57:51.357928Z
ChIJ2VAWVU1hUjoReR4MA7lYFrs,New Arcot Biryani,places,en,241,13.033254450000001,80.1733227,13.0342,80.1740197,0,maa2,Chennai,2026-08-31T08:57:51.357929Z
ChIJnZC4_dZhUjoRiFBmjGqlcBI,THE SANDWICH KING,places,en,241,13.033254450000001,80.1733227,13.032379899999999,80.17411969999999,0,maa2,Chennai,2026-08-31T08:57:51.357930Z
ChIJN2BwaydhUjoRsgqdUvqRpzU,NAGA SOUP And SIDEDISH STALL,places,en,241,13.033254450000001,80.1733227,13.0341379,80.1724616,0,maa2,Chennai,2026-08-31T08:57:51.357932Z
ChIJw6PEGCRhUjoRAqwVbuXJET0,New Healthy Bites,places,en,241,13.033254450000001,80.1733227,13.032996299999999,80.1719517,0,maa2,Chennai,2026-08-31T08:57:51.357933Z
ChIJAR02cNhgUjoRDkb3hjSgPEk,நிஷா ஸ்டோர்,places,en,241,13.033254450000001,80.1733227,13.0323093,80.1744032,0,maa2,Chennai,2026-08-31T08:57:51.357935Z
ChIJq9ncPydhUjoRqiMcY6zbzRA,AASHIRVAAD,places,en,241,13.033254450000001,80.1733227,13.0343701,80.1721211,0,maa2,Chennai,2026-08-31T08:57:51.357936Z
ChIJDdjndxZhUjoRrX7SX6rdPdM,flour&fire,places,en,241,13.033254450000001,80.1733227,13.034073399999999,80.1748051,0,maa2,Chennai,2026-08-31T08:57:51.357937Z
ChIJfW0yRgBhUjoRVKWZkd-9URU,Sumathi Mess,places,en,241,13.033254450000001,80.1733227,13.0332256,80.1751532,0,maa2,Chennai,2026-08-31T08:57:51.357939Z
ChIJDQEKpidhUjoRFDDMc4jK2pA,Amma Unavagam,places,en,241,13.033254450000001,80.1733227,13.0349813,80.17390429999999,0,maa2,Chennai,2026-08-31T08:57:51.357940Z
ChIJm5nFPE9hUjoR2w_JD_1M7Rs,ஸ்ரீ அங்காள பரமேஸ்வரி புட்ஸ் இங்கு இட்லி தோச,places,en,242,13.0621719,80.17979310000001,13.0626906,80.17838940000001,0,maa2,Chennai,2026-08-31T08:57:51.660274Z
ChIJh5TVMk9hUjoRuVW9VIpHxig,சோழன் பிரியாணி,places,en,242,13.0621719,80.17979310000001,13.061567499999999,80.1782691,0,maa2,Chennai,2026-08-31T08:57:51.660284Z
ChIJjwuldQBhUjoRBKZjlWI41i0,Mani Hotel,places,en,242,13.0621719,80.17979310000001,13.061309999999999,80.17836930000001,0,maa2,Chennai,2026-08-31T08:57:51.660286Z
ChIJ27BeKgBhUjoRyOj4SxDjk0o,Bhai veetu biriyani,places,en,242,13.0621719,80.17979310000001,13.060644,80.1787026,0,maa2,Chennai,2026-08-31T08:57:51.660289Z
ChIJ8Qt4OYhnUjoRDNWW1fuPytg,Bai Veetu Biriyani,places,en,243,13.077282499999999,80.19083044999999,13.078017,80.19057959999999,0,maa2,Chennai,2026-08-31T08:57:52.057317Z
ChIJS489XwdlUjoReaC4mcOGDRE,Shrees Juice & Shake,places,en,244,13.132726900000002,80.2390954,13.134174000000002,80.2388643,0,maa2,Chennai,2026-08-31T08:57:52.382108Z
ChIJq9zWKENlUjoRVXsQB3iIW_U,TASTE MING,places,en,244,13.132726900000002,80.2390954,13.131433,80.2402729,0,maa2,Chennai,2026-08-31T08:57:52.382118Z
ChIJuZwZQfhlUjoRww6k7MnBk_4,The Queen's Kitchen - Family Restaurant,places,en,244,13.132726900000002,80.2390954,13.1314374,80.2402867,0,maa2,Chennai,2026-08-31T08:57:52.382121Z
ChIJg3yPy6hlUjoRQoQXI7BfLwI,DEVA FRESH JUICE,places,en,244,13.132726900000002,80.2390954,13.131141099999999,80.2404372,0,maa2,Chennai,2026-08-31T08:57:52.382124Z
ChIJ2Sf_kuZlUjoRy1bD0f99LTg,SS Fish Stall - Retail and Wholesale,places,en,244,13.132726900000002,80.2390954,13.131104299999999,80.24047680000001,0,maa2,Chennai,2026-08-31T08:57:52.382126Z
ChIJC99mMk1lUjoRubUHGSAm9mw,HOTEL ANAYA ADUPPU,places,en,244,13.132726900000002,80.2390954,13.130863,80.24083069999999,0,maa2,Chennai,2026-08-31T08:57:52.382128Z
ChIJxXPTaSFlUjoRtsyjK8-gfnU,Ajwa Tea Shop,places,en,244,13.132726900000002,80.2390954,13.1308157,80.24086919999999,0,maa2,Chennai,2026-08-31T08:57:52.382130Z
ChIJC-d-_5NlUjoR2hF5Y0-RlOg,Sri Sai Waffbrow,places,en,244,13.132726900000002,80.2390954,13.130271299999999,80.2400898,0,maa2,Chennai,2026-08-31T08:57:52.382132Z
ChIJUXKXygFkUjoRPThb45yZtrs,Namma Master Kadai,places,en,245,13.079504700000001,80.19244355000001,13.080559599999999,80.1903134,0,maa2,Chennai,2026-08-31T08:57:52.688744Z
ChIJ8_P5ivJlUjoRcnHHHsWJ0Jo,Vada Point,places,en,245,13.079504700000001,80.19244355000001,13.080026199999999,80.1900093,0,maa2,Chennai,2026-08-31T08:57:52.688752Z
ChIJ90SeMQBkUjoR6qUkNeBT8kk,Sree Vaari & Go,places,en,245,13.079504700000001,80.19244355000001,13.0799627,80.18987489999999,0,maa2,Chennai,2026-08-31T08:57:52.688754Z
ChIJ3fkQFQBlUjoRKd6Dfc-UVXo,Basha Brinji Center,places,en,245,13.079504700000001,80.19244355000001,13.0799237,80.18981529999999,0,maa2,Chennai,2026-08-31T08:57:52.688756Z
ChIJa1wZs85lUjoR4n3d1PILmmM,SHANTHI FOODS,places,en,246,13.125660400000001,80.27272275,13.127318200000001,80.2707617,0,maa2,Chennai,2026-08-31T08:57:53.058583Z
ChIJ70wbp1tmUjoR-xuSwrF-r5U,Ambal Chettinadu Mess,places,en,247,13.050317549999999,80.240466,13.050566799999999,80.2403751,0,maa2,Chennai,2026-08-31T08:57:53.397051Z
ChIJOz8ewd9nUjoRm_rbESHBhkM,SRI MURUGAN IDLY,places,en,247,13.050317549999999,80.240466,13.049962700000002,80.2406045,0,maa2,Chennai,2026-08-31T08:57:53.397063Z
ChIJ0Uv0aKZnUjoRuXX9lxGIZ_E,Bowl'd T.Nagar,places,en,247,13.050317549999999,80.240466,13.049835999999999,80.2404395,0,maa2,Chennai,2026-08-31T08:57:53.397066Z
ChIJ1VUO-NlnUjoRXNuu_QV_bK4,Peni Ice Candy - T Nagar,places,en,247,13.050317549999999,80.240466,13.0498281,80.2404573,0,maa2,Chennai,2026-08-31T08:57:53.397069Z
ChIJ00mlC-9nUjoR4m4jxSyHPOo,og waffles,places,en,247,13.050317549999999,80.240466,13.049895999999999,80.24012599999999,0,maa2,Chennai,2026-08-31T08:57:53.397072Z
ChIJV0Ie6PtnUjoRjSiPDwIwb4Y,CHENNAI'S G ROLL,places,en,247,13.050317549999999,80.240466,13.0498725,80.24012789999999,0,maa2,Chennai,2026-08-31T08:57:53.397075Z
ChIJcalxPR9nUjoRjd-gMqq2gYg,GOWTHAM R,places,en,247,13.050317549999999,80.240466,13.049747799999999,80.2404542,0,maa2,Chennai,2026-08-31T08:57:53.397077Z
ChIJFQdU6wpnUjoRM8O_T_tO4hs,Momo Cart,places,en,247,13.050317549999999,80.240466,13.0498893,80.2400681,0,maa2,Chennai,2026-08-31T08:57:53.397080Z
ChIJZY1dzltmUjoR279uaAmOJBA,Crunchy N Munchy Chaat,places,en,247,13.050317549999999,80.240466,13.049828399999999,80.24014849999999,0,maa2,Chennai,2026-08-31T08:57:53.397082Z
ChIJRd4QoFtmUjoRG_kMGfwPnj8,Nellai Vairamaligai,places,en,247,13.050317549999999,80.240466,13.051098699999999,80.2404346,0,maa2,Chennai,2026-08-31T08:57:53.397084Z
ChIJ89HKcQdnUjoRr2lAMX-5oxE,Chat Shop,places,en,247,13.050317549999999,80.240466,13.0500223,80.24154709999999,0,maa2,Chennai,2026-08-31T08:57:53.397087Z
ChIJSVF4JeRnUjoRvTmFAdIo_ow,City square cafeteria,places,en,247,13.050317549999999,80.240466,13.0498406,80.24154589999999,0,maa2,Chennai,2026-08-31T08:57:53.397089Z
ChIJjWPmt-9nUjoRyjjuqupugG4,Jalpaan,places,en,247,13.050317549999999,80.240466,13.0514953,80.24047360000002,0,maa2,Chennai,2026-08-31T08:57:53.397091Z
ChIJWcEBfxNnUjoR2d_pBwGlx9M,Ambal tiffin center,places,en,247,13.050317549999999,80.240466,13.050027799999999,80.2392189,0,maa2,Chennai,2026-08-31T08:57:53.397093Z
ChIJ77b3xHlnUjoRaz1rBnT8aMU,Ambal Chettinadu Mess,places,en,247,13.050317549999999,80.240466,13.0500337,80.23921399999999,0,maa2,Chennai,2026-08-31T08:57:53.397096Z
ChIJSQjsw_JnUjoRiioqVpNzMKM,Annai Chettinadu Mess,places,en,247,13.050317549999999,80.240466,13.050023399999999,80.2391777,0,maa2,Chennai,2026-08-31T08:57:53.397098Z
ChIJC6rl4VpmUjoRHKrkL7BkqRo,Stop 5 Mess & Tea Shop,places,en,247,13.050317549999999,80.240466,13.049627500000001,80.2416216,0,maa2,Chennai,2026-08-31T08:57:53.397100Z
ChIJ0QxenVtmUjoR1LTNwQML1K0,Elevate,places,en,247,13.050317549999999,80.240466,13.051727999999999,80.240476,0,maa2,Chennai,2026-08-31T08:57:53.397103Z
ChIJDcLDW1pmUjoRbJLcsurrIiM,Melting Pot Restaurant,places,en,247,13.050317549999999,80.240466,13.0517646,80.24041059999999,0,maa2,Chennai,2026-08-31T08:57:53.397105Z
ChIJQ9qp7EFnUjoR38mrmqCsxns,Tea Villa Cafe,places,en,247,13.050317549999999,80.240466,13.0489597,80.2399487,0,maa2,Chennai,2026-08-31T08:57:53.397107Z
ChIJc2xAicNnUjoRr0_2EAiEHYE,Cheeky Chef Cooking,places,en,248,12.99350515,80.26862460000001,12.993801999999999,80.27057429999999,0,maa2,Chennai,2026-08-31T08:57:54.738115Z
ChIJizuk4fpnUjoRsiHvXsa5knA,Fish curry yummy street good,places,en,248,12.99350515,80.26862460000001,12.994058899999999,80.2705251,0,maa2,Chennai,2026-08-31T08:57:54.738123Z
ChIJCVvGjglnUjoRQSo_Nk_xlZE,GUNA TIFFIN CENTER,places,en,248,12.99350515,80.26862460000001,12.9953612,80.2693608,0,maa2,Chennai,2026-08-31T08:57:54.738126Z
ChIJg7V5aZVnUjoRHu8JZmNUuPM,Thejasri Fast Food,places,en,248,12.99350515,80.26862460000001,12.9935911,80.2706591,0,maa2,Chennai,2026-08-31T08:57:54.738127Z
ChIJNUIySQBnUjoRb-8UpQH50No,SANTHI TIFFEN CENTER,places,en,248,12.99350515,80.26862460000001,12.9953012,80.2695737,0,maa2,Chennai,2026-08-31T08:57:54.738129Z
ChIJk1YcQPlnUjoRtbZH1LiPf5Y,Tops Fast Food,places,en,248,12.99350515,80.26862460000001,12.9953185,80.2697778,0,maa2,Chennai,2026-08-31T08:57:54.738130Z
ChIJewopwFdnUjoR5__tcq44gZ0,Sando Society,places,en,248,12.99350515,80.26862460000001,12.995467999999999,80.26771459999999,0,maa2,Chennai,2026-08-31T08:57:54.738132Z
ChIJ9UorFABnUjoROs_TT5RydP8,Vishwa tiffin centre,places,en,248,12.99350515,80.26862460000001,12.995327099999999,80.2697816,0,maa2,Chennai,2026-08-31T08:57:54.738133Z
ChIJJ4GFavlnUjoRlNAmYx3mYCM,SANGEETHA TIFFIN CENTER,places,en,248,12.99350515,80.26862460000001,12.9953167,80.2698076,0,maa2,Chennai,2026-08-31T08:57:54.738134Z
ChIJvaiBCwBnUjoRmDGcvoUuTRU,Rahul fast foods,places,en,248,12.99350515,80.26862460000001,12.995363900000001,80.2698355,0,maa2,Chennai,2026-08-31T08:57:54.738136Z
ChIJA1yZ5HtnUjoRkq5BJph0RVM,AACHI'S CURRY Chettinad,places,en,248,12.99350515,80.26862460000001,12.9955441,80.2676556,0,maa2,Chennai,2026-08-31T08:57:54.738137Z
ChIJk0CP-kxnUjoR9wHlrfQ6yqo,MANOJ BISWAKARMA,places,en,248,12.99350515,80.26862460000001,12.9957625,80.2688944,0,maa2,Chennai,2026-08-31T08:57:54.738139Z
ChIJVfgGlAtnUjoRrzgaKKDRL3c,"Theobroma Bakery and Cake Shop - Besant Nagar, Chennai",places,en,248,12.99350515,80.26862460000001,12.9957218,80.2691463,0,maa2,Chennai,2026-08-31T08:57:54.738140Z
ChIJURvMIgBnUjoRN18-6j6SHBU,Chicken kade AR PROTEINS,places,en,248,12.99350515,80.26862460000001,12.9945759,80.27070719999999,0,maa2,Chennai,2026-08-31T08:57:54.738141Z
ChIJbx-JNQBnUjoRK8lDVNyr0UY,ITC Master Chef Creations,places,en,248,12.99350515,80.26862460000001,12.995691599999999,80.2694208,0,maa2,Chennai,2026-08-31T08:57:54.738142Z
ChIJt74lsYFnUjoRp2q9EB7q2ac,"Domino's Pizza | Besant Nagar, Chennai",places,en,248,12.99350515,80.26862460000001,12.9956851,80.2694708,0,maa2,Chennai,2026-08-31T08:57:54.738143Z
ChIJRZkSL3pnUjoRK6Oldlms3fM,Something Fishy,places,en,249,13.04893805,80.26563235,13.0478344,80.2644882,0,maa2,Chennai,2026-08-31T08:57:55.052186Z
ChIJqwJF-i9mUjoRkdgjkqb8vBc,VIP Restaurant,places,en,249,13.04893805,80.26563235,13.047002599999999,80.2661136,0,maa2,Chennai,2026-08-31T08:57:55.052193Z
ChIJNwJqnDpmUjoRnb8HwgqCaj0,SREE AYYAPPA FOODS,places,en,249,13.04893805,80.26563235,13.0479647,80.2636701,0,maa2,Chennai,2026-08-31T08:57:55.052195Z
ChIJ8deiislnUjoREsHwBwIZtXQ,Eating Circles,places,en,250,13.0297783,80.25615575,13.0305783,80.2563825,0,maa2,Chennai,2026-08-31T08:57:55.375419Z
ChIJBzUCZrVnUjoRcKX452JzRkE,Ajnabi Mithaai Pvt Ltd,places,en,250,13.0297783,80.25615575,13.030584399999999,80.2564744,0,maa2,Chennai,2026-08-31T08:57:55.375426Z
ChIJRWW2C4dnUjoRJnxFEcKJjdo,Elba Trading Co.,places,en,250,13.0297783,80.25615575,13.0291844,80.2553607,0,maa2,Chennai,2026-08-31T08:57:55.375429Z
ChIJ7ZElJspnUjoRS809j-aTmmA,Frootster,places,en,250,13.0297783,80.25615575,13.030723199999999,80.25654620000002,0,maa2,Chennai,2026-08-31T08:57:55.375430Z
ChIJ_-21TbFnUjoREPxuwgczVPo,Starbucks - Alwarpet,places,en,250,13.0297783,80.25615575,13.030690799999999,80.25678610000001,0,maa2,Chennai,2026-08-31T08:57:55.375432Z
ChIJCUhNpW9nUjoR4rcLPwjDBHg,Jolly Indian Restaurant,places,en,250,13.0297783,80.25615575,13.030680499999999,80.2568203,0,maa2,Chennai,2026-08-31T08:57:55.375433Z
ChIJc4ppaepnUjoRKg8-Y6q0fA8,FUFU Restaurant,places,en,250,13.0297783,80.25615575,13.0307093,80.2567899,0,maa2,Chennai,2026-08-31T08:57:55.375435Z
ChIJKVP0LFBnUjoRPpIZ4Nnkyiw,The juice heaven,places,en,250,13.0297783,80.25615575,13.030955899999999,80.2569147,0,maa2,Chennai,2026-08-31T08:57:55.375436Z
ChIJpxBSorlnUjoRkF0iSQHz2bc,Sugarcane Juice,places,en,250,13.0297783,80.25615575,13.031057299999999,80.2567457,0,maa2,Chennai,2026-08-31T08:57:55.375437Z
ChIJ-fl0PTRmUjoR-fJpohpnYNg,Roll Baby Roll,places,en,250,13.0297783,80.25615575,13.0310534,80.2567641,0,maa2,Chennai,2026-08-31T08:57:55.375438Z
ChIJ_1pk-YZnUjoR4iHWUjFr9zo,Dosa Box,places,en,250,13.0297783,80.25615575,13.031105199999999,80.25676539999999,0,maa2,Chennai,2026-08-31T08:57:55.375440Z
ChIJD5g6lMJnUjoRQNawlDL3xYE,"SREE AKSHAYAM - HOTEL, SWEETS N BAKERS",places,en,250,13.0297783,80.25615575,13.0312797,80.256636,0,maa2,Chennai,2026-08-31T08:57:55.375441Z
ChIJoy0fuFxnUjoR4FRd813xJgo,22 Constanzaa,places,en,250,13.0297783,80.25615575,13.030875,80.2549642,0,maa2,Chennai,2026-08-31T08:57:55.375442Z
ChIJQwT4XaVnUjoRleLKOYbj4ps,Delhi Malai Chaap,places,en,250,13.0297783,80.25615575,13.030948799999999,80.2573134,0,maa2,Chennai,2026-08-31T08:57:55.375443Z
ChIJ5e3zJslnUjoRNV8TDSGkK-E,KUP Budan House - Alwarpet,places,en,250,13.0297783,80.25615575,13.0314473,80.2572203,0,maa2,Chennai,2026-08-31T08:57:55.375445Z
ChIJYSH_IJ9nUjoRO1c2e0rBMKM,Oji Ramen,places,en,250,13.0297783,80.25615575,13.0311758,80.2547101,0,maa2,Chennai,2026-08-31T08:57:55.375446Z
ChIJu6DXcQBnUjoRt5uFZ9k3VwA,SUPERDOGS,places,en,250,13.0297783,80.25615575,13.031469999999999,80.25723699999999,0,maa2,Chennai,2026-08-31T08:57:55.375447Z
ChIJKcla70pfUjoR9jXFSZNbvA4,HOTEL ABOORVAM,places,en,251,13.0463325,80.21596355,13.046870199999999,80.21454349999999,0,maa2,Chennai,2026-08-31T08:57:55.972429Z
ChIJl4cjGAFnUjoRB2g_nxPW0Po,Xpress Dhaba,places,en,251,13.0463325,80.21596355,13.0449191,80.21548279999999,0,maa2,Chennai,2026-08-31T08:57:55.972439Z
ChIJn8sWUQVnUjoR9ggVyL5vi5g,Vadapalani Selvakani Paati Idli Shop,places,en,251,13.0463325,80.21596355,13.047600599999999,80.214528,0,maa2,Chennai,2026-08-31T08:57:55.972443Z
ChIJD1c-ZFBnUjoR-u7fblSELhg,Spicy biriyani,places,en,251,13.0463325,80.21596355,13.044428000000002,80.2156547,0,maa2,Chennai,2026-08-31T08:57:55.972445Z
ChIJDa0MoJ1nUjoRx7Bn6P5yzU0,Hotel karupaiya Nallamal,places,en,251,13.0463325,80.21596355,13.047558100000002,80.21429169999999,0,maa2,Chennai,2026-08-31T08:57:55.972448Z
ChIJSe8ixehmUjoRpUFhT9-UMZM,M.M Sadiq Biriyani,places,en,251,13.0463325,80.21596355,13.0479144,80.2145649,0,maa2,Chennai,2026-08-31T08:57:55.972450Z
ChIJk1PakTlnUjoRb1_EkZOwK3g,The Red Box - Ashok Nagar,places,en,251,13.0463325,80.21596355,13.0443324,80.2165941,0,maa2,Chennai,2026-08-31T08:57:55.972455Z
ChIJv9otvGVnUjoR-LQZHqIcc7Y,Kavinmalar Unavagam,places,en,251,13.0463325,80.21596355,13.044691,80.214187,0,maa2,Chennai,2026-08-31T08:57:55.972458Z
ChIJldmpzlVnUjoRfrr0SmIpYtQ,SSS Hyderabad Biryani,places,en,251,13.0463325,80.21596355,13.0441538,80.2169177,0,maa2,Chennai,2026-08-31T08:57:55.972460Z
ChIJXWUu9yxnUjoR4wd7k_Gw63U,Jehovah Snackers,places,en,251,13.0463325,80.21596355,13.043914299999999,80.21648359999999,0,maa2,Chennai,2026-08-31T08:57:55.972462Z
ChIJxQNOY6tnUjoR6yWZw426_iA,Wang's Kitchen,places,en,251,13.0463325,80.21596355,13.0439867,80.2167769,0,maa2,Chennai,2026-08-31T08:57:55.972464Z
ChIJ_7ROXQBnUjoRPB6bKPdn9dE,The Chaat Expert* Indian street food,places,en,251,13.0463325,80.21596355,13.0485258,80.2145836,0,maa2,Chennai,2026-08-31T08:57:55.972468Z
ChIJFWOaLtxmUjoRFUHl_RMinnM,பிஸ்மில்லா ஆட்டிறைச்சி கோழியிறைச்சி அங்காடி,places,en,252,13.0392981,80.2067919,13.040275699999999,80.2066115,0,maa2,Chennai,2026-08-31T08:57:56.319906Z
ChIJi2GF3A1nUjoRzu90vv2o85o,Deepa Tulasi Food truck,places,en,252,13.0392981,80.2067919,13.0388249,80.2079078,0,maa2,Chennai,2026-08-31T08:57:56.319913Z
ChIJCdLtAy1nUjoR6XwMPf7x4ck,Rajesh Kumar,places,en,252,13.0392981,80.2067919,13.0383354,80.2081697,0,maa2,Chennai,2026-08-31T08:57:56.319916Z
ChIJp9f7BQBnUjoReoaD0_W_kyk,BBQ Destiny,places,en,252,13.0392981,80.2067919,13.0390641,80.2050254,0,maa2,Chennai,2026-08-31T08:57:56.319917Z
ChIJN6fdIwBnUjoRZgu-_97Ff50,"T KAAR Tea Cafe, KK Nagar",places,en,252,13.0392981,80.2067919,13.0404363,80.20522729999999,0,maa2,Chennai,2026-08-31T08:57:56.319919Z
ChIJwXI9VhdnUjoRGEMFVMqLFf0,Karoka chaat wala,places,en,252,13.0392981,80.2067919,13.0388866,80.2087052,0,maa2,Chennai,2026-08-31T08:57:56.319920Z
ChIJddC5NkpnUjoRgK78-Q1Uw5s,Kozhi Box,places,en,252,13.0392981,80.2067919,13.040497100000001,80.2052369,0,maa2,Chennai,2026-08-31T08:57:56.319922Z
ChIJ3ZM-W9FmUjoRRSjETGfeBqo,Suswaad sweets and savouries pvt ltd,places,en,252,13.0392981,80.2067919,13.040497100000001,80.2052369,0,maa2,Chennai,2026-08-31T08:57:56.319923Z
ChIJbcXRFQBnUjoRZLwA8jZ0zCc,J1-Bites of delicious,places,en,252,13.0392981,80.2067919,13.038685399999999,80.2048963,0,maa2,Chennai,2026-08-31T08:57:56.319925Z
ChIJd4qAfzdnUjoRc8CONFqyObo,Megham Kitchen,places,en,252,13.0392981,80.2067919,13.0405261,80.205236,0,maa2,Chennai,2026-08-31T08:57:56.319926Z
ChIJ1462Dd5mUjoRtcr1kY3gg0c,Ranjani Sweets and Bakery,places,en,252,13.0392981,80.2067919,13.0385475,80.2086637,0,maa2,Chennai,2026-08-31T08:57:56.319927Z
ChIJmzWe_qRnUjoRX8Pf3p2tdSk,Traditional Touch,places,en,252,13.0392981,80.2067919,13.040303999999999,80.2048269,0,maa2,Chennai,2026-08-31T08:57:56.319929Z
ChIJJb-1UgBnUjoRTA0n1kTb05A,Sathvikam,places,en,252,13.0392981,80.2067919,13.037845899999999,80.2084783,0,maa2,Chennai,2026-08-31T08:57:56.319930Z
ChIJUePzqHpnUjoRRIzwHd0VmoA,The Grillers,places,en,252,13.0392981,80.2067919,13.0381696,80.20486240000001,0,maa2,Chennai,2026-08-31T08:57:56.319931Z
ChIJNeKrahxnUjoRuXfJteqjFNw,Malini Shop,places,en,252,13.0392981,80.2067919,13.040873399999999,80.2051118,0,maa2,Chennai,2026-08-31T08:57:56.319933Z
ChIJ7fG1uO5nUjoR5d7l3SElgz8,BALAJI BAKERY,places,en,252,13.0392981,80.2067919,13.0381225,80.20477280000001,0,maa2,Chennai,2026-08-31T08:57:56.319934Z
ChIJ1YeJdI5nUjoRAPUPQPhvExU,Kalaivani,places,en,252,13.0392981,80.2067919,13.038174,80.2046895,0,maa2,Chennai,2026-08-31T08:57:56.319935Z
ChIJG8fTRgBnUjoRa0CYCcRdq98,Chickies,places,en,252,13.0392981,80.2067919,13.040993,80.205122,0,maa2,Chennai,2026-08-31T08:57:56.319937Z
ChIJAyzUCQBnUjoRKnwh0NNLSSs,Thallu vandi dosai kadai,places,en,253,13.0406798,80.2131929,13.0417626,80.2125471,0,maa2,Chennai,2026-08-31T08:57:56.730801Z
ChIJj0Qb7-ZmUjoRZqD-dxtDpNU,VELAVAN FAST FOOD,places,en,253,13.0406798,80.2131929,13.042019199999999,80.21345730000002,0,maa2,Chennai,2026-08-31T08:57:56.730830Z
ChIJo16pTeFmUjoRRcFKWruBCGs,Cibo,places,en,253,13.0406798,80.2131929,13.0399559,80.2145513,0,maa2,Chennai,2026-08-31T08:57:56.730836Z
ChIJ2eo89qtnUjoR_-p4_YSF3fA,Animal Restobar,places,en,253,13.0406798,80.2131929,13.0423016,80.2125404,0,maa2,Chennai,2026-08-31T08:57:56.730841Z
ChIJy8d7nthnUjoRRDbWv2noWhU,FiLLi Cafe | Ashok Nagar - Chennai,places,en,253,13.0406798,80.2131929,13.039233699999999,80.2141449,0,maa2,Chennai,2026-08-31T08:57:56.730845Z
ChIJA04P5h9nUjoRPj7Ed-KMuic,Buhari Hotel,places,en,253,13.0406798,80.2131929,13.0423453,80.2125673,0,maa2,Chennai,2026-08-31T08:57:56.730850Z
ChIJGXqq7VFnUjoRyInMRhhwHU4,Starbucks - Ashok Nagar,places,en,253,13.0406798,80.2131929,13.040686299999999,80.2150813,0,maa2,Chennai,2026-08-31T08:57:56.730854Z
ChIJ8fVAPW1nUjoRmWvKDhY1l4g,Sunandha Tiffin Centre,places,en,253,13.0406798,80.2131929,13.0391961,80.2144055,0,maa2,Chennai,2026-08-31T08:57:56.730857Z
ChIJPUVpYBhnUjoR2vOaLhQFG4w,Siddiq Biriyani & Grill,places,en,253,13.0406798,80.2131929,13.039165899999999,80.2144663,0,maa2,Chennai,2026-08-31T08:57:56.730861Z
ChIJOZ2XSwBnUjoRVGZET2LM-7I,Namma kadai unavagam,places,en,253,13.0406798,80.2131929,13.039160899999999,80.21446159999999,0,maa2,Chennai,2026-08-31T08:57:56.730865Z
ChIJx92i6eFmUjoRpcjG06okB2c,Al Arabian Delights (Ashok Nagar),places,en,253,13.0406798,80.2131929,13.039080199999999,80.21450949999999,0,maa2,Chennai,2026-08-31T08:57:56.730868Z
ChIJN15BQ-FmUjoRmMxPt7t8BRY,ARS Tiffen Centre,places,en,253,13.0406798,80.2131929,13.039030499999999,80.2145397,0,maa2,Chennai,2026-08-31T08:57:56.730872Z
ChIJ_cRu1cpnUjoRWR9_3XomQhQ,Madurai seeraga samba dum biriyani kadai,places,en,253,13.0406798,80.2131929,13.0422015,80.21483099999999,0,maa2,Chennai,2026-08-31T08:57:56.730875Z
ChIJkVwdaSlnUjoRYWiBYZeRc0c,Vintage Madras Restaurant,places,en,253,13.0406798,80.2131929,13.040867299999999,80.2155702,0,maa2,Chennai,2026-08-31T08:57:56.730879Z
ChIJD1Y8JwBnUjoRwYVF0ateInw,Delhi Malai Chaap,places,en,253,13.0406798,80.2131929,13.0384684,80.21389570000001,0,maa2,Chennai,2026-08-31T08:57:56.730883Z
ChIJU6kK-_JnUjoR9DVg-1iz6fU,BurgerMan Ashok Nagar,places,en,253,13.0406798,80.2131929,13.0384631,80.213887,0,maa2,Chennai,2026-08-31T08:57:56.730887Z
ChIJTSh8xYdnUjoR3_TzqziUCp0,The Bread On a Beach,places,en,253,13.0406798,80.2131929,13.0391257,80.2152158,0,maa2,Chennai,2026-08-31T08:57:56.730890Z
ChIJPzP5UCBnUjoR7k0KO-fAca8,Shake It Off - Ashok Nagar,places,en,253,13.0406798,80.2131929,13.042992199999999,80.2121033,0,maa2,Chennai,2026-08-31T08:57:56.730894Z
ChIJeb6TGABnUjoR9oEFH-pbntI,Peaky blinders Food Truck,places,en,254,13.03187205,80.22287455,13.031597999999999,80.222543,0,maa2,Chennai,2026-08-31T08:57:57.061352Z
ChIJsyeyRitnUjoRxQ_tAA2rbkg,Star Proteins,places,en,254,13.03187205,80.22287455,13.031714899999999,80.2222979,0,maa2,Chennai,2026-08-31T08:57:57.061503Z
ChIJS7CycOxnUjoRgHMCY1bYbIo,STAR PROTEINS,places,en,254,13.03187205,80.22287455,13.031744999999999,80.2222747,0,maa2,Chennai,2026-08-31T08:57:57.061514Z
ChIJBS5CGABnUjoR3rF0_oTNiqE,Balaji tiffin centre,places,en,254,13.03187205,80.22287455,13.0318086,80.22215489999999,0,maa2,Chennai,2026-08-31T08:57:57.061518Z
ChIJFWQyYwBnUjoRhumeZz49Q1g,SIRPIKA UNLIMITED CHICKEN BRIYANI,places,en,254,13.03187205,80.22287455,13.031658400000001,80.2221371,0,maa2,Chennai,2026-08-31T08:57:57.061522Z
ChIJnYP5NgBnUjoRItBcYkQHOFo,Juice&Bake,places,en,254,13.03187205,80.22287455,13.032645,80.22241489999999,0,maa2,Chennai,2026-08-31T08:57:57.061527Z
ChIJtznbNHJhUjoRxnkn_MtL2Zw,Chill Bro Cafe,places,en,254,13.03187205,80.22287455,13.0311159,80.22353679999999,0,maa2,Chennai,2026-08-31T08:57:57.061530Z
ChIJQZ2evUZnUjoROkYRx6FMOwo,MOJO Pizza - 2X Toppings,places,en,254,13.03187205,80.22287455,13.0317479,80.2216169,0,maa2,Chennai,2026-08-31T08:57:57.061534Z
ChIJA_K-qmxnUjoRBwdefRpbJB0,Yazh Unavagam,places,en,254,13.03187205,80.22287455,13.0311965,80.2243843,0,maa2,Chennai,2026-08-31T08:57:57.061537Z
ChIJtScjUBdnUjoRNvKGJxTeSBI,Roasted Bite Trendz,places,en,254,13.03187205,80.22287455,13.032553,80.2246265,0,maa2,Chennai,2026-08-31T08:57:57.061541Z
ChIJLZJ6CN9nUjoRvAGdY-Iab50,SSR Tiffin Center,places,en,254,13.03187205,80.22287455,13.030630799999999,80.22142699999999,0,maa2,Chennai,2026-08-31T08:57:57.061544Z
ChIJIQ5lKgBnUjoRuJ7yUSOE7jE,Park Snacks,places,en,254,13.03187205,80.22287455,13.0327423,80.2248319,0,maa2,Chennai,2026-08-31T08:57:57.061547Z
ChIJydZdkjVnUjoR-VVeJJZXTw0,Sooriya Vinayagar Tiffin Center,places,en,254,13.03187205,80.22287455,13.033986299999999,80.2223336,0,maa2,Chennai,2026-08-31T08:57:57.061551Z
ChIJW5FaxVNnUjoRDGOo8g6ktiA,HBFC Crispy Chicken,places,en,254,13.03187205,80.22287455,13.0341073,80.2235654,0,maa2,Chennai,2026-08-31T08:57:57.061557Z
ChIJI6MZus1nUjoRLEKL9xruECY,HB Cake House,places,en,254,13.03187205,80.22287455,13.0341073,80.2235654,0,maa2,Chennai,2026-08-31T08:57:57.061561Z
ChIJdwqiwZxnUjoR56O7L1UfxPk,My Life My Food - Cloud Kitchen,places,en,255,13.02191375,80.2088131,13.021882399999999,80.2094066,0,maa2,Chennai,2026-08-31T08:57:57.421689Z
ChIJ29SbwPpnUjoRbKT2en2Kaq0,Chai Kings - Ekkaduthangal,places,en,255,13.02191375,80.2088131,13.020812,80.2065672,0,maa2,Chennai,2026-08-31T08:57:57.421700Z
ChIJCbtL3bhnUjoRtzmNwJMLDnI,Hungry Hunter,places,en,255,13.02191375,80.2088131,13.0216002,80.2062273,0,maa2,Chennai,2026-08-31T08:57:57.421702Z
ChIJmwHIwzxnUjoRTgR5vYFMUZg,Tds Fruits And Juice,places,en,255,13.02191375,80.2088131,13.021541599999999,80.20607729999999,0,maa2,Chennai,2026-08-31T08:57:57.421704Z
ChIJbaTy5aVnUjoR8rfUFn316kg,Chai Waale - Ekkatuthangal,places,en,255,13.02191375,80.2088131,13.021091799999999,80.2061548,0,maa2,Chennai,2026-08-31T08:57:57.421706Z
ChIJC-ML5TtnUjoREa-1iwJsH40,RENUKAA HOTEL,places,en,257,13.017731,80.20237705,13.017554599999999,80.20339039999999,0,maa2,Chennai,2026-08-31T08:57:58.087806Z
ChIJU_oUaohnUjoRpl6UYKE3Hfo,Drink & Drive Cafe Restaurant,places,en,257,13.017731,80.20237705,13.0190796,80.2033072,0,maa2,Chennai,2026-08-31T08:57:58.087821Z
ChIJtUq4ucJlUjoRE53TVWosZP4,R.K.BHAVAN,places,en,258,13.09524865,80.2535501,13.093705499999999,80.2533048,0,maa2,Chennai,2026-08-31T08:57:58.423990Z
ChIJ6aOfby9lUjoR9m4Pud8p77Q,RK CAFE N RESTAURANT KARUPATI RAJA,places,en,258,13.09524865,80.2535501,13.0936834,80.2533054,0,maa2,Chennai,2026-08-31T08:57:58.423997Z
ChIJXfhptMJlUjoRwinZW1NlYyc,Dilip Stores,places,en,258,13.09524865,80.2535501,13.0931902,80.25329959999999,0,maa2,Chennai,2026-08-31T08:57:58.424000Z
ChIJH5hGCgBlUjoRqR0SzF8cTT4,Madinah Restaurant,places,en,258,13.09524865,80.2535501,13.0975448,80.25462130000001,0,maa2,Chennai,2026-08-31T08:57:58.424004Z
ChIJscf_SQBnUjoR7lenCBfLGOo,5G Kitchen - Irfan's View Biryani,places,en,259,13.06090665,80.26781,13.060483,80.2677533,0,maa2,Chennai,2026-08-31T08:57:58.830006Z
ChIJufVrbJxnUjoRxPgn3K8BZf4,NAGOOR TEA STALL,places,en,259,13.06090665,80.26781,13.0611798,80.2687292,0,maa2,Chennai,2026-08-31T08:57:58.830035Z
ChIJj13R7hhmUjoR7HcmkBcVZDU,Malaysian Parotta corner,places,en,259,13.06090665,80.26781,13.0612474,80.26933799999999,0,maa2,Chennai,2026-08-31T08:57:58.830040Z
ChIJdf28BWNnUjoRtAo89A-fQr8,A.M Chicken Deep Fry,places,en,259,13.06090665,80.26781,13.062136700000002,80.2690054,0,maa2,Chennai,2026-08-31T08:57:58.830044Z
ChIJZ1W3AhlmUjoR1SX6X0Q__qI,Masha Allah Veg Biryani,places,en,259,13.06090665,80.26781,13.0622136,80.2690251,0,maa2,Chennai,2026-08-31T08:57:58.830047Z
ChIJBaOhJddnUjoRHInxeAq3syQ,SM Briyani Center,places,en,259,13.06090665,80.26781,13.062430599999999,80.26882499999999,0,maa2,Chennai,2026-08-31T08:57:58.830050Z
ChIJSy1RhERnUjoRhdFVsqL8NJU,BISMILLAH TIFFEN CENTRE,places,en,259,13.06090665,80.26781,13.0624641,80.2688228,0,maa2,Chennai,2026-08-31T08:57:58.830052Z
ChIJ23DMktRnUjoRus2qOnPDrE0,Al-malik Malaysian street food,places,en,259,13.06090665,80.26781,13.0618781,80.2694262,0,maa2,Chennai,2026-08-31T08:57:58.830055Z
ChIJ5xYVIYhnUjoRZs878RC00fY,SARVESH SNACKS AND PAN,places,en,259,13.06090665,80.26781,13.0619029,80.2694296,0,maa2,Chennai,2026-08-31T08:57:58.830058Z
ChIJoRYb4RhmUjoR8wq31UGy_Vk,Ice House Noorani Hot & Spicy Chicken Pakkoda,places,en,259,13.06090665,80.26781,13.061937499999999,80.26956249999999,0,maa2,Chennai,2026-08-31T08:57:58.830061Z
ChIJ86qgNhhmUjoR_08hiDfpxCY,Sarmani Hotel,places,en,259,13.06090665,80.26781,13.061929,80.2660432,0,maa2,Chennai,2026-08-31T08:57:58.830064Z
ChIJIxz7tatnUjoRd_gR3-KS2Ec,Rangoon Bites,places,en,259,13.06090665,80.26781,13.0594392,80.2693482,0,maa2,Chennai,2026-08-31T08:57:58.830066Z
ChIJubz0NXRnUjoR_99Dvv03BRo,GVR FOODS PVT LTD,places,en,259,13.06090665,80.26781,13.062185699999999,80.2661051,0,maa2,Chennai,2026-08-31T08:57:58.830069Z
ChIJ9yp34QlnUjoRf9sr5tjfRds,Zaara’s Biryani,places,en,259,13.06090665,80.26781,13.0600344,80.26572740000002,0,maa2,Chennai,2026-08-31T08:57:58.830072Z
ChIJQ7gDeT9nUjoRy4kZcGI2sC8,KURSHITH BEGUM,places,en,259,13.06090665,80.26781,13.0613839,80.26555809999999,0,maa2,Chennai,2026-08-31T08:57:58.830075Z
ChIJ8-WgfSJmUjoRdWLPsBRoCjo,Al - Mubeena Briyani House,places,en,259,13.06090665,80.26781,13.058751899999999,80.2684736,0,maa2,Chennai,2026-08-31T08:57:58.830078Z
ChIJFcYs2sVnUjoRMUYz2uFUvHc,Sri Durga Prasanna,places,en,259,13.06090665,80.26781,13.0618557,80.2656363,0,maa2,Chennai,2026-08-31T08:57:58.830081Z
ChIJ8_9uLTZnUjoRWHouGTqpw0E,sarmani Veg restaurant,places,en,259,13.06090665,80.26781,13.061994799999999,80.26567,0,maa2,Chennai,2026-08-31T08:57:58.830084Z
ChIJN4fAhxdmUjoRlXDr7Z-vgUc,Spice Gardens Food Court,places,en,259,13.06090665,80.26781,13.060765799999999,80.2654033,0,maa2,Chennai,2026-08-31T08:57:58.830087Z
ChIJZUb3jiJmUjoRZuwtp5N_AG0,Amma Hotel,places,en,259,13.06090665,80.26781,13.0585472,80.2678226,0,maa2,Chennai,2026-08-31T08:57:58.830090Z
ChIJB9cIpeVlUjoRrXijJBc0YQg,Gowri Snuff,places,en,260,13.09325525,80.2424844,13.0928919,80.2411711,0,maa2,Chennai,2026-08-31T08:57:59.177856Z
ChIJvVShqrplUjoRxzcb5LTe53E,A2Z CHETTYNADU HOTEL,places,en,260,13.09325525,80.2424844,13.092348099999999,80.2408485,0,maa2,Chennai,2026-08-31T08:57:59.177874Z
ChIJZc9BRdxnUjoRgMb17VnysXA,Sai Lassi Wonder and Sri Sai Food Court,places,en,260,13.09325525,80.2424844,13.091873699999999,80.241017,0,maa2,Chennai,2026-08-31T08:57:59.177878Z
ChIJS8nw1s9lUjoRqmpzmQxde78,Hotel Limra,places,en,260,13.09325525,80.2424844,13.094988899999999,80.24136879999999,0,maa2,Chennai,2026-08-31T08:57:59.177881Z
ChIJDexvloFlUjoRcu5h1I-39F8,Ark tiffin center,places,en,260,13.09325525,80.2424844,13.0954236,80.2412442,0,maa2,Chennai,2026-08-31T08:57:59.177885Z
ChIJ9fNI0kZkUjoRTIkPKHiChB0,Geetha Bhavan,places,en,261,13.1077765,80.21770985,13.106269999999999,80.21564889999999,0,maa2,Chennai,2026-08-31T08:57:59.508870Z
ChIJw1N2MgBlUjoRfl_gPVokBWY,SUGUNA Sapadu Kadai,places,en,261,13.1077765,80.21770985,13.106028,80.215767,0,maa2,Chennai,2026-08-31T08:57:59.508880Z
ChIJP1W2me5lUjoREeuLJVmD6Mw,Ponnatchi bhavan,places,en,262,13.0931601,80.230178,13.093131,80.22988269999999,0,maa2,Chennai,2026-08-31T08:57:59.893914Z
ChIJ-2BKPdZlUjoRyw7z5dzjZ7E,Briyani Bowl&Fast Food,places,en,262,13.0931601,80.230178,13.0934955,80.229913,0,maa2,Chennai,2026-08-31T08:57:59.893922Z
ChIJT81VnzJkUjoRAAAA0CZhwTc,RAJESH TEA SHOP,places,en,262,13.0931601,80.230178,13.0923827,80.23057899999999,0,maa2,Chennai,2026-08-31T08:57:59.893924Z
ChIJXUii5ZBlUjoR6MZuDk0Aa3s,KK Hot Chips,places,en,262,13.0931601,80.230178,13.092462,80.23101779999999,0,maa2,Chennai,2026-08-31T08:57:59.893925Z
ChIJL9i8oTJkUjoRC0-D_ZCT_CY,ARUNAI FOODS,places,en,262,13.0931601,80.230178,13.0922749,80.2308444,0,maa2,Chennai,2026-08-31T08:57:59.893926Z
ChIJS9XVYQBlUjoRn5UnpJPsHT4,Karapaga Ganapathi bhavan,places,en,262,13.0931601,80.230178,13.0924943,80.23117069999999,0,maa2,Chennai,2026-08-31T08:57:59.893928Z
ChIJuc_YdYFlUjoRocl8Dvb34xA,RAJAN BIRIYANI,places,en,262,13.0931601,80.230178,13.0916026,80.2297481,0,maa2,Chennai,2026-08-31T08:57:59.893929Z
ChIJ_YDqmT9lUjoRFXLtZ_HshHE,PRAKASH TEA STALL,places,en,262,13.0931601,80.230178,13.0947515,80.2292446,0,maa2,Chennai,2026-08-31T08:57:59.893932Z
ChIJl3nKVS1kUjoRpvT1iU9Tb0g,MARUTHA PAROTTA & FAST FOOD,places,en,262,13.0931601,80.230178,13.0919078,80.2317489,0,maa2,Chennai,2026-08-31T08:57:59.893934Z
ChIJv555aMtlUjoRBFYvPFqGA1Y,Kiran Hot Soups,places,en,262,13.0931601,80.230178,13.0914928,80.2288049,0,maa2,Chennai,2026-08-31T08:57:59.893935Z
ChIJKa_FinZlUjoR_JYYBhzvEjM,Nasar Brinji,places,en,262,13.0931601,80.230178,13.0954418,80.22923250000001,0,maa2,Chennai,2026-08-31T08:57:59.893938Z
ChIJCTO_tYRlUjoRotrRr9auQEE,Ashwin Fast Food And Tiffen Center,places,en,262,13.0931601,80.230178,13.091686399999999,80.2279552,0,maa2,Chennai,2026-08-31T08:57:59.893940Z
ChIJyWl1L2plUjoR313PrhbrpgU,Nandhini Tiffin Centre,places,en,263,13.118646349999999,80.24034069999999,13.117668100000001,80.24049699999999,0,maa2,Chennai,2026-08-31T08:58:00.207065Z
ChIJ_WyJgMNlUjoRzAbaBCcULT4,Baba Chicken plucker Rubber,places,en,263,13.118646349999999,80.24034069999999,13.119206100000001,80.24196049999999,0,maa2,Chennai,2026-08-31T08:58:00.207076Z
ChIJfd6U3wtlUjoR4bund2J5NGw,SMILE,places,en,263,13.118646349999999,80.24034069999999,13.118482,80.2429525,0,maa2,Chennai,2026-08-31T08:58:00.207080Z
ChIJYfqfPANlUjoRDy6G3HRB8xY,Sri Meenakshi Hotel & Catering Services,places,en,263,13.118646349999999,80.24034069999999,13.1199174,80.2427299,0,maa2,Chennai,2026-08-31T08:58:00.207084Z
ChIJuYfcjIdlUjoRi6JKjOxEogc,GEN Z SHAWARMA,places,en,264,13.087901200000001,80.1919573,13.087595199999999,80.19050469999999,0,maa2,Chennai,2026-08-31T08:58:00.511906Z
ChIJpVZl4GJnUjoR3eLe8nqqzPE,SEAFOOD FESTIVAL,places,en,265,12.991649,80.21947639999999,12.9918119,80.21953789999999,0,maa2,Chennai,2026-08-31T08:58:00.924859Z
ChIJRcDtcwBnUjoRAVIuySwRWxA,Bao Bao,places,en,265,12.991649,80.21947639999999,12.9918681,80.2194868,0,maa2,Chennai,2026-08-31T08:58:00.924872Z
ChIJY705O4ZnUjoRJ2uGo_IZ7uw,Buntasic Delights SALEM THATTUVADAI & NORUKKALS,places,en,265,12.991649,80.21947639999999,12.9913878,80.2193205,0,maa2,Chennai,2026-08-31T08:58:00.924876Z
ChIJK1TCa39nUjoRH8Cl9OY1Mnc,The Mayflower,places,en,265,12.991649,80.21947639999999,12.991083,80.2200242,0,maa2,Chennai,2026-08-31T08:58:00.924879Z
ChIJ92W-hyNnUjoR-4y8W7nrjmA,Thiyanisha Tiffin Center,places,en,265,12.991649,80.21947639999999,12.990857199999999,80.2194117,0,maa2,Chennai,2026-08-31T08:58:00.924881Z
ChIJsWg_jppnUjoRU5QX_SQhOUc,MURUGAN TEA STALL,places,en,265,12.991649,80.21947639999999,12.9908925,80.21921689999999,0,maa2,Chennai,2026-08-31T08:58:00.924884Z
ChIJcXzK2r9nUjoR7846rO1trBk,Kailash Tea Stall,places,en,265,12.991649,80.21947639999999,12.9908108,80.21950149999999,0,maa2,Chennai,2026-08-31T08:58:00.924886Z
ChIJjzRB7GJnUjoRImaSXUvyiw0,Metro juice park,places,en,265,12.991649,80.21947639999999,12.9907817,80.2190048,0,maa2,Chennai,2026-08-31T08:58:00.924888Z
ChIJ7fFM7GJnUjoRFkzuNaRPkQY,HOTEL PANDIYANAADU,places,en,265,12.991649,80.21947639999999,12.9907431,80.2190686,0,maa2,Chennai,2026-08-31T08:58:00.924891Z
ChIJH2YLNOpnUjoRzlIoBWfKBbI,PRAKASH பிரியாணி,places,en,265,12.991649,80.21947639999999,12.990616699999999,80.2193133,0,maa2,Chennai,2026-08-31T08:58:00.924893Z
ChIJAfUl3ERnUjoRp5KQdsrb3lE,My chicken,places,en,265,12.991649,80.21947639999999,12.990350699999999,80.2192931,0,maa2,Chennai,2026-08-31T08:58:00.924895Z
ChIJI3nUyWJnUjoR4SMslFag9xU,KOKILA ENTERPRISES CANTEEN,places,en,265,12.991649,80.21947639999999,12.9905799,80.220467,0,maa2,Chennai,2026-08-31T08:58:00.924898Z
ChIJq6oGJohdUjoRmc2kOiuSxHk,Haven Sampoorna,places,en,265,12.991649,80.21947639999999,12.9903043,80.2188338,0,maa2,Chennai,2026-08-31T08:58:00.924900Z
ChIJEYF8DmNnUjoRWtQ36q_JPAY,Samco Restaurant Velachery,places,en,265,12.991649,80.21947639999999,12.992967499999999,80.2187153,0,maa2,Chennai,2026-08-31T08:58:00.924903Z
ChIJy4F5DmNnUjoRcL-82kaTTr4,Iftär Trëät,places,en,265,12.991649,80.21947639999999,12.9929794,80.21872859999999,0,maa2,Chennai,2026-08-31T08:58:00.924905Z
ChIJSfjo9zNnUjoRmYsx7ZG0Svc,AMBUR BEEF & CHICKEN FRY,places,en,265,12.991649,80.21947639999999,12.990163299999999,80.21917049999999,0,maa2,Chennai,2026-08-31T08:58:00.924907Z
ChIJf-QIE9dnUjoRU8jvnkWFieA,Zaiqa Biryani,places,en,265,12.991649,80.21947639999999,12.9901267,80.21918699999999,0,maa2,Chennai,2026-08-31T08:58:00.924909Z
ChIJ6UdxAmpnUjoR9m4X-S5IOs0,Madras Bai Biryani,places,en,265,12.991649,80.21947639999999,12.9902695,80.21869749999999,0,maa2,Chennai,2026-08-31T08:58:00.924912Z
ChIJP0vQ4YVnUjoR64giwaWVG4A,BLOODY FEAST FOOD TRUCK,places,en,265,12.991649,80.21947639999999,12.990094,80.2192159,0,maa2,Chennai,2026-08-31T08:58:00.924914Z
ChIJy4bPRWFnUjoRWKaeLAZByyI,Subway Pheonix Market,places,en,265,12.991649,80.21947639999999,12.992888299999999,80.2182005,0,maa2,Chennai,2026-08-31T08:58:00.924916Z
ChIJX9Ktv11nUjoRnF02n97bD1Q,Shri Gowri Krishnaa,places,en,266,13.0489303,80.25953265,13.0491143,80.2595889,0,maa2,Chennai,2026-08-31T08:58:01.233372Z
ChIJ29ne0RtnUjoRPXbgf_hBXeQ,Muhartam Events & Catering,places,en,266,13.0489303,80.25953265,13.049428299999999,80.2599051,0,maa2,Chennai,2026-08-31T08:58:01.233381Z
ChIJXSsBDgBnUjoRlq41FcBQXm0,Ramesh,places,en,266,13.0489303,80.25953265,13.048939599999999,80.2586037,0,maa2,Chennai,2026-08-31T08:58:01.233384Z
ChIJqYK8GzpmUjoR3aUSsNnq978,Anu's Punjabi Dhaba,places,en,266,13.0489303,80.25953265,13.0484593,80.260443,0,maa2,Chennai,2026-08-31T08:58:01.233387Z
ChIJTfLw0V9lUjoRvrDabPBYO5c,Fresh in Cart by Chennai Fresh,places,en,266,13.0489303,80.25953265,13.0484864,80.2605086,0,maa2,Chennai,2026-08-31T08:58:01.233389Z
ChIJdQjNUnVnUjoRZ22s94firT0,Nalam Junior Mix,places,en,266,13.0489303,80.25953265,13.047440799999999,80.25938719999999,0,maa2,Chennai,2026-08-31T08:58:01.233391Z
ChIJj66dfYtnUjoR3pjSzbWamjM,Narsuvaiyagam,places,en,266,13.0489303,80.25953265,13.0474319,80.2591972,0,maa2,Chennai,2026-08-31T08:58:01.233393Z
ChIJAxbRcjpmUjoR47nKFf9CL68,New Madurai Muniyandi Vilas,places,en,266,13.0489303,80.25953265,13.0482529,80.2610749,0,maa2,Chennai,2026-08-31T08:58:01.233395Z
ChIJgZfNCjpmUjoRGWwQf9HyQ2s,Zam Zam Caterers,places,en,266,13.0489303,80.25953265,13.0473001,80.2598215,0,maa2,Chennai,2026-08-31T08:58:01.233397Z
ChIJgz3ahalnUjoRSfuC9buOkS4,Fusilli Reasons,places,en,266,13.0489303,80.25953265,13.0481196,80.25787270000001,0,maa2,Chennai,2026-08-31T08:58:01.233399Z
ChIJ56CnMgBnUjoRjNaPAD-HPuQ,Chaat anna gopalpuram,places,en,266,13.0489303,80.25953265,13.0494074,80.2574863,0,maa2,Chennai,2026-08-31T08:58:01.233408Z
ChIJjx1TyTZmUjoRCbyDHg0gJpc,Navrang Restaurant,places,en,266,13.0489303,80.25953265,13.0479951,80.2615237,0,maa2,Chennai,2026-08-31T08:58:01.233410Z
ChIJ-_Vnow1nUjoRVa488NPM324,SK NAWAB'S FOOD COURT,places,en,266,13.0489303,80.25953265,13.0471451,80.26077719999999,0,maa2,Chennai,2026-08-31T08:58:01.233412Z
ChIJgZfNCjpmUjoR70tdqD0yh_0,Rajeswari Veg Restaurant,places,en,266,13.0489303,80.25953265,13.0479867,80.26155370000001,0,maa2,Chennai,2026-08-31T08:58:01.233413Z
ChIJeQEqdTlmUjoRxNIXH0ne95s,Kaimanam,places,en,266,13.0489303,80.25953265,13.0481384,80.2574722,0,maa2,Chennai,2026-08-31T08:58:01.233416Z
ChIJmXEBoTBmUjoRVlkxaEjtzvA,YUM BIRIYANI,places,en,266,13.0489303,80.25953265,13.0474204,80.2612115,0,maa2,Chennai,2026-08-31T08:58:01.233417Z
ChIJDer80PVnUjoRSecPXG5Dji0,Devar Chettinad mess,places,en,266,13.0489303,80.25953265,13.0469786,80.26073219999999,0,maa2,Chennai,2026-08-31T08:58:01.233419Z
ChIJZa0akB5nUjoR-sFEbx30X1U,CK's Bakery Gopalapuram,places,en,266,13.0489303,80.25953265,13.050441999999999,80.2576153,0,maa2,Chennai,2026-08-31T08:58:01.233421Z
ChIJpc6TqshnUjoRL8tglxc-e8A,Hungsters,places,en,266,13.0489303,80.25953265,13.0496988,80.25712349999999,0,maa2,Chennai,2026-08-31T08:58:01.233423Z
ChIJf-OYUzhmUjoRBIwZoQijVrI,Subway Gopalapuram,places,en,266,13.0489303,80.25953265,13.049866,80.257019,0,maa2,Chennai,2026-08-31T08:58:01.233425Z
ChIJC8_lyH9nUjoR-7gWkew1YTc,Anitha Tiffin Centre,places,en,267,13.044608,80.2669352,13.044494499999999,80.2668547,0,maa2,Chennai,2026-08-31T08:58:01.584964Z
ChIJDw568jdnUjoRRxsHTvAvDY8,Cutlet Shop by The Buddy's Kitchen,places,en,267,13.044608,80.2669352,13.044528099999999,80.2667811,0,maa2,Chennai,2026-08-31T08:58:01.584976Z
ChIJiXQcEQBnUjoR-XZ1vb3ET6w,Vel Coffee Bar,places,en,267,13.044608,80.2669352,13.044302499999999,80.26675949999999,0,maa2,Chennai,2026-08-31T08:58:01.584980Z
ChIJFfHSIjVnUjoR55cn3KFu4aQ,Hotel Karur Alagar,places,en,267,13.044608,80.2669352,13.0444383,80.2661435,0,maa2,Chennai,2026-08-31T08:58:01.584984Z
ChIJr_IG-S5mUjoRrJtRaks0nI8,27 Culinary Street,places,en,267,13.044608,80.2669352,13.0443933,80.2678074,0,maa2,Chennai,2026-08-31T08:58:01.584987Z
ChIJz_TSUy5mUjoRAAAAMNtl9z0,Chinnaya Hotel,places,en,267,13.044608,80.2669352,13.0444028,80.2678802,0,maa2,Chennai,2026-08-31T08:58:01.584989Z
ChIJDUv50uVmUjoRKI7M3ZN3SjE,"Pizza Hut | RK Salai, Chennai",places,en,267,13.044608,80.2669352,13.044692099999999,80.2658862,0,maa2,Chennai,2026-08-31T08:58:01.584992Z
ChIJz3wq1jFmUjoR4wX-LwDsuNk,HIDEOUT Veg Lounge,places,en,267,13.044608,80.2669352,13.044416,80.2657914,0,maa2,Chennai,2026-08-31T08:58:01.584995Z
ChIJbXQjTi5mUjoRlQmebSTglKQ,Anjappar Chettinad Restaurant,places,en,267,13.044608,80.2669352,13.0443719,80.2657347,0,maa2,Chennai,2026-08-31T08:58:01.584998Z
ChIJx6sPWZJnUjoRQaG1wdMo7D4,Karthick Juice Shop,places,en,267,13.044608,80.2669352,13.0447387,80.2684125,0,maa2,Chennai,2026-08-31T08:58:01.585001Z
ChIJp3ZDgPFnUjoR4WMS2b9jWno,Libarrel,places,en,267,13.044608,80.2669352,13.044852599999999,80.26843889999999,0,maa2,Chennai,2026-08-31T08:58:01.585003Z
ChIJO5Qq9i5mUjoRbrEntU1M6VI,Shanmuga Bhava Pure Veg,places,en,267,13.044608,80.2669352,13.0440732,80.26837499999999,0,maa2,Chennai,2026-08-31T08:58:01.585006Z
ChIJRSEqMClmUjoRiQinmnLeH98,V2 Privé Pure Veg Multi-cusine Restaurant Mylapore,places,en,267,13.044608,80.2669352,13.0442228,80.26846929999999,0,maa2,Chennai,2026-08-31T08:58:01.585009Z
ChIJowuSAC9mUjoRTrNceRtYRpo,PIHU CHAT STALL,places,en,267,13.044608,80.2669352,13.0452602,80.26844179999999,0,maa2,Chennai,2026-08-31T08:58:01.585011Z
ChIJ_ZH6wzFmUjoRJzv8KcWoul0,Grill Box Mylapore,places,en,267,13.044608,80.2669352,13.044268899999999,80.26856289999999,0,maa2,Chennai,2026-08-31T08:58:01.585014Z
ChIJAfmvAC9mUjoRmUVWj8VDiQU,Muniyammal Appam Shop,places,en,267,13.044608,80.2669352,13.0453469,80.26842289999999,0,maa2,Chennai,2026-08-31T08:58:01.585016Z
ChIJXZqezNdnUjoRjQNT_vjgo6k,Nutricup,places,en,267,13.044608,80.2669352,13.0442476,80.26863279999999,0,maa2,Chennai,2026-08-31T08:58:01.585019Z
ChIJIXcdby5mUjoRQXO_1mTcj2k,Srinivasa Andhra Mess,places,en,267,13.044608,80.2669352,13.043008299999999,80.2675055,0,maa2,Chennai,2026-08-31T08:58:01.585022Z
ChIJe_bkyORnUjoRExKEfZ_gZMs,Chinnadurai,places,en,267,13.044608,80.2669352,13.046282,80.2674691,0,maa2,Chennai,2026-08-31T08:58:01.585024Z
ChIJcQ9fRABnUjoR_Igix_bvijQ,Cloud Theory,places,en,267,13.044608,80.2669352,13.0430177,80.26794819999999,0,maa2,Chennai,2026-08-31T08:58:01.585027Z
ChIJuanva1pnUjoRPBY2_AF7W-Y,Tiffin Shastra - Kilpauk,places,en,268,13.0774249,80.24070615,13.0774147,80.2404328,0,maa2,Chennai,2026-08-31T08:58:01.984237Z
ChIJVw2HS5pnUjoRr8gNHB-nzGY,Marlen Multicuisine Restaurant and Party Hall,places,en,268,13.0774249,80.24070615,13.076910199999999,80.24122349999999,0,maa2,Chennai,2026-08-31T08:58:01.984282Z
ChIJL_a-s3xnUjoRk-PysBiKGpo,Brownie Heaven,places,en,268,13.0774249,80.24070615,13.077348899999999,80.2398221,0,maa2,Chennai,2026-08-31T08:58:01.984294Z
ChIJ9x1vEHlmUjoRgIDydBoKPFM,Subway Kilpauk,places,en,268,13.0774249,80.24070615,13.077365299999999,80.2397016,0,maa2,Chennai,2026-08-31T08:58:01.984303Z
ChIJKfawrBtnUjoR6qCbSNfOdE0,Alchemist Lake Viewery,places,en,268,13.0774249,80.24070615,13.076240499999999,80.2409677,0,maa2,Chennai,2026-08-31T08:58:01.984312Z
ChIJkS9uxnlmUjoRVEcE1Xtv5Vo,Bhimaas Foods,places,en,268,13.0774249,80.24070615,13.0773274,80.2420913,0,maa2,Chennai,2026-08-31T08:58:01.984319Z
ChIJVwGZ4zBnUjoRaDYuD5ZgKNk,Pacifica,places,en,268,13.0774249,80.24070615,13.0787835,80.24135079999999,0,maa2,Chennai,2026-08-31T08:58:01.984327Z
ChIJL4aIT3hmUjoR-ttHh31zoHk,Beverly Hotel,places,en,268,13.0774249,80.24070615,13.0788763,80.2413076,0,maa2,Chennai,2026-08-31T08:58:01.984334Z
ChIJuXkCGeZnUjoRUOhSk7EVdUM,Hollywood Heights,places,en,268,13.0774249,80.24070615,13.0788879,80.241321,0,maa2,Chennai,2026-08-31T08:58:01.984342Z
ChIJK4-sV3hmUjoRijwGebr_pb0,Latest Tea & Freshjuice,places,en,268,13.0774249,80.24070615,13.0790192,80.24078639999999,0,maa2,Chennai,2026-08-31T08:58:01.984349Z
ChIJL4wCFnlmUjoR_AzJVmOniDk,Udipi Guest Hotel,places,en,268,13.0774249,80.24070615,13.077099599999999,80.2390497,0,maa2,Chennai,2026-08-31T08:58:01.984356Z
ChIJE8OiZv1nUjoRMDFbf5HPf9o,CAVALLO,places,en,268,13.0774249,80.24070615,13.0770436,80.2390417,0,maa2,Chennai,2026-08-31T08:58:01.984363Z
ChIJZ-PQSA1nUjoRMItQ-Xq-MFM,Del Eat,places,en,268,13.0774249,80.24070615,13.079098499999999,80.2407054,0,maa2,Chennai,2026-08-31T08:58:01.984375Z
ChIJvXjGYD9nUjoR40rigIeNTMM,The Green Box - Kilpauk,places,en,268,13.0774249,80.24070615,13.0792108,80.24087899999999,0,maa2,Chennai,2026-08-31T08:58:01.984384Z
ChIJNenUXnhmUjoRHR2q-H5XoZw,Bhimaas foods,places,en,268,13.0774249,80.24070615,13.079243799999999,80.2406805,0,maa2,Chennai,2026-08-31T08:58:01.984391Z
ChIJz3ECo9VnUjoRbLPmknwbxR0,iD Express Kilpauk,places,en,268,13.0774249,80.24070615,13.0793698,80.24038360000002,0,maa2,Chennai,2026-08-31T08:58:01.984398Z
ChIJSVXtOABnUjoRrTe92teFoyE,Annamalai Salad Shop,places,en,268,13.0774249,80.24070615,13.0765288,80.2388927,0,maa2,Chennai,2026-08-31T08:58:01.984406Z
ChIJOw-mR3lmUjoRKwktRJ8tutk,Amma Unavagam,places,en,268,13.0774249,80.24070615,13.0765148,80.238576,0,maa2,Chennai,2026-08-31T08:58:01.984413Z
ChIJjeob1tVlUjoR5YcakqIliX0,Karol Bagh Chaatwala,places,en,268,13.0774249,80.24070615,13.0769556,80.2383826,0,maa2,Chennai,2026-08-31T08:58:01.984420Z
ChIJUXPuc0dnUjoRDumBZKVTjP8,Santo Patisserie,places,en,268,13.0774249,80.24070615,13.0765586,80.238402,0,maa2,Chennai,2026-08-31T08:58:01.984428Z
ChIJpyfd_3ZmUjoRAAAAMB_H6CQ,Latest Tea,places,en,269,13.0856262,80.2452739,13.0834022,80.2439682,0,maa2,Chennai,2026-08-31T08:58:02.287674Z
ChIJQ9wrxFxlUjoR3cV63teUQ2E,Jeeva Corner,places,en,269,13.0856262,80.2452739,13.083528099999999,80.2467942,0,maa2,Chennai,2026-08-31T08:58:02.287685Z
ChIJDyRvsklmUjoRYn3x0VHoTys,Food Acres,places,en,270,13.04314895,80.2522085,13.0442275,80.2523428,0,maa2,Chennai,2026-08-31T08:58:02.601471Z
ChIJS_WAsVhnUjoRhlYLc_5vjmI,The Open Cup by Hot Catch,places,en,271,13.06924955,80.238776,13.0697025,80.2383646,0,maa2,Chennai,2026-08-31T08:58:03.023031Z
ChIJpYF3y6pnUjoR8zabH-oiEvI,Klothberg,places,en,271,13.06924955,80.238776,13.0690762,80.2380007,0,maa2,Chennai,2026-08-31T08:58:03.023058Z
ChIJCystBN9vUjoRDsKhOnEpu8c,Vegan Fashion Café by House of Klothberg,places,en,271,13.06924955,80.238776,13.069146,80.23789289999999,0,maa2,Chennai,2026-08-31T08:58:03.023171Z
ChIJK0bP1yhnUjoRWOpdX2hqeSM,Starbucks - Chetpet,places,en,271,13.06924955,80.238776,13.0691524,80.2376438,0,maa2,Chennai,2026-08-31T08:58:03.023181Z
ChIJp9FzUWNmUjoR9TQ12JNmPOA,AB Resorts and Restaurants,places,en,271,13.06924955,80.238776,13.069062599999999,80.2372159,0,maa2,Chennai,2026-08-31T08:58:03.023185Z
ChIJU-lbTBNnUjoR4MSH-yWcSKs,The Veg Society Restaurant,places,en,271,13.06924955,80.238776,13.0690403,80.23707979999999,0,maa2,Chennai,2026-08-31T08:58:03.023188Z
ChIJpc9ifWNmUjoRFI6BfvqhNoM,Bayleaf OTG (On The Go),places,en,271,13.06924955,80.238776,13.0690764,80.2407587,0,maa2,Chennai,2026-08-31T08:58:03.023192Z
ChIJ5QfPM2VmUjoRNACo3ibdQLI,Indiska Magic,places,en,271,13.06924955,80.238776,13.069446099999999,80.2410651,0,maa2,Chennai,2026-08-31T08:58:03.023195Z
ChIJx8tJUyZnUjoR3mzsmAM9pYc,ABBY'S (Chetpet branch),places,en,271,13.06924955,80.238776,13.0689836,80.2412456,0,maa2,Chennai,2026-08-31T08:58:03.023198Z
ChIJocEFXCtnUjoRJLIJms7IMXk,HUNDREDS BISTRO,places,en,271,13.06924955,80.238776,13.069301699999999,80.2414539,0,maa2,Chennai,2026-08-31T08:58:03.023201Z
ChIJL1_GEABvUjoR3nMrUiFsnfI,Vadai Kadai,places,en,272,13.092217250000001,80.290835,13.0922205,80.29075189999999,0,maa2,Chennai,2026-08-31T08:58:03.323879Z
ChIJQW2auKZvUjoRCheD8k2T-qM,G T Court the Court bench canteen,places,en,272,13.092217250000001,80.290835,13.092265699999999,80.29102549999999,0,maa2,Chennai,2026-08-31T08:58:03.323890Z
ChIJjeSS_6BvUjoRTbSDq1qu6_A,Atho high court,places,en,272,13.092217250000001,80.290835,13.0924184,80.2909457,0,maa2,Chennai,2026-08-31T08:58:03.323894Z
ChIJM0It8U5vUjoRRTyg24W679U,Atho Street food,places,en,272,13.092217250000001,80.290835,13.0924065,80.29097,0,maa2,Chennai,2026-08-31T08:58:03.323897Z
ChIJpa3XMqZvUjoRtV1LcYJ9Sps,Ibrahim Atho shop,places,en,272,13.092217250000001,80.290835,13.092421000000002,80.290951,0,maa2,Chennai,2026-08-31T08:58:03.323899Z
ChIJi0drPgBvUjoRNrB-dnuogU4,Sahul Atho Shop,places,en,272,13.092217250000001,80.290835,13.0924766,80.2909675,0,maa2,Chennai,2026-08-31T08:58:03.323902Z
ChIJpSDJfwBvUjoRoPc-Fomfd5g,OG Burger (The Burger Company),places,en,272,13.092217250000001,80.290835,13.0925019,80.2907249,0,maa2,Chennai,2026-08-31T08:58:03.323904Z
ChIJ1Qjz7W1vUjoRtcIHzUAFZRc,Briyani Stall,places,en,272,13.092217250000001,80.290835,13.0919811,80.2906769,0,maa2,Chennai,2026-08-31T08:58:03.323906Z
ChIJKWtZHQBvUjoRLZneLFZz0Uk,Chickato,places,en,272,13.092217250000001,80.290835,13.092599499999999,80.29081579999999,0,maa2,Chennai,2026-08-31T08:58:03.323908Z
ChIJq5jyw7NvUjoRFj4zUS17gUg,BURMA FOOD,places,en,272,13.092217250000001,80.290835,13.0927367,80.2908054,0,maa2,Chennai,2026-08-31T08:58:03.323911Z
ChIJPdiBsdNvUjoROIPYlZC5Wl8,Burma Autho Shop,places,en,272,13.092217250000001,80.290835,13.091748400000002,80.2905232,0,maa2,Chennai,2026-08-31T08:58:03.323913Z
ChIJ27F8yMNvUjoRCNI7_QaHKG0,As Salam Briyani,places,en,272,13.092217250000001,80.290835,13.0925476,80.290111,0,maa2,Chennai,2026-08-31T08:58:03.323915Z
ChIJyVPMqk9vUjoRAAAAsNrrvRY,T Spot,places,en,272,13.092217250000001,80.290835,13.091466899999999,80.29051609999999,0,maa2,Chennai,2026-08-31T08:58:03.323917Z
ChIJA5mPlAFvUjoRfuli5e9T3js,Al Arz Restaurant,places,en,272,13.092217250000001,80.290835,13.0931205,80.2909768,0,maa2,Chennai,2026-08-31T08:58:03.323920Z
ChIJdXq1vE9vUjoREtdQROF4MR8,Harikrishna Lunch,places,en,272,13.092217250000001,80.290835,13.092576999999999,80.28996,0,maa2,Chennai,2026-08-31T08:58:03.323922Z
ChIJY7IH4E9vUjoRxfdWObU64lA,Sree hari krishna lunch home,places,en,272,13.092217250000001,80.290835,13.092576999999999,80.28996,0,maa2,Chennai,2026-08-31T08:58:03.323925Z
ChIJKZl9I-plUjoRi9Y9ovlA_0c,Kampung curry house (malaysian and arabic restaraunt),places,en,272,13.092217250000001,80.290835,13.093226399999999,80.29096969999999,0,maa2,Chennai,2026-08-31T08:58:03.323927Z
ChIJgdQn1bRvUjoRjbXt9z2POvM,SYED ALAUDEEN,places,en,272,13.092217250000001,80.290835,13.093250699999999,80.2905734,0,maa2,Chennai,2026-08-31T08:58:03.323929Z
ChIJH1QbdE9vUjoRTy73y6AbBr4,Hotel Kalyana Biriyani,places,en,272,13.092217250000001,80.290835,13.0933049,80.2908396,0,maa2,Chennai,2026-08-31T08:58:03.323931Z
ChIJuwZN8H5vUjoR2oXVR0TmSfY,Insaf Atto Shop,places,en,272,13.092217250000001,80.290835,13.0912743,80.291369,0,maa2,Chennai,2026-08-31T08:58:03.323934Z
ChIJixaFNgBnUjoRtFfZpqXLe7Q,Taxi Briyani,places,en,273,13.01248145,80.2040022,13.0113551,80.2035145,0,maa2,Chennai,2026-08-31T08:58:03.686480Z
ChIJdzXJeKhnUjoRHWMWO5VMWjw,Hotel Varsha Thamarai Tech Park,places,en,273,13.01248145,80.2040022,13.012004899999999,80.20254589999999,0,maa2,Chennai,2026-08-31T08:58:03.686487Z
ChIJYSzZeihnUjoRdjK0QEeIyFY,Gp Tea Stall,places,en,273,13.01248145,80.2040022,13.0141142,80.20353639999999,0,maa2,Chennai,2026-08-31T08:58:03.686489Z
ChIJhZAwQwBnUjoRxrq2RrI4uxE,Chozha foods pvt ltd,places,en,273,13.01248145,80.2040022,13.0120098,80.2023069,0,maa2,Chennai,2026-08-31T08:58:03.686491Z
ChIJTS_VLQBnUjoRr2N0aopaH-k,Theneer Thozhan (Tea Bestie),places,en,273,13.01248145,80.2040022,13.011626,80.2022988,0,maa2,Chennai,2026-08-31T08:58:03.686492Z
ChIJORVMQgBnUjoRpKoVazJhb60,SUNDAL VANDI,places,en,273,13.01248145,80.2040022,13.0144065,80.2043769,0,maa2,Chennai,2026-08-31T08:58:03.686494Z
ChIJf4ip8vhnUjoRgMbsAH8z8JQ,AAPPA KADAI,places,en,273,13.01248145,80.2040022,13.012937599999999,80.2065234,0,maa2,Chennai,2026-08-31T08:58:03.686495Z
ChIJ4ejqfEFnUjoRdo06qN9PCiQ,Chai Waale Olympia Tech Park,places,en,273,13.01248145,80.2040022,13.015001100000001,80.2044255,0,maa2,Chennai,2026-08-31T08:58:03.686497Z
ChIJ1QPL66xvUjoRpi-rg8rf5FE,BURMA UNAVAGAM,places,en,274,13.1098332,80.2897907,13.1098687,80.2907018,0,maa2,Chennai,2026-08-31T08:58:04.070813Z
ChIJXQ1gvWhvUjoRwDMFNj2oHxc,கிருஷ்ணா ஸ்டார்,places,en,274,13.1098332,80.2897907,13.109898399999999,80.2886657,0,maa2,Chennai,2026-08-31T08:58:04.070825Z
ChIJF1qeJ2lvUjoRVfIO5Kyu4aM,S S KRISPY FRIED CHICKEN,places,en,274,13.1098332,80.2897907,13.110488499999999,80.2907759,0,maa2,Chennai,2026-08-31T08:58:04.070829Z
ChIJU7SI92hvUjoRCK4Srgv7mJg,சிவா ஃபுட்ஸ்,places,en,274,13.1098332,80.2897907,13.1086457,80.28994829999999,0,maa2,Chennai,2026-08-31T08:58:04.070832Z
ChIJub1OOfFvUjoRrM7HY4DaffY,Queen Fast Food,places,en,274,13.1098332,80.2897907,13.111158099999999,80.2902094,0,maa2,Chennai,2026-08-31T08:58:04.070835Z
ChIJGc2j02hvUjoRpqBkMMjO8Ng,சம்யுக்தா ஸ்டோர்,places,en,274,13.1098332,80.2897907,13.111179499999999,80.2901677,0,maa2,Chennai,2026-08-31T08:58:04.070837Z
ChIJDeAyzAJvUjoRG8djqscoXqo,SS Taj biryani center,places,en,274,13.1098332,80.2897907,13.108324,80.28981,0,maa2,Chennai,2026-08-31T08:58:04.070840Z
ChIJMdFjr2hvUjoRrdKv2vEMrPk,அலாவுதீன் பாய் பிரியாளர்,places,en,274,13.1098332,80.2897907,13.110606100000002,80.28833809999999,0,maa2,Chennai,2026-08-31T08:58:04.070842Z
ChIJNe8cWmhvUjoRTX2gCyrOKF8,ZARA HOTEL,places,en,274,13.1098332,80.2897907,13.108145299999999,80.28991889999999,0,maa2,Chennai,2026-08-31T08:58:04.070844Z
ChIJLzzRumhvUjoRkrRMQKGcMgo,S.S.TAJ BIRYANI &FAST FOOD,places,en,274,13.1098332,80.2897907,13.108102299999999,80.2899348,0,maa2,Chennai,2026-08-31T08:58:04.070847Z
ChIJaQnQWmZvUjoRieX5zRc3lu0,Hotel Raj Bhavan,places,en,274,13.1098332,80.2897907,13.1081547,80.2903122,0,maa2,Chennai,2026-08-31T08:58:04.070849Z
ChIJ5UFnoMtvUjoRGCrVbKQeGUQ,Annai Sri kamatchi Unavakam,places,en,274,13.1098332,80.2897907,13.1100844,80.2879617,0,maa2,Chennai,2026-08-31T08:58:04.070851Z
ChIJz328O2xvUjoRau3N-RbELG0,"Domino's Pizza | Royapuram, Chennai",places,en,274,13.1098332,80.2897907,13.109544399999999,80.2915884,0,maa2,Chennai,2026-08-31T08:58:04.070854Z
ChIJLZWRU2hvUjoR4WoPqkxCdto,BHAVAN HIGH CLASS VEGETARIAN,places,en,274,13.1098332,80.2897907,13.108125999999999,80.29045359999999,0,maa2,Chennai,2026-08-31T08:58:04.070856Z
ChIJq4EQfcFvUjoRqTpnlzS831s,BALAJI Bhavan,places,en,274,13.1098332,80.2897907,13.1106343,80.2879305,0,maa2,Chennai,2026-08-31T08:58:04.070871Z
ChIJCxeOqGlvUjoRgkTkofbF4yA,Adyar Ananda Bhavan - A2B,places,en,274,13.1098332,80.2897907,13.108351299999999,80.2912221,0,maa2,Chennai,2026-08-31T08:58:04.070874Z
ChIJg9MurWlvUjoRGVZrUq0i0UA,Pandias restaurant,places,en,274,13.1098332,80.2897907,13.107987999999999,80.290697,0,maa2,Chennai,2026-08-31T08:58:04.070876Z
ChIJl1JTSHFvUjoRYcZXcbmJYmY,AMMA UNAVAGAM,places,en,274,13.1098332,80.2897907,13.1099821,80.29187639999999,0,maa2,Chennai,2026-08-31T08:58:04.070878Z
ChIJd4_hr2RlUjoRUsAJG2VowyU,Mahendran Naan Stall,places,en,274,13.1098332,80.2897907,13.1104933,80.2917823,0,maa2,Chennai,2026-08-31T08:58:04.070880Z
ChIJL2_vPgBvUjoRm9uRfVOLyzs,Shinobi Street,places,en,274,13.1098332,80.2897907,13.1102278,80.2918967,0,maa2,Chennai,2026-08-31T08:58:04.070883Z
ChIJFf0dDPFvUjoR0O_2WTvtzLo,Kavai Vendran Soup,places,en,275,13.12524875,80.2951221,13.1251661,80.29471889999999,0,maa2,Chennai,2026-08-31T08:58:04.371426Z
ChIJPbffNnRvUjoR67bNUb5un98,துரை பிரியாணி கடை,places,en,275,13.12524875,80.2951221,13.125264,80.29457769999999,0,maa2,Chennai,2026-08-31T08:58:04.371436Z
ChIJWyun7BxvUjoRPjiDRtMHG-M,kasimedu,places,en,275,13.12524875,80.2951221,13.124806699999999,80.29467009999999,0,maa2,Chennai,2026-08-31T08:58:04.371438Z
ChIJ06NwmkBvUjoR0IaUMxfOhsU,Seyad Abdahir,places,en,275,13.12524875,80.2951221,13.125181,80.2944742,0,maa2,Chennai,2026-08-31T08:58:04.371439Z
ChIJIwAAUHRvUjoRqYpHgxlL8Bo,Nila Fast Food,places,en,275,13.12524875,80.2951221,13.124621500000002,80.2946351,0,maa2,Chennai,2026-08-31T08:58:04.371441Z
ChIJJ3Lk2rVvUjoR_-8REFG_9w8,Jayanthi Fish Shop,places,en,275,13.12524875,80.2951221,13.1249711,80.2960659,0,maa2,Chennai,2026-08-31T08:58:04.371442Z
ChIJFbZYqRdvUjoRXS6zk7e43K4,New Thalapakattu Biryani,places,en,275,13.12524875,80.2951221,13.1249927,80.29410419999999,0,maa2,Chennai,2026-08-31T08:58:04.371444Z
ChIJI_f4JXRvUjoRnx_vN34L4YI,சன் பாஸ்ட் ஃபுட்,places,en,275,13.12524875,80.2951221,13.1250556,80.29368629999999,0,maa2,Chennai,2026-08-31T08:58:04.371445Z
ChIJZ911KgBvUjoRNevt_kUXIyU,The Koozhu Spot,places,en,275,13.12524875,80.2951221,13.1266333,80.29547,0,maa2,Chennai,2026-08-31T08:58:04.371446Z
ChIJFy9agY5vUjoRVTJUAVQt-oo,Al-zubair proteins,places,en,275,13.12524875,80.2951221,13.126688699999999,80.2950979,0,maa2,Chennai,2026-08-31T08:58:04.371448Z
ChIJYdcX_3RvUjoR2VIoaCf90sg,R.S.SEA FOOD,places,en,275,13.12524875,80.2951221,13.1257269,80.2967099,0,maa2,Chennai,2026-08-31T08:58:04.371449Z
ChIJr8zzEHRvUjoRdRrWEsoeUWw,AMMAN VILASH,places,en,275,13.12524875,80.2951221,13.1238513,80.29425359999999,0,maa2,Chennai,2026-08-31T08:58:04.371450Z
ChIJFcpo3_pvUjoROaSUtTKqdz8,I J STREET FOODS,places,en,275,13.12524875,80.2951221,13.1251143,80.2932979,0,maa2,Chennai,2026-08-31T08:58:04.371451Z
ChIJjcDPym5vUjoR81cSTP081Fg,Cake Square_Royapuram,places,en,275,13.12524875,80.2951221,13.123423299999999,80.29443119999999,0,maa2,Chennai,2026-08-31T08:58:04.371453Z
ChIJFRV8D3RvUjoRFv8dWm-HGwI,ரீச் சுவை பிரியாணி,places,en,275,13.12524875,80.2951221,13.123431,80.29416549999999,0,maa2,Chennai,2026-08-31T08:58:04.371454Z
ChIJSZmZmB9vUjoRHo_ODODk7CI,S N Chetty Street,places,en,275,13.12524875,80.2951221,13.12337,80.2942752,0,maa2,Chennai,2026-08-31T08:58:04.371455Z
ChIJfXxwX_ZvUjoRXFxPmSYS4ZY,PREETHI,places,en,275,13.12524875,80.2951221,13.1233668,80.29427299999999,0,maa2,Chennai,2026-08-31T08:58:04.371457Z
ChIJj9kaOwBvUjoRHHaSk33jKwI,Al Nadeem Birinji center,places,en,275,13.12524875,80.2951221,13.1250276,80.293021,0,maa2,Chennai,2026-08-31T08:58:04.371458Z
ChIJpfQJlSxvUjoRin42OnrlzfA,Triple C Crispy Chicken Corner,places,en,275,13.12524875,80.2951221,13.1233513,80.294071,0,maa2,Chennai,2026-08-31T08:58:04.371459Z
ChIJG68fBx1vUjoR8PTMsBDYXAA,FIRE POT BIRIYANI,places,en,275,13.12524875,80.2951221,13.12335,80.2940711,0,maa2,Chennai,2026-08-31T08:58:04.371461Z
ChIJa_w5UABvUjoR-PxYnTu2wE0,THE BURGER SPOT,places,en,276,13.12325535,80.28894539999999,13.123127100000001,80.2886596,0,maa2,Chennai,2026-08-31T08:58:04.734299Z
ChIJsbinSHFvUjoRl_GLOZYeAHU,GURUPRIYA TIFFEN CENTRE,places,en,276,13.12325535,80.28894539999999,13.1230409,80.28862819999999,0,maa2,Chennai,2026-08-31T08:58:04.734307Z
ChIJLzb7TXdvUjoR05DrKGPZjIE,Golden Tiffin Centre,places,en,276,13.12325535,80.28894539999999,13.123042199999999,80.28862,0,maa2,Chennai,2026-08-31T08:58:04.734309Z
ChIJUzNuVBRvUjoRPN3HZQ_7As8,LOLITA'S RESTO-CAFE,places,en,276,13.12325535,80.28894539999999,13.123173399999999,80.2884167,0,maa2,Chennai,2026-08-31T08:58:04.734310Z
ChIJ-YpEAztvUjoRYXt4s6YR3aU,Love bites,places,en,276,13.12325535,80.28894539999999,13.123097999999999,80.288426,0,maa2,Chennai,2026-08-31T08:58:04.734312Z
ChIJAz8mR4tvUjoRReuNXzcmmGE,JAYA PADMA CHAT SHOP,places,en,276,13.12325535,80.28894539999999,13.1225626,80.28850349999999,0,maa2,Chennai,2026-08-31T08:58:04.734314Z
ChIJQ0QbN6hvUjoR3rleoxyIvJ0,CINIPOP SHOP,places,en,276,13.12325535,80.28894539999999,13.123667099999999,80.2899685,0,maa2,Chennai,2026-08-31T08:58:04.734315Z
ChIJ85hPXQxvUjoRHcLtiXU84wM,DOKS CHATS AND SNACKS,places,en,276,13.12325535,80.28894539999999,13.1228515,80.28999900000001,0,maa2,Chennai,2026-08-31T08:58:04.734317Z
ChIJocowLXdvUjoR1I0dXvHfDF8,Spi Tiffen Center,places,en,276,13.12325535,80.28894539999999,13.1228085,80.2900784,0,maa2,Chennai,2026-08-31T08:58:04.734318Z
ChIJxUUrTeVvUjoRTTRaqUpqteU,Muthu FastFood,places,en,276,13.12325535,80.28894539999999,13.1228588,80.2903711,0,maa2,Chennai,2026-08-31T08:58:04.734319Z
ChIJczxaKJ9vUjoRwaOtdPjkYSs,Sri Vinayaka Chat Stall,places,en,276,13.12325535,80.28894539999999,13.121893799999999,80.2895748,0,maa2,Chennai,2026-08-31T08:58:04.734321Z
ChIJvSBlQEpvUjoRBIu3dENtyYY,Juice & snacks Hub,places,en,276,13.12325535,80.28894539999999,13.122723899999999,80.2907015,0,maa2,Chennai,2026-08-31T08:58:04.734323Z
ChIJN6whwA5vUjoRuXk4KRMOUoQ,Briyani patti,places,en,276,13.12325535,80.28894539999999,13.124997899999999,80.2892683,0,maa2,Chennai,2026-08-31T08:58:04.734325Z
ChIJJ8o6YPBlUjoRfG9l0ywF7RE,Panchsheel Packaging Solutions,places,en,276,13.12325535,80.28894539999999,13.124146699999999,80.2873116,0,maa2,Chennai,2026-08-31T08:58:04.734326Z
ChIJjcoX4XxvUjoR6NvqKimRdBY,Hotel Parijatha,places,en,276,13.12325535,80.28894539999999,13.1251477,80.2891842,0,maa2,Chennai,2026-08-31T08:58:04.734327Z
ChIJpWxzAE9vUjoRKPQLV5ausb8,Hotel Venkateshwara,places,en,276,13.12325535,80.28894539999999,13.1251528,80.2891612,0,maa2,Chennai,2026-08-31T08:58:04.734329Z
ChIJI2HVAp1vUjoRoHunbpg0l7U,Hotel kumudha,places,en,276,13.12325535,80.28894539999999,13.1251511,80.28952819999999,0,maa2,Chennai,2026-08-31T08:58:04.734330Z
ChIJPe0F955nUjoRKMkImbxOwh8,The Casablanca Co.,places,en,277,13.043403699999999,80.2736878,13.0429239,80.27377170000001,0,maa2,Chennai,2026-08-31T08:58:05.118039Z
ChIJuRzGPwBnUjoR2M2-vNMNgHI,Zam Zam Jaaler Murthabak,places,en,277,13.043403699999999,80.2736878,13.0429239,80.27377170000001,0,maa2,Chennai,2026-08-31T08:58:05.118055Z
ChIJ1X_lcK9nUjoRy-jjeEhCRXs,Chicago Pizza,places,en,277,13.043403699999999,80.2736878,13.0429239,80.27377170000001,0,maa2,Chennai,2026-08-31T08:58:05.118060Z
ChIJ-7QZ-uZnUjoRVGYfoyratuw,THE MARINA FOODCOURT,places,en,277,13.043403699999999,80.2736878,13.042924399999999,80.27383259999999,0,maa2,Chennai,2026-08-31T08:58:05.118063Z
ChIJ1zOpgSlmUjoRjN_cF-gOaL0,Red Chilli,places,en,277,13.043403699999999,80.2736878,13.043230699999999,80.2741876,0,maa2,Chennai,2026-08-31T08:58:05.118067Z
ChIJeycX_XxnUjoR2FkVo150qzs,KFC,places,en,277,13.043403699999999,80.2736878,13.042842,80.2737093,0,maa2,Chennai,2026-08-31T08:58:05.118070Z
ChIJ17JlEetnUjoRRs54pbwitzY,Starbucks - Mylapore,places,en,277,13.043403699999999,80.2736878,13.043806,80.273327,0,maa2,Chennai,2026-08-31T08:58:05.118072Z
ChIJdwUsinZnUjoRlF3vAnUH3OI,Tamil Street,places,en,277,13.043403699999999,80.2736878,13.042754799999999,80.2740804,0,maa2,Chennai,2026-08-31T08:58:05.118075Z
ChIJqYj_hClmUjoRC9vJvlOnuCM,Vesa Foods,places,en,277,13.043403699999999,80.2736878,13.0430005,80.27445879999999,0,maa2,Chennai,2026-08-31T08:58:05.118078Z
ChIJIUcdhSlmUjoRpZRfGojW6vM,Krisp,places,en,277,13.043403699999999,80.2736878,13.042998700000002,80.2744732,0,maa2,Chennai,2026-08-31T08:58:05.118081Z
ChIJA88J1itmUjoRGsK41evjSfE,Best Briyani & Fast Food,places,en,277,13.043403699999999,80.2736878,13.042325499999999,80.2735939,0,maa2,Chennai,2026-08-31T08:58:05.118084Z
ChIJj8cu1StmUjoRGt-YmjFA_jA,Senthilnathan Mess,places,en,277,13.043403699999999,80.2736878,13.0422341,80.27394530000001,0,maa2,Chennai,2026-08-31T08:58:05.118086Z
ChIJDcnMzpBnUjoRKcedPucYZrs,Jo Hot Chaat,places,en,277,13.043403699999999,80.2736878,13.042218700000001,80.2741458,0,maa2,Chennai,2026-08-31T08:58:05.118089Z
ChIJm8-HyHpnUjoRE6umTKPtJLY,SATZ SPOT,places,en,277,13.043403699999999,80.2736878,13.0422155,80.27444489999999,0,maa2,Chennai,2026-08-31T08:58:05.118092Z
ChIJXWA0EgBnUjoRE39P3JcofD0,Alif Biriyani,places,en,277,13.043403699999999,80.2736878,13.0420058,80.2745793,0,maa2,Chennai,2026-08-31T08:58:05.118094Z
ChIJJ1WZN-FnUjoRo83R9Sg2eKI,A R BIRYANI,places,en,277,13.043403699999999,80.2736878,13.0452032,80.2739266,0,maa2,Chennai,2026-08-31T08:58:05.118097Z
ChIJHfg_7ClmUjoRvo75oZeTNDo,RAHMAN HOTEL,places,en,277,13.043403699999999,80.2736878,13.0434351,80.27560079999999,0,maa2,Chennai,2026-08-31T08:58:05.118100Z
ChIJpxZYwSlmUjoRe2VZjinICzQ,Ajmir Chicken/Mutton Center,places,en,277,13.043403699999999,80.2736878,13.044161299999999,80.27565729999999,0,maa2,Chennai,2026-08-31T08:58:05.118103Z
ChIJP6UWODVnUjoR8_mYqpLs7gM,Chennaipattinam Home Foods - Tamil Mess,places,en,277,13.043403699999999,80.2736878,13.043431499999999,80.27581479999999,0,maa2,Chennai,2026-08-31T08:58:05.118106Z
ChIJBWWvOQBnUjoRLIoL9NT2Kf4,Coffee n Recharge,places,en,277,13.043403699999999,80.2736878,13.0434498,80.2759954,0,maa2,Chennai,2026-08-31T08:58:05.118108Z
ChIJV2JjHXpnUjoRUod4RBE-sy8,Mahyan dessert shop,places,en,279,13.059656,80.26478715,13.0591925,80.26427389999999,0,maa2,Chennai,2026-08-31T08:58:05.764775Z
ChIJ1bkeABhmUjoRKIXZjoabGvk,"BUN KEBAB, Multi Cuisine Restaurant",places,en,279,13.059656,80.26478715,13.0594776,80.265462,0,maa2,Chennai,2026-08-31T08:58:05.764783Z
ChIJe_JjDhhnUjoRY1rr6w4IxNk,Waffle Cart,places,en,279,13.059656,80.26478715,13.0589599,80.2645872,0,maa2,Chennai,2026-08-31T08:58:05.764786Z
ChIJ25TEPGlnUjoRjIWG8qKoMzw,Kebab boyzz,places,en,279,13.059656,80.26478715,13.059604,80.2655367,0,maa2,Chennai,2026-08-31T08:58:05.764787Z
ChIJNa1F_xdmUjoR0EngG1MHCcM,Arrahmath Parotta & Fastfood,places,en,279,13.059656,80.26478715,13.0594667,80.2655278,0,maa2,Chennai,2026-08-31T08:58:05.764789Z
ChIJ12akQflnUjoRhIz3WlGcdVI,Starbucks,places,en,279,13.059656,80.26478715,13.0587942,80.26479359999999,0,maa2,Chennai,2026-08-31T08:58:05.764790Z
ChIJaWL7BblnUjoRtRJYWhlMQSk,RAGUMATHULLA,places,en,279,13.059656,80.26478715,13.0595243,80.26566710000002,0,maa2,Chennai,2026-08-31T08:58:05.764791Z
ChIJubOEZQZnUjoR4DLt_VwAkmI,Sha cafe,places,en,279,13.059656,80.26478715,13.0595243,80.26566710000002,0,maa2,Chennai,2026-08-31T08:58:05.764793Z
ChIJg5xbAhhmUjoRjzEoG1AHo_0,kadeeja snacks bar,places,en,279,13.059656,80.26478715,13.0596538,80.26569119999999,0,maa2,Chennai,2026-08-31T08:58:05.764794Z
ChIJQSuYYT1mUjoRQ7Q5kiPZC3E,Dasa Dozza,places,en,279,13.059656,80.26478715,13.058770599999999,80.26458269999999,0,maa2,Chennai,2026-08-31T08:58:05.764795Z
ChIJFSQMHhhmUjoR67yJ-9Osf8I,City Cafe,places,en,279,13.059656,80.26478715,13.059702099999999,80.2657116,0,maa2,Chennai,2026-08-31T08:58:05.764796Z
ChIJKU1cZj1mUjoRbrZic5TnmXU,Kapila Dasa,places,en,279,13.059656,80.26478715,13.0587283,80.2649258,0,maa2,Chennai,2026-08-31T08:58:05.764798Z
ChIJsyemSaBnUjoRLQre0u_tFHc,Palm Jumeira - MULTI CUISINE RESTAURANT,places,en,279,13.059656,80.26478715,13.0591606,80.2655966,0,maa2,Chennai,2026-08-31T08:58:05.764799Z
ChIJu-gDXD1mUjoRd8hPucJE4qY,Dindigul Biriyani,places,en,279,13.059656,80.26478715,13.058742599999999,80.26447,0,maa2,Chennai,2026-08-31T08:58:05.764800Z
ChIJu-WLXD1mUjoRZJhWScXLttU,Gangotree,places,en,279,13.059656,80.26478715,13.0587298,80.2644404,0,maa2,Chennai,2026-08-31T08:58:05.764802Z
ChIJm1lunZNnUjoR3A7ahOw3DAU,"Jonahs Bistro, Express Avenue",places,en,279,13.059656,80.26478715,13.058715000000001,80.2644006,0,maa2,Chennai,2026-08-31T08:58:05.764803Z
ChIJfXtyFY1nUjoRktyim7VpRcE,Taco Bell,places,en,279,13.059656,80.26478715,13.0587261,80.2643217,0,maa2,Chennai,2026-08-31T08:58:05.764805Z
ChIJcUqC-5JnUjoRC2JUAR0vVG8,Diwaniya Turkish and Arabic Cuisine,places,en,279,13.059656,80.26478715,13.058632999999999,80.26491999999999,0,maa2,Chennai,2026-08-31T08:58:05.764806Z
ChIJVS2XYD1mUjoReHy_KDs1ir8,On The Go,places,en,279,13.059656,80.26478715,13.058741,80.26428039999999,0,maa2,Chennai,2026-08-31T08:58:05.764807Z
ChIJl7CkUq1lUjoRejgvls7O5pk,Sukkubhai Biryani,places,en,280,13.110658449999999,80.24030404999999,13.110567999999999,80.24055,0,maa2,Chennai,2026-08-31T08:58:06.167575Z
ChIJHyKdF7FlUjoRIJnp2eCdm_c,Ziyach Atho Kadai,places,en,280,13.110658449999999,80.24030404999999,13.111243799999999,80.23966229999999,0,maa2,Chennai,2026-08-31T08:58:06.167607Z
ChIJt-obUetlUjoRAhpYdIgQWrM,Go Go Pizza,places,en,280,13.110658449999999,80.24030404999999,13.111397,80.2392613,0,maa2,Chennai,2026-08-31T08:58:06.167614Z
ChIJf4lQL99lUjoRBavHQBYrP4I,RIYAS BIRIYANI PERAMBUR,places,en,280,13.110658449999999,80.24030404999999,13.110050699999999,80.2414877,0,maa2,Chennai,2026-08-31T08:58:06.167619Z
ChIJUy453XllUjoRguguPQy6AoE,BRIYANI KADAI,places,en,280,13.110658449999999,80.24030404999999,13.1099699,80.24179490000002,0,maa2,Chennai,2026-08-31T08:58:06.167623Z
ChIJb5jVP8BlUjoRYDDLXJZghTY,Mittalal Kunkulol,places,en,280,13.110658449999999,80.24030404999999,13.1113735,80.2387099,0,maa2,Chennai,2026-08-31T08:58:06.167627Z
ChIJx4zBEahjUjoR1QnvfWIjsF8,waffle & shake,places,en,280,13.110658449999999,80.24030404999999,13.111616699999999,80.2388417,0,maa2,Chennai,2026-08-31T08:58:06.167631Z
ChIJY8xUi4dlUjoRJl37uMSSFx0,MK FISH AND BROILERS,places,en,280,13.110658449999999,80.24030404999999,13.109644699999999,80.2418668,0,maa2,Chennai,2026-08-31T08:58:06.167634Z
ChIJj6pvdbFlUjoRZ68BKHBgmuo,HOTEL KAILAYAS,places,en,280,13.110658449999999,80.24030404999999,13.109646399999999,80.2418722,0,maa2,Chennai,2026-08-31T08:58:06.167638Z
ChIJJeighWhlUjoRhzOZ1UO0Wiw,LAVENTE KITCHEN,places,en,280,13.110658449999999,80.24030404999999,13.111698599999999,80.2387309,0,maa2,Chennai,2026-08-31T08:58:06.167642Z
ChIJUwIVLrJlUjoRtXpRV0NknNU,SS Hyderabad Biryani Perambur,places,en,280,13.110658449999999,80.24030404999999,13.1096001,80.241891,0,maa2,Chennai,2026-08-31T08:58:06.167645Z
ChIJPxbNtLBlUjoRD4xXnlQp33Q,SS Halal Fried Chicken,places,en,280,13.110658449999999,80.24030404999999,13.1095869,80.2419527,0,maa2,Chennai,2026-08-31T08:58:06.167649Z
ChIJzX_CTgBlUjoR9pXHisEYy3w,Big bowl,places,en,280,13.110658449999999,80.24030404999999,13.1118632,80.2384735,0,maa2,Chennai,2026-08-31T08:58:06.167652Z
ChIJr2Gme0ZlUjoRTcjArAwe91k,Thalappakattu Biriyani,places,en,280,13.110658449999999,80.24030404999999,13.1088132,80.2417241,0,maa2,Chennai,2026-08-31T08:58:06.167656Z
ChIJaeT8lpVlUjoRGMjGp8SEKkk,Biriyani Brothers,places,en,280,13.110658449999999,80.24030404999999,13.108929199999999,80.2418995,0,maa2,Chennai,2026-08-31T08:58:06.167660Z
ChIJSTlA5zZlUjoR3O03c3zYNvU,Chennai Classic Cakes,places,en,280,13.110658449999999,80.24030404999999,13.1089039,80.241891,0,maa2,Chennai,2026-08-31T08:58:06.167664Z
ChIJJwsE37ZlUjoRCjPuTNrTtxU,Pally Barbeque & Grills,places,en,280,13.110658449999999,80.24030404999999,13.1082675,80.2403441,0,maa2,Chennai,2026-08-31T08:58:06.167668Z
ChIJtYrJ2JRlUjoR9Ax7eiXpN-c,Joker Biryani Mid Night Restaurant,places,en,280,13.110658449999999,80.24030404999999,13.109744,80.2426237,0,maa2,Chennai,2026-08-31T08:58:06.167672Z
ChIJoSl6IbdlUjoRGErNqB6Ou18,Pally Tastei Restaraunt,places,en,280,13.110658449999999,80.24030404999999,13.108175,80.2404644,0,maa2,Chennai,2026-08-31T08:58:06.167675Z
ChIJTdfieLFlUjoRPWxlLPYZAwQ,RISMI CHICKEN CENTRE,places,en,280,13.110658449999999,80.24030404999999,13.1120851,80.2381845,0,maa2,Chennai,2026-08-31T08:58:06.167679Z
ChIJVdCgRTdnUjoRluAuuQgJ4_A,AASAI RESTAURANT (VEN & NON-,places,en,281,13.0741515,80.1998466,13.0738416,80.1997251,0,maa2,Chennai,2026-08-31T08:58:06.496782Z
ChIJSwwR180HqTsRigpxi3Zx9vE,Subway Koyembedu,places,en,281,13.0741515,80.1998466,13.073765,80.19982399999999,0,maa2,Chennai,2026-08-31T08:58:06.496795Z
ChIJpybm3qVmUjoRW6KAjXz0Ojw,A. R டிபன்,places,en,281,13.0741515,80.1998466,13.073560599999999,80.2003064,0,maa2,Chennai,2026-08-31T08:58:06.496800Z
ChIJp02A8k1hUjoRPNPIWNOpOHg,Tasty town,places,en,281,13.0741515,80.1998466,13.073381,80.200462,0,maa2,Chennai,2026-08-31T08:58:06.496803Z
ChIJNZS6Ed1nUjoR2Xf8W1P8PJo,AMS Karaikudi Chettinadu Mess - Koyambedu,places,en,281,13.0741515,80.1998466,13.0733379,80.2006289,0,maa2,Chennai,2026-08-31T08:58:06.496806Z
ChIJweMzHKZmUjoRtgDfok8IqII,Biryani & Starters,places,en,281,13.0741515,80.1998466,13.074731799999999,80.19886009999999,0,maa2,Chennai,2026-08-31T08:58:06.496809Z
ChIJfXEgl_1nUjoRU73xd2O8mgI,MUTHURAM PEANUTS,places,en,281,13.0741515,80.1998466,13.073009599999999,80.19945,0,maa2,Chennai,2026-08-31T08:58:06.496812Z
ChIJh8QR0KVmUjoRrzq_A0LPLbE,SCONDY,places,en,281,13.0741515,80.1998466,13.0731484,80.2008039,0,maa2,Chennai,2026-08-31T08:58:06.496815Z
ChIJpQ_Sz6VmUjoRoiI-agl6hFQ,DELIGHTFUL BRIYANI,places,en,281,13.0741515,80.1998466,13.073050499999999,80.20091269999999,0,maa2,Chennai,2026-08-31T08:58:06.496817Z
ChIJcYGD8aVmUjoRSl0mLRtFbmo,Sri Vengamamba Idli Dosa Batter,places,en,281,13.0741515,80.1998466,13.072718600000002,80.1992084,0,maa2,Chennai,2026-08-31T08:58:06.496820Z
ChIJiy8RIaZmUjoRM3zj7SCSC1A,Chennai Rawther Biriyani & Fast Food,places,en,281,13.0741515,80.1998466,13.075389,80.1988095,0,maa2,Chennai,2026-08-31T08:58:06.496823Z
ChIJaywOIaZmUjoRYI94SEx-75E,Golden Snacks,places,en,281,13.0741515,80.1998466,13.0754402,80.1988734,0,maa2,Chennai,2026-08-31T08:58:06.496825Z
ChIJ_xGTJZZnUjoRqTq7BCcCoHQ,SRI SAPTHAGIRI MESS,places,en,281,13.0741515,80.1998466,13.0724812,80.19943289999999,0,maa2,Chennai,2026-08-31T08:58:06.496828Z
ChIJg_wZIaZmUjoRCJNaauo6RPc,Kaarner Kadai,places,en,281,13.0741515,80.1998466,13.075509799999999,80.1987985,0,maa2,Chennai,2026-08-31T08:58:06.496830Z
ChIJTTZ9UgBnUjoRhtAJIaKmMEQ,MM Coffee House,places,en,281,13.0741515,80.1998466,13.075560999999999,80.198641,0,maa2,Chennai,2026-08-31T08:58:06.496833Z
ChIJc7gWjUxhUjoRLqbWSaOi1wI,Kari Point,places,en,281,13.0741515,80.1998466,13.0754819,80.19836819999999,0,maa2,Chennai,2026-08-31T08:58:06.496836Z
ChIJKdzoVPlnUjoRwc3XM9VJmDo,SS VEG BIRYANI,places,en,281,13.0741515,80.1998466,13.072588,80.198449,0,maa2,Chennai,2026-08-31T08:58:06.496838Z
ChIJYT-JvsJnUjoRCspCk-JjrLU,JALAL Chicken Center,places,en,281,13.0741515,80.1998466,13.072524000000001,80.1983844,0,maa2,Chennai,2026-08-31T08:58:06.496841Z
ChIJl2LCi6tnUjoR94bS606FLKw,HOTEL VIRUDHUNAGAR CHETTINADU RESTAURANT,places,en,281,13.0741515,80.1998466,13.0724193,80.2015578,0,maa2,Chennai,2026-08-31T08:58:06.496843Z
ChIJef54DxhnUjoRn6aX2yAcrGo,MK TIFFEN CENTERE,places,en,281,13.0741515,80.1998466,13.0755169,80.1975396,0,maa2,Chennai,2026-08-31T08:58:06.496846Z
ChIJX4GlFShnUjoROt0H1zIGF6Q,Thiru building canteen pure veg,places,en,282,13.06193765,80.25383955000001,13.0616355,80.2541273,0,maa2,Chennai,2026-08-31T08:58:07.863267Z
ChIJN0rKLGtmUjoRAAAAMAHb5WE,MD SAMOSA SHOP,places,en,282,13.06193765,80.25383955000001,13.062050399999999,80.2545477,0,maa2,Chennai,2026-08-31T08:58:07.863277Z
ChIJpYThTNNnUjoRZUt0nnUa4a0,New Annapurna Restaurant,places,en,282,13.06193765,80.25383955000001,13.0620277,80.2545543,0,maa2,Chennai,2026-08-31T08:58:07.863280Z
ChIJTTr90hRmUjoRdbM597iylao,MUGHLAI BIRYANI,places,en,282,13.06193765,80.25383955000001,13.062053299999999,80.254583,0,maa2,Chennai,2026-08-31T08:58:07.863282Z
ChIJwTOoKxVmUjoR8gi8OwLmaNo,T.S. Kolkata Mess,places,en,282,13.06193765,80.25383955000001,13.0617398,80.2545777,0,maa2,Chennai,2026-08-31T08:58:07.863285Z
ChIJU11j1RRmUjoR1MaqiH0mnAo,"SSS ANNACHI MESS, Mithu Dadar Bangali Khabar",places,en,282,13.06193765,80.25383955000001,13.0616341,80.2545918,0,maa2,Chennai,2026-08-31T08:58:07.863286Z
ChIJu6-G1qZnUjoRpbJHTKuBvgc,New Bengali Mess,places,en,282,13.06193765,80.25383955000001,13.0616313,80.254599,0,maa2,Chennai,2026-08-31T08:58:07.863289Z
ChIJ4_n61BRmUjoRAjGCirhnA0I,Hotel Nellai,places,en,282,13.06193765,80.25383955000001,13.061713699999999,80.25463940000002,0,maa2,Chennai,2026-08-31T08:58:07.863291Z
ChIJ65n5KhVmUjoRfP1tSz4hk3I,RASNA BISTRO,places,en,282,13.06193765,80.25383955000001,13.0614856,80.2545916,0,maa2,Chennai,2026-08-31T08:58:07.863292Z
ChIJAQxp0RRmUjoRCFzrccOVgNo,TSB Mess,places,en,282,13.06193765,80.25383955000001,13.062066399999999,80.25481549999999,0,maa2,Chennai,2026-08-31T08:58:07.863294Z
ChIJC1pgLBVmUjoR_9c_z7J5DX8,Hotel SATHYAM,places,en,282,13.06193765,80.25383955000001,13.0612003,80.2545811,0,maa2,Chennai,2026-08-31T08:58:07.863296Z
ChIJV-7fKfZnUjoR7ulN5211uvM,JAFFER BHAI BIRYANI,places,en,282,13.06193765,80.25383955000001,13.0610666,80.2545748,0,maa2,Chennai,2026-08-31T08:58:07.863298Z
ChIJh5B_7NtnUjoRcD8WRsritIk,SS Traders & Fish Market,places,en,282,13.06193765,80.25383955000001,13.0610068,80.25453019999999,0,maa2,Chennai,2026-08-31T08:58:07.863300Z
ChIJr0mcKxVmUjoRl6VO30VXxDw,Sri Krishna Mess,places,en,282,13.06193765,80.25383955000001,13.061004899999999,80.25454169999999,0,maa2,Chennai,2026-08-31T08:58:07.863302Z
ChIJTS-RU7tnUjoRiBNjcNDq-zs,Jaffer Bhai Biryani,places,en,282,13.06193765,80.25383955000001,13.0609491,80.254531,0,maa2,Chennai,2026-08-31T08:58:07.863304Z
ChIJL31DtRRmUjoRsDttd3qmwhg,Sagar Tea Stall,places,en,282,13.06193765,80.25383955000001,13.0629966,80.25446339999999,0,maa2,Chennai,2026-08-31T08:58:07.863306Z
ChIJa18ncY1nUjoRext6RWO7e0c,FOOD PALACE,places,en,282,13.06193765,80.25383955000001,13.061117999999999,80.2552285,0,maa2,Chennai,2026-08-31T08:58:07.863308Z
ChIJGW4YUDZnUjoR63ynLhp7Ws4,"Madras Coffee House - Greams Road, Thousand Lights",places,en,282,13.06193765,80.25383955000001,13.060488699999999,80.2545282,0,maa2,Chennai,2026-08-31T08:58:07.863310Z
ChIJ8TEkNRVmUjoRJxhsPVkxsq4,Fruit Shop on Greams Road,places,en,282,13.06193765,80.25383955000001,13.0603143,80.2545622,0,maa2,Chennai,2026-08-31T08:58:07.863312Z
ChIJc8lHNRVmUjoRsk5A8fCQTRs,Tibb's Frankie,places,en,282,13.06193765,80.25383955000001,13.060278,80.2544752,0,maa2,Chennai,2026-08-31T08:58:07.863314Z
ChIJrZm-FTVnUjoRPvk3Vgi9ZrY,Rasa Penang,places,en,283,13.034444449999999,80.2400307,13.034052500000001,80.23921779999999,0,maa2,Chennai,2026-08-31T08:58:08.264551Z
ChIJmeo8WFFmUjoRn7iPRI38kAs,ARUNA HOME FOODS,places,en,283,13.034444449999999,80.2400307,13.0350602,80.2392979,0,maa2,Chennai,2026-08-31T08:58:08.264581Z
ChIJ64EdKg1nUjoRl2AsyLLehnk,Joy cafe,places,en,283,13.034444449999999,80.2400307,13.0354569,80.23926569999999,0,maa2,Chennai,2026-08-31T08:58:08.264587Z
ChIJd4ImvaxnUjoRWElPPVOWUzA,Hotel Harish,places,en,283,13.034444449999999,80.2400307,13.0355066,80.23918379999999,0,maa2,Chennai,2026-08-31T08:58:08.264591Z
ChIJRxlUUR1nUjoRSLNTlaC5ctI,Thameen brinji center,places,en,283,13.034444449999999,80.2400307,13.0338775,80.2415743,0,maa2,Chennai,2026-08-31T08:58:08.264595Z
ChIJaT5-N1NmUjoR9l6IODwzNvY,Hot burger,places,en,283,13.034444449999999,80.2400307,13.035752400000002,80.23898369999999,0,maa2,Chennai,2026-08-31T08:58:08.264599Z
ChIJ33kqFK1nUjoRAAAAMCjD2RY,MADRAS CHICKEN AND MUTTON CENTRE,places,en,283,13.034444449999999,80.2400307,13.0340639,80.2417139,0,maa2,Chennai,2026-08-31T08:58:08.264603Z
ChIJFa0I0LRnUjoRb3_e5yNPSVA,Gowri Canteen,places,en,283,13.034444449999999,80.2400307,13.0345991,80.23815290000002,0,maa2,Chennai,2026-08-31T08:58:08.264606Z
ChIJF_TcmaxnUjoRlO3WpTBznYc,Dindigul Thalappakatti Restaurant,places,en,283,13.034444449999999,80.2400307,13.0337304,80.2382952,0,maa2,Chennai,2026-08-31T08:58:08.264609Z
ChIJV2GTmaxnUjoRePNgEW-fHb8,BBQ & Grill,places,en,283,13.034444449999999,80.2400307,13.0336846,80.2382835,0,maa2,Chennai,2026-08-31T08:58:08.264612Z
ChIJI3XNkg5nUjoRwYWth5WVsfQ,Dosa Shop,places,en,283,13.034444449999999,80.2400307,13.0332516,80.2385315,0,maa2,Chennai,2026-08-31T08:58:08.264616Z
ChIJu7qbueZnUjoRthFhc9jYJQ0,Sri Sarvalakshmi Hospitality pvt Ltd,places,en,283,13.034444449999999,80.2400307,13.0326481,80.23944809999999,0,maa2,Chennai,2026-08-31T08:58:08.264619Z
ChIJQ2OoJFFnUjoRwY-GyWieKII,CSK KADAI,places,en,283,13.034444449999999,80.2400307,13.0346386,80.24200929999999,0,maa2,Chennai,2026-08-31T08:58:08.264623Z
ChIJCX3aXwNnUjoRg1zXqDYKWv4,C S Kadai,places,en,283,13.034444449999999,80.2400307,13.0347181,80.24201790000001,0,maa2,Chennai,2026-08-31T08:58:08.264626Z
ChIJeZrpJQBnUjoRkTIzxMejAGI,Affordable tiffin shop,places,en,283,13.034444449999999,80.2400307,13.0351409,80.2421209,0,maa2,Chennai,2026-08-31T08:58:08.264629Z
ChIJgUnsTVNnUjoRDvoa_eeYUv4,Sri Sai Dosa Corner (Food Cart),places,en,283,13.034444449999999,80.2400307,13.0333027,80.2381779,0,maa2,Chennai,2026-08-31T08:58:08.264632Z
ChIJ5w8zIcJnUjoRjnW9CVkJk30,Southern Station,places,en,283,13.034444449999999,80.2400307,13.0347771,80.237813,0,maa2,Chennai,2026-08-31T08:58:08.264635Z
ChIJgzHHYVpnUjoRFYTb37NBg-Y,Atho shop,places,en,283,13.034444449999999,80.2400307,13.033074599999999,80.2381059,0,maa2,Chennai,2026-08-31T08:58:08.264638Z
ChIJAUMQXqxnUjoRYg8SgZvQfT0,1848 FAST FOOD,places,en,283,13.034444449999999,80.2400307,13.0322243,80.23911869999999,0,maa2,Chennai,2026-08-31T08:58:08.264642Z
ChIJKQjjXKxnUjoRus01dkbMpj4,M.G AMBUR,places,en,283,13.034444449999999,80.2400307,13.0319835,80.2392811,0,maa2,Chennai,2026-08-31T08:58:08.264645Z
ChIJX6rdbgBnUjoRovSo9DjPs_0,Bharathi Idly Shop,places,en,284,13.0194269,80.20616325,13.019357399999999,80.2059847,0,maa2,Chennai,2026-08-31T08:58:08.577624Z
ChIJCbPouD9nUjoRWycUYAQxF5U,YATHVIKA CAFE,places,en,284,13.0194269,80.20616325,13.0198235,80.2061305,0,maa2,Chennai,2026-08-31T08:58:08.577636Z
ChIJg5lnQDxnUjoRmHt8SqVTfvc,Shri Ganesh Bhavan,places,en,284,13.0194269,80.20616325,13.019834,80.206136,0,maa2,Chennai,2026-08-31T08:58:08.577641Z
ChIJUYvr3hpnUjoRiXto7Fh9oKA,Hotel Rusi Bhavan / Rusi Tea Stall,places,en,284,13.0194269,80.20616325,13.0190498,80.20592169999999,0,maa2,Chennai,2026-08-31T08:58:08.577644Z
ChIJs4VuRABnUjoRS63wz-T42BE,Aakash Royal Wedding Biriyani,places,en,284,13.0194269,80.20616325,13.019819600000002,80.20656629999999,0,maa2,Chennai,2026-08-31T08:58:08.577646Z
ChIJ-3g19jxnUjoRaV5Uy8fLzJo,Desire Chettinad Restaurant,places,en,284,13.0194269,80.20616325,13.019992799999999,80.2061386,0,maa2,Chennai,2026-08-31T08:58:08.577649Z
ChIJM0yPUnZnUjoR2w-HVSnS-Dk,Chettinad Curry Mess,places,en,284,13.0194269,80.20616325,13.0189773,80.2058473,0,maa2,Chennai,2026-08-31T08:58:08.577652Z
ChIJGX2XsMZnUjoRJvgNLUTQ5Ac,Alibaba Shawarma and 40 Dishes,places,en,284,13.0194269,80.20616325,13.018854399999999,80.20588190000001,0,maa2,Chennai,2026-08-31T08:58:08.577655Z
ChIJ8WS34htnUjoRAJ1gewZZJcw,Solomon Biryani,places,en,284,13.0194269,80.20616325,13.0202381,80.2061569,0,maa2,Chennai,2026-08-31T08:58:08.577657Z
ChIJtTOgewBnUjoRK4fisBJBrE0,Tiffin Shop,places,en,284,13.0194269,80.20616325,13.0185587,80.20616160000002,0,maa2,Chennai,2026-08-31T08:58:08.577660Z
ChIJIZ7eAABnUjoRnEWLexkmQMk,Devar mess,places,en,284,13.0194269,80.20616325,13.0186307,80.2057658,0,maa2,Chennai,2026-08-31T08:58:08.577662Z
ChIJr_lsQDxnUjoR50HzrqG3sho,Madurai Sri Devar Hotel,places,en,284,13.0194269,80.20616325,13.0185272,80.2057179,0,maa2,Chennai,2026-08-31T08:58:08.577665Z
ChIJ_QdsFTxnUjoR9bqom3J0xJk,Sri Venkateshwara Dal Roti,places,en,284,13.0194269,80.20616325,13.0185187,80.2056916,0,maa2,Chennai,2026-08-31T08:58:08.577668Z
ChIJBdVBQDxnUjoRrBaZhNtXeNk,Daalchini,places,en,284,13.0194269,80.20616325,13.018506299999999,80.2056865,0,maa2,Chennai,2026-08-31T08:58:08.577670Z
ChIJixO6zitnUjoRVLlprLQ5dp8,V2K FOODS & BEVERAGES,places,en,284,13.0194269,80.20616325,13.020390599999999,80.2052942,0,maa2,Chennai,2026-08-31T08:58:08.577673Z
ChIJP6lgl1tnUjoRD2eozypJbTs,Al-Mina Multi Cuisine Restaurant,places,en,284,13.0194269,80.20616325,13.018252299999999,80.205517,0,maa2,Chennai,2026-08-31T08:58:08.577683Z
ChIJp8E8dExnUjoRBHih7AxCBJk,PR Andhra mess,places,en,284,13.0194269,80.20616325,13.018282200000002,80.2051946,0,maa2,Chennai,2026-08-31T08:58:08.577687Z
ChIJuU72pCBnUjoRCof2c244pkI,Asaivam - Non Veg Restaurant (Ekkatuthangal),places,en,284,13.0194269,80.20616325,13.0209511,80.2061274,0,maa2,Chennai,2026-08-31T08:58:08.577690Z
ChIJmZrqmfVnUjoRy182K3oTIGE,Meen Satti - Seafood Restaurant (Ekkatuthangal),places,en,284,13.0194269,80.20616325,13.020984799999999,80.206188,0,maa2,Chennai,2026-08-31T08:58:08.577692Z
ChIJd5rG-0NlUjoRRfrCL9J0Q0U,RUSH BURGERS-Annanagar,places,en,287,13.08849965,80.2056799,13.085954399999999,80.20613519999999,0,maa2,Chennai,2026-08-31T08:58:09.967962Z
ChIJhyraSQBlUjoRNFkYmFKL-Fc,Natraj cafe,places,en,287,13.08849965,80.2056799,13.0863696,80.20411899999999,0,maa2,Chennai,2026-08-31T08:58:09.967969Z
ChIJ6bca-NBvUjoRDzggLMLsSno,Faizanudeen Mutton Stall,places,en,288,13.10173395,80.29098985,13.1010723,80.2911125,0,maa2,Chennai,2026-08-31T08:58:10.361859Z
ChIJkakIEilvUjoRIrXM8OQx3OE,Salwa Rottikadai,places,en,288,13.10173395,80.29098985,13.1010414,80.2913287,0,maa2,Chennai,2026-08-31T08:58:10.361899Z
ChIJOXNZsENvUjoRJgAr5GkM8l0,Fine & Fresh Hot & Cool,places,en,288,13.10173395,80.29098985,13.102286099999999,80.2915201,0,maa2,Chennai,2026-08-31T08:58:10.361905Z
ChIJCwTFfgZvUjoR-t2cUVfdhTc,Sathila tiffin centre சத்திலா டிபன் சென்டர்,places,en,288,13.10173395,80.29098985,13.102280499999999,80.29043519999999,0,maa2,Chennai,2026-08-31T08:58:10.361910Z
ChIJ5aFxualvUjoRoDmYD16W61k,K7 Food court,places,en,288,13.10173395,80.29098985,13.1022795,80.29040739999999,0,maa2,Chennai,2026-08-31T08:58:10.361915Z
ChIJS_miUQxvUjoRJtOWu6aTUe0,Aalfa Snacks,places,en,288,13.10173395,80.29098985,13.1010402,80.2905645,0,maa2,Chennai,2026-08-31T08:58:10.361919Z
ChIJWebxg8FvUjoRz62cw1zs_48,Chris Briyanys Shop,places,en,288,13.10173395,80.29098985,13.102516,80.2908017,0,maa2,Chennai,2026-08-31T08:58:10.361923Z
ChIJX_tHkUNvUjoR0rNRMf-VG18,Tawakkal Fast Food,places,en,288,13.10173395,80.29098985,13.101054999999999,80.2916261,0,maa2,Chennai,2026-08-31T08:58:10.361927Z
ChIJJaEPkUNvUjoRm8ybkjgLl7o,Thavakkal Briyani,places,en,288,13.10173395,80.29098985,13.100980499999999,80.29159589999999,0,maa2,Chennai,2026-08-31T08:58:10.361930Z
ChIJhTvCk0NvUjoRrgdCe5pg7Nk,New Crispy Corner,places,en,288,13.10173395,80.29098985,13.1010104,80.2917726,0,maa2,Chennai,2026-08-31T08:58:10.361934Z
ChIJddUwXQhvUjoRrex0WchRK5U,Cake square Parrys corner-eggless cake shop-Cake Shop & Birthday Cake,places,en,288,13.10173395,80.29098985,13.102652899999999,80.2904942,0,maa2,Chennai,2026-08-31T08:58:10.361938Z
ChIJYf4gAUNvUjoRIhiOhAnK08E,The Red Box - Parry's,places,en,288,13.10173395,80.29098985,13.1026641,80.2905153,0,maa2,Chennai,2026-08-31T08:58:10.361946Z
ChIJESsSuENvUjoRmL3CFXPlYDE,W.A.FOOD CORNER,places,en,288,13.10173395,80.29098985,13.102115999999999,80.2920051,0,maa2,Chennai,2026-08-31T08:58:10.361950Z
ChIJ5YYRuENvUjoRF63eIZ3oYhg,H. A. Food Corner,places,en,288,13.10173395,80.29098985,13.1021178,80.2920065,0,maa2,Chennai,2026-08-31T08:58:10.361954Z
ChIJd13wHw5vUjoR0VukHgfPOyw,ASIF BAKERY CURRY HOUSE,places,en,288,13.10173395,80.29098985,13.100851899999999,80.29171459999999,0,maa2,Chennai,2026-08-31T08:58:10.361958Z
ChIJdUwgkkNvUjoRifZuyrIDCK0,Al Manna Vassalva Atho Shop,places,en,288,13.10173395,80.29098985,13.1008444,80.2917207,0,maa2,Chennai,2026-08-31T08:58:10.361962Z
ChIJq_jTRERvUjoRDMltdZvFCJM,CLAZZY FOODIE,places,en,288,13.10173395,80.29098985,13.1008088,80.2916876,0,maa2,Chennai,2026-08-31T08:58:10.361965Z
ChIJ3X02s55vUjoRqHXDTdZCoQo,Mr. Falafel,places,en,288,13.10173395,80.29098985,13.100810399999999,80.29170719999999,0,maa2,Chennai,2026-08-31T08:58:10.361969Z
ChIJqfmfTZhvUjoRaRSEoUwL0UI,Clazzy foodie,places,en,288,13.10173395,80.29098985,13.1008664,80.2917781,0,maa2,Chennai,2026-08-31T08:58:10.361973Z
ChIJCeVeEUFvUjoRMedaA8eClig,Sulafa Biriyani,places,en,288,13.10173395,80.29098985,13.102745899999999,80.2904508,0,maa2,Chennai,2026-08-31T08:58:10.361977Z
ChIJ3_LKemdnUjoRZeqhFIiXHjE,Nandhini foods,places,en,289,13.06847135,80.2718357,13.0686396,80.27186119999999,0,maa2,Chennai,2026-08-31T08:58:10.666946Z
ChIJWSpXHCBnUjoRPZ4fpIOUdTU,Anna Lassi,places,en,289,13.06847135,80.2718357,13.068574799999999,80.2715825,0,maa2,Chennai,2026-08-31T08:58:10.666957Z
ChIJBRyZCidnUjoRQHnbnlvkVNQ,Bombay chaat,places,en,289,13.06847135,80.2718357,13.068629,80.271616,0,maa2,Chennai,2026-08-31T08:58:10.666961Z
ChIJQ41AGgBnUjoRsLrVtx_8-tE,Snacks,places,en,289,13.06847135,80.2718357,13.0681595,80.2718488,0,maa2,Chennai,2026-08-31T08:58:10.666964Z
ChIJZ8jllwxnUjoR_VA8-7n7wD8,Hotel Grand Karaikudi-Moun Road,places,en,289,13.06847135,80.2718357,13.067961799999999,80.2720679,0,maa2,Chennai,2026-08-31T08:58:10.666966Z
ChIJlf24YRxmUjoRzzxJqvB77SI,Stalin Pleasant Park,places,en,289,13.06847135,80.2718357,13.0678062,80.271991,0,maa2,Chennai,2026-08-31T08:58:10.666969Z
ChIJz3TKiRxmUjoRJrwpRrx4mOU,submarine bar,places,en,289,13.06847135,80.2718357,13.067812600000002,80.2721341,0,maa2,Chennai,2026-08-31T08:58:10.666971Z
ChIJ59YZbPFnUjoRoi-LLDovOo4,Mount Kitchen,places,en,289,13.06847135,80.2718357,13.0677332,80.2719485,0,maa2,Chennai,2026-08-31T08:58:10.666973Z
ChIJK6q1fRtmUjoRMj12ZEdvrEs,Ambur Thalapakatu Biriyani,places,en,289,13.06847135,80.2718357,13.0684212,80.2710353,0,maa2,Chennai,2026-08-31T08:58:10.666975Z
ChIJP7a75pNnUjoRdLIc0PC3lnY,Bismillah Briyani Richie street,places,en,289,13.06847135,80.2718357,13.0688964,80.27109159999999,0,maa2,Chennai,2026-08-31T08:58:10.666977Z
ChIJU-VtAKNnUjoR2Pdg88b4Nuw,Biryani house,places,en,289,13.06847135,80.2718357,13.0693901,80.27213379999999,0,maa2,Chennai,2026-08-31T08:58:10.666979Z
ChIJb1Br0ddvUjoRD8F9r_7d-Qg,ANNA,places,en,289,13.06847135,80.2718357,13.069444599999999,80.27215799999999,0,maa2,Chennai,2026-08-31T08:58:10.666982Z
ChIJkebhcBxmUjoRCSoxCTDJKbE,Hotel MS classic,places,en,289,13.06847135,80.2718357,13.067373799999999,80.2717313,0,maa2,Chennai,2026-08-31T08:58:10.666984Z
ChIJN1nVfvVnUjoR2WRFHTfocfU,Chennai Woodlands Party Hall | Party Hall in Chennai,places,en,289,13.06847135,80.2718357,13.068352599999999,80.27064539999999,0,maa2,Chennai,2026-08-31T08:58:10.666986Z
ChIJ6x8JToNnUjoR93el3EtnsN8,Chat Shop,places,en,289,13.06847135,80.2718357,13.0696155,80.2720683,0,maa2,Chennai,2026-08-31T08:58:10.666988Z
ChIJ19UmehtmUjoRFI3XGIeMPQQ,Woodlands Grand,places,en,289,13.06847135,80.2718357,13.0682709,80.2705574,0,maa2,Chennai,2026-08-31T08:58:10.666990Z
ChIJ8cV-ZxtmUjoREd1o_oTzEdA,Mallikaa Residency,places,en,289,13.06847135,80.2718357,13.068793,80.270557,0,maa2,Chennai,2026-08-31T08:58:10.666992Z
ChIJ9VpSdxtmUjoRolxRRsnGQEc,Prahlad Hotel,places,en,289,13.06847135,80.2718357,13.0682665,80.2705243,0,maa2,Chennai,2026-08-31T08:58:10.666994Z
ChIJSdPEeyJnUjoRldqIoMlGkNg,Kashi street chat &Sancks,places,en,289,13.06847135,80.2718357,13.0684089,80.2704594,0,maa2,Chennai,2026-08-31T08:58:10.666996Z
ChIJswjPLR9mUjoRj2F_oiuns6w,Karaikudi Ganapathy Mess,places,en,289,13.06847135,80.2718357,13.0670589,80.2719095,0,maa2,Chennai,2026-08-31T08:58:10.666998Z
ChIJu4S7uyxnUjoRO7XV6msoMO8,Kavin,places,en,290,13.081773,80.2756653,13.082184499999999,80.275573,0,maa2,Chennai,2026-08-31T08:58:11.025687Z
ChIJH6fsRRVnUjoR7JnQFdK_wC8,Jothi Food Stall,places,en,290,13.081773,80.2756653,13.0818646,80.27517979999999,0,maa2,Chennai,2026-08-31T08:58:11.025693Z
ChIJo-dwhlplUjoRWqxYriFEOY0,A J S CATERING,places,en,290,13.081773,80.2756653,13.082633999999999,80.2756053,0,maa2,Chennai,2026-08-31T08:58:11.025696Z
ChIJb1OYV5VnUjoRpjGw4QXUm1A,Sindhu Tea Stall,places,en,290,13.081773,80.2756653,13.082255199999999,80.27639789999999,0,maa2,Chennai,2026-08-31T08:58:11.025697Z
ChIJyWy6fGllUjoRHvTlsP0Tgag,NAGA FOOD STALL,places,en,290,13.081773,80.2756653,13.0826526,80.275622,0,maa2,Chennai,2026-08-31T08:58:11.025699Z
ChIJ7-gDA7xlUjoRyImatp5qFbo,KFC,places,en,290,13.081773,80.2756653,13.0825259,80.2750593,0,maa2,Chennai,2026-08-31T08:58:11.025700Z
ChIJSUn8lgBmUjoRB2_5oRBjfM0,Adyar Ananda Bhavan - A2B,places,en,290,13.081773,80.2756653,13.082521199999999,80.27498659999999,0,maa2,Chennai,2026-08-31T08:58:11.025702Z
ChIJY3D66bplUjoRkowvRh3208Q,Central Biriyani,places,en,290,13.081773,80.2756653,13.082602999999999,80.2750648,0,maa2,Chennai,2026-08-31T08:58:11.025704Z
ChIJRR2-hLllUjoR2mw3VM7-ogQ,GANI CATERING,places,en,290,13.081773,80.2756653,13.0828074,80.2756653,0,maa2,Chennai,2026-08-31T08:58:11.025705Z
ChIJVw8-OwBlUjoRvm1C_BjvMDw,Ambur Star Briyani 1890,places,en,290,13.081773,80.2756653,13.082676399999999,80.2750957,0,maa2,Chennai,2026-08-31T08:58:11.025706Z
ChIJ9Z3vdb5nUjoR51Y733Yf_bM,"Madras Coffee House - Dr.MGR. Central Railway Station, Chennai",places,en,290,13.081773,80.2756653,13.082616999999999,80.2749934,0,maa2,Chennai,2026-08-31T08:58:11.025708Z
ChIJ-y9sDPBlUjoRj7fsuUN5t0c,Ramesh Snacks,places,en,290,13.081773,80.2756653,13.082926899999999,80.2756945,0,maa2,Chennai,2026-08-31T08:58:11.025709Z
ChIJHwpSVQBlUjoR3P1pmDpKErM,Al-baik,places,en,290,13.081773,80.2756653,13.0827323,80.27500549999999,0,maa2,Chennai,2026-08-31T08:58:11.025711Z
ChIJTb3_zitlUjoR8zgNsa1Yepk,TFS (Travel Food Services) Veg Restaurant,places,en,290,13.081773,80.2756653,13.0828188,80.2750662,0,maa2,Chennai,2026-08-31T08:58:11.025712Z
ChIJRRv6HPVlUjoRcXnQrSbl8b8,Food Track,places,en,290,13.081773,80.2756653,13.083095400000001,80.27536719999999,0,maa2,Chennai,2026-08-31T08:58:11.025714Z
ChIJMYPf3f9lUjoRqycM4ECQNys,JAN AHAAR Veg Restaurant,places,en,290,13.081773,80.2756653,13.0827201,80.2746548,0,maa2,Chennai,2026-08-31T08:58:11.025715Z
ChIJbfIDln1lUjoRUGSlUPUQJJI,Indian Railway Catering and Tourism Corporation,places,en,290,13.081773,80.2756653,13.083012799999999,80.2749686,0,maa2,Chennai,2026-08-31T08:58:11.025717Z
ChIJ3fzbVktlUjoRyo3f0SHFrK8,Rail Coach Restaurant,places,en,290,13.081773,80.2756653,13.0828005,80.27460719999999,0,maa2,Chennai,2026-08-31T08:58:11.025718Z
ChIJy1bn_21nUjoRcuIGECal_X8,Mr.MOHAMED MEERA N SOUP STALL,places,en,290,13.081773,80.2756653,13.0812245,80.2742142,0,maa2,Chennai,2026-08-31T08:58:11.025719Z
ChIJlyCVwfVpUjoRee87novLAAw,MKS SNACKS,places,en,290,13.081773,80.2756653,13.081949499999999,80.2775767,0,maa2,Chennai,2026-08-31T08:58:11.025721Z
ChIJYfPIFBNlUjoRMuk_J6qxfI4,Latheef Biriyani,places,en,291,13.1232763,80.24489965000001,13.1214725,80.24450879999999,0,maa2,Chennai,2026-08-31T08:58:11.413239Z
ChIJIdJ1IwBlUjoRlPBHjI9msGI,Morning Brinji shop,places,en,291,13.1232763,80.24489965000001,13.1219513,80.2428072,0,maa2,Chennai,2026-08-31T08:58:11.413257Z
ChIJxQEOKUdlUjoRHnK-HienGW8,VP MILK DAIRY,places,en,291,13.1232763,80.24489965000001,13.1216447,80.2430352,0,maa2,Chennai,2026-08-31T08:58:11.413262Z
ChIJf5XqpKhlUjoRHTao05VVGLU,THOZHANTHOZHI HOTEL,places,en,291,13.1232763,80.24489965000001,13.121945799999999,80.2426788,0,maa2,Chennai,2026-08-31T08:58:11.413267Z
ChIJ5VpxoVllUjoR3W_Drg8Ghpw,Y.A.S. Golden Atho,places,en,291,13.1232763,80.24489965000001,13.1219664,80.2426334,0,maa2,Chennai,2026-08-31T08:58:11.413272Z
ChIJP-uakghlUjoR1WF-fiO2OxU,ROYAL CHINESE food,places,en,291,13.1232763,80.24489965000001,13.1217212,80.242772,0,maa2,Chennai,2026-08-31T08:58:11.413275Z
ChIJGWK526VlUjoR2-vALDwTF2U,Food CENTRAL,places,en,291,13.1232763,80.24489965000001,13.1206181,80.2451438,0,maa2,Chennai,2026-08-31T08:58:11.413279Z
ChIJVePd0KVlUjoR1c6R9N7HRt4,Vignesh Bhavan Vegetarian,places,en,291,13.1232763,80.24489965000001,13.1206377,80.245526,0,maa2,Chennai,2026-08-31T08:58:11.413283Z
ChIJ9a79YP5lUjoRrri1f_RJbZA,JIMMY'S KITCHEN,places,en,292,13.1124565,80.23756165,13.1127463,80.2371071,0,maa2,Chennai,2026-08-31T08:58:11.744928Z
ChIJRUb7ZvdlUjoR6FmlkSDN3SQ,Kumar Anna Kadai - Paya Kadai,places,en,292,13.1124565,80.23756165,13.1127579,80.23707999999999,0,maa2,Chennai,2026-08-31T08:58:11.744937Z
ChIJ-aECbLFlUjoRYRa93hc4olo,Hotel Perambur Sri Srinivasa Bhavan,places,en,292,13.1124565,80.23756165,13.1120412,80.2378998,0,maa2,Chennai,2026-08-31T08:58:11.744940Z
ChIJx6lhXP9lUjoRaxObP0yEYHs,Soupman Shop,places,en,292,13.1124565,80.23756165,13.112522499999999,80.2381613,0,maa2,Chennai,2026-08-31T08:58:11.744942Z
ChIJNZwNf7FlUjoRQxv4ZGQqsjs,Chick Punch - SAA Foods Company,places,en,292,13.1124565,80.23756165,13.1124865,80.2381862,0,maa2,Chennai,2026-08-31T08:58:11.744944Z
ChIJ16EQSK1lUjoRLS2lToJpHZc,AKSAA FOOD CENTRE,places,en,292,13.1124565,80.23756165,13.1125676,80.2381958,0,maa2,Chennai,2026-08-31T08:58:11.744945Z
ChIJubOzXLBlUjoRnduYeequni8,Chic Chit Food Centre,places,en,292,13.1124565,80.23756165,13.112536599999999,80.2382028,0,maa2,Chennai,2026-08-31T08:58:11.744947Z
ChIJyzAtf7FlUjoRJV9u7Vy89mA,AASAI BIRIYANI,places,en,292,13.1124565,80.23756165,13.112108099999999,80.2381321,0,maa2,Chennai,2026-08-31T08:58:11.744949Z
ChIJT0hVMrJlUjoRwRzixvuOAeI,Alacarte Multi Cuisine Restaurant,places,en,292,13.1124565,80.23756165,13.112385399999999,80.2368386,0,maa2,Chennai,2026-08-31T08:58:11.744951Z
ChIJpbD8Ta1lUjoRm9p164_5cU4,"Ajantha Cake Shop - Paper Mills Road, Perambur",places,en,292,13.1124565,80.23756165,13.1119067,80.2380634,0,maa2,Chennai,2026-08-31T08:58:11.744953Z
ChIJSc7Gm7FlUjoRL-BAYHdISx8,P K. Pandyan Tiffen Center,places,en,292,13.1124565,80.23756165,13.1127416,80.23868019999999,0,maa2,Chennai,2026-08-31T08:58:11.744955Z
ChIJ-812YrFlUjoRJtFtEsBIdnI,Sri Sai Ram Bhavan,places,en,292,13.1124565,80.23756165,13.1112871,80.2377283,0,maa2,Chennai,2026-08-31T08:58:11.744957Z
ChIJ58pjJQBlUjoR3DprUy1nUag,Al-fattah Cafe,places,en,292,13.1124565,80.23756165,13.1136226,80.2369215,0,maa2,Chennai,2026-08-31T08:58:11.744959Z
ChIJLdC3xmxlUjoRuusaDDWyEnI,OM SREE SAI RAM MESS,places,en,292,13.1124565,80.23756165,13.111066,80.2376881,0,maa2,Chennai,2026-08-31T08:58:11.744961Z
ChIJN28iS7JlUjoRpFe81OjTeOc,Dosakall,places,en,292,13.1124565,80.23756165,13.1121793,80.23607439999999,0,maa2,Chennai,2026-08-31T08:58:11.744963Z
ChIJd5I7VQBlUjoRBbiAI7qOKng,Abu Biriyani and caterers,places,en,292,13.1124565,80.23756165,13.113866199999999,80.2369456,0,maa2,Chennai,2026-08-31T08:58:11.744964Z
ChIJyQYkTABlUjoRdpW4T7B2nxE,अन्ना नगर,places,en,293,13.09092415,80.19274325,13.0911809,80.19303409999999,0,maa2,Chennai,2026-08-31T08:58:12.061053Z
ChIJDQ1-ht1lUjoR2mmp4txmaEk,Kumar Provision,places,en,293,13.09092415,80.19274325,13.0910999,80.1931909,0,maa2,Chennai,2026-08-31T08:58:12.061060Z
ChIJTYEMyQBlUjoR5eWE5u33HNs,24 momos,places,en,293,13.09092415,80.19274325,13.0912974,80.1930821,0,maa2,Chennai,2026-08-31T08:58:12.061062Z
ChIJAXB68H9lUjoRrYQPazMHh3s,SHAINNISHA,places,en,293,13.09092415,80.19274325,13.091579699999999,80.1930036,0,maa2,Chennai,2026-08-31T08:58:12.061064Z
ChIJI5s3fAFlUjoRf-PEoGZ8MNE,Venky's Shawarma,places,en,293,13.09092415,80.19274325,13.091674999999999,80.1929641,0,maa2,Chennai,2026-08-31T08:58:12.061066Z
ChIJxTbMADhlUjoRws8wSq2b3gA,PEPPERS,places,en,293,13.09092415,80.19274325,13.091740099999999,80.1930445,0,maa2,Chennai,2026-08-31T08:58:12.061068Z
ChIJ8SPLhANlUjoRq5__44EIdpc,Buddies Corner,places,en,293,13.09092415,80.19274325,13.091919299999999,80.19305729999999,0,maa2,Chennai,2026-08-31T08:58:12.061069Z
ChIJ5xsCTetlUjoRJ0R4leseN5g,Venkatesh and saradhi tiffin center,places,en,293,13.09092415,80.19274325,13.0893322,80.1932537,0,maa2,Chennai,2026-08-31T08:58:12.061071Z
ChIJaahwtLxlUjoRi9gBAZsGZbM,Al IMRAN FOOD CENTRE,places,en,293,13.09092415,80.19274325,13.0891115,80.19303149999999,0,maa2,Chennai,2026-08-31T08:58:12.061072Z
ChIJDb68ao9jUjoRwLzkMj94TQY,ChappatiKings,places,en,293,13.09092415,80.19274325,13.092483,80.1941662,0,maa2,Chennai,2026-08-31T08:58:12.061073Z
ChIJe2wGwA9kUjoRKj2gywmzHE8,Abba Fastfood,places,en,294,13.09181805,80.19777875,13.0920502,80.1971978,0,maa2,Chennai,2026-08-31T08:58:12.462985Z
ChIJA3A6zi5lUjoRmBEUA81AAkc,Kaalan shop,places,en,294,13.09181805,80.19777875,13.092487499999999,80.1985055,0,maa2,Chennai,2026-08-31T08:58:12.463028Z
ChIJp7iwL9VlUjoRyxfrukL7k0Q,Madras kulambi hotel,places,en,294,13.09181805,80.19777875,13.092899,80.1984666,0,maa2,Chennai,2026-08-31T08:58:12.463035Z
ChIJK4kmeABlUjoRFwN4qebSkMk,Tasty Chaat,places,en,294,13.09181805,80.19777875,13.093044899999999,80.1966719,0,maa2,Chennai,2026-08-31T08:58:12.463041Z
ChIJhwa3jQFlUjoRvKvZ3wFY1dw,Delhi tandoori chaap,places,en,294,13.09181805,80.19777875,13.0928294,80.19636899999999,0,maa2,Chennai,2026-08-31T08:58:12.463045Z
ChIJ-YEWVWZlUjoRlMgw1rqaLrI,Peta wrap,places,en,294,13.09181805,80.19777875,13.092954899999999,80.1964265,0,maa2,Chennai,2026-08-31T08:58:12.463048Z
ChIJawQPJRBkUjoRbc5To8_r-j4,Sri Rag Snacks & Cool Bar,places,en,294,13.09181805,80.19777875,13.0928414,80.19921889999999,0,maa2,Chennai,2026-08-31T08:58:12.463052Z
ChIJGaQqnxFlUjoRY9chWQY8aac,Mamee Soups Anna Nagar West,places,en,294,13.09181805,80.19777875,13.0900786,80.197395,0,maa2,Chennai,2026-08-31T08:58:12.463056Z
ChIJb4f3Sy9lUjoROIvQzTNfGCE,Hot momos,places,en,294,13.09181805,80.19777875,13.093055099999999,80.1964077,0,maa2,Chennai,2026-08-31T08:58:12.463060Z
ChIJPdHXzw1lUjoRipuTe7mT5LU,RAJASTHANI CHAAT,places,en,294,13.09181805,80.19777875,13.0930302,80.19604690000001,0,maa2,Chennai,2026-08-31T08:58:12.463065Z
ChIJm78E7Wh7UjoRPwKa9LFMA_A,"Domino's Pizza | Mandaveli, Chennai",places,en,295,13.02656225,80.2638394,13.0267865,80.2641826,0,maa2,Chennai,2026-08-31T08:58:12.817640Z
ChIJZ1Xl38pnUjoRl26MWlaYu3Y,Al jo kebab house,places,en,295,13.02656225,80.2638394,13.0265866,80.2645864,0,maa2,Chennai,2026-08-31T08:58:12.817649Z
ChIJD18l_KxnUjoRvOIDk--l3fE,Gowthama Home foods,places,en,295,13.02656225,80.2638394,13.0264939,80.26481439999999,0,maa2,Chennai,2026-08-31T08:58:12.817652Z
ChIJO_04ss9nUjoRbQkPQZ1g-Q4,Sri Iyyappan Snacks & Cool Bar,places,en,295,13.02656225,80.2638394,13.0275321,80.2636193,0,maa2,Chennai,2026-08-31T08:58:12.817654Z
ChIJPZ3KL2VnUjoRkchlfPpnsjE,WOW Thurith - Good Mood Food,places,en,295,13.02656225,80.2638394,13.027540799999999,80.2636026,0,maa2,Chennai,2026-08-31T08:58:12.817657Z
ChIJST5K3c9nUjoRfrhlt1drnSQ,Vaniyampadi Biriyani,places,en,295,13.02656225,80.2638394,13.026478,80.264905,0,maa2,Chennai,2026-08-31T08:58:12.817659Z
ChIJHYhGrs9nUjoRvqZDFWsB1go,iSolve Technologies Pvt Ltd | Eu Business Transformation Centre,places,en,295,13.02656225,80.2638394,13.0276029,80.2636176,0,maa2,Chennai,2026-08-31T08:58:12.817661Z
ChIJJcFt3c9nUjoR_5s5POUG6Ak,Madurai Sri Muniyandi Vilas Hotel,places,en,295,13.02656225,80.2638394,13.0265098,80.2649234,0,maa2,Chennai,2026-08-31T08:58:12.817663Z
ChIJGVFzZbtnUjoRrS7UQoXKF78,Kappi Zone,places,en,295,13.02656225,80.2638394,13.0268485,80.2626073,0,maa2,Chennai,2026-08-31T08:58:12.817665Z
ChIJ7yY_-QxnUjoRhFabBGcTov0,Selvi tiffin centre,places,en,295,13.02656225,80.2638394,13.027105899999999,80.2650835,0,maa2,Chennai,2026-08-31T08:58:12.817667Z
ChIJBztWzMdnUjoRmHbIHO5Ne6o,That Kaapi Joint (TKJ),places,en,295,13.02656225,80.2638394,13.0261228,80.2651528,0,maa2,Chennai,2026-08-31T08:58:12.817669Z
ChIJsU4ZDM9nUjoRwDYg4xcye-8,Jimshilth Snack Bar,places,en,295,13.02656225,80.2638394,13.0266338,80.262366,0,maa2,Chennai,2026-08-31T08:58:12.817670Z
ChIJwyU5_c9nUjoRjdkldtSOJho,Vasanth Hot Chips,places,en,295,13.02656225,80.2638394,13.02567,80.26538,0,maa2,Chennai,2026-08-31T08:58:12.817672Z
ChIJZdai4s9nUjoRU7GO2KEgzG0,Sadiq Day & Night,places,en,295,13.02656225,80.2638394,13.0257753,80.2655786,0,maa2,Chennai,2026-08-31T08:58:12.817674Z
ChIJ03kUMABnUjoRALDtLV_vKT0,Barbequeandbiryani,places,en,295,13.02656225,80.2638394,13.024975900000001,80.26487879999999,0,maa2,Chennai,2026-08-31T08:58:12.817676Z
ChIJb4002mNnUjoROnhT7iYF05Y,DHANALAKSHMI HOTEL,places,en,295,13.02656225,80.2638394,13.0255318,80.2655547,0,maa2,Chennai,2026-08-31T08:58:12.817678Z
ChIJI9ANHNBnUjoRBKPSrWFOsAk,Karpagam Mess,places,en,295,13.02656225,80.2638394,13.0259675,80.26595019999999,0,maa2,Chennai,2026-08-31T08:58:12.817679Z
ChIJp15ME3RnUjoR4pUFFcyNNd8,MYLAI KABALEESWARAR MESS,places,en,295,13.02656225,80.2638394,13.025732399999999,80.2660503,0,maa2,Chennai,2026-08-31T08:58:12.817681Z
ChIJPz-4Q8VnUjoRNLB9ZcudN5I,Anburaj Briyani And Porotta Shop,places,en,295,13.02656225,80.2638394,13.024209299999999,80.264567,0,maa2,Chennai,2026-08-31T08:58:12.817683Z
ChIJhz3HJr1nUjoR36RUC8z_Gf4,New Cakes & Cakes,places,en,295,13.02656225,80.2638394,13.0290302,80.2640973,0,maa2,Chennai,2026-08-31T08:58:12.817685Z
ChIJx_huGntnUjoRJR7pUMHooQ4,Riyaz Fast Food,places,en,296,13.03076635,80.206061,13.0308552,80.206317,0,maa2,Chennai,2026-08-31T08:58:13.135536Z
ChIJm82XBCFnUjoR5XLsYy7drug,ஒட்டுடையாள் செட்டிநாடு உணவகம்,places,en,296,13.03076635,80.206061,13.030845999999999,80.2064127,0,maa2,Chennai,2026-08-31T08:58:13.135544Z
ChIJ_yBiAyFnUjoROq7qbDstocE,நிவேதா செட்டிநாடு உணவகம்,places,en,296,13.03076635,80.206061,13.0310584,80.2064697,0,maa2,Chennai,2026-08-31T08:58:13.135546Z
ChIJzUc0Pe1nUjoRWqxMpkyNGoI,"Zest N Wok - south east asian food, singapore base",places,en,296,13.03076635,80.206061,13.030523599999999,80.20708669999999,0,maa2,Chennai,2026-08-31T08:58:13.135549Z
ChIJuRloXQBnUjoROXMFBdG-j5U,Hot fried rice,places,en,296,13.03076635,80.206061,13.0307981,80.2071387,0,maa2,Chennai,2026-08-31T08:58:13.135551Z
ChIJ-aE_d3lnUjoRUBqGY_KGmMg,Smoke Hub - Privilege,places,en,296,13.03076635,80.206061,13.0305798,80.2071789,0,maa2,Chennai,2026-08-31T08:58:13.135552Z
ChIJs2__wZBnUjoRcckw0Fe-puw,Singapore Thai Restaurant,places,en,296,13.03076635,80.206061,13.030585900000002,80.2071909,0,maa2,Chennai,2026-08-31T08:58:13.135554Z
ChIJvX9sLABnUjoR5ckkKvjZpOk,"Singapore Resto Bar , Chennai",places,en,296,13.03076635,80.206061,13.030585900000002,80.2071909,0,maa2,Chennai,2026-08-31T08:58:13.135555Z
ChIJv7uxdIJnUjoRLVyRUF74puc,NRS ENTERPRISES,places,en,296,13.03076635,80.206061,13.0303959,80.20714459999999,0,maa2,Chennai,2026-08-31T08:58:13.135557Z
ChIJvbScxsRnUjoRuzhbCmVISwg,SHAWARMA EXPRESS,places,en,296,13.03076635,80.206061,13.0306251,80.20721549999999,0,maa2,Chennai,2026-08-31T08:58:13.135558Z
ChIJseArdktnUjoRNjVy3oBVu9c,Jo Cafe,places,en,296,13.03076635,80.206061,13.0301449,80.207042,0,maa2,Chennai,2026-08-31T08:58:13.135560Z
ChIJ7cz_33NnUjoRBu2TU53yiho,Story Night Resto Bar,places,en,296,13.03076635,80.206061,13.0307712,80.2072637,0,maa2,Chennai,2026-08-31T08:58:13.135561Z
ChIJz3ZAryFnUjoReCvEWwz3SU0,SM SANDWICH,places,en,296,13.03076635,80.206061,13.0307174,80.20746129999999,0,maa2,Chennai,2026-08-31T08:58:13.135563Z
ChIJ02bbAgBnUjoRXFLINjyi3-k,Iraicchi Fried Chicken,places,en,296,13.03076635,80.206061,13.0306983,80.2075552,0,maa2,Chennai,2026-08-31T08:58:13.135564Z
ChIJh-RWF-ZdUjoRfHGBZtVOUhY,Amma Unavagam,places,en,297,12.96931925,80.19865475,12.9701758,80.1979226,0,maa2,Chennai,2026-08-31T08:58:13.507965Z
ChIJLdscnOhdUjoRrgfzDV1wAsk,Rose Chicken Centre,places,en,297,12.96931925,80.19865475,12.9674915,80.1987137,0,maa2,Chennai,2026-08-31T08:58:13.507975Z
ChIJ71zbO1ldUjoRREPHLEqaDHM,Sri Lakshmi - Interiors / Food Trucks / Kiosk Manufacturers,places,en,297,12.96931925,80.19865475,12.967753799999999,80.19965839999999,0,maa2,Chennai,2026-08-31T08:58:13.507979Z
ChIJbyCBXuZdUjoRwKOVJ_l7eqc,Udhayam Tea Stall,places,en,297,12.96931925,80.19865475,12.969615399999999,80.1962607,0,maa2,Chennai,2026-08-31T08:58:13.507981Z
ChIJYWUgDlRdUjoRXWNb55Dn0sg,Hotel Nellai,places,en,297,12.96931925,80.19865475,12.9687033,80.19629239999999,0,maa2,Chennai,2026-08-31T08:58:13.507983Z
ChIJnUZBq-ddUjoRKKiEBK3X7zQ,Senthur Tiffen Center,places,en,297,12.96931925,80.19865475,12.9683703,80.1961573,0,maa2,Chennai,2026-08-31T08:58:13.507985Z
ChIJEY7XTT1dUjoR91xMsQSrZd4,Chendur Murugan Tiffin Centre Pure Veg,places,en,297,12.96931925,80.19865475,12.968299499999999,80.1961529,0,maa2,Chennai,2026-08-31T08:58:13.507986Z
ChIJsxETooVjUjoRFBOwkzABPPE,Aromas Kitchen Rasa Ruchi,places,en,298,13.091863700000001,80.18438660000001,13.091731099999999,80.18468949999999,0,maa2,Chennai,2026-08-31T08:58:13.814358Z
ChIJB8iXdvdjUjoR_j-B3SSaFm0,பிரியா ஸ்டோர்ஸ்,places,en,298,13.091863700000001,80.18438660000001,13.0912815,80.18446039999999,0,maa2,Chennai,2026-08-31T08:58:13.814366Z
ChIJnVzxVY1jUjoRoQNoNnusNP0,Naattu Suvai Biryani,places,en,298,13.091863700000001,80.18438660000001,13.092412,80.184237,0,maa2,Chennai,2026-08-31T08:58:13.814369Z
ChIJ222ZpPdjUjoRzZ3WF9VOI4Y,Fresh Proteins,places,en,298,13.091863700000001,80.18438660000001,13.092107200000001,80.1853283,0,maa2,Chennai,2026-08-31T08:58:13.814371Z
ChIJj3am7DpjUjoRKbdaovSDC-U,SARAVANA EVENTS,places,en,298,13.091863700000001,80.18438660000001,13.0924321,80.1853507,0,maa2,Chennai,2026-08-31T08:58:13.814373Z
ChIJ-y1_rfdjUjoRSv4Bc_Jl93c,Military Hotel Tiffin & Briyani Fast Food,places,en,298,13.091863700000001,80.18438660000001,13.0929807,80.1853936,0,maa2,Chennai,2026-08-31T08:58:13.814374Z
ChIJF6m7HQBjUjoRx74ja2QBh6Y,PH.D pani puri,places,en,298,13.091863700000001,80.18438660000001,13.0904787,80.1854851,0,maa2,Chennai,2026-08-31T08:58:13.814376Z
ChIJL9FpJ_hjUjoRQVG72ZG-2Qs,Akka's Atho and Burma Food,places,en,298,13.091863700000001,80.18438660000001,13.090407,80.1856615,0,maa2,Chennai,2026-08-31T08:58:13.814377Z
ChIJFf81L5VjUjoRN8mfkMOGvpI,SBS AL-FAIZ BIRIYANI,places,en,298,13.091863700000001,80.18438660000001,13.093717499999999,80.1854498,0,maa2,Chennai,2026-08-31T08:58:13.814379Z
ChIJn9FuF_RjUjoRVE3BK9nPr4Q,Vijaya Food Corner,places,en,298,13.091863700000001,80.18438660000001,13.0923921,80.1818201,0,maa2,Chennai,2026-08-31T08:58:13.814381Z
ChIJ69wkfQBjUjoRT0hWUUMt6vM,Madurai bun poratta,places,en,298,13.091863700000001,80.18438660000001,13.0942232,80.1856808,0,maa2,Chennai,2026-08-31T08:58:13.814382Z
ChIJB4kz9zRnUjoRJ4wxuNAh6EQ,The Chef Company,places,en,299,13.0612539,80.2438791,13.061701999999999,80.24407029999999,0,maa2,Chennai,2026-08-31T08:58:14.554397Z
ChIJxRz7PwdeUjoRK4257ih4ggo,YIN YANG CHINESE COMPLEMENTARY ACUPUNCTURE CLINIC & TRAINING CENTRE NUNGAMBAKKAM,places,en,299,13.0612539,80.2438791,13.0610989,80.24320159999999,0,maa2,Chennai,2026-08-31T08:58:14.554409Z
ChIJSyTyEPpnUjoRBXtCOhSQsjY,Aziza express,places,en,299,13.0612539,80.2438791,13.061478399999999,80.2432147,0,maa2,Chennai,2026-08-31T08:58:14.554413Z
ChIJAUXJGL1nUjoR1klGAlOYVbo,AL-JABBAR BIRYANI,places,en,299,13.0612539,80.2438791,13.0614741,80.243213,0,maa2,Chennai,2026-08-31T08:58:14.554416Z
ChIJo80BKWZmUjoRPnardm0Ilgw,RAHMAN BIRIYANI PVT LTD,places,en,299,13.0612539,80.2438791,13.0615566,80.2432293,0,maa2,Chennai,2026-08-31T08:58:14.554419Z
ChIJRRXSKmZmUjoROOdX4G3FAMA,Habib biryani,places,en,299,13.0612539,80.2438791,13.061197799999999,80.2431495,0,maa2,Chennai,2026-08-31T08:58:14.554422Z
ChIJOy0IFQBnUjoRSJ-h7gJaGTo,The krishnaa cafe,places,en,299,13.0612539,80.2438791,13.0610117,80.2431314,0,maa2,Chennai,2026-08-31T08:58:14.554425Z
ChIJWQrMK2ZmUjoRPlaWAWbmF_4,விஜய் எண்டர்பிரைசஸ் ஃபுட்வேர்,places,en,299,13.0612539,80.2438791,13.0614557,80.24309250000002,0,maa2,Chennai,2026-08-31T08:58:14.554428Z
ChIJG66JJ2ZmUjoRY4sXbwSPCS0,Hotel Citizen,places,en,299,13.0612539,80.2438791,13.0619034,80.2433825,0,maa2,Chennai,2026-08-31T08:58:14.554431Z
ChIJfWKqLdpnUjoR22nDxzCla_k,Ambur Briyani,places,en,299,13.0612539,80.2438791,13.061045799999999,80.24307019999999,0,maa2,Chennai,2026-08-31T08:58:14.554434Z
ChIJXYf5IABnUjoRWa-HqCbLN4A,PORTONOVO RESTAURANT,places,en,299,13.0612539,80.2438791,13.0615442,80.2430598,0,maa2,Chennai,2026-08-31T08:58:14.554437Z
ChIJGTZ3YmdnUjoRNcgEQayDKiY,SandWitch-Nungambakkam,places,en,299,13.0612539,80.2438791,13.061596699999999,80.2430649,0,maa2,Chennai,2026-08-31T08:58:14.554439Z
ChIJr8R2kLRnUjoRqmLdmIyK8jk,Arcot biryani Nungambakkam,places,en,299,13.0612539,80.2438791,13.061448299999999,80.24301439999999,0,maa2,Chennai,2026-08-31T08:58:14.554442Z
ChIJB775TwBnUjoR8_G_8B9medg,SS BHAI BIRYANI & FASTFOOD,places,en,299,13.0612539,80.2438791,13.0617114,80.24306039999999,0,maa2,Chennai,2026-08-31T08:58:14.554445Z
ChIJ747CY7xnUjoRdKzfpZTo5H8,Sri guru chettinad,places,en,299,13.0612539,80.2438791,13.061062,80.244879,0,maa2,Chennai,2026-08-31T08:58:14.554447Z
ChIJD5b03KVnUjoRFJeS_FX5vIo,Annapoorna Home Foods,places,en,299,13.0612539,80.2438791,13.062286199999999,80.24377129999999,0,maa2,Chennai,2026-08-31T08:58:14.554450Z
ChIJV-qjWt9nUjoRXy3_RLm3J6Y,Murugan Tiffin Center,places,en,299,13.0612539,80.2438791,13.0623705,80.2436914,0,maa2,Chennai,2026-08-31T08:58:14.554453Z
ChIJ3-6V2mdmUjoREfevQQRlxUk,P.M. Krishna Cool Bar,places,en,299,13.0612539,80.2438791,13.0606995,80.24278679999999,0,maa2,Chennai,2026-08-31T08:58:14.554456Z
ChIJ9x1jAwBnUjoRsaFhFOq1zgo,Kalari Kari Virundhu (Head Office),places,en,299,13.0612539,80.2438791,13.0616284,80.2426802,0,maa2,Chennai,2026-08-31T08:58:14.554458Z
ChIJ5enG48VnUjoRBZRFKmkfoZk,Venkatadri Naidu Andhra Mess,places,en,299,13.0612539,80.2438791,13.062430599999999,80.24427879999999,0,maa2,Chennai,2026-08-31T08:58:14.554461Z
ChIJ92j1b_hnUjoR-niR9q0S1JM,NIC Natural Ice Creams - Luz Church Road (Alw),places,en,300,13.03801305,80.25835825,13.039031999999999,80.25791450000001,0,maa2,Chennai,2026-08-31T08:58:14.874091Z
ChIJKViAvpNnUjoRwzL4OgeWQ9Q,Chai Kings - Kauvery Hospital,places,en,300,13.03801305,80.25835825,13.0384867,80.2572727,0,maa2,Chennai,2026-08-31T08:58:14.874100Z
ChIJe3FpWtVnUjoR1gUaV419BBk,Smokin'Hog,places,en,300,13.03801305,80.25835825,13.037797399999999,80.25984059999999,0,maa2,Chennai,2026-08-31T08:58:14.874103Z
ChIJo-j2AzVmUjoRCFhuzKK-F8U,Sri Padmam Tiffin Center,places,en,300,13.03801305,80.25835825,13.038491299999999,80.2568893,0,maa2,Chennai,2026-08-31T08:58:14.874106Z
ChIJg1s4nEtmUjoR3wSZXBVBWi8,Syed Restaurant,places,en,300,13.03801305,80.25835825,13.038637099999999,80.2568622,0,maa2,Chennai,2026-08-31T08:58:14.874108Z
ChIJ4SWSBjVmUjoRWTtBRkSI6ko,Victory Fast Food,places,en,300,13.03801305,80.25835825,13.038474299999999,80.2567581,0,maa2,Chennai,2026-08-31T08:58:14.874111Z
ChIJFTmoBTVmUjoR4nNtekz0VzM,Team Talk,places,en,300,13.03801305,80.25835825,13.038458799999999,80.2566394,0,maa2,Chennai,2026-08-31T08:58:14.874113Z
ChIJiwTGQaRnUjoRtnli69V4sn4,Chai Kings - Kauvery Day Care,places,en,300,13.03801305,80.25835825,13.037603299999999,80.2565692,0,maa2,Chennai,2026-08-31T08:58:14.874115Z
ChIJoXmwDzVmUjoR8qLcf0QFqlQ,Samco Restaurant Alwarpet,places,en,300,13.03801305,80.25835825,13.0382489,80.2564786,0,maa2,Chennai,2026-08-31T08:58:14.874117Z
ChIJ863-DQhnUjoRIEATjuxX26U,D-Meal - Homemade Food Delivery in Chennai | Delicious Meal Subscription Plan,places,en,300,13.03801305,80.25835825,13.0375518,80.2602812,0,maa2,Chennai,2026-08-31T08:58:14.874119Z
ChIJWZmqajhmUjoRAAAA0G6GeHo,Bajoria Hospitality,places,en,300,13.03801305,80.25835825,13.039708899999999,80.2593059,0,maa2,Chennai,2026-08-31T08:58:14.874121Z
ChIJUTRGijNmUjoRsJrKQ5jJBM8,Tulsi Foods,places,en,300,13.03801305,80.25835825,13.038908999999999,80.256394,0,maa2,Chennai,2026-08-31T08:58:14.874123Z
ChIJyWRt60xnUjoR9QVu9vlYxf0,Taazé - Alwarpet,places,en,300,13.03801305,80.25835825,13.0373092,80.256006,0,maa2,Chennai,2026-08-31T08:58:14.874125Z
ChIJ05J6Nl5nUjoRgXXc_DkJ1iY,Sri Maalola Vasupradha,places,en,300,13.03801305,80.25835825,13.0361154,80.2600152,0,maa2,Chennai,2026-08-31T08:58:14.874127Z
ChIJLyQfsWdnUjoRRS_XHYn1guU,Kamma's,places,en,300,13.03801305,80.25835825,13.040487299999999,80.25792799999999,0,maa2,Chennai,2026-08-31T08:58:14.874129Z
ChIJQTINbvhnUjoRqbeXSczdFHE,Overtime,places,en,300,13.03801305,80.25835825,13.0369086,80.2559801,0,maa2,Chennai,2026-08-31T08:58:14.874132Z
ChIJy9UHlLlnUjoRSbNnW40x8Sg,Senate,places,en,300,13.03801305,80.25835825,13.040591899999999,80.2579507,0,maa2,Chennai,2026-08-31T08:58:14.874134Z
ChIJZRU3XiFnUjoRyI3k6ZvPplE,Super Momo - Alwarpet,places,en,300,13.03801305,80.25835825,13.0369359,80.2559175,0,maa2,Chennai,2026-08-31T08:58:14.874136Z
ChIJo6HANV1nUjoRtYYV5EWOfBw,Chai Kings - Alwarpet,places,en,300,13.03801305,80.25835825,13.0369277,80.2559192,0,maa2,Chennai,2026-08-31T08:58:14.874138Z
ChIJk7KeoWpnUjoRFoaKiG0uAf0,Wasabi,places,en,300,13.03801305,80.25835825,13.0406254,80.2579636,0,maa2,Chennai,2026-08-31T08:58:14.874140Z
ChIJC4o8awBnUjoR8Y1gPCEjYC8,Om sakthi tiffin shop,places,en,301,13.0123556,80.24708290000001,13.011607099999999,80.24707339999999,0,maa2,Chennai,2026-08-31T08:58:15.261588Z
ChIJQS7wNQBnUjoRbCbFOr0BDX0,Lakshmi Tiffin Center,places,en,301,13.0123556,80.24708290000001,13.014316599999999,80.247483,0,maa2,Chennai,2026-08-31T08:58:15.261598Z
ChIJreki_5VnUjoRys4lDvEe5jA,RAMYA FASTFOOD,places,en,301,13.0123556,80.24708290000001,13.012848799999999,80.24912839999999,0,maa2,Chennai,2026-08-31T08:58:15.261602Z
ChIJu2KebQJnUjoRf_4BmHv6pzA,MADHA TIFIN CENTRE,places,en,301,13.0123556,80.24708290000001,13.011215,80.2490866,0,maa2,Chennai,2026-08-31T08:58:15.261605Z
ChIJw1YDBL5nUjoRX7Kv0hLcF9M,Sheik Mutton & Chicken,places,en,301,13.0123556,80.24708290000001,13.0134057,80.249152,0,maa2,Chennai,2026-08-31T08:58:15.261607Z
ChIJMQX0NBdnUjoRCod0NcPhMAE,Ramya Tea Stall,places,en,301,13.0123556,80.24708290000001,13.0107622,80.2487534,0,maa2,Chennai,2026-08-31T08:58:15.261610Z
ChIJ77eSw71nUjoRQ-qEgh1jkM0,The Little Kitchen,places,en,301,13.0123556,80.24708290000001,13.0146882,80.2478306,0,maa2,Chennai,2026-08-31T08:58:15.261612Z
ChIJsTdXyMJnUjoRB4qs6rlcdKA,SRI GANESH VEG HOTEL,places,en,301,13.0123556,80.24708290000001,13.0146584,80.24799159999999,0,maa2,Chennai,2026-08-31T08:58:15.261614Z
ChIJ-XAlCr5nUjoRwP4rIuweb6U,Muthappa Biriyani Kadai,places,en,301,13.0123556,80.24708290000001,13.014085999999999,80.248987,0,maa2,Chennai,2026-08-31T08:58:15.261616Z
ChIJI1pxMwBdUjoRsDAG3sHkQNE,Hotel shanmuga bhavaan,places,en,302,12.98112325,80.25937685,12.9820327,80.25953299999999,0,maa2,Chennai,2026-08-31T08:58:15.833453Z
ChIJm14RvtNdUjoR6OB5UBbh80k,Spicy Dum House,places,en,302,12.98112325,80.25937685,12.9824784,80.2599395,0,maa2,Chennai,2026-08-31T08:58:15.833461Z
ChIJ-_veLY1dUjoRwVaBrid5KZw,Chai Kings - Thiruvanmiyur,places,en,302,12.98112325,80.25937685,12.982609199999999,80.2595419,0,maa2,Chennai,2026-08-31T08:58:15.833463Z
ChIJh_DqaVtdUjoRkAcVHQgIhXQ,Amma Hotel,places,en,302,12.98112325,80.25937685,12.9807113,80.2609669,0,maa2,Chennai,2026-08-31T08:58:15.833465Z
ChIJ1bxqFgBdUjoRQ0SraJLK-j8,Public food shelter,places,en,302,12.98112325,80.25937685,12.980818999999999,80.2610882,0,maa2,Chennai,2026-08-31T08:58:15.833467Z
ChIJv2Kvrr9dUjoRwpJhwsIaO-Y,Dindigul Rowthar Biriyani,places,en,302,12.98112325,80.25937685,12.982828,80.259553,0,maa2,Chennai,2026-08-31T08:58:15.833468Z
ChIJRWBuZlxdUjoRf2MvJHy07o4,SA FOOD INN Restaurants Chinese and Indian Restaurants,places,en,302,12.98112325,80.25937685,12.9828289,80.2595592,0,maa2,Chennai,2026-08-31T08:58:15.833470Z
ChIJvQlNE_xdUjoR7algruxZiO4,Kovilpatti Murukku Kadai,places,en,302,12.98112325,80.25937685,12.9828235,80.259619,0,maa2,Chennai,2026-08-31T08:58:15.833471Z
ChIJmQM2HcRdUjoRYXJWy7YQ_as,The Brown Hut,places,en,302,12.98112325,80.25937685,12.982822599999999,80.2596319,0,maa2,Chennai,2026-08-31T08:58:15.833473Z
ChIJsXkjewBdUjoRnWY68HmQMuA,Feast Pizza,places,en,302,12.98112325,80.25937685,12.9828328,80.2595588,0,maa2,Chennai,2026-08-31T08:58:15.833474Z
ChIJ--N5ZxNdUjoR4RKx3kHgekM,Nei Biriyani,places,en,302,12.98112325,80.25937685,12.9829013,80.2597102,0,maa2,Chennai,2026-08-31T08:58:15.833476Z
ChIJcVYYFcldUjoRH1xx8riyU0c,Muscle Menu,places,en,302,12.98112325,80.25937685,12.9828925,80.26028529999999,0,maa2,Chennai,2026-08-31T08:58:15.833477Z
ChIJz8t99-xdUjoRGLJZQYWtjDU,RotiWala,places,en,302,12.98112325,80.25937685,12.9828818,80.2603204,0,maa2,Chennai,2026-08-31T08:58:15.833478Z
ChIJn5mZdlxdUjoR2hsHjKk0lX0,SRI AZHAGU CHETTINAD HOTEL,places,en,302,12.98112325,80.25937685,12.983120099999999,80.2597677,0,maa2,Chennai,2026-08-31T08:58:15.833480Z
ChIJj3AhUABlUjoRH13RBDPiJ0g,Sastri nagar vyasarpadi chennai-39 house no 598. 3flat Belding,places,en,304,13.11796325,80.2535431,13.118222699999999,80.2534599,0,maa2,Chennai,2026-08-31T08:58:16.653582Z
ChIJ20l6DQBlUjoRZF52GaJnW9Q,Vyasarpadi chennai-39,places,en,304,13.11796325,80.2535431,13.118153999999999,80.2542161,0,maa2,Chennai,2026-08-31T08:58:16.653593Z
ChIJwT3knKJlUjoR7sZ7mwwwmOk,Habibi Beef & Chicken Pakoda,places,en,304,13.11796325,80.2535431,13.1177136,80.25427309999999,0,maa2,Chennai,2026-08-31T08:58:16.653597Z
ChIJMScNgqJlUjoRKLqixdJZC40,Darthy Food,places,en,304,13.11796325,80.2535431,13.118132399999999,80.2543336,0,maa2,Chennai,2026-08-31T08:58:16.653599Z
ChIJgS9fRVhlUjoRRgu-IL-fqMc,Anitha M,places,en,304,13.11796325,80.2535431,13.1187563,80.2537869,0,maa2,Chennai,2026-08-31T08:58:16.653602Z
ChIJiZ_3eJdlUjoR8-cj-PHz2gQ,Atho Shop,places,en,304,13.11796325,80.2535431,13.117639599999999,80.2543025,0,maa2,Chennai,2026-08-31T08:58:16.653604Z
ChIJk2oUgqJlUjoRU1oaahkWmSs,Darthy Food World,places,en,304,13.11796325,80.2535431,13.1181184,80.2544058,0,maa2,Chennai,2026-08-31T08:58:16.653606Z
ChIJP4iXFgBlUjoR4hQdTJVFCRk,Kasi's kitchen,places,en,304,13.11796325,80.2535431,13.1183005,80.25438989999999,0,maa2,Chennai,2026-08-31T08:58:16.653609Z
ChIJs-LpXqJlUjoRiHgQ5YKUy4g,சாஸ்தா ஸ்டோர்,places,en,304,13.11796325,80.2535431,13.1187484,80.25278,0,maa2,Chennai,2026-08-31T08:58:16.653611Z
ChIJSyPerF5lUjoRfzEPo0QKuUU,ANITHA NAN ROTTI STALL,places,en,304,13.11796325,80.2535431,13.1190616,80.253935,0,maa2,Chennai,2026-08-31T08:58:16.653613Z
ChIJIcWuewBlUjoRhI7WW2MS9vk,Puttu shop,places,en,304,13.11796325,80.2535431,13.1170537,80.2543149,0,maa2,Chennai,2026-08-31T08:58:16.653615Z
ChIJ7eNOjOFlUjoRk1Q5J0R5UG8,RAJESWARI BAJJI KADAI,places,en,304,13.11796325,80.2535431,13.118571399999999,80.2546389,0,maa2,Chennai,2026-08-31T08:58:16.653617Z
ChIJzXoTxXFlUjoRwUXxZ6j3w_M,Santhoshini Tiffen Centre,places,en,304,13.11796325,80.2535431,13.1168205,80.2544023,0,maa2,Chennai,2026-08-31T08:58:16.653619Z
ChIJLbBEVABlUjoREFgoH3wMVY4,Creme centre,places,en,304,13.11796325,80.2535431,13.118233,80.25504529999999,0,maa2,Chennai,2026-08-31T08:58:16.653622Z
ChIJz4vvz2JlUjoRuMqGuW3wz4w,Annai Black and White glutinous rice,places,en,304,13.11796325,80.2535431,13.1183654,80.2550273,0,maa2,Chennai,2026-08-31T08:58:16.653624Z
ChIJZTNWXK1lUjoRozJQbSUFcyI,RANI V,places,en,304,13.11796325,80.2535431,13.116609799999999,80.2542445,0,maa2,Chennai,2026-08-31T08:58:16.653626Z
ChIJxQIAcqJlUjoRaGg1ikujv4Y,Taj Brinji Kadai,places,en,304,13.11796325,80.2535431,13.1195136,80.2537493,0,maa2,Chennai,2026-08-31T08:58:16.653628Z
ChIJpdSxyOhlUjoRcUCNPbz85A4,Kkk Burma Food,places,en,304,13.11796325,80.2535431,13.116682400000002,80.2544599,0,maa2,Chennai,2026-08-31T08:58:16.653630Z
ChIJHzoCUQBlUjoR4ERdZ5g4CcU,Naan shop Night,places,en,304,13.11796325,80.2535431,13.1165986,80.2544286,0,maa2,Chennai,2026-08-31T08:58:16.653632Z
ChIJh4Veh9dlUjoRLZ03FoD5hxs,Thatha Kadai,places,en,304,13.11796325,80.2535431,13.1165947,80.25442840000001,0,maa2,Chennai,2026-08-31T08:58:16.653634Z
ChIJ9YWm0DZmUjoR_w-JHyc46ak,Alchemy Bar & Lounge,places,en,305,13.044626749999999,80.2591712,13.0443354,80.2592951,0,maa2,Chennai,2026-08-31T08:58:16.966228Z
ChIJ_____yxmUjoRRtYnBS6kLyI,Coastline,places,en,305,13.044626749999999,80.2591712,13.044950199999999,80.2592556,0,maa2,Chennai,2026-08-31T08:58:16.966238Z
ChIJi7Vf0DZmUjoRCqVAI3mblq0,Raj Park Hotel Chennai,places,en,305,13.044626749999999,80.2591712,13.0442894,80.2593333,0,maa2,Chennai,2026-08-31T08:58:16.966242Z
ChIJmzqp0DZmUjoRr1TwIbnuYE4,Quintessence All Day Dining Restaurant,places,en,305,13.044626749999999,80.2591712,13.044298,80.259354,0,maa2,Chennai,2026-08-31T08:58:16.966245Z
ChIJyQfNto5nUjoRxPADj6oWjTs,Sweetsoul Buddha Bowls,places,en,305,13.044626749999999,80.2591712,13.0443299,80.25941689999999,0,maa2,Chennai,2026-08-31T08:58:16.966248Z
ChIJN_8M1jZmUjoRUrNtVe8M4wg,SRI LAKSHMI HOT AND COOL,places,en,305,13.044626749999999,80.2591712,13.0443619,80.2595376,0,maa2,Chennai,2026-08-31T08:58:16.966250Z
ChIJK3ZaBwBnUjoRNOwjEF4AjKI,Chaat&Chill,places,en,305,13.044626749999999,80.2591712,13.0445991,80.25964859999999,0,maa2,Chennai,2026-08-31T08:58:16.966253Z
ChIJW4w2OE5mUjoReen0CipnRns,Amaravathi Restaurant,places,en,305,13.044626749999999,80.2591712,13.0450725,80.2593514,0,maa2,Chennai,2026-08-31T08:58:16.966255Z
ChIJKZHK5SZnUjoRIwaSZOG8qhY,Delhi Dhaba,places,en,305,13.044626749999999,80.2591712,13.0450656,80.259419,0,maa2,Chennai,2026-08-31T08:58:16.966258Z
ChIJubsJiYVnUjoR8hlDuEF19jc,Andhra Tiffin Room,places,en,305,13.044626749999999,80.2591712,13.0452401,80.2593263,0,maa2,Chennai,2026-08-31T08:58:16.966260Z
ChIJR2SN7jdmUjoRsdGUze_pA3U,Anandam Restaurant,places,en,305,13.044626749999999,80.2591712,13.045337900000002,80.25779779999999,0,maa2,Chennai,2026-08-31T08:58:16.966263Z
ChIJufuN8XhnUjoR6uvtAx0MTFw,Slurp Shop,places,en,305,13.044626749999999,80.2591712,13.0461618,80.2590769,0,maa2,Chennai,2026-08-31T08:58:16.966265Z
ChIJhdCrBTdmUjoREUmBvCe3ayc,Hotel Maris,places,en,305,13.044626749999999,80.2591712,13.045384499999999,80.25777819999999,0,maa2,Chennai,2026-08-31T08:58:16.966268Z
ChIJF040tnJnUjoRYEPHXmXHeTM,Bread Boutique by Brew Room,places,en,305,13.044626749999999,80.2591712,13.0428589,80.2596669,0,maa2,Chennai,2026-08-31T08:58:16.966270Z
ChIJK3llEjdmUjoRfNWI2PA6bBo,Copper Chimney Cathedral Road - Temporarily Closed,places,en,305,13.044626749999999,80.2591712,13.046076999999999,80.2578652,0,maa2,Chennai,2026-08-31T08:58:16.966278Z
ChIJLflVwzBmUjoRSE5EMuBRsZM,The Brew Room,places,en,305,13.044626749999999,80.2591712,13.0455139,80.26098019999999,0,maa2,Chennai,2026-08-31T08:58:16.966281Z
ChIJqTnZKpxnUjoRVl2PZ56JAEQ,Therkin Anjaraipetti,places,en,305,13.044626749999999,80.2591712,13.045003999999999,80.2611745,0,maa2,Chennai,2026-08-31T08:58:16.966284Z
ChIJ_0AP5txnUjoRFdssXMe0r_0,Ballu Da Dhaba (Chennai),places,en,305,13.044626749999999,80.2591712,13.0444784,80.2612611,0,maa2,Chennai,2026-08-31T08:58:16.966286Z
ChIJzyVhl-FnUjoRUnxOLdx9Je4,Southern Street Restaurant,places,en,305,13.044626749999999,80.2591712,13.044544,80.26141799999999,0,maa2,Chennai,2026-08-31T08:58:16.966289Z
ChIJmY2XU0tnUjoRrqz4Vbp-zzM,Tamizh Koodam Mess Mylapore,places,en,305,13.044626749999999,80.2591712,13.0445172,80.26142639999999,0,maa2,Chennai,2026-08-31T08:58:16.966291Z
ChIJ9Y27UoVlUjoRTPTAFvhyYOI,Karpagam Tiffin Center,places,en,306,13.1168664,80.26550295000001,13.116800099999999,80.2655794,0,maa2,Chennai,2026-08-31T08:58:17.294687Z
ChIJodxJ65FlUjoRzAYZ5ilCV9A,Murugan Tiffin Centre,places,en,306,13.1168664,80.26550295000001,13.1173997,80.26597079999999,0,maa2,Chennai,2026-08-31T08:58:17.294693Z
ChIJibMMUbFlUjoR5VjQJN43yHM,V6 Petta,places,en,306,13.1168664,80.26550295000001,13.117202100000002,80.2648584,0,maa2,Chennai,2026-08-31T08:58:17.294695Z
ChIJJVb9hBtlUjoRXTiBjlW5hXw,Nithilen Fast Food,places,en,306,13.1168664,80.26550295000001,13.1157623,80.2656312,0,maa2,Chennai,2026-08-31T08:58:17.294696Z
ChIJAy8X449lUjoR58FPsfgRyl4,CITY FAST FOOD,places,en,306,13.1168664,80.26550295000001,13.1152926,80.2658105,0,maa2,Chennai,2026-08-31T08:58:17.294697Z
ChIJReln1IRlUjoRfc3s1Lr9JL8,Ar Brinchi Center,places,en,306,13.1168664,80.26550295000001,13.1192241,80.2658226,0,maa2,Chennai,2026-08-31T08:58:17.294698Z
ChIJ6xHCDGVlUjoRldPMFeTcey0,Saiyath ali,places,en,306,13.1168664,80.26550295000001,13.115399,80.2634898,0,maa2,Chennai,2026-08-31T08:58:17.294700Z
ChIJ22JyW-5lUjoRTgecwCHeyt4,Super deluxe,places,en,306,13.1168664,80.26550295000001,13.114381999999999,80.2658458,0,maa2,Chennai,2026-08-31T08:58:17.294701Z
ChIJV9NM349lUjoRSY3j2CP1l8M,அல் மதீனா பிரியாணி கபாப் சென்டர்,places,en,306,13.1168664,80.26550295000001,13.114364199999999,80.2656404,0,maa2,Chennai,2026-08-31T08:58:17.294702Z
ChIJWf0tFptlUjoRDuqUUoPqaPA,Amma Unavagam,places,en,306,13.1168664,80.26550295000001,13.119518399999999,80.26560359999999,0,maa2,Chennai,2026-08-31T08:58:17.294703Z
ChIJYYoH2Y9lUjoRfmgsiToA1JI,MAMA FAST FOOD,places,en,306,13.1168664,80.26550295000001,13.1141922,80.2657962,0,maa2,Chennai,2026-08-31T08:58:17.294704Z
ChIJwQZPofBdUjoRbw3WzRkZp3I,Rahman Food Court,places,en,307,12.984142,80.1992963,12.9815784,80.1990328,0,maa2,Chennai,2026-08-31T08:58:17.721201Z
ChIJEeCiJR1nUjoR84J_mE4SC-E,Chai Kings - Ashok Nagar,places,en,308,13.04526915,80.21812345000001,13.044081400000001,80.2174021,0,maa2,Chennai,2026-08-31T08:58:18.028065Z
ChIJAc7rpeJnUjoRQMW3Utj_koY,Chikki's,places,en,308,13.04526915,80.21812345000001,13.0439156,80.217668,0,maa2,Chennai,2026-08-31T08:58:18.028076Z
ChIJgTqUr-VmUjoRGWKKQHU6LzQ,KÖNGU BİRİYANI,places,en,308,13.04526915,80.21812345000001,13.043763,80.2176059,0,maa2,Chennai,2026-08-31T08:58:18.028080Z
ChIJLU3NGABnUjoR6VrQc6qK4yY,Nikash devakottai hotel,places,en,308,13.04526915,80.21812345000001,13.043707,80.218465,0,maa2,Chennai,2026-08-31T08:58:18.028083Z
ChIJVYhcqeVmUjoRlnDQmXDmj78,AYUSUF BHAI TIFEN CENTER,places,en,308,13.04526915,80.21812345000001,13.0435161,80.21790879999999,0,maa2,Chennai,2026-08-31T08:58:18.028086Z
ChIJEfv9jqJlUjoRKf6bRB0BWDA,Zoya protiens,places,en,309,13.1179024,80.25945014999999,13.1177196,80.2593464,0,maa2,Chennai,2026-08-31T08:58:18.352198Z
ChIJ3W41G2NlUjoRAdu-1Zqa2HM,Siraj Atho Shop,places,en,309,13.1179024,80.25945014999999,13.1175584,80.2594613,0,maa2,Chennai,2026-08-31T08:58:18.352205Z
ChIJLWI3jZllUjoRooPFC5dnZV4,Bismi Atho Shop,places,en,309,13.1179024,80.25945014999999,13.117429699999999,80.2593493,0,maa2,Chennai,2026-08-31T08:58:18.352207Z
ChIJ7xMVM5VlUjoRPYZS0dw2g0o,Egg Shop,places,en,309,13.1179024,80.25945014999999,13.118381099999999,80.2594218,0,maa2,Chennai,2026-08-31T08:58:18.352210Z
ChIJFeQ5edZlUjoR7rRAT3Bf_Xc,ANAND TIFFAN CENTER,places,en,309,13.1179024,80.25945014999999,13.118431099999999,80.2596247,0,maa2,Chennai,2026-08-31T08:58:18.352211Z
ChIJCfN0KpplUjoRhNl0Lh8Iaos,Jain Chat House,places,en,309,13.1179024,80.25945014999999,13.118585999999999,80.25973499999999,0,maa2,Chennai,2026-08-31T08:58:18.352213Z
ChIJV7dnGXhlUjoRH1pR3KTHfsg,Madras Tiffin and Chaai,places,en,309,13.1179024,80.25945014999999,13.1185496,80.2601744,0,maa2,Chennai,2026-08-31T08:58:18.352215Z
ChIJUTQdoJllUjoR928TZ2Ozxkk,ஆம்பூர் பிரியாணி & ஃபாஸ்ட்,places,en,309,13.1179024,80.25945014999999,13.1186823,80.25860999999999,0,maa2,Chennai,2026-08-31T08:58:18.352217Z
ChIJzUoE-6BlUjoRw1DUlUGvwpI,Budget Biriyani,places,en,309,13.1179024,80.25945014999999,13.1182391,80.2608437,0,maa2,Chennai,2026-08-31T08:58:18.352219Z
ChIJj2ZyZoRlUjoRFWDvbQ-8H_c,Pizza Hut | MKB Nagar,places,en,309,13.1179024,80.25945014999999,13.119283999999999,80.259491,0,maa2,Chennai,2026-08-31T08:58:18.352220Z
ChIJf_5KmiVlUjoR3S79-2lPHI8,KFC,places,en,309,13.1179024,80.25945014999999,13.119361099999999,80.2594811,0,maa2,Chennai,2026-08-31T08:58:18.352222Z
ChIJA1nqufVlUjoR7OZu8QEbH-s,Svs Enterprises New,places,en,309,13.1179024,80.25945014999999,13.118539799999999,80.2577669,0,maa2,Chennai,2026-08-31T08:58:18.352224Z
ChIJM8bFSZplUjoRL8oJ67NKWos,Musfirah Tasty Fast Food,places,en,309,13.1179024,80.25945014999999,13.1182979,80.2615138,0,maa2,Chennai,2026-08-31T08:58:18.352225Z
ChIJZ00BtZtlUjoRIIJ_EbSRiWM,Rajan Bread House & Cool Drinks,places,en,309,13.1179024,80.25945014999999,13.1190578,80.2614471,0,maa2,Chennai,2026-08-31T08:58:18.352227Z
ChIJidfKRZplUjoRQyzoo_NYyB0,Mun Fast Food,places,en,309,13.1179024,80.25945014999999,13.1179241,80.2618945,0,maa2,Chennai,2026-08-31T08:58:18.352228Z
ChIJCcbr5htlUjoRo-0wAqK_m9I,SRI BALAJI SAIVA BHAVAN,places,en,309,13.1179024,80.25945014999999,13.1193431,80.261584,0,maa2,Chennai,2026-08-31T08:58:18.352230Z
ChIJZe3QWABlUjoRKahuaVrH7W8,BBC BISMILLAH BIRYANI CATERING,places,en,309,13.1179024,80.25945014999999,13.117754200000002,80.2620692,0,maa2,Chennai,2026-08-31T08:58:18.352232Z
ChIJla_w3JxlUjoRBNr5bn4I840,UDUPI HOTEL RAGHAVENDRA,places,en,309,13.1179024,80.25945014999999,13.117639299999999,80.2620786,0,maa2,Chennai,2026-08-31T08:58:18.352234Z
ChIJd_xaJWllUjoRGJZ18u95Lic,KESHAV DEVAN,places,en,310,13.115689249999999,80.26623785000001,13.113828,80.2657854,0,maa2,Chennai,2026-08-31T08:58:18.746860Z
ChIJSeZwh99lUjoRbVicloWlpbo,Adv Akash,places,en,310,13.115689249999999,80.26623785000001,13.113796599999999,80.26578839999999,0,maa2,Chennai,2026-08-31T08:58:18.746873Z
ChIJiYPGOpBlUjoRuaydo4kXhLQ,Bharkath Birinji Centre,places,en,310,13.115689249999999,80.26623785000001,13.1141972,80.26482159999999,0,maa2,Chennai,2026-08-31T08:58:18.746876Z
ChIJa29KJZBlUjoR7726nZKYf4E,ஸ்ரீ சாய் டிபன் சென்டர்,places,en,310,13.115689249999999,80.26623785000001,13.1140651,80.2649017,0,maa2,Chennai,2026-08-31T08:58:18.746878Z
ChIJaWaLOpBlUjoRGzlNn5o2Hi0,பரகத் பிரியாணி & பாஸ்ட் ஃபுட்,places,en,310,13.115689249999999,80.26623785000001,13.114055899999999,80.2647331,0,maa2,Chennai,2026-08-31T08:58:18.746881Z
ChIJF-GvSo5lUjoRAAAAMNmRUlw,ASHOK CHAT,places,en,310,13.115689249999999,80.26623785000001,13.1133451,80.26695509999999,0,maa2,Chennai,2026-08-31T08:58:18.746883Z
ChIJA7AzXsNlUjoR8J3uGkTqhvs,Felix Homemade food,places,en,310,13.115689249999999,80.26623785000001,13.1141885,80.26427629999999,0,maa2,Chennai,2026-08-31T08:58:18.746885Z
ChIJvV8PJ2NvUjoRCfX60Z0uF3E,இலியாஸ் பிரிஞ்சி & பிரியாணி,places,en,311,13.11551635,80.2773981,13.115753199999999,80.2797314,0,maa2,Chennai,2026-08-31T08:58:19.059374Z
ChIJobbAKmNvUjoRs8_98TI2lRU,Sangeetha Fast Food,places,en,311,13.11551635,80.2773981,13.1165124,80.2796578,0,maa2,Chennai,2026-08-31T08:58:19.059382Z
ChIJbfVVKmNvUjoRcUi0Di9-Vl0,சங்கீதா அத்தோஷாப்,places,en,311,13.11551635,80.2773981,13.116498300000002,80.2796769,0,maa2,Chennai,2026-08-31T08:58:19.059384Z
ChIJoQFt7odlUjoReykeXEiwmVQ,ALEEF HOTEL,places,en,311,13.11551635,80.2773981,13.1175287,80.2759318,0,maa2,Chennai,2026-08-31T08:58:19.059386Z
ChIJ1xOoLmNvUjoRhBLElBjT1nQ,Kani Virudhunagar Biriyani,places,en,311,13.11551635,80.2773981,13.116325000000002,80.2799079,0,maa2,Chennai,2026-08-31T08:58:19.059387Z
ChIJmcC9K8tlUjoRPvjdZ_BiOBc,Sasikala,places,en,311,13.11551635,80.2773981,13.117552499999999,80.2758138,0,maa2,Chennai,2026-08-31T08:58:19.059389Z
ChIJvQ9C8odlUjoR4qA-IhIhKV8,உதயா பாஸ் ஃபுட் சிக்கன் பிரியாணி,places,en,311,13.11551635,80.2773981,13.1177382,80.2760624,0,maa2,Chennai,2026-08-31T08:58:19.059391Z
ChIJM8FDw09vUjoR74ko4cx9I38,VILMA CHICKEN,places,en,311,13.11551635,80.2773981,13.117406899999999,80.2792399,0,maa2,Chennai,2026-08-31T08:58:19.059392Z
ChIJP49WS85lUjoRknONau05N2M,Yummy Fast Food,places,en,311,13.11551635,80.2773981,13.117764099999999,80.2759648,0,maa2,Chennai,2026-08-31T08:58:19.059394Z
ChIJreMjJltlUjoReOrCWrPSqGU,Tikha masala chat corner,places,en,312,13.09628825,80.2583888,13.096687999999999,80.2592116,0,maa2,Chennai,2026-08-31T08:58:19.382253Z
ChIJgeUdSullUjoRT2K1Rq02S3M,AJAY FAST FOOD,places,en,312,13.09628825,80.2583888,13.0973294,80.25854439999999,0,maa2,Chennai,2026-08-31T08:58:19.382261Z
ChIJbW3FbOllUjoRhFtyoTdi_m8,Link's Chat,places,en,312,13.09628825,80.2583888,13.097368699999999,80.2581364,0,maa2,Chennai,2026-08-31T08:58:19.382263Z
ChIJoQjNGnBlUjoRIQ33FlLDtYw,The Hut,places,en,312,13.09628825,80.2583888,13.095269000000002,80.25894,0,maa2,Chennai,2026-08-31T08:58:19.382265Z
ChIJ16QQQdZlUjoRNHwb3s0V8Ow,Sree Vishnu Bhavan,places,en,312,13.09628825,80.2583888,13.097107999999999,80.2592861,0,maa2,Chennai,2026-08-31T08:58:19.382267Z
ChIJr1Ndr69lUjoRh6v_qwCAzlA,Srinivasan Hotel,places,en,312,13.09628825,80.2583888,13.0972554,80.2592532,0,maa2,Chennai,2026-08-31T08:58:19.382269Z
ChIJcemGm_VlUjoRB3P1aoXEvuY,Mr VELU C,places,en,312,13.09628825,80.2583888,13.0972554,80.2592532,0,maa2,Chennai,2026-08-31T08:58:19.382270Z
ChIJK_EfE3dlUjoR8pBgKQOn7ZQ,zahoor biriyani,places,en,312,13.09628825,80.2583888,13.097538,80.2592063,0,maa2,Chennai,2026-08-31T08:58:19.382272Z
ChIJIQJzR7plUjoRtHwuVOIjzjs,Biryani King,places,en,312,13.09628825,80.2583888,13.0975349,80.25921389999999,0,maa2,Chennai,2026-08-31T08:58:19.382273Z
ChIJabB0wEBlUjoRikuWpZ7mYU4,SRI MADRAS KITCHEN,places,en,312,13.09628825,80.2583888,13.097414200000001,80.2573492,0,maa2,Chennai,2026-08-31T08:58:19.382275Z
ChIJUebbXMBlUjoRqV4BgPQWf_0,Fast Foods Center,places,en,312,13.09628825,80.2583888,13.0974674,80.2593433,0,maa2,Chennai,2026-08-31T08:58:19.382276Z
ChIJaWBodOllUjoRDkgaLZ5ekLs,Noor Biriyani Centre,places,en,312,13.09628825,80.2583888,13.097631,80.25753499999999,0,maa2,Chennai,2026-08-31T08:58:19.382277Z
ChIJfxdhxGNlUjoRNg6kQm5W4zA,Tibet momo Pattalam,places,en,312,13.09628825,80.2583888,13.0974235,80.2571962,0,maa2,Chennai,2026-08-31T08:58:19.382279Z
ChIJZYTppGFlUjoRkRAFjebHYvA,Hum Tum Foods And Beverages,places,en,312,13.09628825,80.2583888,13.0956487,80.2603317,0,maa2,Chennai,2026-08-31T08:58:19.382280Z
ChIJbZApX-llUjoRW152gD4_Oe4,ஸ்ரீ கணாதி மெஸ்,places,en,312,13.09628825,80.2583888,13.0985894,80.2589371,0,maa2,Chennai,2026-08-31T08:58:19.382282Z
ChIJu4bJWL5lUjoRAGDISb03Fys,Murugan Tea STALL,places,en,312,13.09628825,80.2583888,13.0986412,80.2578738,0,maa2,Chennai,2026-08-31T08:58:19.382283Z
ChIJDzqu1-tlUjoREimVcgeGC_Q,அம்மா உணவகம் amma unavagam,places,en,312,13.09628825,80.2583888,13.0986978,80.25778,0,maa2,Chennai,2026-08-31T08:58:19.382285Z
ChIJbZDaZG1lUjoRzeXAUQ6NYPI,CHENNAI HOT BURGER,places,en,312,13.09628825,80.2583888,13.096624799999999,80.2558327,0,maa2,Chennai,2026-08-31T08:58:19.382286Z
ChIJ71u1GuplUjoRcGSlmEv3foA,IND Idiyappam (Mohammed Inayath),places,en,312,13.09628825,80.2583888,13.098747399999999,80.2590008,0,maa2,Chennai,2026-08-31T08:58:19.382287Z
ChIJ7a7ghGllUjoRV6EPQ9MAKss,A N RAJA HOTEL,places,en,312,13.09628825,80.2583888,13.098693299999999,80.259614,0,maa2,Chennai,2026-08-31T08:58:19.382289Z
ChIJ7-OMRidlUjoRL1hdh-lk4Zo,Happy Tiffin Center | Best tiffin center | Tasty tiffin center | Best Homemade food | Best meals shop,places,en,313,13.1177279,80.2314165,13.116689099999999,80.2313253,0,maa2,Chennai,2026-08-31T08:58:19.695421Z
ChIJ8xscRphlUjoR5FE38SOkDBY,SS Bucket Biryani Thiru.Vi.Ka Nagar,places,en,313,13.1177279,80.2314165,13.116582099999999,80.2316735,0,maa2,Chennai,2026-08-31T08:58:19.695429Z
ChIJAWmH-cplUjoRZpF0LmKgOos,Meat and Eat (Thiruvika Nagar),places,en,313,13.1177279,80.2314165,13.116545499999999,80.2315792,0,maa2,Chennai,2026-08-31T08:58:19.695432Z
ChIJV2iJi45lUjoRzsxBTODwc4U,GO GRILL,places,en,313,13.1177279,80.2314165,13.1167289,80.2306629,0,maa2,Chennai,2026-08-31T08:58:19.695434Z
ChIJ-bF7GQ5lUjoR8A6dlWjaAJk,Ar razack briyani & catrers,places,en,313,13.1177279,80.2314165,13.1164729,80.23096819999999,0,maa2,Chennai,2026-08-31T08:58:19.695436Z
ChIJ_USehXplUjoRvQz5fKzuHPQ,CAFE BUX CHATS,places,en,313,13.1177279,80.2314165,13.1167935,80.2302802,0,maa2,Chennai,2026-08-31T08:58:19.695437Z
ChIJN8Dnm6BlUjoRkdLyy5He2q0,SRI ANNAPOORANI HOTEL CATERING,places,en,313,13.1177279,80.2314165,13.117138599999999,80.22999879999999,0,maa2,Chennai,2026-08-31T08:58:19.695439Z
ChIJNXNJXEtlUjoRiahGyfkWIJ4,AMBUR STAR BRIYANI PERAMBUR,places,en,313,13.1177279,80.2314165,13.1173203,80.2296951,0,maa2,Chennai,2026-08-31T08:58:19.695441Z
ChIJ48YIlKxdUjoR4kldUJveXrw,Haashini Biriyani shop,places,en,315,12.9649099,80.256925,12.965105099999999,80.2568543,0,maa2,Chennai,2026-08-31T08:58:20.429931Z
ChIJoSrj4GtdUjoREnrc-ootndk,Crown Foods,places,en,315,12.9649099,80.256925,12.9651179,80.25677499999999,0,maa2,Chennai,2026-08-31T08:58:20.429939Z
ChIJwQA9-vldUjoRQYK3dsM7EZ0,Seena Vaana chettinadu hotel,places,en,315,12.9649099,80.256925,12.9646288,80.25674769999999,0,maa2,Chennai,2026-08-31T08:58:20.429941Z
ChIJl7MXa2JdUjoRoPYlVY0w1XI,BHARATHI IDLY SHOP,places,en,315,12.9649099,80.256925,12.964490999999999,80.25672660000001,0,maa2,Chennai,2026-08-31T08:58:20.429943Z
ChIJDz3eAgBdUjoRVvcjQ7y3-RE,Wow! Momo,places,en,315,12.9649099,80.256925,12.965765999999999,80.25659200000001,0,maa2,Chennai,2026-08-31T08:58:20.429945Z
ChIJGYwdpD9dUjoRDKGa1Eg-liQ,Royal Biriyani,places,en,315,12.9649099,80.256925,12.9658868,80.25694829999999,0,maa2,Chennai,2026-08-31T08:58:20.429946Z
ChIJkRsNhSxdUjoRqbM6MK5oSW8,ATHIK CHICKEN (Pakoda/Cutlet/Samosa),places,en,315,12.9649099,80.256925,12.9638177,80.2566331,0,maa2,Chennai,2026-08-31T08:58:20.429948Z
ChIJ3WsrQ79dUjoRO3E_OZnLJdg,Lassi Shop,places,en,315,12.9649099,80.256925,12.9637949,80.256631,0,maa2,Chennai,2026-08-31T08:58:20.429949Z
ChIJkzS27a5dUjoRUpEiMVmPn2s,Al Arab Restaurant,places,en,315,12.9649099,80.256925,12.9637659,80.25662679999999,0,maa2,Chennai,2026-08-31T08:58:20.429951Z
ChIJK5TfNABdUjoRRH1Sy7pqtJs,ECR Arusuvai Express,places,en,315,12.9649099,80.256925,12.9660992,80.2567844,0,maa2,Chennai,2026-08-31T08:58:20.429952Z
ChIJZes4RD5dUjoRIGCSkfNIlmY,Paalavakkam Nr Biriyani,places,en,315,12.9649099,80.256925,12.963920499999999,80.2562584,0,maa2,Chennai,2026-08-31T08:58:20.429954Z
ChIJR-EyeABdUjoRg9e6LfNmvsA,WOW BAKERY,places,en,315,12.9649099,80.256925,12.966171399999999,80.256672,0,maa2,Chennai,2026-08-31T08:58:20.429955Z
ChIJ1XO3Rj5dUjoR18DeD-3un2k,sri krishna hot chips,places,en,315,12.9649099,80.256925,12.963810599999999,80.2562658,0,maa2,Chennai,2026-08-31T08:58:20.429957Z
ChIJfQVxFchdUjoRD8v06RDhPo0,HOTEL AMUDHA,places,en,315,12.9649099,80.256925,12.9662244,80.2567047,0,maa2,Chennai,2026-08-31T08:58:20.429958Z
ChIJ540wKQBdUjoR7np7a-WcrvE,Harini sappadu kadai,places,en,315,12.9649099,80.256925,12.9662777,80.2569954,0,maa2,Chennai,2026-08-31T08:58:20.429960Z
ChIJ2wD9Qj5dUjoRJRDP5pyhX48,Brindha Bhavan Pure Vegetarian Restaurant,places,en,315,12.9649099,80.256925,12.963555999999999,80.2562956,0,maa2,Chennai,2026-08-31T08:58:20.429961Z
ChIJDamDM4pdUjoRjgDymfujiis,Shaheen protiens,places,en,315,12.9649099,80.256925,12.964089699999999,80.2556374,0,maa2,Chennai,2026-08-31T08:58:20.429963Z
ChIJiX8V_gVdUjoRsb7bIkkI6gw,Atti Square - ECR,places,en,315,12.9649099,80.256925,12.963412199999999,80.2566062,0,maa2,Chennai,2026-08-31T08:58:20.429964Z
ChIJ9wZyxDldUjoRA-UBJhNxRMA,Polar Bear Ice Cream Sundaes - ECR Palavakkam,places,en,315,12.9649099,80.256925,12.9631283,80.2566832,0,maa2,Chennai,2026-08-31T08:58:20.429966Z
ChIJbbYHII5lUjoRWhyCjVDObUI,மூசா வெஜிடேரியன் குஸ்கா பாஸ்மதி ரைஸ்,places,en,316,13.11082845,80.26558925,13.1119077,80.2655939,0,maa2,Chennai,2026-08-31T08:58:20.741836Z
ChIJFZIJypFlUjoRFA5tXHe027w,சபரி இட்லி கடை,places,en,316,13.11082845,80.26558925,13.1129483,80.26419750000001,0,maa2,Chennai,2026-08-31T08:58:20.741846Z
ChIJBzGbWQNnUjoRP8ZI4KMcUHI,ANANTHA LAKSHMI BHAVAN,places,en,317,13.04625485,80.2107173,13.046972900000002,80.2109964,0,maa2,Chennai,2026-08-31T08:58:21.084320Z
ChIJez8CGehmUjoRvDlDHXegpTI,SRI BALAJI FOODS,places,en,317,13.04625485,80.2107173,13.046931,80.21029229999999,0,maa2,Chennai,2026-08-31T08:58:21.084329Z
ChIJ9WdcnHFnUjoRFI6qYYsHm0o,Chai Kings - Vadapalani,places,en,317,13.04625485,80.2107173,13.0457316,80.21197149999999,0,maa2,Chennai,2026-08-31T08:58:21.084331Z
ChIJV9NdAp5nUjoRX_3mz3STrA8,Jam jam veg biriyani,places,en,317,13.04625485,80.2107173,13.047108399999999,80.20953899999999,0,maa2,Chennai,2026-08-31T08:58:21.084332Z
ChIJzQTju5xnUjoRjbfAbzW6AeU,Friends proteins,places,en,317,13.04625485,80.2107173,13.0468553,80.2093226,0,maa2,Chennai,2026-08-31T08:58:21.084334Z
ChIJVVUjCABnUjoR5GAyyrRoKnI,Fathima nei soru kadai,places,en,317,13.04625485,80.2107173,13.046997999999999,80.2120624,0,maa2,Chennai,2026-08-31T08:58:21.084335Z
ChIJFwBng41nUjoRzqwvGuTIOGo,CROWN BIRYANI,places,en,317,13.04625485,80.2107173,13.0452528,80.2120973,0,maa2,Chennai,2026-08-31T08:58:21.084336Z
ChIJPb9A0edmUjoRPWplbSRiP_A,HITACHI,places,en,317,13.04625485,80.2107173,13.0453292,80.2121801,0,maa2,Chennai,2026-08-31T08:58:21.084338Z
ChIJywL_l8JmUjoRaqnK5XrHQJc,Hotel Garden,places,en,317,13.04625485,80.2107173,13.047077499999999,80.209114,0,maa2,Chennai,2026-08-31T08:58:21.084339Z
ChIJPYQCYehmUjoRCj4q8iKDdAw,Sharjaa Cafe,places,en,317,13.04625485,80.2107173,13.0470087,80.2124023,0,maa2,Chennai,2026-08-31T08:58:21.084340Z
ChIJS0pNBABnUjoRub_87SEuIqY,Annakili akka kadai,places,en,317,13.04625485,80.2107173,13.0453333,80.2123611,0,maa2,Chennai,2026-08-31T08:58:21.084342Z
ChIJoUAlUrZnUjoRZ6R_yxmbcVs,Faasos Vadapalani,places,en,317,13.04625485,80.2107173,13.048173499999999,80.2106888,0,maa2,Chennai,2026-08-31T08:58:21.084343Z
ChIJm2wdUUJnUjoRaA_GboKcqSQ,Behrouz Biryani Vadapalani,places,en,317,13.04625485,80.2107173,13.048183799999999,80.2106898,0,maa2,Chennai,2026-08-31T08:58:21.084344Z
ChIJUc6Zbw9nUjoR2ZYCtiss6_M,RASUL TIFFIN CENTRE,places,en,317,13.04625485,80.2107173,13.0472638,80.208942,0,maa2,Chennai,2026-08-31T08:58:21.084346Z
ChIJLR8gZKpnUjoRfki70zj53UE,Ginger Chai,places,en,317,13.04625485,80.2107173,13.0483155,80.2108827,0,maa2,Chennai,2026-08-31T08:58:21.084347Z
ChIJ84YEhBlnUjoRys3zAPCksqs,Black Night Biriyani,places,en,317,13.04625485,80.2107173,13.044352199999999,80.2115498,0,maa2,Chennai,2026-08-31T08:58:21.084348Z
ChIJCTZqht1nUjoRpSdx8gcl1Dc,Sir Bhavani mess,places,en,317,13.04625485,80.2107173,13.047722499999999,80.2123618,0,maa2,Chennai,2026-08-31T08:58:21.084350Z
ChIJY5zDKgBdUjoRkDCk5WM1NPo,Hotel Shanmuga Pure Veg,places,en,319,12.95378625,80.20536915,12.953071399999999,80.2072261,0,maa2,Chennai,2026-08-31T08:58:21.794378Z
ChIJhYpKeshdUjoR6UGsOLqHpx0,Shree Krishna Hot Chips,places,en,319,12.95378625,80.20536915,12.953715299999999,80.2075958,0,maa2,Chennai,2026-08-31T08:58:21.794386Z
ChIJsX4G4-9dUjoRqAuj9pAVCQo,Coffee'97,places,en,319,12.95378625,80.20536915,12.9536386,80.2080093,0,maa2,Chennai,2026-08-31T08:58:21.794388Z
ChIJZcw9PsJdUjoRSZ6-h2gOisE,Swee Seeraga Samba Ghee Rice,places,en,319,12.95378625,80.20536915,12.953674900000001,80.2080123,0,maa2,Chennai,2026-08-31T08:58:21.794389Z
ChIJ7zayEQBdUjoRwy4nqeKW_w8,Anjali Cafe,places,en,320,12.965355200000001,80.20460165,12.965537699999999,80.2044627,0,maa2,Chennai,2026-08-31T08:58:22.116879Z
ChIJLW4WcwBdUjoRTwBeh4oaz10,Mettur Grand feast,places,en,320,12.965355200000001,80.20460165,12.9650714,80.2046119,0,maa2,Chennai,2026-08-31T08:58:22.116888Z
ChIJ-1UV6uxdUjoRsnoumfR7FEY,Savithri's Chat Corner,places,en,320,12.965355200000001,80.20460165,12.965668899999999,80.2044693,0,maa2,Chennai,2026-08-31T08:58:22.116890Z
ChIJaYWUewBdUjoRlcOCwt72FLM,A1 Food Point,places,en,320,12.965355200000001,80.20460165,12.965029399999999,80.20446369999999,0,maa2,Chennai,2026-08-31T08:58:22.116892Z
ChIJJSTvTPZdUjoR7YTgOpa2utY,Sri Lucky Bojan,places,en,320,12.965355200000001,80.20460165,12.9649616,80.2045771,0,maa2,Chennai,2026-08-31T08:58:22.116895Z
ChIJCWXp_8FdUjoRc51uYHs5HcM,Raras Snack Bar and Tea Stall,places,en,320,12.965355200000001,80.20460165,12.9657106,80.2043223,0,maa2,Chennai,2026-08-31T08:58:22.116896Z
ChIJwS3v3cFdUjoR6h8DUnpZed8,Hotel Aswathy Bhavan,places,en,320,12.965355200000001,80.20460165,12.9648937,80.20440270000002,0,maa2,Chennai,2026-08-31T08:58:22.116898Z
ChIJdW9vMMBdUjoRe_a72cwvPnE,Vignesh Snacks Food packing,places,en,320,12.965355200000001,80.20460165,12.9656231,80.2050857,0,maa2,Chennai,2026-08-31T08:58:22.116899Z
ChIJ9-g2rjldUjoReXSgPJtdVTQ,SRI KASTURI SWEETS,places,en,320,12.965355200000001,80.20460165,12.965564899999999,80.2041094,0,maa2,Chennai,2026-08-31T08:58:22.116901Z
ChIJ6eqieABdUjoR_BY93CQaY58,"Bikkgane Biryani | Velachery, Chennai",places,en,320,12.965355200000001,80.20460165,12.9652647,80.2057403,0,maa2,Chennai,2026-08-31T08:58:22.116902Z
ChIJY-b0EkpdUjoRRwQdek2S5pE,Ramy Rasoi,places,en,320,12.965355200000001,80.20460165,12.9643489,80.20518229999999,0,maa2,Chennai,2026-08-31T08:58:22.116903Z
ChIJY-rh3MFdUjoRHw04tsAd48k,Sri Krishna Bhavan,places,en,320,12.965355200000001,80.20460165,12.965214399999999,80.20581800000001,0,maa2,Chennai,2026-08-31T08:58:22.116905Z
ChIJnQ0l_eldUjoRiCynYC_d-To,Ck's Bakery - Madipakkam,places,en,320,12.965355200000001,80.20460165,12.965911799999999,80.2035373,0,maa2,Chennai,2026-08-31T08:58:22.116906Z
ChIJX3lt4uldUjoRHAJmUZH5fks,TOPI VAPPA BIRIYANI MADIPAKKAM BRANCH,places,en,320,12.965355200000001,80.20460165,12.9659281,80.20327499999999,0,maa2,Chennai,2026-08-31T08:58:22.116907Z
ChIJwVn3p29dUjoR0tF7RlQA-5w,Dolphin Delights,places,en,320,12.965355200000001,80.20460165,12.965933699999999,80.2032732,0,maa2,Chennai,2026-08-31T08:58:22.116909Z
ChIJC3oeaXldUjoRBJW22oxVfRY,FRYD,places,en,320,12.965355200000001,80.20460165,12.965910099999999,80.20314259999999,0,maa2,Chennai,2026-08-31T08:58:22.116910Z
ChIJ0ST0a4tdUjoRwyThIMLS62k,Jayam Multi Cuisine Restaurant,places,en,320,12.965355200000001,80.20460165,12.965399699999999,80.2062242,0,maa2,Chennai,2026-08-31T08:58:22.116911Z
ChIJL5lm0cFdUjoRn8ddZ-Hhpqo,Hotel Suvai,places,en,320,12.965355200000001,80.20460165,12.965501399999999,80.2063847,0,maa2,Chennai,2026-08-31T08:58:22.116913Z
ChIJoTASkD9mUjoRj9AZVmfSzpk,Greams cafe,places,en,321,13.05637775,80.2553022,13.0565073,80.2552076,0,maa2,Chennai,2026-08-31T08:58:22.511287Z
ChIJGWTbPypnUjoRi_n7tsY6lPA,Heaven’s Park Arabian Multi Cuisine Restaurant Chennai,places,en,321,13.05637775,80.2553022,13.056300499999999,80.255157,0,maa2,Chennai,2026-08-31T08:58:22.511295Z
ChIJmVXLn0lnUjoRfOxASJVJzuY,RUSHI,places,en,321,13.05637775,80.2553022,13.0565143,80.2553966,0,maa2,Chennai,2026-08-31T08:58:22.511298Z
ChIJB3guVrhlBRERgQ7PImvhy8M,Sangeetha Veg Restaurant,places,en,321,13.05637775,80.2553022,13.0564308,80.255533,0,maa2,Chennai,2026-08-31T08:58:22.511301Z
ChIJOaeIEeFnUjoRm0RDwcLVR0U,TARBOUCHE greams road,places,en,321,13.05637775,80.2553022,13.0566669,80.25537840000001,0,maa2,Chennai,2026-08-31T08:58:22.511303Z
ChIJyQgckD9mUjoRqOJWXUp7IX4,Greams Multi Cushion Restaurant,places,en,321,13.05637775,80.2553022,13.0566987,80.255314,0,maa2,Chennai,2026-08-31T08:58:22.511304Z
ChIJN11j2dpnUjoR03mUKvS7Hm8,Sri Srinivasa Naidu andhra mess,places,en,321,13.05637775,80.2553022,13.056168099999999,80.2555462,0,maa2,Chennai,2026-08-31T08:58:22.511306Z
ChIJRSfqnz9mUjoRxOLQ3qAvDEo,J. Devichand,places,en,321,13.05637775,80.2553022,13.056015799999999,80.25574859999999,0,maa2,Chennai,2026-08-31T08:58:22.511308Z
ChIJbwZ1kNdnUjoRRDPS6GX1I4I,Rasoee,places,en,321,13.05637775,80.2553022,13.056989699999999,80.2552013,0,maa2,Chennai,2026-08-31T08:58:22.511310Z
ChIJFaarr6NnUjoR55dF3asy_qA,Biriyani & Kabab House,places,en,321,13.05637775,80.2553022,13.056230699999999,80.2559411,0,maa2,Chennai,2026-08-31T08:58:22.511312Z
ChIJ7YUuoD9mUjoRfVNy67GUn0k,Ghousiya Chicken Biriyani,places,en,321,13.05637775,80.2553022,13.0561817,80.2559282,0,maa2,Chennai,2026-08-31T08:58:22.511314Z
ChIJfcAGAHlnUjoRzJZZFauqt-U,Food Shop,places,en,321,13.05637775,80.2553022,13.0570534,80.2550133,0,maa2,Chennai,2026-08-31T08:58:22.511316Z
ChIJDS9wg8JnUjoRerB8L8Onv0s,Lassi shop,places,en,321,13.05637775,80.2553022,13.056381199999999,80.2561714,0,maa2,Chennai,2026-08-31T08:58:22.511318Z
ChIJWT0qnVhnUjoRmZpaaCK-UoE,K v veerappa devar peas shop,places,en,321,13.05637775,80.2553022,13.0563867,80.25619569999999,0,maa2,Chennai,2026-08-31T08:58:22.511319Z
ChIJuzmaKgBnUjoRNZdF129f3oY,DIYA TIFFIN CENTRE,places,en,321,13.05637775,80.2553022,13.057214199999999,80.2548314,0,maa2,Chennai,2026-08-31T08:58:22.511321Z
ChIJIVXXn6FnUjoRsS1d8t1Yj2k,Mist Cafe,places,en,321,13.05637775,80.2553022,13.0571122,80.2546716,0,maa2,Chennai,2026-08-31T08:58:22.511323Z
ChIJP5WYIABlUjoRQ_p1x2yNKAk,Mumma's kitchen,places,en,322,13.1294279,80.2369293,13.1299409,80.235812,0,maa2,Chennai,2026-08-31T08:58:22.816008Z
ChIJZa7hVRJlUjoRXhzEmmP6dv8,bhoo-maa foods,places,en,322,13.1294279,80.2369293,13.1304796,80.2359468,0,maa2,Chennai,2026-08-31T08:58:22.816014Z
ChIJD2oGLqBmUjoRC-cRJpsnxQ0,HOTEL CHELLAM,places,en,323,13.0775786,80.20937315,13.077339499999999,80.2091616,0,maa2,Chennai,2026-08-31T08:58:23.120511Z
ChIJi4KjjNFnUjoRFdlhpXzJEM0,The Cloud Story Restaurant,places,en,323,13.0775786,80.20937315,13.0771137,80.2097205,0,maa2,Chennai,2026-08-31T08:58:23.120521Z
ChIJZ8aSgZ9mUjoRiT4t5GJcbaE,நியூ பேன்சி ஃபுட்வேர்,places,en,323,13.0775786,80.20937315,13.0770955,80.2101204,0,maa2,Chennai,2026-08-31T08:58:23.120524Z
ChIJr8JLTlVnUjoRvT76apCQ9yE,TrioBites,places,en,323,13.0775786,80.20937315,13.0774881,80.2102821,0,maa2,Chennai,2026-08-31T08:58:23.120526Z
ChIJfwoLWsJnUjoRG9CRddoM7gc,The Engineers cafe,places,en,323,13.0775786,80.20937315,13.0773178,80.2084698,0,maa2,Chennai,2026-08-31T08:58:23.120528Z
ChIJoy4xBepcUjoRx_fWLbnOw8U,Shee's Kitchen,places,en,323,13.0775786,80.20937315,13.0779099,80.2103254,0,maa2,Chennai,2026-08-31T08:58:23.120530Z
ChIJMW1rul9nUjoRq6mzJ9P4-vQ,Madras Ruchulu,places,en,323,13.0775786,80.20937315,13.0779781,80.2104165,0,maa2,Chennai,2026-08-31T08:58:23.120532Z
ChIJ8fYQH6lnUjoRHHoprxeaQac,Hold On Snacks & Sweets,places,en,323,13.0775786,80.20937315,13.076460899999999,80.2104731,0,maa2,Chennai,2026-08-31T08:58:23.120534Z
ChIJ7_yrIjJnUjoRZZMD6rS_qHo,Kulambukadai - Chennai - Kuzhambu kadai near me,places,en,323,13.0775786,80.20937315,13.07629,80.2104186,0,maa2,Chennai,2026-08-31T08:58:23.120535Z
ChIJh_YJdXJnUjoROUqZ9PENlhE,Senthil Food Center,places,en,323,13.0775786,80.20937315,13.07696,80.20773369999999,0,maa2,Chennai,2026-08-31T08:58:23.120537Z
ChIJsReRn6VnUjoR5tcd81o4JEs,A to z work,places,en,323,13.0775786,80.20937315,13.075655699999999,80.2077008,0,maa2,Chennai,2026-08-31T08:58:23.120539Z
ChIJQftKqF9nUjoRnqc_cxBDjoM,Balaji bavan pure veg,places,en,323,13.0775786,80.20937315,13.0765848,80.206929,0,maa2,Chennai,2026-08-31T08:58:23.120541Z
ChIJjy5hRtRnUjoRyHtAvXHESAw,Mani M,places,en,323,13.0775786,80.20937315,13.0765835,80.2069166,0,maa2,Chennai,2026-08-31T08:58:23.120543Z
ChIJlxKZqTBnUjoR4GD_ZshAUAU,A R Ambur Biriyani,places,en,323,13.0775786,80.20937315,13.0771131,80.2119938,0,maa2,Chennai,2026-08-31T08:58:23.120544Z
ChIJHYJSZABnUjoRFuNUWGUTcRM,kathavarayan Mess,places,en,323,13.0775786,80.20937315,13.0766259,80.2068425,0,maa2,Chennai,2026-08-31T08:58:23.120546Z
ChIJ3zbM-ZplUjoRpgupA0JtObk,OMNAA CAFE,places,en,324,13.10129105,80.2035482,13.1014371,80.204402,0,maa2,Chennai,2026-08-31T08:58:23.470359Z
ChIJOTd6xQtlUjoRlNaGwqItUHo,Bismillah Biriyani Point,places,en,324,13.10129105,80.2035482,13.1002429,80.2041223,0,maa2,Chennai,2026-08-31T08:58:23.470376Z
ChIJq4_ws95lUjoRQ8J7x_4VFgA,SRI THIRUMALA FOODS,places,en,324,13.10129105,80.2035482,13.1011983,80.2021192,0,maa2,Chennai,2026-08-31T08:58:23.470381Z
ChIJK_XPLxNkUjoRcSyKsX8Jzg8,Sri Balaji Tiffen Center,places,en,324,13.10129105,80.2035482,13.1017551,80.2021026,0,maa2,Chennai,2026-08-31T08:58:23.470385Z
ChIJw4pTpGBlUjoRsr_pY2fS6OI,M.N.Hotel,places,en,324,13.10129105,80.2035482,13.102882699999999,80.2044178,0,maa2,Chennai,2026-08-31T08:58:23.470389Z
ChIJz-NhTWtkUjoRw9zLpm__yQg,Al-Madina Biryani & Fast Food,places,en,324,13.10129105,80.2035482,13.1025647,80.2049138,0,maa2,Chennai,2026-08-31T08:58:23.470392Z
ChIJU-n0u2xkUjoR8HO205J7YtA,Meat And Eat,places,en,324,13.10129105,80.2035482,13.1031716,80.2036307,0,maa2,Chennai,2026-08-31T08:58:23.470396Z
ChIJLUqrcfVlUjoR36NyeoXq54o,Vibez spot,places,en,324,13.10129105,80.2035482,13.103011299999999,80.20460469999999,0,maa2,Chennai,2026-08-31T08:58:23.470399Z
ChIJi3nwgQNlUjoRUGRTDLWxL3k,VARALAKSHMI TIFFIN CENTRE,places,en,324,13.10129105,80.2035482,13.1033797,80.203332,0,maa2,Chennai,2026-08-31T08:58:23.470403Z
ChIJhYsJtRRkUjoRwSsQSu3mNAM,New Bombay Chicken Biriyani Center,places,en,324,13.10129105,80.2035482,13.1033905,80.2033028,0,maa2,Chennai,2026-08-31T08:58:23.470406Z
ChIJF2pjUABlUjoRUK-lp1CRKBE,Senthil Unavagam 100% Veg opp. to sahas aishwarya,places,en,324,13.10129105,80.2035482,13.0998951,80.201872,0,maa2,Chennai,2026-08-31T08:58:23.470409Z
ChIJB7I_Be9lUjoRlSYRQs4ZDMw,KAVAN FOOD'S,places,en,324,13.10129105,80.2035482,13.102980899999999,80.20216169999999,0,maa2,Chennai,2026-08-31T08:58:23.470413Z
ChIJjyd8AxNkUjoRrcOBIXFWJhE,Amma Unavagam,places,en,324,13.10129105,80.2035482,13.100074699999999,80.2017071,0,maa2,Chennai,2026-08-31T08:58:23.470416Z
ChIJjUztBgBjUjoR0DUXg-8THNM,MK Quality Biriyani Stall,places,en,324,13.10129105,80.2035482,13.103096599999999,80.2022824,0,maa2,Chennai,2026-08-31T08:58:23.470419Z
ChIJ_2XnMQBlUjoRedtrej-ORXg,dot cafe,places,en,324,13.10129105,80.2035482,13.099818400000002,80.20185099999999,0,maa2,Chennai,2026-08-31T08:58:23.470422Z
ChIJsTlUARNkUjoR3etGTHdjgXU,Blue Mint Pizzeria,places,en,324,13.10129105,80.2035482,13.099817199999999,80.2018341,0,maa2,Chennai,2026-08-31T08:58:23.470425Z
ChIJs5JgshZlUjoRJjgbykjnI60,Pizza Hut | Villivakkam,places,en,324,13.10129105,80.2035482,13.103474799999999,80.20299659999999,0,maa2,Chennai,2026-08-31T08:58:23.470429Z
ChIJmREmtY1lUjoROrj1hjh06g8,BEGUM'S CAFE,places,en,324,13.10129105,80.2035482,13.099936999999999,80.2017126,0,maa2,Chennai,2026-08-31T08:58:23.470432Z
ChIJrya85M9lUjoR7d01OjhkaUA,MARWA FOODS,places,en,324,13.10129105,80.2035482,13.1022217,80.2013681,0,maa2,Chennai,2026-08-31T08:58:23.470435Z
ChIJmeyaDn5lUjoRfVa0HC3j_vk,Sujai Yummy Hub (Fresh juice & Snacks),places,en,324,13.10129105,80.2035482,13.1034411,80.2024581,0,maa2,Chennai,2026-08-31T08:58:23.470438Z
ChIJb9HhhtVnUjoR04vj4_svI_E,Best Biriyani,places,en,325,13.0359458,80.27433819999999,13.0346102,80.2737348,0,maa2,Chennai,2026-08-31T08:58:23.763823Z
ChIJWZqQ8dRnUjoRtgDCb3rgL1Q,CLASSIC GRILL,places,en,325,13.0359458,80.27433819999999,13.034514099999999,80.27321719999999,0,maa2,Chennai,2026-08-31T08:58:23.763835Z
ChIJLyQ18rBnUjoRqfEGF4homuk,Breaking Biriyani,places,en,326,13.064471000000001,80.22862710000001,13.064333,80.22888139999999,0,maa2,Chennai,2026-08-31T08:58:24.103862Z
ChIJn3QuV3RnUjoRE8g8nWDz1_Y,Al-Riyadh kitchen,places,en,326,13.064471000000001,80.22862710000001,13.06448,80.228921,0,maa2,Chennai,2026-08-31T08:58:24.103871Z
ChIJI2Lk6AhnUjoR80t2Bio8CkY,Kook Story,places,en,326,13.064471000000001,80.22862710000001,13.0650253,80.2284002,0,maa2,Chennai,2026-08-31T08:58:24.103874Z
ChIJow-awv9nUjoRiOzzTi_LdCI,NEW DHARBAR BIRIYANI,places,en,326,13.064471000000001,80.22862710000001,13.0638238,80.22829940000001,0,maa2,Chennai,2026-08-31T08:58:24.103876Z
ChIJw2mVOSJnUjoRsAbuLxrpzgQ,PUNNAGAI TEA STALL,places,en,326,13.064471000000001,80.22862710000001,13.0638239,80.2282989,0,maa2,Chennai,2026-08-31T08:58:24.103878Z
ChIJkdAnFTJnUjoR6p7t4hDyD0c,SRI SAI HOMELY FOODS,places,en,326,13.064471000000001,80.22862710000001,13.0654899,80.2289823,0,maa2,Chennai,2026-08-31T08:58:24.103880Z
ChIJh6iLOlhlUjoRfPuEJrtV-vM,Foods of South,places,en,326,13.064471000000001,80.22862710000001,13.065332000000001,80.227943,0,maa2,Chennai,2026-08-31T08:58:24.103881Z
ChIJC2KJk4lmUjoRQyMV2OIGF_8,Sappda Vaanga - Pure Vegetarian Caterer Chennai,places,en,326,13.064471000000001,80.22862710000001,13.0645955,80.2301305,0,maa2,Chennai,2026-08-31T08:58:24.103883Z
ChIJzfmB5otmUjoR3egPDOLlufs,Sri Ayyappan Tea Stall,places,en,326,13.064471000000001,80.22862710000001,13.0630834,80.2279634,0,maa2,Chennai,2026-08-31T08:58:24.103884Z
ChIJzRmPiIlmUjoRL1K1Z1v5rZk,taste biryani,places,en,326,13.064471000000001,80.22862710000001,13.063727,80.2300918,0,maa2,Chennai,2026-08-31T08:58:24.103886Z
ChIJ9_11WaVnUjoRdkITJcZjo6Q,Nalla Sappadu,places,en,326,13.064471000000001,80.22862710000001,13.064753699999999,80.22696040000001,0,maa2,Chennai,2026-08-31T08:58:24.103888Z
ChIJ8QlUFa5nUjoRzkG7xnc3rrs,Dindigul Virundhu,places,en,326,13.064471000000001,80.22862710000001,13.0645043,80.23034489999999,0,maa2,Chennai,2026-08-31T08:58:24.103889Z
ChIJDRTRuLtnUjoRQW9iJ3eQ6_I,The Food Menu,places,en,326,13.064471000000001,80.22862710000001,13.0652738,80.22704000000002,0,maa2,Chennai,2026-08-31T08:58:24.103891Z
ChIJndJeGQBnUjoRsnVgrolBy3I,Choolaimedu chappathi shop,places,en,326,13.064471000000001,80.22862710000001,13.064593799999999,80.2304199,0,maa2,Chennai,2026-08-31T08:58:24.103892Z
ChIJWUvRMohmUjoRwXCAeUPBBT4,Meat and Eat,places,en,326,13.064471000000001,80.22862710000001,13.064015099999999,80.23041119999999,0,maa2,Chennai,2026-08-31T08:58:24.103894Z
ChIJMyTAM-hmUjoRsMnpXFLqlow,Bean & Bread,places,en,326,13.064471000000001,80.22862710000001,13.064583299999999,80.2304941,0,maa2,Chennai,2026-08-31T08:58:24.103895Z
ChIJs8nwk4lmUjoROcIH4kevgaQ,Malaysian Parotta Point,places,en,326,13.064471000000001,80.22862710000001,13.064533299999999,80.2305257,0,maa2,Chennai,2026-08-31T08:58:24.103897Z
ChIJ-7b7zdNnUjoRM9sLqA1dNxs,Heychai.in,places,en,326,13.064471000000001,80.22862710000001,13.0627404,80.22936390000001,0,maa2,Chennai,2026-08-31T08:58:24.103899Z
ChIJCxVZNdpnUjoRf8ebAb8LyB0,A N I HALAL FOODS,places,en,326,13.064471000000001,80.22862710000001,13.066414799999999,80.22877640000002,0,maa2,Chennai,2026-08-31T08:58:24.103900Z
ChIJaf2bi4lmUjoRipPUp3BQweQ,Kamatchi News Mart,places,en,326,13.064471000000001,80.22862710000001,13.0638278,80.23053879999999,0,maa2,Chennai,2026-08-31T08:58:24.103902Z
ChIJIXghSWJmUjoR0Ax4dzXwgHg,Sangeetha Veg. Restaurant,places,en,327,13.0709909,80.22487484999999,13.0701477,80.2246311,0,maa2,Chennai,2026-08-31T08:58:24.516009Z
ChIJVTyrooVmUjoRKiEtm4RigFY,"Domino's Pizza | Aminijikarai, Chennai",places,en,327,13.0709909,80.22487484999999,13.0706162,80.2238665,0,maa2,Chennai,2026-08-31T08:58:24.516040Z
ChIJDby8eD5nUjoRU1JVPb_U-5w,KOLLYWOOD KITCHEN,places,en,327,13.0709909,80.22487484999999,13.0702308,80.2238793,0,maa2,Chennai,2026-08-31T08:58:24.516046Z
ChIJO0oU--BnUjoRD033yuSZKpk,Funky Bitez,places,en,327,13.0709909,80.22487484999999,13.0702069,80.2238962,0,maa2,Chennai,2026-08-31T08:58:24.516052Z
ChIJGd6QjoVmUjoR1ofszrs43oo,CHENNAI KULFI,places,en,327,13.0709909,80.22487484999999,13.069756799999999,80.2249185,0,maa2,Chennai,2026-08-31T08:58:24.516056Z
ChIJtebZU2NnUjoR265d_vrtft0,Cryspin,places,en,327,13.0709909,80.22487484999999,13.0694929,80.224774,0,maa2,Chennai,2026-08-31T08:58:24.516060Z
ChIJo1LLeAhnUjoR1QS_dYhiqhY,Biriyaani Palace,places,en,327,13.0709909,80.22487484999999,13.069838500000001,80.2237931,0,maa2,Chennai,2026-08-31T08:58:24.516065Z
ChIJ8ZKJmUlnUjoRLJ57OOynuP0,YAMO sandwich,places,en,327,13.0709909,80.22487484999999,13.069369499999999,80.2248374,0,maa2,Chennai,2026-08-31T08:58:24.516069Z
ChIJsVlri4VmUjoRCfwrrn3JQ28,Oh My Shawarma,places,en,327,13.0709909,80.22487484999999,13.0692936,80.2249053,0,maa2,Chennai,2026-08-31T08:58:24.516073Z
ChIJV77vFgBnUjoRZxzjs-yv6uQ,Tender Kebabs,places,en,327,13.0709909,80.22487484999999,13.0692708,80.2247154,0,maa2,Chennai,2026-08-31T08:58:24.516078Z
ChIJnRGcwztnUjoRBYnEJAe0rw4,Delhi tandoori chaap,places,en,327,13.0709909,80.22487484999999,13.0692726,80.2245969,0,maa2,Chennai,2026-08-31T08:58:24.516082Z
ChIJxdgv9EtnUjoRAbIOy1eIbLE,SHANMUGAM TIFFEN STALL,places,en,327,13.0709909,80.22487484999999,13.0711778,80.22264129999999,0,maa2,Chennai,2026-08-31T08:58:24.516086Z
ChIJb9xQpdBnUjoRHqAWN7sA0VM,Chola's food zone,places,en,327,13.0709909,80.22487484999999,13.0702807,80.2272002,0,maa2,Chennai,2026-08-31T08:58:24.516090Z
ChIJGZmDD4ZmUjoR5hyvwANJ7F4,Jyothilakshmi Tiffin Centre,places,en,327,13.0709909,80.22487484999999,13.0698212,80.2271151,0,maa2,Chennai,2026-08-31T08:58:24.516095Z
ChIJ0ejYD4ZmUjoRIn18OI2FlVc,SPM Homely Food,places,en,327,13.0709909,80.22487484999999,13.069978899999999,80.22724199999999,0,maa2,Chennai,2026-08-31T08:58:24.516099Z
ChIJ79kXhmxnUjoRzQVmB5B_YHs,DHIYAA tiffen centre,places,en,327,13.0709909,80.22487484999999,13.0735198,80.22486459999999,0,maa2,Chennai,2026-08-31T08:58:24.516105Z
ChIJKwzZVo9mUjoR6s2uM2O369M,Ammayi Mess,places,en,327,13.0709909,80.22487484999999,13.0687016,80.2259907,0,maa2,Chennai,2026-08-31T08:58:24.516109Z
ChIJARF6UY9mUjoRcBieaKe7gQs,Malabar Biriyani Center,places,en,327,13.0709909,80.22487484999999,13.0687016,80.2259907,0,maa2,Chennai,2026-08-31T08:58:24.516113Z
ChIJE2TKWABnUjoRzt_G84ed2ls,Anupriya snacks,places,en,327,13.0709909,80.22487484999999,13.0735563,80.2248611,0,maa2,Chennai,2026-08-31T08:58:24.516118Z
ChIJV2ImPwBnUjoRcmdDKHHhZz8,TRAFFIC BBQ,places,en,327,13.0709909,80.22487484999999,13.069887,80.2273541,0,maa2,Chennai,2026-08-31T08:58:24.516121Z
ChIJD4u81o1dUjoRterw9uGkvsc,UNNAVANI FOODS LLP,places,en,328,12.978970050000001,80.2038775,12.9792021,80.20375890000001,0,maa2,Chennai,2026-08-31T08:58:24.823987Z
ChIJCTCoR_9dUjoRFcpzXRb5yy8,Jockey,places,en,328,12.978970050000001,80.2038775,12.9789082,80.20431889999999,0,maa2,Chennai,2026-08-31T08:58:24.823995Z
ChIJL5r4IuJdUjoRbmex7uYEdgI,Mummy's Mess,places,en,328,12.978970050000001,80.2038775,12.978457599999999,80.20430429999999,0,maa2,Chennai,2026-08-31T08:58:24.823997Z
ChIJvyAlqRNdUjoR2W31WDx6ePo,BELL BIRYANI,places,en,328,12.978970050000001,80.2038775,12.9782999,80.2041856,0,maa2,Chennai,2026-08-31T08:58:24.823998Z
ChIJcYSoH9ZdUjoRLsWCqQTaH9Y,Rani Chettinad Mess,places,en,328,12.978970050000001,80.2038775,12.9782757,80.2042278,0,maa2,Chennai,2026-08-31T08:58:24.824000Z
ChIJBQPjmkldUjoRR2u2-pf08p8,Ceylon Parotta and Biriyani Restaurant,places,en,328,12.978970050000001,80.2038775,12.9788663,80.20292289999999,0,maa2,Chennai,2026-08-31T08:58:24.824001Z
ChIJl8zGtLpdUjoRZhIeAMZgWI4,Thariq biriyani (puzhithivakkam),places,en,328,12.978970050000001,80.2038775,12.978154499999999,80.20434159999999,0,maa2,Chennai,2026-08-31T08:58:24.824003Z
ChIJw5ViZMdfUjoRbJ1cJrw-4Hk,Shree Jee Chaats,places,en,328,12.978970050000001,80.2038775,12.978154499999999,80.20434159999999,0,maa2,Chennai,2026-08-31T08:58:24.824004Z
ChIJB1OvLQBdUjoRww_FuxXF3k8,Madurai Chicken,places,en,328,12.978970050000001,80.2038775,12.977771599999999,80.2041753,0,maa2,Chennai,2026-08-31T08:58:24.824005Z
ChIJs2ntAwBdUjoRKzDqDDBLk5w,City square cafeteria,places,en,328,12.978970050000001,80.2038775,12.9776373,80.20413020000001,0,maa2,Chennai,2026-08-31T08:58:24.824007Z
ChIJNXrW1_NdUjoR7nYf5XsGGx0,Golden Tiffin Tea And Coffee Bar,places,en,328,12.978970050000001,80.2038775,12.9805645,80.20425709999999,0,maa2,Chennai,2026-08-31T08:58:24.824008Z
ChIJPccz1_NdUjoRMevAwS1UZ24,OM SARAVANA TEA STALL,places,en,328,12.978970050000001,80.2038775,12.9805905,80.2045754,0,maa2,Chennai,2026-08-31T08:58:24.824009Z
ChIJC6V-V8NdUjoRvsr26goYDps,Sri Selvavinayagar,places,en,328,12.978970050000001,80.2038775,12.979345200000001,80.20157669999999,0,maa2,Chennai,2026-08-31T08:58:24.824011Z
ChIJTb985PNdUjoRVCl0EWOB2Jo,Amma Unavagam,places,en,328,12.978970050000001,80.2038775,12.981165599999999,80.20448859999999,0,maa2,Chennai,2026-08-31T08:58:24.824012Z
ChIJIwulOwBdUjoRP2XKDVcaMv4,Nila Unavagam,places,en,328,12.978970050000001,80.2038775,12.9767548,80.20327209999999,0,maa2,Chennai,2026-08-31T08:58:24.824013Z
ChIJ08eWW1tdUjoRhDckWsg0E9U,RELAX POINT,places,en,328,12.978970050000001,80.2038775,12.9766208,80.2037114,0,maa2,Chennai,2026-08-31T08:58:24.824015Z
ChIJVaxfUQBdUjoRQu_oIKIBjT0,Time Pass Snack 2nd counter,places,en,328,12.978970050000001,80.2038775,12.9766021,80.2039018,0,maa2,Chennai,2026-08-31T08:58:24.824016Z
ChIJEf4LUABdUjoRb3by5-3LhGQ,GURU NATHAN FOODS,places,en,328,12.978970050000001,80.2038775,12.976580199999999,80.2037023,0,maa2,Chennai,2026-08-31T08:58:24.824017Z
ChIJHyppbaJdUjoRxWUWGIsWokE,The Ragi Hub,places,en,328,12.978970050000001,80.2038775,12.9777668,80.2059993,0,maa2,Chennai,2026-08-31T08:58:24.824018Z
ChIJIUHkU8NdUjoRQhWDtq7ziJ4,Bite and eat Food Centre,places,en,328,12.978970050000001,80.2038775,12.977307800000002,80.2056714,0,maa2,Chennai,2026-08-31T08:58:24.824020Z
ChIJkZMG5zVnUjoRdp-HwCCucJE,Ambur Royal Briyani,places,en,329,13.071353,80.18200515000001,13.0704288,80.1829674,0,maa2,Chennai,2026-08-31T08:58:25.144225Z
ChIJRbLS571hUjoRBatglwhpL8s,"Domino's Pizza | Golden George Street, Chennai",places,en,329,13.071353,80.18200515000001,13.072695,80.18170830000001,0,maa2,Chennai,2026-08-31T08:58:25.144235Z
ChIJl3rwhlFhUjoRyA_z2bwr-OU,Antony Biriyani Fast Food,places,en,329,13.071353,80.18200515000001,13.0697537,80.1817143,0,maa2,Chennai,2026-08-31T08:58:25.144239Z
ChIJv2H-egxhUjoRyT8gLN_qJAg,Indian Coffee And Tea Stall,places,en,329,13.071353,80.18200515000001,13.0726526,80.18093089999999,0,maa2,Chennai,2026-08-31T08:58:25.144241Z
ChIJ6dlR1SBhUjoRt-NsDnUmd38,A D S Biryani,places,en,329,13.071353,80.18200515000001,13.0726564,80.1809174,0,maa2,Chennai,2026-08-31T08:58:25.144244Z
ChIJdaccz5phUjoR4WjprCy1SjE,Sri Ganesh Bhavan,places,en,329,13.071353,80.18200515000001,13.0706759,80.1836051,0,maa2,Chennai,2026-08-31T08:58:25.144246Z
ChIJ-aNhWlJhUjoRsz8VHeQWXeo,Sri Lakshmi bhavan,places,en,329,13.071353,80.18200515000001,13.070376399999999,80.1834798,0,maa2,Chennai,2026-08-31T08:58:25.144248Z
ChIJp2WAj1FhUjoRfpAcSgdaoRM,Hot Puffs And Chips,places,en,329,13.071353,80.18200515000001,13.069447,80.181378,0,maa2,Chennai,2026-08-31T08:58:25.144250Z
ChIJN-hRiwthUjoRByS8l1pcWMs,Club 10 chicken,places,en,329,13.071353,80.18200515000001,13.0708209,80.183995,0,maa2,Chennai,2026-08-31T08:58:25.144252Z
ChIJJ01dhlBhUjoR4JtPKzgQS4M,Safar Biriyani and Fast Food,places,en,329,13.071353,80.18200515000001,13.0692691,80.1820572,0,maa2,Chennai,2026-08-31T08:58:25.144254Z
ChIJV6Q0DHxhUjoREAA0V-AuS1A,Halal Biriyani,places,en,329,13.071353,80.18200515000001,13.069241499999999,80.1820474,0,maa2,Chennai,2026-08-31T08:58:25.144257Z
ChIJIwavb01hUjoRMPK8dmngXtQ,Amma Unavagam,places,en,329,13.071353,80.18200515000001,13.069413599999999,80.1810824,0,maa2,Chennai,2026-08-31T08:58:25.144259Z
ChIJFbU9KQphUjoRDdGMdkJvKXA,Moonnight,places,en,329,13.071353,80.18200515000001,13.069352499999999,80.1805297,0,maa2,Chennai,2026-08-31T08:58:25.144261Z
ChIJUQNUSgBhUjoReQfs4QaXwss,Cheap N best cafe,places,en,329,13.071353,80.18200515000001,13.0730857,80.1798965,0,maa2,Chennai,2026-08-31T08:58:25.144263Z
ChIJbY6pvFZvUjoRfDG54VHmaJE,JANAKI TIFFIN KADA,places,en,330,13.12534325,80.28581605,13.125053,80.28620839999999,0,maa2,Chennai,2026-08-31T08:58:25.568490Z
ChIJqTncDSRvUjoRiMQ0oO-b594,A H SHOP,places,en,330,13.12534325,80.28581605,13.125544,80.28503529999999,0,maa2,Chennai,2026-08-31T08:58:25.568521Z
ChIJ0zXhcPxvUjoRgC489kmcDGM,Amma unavagam,places,en,330,13.12534325,80.28581605,13.12584,80.284565,0,maa2,Chennai,2026-08-31T08:58:25.568527Z
ChIJcSm0TQBvUjoRtF5m0eNPju0,KRISHTHIKA S KITCHEN,places,en,330,13.12534325,80.28581605,13.1259608,80.2845949,0,maa2,Chennai,2026-08-31T08:58:25.568531Z
ChIJ3eXvEgBvUjoRwYrUmRzO2WM,Akka tiffen centre,places,en,330,13.12534325,80.28581605,13.1260166,80.2846059,0,maa2,Chennai,2026-08-31T08:58:25.568534Z
ChIJu3vW23lvUjoRGgrIMwS6huE,ஸ்ரீ பாலமுருகன் டிபன் சென்டர்,places,en,330,13.12534325,80.28581605,13.1246204,80.2874635,0,maa2,Chennai,2026-08-31T08:58:25.568539Z
ChIJewbq4vxvUjoRGHMzXYpp4dg,Amma hotal,places,en,330,13.12534325,80.28581605,13.125719,80.2878087,0,maa2,Chennai,2026-08-31T08:58:25.568544Z
ChIJXW5W1HlvUjoRM2FZDvFCBXc,Sweet Truth Tondiarpet,places,en,330,13.12534325,80.28581605,13.1271916,80.284995,0,maa2,Chennai,2026-08-31T08:58:25.568547Z
ChIJ4bjjJWRfUjoRgIS94waJYr4,BOYS KITCHEN FT,places,en,330,13.12534325,80.28581605,13.126040200000002,80.287853,0,maa2,Chennai,2026-08-31T08:58:25.568551Z
ChIJ1Rb3bElvUjoRzKq2feIz_9A,The Good Bowl,places,en,330,13.12534325,80.28581605,13.127491400000002,80.284941,0,maa2,Chennai,2026-08-31T08:58:25.568554Z
ChIJ4cG8eHdvUjoRg6HcHKhp82M,GURU INDIAN FAST FOOD,places,en,330,13.12534325,80.28581605,13.1254058,80.28827830000002,0,maa2,Chennai,2026-08-31T08:58:25.568557Z
ChIJt2Oyh3hvUjoRVYxi6Wd3BOQ,Thameera Food Court,places,en,330,13.12534325,80.28581605,13.127691599999999,80.28493040000001,0,maa2,Chennai,2026-08-31T08:58:25.568560Z
ChIJaR4II4xvUjoRXXoL__ASfeE,Fuel Juice & Pasta Bar | Tondiarpet Branch,places,en,330,13.12534325,80.28581605,13.1277458,80.284897,0,maa2,Chennai,2026-08-31T08:58:25.568563Z
ChIJDT4QGgtvUjoRcbgrQ3bShHE,Behrouz Biryani Tondiarpet,places,en,330,13.12534325,80.28581605,13.127756699999999,80.28491079999999,0,maa2,Chennai,2026-08-31T08:58:25.568567Z
ChIJ9QcBhsNvUjoRuta3IcQ5GUQ,Ovenstory Pizza,places,en,330,13.12534325,80.28581605,13.127777,80.284937,0,maa2,Chennai,2026-08-31T08:58:25.568570Z
ChIJr45xz0JvUjoRS9UcFpW6GNk,Faasos Tondiarpet,places,en,330,13.12534325,80.28581605,13.1278659,80.28498499999999,0,maa2,Chennai,2026-08-31T08:58:25.568573Z
ChIJw9P0GSxnUjoR71L8ucsbnHc,Platezz Cloud Kitchen,places,en,332,13.07526875,80.25512705,13.076825099999999,80.25576780000002,0,maa2,Chennai,2026-08-31T08:58:26.205320Z
ChIJpeaIXgxmUjoRWl_sSSMtkns,Bismi Foods,places,en,332,13.07526875,80.25512705,13.074669100000001,80.2573883,0,maa2,Chennai,2026-08-31T08:58:26.205328Z
ChIJ71hMXwxmUjoRJFLdocWBI30,HOTEL BABY CAFE,places,en,332,13.07526875,80.25512705,13.0741234,80.2572941,0,maa2,Chennai,2026-08-31T08:58:26.205330Z
ChIJLT7VHwBnUjoRBNjeuTlMVV8,G roll,places,en,333,13.0501491,80.22767635,13.0488898,80.2270357,0,maa2,Chennai,2026-08-31T08:58:26.522623Z
ChIJdY3tNfdnUjoRs9JF2KxMg5Q,The Momo Kart,places,en,333,13.0501491,80.22767635,13.048778299999999,80.2269384,0,maa2,Chennai,2026-08-31T08:58:26.522632Z
ChIJl6bQIPRmUjoR3jmwGYW3QYA,halal food court kabab,places,en,333,13.0501491,80.22767635,13.051952799999999,80.22812789999999,0,maa2,Chennai,2026-08-31T08:58:26.522635Z
ChIJqyR2oPZmUjoRQ0oFY5zhu50,Tavern Bar,places,en,333,13.0501491,80.22767635,13.0520587,80.2278365,0,maa2,Chennai,2026-08-31T08:58:26.522637Z
ChIJ9zaoH_RmUjoRbZgYPdDxln4,Ginger Restaurant,places,en,333,13.0501491,80.22767635,13.052216999999999,80.227809,0,maa2,Chennai,2026-08-31T08:58:26.522639Z
ChIJHbC1BPRmUjoRJq5ShwPqYwM,Arabian Kebab Centre,places,en,333,13.0501491,80.22767635,13.0522318,80.2276555,0,maa2,Chennai,2026-08-31T08:58:26.522641Z
ChIJMz7wA1VnUjoRAFldaN88HwI,HFC Kebab stall,places,en,333,13.0501491,80.22767635,13.0521949,80.2281975,0,maa2,Chennai,2026-08-31T08:58:26.522642Z
ChIJU6cEuPNmUjoRCOEGg-x6pdM,Saravana Coffee Kodambakkam,places,en,333,13.0501491,80.22767635,13.052223099999999,80.2281404,0,maa2,Chennai,2026-08-31T08:58:26.522644Z
ChIJp946KPRmUjoRukIx78bRgNA,Arshad biriyani centre,places,en,333,13.0501491,80.22767635,13.0521535,80.2285658,0,maa2,Chennai,2026-08-31T08:58:26.522646Z
ChIJJzbIJ_RmUjoRqcsdiYS5SqY,Iqra Veg Biriyani,places,en,333,13.0501491,80.22767635,13.0521739,80.2285392,0,maa2,Chennai,2026-08-31T08:58:26.522648Z
ChIJS4r9IfRmUjoRbeUxwU3Nv48,Samskruthi Home Food,places,en,333,13.0501491,80.22767635,13.0523636,80.22795219999999,0,maa2,Chennai,2026-08-31T08:58:26.522649Z
ChIJy-afIfRmUjoRAAAAMNk8lW8,Tastt RESTAURANT,places,en,333,13.0501491,80.22767635,13.0523645,80.2281097,0,maa2,Chennai,2026-08-31T08:58:26.522651Z
ChIJtYWINvdmUjoRpa2V-LMgIOo,Sri Sabari Andhra Mess,places,en,333,13.0501491,80.22767635,13.0479325,80.226942,0,maa2,Chennai,2026-08-31T08:58:26.522653Z
ChIJf_dQ9RRnUjoRiRWw_cgyhc0,Meeting Point,places,en,333,13.0501491,80.22767635,13.052254699999999,80.22870759999999,0,maa2,Chennai,2026-08-31T08:58:26.522655Z
ChIJhUIwxRNnUjoR_mk_l4y834Q,Mamee Soups Kodambakkam,places,en,333,13.0501491,80.22767635,13.052028199999999,80.2292445,0,maa2,Chennai,2026-08-31T08:58:26.522656Z
ChIJp2YXWw5nUjoR_MloQhlRxcM,Rahul Foundations & Groups,places,en,334,13.01851615,80.222741,13.019613,80.223171,0,maa2,Chennai,2026-08-31T08:58:26.862011Z
ChIJdegDbHVnUjoROULRHfjcH1I,AJITH BEEF BIRIYANI,places,en,334,13.01851615,80.222741,13.0190282,80.2241751,0,maa2,Chennai,2026-08-31T08:58:26.862019Z
ChIJK6YNUw5nUjoRREKjQYQ-MVQ,ஃப்ரண்ட்ஸ் பாஸ்ட் ஃபுட்,places,en,334,13.01851615,80.222741,13.0204126,80.2233187,0,maa2,Chennai,2026-08-31T08:58:26.862021Z
ChIJgxXqitpnUjoRm9eXWqA41P8,AJITH BEEF BIRIYANI,places,en,334,13.01851615,80.222741,13.0201545,80.22463979999999,0,maa2,Chennai,2026-08-31T08:58:26.862024Z
ChIJHZ9t4w5nUjoRjgNQknfW_Do,ROYAL SNACKS,places,en,334,13.01851615,80.222741,13.0203118,80.224548,0,maa2,Chennai,2026-08-31T08:58:26.862025Z
ChIJSymkAg9nUjoRz1IiL1obwhg,Hotel Virudhunagar,places,en,334,13.01851615,80.222741,13.020536499999999,80.2244032,0,maa2,Chennai,2026-08-31T08:58:26.862027Z
ChIJETwZ5Q5nUjoRU77lsg8Kki8,Mani Karaikudi chettinad restaurant,places,en,334,13.01851615,80.222741,13.020437,80.2245413,0,maa2,Chennai,2026-08-31T08:58:26.862028Z
ChIJx5HSKABnUjoRa5GDd5k7aCo,Mg ambur biriyani .,places,en,335,13.02254415,80.22976185,13.0237582,80.2278449,0,maa2,Chennai,2026-08-31T08:58:27.260097Z
ChIJ0TvaIgZnUjoRGGn94uM_fhw,MOONS Fast Food,places,en,335,13.02254415,80.22976185,13.0242417,80.2280973,0,maa2,Chennai,2026-08-31T08:58:27.260105Z
ChIJXbs2SopnUjoRirQj-HHReKw,Idiyappam Puttu Kadai,places,en,335,13.02254415,80.22976185,13.023827299999999,80.22770469999999,0,maa2,Chennai,2026-08-31T08:58:27.260108Z
ChIJ7ZHeHAZnUjoR2kfDusw4Lwc,MOTHERLAND COOL BAR,places,en,335,13.02254415,80.22976185,13.023554899999999,80.2275485,0,maa2,Chennai,2026-08-31T08:58:27.260110Z
ChIJVxBXeF9nUjoRc_cd8XQvjk4,ROYAL SNACKS,places,en,335,13.02254415,80.22976185,13.0238342,80.22766349999999,0,maa2,Chennai,2026-08-31T08:58:27.260111Z
ChIJvbkqAwBnUjoRh9_e08XM9a4,Madras Petta Biriyani (Food Truck),places,en,335,13.02254415,80.22976185,13.0240625,80.2278219,0,maa2,Chennai,2026-08-31T08:58:27.260113Z
ChIJnfiMkZhnUjoRmQiB6TlMG10,AJMEER TEA STALL,places,en,335,13.02254415,80.22976185,13.0237284,80.2275887,0,maa2,Chennai,2026-08-31T08:58:27.260115Z
ChIJdZhlEqBnUjoR9YdlIbBWgyA,Ajmeer Coll Bar,places,en,335,13.02254415,80.22976185,13.0237366,80.2274517,0,maa2,Chennai,2026-08-31T08:58:27.260116Z
ChIJpc3EPQBnUjoRF4XWzLlVBcs,Zwarma saidapet (Friendly Foodie),places,en,335,13.02254415,80.22976185,13.0237214,80.2274298,0,maa2,Chennai,2026-08-31T08:58:27.260118Z
ChIJU_y9jjFnUjoR4ah9sOafOOg,AJ COOL BAR ICE CREAM SHOP 2,places,en,335,13.02254415,80.22976185,13.0237744,80.2274546,0,maa2,Chennai,2026-08-31T08:58:27.260120Z
ChIJnwASR4NnUjoR0EheoGzkgJE,Foodie Buddie,places,en,335,13.02254415,80.22976185,13.0237744,80.2274546,0,maa2,Chennai,2026-08-31T08:58:27.260121Z
ChIJLcwGRQ9nUjoRDfJ2AG6Wr_0,Ambur Royal Biriyani,places,en,335,13.02254415,80.22976185,13.0237745,80.2274363,0,maa2,Chennai,2026-08-31T08:58:27.260123Z
ChIJ7cfSAaBnUjoRafMVkLcsx1s,CRISPY CORNER,places,en,336,13.0260258,80.2658306,13.0250649,80.2678311,0,maa2,Chennai,2026-08-31T08:58:27.665549Z
ChIJ23bmNyBnUjoRCEMfEr0o3B4,Shankar's food hotel,places,en,336,13.0260258,80.2658306,13.0268479,80.2681796,0,maa2,Chennai,2026-08-31T08:58:27.665558Z
ChIJcyUs9dBnUjoRXFj8z0b92to,WONDERFUL FOODIE SPOT,places,en,336,13.0260258,80.2658306,13.0265668,80.26841,0,maa2,Chennai,2026-08-31T08:58:27.665560Z
ChIJh8zOZKpnUjoRLxEqPx8ZT2s,KAMATCHE MESS,places,en,336,13.0260258,80.2658306,13.028599999999999,80.2663966,0,maa2,Chennai,2026-08-31T08:58:27.665562Z
ChIJT883ip9nUjoRDwZUCrUJC38,Iniyan Manchatti Meen Kulambu,places,en,337,12.99469185,80.26169755000001,12.994392,80.261427,0,maa2,Chennai,2026-08-31T08:58:27.976558Z
ChIJl0uz8fxnUjoRQzSkvqVvY0g,Alima Chicken Briyani,places,en,337,12.99469185,80.26169755000001,12.9955024,80.26150319999999,0,maa2,Chennai,2026-08-31T08:58:27.976566Z
ChIJCfiaxfZnUjoRivTnOv2rfik,Mm Biryani & Fast Food,places,en,337,12.99469185,80.26169755000001,12.9956217,80.2618911,0,maa2,Chennai,2026-08-31T08:58:27.976569Z
ChIJH7fTzfZnUjoR0ZAbN5quGxM,New Vaniyambadi Dum Biriyani & Fast Food,places,en,337,12.99469185,80.26169755000001,12.9960662,80.2619416,0,maa2,Chennai,2026-08-31T08:58:27.976572Z
ChIJGwkqH2VnUjoRiHvL8xxgIOE,R.K.BIRIYANI,places,en,337,12.99469185,80.26169755000001,12.996199599999999,80.2616707,0,maa2,Chennai,2026-08-31T08:58:27.976574Z
ChIJS9IT2VxnUjoR7iokVKFtDv8,Biryani Payanam,places,en,337,12.99469185,80.26169755000001,12.9935356,80.26264719999999,0,maa2,Chennai,2026-08-31T08:58:27.976575Z
ChIJk3bTCHBnUjoRUtbBUB_vAto,Mughal Biriyani,places,en,337,12.99469185,80.26169755000001,12.9962205,80.26171839999999,0,maa2,Chennai,2026-08-31T08:58:27.976577Z
ChIJbZthHPBnUjoRVJHQ7-6JIew,Sri Karpaga Vinayaga Tiffin Centre,places,en,337,12.99469185,80.26169755000001,12.9961524,80.2623231,0,maa2,Chennai,2026-08-31T08:58:27.976579Z
ChIJy4KC5OBnUjoRngZ7LTOPUs0,VEG HOUSE Restaurant,places,en,337,12.99469185,80.26169755000001,12.996094699999999,80.2626737,0,maa2,Chennai,2026-08-31T08:58:27.976580Z
ChIJb12lKvdnUjoRP6ArM3Xp3aY,Sree Ram Bhavan,places,en,337,12.99469185,80.26169755000001,12.9962558,80.26248389999999,0,maa2,Chennai,2026-08-31T08:58:27.976582Z
ChIJJV2gjHZnUjoRBoFd-ZTS5So,Boss Briyani,places,en,337,12.99469185,80.26169755000001,12.9965087,80.2621223,0,maa2,Chennai,2026-08-31T08:58:27.976584Z
ChIJeUmv1ndnUjoRsK0v5vp8z_U,Sai Fast Food,places,en,337,12.99469185,80.26169755000001,12.996036,80.263435,0,maa2,Chennai,2026-08-31T08:58:27.976587Z
ChIJWyawYBhdUjoR9s8i7x3_y9w,Amudha Tiffin Centre,places,en,338,12.9679015,80.23637124999999,12.9676666,80.23647270000001,0,maa2,Chennai,2026-08-31T08:58:28.291699Z
ChIJcZRdsHRdUjoRViZ5PbBtds4,SHANMUGAM HOTEL & CAFÉ,places,en,338,12.9679015,80.23637124999999,12.967604699999999,80.2368647,0,maa2,Chennai,2026-08-31T08:58:28.291708Z
ChIJbcRQmD5dUjoRBmGEO2Iu758,Aaya Restaurant,places,en,338,12.9679015,80.23637124999999,12.967508299999999,80.2368783,0,maa2,Chennai,2026-08-31T08:58:28.291710Z
ChIJJzNWo3RdUjoRA171Y9lOJpM,ROBERT'S CUT 2 EAT,places,en,338,12.9679015,80.23637124999999,12.9680605,80.23702229999999,0,maa2,Chennai,2026-08-31T08:58:28.291713Z
ChIJhX2ERwBdUjoRy7VojVoBeiQ,Elite cafe,places,en,338,12.9679015,80.23637124999999,12.9678574,80.2374773,0,maa2,Chennai,2026-08-31T08:58:28.291714Z
ChIJ121qK3VdUjoRAAAAMCRuBhI,New Nellai Broilers,places,en,338,12.9679015,80.23637124999999,12.967234399999999,80.2353109,0,maa2,Chennai,2026-08-31T08:58:28.291716Z
ChIJdbnE73RdUjoRG_cMN5ogadg,ஸ்ரீ பெரியாண்டவர் பேன்சி ஸ்டோர்,places,en,338,12.9679015,80.23637124999999,12.9690312,80.2356574,0,maa2,Chennai,2026-08-31T08:58:28.291718Z
ChIJM348KnVdUjoREmqRBz0LedQ,MANNA UNAVAGAM,places,en,338,12.9679015,80.23637124999999,12.9672479,80.2348129,0,maa2,Chennai,2026-08-31T08:58:28.291720Z
ChIJ1YsciwJdUjoRrMBqmmDzzrA,Soup Stall & Sea Food,places,en,338,12.9679015,80.23637124999999,12.9677179,80.2381419,0,maa2,Chennai,2026-08-31T08:58:28.291722Z
ChIJz1j10WdpUjoRZRvQFRVAb5M,SRI BALAJI TIFFIN AND FAST FOOD,places,en,341,13.0528737,80.2782677,13.0511346,80.2783374,0,maa2,Chennai,2026-08-31T08:58:29.326894Z
ChIJP-6ZXQBnUjoRyAC6985tmnc,Sri Parthasarathy soup stall,places,en,341,13.0528737,80.2782677,13.0536634,80.27636799999999,0,maa2,Chennai,2026-08-31T08:58:29.326902Z
ChIJP6L0LwBnUjoRSRErak25qR8,SRI Parthasarathy soup stall,places,en,341,13.0528737,80.2782677,13.0536634,80.27636799999999,0,maa2,Chennai,2026-08-31T08:58:29.326905Z
ChIJ7zzsbidmUjoR7RxNq0_QqU0,Hotel Sri Viveka,places,en,341,13.0528737,80.2782677,13.052020400000002,80.2757822,0,maa2,Chennai,2026-08-31T08:58:29.326907Z
ChIJiXQ5FCdmUjoRUybigeZ67cU,Vani tea cool Bar,places,en,341,13.0528737,80.2782677,13.052059199999999,80.275677,0,maa2,Chennai,2026-08-31T08:58:29.326909Z
ChIJI96wG_JnUjoRfckFoPdp1Xk,Adyar Sadic Proteins,places,en,343,13.0018393,80.2595177,13.002680999999999,80.2597273,0,maa2,Chennai,2026-08-31T08:58:29.984078Z
ChIJi0mPyj5nUjoRX1rtepDo_2M,MAJO FOODS,places,en,343,13.0018393,80.2595177,13.004122299999999,80.26009069999999,0,maa2,Chennai,2026-08-31T08:58:29.984087Z
ChIJ4QKGaHpnUjoRFg3dtaIoDEA,Jameer Biriyani,places,en,343,13.0018393,80.2595177,13.0033041,80.25745909999999,0,maa2,Chennai,2026-08-31T08:58:29.984089Z
ChIJOfmWlRpnUjoRdWxp3ZtOYQo,Teru Adyar | South Indian Street Food,places,en,343,13.0018393,80.2595177,13.004256100000001,80.2605914,0,maa2,Chennai,2026-08-31T08:58:29.984091Z
ChIJe3Gn58xnUjoRnlMR2Q4-xqE,Burger 23,places,en,343,13.0018393,80.2595177,13.0018166,80.2567699,0,maa2,Chennai,2026-08-31T08:58:29.984092Z
ChIJN12tJJdnUjoR41ahLEj8k3o,Pradgya Flavors,places,en,344,13.02279965,80.213955,13.021509199999999,80.2125872,0,maa2,Chennai,2026-08-31T08:58:30.377916Z
ChIJPSCTGNhnUjoRrqpNZO5H8z8,Alka Kadai,places,en,344,13.02279965,80.213955,13.0212755,80.21557849999999,0,maa2,Chennai,2026-08-31T08:58:30.377929Z
ChIJnSxNzT5nUjoRfi24Lp8ip9A,Arani vilas,places,en,344,13.02279965,80.213955,13.022614200000001,80.2163403,0,maa2,Chennai,2026-08-31T08:58:30.377932Z
ChIJM5qQSBFnUjoRGFlNWpUGe-E,ESHI'S SANDWICH,places,en,344,13.02279965,80.213955,13.0219235,80.21630400000001,0,maa2,Chennai,2026-08-31T08:58:30.377934Z
ChIJSwOEZYlnUjoR5ppHoPB_2i4,Babu Tea Stall,places,en,345,13.0188253,80.2366921,13.0192844,80.23414629999999,0,maa2,Chennai,2026-08-31T08:58:30.689256Z
ChIJ3YePudplUjoRLGvmUuoCdZM,Palmyra Coffee பனங்கருப்பட்டி காபி,places,en,346,13.105887599999999,80.24026475,13.1081857,80.2416318,0,maa2,Chennai,2026-08-31T08:58:31.039349Z
ChIJt8SacABnUjoRoqUpsGUFxio,RSV Comfort Kitchen,places,en,347,13.04469785,80.1952453,13.0444888,80.1944008,0,maa2,Chennai,2026-08-31T08:58:31.456326Z
ChIJGde0JABnUjoRDDiAIDHIShM,SS majith,places,en,347,13.04469785,80.1952453,13.044412999999999,80.19415599999999,0,maa2,Chennai,2026-08-31T08:58:31.456339Z
ChIJ7ylgOL9nUjoRRcTD989dy-s,Mahalakshmi Tiffin Centre,places,en,347,13.04469785,80.1952453,13.044289599999999,80.1938232,0,maa2,Chennai,2026-08-31T08:58:31.456343Z
ChIJ1VHY-tFmUjoRK8bapz1sERA,Viagra Biriyani,places,en,347,13.04469785,80.1952453,13.0445595,80.19370479999999,0,maa2,Chennai,2026-08-31T08:58:31.456346Z
ChIJyQXFgNdnUjoRSM4gBeE9x1Q,Penne N Pan,places,en,347,13.04469785,80.1952453,13.0439953,80.1937532,0,maa2,Chennai,2026-08-31T08:58:31.456348Z
ChIJq0DqfNZnUjoRdL-rXNAcbNg,Vaishu's Kitchen,places,en,347,13.04469785,80.1952453,13.043067599999999,80.1952652,0,maa2,Chennai,2026-08-31T08:58:31.456351Z
ChIJ3w30X6lnUjoR-JKnbDY-AR4,Vimala Koozh Shop,places,en,347,13.04469785,80.1952453,13.0438767,80.1937315,0,maa2,Chennai,2026-08-31T08:58:31.456353Z
ChIJUV8evGBnUjoR4WMy5q_qhqY,CHAI N BUN,places,en,347,13.04469785,80.1952453,13.0438257,80.1937331,0,maa2,Chennai,2026-08-31T08:58:31.456356Z
ChIJyRH1rtFmUjoR1WGwD7kPArQ,Amma Unavagam,places,en,347,13.04469785,80.1952453,13.0428223,80.1951832,0,maa2,Chennai,2026-08-31T08:58:31.456359Z
ChIJ-z8a-dFmUjoRtDF-kXfaxg8,PANDIAN HOTEL,places,en,347,13.04469785,80.1952453,13.044597999999999,80.1933019,0,maa2,Chennai,2026-08-31T08:58:31.456361Z
ChIJCePa-NFmUjoRlCv-UmV3XVI,Hotel Sowparnika,places,en,347,13.04469785,80.1952453,13.044663,80.19325769999999,0,maa2,Chennai,2026-08-31T08:58:31.456363Z
ChIJU2cFuadnUjoRlMJ4sciO8lY,Nellai Ariyas,places,en,347,13.04469785,80.1952453,13.044611699999999,80.19324739999999,0,maa2,Chennai,2026-08-31T08:58:31.456366Z
ChIJX-_YBQBnUjoRVrftFmlo818,Jp unavagam,places,en,347,13.04469785,80.1952453,13.043426799999999,80.19363609999999,0,maa2,Chennai,2026-08-31T08:58:31.456368Z
ChIJPa_pTgBnUjoRXZvyZjJYdYQ,SMUGLERZ,places,en,347,13.04469785,80.1952453,13.0437079,80.1970621,0,maa2,Chennai,2026-08-31T08:58:31.456371Z
ChIJtwVbl9pmUjoR07Dlstm7Cu0,Burmese Kitchen,places,en,347,13.04469785,80.1952453,13.0446616,80.19315189999999,0,maa2,Chennai,2026-08-31T08:58:31.456373Z
ChIJoVdS3eRhUjoRTGGDbF_6m3k,Marina Sea Food Restaurant,places,en,347,13.04469785,80.1952453,13.043468899999999,80.19355879999999,0,maa2,Chennai,2026-08-31T08:58:31.456375Z
ChIJESQ9agBnUjoRi_9DPR9SZAs,Marina kadal virunthu,places,en,347,13.04469785,80.1952453,13.043191,80.19380199999999,0,maa2,Chennai,2026-08-31T08:58:31.456377Z
ChIJRac_tEBnUjoRzSSZWgUvCvE,RANI AKKA KAL MEEN KADAI,places,en,347,13.04469785,80.1952453,13.0432852,80.19367989999999,0,maa2,Chennai,2026-08-31T08:58:31.456380Z
ChIJz7Ig2XxnUjoRsB7SXNl9d6Y,Rimies Healthy Bites,places,en,347,13.04469785,80.1952453,13.043017299999999,80.1965388,0,maa2,Chennai,2026-08-31T08:58:31.456382Z
ChIJxcmgfsJnUjoRL9NKCY-_I9o,Star Burma - Atho Point,places,en,347,13.04469785,80.1952453,13.0445649,80.19305229999999,0,maa2,Chennai,2026-08-31T08:58:31.456384Z
ChIJx59Wy-5lUjoRYW-nsD4Cwvo,The chaat zone,places,en,348,13.117350049999999,80.23984865,13.115750199999999,80.2391067,0,maa2,Chennai,2026-08-31T08:58:31.858169Z
ChIJQVRhk45lUjoRLV_TjBUQbt4,AL-ADDU FAST FOOD,places,en,348,13.117350049999999,80.23984865,13.116990399999999,80.23726549999999,0,maa2,Chennai,2026-08-31T08:58:31.858180Z
ChIJO-fo6K9lUjoRZ8sSbJYj7hM,ஸ்ரீ ஆதி உணவகம்,places,en,348,13.117350049999999,80.23984865,13.1161332,80.24217279999999,0,maa2,Chennai,2026-08-31T08:58:31.858183Z
ChIJdZlx6hVlUjoRPINifaPX04s,UMARANI TIFFEN CENTER,places,en,348,13.117350049999999,80.23984865,13.115859200000001,80.2375914,0,maa2,Chennai,2026-08-31T08:58:31.858186Z
ChIJAQAAwLRnUjoROO006X2Tu-w,Shri Sivasai Mess,places,en,349,13.03858005,80.2588772,13.040761999999999,80.25873589999999,0,maa2,Chennai,2026-08-31T08:58:32.202846Z
ChIJfSL7YYtnUjoRSULYXv_Iasc,"V SQUARE, OLIVER ROAD, CIT COLONY",places,en,349,13.03858005,80.2588772,13.0391468,80.2611676,0,maa2,Chennai,2026-08-31T08:58:32.202863Z
ChIJSTy2OzRmUjoRz8bb0Rv-4K4,Annachi Tiffin Center,places,en,349,13.03858005,80.2588772,13.0408137,80.25812069999999,0,maa2,Chennai,2026-08-31T08:58:32.202868Z
ChIJuROZVGBnUjoRerqCt9bam0E,Mokka Cafe & Restaurant,places,en,349,13.03858005,80.2588772,13.0408058,80.2579181,0,maa2,Chennai,2026-08-31T08:58:32.202873Z
ChIJg6Vk1oRnUjoR9zlxSb-09Xk,"Alwarpet Midnight Express | South Indian, Chettinad and Chinese Restaurant",places,en,349,13.03858005,80.2588772,13.040994500000002,80.25861359999999,0,maa2,Chennai,2026-08-31T08:58:32.202876Z
ChIJwzTYNnFhUjoRrPoSXfFicYw,Richman's pizza,places,en,350,13.03231015,80.18725745,13.031816099999999,80.18744079999999,0,maa2,Chennai,2026-08-31T08:58:32.510950Z
ChIJfbLeNNVgUjoRD43rP88sCKY,Time Food Mini Restaurant,places,en,350,13.03231015,80.18725745,13.0318077,80.1874404,0,maa2,Chennai,2026-08-31T08:58:32.510966Z
ChIJwZwZC4FhUjoRIZp0PI5YlP8,Smoke House BBQ,places,en,350,13.03231015,80.18725745,13.0317413,80.1871822,0,maa2,Chennai,2026-08-31T08:58:32.510970Z
ChIJb4EUPQBhUjoRKX7e_3Btfi4,Abdullha Beef Center,places,en,350,13.03231015,80.18725745,13.031735000000001,80.18726869999999,0,maa2,Chennai,2026-08-31T08:58:32.510972Z
ChIJSzJxE9VgUjoRz4p1WmrTnSc,Sri Amman Tea Stall,places,en,350,13.03231015,80.18725745,13.0317238,80.1873816,0,maa2,Chennai,2026-08-31T08:58:32.510975Z
ChIJpU9Tr11hUjoRg2KZXslAxZo,Abdullah Beef Biriyani,places,en,350,13.03231015,80.18725745,13.0314839,80.18742,0,maa2,Chennai,2026-08-31T08:58:32.510978Z
ChIJSZoiCABnUjoRWvZpxFIW6ts,Broz Burger,places,en,350,13.03231015,80.18725745,13.031709,80.18787789999999,0,maa2,Chennai,2026-08-31T08:58:32.510981Z
ChIJMchTPtVgUjoRKHivsS4nIWs,Lettet B Restaurant,places,en,350,13.03231015,80.18725745,13.031804099999999,80.18629349999999,0,maa2,Chennai,2026-08-31T08:58:32.510983Z
ChIJu9ar6-hhUjoR5xyNYGJJD2M,Waffle nu shop,places,en,350,13.03231015,80.18725745,13.0318008,80.18628100000001,0,maa2,Chennai,2026-08-31T08:58:32.510986Z
ChIJ9xJPDwBnUjoRFCA3CtXZHfU,Samayal Arai,places,en,350,13.03231015,80.18725745,13.0330698,80.1881265,0,maa2,Chennai,2026-08-31T08:58:32.510989Z
ChIJvSLQNABhUjoRkwa3DtBvQFc,Sree Venkateswara Tiffan,places,en,350,13.03231015,80.18725745,13.0331955,80.1864332,0,maa2,Chennai,2026-08-31T08:58:32.510992Z
ChIJofOEvSpnUjoR_mAEeu7JxNs,SREE DARSHINI GRILL WORKS,places,en,350,13.03231015,80.18725745,13.0328869,80.18883240000001,0,maa2,Chennai,2026-08-31T08:58:32.510996Z
ChIJZYEtdrhnUjoRtlrjzxWKz7U,Chennai Snacks,places,en,351,13.07594225,80.22981730000001,13.075163,80.228999,0,maa2,Chennai,2026-08-31T08:58:32.910031Z
ChIJLUTOEmdnUjoRMr4pQqVrAG4,Chettinadu Unavagam,places,en,351,13.07594225,80.22981730000001,13.0745355,80.2295774,0,maa2,Chennai,2026-08-31T08:58:32.910046Z
ChIJedY9IwBnUjoRdSBNu34Mr5w,Altaj Biriyani Aminjikarai,places,en,351,13.07594225,80.22981730000001,13.074432999999999,80.2295417,0,maa2,Chennai,2026-08-31T08:58:32.910052Z
ChIJ44j7YmVnUjoRb5cteZdfHkw,Thakva Cafe,places,en,351,13.07594225,80.22981730000001,13.0743993,80.23034369999999,0,maa2,Chennai,2026-08-31T08:58:32.910056Z
ChIJ47X0M4FmUjoROgRg7AnIaQ0,Dinesh Snacks,places,en,351,13.07594225,80.22981730000001,13.0751145,80.2283139,0,maa2,Chennai,2026-08-31T08:58:32.910060Z
ChIJH1Q7NhpnUjoRHs_rk7D34eg,Jesse D' Grand,places,en,351,13.07594225,80.22981730000001,13.074331899999999,80.2289752,0,maa2,Chennai,2026-08-31T08:58:32.910064Z
ChIJk1wf0YZmUjoRqBeAX2R4cKs,JHS HOTEL,places,en,351,13.07594225,80.22981730000001,13.0743523,80.228905,0,maa2,Chennai,2026-08-31T08:58:32.910068Z
ChIJMRm-NJ1nUjoRAqbXOdoV07E,Vimala Tiffen Centre,places,en,351,13.07594225,80.22981730000001,13.075282399999999,80.22756199999999,0,maa2,Chennai,2026-08-31T08:58:32.910071Z
ChIJ5f1sZABnUjoReQ9nb-p9CVo,Aminjikarai Bhai biriyani,places,en,351,13.07594225,80.22981730000001,13.0752822,80.227541,0,maa2,Chennai,2026-08-31T08:58:32.910074Z
ChIJv1tQoL1nUjoR_tk2l1L0wWg,Arun Tea Stall,places,en,351,13.07594225,80.22981730000001,13.0743049,80.22812309999999,0,maa2,Chennai,2026-08-31T08:58:32.910078Z
ChIJmanwl4tnUjoRwZa5-_o09SM,MD SAMOSA SHOP,places,en,351,13.07594225,80.22981730000001,13.074324599999999,80.2280577,0,maa2,Chennai,2026-08-31T08:58:32.910081Z
ChIJv8ZfK9pnUjoRDUV-fN_F928,Red Kozhi - Shenoy nagar,places,en,351,13.07594225,80.22981730000001,13.075050599999999,80.22755529999999,0,maa2,Chennai,2026-08-31T08:58:32.910084Z
ChIJR3s-HhdnUjoR6WI9I4_NKrk,Dr SM Sivaraj - Best Gastroenterologist Surgeon in Chennai/Gall Bladder/Laparoscopic/Pancreas/Gastro Specialist in Chennai,places,en,351,13.07594225,80.22981730000001,13.075830999999999,80.2272952,0,maa2,Chennai,2026-08-31T08:58:32.910087Z
ChIJ3625hK1nUjoRE_qsDiYNyqo,"Potful Biryani, Shenoy Nagar",places,en,351,13.07594225,80.22981730000001,13.073418799999999,80.23012969999999,0,maa2,Chennai,2026-08-31T08:58:32.910091Z
ChIJBSS0TYFmUjoR6tXNqOcRL58,Minar Biriyani,places,en,351,13.07594225,80.22981730000001,13.0749772,80.2273712,0,maa2,Chennai,2026-08-31T08:58:32.910096Z
ChIJYzm7YVNnUjoROxvTXU9Td8s,FLAMES and GRILLS,places,en,351,13.07594225,80.22981730000001,13.0754323,80.2272143,0,maa2,Chennai,2026-08-31T08:58:32.910099Z
ChIJCRTuziFnUjoRU_Z0VyaxuEk,Raasi Bites,places,en,351,13.07594225,80.22981730000001,13.075429699999999,80.2272071,0,maa2,Chennai,2026-08-31T08:58:32.910102Z
ChIJK6kveUVnUjoR8d1i5cor370,Manoj Bhavan Veg Restaurant,places,en,352,13.0352859,80.21602595,13.0350752,80.2162862,0,maa2,Chennai,2026-08-31T08:58:33.218785Z
ChIJhUSwEeJmUjoR9IpDDuIDssk,Mansukh's Sweets and Snacks,places,en,352,13.0352859,80.21602595,13.035538599999999,80.2163329,0,maa2,Chennai,2026-08-31T08:58:33.218793Z
ChIJcTKn0FBnUjoRzMzdJyTflMk,SRI GANAPATHI TIFFIN CENTER,places,en,352,13.0352859,80.21602595,13.0356639,80.2162141,0,maa2,Chennai,2026-08-31T08:58:33.218796Z
ChIJA1K6dM5nUjoRNLq6SmU4i20,Super Munch,places,en,352,13.0352859,80.21602595,13.0358506,80.2163456,0,maa2,Chennai,2026-08-31T08:58:33.218798Z
ChIJvTrg02BnUjoRf2xCGwXW_Fs,DICSHATH TIFFIN CENTRE,places,en,352,13.0352859,80.21602595,13.0343042,80.2162302,0,maa2,Chennai,2026-08-31T08:58:33.218800Z
ChIJZ3F5EepnUjoRhaRUwJ2YF0M,Aachi Namma Kitchen | Ashok Nagar,places,en,352,13.0352859,80.21602595,13.0341287,80.2162701,0,maa2,Chennai,2026-08-31T08:58:33.218802Z
ChIJ1-F_ab1nUjoRTQzxfhs8ciU,New Ganesh Cafe,places,en,352,13.0352859,80.21602595,13.034122499999999,80.2169548,0,maa2,Chennai,2026-08-31T08:58:33.218804Z
ChIJnSyqFy9nUjoRe6kd7E-FKmE,THAMARAI TEA STALL,places,en,352,13.0352859,80.21602595,13.034068999999999,80.216999,0,maa2,Chennai,2026-08-31T08:58:33.218805Z
ChIJs8BO_eFmUjoR_vhXrUTHvJk,Geetham Veg Restaurant - Ashok Nagar,places,en,352,13.0352859,80.21602595,13.0346318,80.21456789999999,0,maa2,Chennai,2026-08-31T08:58:33.218807Z
ChIJyw2pEDVnUjoR8mXiewxH7X0,Salsha Kebab,places,en,352,13.0352859,80.21602595,13.0357439,80.2144203,0,maa2,Chennai,2026-08-31T08:58:33.218809Z
ChIJ9Z3MR2ZnUjoR6td8K3mM-CM,Kannan Sugarcane Juice,places,en,352,13.0352859,80.21602595,13.0354108,80.2143316,0,maa2,Chennai,2026-08-31T08:58:33.218810Z
ChIJA1nlFpRnUjoRqIoMpa1B9P4,Fried n Fries,places,en,352,13.0352859,80.21602595,13.036138,80.2144344,0,maa2,Chennai,2026-08-31T08:58:33.218812Z
ChIJ0-Qr_-BmUjoRu27NrCAEgtA,Lulu snacks and fresh juice,places,en,352,13.0352859,80.21602595,13.0374214,80.21572309999999,0,maa2,Chennai,2026-08-31T08:58:33.218813Z
ChIJzcvxEwBnUjoRWKKZ_7Lpgm4,Nei Idly Sambar,places,en,352,13.0352859,80.21602595,13.034371199999999,80.214036,0,maa2,Chennai,2026-08-31T08:58:33.218815Z
ChIJa3h-f-FmUjoRDNJ1j18Kji4,F4 Bean Cafe,places,en,352,13.0352859,80.21602595,13.0372703,80.21515219999999,0,maa2,Chennai,2026-08-31T08:58:33.218817Z
ChIJ2864QABnUjoReW4rqn4H9Sc,Hemanth tiffin centre,places,en,352,13.0352859,80.21602595,13.0374052,80.2155751,0,maa2,Chennai,2026-08-31T08:58:33.218818Z
ChIJQwX2WwBnUjoRfAkubpbEBaM,Alagunachiyar foods,places,en,352,13.0352859,80.21602595,13.034101999999999,80.2181621,0,maa2,Chennai,2026-08-31T08:58:33.218820Z
ChIJiWZAPQBnUjoRVhLM2kfTSC8,The Traditional Foods - Cloud Kitchen,places,en,352,13.0352859,80.21602595,13.033260900000002,80.2146719,0,maa2,Chennai,2026-08-31T08:58:33.218822Z
ChIJwUbHOdxnUjoRr5l-f1oLwW0,Sree Gupta Bhavan - SgB,places,en,352,13.0352859,80.21602595,13.0345824,80.21353289999999,0,maa2,Chennai,2026-08-31T08:58:33.218823Z
ChIJf2OwhspnUjoRYfIvwy35AF8,Cheesy Corner,places,en,352,13.0352859,80.21602595,13.0374124,80.2144134,0,maa2,Chennai,2026-08-31T08:58:33.218825Z
ChIJfT6YwV5nUjoRWiGUqqbfTQQ,ARR FOODS TECH,places,en,354,12.989444800000001,80.2170465,12.989532599999999,80.2167225,0,maa2,Chennai,2026-08-31T08:58:33.854939Z
ChIJUQEwFQBnUjoRU3I073WVhPs,ARZ Food Ventures Pvt Ltd,places,en,354,12.989444800000001,80.2170465,12.990018599999999,80.2178352,0,maa2,Chennai,2026-08-31T08:58:33.854945Z
ChIJP2-XY2JnUjoRChZZ3AIz4Zc,BeeVee's HOT KITCHEN,places,en,354,12.989444800000001,80.2170465,12.989975999999999,80.2179125,0,maa2,Chennai,2026-08-31T08:58:33.854948Z
ChIJpYK5tihnUjoRnDoA7avJuPE,Food court,places,en,354,12.989444800000001,80.2170465,12.9904754,80.21688929999999,0,maa2,Chennai,2026-08-31T08:58:33.854950Z
ChIJ72fxnahnUjoR8O7djfxzRU0,Sahibs Biryani,places,en,354,12.989444800000001,80.2170465,12.989947299999999,80.2180388,0,maa2,Chennai,2026-08-31T08:58:33.854951Z
ChIJX4SGtWNnUjoRejp-gdY6SNE,Copper Chimney - Velachery,places,en,354,12.989444800000001,80.2170465,12.9905739,80.216861,0,maa2,Chennai,2026-08-31T08:58:33.854953Z
ChIJ1xUE3oldUjoRT657KvFjldc,NMG SEA FOOD,places,en,354,12.989444800000001,80.2170465,12.988185999999999,80.21686820000001,0,maa2,Chennai,2026-08-31T08:58:33.854954Z
ChIJoel6tI5dUjoRkoHltNahbB4,Kailash Parbat- Pure Vegetarian Restaurant,places,en,354,12.989444800000001,80.2170465,12.9890869,80.2182804,0,maa2,Chennai,2026-08-31T08:58:33.854956Z
ChIJR0pJK4hdUjoRx8X0n4Gjtgg,RA 3 FOOD,places,en,354,12.989444800000001,80.2170465,12.9887355,80.2182077,0,maa2,Chennai,2026-08-31T08:58:33.854957Z
ChIJAyGkS9ddUjoRyfMKBRwGqRY,Anjappar Chettinad Restaurant,places,en,354,12.989444800000001,80.2170465,12.988882799999999,80.21829129999999,0,maa2,Chennai,2026-08-31T08:58:33.854959Z
ChIJmzL7vT1nUjoRFBMRFbckM0Y,Arham Enterprises,places,en,354,12.989444800000001,80.2170465,12.9896012,80.2184057,0,maa2,Chennai,2026-08-31T08:58:33.854960Z
ChIJAQfV7JNdUjoRT-aWEoRohhc,Mani's Dum Biryani - Velachery,places,en,354,12.989444800000001,80.2170465,12.988963100000001,80.2183771,0,maa2,Chennai,2026-08-31T08:58:33.854962Z
ChIJvQgfrZNnUjoROvyWmoRN9BE,Great Vaniyambadi Biriyanis,places,en,354,12.989444800000001,80.2170465,12.988858299999999,80.2183465,0,maa2,Chennai,2026-08-31T08:58:33.854963Z
ChIJlzuiSmJnUjoRonsnnaMgGDQ,Mainland China,places,en,354,12.989444800000001,80.2170465,12.9908273,80.2171359,0,maa2,Chennai,2026-08-31T08:58:33.854965Z
ChIJqaoIGgBnUjoRA3Ws8kY5zBI,Bachelor's amma unavagam,places,en,354,12.989444800000001,80.2170465,12.9880272,80.2168008,0,maa2,Chennai,2026-08-31T08:58:33.854966Z
ChIJSyjZJ6JdUjoR44Rotx793pU,Masaledaar Firangi Tadka - Velachery,places,en,354,12.989444800000001,80.2170465,12.989462099999999,80.2185756,0,maa2,Chennai,2026-08-31T08:58:33.854968Z
ChIJmW6XFGVdUjoRcll_Wt_GrY0,NELLAI SADHA HOTEL,places,en,354,12.989444800000001,80.2170465,12.9879166,80.2171249,0,maa2,Chennai,2026-08-31T08:58:33.854969Z
ChIJxVg8ivtjUjoR02iTFwyaCPI,Mellow cafe,places,en,355,13.0775166,80.1815604,13.0782128,80.1805381,0,maa2,Chennai,2026-08-31T08:58:34.195716Z
ChIJq9GhCQBhUjoR5ZatL5cvEIg,Amman (பூண்டு பொடி தோசை கடை ),places,en,355,13.0775166,80.1815604,13.0781396,80.1803302,0,maa2,Chennai,2026-08-31T08:58:34.195723Z
ChIJF8Fya9JhUjoRBaTGcKb99UY,Namma kadai Kari virunthu,places,en,355,13.0775166,80.1815604,13.078737499999999,80.18092190000002,0,maa2,Chennai,2026-08-31T08:58:34.195726Z
ChIJ85zxK0hjUjoRqP8gEq7wnGk,WE4 Shawarma,places,en,355,13.0775166,80.1815604,13.078762699999999,80.1809079,0,maa2,Chennai,2026-08-31T08:58:34.195728Z
ChIJJ1GVCAFhUjoRlAw9A5penmU,RAHMAN BRIYANI AND FAST FOOD,places,en,355,13.0775166,80.1815604,13.078316599999999,80.1802668,0,maa2,Chennai,2026-08-31T08:58:34.195730Z
ChIJq6rXi_1jUjoRaZ4PnUroREI,Andhra's Spice Kitchen,places,en,355,13.0775166,80.1815604,13.0789226,80.18019389999999,0,maa2,Chennai,2026-08-31T08:58:34.195732Z
ChIJuSRKqNVhUjoRfKjFc94Rfhg,99Splash Juice Parlour,places,en,355,13.0775166,80.1815604,13.0758803,80.1803429,0,maa2,Chennai,2026-08-31T08:58:34.195734Z
ChIJ5Y9brPljUjoROFYfaHMnrkU,Gutbowl,places,en,355,13.0775166,80.1815604,13.0794815,80.1811239,0,maa2,Chennai,2026-08-31T08:58:34.195735Z
ChIJm_nvuF1hUjoRj1poWSKSfhE,AL MUJEEB BIRIYANI,places,en,355,13.0775166,80.1815604,13.0760062,80.1798561,0,maa2,Chennai,2026-08-31T08:58:34.195737Z
ChIJSxVoLFZhUjoR29r5kc1bOG4,Arabian Delights,places,en,355,13.0775166,80.1815604,13.078227199999999,80.17937839999999,0,maa2,Chennai,2026-08-31T08:58:34.195739Z
ChIJLzmpdEVjUjoRsLYPIxeVoio,BUDDY CHEF 1,places,en,355,13.0775166,80.1815604,13.07988,80.180452,0,maa2,Chennai,2026-08-31T08:58:34.195741Z
ChIJubG7msNjUjoR_7KHQz-VeGI,Street Chow,places,en,355,13.0775166,80.1815604,13.0799048,80.1804514,0,maa2,Chennai,2026-08-31T08:58:34.195743Z
ChIJfxPMMR5nUjoRgLlzXNvRTgA,SD SNACKS,places,en,356,13.0211472,80.26924255,13.0202529,80.26919980000001,0,maa2,Chennai,2026-08-31T08:58:34.623613Z
ChIJD8vWZo9nUjoRq0nScZWBCZw,Mahal mrc nagar mandapam,places,en,356,13.0211472,80.26924255,13.0207179,80.2704628,0,maa2,Chennai,2026-08-31T08:58:34.623621Z
ChIJt0IeD9dnUjoRQyokdBFRvsk,Near BRUNCH CHAT,places,en,356,13.0211472,80.26924255,13.019981,80.270901,0,maa2,Chennai,2026-08-31T08:58:34.623624Z
ChIJQYbL8JBdUjoRg0ftSmikF84,Katch Fresh,places,en,356,13.0211472,80.26924255,13.021951399999999,80.2713966,0,maa2,Chennai,2026-08-31T08:58:34.623626Z
ChIJ4_sOQQBnUjoRj7-PqdmdXZo,Meengal Sea Food (TNFDC),places,en,356,13.0211472,80.26924255,13.0219772,80.2714274,0,maa2,Chennai,2026-08-31T08:58:34.623627Z
ChIJS-tcSANkUjoR5R9UUBBU6XM,Antony Fast Food,places,en,357,13.08539155,80.19841635,13.085194399999999,80.19837,0,maa2,Chennai,2026-08-31T08:58:35.006821Z
ChIJLwNPOQBlUjoRU_wSfqQbRVs,Rahath Briyani,places,en,357,13.08539155,80.19841635,13.085335599999999,80.1981665,0,maa2,Chennai,2026-08-31T08:58:35.006854Z
ChIJj5Ky1qdmUjoR9fMXRnsXkK0,Hotel Pentagon Restaurant & Party Hall,places,en,357,13.08539155,80.19841635,13.0856789,80.1983121,0,maa2,Chennai,2026-08-31T08:58:35.006860Z
ChIJU2j0oshlUjoRIRekthTFeY8,Narayanan,places,en,357,13.08539155,80.19841635,13.085336,80.1981139,0,maa2,Chennai,2026-08-31T08:58:35.006864Z
ChIJQQAesJllUjoR3ILu3BVqrQ4,Ayyanar Mess அய்யனார் மெஸ்,places,en,357,13.08539155,80.19841635,13.0854661,80.1980945,0,maa2,Chennai,2026-08-31T08:58:35.006870Z
ChIJebWNMgBlUjoRJM_dJToFA2A,Pradeep Hotel,places,en,357,13.08539155,80.19841635,13.085474999999999,80.1979631,0,maa2,Chennai,2026-08-31T08:58:35.006874Z
ChIJP6uqqwRkUjoRAAAAMBkmfRU,Selva Snacks & Cool Bar,places,en,357,13.08539155,80.19841635,13.0854683,80.1979604,0,maa2,Chennai,2026-08-31T08:58:35.006879Z
ChIJ_2vzdKNlUjoR_te0-PPmdmE,Amma Unavagam,places,en,357,13.08539155,80.19841635,13.085166899999999,80.1988375,0,maa2,Chennai,2026-08-31T08:58:35.006883Z
ChIJjZ4ZpgRkUjoR0YgYeo7BvwE,HOTEL CHOZA,places,en,357,13.08539155,80.19841635,13.085369199999999,80.19787,0,maa2,Chennai,2026-08-31T08:58:35.006887Z
ChIJl3yhHQBlUjoRgTdyCvexwTI,Magi Tiffin Center,places,en,357,13.08539155,80.19841635,13.085608100000002,80.19789039999999,0,maa2,Chennai,2026-08-31T08:58:35.006892Z
ChIJYVnNGgBlUjoRXL-n1aKOti8,Lucky Brinji Center - Thirumangalam,places,en,357,13.08539155,80.19841635,13.085512699999999,80.1977438,0,maa2,Chennai,2026-08-31T08:58:35.006896Z
ChIJL4UCsitlUjoRzc9F82veNkU,RB Groups RAJESH SASI,places,en,357,13.08539155,80.19841635,13.085503899999999,80.1976184,0,maa2,Chennai,2026-08-31T08:58:35.006900Z
ChIJGVoQ6yllUjoReZs8BPYrPFY,Slizza,places,en,357,13.08539155,80.19841635,13.085077400000001,80.19927249999999,0,maa2,Chennai,2026-08-31T08:58:35.006904Z
ChIJX2D5id9lUjoR5mL1YKkPs38,NIRMALA D,places,en,357,13.08539155,80.19841635,13.084935199999999,80.19939579999999,0,maa2,Chennai,2026-08-31T08:58:35.006908Z
ChIJ0bekKwBlUjoR7f-zBI12Q5M,"Worthu Maameyy, Thirumangalam",places,en,357,13.08539155,80.19841635,13.08434,80.1979922,0,maa2,Chennai,2026-08-31T08:58:35.006912Z
ChIJ-7kmGlVlUjoRBIKkDCYRBLM,Mad Mind,places,en,357,13.08539155,80.19841635,13.0854782,80.1972572,0,maa2,Chennai,2026-08-31T08:58:35.006916Z
ChIJfS5y2_NlUjoR2UCf584YzG0,3am briyani,places,en,357,13.08539155,80.19841635,13.0842376,80.1985189,0,maa2,Chennai,2026-08-31T08:58:35.006920Z
ChIJcxrBEVdlUjoRvG23tWCAieU,Aahara Tripti - Chettinad Mess | South Indian,places,en,357,13.08539155,80.19841635,13.085521400000001,80.19961699999999,0,maa2,Chennai,2026-08-31T08:58:35.006924Z
ChIJ-fv8fNRlUjoRlGPl_HiHaDE,Madras Bites,places,en,357,13.08539155,80.19841635,13.085507199999999,80.1996908,0,maa2,Chennai,2026-08-31T08:58:35.006928Z
ChIJ1dBPYWNlUjoRVku0qm-6dSQ,RK CHAAP MASTER,places,en,357,13.08539155,80.19841635,13.0855059,80.1997155,0,maa2,Chennai,2026-08-31T08:58:35.006933Z
ChIJ-1KgRF5vUjoRBqVtGAnipJ4,இந்திரா உணவகம்,places,en,358,13.10343285,80.2816361,13.103255599999999,80.2805542,0,maa2,Chennai,2026-08-31T08:58:35.345597Z
ChIJz3dRSF5vUjoRYPTp0vt31yA,rapido Bismi Biriyani,places,en,358,13.10343285,80.2816361,13.1037245,80.2800671,0,maa2,Chennai,2026-08-31T08:58:35.345607Z
ChIJFePXN15vUjoRLRUfVX-9icc,பிஸ்மில்லாஹ் சிக்கன் பிரியாணி & சிக்கன் பகோடா,places,en,358,13.10343285,80.2816361,13.1038418,80.2800824,0,maa2,Chennai,2026-08-31T08:58:35.345609Z
ChIJ_9t1u8FvUjoRxNU_Q6M2iL0,Howdy Chennai ( Chats & Juices ),places,en,358,13.10343285,80.2816361,13.103028499999999,80.2799735,0,maa2,Chennai,2026-08-31T08:58:35.345611Z
ChIJGelCUV5vUjoRbrQQYhP-qv0,Afsa Fast Food & Biriyani,places,en,358,13.10343285,80.2816361,13.1028288,80.2798818,0,maa2,Chennai,2026-08-31T08:58:35.345613Z
ChIJlVG6Vl5vUjoRstrd3rPXX-U,Maria Fast Food,places,en,358,13.10343285,80.2816361,13.1027435,80.2798784,0,maa2,Chennai,2026-08-31T08:58:35.345615Z
ChIJRb07PwBvUjoRwyBCNFWJ_4g,Mariya Fast Food,places,en,358,13.10343285,80.2816361,13.102741,80.2798782,0,maa2,Chennai,2026-08-31T08:58:35.345616Z
ChIJPXAIlWpvUjoRBstCWJn2KUQ,Seven star kitchen,places,en,358,13.10343285,80.2816361,13.1015704,80.28256929999999,0,maa2,Chennai,2026-08-31T08:58:35.345618Z
ChIJn78n5V5vUjoRGfxJvAe4ag8,Kaushik Veg Kitchens,places,en,358,13.10343285,80.2816361,13.101681399999999,80.2800481,0,maa2,Chennai,2026-08-31T08:58:35.345620Z
ChIJMd0sAF9vUjoR2XnMDNTKjH0,A1 Sivaji Masala Sundal & Masala Pori,places,en,358,13.10343285,80.2816361,13.1022485,80.27953029999999,0,maa2,Chennai,2026-08-31T08:58:35.345621Z
ChIJGTfafzVvUjoRgeXn_XpHyg4,Naagu's Kitchen,places,en,358,13.10343285,80.2816361,13.105268899999999,80.2800488,0,maa2,Chennai,2026-08-31T08:58:35.345623Z
ChIJq6JKIQBvUjoRO5l3PH7ebfw,Sakshi Snacks and chaat,places,en,358,13.10343285,80.2816361,13.1022632,80.27931330000001,0,maa2,Chennai,2026-08-31T08:58:35.345624Z
ChIJH7hVe15vUjoRtXLWQul3eGo,Sri Kalikambal Tiffen Kadai,places,en,358,13.10343285,80.2816361,13.1008252,80.2823209,0,maa2,Chennai,2026-08-31T08:58:35.345625Z
ChIJR8_AAwBdUjoRdfxgnGkXfTQ,Thozhi Unavagam,places,en,359,12.9779461,80.2101778,12.977893300000002,80.2103183,0,maa2,Chennai,2026-08-31T08:58:35.653556Z
ChIJvYo-TST3UjoRNRsbnvGP7tQ,Dream Briyani House,places,en,360,12.97633155,80.21295065,12.9768074,80.2140692,0,maa2,Chennai,2026-08-31T08:58:36.108275Z
ChIJk6GwJABdUjoReD57ft4FOCs,YAAA PROTEINS,places,en,360,12.97633155,80.21295065,12.9759522,80.2154059,0,maa2,Chennai,2026-08-31T08:58:36.108284Z
ChIJfUsF-dhdUjoRJzUWVXF5M_o,Happy Cloud Biriyani Corner,places,en,360,12.97633155,80.21295065,12.9786045,80.21409369999999,0,maa2,Chennai,2026-08-31T08:58:36.108287Z
ChIJL9ib641dUjoR4eMbGubO8vs,DRR Barbeque,places,en,360,12.97633155,80.21295065,12.9786489,80.2142095,0,maa2,Chennai,2026-08-31T08:58:36.108290Z
ChIJed0asZNdUjoR3vvwY2tOG9U,Kumar Tea Stall,places,en,360,12.97633155,80.21295065,12.973785099999999,80.2136402,0,maa2,Chennai,2026-08-31T08:58:36.108292Z
ChIJ8_R1xSRnUjoRxCrYUSYUjwQ,GT Restaurant (Midnight Food),places,en,361,13.05335265,80.23158955,13.053800599999999,80.2325894,0,maa2,Chennai,2026-08-31T08:58:36.431624Z
ChIJwSaPeQBnUjoRtqS8fezLNeE,AR - Rahmaan Briyani & Kababs,places,en,361,13.05335265,80.23158955,13.052832299999999,80.2304213,0,maa2,Chennai,2026-08-31T08:58:36.431636Z
ChIJ4UTKCPZmUjoRgcDO5FTkwtg,Guruvayurappan Tiffen Centre,places,en,361,13.05335265,80.23158955,13.052111799999999,80.23139730000001,0,maa2,Chennai,2026-08-31T08:58:36.431640Z
ChIJay3hij5nUjoRAha_tPpJdps,Restogram Takeaway,places,en,361,13.05335265,80.23158955,13.053880999999999,80.2328642,0,maa2,Chennai,2026-08-31T08:58:36.431642Z
ChIJ9ZSsBK1nUjoRiBdMwgy-Bq8,RAJATHI BIRIYANI STALL,places,en,361,13.05335265,80.23158955,13.051874399999999,80.23135150000002,0,maa2,Chennai,2026-08-31T08:58:36.431645Z
ChIJt55Gz9BnUjoR7g13eTtHoug,Arunkumar,places,en,361,13.05335265,80.23158955,13.0523793,80.23040270000001,0,maa2,Chennai,2026-08-31T08:58:36.431647Z
ChIJ27kCQABnUjoRR8vvS0kIJ54,Tea house,places,en,361,13.05335265,80.23158955,13.0519477,80.230696,0,maa2,Chennai,2026-08-31T08:58:36.431649Z
ChIJ04x8NQBnUjoRcFJoebzge1w,Sangeeta Kaiyendhi Bhavan,places,en,361,13.05335265,80.23158955,13.0520978,80.2304422,0,maa2,Chennai,2026-08-31T08:58:36.431652Z
ChIJbZumD_ZmUjoRiXHxmLXPW2I,Sarvana Tiffin Center,places,en,361,13.05335265,80.23158955,13.0516928,80.2313341,0,maa2,Chennai,2026-08-31T08:58:36.431654Z
ChIJj6C2VCRnUjoR_lY0nWLhD1k,Invitty | Authorized Weber Barbeque Grills Distributor | Barbeque Grill Dealer | Charcoal Dealer | Camping Accessory dealer,places,en,361,13.05335265,80.23158955,13.052309699999999,80.2299739,0,maa2,Chennai,2026-08-31T08:58:36.431656Z
ChIJzWKpcPZmUjoRz9ElU_iMBuU,Venkateshwara Veg Restaurant,places,en,361,13.05335265,80.23158955,13.0517398,80.2301744,0,maa2,Chennai,2026-08-31T08:58:36.431658Z
ChIJeZUJwsFnUjoRKec-1eM4q5k,VENKATARAMANA FLOUR,places,en,361,13.05335265,80.23158955,13.0514681,80.2303546,0,maa2,Chennai,2026-08-31T08:58:36.431661Z
ChIJM0JMagBnUjoR5GxYlzwS2Fk,Selvan Tiffin Center,places,en,361,13.05335265,80.23158955,13.052003,80.2294682,0,maa2,Chennai,2026-08-31T08:58:36.431664Z
ChIJX-P5ivBmUjoRQqINibraDy0,Madhu Shri Amudham Fresh Juice Shop,places,en,361,13.05335265,80.23158955,13.051223499999999,80.2300267,0,maa2,Chennai,2026-08-31T08:58:36.431666Z
ChIJ81jRXABvUjoRfB7qEylKQgY,Arabian grill hut sunrises,places,en,362,13.1144302,80.29272460000001,13.1141767,80.29279989999999,0,maa2,Chennai,2026-08-31T08:58:36.741689Z
ChIJWQOFpvhvUjoRVH8aF_JPWOQ,The Belgian Waffle Co.,places,en,362,13.1144302,80.29272460000001,13.1145391,80.2924706,0,maa2,Chennai,2026-08-31T08:58:36.741697Z
ChIJX6beaupvUjoR-TKsI2vH6Mk,KFC,places,en,362,13.1144302,80.29272460000001,13.1147862,80.29256029999999,0,maa2,Chennai,2026-08-31T08:58:36.741699Z
ChIJOfqDqMdvUjoRUSbF6W6Os10,Copper Kitchen Royapuram,places,en,362,13.1144302,80.29272460000001,13.1149089,80.292649,0,maa2,Chennai,2026-08-31T08:58:36.741701Z
ChIJ0WZaiW5vUjoRRY4jJc5HS-w,Shree Vasudeva Bhavan,places,en,362,13.1144302,80.29272460000001,13.1140362,80.29231490000001,0,maa2,Chennai,2026-08-31T08:58:36.741703Z
ChIJW84cDQBvUjoREzTKzytkdMw,Rice and spice,places,en,362,13.1144302,80.29272460000001,13.114208999999999,80.2933237,0,maa2,Chennai,2026-08-31T08:58:36.741705Z
ChIJ352yiW5vUjoRHp4kkaU-2UQ,Pandian Bakery,places,en,362,13.1144302,80.29272460000001,13.1139735,80.2923069,0,maa2,Chennai,2026-08-31T08:58:36.741706Z
ChIJySGmp2lvUjoRJE75HeEu0Bk,Zum Zum,places,en,362,13.1144302,80.29272460000001,13.113812600000001,80.2925269,0,maa2,Chennai,2026-08-31T08:58:36.741708Z
ChIJOXAr7zZvUjoRS_6eUoj4I-k,Shawarma spot,places,en,362,13.1144302,80.29272460000001,13.114960100000001,80.2921843,0,maa2,Chennai,2026-08-31T08:58:36.741709Z
ChIJZ99EEmtvUjoRooh3NMcib0E,Bakers Spring,places,en,362,13.1144302,80.29272460000001,13.1136685,80.29247099999999,0,maa2,Chennai,2026-08-31T08:58:36.741711Z
ChIJSc_xJgVvUjoRSYQCFZda0ts,Haris Cool Bar,places,en,362,13.1144302,80.29272460000001,13.115563199999999,80.2927741,0,maa2,Chennai,2026-08-31T08:58:36.741712Z
ChIJbVtrljJvUjoR3vXW0G52clc,The Madras Kitchen Royapuram,places,en,362,13.1144302,80.29272460000001,13.115706399999999,80.29273049999999,0,maa2,Chennai,2026-08-31T08:58:36.741714Z
ChIJG4trmm1vUjoRl8JGWa2pa9w,Kerala Hot Chips,places,en,362,13.1144302,80.29272460000001,13.114030399999999,80.2941106,0,maa2,Chennai,2026-08-31T08:58:36.741715Z
ChIJ5ZtDPgBvUjoRZFwkEbEZR5o,Anifa Biriyani,places,en,362,13.1144302,80.29272460000001,13.1130385,80.2921739,0,maa2,Chennai,2026-08-31T08:58:36.741717Z
ChIJ184x9QJvUjoRbNkpregcI64,Nikkys Pizzeria,places,en,362,13.1144302,80.29272460000001,13.1135881,80.2943124,0,maa2,Chennai,2026-08-31T08:58:36.741719Z
ChIJETZ8ewBvUjoRJarqvZBPK3o,Al Madina Hyderabad Briyani,places,en,362,13.1144302,80.29272460000001,13.113994499999999,80.2945287,0,maa2,Chennai,2026-08-31T08:58:36.741720Z
ChIJuyjE5UJnUjoRL0ACE1YZgXE,THE MADRAS DHABA,places,en,362,13.1144302,80.29272460000001,13.114105200000001,80.2945572,0,maa2,Chennai,2026-08-31T08:58:36.741722Z
ChIJJ-ykNmxvUjoRbfREkHWTdW4,Hot touch,places,en,362,13.1144302,80.29272460000001,13.113996700000001,80.2945556,0,maa2,Chennai,2026-08-31T08:58:36.741723Z
ChIJq73EZG5vUjoRHgMYEQtl7s4,Kulfi Treat,places,en,362,13.1144302,80.29272460000001,13.116318099999999,80.2927869,0,maa2,Chennai,2026-08-31T08:58:36.741725Z
ChIJmxwk7QFvUjoRIaCEpr9_0VA,Pandi Briyani Centre,places,en,362,13.1144302,80.29272460000001,13.1153374,80.29086869999999,0,maa2,Chennai,2026-08-31T08:58:36.741726Z
ChIJjzwOwbNlUjoRzA0Ze_xCqzA,Venus Food Corner,places,en,363,13.11093795,80.2364989,13.110989,80.2365447,0,maa2,Chennai,2026-08-31T08:58:37.148531Z
ChIJKVsPOKdlUjoRd3yRWHkyUUs,Maryam catering,places,en,363,13.11093795,80.2364989,13.1113229,80.2357779,0,maa2,Chennai,2026-08-31T08:58:37.148539Z
ChIJtaWrdc5lUjoRyOCfRb9cvm8,Fresh in Cart by Chennai Fresh,places,en,363,13.11093795,80.2364989,13.1098278,80.23727869999999,0,maa2,Chennai,2026-08-31T08:58:37.148543Z
ChIJhZbm_LNlUjoRDSFp6fF5ZBA,Lordu Annai Biryani & Fast Food Shop,places,en,363,13.11093795,80.2364989,13.1098684,80.2374619,0,maa2,Chennai,2026-08-31T08:58:37.148546Z
ChIJwZlrX8dlUjoReyFutUbo2Ok,Kerala Treasures,places,en,363,13.11093795,80.2364989,13.1109453,80.23450419999999,0,maa2,Chennai,2026-08-31T08:58:37.148549Z
ChIJ_drs8_dlUjoRYjM7qKlEDZ4,Sip & Crunch,places,en,363,13.11093795,80.2364989,13.1088274,80.2358883,0,maa2,Chennai,2026-08-31T08:58:37.148552Z
ChIJ4eY2HHplUjoREaK52D01_Jw,M.S.UNAVAGAM,places,en,363,13.11093795,80.2364989,13.1087411,80.2361341,0,maa2,Chennai,2026-08-31T08:58:37.148554Z
ChIJG8JB_rJlUjoR4YZWsWp4A-A,Tamilnadu Food Zone,places,en,363,13.11093795,80.2364989,13.112224999999999,80.2346622,0,maa2,Chennai,2026-08-31T08:58:37.148556Z
ChIJbaEtTWxkUjoR2DOmxKNNir8,பெருமாள் ஸ்டோர்,places,en,364,13.106961049999999,80.20274979999999,13.1060096,80.2014662,0,maa2,Chennai,2026-08-31T08:58:37.499378Z
ChIJbU2oxiVlUjoRfglpBuc_384,Fit Food Dietary,places,en,364,13.106961049999999,80.20274979999999,13.105134399999999,80.2029034,0,maa2,Chennai,2026-08-31T08:58:37.499386Z
ChIJFaRf_2xkUjoRUBk6H_nLfPE,குணா ஸ்டோர்,places,en,364,13.106961049999999,80.20274979999999,13.105160099999999,80.201725,0,maa2,Chennai,2026-08-31T08:58:37.499389Z
ChIJf0lbQONlUjoRc7MIKx7rKUA,Navaneethammal tiffin center,places,en,364,13.106961049999999,80.20274979999999,13.1090156,80.2030913,0,maa2,Chennai,2026-08-31T08:58:37.499390Z
ChIJW5GYFCNlUjoRlRT_hfeauAo,PALANI,places,en,364,13.106961049999999,80.20274979999999,13.109033199999999,80.2030777,0,maa2,Chennai,2026-08-31T08:58:37.499392Z
ChIJd5GtbQBlUjoRE5imWgR3KmY,Lalithkumar,places,en,364,13.106961049999999,80.20274979999999,13.1071222,80.2049066,0,maa2,Chennai,2026-08-31T08:58:37.499393Z
ChIJUYbvLRNkUjoRGr7pmeeZTMI,Hot Pufs,places,en,364,13.106961049999999,80.20274979999999,13.105480199999999,80.2008595,0,maa2,Chennai,2026-08-31T08:58:37.499395Z
ChIJN_MhrW5kUjoRsB9FXfyQRPE,Annai Mess,places,en,364,13.106961049999999,80.20274979999999,13.1090794,80.2038726,0,maa2,Chennai,2026-08-31T08:58:37.499397Z
ChIJWb3EcQplUjoRise8L9NHfps,Chat pata chat house,places,en,365,13.08682815,80.26281954999999,13.085529,80.26326259999999,0,maa2,Chennai,2026-08-31T08:58:37.798906Z
ChIJowVDD-NlUjoRAn4MEgRsS4M,Keshav Pan House,places,en,365,13.08682815,80.26281954999999,13.0855065,80.2632423,0,maa2,Chennai,2026-08-31T08:58:37.798914Z
ChIJqaSBceRlUjoRNBy5Mibvs-U,Fun Food,places,en,365,13.08682815,80.26281954999999,13.0880218,80.2618098,0,maa2,Chennai,2026-08-31T08:58:37.798917Z
ChIJdUXxlONlUjoRsxFcbUWf4jU,Hemaanth Chats,places,en,365,13.08682815,80.26281954999999,13.086405599999999,80.2612126,0,maa2,Chennai,2026-08-31T08:58:37.798919Z
ChIJDzgl3A1lUjoRoL6_NpMPn0o,TawaMantra,places,en,365,13.08682815,80.26281954999999,13.088087,80.26176319999999,0,maa2,Chennai,2026-08-31T08:58:37.798920Z
ChIJyQBoti5lUjoRo4TRiKoxsQ0,SOFTY ICE CREAM MACHINE IN CHENNAI,places,en,365,13.08682815,80.26281954999999,13.0880081,80.2615587,0,maa2,Chennai,2026-08-31T08:58:37.798922Z
ChIJ35T7sitlUjoRb7k2Ob6QEzs,Arulappa Coffee,places,en,365,13.08682815,80.26281954999999,13.0863602,80.26110489999999,0,maa2,Chennai,2026-08-31T08:58:37.798924Z
ChIJhQFJ9stlUjoRwITCRuk0n6M,VIRAASAT,places,en,365,13.08682815,80.26281954999999,13.0869321,80.26092609999999,0,maa2,Chennai,2026-08-31T08:58:37.798926Z
ChIJUZfQkeRlUjoRCV9Oid58M2c,Meghana Snacks,places,en,365,13.08682815,80.26281954999999,13.0885477,80.2635512,0,maa2,Chennai,2026-08-31T08:58:37.798928Z
ChIJ_6R24ZplUjoRa5ncBO0rUDo,EZ Bites,places,en,365,13.08682815,80.26281954999999,13.0856021,80.2647496,0,maa2,Chennai,2026-08-31T08:58:37.798930Z
ChIJW5APqCRnUjoRGyZET0mtVZ0,chaat house,places,en,365,13.08682815,80.26281954999999,13.0853658,80.2647497,0,maa2,Chennai,2026-08-31T08:58:37.798931Z
ChIJydJrx8RlUjoRsu6m1eIqOkU,Tandoori soya chaap,places,en,365,13.08682815,80.26281954999999,13.085614999999999,80.265058,0,maa2,Chennai,2026-08-31T08:58:37.798933Z
ChIJaTg8x-BlUjoRZOOFNGTi_QU,The Delhi Chaap Corner,places,en,365,13.08682815,80.26281954999999,13.084313499999999,80.2626469,0,maa2,Chennai,2026-08-31T08:58:37.798935Z
ChIJL0ZPNgBlUjoRbVdnF2IDe2I,Delhi Malai Chaap,places,en,365,13.08682815,80.26281954999999,13.0855532,80.2650823,0,maa2,Chennai,2026-08-31T08:58:37.798937Z
ChIJe6hZUeJlUjoRpORWJV-K9TQ,Dosa Man,places,en,365,13.08682815,80.26281954999999,13.0843048,80.2623758,0,maa2,Chennai,2026-08-31T08:58:37.798939Z
ChIJ9dP4HXhlUjoREWgBZ7TTiG4,ARUNACHALA CAFE,places,en,365,13.08682815,80.26281954999999,13.0853453,80.2649911,0,maa2,Chennai,2026-08-31T08:58:37.798940Z
ChIJNSy_sklnUjoRtDsW4sI1R7A,Spot Light Biriyani,places,en,366,12.99761535,80.24101775,12.996784,80.243015,0,maa2,Chennai,2026-08-31T08:58:38.157430Z
ChIJLfgvXQBnUjoRueS821gUJBk,Murugalakshmi Mess,places,en,366,12.99761535,80.24101775,12.9966181,80.24297399999999,0,maa2,Chennai,2026-08-31T08:58:38.157459Z
ChIJmU0yP4FdUjoRz6Imfev8v7Y,Pudukkottai Parotta Kadai,places,en,366,12.99761535,80.24101775,12.996844099999999,80.24321309999999,0,maa2,Chennai,2026-08-31T08:58:38.157465Z
ChIJE2EWYABnUjoRizZ6erJJTnU,Pudukottai Parotta Kadai,places,en,366,12.99761535,80.24101775,12.9969278,80.24326669999999,0,maa2,Chennai,2026-08-31T08:58:38.157469Z
ChIJu-xO9oVnUjoRAAAAsD7ESQU,SRI THIRUMALA FOODS DOSA IDLE,places,en,366,12.99761535,80.24101775,12.996694,80.2431855,0,maa2,Chennai,2026-08-31T08:58:38.157473Z
ChIJxwuj_c5nUjoRl9gpVU1U9aM,S. Thirumavalavan,places,en,366,12.99761535,80.24101775,12.997014,80.2435902,0,maa2,Chennai,2026-08-31T08:58:38.157476Z
ChIJD3LDAIZnUjoRoefx_InWU98,Hotel Vijay,places,en,366,12.99761535,80.24101775,12.995608599999999,80.242764,0,maa2,Chennai,2026-08-31T08:58:38.157479Z
ChIJGQn0wCddUjoR_J19TakjH1o,Le Wrap Factorie,places,en,367,12.962087499999999,80.24340240000001,12.9617045,80.24339499999999,0,maa2,Chennai,2026-08-31T08:58:38.463650Z
ChIJO4QmPspdUjoRvJlwiA9H30Q,VARNIKA SNACKS,places,en,367,12.962087499999999,80.24340240000001,12.9623713,80.2437377,0,maa2,Chennai,2026-08-31T08:58:38.463659Z
ChIJFxejawBdUjoRTQe6fAqLONo,Magathi Thoothukudi poricha poratta மகதி தூத்துக்குடி பொறிச்சி புரோட்டா சுவையான கறியுடன்,places,en,367,12.962087499999999,80.24340240000001,12.9615941,80.2436302,0,maa2,Chennai,2026-08-31T08:58:38.463663Z
ChIJJ5bTDABdUjoRe1diDlaqmZM,J Stall,places,en,367,12.962087499999999,80.24340240000001,12.962498799999999,80.2438288,0,maa2,Chennai,2026-08-31T08:58:38.463665Z
ChIJ21VXeQBdUjoRdyaomvD2_zE,MKS Delicious foods,places,en,367,12.962087499999999,80.24340240000001,12.9626419,80.2438712,0,maa2,Chennai,2026-08-31T08:58:38.463667Z
ChIJcRl6MQBdUjoRn149X6122kQ,Mount Road Bilal at Perungudi,places,en,367,12.962087499999999,80.24340240000001,12.9629652,80.2437029,0,maa2,Chennai,2026-08-31T08:58:38.463669Z
ChIJuzKHe4JdUjoR5PcPlZ4SPaE,Food Bells,places,en,367,12.962087499999999,80.24340240000001,12.9611135,80.2432621,0,maa2,Chennai,2026-08-31T08:58:38.463671Z
ChIJz7F5EFhdUjoRiNzKoL_hSpY,Zam zam Sea foods,places,en,367,12.962087499999999,80.24340240000001,12.9623099,80.24438769999999,0,maa2,Chennai,2026-08-31T08:58:38.463673Z
ChIJ95tK3hVdUjoR0Ho8oebStjQ,Vaazhai Kitchen,places,en,367,12.962087499999999,80.24340240000001,12.9611167,80.2430931,0,maa2,Chennai,2026-08-31T08:58:38.463675Z
ChIJSdyPQ-tdUjoR6gB7hw9b0B4,Roll And Roast,places,en,367,12.962087499999999,80.24340240000001,12.963034,80.2439036,0,maa2,Chennai,2026-08-31T08:58:38.463677Z
ChIJYYeDp85dUjoRDbh_W-oM32c,Aadhirai,places,en,367,12.962087499999999,80.24340240000001,12.963197,80.2437906,0,maa2,Chennai,2026-08-31T08:58:38.463679Z
ChIJLQoDKnJdUjoRg4kYNSGDsNc,Squeez Juice Bars - World Trade Center Chennai,places,en,367,12.962087499999999,80.24340240000001,12.9618021,80.2447269,0,maa2,Chennai,2026-08-31T08:58:38.463681Z
ChIJV7ChI79dUjoRIQnZuxfhOB8,Salt - Indian Restaurant OMR,places,en,367,12.962087499999999,80.24340240000001,12.9617313,80.2452544,0,maa2,Chennai,2026-08-31T08:58:38.463683Z
ChIJkQyB7HddUjoRts-fIEwqU0A,Toscano OMR,places,en,367,12.962087499999999,80.24340240000001,12.961771599999999,80.24538799999999,0,maa2,Chennai,2026-08-31T08:58:38.463685Z
ChIJbUT5GABdUjoRyzflzI_XunE,Arumugam (akka ) shop,places,en,367,12.962087499999999,80.24340240000001,12.962993299999999,80.2415314,0,maa2,Chennai,2026-08-31T08:58:38.463686Z
ChIJh9oWI5pdUjoRJTBNGHV47O4,SRI THIRUMALA FOODS,places,en,367,12.962087499999999,80.24340240000001,12.959987799999999,80.2431734,0,maa2,Chennai,2026-08-31T08:58:38.463688Z
ChIJIay8IA5dUjoRpEVH2ihCzF4,Abhiruchi Curry Point Veg & Non Veg,places,en,367,12.962087499999999,80.24340240000001,12.959935600000001,80.2431259,0,maa2,Chennai,2026-08-31T08:58:38.463690Z
ChIJm3_NJxldUjoRbxD8XOt0-FY,600 Hours,places,en,367,12.962087499999999,80.24340240000001,12.959936,80.2426898,0,maa2,Chennai,2026-08-31T08:58:38.463692Z
ChIJV2aZ7NJdUjoRUVgi8t-tCWw,SHAYU'S LA-ZEEZA,places,en,367,12.962087499999999,80.24340240000001,12.959926399999999,80.2426942,0,maa2,Chennai,2026-08-31T08:58:38.463694Z
ChIJQU2jFA5dUjoRileFJO_5Pv4,Sri Venkateshwara Veg Restaurant,places,en,367,12.962087499999999,80.24340240000001,12.960334999999999,80.2419128,0,maa2,Chennai,2026-08-31T08:58:38.463696Z
ChIJ_x5bQgBlUjoR9qbJpNTFcxQ,khaba kebab House,places,en,368,13.0890575,80.1969076,13.0884845,80.1971033,0,maa2,Chennai,2026-08-31T08:58:38.863624Z
ChIJ901YcQBlUjoRMjy8hSbapW4,Appu Kadai Biriyani,places,en,368,13.0890575,80.1969076,13.088446300000001,80.1972301,0,maa2,Chennai,2026-08-31T08:58:38.863632Z
ChIJj1vNfhdlUjoRyikub8GgB3Y,Anthi Manam,places,en,368,13.0890575,80.1969076,13.088486699999999,80.19735709999999,0,maa2,Chennai,2026-08-31T08:58:38.863635Z
ChIJtdQEMgVkUjoRV3ApfOFkBGg,ASIAD BIRIYANI & Fast Food,places,en,368,13.0890575,80.1969076,13.0881586,80.19734749999999,0,maa2,Chennai,2026-08-31T08:58:38.863637Z
ChIJ7Sdi5wRkUjoRRhsHdSQAIpM,Annachi Tiffin Centre,places,en,368,13.0890575,80.1969076,13.0876987,80.1973486,0,maa2,Chennai,2026-08-31T08:58:38.863639Z
ChIJhbfF4ARkUjoRX4pbhAhWSp4,Sri Annapoorani Hot Chips,places,en,368,13.0890575,80.1969076,13.0876018,80.1970889,0,maa2,Chennai,2026-08-31T08:58:38.863640Z
ChIJl_eHMcllUjoRfXJvdS_WOdE,Biriyani Mubaarak Anna Nagar,places,en,368,13.0890575,80.1969076,13.0874791,80.19699770000001,0,maa2,Chennai,2026-08-31T08:58:38.863642Z
ChIJhc3p5gRkUjoRM9xZsDTVISE,Foods Spot,places,en,368,13.0890575,80.1969076,13.0874694,80.1970406,0,maa2,Chennai,2026-08-31T08:58:38.863643Z
ChIJ_1UH86JlUjoRW9ZezPcIzCQ,HOTEL KALAI NARUVI,places,en,368,13.0890575,80.1969076,13.0875247,80.1964156,0,maa2,Chennai,2026-08-31T08:58:38.863645Z
ChIJL423A1BlUjoR7lUczjoUydo,Kovai Naruvi,places,en,368,13.0890575,80.1969076,13.0875247,80.1964156,0,maa2,Chennai,2026-08-31T08:58:38.863646Z
ChIJPVuHYQBlUjoRQ3kKHbzdT18,ALTAJ BIRIYANI,places,en,368,13.0890575,80.1969076,13.087499999999999,80.1964845,0,maa2,Chennai,2026-08-31T08:58:38.863648Z
ChIJGZML9pxnUjoRb6ASqY1rguU,chick bell,places,en,368,13.0890575,80.1969076,13.0875041,80.1977658,0,maa2,Chennai,2026-08-31T08:58:38.863649Z
ChIJGbSEaXZlUjoRehtmws-FShw,MMA FAST FOOD,places,en,368,13.0890575,80.1969076,13.087269,80.1969197,0,maa2,Chennai,2026-08-31T08:58:38.863650Z
ChIJob-bYA9lUjoReb9IIMeFr30,Ashokan Paanipoori Stall,places,en,368,13.0890575,80.1969076,13.0872896,80.197316,0,maa2,Chennai,2026-08-31T08:58:38.863652Z
ChIJacj7mcZlUjoRGuLc7MK3wOo,STREET FOOD,places,en,368,13.0890575,80.1969076,13.087235699999999,80.1967359,0,maa2,Chennai,2026-08-31T08:58:38.863653Z
ChIJN8jJ-ARkUjoR-ojIFEi-GKk,Sree Vinayaka Andhra Mess,places,en,368,13.0890575,80.1969076,13.0875345,80.1958525,0,maa2,Chennai,2026-08-31T08:58:38.863655Z
ChIJnShnKgVkUjoRKSCI4CJviw0,Narsuvai Biryani,places,en,368,13.0890575,80.1969076,13.088030999999999,80.19846609999999,0,maa2,Chennai,2026-08-31T08:58:38.863656Z
ChIJw1gG2IVlUjoRWJhbbyEEeTQ,Royal biryani & fast food,places,en,368,13.0890575,80.1969076,13.087752600000002,80.19828629999999,0,maa2,Chennai,2026-08-31T08:58:38.863657Z
ChIJ_dLdcI5lUjoRqZG3LC5KJEQ,Ithu Namma Kada,places,en,368,13.0890575,80.1969076,13.0872994,80.1975997,0,maa2,Chennai,2026-08-31T08:58:38.863659Z
ChIJn1MfXtZlUjoR4fY82hRhQyc,"Ratna Cafe, Kilpauk",places,en,370,13.0833979,80.23844174999999,13.083494499999999,80.239368,0,maa2,Chennai,2026-08-31T08:58:39.543549Z
ChIJo4Wr3JJlUjoR6LVggLXpji0,"Pizza Hut | Kilpauk Garden Road, Chennai",places,en,370,13.0833979,80.23844174999999,13.083494,80.23967119999999,0,maa2,Chennai,2026-08-31T08:58:39.543558Z
ChIJQyRnKipkUjoRH2YpNP17GoE,Hungsters,places,en,370,13.0833979,80.23844174999999,13.0835349,80.2396729,0,maa2,Chennai,2026-08-31T08:58:39.543561Z
ChIJqfbCjgllUjoR5XdDwI-hKdU,La Pino'z Pizza Kilpauk,places,en,370,13.0833979,80.23844174999999,13.083503799999999,80.2397856,0,maa2,Chennai,2026-08-31T08:58:39.543563Z
ChIJyS0Y6GxlUjoR9ldxCaoLrWc,Bombay Kulfi,places,en,370,13.0833979,80.23844174999999,13.0835517,80.23981669999999,0,maa2,Chennai,2026-08-31T08:58:39.543565Z
ChIJl1uUcYRlUjoRgpQNAGB7oVI,Pakwan Chennai - Kilpauk,places,en,370,13.0833979,80.23844174999999,13.083817499999999,80.2370921,0,maa2,Chennai,2026-08-31T08:58:39.543567Z
ChIJB4u6qtVlUjoRwtNxlw_WXT0,Pakwan Chennai - Kilpauk,places,en,370,13.0833979,80.23844174999999,13.083817499999999,80.2370921,0,maa2,Chennai,2026-08-31T08:58:39.543569Z
ChIJC3dHZQBlUjoR1BCHQc1OiwY,OG THE BURGER COMPANY KILPAUK,places,en,370,13.0833979,80.23844174999999,13.0834984,80.2399318,0,maa2,Chennai,2026-08-31T08:58:39.543571Z
ChIJzTVKtYFlUjoR5FtWe0jOtfU,Chai Waale - Kilpauk,places,en,370,13.0833979,80.23844174999999,13.0835092,80.2399635,0,maa2,Chennai,2026-08-31T08:58:39.543572Z
ChIJX1rXtPdlUjoR5GOz6YVJQwY,The Belgian Waffle Co,places,en,370,13.0833979,80.23844174999999,13.0834466,80.24013819999999,0,maa2,Chennai,2026-08-31T08:58:39.543574Z
ChIJmRb_59VlUjoR8Jz4xEi6Q_4,Jai Food Zone,places,en,370,13.0833979,80.23844174999999,13.0822819,80.237101,0,maa2,Chennai,2026-08-31T08:58:39.543576Z
ChIJ87CRU9ZlUjoRscuC4ZtGSMc,McDonald's,places,en,370,13.0833979,80.23844174999999,13.0834549,80.2403149,0,maa2,Chennai,2026-08-31T08:58:39.543578Z
ChIJjUIjQF1lUjoRJm4etyOTA1o,90's KIDS CLOUD KITCHEN,places,en,370,13.0833979,80.23844174999999,13.082316599999999,80.23674539999999,0,maa2,Chennai,2026-08-31T08:58:39.543579Z
ChIJubOrF_FlUjoRE_Suljd3dKw,LONDON WAAFFLE CO,places,en,370,13.0833979,80.23844174999999,13.0835492,80.23591119999999,0,maa2,Chennai,2026-08-31T08:58:39.543581Z
ChIJ422Jg0BlUjoRpHeKWOJyGBQ,HDFC - Hot Dosa Fresh Chutney,places,en,370,13.0833979,80.23844174999999,13.0835492,80.23584869999999,0,maa2,Chennai,2026-08-31T08:58:39.543583Z
ChIJRx9vfTxlUjoR-EZKDEW56hc,Delhi tandoori chaap,places,en,370,13.0833979,80.23844174999999,13.083471999999999,80.2357256,0,maa2,Chennai,2026-08-31T08:58:39.543584Z
ChIJEf0h1bJnUjoRPDL61K05rh0,Chat & Chutney,places,en,371,13.03568005,80.2462363,13.0355555,80.2459171,0,maa2,Chennai,2026-08-31T08:58:39.853608Z
ChIJl3EsJg5nUjoRzLHXa91Gjyw,Sakthi Saravanan Tiffin Centre,places,en,371,13.03568005,80.2462363,13.0355288,80.245842,0,maa2,Chennai,2026-08-31T08:58:39.853618Z
ChIJgzuKhTpnUjoRK4CnGksQMro,Inti Bhojanam,places,en,371,13.03568005,80.2462363,13.0354307,80.2466136,0,maa2,Chennai,2026-08-31T08:58:39.853621Z
ChIJHdCs1bJnUjoRuuAJnHUTYMw,Sri Velavan Fast Food,places,en,371,13.03568005,80.2462363,13.035469299999999,80.2457197,0,maa2,Chennai,2026-08-31T08:58:39.853623Z
ChIJLQwtJC9nUjoR2miexY7DR0M,Mannah biriyani & catering services,places,en,371,13.03568005,80.2462363,13.035554999999999,80.2454867,0,maa2,Chennai,2026-08-31T08:58:39.853625Z
ChIJl4lTSbNnUjoR-FdJyA028Co,Samco Restaurant Teynampet,places,en,371,13.03568005,80.2462363,13.0353104,80.247153,0,maa2,Chennai,2026-08-31T08:58:39.853628Z
ChIJs6M-QxRnUjoRp5xvWwio6N0,Mex It Up - World On A Plate,places,en,371,13.03568005,80.2462363,13.035398299999999,80.24730749999999,0,maa2,Chennai,2026-08-31T08:58:39.853630Z
ChIJA8SA27JnUjoRH9klTv0_cI8,Sri Sai Fast Food Restaurant,places,en,371,13.03568005,80.2462363,13.034517800000001,80.2455284,0,maa2,Chennai,2026-08-31T08:58:39.853631Z
ChIJe5T5_AJnUjoRjDM42ZxNxr8,Nippon Japanese restaurant,places,en,371,13.03568005,80.2462363,13.0352427,80.2476617,0,maa2,Chennai,2026-08-31T08:58:39.853633Z
ChIJpdO0icxnUjoROt0W-BAULBI,Crave Cart,places,en,371,13.03568005,80.2462363,13.0354611,80.2478233,0,maa2,Chennai,2026-08-31T08:58:39.853635Z
ChIJyUnHfBtnUjoRtBatJQNRoGo,Aalappan,places,en,371,13.03568005,80.2462363,13.036760899999999,80.2449532,0,maa2,Chennai,2026-08-31T08:58:39.853637Z
ChIJUW7zwrJnUjoRWpyMDBFC5q8,Sai Veg Fast Food,places,en,371,13.03568005,80.2462363,13.034291,80.2452259,0,maa2,Chennai,2026-08-31T08:58:39.853639Z
ChIJIVHPyWZnUjoR509b8yUFztI,Mex bowl Inc,places,en,371,13.03568005,80.2462363,13.0340402,80.2470019,0,maa2,Chennai,2026-08-31T08:58:39.853641Z
ChIJC4w8HQBnUjoR11WTQwVNpyE,Double Dashi,places,en,371,13.03568005,80.2462363,13.0339624,80.246991,0,maa2,Chennai,2026-08-31T08:58:39.853642Z
ChIJ485dFLNnUjoRqY-3eLgIzdw,Double Roti,places,en,371,13.03568005,80.2462363,13.0339397,80.2469818,0,maa2,Chennai,2026-08-31T08:58:39.853644Z
ChIJF2Y8DFVnUjoRADacFhrby9s,Hotel Manna Grand (Food Truck),places,en,371,13.03568005,80.2462363,13.035460100000002,80.2482675,0,maa2,Chennai,2026-08-31T08:58:39.853646Z
ChIJ22MHFU1mUjoRAAAAsLxu1no,Alayammn Tiffen Centre,places,en,371,13.03568005,80.2462363,13.0371759,80.2448497,0,maa2,Chennai,2026-08-31T08:58:39.853648Z
ChIJHxI1fVxnUjoRQ0o5VnZOOzU,Teru – South Indian Street Food | Alwarpet,places,en,371,13.03568005,80.2462363,13.0341101,80.24765289999999,0,maa2,Chennai,2026-08-31T08:58:39.853650Z
ChIJkQokoLVnUjoRC0DfVVD2cxY,Manisha momos,places,en,371,13.03568005,80.2462363,13.035439799999999,80.2484512,0,maa2,Chennai,2026-08-31T08:58:39.853652Z
ChIJj55P5bNnUjoR2Xq8Wps-WtU,Healthy Salad and Detox,places,en,371,13.03568005,80.2462363,13.0347683,80.24829869999999,0,maa2,Chennai,2026-08-31T08:58:39.853653Z
ChIJofu4wDBmUjoRQEyW_lICDss,Bay 146,places,en,373,13.0443806,80.25968954999999,13.046006199999999,80.26113079999999,0,maa2,Chennai,2026-08-31T08:58:40.579308Z
ChIJZ6Q6RABlUjoRVqmSpZgUmeM,Burger eat,places,en,374,13.12725645,80.24395415000001,13.1276646,80.2436731,0,maa2,Chennai,2026-08-31T08:58:41.943030Z
ChIJN_3ANwBlUjoRRjzePMf-bJU,MADINA BIRIYANI & FAST FOOD,places,en,374,13.12725645,80.24395415000001,13.126749,80.24296,0,maa2,Chennai,2026-08-31T08:58:41.943038Z
ChIJHVrABahlUjoR_x0SGOOEAIQ,SREE GURU TIFFIN CENTRE,places,en,374,13.12725645,80.24395415000001,13.1260639,80.2428563,0,maa2,Chennai,2026-08-31T08:58:41.943041Z
ChIJywPim-xlUjoRSHWuNBokcGY,KPS TEA HOUSE,places,en,374,13.12725645,80.24395415000001,13.129088999999999,80.2445601,0,maa2,Chennai,2026-08-31T08:58:41.943043Z
ChIJ5XRrrJtlUjoR_OGLgBgK3JQ,Ok burma shop,places,en,374,13.12725645,80.24395415000001,13.128565199999999,80.2423594,0,maa2,Chennai,2026-08-31T08:58:41.943045Z
ChIJhdE3xwdlUjoR1OYrRRrVCV4,SRI VENKATESWARA HOT CHIPS,places,en,374,13.12725645,80.24395415000001,13.128426099999999,80.2419608,0,maa2,Chennai,2026-08-31T08:58:41.943047Z
ChIJT2gdjAdlUjoRwLX08rP0Dg8,S. K. Fast Food,places,en,374,13.12725645,80.24395415000001,13.1270343,80.24154469999999,0,maa2,Chennai,2026-08-31T08:58:41.943049Z
ChIJ-zRJw1VlUjoR39-VWGDsMIw,Hotel sekar,places,en,374,13.12725645,80.24395415000001,13.127142599999999,80.2414819,0,maa2,Chennai,2026-08-31T08:58:41.943051Z
ChIJ06TIFjBlUjoRnbydnoZ2oDw,BISMI BEST BIRIYANI,places,en,374,13.12725645,80.24395415000001,13.1282483,80.24145469999999,0,maa2,Chennai,2026-08-31T08:58:41.943053Z
ChIJfeGDBeNlUjoRM-YhMzRybfk,HOT AND COLD VEPERY,places,en,375,13.08683225,80.2598751,13.0869565,80.25955730000001,0,maa2,Chennai,2026-08-31T08:58:42.340635Z
ChIJne8HS-FlUjoRxnHwx7VsO7o,Hot Chips Veg Restaurant,places,en,375,13.08683225,80.2598751,13.087228999999999,80.2587875,0,maa2,Chennai,2026-08-31T08:58:42.340649Z
ChIJEUE1NOFlUjoR3PWvy1npfnA,BUHARI Restaurant / Take Away / Party Hall,places,en,375,13.08683225,80.2598751,13.087191899999999,80.2584328,0,maa2,Chennai,2026-08-31T08:58:42.340654Z
ChIJvXw8qVNlUjoRACgsKQiNHCQ,Smokey ROOSTER,places,en,375,13.08683225,80.2598751,13.0876921,80.2586548,0,maa2,Chennai,2026-08-31T08:58:42.340657Z
ChIJK2ebCWxlUjoRrQLTMJ4gBVQ,UNGLI CHAAAT,places,en,375,13.08683225,80.2598751,13.087970499999999,80.2585838,0,maa2,Chennai,2026-08-31T08:58:42.340659Z
ChIJa0LQ6QllUjoRPL6mCCtbASU,"Domino's Pizza | Purasaiwakkam, Chennai",places,en,375,13.08683225,80.2598751,13.088668499999999,80.2586475,0,maa2,Chennai,2026-08-31T08:58:42.340662Z
ChIJVeLz8k1lUjoRLjnqdNEE2Vg,M ABUTHAHIR,places,en,375,13.08683225,80.2598751,13.0865274,80.2575032,0,maa2,Chennai,2026-08-31T08:58:42.340665Z
ChIJA0IY6-ZlUjoReSFUlGPDD1g,Asian Snacks And Tea Stall,places,en,375,13.08683225,80.2598751,13.0890142,80.2584823,0,maa2,Chennai,2026-08-31T08:58:42.340668Z
ChIJ2aNT1LRlUjoRx2l9lldnLB8,N S PATHIMA TEA STALL,places,en,375,13.08683225,80.2598751,13.086471,80.2572422,0,maa2,Chennai,2026-08-31T08:58:42.340670Z
ChIJkQf-6uZlUjoReq9l0XjUzgk,Maamood bhai biriyani,places,en,375,13.08683225,80.2598751,13.088975999999999,80.2583868,0,maa2,Chennai,2026-08-31T08:58:42.340672Z
ChIJwUz49k5vUjoR-JKSrAjkWus,Paris Noodles Shop,places,en,376,13.0894733,80.29243945,13.0905198,80.2908478,0,maa2,Chennai,2026-08-31T08:58:42.639088Z
ChIJuV0b905vUjoRWNKVBwoOiSM,Ajees Atho Stall,places,en,376,13.0894733,80.29243945,13.090697299999999,80.29087849999999,0,maa2,Chennai,2026-08-31T08:58:42.639096Z
ChIJhx46ILpvUjoRoG45puqcuCk,Your Sweetness,places,en,376,13.0894733,80.29243945,13.090240099999999,80.2905526,0,maa2,Chennai,2026-08-31T08:58:42.639098Z
ChIJbcxBWE5vUjoR32MuSFMQX9U,Shri Chakraa Bhavan,places,en,376,13.0894733,80.29243945,13.0905993,80.2905643,0,maa2,Chennai,2026-08-31T08:58:42.639100Z
ChIJn5B7cMtvUjoRfF-z5gfQXiI,Scooter BBQ®,places,en,376,13.0894733,80.29243945,13.090632,80.29029609999999,0,maa2,Chennai,2026-08-31T08:58:42.639102Z
ChIJ7yL-OwBvUjoRStRicn6gjbc,Aarooran chats,places,en,376,13.0894733,80.29243945,13.0908046,80.2903838,0,maa2,Chennai,2026-08-31T08:58:42.639104Z
ChIJOW9kR8BvUjoRxxBJlh27Xnk,mannady beef briyani,places,en,376,13.0894733,80.29243945,13.090814799999999,80.2903292,0,maa2,Chennai,2026-08-31T08:58:42.639105Z
ChIJ9RdrBwBhUjoR0i5HbqKtqEc,Aradhya chaats,places,en,377,13.02074785,80.18124610000001,13.020573899999999,80.181615,0,maa2,Chennai,2026-08-31T08:58:42.969609Z
ChIJdf4YbOBhUjoRHv5A0IB_ARU,Sangamithirai - Native Thamizh Cuisine,places,en,377,13.02074785,80.18124610000001,13.0213681,80.1805597,0,maa2,Chennai,2026-08-31T08:58:42.969618Z
ChIJ6YJHGM5gUjoRyiuD-Qi4E5o,WATERSIDE,places,en,377,13.02074785,80.18124610000001,13.021595099999999,80.1807075,0,maa2,Chennai,2026-08-31T08:58:42.969620Z
ChIJ7UElkc1gUjoR_FZQnkp73Rs,Skyloft,places,en,377,13.02074785,80.18124610000001,13.0217783,80.18078849999999,0,maa2,Chennai,2026-08-31T08:58:42.969622Z
ChIJ99wXFjRnUjoRSXYlOxUS5o0,Kitchen No 7,places,en,377,13.02074785,80.18124610000001,13.0220048,80.1812075,0,maa2,Chennai,2026-08-31T08:58:42.969624Z
ChIJ-9VeHQNhUjoRyML6eouQxiI,Meeting Point,places,en,377,13.02074785,80.18124610000001,13.021175099999999,80.18253709999999,0,maa2,Chennai,2026-08-31T08:58:42.969626Z
ChIJCTrjC85gUjoRmreDobnN9hg,China Express,places,en,377,13.02074785,80.18124610000001,13.021496299999999,80.1824609,0,maa2,Chennai,2026-08-31T08:58:42.969628Z
ChIJ93naemphUjoR4WAuY1X4a9U,The Garden,places,en,377,13.02074785,80.18124610000001,13.020909699999999,80.17956480000001,0,maa2,Chennai,2026-08-31T08:58:42.969629Z
ChIJP5D9BtJgUjoR07Lpng6NON8,Dindigul Thalappakatti Ramapuram,places,en,377,13.02074785,80.18124610000001,13.0219732,80.18243939999999,0,maa2,Chennai,2026-08-31T08:58:42.969631Z
ChIJO-kJj_NhUjoR9-BrF9IakJ4,"Jonah's Bistro, Ramapuram",places,en,377,13.02074785,80.18124610000001,13.0220682,80.18241359999999,0,maa2,Chennai,2026-08-31T08:58:42.969632Z
ChIJM8Pr7c1gUjoRLCLH-woUvww,New Arcot Biryani,places,en,377,13.02074785,80.18124610000001,13.0210894,80.1830411,0,maa2,Chennai,2026-08-31T08:58:42.969634Z
ChIJ8bga-81gUjoRb9TW2W4uBls,Hotel Vasantham Ramapuram,places,en,377,13.02074785,80.18124610000001,13.020876699999999,80.1831258,0,maa2,Chennai,2026-08-31T08:58:42.969636Z
ChIJi-VHdfdhUjoRR7Fpixu6dIA,Feather Radha hotel,places,en,377,13.02074785,80.18124610000001,13.0225637,80.18085599999999,0,maa2,Chennai,2026-08-31T08:58:42.969637Z
ChIJUV0Dn-NhUjoRhUjjVjrCNys,Kovilpatti Murukku Kadai,places,en,377,13.02074785,80.18124610000001,13.021005899999999,80.18319129999999,0,maa2,Chennai,2026-08-31T08:58:42.969639Z
ChIJz3TWdABhUjoR7vYbi3Ijylk,Night Tiffin Stall,places,en,377,13.02074785,80.18124610000001,13.0208371,80.1836261,0,maa2,Chennai,2026-08-31T08:58:42.969641Z
ChIJ2dT7HxhdUjoR7FJoLM8KKXs,Real Foods - Magizhini Tiffin And Fast Food,places,en,378,12.98210155,80.2376168,12.9815834,80.2379368,0,maa2,Chennai,2026-08-31T08:58:43.275670Z
ChIJK2_8Um9dUjoR0fdLR3T3H9w,VR Karandi Thatti,places,en,378,12.98210155,80.2376168,12.981249199999999,80.2374968,0,maa2,Chennai,2026-08-31T08:58:43.275684Z
ChIJh200KcJdUjoRR7dWiul-_M8,PizzaBoy - Wood Fired Bistro Velachery,places,en,378,12.98210155,80.2376168,12.981069399999999,80.23767699999999,0,maa2,Chennai,2026-08-31T08:58:43.275688Z
ChIJ6eg1atddUjoR8ZjqnZoXNSc,BrownBun - Wood Fired Burgers Velachery,places,en,378,12.98210155,80.2376168,12.9810691,80.2376831,0,maa2,Chennai,2026-08-31T08:58:43.275690Z
ChIJ6a6QyrddUjoRyYTaFhNDqPs,TenderCuts - Velachery,places,en,378,12.98210155,80.2376168,12.9810643,80.2376537,0,maa2,Chennai,2026-08-31T08:58:43.275693Z
ChIJO9oK91xnUjoReWDxBr43cBY,50-50 Hot & Spicy,places,en,379,12.99601045,80.2010563,12.9962144,80.2011158,0,maa2,Chennai,2026-08-31T08:58:43.585416Z
ChIJ44a9noBnUjoRFuKWblEvHcc,Hotel Chennai Dosa 2,places,en,379,12.99601045,80.2010563,12.996934000000001,80.2011311,0,maa2,Chennai,2026-08-31T08:58:43.585424Z
ChIJi4sfM1pnUjoRBCwPNatPaX8,VVS Family Restaurant Ambur briyani,places,en,379,12.99601045,80.2010563,12.9950114,80.2013929,0,maa2,Chennai,2026-08-31T08:58:43.585426Z
ChIJVWVz1ythUjoRDInw95hXN5g,Bai V2 Biryani,places,en,379,12.99601045,80.2010563,12.995048599999999,80.2004638,0,maa2,Chennai,2026-08-31T08:58:43.585427Z
ChIJNd9iaDdnUjoRJUsSOhpbSGY,Meat and Eat,places,en,379,12.99601045,80.2010563,12.995004199999999,80.20163470000001,0,maa2,Chennai,2026-08-31T08:58:43.585429Z
ChIJf0YNLQ1nUjoRGaVJytXUfec,Namma Chennai Kitchen,places,en,379,12.99601045,80.2010563,12.995150599999999,80.2018446,0,maa2,Chennai,2026-08-31T08:58:43.585430Z
ChIJJ8V9CgBnUjoRE8Tn1_aWRzE,Shifnaz Cafe,places,en,379,12.99601045,80.2010563,12.9949398,80.2015424,0,maa2,Chennai,2026-08-31T08:58:43.585432Z
ChIJuaJ4PFpnUjoRlBAFZnK4M7o,Sindhori White Pork Meat And Fry Shop,places,en,379,12.99601045,80.2010563,12.9950084,80.2003946,0,maa2,Chennai,2026-08-31T08:58:43.585433Z
ChIJiS3GzltnUjoRYk29LgVgb-A,Madurai Ananthi Hotel,places,en,379,12.99601045,80.2010563,12.9951636,80.201906,0,maa2,Chennai,2026-08-31T08:58:43.585435Z
ChIJzWUulHVnUjoRnVBSqsH2quo,Killer Hair Spot,places,en,379,12.99601045,80.2010563,12.9948737,80.2004923,0,maa2,Chennai,2026-08-31T08:58:43.585436Z
ChIJy8xVSR1nUjoR5IcJozHeF_s,RR SOUP STALL,places,en,379,12.99601045,80.2010563,12.9948815,80.2003665,0,maa2,Chennai,2026-08-31T08:58:43.585437Z
ChIJQ5Vaz1tnUjoRLnHioy2h0Wg,AMMA FAST FOOD,places,en,379,12.99601045,80.2010563,12.9950659,80.202073,0,maa2,Chennai,2026-08-31T08:58:43.585439Z
ChIJCTWtLVpnUjoRO0tG9xykAaU,Sri Agarwal Sweets & Chat,places,en,379,12.99601045,80.2010563,12.994609299999999,80.2013163,0,maa2,Chennai,2026-08-31T08:58:43.585440Z
ChIJUzkB6VpnUjoRu0DSOiNbCiE,FASHION CHOICZZZ MEN'S CLOTHING,places,en,379,12.99601045,80.2010563,12.997457299999999,80.200774,0,maa2,Chennai,2026-08-31T08:58:43.585442Z
ChIJh5B8Vk9nUjoRJfaZkUL5QLE,Aachi mess,places,en,379,12.99601045,80.2010563,12.9974873,80.2006371,0,maa2,Chennai,2026-08-31T08:58:43.585443Z
ChIJORnx1IRnUjoRIq4nrkiQC_s,Namma Kadai Briyani,places,en,379,12.99601045,80.2010563,12.9974873,80.2006371,0,maa2,Chennai,2026-08-31T08:58:43.585445Z
ChIJvckhI1pnUjoR4OZjBewG0NQ,Royal Biriyani & Catering Service,places,en,379,12.99601045,80.2010563,12.994691,80.2002466,0,maa2,Chennai,2026-08-31T08:58:43.585446Z
ChIJHWLyvblnUjoR6eCAIitdcbU,VENKATESHWARA BOLI STALL,places,en,379,12.99601045,80.2010563,12.9961875,80.19945899999999,0,maa2,Chennai,2026-08-31T08:58:43.585447Z
ChIJTyQGYlpnUjoRq2D9btB2_54,Elite Restaurant,places,en,379,12.99601045,80.2010563,12.9968728,80.1996692,0,maa2,Chennai,2026-08-31T08:58:43.585449Z
ChIJl3OIFABnUjoRqnr6zKt4WnY,Sri Ponniamman Vilas,places,en,379,12.99601045,80.2010563,12.9950954,80.20240009999999,0,maa2,Chennai,2026-08-31T08:58:43.585450Z
ChIJE98SlvNhUjoRRNfCpv9IMsw,Zam Zam,places,en,380,13.06234205,80.1819346,13.0630077,80.1842925,0,maa2,Chennai,2026-08-31T08:58:43.999650Z
ChIJcWFMeBlhUjoRJv-atvAFsBI,THE GUN BBQ & BIRYANI - Nerkundrum Koyambedu,places,en,380,13.06234205,80.1819346,13.061052799999999,80.18407979999999,0,maa2,Chennai,2026-08-31T08:58:43.999658Z
ChIJUa-sZlFhUjoRfwXKZqV9udA,OLD TOUCH FOODS,places,en,380,13.06234205,80.1819346,13.061053099999999,80.184129,0,maa2,Chennai,2026-08-31T08:58:43.999660Z
ChIJIZWdHTJhUjoRH4wK6ZkOX2g,Sulaiman Veg briyank,places,en,381,13.05668275,80.18254300000001,13.0567703,80.1809964,0,maa2,Chennai,2026-08-31T08:58:44.313861Z
ChIJQ2Xrt1xhUjoRH0Xyi1QmxP0,Ambal chettinadu hotel,places,en,381,13.05668275,80.18254300000001,13.0566677,80.1808274,0,maa2,Chennai,2026-08-31T08:58:44.313873Z
ChIJCSDH_adhUjoR6c5rFmX5wEE,The Spot Biriyani,places,en,381,13.05668275,80.18254300000001,13.0566114,80.18064389999999,0,maa2,Chennai,2026-08-31T08:58:44.313876Z
ChIJ0fwfVHpdUjoR4y4jx4CKK70,Bismillah Beef Biryani,places,en,381,13.05668275,80.18254300000001,13.056648099999999,80.1806122,0,maa2,Chennai,2026-08-31T08:58:44.313879Z
ChIJ77Y8m2hhUjoRIStIQ8sLJTc,SM Ambur briyani,places,en,381,13.05668275,80.18254300000001,13.055337399999999,80.1810685,0,maa2,Chennai,2026-08-31T08:58:44.313881Z
ChIJSQI_kUlhUjoR4Oei_zrbgMk,Hotel Sri Muruga,places,en,381,13.05668275,80.18254300000001,13.0582438,80.18115759999999,0,maa2,Chennai,2026-08-31T08:58:44.313883Z
ChIJD4gCyzdhUjoR_dGQu9p8B0A,"MEATDOZERS SHAWARMA & GRILL ,VALASARAVAKKAM",places,en,382,13.040318150000001,80.1758652,13.041676299999999,80.1752161,0,maa2,Chennai,2026-08-31T08:58:44.645261Z
ChIJFYWQdiVhUjoRwPM2u0iI-Lg,SATHYA FAST FOOD,places,en,382,13.040318150000001,80.1758652,13.041745299999999,80.1753463,0,maa2,Chennai,2026-08-31T08:58:44.645269Z
ChIJlxtLdPRmUjoRGsUNqSLDT4A,Hot Spice Kitchen,places,en,382,13.040318150000001,80.1758652,13.041326699999999,80.174661,0,maa2,Chennai,2026-08-31T08:58:44.645271Z
ChIJ89EwwT1hUjoROYc-YptE59E,HYDERS BIRYANI,places,en,382,13.040318150000001,80.1758652,13.041901399999999,80.17592080000001,0,maa2,Chennai,2026-08-31T08:58:44.645273Z
ChIJyYhbPdlhUjoRvEclKgn0xxI,New Hyderabad Biriyani,places,en,382,13.040318150000001,80.1758652,13.041904700000002,80.17593459999999,0,maa2,Chennai,2026-08-31T08:58:44.645274Z
ChIJX3cuWwBhUjoR8ndbYENg1vI,Guna meeting point,places,en,382,13.040318150000001,80.1758652,13.0419222,80.17603199999999,0,maa2,Chennai,2026-08-31T08:58:44.645276Z
ChIJgy6E3CVhUjoRorJRmJdjB_A,ANBU HOTEL,places,en,382,13.040318150000001,80.1758652,13.039234299999999,80.1745668,0,maa2,Chennai,2026-08-31T08:58:44.645277Z
ChIJhwRwbABhUjoRsb_-HMUWgMM,"PATHAYAM Restaurant chennai,valasaravkkam",places,en,382,13.040318150000001,80.1758652,13.041963299999999,80.17579769999999,0,maa2,Chennai,2026-08-31T08:58:44.645278Z
ChIJF9IA75thUjoROvCw5Zh7OL8,DR Kitchen,places,en,382,13.040318150000001,80.1758652,13.0419527,80.1753635,0,maa2,Chennai,2026-08-31T08:58:44.645280Z
ChIJ9VZoWgBhUjoRZFq8b0apXpU,CK's Bakery Valasaravakkam,places,en,382,13.040318150000001,80.1758652,13.0420153,80.17563129999999,0,maa2,Chennai,2026-08-31T08:58:44.645282Z
ChIJ3xT3HwBhUjoRnBJIHQS18Wg,The Red Box - Valasaravakkam,places,en,382,13.040318150000001,80.1758652,13.0420462,80.1758072,0,maa2,Chennai,2026-08-31T08:58:44.645283Z
ChIJp9PPlVphUjoRwFO21i4vKd4,Inidhes Mini Tiffin Centre Valasaravakkam,places,en,382,13.040318150000001,80.1758652,13.042096599999999,80.1758444,0,maa2,Chennai,2026-08-31T08:58:44.645284Z
ChIJnw4msddvUjoRfOpxD3pOE1Q,EX SERVICEMEN ENTERPRISES,places,en,383,13.08411555,80.28862165000001,13.083946,80.2892566,0,maa2,Chennai,2026-08-31T08:58:45.055463Z
ChIJr_s_NbRvUjoRvTqFDGVYiIA,Retro BAR - The Seafarers Club,places,en,383,13.08411555,80.28862165000001,13.0830494,80.2894579,0,maa2,Chennai,2026-08-31T08:58:45.055472Z
ChIJHVuw26xvUjoRDhy4XQeDNfk,Food court @ Chennai Port,places,en,383,13.08411555,80.28862165000001,13.0851715,80.29041289999999,0,maa2,Chennai,2026-08-31T08:58:45.055475Z
ChIJ_dqZblddUjoR4ieULRlObRE,AMMA UNAVAGAM 138/13,places,en,384,12.97963395,80.25598975,12.9810701,80.2539343,0,maa2,Chennai,2026-08-31T08:58:45.368421Z
ChIJZzleaABdUjoRScCDk5ackPQ,"Italia On The Go, Tiruvanmiyur",places,en,384,12.97963395,80.25598975,12.981592299999999,80.2542395,0,maa2,Chennai,2026-08-31T08:58:45.368429Z
ChIJERjk3jRnUjoRzVXyGOvO1x4,Rohit Tifin Centre,places,en,385,13.066498,80.21548275,13.0664217,80.215854,0,maa2,Chennai,2026-08-31T08:58:45.681887Z
ChIJzd1o3JBmUjoRaJ83jaIE4wA,Jannath Biryani,places,en,385,13.066498,80.21548275,13.066334099999999,80.21651580000001,0,maa2,Chennai,2026-08-31T08:58:45.681898Z
ChIJJVAte0FnUjoRsJBqNmxTMok,Madina Ambur Biriyani Centre,places,en,385,13.066498,80.21548275,13.067004599999999,80.21649479999999,0,maa2,Chennai,2026-08-31T08:58:45.681901Z
ChIJNZ96TmVmUjoRKUJEAPg7GKc,Krishna Roti Subzee,places,en,386,13.06928305,80.24243985000001,13.0692914,80.2424549,0,maa2,Chennai,2026-08-31T08:58:46.110650Z
ChIJ8-4rVfhnUjoRxsBWuqwdaow,So Far So Good (Takeaway Restaurant),places,en,386,13.06928305,80.24243985000001,13.069302599999999,80.24245619999999,0,maa2,Chennai,2026-08-31T08:58:46.110657Z
ChIJkwcCZFhnUjoRJ8C_Ggl-5Tc,Sri Balaji Bhavan Hotel,places,en,386,13.06928305,80.24243985000001,13.069729400000002,80.24229160000002,0,maa2,Chennai,2026-08-31T08:58:46.110659Z
ChIJ18AIVGVmUjoRGzZDCGsWKAE,Breew'n Bites,places,en,386,13.06928305,80.24243985000001,13.069399599999999,80.24295289999999,0,maa2,Chennai,2026-08-31T08:58:46.110660Z
ChIJ__-PSmVmUjoR2mR7jo5ZKo4,CREAMY-INN,places,en,386,13.06928305,80.24243985000001,13.069560099999999,80.241973,0,maa2,Chennai,2026-08-31T08:58:46.110662Z
ChIJv2xxyIlnUjoRgJ4jhlu4hWQ,SIVASU COFFEE HOUSE,places,en,386,13.06928305,80.24243985000001,13.0697165,80.2419634,0,maa2,Chennai,2026-08-31T08:58:46.110663Z
ChIJJdTyNZpnUjoRpwL0PZRctQc,NORUKKUTHEENI KADAI,places,en,386,13.06928305,80.24243985000001,13.069512,80.24320589999999,0,maa2,Chennai,2026-08-31T08:58:46.110664Z
ChIJj4oWFOFmUjoR6qMIrcJX6XI,Rahmas Restaurant,places,en,386,13.06928305,80.24243985000001,13.070040299999999,80.2421974,0,maa2,Chennai,2026-08-31T08:58:46.110665Z
ChIJ04okeeVmUjoReGEyrMLdhMI,Arab Street,places,en,386,13.06928305,80.24243985000001,13.070040299999999,80.2421974,0,maa2,Chennai,2026-08-31T08:58:46.110666Z
ChIJVaGYQu1nUjoRat9NeOXhBA8,MOON LIGHT FASTFOOD,places,en,386,13.06928305,80.24243985000001,13.0701106,80.24218479999999,0,maa2,Chennai,2026-08-31T08:58:46.110667Z
ChIJc7WvDNlnUjoRZgh43ZvHhv0,Chatpata Chaap,places,en,386,13.06928305,80.24243985000001,13.070119300000002,80.2421966,0,maa2,Chennai,2026-08-31T08:58:46.110668Z
ChIJ31o3sXpmUjoRKULDET6j9cs,Biriyani Palace,places,en,386,13.06928305,80.24243985000001,13.070143199999999,80.2422795,0,maa2,Chennai,2026-08-31T08:58:46.110669Z
ChIJ2dRgIQBnUjoRQtyDkcfV_vo,A2B,places,en,386,13.06928305,80.24243985000001,13.0697174,80.2432839,0,maa2,Chennai,2026-08-31T08:58:46.110671Z
ChIJtQYiewBnUjoR4go5FCSQKgo,Bablu nishad,places,en,386,13.06928305,80.24243985000001,13.0697174,80.2432839,0,maa2,Chennai,2026-08-31T08:58:46.110672Z
ChIJC8olt3pmUjoRceuLhEqT3hA,Fishermen Canteen,places,en,386,13.06928305,80.24243985000001,13.070237599999999,80.24218499999999,0,maa2,Chennai,2026-08-31T08:58:46.110673Z
ChIJDSDAOfBnUjoRLlaFGlreGd4,Arun Biriyani Center,places,en,386,13.06928305,80.24243985000001,13.0703023,80.2421645,0,maa2,Chennai,2026-08-31T08:58:46.110674Z
ChIJEx-4yXpmUjoRKFzPsC5cLyA,Lakshmi Sai Andhra Mess,places,en,386,13.06928305,80.24243985000001,13.0703005,80.24214169999999,0,maa2,Chennai,2026-08-31T08:58:46.110675Z
ChIJ7bs7JBpnUjoRSDuqtk32DAY,Chennai zaika biriyani and kabas,places,en,386,13.06928305,80.24243985000001,13.0704455,80.2421056,0,maa2,Chennai,2026-08-31T08:58:46.110677Z
ChIJvervXRNlUjoRiGS9aCeUU-Y,Hut Shawarma,places,en,387,13.086401500000001,80.2154813,13.0864131,80.2155329,0,maa2,Chennai,2026-08-31T08:58:46.436448Z
ChIJwyf_ZPxlUjoRoLW2cHtcOok,"EatHub Cafe, Anna Nagar",places,en,387,13.086401500000001,80.2154813,13.0864403,80.2155264,0,maa2,Chennai,2026-08-31T08:58:46.436455Z
ChIJl1qiISRkUjoRiXLtuPB0p1U,Briyani Point,places,en,387,13.086401500000001,80.2154813,13.086645299999999,80.2155741,0,maa2,Chennai,2026-08-31T08:58:46.436458Z
ChIJIdxjC8plUjoR2k8V6agUT8I,Vora Cafe,places,en,387,13.086401500000001,80.2154813,13.0860404,80.2155492,0,maa2,Chennai,2026-08-31T08:58:46.436459Z
ChIJzTIS2VJlUjoR3SJG30wcnBQ,Maplai Poratta,places,en,387,13.086401500000001,80.2154813,13.086006,80.2155022,0,maa2,Chennai,2026-08-31T08:58:46.436461Z
ChIJQ2NhDXxlUjoRUA9CEuJON0o,Geetham Veg Restaurant,places,en,387,13.086401500000001,80.2154813,13.086193999999999,80.2159204,0,maa2,Chennai,2026-08-31T08:58:46.436462Z
ChIJ____D6BdUjoRWazUEkZNxC4,Shanthi Chinese & Tandoori Restaurant,places,en,387,13.086401500000001,80.2154813,13.0857485,80.2153998,0,maa2,Chennai,2026-08-31T08:58:46.436463Z
ChIJW1MSp-hlUjoRwUHhW2Sfr1U,One More Plate,places,en,387,13.086401500000001,80.2154813,13.085678,80.2158584,0,maa2,Chennai,2026-08-31T08:58:46.436465Z
ChIJn97nRABlUjoRLRTZsy4oUUY,K B Canteen,places,en,387,13.086401500000001,80.2154813,13.085291,80.215496,0,maa2,Chennai,2026-08-31T08:58:46.436466Z
ChIJ5asByDRlUjoR5FZ9-EAHRVM,Tower Gate Snacks,places,en,387,13.086401500000001,80.2154813,13.086072399999999,80.2166603,0,maa2,Chennai,2026-08-31T08:58:46.436467Z
ChIJ____D6BdUjoR3eIlb9wy0J0,Grand Fast Food,places,en,387,13.086401500000001,80.2154813,13.0851803,80.2154772,0,maa2,Chennai,2026-08-31T08:58:46.436468Z
ChIJWfe9bgBlUjoRA1CoIJfhZVo,Khan Saheb Grills & Rolls,places,en,387,13.086401500000001,80.2154813,13.085107899999999,80.2155076,0,maa2,Chennai,2026-08-31T08:58:46.436470Z
ChIJ2W922pBlUjoRtCrhUj_oiDc,Bermuda Triangle - The Food Company,places,en,387,13.086401500000001,80.2154813,13.086053,80.21684479999999,0,maa2,Chennai,2026-08-31T08:58:46.436471Z
ChIJXQbRPwBlUjoRvhmPZp4tFV8,The Tower Brew Co.,places,en,387,13.086401500000001,80.2154813,13.0860753,80.2169126,0,maa2,Chennai,2026-08-31T08:58:46.436472Z
ChIJDS-9OQ9lUjoRuPU4F1gOlxg,Grills & Kebabs,places,en,387,13.086401500000001,80.2154813,13.0860798,80.2169304,0,maa2,Chennai,2026-08-31T08:58:46.436474Z
ChIJV4rflPllUjoRNVAw2Azaz3M,Divyam restaurant,places,en,387,13.086401500000001,80.2154813,13.0860748,80.216932,0,maa2,Chennai,2026-08-31T08:58:46.436475Z
ChIJA-jvfaJlUjoRfHTu52AFyLw,DINHOS,places,en,387,13.086401500000001,80.2154813,13.086066299999999,80.2169426,0,maa2,Chennai,2026-08-31T08:58:46.436476Z
ChIJhazHdPZlUjoRLTpklgoltjI,Madurai Mannar Mess,places,en,387,13.086401500000001,80.2154813,13.084986299999999,80.21629469999999,0,maa2,Chennai,2026-08-31T08:58:46.436477Z
ChIJjZUUzTtlUjoRY6QD8GyyIwA,Tiffin Box,places,en,387,13.086401500000001,80.2154813,13.084837,80.2159446,0,maa2,Chennai,2026-08-31T08:58:46.436479Z
ChIJFczO0RFlUjoRvVHpArDtweM,Thiruvadi fast food,places,en,387,13.086401500000001,80.2154813,13.084907,80.2164074,0,maa2,Chennai,2026-08-31T08:58:46.436480Z
ChIJu0XONB1kUjoRAAAAsBCqt04,Sam Fry Chicken And Beef Shop,places,en,389,13.080658450000001,80.1997561,13.081068499999999,80.19876169999999,0,maa2,Chennai,2026-08-31T08:58:47.303082Z
ChIJfWtZZtFlUjoR2sXsA2wcSF0,Chicken shop,places,en,389,13.080658450000001,80.1997561,13.0795117,80.2001099,0,maa2,Chennai,2026-08-31T08:58:47.303092Z
ChIJNRXVRe1nUjoRI5FhXvHF5lI,UNLIMITED BIRYANI SAMBA 106,places,en,389,13.080658450000001,80.1997561,13.079151399999999,80.1990847,0,maa2,Chennai,2026-08-31T08:58:47.303095Z
ChIJRwKa6AZlUjoRi29dCS5DxYQ,Raja Tea & Tiffin Centre,places,en,389,13.080658450000001,80.1997561,13.080139899999999,80.1981268,0,maa2,Chennai,2026-08-31T08:58:47.303097Z
ChIJ8wsoIb1lUjoRBUtQG-hsPsg,Al Hassan Food Court,places,en,389,13.080658450000001,80.1997561,13.080076199999999,80.1981307,0,maa2,Chennai,2026-08-31T08:58:47.303100Z
ChIJxeICGStlUjoRD3WjR5Ojj-k,"Tealogy Café, Annanagar, Chennai",places,en,389,13.080658450000001,80.1997561,13.0801296,80.19809599999999,0,maa2,Chennai,2026-08-31T08:58:47.303102Z
ChIJufcqtcZlUjoROmEq8Q_xVrk,Ultimate Beef Briyani,places,en,389,13.080658450000001,80.1997561,13.080138499999999,80.1980543,0,maa2,Chennai,2026-08-31T08:58:47.303104Z
ChIJzakjC-llUjoR3vN9SlygrBY,Italian Dhaba,places,en,389,13.080658450000001,80.1997561,13.0789484,80.1993033,0,maa2,Chennai,2026-08-31T08:58:47.303106Z
ChIJndsZKHxlUjoRfXxB9fQ5-Bw,Satrasam Food Services,places,en,389,13.080658450000001,80.1997561,13.079565599999999,80.1982098,0,maa2,Chennai,2026-08-31T08:58:47.303108Z
ChIJ-7-wX49lUjoRlvwLM7v_7dI,Taco Bell,places,en,389,13.080658450000001,80.1997561,13.080622,80.19772549999999,0,maa2,Chennai,2026-08-31T08:58:47.303110Z
ChIJqZ5mOklnUjoRwxVuqxDUdlE,AMUTHA CANTEEN,places,en,389,13.080658450000001,80.1997561,13.078762999999999,80.19903230000001,0,maa2,Chennai,2026-08-31T08:58:47.303111Z
ChIJrTmJ-J5lUjoROhCzLmNppt8,McDonald's,places,en,389,13.080658450000001,80.1997561,13.08075,80.1976636,0,maa2,Chennai,2026-08-31T08:58:47.303113Z
ChIJG7jf5vtlUjoRkR_9s5hMDDU,Asia Seven Anna Nagar West,places,en,389,13.080658450000001,80.1997561,13.080601,80.197654,0,maa2,Chennai,2026-08-31T08:58:47.303115Z
ChIJObKQcM1nUjoRZnvqWM9UzGc,Healthy eats,places,en,389,13.080658450000001,80.1997561,13.078908,80.1986198,0,maa2,Chennai,2026-08-31T08:58:47.303117Z
ChIJN6HOuCVlUjoR2zLaypPMwXc,California Burrito Mexican Kitchen @ VR Mall,places,en,389,13.080658450000001,80.1997561,13.080620099999999,80.19761369999999,0,maa2,Chennai,2026-08-31T08:58:47.303119Z
ChIJmWFv0RxkUjoRRD8uOdxCAc0,King Cafe,places,en,389,13.080658450000001,80.1997561,13.0827522,80.1990577,0,maa2,Chennai,2026-08-31T08:58:47.303121Z
ChIJX7HnMwBlUjoRPH3upaLDQiQ,Paandi Kadai,places,en,389,13.080658450000001,80.1997561,13.0808541,80.19753620000002,0,maa2,Chennai,2026-08-31T08:58:47.303199Z
ChIJvTUHWABlUjoRY3l9m3sH_zc,Fasta pizza vr mall,places,en,389,13.080658450000001,80.1997561,13.0804859,80.19751459999999,0,maa2,Chennai,2026-08-31T08:58:47.303202Z
ChIJDanJaM5lUjoREAaYJDfb8oQ,BALAJI BIRIYANI AND FAST FOOD,places,en,389,13.080658450000001,80.1997561,13.079791799999999,80.1976576,0,maa2,Chennai,2026-08-31T08:58:47.303204Z
ChIJEbXgx65lUjoR_OrHDIukckI,Chinese Wok,places,en,389,13.080658450000001,80.1997561,13.080769,80.1974552,0,maa2,Chennai,2026-08-31T08:58:47.303206Z
ChIJL8ixXwBdUjoR0AXxfXdKR-g,Malar chicken stall,places,en,390,12.98773185,80.22269320000001,12.9877127,80.2230038,0,maa2,Chennai,2026-08-31T08:58:47.725537Z
ChIJmS-FD6VnUjoRrivdoLvooUw,NutNiche And Co,places,en,390,12.98773185,80.22269320000001,12.9877261,80.2222479,0,maa2,Chennai,2026-08-31T08:58:47.725544Z
ChIJI7p7AcJdUjoRCEZI7Bk0MaA,"Dwarka, goodness of traditional veg food",places,en,390,12.98773185,80.22269320000001,12.9880257,80.2230508,0,maa2,Chennai,2026-08-31T08:58:47.725547Z
ChIJcYtrEIZdUjoRHCLfcmTy97Y,Malabar Kitchen,places,en,390,12.98773185,80.22269320000001,12.9880923,80.2229962,0,maa2,Chennai,2026-08-31T08:58:47.725549Z
ChIJvcJSu4ddUjoRptNVRMV_nRA,Charcoal Sutta Kozhi,places,en,390,12.98773185,80.22269320000001,12.987347399999999,80.2230213,0,maa2,Chennai,2026-08-31T08:58:47.725550Z
ChIJI3K26LxnUjoRyZo2GTTqIY8,R4T KITCHEN,places,en,390,12.98773185,80.22269320000001,12.9881666,80.2229385,0,maa2,Chennai,2026-08-31T08:58:47.725552Z
ChIJexGT2mJnUjoR4esOiHCcFFA,Wineish Enterprises,places,en,390,12.98773185,80.22269320000001,12.9881522,80.2230216,0,maa2,Chennai,2026-08-31T08:58:47.725553Z
ChIJLf-7OQVdUjoR8KLmHCl5a-U,Prasanya Chats And Snacks,places,en,390,12.98773185,80.22269320000001,12.987173199999999,80.2223959,0,maa2,Chennai,2026-08-31T08:58:47.725555Z
ChIJxwlwkYddUjoR3bDk4kHkppA,Saravana Hotel,places,en,390,12.98773185,80.22269320000001,12.988403799999999,80.222753,0,maa2,Chennai,2026-08-31T08:58:47.725556Z
ChIJWS08YvxdUjoRBorCBnOJJPY,Guhasri Bhavan,places,en,390,12.98773185,80.22269320000001,12.9884376,80.2227137,0,maa2,Chennai,2026-08-31T08:58:47.725557Z
ChIJ338UsIddUjoRiJ8TdFih3Hk,ANJANA Fast Food,places,en,390,12.98773185,80.22269320000001,12.987036999999999,80.222895,0,maa2,Chennai,2026-08-31T08:58:47.725559Z
ChIJb-X_BQBdUjoRiSbTeppzH6c,A.D.R FAST FOOD,places,en,390,12.98773185,80.22269320000001,12.987021799999999,80.2228937,0,maa2,Chennai,2026-08-31T08:58:47.725560Z
ChIJXTJppYddUjoRrYKwrXKryQA,S.S. Fast Food,places,en,390,12.98773185,80.22269320000001,12.9872085,80.22324669999999,0,maa2,Chennai,2026-08-31T08:58:47.725561Z
ChIJeURVTABdUjoRtwod957tEuI,MoMo Hawker,places,en,390,12.98773185,80.22269320000001,12.9872085,80.22324669999999,0,maa2,Chennai,2026-08-31T08:58:47.725563Z
ChIJR2BJpYddUjoRXLicZhw4wao,Ambur Classic Biriyani,places,en,390,12.98773185,80.22269320000001,12.9872085,80.22324669999999,0,maa2,Chennai,2026-08-31T08:58:47.725564Z
ChIJz9xKTlxdUjoRQH6w8p4qO-c,Punjabi Xpress,places,en,390,12.98773185,80.22269320000001,12.9867216,80.22286919999999,0,maa2,Chennai,2026-08-31T08:58:47.725566Z
ChIJgWXyMz5dUjoRq40IhmXznnE,Meenappa Restaurant - Velachery,places,en,390,12.98773185,80.22269320000001,12.9865698,80.2228545,0,maa2,Chennai,2026-08-31T08:58:47.725567Z
ChIJC8ezAIddUjoRynfL_NbgcPE,Sri Kalikambal Vegetarian Hotel,places,en,390,12.98773185,80.22269320000001,12.9867548,80.2238239,0,maa2,Chennai,2026-08-31T08:58:47.725568Z
ChIJG3TwYABdUjoRtDyKFHBBBrA,S2 Cafe,places,en,390,12.98773185,80.22269320000001,12.9862483,80.22283589999999,0,maa2,Chennai,2026-08-31T08:58:47.725570Z
ChIJBfoL-PBdUjoRmuS0sIjjRFc,Biriyani Brothers Velachery,places,en,390,12.98773185,80.22269320000001,12.986232399999999,80.2228336,0,maa2,Chennai,2026-08-31T08:58:47.725571Z
ChIJc59z2EpmUjoR-gmT5zqyfvk,Rhapsody,places,en,391,13.04560035,80.24812005000001,13.0459971,80.247835,0,maa2,Chennai,2026-08-31T08:58:48.115800Z
ChIJM3EuQU9mUjoR-cra7omlGDU,Paprika,places,en,391,13.04560035,80.24812005000001,13.046049,80.2477692,0,maa2,Chennai,2026-08-31T08:58:48.115816Z
ChIJsW50V09mUjoRoyB0cAFIPvw,Eat 'N' Drink,places,en,391,13.04560035,80.24812005000001,13.046837,80.24825849999999,0,maa2,Chennai,2026-08-31T08:58:48.115821Z
ChIJj_tpV09mUjoRvRboRVk0ylw,Omar Khayyam Restaurant,places,en,391,13.04560035,80.24812005000001,13.0468671,80.2482637,0,maa2,Chennai,2026-08-31T08:58:48.115826Z
ChIJ_w4jILBnUjoRnEwhi2BkBko,Thanjai Raja Rajan Mess (தஞ்சை ராஜராஜன் மெஸ்),places,en,391,13.04560035,80.24812005000001,13.0453697,80.2500361,0,maa2,Chennai,2026-08-31T08:58:48.115829Z
ChIJYeLQHvlnUjoR8APnCsheMvY,KADAL KITCHEN (DMS),places,en,391,13.04560035,80.24812005000001,13.045247499999999,80.2500532,0,maa2,Chennai,2026-08-31T08:58:48.115833Z
ChIJ5546agBnUjoR_oDP6RvKexY,Kayal (TNFDC),places,en,391,13.04560035,80.24812005000001,13.045226699999999,80.2500536,0,maa2,Chennai,2026-08-31T08:58:48.115836Z
ChIJR2FRwkhmUjoR4_37xNWr8KA,Sea Food Court,places,en,391,13.04560035,80.24812005000001,13.045358,80.25010499999999,0,maa2,Chennai,2026-08-31T08:58:48.115839Z
ChIJERb1B0ZmUjoRqsSjjkFuIZE,Simsan Kitchen,places,en,391,13.04560035,80.24812005000001,13.0477742,80.2488666,0,maa2,Chennai,2026-08-31T08:58:48.115842Z
ChIJC2kwlEhmUjoRXrvciEfm0J0,Raja's Food Corner,places,en,391,13.04560035,80.24812005000001,13.0460862,80.2504666,0,maa2,Chennai,2026-08-31T08:58:48.115845Z
ChIJaf9RpQxnUjoRnSG6kooNq9U,Stix,places,en,391,13.04560035,80.24812005000001,13.0430452,80.2486854,0,maa2,Chennai,2026-08-31T08:58:48.115849Z
ChIJB55IO6RnUjoRKXpJK6gP1wg,Yakiniku (Temporarily Closed),places,en,391,13.04560035,80.24812005000001,13.0430452,80.2486854,0,maa2,Chennai,2026-08-31T08:58:48.115852Z
ChIJXzIWyk5mUjoRko0X611fqz8,Focaccia,places,en,391,13.04560035,80.24812005000001,13.0430452,80.2486854,0,maa2,Chennai,2026-08-31T08:58:48.115855Z
ChIJc2IROGRnUjoRqy841hG_xXg,New Maazi DMS,places,en,391,13.04560035,80.24812005000001,13.0479516,80.2494411,0,maa2,Chennai,2026-08-31T08:58:48.115858Z
ChIJQ45lyk5mUjoRGWv2auK8rZ0,365 A.S,places,en,391,13.04560035,80.24812005000001,13.042949,80.24873,0,maa2,Chennai,2026-08-31T08:58:48.115862Z
ChIJA92ieYxnUjoRpfOLphEnBbk,KFC,places,en,392,13.031895800000001,80.2117148,13.0317302,80.2116764,0,maa2,Chennai,2026-08-31T08:58:48.421444Z
ChIJLUyhQNFnUjoR20NAXnfn3PE,Gsm Foods,places,en,392,13.031895800000001,80.2117148,13.0316812,80.21189509999999,0,maa2,Chennai,2026-08-31T08:58:48.421452Z
ChIJ3_8adgBnUjoRbuqJKzaFgWY,Bholenath Faluda,places,en,392,13.031895800000001,80.2117148,13.0316659,80.2119529,0,maa2,Chennai,2026-08-31T08:58:48.421454Z
ChIJV4wSoR9nUjoRNQTMIpRAjVw,McDonald's,places,en,392,13.031895800000001,80.2117148,13.031695099999999,80.2114434,0,maa2,Chennai,2026-08-31T08:58:48.421455Z
ChIJF_5MJgBnUjoRMSbE3hY56mc,Vanga sappidalam vanga,places,en,392,13.031895800000001,80.2117148,13.0319372,80.2120935,0,maa2,Chennai,2026-08-31T08:58:48.421457Z
ChIJha12_G9nUjoRCNOh-iqsCfU,IVC TIFFIN CENTER,places,en,392,13.031895800000001,80.2117148,13.032105399999999,80.2120292,0,maa2,Chennai,2026-08-31T08:58:48.421458Z
ChIJ_94RsB9nUjoR88k_I2vBxwg,OSBI,places,en,392,13.031895800000001,80.2117148,13.0322841,80.2119579,0,maa2,Chennai,2026-08-31T08:58:48.421459Z
ChIJRy4mUABnUjoRHhkDAJ6d9OI,YODHIKA CHETTINAD HOTEL,places,en,392,13.031895800000001,80.2117148,13.0318998,80.2110995,0,maa2,Chennai,2026-08-31T08:58:48.421461Z
ChIJT3DdjeRnUjoRX-eYcGUU_Ok,Chennai Chat,places,en,392,13.031895800000001,80.2117148,13.0312059,80.211896,0,maa2,Chennai,2026-08-31T08:58:48.421462Z
ChIJOWkFTgBnUjoR-IPBZMjc_Qk,Anju Kallu Dosa Kadai anitha unavakam,places,en,392,13.031895800000001,80.2117148,13.032542099999999,80.2120819,0,maa2,Chennai,2026-08-31T08:58:48.421463Z
ChIJw44OOYFnUjoRYqgxgiZa4NY,KHALIDS BIRIYANI ASHOK NAGAR,places,en,392,13.031895800000001,80.2117148,13.032666899999999,80.21162489999999,0,maa2,Chennai,2026-08-31T08:58:48.421464Z
ChIJ9aQPUgBnUjoRJgGD3TODLAA,Hotel Raja,places,en,392,13.031895800000001,80.2117148,13.031848799999999,80.21079569999999,0,maa2,Chennai,2026-08-31T08:58:48.421466Z
ChIJ0X0yX81nUjoRF1OHGRnJCHA,Sri Karpagam Chettinad Hotel,places,en,392,13.031895800000001,80.2117148,13.0319068,80.2106802,0,maa2,Chennai,2026-08-31T08:58:48.421467Z
ChIJ360diZ9nUjoRlkAkdh84f3g,Dindigul Ponram Restaurant,places,en,392,13.031895800000001,80.2117148,13.0329592,80.21213039999999,0,maa2,Chennai,2026-08-31T08:58:48.421468Z
ChIJ04GO0pRnUjoRremN8sNsgRA,Polar Bear Ice Cream Sundaes - Ashok Nagar,places,en,392,13.031895800000001,80.2117148,13.0332603,80.21174940000002,0,maa2,Chennai,2026-08-31T08:58:48.421469Z
ChIJVQjSMdxnUjoR8RLRbM7kahw,Shree Mithai,places,en,392,13.031895800000001,80.2117148,13.0332178,80.21210599999999,0,maa2,Chennai,2026-08-31T08:58:48.421471Z
ChIJI8KdcgBnUjoRf4cax_7Ums8,SRR RESTAURANTS AND JUICE,places,en,392,13.031895800000001,80.2117148,13.033273999999999,80.2120928,0,maa2,Chennai,2026-08-31T08:58:48.421472Z
ChIJ3QQfyDJnUjoRsIB-5w61STs,"Sulthan's Biriyani, Ashok Nagar",places,en,392,13.031895800000001,80.2117148,13.033401399999999,80.21178929999999,0,maa2,Chennai,2026-08-31T08:58:48.421473Z
ChIJSe37CgBnUjoRgOUyfaJghZA,Ranjith BBQ,places,en,392,13.031895800000001,80.2117148,13.031777300000002,80.2134136,0,maa2,Chennai,2026-08-31T08:58:48.421474Z
ChIJXTnSK8oagaURtDzhrtXCrjk,The Briyani Company,places,en,392,13.031895800000001,80.2117148,13.033482,80.2121774,0,maa2,Chennai,2026-08-31T08:58:48.421476Z
ChIJ_9_skN1nUjoRmB_B0aLFm7I,Fishbook - Fish and Chips,places,en,393,13.042385750000001,80.2109188,13.044090299999999,80.2120078,0,maa2,Chennai,2026-08-31T08:58:48.759198Z
ChIJR0NlYmZlUjoR8Xxnxap4bGw,Thavusukutti Biryani - Anna Nagar,places,en,394,13.08738815,80.19270900000001,13.087551999999999,80.1940097,0,maa2,Chennai,2026-08-31T08:58:49.163018Z
ChIJOQ7rPMBlUjoRpSoerJIlIZE,Thangam Atho shop,places,en,394,13.08738815,80.19270900000001,13.087174899999999,80.1940004,0,maa2,Chennai,2026-08-31T08:58:49.163034Z
ChIJfZJpTgBlUjoR00_ZJxdy1Gc,Chennai Classic Cakes & Cafe,places,en,394,13.08738815,80.19270900000001,13.0875665,80.1940266,0,maa2,Chennai,2026-08-31T08:58:49.163038Z
ChIJ4f__vwNkUjoRfqEeV_FIFDc,Café H,places,en,394,13.08738815,80.19270900000001,13.087540899999999,80.1942722,0,maa2,Chennai,2026-08-31T08:58:49.163041Z
ChIJp4aBBSllUjoRTNl2PO_E0w8,Abang Raju's Nasi Goreng,places,en,394,13.08738815,80.19270900000001,13.087568200000002,80.19428479999999,0,maa2,Chennai,2026-08-31T08:58:49.163043Z
ChIJQ4p_TABnUjoRAJWFvyaV3ks,Namma Velachery Briyani,places,en,395,12.99308205,80.2501172,12.992702999999999,80.2500428,0,maa2,Chennai,2026-08-31T08:58:49.480349Z
ChIJDZDLZvFnUjoRamaPLpgaam0,Bachelor Dosa,places,en,395,12.99308205,80.2501172,12.9921434,80.2504338,0,maa2,Chennai,2026-08-31T08:58:49.480361Z
ChIJTRzO_XlnUjoRMuCvjjWtLjM,"Madras Coffee House - Adyar, Chennai",places,en,395,12.99308205,80.2501172,12.992127499999999,80.2505365,0,maa2,Chennai,2026-08-31T08:58:49.480366Z
ChIJs-72JwBnUjoRXJO5eQLeWXk,THE MADRAS DISH LOCATION,places,en,395,12.99308205,80.2501172,12.9941623,80.2496196,0,maa2,Chennai,2026-08-31T08:58:49.480369Z
ChIJb4hjVYxnUjoRUeBUG6fqv08,Subway Adyar,places,en,395,12.99308205,80.2501172,12.994449399999999,80.2506077,0,maa2,Chennai,2026-08-31T08:58:49.480372Z
ChIJ2XO73dZnUjoRXHngiAhx6cg,Whisk & Warmth,places,en,395,12.99308205,80.2501172,12.992790999999999,80.2517719,0,maa2,Chennai,2026-08-31T08:58:49.480375Z
ChIJYcy-XopnUjoR828MLc8f5Jg,கண்ணன் ஸ்டோர்,places,en,395,12.99308205,80.2501172,12.992006400000001,80.2514526,0,maa2,Chennai,2026-08-31T08:58:49.480378Z
ChIJ___fXopnUjoRWU46ifPJrZ8,NEW LIFE SPICES,places,en,395,12.99308205,80.2501172,12.991994199999999,80.25147299999999,0,maa2,Chennai,2026-08-31T08:58:49.480381Z
ChIJ8xmzVwxnUjoRmAV7ySS-UC0,sea Food,places,en,395,12.99308205,80.2501172,12.994637299999999,80.2512213,0,maa2,Chennai,2026-08-31T08:58:49.480384Z
ChIJIa7RdEZnUjoRPX7rD1U2Fwk,Hunger's Hub,places,en,395,12.99308205,80.2501172,12.992561499999999,80.2521774,0,maa2,Chennai,2026-08-31T08:58:49.480387Z
ChIJUxHKlApnUjoR3-xjQaDqCrM,Match Point,places,en,395,12.99308205,80.2501172,12.9909778,80.2502588,0,maa2,Chennai,2026-08-31T08:58:49.480389Z
ChIJq9rrOqNnUjoRJe5ur6XSgVk,Vanavil Unavagam,places,en,395,12.99308205,80.2501172,12.9947222,80.2516389,0,maa2,Chennai,2026-08-31T08:58:49.480393Z
ChIJ0XMaxNpnUjoRZSfRm27TJQw,Mews Cafe,places,en,395,12.99308205,80.2501172,12.9907404,80.2502653,0,maa2,Chennai,2026-08-31T08:58:49.480396Z
ChIJeWJv4o9nUjoRg-HZxEdO5-U,Star Night Beef,places,en,395,12.99308205,80.2501172,12.9947295,80.2518214,0,maa2,Chennai,2026-08-31T08:58:49.480398Z
ChIJK-8DLFFnUjoRe_heXcpMJUI,Meat and eat Adyar,places,en,395,12.99308205,80.2501172,12.993834699999999,80.2526164,0,maa2,Chennai,2026-08-31T08:58:49.480402Z
ChIJpWjMEItnUjoRte5h-q71lkM,Ashraf broilers,places,en,395,12.99308205,80.2501172,12.9941195,80.2525115,0,maa2,Chennai,2026-08-31T08:58:49.480405Z
ChIJOYUjHotnUjoRmB2btuhdods,Yadgar Proteins,places,en,395,12.99308205,80.2501172,12.9932965,80.25278080000001,0,maa2,Chennai,2026-08-31T08:58:49.480407Z
ChIJNy8NuPtmUjoRoOVnvUVHV74,Winner Hot & Chill,places,en,396,13.04257155,80.22505255,13.042600499999999,80.2251278,0,maa2,Chennai,2026-08-31T08:58:49.837396Z
ChIJMbYJuPtmUjoRc2hG5R8ircA,Sri Sathaiah Chettinad Hotel 🛏️🏨,places,en,396,13.04257155,80.22505255,13.042601099999999,80.2251459,0,maa2,Chennai,2026-08-31T08:58:49.837403Z
ChIJZ205tFpnUjoRshxANguiEA4,VGSR Garudathri catering service,places,en,396,13.04257155,80.22505255,13.0425237,80.2247187,0,maa2,Chennai,2026-08-31T08:58:49.837406Z
ChIJi7UpPwBnUjoRC207zmnoodo,Hotel Chidhambram,places,en,396,13.04257155,80.22505255,13.042065899999999,80.22508859999999,0,maa2,Chennai,2026-08-31T08:58:49.837407Z
ChIJqeICy_tmUjoRpeNC6NN6LaU,VVK Dosa Kadai Product,places,en,396,13.04257155,80.22505255,13.0432993,80.2253547,0,maa2,Chennai,2026-08-31T08:58:49.837409Z
ChIJr1nDERtnUjoRkmKLIvMVDeM,Snackbar,places,en,396,13.04257155,80.22505255,13.0416812,80.2250265,0,maa2,Chennai,2026-08-31T08:58:49.837411Z
ChIJmSEdy1tnUjoRfO8nJ-wSS-g,CK's Bakery West Mambalam,places,en,396,13.04257155,80.22505255,13.0419292,80.2257384,0,maa2,Chennai,2026-08-31T08:58:49.837412Z
ChIJmS0XkqRnUjoRmmXex--ZgSU,SS Hyderabad Biryani West Mambalam,places,en,396,13.04257155,80.22505255,13.0418823,80.2258439,0,maa2,Chennai,2026-08-31T08:58:49.837413Z
ChIJw2V-o_tmUjoRK38GFU6XLU8,Freeze n fry,places,en,396,13.04257155,80.22505255,13.0419869,80.22609829999999,0,maa2,Chennai,2026-08-31T08:58:49.837415Z
ChIJtxPicrRnUjoRjF4qRp3MWu0,Hotel ShriNidhi,places,en,396,13.04257155,80.22505255,13.042012,80.22621339999999,0,maa2,Chennai,2026-08-31T08:58:49.837416Z
ChIJY06Fh_tmUjoR7FLSXcsjhjA,Aroma veg treat,places,en,396,13.04257155,80.22505255,13.0410518,80.2247335,0,maa2,Chennai,2026-08-31T08:58:49.837417Z
ChIJAwsAfABnUjoR1xOztivhB5s,Manoj Bhavan West Mambalam,places,en,396,13.04257155,80.22505255,13.041749699999999,80.2264553,0,maa2,Chennai,2026-08-31T08:58:49.837419Z
ChIJVwZiD_tmUjoRaWj8zByMIaI,Hotel Ruthra,places,en,396,13.04257155,80.22505255,13.042630299999999,80.2233103,0,maa2,Chennai,2026-08-31T08:58:49.837420Z
ChIJ29E7cShnUjoRbGukkNJycXU,Sgb tiffin house,places,en,396,13.04257155,80.22505255,13.0410267,80.2241478,0,maa2,Chennai,2026-08-31T08:58:49.837421Z
ChIJ90y9D_tmUjoR5n64EQDimo0,BALASUBRAMAN FAST FOOD,places,en,396,13.04257155,80.22505255,13.0424627,80.2232185,0,maa2,Chennai,2026-08-31T08:58:49.837423Z
ChIJjXMZg_tmUjoR2zqkdVs5Vt8,SREE VIDHYA FOODS,places,en,396,13.04257155,80.22505255,13.041113699999999,80.22397140000001,0,maa2,Chennai,2026-08-31T08:58:49.837424Z
ChIJ11BmiPtmUjoRW-6FsdC0280,Bavith Snacks,places,en,396,13.04257155,80.22505255,13.0408009,80.2246232,0,maa2,Chennai,2026-08-31T08:58:49.837425Z
ChIJ8_AChvtmUjoRHlt9xQQ1eBE,HOTEL SAMRITHA,places,en,396,13.04257155,80.22505255,13.0408382,80.2243776,0,maa2,Chennai,2026-08-31T08:58:49.837427Z
ChIJF_AqhvtmUjoRe2oNj9tv210,Mohan's Hot N Chat Restaurant,places,en,396,13.04257155,80.22505255,13.0408417,80.2243603,0,maa2,Chennai,2026-08-31T08:58:49.837428Z
ChIJkS74fhxnUjoRndY91zvg9I0,GKM Tiffen Center,places,en,396,13.04257155,80.22505255,13.042602599999999,80.22304609999999,0,maa2,Chennai,2026-08-31T08:58:49.837429Z
ChIJf9WXmJldUjoRJOwOVqcldSM,SRI VENKATESWARA HOT CHIPS,places,en,397,12.96932755,80.22325885000001,12.9707849,80.223279,0,maa2,Chennai,2026-08-31T08:58:50.208225Z
ChIJAz2bboddUjoR6p21AUeNR3k,Thaalippu kuzhambu kadai,places,en,397,12.96932755,80.22325885000001,12.9707861,80.2232896,0,maa2,Chennai,2026-08-31T08:58:50.208236Z
ChIJSStXR5VdUjoRYcI80SMzG1M,The Belgian Waffle Cafe,places,en,397,12.96932755,80.22325885000001,12.970835899999999,80.223559,0,maa2,Chennai,2026-08-31T08:58:50.208239Z
ChIJOycL6NxdUjoRf4MPYDzUIHA,Rathnam Tiffen - Andhra Mess,places,en,397,12.96932755,80.22325885000001,12.971004400000002,80.2234551,0,maa2,Chennai,2026-08-31T08:58:50.208242Z
ChIJ-RL1dyddUjoRpB51sBLuiCs,Crispy Eaterie,places,en,397,12.96932755,80.22325885000001,12.971021799999999,80.2234148,0,maa2,Chennai,2026-08-31T08:58:50.208245Z
ChIJmxA4xUNnUjoReCpA8H9FqHI,Madurai Mamiyar Mess,places,en,398,13.0507302,80.23011455,13.052304699999999,80.22895059999999,0,maa2,Chennai,2026-08-31T08:58:50.513379Z
ChIJ3TxllshnUjoR14M_MW8JJo8,Pep n bite,places,en,399,13.030351849999999,80.22771225,13.0284014,80.2269927,0,maa2,Chennai,2026-08-31T08:58:50.880517Z
ChIJd-Zh1SdnUjoR1ZKmVkw9ICI,Nithya Sai Catering,places,en,399,13.030351849999999,80.22771225,13.028265399999999,80.2279689,0,maa2,Chennai,2026-08-31T08:58:50.880525Z
ChIJIajdwsZnUjoR3HJDolAc3R8,KPR Restaurant,places,en,399,13.030351849999999,80.22771225,13.030506599999999,80.2298856,0,maa2,Chennai,2026-08-31T08:58:50.880528Z
