place_id,name,source,lang,cell_idx,query_center_lat,query_center_lon,lat,lon,page,region_id,region_name,collected_at
ChIJ6zzTLwAbDTkRqkWLIqFp-0E,The Ten Rings (Cloud Kitchen),places,en,0,28.592738699999998,77.0706194,28.592263199999998,77.0711151,0,del,Delhi,2026-09-01T02:57:51.302711Z
ChIJ_ZWMatIbDTkRsKBLuzgK0-o,Delicious Corner,places,en,0,28.592738699999998,77.0706194,28.591435599999997,77.0712523,0,del,Delhi,2026-09-01T02:57:51.302726Z
ChIJ5R3og8cbDTkRAwDBfSNgu8Y,Buy fast food,places,en,0,28.592738699999998,77.0706194,28.594056899999998,77.0716956,0,del,Delhi,2026-09-01T02:57:51.302729Z
ChIJJ-Ny_KwbDTkRAu09LDQmS8Q,The Pizza Zone,places,en,0,28.592738699999998,77.0706194,28.5911476,77.07210599999999,0,del,Delhi,2026-09-01T02:57:51.302731Z
ChIJi9IB-YEbDTkRq_WJt0x5Lr4,Ice Pice,places,en,0,28.592738699999998,77.0706194,28.5943841,77.0691897,0,del,Delhi,2026-09-01T02:57:51.302733Z
ChIJCTPivnkbDTkRFGaxxVVbrlU,Virendra,places,en,0,28.592738699999998,77.0706194,28.594932999999997,77.0709703,0,del,Delhi,2026-09-01T02:57:51.302734Z
ChIJKXgv8zobDTkRdb8XWYtjqqU,Yadav-Rathee Samosa spot,places,en,0,28.592738699999998,77.0706194,28.5910948,77.06870219999999,0,del,Delhi,2026-09-01T02:57:51.302736Z
ChIJkbjoLQAbDTkRuxjAgiJZFqo,Sharma momos point,places,en,0,28.592738699999998,77.0706194,28.5953128,77.0704627,0,del,Delhi,2026-09-01T02:57:51.302737Z
ChIJMQh8CZEbDTkRXs2y_ZaJZSs,LCBW CHOLE BATURE,places,en,0,28.592738699999998,77.0706194,28.595407899999998,77.0705808,0,del,Delhi,2026-09-01T02:57:51.302738Z
ChIJW9HYIr0bDTkRpC0rARbZbbo,Hansika Fast Food Corner,places,en,1,28.59761455,77.0283027,28.597143199999998,77.0277978,0,del,Delhi,2026-09-01T02:57:51.655710Z
ChIJ1_x8KdcbDTkRWKFGbLYlrUo,khao biryani,places,en,1,28.59761455,77.0283027,28.597136799999998,77.0277977,0,del,Delhi,2026-09-01T02:57:51.655729Z
ChIJQYt018UbDTkRvBQ0s0bIsVI,Biryani King,places,en,1,28.59761455,77.0283027,28.5980484,77.0254942,0,del,Delhi,2026-09-01T02:57:51.655733Z
ChIJ6VzuzEobDTkRv2Yk7R7c8FM,AMARASA,places,en,2,28.5920249,77.0742518,28.592055199999997,77.0738075,0,del,Delhi,2026-09-01T02:57:52.072238Z
ChIJIZ561t4bDTkRbfyP2wxN9CQ,Artezzo Pizzeria&Trattoria,places,en,2,28.5920249,77.0742518,28.592072299999998,77.0738035,0,del,Delhi,2026-09-01T02:57:52.072259Z
ChIJ12dgMgAbDTkRAVIBsenxFu8,Shree Krishna Kachori,places,en,2,28.5920249,77.0742518,28.593292599999998,77.07459349999999,0,del,Delhi,2026-09-01T02:57:52.072264Z
ChIJKev-w6kbDTkRMtU0FqgAeco,Aunty's Dosa Point,places,en,2,28.5920249,77.0742518,28.593481099999998,77.07520389999999,0,del,Delhi,2026-09-01T02:57:52.072267Z
ChIJq2apJQAbDTkReBZAWF1u_nk,Sonu fast food,places,en,2,28.5920249,77.0742518,28.590421799999998,77.07559580000002,0,del,Delhi,2026-09-01T02:57:52.072270Z
ChIJxVgmPDkbDTkRk5uIl2bRblc,Monu pishori chicken,places,en,2,28.5920249,77.0742518,28.5937567,77.0755288,0,del,Delhi,2026-09-01T02:57:52.072273Z
ChIJGdNuQ2MbDTkRyyl3EMVon84,Taste Of Punjab,places,en,2,28.5920249,77.0742518,28.5899321,77.0753144,0,del,Delhi,2026-09-01T02:57:52.072283Z
ChIJXyrmVL4bDTkRbVD83UmIJmY,Dil se Bombay,places,en,2,28.5920249,77.0742518,28.5902863,77.0724854,0,del,Delhi,2026-09-01T02:57:52.072286Z
ChIJb182VP8bDTkRVvD87ay9tW8,MOMOZONE FOOD AND BEVERAGE PVT LTD,places,en,2,28.5920249,77.0742518,28.590671999999998,77.07637860000001,0,del,Delhi,2026-09-01T02:57:52.072289Z
ChIJywxSNXUbDTkRSbWiZL1tvzg,THE CUBA BYTE'S,places,en,2,28.5920249,77.0742518,28.5897256,77.07531709999999,0,del,Delhi,2026-09-01T02:57:52.072292Z
ChIJZQCAoFUbDTkRB40wOEg6lzk,NATE'S FOODS,places,en,2,28.5920249,77.0742518,28.5945918,77.0736412,0,del,Delhi,2026-09-01T02:57:52.072295Z
ChIJrR-Xh5AbDTkRB_TRlu2RkQM,Chicken Lickerz,places,en,2,28.5920249,77.0742518,28.5946099,77.0737484,0,del,Delhi,2026-09-01T02:57:52.072298Z
ChIJf6kukq0PDTkRjFdY9Nyn21M,Soya Chap,places,en,3,28.6046789,76.98849545,28.6044256,76.9874009,0,del,Delhi,2026-09-01T02:57:52.472781Z
ChIJm-1BKN4PDTkRyatK3Dn2UjI,Arnav Chicken Biryani,places,en,3,28.6046789,76.98849545,28.604723699999997,76.987296,0,del,Delhi,2026-09-01T02:57:52.472817Z
ChIJfWdnGaoPDTkR0I0DcuAQlTY,Mr. Shawarma Singh,places,en,3,28.6046789,76.98849545,28.6041618,76.9872412,0,del,Delhi,2026-09-01T02:57:52.472829Z
ChIJPQJseeAPDTkR7BdnPuYG3sI,Quality Food,places,en,3,28.6046789,76.98849545,28.603648399999997,76.9876556,0,del,Delhi,2026-09-01T02:57:52.472837Z
ChIJdX-9oOIPDTkRlkcrQ1xVbbE,MomoTree,places,en,3,28.6046789,76.98849545,28.6039097,76.9873374,0,del,Delhi,2026-09-01T02:57:52.472845Z
ChIJz_tQDSsPDTkRXo3I-_a58fA,KDS Grand,places,en,3,28.6046789,76.98849545,28.6035731,76.9876821,0,del,Delhi,2026-09-01T02:57:52.472852Z
ChIJj1FSHgAPDTkRS70nFjL43dk,Nazeer Foods,places,en,3,28.6046789,76.98849545,28.6037097,76.9873965,0,del,Delhi,2026-09-01T02:57:52.472859Z
ChIJFQ21rVUPDTkRP9BdK_CZWw0,DMT Restaurant & cafe lounge,places,en,3,28.6046789,76.98849545,28.605100999999998,76.9870068,0,del,Delhi,2026-09-01T02:57:52.472866Z
ChIJEz2lYAAPDTkRjzUYfaMa8FI,Amritsari Tandoori Kulcha,places,en,3,28.6046789,76.98849545,28.603600699999998,76.98743979999999,0,del,Delhi,2026-09-01T02:57:52.472873Z
ChIJ-3IueuAPDTkRJjd76Z7p5wM,SKY HAWK Bar and Lounge,places,en,3,28.6046789,76.98849545,28.604995700000003,76.9869126,0,del,Delhi,2026-09-01T02:57:52.472880Z
ChIJUbaJIE0PDTkR3Kb5lg-42Xg,Khadak Singh Da Dhaba,places,en,3,28.6046789,76.98849545,28.6050048,76.986909,0,del,Delhi,2026-09-01T02:57:52.472887Z
ChIJuVZZVAwPDTkRwoAxREUc5hY,Melty Slice,places,en,3,28.6046789,76.98849545,28.6050279,76.9869076,0,del,Delhi,2026-09-01T02:57:52.472893Z
ChIJTXu8IvgPDTkRq273fW27bsE,Manjeet Restaurant,places,en,3,28.6046789,76.98849545,28.6053274,76.9870356,0,del,Delhi,2026-09-01T02:57:52.472900Z
ChIJ3Sf6xV4PDTkRqVzu7JLnzqE,ZOCA Courtyard,places,en,3,28.6046789,76.98849545,28.603302199999998,76.98790939999999,0,del,Delhi,2026-09-01T02:57:52.472907Z
ChIJZcMMl1oPDTkRg5js2iN-EWY,Rao Butter Momos,places,en,3,28.6046789,76.98849545,28.6034883,76.98749830000001,0,del,Delhi,2026-09-01T02:57:52.472913Z
ChIJjXvXQgAPDTkR_rQ5S-edUVA,Fingerlickerz Bombaywala,places,en,3,28.6046789,76.98849545,28.605386600000003,76.9870105,0,del,Delhi,2026-09-01T02:57:52.472920Z
ChIJOz7M1R0PDTkRqM9Ty73q8Ho,Sardarji Malai Chaap Wale,places,en,3,28.6046789,76.98849545,28.605157799999997,76.9868431,0,del,Delhi,2026-09-01T02:57:52.472926Z
ChIJSabBJjEYDTkReU1Trg8FY4I,Spice Grill Flame,places,en,3,28.6046789,76.98849545,28.603238299999997,76.9878519,0,del,Delhi,2026-09-01T02:57:52.472934Z
ChIJy6jYnw0PDTkRcz1vIppmkXw,"Theobroma Bakery and Cake Shop - Najafgarh, New Delhi",places,en,3,28.6046789,76.98849545,28.6032937,76.987551,0,del,Delhi,2026-09-01T02:57:52.472940Z
ChIJT0oDkyYRDTkReBvKoLs0nhA,Maa South Foods,places,en,3,28.6046789,76.98849545,28.603264400000004,76.9875244,0,del,Delhi,2026-09-01T02:57:52.472947Z
ChIJBVORqyAQDTkR3wRpafDky7E,Avdesh Fast Food & Bakery,places,en,4,28.60079395,76.9796896,28.600363599999998,76.98057969999999,0,del,Delhi,2026-09-01T02:57:52.810496Z
ChIJeRkTES0PDTkRZGYLEOiaut0,Blue Moon,places,en,4,28.60079395,76.9796896,28.6007881,76.9810476,0,del,Delhi,2026-09-01T02:57:52.810521Z
ChIJgwqoq6ARDTkRIEDLhU-LLS4,Brother's Food Point,places,en,4,28.60079395,76.9796896,28.600437799999998,76.9781241,0,del,Delhi,2026-09-01T02:57:52.810529Z
ChIJk6DQS9sRDTkRI7FoyKE3I24,Eat & Play,places,en,4,28.60079395,76.9796896,28.6000639,76.9811577,0,del,Delhi,2026-09-01T02:57:52.810535Z
ChIJY9rAtCAQDTkR-Hfa21byS4o,DJ Food Point,places,en,4,28.60079395,76.9796896,28.5993095,76.98121789999999,0,del,Delhi,2026-09-01T02:57:52.810541Z
ChIJBURKsCAQDTkRB1Ct_hHHWe0,टिंकू चिकन कॉर्नर,places,en,4,28.60079395,76.9796896,28.5999025,76.982143,0,del,Delhi,2026-09-01T02:57:52.810547Z
ChIJJ43lRfcRDTkR0i-uiDrmSmo,Sharma Delicious Pizza,places,en,4,28.60079395,76.9796896,28.599248499999998,76.98179929999999,0,del,Delhi,2026-09-01T02:57:52.810552Z
ChIJyz11E9kRDTkRMMTxqzSIySk,Jai Fast Food,places,en,4,28.60079395,76.9796896,28.5990222,76.9816653,0,del,Delhi,2026-09-01T02:57:52.810557Z
ChIJy8srQvobDTkReRlFdFwiIgg,Madhu's Homemade Food,places,en,5,28.601794050000002,77.03491745,28.601284,77.0331144,0,del,Delhi,2026-09-01T02:57:53.130458Z
ChIJf_Iw5tYbDTkRxRL5PvV4Vz8,Ambala Chaat,places,en,5,28.601794050000002,77.03491745,28.6029867,77.033238,0,del,Delhi,2026-09-01T02:57:53.130485Z
ChIJ4R5lwZMbDTkRQqywfj4DP7o,"Govinda's Restaurant, Iskcon Dwarka",places,en,5,28.601794050000002,77.03491745,28.600723,77.03690759999999,0,del,Delhi,2026-09-01T02:57:53.130493Z
ChIJhZFwNXMbDTkRNXD8Nzz9460,Govardhan Soya Chap,places,en,5,28.601794050000002,77.03491745,28.6035398,77.0334747,0,del,Delhi,2026-09-01T02:57:53.130499Z
ChIJb30xmrUaDTkRAAAAMOg7xmk,Puja Kumari,places,en,5,28.601794050000002,77.03491745,28.6021236,77.0324425,0,del,Delhi,2026-09-01T02:57:53.130505Z
ChIJ0U-LHP0bDTkRtiw-yfLvY0Y,Pawan Paneer Chur Chur Naan,places,en,5,28.601794050000002,77.03491745,28.6040155,77.03417449999999,0,del,Delhi,2026-09-01T02:57:53.130511Z
ChIJCVbNVgYbDTkRVm3eVqvcR6c,Baba Veg Biriyani,places,en,5,28.601794050000002,77.03491745,28.6039639,77.03320049999999,0,del,Delhi,2026-09-01T02:57:53.130516Z
ChIJLy9FrYIbDTkRn8vSLi-fwHE,Hutsmack,places,en,5,28.601794050000002,77.03491745,28.6034336,77.0325428,0,del,Delhi,2026-09-01T02:57:53.130521Z
ChIJ9wdfBgATDTkRH6qNs1r_h5c,Naveen sweets corner,places,en,6,28.55513285,76.9131287,28.5531186,76.9113969,0,del,Delhi,2026-09-01T02:57:53.517452Z
ChIJTbum6GcFDTkRSaq2SIJDsVg,Amritsari Chur Chur Naan,places,en,7,28.61079545,77.03430845,28.610689999999998,77.0336963,0,del,Delhi,2026-09-01T02:57:53.851939Z
ChIJC-hPr9QFDTkR-7aj2zeTNOU,Geeta Amritsari Naan,places,en,7,28.61079545,77.03430845,28.6107093,77.0336743,0,del,Delhi,2026-09-01T02:57:53.851964Z
ChIJi2pyTYkFDTkRupvePfVz4u4,The Gym Diet - TGD Dwarka,places,en,7,28.61079545,77.03430845,28.610103799999997,77.0338979,0,del,Delhi,2026-09-01T02:57:53.851972Z
ChIJoV4otPcFDTkR_EguMw8kQo8,Bunny's Dwarka Mor,places,en,7,28.61079545,77.03430845,28.6101034,77.0338981,0,del,Delhi,2026-09-01T02:57:53.851978Z
ChIJ23Ui6EkFDTkRbI9qI3CSt2U,Pizza palette,places,en,7,28.61079545,77.03430845,28.6104667,77.0332194,0,del,Delhi,2026-09-01T02:57:53.851984Z
ChIJ0eunCEoFDTkRATiFJzhxH7s,Viashno Bhojnayala,places,en,7,28.61079545,77.03430845,28.610670499999998,77.0330839,0,del,Delhi,2026-09-01T02:57:53.851989Z
ChIJMb7kujkFDTkR9F_Gay9ZaBA,Grand Elysium,places,en,7,28.61079545,77.03430845,28.6116176,77.0332765,0,del,Delhi,2026-09-01T02:57:53.851994Z
ChIJb-VCPXYFDTkR9J8MmCmzRto,Da Food Adda,places,en,7,28.61079545,77.03430845,28.6095883,77.0340212,0,del,Delhi,2026-09-01T02:57:53.852000Z
ChIJWwA0yNAaDTkRb0b3I4cFnss,Chinese mirchi,places,en,7,28.61079545,77.03430845,28.6105606,77.0328409,0,del,Delhi,2026-09-01T02:57:53.852005Z
ChIJ0YHL5sIFDTkRVBDHbLJPjhk,Aman Bhojanalay And Snacks,places,en,7,28.61079545,77.03430845,28.611018500000004,77.0327901,0,del,Delhi,2026-09-01T02:57:53.852010Z
ChIJHzH8Yh4FDTkRmHc0GD_cwDo,Satyveer Food Shop,places,en,7,28.61079545,77.03430845,28.609205799999998,77.03397269999999,0,del,Delhi,2026-09-01T02:57:53.852015Z
ChIJB3jDdwAFDTkRPTr4TIcVlzI,GHEE N’ HANDI,places,en,7,28.61079545,77.03430845,28.609173,77.033558,0,del,Delhi,2026-09-01T02:57:53.852020Z
ChIJ5zGtSskFDTkRXK-uht_zKXk,IMPERIAL ROLLS,places,en,7,28.61079545,77.03430845,28.611785599999997,77.0323338,0,del,Delhi,2026-09-01T02:57:53.852025Z
ChIJa8F2pvsFDTkRL5FZeZYtVmU,MD ILIYAS,places,en,7,28.61079545,77.03430845,28.610111,77.032,0,del,Delhi,2026-09-01T02:57:53.852029Z
ChIJD6_gHgAFDTkRh8KxcPAvUjY,UNIQUE CHINESE FOOD,places,en,7,28.61079545,77.03430845,28.6085602,77.0347082,0,del,Delhi,2026-09-01T02:57:53.852035Z
ChIJ-Q6QJgAFDTkRdpWrS0s1RsA,Apka apna dhaba,places,en,7,28.61079545,77.03430845,28.610427599999998,77.031713,0,del,Delhi,2026-09-01T02:57:53.852043Z
ChIJr0kcEP4FDTkRhidhd4_sTqM,Snacks ADDA,places,en,7,28.61079545,77.03430845,28.611504099999998,77.0315656,0,del,Delhi,2026-09-01T02:57:53.852048Z
ChIJ0eld5OwFDTkRzYi6RpkPHTc,VINOD FAST FOOD CORNER,places,en,7,28.61079545,77.03430845,28.6109193,77.0313146,0,del,Delhi,2026-09-01T02:57:53.852053Z
ChIJk88FJkoFDTkRk0DL2FBPbxw,D Food Corner,places,en,7,28.61079545,77.03430845,28.6110012,77.03124179999999,0,del,Delhi,2026-09-01T02:57:53.852058Z
ChIJN_vPFUcbDTkRJv8u7Jr-AAQ,Uncover Avenue,places,en,8,28.598443500000002,77.03184095,28.598323299999997,77.0322,0,del,Delhi,2026-09-01T02:57:54.254938Z
ChIJGSwfQgAbDTkRIKpIPk4sGfQ,Uncover Sector 13 Dwarka,places,en,8,28.598443500000002,77.03184095,28.598536799999998,77.03223120000001,0,del,Delhi,2026-09-01T02:57:54.254965Z
ChIJJcG_o74bDTkRDXmXBRJ9s-4,Esak,places,en,8,28.598443500000002,77.03184095,28.598568099999998,77.0323887,0,del,Delhi,2026-09-01T02:57:54.254973Z
ChIJH55WBeIbDTkR1lr6knYG808,KRACKER MOMOS & CHAAP SPECIAL,places,en,8,28.598443500000002,77.03184095,28.5977546,77.032652,0,del,Delhi,2026-09-01T02:57:54.254979Z
ChIJ37jQRGcbDTkR_bN8or6Q3ow,Nathu's Sweets,places,en,8,28.598443500000002,77.03184095,28.5983543,77.0332109,0,del,Delhi,2026-09-01T02:57:54.254985Z
ChIJV0n5n80bDTkRJpV9YbuPt04,Sizzle Sip,places,en,8,28.598443500000002,77.03184095,28.597795299999998,77.03306119999999,0,del,Delhi,2026-09-01T02:57:54.254991Z
ChIJ9TFukaMbDTkRapF1yXEdPzA,Grillz Point,places,en,8,28.598443500000002,77.03184095,28.5981405,77.03330989999999,0,del,Delhi,2026-09-01T02:57:54.254996Z
ChIJN4ImOoEbDTkRH9lMfFOaKWo,Aman Singh,places,en,8,28.598443500000002,77.03184095,28.5977373,77.03318569999999,0,del,Delhi,2026-09-01T02:57:54.255002Z
ChIJPR6_icQbDTkRlVTnSzksMHM,Rahul Store,places,en,8,28.598443500000002,77.03184095,28.5974838,77.03307509999999,0,del,Delhi,2026-09-01T02:57:54.255007Z
ChIJzd41gmsbDTkR3HtsUjkN6IQ,"Wildbean Café | Dwarka, Delhi",places,en,8,28.598443500000002,77.03184095,28.598281999999998,77.03347819999999,0,del,Delhi,2026-09-01T02:57:54.255012Z
ChIJ3fXefAAbDTkR56fqET1YCsE,HUNGRY HOPPER,places,en,8,28.598443500000002,77.03184095,28.5976775,77.0332551,0,del,Delhi,2026-09-01T02:57:54.255017Z
ChIJxTIHgusbDTkRlhzrZZZaN4c,Manju Fast Food,places,en,8,28.598443500000002,77.03184095,28.5972071,77.032913,0,del,Delhi,2026-09-01T02:57:54.255022Z
ChIJf8acn6jjDDkR_cawsL4wVhE,DUMPLINGS,places,en,8,28.598443500000002,77.03184095,28.5972558,77.03308179999999,0,del,Delhi,2026-09-01T02:57:54.255027Z
ChIJS5duAwAbDTkRYKCWReNCR80,MEYYO MOMOS,places,en,8,28.598443500000002,77.03184095,28.5968762,77.0327405,0,del,Delhi,2026-09-01T02:57:54.255034Z
ChIJ_fp6FQAbDTkR8_EXYdbsaBQ,Bhawna Bhojnalaya,places,en,8,28.598443500000002,77.03184095,28.597170499999997,77.0333279,0,del,Delhi,2026-09-01T02:57:54.255040Z
ChIJuZRZ2xIbDTkR3TQRSAPVKVk,SINGH CHAUHAN CHICKEN POINT,places,en,8,28.598443500000002,77.03184095,28.5968359,77.03284169999999,0,del,Delhi,2026-09-01T02:57:54.255045Z
ChIJBTstiYgbDTkRiA0mqQJ5aMU,Matram Dwarka,places,en,8,28.598443500000002,77.03184095,28.5980612,77.033892,0,del,Delhi,2026-09-01T02:57:54.255050Z
ChIJaS-t91AbDTkRlFDBIuoPNxQ,Hayanvi Tadka Paratha Special,places,en,8,28.598443500000002,77.03184095,28.6000327,77.0307414,0,del,Delhi,2026-09-01T02:57:54.255055Z
ChIJzZ1HgBQbDTkRElHh1rh-L44,Mumbai Mashoor Vada Pav Cart,places,en,8,28.598443500000002,77.03184095,28.5967785,77.0329292,0,del,Delhi,2026-09-01T02:57:54.255060Z
ChIJYWLpEFkbDTkROAE6DVnd-kg,Mayfair Resto Bar,places,en,8,28.598443500000002,77.03184095,28.597961599999998,77.034003,0,del,Delhi,2026-09-01T02:57:54.255065Z
ChIJM44vgCkbDTkR-_NIoCkTwJ0,The Big Tree Delhi,places,en,9,28.56966,77.06387810000001,28.569751300000004,77.06420680000001,0,del,Delhi,2026-09-01T02:57:54.680574Z
ChIJ_2W-OgAbDTkRjRaNOGI6KrE,Fruit4LyF,places,en,9,28.56966,77.06387810000001,28.5678125,77.0621875,0,del,Delhi,2026-09-01T02:57:54.680606Z
ChIJWTC5QTAbDTkRcrje6p5WMS8,A One Thapa Momos 2,places,en,9,28.56966,77.06387810000001,28.5676107,77.0622429,0,del,Delhi,2026-09-01T02:57:54.680616Z
ChIJd8SDXjEbDTkRpZ4F3gwnt1M,Whopper International,places,en,9,28.56966,77.06387810000001,28.567577,77.0622447,0,del,Delhi,2026-09-01T02:57:54.680624Z
ChIJJUcJdR4bDTkRVkok0sBGvK8,Ankul Gupta Ji,places,en,9,28.56966,77.06387810000001,28.5675758,77.0622449,0,del,Delhi,2026-09-01T02:57:54.680633Z
ChIJfVvEoDobDTkRJriQO1tK9Z8,Pishori Chicken Corner,places,en,9,28.56966,77.06387810000001,28.5675751,77.0622449,0,del,Delhi,2026-09-01T02:57:54.680640Z
ChIJtWj2aJUbDTkRGFe9wZbpe_c,Salauddin,places,en,9,28.56966,77.06387810000001,28.567539099999998,77.06213149999999,0,del,Delhi,2026-09-01T02:57:54.680647Z
ChIJRaAMTc4bDTkRrYtAlEoXaYs,morya tea stall,places,en,9,28.56966,77.06387810000001,28.567430299999998,77.06218679999999,0,del,Delhi,2026-09-01T02:57:54.680655Z
ChIJ2YnQ4M4FDTkRTwCBFkPA0fQ,Tava restorent,places,en,10,28.61681175,77.06880865,28.617199099999997,77.0691358,0,del,Delhi,2026-09-01T02:57:55.092174Z
ChIJt9uDDaMFDTkR3tsOSFxJ9GA,24 Hrs Tawa V/S Tandoor,places,en,10,28.61681175,77.06880865,28.6174067,77.0688861,0,del,Delhi,2026-09-01T02:57:55.092203Z
ChIJTRxm2NEEDTkRpXWtQA7IeHI,Modern Meat And Chicken Shop,places,en,10,28.61681175,77.06880865,28.6169232,77.067977,0,del,Delhi,2026-09-01T02:57:55.092210Z
ChIJZXzWMHIFDTkRQu3_cXSV5Ys,FUSION FEAST,places,en,10,28.61681175,77.06880865,28.616302899999997,77.07014989999999,0,del,Delhi,2026-09-01T02:57:55.092215Z
ChIJkZKAy0gFDTkRceO5cNXeo18,Ghar Ka Khana Tiffin Service,places,en,10,28.61681175,77.06880865,28.6170594,77.06677979999999,0,del,Delhi,2026-09-01T02:57:55.092220Z
ChIJY1lac0EFDTkRSTsxfUWEj38,Vicky Dhaba,places,en,10,28.61681175,77.06880865,28.6151175,77.06806139999999,0,del,Delhi,2026-09-01T02:57:55.092224Z
ChIJjUA9ckIFDTkRMD3UmS5R308,KALKA FAST FOOD CENTER,places,en,10,28.61681175,77.06880865,28.6186474,77.06890419999999,0,del,Delhi,2026-09-01T02:57:55.092228Z
ChIJb5bOtdoFDTkRmVWeF4AUD5k,Ghar Ki Rasoi - Tiffin Services,places,en,10,28.61681175,77.06880865,28.6186506,77.06891569999999,0,del,Delhi,2026-09-01T02:57:55.092232Z
ChIJcSnFcwAFDTkRb1T0GOYy8-8,Bikaner sweet sultanpuri,places,en,10,28.61681175,77.06880865,28.616457200000003,77.0666701,0,del,Delhi,2026-09-01T02:57:55.092236Z
ChIJgy5o_tEEDTkRDM5_aWQ4nzg,Chinky Dhaba,places,en,10,28.61681175,77.06880865,28.615019,77.06783,0,del,Delhi,2026-09-01T02:57:55.092240Z
ChIJY5enoAEFDTkR-1b96AbmhS4,GIRISH SHOP,places,en,10,28.61681175,77.06880865,28.6177274,77.0668176,0,del,Delhi,2026-09-01T02:57:55.092244Z
ChIJbQSHx2YFDTkRGG0HWlV_jEU,Le Calicut,places,en,10,28.61681175,77.06880865,28.6188231,77.0684589,0,del,Delhi,2026-09-01T02:57:55.092249Z
ChIJy2swLXMFDTkRho3Bny6w4Q8,Sheetal Kitchen,places,en,10,28.61681175,77.06880865,28.6185504,77.0701175,0,del,Delhi,2026-09-01T02:57:55.092254Z
ChIJ-UqTus8EDTkRyqYEDW5Lnro,Punjabi Rasoi,places,en,10,28.61681175,77.06880865,28.6186367,77.070032,0,del,Delhi,2026-09-01T02:57:55.092258Z
ChIJrbbcJDQFDTkRALCEwhS5a7I,Kake da dhaba,places,en,10,28.61681175,77.06880865,28.617192100000004,77.06633029999999,0,del,Delhi,2026-09-01T02:57:55.092262Z
ChIJS3JJtNEEDTkRyPomV3-vDgo,Day Night Tawa And Tandoor,places,en,10,28.61681175,77.06880865,28.617192499999998,77.0663122,0,del,Delhi,2026-09-01T02:57:55.092265Z
ChIJn5erbQAFDTkRpFpxn48H02g,Veggie Food Kitchen,places,en,10,28.61681175,77.06880865,28.615212399999997,77.0705851,0,del,Delhi,2026-09-01T02:57:55.092270Z
ChIJTX8zt9EEDTkRuOGzcz8THDo,The Cloud Kitchen,places,en,10,28.61681175,77.06880865,28.616849,77.0661032,0,del,Delhi,2026-09-01T02:57:55.092274Z
ChIJzb9B0_UFDTkRzO2t3P_sHOE,Didi Ke Parathe,places,en,10,28.61681175,77.06880865,28.616648299999998,77.0714857,0,del,Delhi,2026-09-01T02:57:55.092278Z
ChIJPbxDLxkFDTkRvN_oqnBLuvQ,CRAVING CORNER,places,en,10,28.61681175,77.06880865,28.6166986,77.0660881,0,del,Delhi,2026-09-01T02:57:55.092282Z
ChIJ2VbATpAFDTkRK9mQOoyz-SA,V .P TRADERS,places,en,11,28.6269628,77.03204489999999,28.627078599999997,77.0320639,0,del,Delhi,2026-09-01T02:57:55.425352Z
ChIJJ8E2JQAFDTkRuFm28VL0TO8,ROY MOMOS JUNCTION,places,en,11,28.6269628,77.03204489999999,28.626799199999997,77.0324043,0,del,Delhi,2026-09-01T02:57:55.425370Z
ChIJFQK5rcUFDTkRBd13mRS4P-c,KARAN,places,en,11,28.6269628,77.03204489999999,28.626787600000004,77.0324164,0,del,Delhi,2026-09-01T02:57:55.425374Z
ChIJwwlO6mwFDTkRp7x6woqvxY0,spice culture,places,en,11,28.6269628,77.03204489999999,28.6269228,77.03134299999999,0,del,Delhi,2026-09-01T02:57:55.425376Z
ChIJtfvlFWgFDTkRaSoezOeicIc,Anaya Juice And Shake,places,en,11,28.6269628,77.03204489999999,28.627041499999997,77.0313417,0,del,Delhi,2026-09-01T02:57:55.425378Z
ChIJ7eG8BeoFDTkRDnyot5rFKvQ,DAY NIGHT DHABHA,places,en,11,28.6269628,77.03204489999999,28.626804999999997,77.0311953,0,del,Delhi,2026-09-01T02:57:55.425381Z
ChIJT2ZlWWkFDTkRHDPs1gWVsVU,Daily Hunger,places,en,11,28.6269628,77.03204489999999,28.6265757,77.0312089,0,del,Delhi,2026-09-01T02:57:55.425383Z
ChIJXz27giYFDTkRxJByQrbDFOk,Pizza Day,places,en,11,28.6269628,77.03204489999999,28.627568600000004,77.0312801,0,del,Delhi,2026-09-01T02:57:55.425385Z
ChIJb9FAb8oFDTkRYf5o1-hOlDE,Veenga Restaurants,places,en,11,28.6269628,77.03204489999999,28.6259941,77.0313372,0,del,Delhi,2026-09-01T02:57:55.425387Z
ChIJh4QIYkAFDTkRCVtHAjlqpLA,Tinny EGG Shop,places,en,11,28.6269628,77.03204489999999,28.625663099999997,77.0323848,0,del,Delhi,2026-09-01T02:57:55.425388Z
ChIJKYyxH1AFDTkRMiyNBf0q354,Curry Wale Couple,places,en,11,28.6269628,77.03204489999999,28.6283592,77.0313659,0,del,Delhi,2026-09-01T02:57:55.425390Z
ChIJs_ZdxEUFDTkRDl62lFV282Y,मिथिला व्यंजन,places,en,11,28.6269628,77.03204489999999,28.6256386,77.0309657,0,del,Delhi,2026-09-01T02:57:55.425392Z
ChIJU1BpJpkFDTkRw5hao_1MK0c,Gudluck CAFE,places,en,11,28.6269628,77.03204489999999,28.628657399999998,77.0314056,0,del,Delhi,2026-09-01T02:57:55.425394Z
ChIJlUmA6f4FDTkRUCeaOW2aO5U,Momo Co.,places,en,11,28.6269628,77.03204489999999,28.628739300000003,77.0315505,0,del,Delhi,2026-09-01T02:57:55.425396Z
ChIJ21fygdAFDTkRERscj62ONG4,Sonu Fast Food,places,en,11,28.6269628,77.03204489999999,28.627118499999998,77.0298335,0,del,Delhi,2026-09-01T02:57:55.425398Z
ChIJFxmYa6oFDTkRhWCr_wz9glA,Ubash Fast Food,places,en,11,28.6269628,77.03204489999999,28.627140999999998,77.02982999999999,0,del,Delhi,2026-09-01T02:57:55.425399Z
ChIJsfk55roFDTkR4jz_04iilZo,Wonder Fast Food,places,en,11,28.6269628,77.03204489999999,28.6274007,77.0342206,0,del,Delhi,2026-09-01T02:57:55.425401Z
ChIJefySSEAFDTkRCGsYb3mZtvg,Pawan Store,places,en,11,28.6269628,77.03204489999999,28.625130799999997,77.0312494,0,del,Delhi,2026-09-01T02:57:55.425403Z
ChIJ375yE3kFDTkRURhvtqstuB8,Kamal,places,en,11,28.6269628,77.03204489999999,28.6271196,77.0297624,0,del,Delhi,2026-09-01T02:57:55.425405Z
ChIJH83ftMUFDTkR-bUgqMFfBpA,Pooja 's Pahadi Zayka,places,en,11,28.6269628,77.03204489999999,28.6277059,77.0298746,0,del,Delhi,2026-09-01T02:57:55.425407Z
ChIJOWa3QSUFDTkRMZdIhye-QeU,Pizza Mania,places,en,12,28.61947065,77.04622660000001,28.619451899999998,77.0462675,0,del,Delhi,2026-09-01T02:57:55.779677Z
ChIJKR5ZbdYFDTkRZxbKrvTb29s,Food Craving Point,places,en,12,28.61947065,77.04622660000001,28.619439399999997,77.0462664,0,del,Delhi,2026-09-01T02:57:55.779704Z
ChIJ5dtc2OsFDTkR6EnI5oktCbs,The Flavour's Of Adya's Dosa Junction,places,en,12,28.61947065,77.04622660000001,28.619164500000004,77.0462055,0,del,Delhi,2026-09-01T02:57:55.779712Z
ChIJ-eC-QiUFDTkRFJEB96Ay6TE,nanak sweets palace,places,en,12,28.61947065,77.04622660000001,28.6191572,77.0463031,0,del,Delhi,2026-09-01T02:57:55.779717Z
ChIJRSw9VQAFDTkRsbQr72DXt9c,Belecious fast food,places,en,12,28.61947065,77.04622660000001,28.6195062,77.0467333,0,del,Delhi,2026-09-01T02:57:55.779723Z
ChIJt9kCJdgFDTkRqW1xwbM2K1Q,Destiny Table - A Complete Family Restaurant,places,en,12,28.61947065,77.04622660000001,28.6192994,77.0468607,0,del,Delhi,2026-09-01T02:57:55.779729Z
ChIJGYKuWyUFDTkR14J_2G_hCHw,Bajaj Momos Wala,places,en,12,28.61947065,77.04622660000001,28.6188199,77.0462608,0,del,Delhi,2026-09-01T02:57:55.779734Z
ChIJOXOPwYcFDTkR1p8frpFN_k8,Taste-ok,places,en,12,28.61947065,77.04622660000001,28.6200983,77.04657809999999,0,del,Delhi,2026-09-01T02:57:55.779739Z
ChIJsXKzEhYFDTkREqN1q0LulCs,Vedaki,places,en,12,28.61947065,77.04622660000001,28.6190298,77.046878,0,del,Delhi,2026-09-01T02:57:55.779744Z
ChIJt8XqcucFDTkRpGZRU0lCyII,Pizzaino,places,en,12,28.61947065,77.04622660000001,28.6195289,77.04706949999999,0,del,Delhi,2026-09-01T02:57:55.779749Z
ChIJlaDM4VkFDTkRo_4OdTqV81Q,ZAIKA CHICKEN BIRYANI,places,en,12,28.61947065,77.04622660000001,28.619957399999997,77.0468999,0,del,Delhi,2026-09-01T02:57:55.779755Z
ChIJ1yqe5m0FDTkRU-Ng4eKXj30,Pizza Xpress,places,en,12,28.61947065,77.04622660000001,28.620256299999998,77.04630519999999,0,del,Delhi,2026-09-01T02:57:55.779760Z
ChIJDY1XlnsFDTkRGrZRAjiLBBk,Chakna Wala,places,en,12,28.61947065,77.04622660000001,28.619971,77.0469078,0,del,Delhi,2026-09-01T02:57:55.779765Z
ChIJUSNZnEYFDTkRESRAJt8CTaw,Homely Kitchen Food Services,places,en,12,28.61947065,77.04622660000001,28.6202707,77.04619699999999,0,del,Delhi,2026-09-01T02:57:55.779770Z
ChIJxy-VPSUFDTkRSbRR69d50YE,Aggarwal Sweet Corner,places,en,12,28.61947065,77.04622660000001,28.620286399999998,77.0463357,0,del,Delhi,2026-09-01T02:57:55.779775Z
ChIJJdzBCwAFDTkRwu8iyi7uFAo,Champaran meat house 3.O,places,en,12,28.61947065,77.04622660000001,28.619683100000003,77.04711069999999,0,del,Delhi,2026-09-01T02:57:55.779780Z
ChIJi8oKsS8FDTkRsrdd40pmMlA,Fit n Fab,places,en,12,28.61947065,77.04622660000001,28.619929,77.0470067,0,del,Delhi,2026-09-01T02:57:55.779785Z
ChIJn8iSwKwFDTkROkXnbJo6rxg,SHANKAR SHAKTI SAGAR,places,en,12,28.61947065,77.04622660000001,28.6186613,77.0461036,0,del,Delhi,2026-09-01T02:57:55.779790Z
ChIJP4X9OJsFDTkRuc_PS04uDPk,Pahadi Zaika,places,en,12,28.61947065,77.04622660000001,28.6199269,77.0470261,0,del,Delhi,2026-09-01T02:57:55.779795Z
ChIJb71OEiUFDTkRNrSxKbFQtfU,Punjabi Dhaba,places,en,12,28.61947065,77.04622660000001,28.620132599999998,77.0468958,0,del,Delhi,2026-09-01T02:57:55.779800Z
ChIJXXTT8QltDTkRMhN1CB9YH3A,Chef's Delightful Pizza,places,en,15,28.61301315,76.9590587,28.6113464,76.959611,0,del,Delhi,2026-09-01T02:57:56.836545Z
ChIJx4d7IQAFDTkRXGXt0hoRWok,Taste Tree Restaurant,places,en,16,28.6066406,76.9595607,28.607767799999998,76.9584175,0,del,Delhi,2026-09-01T02:57:57.300578Z
ChIJFytdC1IPDTkR1Y3F3wrdfWc,Idliwala,places,en,16,28.6066406,76.9595607,28.6084741,76.95938009999999,0,del,Delhi,2026-09-01T02:57:57.300601Z
ChIJz41XYgAPDTkR2X6aUuK4xXI,Tasty Bites,places,en,16,28.6066406,76.9595607,28.6085581,76.9594427,0,del,Delhi,2026-09-01T02:57:57.300607Z
ChIJZ7DDMs4PDTkRmbCZ9014lkY,Shiva Hotel,places,en,16,28.6066406,76.9595607,28.6088199,76.9597898,0,del,Delhi,2026-09-01T02:57:57.300612Z
ChIJRUYqRO0RDTkR-qnrRNt5dts,SHOKEEN EGG STORE,places,en,18,28.5904633,76.99676604999999,28.5911185,76.996892,0,del,Delhi,2026-09-01T02:57:57.957763Z
ChIJzyGW5bQRDTkRLmr_Q9njsTg,UTTAR PRADESH 45 ZERO POINT,places,en,18,28.5904633,76.99676604999999,28.5911016,76.9965159,0,del,Delhi,2026-09-01T02:57:57.957787Z
ChIJE3OPhhoQDTkRmkTJH8hXEqM,Lalu Parsad Sweets,places,en,18,28.5904633,76.99676604999999,28.591131999999998,76.996297,0,del,Delhi,2026-09-01T02:57:57.957793Z
ChIJS-HqhhoQDTkRThcIyOQ8ZOE,Hari Momos,places,en,18,28.5904633,76.99676604999999,28.5911084,76.9962508,0,del,Delhi,2026-09-01T02:57:57.957798Z
ChIJi1iGeV3jDDkRSFtU1TmgZ9c,Snaxx Adda,places,en,18,28.5904633,76.99676604999999,28.590916300000004,76.9975237,0,del,Delhi,2026-09-01T02:57:57.957802Z
ChIJVUC-__8PDTkR4YvvttoNA9Y,Mangla Gupta Shop,places,en,18,28.5904633,76.99676604999999,28.591058699999998,76.99608169999999,0,del,Delhi,2026-09-01T02:57:57.957806Z
ChIJk5nfbgARDTkRfQvrfXbLOqY,THE HOMESTEAD DINER,places,en,18,28.5904633,76.99676604999999,28.591123999999997,76.99615399999999,0,del,Delhi,2026-09-01T02:57:57.957811Z
ChIJ7blmceERDTkR8VFEC270t6A,Rahul's Own Taste,places,en,18,28.5904633,76.99676604999999,28.590785300000004,76.9978222,0,del,Delhi,2026-09-01T02:57:57.957815Z
ChIJJ4twk-ERDTkRwQCf_OqE7ns,Bardo's momos,places,en,18,28.5904633,76.99676604999999,28.5908934,76.9979941,0,del,Delhi,2026-09-01T02:57:57.957819Z
ChIJsZSephoQDTkRi4Smax40gcc,Khan Chicken Corner,places,en,18,28.5904633,76.99676604999999,28.591123999999997,76.997894,0,del,Delhi,2026-09-01T02:57:57.957823Z
ChIJMxljMwARDTkRelrXp4ijuDg,The Brother's Cafe,places,en,18,28.5904633,76.99676604999999,28.5910625,76.99793749999999,0,del,Delhi,2026-09-01T02:57:57.957827Z
ChIJq-aFSU4RDTkRKl-0l0ujtqE,ASHRAFI MOMOS,places,en,18,28.5904633,76.99676604999999,28.5914555,76.99581239999999,0,del,Delhi,2026-09-01T02:57:57.957831Z
ChIJES0e_1sRDTkReNJhpEXJKAs,THE OMELET SHOP,places,en,18,28.5904633,76.99676604999999,28.5908791,76.99823169999999,0,del,Delhi,2026-09-01T02:57:57.957835Z
ChIJV5SiL_MRDTkRjmOqQoohyic,Da' Lassi's,places,en,18,28.5904633,76.99676604999999,28.5909119,76.9983271,0,del,Delhi,2026-09-01T02:57:57.957839Z
ChIJYQ0H_4sPDTkRy9VctO250dE,Cup and Chat Cafe,places,en,18,28.5904633,76.99676604999999,28.5910705,76.9985244,0,del,Delhi,2026-09-01T02:57:57.957843Z
ChIJK6FRtN8RDTkRKvjspfvB9yU,The pirates plunder,places,en,18,28.5904633,76.99676604999999,28.591095199999998,76.9949431,0,del,Delhi,2026-09-01T02:57:57.957847Z
ChIJp0K6choQDTkRcvlrJXOgrWE,Divya Sweets,places,en,18,28.5904633,76.99676604999999,28.591099999999997,76.99494469999999,0,del,Delhi,2026-09-01T02:57:57.957851Z
ChIJm9ylp5cRDTkRPHpzUzD9ZdY,Pandit Ji Chole Kulche and Matar Kachori,places,en,18,28.5904633,76.99676604999999,28.5909701,76.9948656,0,del,Delhi,2026-09-01T02:57:57.957855Z
ChIJvaasOUoRDTkRIUoINIKyOHg,FOOD COURT,places,en,18,28.5904633,76.99676604999999,28.589178099999998,76.9952789,0,del,Delhi,2026-09-01T02:57:57.957859Z
ChIJmRJdRQARDTkRY67ho8JhAEs,Najafgarh,places,en,18,28.5904633,76.99676604999999,28.589178099999998,76.9952789,0,del,Delhi,2026-09-01T02:57:57.957863Z
ChIJJaj4NBcRDTkRL9LoCtWNSag,Shiv Parathe wala,places,en,19,28.5922161,77.0077934,28.592259,77.0070204,0,del,Delhi,2026-09-01T02:57:58.354536Z
ChIJ49w6OgsRDTkRQ40JmBa8kJQ,Manav food junction,places,en,19,28.5922161,77.0077934,28.5933794,77.0054983,0,del,Delhi,2026-09-01T02:57:58.354572Z
ChIJwR7ECn4QDTkREoLFJ-Hz-h4,Bhishm Food Corner,places,en,21,28.55819885,77.00734725000001,28.558464899999997,77.0048054,0,del,Delhi,2026-09-01T02:57:58.990690Z
ChIJv6eSpIAQDTkRCV1AO7IY8PQ,डण्डियन मीट शॉप,places,en,21,28.55819885,77.00734725000001,28.5565508,77.00561909999999,0,del,Delhi,2026-09-01T02:57:58.990702Z
ChIJ00FwKj8RDTkRkgOzFNPhBOQ,Chandan Hotel,places,en,21,28.55819885,77.00734725000001,28.5572917,77.0049971,0,del,Delhi,2026-09-01T02:57:58.990704Z
ChIJdbkQ7-sRDTkR98S0JAWQdXA,Royal Chicken Mutton Shop,places,en,21,28.55819885,77.00734725000001,28.5569848,77.005119,0,del,Delhi,2026-09-01T02:57:58.990706Z
ChIJe-u5VIcQDTkRAAAAMAndqEE,Fauji Da Hotel,places,en,21,28.55819885,77.00734725000001,28.5570912,77.0050132,0,del,Delhi,2026-09-01T02:57:58.990708Z
ChIJLSGmHrgRDTkRHrRQgkFoFC0,Crazy chaap & butter momos,places,en,21,28.55819885,77.00734725000001,28.5574968,77.00477479999999,0,del,Delhi,2026-09-01T02:57:58.990709Z
ChIJr7s_c4cRDTkRobnwZMEEo3s,Estu House,places,en,21,28.55819885,77.00734725000001,28.5573221,77.0046943,0,del,Delhi,2026-09-01T02:57:58.990711Z
ChIJ0f_SICERDTkRJ61De9pICKY,Shree Krishna Burfi Wale Chhawla,places,en,21,28.55819885,77.00734725000001,28.556613199999997,77.0050903,0,del,Delhi,2026-09-01T02:57:58.990713Z
ChIJ3xMZPQARDTkR1l2vwTUY-X4,Swaad-e-Chulha,places,en,21,28.55819885,77.00734725000001,28.558360999999998,77.010312,0,del,Delhi,2026-09-01T02:57:58.990714Z
ChIJ4XVvu0URDTkR7fmr7PLqpDg,Anand Lal,places,en,21,28.55819885,77.00734725000001,28.5581975,77.0043488,0,del,Delhi,2026-09-01T02:57:58.990715Z
ChIJEzPk1qURDTkRnlDnFS-5jnI,CHAAP RASOI,places,en,21,28.55819885,77.00734725000001,28.5581784,77.0043147,0,del,Delhi,2026-09-01T02:57:58.990716Z
ChIJXQ2bqjQFDTkR5PgoOUysrlw,Chiku's kitchen,places,en,22,28.631070100000002,77.01936985,28.631573399999997,77.01944619999999,0,del,Delhi,2026-09-01T02:57:59.407925Z
ChIJ9dHoRAAFDTkRfX6SntzuK-o,pizza Bite The Family Choice,places,en,22,28.631070100000002,77.01936985,28.6307393,77.0184388,0,del,Delhi,2026-09-01T02:57:59.407937Z
ChIJs2JC3LsFDTkRLBrBbUhY20Q,Pizza Bite The Family Choice,places,en,22,28.631070100000002,77.01936985,28.6307387,77.0184376,0,del,Delhi,2026-09-01T02:57:59.407939Z
ChIJhZM5YoAFDTkRD_ACs6zw7JI,The flirty momos,places,en,22,28.631070100000002,77.01936985,28.6315487,77.0184405,0,del,Delhi,2026-09-01T02:57:59.407941Z
ChIJXwUd-2YFDTkRc0QTahAFAJc,Chole Bhature Wala,places,en,22,28.631070100000002,77.01936985,28.6304959,77.01843070000001,0,del,Delhi,2026-09-01T02:57:59.407943Z
ChIJz3zmxqsFDTkRUu58HEa5cOU,"Bikaner Sweets Snacks,Namkeen & Bakery",places,en,22,28.631070100000002,77.01936985,28.6304518,77.01827569999999,0,del,Delhi,2026-09-01T02:57:59.407944Z
ChIJP7G_kTUFDTkRJr0oxVJzTCU,Da Pizza Yum,places,en,22,28.631070100000002,77.01936985,28.630318799999998,77.01833359999999,0,del,Delhi,2026-09-01T02:57:59.407945Z
ChIJzYDLiu4FDTkRhIWKzInyTHY,Sikha Yadav,places,en,22,28.631070100000002,77.01936985,28.6303405,77.0183018,0,del,Delhi,2026-09-01T02:57:59.407947Z
ChIJJ-hxTgAFDTkRBnscX7ozi1A,अगर - मगर - Restaurant & Cafe in delhi,places,en,22,28.631070100000002,77.01936985,28.632009600000004,77.01845000000002,0,del,Delhi,2026-09-01T02:57:59.407948Z
ChIJ7ZHgriEFDTkR3Wqw0YQaASY,Daddy's Food Fusion In Champaran Hotel,places,en,22,28.631070100000002,77.01936985,28.632049499999997,77.0184575,0,del,Delhi,2026-09-01T02:57:59.407950Z
ChIJ4U7z-UUFDTkRplCPRzEzadE,Yo yo China Town,places,en,22,28.631070100000002,77.01936985,28.6320496,77.0184525,0,del,Delhi,2026-09-01T02:57:59.407951Z
ChIJy0EjdY0FDTkR-8UoQar2nBo,Kashi Ke Special Chur Chur Nan,places,en,22,28.631070100000002,77.01936985,28.630229999999997,77.0182942,0,del,Delhi,2026-09-01T02:57:59.407952Z
ChIJGyc0TRAFDTkRhkW1OasOosI,zorko-brand of food lovers & nangli,places,en,22,28.631070100000002,77.01936985,28.6322406,77.0184402,0,del,Delhi,2026-09-01T02:57:59.407953Z
ChIJPT8sJFYFDTkRaM0Ox3_rTIc,Aap ki pasand,places,en,22,28.631070100000002,77.01936985,28.629949399999997,77.0183716,0,del,Delhi,2026-09-01T02:57:59.407954Z
ChIJ_0Wq5nMFDTkR2uR2d1a3raQ,The Crunch House,places,en,22,28.631070100000002,77.01936985,28.6324088,77.0182976,0,del,Delhi,2026-09-01T02:57:59.407955Z
ChIJrUbSoa8FDTkRULVjv90Fmr0,The Momo King,places,en,22,28.631070100000002,77.01936985,28.632520799999998,77.0184496,0,del,Delhi,2026-09-01T02:57:59.407957Z
ChIJNxMdoQUPDTkRKUPiwPRD89A,The Garden Table,places,en,22,28.631070100000002,77.01936985,28.6327505,77.01958280000001,0,del,Delhi,2026-09-01T02:57:59.407958Z
ChIJmxg-nmoFDTkRTh2-qtr5PLc,Grover Sweets,places,en,22,28.631070100000002,77.01936985,28.629620199999998,77.0182691,0,del,Delhi,2026-09-01T02:57:59.407959Z
ChIJQXcAnRsFDTkR-EEgj444qjo,Faishal Ahmad,places,en,22,28.631070100000002,77.01936985,28.629262399999998,77.0195889,0,del,Delhi,2026-09-01T02:57:59.407960Z
ChIJE_xefNAFDTkRp_cnZ0zkhU4,Poorvanchal Cafe,places,en,22,28.631070100000002,77.01936985,28.632749699999998,77.01849059999999,0,del,Delhi,2026-09-01T02:57:59.407962Z
ChIJAT3OLLcFDTkRw-v60_646ik,Pizza yum hai ham,places,en,23,28.6422629,77.03270309999999,28.641972799999998,77.0324203,0,del,Delhi,2026-09-01T02:57:59.808796Z
ChIJL1aSKVcFDTkR0jvT4-4fznk,Divine Taste,places,en,23,28.6422629,77.03270309999999,28.6415588,77.0322292,0,del,Delhi,2026-09-01T02:57:59.808809Z
ChIJuxjlSOEFDTkRHG2rbc_Htbg,Pizza Momo Cafe,places,en,23,28.6422629,77.03270309999999,28.6428221,77.03370439999999,0,del,Delhi,2026-09-01T02:57:59.808811Z
ChIJGzI-4AsFDTkR76erbzW0VXg,AMRITSAR BHOJNALYE,places,en,23,28.6422629,77.03270309999999,28.6433209,77.03233089999999,0,del,Delhi,2026-09-01T02:57:59.808812Z
ChIJR31PIAMFDTkRlr2BiS6W9s8,The Crunch point,places,en,23,28.6422629,77.03270309999999,28.6427443,77.0338897,0,del,Delhi,2026-09-01T02:57:59.808814Z
ChIJLZNwUskFDTkRkCIIIUuOlaI,Foodiies Crunch,places,en,23,28.6422629,77.03270309999999,28.6425064,77.0340057,0,del,Delhi,2026-09-01T02:57:59.808815Z
ChIJU4sf2TQFDTkRKn44KXxx4EE,C2 RESTAURANT,places,en,23,28.6422629,77.03270309999999,28.6435034,77.03241609999999,0,del,Delhi,2026-09-01T02:57:59.808817Z
ChIJ5wNENQAFDTkR0Av7qLV_SzQ,Spicey fast food,places,en,23,28.6422629,77.03270309999999,28.6407034,77.0326508,0,del,Delhi,2026-09-01T02:57:59.808819Z
ChIJPV7B_kQFDTkRVUkf96f_6_0,Wok N' Rushhh,places,en,23,28.6422629,77.03270309999999,28.6419899,77.030935,0,del,Delhi,2026-09-01T02:57:59.808820Z
ChIJYw3dAiwFDTkRhPBQ0XcGpS8,Abhishek Shop,places,en,23,28.6422629,77.03270309999999,28.6438857,77.032249,0,del,Delhi,2026-09-01T02:57:59.808821Z
ChIJN2BXanEFDTkREaKxDUC28A0,Addu da adda,places,en,23,28.6422629,77.03270309999999,28.641121499999997,77.03411990000001,0,del,Delhi,2026-09-01T02:57:59.808822Z
ChIJyfl1oiIFDTkRBFFEwOIpbMg,Lakhdatar Deals & Delights,places,en,23,28.6422629,77.03270309999999,28.641776,77.0308058,0,del,Delhi,2026-09-01T02:57:59.808823Z
ChIJ-bi1t4wFDTkRDHs4s4BzcBg,AVNI CHINESE FOOD,places,en,23,28.6422629,77.03270309999999,28.640364599999998,77.0321979,0,del,Delhi,2026-09-01T02:57:59.808825Z
ChIJvy2UZRwFDTkR-U4oLYAXh3o,CHUNMUN CHOWMIN STALL,places,en,23,28.6422629,77.03270309999999,28.640357599999998,77.0322022,0,del,Delhi,2026-09-01T02:57:59.808826Z
ChIJk5b9EnMFDTkR4zqOL8_2Xhc,Apna Dhaba,places,en,23,28.6422629,77.03270309999999,28.6439412,77.03144859999999,0,del,Delhi,2026-09-01T02:57:59.808827Z
ChIJWw-BDG4FDTkReBgxqrvDcoQ,JAL HUB WATER SERVICE,places,en,23,28.6422629,77.03270309999999,28.6404377,77.0340038,0,del,Delhi,2026-09-01T02:57:59.808828Z
ChIJC-6F5yIFDTkRL3dQYOqeppU,Pandey ji paan shop (KaaroBar),places,en,23,28.6422629,77.03270309999999,28.643258,77.03041329999999,0,del,Delhi,2026-09-01T02:57:59.808829Z
ChIJi748aSEFDTkRbWzWe4bXKjI,Jaan se Babu Tak,places,en,23,28.6422629,77.03270309999999,28.642250699999998,77.03544839999999,0,del,Delhi,2026-09-01T02:57:59.808836Z
ChIJ4cVPejsFDTkRXV9wrF3DdOg,PRATAP FOOD HUB,places,en,24,28.637481200000003,77.0277993,28.637217099999997,77.027051,0,del,Delhi,2026-09-01T02:58:00.137134Z
ChIJh0Xkhm4FDTkR87nfH2MLYQ4,Chicken planet,places,en,24,28.637481200000003,77.0277993,28.6371553,77.0269829,0,del,Delhi,2026-09-01T02:58:00.137141Z
ChIJtYwhO24FDTkRxXn2cIRKfoQ,PISHORI CHICKEN,places,en,24,28.637481200000003,77.0277993,28.638530000000003,77.0257015,0,del,Delhi,2026-09-01T02:58:00.137143Z
ChIJHRrawF4FDTkRDvu-Ws7Oy5E,The Food Corner,places,en,24,28.637481200000003,77.0277993,28.6351639,77.028088,0,del,Delhi,2026-09-01T02:58:00.137144Z
ChIJwY_E_-oFDTkRUMb6Z6IDpf8,Ramshree Food,places,en,24,28.637481200000003,77.0277993,28.6363652,77.03037309999999,0,del,Delhi,2026-09-01T02:58:00.137146Z
ChIJR0ur7FMFDTkRjNa0s_2dofE,Pawan,places,en,24,28.637481200000003,77.0277993,28.635775499999998,77.0257207,0,del,Delhi,2026-09-01T02:58:00.137147Z
ChIJZx2FmVsFDTkREeouSYJwYEo,Pranika kitchen,places,en,24,28.637481200000003,77.0277993,28.637556800000002,77.03073119999999,0,del,Delhi,2026-09-01T02:58:00.137149Z
ChIJOQ4eVTsFDTkRsQOk7CAiim8,Shree Shyam Sweet,places,en,25,28.6386005,77.0324088,28.638421800000003,77.03288549999999,0,del,Delhi,2026-09-01T02:58:00.474586Z
ChIJx6yvdQcFDTkRC71aOQUg65k,Home Taste Nonveg,places,en,25,28.6386005,77.0324088,28.6381657,77.032652,0,del,Delhi,2026-09-01T02:58:00.474595Z
ChIJ76wia7IFDTkRzFOCyejg6z0,Trishya pizza house,places,en,25,28.6386005,77.0324088,28.637984499999998,77.032202,0,del,Delhi,2026-09-01T02:58:00.474597Z
ChIJnR07VwAFDTkRrvhcg6r1QQA,Shree Mahaveer Ji Namkeen Bhandar,places,en,25,28.6386005,77.0324088,28.6383788,77.0332055,0,del,Delhi,2026-09-01T02:58:00.474599Z
ChIJAXXDuAsFDTkREBD6CbYsZSs,Shree Shyam Fast Food,places,en,25,28.6386005,77.0324088,28.639386,77.0321106,0,del,Delhi,2026-09-01T02:58:00.474600Z
ChIJTd4EIQAFDTkRhxI5-moFtxc,Rv singh home,places,en,25,28.6386005,77.0324088,28.6388479,77.033322,0,del,Delhi,2026-09-01T02:58:00.474602Z
ChIJyUqr8vMFDTkR_nsd0rPwCac,Gupta fast food,places,en,25,28.6386005,77.0324088,28.638552500000003,77.0335272,0,del,Delhi,2026-09-01T02:58:00.474603Z
ChIJv_HeLdAFDTkRYkZi1WAq02o,Geetaram,places,en,25,28.6386005,77.0324088,28.6376937,77.0319925,0,del,Delhi,2026-09-01T02:58:00.474604Z
ChIJHz_9i8kFDTkROuaQdWU8OxY,CHOLE BHATURE SHOP,places,en,25,28.6386005,77.0324088,28.6396162,77.03214229999999,0,del,Delhi,2026-09-01T02:58:00.474605Z
ChIJ30Z_f5gFDTkRmpYdGzo8rZQ,Vashiono Chhole Bhature,places,en,25,28.6386005,77.0324088,28.6375793,77.032095,0,del,Delhi,2026-09-01T02:58:00.474607Z
ChIJiaIdhPEFDTkRpeeclpBO9vc,OHH street Vishal chicken soup point,places,en,25,28.6386005,77.0324088,28.637467500000003,77.0318279,0,del,Delhi,2026-09-01T02:58:00.474608Z
ChIJ-yQwCIgFDTkRgptLvcTHk38,Hotel Swaroop Vilas,places,en,25,28.6386005,77.0324088,28.6373338,77.03208699999999,0,del,Delhi,2026-09-01T02:58:00.474610Z
ChIJG_5TSAAFDTkRp9RjBsFHBnU,Desi boyz cafe,places,en,25,28.6386005,77.0324088,28.6384279,77.03393439999999,0,del,Delhi,2026-09-01T02:58:00.474611Z
ChIJvRjP_hgFDTkRr1YWCy2vvXg,Hotal reservation,places,en,25,28.6386005,77.0324088,28.6372763,77.0319317,0,del,Delhi,2026-09-01T02:58:00.474612Z
ChIJ-aJiq_AFDTkR76J3Cf9SgvM,Spicy Safar,places,en,25,28.6386005,77.0324088,28.637207300000004,77.03243909999999,0,del,Delhi,2026-09-01T02:58:00.474613Z
ChIJTVLqbAAFDTkR8iGWRSawaAQ,Hemant fast food,places,en,25,28.6386005,77.0324088,28.6370643,77.0320519,0,del,Delhi,2026-09-01T02:58:00.474615Z
ChIJAa0AJSsFDTkRtnE7qFDJsi4,Chinese Chaska,places,en,25,28.6386005,77.0324088,28.6372328,77.03390739999999,0,del,Delhi,2026-09-01T02:58:00.474616Z
ChIJZ1kYMBYbDTkR2yyeBqN_ysA,Gupshup Junction,places,en,26,28.559137550000003,77.0713805,28.5593617,77.0713478,0,del,Delhi,2026-09-01T02:58:00.859136Z
ChIJ9XwON6gbDTkRr5f0pTMp5pE,Maa Annapurna Vaishno Dhaba,places,en,26,28.559137550000003,77.0713805,28.5589308,77.07271039999999,0,del,Delhi,2026-09-01T02:58:00.859144Z
ChIJp-GyfecbDTkRxWB11VLHHmU,The Saanu Fast Food Corner,places,en,26,28.559137550000003,77.0713805,28.557741999999998,77.0709352,0,del,Delhi,2026-09-01T02:58:00.859146Z
ChIJ2au9saYbDTkR8rEdcuHd_to,UTTARANCHAL FOOD SERVICES,places,en,26,28.559137550000003,77.0713805,28.558778,77.07328070000001,0,del,Delhi,2026-09-01T02:58:00.859148Z
ChIJR0E3fJ0FDTkRJdsrJJDdcWw,Students FoodHub,places,en,27,28.614731149999997,77.03579225,28.615042,77.03610239999999,0,del,Delhi,2026-09-01T02:58:01.198363Z
ChIJ0XvbL1cFDTkRzJamuO-DsMY,Students Tiffin Service,places,en,27,28.614731149999997,77.03579225,28.6152777,77.03606130000001,0,del,Delhi,2026-09-01T02:58:01.198374Z
ChIJS7lbp0EFDTkR_juhGIHEpvQ,Hayat hotel,places,en,27,28.614731149999997,77.03579225,28.615531299999997,77.03645190000002,0,del,Delhi,2026-09-01T02:58:01.198377Z
ChIJGyvrTVMFDTkRPaGZG6K2nJI,Vital Food Junction,places,en,27,28.614731149999997,77.03579225,28.6149883,77.034528,0,del,Delhi,2026-09-01T02:58:01.198380Z
ChIJHX1oKBEFDTkRwnW1Aj448Yg,RANA FAST FOOD,places,en,27,28.614731149999997,77.03579225,28.615047699999998,77.0344876,0,del,Delhi,2026-09-01T02:58:01.198382Z
ChIJ2VSemEcFDTkRxqov-H8_TaQ,Stomach Hungry,places,en,27,28.614731149999997,77.03579225,28.6150557,77.0341373,0,del,Delhi,2026-09-01T02:58:01.198384Z
ChIJlUuQDd0FDTkRZ-sTH8IgO_w,CravEat Chinese Restaurant,places,en,27,28.614731149999997,77.03579225,28.615536,77.03399,0,del,Delhi,2026-09-01T02:58:01.198387Z
ChIJs8ge4rgFDTkReuVtVyE4pL4,Mukesh Fast Food,places,en,27,28.614731149999997,77.03579225,28.6165076,77.03570289999999,0,del,Delhi,2026-09-01T02:58:01.198389Z
ChIJzYTgZQAFDTkRMSHU5Wzmu6E,THE MOMO CHUTNEY,places,en,27,28.614731149999997,77.03579225,28.614520499999998,77.0331864,0,del,Delhi,2026-09-01T02:58:01.198391Z
ChIJoUO5KzgFDTkRx6Pt6YKKQ8c,RE-FUEL CAFE,places,en,27,28.614731149999997,77.03579225,28.6164696,77.0340865,0,del,Delhi,2026-09-01T02:58:01.198393Z
ChIJgyoxfwAFDTkRetsltPtJMCM,The Campus Diaries,places,en,27,28.614731149999997,77.03579225,28.614603199999998,77.0331408,0,del,Delhi,2026-09-01T02:58:01.198395Z
ChIJvQwQ2f4FDTkRvQfWoBWAs9Y,The wavy cafe,places,en,27,28.614731149999997,77.03579225,28.615295099999997,77.03320250000002,0,del,Delhi,2026-09-01T02:58:01.198397Z
ChIJsX1cKAAFDTkR87YkbMYcsvg,Mumbai cha bada pav,places,en,27,28.614731149999997,77.03579225,28.6138368,77.03326760000002,0,del,Delhi,2026-09-01T02:58:01.198399Z
ChIJYWtoJQAFDTkRaDNhGHxAHC0,The Hungry Panda,places,en,27,28.614731149999997,77.03579225,28.6151201,77.0330999,0,del,Delhi,2026-09-01T02:58:01.198401Z
ChIJ6XQAj9sFDTkRAJmG8WIARTE,UMESH KUMAR MAHTO SWIGGY SERVICE,places,en,27,28.614731149999997,77.03579225,28.6138338,77.0332444,0,del,Delhi,2026-09-01T02:58:01.198403Z
ChIJqf_xuhcFDTkRBhBTQI2HpWg,Punjabpizzeria,places,en,27,28.614731149999997,77.03579225,28.615382999999998,77.0330762,0,del,Delhi,2026-09-01T02:58:01.198405Z
ChIJ01cVrPEFDTkRmp6k-B6yAgg,Wow Pizza & Burger Cafe,places,en,27,28.614731149999997,77.03579225,28.615959,77.0333504,0,del,Delhi,2026-09-01T02:58:01.198407Z
ChIJFXLWDAAFDTkRC65F7a4vRQ4,Bombay Vada Pav | Vada Pav & Pav Bhaji,places,en,27,28.614731149999997,77.03579225,28.615690299999997,77.0330956,0,del,Delhi,2026-09-01T02:58:01.198409Z
ChIJuVJfAfoFDTkRAcgSi_5Gwkg,SWEET & SPICY,places,en,27,28.614731149999997,77.03579225,28.6158222,77.0330922,0,del,Delhi,2026-09-01T02:58:01.198411Z
ChIJSXGjkasFDTkRC8nVCj1lcWE,Namaste Taste Hub,places,en,27,28.614731149999997,77.03579225,28.6156854,77.0329641,0,del,Delhi,2026-09-01T02:58:01.198413Z
ChIJ24TLUzUFDTkRyjh8H-5Vi7M,MR.BURGER,places,en,28,28.647178099999998,77.07285580000001,28.647535899999998,77.0729467,0,del,Delhi,2026-09-01T02:58:01.533157Z
ChIJwRiz45AFDTkRkstz8V481Zg,Indian Food,places,en,28,28.647178099999998,77.07285580000001,28.6450535,77.0723064,0,del,Delhi,2026-09-01T02:58:01.533185Z
ChIJmesSYQAFDTkRY1ZNWBs4-AA,Momos corner.2,places,en,28,28.647178099999998,77.07285580000001,28.649212,77.07446829999999,0,del,Delhi,2026-09-01T02:58:01.533193Z
ChIJDUCMS4kFDTkRF0sY6Hkm068,The Momo Stop,places,en,28,28.647178099999998,77.07285580000001,28.649191,77.0745166,0,del,Delhi,2026-09-01T02:58:01.533199Z
ChIJFYJXLhsFDTkRh47rqHjiyvY,NVDC,places,en,28,28.647178099999998,77.07285580000001,28.648933299999996,77.0750027,0,del,Delhi,2026-09-01T02:58:01.533205Z
ChIJwb0bKikFDTkRzYz-QdK72aw,Sardar ji chicken wale,places,en,28,28.647178099999998,77.07285580000001,28.649014500000003,77.074934,0,del,Delhi,2026-09-01T02:58:01.533210Z
ChIJC9UEd6UFDTkRMaoOKLCMy4I,Hungry Hamper,places,en,29,28.631262550000002,77.0785661,28.630385200000003,77.07837529999999,0,del,Delhi,2026-09-01T02:58:01.910720Z
ChIJgeRirXYFDTkRThL9TLppflg,Spicy Culture,places,en,29,28.631262550000002,77.0785661,28.6324631,77.0788972,0,del,Delhi,2026-09-01T02:58:01.910756Z
ChIJw-J5MFwFDTkRyIKDJFaj2wY,Haryali kabab lucknow Wale,places,en,29,28.631262550000002,77.0785661,28.630400299999998,77.0797833,0,del,Delhi,2026-09-01T02:58:01.910762Z
ChIJhXHye4UFDTkROk6oUqyvSVA,Gaffar Khan,places,en,29,28.631262550000002,77.0785661,28.630372599999998,77.0799132,0,del,Delhi,2026-09-01T02:58:01.910766Z
ChIJ2-PUZwAFDTkRZhHBNxdVXiI,Kashi Ke Chhole - Bhature,places,en,29,28.631262550000002,77.0785661,28.6297841,77.0788097,0,del,Delhi,2026-09-01T02:58:01.910771Z
ChIJKcdA7o4FDTkRDqjDesvl5UI,Jagdish Yadav Eating,places,en,29,28.631262550000002,77.0785661,28.629896,77.0793187,0,del,Delhi,2026-09-01T02:58:01.910774Z
ChIJia_lfb8EDTkRPYP9JH3MtcE,De Forbidden Lounge night club,places,en,29,28.631262550000002,77.0785661,28.629955199999998,77.0795016,0,del,Delhi,2026-09-01T02:58:01.910777Z
ChIJg5TINugFDTkRZAdns9MOYZo,Dolma's Momo,places,en,29,28.631262550000002,77.0785661,28.6302684,77.0799155,0,del,Delhi,2026-09-01T02:58:01.910781Z
ChIJh3kmKAAFDTkR2WzghkenrdY,The Chai factory,places,en,29,28.631262550000002,77.0785661,28.6299626,77.0795785,0,del,Delhi,2026-09-01T02:58:01.910801Z
ChIJNyPk6W4FDTkRvREiN24RvTg,Rajesh Nan Wala,places,en,29,28.631262550000002,77.0785661,28.629744,77.0791256,0,del,Delhi,2026-09-01T02:58:01.910808Z
ChIJadRFvU8FDTkRc1y0k8QnS_o,EAT OUT,places,en,29,28.631262550000002,77.0785661,28.6300864,77.07979840000002,0,del,Delhi,2026-09-01T02:58:01.910812Z
ChIJtRwM3XIFDTkRLRIgyO_RFO4,Lalbabu Gaddi Shop,places,en,29,28.631262550000002,77.0785661,28.629731,77.0791675,0,del,Delhi,2026-09-01T02:58:01.910819Z
ChIJlwpzeb4EDTkRJt-F2KGyEDI,BTW,places,en,29,28.631262550000002,77.0785661,28.630068599999998,77.0798025,0,del,Delhi,2026-09-01T02:58:01.910823Z
ChIJb7IXGgAFDTkRGbKH0ZF_0fE,Baap of Rolls,places,en,29,28.631262550000002,77.0785661,28.629960699999998,77.0798403,0,del,Delhi,2026-09-01T02:58:01.910826Z
ChIJ0wQrfbAEDTkRtv4I0DC8IQg,Kingdom of Momos Corporate Office Janakpuri,places,en,29,28.631262550000002,77.0785661,28.629892899999998,77.07988739999999,0,del,Delhi,2026-09-01T02:58:01.910829Z
ChIJqcxPc2oFDTkRqbd_DSQfE4o,The Tirhut Kitchen,places,en,29,28.631262550000002,77.0785661,28.6297046,77.0796446,0,del,Delhi,2026-09-01T02:58:01.910834Z
ChIJ_____-sEDTkRzLEHA_MIGZg,Sagar Ratna,places,en,29,28.631262550000002,77.0785661,28.6298396,77.077184,0,del,Delhi,2026-09-01T02:58:01.910837Z
ChIJBWqSYhsFDTkRr6N2LB-8xWE,Gautam Barman,places,en,29,28.631262550000002,77.0785661,28.6298191,77.0771979,0,del,Delhi,2026-09-01T02:58:01.910840Z
ChIJKT22uTcFDTkR33D7y4P7vnc,Cafe1313,places,en,29,28.631262550000002,77.0785661,28.629670200000003,77.0796663,0,del,Delhi,2026-09-01T02:58:01.910843Z
ChIJtSwJPAAFDTkRqmrty1FaHYY,Polka live snacks,places,en,29,28.631262550000002,77.0785661,28.6294309,77.0777959,0,del,Delhi,2026-09-01T02:58:01.910846Z
ChIJ8_ZoJQAFDTkRO2uE1CDL89Y,Didi Bhojanalaya,places,en,30,28.62304365,77.0630288,28.6232409,77.0627581,0,del,Delhi,2026-09-01T02:58:02.261594Z
ChIJh7bg4UYFDTkRmgzusWPSP1w,Sharma rasoi,places,en,30,28.62304365,77.0630288,28.6225672,77.063282,0,del,Delhi,2026-09-01T02:58:02.261626Z
ChIJY1liVQAFDTkRWiMei3Ivu30,Just fresh food,places,en,30,28.62304365,77.0630288,28.6225672,77.063282,0,del,Delhi,2026-09-01T02:58:02.261636Z
ChIJWb3QWAAFDTkRqO5qSFADuNM,Kuch Khale,places,en,30,28.62304365,77.0630288,28.6225672,77.063282,0,del,Delhi,2026-09-01T02:58:02.261644Z
ChIJxYItwRYFDTkRt6cbwOHSUHM,Maana di rasoi,places,en,30,28.62304365,77.0630288,28.6225196,77.0632641,0,del,Delhi,2026-09-01T02:58:02.261651Z
ChIJmUA-WAAFDTkROUzsJg2r-c8,Vikas dhaba,places,en,30,28.62304365,77.0630288,28.6236763,77.0631396,0,del,Delhi,2026-09-01T02:58:02.261658Z
ChIJo7xJTu4FDTkRPHDbJbyvW-w,Punjabi Tadka,places,en,30,28.62304365,77.0630288,28.623693,77.06270599999999,0,del,Delhi,2026-09-01T02:58:02.261666Z
ChIJh4NuKx8FDTkR8VMHJTeVjc0,The Paan villa,places,en,30,28.62304365,77.0630288,28.6223773,77.0627226,0,del,Delhi,2026-09-01T02:58:02.261673Z
ChIJ1bjfyNkEDTkRBuC-R8B0oMI,Grover Sweets,places,en,30,28.62304365,77.0630288,28.623748,77.0633199,0,del,Delhi,2026-09-01T02:58:02.261680Z
ChIJjasFhusFDTkRir_Zkl54FCU,La Pino'z Pizza Uttam Nagar,places,en,30,28.62304365,77.0630288,28.623813799999997,77.0634046,0,del,Delhi,2026-09-01T02:58:02.261687Z
ChIJzfzeHdMFDTkRaII80LlYbCQ,Apni Rasoi - Pure Vegetarian Restaurant in Uttam Nagar,places,en,30,28.62304365,77.0630288,28.6238721,77.06333699999999,0,del,Delhi,2026-09-01T02:58:02.261694Z
ChIJL8GDWqgFDTkRwxYgDOyDsCs,SS Food Enterprises,places,en,30,28.62304365,77.0630288,28.623877999999998,77.0633168,0,del,Delhi,2026-09-01T02:58:02.261701Z
ChIJa_3sGKUFDTkRa2_Q-aHkfzs,The Londonn Burger Co,places,en,30,28.62304365,77.0630288,28.6239253,77.06337429999999,0,del,Delhi,2026-09-01T02:58:02.261708Z
ChIJZSxzHJAFDTkRQtFC3Ue8K2U,Ravi ki Chai Cafe,places,en,30,28.62304365,77.0630288,28.623933599999997,77.06270909999999,0,del,Delhi,2026-09-01T02:58:02.261721Z
ChIJiwqlo3YFDTkRxhDIhppBJjw,WOW INDIA,places,en,30,28.62304365,77.0630288,28.6227487,77.06405699999999,0,del,Delhi,2026-09-01T02:58:02.261728Z
ChIJ1VGY2Z8FDTkRueJEXsJq374,MOJO Pizza - 2X Toppings,places,en,30,28.62304365,77.0630288,28.623885800000004,77.0636076,0,del,Delhi,2026-09-01T02:58:02.261735Z
ChIJlbrEosAFDTkRtQD4nla7qo0,BOX8 - India's Largest Desi Meals Brand,places,en,30,28.62304365,77.0630288,28.623885800000004,77.0636076,0,del,Delhi,2026-09-01T02:58:02.261742Z
ChIJY6tvKucFDTkRaF-wlFNPgr0,The Burger Club,places,en,30,28.62304365,77.0630288,28.623950500000003,77.06257169999999,0,del,Delhi,2026-09-01T02:58:02.261748Z
ChIJTeV4l8QFDTkRNgLD_WIr1SU,SANTUSHTI KITCHEN,places,en,30,28.62304365,77.0630288,28.6226912,77.0641129,0,del,Delhi,2026-09-01T02:58:02.261755Z
ChIJ5Vsa0hoFDTkRbN6Dojgwvms,Gupta Chaat Bhandar,places,en,30,28.62304365,77.0630288,28.6228864,77.0641784,0,del,Delhi,2026-09-01T02:58:02.261763Z
ChIJJxqI8CgFDTkR6QhGBEIQuN8,Chawla Sweet Corner,places,en,31,28.6160131,77.05291785,28.616003,77.0530576,0,del,Delhi,2026-09-01T02:58:02.606373Z
ChIJA-_0ASkFDTkRnaK8mLNMzUE,Desi Vedeshi,places,en,31,28.6160131,77.05291785,28.6160185,77.05316739999999,0,del,Delhi,2026-09-01T02:58:02.606401Z
ChIJM726Vk8FDTkRh8f9BspVDK4,Vijay Devi,places,en,31,28.6160131,77.05291785,28.616295899999997,77.05304869999999,0,del,Delhi,2026-09-01T02:58:02.606408Z
ChIJqcPA0s0bDTkRRnQXBMFmRWc,DHABA-59,places,en,31,28.6160131,77.05291785,28.6163603,77.05315580000001,0,del,Delhi,2026-09-01T02:58:02.606414Z
ChIJf9_fEckFDTkRW_j4tEFZsNs,Apna Fast food,places,en,31,28.6160131,77.05291785,28.6155918,77.0531711,0,del,Delhi,2026-09-01T02:58:02.606420Z
ChIJ6_i1NgAFDTkR0o5BAzu5qc0,USV Kitchen,places,en,31,28.6160131,77.05291785,28.616504799999998,77.0529258,0,del,Delhi,2026-09-01T02:58:02.606425Z
ChIJA_9u2OIFDTkRVDLcUHOeiRw,Lucky Hospitality,places,en,31,28.6160131,77.05291785,28.616489299999998,77.0524887,0,del,Delhi,2026-09-01T02:58:02.606431Z
ChIJS_n4XQAFDTkR6pY_kimvCVc,The kulhad point,places,en,31,28.6160131,77.05291785,28.6167396,77.05304679999999,0,del,Delhi,2026-09-01T02:58:02.606436Z
ChIJZ1STJw8FDTkRqneoKMXmo-8,Rahul Fast Food,places,en,31,28.6160131,77.05291785,28.6167385,77.0531896,0,del,Delhi,2026-09-01T02:58:02.606441Z
ChIJC1mpKgAFDTkR7iTT-PIDn_s,Anna Dosa,places,en,31,28.6160131,77.05291785,28.6160151,77.054313,0,del,Delhi,2026-09-01T02:58:02.606446Z
ChIJhTynLB8FDTkR2bA6NfcykYo,Chaska18 fast food corner,places,en,31,28.6160131,77.05291785,28.6160221,77.0544283,0,del,Delhi,2026-09-01T02:58:02.606451Z
ChIJAaFjQdsFDTkRhwiqAQc6sQQ,Bhookh lag gayai,places,en,31,28.6160131,77.05291785,28.6146547,77.0531307,0,del,Delhi,2026-09-01T02:58:02.606456Z
ChIJrd46nF0FDTkRgnpjAFz5gG8,Chicken Biryani Point In Uttam Nagar | Order Biryani Online,places,en,31,28.6160131,77.05291785,28.6166415,77.0514625,0,del,Delhi,2026-09-01T02:58:02.606461Z
ChIJcbmc80cFDTkRN79kJkzZhVw,Magic Wok,places,en,31,28.6160131,77.05291785,28.6146563,77.05345969999999,0,del,Delhi,2026-09-01T02:58:02.606466Z
ChIJaWWl3VwFDTkRbYrGMc7rDNE,momo 99,places,en,31,28.6160131,77.05291785,28.6153779,77.0544072,0,del,Delhi,2026-09-01T02:58:02.606471Z
ChIJ--nWpB8FDTkRkDAJyLHJWA0,Mr. Cheesious,places,en,31,28.6160131,77.05291785,28.6146551,77.0535264,0,del,Delhi,2026-09-01T02:58:02.606479Z
ChIJkSF_MTr_DDkR0Q8ikkZCsvY,S.r. Herbal Care,places,en,31,28.6160131,77.05291785,28.614850099999998,77.05393889999999,0,del,Delhi,2026-09-01T02:58:02.606484Z
ChIJpSepLikFDTkR3_wQTGbtsg8,DADDINOSS,places,en,31,28.6160131,77.05291785,28.6159887,77.05470389999999,0,del,Delhi,2026-09-01T02:58:02.606488Z
ChIJiZbYVdYEDTkR9s00NKlBsLQ,Ok Food & Tiffin,places,en,31,28.6160131,77.05291785,28.616736399999997,77.05453419999999,0,del,Delhi,2026-09-01T02:58:02.606494Z
ChIJdSZx84QFDTkR8vfZbH2rvwY,Momo's,places,en,31,28.6160131,77.05291785,28.614794,77.051649,0,del,Delhi,2026-09-01T02:58:02.606499Z
ChIJU7i5LCEFDTkRQ6kMkcKpnyo,Ojasvika Food,places,en,32,28.620637600000002,77.0565433,28.6206,77.056854,0,del,Delhi,2026-09-01T02:58:03.036489Z
ChIJaxejaKoFDTkR88aKuJnxfOY,Shree Radha tiffin services,places,en,32,28.620637600000002,77.0565433,28.6209918,77.0567319,0,del,Delhi,2026-09-01T02:58:03.036517Z
ChIJoxZiDT0FDTkRv4uc3Kojgkg,Taste of Punjab,places,en,32,28.620637600000002,77.0565433,28.620110399999998,77.0567134,0,del,Delhi,2026-09-01T02:58:03.036524Z
ChIJT3tLMnAFDTkRvm_yzFCIglw,Spice Rasoi,places,en,32,28.620637600000002,77.0565433,28.6200418,77.0567298,0,del,Delhi,2026-09-01T02:58:03.036530Z
ChIJGyvszK8FDTkRTldLKAA5IlA,Aruna's Kitchen,places,en,32,28.620637600000002,77.0565433,28.6200054,77.0567354,0,del,Delhi,2026-09-01T02:58:03.036536Z
ChIJayeEPgAFDTkR583tKEoQVV8,Roop Tiffin Service,places,en,32,28.620637600000002,77.0565433,28.6199333,77.05663559999999,0,del,Delhi,2026-09-01T02:58:03.036542Z
ChIJ62LTTAAFDTkR_PWJzi_Ttkk,Soul fuel cafe,places,en,32,28.620637600000002,77.0565433,28.6199369,77.05675169999999,0,del,Delhi,2026-09-01T02:58:03.036547Z
ChIJX46jJtQFDTkRBxsh3U18ZHw,CHACHA DI HATTI,places,en,32,28.620637600000002,77.0565433,28.6203224,77.0574527,0,del,Delhi,2026-09-01T02:58:03.036553Z
ChIJPZZ0bQAFDTkRjrr-RnVWpS4,Taste of Taj (BBQ Sizzling Momos),places,en,32,28.620637600000002,77.0565433,28.620389699999997,77.0575743,0,del,Delhi,2026-09-01T02:58:03.036558Z
ChIJYQ3wD18FDTkRIxCDmUbvhd4,Passi kitchen,places,en,32,28.620637600000002,77.0565433,28.6203024,77.05549669999999,0,del,Delhi,2026-09-01T02:58:03.036563Z
ChIJR3xTzIAFDTkRT8gUpWcMPHs,D'WOK,places,en,32,28.620637600000002,77.0565433,28.620310900000003,77.0576639,0,del,Delhi,2026-09-01T02:58:03.036568Z
ChIJN788Bp4FDTkRseTRNCVxFuU,Timeless Bites,places,en,32,28.620637600000002,77.0565433,28.621643499999998,77.0567295,0,del,Delhi,2026-09-01T02:58:03.036574Z
ChIJH5-4JIYFDTkRZUywPAeSRCo,MOMOS JUNCTION,places,en,32,28.620637600000002,77.0565433,28.620437799999998,77.0577634,0,del,Delhi,2026-09-01T02:58:03.036579Z
ChIJs105GQAFDTkRft7G6QEE5k8,Mamta Food Corner,places,en,32,28.620637600000002,77.0565433,28.619614799999997,77.0570103,0,del,Delhi,2026-09-01T02:58:03.036584Z
ChIJpXvo3qUFDTkRTNPO_pDR_SQ,LOCAL STREET,places,en,32,28.620637600000002,77.0565433,28.619497199999998,77.0565428,0,del,Delhi,2026-09-01T02:58:03.036589Z
ChIJVVWVe94PDTkRHTFEuIXsGw0,Domino's Pizza,places,en,32,28.620637600000002,77.0565433,28.6216489,77.0559332,0,del,Delhi,2026-09-01T02:58:03.036594Z
ChIJO_QuetgEDTkR0WmnKH3YCWs,Ramu Bhai Jalebi Wala,places,en,32,28.620637600000002,77.0565433,28.621791499999997,77.0567721,0,del,Delhi,2026-09-01T02:58:03.036599Z
ChIJaURoAHAFDTkRR9KgkQNeOvI,Sip & Kash,places,en,32,28.620637600000002,77.0565433,28.619487999999997,77.0569672,0,del,Delhi,2026-09-01T02:58:03.036604Z
ChIJrXrne9gEDTkRok1UXms6BuE,Tanatan Chole Bhature,places,en,32,28.620637600000002,77.0565433,28.6218005,77.05677349999999,0,del,Delhi,2026-09-01T02:58:03.036609Z
ChIJT5KBPdgEDTkR_OFjTThWVlY,Shakes Junction,places,en,32,28.620637600000002,77.0565433,28.620428099999998,77.0579039,0,del,Delhi,2026-09-01T02:58:03.036614Z
ChIJw50E6xoFDTkRxRpTLJArqSI,TAKE IT CHEESY,places,en,33,28.620689,77.0558403,28.620728099999997,77.0550908,0,del,Delhi,2026-09-01T02:58:03.379903Z
ChIJ_5X8CgAFDTkRL0JnAL6_lYQ,Aunty Kitchen,places,en,33,28.620689,77.0558403,28.6202367,77.05503879999999,0,del,Delhi,2026-09-01T02:58:03.379938Z
ChIJTb5dAMcFDTkRlZI4OeX46y0,Nivra Cafe,places,en,33,28.620689,77.0558403,28.6200005,77.05504119999999,0,del,Delhi,2026-09-01T02:58:03.379953Z
ChIJ004zWwAFDTkR0oeFge6rLDQ,MOMOS & MORE,places,en,33,28.620689,77.0558403,28.6199234,77.0550167,0,del,Delhi,2026-09-01T02:58:03.379963Z
ChIJn0XDcJsFDTkRg4TVzc9ngt0,Ramesh Kumar,places,en,33,28.620689,77.0558403,28.621762399999998,77.0558246,0,del,Delhi,2026-09-01T02:58:03.379972Z
ChIJq_opTaAFDTkR7DrS2k005D8,Vipan Kumar,places,en,33,28.620689,77.0558403,28.621762699999998,77.0558242,0,del,Delhi,2026-09-01T02:58:03.379981Z
ChIJubcbz9cFDTkR4vL-hkgOZrg,Sanjeev Dhaba,places,en,33,28.620689,77.0558403,28.621762699999998,77.0558242,0,del,Delhi,2026-09-01T02:58:03.379994Z
ChIJVUs3kWkFDTkRtvsvcTgTtpg,Pizza King,places,en,33,28.620689,77.0558403,28.621762699999998,77.05582319999999,0,del,Delhi,2026-09-01T02:58:03.380001Z
ChIJuzn3rkQFDTkRFiEDAi4HZuM,PRACHI DEVRANI,places,en,33,28.620689,77.0558403,28.621762699999998,77.05582319999999,0,del,Delhi,2026-09-01T02:58:03.380008Z
ChIJN1JI0oAFDTkRJYUWq5N1Wmc,Shubham Dhiman,places,en,33,28.620689,77.0558403,28.621762699999998,77.05582319999999,0,del,Delhi,2026-09-01T02:58:03.380016Z
ChIJYxZYIAYFDTkRiCrOWzcW5gU,Atul Kumar,places,en,33,28.620689,77.0558403,28.621762699999998,77.05582319999999,0,del,Delhi,2026-09-01T02:58:03.380022Z
ChIJT7IZ_GcFDTkRdGnxkQAPkp0,Thakur Eggs Cantein,places,en,33,28.620689,77.0558403,28.621762699999998,77.05582319999999,0,del,Delhi,2026-09-01T02:58:03.380030Z
ChIJGanaZAAFDTkR4-ekBXTYPs8,Mata anna purna bhojnalaya,places,en,34,28.622740649999997,77.0560972,28.622765599999997,77.05626649999999,0,del,Delhi,2026-09-01T02:58:03.736588Z
ChIJOfHb5DkFDTkR4Rph-4Ui_eI,Kitchen 7,places,en,34,28.622740649999997,77.0560972,28.6226003,77.0565443,0,del,Delhi,2026-09-01T02:58:03.736617Z
ChIJ8x4DodcFDTkRrrJnPsRLLIY,DINE WITH DEY,places,en,34,28.622740649999997,77.0560972,28.6228241,77.0566083,0,del,Delhi,2026-09-01T02:58:03.736621Z
ChIJ004UdQAFDTkRhuaxRwjUK9g,Roshni Sudh Vashno Hotel,places,en,34,28.622740649999997,77.0560972,28.622618,77.05662319999999,0,del,Delhi,2026-09-01T02:58:03.736624Z
ChIJifLTIdYFDTkRml6TbwOEKCQ,Baba Sahab Ka Darbaar,places,en,34,28.622740649999997,77.0560972,28.6229519,77.0566178,0,del,Delhi,2026-09-01T02:58:03.736628Z
ChIJh1uO8VEFDTkRCQzWKTOsWOc,Shakahari Bhojnalaya,places,en,34,28.622740649999997,77.0560972,28.622273399999997,77.05578129999999,0,del,Delhi,2026-09-01T02:58:03.736630Z
ChIJtXuXjlwFDTkRysjQbxD6niQ,DEEPA GUPTA,places,en,34,28.622740649999997,77.0560972,28.6220423,77.056527,0,del,Delhi,2026-09-01T02:58:03.736633Z
ChIJR793B8QFDTkR3Pja_8lTNhk,Vaishno Dhaba,places,en,34,28.622740649999997,77.0560972,28.6219605,77.0564965,0,del,Delhi,2026-09-01T02:58:03.736636Z
ChIJ_WyefAAFDTkRlYsF4t8l37c,Pizza cart,places,en,34,28.622740649999997,77.0560972,28.6218854,77.0559433,0,del,Delhi,2026-09-01T02:58:03.736639Z
ChIJN2N8TQAFDTkRqdvd2DMGLew,Shree Ram Ji Ke Chole Bhature,places,en,34,28.622740649999997,77.0560972,28.6219369,77.05571929999999,0,del,Delhi,2026-09-01T02:58:03.736641Z
ChIJ6enEgcsFDTkR0FHOiSdeSq4,Puspendra Briyani,places,en,34,28.622740649999997,77.0560972,28.621844199999998,77.0557431,0,del,Delhi,2026-09-01T02:58:03.736644Z
ChIJ-5u_qsgFDTkRvuDPDQpo0_k,PUBG Cafe,places,en,34,28.622740649999997,77.0560972,28.623319,77.056997,0,del,Delhi,2026-09-01T02:58:03.736673Z
ChIJD1buuNsEDTkRvdY0I8r5eY0,Modern Zaika,places,en,34,28.622740649999997,77.0560972,28.6218261,77.056561,0,del,Delhi,2026-09-01T02:58:03.736679Z
ChIJB99XSK0FDTkRfk-j-PzNbq4,Rishi Kumar,places,en,34,28.622740649999997,77.0560972,28.6217639,77.0558246,0,del,Delhi,2026-09-01T02:58:03.736682Z
ChIJEZFiLIgFDTkRbt_JEpk5RaU,Akash Sweet Shop,places,en,34,28.622740649999997,77.0560972,28.6217639,77.0558249,0,del,Delhi,2026-09-01T02:58:03.736685Z
ChIJuTTlNO4FDTkR8xcRJBWht1k,Heera Singh,places,en,34,28.622740649999997,77.0560972,28.6217639,77.0558242,0,del,Delhi,2026-09-01T02:58:03.736688Z
ChIJ-UYXBYIFDTkRFWface0HTro,Sudershan Kumar,places,en,34,28.622740649999997,77.0560972,28.6217639,77.0558242,0,del,Delhi,2026-09-01T02:58:03.736691Z
ChIJKTxanlIFDTkRAAoQdCHKInE,Riwotsang Kitchen,places,en,34,28.622740649999997,77.0560972,28.6217639,77.0558236,0,del,Delhi,2026-09-01T02:58:03.736693Z
ChIJE5NaqjcFDTkRSPBJ6xJeXnY,Sonu Harika,places,en,34,28.622740649999997,77.0560972,28.6217639,77.0558239,0,del,Delhi,2026-09-01T02:58:03.736696Z
ChIJ056EvokFDTkR5yoXXxfWGHQ,Royal Kitchen,places,en,34,28.622740649999997,77.0560972,28.621763599999998,77.0558246,0,del,Delhi,2026-09-01T02:58:03.736699Z
ChIJReVbHDkFDTkRDdX4z30e4FQ,Manoj Veg Hut,places,en,35,28.6207579,77.0363052,28.620972799999997,77.0365838,0,del,Delhi,2026-09-01T02:58:04.133607Z
ChIJn97tk0IFDTkRJrxwKN4hoQ8,UNITED COLOURS OF FOODS AND BIRYANI,places,en,35,28.6207579,77.0363052,28.6207044,77.0367072,0,del,Delhi,2026-09-01T02:58:04.133643Z
ChIJkS3xMREFDTkRSh8ZxbTqN6Q,Kings Food Cafe,places,en,35,28.6207579,77.0363052,28.6204668,77.03661029999999,0,del,Delhi,2026-09-01T02:58:04.133651Z
ChIJhdkAJDkFDTkRc-NIgaSH4-I,Roast It,places,en,35,28.6207579,77.0363052,28.6210456,77.0367132,0,del,Delhi,2026-09-01T02:58:04.133660Z
ChIJTX6CSAAFDTkRRWbwpfgY37k,Rama park mohan garden,places,en,35,28.6207579,77.0363052,28.6203011,77.0365413,0,del,Delhi,2026-09-01T02:58:04.133667Z
ChIJFTRA2xUFDTkRy-cwNjQL3xE,Faasos Dwarka Mor,places,en,35,28.6207579,77.0363052,28.620138299999997,77.03652,0,del,Delhi,2026-09-01T02:58:04.133673Z
ChIJa0QyfQAFDTkRwe3HukEZjz4,HUNGRY HIKERS,places,en,35,28.6207579,77.0363052,28.620134,77.0365776,0,del,Delhi,2026-09-01T02:58:04.133678Z
ChIJ4zr4ovwFDTkRf6cqOffJ1Xw,Dalchand,places,en,35,28.6207579,77.0363052,28.6201778,77.0366897,0,del,Delhi,2026-09-01T02:58:04.133684Z
ChIJD_WEXmAFDTkR89rpnltjiR8,AJ FOOD CORNER,places,en,35,28.6207579,77.0363052,28.6204052,77.03699379999999,0,del,Delhi,2026-09-01T02:58:04.133689Z
ChIJI8M_CeoFDTkRzzZCJemLNEQ,Ma Tara Fuchka Stole,places,en,35,28.6207579,77.0363052,28.620480999999998,77.0370592,0,del,Delhi,2026-09-01T02:58:04.133694Z
ChIJp5_ywXMFDTkRN9TUcZJ1kDA,Arora Chicken Corner,places,en,35,28.6207579,77.0363052,28.6200625,77.0365625,0,del,Delhi,2026-09-01T02:58:04.133700Z
ChIJId9izbcFDTkR22q4LSAAYj8,KFC,places,en,35,28.6207579,77.0363052,28.620055999999998,77.036542,0,del,Delhi,2026-09-01T02:58:04.133705Z
ChIJHddlsFgFDTkRHxcD2VS1GVs,Behrouz Biryani Dwarka Mor FC (Delta),places,en,35,28.6207579,77.0363052,28.620063,77.036574,0,del,Delhi,2026-09-01T02:58:04.133711Z
ChIJA6CNJLwFDTkRE4XrZNwkYTQ,Johny's kitchen l Tiffin service provider & Caterers,places,en,35,28.6207579,77.0363052,28.6214251,77.0367125,0,del,Delhi,2026-09-01T02:58:04.133716Z
ChIJCZuyD-IFDTkRNBulCrXhUWs,Oven Story,places,en,35,28.6207579,77.0363052,28.6200203,77.0365364,0,del,Delhi,2026-09-01T02:58:04.133721Z
ChIJRzQRrAMFDTkRZsqxOumL8OU,Sweet Truth Dwarka Mor,places,en,35,28.6207579,77.0363052,28.6200203,77.0365364,0,del,Delhi,2026-09-01T02:58:04.133726Z
ChIJh7CInwMFDTkRwKbgPTMKNQA,Gujarati Rasoi,places,en,35,28.6207579,77.0363052,28.621569200000003,77.0365686,0,del,Delhi,2026-09-01T02:58:04.133731Z
ChIJM6M0TVgFDTkRo56jSuGAiKA,Fast Fut Stool,places,en,35,28.6207579,77.0363052,28.620420100000004,77.0372033,0,del,Delhi,2026-09-01T02:58:04.133736Z
ChIJU74AvooFDTkRrUn7hBpXPQw,Manpasand Khana by FODODO,places,en,35,28.6207579,77.0363052,28.6216656,77.0365733,0,del,Delhi,2026-09-01T02:58:04.133741Z
ChIJ3WM5AosFDTkRsEA-yRtggpI,La Pino'z Pizza Dwarka Mor,places,en,35,28.6207579,77.0363052,28.619896299999997,77.03592569999999,0,del,Delhi,2026-09-01T02:58:04.133747Z
ChIJM1XYdwAFDTkRRABx3T6Ub9A,RANDHAWA CAFE,places,en,36,28.6457725,77.06497685,28.6457884,77.0655153,0,del,Delhi,2026-09-01T02:58:04.532051Z
ChIJ_d8KTkIFDTkRzWM2MBXfhlo,BHOORI ANKHE COOK HOUSE,places,en,36,28.6457725,77.06497685,28.6462129,77.0641016,0,del,Delhi,2026-09-01T02:58:04.532082Z
ChIJPVEHJ8YFDTkRSoyEPpiFYiI,Hot Snacks Bite,places,en,36,28.6457725,77.06497685,28.6461842,77.0639926,0,del,Delhi,2026-09-01T02:58:04.532092Z
ChIJdfDY_0sFDTkRsz_1F9z4aXk,Modern foodie,places,en,36,28.6457725,77.06497685,28.646622699999998,77.0656724,0,del,Delhi,2026-09-01T02:58:04.532100Z
ChIJF48v4dEFDTkRO2FmUo1haEg,Pishori Chicken,places,en,36,28.6457725,77.06497685,28.646690999999997,77.0659305,0,del,Delhi,2026-09-01T02:58:04.532108Z
ChIJ_S9EPQQFDTkR9FD9ds0G8Xc,Gandhi Market,places,en,36,28.6457725,77.06497685,28.6451356,77.06640089999999,0,del,Delhi,2026-09-01T02:58:04.532116Z
ChIJGQk7YgAFDTkRHcS081dmD5Y,Café Fumée,places,en,36,28.6457725,77.06497685,28.6466656,77.06664850000001,0,del,Delhi,2026-09-01T02:58:04.532123Z
ChIJX0gYoaAFDTkRw2YE1TCseNw,Wow Kulcha,places,en,36,28.6457725,77.06497685,28.647670700000003,77.06560189999999,0,del,Delhi,2026-09-01T02:58:04.532130Z
ChIJeTEvdz0FDTkRcqB4rQTh4jw,Flavours of Punjab and China,places,en,36,28.6457725,77.06497685,28.647670700000003,77.06560189999999,0,del,Delhi,2026-09-01T02:58:04.532137Z
ChIJ4yx0LfgFDTkRRGPQk_6xiDA,D S Fast Food Corner,places,en,36,28.6457725,77.06497685,28.645698499999998,77.0625202,0,del,Delhi,2026-09-01T02:58:04.532144Z
ChIJAZ1bLfoEDTkRoHbLAmIf_VM,Sunny Sweets & Fast Food,places,en,36,28.6457725,77.06497685,28.648159600000003,77.0651378,0,del,Delhi,2026-09-01T02:58:04.532151Z
ChIJtVuDZ3cFDTkRlFfZS7xSbOY,fast food,places,en,36,28.6457725,77.06497685,28.6481684,77.06513079999999,0,del,Delhi,2026-09-01T02:58:04.532158Z
ChIJ904KFxAFDTkR85TkToxRJYA,Shelby's kitchen,places,en,37,28.6423105,77.08316265,28.6420548,77.0834825,0,del,Delhi,2026-09-01T02:58:04.865522Z
ChIJIZ35Z6oFDTkRW-0LoqLT_tk,"Tadka Garam Restaurant - Vikaspuri, Delhi",places,en,37,28.6423105,77.08316265,28.6424663,77.0827893,0,del,Delhi,2026-09-01T02:58:04.865549Z
ChIJmfe6MwAFDTkR4O7kZzvjjh0,Mom's Magic,places,en,37,28.6423105,77.08316265,28.6437989,77.0830161,0,del,Delhi,2026-09-01T02:58:04.865557Z
ChIJXWEsAAAFDTkRFY_VoFpvq-Y,The Flavourful Pot,places,en,37,28.6423105,77.08316265,28.643880300000003,77.08276529999999,0,del,Delhi,2026-09-01T02:58:04.865563Z
ChIJd-e0AKsFDTkRWnIpY0CCMes,Aroma Bloom Eatery,places,en,37,28.6423105,77.08316265,28.641378,77.081403,0,del,Delhi,2026-09-01T02:58:04.865569Z
ChIJyyKP_8kFDTkRZDIpvjePQXQ,HindBhoj,places,en,37,28.6423105,77.08316265,28.6403091,77.0832069,0,del,Delhi,2026-09-01T02:58:04.865574Z
ChIJ-5OTPSMFDTkRQMeu7aNGDo0,Crave Meals,places,en,37,28.6423105,77.08316265,28.6402827,77.0829754,0,del,Delhi,2026-09-01T02:58:04.865580Z
ChIJUYD7eFwFDTkR_ZDbv7QzPOE,Kaoor Hotel,places,en,37,28.6423105,77.08316265,28.6444327,77.0832659,0,del,Delhi,2026-09-01T02:58:04.865585Z
ChIJ5Q6IZ-AFDTkRbf-xC4eYZZg,ram dav fast food,places,en,37,28.6423105,77.08316265,28.640397699999998,77.08195529999999,0,del,Delhi,2026-09-01T02:58:04.865590Z
ChIJOWvpzaUFDTkRECxrAZwgQ3U,Guru Kripa Rasoi,places,en,37,28.6423105,77.08316265,28.6437761,77.0812803,0,del,Delhi,2026-09-01T02:58:04.865595Z
ChIJx-LogpIEDTkR-pcpnOQ--PM,Sai Sweets and Caterers,places,en,37,28.6423105,77.08316265,28.6446594,77.0818501,0,del,Delhi,2026-09-01T02:58:04.865600Z
ChIJsT9rVwAFDTkRaNyoUxpAU0E,Apni rasoi,places,en,38,28.6347336,77.0512849,28.633881799999997,77.0517175,0,del,Delhi,2026-09-01T02:58:05.208209Z
ChIJXVAaw4YFDTkR8IWeyDzDotM,The Dosa Darling,places,en,38,28.6347336,77.0512849,28.6337896,77.0513544,0,del,Delhi,2026-09-01T02:58:05.208236Z
ChIJL0gjuesFDTkR5IIPf98IdIE,Bonlt Pizza Hub,places,en,38,28.6347336,77.0512849,28.6338874,77.0506358,0,del,Delhi,2026-09-01T02:58:05.208243Z
ChIJW9St-KoFDTkR9i9RKmmNef8,DA PIZZA GRAND,places,en,38,28.6347336,77.0512849,28.633922199999997,77.05055329999999,0,del,Delhi,2026-09-01T02:58:05.208248Z
ChIJrxV236kFDTkR2yVtjbcTCfQ,Rinku chowmin and momos,places,en,38,28.6347336,77.0512849,28.633892799999998,77.0503986,0,del,Delhi,2026-09-01T02:58:05.208256Z
ChIJkbKg0h4FDTkRyFRTBOaBg1o,Pizza yum,places,en,38,28.6347336,77.0512849,28.633802,77.0504471,0,del,Delhi,2026-09-01T02:58:05.208260Z
ChIJDdNHMBkFDTkRYvUgrrdLWvE,Infinity Bite,places,en,38,28.6347336,77.0512849,28.633912499999997,77.0501031,0,del,Delhi,2026-09-01T02:58:05.208264Z
ChIJz8EUerIFDTkR2LPQIbRW9o0,Momo Licious,places,en,38,28.6347336,77.0512849,28.6338974,77.0500816,0,del,Delhi,2026-09-01T02:58:05.208269Z
ChIJqx9OCwAFDTkRtRmjEXQKpRk,SwayamPaki,places,en,38,28.6347336,77.0512849,28.6335426,77.0503571,0,del,Delhi,2026-09-01T02:58:05.208273Z
ChIJY3spDHUFDTkRMmcdHwQMGMQ,CHEESY BITE,places,en,38,28.6347336,77.0512849,28.633915100000003,77.0498305,0,del,Delhi,2026-09-01T02:58:05.208277Z
ChIJ-bAeAQAFDTkRvxJWW759AWU,Siya Ram Hatti,places,en,38,28.6347336,77.0512849,28.6338652,77.05279,0,del,Delhi,2026-09-01T02:58:05.208281Z
ChIJKfu56y8FDTkRpEhPDUPq6NU,Mandoria,places,en,38,28.6347336,77.0512849,28.633806699999997,77.04972599999999,0,del,Delhi,2026-09-01T02:58:05.208285Z
ChIJ74_auloFDTkREJBqRexMc_s,Raju Fastfood,places,en,38,28.6347336,77.0512849,28.633904599999997,77.0496417,0,del,Delhi,2026-09-01T02:58:05.208289Z
ChIJrVaoY60FDTkRJ4y628NDu3o,Md Kaif Ansari,places,en,38,28.6347336,77.0512849,28.6338042,77.0496546,0,del,Delhi,2026-09-01T02:58:05.208294Z
ChIJ9axcF4cFDTkR63TePND9JeA,The hunger point,places,en,38,28.6347336,77.0512849,28.6366655,77.0516693,0,del,Delhi,2026-09-01T02:58:05.208298Z
ChIJ_0lQ6JwFDTkRsRyNhVEs-_s,Dinesh Egg,places,en,38,28.6347336,77.0512849,28.632903499999998,77.0528124,0,del,Delhi,2026-09-01T02:58:05.208302Z
ChIJiX-iPBkFDTkRJ56q41dMQ1E,Uttaranchal Hotel,places,en,38,28.6347336,77.0512849,28.6339452,77.0488045,0,del,Delhi,2026-09-01T02:58:05.208307Z
ChIJDWfm-D8FDTkRnnZfYXsf5dg,Radhe Radhe Shop,places,en,38,28.6347336,77.0512849,28.633813099999998,77.0487157,0,del,Delhi,2026-09-01T02:58:05.208311Z
ChIJSR3fJBkFDTkRAAAAcAV_sgc,Bonlt Pizza Hub,places,en,38,28.6347336,77.0512849,28.635345299999997,77.0485506,0,del,Delhi,2026-09-01T02:58:05.208315Z
ChIJEXMcDjUFDTkR1fwGcuO9ocM,Ansh election,places,en,38,28.6347336,77.0512849,28.6355391,77.0539987,0,del,Delhi,2026-09-01T02:58:05.208319Z
ChIJj0jMMQAFDTkR5TaP67vkb9E,Lokesh ke Momos,places,en,39,28.60607465,77.00927985,28.605950500000002,77.01222589999999,0,del,Delhi,2026-09-01T02:58:05.586309Z
ChIJWYX2cIsbDTkRZ5B40SbISaY,Yash House Hold Product,places,en,40,28.602853349999997,77.03126499999999,28.6020017,77.03078719999999,0,del,Delhi,2026-09-01T02:58:05.933332Z
ChIJm7HDvmwbDTkR43bixHZjnpo,Gaurangi's Food,places,en,40,28.602853349999997,77.03126499999999,28.604050599999997,77.03232349999999,0,del,Delhi,2026-09-01T02:58:05.933367Z
ChIJM-5AKVwbDTkRzxlD6iTgtgk,Hyshake,places,en,40,28.602853349999997,77.03126499999999,28.6020003,77.0297647,0,del,Delhi,2026-09-01T02:58:05.933377Z
ChIJRWmE6H0bDTkRiib3n4Pf9k8,The Beer Café,places,en,40,28.602853349999997,77.03126499999999,28.6012627,77.0305285,0,del,Delhi,2026-09-01T02:58:05.933386Z
ChIJw1dJsU4bDTkRjT49Nwnc4QI,"McDonald's - Dwarka Sector 14, Delhi",places,en,40,28.602853349999997,77.03126499999999,28.601462899999998,77.03010580000002,0,del,Delhi,2026-09-01T02:58:05.933394Z
ChIJCduhcFwbDTkRAIB7Wj4AGQs,U Like Fast Food,places,en,40,28.602853349999997,77.03126499999999,28.6046032,77.03110819999999,0,del,Delhi,2026-09-01T02:58:05.933400Z
ChIJb4LUsE0bDTkRxKFlIlmWBd8,Basil,places,en,40,28.602853349999997,77.03126499999999,28.6012316,77.03040399999999,0,del,Delhi,2026-09-01T02:58:05.933407Z
ChIJwf37BIYbDTkRd-SU4NxITgg,Burger King,places,en,40,28.602853349999997,77.03126499999999,28.6012316,77.03040399999999,0,del,Delhi,2026-09-01T02:58:05.933414Z
ChIJd4L_qD4bDTkR13zvp-ceBDc,Vasu Gupta,places,en,40,28.602853349999997,77.03126499999999,28.6039157,77.0329541,0,del,Delhi,2026-09-01T02:58:05.933421Z
ChIJH2wRensbDTkRlnAh6rhvt6Q,YouMee Vegas Mall,places,en,40,28.602853349999997,77.03126499999999,28.6012511,77.0302578,0,del,Delhi,2026-09-01T02:58:05.933428Z
ChIJoaMwxbQaDTkRBuEa23O-Agg,Reliable Fast Food,places,en,40,28.602853349999997,77.03126499999999,28.601802199999998,77.0293492,0,del,Delhi,2026-09-01T02:58:05.933435Z
ChIJK5ScP10bDTkRXcKRFiWFnms,Tim Hortons,places,en,40,28.602853349999997,77.03126499999999,28.601387499999998,77.0295805,0,del,Delhi,2026-09-01T02:58:05.933443Z
ChIJozCjhtkbDTkRKJ-qsyFQz7w,Dwarka SOCIAL,places,en,40,28.602853349999997,77.03126499999999,28.601657099999997,77.02929999999999,0,del,Delhi,2026-09-01T02:58:05.933450Z
ChIJS-BRgRAbDTkRup6K6LTBkPM,Govardhan Malai Chap,places,en,40,28.602853349999997,77.03126499999999,28.6041049,77.0332434,0,del,Delhi,2026-09-01T02:58:05.933457Z
ChIJCRbUeOsbDTkRPnn4_FnrQWY,Chandigarh shahi chicken soup,places,en,40,28.602853349999997,77.03126499999999,28.6041049,77.0332434,0,del,Delhi,2026-09-01T02:58:05.933463Z
ChIJ-1MaclIbDTkRfMbcM2UW-hE,THIRSTY ON WHEEL,places,en,41,28.6038612,77.03524445,28.605149500000003,77.0351598,0,del,Delhi,2026-09-01T02:58:06.279633Z
ChIJT2DvaOkbDTkRGbyWMsrwQHU,Bangaliyan Caterers,places,en,41,28.6038612,77.03524445,28.6040572,77.036748,0,del,Delhi,2026-09-01T02:58:06.279662Z
ChIJE10gRbJHdjkRK3E_ahOWKLM,Shree shyam family restaurant & cafe,places,en,41,28.6038612,77.03524445,28.604183799999998,77.0368797,0,del,Delhi,2026-09-01T02:58:06.279671Z
ChIJU9aqUQgbDTkRzMFmhbYjpkI,Swami Shakti Sagar,places,en,41,28.6038612,77.03524445,28.6045171,77.0370061,0,del,Delhi,2026-09-01T02:58:06.279680Z
ChIJ5d97ysoaDTkRAAAA0DdckjM,Punjabi tandoori junction,places,en,41,28.6038612,77.03524445,28.605622399999998,77.03488,0,del,Delhi,2026-09-01T02:58:06.279689Z
ChIJJXWYYgAbDTkRUPv2XF9caP4,OG MOMO_2025,places,en,41,28.6038612,77.03524445,28.6043237,77.03314060000001,0,del,Delhi,2026-09-01T02:58:06.279697Z
ChIJu-I1rp4bDTkRgJHxChbiIM8,VB Enterprises,places,en,41,28.6038612,77.03524445,28.6058219,77.0351448,0,del,Delhi,2026-09-01T02:58:06.279704Z
ChIJ70qeTQAbDTkRhe_Hk0jQhSU,Buggu Cafe,places,en,41,28.6038612,77.03524445,28.604454999999998,77.037375,0,del,Delhi,2026-09-01T02:58:06.279711Z
ChIJb3PcGuQbDTkRnrjEazseOTY,Swami Dosa Corner,places,en,41,28.6038612,77.03524445,28.604374999999997,77.0329864,0,del,Delhi,2026-09-01T02:58:06.279719Z
ChIJWUxIxnEFDTkRuJ_i6WX9Yzs,Street food joint,places,en,41,28.6038612,77.03524445,28.6059371,77.0347488,0,del,Delhi,2026-09-01T02:58:06.279726Z
ChIJZxLtmsUFDTkRhuaYUWbT1h4,DWARKA FOOD FACTORY,places,en,41,28.6038612,77.03524445,28.606419499999998,77.0351179,0,del,Delhi,2026-09-01T02:58:06.279734Z
ChIJ1W34QSsbDTkRj-CTpFGHgf0,Durga Tiffin service,places,en,42,28.60469465,77.07921619999999,28.6045718,77.0802427,0,del,Delhi,2026-09-01T02:58:06.696514Z
ChIJB6xQIgAbDTkRu_EJYZ4QKWo,Pappu sweets and caterers,places,en,42,28.60469465,77.07921619999999,28.603673399999998,77.07876379999999,0,del,Delhi,2026-09-01T02:58:06.696546Z
ChIJgZ6zqo4bDTkRipGaeiV0IT8,Samosa and fast food corner,places,en,42,28.60469465,77.07921619999999,28.605835,77.0792249,0,del,Delhi,2026-09-01T02:58:06.696558Z
ChIJa1m6X5UbDTkRjKK3Y8fmuGQ,Sharma Sweets,places,en,42,28.60469465,77.07921619999999,28.6059038,77.0790371,0,del,Delhi,2026-09-01T02:58:06.696566Z
ChIJ_Z8jqwkbDTkRZ333amlF_hc,RAM SHAKAL,places,en,42,28.60469465,77.07921619999999,28.6035497,77.0787555,0,del,Delhi,2026-09-01T02:58:06.696573Z
ChIJv4qWdmIbDTkRo1usdgnNbp0,Birbal Chaatwala,places,en,42,28.60469465,77.07921619999999,28.6059359,77.078628,0,del,Delhi,2026-09-01T02:58:06.696580Z
ChIJUxhTpqUbDTkRCJJK21NpqAw,ANSHIKA TIFFIN SERVICE,places,en,42,28.60469465,77.07921619999999,28.6050358,77.07773639999999,0,del,Delhi,2026-09-01T02:58:06.696588Z
ChIJz8BALcwbDTkRJbdmPDN15os,Pizza Place,places,en,42,28.60469465,77.07921619999999,28.605278799999997,77.0806293,0,del,Delhi,2026-09-01T02:58:06.696594Z
ChIJoTEPX7AbDTkRDrJIB8SDEoU,Suraj Pal Chole Kulche,places,en,42,28.60469465,77.07921619999999,28.6034509,77.07851169999999,0,del,Delhi,2026-09-01T02:58:06.696601Z
ChIJ5_aiMvEbDTkRUFM45bcgJPA,Krishna Shop,places,en,42,28.60469465,77.07921619999999,28.603312799999998,77.0794344,0,del,Delhi,2026-09-01T02:58:06.696608Z
ChIJU6UmDYobDTkR1bfLZoSJ_Bw,Pizza kannect,places,en,42,28.60469465,77.07921619999999,28.6059299,77.0803681,0,del,Delhi,2026-09-01T02:58:06.696615Z
ChIJmeNJE0obDTkRAAAA0BNaTTk,Bharat Fast Food,places,en,42,28.60469465,77.07921619999999,28.605919099999998,77.0804354,0,del,Delhi,2026-09-01T02:58:06.696622Z
ChIJa37VDEobDTkRsIhIWlmj_GI,Delhi Restaurant,places,en,42,28.60469465,77.07921619999999,28.6061339,77.0800916,0,del,Delhi,2026-09-01T02:58:06.696629Z
ChIJexRMNgAbDTkRe1m4_JxQRik,Puppi burger,places,en,42,28.60469465,77.07921619999999,28.6032168,77.0783447,0,del,Delhi,2026-09-01T02:58:06.696636Z
ChIJMSxYp8kbDTkRq2o3nR41vVU,Do Tabel Talks,places,en,42,28.60469465,77.07921619999999,28.605981999999997,77.080674,0,del,Delhi,2026-09-01T02:58:06.696642Z
ChIJEyvPerobDTkRQAC8tbK9yIM,GK NUTRI KULCHA POINT,places,en,42,28.60469465,77.07921619999999,28.6059305,77.08074529999999,0,del,Delhi,2026-09-01T02:58:06.696649Z
ChIJP48wYLgbDTkRaz1ST9h3iw4,DO TABLE TALKS,places,en,42,28.60469465,77.07921619999999,28.6029993,77.07834679999999,0,del,Delhi,2026-09-01T02:58:06.696656Z
ChIJ_ck0g7wbDTkRSY5_Vbn7B0M,Andy Rasoi,places,en,42,28.60469465,77.07921619999999,28.605611399999997,77.0811148,0,del,Delhi,2026-09-01T02:58:06.696663Z
ChIJz1IAAwAbDTkRcjMMRugeIE0,Puran ka Dhaba,places,en,42,28.60469465,77.07921619999999,28.605713,77.0811463,0,del,Delhi,2026-09-01T02:58:06.696669Z
ChIJ9yjXDGQbDTkRJY_AnbgwCLU,Shree Balaji corner,places,en,42,28.60469465,77.07921619999999,28.6055408,77.0812788,0,del,Delhi,2026-09-01T02:58:06.696676Z
ChIJ4QBZvNIEDTkRpbhzY0xslwY,Bunty Meat Wala,places,en,44,28.6101005,77.06695210000001,28.610104,77.06707639999999,0,del,Delhi,2026-09-01T02:58:07.353555Z
ChIJ2SMvlNIEDTkRGDMM6PhBEs0,Momos,places,en,44,28.6101005,77.06695210000001,28.6102547,77.0668051,0,del,Delhi,2026-09-01T02:58:07.353580Z
ChIJnfE5KLoFDTkRCwx1uVUglJA,Urbana Burger Kitchen,places,en,44,28.6101005,77.06695210000001,28.60991,77.0662296,0,del,Delhi,2026-09-01T02:58:07.353586Z
ChIJBW6LGowFDTkRZ7FaRo1NYcE,The Home Flavour,places,en,44,28.6101005,77.06695210000001,28.610628400000003,77.0663114,0,del,Delhi,2026-09-01T02:58:07.353611Z
ChIJqVaZoNIEDTkRCtOK7bqW6rA,Chatkaara Point,places,en,44,28.6101005,77.06695210000001,28.61021,77.06793499999999,0,del,Delhi,2026-09-01T02:58:07.353616Z
ChIJbai7p0YbDTkRaL82UO6auyA,NAAN HI NAAN,places,en,44,28.6101005,77.06695210000001,28.609662099999998,77.0658941,0,del,Delhi,2026-09-01T02:58:07.353621Z
ChIJ44L-lkMFDTkRFaRxwe3bzM0,Nikhil Kumar,places,en,44,28.6101005,77.06695210000001,28.6097307,77.065692,0,del,Delhi,2026-09-01T02:58:07.353625Z
ChIJg7Yamp0FDTkRWbB98xtWRfs,Pizza Box,places,en,44,28.6101005,77.06695210000001,28.609372200000003,77.0657268,0,del,Delhi,2026-09-01T02:58:07.353629Z
ChIJ7-N7WBQFDTkRlmzkpDlSLzM,Manish Bernwal,places,en,44,28.6101005,77.06695210000001,28.6102898,77.0651851,0,del,Delhi,2026-09-01T02:58:07.353634Z
ChIJ4dyyBAAFDTkR-6sQgYZ1nTg,Amar paratha house,places,en,44,28.6101005,77.06695210000001,28.6116024,77.0677582,0,del,Delhi,2026-09-01T02:58:07.353638Z
ChIJo1yeWwAFDTkR55jm7WoGyvc,KUKU KITCHEN,places,en,44,28.6101005,77.06695210000001,28.610695500000002,77.0687396,0,del,Delhi,2026-09-01T02:58:07.353642Z
ChIJR2yNaM0EDTkRNVanbcK7s60,Barat Ghar,places,en,44,28.6101005,77.06695210000001,28.6107566,77.0687609,0,del,Delhi,2026-09-01T02:58:07.353646Z
ChIJCQxVrGUFDTkRGi26tGse9fU,PATI RAM,places,en,44,28.6101005,77.06695210000001,28.6096175,77.0650594,0,del,Delhi,2026-09-01T02:58:07.353650Z
ChIJpbnEXhgFDTkR9Y0buIo3eOU,CHINESE HUT,places,en,44,28.6101005,77.06695210000001,28.6084155,77.0674734,0,del,Delhi,2026-09-01T02:58:07.353655Z
ChIJPVvSEi4FDTkRrA5ymC_mXjE,Newpunjabizaika,places,en,44,28.6101005,77.06695210000001,28.6096278,77.0649474,0,del,Delhi,2026-09-01T02:58:07.353659Z
ChIJxYHZPJ0bDTkRRnsY-fE_e8A,RD FOOD POINT,places,en,44,28.6101005,77.06695210000001,28.6094841,77.064818,0,del,Delhi,2026-09-01T02:58:07.353663Z
ChIJ28_kpQAFDTkRKDWQyVKl_QU,LAVANYA PIZZA,places,en,44,28.6101005,77.06695210000001,28.609462699999998,77.06474229999999,0,del,Delhi,2026-09-01T02:58:07.353667Z
ChIJHUkg4yMFDTkRHnSNKPS-XBY,Babita Shop,places,en,44,28.6101005,77.06695210000001,28.6094631,77.0647168,0,del,Delhi,2026-09-01T02:58:07.353671Z
ChIJN1ddGwAFDTkRxuOr6BJBlI4,Khichdi and Rice meal,places,en,44,28.6101005,77.06695210000001,28.611589,77.06864610000001,0,del,Delhi,2026-09-01T02:58:07.353675Z
ChIJIUmKCgobDTkR6gWFXyFXAMs,APNE GHAR KI RASOI,places,en,44,28.6101005,77.06695210000001,28.6078187,77.0664417,0,del,Delhi,2026-09-01T02:58:07.353679Z
ChIJI9JwQgAbDTkRkgEB146SD8g,Crazy dragon,places,en,45,28.5889087,77.07111175,28.5888629,77.0715238,0,del,Delhi,2026-09-01T02:58:07.778438Z
ChIJBRrck_8bDTkRxB6NLnzjl_8,Chole Bhature,places,en,45,28.5889087,77.07111175,28.5888629,77.0715238,0,del,Delhi,2026-09-01T02:58:07.778469Z
ChIJt99fNZobDTkReeUl-tkOCMw,Tehelka Bhai Cafe,places,en,45,28.5889087,77.07111175,28.5886307,77.0715069,0,del,Delhi,2026-09-01T02:58:07.778479Z
ChIJlXV3rPIbDTkRR9oSzopghU0,U & Me cafe,places,en,45,28.5889087,77.07111175,28.5886295,77.0715068,0,del,Delhi,2026-09-01T02:58:07.778487Z
ChIJXek-WVwbDTkR5U4yl23Vuxs,Madhuraj the spicy pearl ( chinese king),places,en,45,28.5889087,77.07111175,28.5892737,77.0715329,0,del,Delhi,2026-09-01T02:58:07.778494Z
ChIJo8kbbE0bDTkRVnDOucsdzfo,Moja Pizza - 2X Toppings,places,en,45,28.5889087,77.07111175,28.5888,77.07169999999999,0,del,Delhi,2026-09-01T02:58:07.778501Z
ChIJ71W8R6sbDTkR0uIzSol99b8,BOX8 - India's Largest Desi Meals Brand,places,en,45,28.5889087,77.07111175,28.5887978,77.07175749999999,0,del,Delhi,2026-09-01T02:58:07.778509Z
ChIJcTQNXfobDTkRGjf6BQlW2AA,Sheikh Chang Singh,places,en,45,28.5889087,77.07111175,28.589030599999997,77.071769,0,del,Delhi,2026-09-01T02:58:07.778516Z
ChIJfZzAegcbDTkRBvQfp_cI4i0,Foodoso,places,en,45,28.5889087,77.07111175,28.5891816,77.071776,0,del,Delhi,2026-09-01T02:58:07.778523Z
ChIJ666-GQ0bDTkR5Ij9TwScBgQ,Jungle hut,places,en,45,28.5889087,77.07111175,28.5891816,77.071776,0,del,Delhi,2026-09-01T02:58:07.778530Z
ChIJp-VKIQAFDTkRbhiErwgpLD4,Delicious Pizza Pure Veg,places,en,45,28.5889087,77.07111175,28.5891816,77.071776,0,del,Delhi,2026-09-01T02:58:07.778537Z
ChIJL-Qlt7cbDTkRgw3wSPuV5VI,Biryani Junction,places,en,45,28.5889087,77.07111175,28.58851,77.0717434,0,del,Delhi,2026-09-01T02:58:07.778543Z
ChIJ8Vfx0qsbDTkRK7SKytdC7w8,STANDARD SHOP MEAT/CHICKEN,places,en,45,28.5889087,77.07111175,28.5884699,77.0717414,0,del,Delhi,2026-09-01T02:58:07.778550Z
ChIJ6QeJNQAbDTkRyTkPZI98QD4,Gupta Burger Center,places,en,45,28.5889087,77.07111175,28.5882196,77.0714464,0,del,Delhi,2026-09-01T02:58:07.778557Z
ChIJw5VOGU4bDTkRaisaS3hKQFE,DFC FOOD CORNER,places,en,45,28.5889087,77.07111175,28.5895004,77.0717911,0,del,Delhi,2026-09-01T02:58:07.778570Z
ChIJ2zmFo3YbDTkRKyINHQ9wrpw,The Taste Of Amritsar - Dwarka Sector 7,places,en,45,28.5889087,77.07111175,28.588268,77.07169449999999,0,del,Delhi,2026-09-01T02:58:07.778577Z
ChIJGcz-vaAbDTkRX9UNDcFcLrE,Fast Food,places,en,45,28.5889087,77.07111175,28.589697599999997,77.07153629999999,0,del,Delhi,2026-09-01T02:58:07.778584Z
ChIJ2coteRYbDTkRGv-1NCKfUu0,Dargiling Fast Food,places,en,45,28.5889087,77.07111175,28.5882999,77.0719038,0,del,Delhi,2026-09-01T02:58:07.778590Z
ChIJoYrZixYbDTkRZQKFzrIMo30,BAFEL Residency,places,en,45,28.5889087,77.07111175,28.588092,77.070623,0,del,Delhi,2026-09-01T02:58:07.778597Z
ChIJ56O8oLkbDTkRqVYCyurmFBY,Mak's Pizzeria,places,en,45,28.5889087,77.07111175,28.588288799999997,77.0719568,0,del,Delhi,2026-09-01T02:58:07.778604Z
ChIJi4aYT9EbDTkRUzhdNTsdy3w,Momos Hi Momos,places,en,46,28.5935969,77.08308785,28.593706299999997,77.0833344,0,del,Delhi,2026-09-01T02:58:08.199334Z
ChIJSdhSlPYbDTkRMiJhCnGVS8s,Food Shala Restaurant | Multi Cuisine Restaurant | North India | Chinese Restaurant in Dwarka,places,en,46,28.5935969,77.08308785,28.5936302,77.0828032,0,del,Delhi,2026-09-01T02:58:08.199365Z
ChIJM-xlPOwbDTkRrTaKlYatixw,Zaika Food Cafe,places,en,46,28.5935969,77.08308785,28.5937403,77.0834994,0,del,Delhi,2026-09-01T02:58:08.199376Z
ChIJ6cTJ_RQbDTkRmj1yp759GhU,☪️Sunny sharma ki lugai Gunjan sharma ka ghar aur Asha Rani kirtan Vali. यहां पर सीवर और नालिया साफ की जाती है,places,en,46,28.5935969,77.08308785,28.5937,77.0835365,0,del,Delhi,2026-09-01T02:58:08.199384Z
ChIJl8-O9EUbDTkRDoGjWroLQWg,Anorah's Kitchen,places,en,46,28.5935969,77.08308785,28.5936439,77.0825582,0,del,Delhi,2026-09-01T02:58:08.199391Z
ChIJiyLd8McbDTkRnpLA7d9iYL0,PUNJABI RASOI,places,en,46,28.5935969,77.08308785,28.5936804,77.08362799999999,0,del,Delhi,2026-09-01T02:58:08.199399Z
ChIJu2YKrxEbDTkRGI1HmtmdN9Y,The Goodness Blend,places,en,46,28.5935969,77.08308785,28.5934155,77.0825665,0,del,Delhi,2026-09-01T02:58:08.199406Z
ChIJp3dxvH0bDTkR9vkA4FMd__0,Jai Guru Ji,places,en,46,28.5935969,77.08308785,28.5929778,77.0825153,0,del,Delhi,2026-09-01T02:58:08.199413Z
ChIJVY7hKskbDTkRmqDXVeujpjk,RAVI KUMAR,places,en,46,28.5935969,77.08308785,28.594006399999998,77.0821386,0,del,Delhi,2026-09-01T02:58:08.199419Z
ChIJd0CwMGobDTkR8syVxcW9cYM,"Chinese Hut - Little Kolkata Cuisine, Best North East Momo, Chowmein, Thupka, Noodles Soup, Lollipops, Fast Food In Dwarka",places,en,46,28.5935969,77.08308785,28.594186099999998,77.08207089999999,0,del,Delhi,2026-09-01T02:58:08.199426Z
ChIJe2jxISobDTkRPWZNEAkOH1M,Bharat Cafe,places,en,46,28.5935969,77.08308785,28.593082799999998,77.081873,0,del,Delhi,2026-09-01T02:58:08.199433Z
ChIJd4h8gFIbDTkRieBkFaKJ10Q,Bertie Botts,places,en,46,28.5935969,77.08308785,28.593634299999998,77.08172239999999,0,del,Delhi,2026-09-01T02:58:08.199440Z
ChIJiQ61XMQbDTkRwoZNOj5Ifkc,Annapurna Rasoi,places,en,46,28.5935969,77.08308785,28.5936423,77.08165939999999,0,del,Delhi,2026-09-01T02:58:08.199446Z
ChIJxfDYcosbDTkRHZ5LnKB2g-k,SAABH'S PIZZA,places,en,46,28.5935969,77.08308785,28.592963299999997,77.0817934,0,del,Delhi,2026-09-01T02:58:08.199454Z
ChIJlYZDgAobDTkR8Z1Y9KvkorI,GUDIYA TRADERS,places,en,46,28.5935969,77.08308785,28.5948724,77.0821555,0,del,Delhi,2026-09-01T02:58:08.199461Z
ChIJcdlxRz4bDTkRt9-E7Q4njPo,Anna's South Indian Café,places,en,46,28.5935969,77.08308785,28.5948586,77.0821309,0,del,Delhi,2026-09-01T02:58:08.199468Z
ChIJU2ckKBUbDTkRob6B3KhINKw,Welcome To Himaliya Cafe,places,en,46,28.5935969,77.08308785,28.594946000000004,77.08225999999999,0,del,Delhi,2026-09-01T02:58:08.199474Z
ChIJXRn9tyUbDTkRlVHN3u4Ob4c,Sunil Vegetable,places,en,46,28.5935969,77.08308785,28.5949836,77.0821565,0,del,Delhi,2026-09-01T02:58:08.199481Z
ChIJTZz1NEcbDTkRS3HOSv55qss,Tiffin Service in Dwarka,places,en,46,28.5935969,77.08308785,28.5934636,77.0811506,0,del,Delhi,2026-09-01T02:58:08.199488Z
ChIJu1bDgoobDTkRTfeweSoZLcw,Hashtag Kitchen,places,en,46,28.5935969,77.08308785,28.5932141,77.0850214,0,del,Delhi,2026-09-01T02:58:08.199495Z
ChIJD-VA0owQDTkRBu7haMk_GGU,AK FAST FOOD,places,en,48,28.54713245,76.9847937,28.5474103,76.9876081,0,del,Delhi,2026-09-01T02:58:08.846683Z
ChIJBe41PU8bDTkRNilWxOBpY5w,Rollx Dwarka,places,en,56,28.5870152,77.03091425,28.587038000000003,77.03208,0,del,Delhi,2026-09-01T02:58:11.534000Z
ChIJ____TxYbDTkRw9fY9IrHckE,WFO's Pizza,places,en,56,28.5870152,77.03091425,28.5870183,77.0321668,0,del,Delhi,2026-09-01T02:58:11.534030Z
ChIJm9DkYQAbDTkRoOTUNPR7JGA,Apni Yaari,places,en,56,28.5870152,77.03091425,28.586889,77.03218300000002,0,del,Delhi,2026-09-01T02:58:11.534040Z
ChIJHcgJfAAbDTkRf1hNJb3HVms,Tifani Momos,places,en,56,28.5870152,77.03091425,28.586839299999998,77.03229859999999,0,del,Delhi,2026-09-01T02:58:11.534048Z
ChIJpWxJS4wbDTkR8ErpZ14jQD8,Kitchen Delicious Point,places,en,56,28.5870152,77.03091425,28.586887899999997,77.03237109999999,0,del,Delhi,2026-09-01T02:58:11.534055Z
ChIJdXs8AncbDTkR0yP4F8Aibmc,Kapital Kitchen,places,en,56,28.5870152,77.03091425,28.5867337,77.03244889999999,0,del,Delhi,2026-09-01T02:58:11.534062Z
ChIJD3grClIbDTkRfmJ-26Ba0Oo,DWARKA FAST FOOD,places,en,56,28.5870152,77.03091425,28.5883926,77.0307693,0,del,Delhi,2026-09-01T02:58:11.534069Z
ChIJzY8LLywbDTkRs3dOfc8SPTc,Lhakpa Momo,places,en,56,28.5870152,77.03091425,28.5868997,77.03254629999999,0,del,Delhi,2026-09-01T02:58:11.534076Z
ChIJQVNIaQgbDTkRQBDWMXf_m3E,Unbound Cafe,places,en,56,28.5870152,77.03091425,28.5889277,77.0300293,0,del,Delhi,2026-09-01T02:58:11.534083Z
ChIJwZayHXgbDTkRqLs6qX6vYeM,Forest House Cafe,places,en,56,28.5870152,77.03091425,28.5895901,77.0310121,0,del,Delhi,2026-09-01T02:58:11.534090Z
ChIJe7AWnN0bDTkRdaLZeP_ybAQ,Thapa fast food,places,en,56,28.5870152,77.03091425,28.586464199999998,77.0338632,0,del,Delhi,2026-09-01T02:58:11.534097Z
ChIJFwkqYsYFDTkRFyOktiNEDYk,The Pizza Hub,places,en,57,28.607103,77.02438455,28.6067668,77.0246312,0,del,Delhi,2026-09-01T02:58:11.960389Z
ChIJMU72MgAFDTkR4jwtCBU7SQo,Sudarshan Pizza Cafe,places,en,57,28.607103,77.02438455,28.607500299999998,77.0246097,0,del,Delhi,2026-09-01T02:58:11.960420Z
ChIJd9iJF00FDTkRTH0VuYGG9Kw,"Dheeraj Jhatka Meat Shop (Chicken,Mutton & Fish Shop",places,en,57,28.607103,77.02438455,28.606374199999998,77.0239923,0,del,Delhi,2026-09-01T02:58:11.960428Z
ChIJ0fh9fKQFDTkRodd9t5HSt8g,Veg God Dot Com,places,en,57,28.607103,77.02438455,28.606285699999997,77.0243289,0,del,Delhi,2026-09-01T02:58:11.960433Z
ChIJBVt7EFIFDTkRzo4KRSF8bi8,Pinki Chhole Kulchhi,places,en,57,28.607103,77.02438455,28.6081402,77.0241152,0,del,Delhi,2026-09-01T02:58:11.960439Z
ChIJTQgHJAsFDTkRZrLfcpXFPqM,Madras Biryani Cafe,places,en,57,28.607103,77.02438455,28.607011300000003,77.0229854,0,del,Delhi,2026-09-01T02:58:11.960444Z
ChIJT62jtSEFDTkRBG8BFEZ-keI,Shreshth Dhaba,places,en,57,28.607103,77.02438455,28.6062777,77.025526,0,del,Delhi,2026-09-01T02:58:11.960450Z
ChIJSyo8FFEFDTkRoP8otEo5Zrc,Prabhat Kumar Pizza,places,en,57,28.607103,77.02438455,28.6085019,77.0245973,0,del,Delhi,2026-09-01T02:58:11.960455Z
ChIJE2U9bwAFDTkRondWJCOWcR8,Real food,places,en,57,28.607103,77.02438455,28.608417099999997,77.0235758,0,del,Delhi,2026-09-01T02:58:11.960461Z
ChIJyw0BRwAFDTkRPk6S-52nc_g,Mansuri Dhaba,places,en,57,28.607103,77.02438455,28.608401299999997,77.02578419999999,0,del,Delhi,2026-09-01T02:58:11.960466Z
ChIJzzKz7u8FDTkR5sa8B26WQVo,Karim Darbaar Chicken Biryani,places,en,57,28.607103,77.02438455,28.6082874,77.0259298,0,del,Delhi,2026-09-01T02:58:11.960471Z
ChIJdxhBtU0FDTkRrBgHD2hzG_w,Lakshmi Sweets House,places,en,57,28.607103,77.02438455,28.609068800000003,77.0247303,0,del,Delhi,2026-09-01T02:58:11.960476Z
ChIJlcwUZ0wFDTkRdgFqio-xq0E,Food Point,places,en,57,28.607103,77.02438455,28.608313,77.0263117,0,del,Delhi,2026-09-01T02:58:11.960481Z
ChIJQQM9BQAFDTkR17Hzu4leZdU,Chinese Expo,places,en,57,28.607103,77.02438455,28.6091883,77.0247653,0,del,Delhi,2026-09-01T02:58:11.960486Z
ChIJ9_DVFYUFDTkRKfual04MMos,Rahul Momos Corner,places,en,57,28.607103,77.02438455,28.609277499999997,77.0246774,0,del,Delhi,2026-09-01T02:58:11.960491Z
ChIJVQ9-Z3IFDTkR-1rrmcKs-ww,AR FOODO MANIA,places,en,57,28.607103,77.02438455,28.606268399999998,77.02672059999999,0,del,Delhi,2026-09-01T02:58:11.960496Z
ChIJ79Io1bIaDTkR1f7JGjOmaBs,Shama Biryani,places,en,57,28.607103,77.02438455,28.604801700000003,77.0246653,0,del,Delhi,2026-09-01T02:58:11.960501Z
ChIJ1bKc378bDTkR1w0qbirdBvI,Desi Green Hut,places,en,57,28.607103,77.02438455,28.6047974,77.02465029999999,0,del,Delhi,2026-09-01T02:58:11.960506Z
ChIJY15qVqwaDTkRAAAA0I5NCAE,Om Chaap Corner,places,en,57,28.607103,77.02438455,28.604792699999997,77.0241549,0,del,Delhi,2026-09-01T02:58:11.960511Z
ChIJi0ke_q8bDTkRqINw8oyB2HM,Alok Verma Dhaba,places,en,57,28.607103,77.02438455,28.604709999999997,77.0241454,0,del,Delhi,2026-09-01T02:58:11.960516Z
ChIJGZbdtD8FDTkR9v307Ro4Lrc,Abhi ki Rasoi,places,en,58,28.60866425,77.02579134999999,28.607620999999998,77.027281,0,del,Delhi,2026-09-01T02:58:12.396627Z
ChIJe_9mDT8FDTkR6QcakmWERHc,Aggarwal Dahi Sholey (Dwarka),places,en,58,28.60866425,77.02579134999999,28.6096719,77.0242427,0,del,Delhi,2026-09-01T02:58:12.396658Z
ChIJadEVgk4FDTkRDilNA8-huyI,City Food,places,en,58,28.60866425,77.02579134999999,28.610705,77.0252259,0,del,Delhi,2026-09-01T02:58:12.396667Z
ChIJfQ67yDsFDTkRkCOEJFNbKoo,Kavya Tiffin Service,places,en,58,28.60866425,77.02579134999999,28.607777199999997,77.02810439999999,0,del,Delhi,2026-09-01T02:58:12.396674Z
ChIJm1KPVdYFDTkR0skr4MwwlB8,Poonam ki Rasoi,places,en,58,28.60866425,77.02579134999999,28.6103831,77.0241271,0,del,Delhi,2026-09-01T02:58:12.396680Z
ChIJBaZ-rQoFDTkRzGd4elXPQJE,Mithila ki rasoi and tiffin service,places,en,58,28.60866425,77.02579134999999,28.610781600000003,77.02705279999999,0,del,Delhi,2026-09-01T02:58:12.396687Z
ChIJ5WTESQAFDTkRHGDCZGVAUqA,Ram ji chole bhature,places,en,58,28.60866425,77.02579134999999,28.6092219,77.02853879999999,0,del,Delhi,2026-09-01T02:58:12.396692Z
ChIJ0VS_bfwFDTkRtvBGlSfnE1Q,Sukhveer Pig Meet Shop,places,en,59,28.6095625,77.0638045,28.6092372,77.0638331,0,del,Delhi,2026-09-01T02:58:12.730748Z
ChIJeQ3Oh5cFDTkRD52BFxt_IfM,Sarang Pizza,places,en,59,28.6095625,77.0638045,28.609297899999998,77.06404650000002,0,del,Delhi,2026-09-01T02:58:12.730772Z
ChIJ2Ty2MNMEDTkRxePlARRZWp8,SITA RAM VAISHNO BHOJNALAYA,places,en,59,28.6095625,77.0638045,28.609291,77.06403999999999,0,del,Delhi,2026-09-01T02:58:12.730777Z
ChIJ8bZ9HygFDTkRWA3lRdDWi5Y,SARANG BAKERY AND CONFECTIONERY,places,en,59,28.6095625,77.0638045,28.6092992,77.0640518,0,del,Delhi,2026-09-01T02:58:12.730782Z
ChIJHenWRykFDTkR7LRN82L8e14,Amritsari Dabha,places,en,59,28.6095625,77.0638045,28.6090603,77.0642065,0,del,Delhi,2026-09-01T02:58:12.730785Z
ChIJS5q0kQAFDTkR20eq8-NKas4,Monika Devi,places,en,59,28.6095625,77.0638045,28.6102022,77.0641624,0,del,Delhi,2026-09-01T02:58:12.730789Z
ChIJbfAnRAAFDTkRB8KysAfEqkM,"Domino's pizza | Bindapur, Dwarka",places,en,59,28.6095625,77.0638045,28.6090585,77.064538,0,del,Delhi,2026-09-01T02:58:12.730809Z
ChIJqZeRfgsbDTkRLMN_Z5NKHMM,Mumma kitchen,places,en,59,28.6095625,77.0638045,28.6079601,77.06355049999999,0,del,Delhi,2026-09-01T02:58:12.730818Z
ChIJj_6u1eYFDTkRXPBeXQGk0Lw,GULSHAN SWAD,places,en,59,28.6095625,77.0638045,28.6094553,77.06195009999999,0,del,Delhi,2026-09-01T02:58:12.730821Z
ChIJR_fQyFsFDTkRqCNTQop6Zu4,ANIL SWEET CORNER,places,en,59,28.6095625,77.0638045,28.6110477,77.0628443,0,del,Delhi,2026-09-01T02:58:12.730826Z
ChIJb8l2OQAbDTkRlPEdZzbQwzs,The Anni food,places,en,59,28.6095625,77.0638045,28.6079205,77.062823,0,del,Delhi,2026-09-01T02:58:12.730829Z
ChIJK_i41dMbDTkRhfUDxmBrtOA,A&D Fast Food Kitchen,places,en,59,28.6095625,77.0638045,28.6079205,77.062823,0,del,Delhi,2026-09-01T02:58:12.730833Z
ChIJ3xgesQMFDTkRvETX9G0oL0I,Burger-e-Zaika,places,en,60,28.63594625,77.0426954,28.636171599999997,77.04256130000002,0,del,Delhi,2026-09-01T02:58:13.076871Z
ChIJcSX8SysFDTkR9i6ghs5d_lE,China Town Tadka,places,en,60,28.63594625,77.0426954,28.6350089,77.0439354,0,del,Delhi,2026-09-01T02:58:13.076893Z
ChIJT5cm8RAFDTkRv8qXThU65qM,अमन बैंड,places,en,60,28.63594625,77.0426954,28.637670099999998,77.0429729,0,del,Delhi,2026-09-01T02:58:13.076898Z
ChIJOV8BHgAFDTkRSbF5RcNGHsU,Chulha Chouki,places,en,60,28.63594625,77.0426954,28.637272,77.0414115,0,del,Delhi,2026-09-01T02:58:13.076903Z
ChIJZX3o9jsFDTkRM4cLwrv5byQ,Anand,places,en,60,28.63594625,77.0426954,28.637784399999997,77.0427741,0,del,Delhi,2026-09-01T02:58:13.076907Z
ChIJPTy47PAFDTkRJZX3T1VLvVc,Kingdom Of Paratha | Tiffin Services | Best Home made food service in Uttam Nagar | Dwarka,places,en,60,28.63594625,77.0426954,28.636701499999997,77.0407871,0,del,Delhi,2026-09-01T02:58:13.076911Z
ChIJs81FagAFDTkRQKazcr6oCVI,Taste28 Bakery,places,en,60,28.63594625,77.0426954,28.637791,77.0423235,0,del,Delhi,2026-09-01T02:58:13.076914Z
ChIJKbCWtgEFDTkROTtG6QlyFsk,Ridhi Sidhi Fast Food,places,en,60,28.63594625,77.0426954,28.635269599999997,77.0447528,0,del,Delhi,2026-09-01T02:58:13.076918Z
ChIJVxonO6QFDTkRUm3w2FmKYWE,GYANI PIZZA CORNER,places,en,60,28.63594625,77.0426954,28.634082499999998,77.0434196,0,del,Delhi,2026-09-01T02:58:13.076921Z
ChIJya0njlEFDTkR2dFhZbOoh8g,Anmol Pan Bhandar Shop,places,en,60,28.63594625,77.0426954,28.6339126,77.0424177,0,del,Delhi,2026-09-01T02:58:13.076925Z
ChIJ4W99mc8FDTkR_gql96akQqk,Sagar Bhai,places,en,60,28.63594625,77.0426954,28.633871900000003,77.04279079999999,0,del,Delhi,2026-09-01T02:58:13.076928Z
ChIJ_-fACBEFDTkRAE6sjkWkR9Q,Kunal Restaurant,places,en,60,28.63594625,77.0426954,28.637684000000004,77.041236,0,del,Delhi,2026-09-01T02:58:13.076932Z
ChIJdwJXj9IFDTkRh8W4XZFEmuI,Paapi Peat,places,en,60,28.63594625,77.0426954,28.637806599999998,77.0412772,0,del,Delhi,2026-09-01T02:58:13.076935Z
ChIJI7mVEwsFDTkRsV-9xCIiELs,Maddy Momo,places,en,60,28.63594625,77.0426954,28.633937500000002,77.0440818,0,del,Delhi,2026-09-01T02:58:13.076939Z
ChIJt9I5PAAFDTkRtBXtflY9T7I,Easy foods,places,en,60,28.63594625,77.0426954,28.637406499999997,77.0450257,0,del,Delhi,2026-09-01T02:58:13.076943Z
ChIJszv1a6sFDTkRT-z-CMUzEmo,Jack Berries,places,en,60,28.63594625,77.0426954,28.634127,77.0407,0,del,Delhi,2026-09-01T02:58:13.076946Z
ChIJxQ6SNAAFDTkR86yQ_qqlEd8,Panchayat Cafe & restaurant,places,en,60,28.63594625,77.0426954,28.634036499999997,77.0406977,0,del,Delhi,2026-09-01T02:58:13.076949Z
ChIJZY83bd4FDTkRg-iHybAHpYM,Lazeez bawarchi,places,en,60,28.63594625,77.0426954,28.6355423,77.0397622,0,del,Delhi,2026-09-01T02:58:13.076953Z
ChIJKUOJfGoFDTkRd9VCsxI-hHQ,Tai ki Rasoi India,places,en,60,28.63594625,77.0426954,28.6385692,77.0431004,0,del,Delhi,2026-09-01T02:58:13.076956Z
ChIJoQszdBEFDTkRCZzSJG6jXRs,Bablu Chowmein Centre,places,en,60,28.63594625,77.0426954,28.6376895,77.04041959999999,0,del,Delhi,2026-09-01T02:58:13.076960Z
ChIJjcPmb-EPDTkRQIK95bTwyHQ,The Pizza Stone Cafe,places,en,61,28.6058606,76.9923184,28.605302000000002,76.9923201,0,del,Delhi,2026-09-01T02:58:13.443441Z
ChIJSU0MFeEPDTkREh-ZCyC7oKs,श्री गुरू कृपा पनीर भण्डार,places,en,61,28.6058606,76.9923184,28.6058215,76.9915212,0,del,Delhi,2026-09-01T02:58:13.443469Z
ChIJRe1GmeEPDTkRZ36lOBziJCc,Khana Sweets,places,en,61,28.6058606,76.9923184,28.604270999999997,76.99176039999999,0,del,Delhi,2026-09-01T02:58:13.443477Z
ChIJUZe3WvQPDTkRtXPJE4uokK8,Laddu Gopal Ki Rasoi,places,en,61,28.6058606,76.9923184,28.608098799999997,76.9912499,0,del,Delhi,2026-09-01T02:58:13.443482Z
ChIJo6HL1MERDTkRSZ4xY_J4BCc,Chacha momos,places,en,62,28.59807485,77.00897455,28.598019899999997,77.0089605,0,del,Delhi,2026-09-01T02:58:13.768155Z
ChIJFfvz7FMRDTkRVwL6vFpqebg,Arun Fast Food,places,en,62,28.59807485,77.00897455,28.5978491,77.0082219,0,del,Delhi,2026-09-01T02:58:13.768178Z
ChIJcyK41wAQDTkRGcLVqmkr3s4,FOOD JUNCTION,places,en,62,28.59807485,77.00897455,28.598039,77.0076012,0,del,Delhi,2026-09-01T02:58:13.768184Z
ChIJi2jGE_0RDTkRnv_bP2eDMDs,Little Sister's Tiffin Services,places,en,62,28.59807485,77.00897455,28.5977073,77.0067023,0,del,Delhi,2026-09-01T02:58:13.768189Z
ChIJO8MY7kYPDTkRuldLVajLW_s,THE SNACKER'S PARADISE,places,en,63,28.6014732,76.98242965,28.601672899999997,76.9828474,0,del,Delhi,2026-09-01T02:58:14.115348Z
ChIJmzY_brcPDTkRYbltsX2__HE,NODDY VADA PAV & NODDY MOMOS,places,en,63,28.6014732,76.98242965,28.602812699999998,76.9834609,0,del,Delhi,2026-09-01T02:58:14.115379Z
ChIJV8v0j2wPDTkRzf6orr2bYbM,Jitendra Dhore,places,en,63,28.6014732,76.98242965,28.601886,76.985203,0,del,Delhi,2026-09-01T02:58:14.115388Z
ChIJ5b0yUyEPDTkRYrEwdZhehvE,Amber Sweet & caterers --- bast sweet Shop in jai vihar,places,en,64,28.6292786,77.00280725,28.6297209,77.0026293,0,del,Delhi,2026-09-01T02:58:14.492860Z
ChIJG6mPjOcPDTkR-KI3LI73hOo,Tasty Treat,places,en,64,28.6292786,77.00280725,28.630056099999997,77.0047613,0,del,Delhi,2026-09-01T02:58:14.492884Z
ChIJOeLSgwUPDTkReKSrBNWlgqQ,Karamt ali Shop,places,en,64,28.6292786,77.00280725,28.6289458,77.00526909999999,0,del,Delhi,2026-09-01T02:58:14.492890Z
ChIJpbCU2iMPDTkRsPaDd7PKq18,BEAST MOMO'S,places,en,64,28.6292786,77.00280725,28.6296862,77.0052852,0,del,Delhi,2026-09-01T02:58:14.492894Z
ChIJzwm7rScPDTkRrKUJqYovxhQ,new pizza slice 2.o,places,en,64,28.6292786,77.00280725,28.630975199999998,77.0011464,0,del,Delhi,2026-09-01T02:58:14.492899Z
ChIJm9A9aSoPDTkRnT9bx5y7O1c,Kala butter momos,places,en,64,28.6292786,77.00280725,28.631499599999998,77.0024328,0,del,Delhi,2026-09-01T02:58:14.492903Z
ChIJGZBlVAUPDTkR8dO5H0T-zs8,Pizza Kitchen Fast Food,places,en,64,28.6292786,77.00280725,28.629897699999997,77.005284,0,del,Delhi,2026-09-01T02:58:14.492907Z
ChIJffIpNBIPDTkR3bEofFs6P4U,Mr.chatoo,places,en,64,28.6292786,77.00280725,28.6287275,77.00534139999999,0,del,Delhi,2026-09-01T02:58:14.492911Z
ChIJ5XHTbAAPDTkRUYHGSURvfd4,Angara grill,places,en,64,28.6292786,77.00280725,28.6309304,77.0008962,0,del,Delhi,2026-09-01T02:58:14.492915Z
ChIJRy-xhfUPDTkRVzVU7Eno7Zo,Ramashish Shop,places,en,64,28.6292786,77.00280725,28.630533099999997,77.00054039999999,0,del,Delhi,2026-09-01T02:58:14.492919Z
ChIJS-q52Y0PDTkRbmtpy0vicj4,Deepak And Kashyap Fast Food,places,en,64,28.6292786,77.00280725,28.630937,77.000888,0,del,Delhi,2026-09-01T02:58:14.492923Z
ChIJV6AWYb4PDTkRsBZmyUIYQc8,Varttafoods,places,en,64,28.6292786,77.00280725,28.630093799999997,77.00539289999999,0,del,Delhi,2026-09-01T02:58:14.492928Z
ChIJHxS3448FDTkRYSHagSq27FM,Pizza Casino,places,en,64,28.6292786,77.00280725,28.631100800000002,77.00088010000002,0,del,Delhi,2026-09-01T02:58:14.492932Z
ChIJy_T4NtwFDTkRxKnk5vMi9wI,Ayan Bhai Biryani Wale,places,en,66,28.63559595,77.0274508,28.6348444,77.0256035,0,del,Delhi,2026-09-01T02:58:15.129306Z
ChIJ38VcRgAFDTkRdWyfeGVarzY,Chatpata Stall,places,en,66,28.63559595,77.0274508,28.6351557,77.0303419,0,del,Delhi,2026-09-01T02:58:15.129329Z
ChIJuR8K2DoFDTkRoPQhvaG5f-w,DHABA RECIPE,places,en,68,28.612402099999997,77.0306151,28.612139799999998,77.0301394,0,del,Delhi,2026-09-01T02:58:15.900024Z
ChIJhTK0piAbDTkR--dIm6dN04E,Leancrust Pizza,places,en,68,28.612402099999997,77.0306151,28.6119037,77.02960499999999,0,del,Delhi,2026-09-01T02:58:15.900048Z
ChIJl7KPpE8FDTkRBbdSaJfv-4I,Curry-o-city,places,en,68,28.612402099999997,77.0306151,28.6113809,77.0307308,0,del,Delhi,2026-09-01T02:58:15.900054Z
ChIJR8LACesFDTkRJ9-YuOWhhmA,Nextstop,places,en,68,28.612402099999997,77.0306151,28.612987099999998,77.0295838,0,del,Delhi,2026-09-01T02:58:15.900059Z
ChIJLw5pShYFDTkR477Y47g4d_Y,Delhi nizam biryani,places,en,68,28.612402099999997,77.0306151,28.611406,77.0300029,0,del,Delhi,2026-09-01T02:58:15.900063Z
ChIJyycUKEoFDTkRI-DxFGHk8lo,गणपति भोजनालय,places,en,68,28.612402099999997,77.0306151,28.6111361,77.03118309999999,0,del,Delhi,2026-09-01T02:58:15.900080Z
ChIJ65yi3I8FDTkRv7-zrID5Auk,Shiv Pizza Corner,places,en,68,28.612402099999997,77.0306151,28.6133265,77.0292147,0,del,Delhi,2026-09-01T02:58:15.900086Z
ChIJXeviaGoFDTkRSfYjonh2eBY,MR .CHANDRA SHEKHAR CHOLE BHATURE STALL,places,en,68,28.612402099999997,77.0306151,28.610796299999997,77.0308794,0,del,Delhi,2026-09-01T02:58:15.900091Z
ChIJe7L3ZTgFDTkRMqvLFpf_mR0,TANWAR KITCHEN,places,en,68,28.612402099999997,77.0306151,28.613707599999998,77.029552,0,del,Delhi,2026-09-01T02:58:15.900095Z
ChIJY9C1mGYFDTkRt2-lLF0EQU4,Repido service,places,en,68,28.612402099999997,77.0306151,28.610722199999998,77.0306612,0,del,Delhi,2026-09-01T02:58:15.900100Z
ChIJNwim8_EFDTkR8GlI_cCBj6U,Food Delight,places,en,68,28.612402099999997,77.0306151,28.610687199999997,77.0303862,0,del,Delhi,2026-09-01T02:58:15.900104Z
ChIJGQtdLEoFDTkRFqqFYL8puKM,Babu Meat Shop Jhatka,places,en,68,28.612402099999997,77.0306151,28.610619,77.0306942,0,del,Delhi,2026-09-01T02:58:15.900108Z
ChIJ7yBcREkFDTkRPijSO4VHXi8,Tirupati Garh Udyog,places,en,68,28.612402099999997,77.0306151,28.611875599999998,77.0286337,0,del,Delhi,2026-09-01T02:58:15.900112Z
ChIJ-VldexkFDTkRTlyzX5BkpnM,MANLO RESTAURANT,places,en,68,28.612402099999997,77.0306151,28.6141507,77.03014309999999,0,del,Delhi,2026-09-01T02:58:15.900116Z
ChIJP1l5x5EFDTkRQAWG9IBMr3Y,The Taste of Jama,places,en,68,28.612402099999997,77.0306151,28.6106306,77.02963249999999,0,del,Delhi,2026-09-01T02:58:15.900120Z
ChIJTZ0xh5AFDTkRH13Gum1FM48,DELHI FRESHTO CAFE,places,en,68,28.612402099999997,77.0306151,28.613843499999998,77.0289797,0,del,Delhi,2026-09-01T02:58:15.900124Z
ChIJt0RXdoMFDTkR_IUw6OmDR7s,Shri Shyam Snacks,places,en,69,28.64110105,77.06774770000001,28.640049599999998,77.06815,0,del,Delhi,2026-09-01T02:58:16.277952Z
ChIJ_ZDFs4MFDTkR_xyQYy2HOF4,Nirmal Fast Food,places,en,69,28.64110105,77.06774770000001,28.6400878,77.06837829999999,0,del,Delhi,2026-09-01T02:58:16.277993Z
ChIJHcZEj2QFDTkROD9Xrf8jt68,The pizza club vikaspuri,places,en,69,28.64110105,77.06774770000001,28.639925299999998,77.0671146,0,del,Delhi,2026-09-01T02:58:16.277999Z
ChIJYSGkg3YFDTkRObI7pm-on0Y,YumChomps- Best Fast Food In Vikaspuri,places,en,69,28.64110105,77.06774770000001,28.6404756,77.0692406,0,del,Delhi,2026-09-01T02:58:16.278003Z
ChIJ3xGiK-gFDTkRNvj03eJMXl4,The Rolling Shakes Co,places,en,69,28.64110105,77.06774770000001,28.6399099,77.0687725,0,del,Delhi,2026-09-01T02:58:16.278007Z
ChIJ-zZrg_4FDTkRhe6sspp97vg,Zingo Pizza,places,en,69,28.64110105,77.06774770000001,28.639911899999998,77.06887189999999,0,del,Delhi,2026-09-01T02:58:16.278010Z
ChIJ00O5d-0EDTkR4eSh_7Ympwk,Burger Treat,places,en,69,28.64110105,77.06774770000001,28.6400434,77.06920439999999,0,del,Delhi,2026-09-01T02:58:16.278014Z
ChIJXUy5kFQFDTkR9yY_KUIbg1w,Tondoori Palace,places,en,69,28.64110105,77.06774770000001,28.643171499999998,77.06730859999999,0,del,Delhi,2026-09-01T02:58:16.278018Z
ChIJhdUy6ocFDTkRlRZpmW-UvGY,Bhen Ji Khana Kajana,places,en,69,28.64110105,77.06774770000001,28.643321099999998,77.0677001,0,del,Delhi,2026-09-01T02:58:16.278021Z
ChIJkYxjG3wFDTkRgEw2sn_bEw4,Bangali fish and chicken corner,places,en,69,28.64110105,77.06774770000001,28.6433282,77.0676932,0,del,Delhi,2026-09-01T02:58:16.278025Z
ChIJr1gtjBwFDTkRXrFLDqhlNMk,Aadit Kumar Varma Store,places,en,69,28.64110105,77.06774770000001,28.639180600000003,77.0695672,0,del,Delhi,2026-09-01T02:58:16.278028Z
ChIJTQmna_sFDTkRwsizvSuYT9g,ROSHAN KUMAR JHA SWIGGY STORE,places,en,69,28.64110105,77.06774770000001,28.639244800000004,77.0696691,0,del,Delhi,2026-09-01T02:58:16.278032Z
ChIJ99wtRf0FDTkRyVj5p7hHUFk,Sonu Kumar Store,places,en,69,28.64110105,77.06774770000001,28.6421176,77.07038130000001,0,del,Delhi,2026-09-01T02:58:16.278035Z
ChIJ0YRQzWgFDTkRusKqHHJxm6o,Sunil Kumar Dhawan Store,places,en,69,28.64110105,77.06774770000001,28.639102899999997,77.069592,0,del,Delhi,2026-09-01T02:58:16.278039Z
ChIJBeMWKpcFDTkRULAhA3bM6jc,NIKHIL INSTMART STORE,places,en,69,28.64110105,77.06774770000001,28.6391125,77.0696371,0,del,Delhi,2026-09-01T02:58:16.278043Z
ChIJXb--N5kFDTkR0CPvoN9PTRU,RAVI KUMAR INSTAMART STORE,places,en,69,28.64110105,77.06774770000001,28.6390444,77.06956319999999,0,del,Delhi,2026-09-01T02:58:16.278046Z
ChIJkbu0Ng8FDTkRG9ykyfE40C8,Varyam Singh Swiggy Store,places,en,69,28.64110105,77.06774770000001,28.6390019,77.0695327,0,del,Delhi,2026-09-01T02:58:16.278049Z
ChIJQXZbJAMFDTkR9MZiD5n0IRs,chapri cafe,places,en,69,28.64110105,77.06774770000001,28.6412028,77.0707595,0,del,Delhi,2026-09-01T02:58:16.278053Z
ChIJE4MgGqgbDTkRLPzjuNYcq0c,Sonu Store,places,en,70,28.5941985,77.05109275000001,28.595636,77.0516816,0,del,Delhi,2026-09-01T02:58:16.706149Z
ChIJ8XXwWDIbDTkRsuiA0EsfFVw,Cafe Kuvo,places,en,70,28.5941985,77.05109275000001,28.5954271,77.0523568,0,del,Delhi,2026-09-01T02:58:16.706177Z
ChIJ5dhpVQAbDTkRUqNbw94ek-I,Dwarka Famous Dhaba,places,en,70,28.5941985,77.05109275000001,28.595843499999997,77.05142839999999,0,del,Delhi,2026-09-01T02:58:16.706185Z
ChIJ31GC4dkaDTkRn6LiKgTnt4Y,The Mint Restaurant,places,en,70,28.5941985,77.05109275000001,28.5957564,77.0518639,0,del,Delhi,2026-09-01T02:58:16.706191Z
ChIJV2uWK88aDTkRg94VXAAr-Fk,La Kababiyaa,places,en,70,28.5941985,77.05109275000001,28.595894899999998,77.05069619999999,0,del,Delhi,2026-09-01T02:58:16.706197Z
ChIJTeDtXUcbDTkRv9wA5tOVmGc,FAM JAM RESTAURANT,places,en,70,28.5941985,77.05109275000001,28.595853299999998,77.05048839999999,0,del,Delhi,2026-09-01T02:58:16.706202Z
ChIJDd6zB9cbDTkRyW3nRGxwTUs,Faasos Dwarka,places,en,70,28.5941985,77.05109275000001,28.595459599999998,77.0524568,0,del,Delhi,2026-09-01T02:58:16.706208Z
ChIJOa8sIsMaDTkR3STAvmElp3k,Biryani Blues,places,en,70,28.5941985,77.05109275000001,28.5951874,77.0527287,0,del,Delhi,2026-09-01T02:58:16.706213Z
ChIJ5dYcwtkaDTkRMV59DVsvJtM,Singh Sahib,places,en,70,28.5941985,77.05109275000001,28.5954768,77.0524762,0,del,Delhi,2026-09-01T02:58:16.706218Z
ChIJW8qKfykFDTkRnfxd7qBA3Vg,Vishnu Bhavan,places,en,70,28.5941985,77.05109275000001,28.5959243,77.05168359999999,0,del,Delhi,2026-09-01T02:58:16.706224Z
ChIJE8RhaN8bDTkR1v5PXoYoSos,Special Sahi Vej Biriyani,places,en,70,28.5941985,77.05109275000001,28.596013799999998,77.05117729999999,0,del,Delhi,2026-09-01T02:58:16.706229Z
ChIJQyCRDNoaDTkRuua7o5c3mbk,Fingerlickerz Bombaywala Pav Bhaji & Vada Pav,places,en,70,28.5941985,77.05109275000001,28.5954622,77.0495741,0,del,Delhi,2026-09-01T02:58:16.706234Z
ChIJc2TfGAAbDTkRNwOkEJuKzbM,Engineer Bhaiya Momo Wale,places,en,70,28.5941985,77.05109275000001,28.595047599999997,77.0529241,0,del,Delhi,2026-09-01T02:58:16.706239Z
ChIJvzGYnlUbDTkR41VT1_d4m2w,Golusingh's,places,en,70,28.5941985,77.05109275000001,28.595290799999997,77.0493824,0,del,Delhi,2026-09-01T02:58:16.706244Z
ChIJVVU5MtsaDTkR87_j8R0ueeI,"La Pino'z Pizza-Sector 5, Dwarka, Delhi",places,en,70,28.5941985,77.05109275000001,28.5949905,77.0529925,0,del,Delhi,2026-09-01T02:58:16.706249Z
ChIJR2tNqVQbDTkRa_JDENFxNzU,Kamlesh Tea Stall,places,en,70,28.5941985,77.05109275000001,28.596041,77.0515217,0,del,Delhi,2026-09-01T02:58:16.706254Z
ChIJLcP8fwAbDTkR_y8BgT8bq0Y,South Indian Dosa corner,places,en,70,28.5941985,77.05109275000001,28.5946262,77.0531716,0,del,Delhi,2026-09-01T02:58:16.706259Z
ChIJCSucZOIbDTkR9_afpp9fi0Q,KANDY Rooftop,places,en,70,28.5941985,77.05109275000001,28.596093600000003,77.0512998,0,del,Delhi,2026-09-01T02:58:16.706264Z
ChIJm-C2byIbDTkRfyHdRzXWASU,Grills & Grains The Chakna Wala,places,en,70,28.5941985,77.05109275000001,28.594935399999997,77.0530735,0,del,Delhi,2026-09-01T02:58:16.706270Z
ChIJE38UIuobDTkRam-MlIYKwnQ,Shankar Kachori Stall,places,en,70,28.5941985,77.05109275000001,28.5961194,77.05095299999999,0,del,Delhi,2026-09-01T02:58:16.706275Z
ChIJ____75YCDTkR_aJVtyFgc6I,Seven-O-Seven,places,en,71,28.64662035,77.1792458,28.646189999999997,77.1793895,0,del,Delhi,2026-09-01T02:58:17.113437Z
ChIJ46eJRccDDTkRq1VtL_OH0nQ,Rajni Foods,places,en,71,28.64662035,77.1792458,28.6472759,77.1793819,0,del,Delhi,2026-09-01T02:58:17.113459Z
ChIJJ2E_uSIDDTkRUbKztVH2m60,SHREE BALAJI CORNER,places,en,71,28.64662035,77.1792458,28.6458689,77.1787827,0,del,Delhi,2026-09-01T02:58:17.113463Z
ChIJ-dD_BmYDDTkRSxcLZCeLgDQ,Lal Tea Stall,places,en,71,28.64662035,77.1792458,28.6459749,77.1785048,0,del,Delhi,2026-09-01T02:58:17.113467Z
ChIJG4DZtkkDDTkR089dfprnPfg,Balaji Food Corner,places,en,71,28.64662035,77.1792458,28.6453186,77.17868159999999,0,del,Delhi,2026-09-01T02:58:17.113470Z
ChIJkbOsBPoDDTkRo1NYgcdc8zg,4U For You,places,en,71,28.64662035,77.1792458,28.644976699999997,77.1787137,0,del,Delhi,2026-09-01T02:58:17.113473Z
ChIJnX3Dg5YCDTkRCcAQlKr5qmo,Kulche - Chhole,places,en,71,28.64662035,77.1792458,28.645996,77.1773839,0,del,Delhi,2026-09-01T02:58:17.113475Z
ChIJHfIvWQADDTkRNymaqxT5SNU,Nanak di Hatti,places,en,71,28.64662035,77.1792458,28.644912599999998,77.17858939999999,0,del,Delhi,2026-09-01T02:58:17.113478Z
ChIJ09YWPN8DDTkRXnDPevlaTdk,Wajba,places,en,71,28.64662035,77.1792458,28.6448479,77.17842410000002,0,del,Delhi,2026-09-01T02:58:17.113481Z
ChIJf-X-LkMDDTkRrFlJEnptitw,Nukkad Canteen,places,en,71,28.64662035,77.1792458,28.644773599999997,77.17853029999999,0,del,Delhi,2026-09-01T02:58:17.113484Z
ChIJtdmyxRsDDTkRaT5iClbGeRA,Shiv Chaat Corner,places,en,71,28.64662035,77.1792458,28.6463584,77.17702299999999,0,del,Delhi,2026-09-01T02:58:17.113486Z
ChIJCXYQdy8DDTkRI4TjwSAiC9c,The swad mahal,places,en,71,28.64662035,77.1792458,28.6463343,77.17700889999999,0,del,Delhi,2026-09-01T02:58:17.113490Z
ChIJnUtB0LYDDTkRnFlzbPRlKPQ,Jai Maa Durga Chaat Corner,places,en,71,28.64662035,77.1792458,28.646255999999997,77.17692939999999,0,del,Delhi,2026-09-01T02:58:17.113492Z
ChIJTcSCuqYDDTkR03VDs1lDtd8,Padmanabham,places,en,71,28.64662035,77.1792458,28.6446525,77.1784959,0,del,Delhi,2026-09-01T02:58:17.113495Z
ChIJIeMCRwADDTkRMZ6dsUXPPcM,RC fast food,places,en,71,28.64662035,77.1792458,28.6484317,77.1778128,0,del,Delhi,2026-09-01T02:58:17.113498Z
ChIJ____75YCDTkR3G5GQoRRWZg,Madhuban's Fast Food Corner,places,en,71,28.64662035,77.1792458,28.644591,77.17822319999999,0,del,Delhi,2026-09-01T02:58:17.113500Z
ChIJsb7Dc3IDDTkRdsQ7ESJXYmI,Sri Saravana South Food Corner,places,en,71,28.64662035,77.1792458,28.646991699999997,77.1817322,0,del,Delhi,2026-09-01T02:58:17.113503Z
ChIJEXoqVwADDTkRfOrP0I7xYuE,Subhub,places,en,71,28.64662035,77.1792458,28.644829599999998,77.17723540000001,0,del,Delhi,2026-09-01T02:58:17.113506Z
ChIJNRelewADDTkRTwxK3-mWao4,Prince Mithyanchal Litti-Chokha,places,en,71,28.64662035,77.1792458,28.6441558,77.178649,0,del,Delhi,2026-09-01T02:58:17.113508Z
ChIJI5W5dqQDDTkRJk5Y69n4rb4,Dinu Chacha's Mughlai Food & BBQ Delivery Kitchen,places,en,71,28.64662035,77.1792458,28.644579999999998,77.181167,0,del,Delhi,2026-09-01T02:58:17.113511Z
ChIJN1SIK3rjDDkRzjxyhER9pyE,Molecule Delhi,places,en,72,28.55597655,77.20601124999999,28.556093599999997,77.2060314,0,del,Delhi,2026-09-01T02:58:17.454284Z
ChIJN9n-EUrjDDkRNhurZyjK7dg,Odella,places,en,72,28.55597655,77.20601124999999,28.5561223,77.2060434,0,del,Delhi,2026-09-01T02:58:17.454309Z
ChIJ489LO_7jDDkRipZC_M1uGqk,Penthouse Duty Free,places,en,72,28.55597655,77.20601124999999,28.5563152,77.2060539,0,del,Delhi,2026-09-01T02:58:17.454316Z
ChIJm7dSaH3jDDkRJijQcQowWZk,Café Amudham Restaurant Green Park,places,en,72,28.55597655,77.20601124999999,28.5565659,77.20616989999999,0,del,Delhi,2026-09-01T02:58:17.454322Z
ChIJQSaPf7LjDDkRzoANhQjFrn0,The Gen Z Restaurant Club Green Park,places,en,72,28.55597655,77.20601124999999,28.5565771,77.2061627,0,del,Delhi,2026-09-01T02:58:17.454327Z
ChIJ-cSPQIPjDDkRUVCDMG4ydfM,Gola Sizzlers Green Park,places,en,72,28.55597655,77.20601124999999,28.556480099999998,77.2064114,0,del,Delhi,2026-09-01T02:58:17.454333Z
ChIJZc1nW3LiDDkRGErGOrtH8NU,24SEVEN,places,en,72,28.55597655,77.20601124999999,28.5567845,77.2061982,0,del,Delhi,2026-09-01T02:58:17.454338Z
ChIJwRjuJTHjDDkRpkJ6u0XYfKw,Haldiram's - Green Park,places,en,72,28.55597655,77.20601124999999,28.5567232,77.2054193,0,del,Delhi,2026-09-01T02:58:17.454343Z
ChIJC-xqj23iDDkRW01pk9HAc-A,Gung The Palace,places,en,72,28.55597655,77.20601124999999,28.5567225,77.2053564,0,del,Delhi,2026-09-01T02:58:17.454348Z
ChIJ_X7OIyDjDDkR_Foc4Ul9HHo,La Pino'z Pizza,places,en,72,28.55597655,77.20601124999999,28.5566593,77.2069384,0,del,Delhi,2026-09-01T02:58:17.454353Z
ChIJL8GD9QjjDDkRgOICHHBP5ho,Nirula's Green Park,places,en,72,28.55597655,77.20601124999999,28.556813899999998,77.2068061,0,del,Delhi,2026-09-01T02:58:17.454360Z
ChIJK0k9GGPiDDkRAzhQxkAkQsQ,Darbar E Awadh,places,en,72,28.55597655,77.20601124999999,28.5570785,77.2058572,0,del,Delhi,2026-09-01T02:58:17.454365Z
ChIJ-0_jYHXiDDkRlKfWn39CGfk,"Garage Inc., New Delhi",places,en,72,28.55597655,77.20601124999999,28.557108099999997,77.2058212,0,del,Delhi,2026-09-01T02:58:17.454370Z
ChIJ-8fWiG3iDDkRAAAA0AuOPTI,SHIV FAST FOOD,places,en,72,28.55597655,77.20601124999999,28.557236,77.20632730000001,0,del,Delhi,2026-09-01T02:58:17.454375Z
ChIJU0R9aq7jDDkRdtGhWC9OW50,MJ's Cloud Kitchen,places,en,72,28.55597655,77.20601124999999,28.5571269,77.2052829,0,del,Delhi,2026-09-01T02:58:17.454380Z
ChIJb1w5b3LiDDkREfL4J0OaxEI,The Tandoor,places,en,72,28.55597655,77.20601124999999,28.5571269,77.2052829,0,del,Delhi,2026-09-01T02:58:17.454385Z
ChIJYWMVsRHjDDkRAFHagTTx62Y,Tossin Pizza Green Park,places,en,72,28.55597655,77.20601124999999,28.557049,77.205084,0,del,Delhi,2026-09-01T02:58:17.454390Z
ChIJWQqvhZHjDDkRN14UkyNN4PQ,Faasos Green Park,places,en,72,28.55597655,77.20601124999999,28.557061,77.20508989999999,0,del,Delhi,2026-09-01T02:58:17.454395Z
ChIJU3_4O17jDDkRk0bE7skuoBE,Burgerama,places,en,72,28.55597655,77.20601124999999,28.5572555,77.2053391,0,del,Delhi,2026-09-01T02:58:17.454400Z
ChIJgQ9ms-LjDDkRIOVd32cYzTA,Oven Story,places,en,72,28.55597655,77.20601124999999,28.5572555,77.2053391,0,del,Delhi,2026-09-01T02:58:17.454405Z
ChIJNTxO1wj9DDkRJwycSBJRX60,Ansarul Haque Hotel,places,en,73,28.643422100000002,77.21342369999999,28.6436079,77.2135388,0,del,Delhi,2026-09-01T02:58:17.798457Z
ChIJc8QgctD9DDkRpsppo8BOsMs,Ajay Hotel,places,en,73,28.643422100000002,77.21342369999999,28.6436377,77.2130763,0,del,Delhi,2026-09-01T02:58:17.798492Z
ChIJ4W3S5_j9DDkRCsu5AmUJl1U,Usman Gani Hotel,places,en,73,28.643422100000002,77.21342369999999,28.6438086,77.2139049,0,del,Delhi,2026-09-01T02:58:17.798502Z
ChIJie8gfKP9DDkRmXKqeixdAhc,The Olivers,places,en,73,28.643422100000002,77.21342369999999,28.643826699999998,77.2140465,0,del,Delhi,2026-09-01T02:58:17.798510Z
ChIJN2q7Wp79DDkRD6mUeUOtz_w,PRASHANT NISHAD,places,en,73,28.643422100000002,77.21342369999999,28.643772100000003,77.21272739999999,0,del,Delhi,2026-09-01T02:58:17.798518Z
ChIJyRQtLI_9DDkRrgdkUhk-bA8,Mhabub Hotel,places,en,73,28.643422100000002,77.21342369999999,28.6436871,77.2126402,0,del,Delhi,2026-09-01T02:58:17.798525Z
ChIJ84MV-TD9DDkRUza4-sFdUdc,The royal swaad restaurant,places,en,73,28.643422100000002,77.21342369999999,28.643728000000003,77.212615,0,del,Delhi,2026-09-01T02:58:17.798532Z
ChIJycZc5tP9DDkRdwCXvQ-GXJg,The Shawarma Hub,places,en,73,28.643422100000002,77.21342369999999,28.6430974,77.2125441,0,del,Delhi,2026-09-01T02:58:17.798539Z
ChIJPW85nUH9DDkRMwA5WRQP3KI,Krishna Dhaba (Vegetarian),places,en,73,28.643422100000002,77.21342369999999,28.643013999999997,77.212537,0,del,Delhi,2026-09-01T02:58:17.798546Z
ChIJQbbspyH9DDkRtKHOOrAw0l0,Sher Babu Momos,places,en,73,28.643422100000002,77.21342369999999,28.6436684,77.2124128,0,del,Delhi,2026-09-01T02:58:17.798553Z
ChIJ7bQWs8r9DDkR0O16tm2Wtm4,Shanbaz Fast Food,places,en,73,28.643422100000002,77.21342369999999,28.6436684,77.2124128,0,del,Delhi,2026-09-01T02:58:17.798560Z
ChIJq4ycEkv9DDkRCwDNgMU9abo,Zakir Hussain Hotel,places,en,73,28.643422100000002,77.21342369999999,28.643165099999997,77.214434,0,del,Delhi,2026-09-01T02:58:17.798567Z
ChIJHZYFeQX9DDkR_Q61FzY2WRo,Shahnawaz Hotel,places,en,73,28.643422100000002,77.21342369999999,28.6440369,77.2142543,0,del,Delhi,2026-09-01T02:58:17.798574Z
ChIJKZa0IC_9DDkRIJMpqins2wc,NAMAN NISHAD,places,en,73,28.643422100000002,77.21342369999999,28.643625,77.2144998,0,del,Delhi,2026-09-01T02:58:17.798581Z
ChIJaRAIkkH9DDkRW8BN6un7qAM,Golden Dhaba,places,en,73,28.643422100000002,77.21342369999999,28.644069899999998,77.2125322,0,del,Delhi,2026-09-01T02:58:17.798588Z
ChIJveaCj0H9DDkRKC_jY9MvPuc,Sahil Bengali Shop,places,en,73,28.643422100000002,77.21342369999999,28.643735799999998,77.21232669999999,0,del,Delhi,2026-09-01T02:58:17.798594Z
ChIJIbj5w0n9DDkR-Psuo_p7Fm8,Aashiya Bangali Dhaba,places,en,73,28.643422100000002,77.21342369999999,28.6436958,77.2123122,0,del,Delhi,2026-09-01T02:58:17.798601Z
ChIJXwSO3M_9DDkRqxRvcXRvfwY,THE SATYABHAMA HOME MADE FOOD,places,en,73,28.643422100000002,77.21342369999999,28.6424953,77.2130303,0,del,Delhi,2026-09-01T02:58:17.798608Z
ChIJPVD3q0H9DDkRr7EIr_yPYsg,Kamal Restaurant,places,en,73,28.643422100000002,77.21342369999999,28.643346899999997,77.21455499999999,0,del,Delhi,2026-09-01T02:58:17.798615Z
ChIJ51XnewD9DDkRygh5xCYmHLU,Bengali hotel ( THOFA TEA SHOP ),places,en,73,28.643422100000002,77.21342369999999,28.643921,77.21238799999999,0,del,Delhi,2026-09-01T02:58:17.798621Z
ChIJ12W1BRXlDDkRYBYt3pCsjfM,Gauca Café,places,en,74,28.621994649999998,77.30468350000001,28.6212634,77.30295579999999,0,del,Delhi,2026-09-01T02:58:18.161177Z
ChIJPcwMu7fkDDkRB81RQx_jDAI,Uttarakhand Dhaba,places,en,74,28.621994649999998,77.30468350000001,28.622567,77.3067837,0,del,Delhi,2026-09-01T02:58:18.161210Z
ChIJpxqm5rnkDDkRC_Rtr-Ynwws,The Indian,places,en,74,28.621994649999998,77.30468350000001,28.6198013,77.3048195,0,del,Delhi,2026-09-01T02:58:18.161221Z
ChIJo-6_LaDlDDkRfVfXMM3POAY,FOODIE CORNER,places,en,74,28.621994649999998,77.30468350000001,28.622436,77.30717299999999,0,del,Delhi,2026-09-01T02:58:18.161229Z
ChIJL_olw7fkDDkRZyVYBgeDBa4,Arora Sweets,places,en,74,28.621994649999998,77.30468350000001,28.621769399999998,77.3072146,0,del,Delhi,2026-09-01T02:58:18.161237Z
ChIJPeaeKADlDDkR6dfKkx6P6fY,"McDonald's - Mayur Vihar II Metro, Delhi",places,en,74,28.621994649999998,77.30468350000001,28.6199127,77.3056576,0,del,Delhi,2026-09-01T02:58:18.161245Z
ChIJ1Qwzo9PlDDkRRl_QC7Tahas,Tarkeshwar Burger,places,en,74,28.621994649999998,77.30468350000001,28.620248500000002,77.3065233,0,del,Delhi,2026-09-01T02:58:18.161252Z
ChIJS8apddPjDDkRIMT475KkDq8,The Gourmet's - Authentic Indian Cuisine,places,en,75,28.5403391,77.24319875,28.5407874,77.243254,0,del,Delhi,2026-09-01T02:58:18.523428Z
ChIJ-TmaPADjDDkR6cb_VzxFmns,Pankaj restro/ Caterers,places,en,75,28.5403391,77.24319875,28.5408859,77.2431996,0,del,Delhi,2026-09-01T02:58:18.523456Z
ChIJQR7Dw1HjDDkReYcDwDEgMFM,The Gourmet Express,places,en,75,28.5403391,77.24319875,28.540910999999998,77.2432635,0,del,Delhi,2026-09-01T02:58:18.523464Z
ChIJt7TeddPjDDkRYjZx4K3adf0,Ashirbad Caterers & Snacks Corner,places,en,75,28.5403391,77.24319875,28.5409695,77.2430368,0,del,Delhi,2026-09-01T02:58:18.523470Z
ChIJNbOdNADjDDkRudL7yuRamL0,Limbu Kitchen,places,en,75,28.5403391,77.24319875,28.541042599999997,77.2432108,0,del,Delhi,2026-09-01T02:58:18.523476Z
ChIJwZVgDYvhDDkRpRvBzJ-XBBc,New Sky Coffee,places,en,75,28.5403391,77.24319875,28.542728099999998,77.2425269,0,del,Delhi,2026-09-01T02:58:18.523482Z
ChIJxyGPvH_hDDkRRjv3T0VrkLQ,Giani's Ice Cream,places,en,75,28.5403391,77.24319875,28.5399817,77.2403234,0,del,Delhi,2026-09-01T02:58:18.523487Z
ChIJs6fy_NLjDDkR-5P1UkKHAqc,"Tamarind, Chittaranjan Park",places,en,75,28.5403391,77.24319875,28.542879,77.242806,0,del,Delhi,2026-09-01T02:58:18.523492Z
ChIJUyd1VCviDDkRcFHd4u95yPA,Nirula's GK-2,places,en,75,28.5403391,77.24319875,28.540385399999998,77.2402721,0,del,Delhi,2026-09-01T02:58:18.523497Z
ChIJq-7ztSziDDkR0QWXiH9LrbY,Sumo Sushi,places,en,75,28.5403391,77.24319875,28.540907299999997,77.2402276,0,del,Delhi,2026-09-01T02:58:18.523502Z
ChIJS0u8HQDlDDkRKm1fXJdmROs,IP extension,places,en,76,28.62670715,77.3147587,28.6272617,77.31313,0,del,Delhi,2026-09-01T02:58:18.868599Z
ChIJvXNrUn7lDDkRTdJ7zu6XspU,Chole bhature shop,places,en,76,28.62670715,77.3147587,28.626416,77.31669889999999,0,del,Delhi,2026-09-01T02:58:18.868625Z
ChIJL_VmO5zlDDkR4T3FhMzyFJU,Ambrosia,places,en,76,28.62670715,77.3147587,28.629294899999998,77.31490050000001,0,del,Delhi,2026-09-01T02:58:18.868629Z
ChIJi1O0uhvjDDkRXCQeW2ZcPEw,Dhilli,places,en,77,28.596251,77.24067355,28.596932499999998,77.2401733,0,del,Delhi,2026-09-01T02:58:19.282614Z
ChIJZwPwbRPjDDkRDcLArkaKMIw,360°,places,en,77,28.596251,77.24067355,28.5967326,77.2399081,0,del,Delhi,2026-09-01T02:58:19.282646Z
ChIJPd5RA-LiDDkRsXXwn_ZBFiQ,The Club Bar and Cigar Lounge,places,en,77,28.596251,77.24067355,28.596574999999998,77.23979500000002,0,del,Delhi,2026-09-01T02:58:19.282656Z
ChIJDbwn9uHiDDkRBBQtqfRdwkA,"The Oberoi, New Delhi",places,en,77,28.596251,77.24067355,28.596300099999997,77.2396602,0,del,Delhi,2026-09-01T02:58:19.282665Z
ChIJF10YrJvjDDkRjWB2mrNmpfM,Baoshuan,places,en,77,28.596251,77.24067355,28.596292799999997,77.23964230000001,0,del,Delhi,2026-09-01T02:58:19.282673Z
ChIJBfTOvaDnDDkRSr1hSaa_3EI,Shri Shyam Cloud Kitchen,places,en,78,28.49231175,77.29600375000001,28.492824499999998,77.295609,0,del,Delhi,2026-09-01T02:58:19.625129Z
ChIJ06b3ISjnDDkRtDTeWpXCLhI,Cheese N Cheesy Pizza,places,en,78,28.49231175,77.29600375000001,28.4928328,77.2964901,0,del,Delhi,2026-09-01T02:58:19.625162Z
ChIJjxQaGSjnDDkRfUgJAeNqXNk,Apni rasoi,places,en,78,28.49231175,77.29600375000001,28.492731,77.296762,0,del,Delhi,2026-09-01T02:58:19.625173Z
ChIJwQjNYv7nDDkRLuRDX-4Y8ms,SHRI RAM SOYA FOOD,places,en,78,28.49231175,77.29600375000001,28.4925659,77.29696919999999,0,del,Delhi,2026-09-01T02:58:19.625180Z
ChIJx9SCKWbnDDkRLv8whCDzrQ8,The Chariot Kitchen,places,en,78,28.49231175,77.29600375000001,28.493248899999998,77.2958244,0,del,Delhi,2026-09-01T02:58:19.625188Z
ChIJ_-P-RCjnDDkR2Unuv5pbsDU,Goyal Sweets,places,en,78,28.49231175,77.29600375000001,28.4912083,77.29610629999999,0,del,Delhi,2026-09-01T02:58:19.625195Z
ChIJ7xLggrTnDDkRB3aGV23LQyI,Faasos Faridabad FR Mayra Food & Beverages,places,en,78,28.49231175,77.29600375000001,28.493582999999997,77.297679,0,del,Delhi,2026-09-01T02:58:19.625203Z
ChIJycVXOtbmDDkRw8XE9tXKlsM,South Indian Food Jai Jagannath Restaurent,places,en,78,28.49231175,77.29600375000001,28.4937507,77.294506,0,del,Delhi,2026-09-01T02:58:19.625210Z
ChIJe2JsZTTnDDkR9MlRNA3Ku6w,K_B Baghel House,places,en,78,28.49231175,77.29600375000001,28.491239399999998,77.2939857,0,del,Delhi,2026-09-01T02:58:19.625217Z
ChIJwdy1dEHnDDkR2VfyTY-deW0,Chatkara Fast And Food Cafe,places,en,78,28.49231175,77.29600375000001,28.4938006,77.2941852,0,del,Delhi,2026-09-01T02:58:19.625224Z
ChIJlSsgbJnnDDkRyjrDRuUkaeY,The Champaran's - Taste of Bihar,places,en,78,28.49231175,77.29600375000001,28.4939461,77.2942743,0,del,Delhi,2026-09-01T02:58:19.625231Z
ChIJ42yqQR7nDDkRT6IF6Bi5ALc,Aggarwal Restaurant,places,en,78,28.49231175,77.29600375000001,28.4939175,77.294178,0,del,Delhi,2026-09-01T02:58:19.625238Z
ChIJRxDIlNfmDDkRbzYUucLrMjg,Punjabi Rasoi,places,en,78,28.49231175,77.29600375000001,28.494688,77.296808,0,del,Delhi,2026-09-01T02:58:19.625245Z
ChIJYZlp69fmDDkRm7MsQ0qo6mI,Taniya Taja Halal Chicken & Mutton Shop,places,en,78,28.49231175,77.29600375000001,28.4946995,77.2967649,0,del,Delhi,2026-09-01T02:58:19.625252Z
ChIJvzxs3mDnDDkR-J6fuAFWjkQ,Her Chef,places,en,78,28.49231175,77.29600375000001,28.4947031,77.2951114,0,del,Delhi,2026-09-01T02:58:19.625259Z
ChIJw3xwLADnDDkREHoeGI_5yDU,सुरेश सिंह हलवाई,places,en,78,28.49231175,77.29600375000001,28.4901429,77.2945372,0,del,Delhi,2026-09-01T02:58:19.625266Z
ChIJffcMAeHmDDkRt5RuI3PUwPc,Desi Bites,places,en,79,28.4982739,77.31231125,28.4978272,77.3125325,0,del,Delhi,2026-09-01T02:58:19.973979Z
ChIJe100B-HmDDkRGibgf6O5tkk,Saini Kachodi Center,places,en,79,28.4982739,77.31231125,28.4977977,77.3121738,0,del,Delhi,2026-09-01T02:58:19.974018Z
ChIJdymD-eDmDDkRpeTI8iFoyt0,Sai Fast Food,places,en,79,28.4982739,77.31231125,28.4978141,77.31172719999999,0,del,Delhi,2026-09-01T02:58:19.974028Z
ChIJOdaAOYbnDDkRJOP9xr9kOJY,Vidhaan Cloud Kitchen,places,en,79,28.4982739,77.31231125,28.4985404,77.31318900000001,0,del,Delhi,2026-09-01T02:58:19.974036Z
ChIJnbT42uDmDDkRemXif_reHb8,Pizza Delivery,places,en,79,28.4982739,77.31231125,28.499494,77.31177799999999,0,del,Delhi,2026-09-01T02:58:19.974044Z
ChIJS0WssvbnDDkRIQPbwUccqnI,Shahid Muslim Dhaba,places,en,79,28.4982739,77.31231125,28.496932299999997,77.3117858,0,del,Delhi,2026-09-01T02:58:19.974052Z
ChIJXw7qTeHmDDkRApdwGDNAZ8k,Ram Rasoi,places,en,79,28.4982739,77.31231125,28.499752299999997,77.3117129,0,del,Delhi,2026-09-01T02:58:19.974059Z
ChIJeZQo0ODmDDkRLl6fp9ha2h4,Pizza House,places,en,79,28.4982739,77.31231125,28.499862099999998,77.3121689,0,del,Delhi,2026-09-01T02:58:19.974066Z
ChIJLXukIxznDDkRCHF1DYt5fsQ,The pizza treat,places,en,79,28.4982739,77.31231125,28.4998871,77.31246949999999,0,del,Delhi,2026-09-01T02:58:19.974074Z
ChIJeZQo0ODmDDkRUQWY_Y83gKs,Alam Biryani Chicken Corner,places,en,79,28.4982739,77.31231125,28.499773599999997,77.3116229,0,del,Delhi,2026-09-01T02:58:19.974081Z
ChIJL9mlKeHmDDkRWvTKUcGeHnw,NEPALI RESTAURANT,places,en,79,28.4982739,77.31231125,28.499887899999997,77.3124977,0,del,Delhi,2026-09-01T02:58:19.974088Z
ChIJt18IKeHmDDkRfBcbHjjyBdE,Shama Biryani Family Restaurant,places,en,79,28.4982739,77.31231125,28.4998886,77.3125125,0,del,Delhi,2026-09-01T02:58:19.974095Z
ChIJRaZlJQDnDDkRqkhfzELv8sc,NomNom Bitez,places,en,79,28.4982739,77.31231125,28.499941099999997,77.31253749999999,0,del,Delhi,2026-09-01T02:58:19.974102Z
ChIJUZk-8OvnDDkRSKLujSCcLM4,TAMBA Restro & Banquet,places,en,79,28.4982739,77.31231125,28.4999498,77.3121609,0,del,Delhi,2026-09-01T02:58:19.974109Z
ChIJVS_a2Z3nDDkR4tR-Xbu7THI,Zero Hour Cafe,places,en,79,28.4982739,77.31231125,28.499951099999997,77.31249489999999,0,del,Delhi,2026-09-01T02:58:19.974115Z
ChIJyfAw6_LnDDkROjLg9QT_vOs,zaika kathi rolls & more *Restaurant*,places,en,79,28.4982739,77.31231125,28.5000166,77.3125348,0,del,Delhi,2026-09-01T02:58:19.974122Z
ChIJ2dYfBOHmDDkRSY-W8VjdUqw,Chilli Flame,places,en,79,28.4982739,77.31231125,28.499978100000003,77.3130448,0,del,Delhi,2026-09-01T02:58:19.974129Z
ChIJYT4pxsjnDDkRwUBDNtbDlT4,Cafe Trivo,places,en,79,28.4982739,77.31231125,28.499981599999998,77.3130444,0,del,Delhi,2026-09-01T02:58:19.974136Z
ChIJC1uVhODnDDkRqOjB_HQ6Hgc,Sardaar ji parathe rolls and fast food point,places,en,79,28.4982739,77.31231125,28.4998544,77.31120969999999,0,del,Delhi,2026-09-01T02:58:19.974143Z
ChIJ0TLJWwDnDDkRZajy4V5-g_s,Foodie’s paradise,places,en,79,28.4982739,77.31231125,28.496382299999997,77.31261909999999,0,del,Delhi,2026-09-01T02:58:19.974150Z
ChIJVVVVDA7iDDkRQeYGc11yFsc,The Night Kitchen,places,en,80,28.5474398,77.20649555,28.5470607,77.2047664,0,del,Delhi,2026-09-01T02:58:20.370656Z
ChIJt5tJKADjDDkRMihW5T78v_Q,Burger House,places,en,80,28.5474398,77.20649555,28.5454083,77.2072611,0,del,Delhi,2026-09-01T02:58:20.370679Z
ChIJCWzkxsnjDDkRKqekVUC4Zgs,Burger Singh,places,en,80,28.5474398,77.20649555,28.5452917,77.2069475,0,del,Delhi,2026-09-01T02:58:20.370686Z
ChIJZV-6AfPjDDkRj1PlJUhqg4I,Delhi Chow,places,en,80,28.5474398,77.20649555,28.5451684,77.20724919999999,0,del,Delhi,2026-09-01T02:58:20.370691Z
ChIJh4DgQk_jDDkRvmCRxjCuNhA,Tandoor Street,places,en,80,28.5474398,77.20649555,28.5498698,77.20563709999999,0,del,Delhi,2026-09-01T02:58:20.370695Z
ChIJmUxkAgADDTkRxMmQ8smjd0Q,Dilip mayapuri ke special chole kulche,places,en,81,28.618852750000002,77.11594505,28.619601,77.1149806,0,del,Delhi,2026-09-01T02:58:20.784712Z
ChIJS3ayCE4DDTkRDPS_EtEH3GY,Pritam Meat Wala (SINCE-1987),places,en,81,28.618852750000002,77.11594505,28.619575400000002,77.11482579999999,0,del,Delhi,2026-09-01T02:58:20.784739Z
ChIJsW1Ra04DDTkRUyDbNzHXf-U,Khalsa Hotel,places,en,81,28.618852750000002,77.11594505,28.6203838,77.1155187,0,del,Delhi,2026-09-01T02:58:20.784747Z
ChIJ15b3ak4DDTkRSrOEk3VU5nM,New Khalsa Restaurant,places,en,81,28.618852750000002,77.11594505,28.6203918,77.11554500000001,0,del,Delhi,2026-09-01T02:58:20.784754Z
ChIJ2fFV3wIDDTkRS9eW4ZqHFik,Chacha Dhaba,places,en,81,28.618852750000002,77.11594505,28.6190186,77.1141098,0,del,Delhi,2026-09-01T02:58:20.784763Z
ChIJV6h6sk0DDTkRxUaVB5RSNts,Bala Meat Wala,places,en,81,28.618852750000002,77.11594505,28.6173388,77.1166583,0,del,Delhi,2026-09-01T02:58:20.784769Z
ChIJU2aCQQADDTkRp6PFB1YEP3E,Kabuli Dahi Bhalle,places,en,81,28.618852750000002,77.11594505,28.619271599999998,77.11406029999999,0,del,Delhi,2026-09-01T02:58:20.784775Z
ChIJz7E7t8kDDTkR9qoPPJtUMmI,PRINCE VIJ SWIGGY SERVICE,places,en,81,28.618852750000002,77.11594505,28.6205251,77.11686329999999,0,del,Delhi,2026-09-01T02:58:20.784780Z
ChIJJ8iyPnQDDTkR5I-OkC7gLao,SAMI STORE,places,en,81,28.618852750000002,77.11594505,28.620531699999997,77.1169807,0,del,Delhi,2026-09-01T02:58:20.784785Z
ChIJr8NLFU4DDTkROyCsE1mqhP0,Tilak Dhaba,places,en,81,28.618852750000002,77.11594505,28.6207257,77.1154853,0,del,Delhi,2026-09-01T02:58:20.784791Z
ChIJO-YL628DDTkRm8zqFc6PuDM,SOVA DELHI,places,en,81,28.618852750000002,77.11594505,28.6201074,77.11763549999999,0,del,Delhi,2026-09-01T02:58:20.784796Z
ChIJ15BxwJkDDTkRm3L_dOfo9yg,SUMITRA FOOD STORE,places,en,81,28.618852750000002,77.11594505,28.6205675,77.117127,0,del,Delhi,2026-09-01T02:58:20.784801Z
ChIJHf7eEFIDDTkRH7tiYIBtSAg,Khalsa Parivar Restaurant,places,en,81,28.618852750000002,77.11594505,28.6170216,77.11500219999999,0,del,Delhi,2026-09-01T02:58:20.784806Z
ChIJFQQaZkgDDTkRS-94hi3r5S4,MR SUNIL SWIGGY SERVICE,places,en,81,28.618852750000002,77.11594505,28.620681700000002,77.1170507,0,del,Delhi,2026-09-01T02:58:20.784811Z
ChIJzW8jepIDDTkReuyMSo4OhvI,PRINCE KUMAR SWIGGY SERVICE,places,en,81,28.618852750000002,77.11594505,28.620621399999997,77.11718479999999,0,del,Delhi,2026-09-01T02:58:20.784816Z
ChIJTZTbB4IDDTkRnVYA4ex-BM8,SANDEEP KUMAR,places,en,81,28.618852750000002,77.11594505,28.6206283,77.1171748,0,del,Delhi,2026-09-01T02:58:20.784821Z
ChIJZ2YslcEDDTkR6eq0dvDayK4,SHRI SHYAM JI STORE,places,en,81,28.618852750000002,77.11594505,28.6206292,77.11717349999999,0,del,Delhi,2026-09-01T02:58:20.784826Z
ChIJqT4L_gsDDTkRzGiBnDV-nyU,ANKUSH STORE,places,en,81,28.618852750000002,77.11594505,28.6206459,77.11714909999999,0,del,Delhi,2026-09-01T02:58:20.784831Z
ChIJPdrV5MADDTkRPiKKUWjyC2M,MR RANJEET SWIGGY SERVICE,places,en,81,28.618852750000002,77.11594505,28.6206532,77.1171385,0,del,Delhi,2026-09-01T02:58:20.784837Z
ChIJE7aat40DDTkRcJACyuqYCVs,RAJESH KUMAR YADAV SWIGGY SERVICE,places,en,81,28.618852750000002,77.11594505,28.6206437,77.1171573,0,del,Delhi,2026-09-01T02:58:20.784842Z
ChIJKRnrhJ0fDTkRae92RSGlVj4,Mukesh Dhaba,places,en,82,28.493793150000002,77.13413405,28.492747299999998,77.135911,0,del,Delhi,2026-09-01T02:58:21.134286Z
ChIJjSBCefcfDTkRH-GjrQK-Ems,Brie by sil vous plait,places,en,82,28.493793150000002,77.13413405,28.4936988,77.1366184,0,del,Delhi,2026-09-01T02:58:21.134322Z
ChIJQzbnm9UfDTkRSXboT7ZImBE,GYOZA by SVP,places,en,82,28.493793150000002,77.13413405,28.4936988,77.13662310000001,0,del,Delhi,2026-09-01T02:58:21.134331Z
ChIJByJ9m4AfDTkRUvAsWJw7wdU,The John's Kitchen,places,en,82,28.493793150000002,77.13413405,28.4919877,77.1355627,0,del,Delhi,2026-09-01T02:58:21.134336Z
ChIJOwZVyPrjDDkRnHeVZWe26fI,C1/1 lodhi garden,places,en,83,28.59704175,77.22046035,28.5978833,77.2212448,0,del,Delhi,2026-09-01T02:58:21.517101Z
ChIJGT34mFEbDTkRAqiSfxvS5h8,Pehli Roti,places,en,84,28.6056206,77.09533354999999,28.6059303,77.09453669999999,0,del,Delhi,2026-09-01T02:58:21.954580Z
ChIJS_9u8OobDTkRAoTCkw2C4g8,Kiran's Paratha Hub,places,en,84,28.6056206,77.09533354999999,28.6051437,77.0945777,0,del,Delhi,2026-09-01T02:58:21.954607Z
ChIJpW209eUbDTkRrSYLPXB4BFA,Dev's Kitchen,places,en,84,28.6056206,77.09533354999999,28.6051437,77.0945777,0,del,Delhi,2026-09-01T02:58:21.954615Z
ChIJiezxpLIbDTkRGYe61Z-uqgY,passionating panther,places,en,84,28.6056206,77.09533354999999,28.6051437,77.0945777,0,del,Delhi,2026-09-01T02:58:21.954621Z
ChIJSyHlN3IbDTkR8BHq-YMivFc,Ashish Fast Food,places,en,84,28.6056206,77.09533354999999,28.6055921,77.09635349999999,0,del,Delhi,2026-09-01T02:58:21.954626Z
ChIJtc2b3GIbDTkRIG8TdCPJqLo,ShivShakti Rasoi,places,en,84,28.6056206,77.09533354999999,28.605612299999997,77.0941979,0,del,Delhi,2026-09-01T02:58:21.954632Z
ChIJg19GaAAbDTkRPWGgq0GzLpE,PIZZA PERFECT,places,en,84,28.6056206,77.09533354999999,28.6054772,77.094138,0,del,Delhi,2026-09-01T02:58:21.954637Z
ChIJMRqSSQAbDTkRyelG3cHDF64,Shri Mukund Food,places,en,84,28.6056206,77.09533354999999,28.604589899999997,77.0943843,0,del,Delhi,2026-09-01T02:58:21.954642Z
ChIJwbzHOwAbDTkRI-HA2qZ9ieM,West sagarpur,places,en,84,28.6056206,77.09533354999999,28.6042985,77.09549109999999,0,del,Delhi,2026-09-01T02:58:21.954647Z
ChIJ14z4PlEbDTkRrH0VPHBSH8w,DAAWAT E KHAAS - RESTAURANT & BAR,places,en,84,28.6056206,77.09533354999999,28.6042985,77.0954912,0,del,Delhi,2026-09-01T02:58:21.954652Z
ChIJo_w_AgAbDTkRzgCAKbdE4dQ,Brijwasi Kachodi hi Kachodi,places,en,84,28.6056206,77.09533354999999,28.606462999999998,77.09680519999999,0,del,Delhi,2026-09-01T02:58:21.954657Z
ChIJFTT-JQAbDTkRiduW0fIC4NI,Pan Puri Stall,places,en,84,28.6056206,77.09533354999999,28.6067486,77.0969509,0,del,Delhi,2026-09-01T02:58:21.954662Z
ChIJR6lDIwUbDTkRLwaf4g_Zh6M,Bhojpuriya Foods,places,en,84,28.6056206,77.09533354999999,28.607097999999997,77.0966569,0,del,Delhi,2026-09-01T02:58:21.954667Z
ChIJVxc0dAAbDTkRlDMli0YIBnU,Momo wala,places,en,84,28.6056206,77.09533354999999,28.607501199999998,77.0956392,0,del,Delhi,2026-09-01T02:58:21.954672Z
ChIJbWXAagAbDTkRK5wPBSA5TjQ,South Indian fast food,places,en,84,28.6056206,77.09533354999999,28.607560699999997,77.0951716,0,del,Delhi,2026-09-01T02:58:21.954677Z
ChIJveD9eM4bDTkR9vPm_8ZnxZQ,Unique Point,places,en,84,28.6056206,77.09533354999999,28.6074853,77.0945639,0,del,Delhi,2026-09-01T02:58:21.954682Z
ChIJLyjOCFEbDTkRuG7kb3e0Yak,DEEPAK FAST FOOD,places,en,84,28.6056206,77.09533354999999,28.603807,77.09418649999999,0,del,Delhi,2026-09-01T02:58:21.954687Z
ChIJm20sO1IbDTkRQl6iCiRw184,Sunil Fast Food,places,en,84,28.6056206,77.09533354999999,28.606294899999998,77.0929604,0,del,Delhi,2026-09-01T02:58:21.954692Z
ChIJFRQxklYbDTkRPp2jtSOc_lw,Aman ka zaika,places,en,84,28.6056206,77.09533354999999,28.6078159,77.09551739999999,0,del,Delhi,2026-09-01T02:58:21.954697Z
ChIJLc9vJuwbDTkRVHbTV6Kk-Cw,Shree Shyam PTW,places,en,84,28.6056206,77.09533354999999,28.6073049,77.0969397,0,del,Delhi,2026-09-01T02:58:21.954702Z
ChIJG33KZAAdDTkRmq2ugy_e0ic,Khasta Kachori Center,places,en,85,28.5804295,77.10778579999999,28.577969699999997,77.1069354,0,del,Delhi,2026-09-01T02:58:22.361201Z
ChIJB5xsqDDhDDkRhkkY1BpYrwU,Aarvi Fast Food,places,en,87,28.49577575,77.24707144999999,28.495798200000003,77.2459634,0,del,Delhi,2026-09-01T02:58:23.036386Z
ChIJmY6yCo_hDDkRSlEHswRFPYQ,Magic Masala Momo,places,en,87,28.49577575,77.24707144999999,28.494750099999997,77.2473247,0,del,Delhi,2026-09-01T02:58:23.036397Z
ChIJP4EqTb3hDDkRKR7TjwwVYMc,Healty Kitchen,places,en,87,28.49577575,77.24707144999999,28.495556999999998,77.24569199999999,0,del,Delhi,2026-09-01T02:58:23.036400Z
ChIJUcfjjQ7hDDkRAAAAsKoN21U,Qurashi Shop. --Best mutton shop Delhi,places,en,87,28.49577575,77.24707144999999,28.4972604,77.2473517,0,del,Delhi,2026-09-01T02:58:23.036402Z
ChIJMXh2dgThDDkR7yy-JjFFLD4,KABIR BIKE POINT,places,en,87,28.49577575,77.24707144999999,28.4944399,77.2480819,0,del,Delhi,2026-09-01T02:58:23.036404Z
ChIJUaouOADhDDkR77KUYkJUj1Q,Ullu's fast food,places,en,87,28.49577575,77.24707144999999,28.4943389,77.2480317,0,del,Delhi,2026-09-01T02:58:23.036406Z
ChIJha7rZQDhDDkRtDLYihPZCB4,Mariyam kitchen,places,en,87,28.49577575,77.24707144999999,28.493965199999998,77.2473646,0,del,Delhi,2026-09-01T02:58:23.036407Z
ChIJe44IZQbhDDkR14JZX1ScbDk,Aggarwal Restaurant,places,en,87,28.49577575,77.24707144999999,28.4972329,77.2454581,0,del,Delhi,2026-09-01T02:58:23.036409Z
ChIJFdLljG3jDDkR98-kCmRYpzQ,Steel fabricator,places,en,87,28.49577575,77.24707144999999,28.495022,77.244915,0,del,Delhi,2026-09-01T02:58:23.036411Z
ChIJ0ec3DtDhDDkRdxFTLX8-V3Y,UP 85 Basera,places,en,87,28.49577575,77.24707144999999,28.497182799999997,77.245274,0,del,Delhi,2026-09-01T02:58:23.036412Z
ChIJWd-qcgDhDDkRlcCotggfC-0,Shani bazar,places,en,87,28.49577575,77.24707144999999,28.4972921,77.2452619,0,del,Delhi,2026-09-01T02:58:23.036414Z
ChIJyY22nurhDDkRNJrixCqYYtg,Chacha Galabbhandar,places,en,87,28.49577575,77.24707144999999,28.497292400000003,77.2452603,0,del,Delhi,2026-09-01T02:58:23.036416Z
ChIJm-7pVwDhDDkRN_KMgAgBmDw,Vk Roll Corner,places,en,87,28.49577575,77.24707144999999,28.494018399999998,77.2455844,0,del,Delhi,2026-09-01T02:58:23.036417Z
ChIJT_dcqYnhDDkRiesD54XzpUo,Momos corner alam,places,en,87,28.49577575,77.24707144999999,28.4973001,77.2452285,0,del,Delhi,2026-09-01T02:58:23.036419Z
ChIJZ2OLde7hDDkRrxTyZl-Gy58,Khushmita Chole Bhature,places,en,87,28.49577575,77.24707144999999,28.497488800000003,77.24545110000001,0,del,Delhi,2026-09-01T02:58:23.036420Z
ChIJD-VyXQDhDDkRh9NzXQgOvY4,Aj fast food,places,en,87,28.49577575,77.24707144999999,28.495654899999998,77.2445518,0,del,Delhi,2026-09-01T02:58:23.036422Z
ChIJ_3DzdYrhDDkRClBsMAfkFPg,Rakesh Fast Food Shop,places,en,87,28.49577575,77.24707144999999,28.4976234,77.24859959999999,0,del,Delhi,2026-09-01T02:58:23.036423Z
ChIJv9l12yPhDDkR29oXl6T90J8,CHINESE MALINGA,places,en,87,28.49577575,77.24707144999999,28.4975997,77.2454874,0,del,Delhi,2026-09-01T02:58:23.036425Z
ChIJcbeXgKnhDDkRemJKX34vyPQ,Yashveer Fast Food,places,en,87,28.49577575,77.24707144999999,28.4937436,77.2456807,0,del,Delhi,2026-09-01T02:58:23.036427Z
ChIJxSgoIy7hDDkRbfXVAc3LlP0,Vanaroots,places,en,87,28.49577575,77.24707144999999,28.4949524,77.2496523,0,del,Delhi,2026-09-01T02:58:23.036428Z
ChIJ82echbIZDTkRU4DgJ6Rx6ZU,Aravali,places,en,88,28.51603295,77.09075,28.514520599999997,77.0932618,0,del,Delhi,2026-09-01T02:58:23.401777Z
ChIJ_ZrM6ScfDTkR5guzlTnFvgo,OMI by Aldott,places,en,89,28.49113285,77.1083804,28.492682,77.1076935,0,del,Delhi,2026-09-01T02:58:23.740443Z
ChIJq5SJS2YfDTkRQUWOxyoaoOE,The Aldott Boutique Hotel,places,en,89,28.49113285,77.1083804,28.492682,77.1076935,0,del,Delhi,2026-09-01T02:58:23.740452Z
ChIJv9qXIyofDTkR5yEhcDF3QcQ,Guru ji Sweet,places,en,90,28.4696384,77.13350435000001,28.4705242,77.1330521,0,del,Delhi,2026-09-01T02:58:24.067517Z
ChIJbbquQGgfDTkRGee8AMD1Mrk,Da Pizza Makers,places,en,90,28.4696384,77.13350435000001,28.468849,77.13449609999999,0,del,Delhi,2026-09-01T02:58:24.067524Z
ChIJl6qlfL0fDTkRW-e07FNxUXM,Yashoda Tiffin Service,places,en,90,28.4696384,77.13350435000001,28.468515,77.1326648,0,del,Delhi,2026-09-01T02:58:24.067527Z
ChIJCeXhlXMfDTkRR4dTamc66K8,Bhavesh South Indian Food,places,en,90,28.4696384,77.13350435000001,28.470951499999998,77.1335988,0,del,Delhi,2026-09-01T02:58:24.067529Z
ChIJlwtgiB4fDTkRFpnIAcJ5uh0,Diksha Chinese Food Corner,places,en,90,28.4696384,77.13350435000001,28.47187,77.13268,0,del,Delhi,2026-09-01T02:58:24.067530Z
ChIJq6j9yegfDTkR-hWHbtDGI5o,Food shop,places,en,90,28.4696384,77.13350435000001,28.471998499999998,77.1329434,0,del,Delhi,2026-09-01T02:58:24.067532Z
ChIJi3UynOYfDTkRsKt07P8JB-c,Burger wala,places,en,90,28.4696384,77.13350435000001,28.471998499999998,77.1329434,0,del,Delhi,2026-09-01T02:58:24.067533Z
ChIJ-ZOWnEIfDTkRT372mMrpWWA,Ronak Rasoi,places,en,90,28.4696384,77.13350435000001,28.471998499999998,77.1329434,0,del,Delhi,2026-09-01T02:58:24.067534Z
ChIJC1R5pLgfDTkRF_Gf7I2oICk,IZHAR ANSARI & AMAAN ANSARI,places,en,90,28.4696384,77.13350435000001,28.467476299999998,77.1348919,0,del,Delhi,2026-09-01T02:58:24.067536Z
ChIJwUJPEE8fDTkRaFECf9K_Rw4,The Lazy Cafe,places,en,90,28.4696384,77.13350435000001,28.4721438,77.13282640000001,0,del,Delhi,2026-09-01T02:58:24.067537Z
ChIJQeQWp8UfDTkRSF07gOJhggQ,Bhole Chart Gup Chup,places,en,90,28.4696384,77.13350435000001,28.4722071,77.13284089999999,0,del,Delhi,2026-09-01T02:58:24.067538Z
ChIJR9fMVGMfDTkRf2dt4vz3fvo,MITRA DA DHABA,places,en,91,28.51370935,77.11681965,28.5150498,77.1167026,0,del,Delhi,2026-09-01T02:58:24.453646Z
ChIJRWMTfkcfDTkRIJ0xHacRKUY,Satish Veg Biryani,places,en,91,28.51370935,77.11681965,28.5147822,77.1141316,0,del,Delhi,2026-09-01T02:58:24.453652Z
ChIJ8Zr1C7EfDTkRqOwGsvB9Adc,Ravindra,places,en,91,28.51370935,77.11681965,28.514946,77.114217,0,del,Delhi,2026-09-01T02:58:24.453654Z
ChIJIexQGLH9DDkRFMuTjzpqc2Y,sardar ji maggi wale,places,en,94,28.644065050000002,77.2759673,28.6442765,77.2763609,0,del,Delhi,2026-09-01T02:58:25.505880Z
ChIJF0arIKX8DDkRfkhUCHTNu7w,Pick N Go Burger,places,en,94,28.644065050000002,77.2759673,28.6442765,77.2763609,0,del,Delhi,2026-09-01T02:58:25.505908Z
ChIJNSub-hH9DDkRPYE7cQ89s9w,Alkauser East Delhi,places,en,94,28.644065050000002,77.2759673,28.6448917,77.27575,0,del,Delhi,2026-09-01T02:58:25.505917Z
ChIJrysPRG79DDkRw1AEA3tv9Ms,Cafè 44,places,en,94,28.644065050000002,77.2759673,28.644237099999998,77.2744362,0,del,Delhi,2026-09-01T02:58:25.505923Z
ChIJ3b6mcwD9DDkRYiY116yZRZo,Nuhu Namak ka Firozpur,places,en,94,28.644065050000002,77.2759673,28.6447067,77.2779031,0,del,Delhi,2026-09-01T02:58:25.505929Z
ChIJ57W2fD79DDkRlPJtPKx5o2c,Cozy Cup Shop,places,en,94,28.644065050000002,77.2759673,28.643614399999997,77.2738949,0,del,Delhi,2026-09-01T02:58:25.505934Z
ChIJI-ZlwyP9DDkRUJs0GXjATR0,Ram Chole Kulche,places,en,94,28.644065050000002,77.2759673,28.646010999999998,77.27629089999999,0,del,Delhi,2026-09-01T02:58:25.505939Z
ChIJ4w8f-NT9DDkRqacVgudCFqM,Pranshi Fast Food,places,en,94,28.644065050000002,77.2759673,28.6462498,77.2764341,0,del,Delhi,2026-09-01T02:58:25.505945Z
ChIJ1zSthWr9DDkRUuqDSCQ52uw,PIZZA BURGER PLAZA,places,en,94,28.644065050000002,77.2759673,28.6460127,77.27418949999999,0,del,Delhi,2026-09-01T02:58:25.505950Z
ChIJIRl_tQ_9DDkRd4hVVYCCTQE,Bombay Grilled And Toast Sandwich Point,places,en,94,28.644065050000002,77.2759673,28.645345,77.2733745,0,del,Delhi,2026-09-01T02:58:25.505955Z
ChIJKQoKUAsdDTkRKskRNh3iSgQ,Krezi Pizza Corner,places,en,95,28.5463843,77.13089155,28.5460924,77.13073,0,del,Delhi,2026-09-01T02:58:25.849273Z
ChIJ9a8yCdYdDTkRhXaRRcWMass,ANURAG FAST FOOD,places,en,95,28.5463843,77.13089155,28.5466069,77.1305496,0,del,Delhi,2026-09-01T02:58:25.849298Z
ChIJAxtdDDAdDTkRl8_Wm4Q5Uuw,PR PIZZA HUB,places,en,95,28.5463843,77.13089155,28.5470752,77.1310647,0,del,Delhi,2026-09-01T02:58:25.849305Z
ChIJMTflu0AcDTkRAAAAsLBfWSg,Chaudhari Restaranst,places,en,95,28.5463843,77.13089155,28.547244799999998,77.1302272,0,del,Delhi,2026-09-01T02:58:25.849311Z
ChIJR7xFNvcdDTkRGotrH3W4It4,Aroon Food Services Pvt Ltd,places,en,95,28.5463843,77.13089155,28.5471047,77.13198179999999,0,del,Delhi,2026-09-01T02:58:25.849316Z
ChIJseDvdTIdDTkRCKI_oo8wZ2s,Subham Fast Food,places,en,95,28.5463843,77.13089155,28.545044899999997,77.13033450000002,0,del,Delhi,2026-09-01T02:58:25.849321Z
ChIJqX86Zj8cDTkR4sREE7Xthu4,Apni Rasoi,places,en,95,28.5463843,77.13089155,28.5454863,77.1295951,0,del,Delhi,2026-09-01T02:58:25.849326Z
ChIJP1BQuTodDTkRzfy2mJz8dsk,Mountain Momos,places,en,95,28.5463843,77.13089155,28.5474084,77.1296694,0,del,Delhi,2026-09-01T02:58:25.849331Z
ChIJkXXsZtEdDTkR3KiyZWCkyek,Samir,places,en,95,28.5463843,77.13089155,28.5448272,77.1305433,0,del,Delhi,2026-09-01T02:58:25.849336Z
ChIJr3x_yf4dDTkRfxzemdzArEo,Fast FLood,places,en,95,28.5463843,77.13089155,28.5453855,77.12946269999999,0,del,Delhi,2026-09-01T02:58:25.849341Z
ChIJkRISfgAdDTkRWrIaO7kiZPg,Mahipalpur,places,en,95,28.5463843,77.13089155,28.547895399999998,77.1302931,0,del,Delhi,2026-09-01T02:58:25.849346Z
ChIJPY2_djD9DDkRK9GH61NSbzg,LA-BITE PIZZARO,places,en,95,28.5463843,77.13089155,28.5473686,77.1294324,0,del,Delhi,2026-09-01T02:58:25.849351Z
ChIJQ6Qs0cYdDTkRo0vtxU_yNaU,Shama Chicken Biryani Corner,places,en,95,28.5463843,77.13089155,28.5473476,77.1293711,0,del,Delhi,2026-09-01T02:58:25.849356Z
ChIJY9gAk0AcDTkRoCdcffKO5iM,Delhi Darber Specal Chicken Briyani Corner,places,en,95,28.5463843,77.13089155,28.547527199999998,77.1295057,0,del,Delhi,2026-09-01T02:58:25.849361Z
ChIJfxVvk0AcDTkR6zPah3tHG0Q,Aditya Food Corner,places,en,95,28.5463843,77.13089155,28.547461,77.129381,0,del,Delhi,2026-09-01T02:58:25.849366Z
ChIJny9rk0AcDTkRFx14kC2i7MY,A-One Lazeez Chicken Corner,places,en,95,28.5463843,77.13089155,28.5474563,77.12937339999999,0,del,Delhi,2026-09-01T02:58:25.849371Z
ChIJJasvs20dDTkRktw1TFpqqck,Mr.pizza,places,en,95,28.5463843,77.13089155,28.5473568,77.1292873,0,del,Delhi,2026-09-01T02:58:25.849376Z
ChIJ6VuOCgAdDTkR57a8albaKk4,Prince fast food & A1 muradabadi briyani,places,en,95,28.5463843,77.13089155,28.547726899999997,77.13214219999999,0,del,Delhi,2026-09-01T02:58:25.849381Z
ChIJU5hCkkAcDTkRw2Bg94CFZKs,Choudhary Dhaba,places,en,95,28.5463843,77.13089155,28.547336899999998,77.1291944,0,del,Delhi,2026-09-01T02:58:25.849386Z
ChIJ49HN7EAcDTkRwpHrBfA_zXc,Dilli Darbar,places,en,95,28.5463843,77.13089155,28.5475753,77.12933559999999,0,del,Delhi,2026-09-01T02:58:25.849391Z
ChIJ95_LcQD9DDkRPuXnUp2dc4Q,Crowd cafe,places,en,96,28.63319595,77.2821907,28.6333241,77.2821764,0,del,Delhi,2026-09-01T02:58:26.193111Z
ChIJxxgHSSjjDDkR2I8vjoIlrQU,3 Idiots Chinese Adda,places,en,96,28.63319595,77.2821907,28.6333414,77.2822151,0,del,Delhi,2026-09-01T02:58:26.193139Z
ChIJT36z-lH9DDkR266tiB7pzUE,Ace cafe,places,en,96,28.63319595,77.2821907,28.6332035,77.2819804,0,del,Delhi,2026-09-01T02:58:26.193150Z
ChIJIYZ3ROr9DDkRf0bqJ6KHmNc,Rolls & Ramen,places,en,96,28.63319595,77.2821907,28.6330346,77.28246759999999,0,del,Delhi,2026-09-01T02:58:26.193159Z
ChIJTdImkLLjDDkRWA6BHN0Qlg0,The Yellow Bowl,places,en,96,28.63319595,77.2821907,28.633004699999997,77.28245079999999,0,del,Delhi,2026-09-01T02:58:26.193167Z
ChIJbRvPDwD9DDkRV6EqtqwKDXY,New Chinese Hut,places,en,96,28.63319595,77.2821907,28.633059,77.2824937,0,del,Delhi,2026-09-01T02:58:26.193172Z
ChIJnb9FdwD9DDkRvJxHTn_tj5k,Flavor haven restro,places,en,96,28.63319595,77.2821907,28.632981899999997,77.2824337,0,del,Delhi,2026-09-01T02:58:26.193178Z
ChIJ3Uda_mj9DDkRCTugNia5KBk,Soups and roll Junction,places,en,96,28.63319595,77.2821907,28.6331493,77.2825544,0,del,Delhi,2026-09-01T02:58:26.193183Z
ChIJdXXj_6D9DDkR3q4D3SQlSg0,Fiestaa Cafe,places,en,96,28.63319595,77.2821907,28.6328626,77.2823397,0,del,Delhi,2026-09-01T02:58:26.193189Z
ChIJF-ILBez9DDkRaW6w5oaGDXQ,Manohar chai shakarpur,places,en,96,28.63319595,77.2821907,28.6328632,77.2823495,0,del,Delhi,2026-09-01T02:58:26.193194Z
ChIJLVFxzT_9DDkRW0aFdKo2uMk,Ghar Sa Taste Like Home (Tiffin Service),places,en,96,28.63319595,77.2821907,28.633439199999998,77.2825115,0,del,Delhi,2026-09-01T02:58:26.193199Z
ChIJXZd34iD9DDkRVlwo1yvC-U8,Bharat Chinese Fast food Corner,places,en,96,28.63319595,77.2821907,28.6330116,77.282598,0,del,Delhi,2026-09-01T02:58:26.193204Z
ChIJ5ZJvKD_lDDkRa0xBebQdNZw,T-Time Cafe,places,en,96,28.63319595,77.2821907,28.6332715,77.28264209999999,0,del,Delhi,2026-09-01T02:58:26.193209Z
ChIJWfvZdw_jDDkR6iOPqF7K3XU,Bhaj radhe govindam,places,en,96,28.63319595,77.2821907,28.6330317,77.2826298,0,del,Delhi,2026-09-01T02:58:26.193214Z
ChIJJ-z3wQT9DDkRhkUlNWb-_Kg,Chahat Restorant,places,en,96,28.63319595,77.2821907,28.632987,77.2826352,0,del,Delhi,2026-09-01T02:58:26.193219Z
ChIJJyaOswL9DDkR2pTreQKQx9Y,Indian Chicken Biryani,places,en,96,28.63319595,77.2821907,28.6332989,77.2826855,0,del,Delhi,2026-09-01T02:58:26.193224Z
ChIJ7bHPDPX9DDkR2o86wJCszDk,The Waffle Co.,places,en,96,28.63319595,77.2821907,28.6330758,77.2816864,0,del,Delhi,2026-09-01T02:58:26.193229Z
ChIJHz64u6v8DDkRHib2h63raFM,Khana Badoshi Dhaba,places,en,96,28.63319595,77.2821907,28.633426,77.282668,0,del,Delhi,2026-09-01T02:58:26.193234Z
ChIJudPakob9DDkRyncn7AxAeuI,Haryana Chicken Corner,places,en,96,28.63319595,77.2821907,28.6336034,77.2825107,0,del,Delhi,2026-09-01T02:58:26.193239Z
ChIJOwg_C-L9DDkRd9lGF0EGfxM,Mridul's Custom Burgers,places,en,96,28.63319595,77.2821907,28.6327118,77.2819097,0,del,Delhi,2026-09-01T02:58:26.193244Z
ChIJz4Oo-RkdDTkRUNZebFF438c,Delhi Da Dhaba,places,en,97,28.53940625,77.12653689999999,28.5388801,77.1266641,0,del,Delhi,2026-09-01T02:58:26.612073Z
ChIJo06q8swdDTkRyRtAsih0tnw,NEW Punjabi Family Restaurant,places,en,97,28.53940625,77.12653689999999,28.538859199999997,77.12682830000001,0,del,Delhi,2026-09-01T02:58:26.612104Z
ChIJjRA2_2sdDTkRQijyGiCyTOk,Charcoal Eats - Mahipalpur,places,en,97,28.53940625,77.12653689999999,28.540352,77.125789,0,del,Delhi,2026-09-01T02:58:26.612112Z
ChIJLYO8JPcdDTkR1dPJw04s4tk,Rahul Parathe,places,en,97,28.53940625,77.12653689999999,28.540531700000003,77.12598419999999,0,del,Delhi,2026-09-01T02:58:26.612119Z
ChIJMUhYg0QdDTkRH3i-DP4TTNw,Shishpal Sweets,places,en,97,28.53940625,77.12653689999999,28.5403323,77.12747449999999,0,del,Delhi,2026-09-01T02:58:26.612127Z
ChIJCa5yhkcdDTkR9NI5_ndh4ys,Karma-The Food Point,places,en,97,28.53940625,77.12653689999999,28.5410836,77.1266867,0,del,Delhi,2026-09-01T02:58:26.612134Z
ChIJd84Rt_wdDTkROvaEQlKNNsg,Ajay Fast Food,places,en,97,28.53940625,77.12653689999999,28.5377446,77.1260448,0,del,Delhi,2026-09-01T02:58:26.612141Z
ChIJTZtkPaEdDTkRTnsrTlEcdiU,MAHIPALPUR K2,places,en,97,28.53940625,77.12653689999999,28.540938299999997,77.1281722,0,del,Delhi,2026-09-01T02:58:26.612148Z
ChIJ95v_9BUcDTkRqr1ANO_yAgI,Ravat Dhaba Utrakhand,places,en,97,28.53940625,77.12653689999999,28.541265499999998,77.1252961,0,del,Delhi,2026-09-01T02:58:26.612155Z
ChIJn5wB_GIdDTkRrHLnjcctoPA,Mom's Kitchen,places,en,97,28.53940625,77.12653689999999,28.5410085,77.1281545,0,del,Delhi,2026-09-01T02:58:26.612162Z
ChIJJWQIws4dDTkRe84Pi3uFQTA,Tiffin Service by Grace Ki Rasoi,places,en,97,28.53940625,77.12653689999999,28.5418029,77.1269829,0,del,Delhi,2026-09-01T02:58:26.612169Z
ChIJ0yc4hmUdDTkR3-OjB5LjRgE,Kalapna Fast Food,places,en,97,28.53940625,77.12653689999999,28.5376963,77.12425879999999,0,del,Delhi,2026-09-01T02:58:26.612176Z
ChIJNxJ-GgAdDTkRzO62sqCl5EE,Mahipalpur,places,en,97,28.53940625,77.12653689999999,28.541335399999998,77.1244337,0,del,Delhi,2026-09-01T02:58:26.612183Z
ChIJ6WDuMgXhDDkR2-3L2jkPEao,Mini Restaurant,places,en,98,28.4984441,77.25220755000001,28.4991105,77.2515256,0,del,Delhi,2026-09-01T02:58:26.952436Z
ChIJu6baCQDhDDkRS6eO059_gec,Vedic Sattvic Foods Sangam Vihar,places,en,98,28.4984441,77.25220755000001,28.5001589,77.252403,0,del,Delhi,2026-09-01T02:58:26.952468Z
ChIJZ4IuEgXhDDkRQYSEAdjoKvI,DESI CHINESE MOMO CORNER,places,en,98,28.4984441,77.25220755000001,28.4984951,77.2501977,0,del,Delhi,2026-09-01T02:58:26.952478Z
ChIJq-J2XmnhDDkRxQcl-S9JsmI,Khanna fast food,places,en,98,28.4984441,77.25220755000001,28.497018599999997,77.2503971,0,del,Delhi,2026-09-01T02:58:26.952486Z
ChIJvb1diunhDDkRVBSdWIcghWc,Dhokebaaz Momos Wala,places,en,98,28.4984441,77.25220755000001,28.4970565,77.2502698,0,del,Delhi,2026-09-01T02:58:26.952493Z
ChIJswP3ygThDDkRPNxGv-c-RoQ,Olive Kitchen,places,en,98,28.4984441,77.25220755000001,28.496252499999997,77.2518436,0,del,Delhi,2026-09-01T02:58:26.952500Z
ChIJ3bqpK8j7DDkRo85ViR_CDVM,Health freaks cafe,places,en,99,28.62638715,77.30843089999999,28.627819,77.308026,0,del,Delhi,2026-09-01T02:58:27.293772Z
ChIJafU7jqPlDDkRcTizpb6P4Gc,KABABLICIOUS - The Smokey Feast,places,en,99,28.62638715,77.30843089999999,28.627916300000003,77.3082598,0,del,Delhi,2026-09-01T02:58:27.293795Z
ChIJlaqqqsvkDDkRrl5sRo5LW0A,Vaishno Amritsaari Naan,places,en,99,28.62638715,77.30843089999999,28.627886999999998,77.3079439,0,del,Delhi,2026-09-01T02:58:27.293800Z
ChIJlaqqqsvkDDkR9DkMYZj84rY,Vaishno Snacks Corner,places,en,99,28.62638715,77.30843089999999,28.6279168,77.30807659999999,0,del,Delhi,2026-09-01T02:58:27.293805Z
ChIJcaCN6tv9DDkRb_2tdSqi5Sg,Wraapchik Rolls,places,en,99,28.62638715,77.30843089999999,28.627915299999998,77.3079523,0,del,Delhi,2026-09-01T02:58:27.293810Z
ChIJ634db3n7DDkR48uvm_NCtg8,Satish Dhaba,places,en,99,28.62638715,77.30843089999999,28.6279711,77.3081751,0,del,Delhi,2026-09-01T02:58:27.293814Z
ChIJ5-72nHrlDDkRai-mhTXU_zE,Food Point,places,en,99,28.62638715,77.30843089999999,28.6279921,77.3082171,0,del,Delhi,2026-09-01T02:58:27.293819Z
ChIJ5_vEvPTlDDkREOKNc5I_l8Q,Lord of Momoz - I.P.Extension,places,en,99,28.62638715,77.30843089999999,28.628035399999998,77.30829320000001,0,del,Delhi,2026-09-01T02:58:27.293823Z
ChIJpVwBMPTlDDkRW6GrbnsgYYU,True Blue Resto Lounge Bar Class Room,places,en,99,28.62638715,77.30843089999999,28.6280853,77.30873199999999,0,del,Delhi,2026-09-01T02:58:27.293827Z
ChIJhZn6jbXkDDkRcCrVDorbQW8,Classic Momos,places,en,99,28.62638715,77.30843089999999,28.6280693,77.3089628,0,del,Delhi,2026-09-01T02:58:27.293831Z
ChIJdfXioW3lDDkRHPlDpgN9wG0,Chole kulche wali Didi,places,en,99,28.62638715,77.30843089999999,28.6282675,77.3087894,0,del,Delhi,2026-09-01T02:58:27.293835Z
ChIJ-T4GL7bkDDkReOfUP2F_tHo,Punjabi Dhaba,places,en,99,28.62638715,77.30843089999999,28.6239223,77.3087109,0,del,Delhi,2026-09-01T02:58:27.293839Z
ChIJD6YLR3HlDDkRC18X9KqoCHg,Dhanaulti Castle,places,en,99,28.62638715,77.30843089999999,28.6239547,77.309001,0,del,Delhi,2026-09-01T02:58:27.293843Z
ChIJ-XDwF-3lDDkRxUNyI7dGqxM,Momo Hangout,places,en,99,28.62638715,77.30843089999999,28.623897,77.3087481,0,del,Delhi,2026-09-01T02:58:27.293847Z
ChIJdQAAyVobDTkRUNvUR4a6ULc,PIZZA DAY,places,en,100,28.6052087,77.10239594999999,28.606049199999998,77.1019975,0,del,Delhi,2026-09-01T02:58:27.715661Z
ChIJndg481IdDTkRphub-OAq1O4,Krishna Fast Food,places,en,100,28.6052087,77.10239594999999,28.6047563,77.10340699999999,0,del,Delhi,2026-09-01T02:58:27.715693Z
ChIJG_MB-2wbDTkRancHhabVS2w,Shef ki Rasoi,places,en,100,28.6052087,77.10239594999999,28.6041414,77.1021403,0,del,Delhi,2026-09-01T02:58:27.715705Z
ChIJPYjf5i8bDTkReEpK86QHN3g,Wah Mote Waah,places,en,100,28.6052087,77.10239594999999,28.6064324,77.1023459,0,del,Delhi,2026-09-01T02:58:27.715713Z
ChIJl_CddAobDTkR07-C5mbONgc,INDIAN SWADISHT,places,en,100,28.6052087,77.10239594999999,28.605798300000004,77.10109419999999,0,del,Delhi,2026-09-01T02:58:27.715721Z
ChIJDbJ4N1YbDTkRB22MypRi-OY,Radha\'s Home Made Food,places,en,100,28.6052087,77.10239594999999,28.604317199999997,77.1012559,0,del,Delhi,2026-09-01T02:58:27.715729Z
ChIJV4f9w_QdDTkRNBRHh-_JaFg,Godh home tiffin services,places,en,100,28.6052087,77.10239594999999,28.6045491,77.10373349999999,0,del,Delhi,2026-09-01T02:58:27.715736Z
ChIJ2xUbJiEbDTkRTG24FHztiC0,Akash Sharma,places,en,100,28.6052087,77.10239594999999,28.6065211,77.10193679999999,0,del,Delhi,2026-09-01T02:58:27.715743Z
ChIJV91fgaUbDTkRL962HjS0fa0,TYAGI’S CAFE AND RESTAURANT,places,en,100,28.6052087,77.10239594999999,28.605698,77.1008367,0,del,Delhi,2026-09-01T02:58:27.715751Z
ChIJmfrJRhAbDTkREYINX24S0VU,Sharma ( Take Away ),places,en,100,28.6052087,77.10239594999999,28.604592099999998,77.10070999999999,0,del,Delhi,2026-09-01T02:58:27.715758Z
ChIJWcdiWE8dDTkREDzN-CNpTsY,Super Bakers,places,en,100,28.6052087,77.10239594999999,28.60647,77.10372,0,del,Delhi,2026-09-01T02:58:27.715764Z
ChIJm7SMj-QbDTkRp7K1ROMR4G8,Comfort Cafe,places,en,100,28.6052087,77.10239594999999,28.6038018,77.1035572,0,del,Delhi,2026-09-01T02:58:27.715771Z
ChIJ-3cRA6ocDTkR8h3J2Zn53Dk,Sai Ki Rasoi,places,en,100,28.6052087,77.10239594999999,28.606923,77.10308599999999,0,del,Delhi,2026-09-01T02:58:27.715778Z
ChIJ_U5MlKUbDTkREy08O8hXkqA,Khao Piyo The Khana,places,en,100,28.6052087,77.10239594999999,28.6066611,77.1010805,0,del,Delhi,2026-09-01T02:58:27.715785Z
ChIJo9AqEhIbDTkRMRjRnBL8V-0,Gagan sweets,places,en,100,28.6052087,77.10239594999999,28.6057919,77.1002752,0,del,Delhi,2026-09-01T02:58:27.715798Z
ChIJVd2Ed6odDTkRr2IlhjSnw3Q,Rajdhani Dhaba,places,en,100,28.6052087,77.10239594999999,28.607093499999998,77.1028977,0,del,Delhi,2026-09-01T02:58:27.715805Z
ChIJq7MrY1YbDTkR60gfwsvUK4M,Sandeep Burger Wala,places,en,100,28.6052087,77.10239594999999,28.605371299999998,77.1000767,0,del,Delhi,2026-09-01T02:58:27.715812Z
ChIJB779IQAbDTkRI-felk9R1fA,Nandini south indian food,places,en,100,28.6052087,77.10239594999999,28.6072401,77.1018939,0,del,Delhi,2026-09-01T02:58:27.715819Z
ChIJiZtrdwAbDTkR0zk9vxkGkk8,Sumit Fast Food,places,en,100,28.6052087,77.10239594999999,28.605863300000003,77.1000045,0,del,Delhi,2026-09-01T02:58:27.715826Z
ChIJh1YuRIUbDTkRVGPXrmInRzk,It's Pizza Time,places,en,100,28.6052087,77.10239594999999,28.607353,77.1019239,0,del,Delhi,2026-09-01T02:58:27.715833Z
ChIJ9QYxsSobDTkRB6LT1QRIykI,Baba Sweet Shop,places,en,101,28.60714495,77.09501424999999,28.6081975,77.0952753,0,del,Delhi,2026-09-01T02:58:28.125364Z
ChIJ6QOGhcgbDTkRqQm5vF08_48,Dilli Spicy Corner,places,en,101,28.60714495,77.09501424999999,28.608164499999997,77.095519,0,del,Delhi,2026-09-01T02:58:28.125386Z
ChIJj2n6mVMbDTkRvDd0BsdM_80,Sharma Dhaba,places,en,101,28.60714495,77.09501424999999,28.6081535,77.0959815,0,del,Delhi,2026-09-01T02:58:28.125392Z
ChIJn6kDn1MbDTkRjQaUA6-62Mc,Mashaallah Special No 1 Chicken Biryani,places,en,101,28.60714495,77.09501424999999,28.6086274,77.0954655,0,del,Delhi,2026-09-01T02:58:28.125396Z
ChIJASjrWQAbDTkRzVRQfLI2Ba0,Mehnga Bhai,places,en,101,28.60714495,77.09501424999999,28.607959599999997,77.09349739999999,0,del,Delhi,2026-09-01T02:58:28.125402Z
ChIJwdEwcm0bDTkRmSaijM97E5Q,The A R Fopd Point,places,en,101,28.60714495,77.09501424999999,28.608630599999998,77.0944591,0,del,Delhi,2026-09-01T02:58:28.125406Z
ChIJzWUb910bDTkRymbhSnviLUA,Vaishnavi Satvik Kitchen,places,en,101,28.60714495,77.09501424999999,28.6088344,77.095467,0,del,Delhi,2026-09-01T02:58:28.125411Z
ChIJHxzDzLEbDTkRPAoCVLGBN9M,Mehra Vaishno Dhaba,places,en,101,28.60714495,77.09501424999999,28.608871699999998,77.09557079999999,0,del,Delhi,2026-09-01T02:58:28.125416Z
ChIJMxpU-J0FDTkRbREMoprZeCI,Vinny's Tiffin Services,places,en,101,28.60714495,77.09501424999999,28.608196799999998,77.09667379999999,0,del,Delhi,2026-09-01T02:58:28.125420Z
ChIJFyTHz1IbDTkRVbA8rGSG7Fo,Billu's Kitchen,places,en,101,28.60714495,77.09501424999999,28.608839999999997,77.0957196,0,del,Delhi,2026-09-01T02:58:28.125424Z
ChIJaVHNjAcdDTkRWSYxmETYuNo,HCC Momos(Hunger cure corner),places,en,102,28.56474785,77.1594427,28.5638895,77.15876469999999,0,del,Delhi,2026-09-01T02:58:28.460624Z
ChIJcwg0FQAdDTkRqEfParsL_64,"E-6/10, Block E, Vasant Vihar",places,en,102,28.56474785,77.1594427,28.563951199999998,77.1580614,0,del,Delhi,2026-09-01T02:58:28.460653Z
ChIJ6_JS0oEdDTkRUDMsgkJNcfQ,Ravi Somani,places,en,102,28.56474785,77.1594427,28.565077199999998,77.15716669999999,0,del,Delhi,2026-09-01T02:58:28.460662Z
ChIJQ5ffMQAdDTkRvhGFHej5-So,Gupta ji Chole Bhature very testy,places,en,103,28.5541648,77.1633748,28.555268299999998,77.16393760000001,0,del,Delhi,2026-09-01T02:58:28.801145Z
ChIJb2d9qxUdDTkRWHLK2HKanuI,Paatra,places,en,103,28.5541648,77.1633748,28.5563538,77.1643967,0,del,Delhi,2026-09-01T02:58:28.801177Z
ChIJD8jkwLsdDTkR3C6GvUj_jZE,Ano-Tai | 5 Star Chinese Restaurant in Delhi,places,en,103,28.5541648,77.1633748,28.5563756,77.16434910000001,0,del,Delhi,2026-09-01T02:58:28.801187Z
ChIJd9O_fGQdDTkRJVqmmp2bIeo,MEERA FAST FOOD,places,en,103,28.5541648,77.1633748,28.553926999999998,77.1660873,0,del,Delhi,2026-09-01T02:58:28.801195Z
ChIJu7kzdQDjDDkRm9KgvN9MRX4,Ccds Foods Private Limited,places,en,104,28.56503815,77.267516,28.5644523,77.2675409,0,del,Delhi,2026-09-01T02:58:29.176841Z
ChIJMxU-SADjDDkRkpbHVcRRqks,KP YADAV CHAAT CORNER,places,en,104,28.56503815,77.267516,28.566906,77.26852240000001,0,del,Delhi,2026-09-01T02:58:29.176864Z
ChIJ67XF3K7jDDkRhnRuCa42Vno,BIRYANI ZIDAN FOOD,places,en,104,28.56503815,77.267516,28.565989899999998,77.2696654,0,del,Delhi,2026-09-01T02:58:29.176870Z
ChIJMVhwixXjDDkRYd4RSC9VyR0,Nirula's New Friends Colony Ice Cream parlour,places,en,104,28.56503815,77.267516,28.563202,77.2689066,0,del,Delhi,2026-09-01T02:58:29.176875Z
ChIJl720YZ3jDDkR5cpBO0Y5cOk,Dumbo NFC,places,en,104,28.56503815,77.267516,28.563061,77.268926,0,del,Delhi,2026-09-01T02:58:29.176880Z
ChIJ3RZOT5HjDDkRiFUK47augHo,Pure Veg,places,en,104,28.56503815,77.267516,28.566360099999997,77.26994580000002,0,del,Delhi,2026-09-01T02:58:29.176884Z
ChIJH526W5HjDDkRprckdhkn1Zs,Stories by BhaiG,places,en,104,28.56503815,77.267516,28.565822999999998,77.2702424,0,del,Delhi,2026-09-01T02:58:29.176888Z
ChIJ6Q45sFzhDDkRWseBqJXCWGM,Haldiram's - New Friends Colony,places,en,104,28.56503815,77.267516,28.5628262,77.2689406,0,del,Delhi,2026-09-01T02:58:29.176892Z
ChIJmRofiZTjDDkR3sRZWwM8BV8,Nathu Sweets,places,en,104,28.56503815,77.267516,28.5624866,77.2682785,0,del,Delhi,2026-09-01T02:58:29.176896Z
ChIJSbBuobzjDDkR4qdcMHzIGks,Chicago Pizza,places,en,104,28.56503815,77.267516,28.566269899999998,77.2701692,0,del,Delhi,2026-09-01T02:58:29.176900Z
ChIJWXDTfpTjDDkRGPkHW8c3qbs,Cafe Coffee day,places,en,104,28.56503815,77.267516,28.5626948,77.2689573,0,del,Delhi,2026-09-01T02:58:29.176905Z
ChIJ4yQ4_e_jDDkReR7E-ifPRY0,TAJ MURADABADI CHICKEN BIRYANI,places,en,104,28.56503815,77.267516,28.566281999999998,77.2701853,0,del,Delhi,2026-09-01T02:58:29.176909Z
ChIJWWIvsMnjDDkR8cvpgbxofZw,The Chelo Kebabry,places,en,104,28.56503815,77.267516,28.5623918,77.2680982,0,del,Delhi,2026-09-01T02:58:29.176913Z
ChIJOWO8UgADDTkRlaqYVCSztlI,Sandy's Breakfast Corner,places,en,105,28.6411863,77.1800693,28.6419684,77.17973669999999,0,del,Delhi,2026-09-01T02:58:29.513136Z
ChIJ5VQOu70CDTkRFkpmpDkSwBQ,Punjabi Dhaba,places,en,105,28.6411863,77.1800693,28.640743099999998,77.1792698,0,del,Delhi,2026-09-01T02:58:29.513162Z
ChIJb67OP8EDDTkRoGTk5j4ASX0,SHREE JI RESTAURANT,places,en,105,28.6411863,77.1800693,28.640567700000002,77.1791965,0,del,Delhi,2026-09-01T02:58:29.513168Z
ChIJez6uSwADDTkR03_pUG5y-eo,Ustaad Restaurant,places,en,105,28.6411863,77.1800693,28.641780400000002,77.181305,0,del,Delhi,2026-09-01T02:58:29.513173Z
ChIJUfAD970CDTkRZJCxb2H0Tkg,Shree Krishna Udupi,places,en,105,28.6411863,77.1800693,28.6422003,77.17879740000001,0,del,Delhi,2026-09-01T02:58:29.513177Z
ChIJodzk7pADDTkRXLA40khNI3E,UDUPI a house of South Indian food,places,en,105,28.6411863,77.1800693,28.6421983,77.1787842,0,del,Delhi,2026-09-01T02:58:29.513181Z
ChIJZaX0DAADDTkRc3KREz7qUrw,Punjabi tadka,places,en,105,28.6411863,77.1800693,28.640023,77.1817106,0,del,Delhi,2026-09-01T02:58:29.513186Z
ChIJRZwu4bwCDTkRB-M5L5lpgTE,Smart Tiffin Services,places,en,105,28.6411863,77.1800693,28.639658999999998,77.181377,0,del,Delhi,2026-09-01T02:58:29.513190Z
ChIJp8p0HZYCDTkRhF9OqTG3xLQ,Cafe Coffee day,places,en,105,28.6411863,77.1800693,28.642801799999997,77.178891,0,del,Delhi,2026-09-01T02:58:29.513194Z
ChIJBXU3raQCDTkRrr3Tq-glVOk,The Waffle Co.,places,en,105,28.6411863,77.1800693,28.6394407,77.1790434,0,del,Delhi,2026-09-01T02:58:29.513198Z
ChIJ51MWeQADDTkRyb6tHRYmJRY,Mr Nepali Momos and spring roll,places,en,105,28.6411863,77.1800693,28.6399215,77.1818801,0,del,Delhi,2026-09-01T02:58:29.513202Z
ChIJ2bV4NbwCDTkRbbvLJeag-Eo,Aryan Kitchen,places,en,105,28.6411863,77.1800693,28.639606399999998,77.1785858,0,del,Delhi,2026-09-01T02:58:29.513206Z
ChIJy3ThKgADDTkRFzMGdsJBWFI,Welcome pizza House,places,en,105,28.6411863,77.1800693,28.6407687,77.1824596,0,del,Delhi,2026-09-01T02:58:29.513210Z
ChIJzz0o_ukDDTkR_SDmPsXs-4Y,Burger King,places,en,105,28.6411863,77.1800693,28.642806999999998,77.17845100000001,0,del,Delhi,2026-09-01T02:58:29.513214Z
ChIJaUmo-wIDDTkRPoLAJRsff2k,Chakhna Factory,places,en,105,28.6411863,77.1800693,28.6395335,77.1784933,0,del,Delhi,2026-09-01T02:58:29.513218Z
ChIJLeVfj94DDTkRxllLTbw1a-4,Burgrill,places,en,105,28.6411863,77.1800693,28.6395785,77.17842499999999,0,del,Delhi,2026-09-01T02:58:29.513222Z
ChIJ72x0SbwCDTkR55ygkFL3oMc,Bridges,places,en,105,28.6411863,77.1800693,28.639232099999997,77.178921,0,del,Delhi,2026-09-01T02:58:29.513226Z
ChIJU9YeWb0DDTkRbL0CH6-TdVw,Durga Corner,places,en,105,28.6411863,77.1800693,28.640765199999997,77.1825787,0,del,Delhi,2026-09-01T02:58:29.513230Z
ChIJhRhY-1kDDTkRqA1Vla2pTwg,Hungry Monster,places,en,105,28.6411863,77.1800693,28.639595,77.178252,0,del,Delhi,2026-09-01T02:58:29.513234Z
ChIJKwKiag39DDkRMOjng2ZxkcQ,Food Bus Of India,places,en,105,28.6411863,77.1800693,28.6427533,77.1781498,0,del,Delhi,2026-09-01T02:58:29.513238Z
ChIJmVhrgfAdDTkRzCj4NaBgfXo,Dosa Point,places,en,106,28.54043465,77.1871532,28.540395399999998,77.1862671,0,del,Delhi,2026-09-01T02:58:29.868634Z
ChIJNw4-KCodDTkRBij70Rz8guo,The Yumm Yumm,places,en,106,28.54043465,77.1871532,28.5403481,77.18615319999999,0,del,Delhi,2026-09-01T02:58:29.868666Z
ChIJq-MnkfAdDTkRL2dN54jlaRA,Food Point,places,en,106,28.54043465,77.1871532,28.541287600000004,77.18740939999999,0,del,Delhi,2026-09-01T02:58:29.868673Z
ChIJv9ewcX4dDTkRru7c71fBteQ,Monginis Cake Shop,places,en,106,28.54043465,77.1871532,28.5399149,77.1880913,0,del,Delhi,2026-09-01T02:58:29.868679Z
ChIJ92VrexAdDTkRZPwt9nYSy4U,Laxman Restaurant,places,en,106,28.54043465,77.1871532,28.5414122,77.186863,0,del,Delhi,2026-09-01T02:58:29.868685Z
ChIJfbvVHwAdDTkR1UNEdhQdjqw,K3 MOMOS,places,en,106,28.54043465,77.1871532,28.541469,77.1869274,0,del,Delhi,2026-09-01T02:58:29.868690Z
ChIJKSi6LwAdDTkRtAYBwEQwQ-I,ARISHA KITCHEN,places,en,106,28.54043465,77.1871532,28.540454,77.18593,0,del,Delhi,2026-09-01T02:58:29.868695Z
ChIJReS6SgMdDTkRzgMqbR7Ngjc,Secret Entrée Café,places,en,106,28.54043465,77.1871532,28.540464300000004,77.1859275,0,del,Delhi,2026-09-01T02:58:29.868700Z
ChIJL4oqD1PiDDkRDX4UdiD_2tg,Hussain Biryani,places,en,106,28.54043465,77.1871532,28.541302599999998,77.18635479999999,0,del,Delhi,2026-09-01T02:58:29.868707Z
ChIJtZPfjPAdDTkR51tBGRDMBmY,Har Kisi Ki Yahi Pukar,places,en,106,28.54043465,77.1871532,28.5413884,77.1864959,0,del,Delhi,2026-09-01T02:58:29.868712Z
ChIJfQYGjfAdDTkR4bBS5xmXpsk,Ravi Ke Parathe,places,en,106,28.54043465,77.1871532,28.541393199999998,77.1864909,0,del,Delhi,2026-09-01T02:58:29.868717Z
ChIJbew6ctQdDTkRr2HgWgbxk48,Lachi's Pizza,places,en,106,28.54043465,77.1871532,28.5415656,77.1870756,0,del,Delhi,2026-09-01T02:58:29.868722Z
ChIJyQ9HhhcdDTkRmQPuCNgkLyA,Jeminae Odia Delicacy,places,en,106,28.54043465,77.1871532,28.540920000000003,77.1858555,0,del,Delhi,2026-09-01T02:58:29.868728Z
ChIJl-WSKJMdDTkRBhLnsHWrzLs,Chatpata hills,places,en,106,28.54043465,77.1871532,28.5416638,77.18722129999999,0,del,Delhi,2026-09-01T02:58:29.868733Z
ChIJCU8tcAMdDTkRxv07QncOXmw,Giani's ice cream Shakes and Sundae's,places,en,106,28.54043465,77.1871532,28.540483799999997,77.1856435,0,del,Delhi,2026-09-01T02:58:29.868738Z
ChIJM0swgBAdDTkR6wBBSrDxlbA,Zara chakh lo,places,en,106,28.54043465,77.1871532,28.5404935,77.1856153,0,del,Delhi,2026-09-01T02:58:29.868743Z
ChIJ0b0lYvAdDTkRVTmBiAm6e3U,Madhav Restaurant,places,en,106,28.54043465,77.1871532,28.541061499999998,77.1857404,0,del,Delhi,2026-09-01T02:58:29.868748Z
ChIJuSoVPwAdDTkRrOfns7sZaX4,APNA RASOI GHAR,places,en,106,28.54043465,77.1871532,28.541437199999997,77.1860106,0,del,Delhi,2026-09-01T02:58:29.868753Z
ChIJ_YeTIR0dDTkRbYJm4nhscT4,K3 Foods Bombay express,places,en,106,28.54043465,77.1871532,28.5414313,77.1859722,0,del,Delhi,2026-09-01T02:58:29.868758Z
ChIJcXFIwPAdDTkR2ZAjNz7dKOo,Krishna Chat And Food,places,en,106,28.54043465,77.1871532,28.541842199999998,77.1874386,0,del,Delhi,2026-09-01T02:58:29.868763Z
ChIJ2fu8fawDDTkReo5WnPrZKjM,Rathor Kitchen,places,en,107,28.6368785,77.18484235,28.6369661,77.1845517,0,del,Delhi,2026-09-01T02:58:30.304985Z
ChIJC8ybMeADDTkRbx_RIdlipLU,Choice corner,places,en,107,28.6368785,77.18484235,28.636405099999998,77.1842561,0,del,Delhi,2026-09-01T02:58:30.305012Z
ChIJAb96VQADDTkRLpVrqY45bps,Khao Gali,places,en,107,28.6368785,77.18484235,28.636405099999998,77.1842561,0,del,Delhi,2026-09-01T02:58:30.305020Z
ChIJnWn7LJoDDTkRHxnIfIJ-1TM,Mughlai Junction,places,en,107,28.6368785,77.18484235,28.636306299999998,77.1843536,0,del,Delhi,2026-09-01T02:58:30.305026Z
ChIJfQj8TmIDDTkRohJDaQwLpkA,Taste Of Malabar,places,en,107,28.6368785,77.18484235,28.6364417,77.18419089999999,0,del,Delhi,2026-09-01T02:58:30.305031Z
ChIJJaralqQDDTkR5fyzBzEshQk,Kerala Coastal Restaurant (KCR),places,en,107,28.6368785,77.18484235,28.6364417,77.18419089999999,0,del,Delhi,2026-09-01T02:58:30.305037Z
ChIJy7o9uSgDDTkR3OseULJY9g4,PUNJABI CHAAP WALAA,places,en,107,28.6368785,77.18484235,28.6362311,77.1844794,0,del,Delhi,2026-09-01T02:58:30.305042Z
ChIJ14x2ByEDDTkRuJHz6czU57M,Qureshi Kabab Corner (SF),places,en,107,28.6368785,77.18484235,28.6362462,77.1844425,0,del,Delhi,2026-09-01T02:58:30.305047Z
ChIJGXsjlqQCDTkRP-1cFj7KF3A,Punjabi chicken,places,en,107,28.6368785,77.18484235,28.636224799999997,77.184479,0,del,Delhi,2026-09-01T02:58:30.305053Z
ChIJDdLJo7wCDTkRH5U2QqT1CFY,Alkauser Mughlai Restaurant,places,en,107,28.6368785,77.18484235,28.6362292,77.1844655,0,del,Delhi,2026-09-01T02:58:30.305058Z
ChIJXU2BChADDTkR61PQE_IHwA8,Chilly n Chai,places,en,107,28.6368785,77.18484235,28.6376439,77.18508949999999,0,del,Delhi,2026-09-01T02:58:30.305063Z
ChIJqSryDIcDDTkRQ1e353fpTSo,The Galaxy,places,en,107,28.6368785,77.18484235,28.636147800000003,77.1846024,0,del,Delhi,2026-09-01T02:58:30.305068Z
ChIJQWciKsQDDTkR3-9Paid9kNY,Flavours Of Punjab Restaurant,places,en,107,28.6368785,77.18484235,28.636624700000002,77.1838708,0,del,Delhi,2026-09-01T02:58:30.305073Z
ChIJnwIlDQADDTkR8ZSWFn-Gu78,Vivan Hotel Pure Veg,places,en,107,28.6368785,77.18484235,28.6365201,77.1838901,0,del,Delhi,2026-09-01T02:58:30.305078Z
ChIJLyqpZKMCDTkRVUL3UMOs1t4,M.Gopinath South Indian Cafe,places,en,107,28.6368785,77.18484235,28.6378214,77.18517059999999,0,del,Delhi,2026-09-01T02:58:30.305083Z
ChIJ2X0eVpQCDTkRqr8_f6B26-4,Blue Water Grille,places,en,107,28.6368785,77.18484235,28.635935,77.185034,0,del,Delhi,2026-09-01T02:58:30.305088Z
ChIJxR-WBAoDDTkRrDWO_9ULMuA,Ghar ka khana (Nityaa Tiffin Service),places,en,107,28.6368785,77.18484235,28.637648499999997,77.1840524,0,del,Delhi,2026-09-01T02:58:30.305093Z
ChIJqeA-jaQCDTkR8OdlEP8GBmw,Oberoi Biryani,places,en,107,28.6368785,77.18484235,28.6358696,77.18511749999999,0,del,Delhi,2026-09-01T02:58:30.305098Z
ChIJCRQz7JEDDTkRe1MHdBV95Kw,Sheikh Chang Singh,places,en,107,28.6368785,77.18484235,28.635847499999997,77.18511780000001,0,del,Delhi,2026-09-01T02:58:30.305103Z
ChIJ85zxNgADDTkRrC4jlNYnoCw,China Town (Chinese Food),places,en,107,28.6368785,77.18484235,28.6360668,77.18401399999999,0,del,Delhi,2026-09-01T02:58:30.305108Z
ChIJibLSA9zjDDkRYco-kEJ3gt0,Tandoor Style,places,en,108,28.5698837,77.2533498,28.569569599999998,77.2531104,0,del,Delhi,2026-09-01T02:58:30.746536Z
ChIJzZSFF9LjDDkRU6ML7PMA5gM,Miss Chow nehru Nagar,places,en,108,28.5698837,77.2533498,28.5699027,77.253855,0,del,Delhi,2026-09-01T02:58:30.746559Z
ChIJ_bptDWjjDDkRxDdubxs5vFg,Dogra's Food Hub,places,en,108,28.5698837,77.2533498,28.570039299999998,77.253952,0,del,Delhi,2026-09-01T02:58:30.746565Z
ChIJP83HNqXjDDkRJ-snk_KWCd4,Radha Swami Dhaba Or Ramu Ka Dhaba,places,en,108,28.5698837,77.2533498,28.570039299999998,77.253952,0,del,Delhi,2026-09-01T02:58:30.746570Z
ChIJ7ZHkQojjDDkRVOlYtdAP2Zk,Kolkata Kathi Roll,places,en,108,28.5698837,77.2533498,28.5697039,77.25397679999999,0,del,Delhi,2026-09-01T02:58:30.746574Z
ChIJT9ogvrrjDDkR40FuHJvnuq4,Rajan Punjabi's Chicken,places,en,108,28.5698837,77.2533498,28.569694499999997,77.25397339999999,0,del,Delhi,2026-09-01T02:58:30.746578Z
ChIJVZjQ6PXjDDkR0ZjUBRY3-MA,Shiv Dhaba 🏠,places,en,108,28.5698837,77.2533498,28.5694527,77.2538568,0,del,Delhi,2026-09-01T02:58:30.746583Z
ChIJ2yZHorTjDDkRmIVwgQot8Ws,V T R Anna Dosa,places,en,108,28.5698837,77.2533498,28.5694533,77.2538615,0,del,Delhi,2026-09-01T02:58:30.746587Z
ChIJI6qfzLrjDDkRunSqXzZ63Fo,Gupta Ji Kachori Wale,places,en,108,28.5698837,77.2533498,28.569274900000003,77.2536556,0,del,Delhi,2026-09-01T02:58:30.746591Z
ChIJwd2GTB_jDDkRflZ5g5PXQyw,Bharpure,places,en,108,28.5698837,77.2533498,28.569366199999997,77.25382929999999,0,del,Delhi,2026-09-01T02:58:30.746595Z
ChIJKQWLzLrjDDkRh1A0jlCqBNU,786 Chiken Biryani,places,en,108,28.5698837,77.2533498,28.569347099999998,77.2538167,0,del,Delhi,2026-09-01T02:58:30.746599Z
ChIJYxMPMz3jDDkRpPUexVdxHJQ,Swad in Slices,places,en,108,28.5698837,77.2533498,28.5693086,77.25379099999999,0,del,Delhi,2026-09-01T02:58:30.746603Z
ChIJZSve75bjDDkRJ3-q3aw-kTY,Bhukkad Cafe Amar Colony,places,en,108,28.5698837,77.2533498,28.5692098,77.2536915,0,del,Delhi,2026-09-01T02:58:30.746608Z
ChIJP28nYP3jDDkRPjSftbOygkQ,"The ""Hungers Point""",places,en,108,28.5698837,77.2533498,28.5691948,77.25369859999999,0,del,Delhi,2026-09-01T02:58:30.746612Z
ChIJhRfPg1TjDDkROVlLGkEP11M,Sonu Tea Point,places,en,108,28.5698837,77.2533498,28.568830799999997,77.2534692,0,del,Delhi,2026-09-01T02:58:30.746616Z
ChIJLSInWdzjDDkR-TsrMDRms74,Mohini Tiffin Service,places,en,108,28.5698837,77.2533498,28.570840999999998,77.25272319999999,0,del,Delhi,2026-09-01T02:58:30.746620Z
ChIJb31EBwDjDDkRep4uXC56huQ,Atal Canteen Nehru Nagar,places,en,108,28.5698837,77.2533498,28.5710224,77.255107,0,del,Delhi,2026-09-01T02:58:30.746624Z
ChIJbX16usfjDDkRUOmG5OyrRGE,Indian Cravings,places,en,108,28.5698837,77.2533498,28.571908099999998,77.2532952,0,del,Delhi,2026-09-01T02:58:30.746628Z
ChIJma6odwDjDDkRCEpvVLAmPz8,The homemade suji momos,places,en,108,28.5698837,77.2533498,28.571925,77.25328499999999,0,del,Delhi,2026-09-01T02:58:30.746632Z
ChIJVyM07SjjDDkRNqHoLrnLuIs,Little Chinese Chef,places,en,108,28.5698837,77.2533498,28.5719906,77.2532995,0,del,Delhi,2026-09-01T02:58:30.746636Z
ChIJN7m6PADjDDkRqBoJNQwAsuE,Gupta tea stall,places,en,109,28.6170874,77.212703,28.617529299999998,77.21171780000002,0,del,Delhi,2026-09-01T02:58:31.096221Z
ChIJ8Uo-xpXjDDkRZMw7Ls3q8H0,Jumboking Burgers,places,en,109,28.6170874,77.212703,28.6161209,77.21232599999999,0,del,Delhi,2026-09-01T02:58:31.096252Z
ChIJXx25W3HjDDkR_iNxRocLk_A,Chole Bhature Stall,places,en,109,28.6170874,77.212703,28.6173374,77.21419329999999,0,del,Delhi,2026-09-01T02:58:31.096264Z
ChIJs0APjlyCfzkR-kJeOCybmCM,Shahi Handiya Foods Restaurant,places,en,109,28.6170874,77.212703,28.617155099999998,77.2143894,0,del,Delhi,2026-09-01T02:58:31.096272Z
ChIJxUfvDgDjDDkRIpwZ3xkGpao,Mumbai City Burger Vadapav,places,en,109,28.6170874,77.212703,28.615253199999998,77.2123447,0,del,Delhi,2026-09-01T02:58:31.096280Z
ChIJ4T89FybjDDkRGJgrJ2XFgN8,Burger Singh,places,en,109,28.6170874,77.212703,28.615228899999998,77.2122579,0,del,Delhi,2026-09-01T02:58:31.096287Z
ChIJCQv_CEfjDDkRaPGlyj2nDFY,Ds Restaurant,places,en,109,28.6170874,77.212703,28.6169139,77.2150066,0,del,Delhi,2026-09-01T02:58:31.096295Z
ChIJ1bzY3j3jDDkR47lL5mzqYbU,Chalu - Aapna Desi Chinese,places,en,109,28.6170874,77.212703,28.615050999999998,77.2121492,0,del,Delhi,2026-09-01T02:58:31.096301Z
ChIJWUis8ufjDDkReRMPOnBgURA,Cine Tree Cafe,places,en,109,28.6170874,77.212703,28.619418999999997,77.2132057,0,del,Delhi,2026-09-01T02:58:31.096308Z
ChIJa3O-otLjDDkRCM2aoDZt0OQ,Article Twenty One Restaurant,places,en,109,28.6170874,77.212703,28.619568299999997,77.2132773,0,del,Delhi,2026-09-01T02:58:31.096315Z
ChIJJZ3zb7TiDDkRPhpaGFIMu-c,Constitution Club of India,places,en,109,28.6170874,77.212703,28.619613899999997,77.21332819999999,0,del,Delhi,2026-09-01T02:58:31.096322Z
ChIJy_490WHjDDkRbY9jotuU1RE,Bikanervala | Kalkaji Metro,places,en,110,28.54883335,77.2606468,28.549450699999998,77.259104,0,del,Delhi,2026-09-01T02:58:31.435053Z
ChIJjVIJUNXjDDkRDVv4RBJXwBA,Sourav,places,en,110,28.54883335,77.2606468,28.550404699999998,77.2585651,0,del,Delhi,2026-09-01T02:58:31.435084Z
ChIJrZTYpWPjDDkRrdyUoAH9s8U,Rishabh Chaat Bhandar,places,en,110,28.54883335,77.2606468,28.550801399999997,77.2590537,0,del,Delhi,2026-09-01T02:58:31.435093Z
ChIJ4YeLbKDlDDkRluYjtuHNPrU,Ayaan chicken and mutton shop,places,en,111,28.617142049999998,77.28767730000001,28.6177209,77.287675,0,del,Delhi,2026-09-01T02:58:31.881627Z
ChIJ61ysIgDlDDkR42QYUGHOCpg,Chawla-chicken.Com,places,en,111,28.617142049999998,77.28767730000001,28.6163895,77.2876935,0,del,Delhi,2026-09-01T02:58:31.881662Z
ChIJVSgpsI_lDDkR14CroqwHdGk,S. D Chinese Fast Food,places,en,111,28.617142049999998,77.28767730000001,28.6163042,77.2874973,0,del,Delhi,2026-09-01T02:58:31.881672Z
ChIJDRNKmqfkDDkRyOSk6x1hqHs,Shree Balaji Rasoi,places,en,111,28.617142049999998,77.28767730000001,28.6162837,77.287452,0,del,Delhi,2026-09-01T02:58:31.881680Z
ChIJ4XzbBoblDDkRRp3tEesnuRY,Best Muradabadi Chicken Corner,places,en,111,28.617142049999998,77.28767730000001,28.6162317,77.2879215,0,del,Delhi,2026-09-01T02:58:31.881687Z
ChIJKbL6mIjlDDkRV1RHrN00w20,Shiv Shakti SS Pizza,places,en,111,28.617142049999998,77.28767730000001,28.616206,77.287297,0,del,Delhi,2026-09-01T02:58:31.881694Z
ChIJfYr0HYLlDDkRlx8y3pNSJMI,Spicy daddy kitchen,places,en,111,28.617142049999998,77.28767730000001,28.616087300000004,77.2871636,0,del,Delhi,2026-09-01T02:58:31.881701Z
ChIJxcA3WCPlDDkRBAfe6R4dubQ,EAT CLUB (food order online),places,en,111,28.617142049999998,77.28767730000001,28.615748699999997,77.28824469999999,0,del,Delhi,2026-09-01T02:58:31.881709Z
ChIJRV5PYQDjDDkR3AAW08GOs4M,B-27 pandav nagar apposite dispensary,places,en,111,28.617142049999998,77.28767730000001,28.618071999999998,77.286363,0,del,Delhi,2026-09-01T02:58:31.881715Z
ChIJQcVrWkvjDDkRp4Fc3UqDXqY,Rajasthan Cup,places,en,111,28.617142049999998,77.28767730000001,28.6183178,77.2864178,0,del,Delhi,2026-09-01T02:58:31.881722Z
ChIJH5DVHPbjDDkROUK3VlsFar8,Rahul Jhatka Meat Shop,places,en,111,28.617142049999998,77.28767730000001,28.6167114,77.2857552,0,del,Delhi,2026-09-01T02:58:31.881729Z
ChIJhdaDK7XjDDkRRW1gcAibWNc,Rahul Jhatka Mutton and Chicken Shop.,places,en,111,28.617142049999998,77.28767730000001,28.6166546,77.2857492,0,del,Delhi,2026-09-01T02:58:31.881736Z
ChIJZw0jOwDjDDkRslqZw4wmx-A,Kitchen Next Door,places,en,111,28.617142049999998,77.28767730000001,28.615693699999998,77.2864329,0,del,Delhi,2026-09-01T02:58:31.881742Z
ChIJI8ZPVwDjDDkRUJefjdq7xZc,Shankar Chole Kulche Wale,places,en,111,28.617142049999998,77.28767730000001,28.615578499999998,77.28642459999999,0,del,Delhi,2026-09-01T02:58:31.881749Z
ChIJDYhDHgDjDDkRp24Q1QHU9nU,PANDAV NAGAR,places,en,111,28.617142049999998,77.28767730000001,28.6173167,77.2852687,0,del,Delhi,2026-09-01T02:58:31.881756Z
ChIJT68XkJXjDDkR91wLEPcWvbk,Global Islamic Shariah Services,places,en,111,28.617142049999998,77.28767730000001,28.6180132,77.2852888,0,del,Delhi,2026-09-01T02:58:31.881763Z
ChIJXQlyCC77DDkRtm1viRafR9A,Kartik's Kitchen,places,en,111,28.617142049999998,77.28767730000001,28.6188778,77.289339,0,del,Delhi,2026-09-01T02:58:31.881770Z
ChIJuzRohljjDDkRpmVlkzXuVTk,Welcome Food Corner,places,en,111,28.617142049999998,77.28767730000001,28.6153316,77.2860165,0,del,Delhi,2026-09-01T02:58:31.881777Z
ChIJxUDnO1fjDDkR67wlH-iD9IE,Sainik Foods,places,en,111,28.617142049999998,77.28767730000001,28.6177419,77.2849908,0,del,Delhi,2026-09-01T02:58:31.881783Z
ChIJs6l1rBvjDDkRGsZI536J6SE,Lababdar kitchen,places,en,111,28.617142049999998,77.28767730000001,28.618016400000002,77.2850438,0,del,Delhi,2026-09-01T02:58:31.881790Z
ChIJgeQ95_8dDTkRRCaaA60U2fo,The Nest - Qutab Golf Course.,places,en,112,28.5318471,77.19486075,28.529729,77.193201,0,del,Delhi,2026-09-01T02:58:32.315093Z
ChIJz1YGXgAdDTkRHKuiWkJ_FFA,PR Pizza hub,places,en,114,28.53815775,77.1350289,28.5369817,77.13655589999999,0,del,Delhi,2026-09-01T02:58:32.977881Z
ChIJR4wEa0YdDTkRFQw77nu426w,Lala Chilli Wala Fast Food,places,en,114,28.53815775,77.1350289,28.536050699999997,77.1361543,0,del,Delhi,2026-09-01T02:58:32.977917Z
ChIJhV0mixkdDTkRW84ZttzCPow,Devdutt Store,places,en,114,28.53815775,77.1350289,28.5359266,77.133752,0,del,Delhi,2026-09-01T02:58:32.977927Z
ChIJKxqJP9AdDTkRSS-YopEwzoE,Surya fast food,places,en,114,28.53815775,77.1350289,28.5360393,77.1366987,0,del,Delhi,2026-09-01T02:58:32.977936Z
ChIJZ95TEhUcDTkRdTupNdmwtaU,Hotel Vertu,places,en,114,28.53815775,77.1350289,28.5356533,77.1341546,0,del,Delhi,2026-09-01T02:58:32.977943Z
ChIJ08GWru0dDTkRsqLaVqTV0R8,Prakash Dhaba,places,en,114,28.53815775,77.1350289,28.5391469,77.1322089,0,del,Delhi,2026-09-01T02:58:32.977950Z
ChIJbSAq2-0dDTkR-U5aPOWiTHM,The Chinese Restaurant,places,en,114,28.53815775,77.1350289,28.5356202,77.1341528,0,del,Delhi,2026-09-01T02:58:32.977957Z
ChIJW68qAC77DDkRuWgASuj0YFI,Shama Muradabadi Chicken Corner,places,en,115,28.63465145,77.30382374999999,28.634759799999998,77.3040889,0,del,Delhi,2026-09-01T02:58:33.364802Z
ChIJ1bocr9f7DDkR7itq8ejNEQI,Absolute Shawarma,places,en,115,28.63465145,77.30382374999999,28.634705,77.3041478,0,del,Delhi,2026-09-01T02:58:33.364812Z
ChIJoaVIhEv7DDkRmAZM2B0gvkQ,"Mahalaxmi : Sweets, Namkeen & Dairy Products",places,en,115,28.63465145,77.30382374999999,28.635001,77.3040029,0,del,Delhi,2026-09-01T02:58:33.364814Z
ChIJH3OZPib7DDkRPDb0sotVpB8,Smoke By Fire Cafe,places,en,115,28.63465145,77.30382374999999,28.6344253,77.3042546,0,del,Delhi,2026-09-01T02:58:33.364816Z
ChIJoY0vKw_7DDkR0hsExqAbDsY,Doughlicious Pizza,places,en,115,28.63465145,77.30382374999999,28.635080499999997,77.303479,0,del,Delhi,2026-09-01T02:58:33.364818Z
ChIJoYBUdnUbDTkRCGDmsPy6_mA,SNACK BAR,places,en,115,28.63465145,77.30382374999999,28.6349809,77.3043557,0,del,Delhi,2026-09-01T02:58:33.364819Z
ChIJ4cJQeXT7DDkRABtXdBMlSB0,Yellow bowl cafe,places,en,115,28.63465145,77.30382374999999,28.6351043,77.3032778,0,del,Delhi,2026-09-01T02:58:33.364820Z
ChIJw7bOcEz7DDkRb9e1qp6UGvU,Kamal's Sweets & Restaurant,places,en,115,28.63465145,77.30382374999999,28.635201,77.303303,0,del,Delhi,2026-09-01T02:58:33.364822Z
ChIJcYbMcEz7DDkRX6b5XCasQ_U,South Indian Hot Chips,places,en,115,28.63465145,77.30382374999999,28.6352299,77.30326769999999,0,del,Delhi,2026-09-01T02:58:33.364823Z
ChIJQ8NBpvn7DDkRcG4fR1ApdGM,Lucknow Wale Kababi,places,en,115,28.63465145,77.30382374999999,28.6351132,77.3045801,0,del,Delhi,2026-09-01T02:58:33.364825Z
ChIJEWpJQrb7DDkRoiWcqqzq0OA,Urban thela ( momos wale ),places,en,115,28.63465145,77.30382374999999,28.634958899999997,77.3046926,0,del,Delhi,2026-09-01T02:58:33.364826Z
ChIJe-gUcUz7DDkRiJghcJx6dU4,Krishna Dhaba,places,en,115,28.63465145,77.30382374999999,28.6353363,77.3032893,0,del,Delhi,2026-09-01T02:58:33.364827Z
ChIJFQ3fM8n7DDkR7wZ5jJ3omUQ,The Sandy's Kitchen,places,en,115,28.63465145,77.30382374999999,28.6353534,77.3032854,0,del,Delhi,2026-09-01T02:58:33.364828Z
ChIJ0_guDtr7DDkRFBX-crhwhjc,GAGGA.JI SMOKE SHOP,places,en,115,28.63465145,77.30382374999999,28.6339476,77.304582,0,del,Delhi,2026-09-01T02:58:33.364829Z
ChIJ0zBZiAX7DDkRPctIvnaw8w8,Subway Madhu Vihar,places,en,115,28.63465145,77.30382374999999,28.6354273,77.3031539,0,del,Delhi,2026-09-01T02:58:33.364831Z
ChIJE5zXcEz7DDkRv5t-E95FSsI,Madras Cafe,places,en,115,28.63465145,77.30382374999999,28.635465399999998,77.3031341,0,del,Delhi,2026-09-01T02:58:33.364832Z
ChIJNyKWpJD7DDkRlpOEkn0zi0g,Vanshika Samosa Corner,places,en,115,28.63465145,77.30382374999999,28.6353293,77.3047402,0,del,Delhi,2026-09-01T02:58:33.364833Z
ChIJGYyLlZX7DDkRg0msnApzIaY,Little Chef,places,en,115,28.63465145,77.30382374999999,28.6357783,77.303448,0,del,Delhi,2026-09-01T02:58:33.364834Z
ChIJna8dAQD7DDkRIYljfOEewK8,बल्लू के भल्ले,places,en,115,28.63465145,77.30382374999999,28.6346337,77.3024061,0,del,Delhi,2026-09-01T02:58:33.364836Z
ChIJBf-LaQz7DDkRr8B0A7XNk88,Om sai ram fast food corner,places,en,115,28.63465145,77.30382374999999,28.6359921,77.30382,0,del,Delhi,2026-09-01T02:58:33.364837Z
ChIJMR53YiMdDTkRSpLvCUDwK24,Saffron Biryani,places,en,116,28.547476500000002,77.12531375,28.547412599999998,77.1253722,0,del,Delhi,2026-09-01T02:58:33.684808Z
ChIJuZpcdAAdDTkRF75ryK04OO8,Moti Mahal Delux,places,en,116,28.547476500000002,77.12531375,28.5472895,77.1252354,0,del,Delhi,2026-09-01T02:58:33.684815Z
ChIJ85-jUnUdDTkRBy9rIIQFL7k,Hotel La Sapphire,places,en,116,28.547476500000002,77.12531375,28.547264,77.1250736,0,del,Delhi,2026-09-01T02:58:33.684816Z
ChIJ51IFIEAcDTkRSFoJEc0QDes,Burger Head Quarter,places,en,116,28.547476500000002,77.12531375,28.5472622,77.12555259999999,0,del,Delhi,2026-09-01T02:58:33.684818Z
ChIJW8Q3J0AcDTkRp7uRlEIG8s8,THE XPRESS RESTAURANT,places,en,116,28.547476500000002,77.12531375,28.5476369,77.125773,0,del,Delhi,2026-09-01T02:58:33.684820Z
ChIJF7vf9IEdDTkRDF-cbJYpr2Y,Jain 20 7 Restaurant,places,en,116,28.547476500000002,77.12531375,28.547669,77.12579029999999,0,del,Delhi,2026-09-01T02:58:33.684821Z
ChIJZ4rwfx4dDTkRhQj7SmPy6Cs,The Mitra Da Dhaba,places,en,116,28.547476500000002,77.12531375,28.5472263,77.12583839999999,0,del,Delhi,2026-09-01T02:58:33.684823Z
ChIJh7LOomocDTkRWF7AFKOm7Fg,TLC Food Court,places,en,116,28.547476500000002,77.12531375,28.5469682,77.1249465,0,del,Delhi,2026-09-01T02:58:33.684824Z
ChIJV_k00bQdDTkROgFFR88ZY5Y,Anpurna Kitchen,places,en,116,28.547476500000002,77.12531375,28.547202199999997,77.1259188,0,del,Delhi,2026-09-01T02:58:33.684825Z
ChIJ1004ZwAdDTkRPChOsJUgDI8,Hotel The Terminal,places,en,116,28.547476500000002,77.12531375,28.547085,77.1258532,0,del,Delhi,2026-09-01T02:58:33.684826Z
ChIJ_4FsYAAdDTkRFfrbxBCNLAM,Gokul sweets and Restaurant,places,en,116,28.547476500000002,77.12531375,28.547812699999998,77.12587649999999,0,del,Delhi,2026-09-01T02:58:33.684828Z
ChIJC0TDNAAdDTkRpHNgHnTXzYc,Jay Bhavani Restaurant,places,en,116,28.547476500000002,77.12531375,28.547765,77.125943,0,del,Delhi,2026-09-01T02:58:33.684829Z
ChIJ45WbJUAcDTkRYsky13p1U10,"Mr. Prabhu - Bakery, Sweets and Restaurant",places,en,116,28.547476500000002,77.12531375,28.546898100000003,77.1248602,0,del,Delhi,2026-09-01T02:58:33.684830Z
ChIJ6fpAQIcdDTkR6ZzKtV5vR80,"Bikanerwale - Sweets, Snacks and Restaurant",places,en,116,28.547476500000002,77.12531375,28.546906699999997,77.12484409999999,0,del,Delhi,2026-09-01T02:58:33.684852Z
ChIJ650Sx7UdDTkR1lwMPkFJeZU,Irfan Khan Shop,places,en,116,28.547476500000002,77.12531375,28.546928599999998,77.1247996,0,del,Delhi,2026-09-01T02:58:33.684854Z
ChIJSW7Qb6gdDTkRniBuRp8u69c,Basil,places,en,116,28.547476500000002,77.12531375,28.546887599999998,77.1248614,0,del,Delhi,2026-09-01T02:58:33.684855Z
ChIJeZ40JgAdDTkR-5BFyiq4Xgg,Classic diplomat - Restaurant & bar,places,en,116,28.547476500000002,77.12531375,28.5478756,77.12595569999999,0,del,Delhi,2026-09-01T02:58:33.684856Z
ChIJn68XVAAdDTkRdRK84MHK-a4,Kylin Experience,places,en,116,28.547476500000002,77.12531375,28.5481587,77.12554960000001,0,del,Delhi,2026-09-01T02:58:33.684858Z
ChIJbYbe9yodDTkRoWs5jDhYWzg,Puskar Bhojnalaya,places,en,116,28.547476500000002,77.12531375,28.546733699999997,77.1254335,0,del,Delhi,2026-09-01T02:58:33.684859Z
ChIJRdyjpGocDTkRuX6mDhmJhNw,The Tandoori Night,places,en,116,28.547476500000002,77.12531375,28.546766899999998,77.1249156,0,del,Delhi,2026-09-01T02:58:33.684860Z
ChIJWWpyb6DjDDkRmRlShhJqD9s,Poha Planet,places,en,117,28.535830500000003,77.22259295,28.536321599999997,77.2229784,0,del,Delhi,2026-09-01T02:58:34.008594Z
ChIJMyO7JiHiDDkRwed4_Q4Z_IY,Shubh Kitchen Tiffin Service (Punjabi Taste),places,en,117,28.535830500000003,77.22259295,28.53523,77.22225200000001,0,del,Delhi,2026-09-01T02:58:34.008599Z
ChIJK4VJBvPjDDkRJ2kkKeiSoio,Caterspoint | Malviya Nagar,places,en,117,28.535830500000003,77.22259295,28.5353262,77.2220552,0,del,Delhi,2026-09-01T02:58:34.008601Z
ChIJOywNfw_jDDkRPVqbBQIdaUM,Salads Point | Malviya Nagar,places,en,117,28.535830500000003,77.22259295,28.535327499999998,77.2220531,0,del,Delhi,2026-09-01T02:58:34.008602Z
ChIJSyZ2Ex3jDDkR1ALf6YS-j-o,"Domino's Pizza | Sheikh Sarai, New Delhi",places,en,117,28.535830500000003,77.22259295,28.5364547,77.22293839999999,0,del,Delhi,2026-09-01T02:58:34.008604Z
ChIJ2Y6sJiHiDDkRKEQPB1JMXFk,Al Laziz Chicken Mutton Shop,places,en,117,28.535830500000003,77.22259295,28.5351988,77.2221115,0,del,Delhi,2026-09-01T02:58:34.008605Z
ChIJtTeISSnjDDkRVBGPRODovDI,Sriram,places,en,117,28.535830500000003,77.22259295,28.5363138,77.22187,0,del,Delhi,2026-09-01T02:58:34.008606Z
ChIJLaL50rrjDDkRMpYVPOvmcQk,Night Paratha,places,en,117,28.535830500000003,77.22259295,28.5363139,77.22187,0,del,Delhi,2026-09-01T02:58:34.008608Z
ChIJL7huBEfjDDkR1jz95l754RQ,Parantha king,places,en,117,28.535830500000003,77.22259295,28.5353404,77.2217696,0,del,Delhi,2026-09-01T02:58:34.008609Z
ChIJ7_QrFovjDDkR6f7jkMVc7G8,Munchie Box Catering and Takeaway,places,en,117,28.535830500000003,77.22259295,28.536567100000003,77.22312819999999,0,del,Delhi,2026-09-01T02:58:34.008610Z
ChIJAZ49gwn7ZxQRx7t1DASn9tk,33 Foods,places,en,117,28.535830500000003,77.22259295,28.5364065,77.22339389999999,0,del,Delhi,2026-09-01T02:58:34.008612Z
ChIJg4hxTJHjDDkRFzJoyANyxWE,Sitaram chhole bhature,places,en,117,28.535830500000003,77.22259295,28.5367911,77.2226536,0,del,Delhi,2026-09-01T02:58:34.008614Z
ChIJJ6jWm-njDDkR1uX8jZ5iOJo,D'Oliva,places,en,117,28.535830500000003,77.22259295,28.534985900000002,77.2220191,0,del,Delhi,2026-09-01T02:58:34.008615Z
ChIJR3Q9yibiDDkRb4zy9ApB4go,Hint of Spice,places,en,117,28.535830500000003,77.22259295,28.536386999999998,77.223575,0,del,Delhi,2026-09-01T02:58:34.008616Z
ChIJe6QV3yDiDDkR34cbPzTsZT4,Prem Dhaba,places,en,117,28.535830500000003,77.22259295,28.5348033,77.22209610000002,0,del,Delhi,2026-09-01T02:58:34.008618Z
ChIJoQzAFwDjDDkR0wIRmebsMNU,Tom Uncles Cafe,places,en,117,28.535830500000003,77.22259295,28.5348029,77.2219549,0,del,Delhi,2026-09-01T02:58:34.008619Z
ChIJRY7jmTLjDDkRguwHf9iE-5k,Tibb's Frankie Express,places,en,117,28.535830500000003,77.22259295,28.535037199999998,77.22159429999999,0,del,Delhi,2026-09-01T02:58:34.008620Z
ChIJmbC7DD_jDDkRewcyQLO7Ehg,Crispy Chicken Factory - CCF,places,en,117,28.535830500000003,77.22259295,28.534966899999997,77.2211639,0,del,Delhi,2026-09-01T02:58:34.008621Z
ChIJ1Q_XndHjDDkRsUxPfIp5wDI,Zade's Dragon,places,en,117,28.535830500000003,77.22259295,28.5349498,77.2211769,0,del,Delhi,2026-09-01T02:58:34.008623Z
ChIJcd03HXLjDDkRNHanYmWeZUA,Termez Kitchen,places,en,117,28.535830500000003,77.22259295,28.5341538,77.22247899999999,0,del,Delhi,2026-09-01T02:58:34.008624Z
ChIJQVgvDAADDTkR4p5D_uk7gDM,Muraina sweets,places,en,118,28.62511595,77.1389577,28.624822899999998,77.1395082,0,del,Delhi,2026-09-01T02:58:34.412021Z
ChIJ9wF5B6QDDTkRUErGg5Nz1b0,shankar dosa point,places,en,118,28.62511595,77.1389577,28.624053399999998,77.1396962,0,del,Delhi,2026-09-01T02:58:34.412024Z
ChIJ74eXnpcDDTkRDSd5RGBZIz4,Gayathri South Indian dosa corner,places,en,118,28.62511595,77.1389577,28.623868599999998,77.1394688,0,del,Delhi,2026-09-01T02:58:34.412026Z
ChIJ1997WS4DDTkRFM-Zo-dWIJ8,Jagan Chole Kulche Wala,places,en,118,28.62511595,77.1389577,28.6236392,77.1395546,0,del,Delhi,2026-09-01T02:58:34.412028Z
ChIJWQ5FoQcDDTkRtFPO-1qtvU0,CNM APPE PLANET,places,en,118,28.62511595,77.1389577,28.6256725,77.1406822,0,del,Delhi,2026-09-01T02:58:34.412029Z
ChIJtUgKcgADDTkRodTutf2cQjc,The Chinese Food Court,places,en,118,28.62511595,77.1389577,28.6234449,77.1387431,0,del,Delhi,2026-09-01T02:58:34.412030Z
ChIJ-Z88B64DDTkRH6mYcXYsvK8,Yummy Tummy continental & Chinese Hut,places,en,118,28.62511595,77.1389577,28.6233982,77.1387457,0,del,Delhi,2026-09-01T02:58:34.412032Z
ChIJQcgP_PoDDTkRvUcTKP2BtXY,Krishna Dhaba,places,en,118,28.62511595,77.1389577,28.623255099999998,77.13982159999999,0,del,Delhi,2026-09-01T02:58:34.412033Z
ChIJkZZFDMMDDTkRsyMesPoyHrU,Yo Momo,places,en,118,28.62511595,77.1389577,28.6228812,77.1393702,0,del,Delhi,2026-09-01T02:58:34.412034Z
ChIJPT8S0ZsDDTkR6DM8bx3T4-c,Basha Momos & Chaap,places,en,118,28.62511595,77.1389577,28.6243347,77.1363973,0,del,Delhi,2026-09-01T02:58:34.412035Z
ChIJsbEE4VYDDTkR9BOArQBTwC8,Heaven 11,places,en,118,28.62511595,77.1389577,28.624603699999998,77.1362702,0,del,Delhi,2026-09-01T02:58:34.412037Z
ChIJe3koFzcDDTkR70OX3aO1nY8,The Dolphin Cafe,places,en,118,28.62511595,77.1389577,28.624108999999997,77.13640339999999,0,del,Delhi,2026-09-01T02:58:34.412038Z
ChIJg7Y9DioDDTkRaR9eQSac9bQ,Shankar tikki wala,places,en,118,28.62511595,77.1389577,28.6234434,77.1367892,0,del,Delhi,2026-09-01T02:58:34.412039Z
ChIJrcLS-B_jDDkR2l1k_p6HGVg,Nathus Sweets (Best Sweet shop In Delhi),places,en,119,28.60123685,77.24143345,28.6011523,77.2412006,0,del,Delhi,2026-09-01T02:58:34.764725Z
ChIJoW2wEO7jDDkRulFWCmqDCAQ,La Croûte - Global Cuisine Restaurant & Pie Room,places,en,119,28.60123685,77.24143345,28.6016472,77.2414416,0,del,Delhi,2026-09-01T02:58:34.764733Z
ChIJOS1c_h_jDDkRBnnm8lYNKac,Kamal's Sweets,places,en,119,28.60123685,77.24143345,28.602387,77.24067,0,del,Delhi,2026-09-01T02:58:34.764735Z
ChIJBapzjB_jDDkRiezNZUQ_SFs,Bombay Bhelpuri Sevpuri,places,en,119,28.60123685,77.24143345,28.602539,77.24093549999999,0,del,Delhi,2026-09-01T02:58:34.764738Z
ChIJ-xIJzcvjDDkRurjNz2OO_ZE,Nathu's restaurant,places,en,119,28.60123685,77.24143345,28.602563099999998,77.2409507,0,del,Delhi,2026-09-01T02:58:34.764739Z
ChIJFWCGWh7jDDkRqh7B8fa8MPk,Orange Peel,places,en,119,28.60123685,77.24143345,28.599231999999997,77.2428331,0,del,Delhi,2026-09-01T02:58:34.764741Z
ChIJt-vNEAAFDTkR0HAAFjhK8Vs,Papa south indian,places,en,120,28.620391150000003,77.08602315,28.6195804,77.0866403,0,del,Delhi,2026-09-01T02:58:35.100459Z
ChIJba80svAFDTkRYcyR1eU04tA,Lajawaab Rasoi,places,en,120,28.620391150000003,77.08602315,28.619447100000002,77.08636369999999,0,del,Delhi,2026-09-01T02:58:35.100468Z
ChIJHdcjB00FDTkReVoHSGLJ0EE,Chennai dosa junction,places,en,120,28.620391150000003,77.08602315,28.619396499999997,77.0863713,0,del,Delhi,2026-09-01T02:58:35.100471Z
ChIJswtj2LAEDTkRV2mMLW5Ickc,South Indian Food Corner,places,en,120,28.620391150000003,77.08602315,28.619357599999997,77.0863719,0,del,Delhi,2026-09-01T02:58:35.100472Z
ChIJQ_RlYaYFDTkRa8XO5T8aLsg,South indian kerala restaurant kerala hotel,places,en,120,28.620391150000003,77.08602315,28.621564199999998,77.0869302,0,del,Delhi,2026-09-01T02:58:35.100474Z
ChIJ0wQrfbAEDTkROK1WM4CunuQ,Republic Of Chicken,places,en,120,28.620391150000003,77.08602315,28.6211482,77.0875362,0,del,Delhi,2026-09-01T02:58:35.100475Z
ChIJxTim7esFDTkRHirQbPPiisQ,Mama's restaurant,places,en,120,28.620391150000003,77.08602315,28.621925299999997,77.0862638,0,del,Delhi,2026-09-01T02:58:35.100477Z
ChIJkY2oE9IFDTkRn2lDoV6BaDY,Khadak Singh Da Dhaba,places,en,120,28.620391150000003,77.08602315,28.6219711,77.08601349999999,0,del,Delhi,2026-09-01T02:58:35.100478Z
ChIJPyt7EVUFDTkR862Kv_eGxk0,Chili & Chickpea,places,en,120,28.620391150000003,77.08602315,28.621684199999997,77.08728119999999,0,del,Delhi,2026-09-01T02:58:35.100479Z
ChIJa63pobAEDTkRWK78MJCirU0,Singh ji naan wale,places,en,120,28.620391150000003,77.08602315,28.622013499999998,77.086608,0,del,Delhi,2026-09-01T02:58:35.100481Z
ChIJI_RxTVEFDTkROFUbNys_EOc,Ambria Cuisines - Janakpuri,places,en,120,28.620391150000003,77.08602315,28.6221014,77.0856946,0,del,Delhi,2026-09-01T02:58:35.100482Z
ChIJp_7ISQwFDTkRDX2x1apoM4U,Go Pappe Cafe,places,en,120,28.620391150000003,77.08602315,28.6221429,77.0857161,0,del,Delhi,2026-09-01T02:58:35.100484Z
ChIJFcqPXAAFDTkRCthfi3QoRYY,Jai Vaishno Chaat Caterers,places,en,120,28.620391150000003,77.08602315,28.6220803,77.0853766,0,del,Delhi,2026-09-01T02:58:35.100485Z
ChIJqVuJhbAEDTkRmLZFrgtraIY,Healthy Chef,places,en,120,28.620391150000003,77.08602315,28.621694299999998,77.08739899999999,0,del,Delhi,2026-09-01T02:58:35.100487Z
ChIJD3gTEn8FDTkRqx7V0uM4bOg,Burgrill - The OG's of Grilled Burgers,places,en,120,28.620391150000003,77.08602315,28.6220429,77.08521549999999,0,del,Delhi,2026-09-01T02:58:35.100489Z
ChIJQ8uhy5AFDTkRKkxqU7H1MgY,Mojo Pizza - 2X Toppings,places,en,120,28.620391150000003,77.08602315,28.6216515,77.0845278,0,del,Delhi,2026-09-01T02:58:35.100490Z
ChIJW8Tt2DAFDTkRIYVauoaKMf0,BOX8- Desi Meals | Order Food Online,places,en,120,28.620391150000003,77.08602315,28.6216515,77.0845278,0,del,Delhi,2026-09-01T02:58:35.100491Z
ChIJq6qqqq8EDTkRpwfZRsCK3F8,Tandoor Bar-Be-Que,places,en,120,28.620391150000003,77.08602315,28.6216515,77.0845278,0,del,Delhi,2026-09-01T02:58:35.100493Z
ChIJMVJP6LwFDTkRzCZqtMpWJFo,La Pinoz Pizza Janakpuri,places,en,120,28.620391150000003,77.08602315,28.6220182,77.0850572,0,del,Delhi,2026-09-01T02:58:35.100494Z
ChIJuVTA5v4FDTkRdf-C3BnpMYg,SAVOURY,places,en,120,28.620391150000003,77.08602315,28.622117199999998,77.0852708,0,del,Delhi,2026-09-01T02:58:35.100495Z
ChIJy9D-GYkfDTkRlCzuIBfIDSQ,Monginis Cake Shop,places,en,121,28.49900025,77.18980115,28.4985607,77.1895164,0,del,Delhi,2026-09-01T02:58:35.461531Z
ChIJM3ZHXQAfDTkRNe52Shtzapo,Ghar ka khana,places,en,121,28.49900025,77.18980115,28.498556699999998,77.1895171,0,del,Delhi,2026-09-01T02:58:35.461537Z
ChIJa-8AByUfDTkRxPLocrFPQ-w,KIMAAYA KITCHEN,places,en,121,28.49900025,77.18980115,28.499422799999998,77.19044939999999,0,del,Delhi,2026-09-01T02:58:35.461539Z
ChIJ_V-QSdIfDTkRgrY1eKRwNVk,Rohit tiffin service,places,en,121,28.49900025,77.18980115,28.499422799999998,77.1904496,0,del,Delhi,2026-09-01T02:58:35.461541Z
ChIJV2pNb9wfDTkR8-Bf9bzptmo,Shan Chicken Corner,places,en,121,28.49900025,77.18980115,28.4994226,77.1904504,0,del,Delhi,2026-09-01T02:58:35.461542Z
ChIJcZLvuEgfDTkRVMuZG8sFw7M,Miracle Bites,places,en,121,28.49900025,77.18980115,28.4994226,77.1904504,0,del,Delhi,2026-09-01T02:58:35.461544Z
ChIJh5iXMQAfDTkREFrS5W_kyE4,Central Perk - The Virtual Cafe,places,en,121,28.49900025,77.18980115,28.499382599999997,77.19055259999999,0,del,Delhi,2026-09-01T02:58:35.461545Z
ChIJXcNdaJ4fDTkRB1d-I3zb46Q,WOK OUR WAY,places,en,121,28.49900025,77.18980115,28.499005,77.1888165,0,del,Delhi,2026-09-01T02:58:35.461546Z
ChIJnXQEHt0fDTkRVFb3YbFelfA,KEDAR SWEETS & SNACKS,places,en,121,28.49900025,77.18980115,28.4985349,77.18892819999999,0,del,Delhi,2026-09-01T02:58:35.461548Z
ChIJs05aniYeDTkRMUmvWIrqqPM,Jamal Chicken Biryani King,places,en,121,28.49900025,77.18980115,28.498518899999997,77.1889248,0,del,Delhi,2026-09-01T02:58:35.461549Z
ChIJYd9g4IUfDTkRlfqQehfCLAs,Laxmi chinese & Indian food,places,en,121,28.49900025,77.18980115,28.4985122,77.1889106,0,del,Delhi,2026-09-01T02:58:35.461550Z
ChIJd8S1myYeDTkRnwShBCkmcXY,Delhi Belly,places,en,121,28.49900025,77.18980115,28.498158399999998,77.1892905,0,del,Delhi,2026-09-01T02:58:35.461551Z
ChIJH2k87yYeDTkRuWWmsjbZZmM,"Chick ""N"" Fatafat",places,en,121,28.49900025,77.18980115,28.498542699999998,77.1908344,0,del,Delhi,2026-09-01T02:58:35.461552Z
ChIJa7rwpJUfDTkRKbdtwF1CRpI,Royal Rasoi,places,en,121,28.49900025,77.18980115,28.4985197,77.1887445,0,del,Delhi,2026-09-01T02:58:35.461554Z
ChIJf0p6bSQfDTkR93elKSV0Yxg,Parag Mega Mart,places,en,121,28.49900025,77.18980115,28.498541,77.18870319999999,0,del,Delhi,2026-09-01T02:58:35.461555Z
ChIJzeKiMNQfDTkRKlxgpPj0pm4,Anjleena's Kitchen,places,en,121,28.49900025,77.18980115,28.497962599999997,77.19021330000001,0,del,Delhi,2026-09-01T02:58:35.461556Z
ChIJI0LAXYEfDTkRB2EHCTm0Uj4,Kolkathi Rolls,places,en,121,28.49900025,77.18980115,28.498516499999997,77.18865389999999,0,del,Delhi,2026-09-01T02:58:35.461557Z
ChIJH-b8oLUfDTkRKCpbcpH4QbI,Momo Street,places,en,121,28.49900025,77.18980115,28.498509799999997,77.18865290000001,0,del,Delhi,2026-09-01T02:58:35.461558Z
ChIJB9FnqaEfDTkRJEPyo_Q-5SQ,TAMILNADU CAFE,places,en,121,28.49900025,77.18980115,28.4985087,77.18865149999999,0,del,Delhi,2026-09-01T02:58:35.461560Z
ChIJaeSdr7UfDTkR8k-YMFsS-4o,Barbecue house,places,en,121,28.49900025,77.18980115,28.498506700000004,77.18863379999999,0,del,Delhi,2026-09-01T02:58:35.461561Z
ChIJyQ_U5D39DDkREa6Cv505BLE,Jai Durge Snacks,places,en,122,28.6462011,77.223617,28.646276699999998,77.2237349,0,del,Delhi,2026-09-01T02:58:35.793427Z
ChIJDwFiBz79DDkRY0Drd-TUMNU,Mohan Dhaba,places,en,122,28.6462011,77.223617,28.646393000000003,77.22327,0,del,Delhi,2026-09-01T02:58:35.793438Z
ChIJMZmXJeD9DDkRo96Dqn4485E,Mohd Alam,places,en,122,28.6462011,77.223617,28.646587600000004,77.22386879999999,0,del,Delhi,2026-09-01T02:58:35.793442Z
ChIJDTEAPAD9DDkRI9PqvIXIJl0,Vikas,places,en,122,28.6462011,77.223617,28.646515299999997,77.22408659999999,0,del,Delhi,2026-09-01T02:58:35.793445Z
ChIJTe4FOQD9DDkROaZeGW7h8zM,Harjindar,places,en,122,28.6462011,77.223617,28.6466283,77.223066,0,del,Delhi,2026-09-01T02:58:35.793448Z
ChIJGXCCDiX9DDkRVvApoeNnNrU,Laxman Dhaba,places,en,122,28.6462011,77.223617,28.6454293,77.2236028,0,del,Delhi,2026-09-01T02:58:35.793451Z
ChIJez2N9LX9DDkRa5P4KUKhsuI,Kutub Store,places,en,122,28.6462011,77.223617,28.645304199999998,77.22433000000001,0,del,Delhi,2026-09-01T02:58:35.793454Z
ChIJfbCSJSX9DDkRpKWJWfKaqYo,Arvind,places,en,122,28.6462011,77.223617,28.645555299999998,77.22464939999999,0,del,Delhi,2026-09-01T02:58:35.793457Z
ChIJ9_DJi5j9DDkRjX-Q4v7Zn-w,Aman Fast Food Restaurant,places,en,122,28.6462011,77.223617,28.64529,77.2228047,0,del,Delhi,2026-09-01T02:58:35.793460Z
ChIJgXXeFO39DDkRNMhRMzWBCPY,Shri Pradhan Ji Dhaba,places,en,122,28.6462011,77.223617,28.6450779,77.2239645,0,del,Delhi,2026-09-01T02:58:35.793462Z
ChIJjaY8TWLlDDkRv-e53OmanXs,First Taste,places,en,122,28.6462011,77.223617,28.6470913,77.22481719999999,0,del,Delhi,2026-09-01T02:58:35.793465Z
ChIJXyDYoi39DDkRBPw-htgBR4s,Vivek Food Service,places,en,122,28.6462011,77.223617,28.6446743,77.2235366,0,del,Delhi,2026-09-01T02:58:35.793468Z
ChIJ70V4yhX9DDkRp71isMKn2W4,Metro Food Plaza,places,en,122,28.6462011,77.223617,28.644655399999998,77.2234667,0,del,Delhi,2026-09-01T02:58:35.793471Z
ChIJH3JRWuL9DDkRy7OVLmcWeD4,DL -6 restaurant,places,en,122,28.6462011,77.223617,28.647118799999998,77.2250802,0,del,Delhi,2026-09-01T02:58:35.793473Z
ChIJ-6WO1pP9DDkRINMWp-aLA-8,Kishan Delhi 6,places,en,122,28.6462011,77.223617,28.6473493,77.225099,0,del,Delhi,2026-09-01T02:58:35.793476Z
ChIJuTGW2yH9DDkRhZRa1BFo3Nk,The Square Meal,places,en,122,28.6462011,77.223617,28.644595100000004,77.2227613,0,del,Delhi,2026-09-01T02:58:35.793478Z
ChIJB3DmtAf9DDkRx8pNONzqtgw,Aao Khao Dhoom Machao,places,en,122,28.6462011,77.223617,28.647878,77.2247273,0,del,Delhi,2026-09-01T02:58:35.793481Z
ChIJwSWZCiX9DDkRX2HrCQjD5aY,Jay Ram Gupta Shop,places,en,122,28.6462011,77.223617,28.6478939,77.225391,0,del,Delhi,2026-09-01T02:58:35.793484Z
ChIJ3Qr13gf9DDkRYhTxAtlDtCE,Prince Kulfi,places,en,122,28.6462011,77.223617,28.646330799999998,77.2262391,0,del,Delhi,2026-09-01T02:58:35.793487Z
ChIJKSTGXAD9DDkRuXKS68394mU,Pappu kachori Wale,places,en,122,28.6462011,77.223617,28.6485702,77.22438939999999,0,del,Delhi,2026-09-01T02:58:35.793489Z
ChIJb-i_GuXjDDkRp_nK_fzjBAg,Begum's Legacy by Shehnaz Siddiqui,places,en,123,28.56105825,77.25288445000001,28.561195700000003,77.2542337,0,del,Delhi,2026-09-01T02:58:36.140392Z
ChIJZ7_8AWrjDDkRzceLuUwRBS8,Butter kitchen,places,en,123,28.56105825,77.25288445000001,28.559773,77.253365,0,del,Delhi,2026-09-01T02:58:36.140415Z
ChIJB0OQkA3jDDkR5KLmzJ_DSdU,MD Khalid Fast Food Shop,places,en,123,28.56105825,77.25288445000001,28.5621987,77.25127880000001,0,del,Delhi,2026-09-01T02:58:36.140421Z
ChIJqRy96FvjDDkRQrzxIT5dgEc,Big Break café & lounge,places,en,123,28.56105825,77.25288445000001,28.5593145,77.2533498,0,del,Delhi,2026-09-01T02:58:36.140425Z
ChIJt4Xb3zbjDDkRlxNSUyM0jDw,Mansi Momos,places,en,123,28.56105825,77.25288445000001,28.5591705,77.25229139999999,0,del,Delhi,2026-09-01T02:58:36.140428Z
ChIJ4xIPY8PjDDkRHFqrT6BmS88,Tunika Veg Biryani,places,en,123,28.56105825,77.25288445000001,28.560051899999998,77.2508768,0,del,Delhi,2026-09-01T02:58:36.140432Z
ChIJ8UWA_LfjDDkRCL2k7tZlaqU,Md. Khatib Halal chicken & Fish,places,en,123,28.56105825,77.25288445000001,28.560047200000003,77.2508768,0,del,Delhi,2026-09-01T02:58:36.140436Z
ChIJHZcs1rnjDDkRgRn9lG1a3KE,Zaika Muradabadi Shahi Biryani & Chicken Corner,places,en,123,28.56105825,77.25288445000001,28.5602526,77.2507567,0,del,Delhi,2026-09-01T02:58:36.140439Z
ChIJnZfVTJvjDDkRMgElR6ORh3s,ALAM MURADABADI BIRYANI,places,en,123,28.56105825,77.25288445000001,28.560202699999998,77.2507109,0,del,Delhi,2026-09-01T02:58:36.140443Z
ChIJD0tiHmXjDDkRR9QCDmMmA18,Bhola Da Dhaba,places,en,123,28.56105825,77.25288445000001,28.559156299999998,77.25157569999999,0,del,Delhi,2026-09-01T02:58:36.140446Z
ChIJ45DOVlfjDDkRMVFH8k1sk4k,The Unique Taste,places,en,123,28.56105825,77.25288445000001,28.5628877,77.25112229999999,0,del,Delhi,2026-09-01T02:58:36.140450Z
ChIJHVpKbrjjDDkR35aXCPwEpjA,Vadapav Junction,places,en,123,28.56105825,77.25288445000001,28.558764099999998,77.2538831,0,del,Delhi,2026-09-01T02:58:36.140453Z
ChIJPXwGr2TjDDkRu60-81O7Jng,Dough & Dumpling,places,en,123,28.56105825,77.25288445000001,28.5587309,77.2538603,0,del,Delhi,2026-09-01T02:58:36.140458Z
ChIJmSyNFwDjDDkRYN_jg_3GXEc,Chicken Junction by Deena,places,en,123,28.56105825,77.25288445000001,28.563299699999998,77.2545113,0,del,Delhi,2026-09-01T02:58:36.140462Z
ChIJo3C7hfXjDDkR0M4RatRYptg,Jatin Enterprises,places,en,123,28.56105825,77.25288445000001,28.5620491,77.25003219999999,0,del,Delhi,2026-09-01T02:58:36.140465Z
ChIJtTWfxEzlDDkRtjdUw0S61Tc,Manna fast food,places,en,124,28.613368649999998,77.3266616,28.613811799999997,77.3276788,0,del,Delhi,2026-09-01T02:58:36.511831Z
ChIJbxFIYN7kDDkRgrWMPFxJePI,Ss Pizza,places,en,124,28.613368649999998,77.3266616,28.6137582,77.3280099,0,del,Delhi,2026-09-01T02:58:36.511857Z
ChIJixQ4ffblDDkRqqIfU4ZcC9Q,Brother’s confectionery & food point,places,en,124,28.613368649999998,77.3266616,28.612463599999998,77.3250575,0,del,Delhi,2026-09-01T02:58:36.511864Z
ChIJ3_KIVQPlDDkRg2NQ7jdPKlI,Manna Fast Food ( Pasta Da Vasts ),places,en,124,28.613368649999998,77.3266616,28.613487700000004,77.3286865,0,del,Delhi,2026-09-01T02:58:36.511869Z
ChIJ89e1u93kDDkRA4mznC3U4IE,Welcome Dhaba,places,en,124,28.613368649999998,77.3266616,28.6125729,77.3248043,0,del,Delhi,2026-09-01T02:58:36.511874Z
ChIJb7RsWt7kDDkRxUuUzcQvTE0,Manoj Chicken Corner,places,en,124,28.613368649999998,77.3266616,28.613459,77.3287737,0,del,Delhi,2026-09-01T02:58:36.511878Z
ChIJOyRyRt7kDDkRzC6tTE6lj60,Delhi 6,places,en,124,28.613368649999998,77.3266616,28.612782,77.32868189999999,0,del,Delhi,2026-09-01T02:58:36.511882Z
ChIJYc_aOQDlDDkRhuA6I_89hWU,One More Momo,places,en,124,28.613368649999998,77.3266616,28.6133049,77.3287947,0,del,Delhi,2026-09-01T02:58:36.511886Z
ChIJ1_zwCBnlDDkRMSh2LGb6EGs,Shree Shyam Cafe,places,en,124,28.613368649999998,77.3266616,28.6123424,77.32854669999999,0,del,Delhi,2026-09-01T02:58:36.511890Z
ChIJnXHOLHDlDDkRdTjb1ppthEM,Food Attack,places,en,124,28.613368649999998,77.3266616,28.611889899999998,77.3285913,0,del,Delhi,2026-09-01T02:58:36.511894Z
ChIJ9QdpIbDlDDkRBIBESRmIPZs,JK PIZZA POINT,places,en,124,28.613368649999998,77.3266616,28.6155998,77.3274043,0,del,Delhi,2026-09-01T02:58:36.511898Z
ChIJVVrnVIjlDDkRJE4dapVDeNo,The Couple's Cafe & Family Restaurant,places,en,124,28.613368649999998,77.3266616,28.6122797,77.3290377,0,del,Delhi,2026-09-01T02:58:36.511903Z
ChIJE4EkbwDlDDkRGsTbpQBedTQ,Anand Restaurant and Cafe,places,en,124,28.613368649999998,77.3266616,28.6122797,77.3290377,0,del,Delhi,2026-09-01T02:58:36.511907Z
ChIJI7PoHbvlDDkRMgnKEpVZn18,N.N EGG SHOP,places,en,124,28.613368649999998,77.3266616,28.6139689,77.3240181,0,del,Delhi,2026-09-01T02:58:36.511911Z
ChIJ1_l1nfL7DDkRF6axhn7Kh5c,OCEAN PIZZA AND CHINESE,places,en,124,28.613368649999998,77.3266616,28.610985099999997,77.3273507,0,del,Delhi,2026-09-01T02:58:36.511915Z
ChIJ4VcUwSHlDDkRTZP1jTgBi7o,Dhamaaka Chinese,places,en,124,28.613368649999998,77.3266616,28.610975999999997,77.3273387,0,del,Delhi,2026-09-01T02:58:36.511919Z
ChIJu1Wnk6PlDDkR-vEcdi4FseY,New Pizza point,places,en,124,28.613368649999998,77.3266616,28.6160571,77.3269937,0,del,Delhi,2026-09-01T02:58:36.511923Z
ChIJG1KD1OzhDDkRFYH_ORhcSRk,Mansuri Fast Food Shop,places,en,125,28.50448555,77.25703935,28.5052624,77.2554905,0,del,Delhi,2026-09-01T02:58:36.869022Z
ChIJ7TSiUNDhDDkRW7vAAIFlshU,Surya Sweets,places,en,125,28.50448555,77.25703935,28.5057497,77.2555496,0,del,Delhi,2026-09-01T02:58:36.869044Z
ChIJ62EsqrDhDDkRDBxpazhxU4M,Manish Kulchhe Wala,places,en,125,28.50448555,77.25703935,28.5045035,77.25468,0,del,Delhi,2026-09-01T02:58:36.869050Z
ChIJ96mV0HrhDDkRDvIEr-V1K_0,Shree Shyam Ji SPL KACHORI & Dahi Bhalla,places,en,125,28.50448555,77.25703935,28.5059912,77.2552931,0,del,Delhi,2026-09-01T02:58:36.869054Z
ChIJXf7bymrhDDkRR64uhBKuTFE,Pizza king,places,en,125,28.50448555,77.25703935,28.506095199999997,77.2554074,0,del,Delhi,2026-09-01T02:58:36.869059Z
ChIJw02ZLSfjDDkRcIuT06NGLr4,The Carnival Pizza,places,en,125,28.50448555,77.25703935,28.5061167,77.2551445,0,del,Delhi,2026-09-01T02:58:36.869063Z
ChIJ5yKeHgDhDDkRkwt9y69bZg0,Gravity momos pure veg,places,en,125,28.50448555,77.25703935,28.505287600000003,77.2596299,0,del,Delhi,2026-09-01T02:58:36.869067Z
ChIJN0DvexHhDDkR8kzkiihvNHM,Kadri Chicken Briyani,places,en,125,28.50448555,77.25703935,28.5059211,77.2546716,0,del,Delhi,2026-09-01T02:58:36.869071Z
ChIJr4irkv_hDDkREomrPE9K8aE,The pizza point,places,en,125,28.50448555,77.25703935,28.505899699999997,77.2545378,0,del,Delhi,2026-09-01T02:58:36.869076Z
ChIJX5aIYk0DDTkRcEj63OBeDm0,Jyoti Tandoori Dhaba(Lala ji Motia khan wale),places,en,126,28.615519,77.1139149,28.6154488,77.1139705,0,del,Delhi,2026-09-01T02:58:37.212478Z
ChIJPe-3-04DDTkRnb2twsWGeSw,Om Dhaba,places,en,126,28.615519,77.1139149,28.6154741,77.114693,0,del,Delhi,2026-09-01T02:58:37.212509Z
ChIJiS3AZPkDDTkRYb5OwM4-_mI,Desi Rasoi,places,en,126,28.615519,77.1139149,28.6162565,77.1152362,0,del,Delhi,2026-09-01T02:58:37.212519Z
ChIJGbhkX0UDDTkRncutzJumScc,Pal Hotel,places,en,126,28.615519,77.1139149,28.6147,77.1152208,0,del,Delhi,2026-09-01T02:58:37.212526Z
ChIJI4sibgADDTkR7HEi6h0APIo,Rakesh Fast Food,places,en,126,28.615519,77.1139149,28.613903299999997,77.1139817,0,del,Delhi,2026-09-01T02:58:37.212534Z
ChIJ3-hwuFIDDTkRh2MFFKu7gzQ,DHIRAJ OLD BUMPER & GRILL,places,en,126,28.615519,77.1139149,28.6141704,77.1125891,0,del,Delhi,2026-09-01T02:58:37.212542Z
ChIJlXmkcYIdDTkRVMmmD3KwoOU,Sanjeev dhaba,places,en,126,28.615519,77.1139149,28.613930999999997,77.11522529999999,0,del,Delhi,2026-09-01T02:58:37.212550Z
ChIJhwtr7L8DDTkRhhQcxFry7DE,Nepali Zaayka,places,en,126,28.615519,77.1139149,28.6161848,77.11626009999999,0,del,Delhi,2026-09-01T02:58:37.212560Z
ChIJ71nAozcDDTkR6GL1JfVbGxI,Fruits chat Mayapuri Junk market,places,en,126,28.615519,77.1139149,28.617904499999998,77.1131647,0,del,Delhi,2026-09-01T02:58:37.212567Z
ChIJq6oRE0UDDTkRB04kKdQj_ac,Sarita's Tadka,places,en,127,28.62779305,77.1143418,28.626669999999997,77.11592,0,del,Delhi,2026-09-01T02:58:37.630428Z
ChIJ7bpZW1ADDTkR4Jy5zdL5Who,Jaiswal Egg Corner,places,en,127,28.62779305,77.1143418,28.6259518,77.1148352,0,del,Delhi,2026-09-01T02:58:37.630454Z
ChIJiR4GH5wDDTkROe-MDZLh-go,Satish Store,places,en,127,28.62779305,77.1143418,28.625924100000002,77.11477789999999,0,del,Delhi,2026-09-01T02:58:37.630459Z
ChIJ7X162ZUDDTkR5AIdaxceHTE,Pizza bite,places,en,127,28.62779305,77.1143418,28.6258689,77.1142577,0,del,Delhi,2026-09-01T02:58:37.630464Z
ChIJSSW3l8kDDTkRTAHTDHGHDdE,THE FOODIE CULTURE,places,en,127,28.62779305,77.1143418,28.6258689,77.1142577,0,del,Delhi,2026-09-01T02:58:37.630468Z
ChIJsXtLy9IDDTkR7KB9AF0CyfA,Its Pizza Town,places,en,127,28.62779305,77.1143418,28.6259162,77.1148801,0,del,Delhi,2026-09-01T02:58:37.630472Z
ChIJ_TQ90XUDDTkRdhUZK8KL3II,Hansraj Yadav Shop,places,en,127,28.62779305,77.1143418,28.625940999999997,77.11368,0,del,Delhi,2026-09-01T02:58:37.630476Z
ChIJs232Y0sDDTkRtruFj0VLK3Y,Mr Sardar Ji,places,en,127,28.62779305,77.1143418,28.6258441,77.1153032,0,del,Delhi,2026-09-01T02:58:37.630480Z
ChIJgbfkT1sDDTkR2i1AtxxcRcA,CAFE TULIP,places,en,127,28.62779305,77.1143418,28.629819299999998,77.1134687,0,del,Delhi,2026-09-01T02:58:37.630484Z
ChIJsTROU4oDDTkRr8aF1_4TIaU,Payal Tiffin Service and PG,places,en,127,28.62779305,77.1143418,28.6293309,77.1161008,0,del,Delhi,2026-09-01T02:58:37.630491Z
ChIJOcgS_UQDDTkRagU0k7zQeCg,Shri Shyam Rasoi,places,en,127,28.62779305,77.1143418,28.6259023,77.11565159999999,0,del,Delhi,2026-09-01T02:58:37.630495Z
ChIJ5eTyaEUDDTkR92mzEWOYmWM,Red Chilli,places,en,127,28.62779305,77.1143418,28.625902,77.11565230000001,0,del,Delhi,2026-09-01T02:58:37.630499Z
ChIJ8x-AxlADDTkRDpSpqC5vNHQ,Dewàn Vaishno Dhaba,places,en,127,28.62779305,77.1143418,28.625939499999998,77.115724,0,del,Delhi,2026-09-01T02:58:37.630503Z
ChIJ96cpUlsDDTkRK5rHUFLyRQc,SK Premium Park,places,en,127,28.62779305,77.1143418,28.6300639,77.11345860000002,0,del,Delhi,2026-09-01T02:58:37.630507Z
ChIJGTAZqUUDDTkRe2zFyBsHOEw,Himal Fast Food,places,en,127,28.62779305,77.1143418,28.627658,77.1170736,0,del,Delhi,2026-09-01T02:58:37.630511Z
ChIJPTMEGI4DDTkRMAXgoXd8myk,VINGO FOODS,places,en,127,28.62779305,77.1143418,28.6252811,77.11502759999999,0,del,Delhi,2026-09-01T02:58:37.630515Z
ChIJSZyDekUDDTkRORjlI_GHQBg,Jain Pakode Wale,places,en,127,28.62779305,77.1143418,28.625832199999998,77.1162585,0,del,Delhi,2026-09-01T02:58:37.630519Z
ChIJiQNZQ5QDDTkRPteCF1Ub_jU,DISAWER,places,en,127,28.62779305,77.1143418,28.6297975,77.1163591,0,del,Delhi,2026-09-01T02:58:37.630523Z
ChIJkznsdNHjDDkRNDZd8MTFOsg,New Pizza House,places,en,128,28.5902329,77.24229665,28.5901267,77.2420097,0,del,Delhi,2026-09-01T02:58:37.971631Z
ChIJ6co6hgPjDDkR6-CzqYsksOk,Grill n Chill,places,en,128,28.5902329,77.24229665,28.5901997,77.24155999999999,0,del,Delhi,2026-09-01T02:58:37.971656Z
ChIJTStXZQDjDDkRRkIOQI2Pda4,A B Chicken Point Cloud Kitchen,places,en,128,28.5902329,77.24229665,28.5897167,77.24180249999999,0,del,Delhi,2026-09-01T02:58:37.971662Z
ChIJee1KzgLjDDkRfNE5gWwqkAQ,Yamin Hotel,places,en,128,28.5902329,77.24229665,28.590812399999997,77.24277839999999,0,del,Delhi,2026-09-01T02:58:37.971696Z
ChIJmc8duwLjDDkRn9MCLAabnyE,Al Mohd,places,en,128,28.5902329,77.24229665,28.590207999999997,77.2413685,0,del,Delhi,2026-09-01T02:58:37.971702Z
ChIJTYVnTADjDDkRoHQJWQeTBqI,Nizamuddin Nagori chai,places,en,128,28.5902329,77.24229665,28.5902577,77.241368,0,del,Delhi,2026-09-01T02:58:37.971707Z
ChIJR-U3sQLjDDkRYWb1ucWPmgw,KITCARE The Hunger Solution,places,en,128,28.5902329,77.24229665,28.590771699999998,77.241552,0,del,Delhi,2026-09-01T02:58:37.971711Z
ChIJbfFkJljjDDkRK0hMfC51ar4,The White Chilli,places,en,128,28.5902329,77.24229665,28.590114000000003,77.2432546,0,del,Delhi,2026-09-01T02:58:37.971715Z
ChIJIXA_IQPjDDkRC_pxvYnkD7Y,Zihan Foods,places,en,128,28.5902329,77.24229665,28.5903155,77.2433978,0,del,Delhi,2026-09-01T02:58:37.971720Z
ChIJ2-zRt67jDDkRI1q8UU2fEF8,Al-fateh Restaurant,places,en,128,28.5902329,77.24229665,28.5909602,77.2414234,0,del,Delhi,2026-09-01T02:58:37.971727Z
ChIJK0eY9cTjDDkR_UCxHxbhctQ,Bazm-E-Lazza,places,en,128,28.5902329,77.24229665,28.589226300000004,77.242671,0,del,Delhi,2026-09-01T02:58:37.971731Z
ChIJn9kW6jXjDDkR0bGZ_1gQSpw,Ahad foods,places,en,128,28.5902329,77.24229665,28.5903091,77.2435034,0,del,Delhi,2026-09-01T02:58:37.971735Z
ChIJd-wmJhzjDDkRPh5EdDrL1LM,Mehboob Hotel,places,en,128,28.5902329,77.24229665,28.591441,77.24280399999999,0,del,Delhi,2026-09-01T02:58:37.971738Z
ChIJqRlySAPjDDkRQGCWbqaCZ-8,Mughal Biryani Center,places,en,128,28.5902329,77.24229665,28.591444,77.242814,0,del,Delhi,2026-09-01T02:58:37.971742Z
ChIJlWc6yXfjDDkRhOj9CjlsPkg,Baba Qureshi,places,en,128,28.5902329,77.24229665,28.591523700000003,77.24276549999999,0,del,Delhi,2026-09-01T02:58:37.971746Z
ChIJN5ntaADjDDkR9zIksAlsET0,Copper grill food -Hzt. Nizamuddin Branch,places,en,128,28.5902329,77.24229665,28.5911719,77.24106669999999,0,del,Delhi,2026-09-01T02:58:37.971750Z
ChIJX2zeIAPjDDkRo2ZaPbxz6s4,AL QURESH RESTAURANTS,places,en,128,28.5902329,77.24229665,28.590660999999997,77.243904,0,del,Delhi,2026-09-01T02:58:37.971754Z
ChIJ1xyuLgPjDDkRBaPfgFQW3xU,Monis kada hotel,places,en,128,28.5902329,77.24229665,28.5910211,77.24381369999999,0,del,Delhi,2026-09-01T02:58:37.971759Z
ChIJiahPLO7jDDkR5WJPh2mdvOg,Rahim restaurant,places,en,128,28.5902329,77.24229665,28.591348399999998,77.24361449999999,0,del,Delhi,2026-09-01T02:58:37.971763Z
ChIJAQAAABvjDDkRgR3kUW9Vlog,Karim Hotel,places,en,128,28.5902329,77.24229665,28.5913483,77.24366669999999,0,del,Delhi,2026-09-01T02:58:37.971767Z
ChIJDZdDfgDjDDkRBfKpnHRaOaI,R.S foodie fast food,places,en,129,28.60569255,77.23190305,28.6082102,77.2315881,0,del,Delhi,2026-09-01T02:58:38.315892Z
ChIJqaeRW9viDDkRAAAA0AvewCc,Delhi Chaat Bhandar,places,en,129,28.60569255,77.23190305,28.6078284,77.23005839999999,0,del,Delhi,2026-09-01T02:58:38.315915Z
ChIJWWucW9viDDkREjRF1qQeKTE,"Gulati Restaurant, Pandara Road",places,en,129,28.60569255,77.23190305,28.6078373,77.2300666,0,del,Delhi,2026-09-01T02:58:38.315924Z
ChIJm_LHWhLjDDkRKSLTbmPiahk,My baking Tray,places,en,130,28.587368650000002,77.2458292,28.587212599999997,77.2451615,0,del,Delhi,2026-09-01T02:58:38.719327Z
ChIJL46qf2rjDDkRtGyimYLqOg8,Zorro Kitchen,places,en,130,28.587368650000002,77.2458292,28.585197700000002,77.24639599999999,0,del,Delhi,2026-09-01T02:58:38.719349Z
ChIJoz2QHzrjDDkRbtUxqv3-gcg,Hummus&Beyond,places,en,130,28.587368650000002,77.2458292,28.5852921,77.2472116,0,del,Delhi,2026-09-01T02:58:38.719355Z
ChIJD5iRDADjDDkRCBg83Kz3xrw,Al - Zaika Biryani Corner,places,en,130,28.587368650000002,77.2458292,28.5852921,77.2472116,0,del,Delhi,2026-09-01T02:58:38.719359Z
ChIJtdaTfQHjDDkRj3oVBUBAy9Q,Pandit Ji Rasoi,places,en,130,28.587368650000002,77.2458292,28.585711,77.2438324,0,del,Delhi,2026-09-01T02:58:38.719363Z
ChIJDdmbpwPlDDkRFgw-Tlsue4E,CraveIT,places,en,131,28.56317145,77.28941225,28.562789,77.28940159999999,0,del,Delhi,2026-09-01T02:58:39.131453Z
ChIJLxen4HTkDDkR5VMtui--s2s,Bilal Restaurant,places,en,131,28.56317145,77.28941225,28.562799,77.289754,0,del,Delhi,2026-09-01T02:58:39.131473Z
ChIJ65xQzizlDDkRgDqlRMg9B5w,Saporoso Pizza,places,en,131,28.56317145,77.28941225,28.563681199999998,77.2897682,0,del,Delhi,2026-09-01T02:58:39.131479Z
ChIJE2x8KTLlDDkR6ETAQC6D6H4,Al Nihar,places,en,131,28.56317145,77.28941225,28.5626517,77.2898708,0,del,Delhi,2026-09-01T02:58:39.131483Z
ChIJ6VuvPnXkDDkRFbgNf9AIs6s,Pizza Fun TikonaPark,places,en,131,28.56317145,77.28941225,28.5625081,77.2893642,0,del,Delhi,2026-09-01T02:58:39.131487Z
ChIJi1EvWBzlDDkRW4mcvBRyS6A,Zaikology,places,en,131,28.56317145,77.28941225,28.5636166,77.2899515,0,del,Delhi,2026-09-01T02:58:39.131491Z
ChIJQ_hOyEjlDDkRkjRkPslQphU,THE MOMOS MANIA,places,en,131,28.56317145,77.28941225,28.5637176,77.2898189,0,del,Delhi,2026-09-01T02:58:39.131496Z
ChIJwUsggO3lDDkRQo0H62ziHik,Halal Pizza Hub,places,en,131,28.56317145,77.28941225,28.562486399999997,77.2893646,0,del,Delhi,2026-09-01T02:58:39.131500Z
ChIJzyB76J7lDDkRXzU2jtWs0Zk,Yoube’s Cafe,places,en,131,28.56317145,77.28941225,28.562476699999998,77.2893376,0,del,Delhi,2026-09-01T02:58:39.131504Z
ChIJeVuQLbLlDDkRpl2zOGN_Btk,Cafe in cave,places,en,131,28.56317145,77.28941225,28.5624755,77.28934269999999,0,del,Delhi,2026-09-01T02:58:39.131508Z
ChIJ88-pX0flDDkRV4VwW8wmx8Y,Ballimaran Nahari,places,en,131,28.56317145,77.28941225,28.562521999999998,77.2898012,0,del,Delhi,2026-09-01T02:58:39.131512Z
ChIJFZlDcQflDDkRIQ8EBd8z6iQ,AL Shawarma Hub,places,en,131,28.56317145,77.28941225,28.5625228,77.2898093,0,del,Delhi,2026-09-01T02:58:39.131516Z
ChIJRbVpVWHlDDkRE140inW5tgc,Momos Corner,places,en,131,28.56317145,77.28941225,28.563754799999998,77.28986069999999,0,del,Delhi,2026-09-01T02:58:39.131520Z
ChIJs29Jq_njDDkRABdY0SkAmjQ,Kahani Biryani Ki,places,en,131,28.56317145,77.28941225,28.5624167,77.2894398,0,del,Delhi,2026-09-01T02:58:39.131524Z
ChIJwSIZiaPlDDkRLRzmQMI2Qe0,ChikBuds - Cafe & Restaurant,places,en,131,28.56317145,77.28941225,28.5624149,77.2894601,0,del,Delhi,2026-09-01T02:58:39.131528Z
ChIJP3XAi83lDDkR9NKi_5uwYFA,Pizza Delight,places,en,131,28.56317145,77.28941225,28.562430199999998,77.289244,0,del,Delhi,2026-09-01T02:58:39.131532Z
ChIJO3h5gyblDDkRK8J0SHJaj7k,CHANG DYNASTY,places,en,131,28.56317145,77.28941225,28.5624164,77.2893137,0,del,Delhi,2026-09-01T02:58:39.131536Z
ChIJCw7bNwDlDDkRYszSD7asiic,Filmic Cafe & Restaurant,places,en,131,28.56317145,77.28941225,28.562398299999998,77.28925090000001,0,del,Delhi,2026-09-01T02:58:39.131540Z
ChIJ8ZkkWTnlDDkRfmclKX6mIA4,Majeed's,places,en,131,28.56317145,77.28941225,28.5624119,77.2897632,0,del,Delhi,2026-09-01T02:58:39.131544Z
ChIJ_3TdxA79DDkR3LSg8I3WJVg,AL-BAIK,places,en,131,28.56317145,77.28941225,28.562409499999998,77.2897869,0,del,Delhi,2026-09-01T02:58:39.131548Z
ChIJqSBKiToeDTkRToTPFlktW3E,Popular Chinese Food,places,en,132,28.49484015,77.18015325,28.4946512,77.1804861,0,del,Delhi,2026-09-01T02:58:39.472939Z
ChIJVaWKA6sfDTkRPEWSMBj_pYc,Ak Fast Food,places,en,132,28.49484015,77.18015325,28.4952299,77.180493,0,del,Delhi,2026-09-01T02:58:39.472965Z
ChIJp-bzqODhDDkRgk1v1oflhM0,food,places,en,132,28.49484015,77.18015325,28.495331,77.18053069999999,0,del,Delhi,2026-09-01T02:58:39.472970Z
ChIJ79aWhjoeDTkRQelgCAWFHAE,Qureshi Chicken Biryani,places,en,132,28.49484015,77.18015325,28.4941683,77.1804806,0,del,Delhi,2026-09-01T02:58:39.472975Z
ChIJa3uhl6EfDTkRvVtDMoanyfg,Chachu Food Corner,places,en,132,28.49484015,77.18015325,28.495515599999997,77.1805717,0,del,Delhi,2026-09-01T02:58:39.472980Z
ChIJZZwHPQAfDTkRanLuXX4FptA,Bhajiya Wale,places,en,132,28.49484015,77.18015325,28.4942939,77.1808589,0,del,Delhi,2026-09-01T02:58:39.472985Z
ChIJYUGhEdkfDTkRSovRsGk00N4,Indian Offcial Traders,places,en,132,28.49484015,77.18015325,28.4956194,77.1805783,0,del,Delhi,2026-09-01T02:58:39.472989Z
ChIJ05eO8FAfDTkRr3Kx0AO9mnk,The City Food Delight,places,en,132,28.49484015,77.18015325,28.495307999999998,77.1792967,0,del,Delhi,2026-09-01T02:58:39.472993Z
ChIJod3ogzoeDTkRvyt4v8eYs-w,Mutiyaar,places,en,132,28.49484015,77.18015325,28.493981899999998,77.1804878,0,del,Delhi,2026-09-01T02:58:39.472998Z
ChIJRYuCVBofDTkRPioE40UPnIE,Food Firrangi,places,en,132,28.49484015,77.18015325,28.4949949,77.18137349999999,0,del,Delhi,2026-09-01T02:58:39.473002Z
ChIJvacKcDYfDTkRzAYx943PfRI,TIBETAN FAST FOOD,places,en,132,28.49484015,77.18015325,28.493751999999997,77.1804616,0,del,Delhi,2026-09-01T02:58:39.473009Z
ChIJsU2BbMEfDTkRVlrxDL9VBSg,Jhatka chicken & mutton shop,places,en,132,28.49484015,77.18015325,28.493751999999997,77.18046199999999,0,del,Delhi,2026-09-01T02:58:39.473013Z
ChIJ1XS6JIwfDTkR6YzcF1Y2Q5w,Ganesh,places,en,132,28.49484015,77.18015325,28.493748399999998,77.1805751,0,del,Delhi,2026-09-01T02:58:39.473017Z
ChIJ44FXwM4fDTkR5JduXPzb8Wc,Satvik Bhojanam,places,en,132,28.49484015,77.18015325,28.4954014,77.1790141,0,del,Delhi,2026-09-01T02:58:39.473021Z
ChIJme6LnToeDTkR4GvliP-TOP4,Hunger's World,places,en,132,28.49484015,77.18015325,28.493762200000003,77.1806459,0,del,Delhi,2026-09-01T02:58:39.473025Z
ChIJp4FY-joeDTkRp_ul9jhOhEw,Chaurasia Fast Food,places,en,132,28.49484015,77.18015325,28.4959375,77.18068749999999,0,del,Delhi,2026-09-01T02:58:39.473029Z
ChIJO_NF-aEfDTkRI0HWgvrekwk,Johanna food's Tiffin Service,places,en,132,28.49484015,77.18015325,28.4937878,77.1809294,0,del,Delhi,2026-09-01T02:58:39.473033Z
ChIJM02SCgAfDTkRMm2FoHzTMgA,Maa Ki Rasoi,places,en,132,28.49484015,77.18015325,28.4937959,77.1811235,0,del,Delhi,2026-09-01T02:58:39.473037Z
ChIJ8Wz_TDkfDTkR-887eoCcFKE,LAJAWAB TANDOORI TADKA (ANSHUL),places,en,132,28.49484015,77.18015325,28.493775799999998,77.1811384,0,del,Delhi,2026-09-01T02:58:39.473042Z
ChIJYWp4KQEfDTkR9rr8BLM6ZBA,Rakesh Fast Food,places,en,132,28.49484015,77.18015325,28.4961864,77.1805856,0,del,Delhi,2026-09-01T02:58:39.473046Z
ChIJ1zawB4_mDDkROE0P1tb-_cM,Tamanna Hotel,places,en,133,28.526238149999998,77.32537375000001,28.527921700000004,77.3240189,0,del,Delhi,2026-09-01T02:58:39.797160Z
ChIJM9ZcXxsfDTkR1BMUJHqF5Jc,The Snacks,places,en,135,28.4742611,77.14079860000001,28.4735451,77.13861510000001,0,del,Delhi,2026-09-01T02:58:40.521373Z
ChIJl3hJXlkfDTkRG2ngrpgbQgg,The Chilli Wok ( Aya Nager ),places,en,135,28.4742611,77.14079860000001,28.4731855,77.1387572,0,del,Delhi,2026-09-01T02:58:40.521397Z
ChIJT2PtAgAfDTkRMq5LCQEXU4M,RNT Taste of Himalayan,places,en,135,28.4742611,77.14079860000001,28.4718101,77.1400706,0,del,Delhi,2026-09-01T02:58:40.521403Z
ChIJtUxtIFniDDkRKUB4xqsRD0U,Mohan Lal Jiwan Lal,places,en,138,28.575386899999998,77.22478255,28.575291399999998,77.22455169999999,0,del,Delhi,2026-09-01T02:58:41.615949Z
ChIJJZGFG1niDDkRfA2C9yPrXeI,GOYAL CORNER ( BHOLI PAKODE WALA),places,en,138,28.575386899999998,77.22478255,28.5749681,77.2252235,0,del,Delhi,2026-09-01T02:58:41.615975Z
ChIJlwSmJFniDDkROFRlmhY3SHU,Jangali Fast Food,places,en,138,28.575386899999998,77.22478255,28.574593999999998,77.2243934,0,del,Delhi,2026-09-01T02:58:41.615983Z
ChIJJ3VnHDDjDDkRFEEVx_5NEs0,S.K PIZZA,places,en,138,28.575386899999998,77.22478255,28.5745237,77.22426159999999,0,del,Delhi,2026-09-01T02:58:41.615988Z
ChIJseFGO1niDDkRkalRJqXwhBA,Papa Kitchen,places,en,138,28.575386899999998,77.22478255,28.5745172,77.2242587,0,del,Delhi,2026-09-01T02:58:41.615996Z
ChIJ3-bzQwDjDDkRmogh-8pRJ94,Rana Restaurant,places,en,138,28.575386899999998,77.22478255,28.57452,77.2242526,0,del,Delhi,2026-09-01T02:58:41.616002Z
ChIJMWNSxljiDDkRQOT_jHbgvbc,PAWAN VEGETABLE,places,en,138,28.575386899999998,77.22478255,28.5763271,77.22437060000001,0,del,Delhi,2026-09-01T02:58:41.616007Z
ChIJCe4b_1jiDDkROvZStWuknkk,Champaran Handi House,places,en,138,28.575386899999998,77.22478255,28.5756709,77.2260175,0,del,Delhi,2026-09-01T02:58:41.616012Z
ChIJNVNK9SrjDDkRxsrgaMyqUiM,Pizza junction,places,en,138,28.575386899999998,77.22478255,28.5754196,77.2261297,0,del,Delhi,2026-09-01T02:58:41.616017Z
ChIJUf3VNe3jDDkRMhsBx9z5pg8,Laxmi Dosa Kitchen,places,en,138,28.575386899999998,77.22478255,28.5743034,77.2253523,0,del,Delhi,2026-09-01T02:58:41.616022Z
ChIJpSw1YULjDDkRgGwqzmlQVjE,Sankalp,places,en,138,28.575386899999998,77.22478255,28.574094199999998,77.22478939999999,0,del,Delhi,2026-09-01T02:58:41.616027Z
ChIJUTevDVniDDkR0KlqQaEbeUc,Food & Fire,places,en,138,28.575386899999998,77.22478255,28.5741348,77.2255115,0,del,Delhi,2026-09-01T02:58:41.616033Z
ChIJUdXHOVniDDkRbuWRcxxkfBg,Shree Mahaveer Vaishno Dhaba,places,en,138,28.575386899999998,77.22478255,28.5740309,77.224128,0,del,Delhi,2026-09-01T02:58:41.616038Z
ChIJt-gvMADjDDkR2or_z-J2ABU,South Ex kotal,places,en,138,28.575386899999998,77.22478255,28.574206,77.22582410000001,0,del,Delhi,2026-09-01T02:58:41.616043Z
ChIJAeaIiEXjDDkRFTEwImABL64,Karan Pahadi Dhaba,places,en,138,28.575386899999998,77.22478255,28.5749681,77.2230714,0,del,Delhi,2026-09-01T02:58:41.616049Z
ChIJq5lDer3jDDkRKzPYpgNnP4c,Saloon,places,en,138,28.575386899999998,77.22478255,28.574209099999997,77.2261168,0,del,Delhi,2026-09-01T02:58:41.616056Z
ChIJ0R0cUwDjDDkRzizZtlfkr40,Nidhi Singh,places,en,138,28.575386899999998,77.22478255,28.5737098,77.22504490000001,0,del,Delhi,2026-09-01T02:58:41.616061Z
ChIJvy09VgDjDDkRCAr1B4JMuhM,8-A SEWA NAGAR MARKET,places,en,138,28.575386899999998,77.22478255,28.5770378,77.22525069999999,0,del,Delhi,2026-09-01T02:58:41.616066Z
ChIJFeSP4GbjDDkR8kW4LsO9-a0,Chicken Roasted shop,places,en,138,28.575386899999998,77.22478255,28.577116600000004,77.2250086,0,del,Delhi,2026-09-01T02:58:41.616072Z
ChIJx0EZWBLjDDkRkgvFiTvZLIY,CHOICE OF PIZZA,places,en,138,28.575386899999998,77.22478255,28.5743495,77.2264603,0,del,Delhi,2026-09-01T02:58:41.616076Z
ChIJz9CTGwAfDTkR2eBv6FxGp1o,Nepali Momo,places,en,139,28.44714595,77.14360295,28.4491053,77.142482,0,del,Delhi,2026-09-01T02:58:41.949957Z
ChIJ2TUHACUfDTkRiJeX-wCurnY,Deepak fast food corner,places,en,139,28.44714595,77.14360295,28.4493311,77.14332999999999,0,del,Delhi,2026-09-01T02:58:41.949980Z
ChIJXQ_s0YYfDTkRRBTPk39GNGI,Gafur Fast Food Shop,places,en,139,28.44714595,77.14360295,28.449412499999998,77.1433199,0,del,Delhi,2026-09-01T02:58:41.949986Z
ChIJs0vBeAsbDTkRIuI_HsoNias,Chaumin Shop,places,en,141,28.6009946,77.09621075000001,28.602125599999997,77.09622420000001,0,del,Delhi,2026-09-01T02:58:42.656604Z
ChIJWU9WcQAbDTkRmi4_PSasYs4,Vishal Chole Bhature,places,en,141,28.6009946,77.09621075000001,28.602411,77.0959275,0,del,Delhi,2026-09-01T02:58:42.656634Z
ChIJuf5EDBgbDTkRX-HHjdgXO10,Ramola's Kitchen,places,en,141,28.6009946,77.09621075000001,28.601179499999997,77.0981264,0,del,Delhi,2026-09-01T02:58:42.656644Z
ChIJFQ9Kko4bDTkRCy-J5JIyWY0,Ashwani sweet,places,en,141,28.6009946,77.09621075000001,28.600033,77.0945946,0,del,Delhi,2026-09-01T02:58:42.656651Z
ChIJB-q-FQAbDTkRVnqv4aHUfc0,Shivansh Sweet,places,en,141,28.6009946,77.09621075000001,28.599161499999997,77.0956625,0,del,Delhi,2026-09-01T02:58:42.656658Z
ChIJg2KnAc0bDTkR5D7NtzmVEp0,Dhruv caterer’s And Restaurant,places,en,141,28.6009946,77.09621075000001,28.599013099999997,77.0958323,0,del,Delhi,2026-09-01T02:58:42.656666Z
ChIJjd-QO00bDTkR0lwwQryWfAQ,J R Family Rasoi,places,en,141,28.6009946,77.09621075000001,28.6028764,77.09516339999999,0,del,Delhi,2026-09-01T02:58:42.656676Z
ChIJtePa6Z0bDTkRv3k72cpog1M,Praneel tiffin service,places,en,141,28.6009946,77.09621075000001,28.6027949,77.0974817,0,del,Delhi,2026-09-01T02:58:42.656683Z
ChIJ7Qnewn8bDTkRPvD_LSuIAXk,Madheshiya Fast Food,places,en,141,28.6009946,77.09621075000001,28.5982918,77.0963213,0,del,Delhi,2026-09-01T02:58:42.656690Z
ChIJV3A-HF4bDTkRrGfdrzGIm6I,Gupta Ji Ka Chtpta Adda,places,en,142,28.5989675,77.10201215000001,28.598824200000003,77.1016363,0,del,Delhi,2026-09-01T02:58:42.993433Z
ChIJZVIjfKkbDTkRUxWjlTJeSps,YUV Pure Vegetarian Restaurant,places,en,142,28.5989675,77.10201215000001,28.599678299999997,77.102755,0,del,Delhi,2026-09-01T02:58:42.993467Z
ChIJx3L0QYEbDTkRl0pGvSts3qg,Mohan Chicken Shop,places,en,142,28.5989675,77.10201215000001,28.5999235,77.102432,0,del,Delhi,2026-09-01T02:58:42.993480Z
ChIJuSdPPqYbDTkRGpP6Jc0LYS4,Shafiq Alam,places,en,142,28.5989675,77.10201215000001,28.599938299999998,77.10243770000001,0,del,Delhi,2026-09-01T02:58:42.993488Z
ChIJzWrh-accDTkRc69nV-QrdgA,Rajdhani Jhatka Meat Shop,places,en,142,28.5989675,77.10201215000001,28.6001895,77.1027433,0,del,Delhi,2026-09-01T02:58:42.993496Z
ChIJZ0JKoun7DDkR0frrV7qX0lg,Honey & Dough,places,en,142,28.5989675,77.10201215000001,28.599917599999998,77.1035691,0,del,Delhi,2026-09-01T02:58:42.993504Z
ChIJN5tpAuAdDTkR596CZVYGNeA,PIZZA SHREE,places,en,142,28.5989675,77.10201215000001,28.600480899999997,77.10301749999999,0,del,Delhi,2026-09-01T02:58:42.993511Z
ChIJIQhLa54bDTkR87GvAXLphUE,Megha Kitchen,places,en,142,28.5989675,77.10201215000001,28.5985047,77.0999137,0,del,Delhi,2026-09-01T02:58:42.993520Z
ChIJXSn0mMcdDTkRcASoOaT-LU0,Himanshi Chaumeen Center,places,en,142,28.5989675,77.10201215000001,28.6006689,77.103118,0,del,Delhi,2026-09-01T02:58:42.993527Z
ChIJM7MdUrYdDTkRtL1h-SBTc-k,Vikas Bharti,places,en,142,28.5989675,77.10201215000001,28.6011605,77.1037211,0,del,Delhi,2026-09-01T02:58:42.993535Z
ChIJ2xUo6GTnDDkRrYqUcpGLKkA,The Funky Forest,places,en,143,28.50878855,77.31797515,28.508992,77.3181968,0,del,Delhi,2026-09-01T02:58:43.401640Z
ChIJMbiGqe_mDDkR8-_Q5pqxVRE,Vishal Momo Hub,places,en,143,28.50878855,77.31797515,28.5092093,77.3182377,0,del,Delhi,2026-09-01T02:58:43.401661Z
ChIJvxOd_BrnDDkR72epZ-PlyXQ,The Family Pizza,places,en,143,28.50878855,77.31797515,28.5092763,77.31815069999999,0,del,Delhi,2026-09-01T02:58:43.401666Z
ChIJ5zMwZrbnDDkR7oOScAHTSFE,Uncle samosa,places,en,143,28.50878855,77.31797515,28.509380200000003,77.31776119999999,0,del,Delhi,2026-09-01T02:58:43.401670Z
ChIJM7ilFwDnDDkRfom7Zim6RfI,Murali Hotel,places,en,143,28.50878855,77.31797515,28.5091873,77.31853219999999,0,del,Delhi,2026-09-01T02:58:43.401674Z
ChIJxdsgvO_mDDkRL9Cs3-9DQZc,Maa Kalka Sweets,places,en,143,28.50878855,77.31797515,28.508804599999998,77.31881469999999,0,del,Delhi,2026-09-01T02:58:43.401678Z
ChIJXTw8STznDDkR1ANEgRmHTCI,ALAM MORADABADI BIRYANI,places,en,143,28.50878855,77.31797515,28.5095329,77.3177583,0,del,Delhi,2026-09-01T02:58:43.401684Z
ChIJI3tHgrPnDDkRYvzdiiVXqqE,Shree Ram G Variety Samosa (Zomato Also available),places,en,143,28.50878855,77.31797515,28.508190300000003,77.3188241,0,del,Delhi,2026-09-01T02:58:43.401687Z
ChIJD0s7HgDnDDkRvT-reAnWcrg,Desi Bites (by- BRIJESH RATHOR),places,en,143,28.50878855,77.31797515,28.509604699999997,77.3190513,0,del,Delhi,2026-09-01T02:58:43.401691Z
ChIJgYD42QvnDDkRnB_0pdEG_50,Shivangi Yadav Momos,places,en,143,28.50878855,77.31797515,28.5096365,77.3190448,0,del,Delhi,2026-09-01T02:58:43.401694Z
ChIJl2FAvu_mDDkRkq2y0uoZZkg,Chaurangi Line,places,en,143,28.50878855,77.31797515,28.5083514,77.319397,0,del,Delhi,2026-09-01T02:58:43.401698Z
ChIJm7VRerHnDDkRQK98Rqpd-JA,Kanha ji samose wale,places,en,143,28.50878855,77.31797515,28.508098,77.3193919,0,del,Delhi,2026-09-01T02:58:43.401701Z
ChIJM5pHBa7nDDkRqv2h2Iy7fGg,THE ROYAL PIZZA CAFE,places,en,143,28.50878855,77.31797515,28.5081101,77.31940469999999,0,del,Delhi,2026-09-01T02:58:43.401707Z
ChIJy_nh9H3nDDkRiB69g9cgBAE,The Roll Point,places,en,143,28.50878855,77.31797515,28.507966399999997,77.3194552,0,del,Delhi,2026-09-01T02:58:43.401711Z
ChIJH249ew7nDDkRpfBkpHg9uXM,bihari dhaba,places,en,143,28.50878855,77.31797515,28.510130999999998,77.31900279999999,0,del,Delhi,2026-09-01T02:58:43.401714Z
ChIJfeKCAefnDDkR5c9iZ64R1SA,Laddu fast food corner,places,en,143,28.50878855,77.31797515,28.5101842,77.3168506,0,del,Delhi,2026-09-01T02:58:43.401717Z
ChIJnWPgHqvnDDkRg92KCAK585Q,Mohit Egg Shop,places,en,143,28.50878855,77.31797515,28.5102124,77.316812,0,del,Delhi,2026-09-01T02:58:43.401721Z
ChIJpfWVdgDnDDkRSV1lB48ZUNM,Gupta's Recipe By Poonam,places,en,143,28.50878855,77.31797515,28.507862,77.31983869999999,0,del,Delhi,2026-09-01T02:58:43.401724Z
ChIJSXAWr2nnDDkRkHfRg2-OseA,Yumm,places,en,143,28.50878855,77.31797515,28.5100452,77.31561769999999,0,del,Delhi,2026-09-01T02:58:43.401730Z
ChIJd_BZebnnDDkRtxGbFx3FPsU,Maa annpurna tiffin service,places,en,143,28.50878855,77.31797515,28.507223,77.32009730000001,0,del,Delhi,2026-09-01T02:58:43.401734Z
ChIJiWaD76MfDTkRfrQE7PivBnY,Swad Ke Kalakaar,places,en,144,28.4591523,77.16060465,28.4587123,77.1601432,0,del,Delhi,2026-09-01T02:58:43.751766Z
ChIJFx_54GXhDDkRNMbQCi4QdIs,Mulla Ji Roti Wale,places,en,145,28.52522415,77.2574325,28.525193500000004,77.2574862,0,del,Delhi,2026-09-01T02:58:44.101022Z
ChIJSTRoLADhDDkRHheXK0b03Ys,Maa annapurna dhaba,places,en,145,28.52522415,77.2574325,28.5252289,77.25754239999999,0,del,Delhi,2026-09-01T02:58:44.101060Z
ChIJ5RsVXQDhDDkRTfYL7LpEAvw,Hashtag Shisha Town Cafe,places,en,145,28.52522415,77.2574325,28.525232199999998,77.2572009,0,del,Delhi,2026-09-01T02:58:44.101070Z
ChIJ3w-2jErhDDkRx5j-b39uXzw,Swagat Restaurant,places,en,145,28.52522415,77.2574325,28.525243399999997,77.2571686,0,del,Delhi,2026-09-01T02:58:44.101078Z
ChIJCX-9l8nhDDkRncc-jt2aJqU,Punjabi Di Dabha,places,en,145,28.52522415,77.2574325,28.525243399999997,77.2571686,0,del,Delhi,2026-09-01T02:58:44.101088Z
ChIJ0fcf6XDlDDkRi3xE9THIrGk,Biryani Zafrani,places,en,145,28.52522415,77.2574325,28.525100499999997,77.2571643,0,del,Delhi,2026-09-01T02:58:44.101096Z
ChIJF_ymEG_hDDkR-UY3Zc_G7CI,Pizza Fire and Cafe,places,en,145,28.52522415,77.2574325,28.525012399999998,77.2571368,0,del,Delhi,2026-09-01T02:58:44.101110Z
ChIJ02JzSLThDDkRRy7gMAyHTFg,"Domino's Pizza | Tughlakabad Extension, New Delhi",places,en,145,28.52522415,77.2574325,28.525615199999997,77.2573333,0,del,Delhi,2026-09-01T02:58:44.101118Z
ChIJV6HABPjhDDkRFeHP2K-voNQ,Pandit ji dhaba,places,en,145,28.52522415,77.2574325,28.525097799999998,77.25791559999999,0,del,Delhi,2026-09-01T02:58:44.101125Z
ChIJoc9stWLhDDkRVqjrWqdmYT0,Qureshi hotel,places,en,145,28.52522415,77.2574325,28.5250712,77.257927,0,del,Delhi,2026-09-01T02:58:44.101133Z
ChIJZw7K56rhDDkRcLBsRjxmdHM,Behrouz Biryani Kalkaji FC 2,places,en,145,28.52522415,77.2574325,28.5257522,77.2574295,0,del,Delhi,2026-09-01T02:58:44.101142Z
ChIJA1mxkvThDDkRza91byF35Og,Oven Story,places,en,145,28.52522415,77.2574325,28.5258248,77.2574041,0,del,Delhi,2026-09-01T02:58:44.101149Z
ChIJ72_kRebhDDkRikU7bIhMK28,Mandarin Oak Kalkaji 2,places,en,145,28.52522415,77.2574325,28.525841,77.257369,0,del,Delhi,2026-09-01T02:58:44.101156Z
ChIJPfrzikfhDDkRzB7p3QlHum8,Faasos Kalkaji 2,places,en,145,28.52522415,77.2574325,28.525842299999997,77.2573694,0,del,Delhi,2026-09-01T02:58:44.101163Z
ChIJk24gSQDhDDkRFou71PLCz1Y,MOJO PIZZA BOX 8 DESI MEALS,places,en,145,28.52522415,77.2574325,28.526030799999997,77.257474,0,del,Delhi,2026-09-01T02:58:44.101170Z
ChIJz4Jk3vvhDDkR6AQvIzGHqrE,Punjabiya di Hatti,places,en,145,28.52522415,77.2574325,28.5260507,77.25756340000001,0,del,Delhi,2026-09-01T02:58:44.101177Z
ChIJIUhMM17hDDkRCWR-Alm0taE,MOJO Pizza - 2X Toppings,places,en,145,28.52522415,77.2574325,28.5261,77.2575,0,del,Delhi,2026-09-01T02:58:44.101184Z
ChIJZyp0407hDDkRLpdNY3G6X-M,BOX8 - India's Largest Desi Meals Brand,places,en,145,28.52522415,77.2574325,28.5261,77.2575,0,del,Delhi,2026-09-01T02:58:44.101191Z
ChIJI5TcPn_hDDkRHGMXh98dYsY,Bengal delight,places,en,145,28.52522415,77.2574325,28.525350399999997,77.2562717,0,del,Delhi,2026-09-01T02:58:44.101198Z
ChIJc2rPeWbhDDkR-LAbgsCY2Ew,Chicken Kitchen,places,en,145,28.52522415,77.2574325,28.5261414,77.257965,0,del,Delhi,2026-09-01T02:58:44.101207Z
ChIJw9MykvjhDDkRk9awAhWzvnw,Ayesha halal,places,en,146,28.5229455,77.2416068,28.5230629,77.2403535,0,del,Delhi,2026-09-01T02:58:44.500279Z
ChIJawkPQgDhDDkRoSBjBTP5N4s,Pan in Hand,places,en,146,28.5229455,77.2416068,28.521663000000004,77.24050179999999,0,del,Delhi,2026-09-01T02:58:44.500318Z
ChIJMylMSmfhDDkRVzouTthTECc,MR.KOLKATAKITCHEN,places,en,146,28.5229455,77.2416068,28.5213114,77.241411,0,del,Delhi,2026-09-01T02:58:44.500328Z
ChIJwVsk1TrhDDkRuPKymCZIG6I,Hunger,places,en,146,28.5229455,77.2416068,28.524525,77.24118639999999,0,del,Delhi,2026-09-01T02:58:44.500339Z
ChIJk0NcZgDhDDkRA-fxvKV9yvA,AFGHANI PALAW HOUSE,places,en,146,28.5229455,77.2416068,28.5212997,77.2414117,0,del,Delhi,2026-09-01T02:58:44.500349Z
ChIJ6Z9koS_hDDkRv7Pv42-9bfE,Delicious Pizza Point,places,en,146,28.5229455,77.2416068,28.5220898,77.2400009,0,del,Delhi,2026-09-01T02:58:44.500356Z
ChIJ2UOezgfhDDkR4VEyh33LcEQ,Deepak Dhaba restaurant,places,en,146,28.5229455,77.2416068,28.521114599999997,77.2412824,0,del,Delhi,2026-09-01T02:58:44.500363Z
ChIJHaNw53fhDDkRAETGmg8HrSY,Aggrawal Sweet,places,en,146,28.5229455,77.2416068,28.5211738,77.2408533,0,del,Delhi,2026-09-01T02:58:44.500373Z
ChIJA59YShrhDDkRV6xCwi61zA0,PIZZA PRO,places,en,146,28.5229455,77.2416068,28.521180599999997,77.2407324,0,del,Delhi,2026-09-01T02:58:44.500380Z
ChIJIaJDEN3hDDkRy7gQpMjwT0A,BOLLYWOOD Pizza Cafe,places,en,146,28.5229455,77.2416068,28.522834200000002,77.239406,0,del,Delhi,2026-09-01T02:58:44.500387Z
ChIJLYq_xLnhDDkRROO7uvPMP1M,Food fillers,places,en,146,28.5229455,77.2416068,28.520947600000003,77.2411166,0,del,Delhi,2026-09-01T02:58:44.500394Z
ChIJCQpJ53fhDDkR7vWhBE7KLcw,"Deep Sweet Palace, Kitchen & Bakery",places,en,146,28.5229455,77.2416068,28.5209934,77.2409038,0,del,Delhi,2026-09-01T02:58:44.500401Z
ChIJryd6v6HhDDkRL_7f3-fkGiY,Pizza Street,places,en,146,28.5229455,77.2416068,28.5207712,77.2414921,0,del,Delhi,2026-09-01T02:58:44.500408Z
ChIJ0YMWUQDhDDkRIU2zondOzTM,Special chole Bhature,places,en,146,28.5229455,77.2416068,28.522655,77.239069,0,del,Delhi,2026-09-01T02:58:44.500415Z
ChIJb8x7WCDlDDkRYmL0KuTKgbE,Wilson Pizza,places,en,147,28.6139655,77.3343324,28.6141726,77.3342715,0,del,Delhi,2026-09-01T02:58:44.900643Z
ChIJMyy6SZjlDDkR8v3F18bCvjE,crave core,places,en,147,28.6139655,77.3343324,28.6143684,77.3343162,0,del,Delhi,2026-09-01T02:58:44.900680Z
ChIJZ53rUwDlDDkRztpNGccAjq4,Smoky Saucer,places,en,147,28.6139655,77.3343324,28.614380099999998,77.3345331,0,del,Delhi,2026-09-01T02:58:44.900691Z
ChIJ9dskWCDlDDkR4XGV9RJcuNc,brijwasi sweets shop,places,en,147,28.6139655,77.3343324,28.6143298,77.3347342,0,del,Delhi,2026-09-01T02:58:44.900698Z
ChIJ-TaW1LHlDDkR3F9475_jpX4,D Delicious Taste,places,en,147,28.6139655,77.3343324,28.614246100000003,77.3349959,0,del,Delhi,2026-09-01T02:58:44.900706Z
ChIJwwteFaTlDDkRudCXFSKHqls,Sri Gruha Foods,places,en,147,28.6139655,77.3343324,28.6147902,77.33448229999999,0,del,Delhi,2026-09-01T02:58:44.900713Z
ChIJn54cYyDlDDkR1oohwZym6lk,Pizza The Fresh Garden,places,en,147,28.6139655,77.3343324,28.6141147,77.3332994,0,del,Delhi,2026-09-01T02:58:44.900720Z
ChIJVT9n9x7lDDkRAAAA0OotpWY,BroSis Kitchen - Pure Veg Home-style Kitchen & Food Delivery,places,en,147,28.6139655,77.3343324,28.614814799999998,77.3337231,0,del,Delhi,2026-09-01T02:58:44.900730Z
ChIJP7kFgUPlDDkRg623EzaVst0,Triveni Traditional,places,en,147,28.6139655,77.3343324,28.6148259,77.3331884,0,del,Delhi,2026-09-01T02:58:44.900737Z
ChIJvayWlXHlDDkR7JiEgUQGxZA,Kristen crispy food point,places,en,147,28.6139655,77.3343324,28.6127331,77.3337872,0,del,Delhi,2026-09-01T02:58:44.900744Z
ChIJMdvzGrnlDDkR7fSVxByB4Pk,Pizza-A-Goodness,places,en,147,28.6139655,77.3343324,28.6128069,77.33359779999999,0,del,Delhi,2026-09-01T02:58:44.900751Z
ChIJvVI2RkXlDDkRqWDQmlkWTT8,Peppers Pizza - Mayur Vihar,places,en,147,28.6139655,77.3343324,28.612690899999997,77.33386519999999,0,del,Delhi,2026-09-01T02:58:44.900758Z
ChIJBfALX1jlDDkRIeNiXr_1j-M,Papa's Kitchen,places,en,147,28.6139655,77.3343324,28.613056500000003,77.3354938,0,del,Delhi,2026-09-01T02:58:44.900765Z
ChIJj9pSyRvlDDkRXm_hz0oVIyU,South Indian Masala Dosa,places,en,147,28.6139655,77.3343324,28.613578999999998,77.3359346,0,del,Delhi,2026-09-01T02:58:44.900775Z
ChIJdXz-oHnlDDkRm1EUg7vPRMQ,Aunty ka dhaba,places,en,147,28.6139655,77.3343324,28.6154579,77.33488799999999,0,del,Delhi,2026-09-01T02:58:44.900783Z
ChIJ02lsyb3lDDkRfFYxr19jG_c,Pizza Ghar,places,en,147,28.6139655,77.3343324,28.6136062,77.3325382,0,del,Delhi,2026-09-01T02:58:44.900790Z
ChIJC0PYk-vlDDkRwxwXGTa1Bfw,Roms Pizza,places,en,147,28.6139655,77.3343324,28.612274400000004,77.3343422,0,del,Delhi,2026-09-01T02:58:44.900797Z
ChIJmTyYfQDlDDkRMan4TYDHzAg,A one shuddh shakahari bhojanalaye,places,en,147,28.6139655,77.3343324,28.6132399,77.3325843,0,del,Delhi,2026-09-01T02:58:44.900804Z
ChIJK8h8siHlDDkRHrmhnpYcQKI,Qureshi Chicken Corner,places,en,147,28.6139655,77.3343324,28.613256,77.33630079999999,0,del,Delhi,2026-09-01T02:58:44.900811Z
ChIJA8nr0iHlDDkRhhdnH_E8rkY,Shree Balaji Gujrati Namkeen And Gajak Bhandar,places,en,147,28.6139655,77.3343324,28.6122388,77.33541699999999,0,del,Delhi,2026-09-01T02:58:44.900818Z
ChIJXX2bMdLjDDkRDbVEoIPoY-I,Dirty Good,places,en,148,28.5729885,77.18456295,28.5707301,77.1854745,0,del,Delhi,2026-09-01T02:58:45.243939Z
ChIJBWIz42jjDDkRz8AtAincbWQ,Cosy Box,places,en,148,28.5729885,77.18456295,28.5706736,77.1858816,0,del,Delhi,2026-09-01T02:58:45.243971Z
ChIJf4NYEqsdDTkRIjdkB9cffcI,The First Floor,places,en,148,28.5729885,77.18456295,28.570659,77.1858787,0,del,Delhi,2026-09-01T02:58:45.243981Z
ChIJmXdPMngdDTkRX2q_uHqImSs,CHICA,places,en,148,28.5729885,77.18456295,28.570618999999997,77.1858896,0,del,Delhi,2026-09-01T02:58:45.243988Z
ChIJz5HODwADDTkRbs6Neot0imo,Kanhaiya Chhole Bhature,places,en,149,28.63727,77.12068174999999,28.637132599999997,77.12045909999999,0,del,Delhi,2026-09-01T02:58:45.601439Z
ChIJe2RtB2oDDTkRywNVqUWmL5Y,Nishatha Snacks,places,en,149,28.63727,77.12068174999999,28.6371137,77.1208983,0,del,Delhi,2026-09-01T02:58:45.601466Z
ChIJS9JwLeEDDTkRUj6qJ_ukuto,Tandoori king,places,en,149,28.63727,77.12068174999999,28.637082,77.1208789,0,del,Delhi,2026-09-01T02:58:45.601473Z
ChIJ4z9oYDEDDTkRp6MhNPyXCkA,Grill House दिल्ली-18,places,en,149,28.63727,77.12068174999999,28.637078199999998,77.12039759999999,0,del,Delhi,2026-09-01T02:58:45.601479Z
ChIJv4b1ZioDDTkR3gowmyvfymI,ADDA YAARAN DA,places,en,149,28.63727,77.12068174999999,28.6369863,77.12040429999999,0,del,Delhi,2026-09-01T02:58:45.601484Z
ChIJ78kWcAoFDTkRK75rkfzqFRU,Gol Khaana,places,en,149,28.63727,77.12068174999999,28.637073599999997,77.1202899,0,del,Delhi,2026-09-01T02:58:45.601490Z
ChIJWyv0zsIDDTkROh_r9AvDPvI,Arjun chole bhature,places,en,149,28.63727,77.12068174999999,28.637572199999997,77.1202211,0,del,Delhi,2026-09-01T02:58:45.601495Z
ChIJs1ueKOADDTkRhDXpAN_2EqM,INDIAN FAST FOOD,places,en,149,28.63727,77.12068174999999,28.6370896,77.12015699999999,0,del,Delhi,2026-09-01T02:58:45.601500Z
ChIJ1W-9G2oDDTkRQIHcU8QEl64,FCF Chaap & Kebabs,places,en,149,28.63727,77.12068174999999,28.637684699999998,77.12033869999999,0,del,Delhi,2026-09-01T02:58:45.601505Z
ChIJYwZMJ8gDDTkRVj72zoIibpQ,Punjabi's Veg Grill,places,en,149,28.63727,77.12068174999999,28.6370929,77.1201414,0,del,Delhi,2026-09-01T02:58:45.601510Z
ChIJO60LfT0DDTkRrIoCyI4gi-g,Grill Pataka,places,en,149,28.63727,77.12068174999999,28.637702899999997,77.1203376,0,del,Delhi,2026-09-01T02:58:45.601515Z
ChIJ07rL8cYDDTkRfguNaUQBxK0,Giriraj Food Point,places,en,149,28.63727,77.12068174999999,28.6370641,77.12010699999999,0,del,Delhi,2026-09-01T02:58:45.601520Z
ChIJ7SNTdR8DDTkRZlYflupjI_I,Subhash bread pakode wale,places,en,149,28.63727,77.12068174999999,28.6369454,77.1201537,0,del,Delhi,2026-09-01T02:58:45.601525Z
ChIJ5-0cYMMDDTkRvooHCOiiUjo,The Roll Tips,places,en,149,28.63727,77.12068174999999,28.6369205,77.12015339999999,0,del,Delhi,2026-09-01T02:58:45.601530Z
ChIJl3gD_XkDDTkR3sF09kQpr4Q,China Grill,places,en,149,28.63727,77.12068174999999,28.636959299999997,77.12125,0,del,Delhi,2026-09-01T02:58:45.601535Z
ChIJ16Vum0wDDTkRuJrbjjc567M,Kaarobaar Express,places,en,149,28.63727,77.12068174999999,28.63692,77.120121,0,del,Delhi,2026-09-01T02:58:45.601540Z
ChIJ_QJQG2oDDTkRqvjv8MmVKxs,NAUGHTY WRAPS,places,en,149,28.63727,77.12068174999999,28.637698999999998,77.120156,0,del,Delhi,2026-09-01T02:58:45.601545Z
ChIJCaA-CgADDTkR5XUYL6yobOc,Burger Dramm,places,en,149,28.63727,77.12068174999999,28.637697,77.120143,0,del,Delhi,2026-09-01T02:58:45.601550Z
ChIJNed7RAADDTkRCLILMIb4Kn0,Khalsa Kulchya Wale,places,en,149,28.63727,77.12068174999999,28.637699299999998,77.12004809999999,0,del,Delhi,2026-09-01T02:58:45.601555Z
ChIJJ8tg5v8DDTkR7zJzaUdHQ0s,Vijay Tea Stall,places,en,149,28.63727,77.12068174999999,28.6379898,77.1201037,0,del,Delhi,2026-09-01T02:58:45.601560Z
ChIJlRuR3y4dDTkRDol-ycvw0T8,Shahi Punjabi Khana,places,en,150,28.54351415,77.1234675,28.5435984,77.12314649999999,0,del,Delhi,2026-09-01T02:58:46.027645Z
ChIJf61MaP0dDTkRRvOrCdCZ4Uk,Buddy Bites Cafe,places,en,150,28.54351415,77.1234675,28.5434529,77.1231391,0,del,Delhi,2026-09-01T02:58:46.027674Z
ChIJVWc3GxUcDTkRLP72C_Mc8Mg,Brother'S Cafe,places,en,150,28.54351415,77.1234675,28.543416399999998,77.1231401,0,del,Delhi,2026-09-01T02:58:46.027686Z
ChIJX0t9qIgdDTkRV4r6qvZ3D0o,F3 Flavour Food Factory,places,en,150,28.54351415,77.1234675,28.543205099999998,77.1235624,0,del,Delhi,2026-09-01T02:58:46.027694Z
ChIJwTtULdUdDTkRjqHEUxxFdsA,Pizza Point,places,en,150,28.54351415,77.1234675,28.543386899999998,77.1238058,0,del,Delhi,2026-09-01T02:58:46.027701Z
ChIJy7bVDRUcDTkR0LIntqzSt6s,Priya Fast Food Corner,places,en,150,28.54351415,77.1234675,28.543267999999998,77.123717,0,del,Delhi,2026-09-01T02:58:46.027708Z
ChIJvaLkMQAdDTkRvSh1kEC7Qsc,Delhicious Vada Pav Center,places,en,150,28.54351415,77.1234675,28.543379899999998,77.12381309999999,0,del,Delhi,2026-09-01T02:58:46.027716Z
ChIJSbaHvhEcDTkR465iagkmZ3U,NH 8 Kitchen,places,en,150,28.54351415,77.1234675,28.543211099999997,77.12363289999999,0,del,Delhi,2026-09-01T02:58:46.027725Z
ChIJXx6QDhUcDTkRd3bl2Tv-s1s,Zaika Delhi Ka,places,en,150,28.54351415,77.1234675,28.543217400000003,77.12365059999999,0,del,Delhi,2026-09-01T02:58:46.027732Z
ChIJ5e_yV0odDTkR-iX9FNdYLcM,Taste of Kolkata,places,en,150,28.54351415,77.1234675,28.543315099999997,77.1238073,0,del,Delhi,2026-09-01T02:58:46.027739Z
ChIJk7NSDBUcDTkRAAAAsDYFCUY,A K Best Food,places,en,150,28.54351415,77.1234675,28.543321199999998,77.1238128,0,del,Delhi,2026-09-01T02:58:46.027746Z
ChIJfQSrGokdDTkRO7XEeEbOqUw,Chicken Shawarma & Momos Korner,places,en,150,28.54351415,77.1234675,28.5435071,77.1238822,0,del,Delhi,2026-09-01T02:58:46.027753Z
ChIJLduBWuIdDTkR9mOW6VEyO3M,LAVISH CHICKEN FEST,places,en,150,28.54351415,77.1234675,28.543497499999997,77.1238836,0,del,Delhi,2026-09-01T02:58:46.027760Z
ChIJO8HuSgAdDTkR6gj2fkGESqI,Gen-Z Restaurant,places,en,150,28.54351415,77.1234675,28.543494199999998,77.123885,0,del,Delhi,2026-09-01T02:58:46.027767Z
ChIJh3sGLSEdDTkRXTHdodkGAJo,The Taste Club,places,en,150,28.54351415,77.1234675,28.5436007,77.1230379,0,del,Delhi,2026-09-01T02:58:46.027774Z
ChIJf3nuO98dDTkRA3rIUNSzBr8,Saraswati Fast Food,places,en,150,28.54351415,77.1234675,28.543747999999997,77.1238243,0,del,Delhi,2026-09-01T02:58:46.027780Z
ChIJwTcVFBUcDTkRm8rRB2NCL3E,Bangali Dhaba,places,en,150,28.54351415,77.1234675,28.543881499999998,77.1237951,0,del,Delhi,2026-09-01T02:58:46.027787Z
ChIJNYzvV1YdDTkR6JJ4bLzki_0,Gearup Spears,places,en,150,28.54351415,77.1234675,28.5438548,77.12384209999999,0,del,Delhi,2026-09-01T02:58:46.027794Z
ChIJW7qGAxUcDTkRAAAAcCcQLVo,Khatai Kitchen,places,en,150,28.54351415,77.1234675,28.5431669,77.1229695,0,del,Delhi,2026-09-01T02:58:46.027801Z
ChIJ_zUVBBUcDTkRp-gu0EdLQLI,Uttarakhand Kitchen,places,en,150,28.54351415,77.1234675,28.5431021,77.12301289999999,0,del,Delhi,2026-09-01T02:58:46.027808Z
ChIJT_Vbj1AdDTkRf8VCZyB8pn8,School canteen by shree kalka enterprises,places,en,151,28.56185695,77.18708825,28.562236300000002,77.1868264,0,del,Delhi,2026-09-01T02:58:46.367985Z
ChIJQ5GukJ4dDTkRolfil9RTNFE,Jo's Eatery,places,en,151,28.56185695,77.18708825,28.5623261,77.1888409,0,del,Delhi,2026-09-01T02:58:46.368018Z
ChIJfYt-cAAdDTkRfTTwJGePISg,Ayyappa Temple Canteen,places,en,151,28.56185695,77.18708825,28.561504499999998,77.1844632,0,del,Delhi,2026-09-01T02:58:46.368030Z
ChIJTxcDIwAdDTkRzC_CcL47m3M,Mohammadpur r.k puram,places,en,151,28.56185695,77.18708825,28.564293400000004,77.18737209999999,0,del,Delhi,2026-09-01T02:58:46.368039Z
ChIJTRRidwMdDTkRi1DUrYbFwiE,Southy Anna - RK Puram,places,en,151,28.56185695,77.18708825,28.5643934,77.1873401,0,del,Delhi,2026-09-01T02:58:46.368047Z
ChIJ517TWAAdDTkR6E3UU6oKiSU,BIG BITE,places,en,151,28.56185695,77.18708825,28.5643849,77.1876884,0,del,Delhi,2026-09-01T02:58:46.368054Z
ChIJx97K3gwDDTkRljXhJQkba7A,Flavors Box,places,en,152,28.63635505,77.11178715,28.6366524,77.1117493,0,del,Delhi,2026-09-01T02:58:46.704438Z
ChIJc9ncvzADDTkRNjFpwJEEDs0,CASCARA COFFEE,places,en,152,28.63635505,77.11178715,28.6359861,77.1117361,0,del,Delhi,2026-09-01T02:58:46.704462Z
ChIJU45oS2IDDTkRGfFszn0HwS8,Shake n chill's,places,en,152,28.63635505,77.11178715,28.636131499999998,77.11210609999999,0,del,Delhi,2026-09-01T02:58:46.704470Z
ChIJRwBWkGUDDTkRjC3tymSJnI8,Arshpreet chicken,places,en,152,28.63635505,77.11178715,28.636985799999998,77.1117848,0,del,Delhi,2026-09-01T02:58:46.704476Z
ChIJlbZ-AoADDTkRAN05rjVjqog,R K Brother's Pizza Centre,places,en,152,28.63635505,77.11178715,28.636678999999997,77.11254339999999,0,del,Delhi,2026-09-01T02:58:46.704482Z
ChIJIU0-0boDDTkRRu0ONKj9zC0,Kake Momos,places,en,152,28.63635505,77.11178715,28.6371415,77.1115214,0,del,Delhi,2026-09-01T02:58:46.704487Z
ChIJxWUW9GcDDTkR-4PY9CuyIic,Punjabi Swad,places,en,152,28.63635505,77.11178715,28.636526999999997,77.1129516,0,del,Delhi,2026-09-01T02:58:46.704493Z
ChIJOc7Kf5EDDTkRso5ojJllRoU,Mahendra Chat Bhandar,places,en,152,28.63635505,77.11178715,28.6370963,77.1108419,0,del,Delhi,2026-09-01T02:58:46.704498Z
ChIJl5g5RF0DDTkRznGJ9-c_rSQ,Starvey Nights,places,en,152,28.63635505,77.11178715,28.635538,77.112674,0,del,Delhi,2026-09-01T02:58:46.704503Z
ChIJqwDJ8RIDDTkRaahyp7FKJR4,"Ram Babu ki Rasoi, Cloud Kitchen",places,en,152,28.63635505,77.11178715,28.637423,77.1121651,0,del,Delhi,2026-09-01T02:58:46.704508Z
ChIJ9V6362cDDTkRAj1xUoGfnw0,Cafe Punjab,places,en,152,28.63635505,77.11178715,28.6373003,77.1129119,0,del,Delhi,2026-09-01T02:58:46.704513Z
ChIJa1dpp_8DDTkR4TozbkZSDJ0,Blessings Restaurant,places,en,152,28.63635505,77.11178715,28.6350381,77.1110987,0,del,Delhi,2026-09-01T02:58:46.704519Z
ChIJfZVjCUIDDTkRxEo-NcYhYcU,Grover Sweets,places,en,152,28.63635505,77.11178715,28.634828,77.11088099999999,0,del,Delhi,2026-09-01T02:58:46.704523Z
ChIJ7-EY3NgDDTkRCtzH7hk3FxE,Bole Toh Wahh Kitchen Co.,places,en,152,28.63635505,77.11178715,28.635822200000003,77.11364669999999,0,del,Delhi,2026-09-01T02:58:46.704528Z
ChIJgUDjs9ADDTkRiH6QYptpSl0,Shawarma Paji Shop,places,en,152,28.63635505,77.11178715,28.634797,77.110884,0,del,Delhi,2026-09-01T02:58:46.704534Z
ChIJVx5fF8sDDTkRVYr0jSP8UH8,Khurana Burger Point,places,en,152,28.63635505,77.11178715,28.6345478,77.11110479999999,0,del,Delhi,2026-09-01T02:58:46.704539Z
ChIJjbMjcgADDTkRIPHuXzCy78k,PURE VEG GRILL,places,en,152,28.63635505,77.11178715,28.6379408,77.1105968,0,del,Delhi,2026-09-01T02:58:46.704544Z
ChIJycNjT-QDDTkRmzngA6b_A7I,Sardar Ji Malai Chaap Wale,places,en,152,28.63635505,77.11178715,28.6376748,77.11344299999999,0,del,Delhi,2026-09-01T02:58:46.704549Z
ChIJSwHCvXIDDTkRJEjBJwh9bko,Hungryfy kitchen,places,en,152,28.63635505,77.11178715,28.635972,77.1095267,0,del,Delhi,2026-09-01T02:58:46.704554Z
ChIJBe_Wh_4FDTkR2OCjHqNB-e4,Chakh De Chole,places,en,152,28.63635505,77.11178715,28.634314099999997,77.1112833,0,del,Delhi,2026-09-01T02:58:46.704559Z
ChIJ3QfsNz3lDDkR28mqoU34x5s,Tapak Dum Delights,places,en,153,28.5559001,77.29606085,28.5555313,77.2958239,0,del,Delhi,2026-09-01T02:58:47.121470Z
ChIJNYGsPxnlDDkRZ2exC6AF5yw,QuickBite Catering,places,en,153,28.5559001,77.29606085,28.5555313,77.2958239,0,del,Delhi,2026-09-01T02:58:47.121503Z
ChIJFdJGBXHlDDkRYHwM32Z85m0,Biryani house by rosbud,places,en,153,28.5559001,77.29606085,28.5558943,77.2967374,0,del,Delhi,2026-09-01T02:58:47.121515Z
ChIJkV68AgDlDDkRe1aMTSHBKtQ,Ambar kitchen,places,en,153,28.5559001,77.29606085,28.554883999999998,77.2963487,0,del,Delhi,2026-09-01T02:58:47.121528Z
ChIJOUya2GjlDDkRTgrxI1uAvE4,Lal Qila Restaurant,places,en,153,28.5559001,77.29606085,28.5570882,77.2958519,0,del,Delhi,2026-09-01T02:58:47.121536Z
ChIJL48yAADlDDkRKb1XPGdJmbY,Haameem B,places,en,153,28.5559001,77.29606085,28.5560172,77.2974906,0,del,Delhi,2026-09-01T02:58:47.121544Z
ChIJh7yYKTXlDDkRWjL13KYGmBk,bayt ul zaiqa,places,en,153,28.5559001,77.29606085,28.5559512,77.2975357,0,del,Delhi,2026-09-01T02:58:47.121551Z
ChIJARnN-4XlDDkRjtmPSNjdn0k,Goshtana Restaurant,places,en,153,28.5559001,77.29606085,28.5572334,77.2967282,0,del,Delhi,2026-09-01T02:58:47.121558Z
ChIJ50Cjew7kDDkRU6Eyx6GqYt0,River View Restaurant,places,en,153,28.5559001,77.29606085,28.557280199999997,77.2967244,0,del,Delhi,2026-09-01T02:58:47.121565Z
ChIJS7ugltflDDkRBBg0mb-TUYc,The Biryani Empyrean,places,en,153,28.5559001,77.29606085,28.557237699999998,77.29517709999999,0,del,Delhi,2026-09-01T02:58:47.121572Z
ChIJjZ7NTE3lDDkRbLoFS3nydIc,Alam Nahari Restaurant,places,en,153,28.5559001,77.29606085,28.5574013,77.29658739999999,0,del,Delhi,2026-09-01T02:58:47.121579Z
ChIJE_vdRw7kDDkRHRGEoOh5jys,Shanu Chicken Point,places,en,153,28.5559001,77.29606085,28.554200700000003,77.2964025,0,del,Delhi,2026-09-01T02:58:47.121589Z
ChIJt0MnBRzlDDkR2xLIzEwhnHA,Bunberry (Fast Food Restaurant),places,en,153,28.5559001,77.29606085,28.5551671,77.2980183,0,del,Delhi,2026-09-01T02:58:47.121596Z
ChIJgwhmN7_lDDkRlpO1FOmXLLY,Buffgers,places,en,153,28.5559001,77.29606085,28.5541371,77.2952516,0,del,Delhi,2026-09-01T02:58:47.121602Z
ChIJlwjvehblDDkR1pjEehsyqeE,Healthy Habits Cafe & Restaurant,places,en,153,28.5559001,77.29606085,28.555029599999997,77.2981356,0,del,Delhi,2026-09-01T02:58:47.121609Z
ChIJsW_mLyHlDDkRXlUkQ8vU59Q,Moon Star Kitchen,places,en,153,28.5559001,77.29606085,28.5538986,77.2964744,0,del,Delhi,2026-09-01T02:58:47.121616Z
ChIJH71pA8blDDkRE3y4HZveFCI,Kurkure Momos (Batla House waale),places,en,153,28.5559001,77.29606085,28.5549678,77.29812969999999,0,del,Delhi,2026-09-01T02:58:47.121623Z
ChIJzc5TegDlDDkR1o2tTPW7xjI,6 slice,places,en,153,28.5559001,77.29606085,28.5549498,77.2981279,0,del,Delhi,2026-09-01T02:58:47.121629Z
ChIJo3QVFCDlDDkRbET7GgUDa94,Al Arsh Food & Kabab,places,en,153,28.5559001,77.29606085,28.553961299999997,77.2953256,0,del,Delhi,2026-09-01T02:58:47.121636Z
ChIJm5LOvg3kDDkRyEXJLj6o9fQ,Mughal Cuisine Foods,places,en,153,28.5559001,77.29606085,28.557921399999998,77.29630259999999,0,del,Delhi,2026-09-01T02:58:47.121643Z
ChIJB57KdwDhDDkReLDb3IlGfpY,Dragon spice hub,places,en,154,28.50123635,77.23018535,28.502418799999997,77.2312494,0,del,Delhi,2026-09-01T02:58:47.524184Z
ChIJS3WYSADhDDkRzZuWHHZ83YY,vip pizza,places,en,154,28.50123635,77.23018535,28.4989639,77.2306391,0,del,Delhi,2026-09-01T02:58:47.524216Z
ChIJpV2MAQDhDDkRe2QfiwlNRSM,Aslam Butter Momos & Rolls,places,en,154,28.50123635,77.23018535,28.4991029,77.2313451,0,del,Delhi,2026-09-01T02:58:47.524226Z
ChIJZ7Hm7CLhDDkR20rmgcjRa54,The Friends restaurant,places,en,154,28.50123635,77.23018535,28.4989638,77.2309832,0,del,Delhi,2026-09-01T02:58:47.524233Z
ChIJ0y_fX17hDDkRGcTIaE5s41s,Oye Chatore,places,en,154,28.50123635,77.23018535,28.5032737,77.2317965,0,del,Delhi,2026-09-01T02:58:47.524240Z
ChIJBTW2iaThDDkRUsEiileCatk,Melting Mouth,places,en,154,28.50123635,77.23018535,28.5033389,77.23179859999999,0,del,Delhi,2026-09-01T02:58:47.524247Z
ChIJ81UTnPfhDDkR06vSqX6KieQ,SHAVIK-THE HOUSE OF CHINESE,places,en,154,28.50123635,77.23018535,28.5035149,77.2314803,0,del,Delhi,2026-09-01T02:58:47.524254Z
ChIJY7vZ8QfhDDkR8Soh7vzRryA,Momos Market,places,en,154,28.50123635,77.23018535,28.4992283,77.2283187,0,del,Delhi,2026-09-01T02:58:47.524261Z
ChIJDxAmkbvhDDkRCKLdYq1Y0Uw,Burger City Yes,places,en,154,28.50123635,77.23018535,28.5034352,77.2317716,0,del,Delhi,2026-09-01T02:58:47.524269Z
ChIJZ8T_agDhDDkRn5YbmwhQomw,Moolchand parantha,places,en,154,28.50123635,77.23018535,28.503441,77.231792,0,del,Delhi,2026-09-01T02:58:47.524276Z
ChIJP2c-_JjhDDkRCWR3ulVQ6HQ,Zaika Junction,places,en,154,28.50123635,77.23018535,28.5008706,77.22716299999999,0,del,Delhi,2026-09-01T02:58:47.524283Z
ChIJWXKwsbrhDDkRrfU6cwuycr8,Chauhan Purani Delhi Wale,places,en,154,28.50123635,77.23018535,28.498911,77.22865139999999,0,del,Delhi,2026-09-01T02:58:47.524290Z
ChIJT5TEZjYFDTkR8dF51Bt0A24,The Rolling Tongue,places,en,155,28.63769555,77.0906654,28.638351999999998,77.0905667,0,del,Delhi,2026-09-01T02:58:47.864447Z
ChIJ_56nNQAFDTkRjeVljuGc4WE,Shake piyo,places,en,155,28.63769555,77.0906654,28.6369893,77.0897494,0,del,Delhi,2026-09-01T02:58:47.864480Z
ChIJ93g2WWoFDTkRi1TIhfjh6yk,Sub Da Hub,places,en,155,28.63769555,77.0906654,28.6371294,77.08954740000001,0,del,Delhi,2026-09-01T02:58:47.864490Z
ChIJkVwpJAAFDTkRTAuzCTiKaE4,Amritsari naan,places,en,155,28.63769555,77.0906654,28.636383499999997,77.090525,0,del,Delhi,2026-09-01T02:58:47.864510Z
ChIJl-Khpo0FDTkRxjs_ZpB_kGY,Green Chick Chop,places,en,155,28.63769555,77.0906654,28.636383499999997,77.090525,0,del,Delhi,2026-09-01T02:58:47.864518Z
ChIJg2hZWAcBDTkRc5vOoJUOkwY,A-one Chicken & Grill,places,en,155,28.63769555,77.0906654,28.6376235,77.088972,0,del,Delhi,2026-09-01T02:58:47.864526Z
ChIJN2pBxzsFDTkRUDMzDbhuL2Y,Baebae's kitchen,places,en,155,28.63769555,77.0906654,28.636235000000003,77.0907617,0,del,Delhi,2026-09-01T02:58:47.864533Z
ChIJzcLhspkEDTkRoRlGSIt2R9U,Bread ' N' Noodles,places,en,155,28.63769555,77.0906654,28.6368428,77.08924880000001,0,del,Delhi,2026-09-01T02:58:47.864541Z
ChIJpywMx1EFDTkR2aP-H8fe5jM,"Momo Addiction, BEST CHINESE RESTAURANT , GANESH NAGAR",places,en,155,28.63769555,77.0906654,28.6361407,77.0908608,0,del,Delhi,2026-09-01T02:58:47.864548Z
ChIJ38eZ_dAFDTkR6YBIMAtYEpQ,Bittoos Food,places,en,155,28.63769555,77.0906654,28.637731799999997,77.0887872,0,del,Delhi,2026-09-01T02:58:47.864555Z
ChIJ9ZDgxQEFDTkR-_t3XfMUQtA,HUNGER DOT COM,places,en,155,28.63769555,77.0906654,28.6377314,77.08878659999999,0,del,Delhi,2026-09-01T02:58:47.864565Z
ChIJQ1UgEJcEDTkR_NbsLL-JgUE,South Indian cafe,places,en,155,28.63769555,77.0906654,28.6377599,77.08875309999999,0,del,Delhi,2026-09-01T02:58:47.864572Z
ChIJoSSpSQAFDTkR9GHJWPPnG_A,Uncle ji omelette wale,places,en,155,28.63769555,77.0906654,28.6360706,77.09111209999999,0,del,Delhi,2026-09-01T02:58:47.864579Z
ChIJVdxkwFAFDTkRXtdJmPccQpA,Choice Resto,places,en,155,28.63769555,77.0906654,28.6384302,77.0888896,0,del,Delhi,2026-09-01T02:58:47.864586Z
ChIJ_a3qNQoFDTkRASGiD2mon_0,The Momo Fixation,places,en,155,28.63769555,77.0906654,28.6362003,77.08968229999999,0,del,Delhi,2026-09-01T02:58:47.864593Z
ChIJQcuuopcEDTkRfcYLpUoRJtk,साँई बर्गर भण्डार,places,en,155,28.63769555,77.0906654,28.636214799999998,77.0895194,0,del,Delhi,2026-09-01T02:58:47.864600Z
ChIJnR9CCQAFDTkReGk4oRP-aPQ,Casa Sizzler,places,en,155,28.63769555,77.0906654,28.6362307,77.0918575,0,del,Delhi,2026-09-01T02:58:47.864607Z
ChIJEVzeG5cEDTkR-350pXFJzK0,Hum Sabki Rasoi,places,en,155,28.63769555,77.0906654,28.637811799999998,77.0884749,0,del,Delhi,2026-09-01T02:58:47.864614Z
ChIJGzsaBzEFDTkRNeXu6UVWkzs,Rame Di Hatti,places,en,155,28.63769555,77.0906654,28.6360738,77.0918937,0,del,Delhi,2026-09-01T02:58:47.864620Z
ChIJG42ha7MFDTkR2kgbrgyFw9M,Karol Bagh ke Mashoor Chole Bhature,places,en,155,28.63769555,77.0906654,28.636057599999997,77.0918762,0,del,Delhi,2026-09-01T02:58:47.864630Z
ChIJPYFQt-8FDTkRE-f0F2vkG3k,SAJAN IS HERE,places,en,156,28.643415150000003,77.09173849999999,28.6436392,77.09210379999999,0,del,Delhi,2026-09-01T02:58:48.210069Z
ChIJy0MK5mgFDTkRBF5Fo1Sj7qw,Sunil Food Point,places,en,156,28.643415150000003,77.09173849999999,28.6427126,77.0918378,0,del,Delhi,2026-09-01T02:58:48.210103Z
ChIJB4p-eZoEDTkRWW4xttb34WY,Muyur Chicken Shop,places,en,156,28.643415150000003,77.09173849999999,28.6423825,77.09136529999999,0,del,Delhi,2026-09-01T02:58:48.210113Z
ChIJAY5R3t8FDTkRnM8NxhZ5b3o,Gupta Ji Chowmein Wale,places,en,156,28.643415150000003,77.09173849999999,28.642319999999998,77.0919584,0,del,Delhi,2026-09-01T02:58:48.210121Z
ChIJi1GXYK0FDTkRfPawZ5QbfKs,Bittoo chicken (Tilak nagar waale),places,en,156,28.643415150000003,77.09173849999999,28.642299100000002,77.0914695,0,del,Delhi,2026-09-01T02:58:48.210129Z
ChIJASncU-MFDTkRFQXAsYxOjbg,Royal Roll Food Corner 2.0,places,en,156,28.643415150000003,77.09173849999999,28.642252,77.0917223,0,del,Delhi,2026-09-01T02:58:48.210136Z
ChIJj48TYAAFDTkRAurzT14y8q8,Jaspreet Roll Food Corner,places,en,156,28.643415150000003,77.09173849999999,28.642203799999997,77.0914413,0,del,Delhi,2026-09-01T02:58:48.210143Z
ChIJ8XYNdwAFDTkR_rcVI-1YN_8,Ekta jalebi bhandar,places,en,156,28.643415150000003,77.09173849999999,28.6429947,77.09036069999999,0,del,Delhi,2026-09-01T02:58:48.210150Z
ChIJacITawAFDTkR3M7kjVVtD-o,Anmol Caterers,places,en,156,28.643415150000003,77.09173849999999,28.6434185,77.0902552,0,del,Delhi,2026-09-01T02:58:48.210157Z
ChIJV8kCcJoEDTkR33_mfHiU-Dk,Muradabadi & Hyderabadi Chicken Biryani,places,en,156,28.643415150000003,77.09173849999999,28.642116899999998,77.0917235,0,del,Delhi,2026-09-01T02:58:48.210164Z
ChIJKa7F9jCnFzkRxngCSBobYYk,Helli,places,en,156,28.643415150000003,77.09173849999999,28.644636199999997,77.0922344,0,del,Delhi,2026-09-01T02:58:48.210171Z
ChIJURwzXL8FDTkRt3Rsb7b7LuE,Shri Nath Shop,places,en,156,28.643415150000003,77.09173849999999,28.641966099999998,77.09188,0,del,Delhi,2026-09-01T02:58:48.210177Z
ChIJgTNXyXMFDTkR2KYr_KTVB9I,Food & U,places,en,156,28.643415150000003,77.09173849999999,28.643892299999997,77.0933342,0,del,Delhi,2026-09-01T02:58:48.210184Z
ChIJ3TR40h0FDTkRWGnhNDwk3vw,Singh’s Food Point,places,en,156,28.643415150000003,77.09173849999999,28.643793400000003,77.09339109999999,0,del,Delhi,2026-09-01T02:58:48.210191Z
ChIJq00YjPQFDTkRwxsff1yznjA,OYE JEETE CHINESE FAST FOOD,places,en,156,28.643415150000003,77.09173849999999,28.6420212,77.0924557,0,del,Delhi,2026-09-01T02:58:48.210200Z
ChIJaxLn2lgFDTkRsaMw7jsjsbQ,Mani Kanna,places,en,156,28.643415150000003,77.09173849999999,28.642021099999997,77.0924622,0,del,Delhi,2026-09-01T02:58:48.210207Z
ChIJCxo18vIFDTkRu2AKKIhkalE,Chicken & Roti,places,en,156,28.643415150000003,77.09173849999999,28.643018599999998,77.0899912,0,del,Delhi,2026-09-01T02:58:48.210214Z
ChIJdXUGwPAFDTkReq0VJDnJkiU,Delhi 18 Foodies Hub,places,en,156,28.643415150000003,77.09173849999999,28.6433713,77.0935331,0,del,Delhi,2026-09-01T02:58:48.210220Z
ChIJgZ4laQwFDTkRFNSvgtmHs1U,Sardar ji kachori and sardar ji chaap wale,places,en,156,28.643415150000003,77.09173849999999,28.6432967,77.0898873,0,del,Delhi,2026-09-01T02:58:48.210227Z
ChIJ4wYor_0FDTkRs5vL3lSt148,Momo_mafia,places,en,156,28.643415150000003,77.09173849999999,28.643052599999997,77.0897968,0,del,Delhi,2026-09-01T02:58:48.210234Z
ChIJb2nUV5gEDTkR4PlVrygMkPQ,Shri Bala Ji Pav Bhaji,places,en,157,28.636866599999998,77.09308055,28.6367005,77.0933441,0,del,Delhi,2026-09-01T02:58:48.570898Z
ChIJASBDOZgEDTkRgbB9i3IwCx8,Pakwan Express Kitchen,places,en,157,28.636866599999998,77.09308055,28.636376,77.0927203,0,del,Delhi,2026-09-01T02:58:48.570929Z
ChIJJ2VLdLAFDTkRA-LKa-Z_zx8,Tandoori Table The Royal Taste,places,en,157,28.636866599999998,77.09308055,28.6363296,77.0925477,0,del,Delhi,2026-09-01T02:58:48.570940Z
ChIJ6Z3Nq5kEDTkRf1c1BXFY_3M,Panjabi Dhaba,places,en,157,28.636866599999998,77.09308055,28.637523299999998,77.0933739,0,del,Delhi,2026-09-01T02:58:48.570950Z
ChIJjb4P648FDTkRP00wuWftxsI,T-2 di hatti,places,en,157,28.636866599999998,77.09308055,28.6375185,77.0934058,0,del,Delhi,2026-09-01T02:58:48.570958Z
ChIJNVn8k-YFDTkRMTbOVPHPIvI,Foodie's Kitchen,places,en,157,28.636866599999998,77.09308055,28.637511399999998,77.0934627,0,del,Delhi,2026-09-01T02:58:48.570965Z
ChIJxy9feqsEDTkR-ehBYiSC8eg,Singlas Sweets Bakery & Restaurant - Tilak Nagar,places,en,157,28.636866599999998,77.09308055,28.636822,77.093907,0,del,Delhi,2026-09-01T02:58:48.570972Z
ChIJDwCQrpkEDTkRFfF2Om4ydSI,PACHRANGA CHAT SHOP,places,en,157,28.636866599999998,77.09308055,28.6376542,77.0933022,0,del,Delhi,2026-09-01T02:58:48.570982Z
ChIJVVVVVZgEDTkRzuY1U_xG2oU,Praveen Chaat Bhandar,places,en,157,28.636866599999998,77.09308055,28.6373642,77.09383799999999,0,del,Delhi,2026-09-01T02:58:48.570989Z
ChIJ3wwdRckFDTkRm7RZl8fmCyo,Wraps Tilak Nagar,places,en,157,28.636866599999998,77.09308055,28.6376977,77.0934468,0,del,Delhi,2026-09-01T02:58:48.570997Z
ChIJH4Oq-ZgEDTkRhvg9I8FtjOI,Partner's Cafe,places,en,157,28.636866599999998,77.09308055,28.6363894,77.0941612,0,del,Delhi,2026-09-01T02:58:48.571004Z
ChIJ8bKgjJ0FDTkRnLZYbsLuYTk,Heavenly Plates,places,en,157,28.636866599999998,77.09308055,28.635942,77.092451,0,del,Delhi,2026-09-01T02:58:48.571011Z
ChIJT17VkvUFDTkRwByeg_OLAyI,Kachori wala,places,en,157,28.636866599999998,77.09308055,28.637858400000002,77.0935363,0,del,Delhi,2026-09-01T02:58:48.571018Z
ChIJS6-O9VIFDTkRvqd4zEjaKM0,Brajesh,places,en,157,28.636866599999998,77.09308055,28.636324,77.0941596,0,del,Delhi,2026-09-01T02:58:48.571025Z
ChIJBcfnZVoFDTkRq-Og6z7Bx1s,Gupta Juce Corner,places,en,157,28.636866599999998,77.09308055,28.6363472,77.0941876,0,del,Delhi,2026-09-01T02:58:48.571032Z
ChIJh7ExWckFDTkRL8DCcfeZEaU,BOX8 - India's Largest Desi Meals Brand,places,en,157,28.636866599999998,77.09308055,28.637003099999998,77.09434809999999,0,del,Delhi,2026-09-01T02:58:48.571039Z
ChIJZ9rFZYsFDTkRFpnxqLtIUSQ,MOJO Pizza - 2X Toppings,places,en,157,28.636866599999998,77.09308055,28.637003099999998,77.09434809999999,0,del,Delhi,2026-09-01T02:58:48.571045Z
ChIJoalclS4FDTkRhWfsTTb8w6Y,OLIYA BROTHERS FOOD CENTER,places,en,157,28.636866599999998,77.09308055,28.636352499999997,77.0942616,0,del,Delhi,2026-09-01T02:58:48.571053Z
ChIJo6_4pmoDDTkRu0i1LU2uVrU,Sanjay Shop,places,en,158,28.645925,77.1107687,28.6464136,77.1107466,0,del,Delhi,2026-09-01T02:58:48.914947Z
ChIJz0QnkxwDDTkRg94PpRI7VJY,Mighty Nights,places,en,158,28.645925,77.1107687,28.646515899999997,77.11179419999999,0,del,Delhi,2026-09-01T02:58:48.914979Z
ChIJjdGUS2YDDTkRg_d71uv0Igg,Sweet Truth Rajouri Garden,places,en,158,28.645925,77.1107687,28.64635,77.11211999999999,0,del,Delhi,2026-09-01T02:58:48.914989Z
ChIJnbBX1-gDDTkRoeXcgLQsxyg,Amman South Indian Dosa,places,en,158,28.645925,77.1107687,28.644600999999998,77.1114989,0,del,Delhi,2026-09-01T02:58:48.914997Z
ChIJtRMC9lkDDTkRB80JWK7BH34,Burgerama,places,en,158,28.645925,77.1107687,28.6467314,77.11228679999999,0,del,Delhi,2026-09-01T02:58:48.915005Z
ChIJVaNeTSsDDTkRMWufAM3bkIc,House Of Dumplings,places,en,158,28.645925,77.1107687,28.6459944,77.1127766,0,del,Delhi,2026-09-01T02:58:48.915012Z
ChIJu8Vu774DDTkRK6nKJ-RYMnQ,Sardar Ji Punjabi restaurant tagore garden rajouri garden,places,en,158,28.645925,77.1107687,28.6465472,77.11268700000001,0,del,Delhi,2026-09-01T02:58:48.915019Z
ChIJcfK9ymQDDTkRXYEDuFbmZ5k,Raju Chaap Wala,places,en,158,28.645925,77.1107687,28.647436199999998,77.1096847,0,del,Delhi,2026-09-01T02:58:48.915026Z
ChIJSzG6a2UDDTkR02wI0b9eZek,Hot stuff,places,en,158,28.645925,77.1107687,28.646122499999997,77.1128306,0,del,Delhi,2026-09-01T02:58:48.915033Z
ChIJ2YNRiR0DDTkRWEt0oNZO2Us,janta ki rasoi,places,en,158,28.645925,77.1107687,28.644921500000002,77.112521,0,del,Delhi,2026-09-01T02:58:48.915040Z
ChIJwfossiYDDTkR6Liyl0VqqYA,Shawarma Ji,places,en,158,28.645925,77.1107687,28.6467264,77.11287109999999,0,del,Delhi,2026-09-01T02:58:48.915047Z
ChIJSQYwQ7kDDTkRYqXzF06BFuU,Exotikos Foods,places,en,158,28.645925,77.1107687,28.6439152,77.1116255,0,del,Delhi,2026-09-01T02:58:48.915054Z
ChIJweHExCIDDTkRlugtCNCb5qM,Shiv Pardesi Chat Bhandar,places,en,158,28.645925,77.1107687,28.6463246,77.11324760000001,0,del,Delhi,2026-09-01T02:58:48.915061Z
ChIJN8E1e_cDDTkRywz2fe3LOkI,The Saffron,places,en,158,28.645925,77.1107687,28.6459683,77.11354,0,del,Delhi,2026-09-01T02:58:48.915070Z
ChIJc6QwoTPjDDkRHEBhKq35YTc,Baba franky,places,en,159,28.53374205,77.22277625,28.5337249,77.22217719999999,0,del,Delhi,2026-09-01T02:58:49.244221Z
ChIJwefjwiDiDDkRpjpQJ-Nzg44,MEENU FAST FOOD,places,en,159,28.53374205,77.22277625,28.5340648,77.22199619999999,0,del,Delhi,2026-09-01T02:58:49.244248Z
ChIJecfEwiDiDDkR2PToO_EemKk,Karan Dhaba,places,en,159,28.53374205,77.22277625,28.5341149,77.221965,0,del,Delhi,2026-09-01T02:58:49.244259Z
ChIJNeXlGMbjDDkR_YsjqaVza_g,Reinu Gaba Kittchen,places,en,159,28.53374205,77.22277625,28.5326502,77.22204529999999,0,del,Delhi,2026-09-01T02:58:49.244268Z
ChIJ027hayDhDDkRIhKL4U7vt4Y,ketonest,places,en,159,28.53374205,77.22277625,28.5331822,77.2214688,0,del,Delhi,2026-09-01T02:58:49.244276Z
ChIJD1rTPgDjDDkR7G2icbG_cfU,Taste Drive,places,en,159,28.53374205,77.22277625,28.533152599999998,77.22134439999999,0,del,Delhi,2026-09-01T02:58:49.244285Z
ChIJK_qBvO0fDTkRGmhDP4PVulM,Hind Zaika,places,en,159,28.53374205,77.22277625,28.5328623,77.2214123,0,del,Delhi,2026-09-01T02:58:49.244293Z
ChIJA_X_rsHjDDkRcEiHa0jkrhQ,Cloud kitchen,places,en,159,28.53374205,77.22277625,28.5325825,77.2216496,0,del,Delhi,2026-09-01T02:58:49.244299Z
ChIJNX9Ud2jjDDkRJTZdVs1TJR4,Amresh Tea Stall,places,en,159,28.53374205,77.22277625,28.5322283,77.221909,0,del,Delhi,2026-09-01T02:58:49.244309Z
ChIJPXgJ9CDiDDkRfTDJzBelnzI,Mukunda Foods Private Limited,places,en,159,28.53374205,77.22277625,28.533637,77.22074429999999,0,del,Delhi,2026-09-01T02:58:49.244318Z
ChIJFd1WFxkdDTkRoV5eLmnXv5A,Deluxe Chicken & More,places,en,160,28.574034949999998,77.162414,28.5723059,77.1612617,0,del,Delhi,2026-09-01T02:58:49.622725Z
ChIJeevxtsUdDTkR5YDH0VkqjAA,HUDSON CHOPSTICKS,places,en,160,28.574034949999998,77.162414,28.572159799999998,77.1614809,0,del,Delhi,2026-09-01T02:58:49.622749Z
ChIJ63UNQ4YdDTkRhYy5W85f4Ok,Dilli BC - Vasant Vihar,places,en,160,28.574034949999998,77.162414,28.572104799999998,77.16145639999999,0,del,Delhi,2026-09-01T02:58:49.622756Z
ChIJcwCl9qcdDTkRyntpLhnNGMQ,Instapizza,places,en,160,28.574034949999998,77.162414,28.5720932,77.16143,0,del,Delhi,2026-09-01T02:58:49.622763Z
ChIJ4Ve8iqcdDTkRJJ7olbftKC0,Sumo Sushi,places,en,160,28.574034949999998,77.162414,28.5720527,77.1615144,0,del,Delhi,2026-09-01T02:58:49.622769Z
ChIJWQQ8Ew4dDTkRs2NF1rs0yTw,Dsk Singh,places,en,160,28.574034949999998,77.162414,28.5721696,77.16372989999999,0,del,Delhi,2026-09-01T02:58:49.622775Z
ChIJMU57d2MdDTkRijwM_kkXlDs,Anupam Sweets,places,en,161,28.5743315,77.1760966,28.5750289,77.1757911,0,del,Delhi,2026-09-01T02:58:49.948568Z
ChIJ1cokOwAdDTkRWhNt0f5yGgY,South Indian orignal food sector 12,places,en,161,28.5743315,77.1760966,28.575255300000002,77.17549900000002,0,del,Delhi,2026-09-01T02:58:49.948593Z
ChIJO5HrTAAdDTkRFUb4LnZlF2U,Cab,places,en,161,28.5743315,77.1760966,28.575875099999998,77.1745823,0,del,Delhi,2026-09-01T02:58:49.948601Z
ChIJTwQLY3UdDTkRoUt13ilqNsY,Sindhi Snacks,places,en,161,28.5743315,77.1760966,28.5735609,77.1734566,0,del,Delhi,2026-09-01T02:58:49.948607Z
ChIJEetnGEYdDTkRzDP1xQl1UBA,Flaky Dough Bakehouse,places,en,161,28.5743315,77.1760966,28.5729431,77.17356,0,del,Delhi,2026-09-01T02:58:49.948612Z
ChIJqVitxZ8dDTkRH-QhVMFCliU,THEOS RK PURAM DELHI,places,en,161,28.5743315,77.1760966,28.572710299999997,77.1736847,0,del,Delhi,2026-09-01T02:58:49.948617Z
ChIJN4J3zQvjDDkRj6fx-QH-a0o,RARA'S CAFE & HOSPITALITY LLP,places,en,162,28.5532052,77.24579725,28.5530957,77.2456608,0,del,Delhi,2026-09-01T02:58:50.283584Z
ChIJAYpEasnjDDkRxzx-_DiV83Y,Touch Of Spice,places,en,162,28.5532052,77.24579725,28.553213,77.247464,0,del,Delhi,2026-09-01T02:58:50.283615Z
ChIJNUgw9UnhDDkRkhYGzrQ_zN4,AL Rasheed Mughlai Food,places,en,162,28.5532052,77.24579725,28.553223199999998,77.2474694,0,del,Delhi,2026-09-01T02:58:50.283659Z
ChIJU058xpfjDDkRoyA6GDtH8Zc,Hello Asia,places,en,162,28.5532052,77.24579725,28.553229199999997,77.2474922,0,del,Delhi,2026-09-01T02:58:50.283669Z
ChIJy9SLQsvjDDkR6lr7Grq3GI8,Binge - Bakery & More,places,en,162,28.5532052,77.24579725,28.553940700000002,77.2434895,0,del,Delhi,2026-09-01T02:58:50.283677Z
ChIJ1awCvMnjDDkR8cxY1mcGGOA,Beliram Degchiwala,places,en,162,28.5532052,77.24579725,28.5540512,77.24813429999999,0,del,Delhi,2026-09-01T02:58:50.283684Z
ChIJPwZ5AMvjDDkRUmI1m-WOC0k,FatJar Cafe & Market,places,en,162,28.5532052,77.24579725,28.554027,77.243375,0,del,Delhi,2026-09-01T02:58:50.283691Z
ChIJof_ZBsvjDDkRNIgWrSmu51c,Soup X,places,en,162,28.5532052,77.24579725,28.553720499999997,77.2431874,0,del,Delhi,2026-09-01T02:58:50.283699Z
ChIJ0UzIyXDlDDkROb_7mMlT49o,Grand FFOUR,places,en,162,28.5532052,77.24579725,28.5545396,77.24328310000001,0,del,Delhi,2026-09-01T02:58:50.283705Z
ChIJhU5Y1bLjDDkRQTO6avOIoQg,Flavor Fusion Cloud kitchen,places,en,162,28.5532052,77.24579725,28.554326099999997,77.24308479999999,0,del,Delhi,2026-09-01T02:58:50.283712Z
ChIJY_iGf8XjDDkRBXwoju0V_xk,MOJO Pizza - 2X Toppings,places,en,162,28.5532052,77.24579725,28.554848099999997,77.2481332,0,del,Delhi,2026-09-01T02:58:50.283719Z
ChIJERoV2JvjDDkReqwKT7sndao,Neeru's Kitchen,places,en,163,28.54609935,77.24192339999999,28.545519799999997,77.2426737,0,del,Delhi,2026-09-01T02:58:50.667173Z
ChIJWZ0Sgc3jDDkRJJqWnQoDCLI,The Food Junction,places,en,163,28.54609935,77.24192339999999,28.5467141,77.2428778,0,del,Delhi,2026-09-01T02:58:50.667200Z
ChIJzc9Qx5LjDDkRxXEVMcxemUU,Chinese van,places,en,163,28.54609935,77.24192339999999,28.5471945,77.2425623,0,del,Delhi,2026-09-01T02:58:50.667208Z
ChIJkWtOTGPjDDkR9mcIWDpgm90,ALCHEMEATS,places,en,163,28.54609935,77.24192339999999,28.544604000000003,77.241691,0,del,Delhi,2026-09-01T02:58:50.667214Z
ChIJ2Ui7SOvjDDkR-jQ2VFyPYR8,Kebabs and Curries,places,en,163,28.54609935,77.24192339999999,28.546647099999998,77.2436429,0,del,Delhi,2026-09-01T02:58:50.667220Z
ChIJD5YNJTTiDDkRp8K-uNMt2_M,Thali at 99,places,en,163,28.54609935,77.24192339999999,28.5466842,77.2436951,0,del,Delhi,2026-09-01T02:58:50.667225Z
ChIJq6qqqjPiDDkR0HAhllI-C2U,Bengali Sweet Palace,places,en,163,28.54609935,77.24192339999999,28.5477121,77.24266089999999,0,del,Delhi,2026-09-01T02:58:50.667230Z
ChIJ87PZdzTjDDkRv9536dSyGWs,Sushiya,places,en,163,28.54609935,77.24192339999999,28.5468397,77.2438927,0,del,Delhi,2026-09-01T02:58:50.667236Z
ChIJZxzIIX7hDDkR0iQcgF8kG9o,Quick Meals,places,en,163,28.54609935,77.24192339999999,28.547934599999998,77.2413466,0,del,Delhi,2026-09-01T02:58:50.667241Z
ChIJ_RNPprPjDDkR8UmJw4nXJ64,Sushi Junction,places,en,163,28.54609935,77.24192339999999,28.546803299999997,77.2439728,0,del,Delhi,2026-09-01T02:58:50.667246Z
ChIJRTBPmM3jDDkRyjFZc70w2kA,Shikhara Fine Dining Restaurant,places,en,163,28.54609935,77.24192339999999,28.546886999999998,77.243993,0,del,Delhi,2026-09-01T02:58:50.667251Z
ChIJEQVoFQDjDDkR_ZfMGe3Bfs0,Chimney Sizzlers | Greater Kailash 1,places,en,163,28.54609935,77.24192339999999,28.5469272,77.2439869,0,del,Delhi,2026-09-01T02:58:50.667256Z
ChIJFWiM583jDDkRD9GcV9oqco0,SAMAVAR,places,en,163,28.54609935,77.24192339999999,28.546350399999998,77.24426919999999,0,del,Delhi,2026-09-01T02:58:50.667261Z
ChIJd4RL2czjDDkRP2_K3VIpP7U,Bun Intended,places,en,163,28.54609935,77.24192339999999,28.548350700000004,77.2417064,0,del,Delhi,2026-09-01T02:58:50.667266Z
ChIJ4bIewzLiDDkRLVeYHHOm7TI,Grande Fabio's,places,en,163,28.54609935,77.24192339999999,28.547163899999997,77.2392217,0,del,Delhi,2026-09-01T02:58:50.667271Z
ChIJ2_nXKTIcDTkRjHxNpRrNXb4,Akhtar Foods,places,en,164,28.54071545,77.14316339999999,28.5383715,77.1425282,0,del,Delhi,2026-09-01T02:58:50.991297Z
ChIJQ0lNkHgeDTkRNsnUS33tdn8,Domino's Pizza | Vasant Kunj,places,en,164,28.54071545,77.14316339999999,28.539913,77.14057389999999,0,del,Delhi,2026-09-01T02:58:50.991324Z
ChIJi3EzQAAdDTkRwqNcK67auJY,Paradise Resturant,places,en,164,28.54071545,77.14316339999999,28.5383069,77.14275669999999,0,del,Delhi,2026-09-01T02:58:50.991331Z
ChIJBRJtWc7jDDkRdqwc21GaXiU,Divine Home Kitchen,places,en,165,28.5905372,77.2236214,28.590569799999997,77.223261,0,del,Delhi,2026-09-01T02:58:51.328974Z
ChIJ_4h-7O3iDDkRe62t1pIf-bM,Delhi Shopping,places,en,165,28.5905372,77.2236214,28.5904544,77.22202539999999,0,del,Delhi,2026-09-01T02:58:51.329000Z
ChIJ2QqJH1rjDDkRalVP6XnTwzw,Chonas Food Services,places,en,165,28.5905372,77.2236214,28.5907816,77.2219685,0,del,Delhi,2026-09-01T02:58:51.329008Z
ChIJCXuj6u3iDDkRjIdk3O4OF80,Karims Food Plaza,places,en,165,28.5905372,77.2236214,28.5907962,77.22192650000001,0,del,Delhi,2026-09-01T02:58:51.329014Z
ChIJ9ckvxqvjDDkRmrHQ86nRpyY,"AF Cafe & Restaurant | Lodhi Gardens, New Delhi",places,en,165,28.5905372,77.2236214,28.591855199999998,77.2225551,0,del,Delhi,2026-09-01T02:58:51.329019Z
ChIJoUQYRwDjDDkRZXmEpKE6GR0,Med Restaurant Lift,places,en,165,28.5905372,77.2236214,28.589878000000002,77.22545649999999,0,del,Delhi,2026-09-01T02:58:51.329027Z
ChIJhY1lue3iDDkRhsEMAPRh3Gw,IIC Annexe,places,en,165,28.5905372,77.2236214,28.5912603,77.2215167,0,del,Delhi,2026-09-01T02:58:51.329033Z
ChIJywVsH-7iDDkREtLHG1_ed3M,Habiteria Food Court,places,en,165,28.5905372,77.2236214,28.5900312,77.2258047,0,del,Delhi,2026-09-01T02:58:51.329038Z
ChIJTzlzRwrjDDkRWMxWMP33-JQ,Habitat Hub,places,en,165,28.5905372,77.2236214,28.5891855,77.2252655,0,del,Delhi,2026-09-01T02:58:51.329043Z
ChIJuw3jVwDjDDkR4iebKT1Pd1Y,"""अन्न""",places,en,165,28.5905372,77.2236214,28.589322,77.2258441,0,del,Delhi,2026-09-01T02:58:51.329048Z
ChIJWazuaB3jDDkRCZTjhVnsHO0,Delhi 'O' Delhi,places,en,165,28.5905372,77.2236214,28.588918099999997,77.22549900000001,0,del,Delhi,2026-09-01T02:58:51.329053Z
ChIJz6PQrtviDDkRyHVGPoT09IU,All American Diner,places,en,165,28.5905372,77.2236214,28.589263799999998,77.2259426,0,del,Delhi,2026-09-01T02:58:51.329058Z
ChIJ50bPKgDjDDkRNM9deSCMqbw,The East,places,en,165,28.5905372,77.2236214,28.589165899999998,77.22592089999999,0,del,Delhi,2026-09-01T02:58:51.329064Z
ChIJ-1y5LWzjDDkRlX5S2Jl_b4s,Cafe Healthy High by Nirula's | Defence Colony,places,en,166,28.5671997,77.22760785,28.5657869,77.2274837,0,del,Delhi,2026-09-01T02:58:51.716777Z
ChIJq6pma2viDDkRYBJ1tWs4w3A,GUPTAS VEGETARIAN PARADISE,places,en,166,28.5671997,77.22760785,28.568006099999998,77.22611020000001,0,del,Delhi,2026-09-01T02:58:51.716799Z
ChIJC6_JVhDjDDkRCUrJKwudWvI,Sonu parte wala,places,en,166,28.5671997,77.22760785,28.566048700000003,77.2292597,0,del,Delhi,2026-09-01T02:58:51.716806Z
ChIJDclqwZrjDDkR-ObU-pPtzxI,Defence Food Corner (DFC),places,en,166,28.5671997,77.22760785,28.5683266,77.2259361,0,del,Delhi,2026-09-01T02:58:51.716812Z
ChIJw8CZ4VriDDkRhH0xEDAAJLQ,Sweets Palace,places,en,166,28.5671997,77.22760785,28.569055,77.2257235,0,del,Delhi,2026-09-01T02:58:51.716817Z
ChIJ82LoJATjDDkRaiKRvsm43GY,Greenit - Healthy & Vegan,places,en,166,28.5671997,77.22760785,28.5692563,77.2257352,0,del,Delhi,2026-09-01T02:58:51.716825Z
ChIJNQWrC8r7DDkRVRiFmUMzH5Q,Lovely Pizza,places,en,167,28.6329877,77.2976496,28.633150099999998,77.2972899,0,del,Delhi,2026-09-01T02:58:52.046248Z
ChIJwbnmJbb7DDkR-wOCjY8LS3Y,Theredchilli,places,en,167,28.6329877,77.2976496,28.6324553,77.2974491,0,del,Delhi,2026-09-01T02:58:52.046277Z
ChIJrbn1DAD7DDkRauBLVBZsTYw,Mohan garden uttam nagar,places,en,167,28.6329877,77.2976496,28.6319976,77.2976466,0,del,Delhi,2026-09-01T02:58:52.046284Z
ChIJAykni9j7DDkRqDGpm029ieo,Shri Krishna Sweet,places,en,167,28.6329877,77.2976496,28.632547,77.296598,0,del,Delhi,2026-09-01T02:58:52.046290Z
ChIJGSgPJ277DDkRkxcK5bKNozA,CLASSIC THE KITCHEN CAFE,places,en,167,28.6329877,77.2976496,28.633642299999998,77.2966541,0,del,Delhi,2026-09-01T02:58:52.046296Z
ChIJCRmEilL7DDkRphUqGpzKQzk,M B S Chinese & Italian Foods,places,en,167,28.6329877,77.2976496,28.6337497,77.296697,0,del,Delhi,2026-09-01T02:58:52.046301Z
ChIJBy3Dbdf7DDkRoDmt278NEn8,Dum Se Biryani,places,en,167,28.6329877,77.2976496,28.6333138,77.29638469999999,0,del,Delhi,2026-09-01T02:58:52.046306Z
ChIJ41Eaqt37DDkR7qbAzYwJxeU,Neha Sweet,places,en,167,28.6329877,77.2976496,28.634180299999997,77.2975924,0,del,Delhi,2026-09-01T02:58:52.046312Z
ChIJsRiNQkH7DDkRBKueaAxbs5I,Dream Meals,places,en,167,28.6329877,77.2976496,28.6321333,77.29861819999999,0,del,Delhi,2026-09-01T02:58:52.046317Z
ChIJmRl1UOr7DDkRFWkdr0gOlgk,WHAT THE FOOD,places,en,167,28.6329877,77.2976496,28.6339021,77.2985909,0,del,Delhi,2026-09-01T02:58:52.046322Z
ChIJXZHEaAD7DDkR5lMniMYBn0c,Yadav khachori,places,en,167,28.6329877,77.2976496,28.6337719,77.29876089999999,0,del,Delhi,2026-09-01T02:58:52.046327Z
ChIJly48oE37DDkRM6sxIbSfEoY,Standard Fresh Fish Shop,places,en,167,28.6329877,77.2976496,28.633623099999998,77.29894589999999,0,del,Delhi,2026-09-01T02:58:52.046332Z
ChIJNVgkUj_7DDkRrwh4Jz7m-Ao,The zesty Rasoi,places,en,167,28.6329877,77.2976496,28.6342665,77.2970383,0,del,Delhi,2026-09-01T02:58:52.046337Z
ChIJu-xejxb7DDkRvBBp6pNRJiI,Vijay Yadav kachori sabji,places,en,167,28.6329877,77.2976496,28.633525400000003,77.2991734,0,del,Delhi,2026-09-01T02:58:52.046342Z
ChIJZ-xA2lL7DDkRaBRT5MezXaQ,Durga Eating Corner,places,en,167,28.6329877,77.2976496,28.631622999999998,77.29556099999999,0,del,Delhi,2026-09-01T02:58:52.046347Z
ChIJC8ha0FL7DDkRG5s5o5RFzCA,Golden Slice Pizza 🍕,places,en,167,28.6329877,77.2976496,28.631420799999997,77.29572600000002,0,del,Delhi,2026-09-01T02:58:52.046352Z
ChIJhUR_8LD7DDkRKCFPqAIwyjk,Nukkad Party,places,en,167,28.6329877,77.2976496,28.6317743,77.2953149,0,del,Delhi,2026-09-01T02:58:52.046357Z
ChIJITif2VL7DDkRzaHTFRr4Lmk,श्री बालाजी ईटिंग कॉनर,places,en,167,28.6329877,77.2976496,28.6316609,77.2953811,0,del,Delhi,2026-09-01T02:58:52.046362Z
ChIJ6RVc-lL7DDkRkSpzTE0VYWw,Asian Soi - Cloud Kitchen,places,en,167,28.6329877,77.2976496,28.6354714,77.2974868,0,del,Delhi,2026-09-01T02:58:52.046367Z
ChIJezncQAD7DDkRYXIju8OAp5I,Chints Chaska,places,en,167,28.6329877,77.2976496,28.631687799999998,77.29518259999999,0,del,Delhi,2026-09-01T02:58:52.046372Z
ChIJK8e81NblDDkROJGTLiZXgwU,Dr. Poha's Kitchen,places,en,169,28.60812515,77.29447715,28.6081393,77.29474669999999,0,del,Delhi,2026-09-01T02:58:52.765780Z
ChIJv3EBupTlDDkRSSsgNTDTl4M,Hugsy & Milo,places,en,169,28.60812515,77.29447715,28.6080963,77.29402379999999,0,del,Delhi,2026-09-01T02:58:52.765810Z
ChIJSyQSBADlDDkRY9oweUvphYk,Annie's Kerala Kitchen,places,en,169,28.60812515,77.29447715,28.6081075,77.2939907,0,del,Delhi,2026-09-01T02:58:52.765820Z
ChIJkVXccPblDDkRkUamJ4HVx9E,The Sub Company,places,en,169,28.60812515,77.29447715,28.6077381,77.2942922,0,del,Delhi,2026-09-01T02:58:52.765828Z
ChIJqSpEdKPkDDkRT7wvw6Qi4vE,Caravan,places,en,169,28.60812515,77.29447715,28.6079391,77.2939883,0,del,Delhi,2026-09-01T02:58:52.765836Z
ChIJ24d8IVnlDDkRIfVm77W1qTM,Protein Punch,places,en,169,28.60812515,77.29447715,28.608154,77.29388329999999,0,del,Delhi,2026-09-01T02:58:52.765843Z
ChIJ9yYYDETlDDkRMQm7KQ5Vo0M,Kärwään,places,en,169,28.60812515,77.29447715,28.6078026,77.2939422,0,del,Delhi,2026-09-01T02:58:52.765850Z
ChIJR-FNNQDlDDkRi6ad5m6QLx8,Shri Balaji poha center,places,en,169,28.60812515,77.29447715,28.6078029,77.29385839999999,0,del,Delhi,2026-09-01T02:58:52.765858Z
ChIJTx60d6LkDDkR7b4MaqFf10s,Eat Out,places,en,169,28.60812515,77.29447715,28.6075691,77.293954,0,del,Delhi,2026-09-01T02:58:52.765865Z
ChIJFcGXAQDlDDkRtS0SE-EKZb0,Ravi Vaishno Dhaba & Caterers,places,en,169,28.60812515,77.29447715,28.6075391,77.2939866,0,del,Delhi,2026-09-01T02:58:52.765872Z
ChIJyTHOXwDlDDkRk0wQAr5el4M,Box8,places,en,169,28.60812515,77.29447715,28.608472499999998,77.2952416,0,del,Delhi,2026-09-01T02:58:52.765886Z
ChIJo2W5MADlDDkRyxYJFdS4FfE,LeanCrust Pizza - ThinCrust Experts,places,en,169,28.60812515,77.29447715,28.608472499999998,77.2952416,0,del,Delhi,2026-09-01T02:58:52.765894Z
ChIJBUDOUwDlDDkRGvvEyjD9JGw,Mojo Pizza - 2X Toppings,places,en,169,28.60812515,77.29447715,28.6084732,77.2952413,0,del,Delhi,2026-09-01T02:58:52.765901Z
ChIJwVEiRgDlDDkR2r1tJedeYBY,Taco Bell,places,en,169,28.60812515,77.29447715,28.6082926,77.29532739999999,0,del,Delhi,2026-09-01T02:58:52.765908Z
ChIJZ-eddgDlDDkRe9qmEfnyt6c,SHYAM KOLKATA ROLL CENTRE,places,en,169,28.60812515,77.29447715,28.608135299999997,77.2934882,0,del,Delhi,2026-09-01T02:58:52.765915Z
ChIJ8ZtcDKLkDDkRaw-Zhc-GSdU,China Town,places,en,169,28.60812515,77.29447715,28.608144,77.2934878,0,del,Delhi,2026-09-01T02:58:52.765922Z
ChIJtZxt-nzlDDkRQS7lQKaCu8s,mata Ki Rasoi,places,en,169,28.60812515,77.29447715,28.6081649,77.2934688,0,del,Delhi,2026-09-01T02:58:52.765929Z
ChIJ2Um6R6TlDDkRI0sLVOEPE6I,Momos Hut,places,en,169,28.60812515,77.29447715,28.607538299999998,77.2951968,0,del,Delhi,2026-09-01T02:58:52.765936Z
ChIJKf0HqlrlDDkRdzI1tBPVREk,Ashya Darbar,places,en,169,28.60812515,77.29447715,28.6075467,77.29520769999999,0,del,Delhi,2026-09-01T02:58:52.765943Z
ChIJM6P6UQDlDDkRyafp4jHhN4Q,Anand Fast Food,places,en,169,28.60812515,77.29447715,28.607962099999998,77.2954609,0,del,Delhi,2026-09-01T02:58:52.765950Z
ChIJbXnnU2bnDDkRsrANpFQCLg0,Bablu Singh Store,places,en,170,28.4926764,77.2962543,28.494322,77.2938247,0,del,Delhi,2026-09-01T02:58:53.117352Z
ChIJH4q-7v7jDDkRB04o1htQB-o,Koyla Kebab,places,en,171,28.545394549999997,77.2020861,28.5442663,77.2015225,0,del,Delhi,2026-09-01T02:58:53.452661Z
ChIJUfN2Ow_iDDkRp100El3Xduo,Cafe Tesu,places,en,171,28.545394549999997,77.2020861,28.5440102,77.2013626,0,del,Delhi,2026-09-01T02:58:53.452694Z
ChIJZzyGsIrjDDkR4lLb45P4g0c,Essex Village - Kitchen & Bar,places,en,171,28.545394549999997,77.2020861,28.543991199999997,77.2013339,0,del,Delhi,2026-09-01T02:58:53.452705Z
ChIJUfN2Ow_iDDkR5smbmdHRVFI,Rustique - Cafe & Bar,places,en,171,28.545394549999997,77.2020861,28.5438469,77.2013716,0,del,Delhi,2026-09-01T02:58:53.452713Z
ChIJrwFRJA_iDDkRaILOC--bR7w,"Yes Minister Bowling, Bar & Kitchen",places,en,171,28.545394549999997,77.2020861,28.5437926,77.2014258,0,del,Delhi,2026-09-01T02:58:53.452720Z
ChIJ72bMoHzjDDkRI-gyWkQDuk8,Sandy's Pizzeria,places,en,171,28.545394549999997,77.2020861,28.5437861,77.20142249999999,0,del,Delhi,2026-09-01T02:58:53.452727Z
ChIJp47znBvjDDkRGpn2E36uBoQ,Kiona Patio & Bar by 7 Old Town,places,en,171,28.545394549999997,77.2020861,28.5435834,77.2011296,0,del,Delhi,2026-09-01T02:58:53.452734Z
ChIJSyqY_gPjDDkRzbgYNZLeWqM,Kamal Dhaba,places,en,171,28.545394549999997,77.2020861,28.5435804,77.2010789,0,del,Delhi,2026-09-01T02:58:53.452741Z
ChIJ33mF_ZTjDDkRKl2jUO0Sl-8,Burger Monk,places,en,171,28.545394549999997,77.2020861,28.543592099999998,77.20372549999999,0,del,Delhi,2026-09-01T02:58:53.452748Z
ChIJj1JFPgHjDDkR0ieynAsiujM,Yadav Chat Corner,places,en,171,28.545394549999997,77.2020861,28.5432515,77.2011301,0,del,Delhi,2026-09-01T02:58:53.452755Z
ChIJ0wiQVwDjDDkR1P0yhr207Nk,Chaska store,places,en,171,28.545394549999997,77.2020861,28.547214999999998,77.2001995,0,del,Delhi,2026-09-01T02:58:53.452762Z
ChIJ_____wviDDkRGAkAs_13tHo,Break Fast,places,en,171,28.545394549999997,77.2020861,28.547214999999998,77.2001995,0,del,Delhi,2026-09-01T02:58:53.452769Z
ChIJJZDdMLXjDDkRsio3LUuIs18,Sumit Indore Poha,places,en,171,28.545394549999997,77.2020861,28.547214999999998,77.2001995,0,del,Delhi,2026-09-01T02:58:53.452776Z
ChIJf0J8F87jDDkRCVvzwutjEiQ,SUB91 Hauz Khas Metro,places,en,171,28.545394549999997,77.2020861,28.5478897,77.2031247,0,del,Delhi,2026-09-01T02:58:53.452783Z
ChIJRVAnHC_hDDkRW-onFGlajKg,Desi Videsi Cravings,places,en,172,28.510170549999998,77.198558,28.510787900000004,77.1985995,0,del,Delhi,2026-09-01T02:58:53.897213Z
ChIJj4vcRPrhDDkRU71lt2X-f0w,X CHICKEN,places,en,172,28.510170549999998,77.198558,28.509000399999998,77.1976613,0,del,Delhi,2026-09-01T02:58:53.897244Z
ChIJuzXAj7LhDDkR_r2jiPIEQBA,Samrat's Food and Tiffin service,places,en,172,28.510170549999998,77.198558,28.5096827,77.2001947,0,del,Delhi,2026-09-01T02:58:53.897254Z
ChIJ5UDRWT3hDDkR7WK8bJ0iLzA,ALOK FAST FOOD,places,en,172,28.510170549999998,77.198558,28.511922499999997,77.1986643,0,del,Delhi,2026-09-01T02:58:53.897262Z
ChIJbxO9EgDhDDkROXThVMzaED0,Roy burger house,places,en,172,28.510170549999998,77.198558,28.5082596,77.19846849999999,0,del,Delhi,2026-09-01T02:58:53.897269Z
ChIJ0_ZHB1cfDTkRw4DND6DYkgI,Energy Box,places,en,172,28.510170549999998,77.198558,28.508135199999998,77.1978208,0,del,Delhi,2026-09-01T02:58:53.897277Z
ChIJqZr29TvhDDkRuK74WOe9IEM,Seeta Ram Enterprises,places,en,172,28.510170549999998,77.198558,28.510074099999997,77.2012338,0,del,Delhi,2026-09-01T02:58:53.897284Z
ChIJq95KJefhDDkRG-t-Jxms2_0,Khan Chicken Corner,places,en,172,28.510170549999998,77.198558,28.5092395,77.2010732,0,del,Delhi,2026-09-01T02:58:53.897292Z
ChIJ62K3SefhDDkRjuTWW-2loCQ,Chicken 'N' Spice,places,en,172,28.510170549999998,77.198558,28.5093219,77.2011404,0,del,Delhi,2026-09-01T02:58:53.897299Z
ChIJzw5Q42YfDTkRSczSKWpS3VI,Food Circle,places,en,172,28.510170549999998,77.198558,28.509518699999997,77.2012213,0,del,Delhi,2026-09-01T02:58:53.897306Z
ChIJRVe7UzXhDDkRyvy9SlQp-KI,Khadak Singh Da Dhaba,places,en,172,28.510170549999998,77.198558,28.5086949,77.2007543,0,del,Delhi,2026-09-01T02:58:53.897313Z
ChIJN1rQfE3hDDkRWJP9DZOPaM8,Reddy's Dosa,places,en,172,28.510170549999998,77.198558,28.5085543,77.20063309999999,0,del,Delhi,2026-09-01T02:58:53.897320Z
ChIJhxWhBfjhDDkRPoBZ_4NJUDw,Kalika Dhaba,places,en,172,28.510170549999998,77.198558,28.509095,77.20108259999999,0,del,Delhi,2026-09-01T02:58:53.897327Z
ChIJD4cHCwDhDDkR9cSCLMhrIGo,जे़या दालचीनी,places,en,172,28.510170549999998,77.198558,28.5098658,77.2014318,0,del,Delhi,2026-09-01T02:58:53.897334Z
ChIJYa6sXRrhDDkRDkA1fUqaTCI,Oriental Momos,places,en,172,28.510170549999998,77.198558,28.508218199999998,77.20042699999999,0,del,Delhi,2026-09-01T02:58:53.897341Z
ChIJ3a8jRNPhDDkROiTlRwpIUp0,Aarva - The Aroma of South,places,en,172,28.510170549999998,77.198558,28.5089676,77.2011382,0,del,Delhi,2026-09-01T02:58:53.897348Z
ChIJsQOK18LhDDkRUySJv_QiDrw,TTENZI momo,places,en,172,28.510170549999998,77.198558,28.5076739,77.1992559,0,del,Delhi,2026-09-01T02:58:53.897355Z
ChIJI0IEmNHhDDkRWu0_rWmu6j8,Darjeeling Momo,places,en,172,28.510170549999998,77.198558,28.5081778,77.2004067,0,del,Delhi,2026-09-01T02:58:53.897362Z
ChIJi3LemQrhDDkRBaIEE0GJuyU,Cake By Karish (Birthday Cake/ Brownies / Cake Home Delivery in saket / malviya nagar ),places,en,172,28.510170549999998,77.198558,28.508969800000003,77.20114769999999,0,del,Delhi,2026-09-01T02:58:53.897369Z
ChIJo0NKHmThDDkRRnWGC7b1WMI,PrimRose cafe,places,en,172,28.510170549999998,77.198558,28.508957199999998,77.2011435,0,del,Delhi,2026-09-01T02:58:53.897376Z
ChIJQw6-JgAfDTkRl0Cq457yEKI,PARI BAKERS,places,en,173,28.51638905,77.10641835,28.516125799999998,77.1075425,0,del,Delhi,2026-09-01T02:58:54.340700Z
ChIJCd0MFo4fDTkRREGrQg_NfOg,Mohit Pal pani Puri,places,en,173,28.51638905,77.10641835,28.515864999999998,77.10758849999999,0,del,Delhi,2026-09-01T02:58:54.340727Z
ChIJ-wO19S8fDTkRw1dO4EJRus4,FOODY CHOWK (aoo or swaad le jao),places,en,173,28.51638905,77.10641835,28.516831900000003,77.1076652,0,del,Delhi,2026-09-01T02:58:54.340735Z
ChIJN6B0BAAfDTkRQofs5yXytz0,Rajkori,places,en,173,28.51638905,77.10641835,28.515795,77.1077067,0,del,Delhi,2026-09-01T02:58:54.340740Z
ChIJ7ddGvpgfDTkRGiiOrqV_8Uc,Pappu Keshri Fast Food Store,places,en,173,28.51638905,77.10641835,28.515527,77.10752149999999,0,del,Delhi,2026-09-01T02:58:54.340745Z
ChIJYcWOwNMfDTkRx1wv3x1fedM,The pizza club,places,en,173,28.51638905,77.10641835,28.515766199999998,77.1077652,0,del,Delhi,2026-09-01T02:58:54.340751Z
ChIJYzRBYwAfDTkRxrLg6pCvx9o,Prajapati chinese corner,places,en,173,28.51638905,77.10641835,28.515313199999998,77.1074464,0,del,Delhi,2026-09-01T02:58:54.340756Z
ChIJF1mNDRIfDTkRPVaE6TxrBbI,Desi Aroma Delhi,places,en,173,28.51638905,77.10641835,28.5163323,77.1082796,0,del,Delhi,2026-09-01T02:58:54.340761Z
ChIJ5eTnIwAfDTkRheB8b_qDvaA,"Baozi Momos, Rajokri",places,en,173,28.51638905,77.10641835,28.514519699999997,77.10656689999999,0,del,Delhi,2026-09-01T02:58:54.340766Z
ChIJzbviZ6seDTkR-Ha7v1swNa0,Pizza Hub,places,en,173,28.51638905,77.10641835,28.5154711,77.1045187,0,del,Delhi,2026-09-01T02:58:54.340771Z
ChIJZ7qEcBofDTkRSY9Yk3jhpds,The Deck pizza,places,en,173,28.51638905,77.10641835,28.5144807,77.1066673,0,del,Delhi,2026-09-01T02:58:54.340776Z
ChIJW0twEqweDTkRNsrzLAx1x0c,Shudh Bhojanalay,places,en,173,28.51638905,77.10641835,28.5145466,77.1070417,0,del,Delhi,2026-09-01T02:58:54.340781Z
ChIJaewnJj8fDTkR19xehLTcwRs,Bhanja Beakry,places,en,173,28.51638905,77.10641835,28.5144348,77.1063308,0,del,Delhi,2026-09-01T02:58:54.340786Z
ChIJLyJH-MIfDTkR7tJxVZGcy9M,KALI CHARAN SHUD BHOJNALYA,places,en,173,28.51638905,77.10641835,28.514505999999997,77.1070503,0,del,Delhi,2026-09-01T02:58:54.340791Z
ChIJfeyaaKseDTkRR4BDNi6qQ3s,Puri Sabji Ke Dukan,places,en,173,28.51638905,77.10641835,28.515780399999997,77.1041607,0,del,Delhi,2026-09-01T02:58:54.340796Z
ChIJwT-EgB4fDTkReY_0zTWLvio,DA LOCAL TABLE,places,en,173,28.51638905,77.10641835,28.514286799999997,77.1066532,0,del,Delhi,2026-09-01T02:58:54.340801Z
ChIJhf0JHwwdDTkRmDLyVV9gMwE,Nick's pizzeria,places,en,173,28.51638905,77.10641835,28.5142308,77.1068201,0,del,Delhi,2026-09-01T02:58:54.340806Z
ChIJ0WxJZxAfDTkR4XQgu8oAnRo,Delhi38,places,en,173,28.51638905,77.10641835,28.5160859,77.103923,0,del,Delhi,2026-09-01T02:58:54.340811Z
ChIJqc6dwT79DDkR8_ckujeo4TA,Karara Mujassme India,places,en,173,28.51638905,77.10641835,28.516039499999998,77.10355469999999,0,del,Delhi,2026-09-01T02:58:54.340816Z
ChIJdRW63lodDTkRMesxesEL_Zw,FAIYAZ ZAIKA,places,en,174,28.5304451,77.1374262,28.5287719,77.1365819,0,del,Delhi,2026-09-01T02:58:54.674194Z
ChIJp2vgKFIdDTkRj4ZnApMN2x4,Grub Junction,places,en,174,28.5304451,77.1374262,28.528689099999998,77.136487,0,del,Delhi,2026-09-01T02:58:54.674220Z
ChIJYaVIRwAdDTkR3QqAwgoyDCI,The momo king,places,en,174,28.5304451,77.1374262,28.528029,77.13869799999999,0,del,Delhi,2026-09-01T02:58:54.674228Z
ChIJF5quZHkdDTkRnMOI9U61_JY,Box Met Greens,places,en,174,28.5304451,77.1374262,28.527945100000004,77.1363609,0,del,Delhi,2026-09-01T02:58:54.674233Z
ChIJrUdk4LkdDTkRKBCGhLleRO4,LA PINO PASTAS & PIZZAS,places,en,175,28.55328995,77.1835977,28.5544713,77.1824779,0,del,Delhi,2026-09-01T02:58:55.018987Z
ChIJrzdzdQAdDTkRyaEHBcko5_Q,Pasta ki dukan,places,en,175,28.55328995,77.1835977,28.5545433,77.18250359999999,0,del,Delhi,2026-09-01T02:58:55.019019Z
ChIJu-scfJIdDTkRM3SHI30p9PU,Goodness of Treat,places,en,175,28.55328995,77.1835977,28.5543877,77.1823023,0,del,Delhi,2026-09-01T02:58:55.019029Z
ChIJBQfzRisdDTkR-iG6oBsdbBM,Punjabi Dhaba,places,en,175,28.55328995,77.1835977,28.5537026,77.1818656,0,del,Delhi,2026-09-01T02:58:55.019037Z
ChIJc66nsKwdDTkRB_f7D4oCqBk,Anna Dosa Point,places,en,175,28.55328995,77.1835977,28.5544136,77.1822272,0,del,Delhi,2026-09-01T02:58:55.019045Z
ChIJU7VAQwAdDTkRM_ZjUosBBck,The Hungry Heaven,places,en,175,28.55328995,77.1835977,28.5544011,77.1821988,0,del,Delhi,2026-09-01T02:58:55.019052Z
ChIJIVHTe5IdDTkR6_fzlWjPmFA,Monginis Cake Shop,places,en,175,28.55328995,77.1835977,28.554601599999998,77.1823327,0,del,Delhi,2026-09-01T02:58:55.019059Z
ChIJkf1oawAdDTkR5X7lpkC1glQ,From the heart of Darjeeling DIDI'S SPECIAL,places,en,175,28.55328995,77.1835977,28.554776999999998,77.1823055,0,del,Delhi,2026-09-01T02:58:55.019066Z
ChIJ0SoVZV_iDDkR38ZkfRKPKEY,चन्दन दा ढ़ाबा,places,en,176,28.57802695,77.2202455,28.577221599999998,77.2212157,0,del,Delhi,2026-09-01T02:58:55.452688Z
ChIJcfGRBSTjDDkR4VhUjYQwTB4,Shama Biryani Corner,places,en,176,28.57802695,77.2202455,28.5769564,77.2208727,0,del,Delhi,2026-09-01T02:58:55.452719Z
ChIJ370TX77jDDkRTjH__E2NWUs,Ghar Ka Khana Pratha Special,places,en,176,28.57802695,77.2202455,28.5768751,77.2207584,0,del,Delhi,2026-09-01T02:58:55.452729Z
ChIJhRa9dl_iDDkRUIT2vSnBLHk,Gupta Sweets,places,en,176,28.57802695,77.2202455,28.576725999999997,77.2205479,0,del,Delhi,2026-09-01T02:58:55.452737Z
ChIJidldVwDjDDkRLLnGMLYagkI,Jagannath Temple Canteen,places,en,176,28.57802695,77.2202455,28.5789173,77.2186469,0,del,Delhi,2026-09-01T02:58:55.452745Z
ChIJhyFrn1_iDDkRWmzcTf576lk,श्री चन्दूलाल वाल्मीकी वस्ती,places,en,176,28.57802695,77.2202455,28.5763969,77.22013969999999,0,del,Delhi,2026-09-01T02:58:55.452752Z
ChIJ_8QJn1_iDDkRzmqQL1yPCdU,Chaudhary dhaba,places,en,176,28.57802695,77.2202455,28.5763726,77.2203117,0,del,Delhi,2026-09-01T02:58:55.452759Z
ChIJ7VMEUkvjDDkRkvmh8cMa0N4,Dish of Odisha - Real Taste of Odisha,places,en,176,28.57802695,77.2202455,28.5789348,77.2185399,0,del,Delhi,2026-09-01T02:58:55.452766Z
ChIJvWe7QPXiDDkRq7Eu2Y3BIJw,Thyagraj Jagannath Mandir - Delhi,places,en,176,28.57802695,77.2202455,28.5790005,77.2185592,0,del,Delhi,2026-09-01T02:58:55.452773Z
ChIJJyIC4sHjDDkRvFZpdduqSCE,Kailash,places,en,176,28.57802695,77.2202455,28.5760468,77.22005759999999,0,del,Delhi,2026-09-01T02:58:55.452780Z
ChIJuzD8HoTjDDkRVOGiz1r4CnU,Mohd Jahangir,places,en,176,28.57802695,77.2202455,28.580241299999997,77.2207665,0,del,Delhi,2026-09-01T02:58:55.452787Z
ChIJR_P6-GfjDDkRgQsa5pytdTs,Shama Chicken Corner,places,en,176,28.57802695,77.2202455,28.5802759,77.220927,0,del,Delhi,2026-09-01T02:58:55.452793Z
ChIJJSqCl_DjDDkRVSqPSuxcvr4,Lofin - French Beignet Sandwich & Hot ChokoLatte,places,en,176,28.57802695,77.2202455,28.5800405,77.221954,0,del,Delhi,2026-09-01T02:58:55.452800Z
ChIJo9bhn0zjDDkRa3gxIkbXFlo,Lakshmi Dhaba,places,en,176,28.57802695,77.2202455,28.575488999999997,77.220314,0,del,Delhi,2026-09-01T02:58:55.452807Z
ChIJt99xt2bjDDkRGypI-GLJkTs,Cgo complex bus Stand,places,en,177,28.5842428,77.24084124999999,28.5863724,77.2410677,0,del,Delhi,2026-09-01T02:58:55.911720Z
ChIJqRChFGfjDDkRPBQ0GREtI_0,Fast Food,places,en,177,28.5842428,77.24084124999999,28.584516999999998,77.2436379,0,del,Delhi,2026-09-01T02:58:55.911751Z
ChIJdxMjfgDjDDkRF5-NTzL9QBA,Chautari Cafe - The Sikkimese Cafe,places,en,177,28.5842428,77.24084124999999,28.583786999999997,77.2437617,0,del,Delhi,2026-09-01T02:58:55.911759Z
ChIJP4LfDgHjDDkRpRsnS975xbA,Hawkers House,places,en,177,28.5842428,77.24084124999999,28.583829899999998,77.24378420000001,0,del,Delhi,2026-09-01T02:58:55.911767Z
ChIJa6skCQHjDDkRWCwNTSt9ddU,Simple Dairy & Stores,places,en,177,28.5842428,77.24084124999999,28.5837118,77.2438494,0,del,Delhi,2026-09-01T02:58:55.911774Z
ChIJp88QDwHjDDkRxQ60w6g0sVw,Novelty Dairy and Stores,places,en,177,28.5842428,77.24084124999999,28.583716499999998,77.2438629,0,del,Delhi,2026-09-01T02:58:55.911781Z
ChIJd7327U79DDkRRYUrCp-lXtk,Jain Caterers,places,en,179,28.6395623,77.27360955,28.639858,77.2735995,0,del,Delhi,2026-09-01T02:58:56.569778Z
ChIJkwW-i1L9DDkRSEm17G6vbKI,Jai Shri Ram Chole Bhature Wala,places,en,179,28.6395623,77.27360955,28.639931299999997,77.2729825,0,del,Delhi,2026-09-01T02:58:56.569803Z
ChIJkzcDIln9DDkRZjv3lK0QIpo,Ultra Energiser,places,en,179,28.6395623,77.27360955,28.639474,77.274402,0,del,Delhi,2026-09-01T02:58:56.569809Z
ChIJwWXodwD9DDkROWPikK9dhcA,TGF The Ginni Foods,places,en,179,28.6395623,77.27360955,28.6388826,77.2742183,0,del,Delhi,2026-09-01T02:58:56.569815Z
ChIJ9yBgGKj9DDkR5-fJBCuzjl8,TAUFEEQ HOTEL,places,en,179,28.6395623,77.27360955,28.6389652,77.2728767,0,del,Delhi,2026-09-01T02:58:56.569820Z
ChIJGSJ9MhbjDDkRohD8os1mfh4,The Turban Taste | Cloud Kitchen,places,en,179,28.6395623,77.27360955,28.639739199999998,77.2746789,0,del,Delhi,2026-09-01T02:58:56.569825Z
ChIJ22EvXwD9DDkRl86m4-nDU9g,QURESHI'Z BURGWRAP,places,en,179,28.6395623,77.27360955,28.6389364,77.274402,0,del,Delhi,2026-09-01T02:58:56.569830Z
ChIJ6_cWcAD9DDkRx_XhReQB-9E,Burger & pizza point,places,en,179,28.6395623,77.27360955,28.638491,77.273252,0,del,Delhi,2026-09-01T02:58:56.569835Z
ChIJ1ZiCA4b9DDkRZaRxz2OrRP8,MacMeal,places,en,179,28.6395623,77.27360955,28.638464700000004,77.27337120000001,0,del,Delhi,2026-09-01T02:58:56.569840Z
ChIJ3R9RU4_9DDkRuyuvW1_hJ2k,Maha Laxmi Food And Restaurant,places,en,179,28.6395623,77.27360955,28.6399176,77.274985,0,del,Delhi,2026-09-01T02:58:56.569845Z
ChIJDYIABzb9DDkRjhp6S8WFUNc,Heart Bites,places,en,179,28.6395623,77.27360955,28.6394289,77.2721646,0,del,Delhi,2026-09-01T02:58:56.569851Z
ChIJl_paz-T9DDkRiTU_Bs60c8c,Muu-Mah Momos,places,en,179,28.6395623,77.27360955,28.639629,77.27168189999999,0,del,Delhi,2026-09-01T02:58:56.569856Z
ChIJwQHqVc_9DDkR1k-clDyZfsU,Danish Biryani'zz,places,en,179,28.6395623,77.27360955,28.640600499999998,77.2753733,0,del,Delhi,2026-09-01T02:58:56.569861Z
ChIJ-0LShGL9DDkRCb9HRIwGxo4,The Bihari Kitchen,places,en,179,28.6395623,77.27360955,28.639014,77.2757503,0,del,Delhi,2026-09-01T02:58:56.569866Z
ChIJ_UkytXr9DDkR3e_CL8BBOIo,Saloni's Food Express,places,en,179,28.6395623,77.27360955,28.6384808,77.27546439999999,0,del,Delhi,2026-09-01T02:58:56.569870Z
ChIJy4V6qCX9DDkRIW2ISE8EFNY,BOX8- Desi Meals | Order Food Online,places,en,179,28.6395623,77.27360955,28.6411636,77.2750365,0,del,Delhi,2026-09-01T02:58:56.569875Z
ChIJRVg5pMr9DDkRU-oq9dx9Mhc,Joz Biryani King,places,en,179,28.6395623,77.27360955,28.637589199999997,77.2732494,0,del,Delhi,2026-09-01T02:58:56.569881Z
ChIJ41BFSaX8DDkRjUpLZthLR2w,The Kitchen,places,en,179,28.6395623,77.27360955,28.6412707,77.2750657,0,del,Delhi,2026-09-01T02:58:56.569886Z
ChIJ-9yCnGf9DDkRudmUQaayRgc,Cafe De Laila,places,en,179,28.6395623,77.27360955,28.637590699999997,77.27472499999999,0,del,Delhi,2026-09-01T02:58:56.569891Z
ChIJaa6XYtP9DDkRcY18XemwMSs,Chand chicken roll,places,en,179,28.6395623,77.27360955,28.6372009,77.2733665,0,del,Delhi,2026-09-01T02:58:56.569896Z
ChIJJ-WPEAAFDTkR6iS5z45iKEo,Tandoori theka,places,en,181,28.651558100000003,77.07520360000001,28.648909899999996,77.07549499999999,0,del,Delhi,2026-09-01T02:58:57.289835Z
ChIJCe7OyLwHDTkRRXVCX9R-Ewo,Suraj Fast Food Corner,places,en,182,28.71416915,77.0844917,28.713870099999998,77.0840098,0,del,Delhi,2026-09-01T02:58:57.644124Z
ChIJZVMX-0QHDTkRgHlWFwaAsN8,Karan,places,en,182,28.71416915,77.0844917,28.7125193,77.0827016,0,del,Delhi,2026-09-01T02:58:57.644156Z
ChIJEdgiCwAHDTkR_sXwZnrYCns,Shagun banquet,places,en,182,28.71416915,77.0844917,28.7140876,77.0870841,0,del,Delhi,2026-09-01T02:58:57.644166Z
ChIJNYm53Q4HDTkRuLafz8ttduw,Mrs. Delicious,places,en,183,28.71509365,77.06971575,28.7157064,77.0694424,0,del,Delhi,2026-09-01T02:58:58.010402Z
ChIJlxpSuWoHDTkR36UVB3r8XV8,Anna Paaji,places,en,183,28.71509365,77.06971575,28.715968699999998,77.0694128,0,del,Delhi,2026-09-01T02:58:58.010434Z
ChIJ6301TOcHDTkRAJKDfLP6RK8,Ravi Momos Point,places,en,183,28.71509365,77.06971575,28.716104599999998,77.0694652,0,del,Delhi,2026-09-01T02:58:58.010444Z
ChIJuz7NHKwHDTkRTw8Se-6OfVU,Vaibhav Snacks Points,places,en,183,28.71509365,77.06971575,28.716207700000002,77.0693178,0,del,Delhi,2026-09-01T02:58:58.010452Z
ChIJ2053vHgHDTkR3GaMd5_jE1w,Bhaav Annam,places,en,183,28.71509365,77.06971575,28.714556,77.06822729999999,0,del,Delhi,2026-09-01T02:58:58.010459Z
ChIJvR98k_cHDTkRDF_wv1UOQl8,Caribbean Pizza,places,en,183,28.71509365,77.06971575,28.714286499999996,77.07113319999999,0,del,Delhi,2026-09-01T02:58:58.010466Z
ChIJ7Ya0AQAHDTkR80gLuiYnvQ4,Healthy Cravings,places,en,183,28.71509365,77.06971575,28.713956000000003,77.0682489,0,del,Delhi,2026-09-01T02:58:58.010473Z
ChIJxQZAcgAHDTkRqLniainG_MI,Brotherhood Momo &more,places,en,183,28.71509365,77.06971575,28.7133954,77.0701965,0,del,Delhi,2026-09-01T02:58:58.010480Z
ChIJsx0Bqu4HDTkR_bkjpTnrwSE,Guru ji naan and chaap,places,en,183,28.71509365,77.06971575,28.713319799999997,77.0702656,0,del,Delhi,2026-09-01T02:58:58.010487Z
ChIJMy5OcwAHDTkReeunMP02Hck,Gupta Ji Special Paneer Chowmein,places,en,183,28.71509365,77.06971575,28.7145104,77.0718193,0,del,Delhi,2026-09-01T02:58:58.010494Z
ChIJW4KuQOEHDTkRQOFjqHQCrmc,Turkish Ice Cream,places,en,183,28.71509365,77.06971575,28.716625699999998,77.0711628,0,del,Delhi,2026-09-01T02:58:58.010501Z
ChIJZxqIHAQHDTkRFGv-PTkjVEA,New Punjabi Rasoi,places,en,183,28.71509365,77.06971575,28.716703,77.06811499999999,0,del,Delhi,2026-09-01T02:58:58.010507Z
ChIJ-dyg5BQHDTkRPwEKYKvSxTA,Dhariya chicken corner,places,en,183,28.71509365,77.06971575,28.712842400000003,77.0700979,0,del,Delhi,2026-09-01T02:58:58.010515Z
ChIJv2fh7EAHDTkRcuf85JGosXQ,GENZ AIYAASH CAFE,places,en,183,28.71509365,77.06971575,28.712478700000002,77.06991529999999,0,del,Delhi,2026-09-01T02:58:58.010521Z
ChIJWcbAEgAHDTkRLnZJJA4o0z4,Chingari Momos,places,en,183,28.71509365,77.06971575,28.7124228,77.0698587,0,del,Delhi,2026-09-01T02:58:58.010528Z
ChIJ80Racl-pDTkRD88lHGvkqKY,Rambakas,places,en,184,28.79047,77.04018375,28.791432600000004,77.03849869999999,0,del,Delhi,2026-09-01T02:58:58.350524Z
ChIJu_PCISGoDTkR-JN_RXX3TEE,"Rai Singh's Amritsari Kulcha (Bawana, Delhi)",places,en,184,28.79047,77.04018375,28.792168,77.0380722,0,del,Delhi,2026-09-01T02:58:58.350539Z
ChIJhcDNkeepDTkRlt3eXQxmQ8E,Sandeep Fast Food,places,en,185,28.8013239,77.05429315,28.801705499999997,77.0552405,0,del,Delhi,2026-09-01T02:58:58.678791Z
ChIJoejqxyWpDTkRr8gXnODTVj8,Ritik Kashyap Chaat Bhandar,places,en,185,28.8013239,77.05429315,28.8031425,77.0529057,0,del,Delhi,2026-09-01T02:58:58.678799Z
ChIJKeCZbgCpDTkRZE0pPkXPq_s,Friend's Biryani,places,en,185,28.8013239,77.05429315,28.8033854,77.0528748,0,del,Delhi,2026-09-01T02:58:58.678801Z
ChIJSRqrYTKoDTkRAAAAMJMOei0,Jafar Chicken Corner,places,en,185,28.8013239,77.05429315,28.803687499999995,77.05346569999999,0,del,Delhi,2026-09-01T02:58:58.678803Z
ChIJvVnocdCpDTkRsuvB6U44OMc,PIZZA LOVER'S,places,en,186,28.8058139,77.0508467,28.8055506,77.05089439999999,0,del,Delhi,2026-09-01T02:58:59.056517Z
ChIJHXEWGDapDTkR8ySEl37cgRA,AL ARHAM CHICKEN BIRYANI,places,en,186,28.8058139,77.0508467,28.806311899999994,77.05062509999999,0,del,Delhi,2026-09-01T02:58:59.056522Z
ChIJuep01TupDTkR49hkndf-ado,YADGAR SHAHI CHIKAN BIRYANI SHOP,places,en,186,28.8058139,77.0508467,28.8057859,77.0514732,0,del,Delhi,2026-09-01T02:58:59.056524Z
ChIJveQ37c2pDTkRbTBSqSSAJkA,RATHOR CHOWMEIN BHANDAR,places,en,186,28.8058139,77.0508467,28.8062874,77.0505277,0,del,Delhi,2026-09-01T02:58:59.056525Z
ChIJT0dbYDGoDTkRY36OMxWBRBc,Bala Ji Masala,places,en,186,28.8058139,77.0508467,28.8063001,77.0504206,0,del,Delhi,2026-09-01T02:58:59.056527Z
ChIJm0dyKbypDTkRvz7VNbPoaAU,Shri New Bala Ji And Aggarwal Sweets,places,en,186,28.8058139,77.0508467,28.806317999999997,77.051633,0,del,Delhi,2026-09-01T02:58:59.056528Z
ChIJgU4FQ1upDTkRUEAdC8M18yQ,FIROJ FAST FOOD,places,en,186,28.8058139,77.0508467,28.806667400000002,77.05135899999999,0,del,Delhi,2026-09-01T02:58:59.056529Z
ChIJhbZcOFqpDTkRBFND7Rq31K0,Zaika Restaurent,places,en,186,28.8058139,77.0508467,28.805170999999998,77.0517517,0,del,Delhi,2026-09-01T02:58:59.056531Z
ChIJ_y7WnTGoDTkRQC1F57NjQPI,Pizza Cottage,places,en,186,28.8058139,77.0508467,28.804986599999996,77.0501614,0,del,Delhi,2026-09-01T02:58:59.056532Z
ChIJUx6BeDGoDTkRsrIvNNy2pnA,Chicken Pizza Cottage,places,en,186,28.8058139,77.0508467,28.804880999999995,77.0497568,0,del,Delhi,2026-09-01T02:58:59.056533Z
ChIJpc7CFVepDTkR0hWXLQ8mWfg,Al Habib Shahi Chicken Biryani in Bawana,places,en,186,28.8058139,77.0508467,28.804486999999998,77.05017269999999,0,del,Delhi,2026-09-01T02:58:59.056535Z
ChIJEVj6PKCpDTkR2YLT0NT1z08,Cafe 24x7,places,en,186,28.8058139,77.0508467,28.806267699999996,77.05246260000001,0,del,Delhi,2026-09-01T02:58:59.056537Z
ChIJPThoJ_mpDTkR2gKWTDyjdZM,MD Asad Biryani Wale,places,en,186,28.8058139,77.0508467,28.8062711,77.0525572,0,del,Delhi,2026-09-01T02:58:59.056538Z
ChIJx5UqbeypDTkROuTVuodUK2Q,Sofiyan,places,en,186,28.8058139,77.0508467,28.805513200000004,77.0526548,0,del,Delhi,2026-09-01T02:58:59.056540Z
ChIJ1aCBXIqpDTkR0sn_9llDzbE,Anrul Biryani Shop,places,en,186,28.8058139,77.0508467,28.805857799999995,77.0527,0,del,Delhi,2026-09-01T02:58:59.056541Z
ChIJF8R0RgCpDTkRA4tTD3GBooE,Gareeb Nawaz Hotel,places,en,186,28.8058139,77.0508467,28.8060536,77.0528265,0,del,Delhi,2026-09-01T02:58:59.056542Z
ChIJCfr_rzOoDTkRAAAAsFbyU3g,Bharat chawmin wala (BCW),places,en,186,28.8058139,77.0508467,28.805934099999998,77.0528483,0,del,Delhi,2026-09-01T02:58:59.056544Z
ChIJ38JAOk2pDTkRgybGXzqCt7o,Sandhya Fast Food,places,en,186,28.8058139,77.0508467,28.805938799999996,77.0528483,0,del,Delhi,2026-09-01T02:58:59.056545Z
ChIJl-5dsdWpDTkRRsugMra7ui8,Akram Hotel,places,en,186,28.8058139,77.0508467,28.805899799999995,77.0530472,0,del,Delhi,2026-09-01T02:58:59.056546Z
ChIJx4KvIMSpDTkR5xWIn3qxlug,MOEIN Biryani,places,en,186,28.8058139,77.0508467,28.8073512,77.0522376,0,del,Delhi,2026-09-01T02:58:59.056547Z
ChIJR9o6KgAHDTkRgdjH4lxlEEQ,Rupali,places,en,187,28.7390074,77.02465215000001,28.737930000000002,77.0233415,0,del,Delhi,2026-09-01T02:58:59.383319Z
ChIJDyBDfAAHDTkR_06guFIuBmw,Home made Tasty food,places,en,187,28.7390074,77.02465215000001,28.737081699999994,77.025465,0,del,Delhi,2026-09-01T02:58:59.383323Z
ChIJY6WhL9EHDTkR92WzZ-2-tL0,Shree Khatu Shyam Jayka,places,en,188,28.73177675,77.0244737,28.731599499999994,77.0249245,0,del,Delhi,2026-09-01T02:58:59.712314Z
ChIJY5FLag0HDTkRDdmyF9kyk8E,SUNITA MAURYA,places,en,188,28.73177675,77.0244737,28.732530599999997,77.0248968,0,del,Delhi,2026-09-01T02:58:59.712319Z
ChIJs2z_MDwHDTkRNXURaIcb7pc,Fast Food,places,en,188,28.73177675,77.0244737,28.733393199999995,77.0249594,0,del,Delhi,2026-09-01T02:58:59.712321Z
ChIJ13q4oTAGDTkRl-3HDylSnp4,Javed halal meat shop,places,en,188,28.73177675,77.0244737,28.731291899999995,77.02631319999999,0,del,Delhi,2026-09-01T02:58:59.712322Z
ChIJ2Yb1XQAHDTkRon3FqKOtJK0,Anandpur dham,places,en,188,28.73177675,77.0244737,28.7336283,77.0249619,0,del,Delhi,2026-09-01T02:58:59.712324Z
ChIJ-_AwIQAHDTkR62eEi2N9ITs,Krishna caterers & restaurant,places,en,188,28.73177675,77.0244737,28.733538900000003,77.02344579999999,0,del,Delhi,2026-09-01T02:58:59.712325Z
ChIJTWVC5jAGDTkRnS8JyuYCN7o,Shree Shyam Milan Shudh Bhojnalya,places,en,188,28.73177675,77.0244737,28.7337018,77.023684,0,del,Delhi,2026-09-01T02:58:59.712327Z
ChIJY2Y1m6EHDTkRR4K0bC4gMP4,A P Sarma,places,en,188,28.73177675,77.0244737,28.7340682,77.0250071,0,del,Delhi,2026-09-01T02:58:59.712328Z
ChIJJxERyr0HDTkRuT2GTnmMZZQ,N K pizza hub & fast food,places,en,188,28.73177675,77.0244737,28.7343328,77.0251036,0,del,Delhi,2026-09-01T02:58:59.712330Z
ChIJjWyRJjAHDTkRx4mLUo31jiw,Kamini Traders,places,en,190,28.71242815,77.0442693,28.713497099999998,77.04544949999999,0,del,Delhi,2026-09-01T02:59:00.716696Z
ChIJYbbFO2UGDTkRdNIkltr9_60,A P Momos,places,en,190,28.71242815,77.0442693,28.7113157,77.0468159,0,del,Delhi,2026-09-01T02:59:00.716705Z
ChIJ65VjYo6pDTkR5usxffmcbNU,Ruhi Fast Food,places,en,191,28.80007415,77.0389957,28.7992836,77.0409121,0,del,Delhi,2026-09-01T02:59:01.040325Z
ChIJPdrzKyOoDTkRudywLxutyU4,Vinod Dhaba,places,en,191,28.80007415,77.0389957,28.8005637,77.03687049999999,0,del,Delhi,2026-09-01T02:59:01.040332Z
ChIJDQcPYPSpDTkRuTAlbJAXqjQ,Ahmad Indian halal meat shop,places,en,191,28.80007415,77.0389957,28.8022005,77.03818369999999,0,del,Delhi,2026-09-01T02:59:01.040334Z
ChIJN6od1iKoDTkR4FcP88myvXI,LALA JI CHAAP WALE,places,en,191,28.80007415,77.0389957,28.8003328,77.0362865,0,del,Delhi,2026-09-01T02:59:01.040337Z
ChIJbY9vfgCpDTkRL6ILQVCKHx8,Ram Chowmin,places,en,191,28.80007415,77.0389957,28.800479,77.0361302,0,del,Delhi,2026-09-01T02:59:01.040338Z
ChIJP8dOMX-pDTkR0KuDl9jDUH4,Laziz Fast Food,places,en,191,28.80007415,77.0389957,28.8004924,77.0359823,0,del,Delhi,2026-09-01T02:59:01.040340Z
ChIJt11acACpDTkRostmVV6Rzy4,Faheem fast food,places,en,192,28.79835465,77.0399915,28.798645500000003,77.04179289999999,0,del,Delhi,2026-09-01T02:59:01.401397Z
ChIJjfSnJdypDTkRKREsviOiR0I,Raja Fast Food,places,en,192,28.79835465,77.0399915,28.799325999999997,77.0421436,0,del,Delhi,2026-09-01T02:59:01.401403Z
ChIJRwamG28BDTkRmm6zQCqvvSY,RG Restaurant (Thali hi Thali),places,en,193,28.7793097,77.0594655,28.779956799999997,77.05936899999999,0,del,Delhi,2026-09-01T02:59:01.795748Z
ChIJzZ7JtfEHDTkRDHpfYp-EH58,VD Tandoori अड्डा,places,en,193,28.7793097,77.0594655,28.7802884,77.0596114,0,del,Delhi,2026-09-01T02:59:01.795775Z
ChIJC-nomzkHDTkRm8bSbPShyl8,Nishu Fast Food,places,en,193,28.7793097,77.0594655,28.779793899999998,77.05803709999999,0,del,Delhi,2026-09-01T02:59:01.795782Z
ChIJqXj7xosHDTkRbaVVGGoDivY,Bharat Food,places,en,193,28.7793097,77.0594655,28.7809381,77.06021009999999,0,del,Delhi,2026-09-01T02:59:01.795788Z
ChIJ5RXxSxOpDTkRs7OpJ4B2LC0,Ravinder Sweets,places,en,194,28.8488201,77.06471105,28.851246600000003,77.06460109999999,0,del,Delhi,2026-09-01T02:59:02.200406Z
ChIJH_Cgs42pDTkRcV8DSt2ixio,Divya Chai Ki Chopal,places,en,195,28.8784402,77.0765955,28.878827299999998,77.0771666,0,del,Delhi,2026-09-01T02:59:02.533698Z
ChIJIVSANjapDTkRPw3Ybtb16E4,NAKSHIT PIZZA POINT,places,en,195,28.8784402,77.0765955,28.876742300000004,77.0782213,0,del,Delhi,2026-09-01T02:59:02.533733Z
ChIJ4fLQfgCnDTkRrLcweJXuXXg,PUNJABI RASOI,places,en,198,28.8054068,76.93984935,28.8044537,76.94013389999999,0,del,Delhi,2026-09-01T02:59:03.596683Z
ChIJoQc7euunDTkRA-NHcY52Gkc,Anjali,places,en,198,28.8054068,76.93984935,28.8048868,76.9409366,0,del,Delhi,2026-09-01T02:59:03.596713Z
ChIJVQ-vJgCnDTkR9J2sTLgMqZc,Cafe momo corner,places,en,198,28.8054068,76.93984935,28.804739200000004,76.9409359,0,del,Delhi,2026-09-01T02:59:03.596724Z
ChIJE2SobgCnDTkRM_SFy_WGklo,A one Biryani,places,en,198,28.8054068,76.93984935,28.804733900000002,76.9409436,0,del,Delhi,2026-09-01T02:59:03.596732Z
ChIJe3nbQACnDTkRHYFMzs0EGio,Zaika Junction Food Point,places,en,198,28.8054068,76.93984935,28.804198699999997,76.94029979999999,0,del,Delhi,2026-09-01T02:59:03.596740Z
ChIJeeA3Jp-nDTkRxomgL-SGRJM,Taau da dhabha,places,en,198,28.8054068,76.93984935,28.803411299999997,76.93782379999999,0,del,Delhi,2026-09-01T02:59:03.596748Z
ChIJERb1gy4JDTkR9e8sWfd-pzE,Rahul Fast Food,places,en,199,28.77418695,76.9600858,28.773892999999997,76.9620056,0,del,Delhi,2026-09-01T02:59:03.926013Z
ChIJZXFVTXWpDTkRyP3YqvD3UPU,JMD FAST FOOD,places,en,200,28.840091649999998,77.0790803,28.8400096,77.0794798,0,del,Delhi,2026-09-01T02:59:04.303243Z
ChIJf93BA_ypDTkRDrg7VBAJx58,Nitesh Yadav Store,places,en,200,28.840091649999998,77.0790803,28.840137300000002,77.0796405,0,del,Delhi,2026-09-01T02:59:04.303366Z
ChIJb7K-OfqpDTkRubgnRytnigQ,MOMOS CORNER,places,en,200,28.840091649999998,77.0790803,28.840111800000003,77.0799104,0,del,Delhi,2026-09-01T02:59:04.303373Z
ChIJVVXB8QqpDTkRPE4aZnqcdFE,Shree Shyam Snacks,places,en,200,28.840091649999998,77.0790803,28.840974600000003,77.07732980000002,0,del,Delhi,2026-09-01T02:59:04.303377Z
ChIJ0V_29AqpDTkR1151zMyqa50,Arshad Hyderabadi Chicken Biryani,places,en,200,28.840091649999998,77.0790803,28.8406329,77.0768343,0,del,Delhi,2026-09-01T02:59:04.303381Z
ChIJseZfL2upDTkRjE8h2SUne_E,Rustom,places,en,200,28.840091649999998,77.0790803,28.841681699999995,77.08100449999999,0,del,Delhi,2026-09-01T02:59:04.303384Z
ChIJQdYMQNupDTkR-TP3zz7D6mg,ASHISH FAST FOOD,places,en,201,28.85387045,77.08363535000001,28.8538885,77.085227,0,del,Delhi,2026-09-01T02:59:04.646279Z
ChIJdRHRk2mpDTkRZnYrXYKW7lc,Akash Store,places,en,201,28.85387045,77.08363535000001,28.8548593,77.08591,0,del,Delhi,2026-09-01T02:59:04.646300Z
ChIJH-osxJOpDTkRN6RMEk6t-gM,Geetika tour and travel,places,en,201,28.85387045,77.08363535000001,28.8554115,77.08564369999999,0,del,Delhi,2026-09-01T02:59:04.646305Z
ChIJ6d57oqSpDTkRovRrUvbbdIU,Yummy kitchen,places,en,202,28.8012715,77.03367515,28.8012922,77.0349439,0,del,Delhi,2026-09-01T02:59:04.989717Z
ChIJnU--O3mpDTkRAZR1yA7gCrg,Pizza Galleria Bawana,places,en,202,28.8012715,77.03367515,28.801261099999998,77.0349808,0,del,Delhi,2026-09-01T02:59:04.989753Z
ChIJaRbEFn-pDTkRAcyCTN967yM,My Shop My Taste,places,en,202,28.8012715,77.03367515,28.801301799999997,77.0349875,0,del,Delhi,2026-09-01T02:59:04.989760Z
ChIJZwf-mpGpDTkRuM0W6_-PQXw,Kaake The Dosa,places,en,202,28.8012715,77.03367515,28.8008255,77.0350406,0,del,Delhi,2026-09-01T02:59:04.989766Z
ChIJfc8A9VupDTkRs6E1CbunEG0,Nandu Samose Wala,places,en,202,28.8012715,77.03367515,28.800508500000003,77.03509609999999,0,del,Delhi,2026-09-01T02:59:04.989772Z
ChIJy9dOvC6pDTkRsjjhvNgMUo4,PIZZA COFFEE DAY,places,en,202,28.8012715,77.03367515,28.8008685,77.0353007,0,del,Delhi,2026-09-01T02:59:04.989777Z
ChIJk1Ie3SypDTkR9I2WhbFquSE,A-ONE FAST FOOD,places,en,202,28.8012715,77.03367515,28.802118,77.0322236,0,del,Delhi,2026-09-01T02:59:04.989782Z
ChIJqVzazCKoDTkR7TqhXkprINw,"BHATURE WALA (Bawana, Delhi)",places,en,202,28.8012715,77.03367515,28.8006496,77.0353909,0,del,Delhi,2026-09-01T02:59:04.989787Z
ChIJwdlnzyKoDTkRAAAA0K7mQ2I,Balaji Juice,places,en,202,28.8012715,77.03367515,28.799980899999998,77.0353157,0,del,Delhi,2026-09-01T02:59:04.989792Z
ChIJjZmixiKoDTkR2G06c6M9zEE,Hari Chaat Bhandar,places,en,202,28.8012715,77.03367515,28.7997178,77.03511130000001,0,del,Delhi,2026-09-01T02:59:04.989797Z
ChIJZ4ag0SKoDTkRUBUrzvwl3qw,Crunchy Burger,places,en,202,28.8012715,77.03367515,28.80026,77.03565909999999,0,del,Delhi,2026-09-01T02:59:04.989802Z
ChIJaSglG3ipDTkRJRIwtv8eWr0,Shree Navratan Restaurant,places,en,202,28.8012715,77.03367515,28.799704899999995,77.0352226,0,del,Delhi,2026-09-01T02:59:04.989807Z
ChIJxQ4vxCKoDTkRppsn0SyaK18,नरवाल मलाई पनीर व मटर,places,en,202,28.8012715,77.03367515,28.799714400000003,77.0352492,0,del,Delhi,2026-09-01T02:59:04.989813Z
ChIJId0H1CKoDTkRwMjR3UOeUr4,Shree Ji Food,places,en,202,28.8012715,77.03367515,28.8003982,77.0359431,0,del,Delhi,2026-09-01T02:59:04.989847Z
ChIJLQDIpySoDTkRXj9G33dnFvM,Ashoka Sweets & Cake Studio,places,en,202,28.8012715,77.03367515,28.799814399999995,77.0355415,0,del,Delhi,2026-09-01T02:59:04.989855Z
ChIJcUJey-ypDTkRBG3TUEi6Xl8,Royal bullet house,places,en,202,28.8012715,77.03367515,28.8022399,77.0311488,0,del,Delhi,2026-09-01T02:59:04.989862Z
ChIJg2EHJJmpDTkR7q4lVvKaXkw,"Kuteer Restaurant (Bawana, Delhi)",places,en,202,28.8012715,77.03367515,28.799250499999996,77.0353753,0,del,Delhi,2026-09-01T02:59:04.989868Z
ChIJn_xjZMIPDTkRQKDdJB-nMxI,Suraj fast food corner,places,en,203,28.6669202,76.95231150000001,28.665135799999998,76.9525774,0,del,Delhi,2026-09-01T02:59:05.411150Z
ChIJfYKhO98PDTkR35AZWuPJLSA,Purvanchal Bites,places,en,203,28.6669202,76.95231150000001,28.665188900000004,76.95109529999999,0,del,Delhi,2026-09-01T02:59:05.411183Z
ChIJOyfi8IQFDTkRczmugDXAeBE,ANNAPURNA RASOI,places,en,206,28.66323075,77.06551875,28.663522999999998,77.0667528,0,del,Delhi,2026-09-01T02:59:06.474042Z
ChIJkxZUAgAFDTkRIOFgLz0iViI,Indo Chinese special Nihal Vihar,places,en,206,28.66323075,77.06551875,28.662122999999998,77.06397299999999,0,del,Delhi,2026-09-01T02:59:06.474072Z
ChIJeTiA014FDTkRa0MFBxk3Svc,Geeti,places,en,206,28.66323075,77.06551875,28.6640397,77.06763289999999,0,del,Delhi,2026-09-01T02:59:06.474076Z
ChIJ6UAv3agFDTkRWQFG1bDRxcA,Aakash Fast Food,places,en,206,28.66323075,77.06551875,28.6619414,77.06337909999999,0,del,Delhi,2026-09-01T02:59:06.474080Z
ChIJtzx1IgAFDTkRkO4bssgNfsA,Satsang road,places,en,206,28.66323075,77.06551875,28.6645643,77.0679786,0,del,Delhi,2026-09-01T02:59:06.474083Z
ChIJAez8KxQFDTkRILlGRVdh0ns,Protein cafe,places,en,206,28.66323075,77.06551875,28.6621092,77.0628061,0,del,Delhi,2026-09-01T02:59:06.474086Z
ChIJa4OF4jEFDTkRrI7pZleLyH4,Preeti Fast Food,places,en,206,28.66323075,77.06551875,28.661150899999996,77.0635856,0,del,Delhi,2026-09-01T02:59:06.474089Z
ChIJV2LSJeMFDTkRqXy31YgqI8c,Yumfry Street Cafe,places,en,207,28.664872850000002,77.0652448,28.6665246,77.06537829999999,0,del,Delhi,2026-09-01T02:59:06.818858Z
ChIJx8c1NwAFDTkRhhLG0P-J_To,Amit caterers,places,en,207,28.664872850000002,77.0652448,28.6654099,77.06340759999999,0,del,Delhi,2026-09-01T02:59:06.818907Z
ChIJPZhYvSIFDTkRNw9wndWiVkc,Gupta Ji K Special Kachaudi,places,en,207,28.664872850000002,77.0652448,28.666647100000002,77.06562029999999,0,del,Delhi,2026-09-01T02:59:06.818915Z
ChIJu1zPYwUFDTkR7e16Qw7xyw8,Lucknow Veg Roll,places,en,207,28.664872850000002,77.0652448,28.6667146,77.0657305,0,del,Delhi,2026-09-01T02:59:06.818921Z
ChIJzRUxto0FDTkRKpk6pwB_h1w,Priyanka,places,en,207,28.664872850000002,77.0652448,28.666729300000004,77.0657311,0,del,Delhi,2026-09-01T02:59:06.818927Z
ChIJn0z1-1EEDTkRlkx-G4pWnSs,Aakash fast food point,places,en,207,28.664872850000002,77.0652448,28.6654211,77.06302939999999,0,del,Delhi,2026-09-01T02:59:06.818933Z
ChIJNUUKBwAFDTkR5ZNrm09f1QA,Brother’s momos 🥟,places,en,207,28.664872850000002,77.0652448,28.666751,77.06636309999999,0,del,Delhi,2026-09-01T02:59:06.818939Z
ChIJ0Yw6WxAFDTkRqiv8p7vdsmQ,OMI VAISHNO DHABHA,places,en,207,28.664872850000002,77.0652448,28.6656518,77.0629915,0,del,Delhi,2026-09-01T02:59:06.818944Z
ChIJPWn5bUQFDTkRFRNq3H_FgR4,Aaditya Chowmein,places,en,207,28.664872850000002,77.0652448,28.666855100000003,77.0663131,0,del,Delhi,2026-09-01T02:59:06.818949Z
ChIJKVJ94l8FDTkRwnybVEnCA6A,Shree Durga Dosa Corner Nangloi,places,en,207,28.664872850000002,77.0652448,28.665461199999996,77.06281539999999,0,del,Delhi,2026-09-01T02:59:06.818955Z
ChIJG97kS2cFDTkR7H2TduJtglA,Ayush Chowmin Bhandaar,places,en,207,28.664872850000002,77.0652448,28.6654024,77.0627863,0,del,Delhi,2026-09-01T02:59:06.818960Z
ChIJTbPEobYFDTkRp9G1YZu4PBk,Vipan,places,en,207,28.664872850000002,77.0652448,28.665453300000003,77.06278089999999,0,del,Delhi,2026-09-01T02:59:06.818965Z
ChIJ_wK0vdIFDTkRP8XuXUQUDfU,Jitender Fast Food,places,en,207,28.664872850000002,77.0652448,28.666780699999997,77.0666147,0,del,Delhi,2026-09-01T02:59:06.818970Z
ChIJBRj_dQAFDTkRmkzYuHlzofQ,Dikshit samose wala,places,en,207,28.664872850000002,77.0652448,28.666991000000003,77.0666832,0,del,Delhi,2026-09-01T02:59:06.818976Z
ChIJ9xH4_FIFDTkRpUAeJS5K-T8,Bhola Chaumin,places,en,207,28.664872850000002,77.0652448,28.666568299999994,77.0673628,0,del,Delhi,2026-09-01T02:59:06.818981Z
ChIJkzf2EgAFDTkR91ygDlywiW4,BS Bikaner sweet,places,en,208,28.64812255,77.02579610000001,28.6481195,77.0250367,0,del,Delhi,2026-09-01T02:59:07.180657Z
ChIJLyQxNwAFDTkRGqGi25bru5w,BS Bikaner sweet,places,en,208,28.64812255,77.02579610000001,28.648094500000003,77.02502539999999,0,del,Delhi,2026-09-01T02:59:07.180684Z
ChIJ4Zf2RAAFDTkR2LlZCRu0hkM,BS Bikaner sweet,places,en,208,28.64812255,77.02579610000001,28.648110999999997,77.02502129999999,0,del,Delhi,2026-09-01T02:59:07.180689Z
ChIJe1z06T0FDTkRsO6HLx2EXA0,Ram Singh Chat Bhander,places,en,208,28.64812255,77.02579610000001,28.648242499999995,77.02667,0,del,Delhi,2026-09-01T02:59:07.180692Z
ChIJs4DdY2cFDTkREjFm5ajHu_o,Subfit,places,en,208,28.64812255,77.02579610000001,28.647975600000002,77.02478040000001,0,del,Delhi,2026-09-01T02:59:07.180695Z
ChIJ4XlEv6YFDTkRmMRcE2CqE94,Veer Da Dhaba ( Veg. & Non Veg.),places,en,208,28.64812255,77.02579610000001,28.6479146,77.0247407,0,del,Delhi,2026-09-01T02:59:07.180698Z
ChIJ2XKa-coFDTkRPDGk9W_FTI4,Mahira chicken biryani point,places,en,208,28.64812255,77.02579610000001,28.64789,77.0247473,0,del,Delhi,2026-09-01T02:59:07.180701Z
ChIJq0-aJ0kFDTkRIUH_BhtQAnk,The Biryani Bros.,places,en,208,28.64812255,77.02579610000001,28.648117199999998,77.02462489999999,0,del,Delhi,2026-09-01T02:59:07.180703Z
ChIJDbdxU2cFDTkRUBM7fP3aSnA,Fitalion pizza,places,en,208,28.64812255,77.02579610000001,28.647888400000003,77.0246384,0,del,Delhi,2026-09-01T02:59:07.180706Z
ChIJz4ybsBYFDTkRNgkC5nqOg8Q,PIZZA GALLERIA KOTLA VIHAR,places,en,208,28.64812255,77.02579610000001,28.6477933,77.02458899999999,0,del,Delhi,2026-09-01T02:59:07.180709Z
ChIJS6w7IAAFDTkRQqXS_t0NhIA,Tilangpur kotla bus stand,places,en,208,28.64812255,77.02579610000001,28.6491007,77.02670119999999,0,del,Delhi,2026-09-01T02:59:07.180712Z
ChIJIVdgqXcFDTkRysnGSFiVSbY,Dominat's Pizza,places,en,208,28.64812255,77.02579610000001,28.647658099999997,77.0242148,0,del,Delhi,2026-09-01T02:59:07.180715Z
ChIJNb1rXAAFDTkRYozL0b-EgOk,Sri shyam bhojnalaye,places,en,208,28.64812255,77.02579610000001,28.6478406,77.024108,0,del,Delhi,2026-09-01T02:59:07.180717Z
ChIJMwJ0hDYFDTkRiiYP3YBjKcU,Foodie,places,en,208,28.64812255,77.02579610000001,28.6459294,77.0250373,0,del,Delhi,2026-09-01T02:59:07.180720Z
ChIJO_NUrrgFDTkRs49tsNQC9t8,The Cake Town bakery & confectionery,places,en,208,28.64812255,77.02579610000001,28.6470393,77.0231033,0,del,Delhi,2026-09-01T02:59:07.180723Z
ChIJz87gErgFDTkRj8iUy_Wl3l0,Malkhan Bhai Biryani,places,en,209,28.6502063,77.0347074,28.6525844,77.0346177,0,del,Delhi,2026-09-01T02:59:07.594403Z
ChIJLSBepwsFDTkRkMm_mC-2deo,RONAK CHICKEN POINT,places,en,209,28.6502063,77.0347074,28.6479691,77.0363134,0,del,Delhi,2026-09-01T02:59:07.594419Z
ChIJ489WIOAFDTkRvIYq42Y_9Po,Suman Food Corner,places,en,210,28.667802299999998,77.07222709999999,28.6679221,77.0725891,0,del,Delhi,2026-09-01T02:59:07.969543Z
ChIJpyl73v4FDTkRod4Vt8HikZQ,Pal Chef Kitchen,places,en,210,28.667802299999998,77.07222709999999,28.6683699,77.0727328,0,del,Delhi,2026-09-01T02:59:07.969576Z
ChIJlcIBf-MFDTkRKLigoeDMlZg,Mukesh Yadav Gol Gappe,places,en,210,28.667802299999998,77.07222709999999,28.667475,77.0730971,0,del,Delhi,2026-09-01T02:59:07.969587Z
ChIJC8NE70QEDTkR0c63CHfpgLw,Jaiveer Special Amritsari Naan,places,en,210,28.667802299999998,77.07222709999999,28.668539499999998,77.07162919999999,0,del,Delhi,2026-09-01T02:59:07.969594Z
ChIJWTqY1XgFDTkRgeCgn0HfkKM,GJ.K MOMOS POINT,places,en,210,28.667802299999998,77.07222709999999,28.6669894,77.0717305,0,del,Delhi,2026-09-01T02:59:07.969601Z
ChIJr7467kQEDTkRgWGJvsTE8XM,MOMO EXPRESS,places,en,210,28.667802299999998,77.07222709999999,28.668813,77.0717856,0,del,Delhi,2026-09-01T02:59:07.969609Z
ChIJY-mTqL4FDTkRiasyYr3z-qs,Apna Momos And Roll,places,en,210,28.667802299999998,77.07222709999999,28.6684706,77.07103599999999,0,del,Delhi,2026-09-01T02:59:07.969616Z
ChIJa1lbOQAFDTkRy5GzD4Z2L9U,Rahul fast food,places,en,210,28.667802299999998,77.07222709999999,28.668819599999996,77.0708235,0,del,Delhi,2026-09-01T02:59:07.969623Z
ChIJIxLDnEQEDTkR87JUEoocjEU,Vaishno Panjabi Rasoi,places,en,210,28.667802299999998,77.07222709999999,28.668951999999994,77.073482,0,del,Delhi,2026-09-01T02:59:07.969631Z
ChIJ4wCRnkUFDTkRIM3ZOqkBMrg,Da Pizza Factory,places,en,210,28.667802299999998,77.07222709999999,28.668888900000002,77.07358330000001,0,del,Delhi,2026-09-01T02:59:07.969638Z
ChIJs33esr8FDTkRUSO8HnLn9ig,Om sai Pizza Point,places,en,210,28.667802299999998,77.07222709999999,28.6660383,77.0718115,0,del,Delhi,2026-09-01T02:59:07.969645Z
ChIJp7Pw0LkFDTkR2RU3cN-dHcA,New Taj Chicken Corner,places,en,210,28.667802299999998,77.07222709999999,28.668535199999997,77.0743107,0,del,Delhi,2026-09-01T02:59:07.969651Z
ChIJ52GxF0UEDTkRTwq6VsxYdH0,Aligarh Ki Mashhur Kachori,places,en,210,28.667802299999998,77.07222709999999,28.668087999999994,77.0699602,0,del,Delhi,2026-09-01T02:59:07.969658Z
ChIJP5kxZkMEDTkRzSQtVdGJNNk,Kgn Chicken Corner,places,en,210,28.667802299999998,77.07222709999999,28.668587199999997,77.0743626,0,del,Delhi,2026-09-01T02:59:07.969665Z
ChIJf8iVRnEFDTkR9yeqcFWy_NE,Razak Fast Food,places,en,210,28.667802299999998,77.07222709999999,28.6688168,77.0701631,0,del,Delhi,2026-09-01T02:59:07.969672Z
ChIJGUsb2IgFDTkR6diTl0_yELw,Chicken Biryani Darbar,places,en,210,28.667802299999998,77.07222709999999,28.6678003,77.07455709999999,0,del,Delhi,2026-09-01T02:59:07.969679Z
ChIJ-c5-RUMEDTkR9Z14gQR4aTM,Bismillah Muslim Hotel,places,en,210,28.667802299999998,77.07222709999999,28.667711699999998,77.0745992,0,del,Delhi,2026-09-01T02:59:07.969685Z
ChIJFc0RQ0MEDTkRy1psMFREBZg,Sahi Muradabadi Biryani,places,en,210,28.667802299999998,77.07222709999999,28.668179,77.07456599999999,0,del,Delhi,2026-09-01T02:59:07.969692Z
ChIJXbl8HAAFDTkRHyUy8YTzHx0,Shree Bala ji dosa vaale - main dosa tu idli,places,en,210,28.667802299999998,77.07222709999999,28.665704200000004,77.0719051,0,del,Delhi,2026-09-01T02:59:07.969699Z
ChIJU6MEQ0MEDTkRVbej1MlCyqA,Ansari Hotel,places,en,210,28.667802299999998,77.07222709999999,28.6682033,77.07459519999999,0,del,Delhi,2026-09-01T02:59:07.969705Z
ChIJ9aPVWAAFDTkRj-daMeG-Xm0,Ratawal Cloud Kitchen,places,en,211,28.685687299999998,77.05368555,28.6848878,77.0538219,0,del,Delhi,2026-09-01T02:59:08.302345Z
ChIJQSQfx_YFDTkRJr40zL_D3GU,Indian best fast food,places,en,211,28.685687299999998,77.05368555,28.6863884,77.05309179999999,0,del,Delhi,2026-09-01T02:59:08.302372Z
ChIJN-RMKycFDTkRks4VgmrAb9Y,Pizza King Express,places,en,211,28.685687299999998,77.05368555,28.685682000000003,77.05479199999999,0,del,Delhi,2026-09-01T02:59:08.302378Z
ChIJ8czpISoFDTkR9tsXQjvg_Ao,Lal Sweets Corner,places,en,211,28.685687299999998,77.05368555,28.685089999999995,77.0547149,0,del,Delhi,2026-09-01T02:59:08.302382Z
ChIJtfMNzAgFDTkRiRCtu8GrZlw,Vibhu Soda Shop,places,en,211,28.685687299999998,77.05368555,28.687485300000002,77.0543373,0,del,Delhi,2026-09-01T02:59:08.302385Z
ChIJUbDFfAAFDTkRIfU1ida-yb8,Vivek Di haati,places,en,211,28.685687299999998,77.05368555,28.6876763,77.0529723,0,del,Delhi,2026-09-01T02:59:08.302389Z
ChIJ75rqtREFDTkREqitjWXDxQg,Pizza & Pasta Station,places,en,211,28.685687299999998,77.05368555,28.6837387,77.05255489999999,0,del,Delhi,2026-09-01T02:59:08.302393Z
ChIJIzlzfwAFDTkRvYrYLNC5TMg,Yummy Flavour Home Made Momos,places,en,211,28.685687299999998,77.05368555,28.683576900000002,77.0521528,0,del,Delhi,2026-09-01T02:59:08.302396Z
ChIJX4uL8moFDTkRa_-m_lIoKeE,Sangal Sweet Corner,places,en,211,28.685687299999998,77.05368555,28.6879954,77.05251059999999,0,del,Delhi,2026-09-01T02:59:08.302400Z
ChIJA_lJCa4FDTkR98oqgtlte6I,Do Bhai Chawal Wale,places,en,211,28.685687299999998,77.05368555,28.686423200000004,77.0508195,0,del,Delhi,2026-09-01T02:59:08.302403Z
ChIJMYypKgAFDTkRnXTd4l2cuCs,Jain Sweets and Restaurant,places,en,212,28.68362775,77.05301800000001,28.681910400000003,77.05287919999999,0,del,Delhi,2026-09-01T02:59:08.637570Z
ChIJZVx3n98FDTkRIJ9vI0Cek8w,"Pizza Coffee Day ratan Park, Nangloi",places,en,212,28.68362775,77.05301800000001,28.6824513,77.0547859,0,del,Delhi,2026-09-01T02:59:08.637585Z
ChIJ-QwqoMwFDTkRHj1cET3G7ys,"Domino's Pizza | Nangloi, New Delhi",places,en,212,28.68362775,77.05301800000001,28.6824442,77.0550954,0,del,Delhi,2026-09-01T02:59:08.637590Z
ChIJgX2PFEUFDTkRDJmKycVV1LE,Madhav Kunj Foods,places,en,212,28.68362775,77.05301800000001,28.6818694,77.054591,0,del,Delhi,2026-09-01T02:59:08.637594Z
ChIJH23rZAwFDTkR90kQNmrkcSc,Struggle Boys Chai Wala,places,en,212,28.68362775,77.05301800000001,28.682706599999996,77.0555435,0,del,Delhi,2026-09-01T02:59:08.637603Z
ChIJhelVkcEFDTkR7WozlmIvYuA,SuryaPlus,places,en,212,28.68362775,77.05301800000001,28.6829128,77.0556459,0,del,Delhi,2026-09-01T02:59:08.637606Z
ChIJwfBzpcwFDTkR9UKRrp2OAGI,Shreeji Fast Food and restaurant,places,en,212,28.68362775,77.05301800000001,28.6829056,77.0556561,0,del,Delhi,2026-09-01T02:59:08.637609Z
ChIJy4wlbI4FDTkRaKMqr54-cSg,Mishti Delight Food,places,en,212,28.68362775,77.05301800000001,28.680981600000003,77.0531101,0,del,Delhi,2026-09-01T02:59:08.637615Z
ChIJ8zouqvsFDTkRyP1SIOjiX8I,Kwik bite,places,en,212,28.68362775,77.05301800000001,28.681049100000003,77.0522258,0,del,Delhi,2026-09-01T02:59:08.637618Z
ChIJ8Rjdk1wFDTkRT9BOpyLuZ0E,Fusion Chaap Bites,places,en,213,28.6874702,77.04940174999999,28.686462199999998,77.049769,0,del,Delhi,2026-09-01T02:59:09.021584Z
ChIJ7dusdgAFDTkR2MoHov6ad0c,rahul singh,places,en,213,28.6874702,77.04940174999999,28.687780900000003,77.050668,0,del,Delhi,2026-09-01T02:59:09.021617Z
ChIJ0xEE2dAFDTkRAJsyQM_T_YI,Anil Fast Food,places,en,213,28.6874702,77.04940174999999,28.6886125,77.0490223,0,del,Delhi,2026-09-01T02:59:09.021628Z
ChIJwY__-KsFDTkRPwo9NYPQsbY,ARJUN CHOWMIN,places,en,213,28.6874702,77.04940174999999,28.6882185,77.04763799999999,0,del,Delhi,2026-09-01T02:59:09.021637Z
ChIJLfPGvvcFDTkRjOFyBIS2U3Y,Gwalior Chart Bandar,places,en,213,28.6874702,77.04940174999999,28.6874677,77.0471993,0,del,Delhi,2026-09-01T02:59:09.021645Z
ChIJ-z-1dc4FDTkRp-kPPAFp6oM,Bhole Nath Rasoi,places,en,213,28.6874702,77.04940174999999,28.6858452,77.050585,0,del,Delhi,2026-09-01T02:59:09.021652Z
ChIJLW3OcM4FDTkRAAAAsOCfjRI,Rishi Aggarwal Sweets,places,en,213,28.6874702,77.04940174999999,28.6855759,77.05027439999999,0,del,Delhi,2026-09-01T02:59:09.021659Z
ChIJ377aj1gFDTkR2WpDdggvSfM,Yogesh Chaat Bhandar,places,en,213,28.6874702,77.04940174999999,28.686853799999998,77.04707090000001,0,del,Delhi,2026-09-01T02:59:09.021666Z
ChIJHWJSl24HDTkRJoe6OUIV-6o,Golu fast food,places,en,213,28.6874702,77.04940174999999,28.6878494,77.04680479999999,0,del,Delhi,2026-09-01T02:59:09.021673Z
ChIJmeG31VYFDTkRHfG4k12VWXI,China Towan,places,en,213,28.6874702,77.04940174999999,28.6886427,77.04687729999999,0,del,Delhi,2026-09-01T02:59:09.021680Z
ChIJHdzZ2bgHDTkRVJfEMYlG_5E,Vikash Shop,places,en,214,28.71681855,77.05283065,28.717327899999997,77.0537056,0,del,Delhi,2026-09-01T02:59:09.347331Z
ChIJG2qJi2UHDTkREtPG6zd6Omc,The Pizza Oven,places,en,214,28.71681855,77.05283065,28.718252299999996,77.05488749999999,0,del,Delhi,2026-09-01T02:59:09.347360Z
ChIJBViVGycEDTkRpjQWXMPgoaE,A One Caterers,places,en,215,28.698346049999998,77.0705028,28.698888699999998,77.0712661,0,del,Delhi,2026-09-01T02:59:09.687858Z
ChIJv24FSyYEDTkRkGtgTA4BxQc,Just Pizza House,places,en,215,28.698346049999998,77.0705028,28.697884000000002,77.06959479999999,0,del,Delhi,2026-09-01T02:59:09.687888Z
ChIJKz4TBg8FDTkRP7D_4AE4Xzo,Om Fast Food,places,en,215,28.698346049999998,77.0705028,28.6992898,77.07030759999999,0,del,Delhi,2026-09-01T02:59:09.687898Z
ChIJOfqCd-gFDTkRGc7QOYM2o-M,Krshna bhog,places,en,215,28.698346049999998,77.0705028,28.699403399999998,77.0702858,0,del,Delhi,2026-09-01T02:59:09.687905Z
ChIJv8z1OycEDTkRXiCunjvSG8Q,भोला फास्ट फुड,places,en,215,28.698346049999998,77.0705028,28.6993155,77.0726466,0,del,Delhi,2026-09-01T02:59:09.687913Z
ChIJCwaejwEFDTkR15dHY4B6gB4,Ram Parkash Halwai,places,en,215,28.698346049999998,77.0705028,28.696074799999995,77.0698556,0,del,Delhi,2026-09-01T02:59:09.687920Z
ChIJ-21VMgAFDTkRgqhjN7-mHeM,HR12 ROADIES CAFE,places,en,215,28.698346049999998,77.0705028,28.700719000000003,77.07117079999999,0,del,Delhi,2026-09-01T02:59:09.687927Z
ChIJhcTsohUFDTkR6fVFbgVQ8kA,Shree Khatu Shyam Fast Food,places,en,215,28.698346049999998,77.0705028,28.6994377,77.0678147,0,del,Delhi,2026-09-01T02:59:09.687934Z
ChIJ85PRsSIFDTkRRWrVPIMNBvY,Pari Fast Food,places,en,215,28.698346049999998,77.0705028,28.6962821,77.0686844,0,del,Delhi,2026-09-01T02:59:09.687941Z
ChIJCTY7XgAHDTkRAfs_osPA8wM,Bhura bhai hotel,places,en,215,28.698346049999998,77.0705028,28.700548500000004,77.07228169999999,0,del,Delhi,2026-09-01T02:59:09.687948Z
ChIJIZgbjFUFDTkRsszUrdr-4II,FOOD ADDA,places,en,216,28.6930862,77.04909905,28.6935745,77.0494691,0,del,Delhi,2026-09-01T02:59:10.069642Z
ChIJbeNuDnkFDTkR6Oy-q8ZkkDo,VANAKKAM,places,en,216,28.6930862,77.04909905,28.693376200000003,77.0498984,0,del,Delhi,2026-09-01T02:59:10.069680Z
ChIJO3FcTqEFDTkRv9PwS0e5BNE,Raw Enterprises,places,en,216,28.6930862,77.04909905,28.6938565,77.0493561,0,del,Delhi,2026-09-01T02:59:10.069689Z
ChIJtQEdHzQFDTkRA8y1or6pug8,Desi Chinese Adda,places,en,216,28.6930862,77.04909905,28.693800300000003,77.048596,0,del,Delhi,2026-09-01T02:59:10.069696Z
ChIJU42yUtEFDTkRhKqcwbvQdxU,Rohit Dhaba,places,en,216,28.6930862,77.04909905,28.6934169,77.0499746,0,del,Delhi,2026-09-01T02:59:10.069702Z
ChIJtW812tYFDTkR3Rz5uLOb8U0,Ms Pizza Burger House,places,en,216,28.6930862,77.04909905,28.6939769,77.0483055,0,del,Delhi,2026-09-01T02:59:10.069708Z
ChIJwRze3kkFDTkR2vD6trauzck,Closed,places,en,216,28.6930862,77.04909905,28.693872000000002,77.04816,0,del,Delhi,2026-09-01T02:59:10.069714Z
ChIJP_HCuOAFDTkRYQBjNOxOQgA,ROHIT FOOD,places,en,216,28.6930862,77.04909905,28.692707300000002,77.0476408,0,del,Delhi,2026-09-01T02:59:10.069720Z
ChIJCwBRVdEFDTkRAAAA0PIneGw,Krishna Sweets,places,en,216,28.6930862,77.04909905,28.693286399999998,77.050656,0,del,Delhi,2026-09-01T02:59:10.069725Z
ChIJbzwzUDoFDTkRp1AIxrihJT0,Food Mafia,places,en,216,28.6930862,77.04909905,28.694122999999994,77.0478364,0,del,Delhi,2026-09-01T02:59:10.069730Z
ChIJv_EVIdcFDTkRVtkE5uyzVKw,Om Chole Bhature,places,en,216,28.6930862,77.04909905,28.6942098,77.0476894,0,del,Delhi,2026-09-01T02:59:10.069736Z
ChIJaRe_YkMFDTkRk3M90aPAla4,Banti fast food,places,en,216,28.6930862,77.04909905,28.694298099999997,77.0476703,0,del,Delhi,2026-09-01T02:59:10.069741Z
ChIJfeBk4dYFDTkRKgk9d1fVY2k,GUPTA CHOLE BHATURE,places,en,216,28.6930862,77.04909905,28.694824,77.0480418,0,del,Delhi,2026-09-01T02:59:10.069746Z
ChIJJRZ46OoFDTkRTx6ZRUi4qHI,Akash,places,en,216,28.6930862,77.04909905,28.6945488,77.05063369999999,0,del,Delhi,2026-09-01T02:59:10.069751Z
ChIJK3HPagAFDTkRlSa_JJEO674,Kirari,places,en,216,28.6930862,77.04909905,28.692731799999997,77.0513788,0,del,Delhi,2026-09-01T02:59:10.069756Z
ChIJZcITHtcFDTkRbpfBKFQjOss,Rizwana Siddiqui,places,en,216,28.6930862,77.04909905,28.6947929,77.04769619999999,0,del,Delhi,2026-09-01T02:59:10.069761Z
ChIJZfh_-HwFDTkRtGm-qI71l4s,Dipu Kumar Ram Special Chole Bhature,places,en,216,28.6930862,77.04909905,28.694957100000003,77.0479778,0,del,Delhi,2026-09-01T02:59:10.069767Z
ChIJI4dDftYFDTkREjSafyojnJ8,Deva Nand Egg Store,places,en,216,28.6930862,77.04909905,28.691775200000002,77.04719039999999,0,del,Delhi,2026-09-01T02:59:10.069772Z
ChIJpwDl_qYFDTkR2KlszERV5H0,Akshay,places,en,216,28.6930862,77.04909905,28.694318599999995,77.0470543,0,del,Delhi,2026-09-01T02:59:10.069783Z
ChIJIQwt9F8FDTkRvZIjjW7p1Lg,Jha Ji Pizza Cafe,places,en,216,28.6930862,77.04909905,28.694246200000002,77.0469727,0,del,Delhi,2026-09-01T02:59:10.069790Z
ChIJvc7vHgAJDTkR06k-Ea7KbdU,Bunty hotel,places,en,217,28.70399125,76.9806438,28.703661999999998,76.981105,0,del,Delhi,2026-09-01T02:59:10.414199Z
ChIJ83Aku14JDTkRpnttHZF9kEc,Kailash Egg Shop,places,en,217,28.70399125,76.9806438,28.7035329,76.98090859999999,0,del,Delhi,2026-09-01T02:59:10.414224Z
ChIJ1YOUHDoJDTkRIcwUUHMwSbE,TRIBHUWAN YADAV,places,en,217,28.70399125,76.9806438,28.7036743,76.9811479,0,del,Delhi,2026-09-01T02:59:10.414229Z
ChIJ6RO-1eIJDTkR49Cr93_P2EY,LAXMAN PIZZERIA HOUSE,places,en,217,28.70399125,76.9806438,28.703768600000004,76.9797938,0,del,Delhi,2026-09-01T02:59:10.414232Z
ChIJ1esuW4IJDTkR6kLhbId-T7Q,Phoolwati Golpappa Waale,places,en,217,28.70399125,76.9806438,28.703438499999997,76.979314,0,del,Delhi,2026-09-01T02:59:10.414235Z
ChIJm184z-MJDTkRryezB6PJzMo,Mintu Egg Shop,places,en,217,28.70399125,76.9806438,28.701879800000004,76.9806761,0,del,Delhi,2026-09-01T02:59:10.414238Z
ChIJ_aXrriQJDTkRqnZe5t4UmhY,Mustafa Fast Food,places,en,217,28.70399125,76.9806438,28.701338699999997,76.9810933,0,del,Delhi,2026-09-01T02:59:10.414241Z
ChIJix9nsTsFDTkRh3MJ6d-mGoA,Emperium Restaurant and Bar,places,en,218,28.64988415,77.06230745,28.650023500000003,77.06248819999999,0,del,Delhi,2026-09-01T02:59:10.756880Z
ChIJP60YkS0FDTkRSKOEco0gLXQ,Jasbeer Food Cornor,places,en,218,28.64988415,77.06230745,28.6500237,77.0625245,0,del,Delhi,2026-09-01T02:59:10.756903Z
ChIJrQAdltwFDTkRXud9Qo5khYc,Trimurti Food Club,places,en,218,28.64988415,77.06230745,28.6502812,77.0611093,0,del,Delhi,2026-09-01T02:59:10.756908Z
ChIJT4OPSOAFDTkR2xQimKpPqaE,Saddam Hedrabadi Shahi Chickin Biryani,places,en,218,28.64988415,77.06230745,28.6497113,77.0642467,0,del,Delhi,2026-09-01T02:59:10.756912Z
ChIJLbpa2AgFDTkRZK1zz1UYp9k,Pandeys pan,places,en,218,28.64988415,77.06230745,28.651615,77.06362899999999,0,del,Delhi,2026-09-01T02:59:10.756915Z
ChIJA9gXxmMDDTkRgdaec87SiDc,Chaayos Cafe at Pacific Mall,places,en,218,28.64988415,77.06230745,28.649866899999996,77.0598557,0,del,Delhi,2026-09-01T02:59:10.756918Z
ChIJz8vCZPQFDTkRXsYFMY-T2Ec,Momomia Love In Every Bite,places,en,218,28.64988415,77.06230745,28.648482599999994,77.0604212,0,del,Delhi,2026-09-01T02:59:10.756920Z
ChIJBaZkGGcFDTkRS6oCPxzv3sU,Preet Italian food pizza & pasta,places,en,218,28.64988415,77.06230745,28.651897199999997,77.0642452,0,del,Delhi,2026-09-01T02:59:10.756923Z
ChIJz4UeB_kEDTkRWHt3xXb1UQs,Varun Corner Pizza and Pasta Point,places,en,218,28.64988415,77.06230745,28.6512683,77.0649147,0,del,Delhi,2026-09-01T02:59:10.756926Z
ChIJkWWUxjAFDTkRCUJ36CQ0pNc,Gupta Hotal,places,en,219,28.64684755,77.0440698,28.6471888,77.04354409999999,0,del,Delhi,2026-09-01T02:59:11.180229Z
ChIJc0nP-2MFDTkRuQYmvWZERG0,Laxmi Fast Food Corner,places,en,219,28.64684755,77.0440698,28.646104599999997,77.04435579999999,0,del,Delhi,2026-09-01T02:59:11.180263Z
ChIJu3JhxggFDTkRAAAAsHCU3gY,Thakur Da Dhaba,places,en,219,28.64684755,77.0440698,28.647541099999998,77.04337319999999,0,del,Delhi,2026-09-01T02:59:11.180272Z
ChIJI-5SxggFDTkRilW3v49e46A,Momo Point,places,en,219,28.64684755,77.0440698,28.647624399999998,77.04330519999999,0,del,Delhi,2026-09-01T02:59:11.180280Z
ChIJZXDA_LYFDTkRjLK3Jp0YIwo,Googlie Chinese Food,places,en,219,28.64684755,77.0440698,28.6476662,77.04485389999999,0,del,Delhi,2026-09-01T02:59:11.180287Z
ChIJm0bAxggFDTkR9HEgxxF_RbQ,Bikaner Sweets,places,en,219,28.64684755,77.0440698,28.648049199999996,77.0429141,0,del,Delhi,2026-09-01T02:59:11.180294Z
ChIJOSJXUp8FDTkRKTJ9cZEpjpk,Chinese Sodha,places,en,219,28.64684755,77.0440698,28.645240599999997,77.0445312,0,del,Delhi,2026-09-01T02:59:11.180302Z
ChIJmYerQeIFDTkRJZXuUhlgkjM,45 Fast Food Junction,places,en,219,28.64684755,77.0440698,28.6458351,77.0422293,0,del,Delhi,2026-09-01T02:59:11.180309Z
ChIJ4T4dhCQFDTkRLjYMLIIvYqI,Shubham Fast Food,places,en,219,28.64684755,77.0440698,28.648035000000004,77.0422241,0,del,Delhi,2026-09-01T02:59:11.180316Z
ChIJJ1wD6AUFDTkRWKMw_rFX6Cg,कार्तिक साहू बर्तन भण्डार,places,en,219,28.64684755,77.0440698,28.646304699999998,77.0463509,0,del,Delhi,2026-09-01T02:59:11.180323Z
ChIJWXN3V1EFDTkRbDbzvSX3NB0,Veeru Chole Kulche,places,en,219,28.64684755,77.0440698,28.6486437,77.042695,0,del,Delhi,2026-09-01T02:59:11.180330Z
ChIJif7Yr2EFDTkREg1xOGN1X4M,Hangry Hai Kya,places,en,219,28.64684755,77.0440698,28.6447546,77.04470309999999,0,del,Delhi,2026-09-01T02:59:11.180336Z
ChIJQVvflAsFDTkRUYZKS-i9m1c,Prakash Food House,places,en,219,28.64684755,77.0440698,28.6447184,77.0448644,0,del,Delhi,2026-09-01T02:59:11.180344Z
ChIJi3Hq0x4FDTkRsSsgN9v4wEk,Pizzburg Cafe,places,en,219,28.64684755,77.0440698,28.6443987,77.045206,0,del,Delhi,2026-09-01T02:59:11.180351Z
ChIJ5SVaMwAHDTkRG2EtIa7CtOo,Shree madhuban sweet and namkeen,places,en,221,28.7063691,77.0588978,28.706644899999993,77.0601719,0,del,Delhi,2026-09-01T02:59:11.829168Z
ChIJa9-pY3MHDTkRsU5GKFwn9dw,Pawan Noodles,places,en,221,28.7063691,77.0588978,28.706774700000004,77.06023449999999,0,del,Delhi,2026-09-01T02:59:11.829199Z
ChIJtWmaScAHDTkRNn0UPzEYFLc,Hello Momos,places,en,221,28.7063691,77.0588978,28.706313899999998,77.0574151,0,del,Delhi,2026-09-01T02:59:11.829209Z
ChIJ0cXHz4AGDTkR2bEbxgAdg0s,South Indian Momos & Noodles Shop,places,en,221,28.7063691,77.0588978,28.704953999999997,77.058523,0,del,Delhi,2026-09-01T02:59:11.829216Z
ChIJvdnkxYAGDTkRKs1Vn7xe4Xc,Deep Fast Food,places,en,221,28.7063691,77.0588978,28.7049104,77.0584993,0,del,Delhi,2026-09-01T02:59:11.829223Z
ChIJ_-Y7GDEHDTkRUzLU5IwcBPY,MahaDevi Fast Food,places,en,221,28.7063691,77.0588978,28.704729699999998,77.0581484,0,del,Delhi,2026-09-01T02:59:11.829231Z
ChIJs8_I-QIHDTkRLsLXISEB4Y0,C Block,places,en,221,28.7063691,77.0588978,28.7045934,77.05872289999999,0,del,Delhi,2026-09-01T02:59:11.829237Z
ChIJO3DeZM8HDTkRd0-v6fbx0QI,Kolkata kathi rolls,places,en,221,28.7063691,77.0588978,28.707840899999997,77.06004399999999,0,del,Delhi,2026-09-01T02:59:11.829244Z
ChIJb1eArx0HDTkRKjrIDYQ9MsE,Pizza Town,places,en,221,28.7063691,77.0588978,28.704965299999998,77.05722759999999,0,del,Delhi,2026-09-01T02:59:11.829251Z
ChIJl4xvIgAHDTkR-MyzsjU5ctA,Corporate Momos Point,places,en,221,28.7063691,77.0588978,28.7048311,77.06090929999999,0,del,Delhi,2026-09-01T02:59:11.829258Z
ChIJNcuroAMHDTkRVQ75vm-lvhE,Dude of Indochina,places,en,221,28.7063691,77.0588978,28.704729800000003,77.0608278,0,del,Delhi,2026-09-01T02:59:11.829265Z
ChIJ2fqitpsGDTkRIyo4wyOJ7a0,Chobdar House,places,en,222,28.707500699999997,77.0721197,28.708549599999994,77.0729693,0,del,Delhi,2026-09-01T02:59:12.240869Z
ChIJXZlO5b0HDTkRLDiK5jlCPk4,Veeru Fast Food,places,en,222,28.707500699999997,77.0721197,28.709195299999998,77.073129,0,del,Delhi,2026-09-01T02:59:12.240900Z
ChIJ_fdrNwAHDTkRjR7vbkHNoaQ,दृष्टि के स्पेशल छोले भटूरे,places,en,222,28.707500699999997,77.0721197,28.705718899999997,77.07123930000002,0,del,Delhi,2026-09-01T02:59:12.240911Z
ChIJoR4nP_YHDTkRugamXZG74ZM,MoCha: Momo & Chaap Destination,places,en,222,28.707500699999997,77.0721197,28.7095978,77.0722816,0,del,Delhi,2026-09-01T02:59:12.240918Z
ChIJq-YLG94HDTkRaXj_G_jxSco,Himanshu Fast Food Store,places,en,222,28.707500699999997,77.0721197,28.7093071,77.0733485,0,del,Delhi,2026-09-01T02:59:12.240926Z
ChIJq--Yg4wHDTkRmHOfsO1IbGg,Do bhai foodie corner,places,en,222,28.707500699999997,77.0721197,28.706049600000004,77.0700614,0,del,Delhi,2026-09-01T02:59:12.240934Z
ChIJQ6fdHd4HDTkRFg3ZP51cyn0,Mahi Kashyap Choley Kulchey,places,en,222,28.707500699999997,77.0721197,28.709459999999996,77.0706691,0,del,Delhi,2026-09-01T02:59:12.240941Z
ChIJCYyruCoHDTkRfj4JweLY8B0,Gudluck Family Restaurant,places,en,222,28.707500699999997,77.0721197,28.709849199999997,77.0721318,0,del,Delhi,2026-09-01T02:59:12.240948Z
ChIJK0x1S5oGDTkR2onsdEdfA0w,गंगा फास्ट फूडस,places,en,222,28.707500699999997,77.0721197,28.709884499999998,77.0720048,0,del,Delhi,2026-09-01T02:59:12.240955Z
ChIJqVeG2CIHDTkR6Fk3gFWh77k,Samarjeet Fast Food,places,en,222,28.707500699999997,77.0721197,28.7095703,77.0705948,0,del,Delhi,2026-09-01T02:59:12.240963Z
ChIJrT_rFZsGDTkR64lNlfWgp84,Pizza Oven,places,en,222,28.707500699999997,77.0721197,28.708316600000003,77.0694534,0,del,Delhi,2026-09-01T02:59:12.240970Z
ChIJg_18UeQHDTkR1yXHKZV6DSQ,Chatori Jeebh,places,en,222,28.707500699999997,77.0721197,28.7100379,77.0719423,0,del,Delhi,2026-09-01T02:59:12.240977Z
ChIJ91z5VgAHDTkReppMd4tvJKM,Laxmi,places,en,222,28.707500699999997,77.0721197,28.707750999999995,77.069169,0,del,Delhi,2026-09-01T02:59:12.240984Z
ChIJX1BiVpoGDTkRAAAAMCEYXi4,Lucky Momos,places,en,222,28.707500699999997,77.0721197,28.7099513,77.0710696,0,del,Delhi,2026-09-01T02:59:12.240991Z
ChIJ6y2wV3kHDTkRmqTeFmNV93Q,Ravinder Fast Food,places,en,223,28.700901299999998,77.06428685,28.701450100000002,77.0639423,0,del,Delhi,2026-09-01T02:59:12.580507Z
ChIJ9f7yQmwHDTkRm04j4XcnwRc,shreeji chaatbhandhar pureveg fastfood,places,en,223,28.700901299999998,77.06428685,28.7021482,77.0661831,0,del,Delhi,2026-09-01T02:59:12.580550Z
ChIJjQWrYlcHDTkRx70UJm2CSms,Md Abid,places,en,223,28.700901299999998,77.06428685,28.702059799999997,77.0668709,0,del,Delhi,2026-09-01T02:59:12.580560Z
ChIJgSVLbgAFDTkREUWbV29ICpg,Nagloi,places,en,224,28.691717949999997,77.05944075,28.6905851,77.0601494,0,del,Delhi,2026-09-01T02:59:12.918671Z
ChIJ90yPGF8FDTkRk4e9tvOS8RI,KR FAST FOOD,places,en,224,28.691717949999997,77.05944075,28.692863699999997,77.0582601,0,del,Delhi,2026-09-01T02:59:12.918703Z
ChIJn774R1cFDTkRHpLSx91AvhA,Sunny spice hub,places,en,224,28.691717949999997,77.05944075,28.692718,77.057979,0,del,Delhi,2026-09-01T02:59:12.918713Z
ChIJYaPK40gFDTkRcPbHrwgTg7I,Kirari DHABA,places,en,224,28.691717949999997,77.05944075,28.691261499999996,77.0613271,0,del,Delhi,2026-09-01T02:59:12.918721Z
ChIJgW3lIwAFDTkRF2NBOE5Srlk,Pipal Mandi Panipat,places,en,224,28.691717949999997,77.05944075,28.692129399999995,77.0575071,0,del,Delhi,2026-09-01T02:59:12.918728Z
ChIJOVFmP70FDTkR_kzekR3Paz8,The New Keshav Momos,places,en,224,28.691717949999997,77.05944075,28.692432,77.0575375,0,del,Delhi,2026-09-01T02:59:12.918735Z
ChIJF5pzxi0EDTkRDbTeP2SLOsc,BHARAT HALWAI SHOP,places,en,224,28.691717949999997,77.05944075,28.6906461,77.06109699999999,0,del,Delhi,2026-09-01T02:59:12.918782Z
ChIJ0_vszS0EDTkR-7UMeKkh0SA,Rajender Dhaba,places,en,224,28.691717949999997,77.05944075,28.691219,77.061425,0,del,Delhi,2026-09-01T02:59:12.918791Z
ChIJsSePzS0EDTkRJV_bwOmNpXY,RATHORE SUDH Vaishno,places,en,224,28.691717949999997,77.05944075,28.691400899999998,77.0614938,0,del,Delhi,2026-09-01T02:59:12.918798Z
ChIJXe0BLwUFDTkReRAhjUxpwWo,PIKKU VEG BIRYANI,places,en,224,28.691717949999997,77.05944075,28.6904474,77.061307,0,del,Delhi,2026-09-01T02:59:12.918805Z
ChIJISEkJtkFDTkRPK9T0I1RImk,Heart beat kitchen,places,en,224,28.691717949999997,77.05944075,28.6897225,77.0602921,0,del,Delhi,2026-09-01T02:59:12.918812Z
ChIJeTRTMh4FDTkRImuq06AZoiA,Food Adda Express,places,en,224,28.691717949999997,77.05944075,28.689682099999995,77.06038,0,del,Delhi,2026-09-01T02:59:12.918819Z
ChIJR7yq6G4FDTkRESLEToYt2OE,TIPTOP PIZZA,places,en,224,28.691717949999997,77.05944075,28.693662699999997,77.0606738,0,del,Delhi,2026-09-01T02:59:12.918826Z
ChIJFy9kNH0FDTkRbmTuskeQVoM,Vikash Foodie's Chaubara - VFC,places,en,224,28.691717949999997,77.05944075,28.6924469,77.0569745,0,del,Delhi,2026-09-01T02:59:12.918833Z
ChIJFdWIjVsFDTkRQByBibMyROk,Dipu Kumar Ram,places,en,224,28.691717949999997,77.05944075,28.6940684,77.05953579999999,0,del,Delhi,2026-09-01T02:59:12.918840Z
ChIJ5foTlI0FDTkR2XIQJ1tURmk,MG Pizza Burger Point,places,en,224,28.691717949999997,77.05944075,28.694086300000002,77.06001979999999,0,del,Delhi,2026-09-01T02:59:12.918846Z
ChIJPQI-qE0FDTkRyIWHOmm6hM4,Chaina Town,places,en,224,28.691717949999997,77.05944075,28.694314999999996,77.0598833,0,del,Delhi,2026-09-01T02:59:12.918853Z
ChIJ0xmG2NMFDTkRGJLqFp_XdQs,Surya Rant,places,en,224,28.691717949999997,77.05944075,28.694362199999993,77.0598771,0,del,Delhi,2026-09-01T02:59:12.918868Z
ChIJww0ogASpDTkRBo2-46emOQA,DD CAFE & RESTAURANT,places,en,227,28.792468749999998,77.02853175,28.791776499999997,77.0292206,0,del,Delhi,2026-09-01T02:59:13.966863Z
ChIJVWDz3hioDTkRhd9u0cMcvzM,Kathmandu Bhojnalaya & Chowmein,places,en,227,28.792468749999998,77.02853175,28.793351599999998,77.02976819999999,0,del,Delhi,2026-09-01T02:59:13.966892Z
ChIJw6sEkVqpDTkR5pupxKYw7_w,Ram Sahay Sweets,places,en,227,28.792468749999998,77.02853175,28.794344700000003,77.02987379999999,0,del,Delhi,2026-09-01T02:59:13.966900Z
ChIJuwc6LRmoDTkRa4Kzbvl4ifk,Bawana Bites,places,en,227,28.792468749999998,77.02853175,28.7944493,77.02993409999999,0,del,Delhi,2026-09-01T02:59:13.966905Z
ChIJl1L4LgKpDTkRIQQ-C2LLWy4,Food Store,places,en,227,28.792468749999998,77.02853175,28.794432300000004,77.030546,0,del,Delhi,2026-09-01T02:59:13.966911Z
ChIJ754KApYJDTkReH1bQ2ruG14,P M Pizza king is burger King,places,en,232,28.6966857,76.9545675,28.697034100000003,76.9542744,0,del,Delhi,2026-09-01T02:59:15.710708Z
ChIJKaiMOp8JDTkR5ROsXxvexyU,Santosh Kachori,places,en,232,28.6966857,76.9545675,28.6971949,76.9543042,0,del,Delhi,2026-09-01T02:59:15.710795Z
ChIJgT1o2DsJDTkRipGi2ee-I84,THAKUR DJ,places,en,232,28.6966857,76.9545675,28.697078500000003,76.9557165,0,del,Delhi,2026-09-01T02:59:15.710814Z
ChIJgxKcJTkJDTkRR5X27OxflGE,Pizza King,places,en,232,28.6966857,76.9545675,28.6976546,76.9538409,0,del,Delhi,2026-09-01T02:59:15.710819Z
ChIJyQGCI2AJDTkR_yA5eKgwKus,Anand Chole Kulche Corner,places,en,232,28.6966857,76.9545675,28.697657500000002,76.95353949999999,0,del,Delhi,2026-09-01T02:59:15.710833Z
ChIJSzqRX7kHDTkR7owJXhlN5HU,Tasty Thali Bawana,places,en,233,28.790833499999998,77.0439896,28.789950299999997,77.0433697,0,del,Delhi,2026-09-01T02:59:16.025707Z
ChIJUVWdCmkHDTkRkL8W0kveEJo,Desi Adda ( chicken corner),places,en,235,28.7574464,77.06669314999999,28.757381100000003,77.0665762,0,del,Delhi,2026-09-01T02:59:16.741685Z
ChIJ5RJCIQkHDTkRVtB94hru1fQ,Sandwich Crush,places,en,235,28.7574464,77.06669314999999,28.7566301,77.0661236,0,del,Delhi,2026-09-01T02:59:16.741716Z
ChIJX9hosJMHDTkR7eGK8-aJUa4,Mehta ji ki rasoi,places,en,235,28.7574464,77.06669314999999,28.756946600000003,77.06801759999999,0,del,Delhi,2026-09-01T02:59:16.741752Z
ChIJBQQZ_wcHDTkR6RBwuDgQMNI,Vaishno Dhaba and Narendra Tea stall,places,en,235,28.7574464,77.06669314999999,28.7569575,77.068039,0,del,Delhi,2026-09-01T02:59:16.741763Z
ChIJiW7nlWMFDTkRLtSEo-XX7ys,Jerry fast food,places,en,237,28.6770736,77.04888605,28.676926599999998,77.04762319999999,0,del,Delhi,2026-09-01T02:59:17.485120Z
ChIJR7z4QAAFDTkRi8m4_gHCmuM,EGGVERSE CAFE,places,en,237,28.6770736,77.04888605,28.679154299999997,77.0488099,0,del,Delhi,2026-09-01T02:59:17.485156Z
ChIJs6XVaAAFDTkRAGUr-4kqfG4,AP MOMO 🥟🍔🍟🍜🥤,places,en,237,28.6770736,77.04888605,28.6787375,77.0504031,0,del,Delhi,2026-09-01T02:59:17.485200Z
ChIJT5iodckFDTkRrDcuTqvw23E,Aarti Sweets,places,en,237,28.6770736,77.04888605,28.6790971,77.04721239999999,0,del,Delhi,2026-09-01T02:59:17.485214Z
ChIJl_s2OwAFDTkRoVjQS2-x6-4,The Momos Fantasy,places,en,239,28.66320785,77.04868105,28.664342700000002,77.0480936,0,del,Delhi,2026-09-01T02:59:18.142829Z
ChIJI0KmFBsFDTkRwH313hc842M,VINOD EGG SHOP,places,en,239,28.66320785,77.04868105,28.6644653,77.0483824,0,del,Delhi,2026-09-01T02:59:18.142858Z
ChIJA2qOHwAFDTkR77a_9QOHF8c,Pizza Coffee Day,places,en,239,28.66320785,77.04868105,28.662164,77.0498325,0,del,Delhi,2026-09-01T02:59:18.142866Z
ChIJTYrJrK8FDTkRkrLxT_99Ktc,Mahalaxmi Hotel,places,en,239,28.66320785,77.04868105,28.6619316,77.0477313,0,del,Delhi,2026-09-01T02:59:18.142871Z
ChIJf8NJY84FDTkRWZhnai_8EMk,Milli south indian food,places,en,239,28.66320785,77.04868105,28.663900599999998,77.050418,0,del,Delhi,2026-09-01T02:59:18.142877Z
ChIJT5p1VdMFDTkRubQttZUMeio,Jai Shree Shyam Fast Food,places,en,239,28.66320785,77.04868105,28.664366299999998,77.0502631,0,del,Delhi,2026-09-01T02:59:18.142883Z
ChIJmzSrNQAFDTkRwQt0CD0WW98,Cheese & crunch,places,en,239,28.66320785,77.04868105,28.661907099999997,77.04709559999999,0,del,Delhi,2026-09-01T02:59:18.142888Z
ChIJ164P7j0FDTkR_FRqvcxtT0k,Ramesh Fast Food,places,en,239,28.66320785,77.04868105,28.661433899999995,77.0497032,0,del,Delhi,2026-09-01T02:59:18.142893Z
ChIJI7TWYqUFDTkRfHErT1dCUgM,RK Chicken Corner,places,en,239,28.66320785,77.04868105,28.6617122,77.0472016,0,del,Delhi,2026-09-01T02:59:18.142898Z
ChIJdf0iDXkFDTkRl1ceWJnPuVE,Rama Sweets,places,en,239,28.66320785,77.04868105,28.6633399,77.0462115,0,del,Delhi,2026-09-01T02:59:18.142904Z
ChIJkwzULQAFDTkRweXxil2YXh4,Ujjwal Pizza Choice,places,en,239,28.66320785,77.04868105,28.661041299999997,77.04956000000001,0,del,Delhi,2026-09-01T02:59:18.142909Z
ChIJZTe79V0FDTkRS0816hBuri8,Kartar Singh Fast Food,places,en,239,28.66320785,77.04868105,28.665507099999996,77.0495201,0,del,Delhi,2026-09-01T02:59:18.142914Z
ChIJs9U0MmQFDTkRp5oSvFqvWSA,Karam bhumi S K DHABA,places,en,239,28.66320785,77.04868105,28.665686500000003,77.04797599999999,0,del,Delhi,2026-09-01T02:59:18.142920Z
ChIJ2fxf6-QFDTkRiwAwPx1Gz60,S K DHABA,places,en,239,28.66320785,77.04868105,28.6635829,77.05158279999999,0,del,Delhi,2026-09-01T02:59:18.142925Z
ChIJn2qspUsFDTkRjPa58JM6WPM,Da Bliss,places,en,239,28.66320785,77.04868105,28.663698900000004,77.05169939999999,0,del,Delhi,2026-09-01T02:59:18.142930Z
ChIJWyZVeAAFDTkR4zvlJCR3Cw4,Dipesh kariyana store,places,en,242,28.684822500000003,77.02330125,28.683028599999997,77.02238299999999,0,del,Delhi,2026-09-01T02:59:19.175191Z
ChIJJf_ZzDUFDTkRDuLm9qYxzX8,"फौजी भोजनाल, (kukkal’s special)",places,en,242,28.684822500000003,77.02330125,28.683092199999997,77.0215513,0,del,Delhi,2026-09-01T02:59:19.175215Z
ChIJN2Lr0OkFDTkRz943VlNLi1o,Bahut bhukh lagi hai,places,en,244,28.65068175,77.0249456,28.651808100000004,77.0263184,0,del,Delhi,2026-09-01T02:59:19.886468Z
ChIJh8ea_sMFDTkR4lccT7gNwfg,Sai cafe sonu chai wala sector 7,places,en,244,28.65068175,77.0249456,28.649167300000002,77.0229093,0,del,Delhi,2026-09-01T02:59:19.886543Z
ChIJHY-i_3cFDTkR697ZmiT5Ivk,ओम फास्ट फूड कॉर्नर,places,en,244,28.65068175,77.0249456,28.650250000000003,77.0219947,0,del,Delhi,2026-09-01T02:59:19.886554Z
ChIJo0P-SEAFDTkRYFu32n_G3pE,Suraj Fast Food,places,en,244,28.65068175,77.0249456,28.6532257,77.0239749,0,del,Delhi,2026-09-01T02:59:19.886558Z
ChIJR6MHJhEFDTkRUq884Iq4zH4,Amit Fast Food,places,en,244,28.65068175,77.0249456,28.6532743,77.02410610000001,0,del,Delhi,2026-09-01T02:59:19.886562Z
ChIJm6lVruQFDTkRYc7LzicBjoM,SIKKIM DELIGHT MOMO,places,en,245,28.65360615,77.06753295,28.6535516,77.0677734,0,del,Delhi,2026-09-01T02:59:20.234743Z
ChIJ8fhM6hIFDTkR8YA_DNG-yoM,Mr . Good Food,places,en,245,28.65360615,77.06753295,28.6545408,77.06680659999999,0,del,Delhi,2026-09-01T02:59:20.234766Z
ChIJextbMfgEDTkRk69-nNczVSI,Asa Nwanyi Udi Mama Ejima African Restaurant,places,en,245,28.65360615,77.06753295,28.652244999999997,77.06697480000001,0,del,Delhi,2026-09-01T02:59:20.234770Z
ChIJ60M4a50FDTkRSVlVMhk86LU,SUNIL KUMAR PANDIT,places,en,245,28.65360615,77.06753295,28.6551917,77.0662047,0,del,Delhi,2026-09-01T02:59:20.234774Z
ChIJyY2b6VcEDTkR_VLUMf6ZGR4,Chache Da Dhaba and caterers,places,en,245,28.65360615,77.06753295,28.6557716,77.0666751,0,del,Delhi,2026-09-01T02:59:20.234777Z
ChIJ4TK4DdkFDTkR1iw87z8U2dk,preet momos point,places,en,245,28.65360615,77.06753295,28.6558291,77.0668101,0,del,Delhi,2026-09-01T02:59:20.234780Z
ChIJpwBzewAFDTkRVquyKwb1oRs,Krishna sweets,places,en,245,28.65360615,77.06753295,28.651231799999994,77.0669723,0,del,Delhi,2026-09-01T02:59:20.234783Z
ChIJG-1Zcu0FDTkRAXWPb5JIPsc,The Kitchen by Gagan Bakers,places,en,245,28.65360615,77.06753295,28.6513692,77.06867849999999,0,del,Delhi,2026-09-01T02:59:20.234787Z
ChIJ89ie88UFDTkRLo1WxCsSso8,Devyanshi Paratha Junction,places,en,245,28.65360615,77.06753295,28.6513692,77.06867849999999,0,del,Delhi,2026-09-01T02:59:20.234790Z
ChIJjWSgXQAFDTkRUOmbfQBsCNQ,Amrit's Kitchen,places,en,245,28.65360615,77.06753295,28.651412900000004,77.0662114,0,del,Delhi,2026-09-01T02:59:20.234793Z
ChIJewrE0McFDTkRihLZ1zn8Wv4,THE BAWARCHII BY AO JI KHAO JI,places,en,245,28.65360615,77.06753295,28.6512228,77.068448,0,del,Delhi,2026-09-01T02:59:20.234796Z
ChIJJ_20hG4FDTkRU6s3NJEBVJU,Amratsari Naan,places,en,245,28.65360615,77.06753295,28.656032000000003,77.0667157,0,del,Delhi,2026-09-01T02:59:20.234799Z
ChIJkY2YTAAFDTkRSjgdjRNnaVo,Khalsa restaurant,places,en,245,28.65360615,77.06753295,28.656023100000002,77.0666741,0,del,Delhi,2026-09-01T02:59:20.234802Z
ChIJy41YTgYFDTkRwRu_HLI1v-c,Om sri ram naan and chaap and sweets,places,en,245,28.65360615,77.06753295,28.656032900000003,77.0666519,0,del,Delhi,2026-09-01T02:59:20.234805Z
ChIJsaf1IQUFDTkRXhZlzq9mC7c,Mahender,places,en,245,28.65360615,77.06753295,28.6544956,77.0702673,0,del,Delhi,2026-09-01T02:59:20.234808Z
ChIJuZ796wQFDTkRrWJgxIFRrp8,Krishna kitchen,places,en,245,28.65360615,77.06753295,28.6512458,77.0663587,0,del,Delhi,2026-09-01T02:59:20.234810Z
ChIJ1wgdYDQFDTkRD02kGlsl1m4,Slice of Dilli,places,en,245,28.65360615,77.06753295,28.6552208,77.065168,0,del,Delhi,2026-09-01T02:59:20.234813Z
ChIJXRuQbSIFDTkRz4OG3ld1HlA,Balaji Veg Biriyani,places,en,245,28.65360615,77.06753295,28.6512597,77.0690091,0,del,Delhi,2026-09-01T02:59:20.234816Z
ChIJ34VIJp4FDTkRSjfxv2Cy2E4,Food bank,places,en,245,28.65360615,77.06753295,28.651153899999997,77.0687798,0,del,Delhi,2026-09-01T02:59:20.234819Z
ChIJwWrvolYHDTkRQaoA9YUdnKo,Manmohan,places,en,246,28.7088303,77.073809,28.7105578,77.0727718,0,del,Delhi,2026-09-01T02:59:20.675811Z
ChIJ7wurI4IHDTkR_IMmT6jZlPE,Pushpender Fast Food,places,en,246,28.7088303,77.073809,28.7102079,77.07136729999999,0,del,Delhi,2026-09-01T02:59:20.675846Z
ChIJz56cTtkHDTkR8_uW9GPEUoI,Caribbean Pizza | Sector 20 Rohini,places,en,246,28.7088303,77.073809,28.710240199999998,77.0713081,0,del,Delhi,2026-09-01T02:59:20.675857Z
ChIJRWZPDwAHDTkR48PqPTE0v6Y,Popino,places,en,246,28.7088303,77.073809,28.710253400000003,77.0712861,0,del,Delhi,2026-09-01T02:59:20.675865Z
ChIJm1sUESIHDTkRp3Um3NndO0Q,Rocket rolls,places,en,246,28.7088303,77.073809,28.7108297,77.0718397,0,del,Delhi,2026-09-01T02:59:20.675872Z
ChIJ88bZElIHDTkRHbx4StnRQ5Y,ROHIT FAST FOOD CORNER,places,en,246,28.7088303,77.073809,28.7111296,77.0722442,0,del,Delhi,2026-09-01T02:59:20.675880Z
ChIJMxG9EwADDTkRcaR4JBwcizc,Samosa Singh,places,en,247,28.6950409,77.15531445,28.6948942,77.15467389999999,0,del,Delhi,2026-09-01T02:59:21.075735Z
ChIJuecStNEDDTkRuI5pYDxjWN4,By the bay,places,en,247,28.6950409,77.15531445,28.6948942,77.15467389999999,0,del,Delhi,2026-09-01T02:59:21.075766Z
ChIJZ5_Ooe4DDTkR1CvJ1m8xdY0,McDonald's,places,en,247,28.6950409,77.15531445,28.6952169,77.1545708,0,del,Delhi,2026-09-01T02:59:21.075772Z
ChIJd8JbfXcDDTkRzaJY5Oz8DdM,Hong's Kitchen,places,en,247,28.6950409,77.15531445,28.6948418,77.1544186,0,del,Delhi,2026-09-01T02:59:21.075776Z
ChIJ51eSdz8DDTkRIxpUdDpOxkg,"Indus Flavour – Rooftop, NSP",places,en,247,28.6950409,77.15531445,28.695117799999995,77.1543706,0,del,Delhi,2026-09-01T02:59:21.075780Z
ChIJp7ImdVoDDTkRyF6w4HHrRhk,Suravie Live it Up!,places,en,247,28.6950409,77.15531445,28.694664399999994,77.1543884,0,del,Delhi,2026-09-01T02:59:21.075784Z
ChIJMcbCCtYDDTkRR2WL67ltyF8,Castle's Barbeque - NSP,places,en,247,28.6950409,77.15531445,28.6952855,77.15427609999999,0,del,Delhi,2026-09-01T02:59:21.075788Z
ChIJKxW0XIgDDTkR3JUjyWT2-UU,Koolchaas,places,en,247,28.6950409,77.15531445,28.6946366,77.1543192,0,del,Delhi,2026-09-01T02:59:21.075791Z
ChIJ9UUHSjQDDTkRnMsgu55RX0I,Neobaa,places,en,247,28.6950409,77.15531445,28.694852599999997,77.1542408,0,del,Delhi,2026-09-01T02:59:21.075795Z
ChIJp6fn-cgDDTkRnJW-dVc93hU,House of Royals NSP,places,en,247,28.6950409,77.15531445,28.69474,77.1542686,0,del,Delhi,2026-09-01T02:59:21.075799Z
ChIJH7d8W4IDDTkR9AuA17nyXRY,Amritsari Express,places,en,247,28.6950409,77.15531445,28.695358999999996,77.1542825,0,del,Delhi,2026-09-01T02:59:21.075802Z
ChIJ-VyYb5gDDTkRJdlB7j2JDcg,Haldiram's - NSP Pitampura,places,en,247,28.6950409,77.15531445,28.694847300000003,77.1542116,0,del,Delhi,2026-09-01T02:59:21.075806Z
ChIJVa8LmdwDDTkRBGtvnbw4s6w,Boba Bhai,places,en,247,28.6950409,77.15531445,28.694585900000003,77.1542922,0,del,Delhi,2026-09-01T02:59:21.075810Z
ChIJ3adiWqEDDTkRotLClDO7xw0,Gola Sizzlers l Pacific Mall l NSP,places,en,247,28.6950409,77.15531445,28.695121399999994,77.1541747,0,del,Delhi,2026-09-01T02:59:21.075813Z
ChIJxdCW2xUDDTkRvxJW6Ueiu1s,Chinese wok,places,en,247,28.6950409,77.15531445,28.694646799999997,77.1542393,0,del,Delhi,2026-09-01T02:59:21.075817Z
ChIJtRc3rZADDTkRZ3kUy_klzKU,Jee Bhar ke,places,en,247,28.6950409,77.15531445,28.694621999999995,77.1542479,0,del,Delhi,2026-09-01T02:59:21.075821Z
ChIJ4-4bGCkDDTkRtJleipZsz6s,Burger Singh,places,en,247,28.6950409,77.15531445,28.694619199999998,77.1542479,0,del,Delhi,2026-09-01T02:59:21.075825Z
ChIJ249zZVgDDTkRDSsX99kKhac,Fat Tiger,places,en,247,28.6950409,77.15531445,28.6946047,77.15424930000002,0,del,Delhi,2026-09-01T02:59:21.075829Z
ChIJFXceFokDDTkR916cPQsMP7Y,Spezia Bistro,places,en,247,28.6950409,77.15531445,28.6946043,77.1542491,0,del,Delhi,2026-09-01T02:59:21.075832Z
ChIJ8wpb2KcDDTkRQrf3L8TmguM,Nao-Mi,places,en,247,28.6950409,77.15531445,28.694525199999998,77.15425669999999,0,del,Delhi,2026-09-01T02:59:21.075836Z
ChIJpbPe86UDDTkRmL7ULKGnVUU,Dry Fal,places,en,248,28.66881635,77.1369186,28.6683157,77.1365404,0,del,Delhi,2026-09-01T02:59:21.423672Z
ChIJowpGBmz7DDkRdLY0xzrxbFQ,Papaji and Sons,places,en,248,28.66881635,77.1369186,28.6683157,77.1365404,0,del,Delhi,2026-09-01T02:59:21.423694Z
ChIJP8pBlKUDDTkRPDALk2iKEg0,Pappi Chicken Tikka Waala,places,en,248,28.66881635,77.1369186,28.668903399999998,77.13580639999999,0,del,Delhi,2026-09-01T02:59:21.423700Z
ChIJMUAAXfQDDTkR2zgmd4AwGCM,High On Desserts,places,en,248,28.66881635,77.1369186,28.669968699999995,77.13663559999999,0,del,Delhi,2026-09-01T02:59:21.423704Z
ChIJ_VGB3lcDDTkRhKZS1fjgcVE,Punjabi Kunba,places,en,248,28.66881635,77.1369186,28.6705584,77.1370989,0,del,Delhi,2026-09-01T02:59:21.423708Z
ChIJ_5YO8_4DDTkR0uhifn1GGr8,Shanu Bhai Biryani Wale,places,en,249,28.6717322,77.16984695,28.670673200000003,77.16992019999999,0,del,Delhi,2026-09-01T02:59:21.791790Z
ChIJJdUrEWMDDTkRvxfu5_LzCcc,Pizza King,places,en,249,28.6717322,77.16984695,28.6728226,77.1693347,0,del,Delhi,2026-09-01T02:59:21.791818Z
ChIJu1k0S7IDDTkRq9APubxTvgo,Imran Egg Center,places,en,249,28.6717322,77.16984695,28.670492099999993,77.1700336,0,del,Delhi,2026-09-01T02:59:21.791826Z
ChIJocZkFDoDDTkRoo8Sfvg9hSc,Salman Chole Bhature,places,en,249,28.6717322,77.16984695,28.670401099999996,77.1694492,0,del,Delhi,2026-09-01T02:59:21.791832Z
ChIJcZCgFFsCDTkRZQAZ3I0sU2I,Burger King,places,en,249,28.6717322,77.16984695,28.673204499999997,77.17025799999999,0,del,Delhi,2026-09-01T02:59:21.791837Z
ChIJ77TCOAADDTkRJxAEcnRyB2M,Asif bhai biryani bade ki,places,en,249,28.6717322,77.16984695,28.670552999999995,77.1687541,0,del,Delhi,2026-09-01T02:59:21.791843Z
ChIJNad9KNMDDTkRlFLil_q1W1w,Hira Sweet Express,places,en,249,28.6717322,77.16984695,28.673230000000004,77.17025,0,del,Delhi,2026-09-01T02:59:21.791849Z
ChIJM3hLDD4DDTkRAgG0XqDFH08,Sonu Rathore,places,en,249,28.6717322,77.16984695,28.6714815,77.1680087,0,del,Delhi,2026-09-01T02:59:21.791854Z
ChIJlbD7afoDDTkRp-D30LSwZYM,ARIF BHAI DALEEM BIRYANI,places,en,249,28.6717322,77.16984695,28.6721405,77.1680344,0,del,Delhi,2026-09-01T02:59:21.791859Z
ChIJxU6wilkDDTkR3RKsnIOjNcY,"Domino's Pizza | Parsvnath Metro Mall, Inderlok",places,en,249,28.6717322,77.16984695,28.6734007,77.17018949999999,0,del,Delhi,2026-09-01T02:59:21.791864Z
ChIJ44r03DQDDTkROw63OlBqKHk,Chinese Wok,places,en,249,28.6717322,77.16984695,28.673348399999995,77.17047529999999,0,del,Delhi,2026-09-01T02:59:21.791869Z
ChIJIx1kwQcDDTkR5ZMk7_JYu5o,Mahendra Gol Gappe Wale,places,en,249,28.6717322,77.16984695,28.671235000000003,77.16796699999999,0,del,Delhi,2026-09-01T02:59:21.791874Z
ChIJEWplCbkDDTkRD7NrI-jRkwU,SLICE OF HEAVEN,places,en,249,28.6717322,77.16984695,28.6732771,77.168959,0,del,Delhi,2026-09-01T02:59:21.791879Z
ChIJe5wll3MDDTkRmKHlZkVEdO8,Ali Tea Stall,places,en,249,28.6717322,77.16984695,28.669986899999998,77.1696906,0,del,Delhi,2026-09-01T02:59:21.791884Z
ChIJdeufgOsDDTkRzCzXdZBr5VU,Bismillah Resturant,places,en,249,28.6717322,77.16984695,28.669986899999998,77.1696906,0,del,Delhi,2026-09-01T02:59:21.791889Z
ChIJSwreq2YDDTkRTEMnRXCk0dI,Mohammad Salim,places,en,249,28.6717322,77.16984695,28.672071999999996,77.1675944,0,del,Delhi,2026-09-01T02:59:21.791894Z
ChIJF1JMak4DDTkRmsJn0rMk0o0,Mohd. Zahid's Kabab Tikka Corner.,places,en,249,28.6717322,77.16984695,28.6713647,77.1675963,0,del,Delhi,2026-09-01T02:59:21.791900Z
ChIJWQ5RkzwDDTkR54wOSZIspsQ,Naseer Food Shop,places,en,249,28.6717322,77.16984695,28.6699546,77.1686799,0,del,Delhi,2026-09-01T02:59:21.791905Z
ChIJ58KDuKwDDTkRUoxc3EYnTlU,Nutrition Diet Factory,places,en,249,28.6717322,77.16984695,28.6733598,77.1713206,0,del,Delhi,2026-09-01T02:59:21.791910Z
ChIJJd2NPOwDDTkRb3oFvjwxY50,Al Adeeb Foods,places,en,249,28.6717322,77.16984695,28.669852700000003,77.1686599,0,del,Delhi,2026-09-01T02:59:21.791915Z
ChIJT5Uas2YDDTkRkp--SKJdzwI,Good Enough,places,en,250,28.68744215,77.16523054999999,28.6862833,77.1663082,0,del,Delhi,2026-09-01T02:59:22.220174Z
ChIJLyM87TgCDTkRHCrOC7FDY_s,Punjabi Biradari,places,en,250,28.68744215,77.16523054999999,28.688534699999998,77.1637298,0,del,Delhi,2026-09-01T02:59:22.220212Z
ChIJf5VGegADDTkRn_3ErSWV95Q,Prisha pizza point,places,en,250,28.68744215,77.16523054999999,28.689442399999994,77.1664905,0,del,Delhi,2026-09-01T02:59:22.220223Z
ChIJ7XgD3zgCDTkRbgQjE2jXhi4,Sonu Kulche Wala,places,en,250,28.68744215,77.16523054999999,28.689828,77.1646131,0,del,Delhi,2026-09-01T02:59:22.220231Z
ChIJ3TZKXywDDTkRHV9SR287g2c,Sapna's Cloud Kitchen,places,en,251,28.6920639,77.1699573,28.6927544,77.1704906,0,del,Delhi,2026-09-01T02:59:22.650463Z
ChIJM-eB0fQDDTkRZmnQKFRwcEk,Praveen Tikki Wala,places,en,251,28.6920639,77.1699573,28.6929474,77.1711191,0,del,Delhi,2026-09-01T02:59:22.650490Z
ChIJJZcfwcIDDTkR2lnVVh47-0k,Bablu Bhai Chhole Kulche,places,en,251,28.6920639,77.1699573,28.692012000000002,77.1683439,0,del,Delhi,2026-09-01T02:59:22.650498Z
ChIJ5R73Aj4CDTkR99CUJdGtr_0,Shankar Fast Food,places,en,251,28.6920639,77.1699573,28.6930394,77.17135569999999,0,del,Delhi,2026-09-01T02:59:22.650504Z
ChIJUZGNBs0DDTkRJRV224YLyCU,The Pav Company,places,en,251,28.6920639,77.1699573,28.6937839,77.1699727,0,del,Delhi,2026-09-01T02:59:22.650510Z
ChIJWdwYpCcDDTkRtw7DTBAuUtc,La Gino'z Cafe,places,en,251,28.6920639,77.1699573,28.693472999999994,77.1712326,0,del,Delhi,2026-09-01T02:59:22.650516Z
ChIJcY5fQeMDDTkR7Ib80ugWrFw,Shree Shyam Rasoi,places,en,251,28.6920639,77.1699573,28.693269899999997,77.17156320000001,0,del,Delhi,2026-09-01T02:59:22.650521Z
ChIJIUaQZ2ADDTkRG0bgHcVjWxQ,Zaika Ghar Ka,places,en,251,28.6920639,77.1699573,28.691850799999997,77.1677852,0,del,Delhi,2026-09-01T02:59:22.650526Z
ChIJ8QQCt_8DDTkRRSstAPrObhU,silver spoon,places,en,251,28.6920639,77.1699573,28.691850799999997,77.1677852,0,del,Delhi,2026-09-01T02:59:22.650532Z
ChIJhw4qXvYDDTkRMotQ46p_Qek,The Mohan's - Restro & Bar & Party Halls,places,en,251,28.6920639,77.1699573,28.6932259,77.1717699,0,del,Delhi,2026-09-01T02:59:22.650537Z
ChIJt4_SHggDDTkRh4p_ZA2h4Kg,Shree Shyam Kachori,places,en,251,28.6920639,77.1699573,28.6934024,77.1720216,0,del,Delhi,2026-09-01T02:59:22.650542Z
ChIJS6BnHPQDDTkRrHwA49CPN4Y,Khomcha Junction,places,en,251,28.6920639,77.1699573,28.693717699999997,77.1717954,0,del,Delhi,2026-09-01T02:59:22.650547Z
ChIJ-zTlohUCDTkR5RntEUHr0hk,Muradabadi Shahi Chicken Corner,places,en,251,28.6920639,77.1699573,28.691262899999998,77.1725225,0,del,Delhi,2026-09-01T02:59:22.650552Z
ChIJw_N4cZoDDTkRudMijjxvp_E,Raju chhole bhature wala,places,en,251,28.6920639,77.1699573,28.6899724,77.1712407,0,del,Delhi,2026-09-01T02:59:22.650557Z
ChIJc9deG5ADDTkR-4dL2G2lyHw,Desi Gharana,places,en,251,28.6920639,77.1699573,28.691245900000002,77.1725448,0,del,Delhi,2026-09-01T02:59:22.650563Z
ChIJ3_d_hx8DDTkRNdknRuyr84c,Sabroso Station,places,en,251,28.6920639,77.1699573,28.6933032,77.1723705,0,del,Delhi,2026-09-01T02:59:22.650568Z
ChIJt_o2n9kDDTkRzHPebbVebDI,Vezlay Food Ashok Vihar,places,en,251,28.6920639,77.1699573,28.691660600000002,77.16720939999999,0,del,Delhi,2026-09-01T02:59:22.650573Z
ChIJhwlD07ADDTkRpTkjQY7GaH8,"Bengali fish,chicken corner",places,en,251,28.6920639,77.1699573,28.691660600000002,77.16720939999999,0,del,Delhi,2026-09-01T02:59:22.650578Z
ChIJtVVzXwADDTkRyr-A9CMA3pQ,JALWA POINT,places,en,251,28.6920639,77.1699573,28.6937185,77.16784299999999,0,del,Delhi,2026-09-01T02:59:22.650583Z
ChIJbVGQlxUCDTkR6VT0p3I3w3A,Hunny Hotel,places,en,251,28.6920639,77.1699573,28.691512499999998,77.1728193,0,del,Delhi,2026-09-01T02:59:22.650588Z
ChIJG2HRHBsDDTkRZ_vUegVny44,Sapnazzz Kitchen & Restaurant,places,en,252,28.7202165,77.15986194999999,28.7198716,77.1589671,0,del,Delhi,2026-09-01T02:59:22.989359Z
ChIJV1CDS4UBDTkRTBuZ480s64A,Rana Bhai Ka Vaishno Dhaba,places,en,252,28.7202165,77.15986194999999,28.720794700000003,77.15887839999999,0,del,Delhi,2026-09-01T02:59:22.989391Z
ChIJRcMDS4UBDTkRAAAAMHNrlyA,Aggarwal Sweet India,places,en,252,28.7202165,77.15986194999999,28.720706200000002,77.1587827,0,del,Delhi,2026-09-01T02:59:22.989399Z
ChIJGVAXQIUBDTkR6mgMsGOlG-E,SPICE SEA RESTAURANT,places,en,252,28.7202165,77.15986194999999,28.719489299999996,77.1586382,0,del,Delhi,2026-09-01T02:59:22.989405Z
ChIJW490FYUBDTkR9DfOxHW4_kM,Sindhi Mehfil chicken (Shalimar bagh),places,en,252,28.7202165,77.15986194999999,28.719399199999998,77.1585783,0,del,Delhi,2026-09-01T02:59:22.989411Z
ChIJXUHLP4UBDTkR1UE9FAcab1U,EAT & TREAT By NITIN ARORA,places,en,252,28.7202165,77.15986194999999,28.719557899999998,77.1584479,0,del,Delhi,2026-09-01T02:59:22.989416Z
ChIJG9R_8G8BDTkRG9vZu4SeerM,MR Cravings,places,en,252,28.7202165,77.15986194999999,28.7192373,77.1585606,0,del,Delhi,2026-09-01T02:59:22.989421Z
ChIJQz6VP4UBDTkRSQ36UsPS6ew,Shalimar Food,places,en,252,28.7202165,77.15986194999999,28.719507299999997,77.1582976,0,del,Delhi,2026-09-01T02:59:22.989427Z
ChIJq9F0KsMBDTkRQIgBVaG3FmE,Pandit Ji Shudh Vaishnavi Dhaba,places,en,252,28.7202165,77.15986194999999,28.7190165,77.1587302,0,del,Delhi,2026-09-01T02:59:22.989432Z
ChIJrdEWIsMBDTkRdw5cN07K574,Prince Fast Food,places,en,252,28.7202165,77.15986194999999,28.7188513,77.1620595,0,del,Delhi,2026-09-01T02:59:22.989438Z
ChIJS0bEgnYBDTkRZkrdMDXYfr8,JAISWAl VEG BIRYANI,places,en,252,28.7202165,77.15986194999999,28.719889199999997,77.16276460000002,0,del,Delhi,2026-09-01T02:59:22.989443Z
ChIJG7hFOuIBDTkR9TC2dGPx9yU,Haldiram's - Jahangirpuri,places,en,252,28.7202165,77.15986194999999,28.721636200000003,77.1624703,0,del,Delhi,2026-09-01T02:59:22.989448Z
ChIJZ1aphN0BDTkR8EYXz92C60Y,CHINESE PLANET,places,en,253,28.71497685,77.16015695,28.715455999999996,77.1599107,0,del,Delhi,2026-09-01T02:59:23.350017Z
ChIJ43J7SwABDTkRvE90vgJ5mcQ,Bihari food zone,places,en,253,28.71497685,77.16015695,28.715522999999994,77.15966999999999,0,del,Delhi,2026-09-01T02:59:23.350053Z
ChIJwZewcUYBDTkRhVe-TKWz-Aw,U K 07 Momos Ponit,places,en,253,28.71497685,77.16015695,28.713722299999997,77.1600918,0,del,Delhi,2026-09-01T02:59:23.350064Z
ChIJRUoFn9gBDTkRyR9Cahyibc4,Luxe bites,places,en,253,28.71497685,77.16015695,28.714193599999998,77.1580496,0,del,Delhi,2026-09-01T02:59:23.350072Z
ChIJUWSH07QBDTkRO720IfN-_jw,L N China,places,en,253,28.71497685,77.16015695,28.716250199999998,77.16217689999999,0,del,Delhi,2026-09-01T02:59:23.350081Z
ChIJEdD7LwABDTkRfmwdRAUk6bA,Aditi Singh,places,en,253,28.71497685,77.16015695,28.713234300000003,77.1585932,0,del,Delhi,2026-09-01T02:59:23.350088Z
ChIJr4OjrCIBDTkRl908ZUVHE9Y,Saty naam pizza,places,en,253,28.71497685,77.16015695,28.7133085,77.15822080000001,0,del,Delhi,2026-09-01T02:59:23.350095Z
ChIJRbLjDYQBDTkRSmgJbaBkhP8,"Domino's Pizza | Shalimar Bhag, Delhi",places,en,253,28.71497685,77.16015695,28.713031199999996,77.1583557,0,del,Delhi,2026-09-01T02:59:23.350103Z
ChIJhXE2_7IBDTkRP2qPb7safvY,Desi Lover Shop,places,en,253,28.71497685,77.16015695,28.7169415,77.1583125,0,del,Delhi,2026-09-01T02:59:23.350110Z
ChIJs8hnadUBDTkRsfc0z6nz2B8,Gupta Burger Center,places,en,253,28.71497685,77.16015695,28.714691799999997,77.1572503,0,del,Delhi,2026-09-01T02:59:23.350117Z
ChIJcwKLFm0BDTkRwkvXT4yZMwU,KFC,places,en,253,28.71497685,77.16015695,28.712940999999997,77.158311,0,del,Delhi,2026-09-01T02:59:23.350124Z
ChIJoad5XIYBDTkR6SSG3ba5nvs,"McDonald's - Shalimar Bagh, Delhi",places,en,253,28.71497685,77.16015695,28.7133451,77.1578302,0,del,Delhi,2026-09-01T02:59:23.350132Z
ChIJy5uWu0wBDTkRuQUOwHrZzdo,Gupta Vegetable Suppliers,places,en,253,28.71497685,77.16015695,28.7169878,77.1582323,0,del,Delhi,2026-09-01T02:59:23.350139Z
ChIJ13ZfcwADDTkREoRigfWZQYc,Soma The Ayurvedic Kitchen,places,en,254,28.7063684,77.15473705,28.707303999999997,77.1542965,0,del,Delhi,2026-09-01T02:59:23.780709Z
ChIJr04CnLcDDTkR5Mm-TRBL3vw,Behrouz Biryani Shalimar Bagh,places,en,254,28.7063684,77.15473705,28.7074404,77.15519259999999,0,del,Delhi,2026-09-01T02:59:23.780729Z
ChIJDYklXUsDDTkRE6ziO-k6udc,Oven Story,places,en,254,28.7063684,77.15473705,28.707437499999997,77.15525699999999,0,del,Delhi,2026-09-01T02:59:23.780735Z
ChIJpV-GRHgDDTkRC7jwoCM1iJo,Sweet Truth Shalimar Bagh,places,en,254,28.7063684,77.15473705,28.707504999999998,77.155293,0,del,Delhi,2026-09-01T02:59:23.780751Z
ChIJXfVakSkCDTkRVcHfRQvLIes,Shri Ram Corner Spl Panner wale Chole Bhature,places,en,254,28.7063684,77.15473705,28.707561600000002,77.1551273,0,del,Delhi,2026-09-01T02:59:23.780755Z
ChIJlzDmXhQDDTkRQDdIwae3of8,Baby's Diner,places,en,254,28.7063684,77.15473705,28.7074936,77.1554299,0,del,Delhi,2026-09-01T02:59:23.780758Z
ChIJ2fM2DNYDDTkR5XZTBpFVsMA,BHATURA TIME,places,en,254,28.7063684,77.15473705,28.7056803,77.1560542,0,del,Delhi,2026-09-01T02:59:23.780761Z
ChIJ0dXubksDDTkRGvbDF7CKUYk,Faasos Shalimar Bagh,places,en,254,28.7063684,77.15473705,28.707713700000003,77.1551647,0,del,Delhi,2026-09-01T02:59:23.780764Z
ChIJ-w4rDvIDDTkRxaIgVrbfMuA,Dosa n Curry,places,en,254,28.7063684,77.15473705,28.705074900000003,77.1566867,0,del,Delhi,2026-09-01T02:59:23.780766Z
ChIJzUR95CgCDTkRQ2Yd7oCRfOw,Slic Chic,places,en,254,28.7063684,77.15473705,28.7058584,77.1572765,0,del,Delhi,2026-09-01T02:59:23.780769Z
ChIJXZX9PncBDTkRfcB6ssyeJEg,INDIAN MASALA,places,en,255,28.7215272,77.1443465,28.721141600000003,77.1440154,0,del,Delhi,2026-09-01T02:59:24.109059Z
ChIJrSJ-kqgBDTkRCqYgv0PFqeI,Street food and cafe,places,en,255,28.7215272,77.1443465,28.721529300000004,77.14494739999999,0,del,Delhi,2026-09-01T02:59:24.109089Z
ChIJi0_jxr8BDTkRvdMUfUs6JoQ,Quick Bites,places,en,255,28.7215272,77.1443465,28.7220561,77.1442407,0,del,Delhi,2026-09-01T02:59:24.109100Z
ChIJ3bjpfKYBDTkRJ-rw7WHeg_s,Moms kitchen,places,en,255,28.7215272,77.1443465,28.722394500000004,77.14528430000001,0,del,Delhi,2026-09-01T02:59:24.109108Z
ChIJ9Xc0Vy0BDTkRNsKNIiH7Sno,Aarushi Fast Food,places,en,255,28.7215272,77.1443465,28.720308299999996,77.1432732,0,del,Delhi,2026-09-01T02:59:24.109115Z
ChIJ3WfaHR0BDTkRVleoZWgdakY,My Burger,places,en,255,28.7215272,77.1443465,28.723076000000002,77.14543660000001,0,del,Delhi,2026-09-01T02:59:24.109122Z
ChIJ59wALgIBDTkR6IhRdUlhRdo,Dabbe wala,places,en,255,28.7215272,77.1443465,28.7229222,77.1466106,0,del,Delhi,2026-09-01T02:59:24.109129Z
ChIJf1kg6EkBDTkRp7jpMHs2MdE,Bhola shyam pizza restaurant,places,en,255,28.7215272,77.1443465,28.7229414,77.14676759999999,0,del,Delhi,2026-09-01T02:59:24.109137Z
ChIJJ7ikB_8BDTkRsUZq_2b9wPs,Bambaiya Maska,places,en,255,28.7215272,77.1443465,28.721873799999997,77.1413419,0,del,Delhi,2026-09-01T02:59:24.109144Z
ChIJqxN12ggDDTkRjmIRoMSf9rI,Mom's Patisserie,places,en,256,28.70511245,77.14642375,28.705275499999996,77.146784,0,del,Delhi,2026-09-01T02:59:24.460858Z
ChIJK9OzyCYDDTkRAAsW707bvXE,VP Block Dhaba ( punjabi vaishno dhaba ),places,en,256,28.70511245,77.14642375,28.705696,77.14705169999999,0,del,Delhi,2026-09-01T02:59:24.460884Z
ChIJayvxgmsDDTkRaOhYXZNOBqY,Aggarwal Sweet Lp Block,places,en,256,28.70511245,77.14642375,28.7044428,77.145651,0,del,Delhi,2026-09-01T02:59:24.460892Z
ChIJ-6-2Nt8DDTkRpgL0lzrtKfw,Kalaadi King,places,en,256,28.70511245,77.14642375,28.703737199999996,77.1465486,0,del,Delhi,2026-09-01T02:59:24.460898Z
ChIJ-b4FujMDDTkRdrJC7I3SRcg,Mk pizza point,places,en,256,28.70511245,77.14642375,28.7048604,77.14847139999999,0,del,Delhi,2026-09-01T02:59:24.460903Z
ChIJGRn-EYgDDTkRz0sVuhGculU,Sharma kachori wale,places,en,256,28.70511245,77.14642375,28.703183,77.1471597,0,del,Delhi,2026-09-01T02:59:24.460908Z
ChIJnc9hCjoDDTkRO60WJd64odU,Heerji Malai Chaap Wala,places,en,256,28.70511245,77.14642375,28.703170200000002,77.1471704,0,del,Delhi,2026-09-01T02:59:24.460913Z
ChIJ2XyPpNQDDTkRhPvpLrjXmQ4,Ameya The Food Junction,places,en,256,28.70511245,77.14642375,28.7032564,77.147514,0,del,Delhi,2026-09-01T02:59:24.460919Z
ChIJxQrAP1YDDTkRyWp_2cijSAU,Velora Restaurant,places,en,256,28.70511245,77.14642375,28.7066657,77.1481568,0,del,Delhi,2026-09-01T02:59:24.460924Z
ChIJK8d9BgADDTkRUcNJ0ni4E6E,Noah frnz,places,en,256,28.70511245,77.14642375,28.703277000000003,77.145051,0,del,Delhi,2026-09-01T02:59:24.460929Z
ChIJyz-dEz8DDTkRFETdLAdEz7I,Gul Food Junction,places,en,256,28.70511245,77.14642375,28.702910000000003,77.1469996,0,del,Delhi,2026-09-01T02:59:24.460934Z
ChIJv_VORnEDDTkRRegFAedpaRw,Game Of Momos,places,en,256,28.70511245,77.14642375,28.702870899999997,77.14694899999999,0,del,Delhi,2026-09-01T02:59:24.460939Z
ChIJsW5SjPIDDTkRx3V9ZzKH6uI,Ashu Bhature Wala - Pitampura,places,en,256,28.70511245,77.14642375,28.7027532,77.14683529999999,0,del,Delhi,2026-09-01T02:59:24.460944Z
ChIJZcxViH8BDTkR_CN69BHSBkE,Cafe 24 X 7,places,en,256,28.70511245,77.14642375,28.7055519,77.1434916,0,del,Delhi,2026-09-01T02:59:24.460949Z
ChIJVVVVVcEDDTkR4U1UAocJWpA,Yellow Mirchi,places,en,256,28.70511245,77.14642375,28.705555999999998,77.14340109999999,0,del,Delhi,2026-09-01T02:59:24.460954Z
ChIJ06q6q9MDDTkRZBT7lnvb3ik,Giri Momos Centre,places,en,257,28.6995571,77.14737435,28.69957,77.14584409999999,0,del,Delhi,2026-09-01T02:59:24.873259Z
ChIJzQ8gcAADDTkR1I3l7Bd7aNA,MFC (Ministry of Fish & Chicken),places,en,257,28.6995571,77.14737435,28.6995656,77.1458095,0,del,Delhi,2026-09-01T02:59:24.873289Z
ChIJu4Z8LzICDTkR39QzXfGLavo,Sachdeva Fast Food Corner,places,en,257,28.6995571,77.14737435,28.6994833,77.145808,0,del,Delhi,2026-09-01T02:59:24.873297Z
ChIJ2ZByVdIDDTkRTcreVf6YsqI,Kay's Chicken Corner,places,en,257,28.6995571,77.14737435,28.6995227,77.1457114,0,del,Delhi,2026-09-01T02:59:24.873303Z
ChIJZ-UMrucDDTkRAJlMzuIlgs0,"Friends Mr. Shawarma & Grill, ND Market",places,en,257,28.6995571,77.14737435,28.6995798,77.1456798,0,del,Delhi,2026-09-01T02:59:24.873308Z
ChIJg-pGEScDDTkR1ahq7pXOZFo,Khurafateez,places,en,257,28.6995571,77.14737435,28.700127300000002,77.1456979,0,del,Delhi,2026-09-01T02:59:24.873314Z
ChIJUeQAqtMDDTkRCULIFVD2tGM,Changezi,places,en,257,28.6995571,77.14737435,28.699961199999997,77.145631,0,del,Delhi,2026-09-01T02:59:24.873319Z
ChIJg8HjUAADDTkRWwKGGgEMk4w,Patiala Wale,places,en,257,28.6995571,77.14737435,28.7001558,77.1455403,0,del,Delhi,2026-09-01T02:59:24.873324Z
ChIJs3ue7WgDDTkRglRapyfANhw,Pishori Chicken and kharode,places,en,257,28.6995571,77.14737435,28.700028800000002,77.1454734,0,del,Delhi,2026-09-01T02:59:24.873329Z
ChIJd89jgeIDDTkRGKeoOqBQsN0,Kitchen 75,places,en,257,28.6995571,77.14737435,28.697956699999995,77.1465091,0,del,Delhi,2026-09-01T02:59:24.873334Z
ChIJEZGv_EQDDTkR6ke6kxb459s,Maheshwari Pakode Wale,places,en,257,28.6995571,77.14737435,28.699932999999998,77.145387,0,del,Delhi,2026-09-01T02:59:24.873339Z
ChIJ-QobIgADDTkRJkLCuXdNKb8,Puri sabji and kachori,places,en,257,28.6995571,77.14737435,28.6998525,77.1452916,0,del,Delhi,2026-09-01T02:59:24.873344Z
ChIJqY8tcBsDDTkRjY8E6FMiXqU,Bablu Chic-Inn,places,en,257,28.6995571,77.14737435,28.7001106,77.14504320000002,0,del,Delhi,2026-09-01T02:59:24.873349Z
ChIJ2fMurtMDDTkRZt3P6AkvLw4,The Grillz And Gravy (pitampura),places,en,257,28.6995571,77.14737435,28.7001259,77.1449878,0,del,Delhi,2026-09-01T02:59:24.873354Z
ChIJ13u0MroDDTkRGF3Ob50snWo,AMEYA THE FOOD JUNCTION “Delight In Every Bite”,places,en,257,28.6995571,77.14737435,28.7000095,77.1448588,0,del,Delhi,2026-09-01T02:59:24.873359Z
ChIJ89jE9tgDDTkRXl8lqdJjC7Y,KFC,places,en,257,28.6995571,77.14737435,28.697201000000003,77.1479401,0,del,Delhi,2026-09-01T02:59:24.873364Z
ChIJgbM6FJwDDTkRsJ8kLB4fA3Y,It's Healthy,places,en,257,28.6995571,77.14737435,28.701407500000002,77.1493615,0,del,Delhi,2026-09-01T02:59:24.873369Z
ChIJr5Ek9xkDDTkRCAYd-jmol9s,"Domino’s pizza | DP Block, LSC Pitampura, Delhi",places,en,257,28.6995571,77.14737435,28.700715100000004,77.144713,0,del,Delhi,2026-09-01T02:59:24.873374Z
ChIJyzGk5XYBDTkRvZKw4JCL2Ko,DSF Biryani Express,places,en,258,28.7167498,77.1411509,28.717389199999996,77.1415394,0,del,Delhi,2026-09-01T02:59:25.279312Z
ChIJ9-wAA2kBDTkRkqJCyNt9zcc,Ranjeet Egg Roll Stall,places,en,258,28.7167498,77.1411509,28.7169907,77.13920060000001,0,del,Delhi,2026-09-01T02:59:25.279334Z
ChIJZb82PgABDTkRPTAwskV7kZE,RAKESH PAKODE WALA,places,en,258,28.7167498,77.1411509,28.7171558,77.13916329999999,0,del,Delhi,2026-09-01T02:59:25.279338Z
ChIJGWUzAFkBDTkRHJwUFt1a9VY,Dinesh,places,en,258,28.7167498,77.1411509,28.716718800000002,77.1391039,0,del,Delhi,2026-09-01T02:59:25.279341Z
ChIJ9WsPnycBDTkRGBx4OqLB2fs,लंगर wala,places,en,258,28.7167498,77.1411509,28.7184346,77.1403586,0,del,Delhi,2026-09-01T02:59:25.279345Z
ChIJFcXD7CYDDTkR5LaL2wPPUIE,Kukkad Spicy,places,en,258,28.7167498,77.1411509,28.7187248,77.1402839,0,del,Delhi,2026-09-01T02:59:25.279348Z
ChIJ__-w5nsBDTkRumuC98LLhGU,Kapoor Ji 's K.R.C Punjabi Khana,places,en,258,28.7167498,77.1411509,28.7147609,77.1423708,0,del,Delhi,2026-09-01T02:59:25.279351Z
ChIJA6A7g_cBDTkRxyzQmRiUPho,Ariya's Cafe,places,en,259,28.7157208,77.1403434,28.713891800000003,77.13866279999999,0,del,Delhi,2026-09-01T02:59:25.609785Z
ChIJrw2iFdcBDTkR29Q4MHRgC_g,Meals on Budget - Unit of Jeet Pizza,places,en,259,28.7157208,77.1403434,28.7134073,77.1412136,0,del,Delhi,2026-09-01T02:59:25.609813Z
ChIJayxHtz8BDTkRWy32vRiXFkI,Punjabi Flavour (Nutri),places,en,259,28.7157208,77.1403434,28.713177,77.140202,0,del,Delhi,2026-09-01T02:59:25.609821Z
ChIJT599SwABDTkRK8Magp7LLSo,Echoes Cafe,places,en,259,28.7157208,77.1403434,28.7138235,77.1383981,0,del,Delhi,2026-09-01T02:59:25.609826Z
ChIJd96XOFADDTkRPjhnUCMui0A,Oriental Mom,places,en,259,28.7157208,77.1403434,28.713177800000004,77.13994699999999,0,del,Delhi,2026-09-01T02:59:25.609832Z
ChIJH9_4cAABDTkRoUKapknobKE,Amba bhojnalaya,places,en,260,28.7441745,77.1342732,28.744028999999998,77.1348299,0,del,Delhi,2026-09-01T02:59:25.957532Z
ChIJe0h-SwABDTkRmjhSkCiBcMc,atal canteen,places,en,260,28.7441745,77.1342732,28.7446744,77.1338686,0,del,Delhi,2026-09-01T02:59:25.957562Z
ChIJJ-JW8BoBDTkRI1OIhlUs_do,Pandit Ji Ka Dhaba,places,en,260,28.7441745,77.1342732,28.7435908,77.13468329999999,0,del,Delhi,2026-09-01T02:59:25.957572Z
ChIJQxt7hZ4BDTkRLWGss3YL-bo,Indie,places,en,260,28.7441745,77.1342732,28.7446516,77.13501649999999,0,del,Delhi,2026-09-01T02:59:25.957580Z
ChIJ7R56DQABDTkRhE2piE6TFqA,Aahaar Kitchen,places,en,260,28.7441745,77.1342732,28.743433,77.13342519999999,0,del,Delhi,2026-09-01T02:59:25.957587Z
ChIJwZJ7aWwBDTkRr7TGr0GXLNI,Momos Point,places,en,260,28.7441745,77.1342732,28.7439158,77.1329253,0,del,Delhi,2026-09-01T02:59:25.957595Z
ChIJm4YvFAgBDTkRIYTIN97hiJs,DHARMA SAINI STORE,places,en,260,28.7441745,77.1342732,28.744252399999997,77.1357896,0,del,Delhi,2026-09-01T02:59:25.957602Z
ChIJj3E8whoBDTkR_G6DpAqEqfw,The Evening Wok,places,en,260,28.7441745,77.1342732,28.7431971,77.1357713,0,del,Delhi,2026-09-01T02:59:25.957609Z
ChIJPRbdVa0BDTkRWU-2gxqphk0,The Barbeque Hub - Rooftop Restro & cafe,places,en,260,28.7441745,77.1342732,28.7442174,77.13226580000001,0,del,Delhi,2026-09-01T02:59:25.957616Z
ChIJQZteZAABDTkRpCFwa7ZyGO4,Muradabadi shahi chicken corner,places,en,260,28.7441745,77.1342732,28.7443711,77.1321492,0,del,Delhi,2026-09-01T02:59:25.957623Z
ChIJvSCMWqIBDTkRR5DU8YwSVg8,Madhuri Jalpan,places,en,260,28.7441745,77.1342732,28.744238799999998,77.1321178,0,del,Delhi,2026-09-01T02:59:25.957630Z
ChIJQX-MEgABDTkRWOsfrEN5euE,UP CHAT BHANDAR|| यू पी चाट भण्डार,places,en,260,28.7441745,77.1342732,28.7450869,77.1362296,0,del,Delhi,2026-09-01T02:59:25.957637Z
ChIJCfHi38QBDTkR9NzgFWMkDfw,Kohinoor Halal Meat Shop,places,en,260,28.7441745,77.1342732,28.742933999999998,77.1362825,0,del,Delhi,2026-09-01T02:59:25.957643Z
ChIJUezENZEBDTkROGZGRnDGpQE,Rahul Fast Food,places,en,260,28.7441745,77.1342732,28.7452871,77.1370295,0,del,Delhi,2026-09-01T02:59:25.957651Z
ChIJExFmcAABDTkRqldNFaFWJsM,Rama puri bhandar,places,en,260,28.7441745,77.1342732,28.745329899999994,77.13152699999999,0,del,Delhi,2026-09-01T02:59:25.957658Z
ChIJiceH7GMBDTkRVo3UXF7ctdY,Vaishno Rasoi,places,en,261,28.71289965,77.132947,28.711663,77.132555,0,del,Delhi,2026-09-01T02:59:26.400060Z
ChIJPz-mL3gBDTkRFBmyovB8E8I,Bihari Adda,places,en,261,28.71289965,77.132947,28.712011399999998,77.1314927,0,del,Delhi,2026-09-01T02:59:26.400093Z
ChIJ3SM_YAABDTkRQaIKnO3SbXA,Mr singh pizzeria,places,en,261,28.71289965,77.132947,28.712033299999998,77.131434,0,del,Delhi,2026-09-01T02:59:26.400103Z
ChIJMRuR_vMBDTkR3YnK_l1NKE8,Pita crew,places,en,261,28.71289965,77.132947,28.711826300000002,77.1315963,0,del,Delhi,2026-09-01T02:59:26.400111Z
ChIJf7QHDQABDTkR8lV_dK6psHo,Burfiwala Rohini,places,en,261,28.71289965,77.132947,28.7117974,77.13161869999999,0,del,Delhi,2026-09-01T02:59:26.400119Z
ChIJRcfrxMEBDTkRhQy3bfAZYUg,WAFFLICKS,places,en,261,28.71289965,77.132947,28.7121576,77.1311532,0,del,Delhi,2026-09-01T02:59:26.400126Z
ChIJSZsdVKMBDTkRqUupI7Z7OEM,Spicy Bites,places,en,261,28.71289965,77.132947,28.711177100000004,77.1325524,0,del,Delhi,2026-09-01T02:59:26.400133Z
ChIJB8QSfAABDTkRDKU15gY78MA,Prashant,places,en,261,28.71289965,77.132947,28.7113646,77.13192389999999,0,del,Delhi,2026-09-01T02:59:26.400140Z
ChIJl4StRGMBDTkRKm3zdAfCxvI,All india crime reforms organisation(Regd.),places,en,261,28.71289965,77.132947,28.713901399999997,77.134585,0,del,Delhi,2026-09-01T02:59:26.400147Z
ChIJX2Nv6r4BDTkRXvjnwxtk7Io,Gabru Di Chaap - Rohini,places,en,261,28.71289965,77.132947,28.711039099999997,77.13274299999999,0,del,Delhi,2026-09-01T02:59:26.400154Z
ChIJ05yP1EUBDTkRQSEynbOxeQA,Hometown Cha-Cha-Cha!,places,en,261,28.71289965,77.132947,28.712798300000003,77.1350558,0,del,Delhi,2026-09-01T02:59:26.400169Z
ChIJ_8MDM2IBDTkR7PDylHJ6zoU,Roshan Lal Chole Kulche/Khasta Kachori,places,en,261,28.71289965,77.132947,28.711028600000002,77.1327536,0,del,Delhi,2026-09-01T02:59:26.400176Z
ChIJX4gaIjUBDTkRtKF-cf-nIWU,Kake Di Chaap,places,en,261,28.71289965,77.132947,28.711023200000003,77.1327365,0,del,Delhi,2026-09-01T02:59:26.400183Z
ChIJL9itIAABDTkR58qJoon6XAw,BROWNFRY,places,en,261,28.71289965,77.132947,28.7110123,77.1329317,0,del,Delhi,2026-09-01T02:59:26.400190Z
ChIJ48IuzkcBDTkR__ZlGk253Do,Send Noods,places,en,261,28.71289965,77.132947,28.7110119,77.1329264,0,del,Delhi,2026-09-01T02:59:26.400196Z
ChIJd6aH-ysBDTkRi1-t-RKtgT0,Waffle studio,places,en,261,28.71289965,77.132947,28.7109879,77.132965,0,del,Delhi,2026-09-01T02:59:26.400203Z
ChIJYYfnEhYDDTkRg1tGVLF6B_Q,Burgrill - The OG's of Grilled Burgers,places,en,261,28.71289965,77.132947,28.7109286,77.1330562,0,del,Delhi,2026-09-01T02:59:26.400210Z
ChIJiXud6WMBDTkR3__kVs9Rn-k,Café Coffee Day,places,en,261,28.71289965,77.132947,28.7108961,77.1330874,0,del,Delhi,2026-09-01T02:59:26.400217Z
ChIJPeWmoGgBDTkR_7s6hB8ELn0,Shri Shyam Chole Bhature,places,en,261,28.71289965,77.132947,28.7135379,77.13511,0,del,Delhi,2026-09-01T02:59:26.400224Z
ChIJhVgS5UUBDTkRH_85oINOYhA,Love Poori Wala (Prashant Vihar),places,en,261,28.71289965,77.132947,28.71073,77.1332101,0,del,Delhi,2026-09-01T02:59:26.400231Z
ChIJhaJFhmABDTkRemYMV7MQKVw,Momos point,places,en,262,28.735508850000002,77.1601494,28.7357661,77.1616402,0,del,Delhi,2026-09-01T02:59:26.731394Z
ChIJH9vQ4bwBDTkR13yDJwzdQjU,हरि ओम टाबा,places,en,262,28.735508850000002,77.1601494,28.735566700000003,77.1616738,0,del,Delhi,2026-09-01T02:59:26.731427Z
ChIJR6WjtLUBDTkRVgVavGTca2U,Sanjeet Raj Fast Food,places,en,262,28.735508850000002,77.1601494,28.7357939,77.16240479999999,0,del,Delhi,2026-09-01T02:59:26.731438Z
ChIJv40iQiABDTkRdcDUJwfp0dY,Rajesh Food Shop,places,en,262,28.735508850000002,77.1601494,28.7358156,77.1627451,0,del,Delhi,2026-09-01T02:59:26.731446Z
ChIJRZ_ScgABDTkRWqFPc8-B__o,Suchi Food Corner,places,en,262,28.735508850000002,77.1601494,28.733158,77.159183,0,del,Delhi,2026-09-01T02:59:26.731454Z
ChIJpdzoigAEDTkRx9RfKGSoof0,Singh's Chole Bhature,places,en,263,28.72709535,77.08585015,28.726581999999997,77.08568199999999,0,del,Delhi,2026-09-01T02:59:27.061089Z
ChIJj6G4ZgoHDTkRq2YvJb-Q19g,Laddu gopal ji ke special paneer wale chole bhature,places,en,263,28.72709535,77.08585015,28.726488199999995,77.0857352,0,del,Delhi,2026-09-01T02:59:27.061123Z
ChIJbfaY53kHDTkR9ap9SCD_P00,A ONE FAMILY RESTAURANT,places,en,263,28.72709535,77.08585015,28.726943400000003,77.0851563,0,del,Delhi,2026-09-01T02:59:27.061134Z
ChIJSUG7JWsHDTkRpEfrXIlFu2w,H AND K Cafe,places,en,263,28.72709535,77.08585015,28.727603499999997,77.0846451,0,del,Delhi,2026-09-01T02:59:27.061142Z
ChIJY0AXiOkHDTkRN78bG_Kf5rE,RTF (Royal Tawa Food),places,en,263,28.72709535,77.08585015,28.7283936,77.0857056,0,del,Delhi,2026-09-01T02:59:27.061189Z
ChIJLQeh08YGDTkRa8w5IF9ZalM,Delhi Dehat Champaran Meat House,places,en,263,28.72709535,77.08585015,28.728614000000004,77.08538380000002,0,del,Delhi,2026-09-01T02:59:27.061199Z
ChIJD95P0sYGDTkRHnYifwHukr8,Spice 6 Non Veg & Veg Food,places,en,263,28.72709535,77.08585015,28.7286577,77.0855572,0,del,Delhi,2026-09-01T02:59:27.061206Z
ChIJw5YOdioHDTkRFHrpPAO-AYc,Yugam Kitchen,places,en,263,28.72709535,77.08585015,28.727579799999997,77.08397169999999,0,del,Delhi,2026-09-01T02:59:27.061213Z
ChIJr_2R2AcHDTkRJknqik7FVvs,Kim Momos,places,en,263,28.72709535,77.08585015,28.7272564,77.08374979999999,0,del,Delhi,2026-09-01T02:59:27.061220Z
ChIJtbkrMKwHDTkReauuQHFKZW4,Piinacle Caakery,places,en,263,28.72709535,77.08585015,28.7254748,77.0869752,0,del,Delhi,2026-09-01T02:59:27.061228Z
ChIJm5e4yMYGDTkRCj-Vt1GVglY,Shama Chicken Corner 1,places,en,263,28.72709535,77.08585015,28.7292426,77.0859141,0,del,Delhi,2026-09-01T02:59:27.061234Z
ChIJzwcLWQAHDTkRsCMMTftlvIE,Masala munch,places,en,263,28.72709535,77.08585015,28.7255177,77.0877145,0,del,Delhi,2026-09-01T02:59:27.061244Z
ChIJ9fKBe60HDTkR87Ps2OdJyfU,Taprii The Chai Bar – Sector 24 Rohini,places,en,263,28.72709535,77.08585015,28.7293725,77.0863914,0,del,Delhi,2026-09-01T02:59:27.061287Z
ChIJ15ncUi4HDTkRs_0fRAN8hN0,Shaan-E-Zayka,places,en,263,28.72709535,77.08585015,28.729426999999998,77.0860744,0,del,Delhi,2026-09-01T02:59:27.061296Z
ChIJ9YrknLgGDTkR6PfS7ier8-c,Max Bakers,places,en,263,28.72709535,77.08585015,28.7251169,77.0872828,0,del,Delhi,2026-09-01T02:59:27.061303Z
ChIJS9TfkCYHDTkRG0x_e20KGp8,Green Mark Point,places,en,263,28.72709535,77.08585015,28.725099399999994,77.0872986,0,del,Delhi,2026-09-01T02:59:27.061311Z
ChIJ7ccD0hwHDTkRSog1JF2IlMA,Western Pizza Hub,places,en,263,28.72709535,77.08585015,28.729438400000003,77.08633429999999,0,del,Delhi,2026-09-01T02:59:27.061317Z
ChIJpRWKz54HDTkRNAUJ5tIS460,Tiffin Junction,places,en,263,28.72709535,77.08585015,28.728452299999997,77.0881034,0,del,Delhi,2026-09-01T02:59:27.061324Z
ChIJVYOVNqEHDTkRzOv6NosrlB8,The Spice Kitchen,places,en,263,28.72709535,77.08585015,28.728452299999997,77.0881034,0,del,Delhi,2026-09-01T02:59:27.061331Z
ChIJ3cesRAAHDTkRKfeoOJL4DSI,Artisan cafe,places,en,263,28.72709535,77.08585015,28.7295055,77.0859396,0,del,Delhi,2026-09-01T02:59:27.061338Z
ChIJd0A7KLQHDTkR7xzXO4Q57CA,Delhi Belly Cafe Kiosk,places,en,264,28.735677799999998,77.09475385,28.7345528,77.0953692,0,del,Delhi,2026-09-01T02:59:27.464649Z
ChIJT4nwIu0HDTkR-ff5HuRrqGs,Bitehub by Jain's,places,en,264,28.735677799999998,77.09475385,28.734157200000002,77.0955307,0,del,Delhi,2026-09-01T02:59:27.464658Z
ChIJwQqBzFcHDTkR6uY4lHfXkLI,Tanya Tiffin Service,places,en,264,28.735677799999998,77.09475385,28.734409099999997,77.096105,0,del,Delhi,2026-09-01T02:59:27.464660Z
ChIJ2Z4D2YABDTkR_WN7bjpvOTE,Sindhi pakwan,places,en,264,28.735677799999998,77.09475385,28.734844999999996,77.097046,0,del,Delhi,2026-09-01T02:59:27.464662Z
ChIJNY8gVAAHDTkR2ct7GXNMxeQ,Delhi belly,places,en,264,28.735677799999998,77.09475385,28.733460299999997,77.0959139,0,del,Delhi,2026-09-01T02:59:27.464663Z
ChIJsXE9ALoDDTkRwIgbnv2ZdIQ,Macaroons n Toons,places,en,265,28.695554700000002,77.11242995,28.695998699999997,77.1123729,0,del,Delhi,2026-09-01T02:59:27.774468Z
ChIJnQSOU4cDDTkRG1-mD_uZyyI,Taste Garage,places,en,266,28.685089150000003,77.13572529999999,28.684891899999997,77.1355104,0,del,Delhi,2026-09-01T02:59:28.110074Z
ChIJ6Vu8FfkDDTkRkRXiXNztBAw,OMZAP FOODGASM,places,en,266,28.685089150000003,77.13572529999999,28.684894699999994,77.13530949999999,0,del,Delhi,2026-09-01T02:59:28.110080Z
ChIJRYMPNbQDDTkRUwFfc5bbj2E,Guru ji tiffin services,places,en,266,28.685089150000003,77.13572529999999,28.685363600000002,77.1352137,0,del,Delhi,2026-09-01T02:59:28.110081Z
ChIJl0FDjsADDTkRUrKbBypYmb0,MOMBOX KITCHEN TIFFIN SERVICE,places,en,266,28.685089150000003,77.13572529999999,28.6849542,77.1348981,0,del,Delhi,2026-09-01T02:59:28.110083Z
ChIJc8UH6ccDDTkRQDH50_k3LnY,Make My Day,places,en,266,28.685089150000003,77.13572529999999,28.683918799999994,77.1358693,0,del,Delhi,2026-09-01T02:59:28.110084Z
ChIJB-JTD5kDDTkRl5jmUeCg5Uo,Vegetable shop,places,en,266,28.685089150000003,77.13572529999999,28.683957,77.13618910000001,0,del,Delhi,2026-09-01T02:59:28.110086Z
ChIJCeySDbgDDTkRFr5X4t2K4cU,Bikaner Corner Wala,places,en,266,28.685089150000003,77.13572529999999,28.6837392,77.1358783,0,del,Delhi,2026-09-01T02:59:28.110087Z
ChIJq-CGVXcDDTkRpTaKAeo9tlY,SHREE JI JUICE & EATERY,places,en,266,28.685089150000003,77.13572529999999,28.683851499999996,77.1365031,0,del,Delhi,2026-09-01T02:59:28.110088Z
ChIJN5jsyMcDDTkRSjeilj4Zjks,Mannu Veg Valley,places,en,266,28.685089150000003,77.13572529999999,28.6865207,77.1357811,0,del,Delhi,2026-09-01T02:59:28.110090Z
ChIJW4rv9AcDDTkRfOUtxha12cM,TASTY TASTY FOOD,places,en,266,28.685089150000003,77.13572529999999,28.683629300000003,77.1351461,0,del,Delhi,2026-09-01T02:59:28.110091Z
ChIJ-Yg9FAsDDTkRxzDHKAGXi0Y,Madina Meet Shop,places,en,266,28.685089150000003,77.13572529999999,28.683731700000003,77.13714110000001,0,del,Delhi,2026-09-01T02:59:28.110092Z
ChIJOZdODbgDDTkRitXCLT1ZGQo,Punjabi Zaika,places,en,266,28.685089150000003,77.13572529999999,28.6831466,77.1357883,0,del,Delhi,2026-09-01T02:59:28.110093Z
ChIJ7Q6t7wsDDTkRYcImWIChKRY,3536 A/5 Raja park,places,en,266,28.685089150000003,77.13572529999999,28.6832597,77.13492889999999,0,del,Delhi,2026-09-01T02:59:28.110095Z
ChIJaUTzEU4DDTkRqSSFRJRNPa4,Umesh Fast Food,places,en,266,28.685089150000003,77.13572529999999,28.684686499999998,77.1334643,0,del,Delhi,2026-09-01T02:59:28.110096Z
ChIJsbTh0_wDDTkRIDqs-3FRs3A,Trivedis Cloud Kitchen,places,en,266,28.685089150000003,77.13572529999999,28.6863682,77.1337716,0,del,Delhi,2026-09-01T02:59:28.110097Z
ChIJP0-rHrgDDTkRfYKd4MmHjIQ,Punjabi Zaika Chicken Corner,places,en,266,28.685089150000003,77.13572529999999,28.6831028,77.1368987,0,del,Delhi,2026-09-01T02:59:28.110098Z
ChIJA0UEYgADDTkR-CpKP25EHDc,Darbar E Punjab,places,en,266,28.685089150000003,77.13572529999999,28.6832577,77.1371941,0,del,Delhi,2026-09-01T02:59:28.110100Z
ChIJvf5VK6gDDTkRDnt2WpwlSxE,CHICKENBAAZ,places,en,266,28.685089150000003,77.13572529999999,28.6832811,77.1372605,0,del,Delhi,2026-09-01T02:59:28.110101Z
ChIJ_5stEPgDDTkRidqXqEyHzd8,LOC (Lord of Cuisines),places,en,266,28.685089150000003,77.13572529999999,28.6833405,77.1373713,0,del,Delhi,2026-09-01T02:59:28.110102Z
ChIJ1V7e87cDDTkRB13JzH3kFno,K.G South Indian Food,places,en,266,28.685089150000003,77.13572529999999,28.683377999999994,77.1374721,0,del,Delhi,2026-09-01T02:59:28.110103Z
ChIJ9dhsqnkBDTkRX-4ONoDYPIM,Hong Kong Chaap Burger,places,en,267,28.709237899999998,77.1192448,28.709450300000004,77.1196393,0,del,Delhi,2026-09-01T02:59:28.512478Z
ChIJI9iimCcBDTkRIXZw6vO0Myk,Food korner,places,en,267,28.709237899999998,77.1192448,28.7097139,77.11967349999999,0,del,Delhi,2026-09-01T02:59:28.512482Z
ChIJC8L_pJIBDTkRGFGc0__Jsp0,Say Momos,places,en,267,28.709237899999998,77.1192448,28.7098989,77.1194153,0,del,Delhi,2026-09-01T02:59:28.512484Z
ChIJEc1SUksBDTkRcoKm5GhDkRE,Jain Bhai Ki Mashoor Khasta Matar Kachori,places,en,267,28.709237899999998,77.1192448,28.708467900000002,77.119907,0,del,Delhi,2026-09-01T02:59:28.512486Z
ChIJfTY6PLcBDTkRndkU01xkINw,Madurai Cafe,places,en,267,28.709237899999998,77.1192448,28.708221899999995,77.119361,0,del,Delhi,2026-09-01T02:59:28.512487Z
ChIJl9eq334BDTkRgZqdaJz-_yc,Bus adda,places,en,267,28.709237899999998,77.1192448,28.710321899999997,77.1195726,0,del,Delhi,2026-09-01T02:59:28.512489Z
ChIJ-R1cZAABDTkRouu1PmkZpD8,Pandit Ji Food Corner,places,en,267,28.709237899999998,77.1192448,28.710251000000003,77.119791,0,del,Delhi,2026-09-01T02:59:28.512490Z
ChIJCbxLXKwBDTkRgIZqV4E7pa8,Anish Momos Corner,places,en,267,28.709237899999998,77.1192448,28.7105459,77.1197309,0,del,Delhi,2026-09-01T02:59:28.512492Z
ChIJBZlLkGkBDTkRLpEdf7cprLQ,Manish Panipuri,places,en,267,28.709237899999998,77.1192448,28.7105459,77.1197309,0,del,Delhi,2026-09-01T02:59:28.512493Z
ChIJQZUnx14BDTkRy7_5kWkITCk,Gopal Dhaba,places,en,267,28.709237899999998,77.1192448,28.709946700000003,77.12081529999999,0,del,Delhi,2026-09-01T02:59:28.512494Z
ChIJu37Wck8BDTkRLjHH8k3s1YU,Rajeev,places,en,267,28.709237899999998,77.1192448,28.708061500000003,77.1179539,0,del,Delhi,2026-09-01T02:59:28.512496Z
ChIJoe7LOgABDTkRS_KjPDPGhr4,Hola Pasta- Fresh Gourmet Pasta,places,en,267,28.709237899999998,77.1192448,28.7080569,77.11795409999999,0,del,Delhi,2026-09-01T02:59:28.512497Z
ChIJiW8skF8BDTkRFIcY92BwR00,Cloud Kitchen,places,en,267,28.709237899999998,77.1192448,28.7080569,77.11795409999999,0,del,Delhi,2026-09-01T02:59:28.512498Z
ChIJ9aOGcxIBDTkRE-F7aFZVX_I,Punjabi Chaap Corner,places,en,267,28.709237899999998,77.1192448,28.708003299999998,77.1179664,0,del,Delhi,2026-09-01T02:59:28.512499Z
ChIJTRy3MQABDTkRb6re7gVcbvU,Braj mohan chat corner,places,en,267,28.709237899999998,77.1192448,28.710773399999997,77.1200673,0,del,Delhi,2026-09-01T02:59:28.512501Z
ChIJIb3C53UBDTkRKcH2T1vvqmw,AMBA FOODS,places,en,267,28.709237899999998,77.1192448,28.710137900000003,77.1209224,0,del,Delhi,2026-09-01T02:59:28.512502Z
ChIJc799kjQCDTkR2poFDvVhhSo,Dance Asia Plus,places,en,267,28.709237899999998,77.1192448,28.710098499999997,77.1173658,0,del,Delhi,2026-09-01T02:59:28.512503Z
ChIJiwDzFFMBDTkRU4QxrEqwzm8,Pet Puja,places,en,267,28.709237899999998,77.1192448,28.707266,77.1193691,0,del,Delhi,2026-09-01T02:59:28.512504Z
ChIJO5YvODgBDTkRMJwIaMmnWO8,SINGH SAAB JI CHAAP WALE,places,en,267,28.709237899999998,77.1192448,28.711037899999997,77.1202294,0,del,Delhi,2026-09-01T02:59:28.512506Z
ChIJ-3vo_10BDTkRlejRhUfSuQM,Mumbai special,places,en,267,28.709237899999998,77.1192448,28.7109804,77.1203632,0,del,Delhi,2026-09-01T02:59:28.512507Z
ChIJWfDsBQADDTkRiCsVhcvX1vU,TUBATA,places,en,268,28.70257865,77.13098405,28.703183700000004,77.131022,0,del,Delhi,2026-09-01T02:59:28.847546Z
ChIJ15TcUQADDTkRQ5LB_Gz7K-Q,Haldiram's - Madhuban Chowk,places,en,268,28.70257865,77.13098405,28.7031875,77.1310625,0,del,Delhi,2026-09-01T02:59:28.847555Z
ChIJMfVPutsDDTkRv-F5D7EMJwo,Yash Gupta Tea Stall,places,en,268,28.70257865,77.13098405,28.703235199999998,77.131593,0,del,Delhi,2026-09-01T02:59:28.847557Z
ChIJ21L6dQ0DDTkR2frBT4s9NH8,Rajan Kumar,places,en,268,28.70257865,77.13098405,28.703783399999995,77.1313258,0,del,Delhi,2026-09-01T02:59:28.847559Z
ChIJKyNmaYgDDTkRc1TGuJZdsdM,Art of herbs & American juices,places,en,268,28.70257865,77.13098405,28.7037718,77.1317292,0,del,Delhi,2026-09-01T02:59:28.847560Z
ChIJs6-OO54DDTkRzFhqWfzNp6k,Delhi6 chaat corner,places,en,268,28.70257865,77.13098405,28.703109999999995,77.13247,0,del,Delhi,2026-09-01T02:59:28.847562Z
ChIJVWmTYQADDTkRlQotCh0MYyY,Dilli che restaurant,places,en,268,28.70257865,77.13098405,28.703269600000002,77.13242009999999,0,del,Delhi,2026-09-01T02:59:28.847563Z
ChIJ-aKeeHYDDTkR_xElQjj2dQc,Laxman Kumar Shop,places,en,268,28.70257865,77.13098405,28.701348900000003,77.1299959,0,del,Delhi,2026-09-01T02:59:28.847564Z
ChIJpXTEWeQDDTkR1f1Ma8bxgJ4,Bachan dev shah,places,en,268,28.70257865,77.13098405,28.703811199999997,77.131913,0,del,Delhi,2026-09-01T02:59:28.847566Z
ChIJR_jp138DDTkRuxaic1ZlFPw,Adda Khaney Ka,places,en,268,28.70257865,77.13098405,28.7010696,77.1308729,0,del,Delhi,2026-09-01T02:59:28.847567Z
ChIJBar1AdwDDTkRUGueBcA-muc,Mohammad Aafak Muradabadi Chicken Corner,places,en,268,28.70257865,77.13098405,28.7009926,77.1308316,0,del,Delhi,2026-09-01T02:59:28.847568Z
ChIJLT-Fa94DDTkRsdIIcT6tUZs,Burger Singh | Pitampura | Delhi,places,en,268,28.70257865,77.13098405,28.7036799,77.132285,0,del,Delhi,2026-09-01T02:59:28.847570Z
ChIJpbBDf8IDDTkRjezGBWxmJGc,SNCK SHACK,places,en,268,28.70257865,77.13098405,28.703447699999998,77.1325487,0,del,Delhi,2026-09-01T02:59:28.847571Z
ChIJ368NPdkDDTkRKOSD7rr2ScU,Sagar Ratna Restaurant,places,en,268,28.70257865,77.13098405,28.703350699999994,77.13267809999999,0,del,Delhi,2026-09-01T02:59:28.847572Z
ChIJOyXbs0cDDTkRI6lcwGNpZ7Q,VEGETARIAN RASOI,places,en,268,28.70257865,77.13098405,28.700818299999998,77.1307885,0,del,Delhi,2026-09-01T02:59:28.847573Z
ChIJZUL-HAADDTkRnCCuNTr7hoo,Himalaya Dhaba,places,en,268,28.70257865,77.13098405,28.700847,77.1303977,0,del,Delhi,2026-09-01T02:59:28.847575Z
ChIJfTSFYAADDTkRrkg5WVF7g9o,Badri Prasad Ramesh Kumar,places,en,268,28.70257865,77.13098405,28.7043045,77.13038030000001,0,del,Delhi,2026-09-01T02:59:28.847576Z
ChIJj1TeVvgDDTkRbkeJR9maHhI,3 Dost Food Cart,places,en,268,28.70257865,77.13098405,28.70432,77.13163899999999,0,del,Delhi,2026-09-01T02:59:28.847577Z
ChIJw2zuE9kDDTkRunZZINlOw1U,Domino's Pizza,places,en,268,28.70257865,77.13098405,28.703006,77.13310729999999,0,del,Delhi,2026-09-01T02:59:28.847578Z
ChIJB9BKlAoDDTkR-c2LxythEsE,Angithi chef,places,en,268,28.70257865,77.13098405,28.700866599999998,77.1320226,0,del,Delhi,2026-09-01T02:59:28.847579Z
ChIJz_fodAADDTkRbuhsJbsID64,Girimomos centre,places,en,269,28.69855955,77.13323455,28.699118300000002,77.1318796,0,del,Delhi,2026-09-01T02:59:29.170313Z
ChIJ01Q_7xMDDTkRUEKaq3OQyvg,Narender Ande Wala,places,en,269,28.69855955,77.13323455,28.699393,77.1345273,0,del,Delhi,2026-09-01T02:59:29.170324Z
ChIJ08DQjdADDTkR92kXnXEsSgg,Deem seem Chinese Food,places,en,269,28.69855955,77.13323455,28.699393,77.1345273,0,del,Delhi,2026-09-01T02:59:29.170326Z
ChIJqa4BimUDDTkRYU2T-RD-GXI,Rajkumar Ji Naan Wale,places,en,269,28.69855955,77.13323455,28.699457100000004,77.1345649,0,del,Delhi,2026-09-01T02:59:29.170328Z
ChIJXwycKaUDDTkRktKKjk_WnNU,Anaya Fast Food,places,en,269,28.69855955,77.13323455,28.699284900000002,77.1316597,0,del,Delhi,2026-09-01T02:59:29.170330Z
ChIJWUn9VSYCDTkRy7soiLrMyXA,Subs N Shakes,places,en,269,28.69855955,77.13323455,28.696901800000003,77.1338777,0,del,Delhi,2026-09-01T02:59:29.170331Z
ChIJ74rYcioDDTkRcC5i2rC483A,Thapa Fast Food,places,en,269,28.69855955,77.13323455,28.699818499999996,77.13187909999999,0,del,Delhi,2026-09-01T02:59:29.170332Z
ChIJaceB4IcDDTkRRh6tIQP78JE,Kishori Sah,places,en,269,28.69855955,77.13323455,28.698184899999998,77.1306625,0,del,Delhi,2026-09-01T02:59:29.170334Z
ChIJ7ddTtUADDTkRV1ziUqobEng,Five Wellness,places,en,270,28.692305599999997,77.14197580000001,28.692845799999994,77.1420299,0,del,Delhi,2026-09-01T02:59:29.593639Z
ChIJG3TVPB4DDTkRo-sUBDD2jFM,"Verdure Salads - Grazing, Charcuterie Boards - Delhi NCR",places,en,270,28.692305599999997,77.14197580000001,28.692845799999994,77.14202999999999,0,del,Delhi,2026-09-01T02:59:29.593672Z
ChIJF9gQSf8DDTkRPH4fB7duVx4,So Seoul korean cafe - Pitampura,places,en,270,28.692305599999997,77.14197580000001,28.693146099999996,77.1426903,0,del,Delhi,2026-09-01T02:59:29.593683Z
ChIJn_EkMgADDTkRh9Xe-1A8bPA,Yum Theory,places,en,270,28.692305599999997,77.14197580000001,28.6932635,77.142841,0,del,Delhi,2026-09-01T02:59:29.593691Z
ChIJY4jUirMDDTkRe3nXfFJ63Zg,As Chicken corner,places,en,270,28.692305599999997,77.14197580000001,28.6932954,77.1431128,0,del,Delhi,2026-09-01T02:59:29.593698Z
ChIJAQAA1M4DDTkRg8iNpCrgUCo,GREEN kitchen,places,en,270,28.692305599999997,77.14197580000001,28.6915532,77.1403337,0,del,Delhi,2026-09-01T02:59:29.593705Z
ChIJSZdi2s4DDTkRpvD7MCv67vM,Vaishnav Chaat & Caterers,places,en,270,28.692305599999997,77.14197580000001,28.6915115,77.1403229,0,del,Delhi,2026-09-01T02:59:29.593712Z
ChIJ8WyDTlsDDTkRXSh0P8Tbn0Y,THE CUBA BYTE'S,places,en,270,28.692305599999997,77.14197580000001,28.6945239,77.141427,0,del,Delhi,2026-09-01T02:59:29.593719Z
ChIJxTxAKgADDTkRwAFSWZKyAVA,Shakurpur j block,places,en,270,28.692305599999997,77.14197580000001,28.691356799999998,77.1445804,0,del,Delhi,2026-09-01T02:59:29.593726Z
ChIJXwWX_egDDTkR9iT-NWYzjbI,hungry bird,places,en,270,28.692305599999997,77.14197580000001,28.6903713,77.14394279999999,0,del,Delhi,2026-09-01T02:59:29.593733Z
ChIJrQJwCzUCDTkRXSX4aMnn-fM,BREAD PKODE WALA,places,en,271,28.6872648,77.15038469999999,28.687011299999998,77.15049359999999,0,del,Delhi,2026-09-01T02:59:29.996076Z
ChIJ3_Y5cvcDDTkRGuPclUjxBHs,Santosh Food Corner,places,en,271,28.6872648,77.15038469999999,28.6876014,77.1502294,0,del,Delhi,2026-09-01T02:59:29.996103Z
ChIJAQ6dRg4DDTkRF8YQZ2xF_rc,BPW Corner,places,en,271,28.6872648,77.15038469999999,28.6873552,77.151083,0,del,Delhi,2026-09-01T02:59:29.996110Z
ChIJWwWIOlwDDTkRVXcMQhrl9EA,Soni Dairy And General Store,places,en,271,28.6872648,77.15038469999999,28.687781500000003,77.15078009999999,0,del,Delhi,2026-09-01T02:59:29.996116Z
ChIJP_qNmpsDDTkR11uF19JNpbk,Sagar Chowmein Corner,places,en,271,28.6872648,77.15038469999999,28.686849,77.1495023,0,del,Delhi,2026-09-01T02:59:29.996122Z
ChIJbTP5FwADDTkR8Nv2mCK5HJQ,Rohit kumar,places,en,271,28.6872648,77.15038469999999,28.6882289,77.14917849999999,0,del,Delhi,2026-09-01T02:59:29.996127Z
ChIJ_yupwPADDTkRrM9nnjMtN2Q,Rk Restaurant,places,en,271,28.6872648,77.15038469999999,28.687208199999997,77.1485998,0,del,Delhi,2026-09-01T02:59:29.996132Z
ChIJExJ9RA4DDTkRresoLNIIDTA,Krishan Shop,places,en,271,28.6872648,77.15038469999999,28.6857703,77.1496214,0,del,Delhi,2026-09-01T02:59:29.996137Z
ChIJe96dcnkDDTkR1ZiR5Or-Y0g,South Indian Food,places,en,271,28.6872648,77.15038469999999,28.687424399999998,77.1482207,0,del,Delhi,2026-09-01T02:59:29.996142Z
ChIJ0dOsq2ADDTkRebzFtP_7ygs,Nosher Khan,places,en,271,28.6872648,77.15038469999999,28.687678799999997,77.1480919,0,del,Delhi,2026-09-01T02:59:29.996148Z
ChIJjZViKssDDTkRRM6-ow2KNlc,Lajij Chicken Biryani,places,en,271,28.6872648,77.15038469999999,28.688466,77.148332,0,del,Delhi,2026-09-01T02:59:29.996153Z
ChIJ6QIO0DQCDTkRq84LX-ZU2rk,Al Hashain Chicken Corner,places,en,271,28.6872648,77.15038469999999,28.6892587,77.14924580000002,0,del,Delhi,2026-09-01T02:59:29.996158Z
ChIJDWG9KcsDDTkR_q4Q-p_5pL0,AL TAJ HOTEL,places,en,271,28.6872648,77.15038469999999,28.688496899999997,77.14803529999999,0,del,Delhi,2026-09-01T02:59:29.996163Z
ChIJdYihglkDDTkRABA4nHbIlFI,Chicken Badshah,places,en,271,28.6872648,77.15038469999999,28.688664399999997,77.14805550000001,0,del,Delhi,2026-09-01T02:59:29.996168Z
ChIJLbBcEFwDDTkR3VZk5v3zSg4,SANJUR HOTEL,places,en,271,28.6872648,77.15038469999999,28.6886285,77.1480016,0,del,Delhi,2026-09-01T02:59:29.996173Z
ChIJZ1Rcl1IDDTkR1GSSqMhUDCc,Naazu ki Rasoi,places,en,271,28.6872648,77.15038469999999,28.685882,77.1479307,0,del,Delhi,2026-09-01T02:59:29.996178Z
ChIJm0_3tY4DDTkRFg1mVsYc6oY,Subhash chicken corner,places,en,271,28.6872648,77.15038469999999,28.6865429,77.1475748,0,del,Delhi,2026-09-01T02:59:29.996183Z
ChIJeX41L5oDDTkR8x9pxgdZJck,Pizza Planet,places,en,271,28.6872648,77.15038469999999,28.686608699999997,77.1475415,0,del,Delhi,2026-09-01T02:59:29.996188Z
ChIJd74WLNQDDTkRy3ZEuVoPQ0o,mukesh Store,places,en,271,28.6872648,77.15038469999999,28.685184099999997,77.1485553,0,del,Delhi,2026-09-01T02:59:29.996192Z
ChIJVWEql8MDDTkRgmUwkQqwxfA,Shambhu Fast Food,places,en,271,28.6872648,77.15038469999999,28.689510499999994,77.1488657,0,del,Delhi,2026-09-01T02:59:29.996197Z
ChIJZdyoWVkFDTkR17fH4WwZ3VQ,NK Fast Food,places,en,272,28.69596225,77.09454629999999,28.696241899999997,77.0941782,0,del,Delhi,2026-09-01T02:59:30.351548Z
ChIJx7N5OjMFDTkR30sJelpExuk,Jaggi Tandoori Chicken,places,en,272,28.69596225,77.09454629999999,28.696401,77.09429899999999,0,del,Delhi,2026-09-01T02:59:30.351579Z
ChIJFT_ltIoFDTkRHDjnH5a1PTI,Jitender Fast Food,places,en,272,28.69596225,77.09454629999999,28.695298100000002,77.094222,0,del,Delhi,2026-09-01T02:59:30.351584Z
ChIJC28GOfcFDTkR53t9gmA1bI4,Rajesh Tea Stall,places,en,272,28.69596225,77.09454629999999,28.6955175,77.0953456,0,del,Delhi,2026-09-01T02:59:30.351615Z
ChIJLT76BAAFDTkRGcQt4m3PXUg,Nitin chinese food,places,en,272,28.69596225,77.09454629999999,28.6958849,77.09344779999999,0,del,Delhi,2026-09-01T02:59:30.351620Z
ChIJYT6Ek4UFDTkRBwXVZ9RChn8,Nitin Chinese Food shop,places,en,272,28.69596225,77.09454629999999,28.6957768,77.0932643,0,del,Delhi,2026-09-01T02:59:30.351624Z
ChIJWUNJoJMFDTkRkofRDkmeN4g,Da Pizza Factory,places,en,272,28.69596225,77.09454629999999,28.6963972,77.0930844,0,del,Delhi,2026-09-01T02:59:30.351628Z
ChIJ58GIrfoFDTkR2NIqLPjBiag,Sachin Chow Chow Momos,places,en,272,28.69596225,77.09454629999999,28.696395899999995,77.0930547,0,del,Delhi,2026-09-01T02:59:30.351631Z
ChIJafKf7wQEDTkRAyIyc-4tkdw,# Tag Food,places,en,272,28.69596225,77.09454629999999,28.6953699,77.0929431,0,del,Delhi,2026-09-01T02:59:30.351635Z
ChIJVTZCUsAFDTkRhBYU6X-5Chs,Nitin Chinese food fectory & cloud kichan,places,en,272,28.69596225,77.09454629999999,28.696766699999998,77.0961678,0,del,Delhi,2026-09-01T02:59:30.351638Z
ChIJVdsIuAoFDTkRGgVNYcuctFo,MISHTHI FAST FOOD,places,en,272,28.69596225,77.09454629999999,28.6964523,77.09278139999999,0,del,Delhi,2026-09-01T02:59:30.351642Z
ChIJezha44cFDTkR6r47oHfAsq0,THE KING OF CHINESE,places,en,272,28.69596225,77.09454629999999,28.696161199999995,77.0925974,0,del,Delhi,2026-09-01T02:59:30.351646Z
ChIJ8c2gSjUFDTkRPl2MXhyNFqQ,Pakiza Halal Meat Shop,places,en,272,28.69596225,77.09454629999999,28.6950674,77.096773,0,del,Delhi,2026-09-01T02:59:30.351649Z
ChIJQTc7uyUFDTkR_YrugYBVL8E,Desi Tadka,places,en,272,28.69596225,77.09454629999999,28.695708900000003,77.09198599999999,0,del,Delhi,2026-09-01T02:59:30.351652Z
ChIJJxZ2eV0FDTkRbAMsJFzOkNE,Zayka Chicken Corner,places,en,272,28.69596225,77.09454629999999,28.695996400000002,77.09192759999999,0,del,Delhi,2026-09-01T02:59:30.351656Z
ChIJJeRDwM8FDTkRaWrDmOyZQ6k,Royal Cafe - Pizza and Burger Cafe,places,en,272,28.69596225,77.09454629999999,28.694032699999998,77.09309449999999,0,del,Delhi,2026-09-01T02:59:30.351660Z
ChIJjVi476kFDTkRC8uAC_7P6bk,Indian Mutton Chicken Shop,places,en,272,28.69596225,77.09454629999999,28.694611899999998,77.0967051,0,del,Delhi,2026-09-01T02:59:30.351663Z
ChIJk1pe2esDDTkR-Z0LQTBHRBY,FOOD COMA,places,en,272,28.69596225,77.09454629999999,28.6956742,77.091835,0,del,Delhi,2026-09-01T02:59:30.351667Z
ChIJo6PF2qYFDTkRwTVvxGvj21Q,Shyam Biryani Point,places,en,272,28.69596225,77.09454629999999,28.6940408,77.0927408,0,del,Delhi,2026-09-01T02:59:30.351670Z
ChIJZ7cvyFIFDTkRTdXG2qPkQcI,Monis Biryani Point,places,en,272,28.69596225,77.09454629999999,28.6940302,77.0927459,0,del,Delhi,2026-09-01T02:59:30.351674Z
ChIJWRT1oawGDTkRqqdGqL5d3M4,Jai mata store,places,en,273,28.71038255,77.1025925,28.709994899999998,77.10267000000002,0,del,Delhi,2026-09-01T02:59:30.684892Z
ChIJF188_3EHDTkRULDkvPvYaco,AUR KHAO MOMO,places,en,273,28.71038255,77.1025925,28.709637899999997,77.1025285,0,del,Delhi,2026-09-01T02:59:30.684924Z
ChIJEc_PjVIHDTkRLUxPCYlzDmc,amit fast food,places,en,273,28.71038255,77.1025925,28.710500099999997,77.1014117,0,del,Delhi,2026-09-01T02:59:30.684937Z
ChIJ0Y4oLgAHDTkRcZ-c-guDgHw,Delhi 6 chicken corner,places,en,273,28.71038255,77.1025925,28.710916100000002,77.10155449999999,0,del,Delhi,2026-09-01T02:59:30.684945Z
ChIJcTaMEM4BDTkRjrzAIKJYhJ4,Om de Chole Bhature,places,en,273,28.71038255,77.1025925,28.711495099999993,77.10342729999999,0,del,Delhi,2026-09-01T02:59:30.684953Z
ChIJo5q-bRgBDTkRZbxdTJ7TIrs,Bar of Burger,places,en,273,28.71038255,77.1025925,28.7119486,77.1030546,0,del,Delhi,2026-09-01T02:59:30.684960Z
ChIJ57MGW3EBDTkR8iOtBpHgSqE,Sarvesh Shop,places,en,273,28.71038255,77.1025925,28.712018300000004,77.10250409999999,0,del,Delhi,2026-09-01T02:59:30.684967Z
ChIJtT6mI2IHDTkRC_zC0I4nMZ4,Madhu's Kitchen,places,en,273,28.71038255,77.1025925,28.708872999999997,77.10174599999999,0,del,Delhi,2026-09-01T02:59:30.684974Z
ChIJu7oeZXgHDTkRlMQMdOZyTWg,Hari Om Amritsari Nan,places,en,273,28.71038255,77.1025925,28.712100699999993,77.10230659999999,0,del,Delhi,2026-09-01T02:59:30.684981Z
ChIJZy2xPwkHDTkRMiYCM1yE1Nc,Shree Shyam Pizza,places,en,273,28.71038255,77.1025925,28.708968400000003,77.1013739,0,del,Delhi,2026-09-01T02:59:30.684988Z
ChIJ-_Cv0KwGDTkRDBpFTOAkNbg,Shri Shyam Vaishno Dhaba,places,en,273,28.71038255,77.1025925,28.7121573,77.10179819999999,0,del,Delhi,2026-09-01T02:59:30.684995Z
ChIJZcFS-GcHDTkR6xdXeDMzheM,Yash Foodies Corner,places,en,273,28.71038255,77.1025925,28.708830799999994,77.1014075,0,del,Delhi,2026-09-01T02:59:30.685002Z
ChIJmQINEy8HDTkRRYt236MKXVQ,A one punjabi restaurant,places,en,273,28.71038255,77.1025925,28.7090616,77.1010515,0,del,Delhi,2026-09-01T02:59:30.685009Z
ChIJ-Ywq7a4HDTkRnJeIBWcwQ1w,Herbs and spices,places,en,273,28.71038255,77.1025925,28.712125499999996,77.10162319999999,0,del,Delhi,2026-09-01T02:59:30.685016Z
ChIJ7wuIP9QBDTkRvKPTiFfYtn8,Mughlai Chicken,places,en,273,28.71038255,77.1025925,28.712262000000003,77.1034844,0,del,Delhi,2026-09-01T02:59:30.685023Z
ChIJQYqSZgAHDTkRYRioCAj6fu0,Yara ka adda,places,en,273,28.71038255,77.1025925,28.7089797,77.1009162,0,del,Delhi,2026-09-01T02:59:30.685030Z
ChIJgVSDXH8HDTkRijl0q79Myxo,Thaalikart,places,en,273,28.71038255,77.1025925,28.7084736,77.1018036,0,del,Delhi,2026-09-01T02:59:30.685036Z
ChIJr6iPueAHDTkRLY_DdE_zmDY,Milan Gupta,places,en,273,28.71038255,77.1025925,28.712296499999997,77.101579,0,del,Delhi,2026-09-01T02:59:30.685043Z
ChIJX8VvMwAHDTkR82uwTt3VpMo,Momo Point,places,en,273,28.71038255,77.1025925,28.7122592,77.10128809999999,0,del,Delhi,2026-09-01T02:59:30.685050Z
ChIJ2feE8awGDTkRyzvBJphvInA,R.K Chinese Fast Food,places,en,273,28.71038255,77.1025925,28.712186999999997,77.10105999999999,0,del,Delhi,2026-09-01T02:59:30.685057Z
ChIJfSuIarYHDTkRC6LGQSrMcOg,Kabira fast food,places,en,274,28.712192,77.09898865,28.712243599999997,77.0994948,0,del,Delhi,2026-09-01T02:59:31.122224Z
ChIJ4xnjOMEHDTkRvhyE8ha5lEw,Deepak Fast Food,places,en,274,28.712192,77.09898865,28.711741300000003,77.09877949999999,0,del,Delhi,2026-09-01T02:59:31.122249Z
ChIJhS1OHBIHDTkRojregwt9M60,Krishana Dhaba (शुद्ध शाकाहारी),places,en,274,28.712192,77.09898865,28.712125399999998,77.0999642,0,del,Delhi,2026-09-01T02:59:31.122261Z
ChIJuTyWIXgHDTkRD_s5cHpRUAw,Shri Krishna Tiffin services,places,en,274,28.712192,77.09898865,28.7124382,77.1000681,0,del,Delhi,2026-09-01T02:59:31.122267Z
ChIJB_5WSJ4HDTkRojBTltfAwho,JD Meals,places,en,274,28.712192,77.09898865,28.712593799999997,77.1005969,0,del,Delhi,2026-09-01T02:59:31.122271Z
ChIJrZGwPMcHDTkRc9nvh-2529g,Swad Ghar Ka (SGK),places,en,274,28.712192,77.09898865,28.7108049,77.0981743,0,del,Delhi,2026-09-01T02:59:31.122276Z
ChIJr_i-bAAHDTkRY7ajDUkk-4A,Uma Tiffin Services,places,en,274,28.712192,77.09898865,28.713796400000003,77.0992713,0,del,Delhi,2026-09-01T02:59:31.122280Z
ChIJM5AmmCkHDTkRoOEd0AWZCOc,Meetu Mittal Store,places,en,274,28.712192,77.09898865,28.712996600000004,77.1007083,0,del,Delhi,2026-09-01T02:59:31.122284Z
ChIJ29lMRbIHDTkRdTkZV2qPRlc,Taj Hotel,places,en,274,28.712192,77.09898865,28.712923799999995,77.1009189,0,del,Delhi,2026-09-01T02:59:31.122289Z
ChIJcTPdGK0GDTkRRHoN7RBnwOY,श्री कृष्णा दाबा,places,en,274,28.712192,77.09898865,28.712942299999998,77.10091609999999,0,del,Delhi,2026-09-01T02:59:31.122294Z
ChIJ51f9egAHDTkR16BxznLkESc,Ankush kumar,places,en,274,28.712192,77.09898865,28.713999,77.098474,0,del,Delhi,2026-09-01T02:59:31.122298Z
ChIJFdC1eAAHDTkRzgBBk0VzZd4,Shri ram bikaner sweet,places,en,274,28.712192,77.09898865,28.7111202,77.097033,0,del,Delhi,2026-09-01T02:59:31.122303Z
ChIJkbB5abIFDTkRAbUnV5LpNjg,Momos bhai,places,en,274,28.712192,77.09898865,28.713683899999996,77.09727579999999,0,del,Delhi,2026-09-01T02:59:31.122306Z
ChIJfTYsj9gHDTkR2fhd6hgstnk,Yadav Veg Biryani,places,en,274,28.712192,77.09898865,28.7144016,77.0992512,0,del,Delhi,2026-09-01T02:59:31.122310Z
ChIJxV21JgAHDTkRl8trCGdtsME,The pasta & wok,places,en,274,28.712192,77.09898865,28.713798699999998,77.0972273,0,del,Delhi,2026-09-01T02:59:31.122314Z
ChIJrfisFAAHDTkR9P0tF--dWAA,Mannat Sweet & Food Corner,places,en,274,28.712192,77.09898865,28.714297499999997,77.0979916,0,del,Delhi,2026-09-01T02:59:31.122319Z
ChIJg86QMNOrDTkRroTC8C1_gBQ,MUSKAN DHABA,places,en,276,28.8323887,77.1072863,28.8309929,77.1071968,0,del,Delhi,2026-09-01T02:59:31.785280Z
ChIJQZ3lr3mrDTkR3WVJg0jPxXk,Anshu Fast Food,places,en,276,28.8323887,77.1072863,28.8324468,77.10531569999999,0,del,Delhi,2026-09-01T02:59:31.785324Z
ChIJvTU7GwCrDTkRDSnB3Eaoj_g,आकाश का ढाबा,places,en,276,28.8323887,77.1072863,28.8322694,77.10526039999999,0,del,Delhi,2026-09-01T02:59:31.785336Z
ChIJLa11wcerDTkRucM3Bi95EWA,Dilkhush Pan Bhandar,places,en,276,28.8323887,77.1072863,28.830008699999997,77.10811989999999,0,del,Delhi,2026-09-01T02:59:31.785344Z
ChIJwY94c4v7DDkRW-_qkIe_lJc,Nitya,places,en,277,28.714857000000002,77.31084179999999,28.715678699999994,77.312144,0,del,Delhi,2026-09-01T02:59:32.193994Z
ChIJ7chxLwD7DDkRdgXbvRcxwRU,Pizza heaven,places,en,277,28.714857000000002,77.31084179999999,28.716929199999996,77.3095384,0,del,Delhi,2026-09-01T02:59:32.194033Z
ChIJIVsCXgD7DDkR8Jb8lfdecOo,Steam & Spices,places,en,277,28.714857000000002,77.31084179999999,28.7166198,77.3087201,0,del,Delhi,2026-09-01T02:59:32.194045Z
ChIJzYQLSQD7DDkRntyYpVrfAkw,(ASIAN FOODS) The Spicy Vittles,places,en,277,28.714857000000002,77.31084179999999,28.7171508,77.30947119999999,0,del,Delhi,2026-09-01T02:59:32.194053Z
ChIJob1fBA_7DDkRnf9YGsQfjBE,Parth house,places,en,278,28.694489599999997,77.30199255,28.694813,77.3014389,0,del,Delhi,2026-09-01T02:59:32.611537Z
ChIJp2kXhAv7DDkRv3bpPvR-T80,Luv Kush Fast Food,places,en,278,28.694489599999997,77.30199255,28.695223399999996,77.30216349999999,0,del,Delhi,2026-09-01T02:59:32.611577Z
ChIJ2TUfw5P7DDkRx6Bw3Cp5_TA,Shifa Naan House,places,en,278,28.694489599999997,77.30199255,28.695251900000002,77.30213680000001,0,del,Delhi,2026-09-01T02:59:32.611587Z
ChIJrfVdbnT7DDkRgDHoZoBfguQ,NANAK CHAND EGG STORE,places,en,278,28.694489599999997,77.30199255,28.695341300000003,77.3020386,0,del,Delhi,2026-09-01T02:59:32.611595Z
ChIJp1WUBNr7DDkRNzUPJ0Ln0hU,Chinese Fast Food,places,en,278,28.694489599999997,77.30199255,28.6958141,77.30134799999999,0,del,Delhi,2026-09-01T02:59:32.611602Z
ChIJv8TNC2T7DDkR1sAcNw3t0Cs,Deepak Bhai Roll Wale,places,en,278,28.694489599999997,77.30199255,28.6949332,77.3038488,0,del,Delhi,2026-09-01T02:59:32.611610Z
ChIJ52JuSFP7DDkR3WmCAMOlKzU,Zaika Restaurant,places,en,278,28.694489599999997,77.30199255,28.694884799999997,77.30397889999999,0,del,Delhi,2026-09-01T02:59:32.611617Z
ChIJ6Ttp6KD7DDkRxbd7VKGTTuc,The Pizza Burger Zone,places,en,278,28.694489599999997,77.30199255,28.6952674,77.2999332,0,del,Delhi,2026-09-01T02:59:32.611624Z
ChIJ1zlMXgD7DDkR-m8LcPUF8TQ,Bhajanpura,places,en,278,28.694489599999997,77.30199255,28.6941201,77.3042534,0,del,Delhi,2026-09-01T02:59:32.611631Z
ChIJq6YUuoz7DDkRCIMTOFhcZVc,Pizza hub,places,en,278,28.694489599999997,77.30199255,28.6953282,77.3041259,0,del,Delhi,2026-09-01T02:59:32.611638Z
ChIJdcOZmyH7DDkRwhLKujhUydQ,Himalayan momo xpress,places,en,278,28.694489599999997,77.30199255,28.695078100000003,77.2993712,0,del,Delhi,2026-09-01T02:59:32.611645Z
ChIJ0RHSbgD7DDkRACI00dissNg,शर्मा जी कचौड़ी भंडार,places,en,278,28.694489599999997,77.30199255,28.695896799999996,77.29963769999999,0,del,Delhi,2026-09-01T02:59:32.611652Z
ChIJU1eC1fr7DDkR_bofeF1d-wM,Al Baik Burgers,places,en,278,28.694489599999997,77.30199255,28.6963827,77.3039513,0,del,Delhi,2026-09-01T02:59:32.611659Z
ChIJqUB-7MT7DDkRxdR24qcPG10,Lunchbox_Dilshad Garden,places,en,279,28.67337075,77.31636105,28.6746257,77.31649159999999,0,del,Delhi,2026-09-01T02:59:32.954033Z
ChIJL6wQ9vX7DDkRzC5a-nFHp_k,Wendy's Dilshad Garden,places,en,279,28.67337075,77.31636105,28.674625499999998,77.316503,0,del,Delhi,2026-09-01T02:59:32.954052Z
ChIJH-RnZp37DDkR1Y1gi_XRLYo,(L.O.C) Last Offence Cafe,places,en,279,28.67337075,77.31636105,28.6746464,77.3165387,0,del,Delhi,2026-09-01T02:59:32.954057Z
ChIJYz_ZT9D7DDkRsshk78pw6Ak,Sweet Truth Dilshad Garden,places,en,279,28.67337075,77.31636105,28.674661,77.3165066,0,del,Delhi,2026-09-01T02:59:32.954061Z
ChIJl-tozeL7DDkR2WGeeZ_da2s,Street sandwich,places,en,279,28.67337075,77.31636105,28.675252499999996,77.3163562,0,del,Delhi,2026-09-01T02:59:32.954065Z
ChIJA1JSFvj7DDkRr5iUYzUER7E,Nourri Cafe & Patisserie,places,en,279,28.67337075,77.31636105,28.671208900000003,77.3168675,0,del,Delhi,2026-09-01T02:59:32.954068Z
ChIJMfzn6gv7DDkROdbntkzi1Q0,Bhup Singh Fast Food,places,en,279,28.67337075,77.31636105,28.673977899999997,77.3138258,0,del,Delhi,2026-09-01T02:59:32.954072Z
ChIJL1uhS2_7DDkRCorHmXa9jGg,Swaad सुगंध,places,en,279,28.67337075,77.31636105,28.6711901,77.3176301,0,del,Delhi,2026-09-01T02:59:32.954076Z
ChIJo91wqq37DDkRbnyPKdfgdw4,SRS - House of Chaat,places,en,279,28.67337075,77.31636105,28.671269299999995,77.31782849999999,0,del,Delhi,2026-09-01T02:59:32.954080Z
ChIJMyeOjw_7DDkRy4JhVGjPGOU,Vishal Chhole Bhature,places,en,279,28.67337075,77.31636105,28.6713298,77.3179574,0,del,Delhi,2026-09-01T02:59:32.954083Z
ChIJm-JnvPv7DDkRFGez3RJNDyU,Agogcloudkitchen,places,en,279,28.67337075,77.31636105,28.6711568,77.317623,0,del,Delhi,2026-09-01T02:59:32.954087Z
ChIJhQsOKGr7DDkRB2f1A8LbNjc,Cheese Bite Pizza,places,en,279,28.67337075,77.31636105,28.6711568,77.317623,0,del,Delhi,2026-09-01T02:59:32.954091Z
ChIJBWGYHwD7DDkRtdJVlyQPnls,THE WAFFLE THEORY,places,en,279,28.67337075,77.31636105,28.6713257,77.317968,0,del,Delhi,2026-09-01T02:59:32.954094Z
ChIJ9wVamrj7DDkR64zXoTI9d0U,Cigar Kitchen & Bar,places,en,279,28.67337075,77.31636105,28.6754368,77.31469369999999,0,del,Delhi,2026-09-01T02:59:32.954097Z
ChIJ4QG3Ie37DDkR0N71B4hut-0,Amar Kitchen,places,en,279,28.67337075,77.31636105,28.6711779,77.3179062,0,del,Delhi,2026-09-01T02:59:32.954101Z
ChIJSb2w-j77DDkR3532HlSTDO0,The pizza King,places,en,279,28.67337075,77.31636105,28.671258899999998,77.3182042,0,del,Delhi,2026-09-01T02:59:32.954104Z
ChIJJSgAUa0BDTkRneZI5Hm3JTE,Raj Kumar,places,en,280,28.7497507,77.14372215,28.749436300000003,77.143221,0,del,Delhi,2026-09-01T02:59:33.316941Z
ChIJfVCTXAEBDTkR4NsLRjxvPZk,Mama Ji Burger King,places,en,280,28.7497507,77.14372215,28.7492659,77.14333930000001,0,del,Delhi,2026-09-01T02:59:33.316966Z
ChIJu99DTgABDTkRmwpbCkkxEmw,Deep Darbar,places,en,280,28.7497507,77.14372215,28.7491147,77.14371419999999,0,del,Delhi,2026-09-01T02:59:33.316974Z
ChIJgTbfKr8BDTkRZa2GXVmHHLo,Krunchy Burger,places,en,280,28.7497507,77.14372215,28.749719900000002,77.1429165,0,del,Delhi,2026-09-01T02:59:33.316980Z
ChIJRVs8TwEBDTkRN1xBCk_G7jg,Yum Yum Pizza,places,en,280,28.7497507,77.14372215,28.7487491,77.143793,0,del,Delhi,2026-09-01T02:59:33.316985Z
ChIJ5WKBdwEBDTkRdqdJiekBjtE,Ramesh Dhaba,places,en,280,28.7497507,77.14372215,28.750816999999998,77.14350499999999,0,del,Delhi,2026-09-01T02:59:33.316990Z
ChIJ77WEVVkBDTkRdsLxqmhkGZ8,Spicy & Delicious,places,en,280,28.7497507,77.14372215,28.750107600000003,77.1425561,0,del,Delhi,2026-09-01T02:59:33.316995Z
ChIJgRREdgEBDTkR0gl-3YTrwxA,Sunjay Dhaba,places,en,280,28.7497507,77.14372215,28.7508856,77.1436887,0,del,Delhi,2026-09-01T02:59:33.317001Z
ChIJO3H_pH0BDTkRSi-PSLk3OgQ,Jai shiv sweet corner,places,en,280,28.7497507,77.14372215,28.749606399999998,77.1449976,0,del,Delhi,2026-09-01T02:59:33.317006Z
ChIJ3SCRpx8BDTkRcPEsXHBl2a8,The feed zone,places,en,280,28.7497507,77.14372215,28.7484824,77.1439218,0,del,Delhi,2026-09-01T02:59:33.317011Z
ChIJb0RPGwABDTkRTJmdbe_kNQo,Chunna,places,en,280,28.7497507,77.14372215,28.7484824,77.1439218,0,del,Delhi,2026-09-01T02:59:33.317016Z
ChIJ-YpQstABDTkRre9m2MDfRQ0,Maha Kal Fast Food,places,en,280,28.7497507,77.14372215,28.7483406,77.1434565,0,del,Delhi,2026-09-01T02:59:33.317021Z
ChIJjcuRgw4BDTkR2IjmsJFS-Vo,Aggarwal Misthan Bhandar,places,en,280,28.7497507,77.14372215,28.748348500000002,77.1440655,0,del,Delhi,2026-09-01T02:59:33.317026Z
ChIJp-f9zAMBDTkRybWblYT3ylA,Rama Sweets,places,en,280,28.7497507,77.14372215,28.7504407,77.1419238,0,del,Delhi,2026-09-01T02:59:33.317031Z
ChIJnYVEsT8BDTkRBU6GwLDw1bg,Sonu Shop,places,en,280,28.7497507,77.14372215,28.748096600000004,77.1432538,0,del,Delhi,2026-09-01T02:59:33.317036Z
ChIJ41LmXVgHDTkRiO1TqlhESsU,The Chicken Garh,places,en,280,28.7497507,77.14372215,28.7506192,77.1419794,0,del,Delhi,2026-09-01T02:59:33.317041Z
ChIJs_LxtB0BDTkRMqznXfT3KxY,Bhagwati Dhaba,places,en,280,28.7497507,77.14372215,28.750619399999994,77.14197949999999,0,del,Delhi,2026-09-01T02:59:33.317046Z
ChIJFTr5zAMBDTkR8Nk3Qo8Iw34,RR Bikaner Sweets,places,en,280,28.7497507,77.14372215,28.750670000000003,77.1418482,0,del,Delhi,2026-09-01T02:59:33.317051Z
ChIJBUL0ZgEBDTkRhc4F7Sn4DXg,Utsav rasoi,places,en,280,28.7497507,77.14372215,28.7479165,77.142926,0,del,Delhi,2026-09-01T02:59:33.317056Z
ChIJW4BSC-wBDTkROLGet74P1EU,D CAFE,places,en,280,28.7497507,77.14372215,28.748949699999994,77.14115989999999,0,del,Delhi,2026-09-01T02:59:33.317061Z
ChIJpdHOEvD-DDkR8KOhW226n3k,YUMMY FAST FOOD,places,en,281,28.7498733,77.25168930000001,28.7518207,77.25060479999999,0,del,Delhi,2026-09-01T02:59:33.732138Z
ChIJxSxDn6D_DDkRixNXeab7dCw,R S HANDLOOM,places,en,281,28.7498733,77.25168930000001,28.752163499999998,77.250337,0,del,Delhi,2026-09-01T02:59:33.732158Z
ChIJg_7PebEFDTkRhTzQK78xoA8,Shawarma City,places,en,282,28.66508,77.08751715,28.666674099999998,77.087114,0,del,Delhi,2026-09-01T02:59:34.060267Z
ChIJd8Vw-j0FDTkR2QFsgFNS6xM,Hunger's Hut - Momos & More,places,en,282,28.66508,77.08751715,28.6634649,77.0862971,0,del,Delhi,2026-09-01T02:59:34.060291Z
ChIJr7JzF2QEDTkRe0gLYNn_pVc,Brijwasi Communication,places,en,282,28.66508,77.08751715,28.663564,77.086023,0,del,Delhi,2026-09-01T02:59:34.060297Z
ChIJRcjMPQAFDTkRd5Jyma-3chw,FOMO MOMO CART ( MOMOS & SHAWARMA ),places,en,282,28.66508,77.08751715,28.667183100000003,77.0871186,0,del,Delhi,2026-09-01T02:59:34.060301Z
ChIJlcUGmnEFDTkRn5CXdMwJtls,The Pizza Cart,places,en,282,28.66508,77.08751715,28.667389299999996,77.0870767,0,del,Delhi,2026-09-01T02:59:34.060305Z
ChIJCWhuS9IFDTkRRjGihAgYvQQ,Simmi's Kitchen by CakeyBakey,places,en,282,28.66508,77.08751715,28.665242,77.09054359999999,0,del,Delhi,2026-09-01T02:59:34.060310Z
ChIJfSCU0PsDDTkRJqLdmeW7n4Q,Mystery of Eggs,places,en,283,28.65546625,77.1455987,28.6557024,77.1445645,0,del,Delhi,2026-09-01T02:59:34.410414Z
ChIJ39YpAW8DDTkRH9NA60DbJMQ,RED LEAF HOTEL,places,en,283,28.65546625,77.1455987,28.6566419,77.1463626,0,del,Delhi,2026-09-01T02:59:34.410444Z
ChIJzbPa39kDDTkRWmMVP1BOM50,My Fit Food | Kirti Nagar,places,en,283,28.65546625,77.1455987,28.655066099999996,77.1437096,0,del,Delhi,2026-09-01T02:59:34.410455Z
ChIJAQAAAAMDDTkRL2AlJvpdcsE,Deep Chicken Corner,places,en,283,28.65546625,77.1455987,28.654848499999996,77.14372759999999,0,del,Delhi,2026-09-01T02:59:34.410462Z
ChIJe53HAQADDTkR7XuTeYP0EDM,FitDish (Your Healthy Kitchen),places,en,283,28.65546625,77.1455987,28.654812500000002,77.1436875,0,del,Delhi,2026-09-01T02:59:34.410470Z
ChIJOxfv9R4DDTkRaJsstf1d0do,Deep Fruits Pvt Ltd,places,en,283,28.65546625,77.1455987,28.655225299999998,77.14352559999999,0,del,Delhi,2026-09-01T02:59:34.410477Z
ChIJpUrwmMcDDTkR-YwvUYTSu6k,SIZZZLE N SERVE,places,en,283,28.65546625,77.1455987,28.653486399999995,77.1466094,0,del,Delhi,2026-09-01T02:59:34.410484Z
ChIJL3Mr8QIDDTkR3xiIKIpxbMM,Cabana's,places,en,283,28.65546625,77.1455987,28.6534376,77.1465989,0,del,Delhi,2026-09-01T02:59:34.410491Z
ChIJx7Q29AMDDTkRlbHoWQ3N048,Bawa Chicken,places,en,283,28.65546625,77.1455987,28.655254,77.1429805,0,del,Delhi,2026-09-01T02:59:34.410497Z
ChIJv-Jk9awDDTkRGHDULKnj-WM,CHEF DAD,places,en,283,28.65546625,77.1455987,28.653196400000002,77.1446011,0,del,Delhi,2026-09-01T02:59:34.410504Z
ChIJGWHdbsgDDTkRP6PrGzciFWQ,Fat Tiger Epicah Mall,places,en,283,28.65546625,77.1455987,28.657926299999996,77.14501039999999,0,del,Delhi,2026-09-01T02:59:34.410511Z
ChIJc4jfgbIDDTkRf_vfLzAkFKI,The Indian Stories,places,en,283,28.65546625,77.1455987,28.657898499999998,77.14483129999999,0,del,Delhi,2026-09-01T02:59:34.410518Z
ChIJyQgcFgADDTkReQAyJ-Iq68s,Taco Bell,places,en,283,28.65546625,77.1455987,28.6580164,77.1450352,0,del,Delhi,2026-09-01T02:59:34.410525Z
ChIJRwCJrQIDDTkRpFWtQZSbNqI,Raahat kitchen by Ritika Enterprise,places,en,283,28.65546625,77.1455987,28.6579611,77.14478009999999,0,del,Delhi,2026-09-01T02:59:34.410532Z
ChIJkW3mxXYDDTkRUdPq3b-4rfI,KFC,places,en,283,28.65546625,77.1455987,28.658039,77.14512599999999,0,del,Delhi,2026-09-01T02:59:34.410539Z
ChIJ923Wbsb9DDkRZHZxGbdKxZQ,Chawnsan Chef BBQ Mukherjee Nagar,places,en,284,28.705759999999998,77.2024794,28.7073521,77.2027925,0,del,Delhi,2026-09-01T02:59:34.830481Z
ChIJ22JPLAD9DDkRwCseXD_RKOQ,Kapoor Chicken Junction,places,en,284,28.705759999999998,77.2024794,28.707376699999998,77.2026046,0,del,Delhi,2026-09-01T02:59:34.830512Z
ChIJBbb_gn_9DDkRAeHrel4FPFI,JD CHINESE FOOD HUB,places,en,284,28.705759999999998,77.2024794,28.707374,77.2026899,0,del,Delhi,2026-09-01T02:59:34.830518Z
ChIJDXBeTG39DDkRmK460qJvbsI,Nimma Nimma Nom,places,en,284,28.705759999999998,77.2024794,28.7072625,77.20320679999999,0,del,Delhi,2026-09-01T02:59:34.830523Z
ChIJGbNiaSr9DDkRjvoUCT99Gp8,Da kebab's & More..,places,en,284,28.705759999999998,77.2024794,28.707376999999997,77.2027813,0,del,Delhi,2026-09-01T02:59:34.830527Z
ChIJz0tW2bj9DDkR0GHccf59ETs,Faasos Mukherjee Nagar,places,en,284,28.705759999999998,77.2024794,28.7073516,77.2029438,0,del,Delhi,2026-09-01T02:59:34.830531Z
ChIJ9Q8mg_v9DDkR9FhCWu10nB8,Apna Punjabi Zaika,places,en,284,28.705759999999998,77.2024794,28.707393,77.20270889999999,0,del,Delhi,2026-09-01T02:59:34.830536Z
ChIJEwsmxRMDDTkRD_qq4mmYfNA,Combos N Curries,places,en,284,28.705759999999998,77.2024794,28.707334999999997,77.203064,0,del,Delhi,2026-09-01T02:59:34.830540Z
ChIJEWK2yun9DDkRIWkV5HsDfaU,KESARI TIKKA,places,en,284,28.705759999999998,77.2024794,28.7074368,77.2027513,0,del,Delhi,2026-09-01T02:59:34.830544Z
ChIJz5eucT39DDkRsPCg9wiysuo,Sahni Fish Corner,places,en,284,28.705759999999998,77.2024794,28.707434499999998,77.2028002,0,del,Delhi,2026-09-01T02:59:34.830548Z
ChIJb_Z8J3n9DDkRdSY3AbhZSss,Firangi Bake,places,en,284,28.705759999999998,77.2024794,28.707419999999995,77.20293000000001,0,del,Delhi,2026-09-01T02:59:34.830552Z
ChIJ7anaYsj9DDkRBp9S6BdcCeY,Sweet Truth Mukherjee Nagar,places,en,284,28.705759999999998,77.2024794,28.707419999999995,77.20293000000001,0,del,Delhi,2026-09-01T02:59:34.830556Z
ChIJm6dqbUv9DDkRj_mdBD1s4MU,TIKKA JUNCTION,places,en,284,28.705759999999998,77.2024794,28.707447799999997,77.20277279999999,0,del,Delhi,2026-09-01T02:59:34.830560Z
ChIJBfS60d39DDkRxL036bhy58I,Chitrakut Bhojnalya,places,en,284,28.705759999999998,77.2024794,28.707486099999993,77.202635,0,del,Delhi,2026-09-01T02:59:34.830564Z
ChIJ0f4o1wb9DDkRgI8Hi6nB0U8,Oh Delhi - A Fusion Kitchen,places,en,284,28.705759999999998,77.2024794,28.707442999999998,77.202995,0,del,Delhi,2026-09-01T02:59:34.830568Z
ChIJTQ8yXvz9DDkRfnMIQ5LTuC0,Shawarma Point,places,en,284,28.705759999999998,77.2024794,28.7074498,77.203107,0,del,Delhi,2026-09-01T02:59:34.830572Z
ChIJH9LpOgD9DDkRLc8RIZtyjnk,Fogon,places,en,284,28.705759999999998,77.2024794,28.7074747,77.2030537,0,del,Delhi,2026-09-01T02:59:34.830576Z
ChIJpeXIFzH9DDkRSvjhDDbE0Fo,Mandarin Oak Mukherjee Nagar,places,en,284,28.705759999999998,77.2024794,28.7075169,77.2029888,0,del,Delhi,2026-09-01T02:59:34.830580Z
ChIJQ1qtg_v9DDkRZH8f6hpAEjo,Tandoori junction,places,en,284,28.705759999999998,77.2024794,28.707518000000004,77.2029867,0,del,Delhi,2026-09-01T02:59:34.830584Z
ChIJk4fGYPv9DDkRV7INARDInTA,Hulk's Burger,places,en,284,28.705759999999998,77.2024794,28.707546,77.2029285,0,del,Delhi,2026-09-01T02:59:34.830588Z
ChIJ7832EQABDTkRFySQMq3_HHY,Youth se youth tak,places,en,285,28.77333115,77.18003535,28.7716665,77.1796451,0,del,Delhi,2026-09-01T02:59:35.231528Z
ChIJWwBaOAABDTkR7wyOuiNtBTA,Panna Cafe,places,en,285,28.77333115,77.18003535,28.771627,77.1792309,0,del,Delhi,2026-09-01T02:59:35.231549Z
ChIJQ2HCw-8BDTkRXSbA1YU2Mt8,Hills Man dhaba,places,en,285,28.77333115,77.18003535,28.771043,77.1808886,0,del,Delhi,2026-09-01T02:59:35.231576Z
ChIJR_JdLSEBDTkRmlLLkLQA-1Y,Street Burger,places,en,286,28.77144235,77.18247009999999,28.7712757,77.1827692,0,del,Delhi,2026-09-01T02:59:35.559502Z
ChIJwRF_k8sBDTkRFAecWahyVkM,The Live Pizza,places,en,286,28.77144235,77.18247009999999,28.7698043,77.1827093,0,del,Delhi,2026-09-01T02:59:35.559534Z
ChIJ0eb2TiUADTkRaQb4vj9v9V4,AMIT FAST FOOD,places,en,286,28.77144235,77.18247009999999,28.770059300000003,77.1835057,0,del,Delhi,2026-09-01T02:59:35.559545Z
ChIJM65MLS4BDTkR7OezOsamFC0,Food Maniacs by Raws,places,en,286,28.77144235,77.18247009999999,28.769880099999998,77.1810519,0,del,Delhi,2026-09-01T02:59:35.559555Z
ChIJ3zX3VboBDTkROLqN1mwSmCE,AD HAKKA NOODLES POINT,places,en,286,28.77144235,77.18247009999999,28.769894999999995,77.1807917,0,del,Delhi,2026-09-01T02:59:35.559563Z
ChIJkcx8ZAj_DDkRcEiqzBDlL1U,Wait and taste fast food van,places,en,286,28.77144235,77.18247009999999,28.7698158,77.18014339999999,0,del,Delhi,2026-09-01T02:59:35.559572Z
ChIJtaA-egCpDTkRfWGkD7NpU9M,The chiefs food,places,en,288,28.849394500000002,77.08557400000001,28.849120400000004,77.0873503,0,del,Delhi,2026-09-01T02:59:36.282747Z
ChIJc3deLNKpDTkRF1ylRn3dZ6A,PUNJABI AAGE OYE,places,en,288,28.849394500000002,77.08557400000001,28.8484927,77.08708089999999,0,del,Delhi,2026-09-01T02:59:36.282778Z
ChIJFyMtEwCpDTkRXrIMTOJGKjA,Suraj tikki bhandar,places,en,288,28.849394500000002,77.08557400000001,28.8508764,77.08647160000001,0,del,Delhi,2026-09-01T02:59:36.282789Z
ChIJ7zOgMyqpDTkRALSUWdSXXfY,Tau ki dukaan,places,en,288,28.849394500000002,77.08557400000001,28.8512701,77.0858362,0,del,Delhi,2026-09-01T02:59:36.282796Z
ChIJezBV22-pDTkRIaqs1eGCs0o,Shree Ratan's Restaurant,places,en,288,28.849394500000002,77.08557400000001,28.8512795,77.0860289,0,del,Delhi,2026-09-01T02:59:36.282804Z
ChIJp4AtxmWpDTkRGJgSPeD7KlU,Rustic Oven Cafe,places,en,288,28.849394500000002,77.08557400000001,28.8508302,77.087075,0,del,Delhi,2026-09-01T02:59:36.282811Z
ChIJAZjJs_epDTkRveRxZVvhbZY,Raman Aone Momos,places,en,288,28.849394500000002,77.08557400000001,28.850881899999997,77.0870753,0,del,Delhi,2026-09-01T02:59:36.282818Z
ChIJ1VaZzhOpDTkRSGW0OQB7p3c,Atrangi Kitchen,places,en,288,28.849394500000002,77.08557400000001,28.8512465,77.08469099999999,0,del,Delhi,2026-09-01T02:59:36.282825Z
ChIJRfqi3YOpDTkREsNhlUtnKxk,Bhai Ji Rasoi,places,en,288,28.849394500000002,77.08557400000001,28.850232300000002,77.0876899,0,del,Delhi,2026-09-01T02:59:36.282832Z
ChIJT2m95fWpDTkR9ummH8Ca76M,Sonipat Ka Mashhur Ghevar,places,en,288,28.849394500000002,77.08557400000001,28.850397599999997,77.0877402,0,del,Delhi,2026-09-01T02:59:36.282839Z
ChIJZ0L47c-pDTkRERSBBkrClSU,Famous Roll Corner,places,en,288,28.849394500000002,77.08557400000001,28.8507038,77.0876799,0,del,Delhi,2026-09-01T02:59:36.282845Z
ChIJpzr4ZwCpDTkRssasQ6PXmLo,The Boba Dragon,places,en,288,28.849394500000002,77.08557400000001,28.850877800000003,77.0876329,0,del,Delhi,2026-09-01T02:59:36.282852Z
ChIJJdVBsAipDTkRKqQ2mb--afQ,Educated Chai Wala,places,en,288,28.849394500000002,77.08557400000001,28.847155299999997,77.08667439999999,0,del,Delhi,2026-09-01T02:59:36.282859Z
ChIJQ8Fvj3GpDTkRG1V95Ao8cSc,The burger stand,places,en,288,28.849394500000002,77.08557400000001,28.850769099999997,77.0878716,0,del,Delhi,2026-09-01T02:59:36.282866Z
ChIJgfeF0XGpDTkRAAAAcDYpxE8,khazan chole bhature,places,en,288,28.849394500000002,77.08557400000001,28.850957599999997,77.0877211,0,del,Delhi,2026-09-01T02:59:36.282872Z
ChIJ3z9LKbKpDTkRrHle5AHD298,Pizza Galleria Narela,places,en,288,28.849394500000002,77.08557400000001,28.850986700000004,77.0877047,0,del,Delhi,2026-09-01T02:59:36.282879Z
ChIJhSxF0nGpDTkRNOWwqWaDOBo,Saini Kachori Bhandar®,places,en,288,28.849394500000002,77.08557400000001,28.8508024,77.0878944,0,del,Delhi,2026-09-01T02:59:36.282887Z
ChIJq-b3XnKpDTkRZeEPyq6DZcs,D 'Con Pizza,places,en,288,28.849394500000002,77.08557400000001,28.8494281,77.0825669,0,del,Delhi,2026-09-01T02:59:36.282894Z
ChIJq5ok40v9DDkR0KfiwnmguLg,The Meeting Point,places,en,289,28.7109155,77.2853473,28.711346100000004,77.28612319999999,0,del,Delhi,2026-09-01T02:59:36.623188Z
ChIJXaswRQD9DDkRL7YwwT06q0I,Jay shree shyam shweet,places,en,289,28.7109155,77.2853473,28.712178200000004,77.2843336,0,del,Delhi,2026-09-01T02:59:36.623222Z
ChIJz_sOpZ79DDkRVNjSwfjVoE0,AMRITSARI KULCHE,places,en,289,28.7109155,77.2853473,28.708815299999998,77.28519740000002,0,del,Delhi,2026-09-01T02:59:36.623231Z
ChIJhzjwJ7z-DDkRvjj0rSZMPac,FIRST SLICE PIZZA,places,en,289,28.7109155,77.2853473,28.713010699999998,77.2860276,0,del,Delhi,2026-09-01T02:59:36.623239Z
ChIJZyFQefj7DDkRvhhB_Qtu1MQ,A-One Fast Food,places,en,289,28.7109155,77.2853473,28.712717,77.2868234,0,del,Delhi,2026-09-01T02:59:36.623258Z
ChIJ9Z3tqWb9DDkR3ERWKEZokwg,Sai veg biryani,places,en,289,28.7109155,77.2853473,28.713046700000003,77.28629649999999,0,del,Delhi,2026-09-01T02:59:36.623266Z
ChIJh1kqegD7DDkRQlcUcAT2phI,The Oven Villa,places,en,289,28.7109155,77.2853473,28.7129601,77.2865976,0,del,Delhi,2026-09-01T02:59:36.623274Z
ChIJ8W3iEwD7DDkRfEL38gYwoQ0,GreenKatora,places,en,289,28.7109155,77.2853473,28.712905,77.2867693,0,del,Delhi,2026-09-01T02:59:36.623281Z
ChIJYfF3CwD7DDkRQhLF9gbkqmw,The diet kitchen,places,en,289,28.7109155,77.2853473,28.712431799999997,77.2878696,0,del,Delhi,2026-09-01T02:59:36.623288Z
ChIJBxAiewCpDTkR-761yGOu0mU,Food 4 you,places,en,290,28.85950785,77.0924246,28.857677400000004,77.0931614,0,del,Delhi,2026-09-01T02:59:36.962148Z
ChIJTfBhAtqpDTkRWImTvLxhhqQ,Pankaj Ji Rolls,places,en,290,28.85950785,77.0924246,28.857255499999997,77.0923846,0,del,Delhi,2026-09-01T02:59:36.962181Z
ChIJB5B9VwCpDTkRN0-t3gs6Umg,Crazy Pizza,places,en,290,28.85950785,77.0924246,28.860496200000004,77.0948588,0,del,Delhi,2026-09-01T02:59:36.962192Z
ChIJMaTc5WWpDTkRigZ7Z6Ap9V4,The Food Story,places,en,290,28.85950785,77.0924246,28.8570732,77.0920186,0,del,Delhi,2026-09-01T02:59:36.962199Z
ChIJU4K-5WWpDTkRdDXy0kuSkik,The Hungry House,places,en,290,28.85950785,77.0924246,28.857058799999997,77.09194819999999,0,del,Delhi,2026-09-01T02:59:36.962207Z
ChIJubaQQAD9DDkRKnnDi6utRh4,KINGS KATHI ROLL & CHINESE FAST FOOD,places,en,291,28.702987,77.2200112,28.7011133,77.22101339999999,0,del,Delhi,2026-09-01T02:59:37.329356Z
ChIJt_PNmV39DDkR1PnbRpMeRac,Vijendra Chat Bandar,places,en,291,28.702987,77.2200112,28.703379100000003,77.2225078,0,del,Delhi,2026-09-01T02:59:37.329384Z
ChIJkdZMoMP9DDkRNqE0tb9mpNE,Punjabi Dhaba - Sanjhi Ram Dhaba,places,en,291,28.702987,77.2200112,28.700970299999994,77.221674,0,del,Delhi,2026-09-01T02:59:37.329391Z
ChIJzW4TKQD9DDkRX2dYUEnLoqg,Gupta ji Dhabba,places,en,292,28.7100365,77.22219305,28.710996599999994,77.222118,0,del,Delhi,2026-09-01T02:59:37.697266Z
ChIJYySk6IT9DDkRfnAM2GxOT5s,Khushboo Vaishno Dhaba,places,en,292,28.7100365,77.22219305,28.711152000000002,77.222185,0,del,Delhi,2026-09-01T02:59:37.697296Z
ChIJQaY31Tz9DDkR7UhNLAOMAxM,Litti Choka,places,en,292,28.7100365,77.22219305,28.710950699999998,77.2210334,0,del,Delhi,2026-09-01T02:59:37.697309Z
ChIJz3iFPQD9DDkRa27ikGceM_M,Fast food chawal chowmin,places,en,292,28.7100365,77.22219305,28.710986199999997,77.2208986,0,del,Delhi,2026-09-01T02:59:37.697317Z
ChIJ7ZnrJQD9DDkRjt3xn7k_8SU,INDO-NEPAL (Mama Bhanja food shop),places,en,292,28.7100365,77.22219305,28.7110603,77.2209534,0,del,Delhi,2026-09-01T02:59:37.697324Z
ChIJV4kS7d79DDkR5zEstu2EOj0,QURESHI HALAL MEAT CHICKEN SHOP,places,en,292,28.7100365,77.22219305,28.7112469,77.2211366,0,del,Delhi,2026-09-01T02:59:37.697332Z
ChIJM5258t79DDkRQiMF3Ik0rQ8,Gupta Ji Ki Rasoi,places,en,292,28.7100365,77.22219305,28.711138400000003,77.22087739999999,0,del,Delhi,2026-09-01T02:59:37.697339Z
ChIJ8-IRv4H9DDkRYFuFQfL8q68,Alhabadi Mini Samosa,places,en,292,28.7100365,77.22219305,28.7104181,77.2203079,0,del,Delhi,2026-09-01T02:59:37.697346Z
ChIJRevPTgD9DDkR-_4QLjF0ZtY,Radhe Krishna food South Indian,places,en,292,28.7100365,77.22219305,28.7103523,77.22022849999999,0,del,Delhi,2026-09-01T02:59:37.697353Z
ChIJVQ5dvh_9DDkRaBKOwhN0hzA,The Pal's Pizza Cafe,places,en,292,28.7100365,77.22219305,28.7103523,77.22022849999999,0,del,Delhi,2026-09-01T02:59:37.697360Z
ChIJb8aOZAD9DDkR7ELqvXVNoqk,Yukti Bhojnalaya,places,en,292,28.7100365,77.22219305,28.711396999999998,77.22066819999999,0,del,Delhi,2026-09-01T02:59:37.697367Z
ChIJdyWebw79DDkRI1OiKI0G1cg,SATWIK CHULHA,places,en,292,28.7100365,77.22219305,28.711025000000003,77.22022559999999,0,del,Delhi,2026-09-01T02:59:37.697374Z
ChIJq6qqXd79DDkRginWHbadxr0,Alam Moradabadi Chicken Biryani,places,en,292,28.7100365,77.22219305,28.7110974,77.21994099999999,0,del,Delhi,2026-09-01T02:59:37.697439Z
ChIJ_Sll3939DDkREBncHGj9iZ0,Amiko'S Pizza,places,en,292,28.7100365,77.22219305,28.709591799999995,77.2193365,0,del,Delhi,2026-09-01T02:59:37.697451Z
ChIJX4BsWgD9DDkR7_nOqr6RSCQ,The bone club,places,en,292,28.7100365,77.22219305,28.709551,77.21932079999999,0,del,Delhi,2026-09-01T02:59:37.697457Z
ChIJWWDK2N39DDkRDuq5Q-93c0Q,Amity Food,places,en,292,28.7100365,77.22219305,28.709551,77.21932079999999,0,del,Delhi,2026-09-01T02:59:37.697465Z
ChIJw8QGPQD9DDkRe7sBx-7TTBw,Punjabi dhaba,places,en,292,28.7100365,77.22219305,28.7118525,77.2201039,0,del,Delhi,2026-09-01T02:59:37.697542Z
ChIJf90qRdP9DDkRUDTilEaPfWw,Craving Bites(cloud kitchen),places,en,292,28.7100365,77.22219305,28.709776200000004,77.21916399999999,0,del,Delhi,2026-09-01T02:59:37.697554Z
ChIJHd9YXQD9DDkRuln0Bghz3zg,Kesar Caters,places,en,292,28.7100365,77.22219305,28.7100966,77.22518989999999,0,del,Delhi,2026-09-01T02:59:37.697562Z
ChIJvXL3u377DDkRbDOVUTQllOo,Food Circle,places,en,294,28.702603449999998,77.31708019999999,28.7021419,77.3184651,0,del,Delhi,2026-09-01T02:59:38.378893Z
ChIJ1wqAqF37DDkR9lk_L1QrtiM,Dosti Pizza,places,en,294,28.702603449999998,77.31708019999999,28.70402,77.3184241,0,del,Delhi,2026-09-01T02:59:38.378930Z
ChIJ9TiqSwD7DDkRbC6tJGmyn08,R❤️P Ki Rasoi,places,en,294,28.702603449999998,77.31708019999999,28.704362200000002,77.31576129999999,0,del,Delhi,2026-09-01T02:59:38.378941Z
ChIJ7V55PgD7DDkRGtWegYwfgsY,K❤️P Ki Rasoi,places,en,294,28.702603449999998,77.31708019999999,28.704362200000002,77.31576129999999,0,del,Delhi,2026-09-01T02:59:38.378949Z
ChIJnZwRUUH7DDkRN3i-NzRpUTU,Mukesh,places,en,294,28.702603449999998,77.31708019999999,28.7033234,77.31951959999999,0,del,Delhi,2026-09-01T02:59:38.378956Z
ChIJI6d56Fn7DDkR7NR3as2OH4M,Grills & buns,places,en,294,28.702603449999998,77.31708019999999,28.704100399999998,77.3147506,0,del,Delhi,2026-09-01T02:59:38.378964Z
ChIJX2LqsQj7DDkRrOyT0Y8UN2U,A1 Omelette,places,en,294,28.702603449999998,77.31708019999999,28.703454599999997,77.3199384,0,del,Delhi,2026-09-01T02:59:38.378971Z
ChIJk852rjr7DDkRbIDnsAArNPs,The Laziz Lunch,places,en,295,28.6875812,77.28900535,28.6875427,77.2879822,0,del,Delhi,2026-09-01T02:59:38.729995Z
ChIJ___-MYb7DDkRET7CHVeBoNs,Daddy's Pizza Point,places,en,295,28.6875812,77.28900535,28.686864399999997,77.2897309,0,del,Delhi,2026-09-01T02:59:38.730029Z
ChIJjWOvEQD7DDkRCvjhrgcb7L8,Delhi,places,en,295,28.6875812,77.28900535,28.688327700000002,77.29017309999999,0,del,Delhi,2026-09-01T02:59:38.730040Z
ChIJBRn7i1X7DDkRLjzY-mcZWgM,Krishna's Chole bhature,places,en,295,28.6875812,77.28900535,28.6862587,77.2889312,0,del,Delhi,2026-09-01T02:59:38.730048Z
ChIJK1-exKz7DDkRaur3eb6ZZc8,The Burger Company Shahdara,places,en,295,28.6875812,77.28900535,28.689061400000003,77.289282,0,del,Delhi,2026-09-01T02:59:38.730055Z
ChIJ7_s6CwD7DDkRtGA8wDqwGtA,Aggarwal Foods,places,en,295,28.6875812,77.28900535,28.68913,77.2898724,0,del,Delhi,2026-09-01T02:59:38.730063Z
ChIJmxupZkX7DDkRsaImKCmPygo,Mr. Jain Restaurant & Cafe,places,en,295,28.6875812,77.28900535,28.689397699999997,77.2889414,0,del,Delhi,2026-09-01T02:59:38.730070Z
ChIJX-cLnJX7DDkRsDzuf4XJsrY,"BAOZI MOMOS,SHAHDARA",places,en,295,28.6875812,77.28900535,28.689382300000002,77.2885404,0,del,Delhi,2026-09-01T02:59:38.730077Z
ChIJGex5GKL7DDkRf-6t1Z-w-r8,SGF - Shahdara,places,en,295,28.6875812,77.28900535,28.6893844,77.28854249999999,0,del,Delhi,2026-09-01T02:59:38.730084Z
ChIJu5zmMi39DDkRN5odzLCEvTY,The Pizza Bite Cafe,places,en,295,28.6875812,77.28900535,28.6893877,77.2885404,0,del,Delhi,2026-09-01T02:59:38.730091Z
ChIJbzj6iZj7DDkRY2ybfvkYPjo,AG Foods,places,en,295,28.6875812,77.28900535,28.689414499999998,77.2885536,0,del,Delhi,2026-09-01T02:59:38.730098Z
ChIJ82IN3OH7DDkR2C7JnwSElos,Momo On Plate,places,en,295,28.6875812,77.28900535,28.689488899999994,77.2896797,0,del,Delhi,2026-09-01T02:59:38.730105Z
ChIJ7_Rjz5r7DDkRXmionj8x2BM,Khadak Singh Da Dhaba,places,en,295,28.6875812,77.28900535,28.689442999999994,77.2898453,0,del,Delhi,2026-09-01T02:59:38.730112Z
ChIJNw00UwD7DDkRcKYcum3Ttjw,La Pino'z Pizza Durgapuri shahdara,places,en,295,28.6875812,77.28900535,28.6895462,77.28946950000001,0,del,Delhi,2026-09-01T02:59:38.730119Z
ChIJqTYvrYz7DDkRhNiPqsW6AY4,Zaika E Dilli- Best veg restaurant,places,en,295,28.6875812,77.28900535,28.6894206,77.2900323,0,del,Delhi,2026-09-01T02:59:38.730126Z
ChIJG2KJ0WD7DDkRhCytY2ABinE,Veer ji malai chaap wale,places,en,295,28.6875812,77.28900535,28.6894238,77.2902295,0,del,Delhi,2026-09-01T02:59:38.730133Z
ChIJMxYZroD7DDkR-MBdXRuI_P8,Subway Durgapuri Delhi,places,en,295,28.6875812,77.28900535,28.689216199999997,77.2874003,0,del,Delhi,2026-09-01T02:59:38.730140Z
ChIJb9GZvHH7DDkRrxaSI9orxpA,Verma Kitchen,places,en,295,28.6875812,77.28900535,28.6891759,77.2907637,0,del,Delhi,2026-09-01T02:59:38.730147Z
ChIJbypAzzz7DDkRAFiTbZ_mMLs,Vdmc malai chaap & khati kabab,places,en,295,28.6875812,77.28900535,28.6894232,77.2904394,0,del,Delhi,2026-09-01T02:59:38.730154Z
ChIJBWrSJiH9DDkRsNPfi33xBe0,Pizza Wings DurgaPuri (Delhi),places,en,295,28.6875812,77.28900535,28.6894774,77.28768819999999,0,del,Delhi,2026-09-01T02:59:38.730161Z
ChIJ1QRAdo_8DDkRKKvARIf3D_E,Shawarma King,places,en,296,28.6670753,77.27327585,28.6661233,77.2740122,0,del,Delhi,2026-09-01T02:59:39.088767Z
ChIJiyZhagD9DDkR4HmOi-AeGD4,Jheel.chowk,places,en,296,28.6670753,77.27327585,28.6661238,77.2740215,0,del,Delhi,2026-09-01T02:59:39.088812Z
ChIJ3xXiS7r9DDkRvYHlHrLc3Po,KHUSHBOO VAISHNO DHABA,places,en,296,28.6670753,77.27327585,28.666020399999997,77.27409589999999,0,del,Delhi,2026-09-01T02:59:39.088824Z
ChIJ5bx_p1_9DDkRfjVeyYLFKnU,Prince's kitchen,places,en,296,28.6670753,77.27327585,28.665657199999995,77.2742952,0,del,Delhi,2026-09-01T02:59:39.088837Z
ChIJKQAgJgD9DDkRJ11OYNhQBeE,RAKESH JI CHOLE BHATURE,places,en,296,28.6670753,77.27327585,28.667317999999998,77.271095,0,del,Delhi,2026-09-01T02:59:39.088845Z
ChIJGfs0Y9f9DDkRGlpAD_OpupU,Farrukhabad Samose shop,places,en,296,28.6670753,77.27327585,28.66507,77.27318609999999,0,del,Delhi,2026-09-01T02:59:39.088857Z
ChIJbeoTl-D9DDkRHWmUtqQtfcU,AMIR HOTEL,places,en,296,28.6670753,77.27327585,28.667878899999998,77.27537099999999,0,del,Delhi,2026-09-01T02:59:39.088865Z
ChIJpbWcOJH9DDkRVIItwQmKpmw,Amit Shop,places,en,296,28.6670753,77.27327585,28.666227000000003,77.2756533,0,del,Delhi,2026-09-01T02:59:39.088872Z
ChIJKYu-DN_9DDkRF4Th9N0jmFc,Maatu momos corner,places,en,296,28.6670753,77.27327585,28.6681691,77.2757469,0,del,Delhi,2026-09-01T02:59:39.088879Z
ChIJsZlSqoj8DDkR4rRG7v-NPZQ,Rahim Nemat Kada,places,en,296,28.6670753,77.27327585,28.669196699999997,77.2748233,0,del,Delhi,2026-09-01T02:59:39.088886Z
ChIJRRhojQT9DDkRKJIQhRPiOnk,Iqbal Hotel,places,en,296,28.6670753,77.27327585,28.669189399999993,77.2748534,0,del,Delhi,2026-09-01T02:59:39.088893Z
ChIJZc1Dj5n9DDkRQExzx2Hnk0c,Anwar Resturent,places,en,296,28.6670753,77.27327585,28.669197300000004,77.2749103,0,del,Delhi,2026-09-01T02:59:39.088903Z
ChIJMztsqoj8DDkRXPh3KbvR-xM,Al-Barkat Foods,places,en,296,28.6670753,77.27327585,28.669234799999998,77.27490990000001,0,del,Delhi,2026-09-01T02:59:39.088914Z
ChIJMfY4qoj8DDkR3_dYk0Vy_8k,Shek Ji Chiken Food,places,en,296,28.6670753,77.27327585,28.6692561,77.2748732,0,del,Delhi,2026-09-01T02:59:39.088921Z
ChIJre70h-P_DDkRAHv8OJ5eRZg,Spicy Aahar,places,en,297,28.7334446,77.27162595,28.733415299999997,77.27221159999999,0,del,Delhi,2026-09-01T02:59:39.501602Z
ChIJkUUclib_DDkRZInv-Xl2cq4,Krishna Fast Food,places,en,297,28.7334446,77.27162595,28.7317437,77.2717736,0,del,Delhi,2026-09-01T02:59:39.501633Z
ChIJyXWLMKL_DDkR__0DlNZo8Bs,πr2 H 2&2 Food cafe,places,en,297,28.7334446,77.27162595,28.734499599999996,77.2695328,0,del,Delhi,2026-09-01T02:59:39.501644Z
ChIJ3Qaw07oDDTkRa6xjude7pls,Best Chowmein Shop,places,en,299,28.669253349999998,77.1792827,28.6695288,77.1795367,0,del,Delhi,2026-09-01T02:59:40.186677Z
ChIJl0DGvmMCDTkR6_vxgylskhI,Punjabi Chaap Corner,places,en,299,28.669253349999998,77.1792827,28.669510099999997,77.178947,0,del,Delhi,2026-09-01T02:59:40.186702Z
ChIJn4ltcTkDDTkRkbs5XobKoeM,Gullu Meat Wala,places,en,299,28.669253349999998,77.1792827,28.669653200000003,77.1804918,0,del,Delhi,2026-09-01T02:59:40.186710Z
ChIJEVJzfmkDDTkROFp3G659Veo,Kohli coal trader,places,en,299,28.669253349999998,77.1792827,28.668762,77.1776668,0,del,Delhi,2026-09-01T02:59:40.186716Z
ChIJdZaqcWADDTkRctfUHLLLvaQ,Raj bhog,places,en,299,28.669253349999998,77.1792827,28.670562800000003,77.1802228,0,del,Delhi,2026-09-01T02:59:40.186721Z
ChIJNbuz-WMCDTkR80reBxTezbo,Singh Chicken place...,places,en,299,28.669253349999998,77.1792827,28.669287599999997,77.1774453,0,del,Delhi,2026-09-01T02:59:40.186727Z
ChIJn8V-IAADDTkR8zCsdp6NJOA,The.Haeven_cafe,places,en,299,28.669253349999998,77.1792827,28.670440499999998,77.1808219,0,del,Delhi,2026-09-01T02:59:40.186733Z
ChIJS98_oDgDDTkRyas8PVYdv3A,Bijender Saini Chole Bhature,places,en,299,28.669253349999998,77.1792827,28.670060699999997,77.17738899999999,0,del,Delhi,2026-09-01T02:59:40.186738Z
ChIJPaUuBbIDDTkRpvgw_R5HG_Y,JD Theatre Cafe,places,en,299,28.669253349999998,77.1792827,28.670406200000002,77.1809473,0,del,Delhi,2026-09-01T02:59:40.186743Z
ChIJO23CXQMDDTkRbIClwNC3a60,Teesri manzil cafe& Restaurant,places,en,299,28.669253349999998,77.1792827,28.670506,77.1809959,0,del,Delhi,2026-09-01T02:59:40.186748Z
ChIJYVLUatkDDTkRG4xq7zdOag8,Lavnya Food,places,en,299,28.669253349999998,77.1792827,28.670247799999995,77.18121579999999,0,del,Delhi,2026-09-01T02:59:40.186753Z
ChIJBdcecDsDDTkRQnRVxV-Gahg,Amanpret,places,en,299,28.669253349999998,77.1792827,28.6710083,77.178112,0,del,Delhi,2026-09-01T02:59:40.186758Z
ChIJeRfCK3kDDTkRaHO5_s-I9dg,Jhelum Sweets,places,en,299,28.669253349999998,77.1792827,28.6688367,77.1767188,0,del,Delhi,2026-09-01T02:59:40.186763Z
ChIJL1VVRagDDTkRgmAHJz93_L4,Tuntun Fast Food,places,en,299,28.669253349999998,77.1792827,28.6673925,77.18089619999999,0,del,Delhi,2026-09-01T02:59:40.186768Z
ChIJN_ZWAfsDDTkReu7NT4xE_7w,Shyam Pyari Ka Kitchen,places,en,299,28.669253349999998,77.1792827,28.671553499999995,77.17979480000001,0,del,Delhi,2026-09-01T02:59:40.186773Z
ChIJsZvDa2MCDTkRZv6NQ8Kuwq8,Kakas Food Point,places,en,299,28.669253349999998,77.1792827,28.6707591,77.18148839999999,0,del,Delhi,2026-09-01T02:59:40.186778Z
ChIJTW-sAGUCDTkRnCh-F3j0qiY,Vaishno Chaap,places,en,299,28.669253349999998,77.1792827,28.6714109,77.17788039999999,0,del,Delhi,2026-09-01T02:59:40.186783Z
ChIJfxhqXQADDTkRwO7iJSOrsUU,BoleTo vadapav,places,en,299,28.669253349999998,77.1792827,28.670824399999997,77.1815132,0,del,Delhi,2026-09-01T02:59:40.186788Z
ChIJuxDUQQADDTkRrYFYuP-1GSY,Chef on street,places,en,299,28.669253349999998,77.1792827,28.670957700000002,77.1814976,0,del,Delhi,2026-09-01T02:59:40.186793Z
ChIJcTqa__T5DDkRSGH7a35FI3g,H.O.T HOUSE OF TASTE,places,en,300,28.736536100000002,77.26127654999999,28.736962,77.261,0,del,Delhi,2026-09-01T02:59:40.600807Z
ChIJQafqXQD_DDkR11Lzesf2e5k,DLF DELIGHT CAFE & RESTRO,places,en,300,28.736536100000002,77.26127654999999,28.737112,77.261568,0,del,Delhi,2026-09-01T02:59:40.600836Z
ChIJCxqfNwf_DDkRA1dsgqRABYw,Roll.X,places,en,300,28.736536100000002,77.26127654999999,28.736886299999995,77.2619422,0,del,Delhi,2026-09-01T02:59:40.600845Z
ChIJV5J6NwD_DDkRZEa0FA6_f2o,Zaika foods,places,en,300,28.736536100000002,77.26127654999999,28.7365691,77.26043910000001,0,del,Delhi,2026-09-01T02:59:40.600853Z
ChIJSx2VQAD_DDkRRmg3a095swE,Domino's,places,en,300,28.736536100000002,77.26127654999999,28.7364909,77.2603668,0,del,Delhi,2026-09-01T02:59:40.600860Z
ChIJW1bQAZL_DDkRACUpMWZ8H3w,BIHARI HOTEL,places,en,300,28.736536100000002,77.26127654999999,28.736962,77.26044209999999,0,del,Delhi,2026-09-01T02:59:40.600868Z
ChIJScVDGAD_DDkROzq34yxF124,KIARA DI RASOI,places,en,300,28.736536100000002,77.26127654999999,28.736219700000003,77.2603456,0,del,Delhi,2026-09-01T02:59:40.600875Z
ChIJf7yEGQD_DDkR7zjA05pyOXY,2414 multicuisine family restro & rooftop,places,en,300,28.736536100000002,77.26127654999999,28.737135000000002,77.26214569999999,0,del,Delhi,2026-09-01T02:59:40.600882Z
ChIJbcnIR5L_DDkR4qjMsvuLm6k,Pradeep Fruit Shop,places,en,300,28.736536100000002,77.26127654999999,28.737178399999998,77.2604504,0,del,Delhi,2026-09-01T02:59:40.600889Z
ChIJDzERNAD_DDkRWLNVT4VCt-M,777 Momos,places,en,300,28.736536100000002,77.26127654999999,28.736929800000002,77.2623416,0,del,Delhi,2026-09-01T02:59:40.600902Z
ChIJVzt74ZX-DDkR8NTEAEGBS9c,Peppers Restaurent,places,en,300,28.736536100000002,77.26127654999999,28.736802200000003,77.26239559999999,0,del,Delhi,2026-09-01T02:59:40.600910Z
ChIJWeSKbp3_DDkR36UcQq8suH0,House Of Momos,places,en,300,28.736536100000002,77.26127654999999,28.737179700000002,77.2622586,0,del,Delhi,2026-09-01T02:59:40.600917Z
ChIJ2QuobgD_DDkRY99yQEOlPWQ,Galaxy 9ine,places,en,300,28.736536100000002,77.26127654999999,28.735336500000003,77.26023409999999,0,del,Delhi,2026-09-01T02:59:40.600925Z
ChIJEZ59MYb_DDkRh9Tb_d5pIoQ,Mamia Pizza Parlour,places,en,300,28.736536100000002,77.26127654999999,28.7374361,77.262754,0,del,Delhi,2026-09-01T02:59:40.600931Z
ChIJNx9WrJf_DDkReuHs_gZj4JM,Aroma House,places,en,300,28.736536100000002,77.26127654999999,28.737042300000002,77.2632675,0,del,Delhi,2026-09-01T02:59:40.600938Z
ChIJDYIeVQD_DDkRe14FUyj4HTQ,SHREE shyam sweets and restaurant,places,en,300,28.736536100000002,77.26127654999999,28.7349684,77.2600647,0,del,Delhi,2026-09-01T02:59:40.600945Z
ChIJW60cdwD_DDkRhSi5D6x0zGc,Shriram enterprise limited private,places,en,300,28.736536100000002,77.26127654999999,28.735532700000004,77.25921629999999,0,del,Delhi,2026-09-01T02:59:40.600952Z
ChIJRT7MU7n_DDkRVoxUxUtG3eg,The Foodie Corner,places,en,300,28.736536100000002,77.26127654999999,28.737981200000004,77.2629874,0,del,Delhi,2026-09-01T02:59:40.600959Z
ChIJH0axvJX-DDkRD6zMUHeh9aI,वैशाली जनरल स्टोर,places,en,300,28.736536100000002,77.26127654999999,28.738691000000003,77.26180649999999,0,del,Delhi,2026-09-01T02:59:40.600966Z
ChIJzWsPJcj_DDkRLit-DZiWlAo,Fuel up,places,en,300,28.736536100000002,77.26127654999999,28.7349616,77.2631409,0,del,Delhi,2026-09-01T02:59:40.600973Z
ChIJ55R_U8oFDTkRjPbJJKguLVw,Nirula's Bhera Enclave,places,en,301,28.67029555,77.08914279999999,28.669952400000003,77.0877975,0,del,Delhi,2026-09-01T02:59:40.999809Z
ChIJdVIMDm8EDTkRP3wzZtHQwkQ,Subway Guru Harkrishan Nagar,places,en,301,28.67029555,77.08914279999999,28.670029399999997,77.0874709,0,del,Delhi,2026-09-01T02:59:40.999848Z
ChIJ3cEVDW8EDTkRyipyN9x8eVY,Aggarwal Sweet Centre,places,en,301,28.67029555,77.08914279999999,28.6700298,77.0874671,0,del,Delhi,2026-09-01T02:59:40.999859Z
ChIJO1W22BIFDTkRt_UTDal-3c8,Sardar Ji's chic-inn,places,en,301,28.67029555,77.08914279999999,28.671919199999998,77.0884473,0,del,Delhi,2026-09-01T02:59:40.999867Z
ChIJw-QlZAAFDTkRiaEaLilrIBc,GH-14 Park - Paschim Vihar,places,en,301,28.67029555,77.08914279999999,28.669041099999994,77.0874096,0,del,Delhi,2026-09-01T02:59:40.999875Z
ChIJbbJUJwAFDTkRrhT9DpkC5E8,Royal Food by Manwani Shisha,places,en,301,28.67029555,77.08914279999999,28.672078799999998,77.09026150000001,0,del,Delhi,2026-09-01T02:59:40.999882Z
ChIJWwFRWgAFDTkRM_ws0kCKnAM,kamod veh biryani pashchim vihar,places,en,301,28.67029555,77.08914279999999,28.668898400000003,77.0874235,0,del,Delhi,2026-09-01T02:59:40.999889Z
ChIJq3f_9W4EDTkRkEweFeqWFiI,Spice Zaika Kathi Rolls,places,en,301,28.67029555,77.08914279999999,28.672240199999997,77.0880999,0,del,Delhi,2026-09-01T02:59:40.999897Z
ChIJBZ3uX24EDTkRIRrxfeoctsg,Chinese Fast Food,places,en,301,28.67029555,77.08914279999999,28.67229,77.08811,0,del,Delhi,2026-09-01T02:59:40.999904Z
ChIJJS-XNM4FDTkRQJgf0i1qTDg,Ranjan momos point,places,en,301,28.67029555,77.08914279999999,28.672394899999997,77.0880212,0,del,Delhi,2026-09-01T02:59:40.999912Z
ChIJ3QWJyvAFDTkRpj3BRmbMik8,A2S Momos,places,en,301,28.67029555,77.08914279999999,28.671434800000004,77.09147550000002,0,del,Delhi,2026-09-01T02:59:40.999920Z
ChIJP3j9PbsFDTkRX9aS3W7Q9fk,Del Five,places,en,301,28.67029555,77.08914279999999,28.671434800000004,77.09147550000002,0,del,Delhi,2026-09-01T02:59:40.999928Z
ChIJ5xFu2TUFDTkRc49ItE-mPgM,PCC Punjabi Chaap Corner,places,en,301,28.67029555,77.08914279999999,28.6723668,77.087881,0,del,Delhi,2026-09-01T02:59:40.999935Z
ChIJD-sgPYUFDTkRAN7ZVwuB0zM,The Desi Thela,places,en,301,28.67029555,77.08914279999999,28.670463599999998,77.08645390000001,0,del,Delhi,2026-09-01T02:59:40.999942Z
ChIJb6lNQ-UFDTkRQnRYkZJpHAQ,STANDARD RASOI,places,en,301,28.67029555,77.08914279999999,28.6680757,77.0878673,0,del,Delhi,2026-09-01T02:59:40.999949Z
ChIJs_I_QaUFDTkRDHlilxaHypg,Game of Tikkas paschim vihar,places,en,301,28.67029555,77.08914279999999,28.672771800000003,77.0883956,0,del,Delhi,2026-09-01T02:59:40.999956Z
ChIJCeq2fG4EDTkR8Y3w71XRw2Q,Pakwan,places,en,301,28.67029555,77.08914279999999,28.672771800000003,77.0883956,0,del,Delhi,2026-09-01T02:59:40.999963Z
ChIJUQMa5WQFDTkRGfGv6f20Ens,Shree Gulab Meat,places,en,301,28.67029555,77.08914279999999,28.672815000000003,77.0882915,0,del,Delhi,2026-09-01T02:59:40.999970Z
ChIJN1J6GmMFDTkRqEaCZDbUBGA,Punjabi Kitchen,places,en,301,28.67029555,77.08914279999999,28.6728584,77.08835239999999,0,del,Delhi,2026-09-01T02:59:40.999977Z
ChIJ_ZhLODT9DDkR7l8kf17hggY,RUDR Food Services,places,en,302,28.70340085,77.2494276,28.705084899999996,77.2491015,0,del,Delhi,2026-09-01T02:59:41.340153Z
ChIJM4EQHwADDTkR-KzhLOMCguE,Prajapati healthy food cafe,places,en,303,28.66906285,77.10928045,28.669857299999997,77.1088073,0,del,Delhi,2026-09-01T02:59:41.685759Z
ChIJo83y-4UDDTkRMxiUXLCYQBQ,Standard Halal Meat & Chicken Shop,places,en,303,28.66906285,77.10928045,28.6698295,77.1086754,0,del,Delhi,2026-09-01T02:59:41.685783Z
ChIJHYxssJUDDTkRLmwqDaopYUA,Dal Boti Roti,places,en,303,28.66906285,77.10928045,28.6699484,77.1088345,0,del,Delhi,2026-09-01T02:59:41.685788Z
ChIJlyD1JwADDTkRLJQK5FSdEAw,Limelight cafe,places,en,303,28.66906285,77.10928045,28.670002200000003,77.10893399999999,0,del,Delhi,2026-09-01T02:59:41.685793Z
ChIJhQnfDbMDDTkReVe8lQ_-nFo,Maruti Enterprise,places,en,303,28.66906285,77.10928045,28.6699433,77.1087147,0,del,Delhi,2026-09-01T02:59:41.685797Z
ChIJ00aMWhEDDTkRhRmpWb8Yo98,Kesar Pure Veg,places,en,303,28.66906285,77.10928045,28.669875500000003,77.1085552,0,del,Delhi,2026-09-01T02:59:41.685802Z
ChIJgwmyBwADDTkRQo6t6XRoi8E,Madan lal pan,places,en,303,28.66906285,77.10928045,28.6700177,77.1087781,0,del,Delhi,2026-09-01T02:59:41.685806Z
ChIJPdOSYQsDDTkR2qf02to6cxg,Monouri,places,en,303,28.66906285,77.10928045,28.6700552,77.1086937,0,del,Delhi,2026-09-01T02:59:41.685810Z
ChIJf8_-agADDTkR_WQ_EEQ-fNk,Om Ji Puri Wale,places,en,303,28.66906285,77.10928045,28.670086500000004,77.1087514,0,del,Delhi,2026-09-01T02:59:41.685814Z
ChIJW2_dz4YDDTkRaf3kOfV7zAk,Brand Amritsari Kulcha,places,en,303,28.66906285,77.10928045,28.670093899999998,77.1086858,0,del,Delhi,2026-09-01T02:59:41.685818Z
ChIJ_yVrzY0DDTkRNW1jyeAQ6Cc,FO- Food Overloded,places,en,303,28.66906285,77.10928045,28.6703196,77.10955899999999,0,del,Delhi,2026-09-01T02:59:41.685822Z
ChIJnf92gWIDDTkRV6DpOsbgdww,Nirula's Paschim Vihar,places,en,303,28.66906285,77.10928045,28.670325700000003,77.1095886,0,del,Delhi,2026-09-01T02:59:41.685826Z
ChIJpQ1DHO4DDTkRsjz9L6eJgo0,Shawarma Delight by Rao,places,en,303,28.66906285,77.10928045,28.670551099999997,77.10937009999999,0,del,Delhi,2026-09-01T02:59:41.685830Z
ChIJdyemiRUDDTkR9FGJDDQ36j0,Yamus Panchayat,places,en,303,28.66906285,77.10928045,28.670550499999997,77.108825,0,del,Delhi,2026-09-01T02:59:41.685834Z
ChIJ4YNxRvIDDTkR6jXeBfl7iAw,Angry Oven Pizza,places,en,303,28.66906285,77.10928045,28.6705735,77.1088417,0,del,Delhi,2026-09-01T02:59:41.685838Z
ChIJq6pqwWwEDTkRkdsQ1x0S57k,Gupta Chaat Bhandar,places,en,303,28.66906285,77.10928045,28.670650100000003,77.1090471,0,del,Delhi,2026-09-01T02:59:41.685842Z
ChIJ__8vQYoDDTkR_MjnGzXc6lw,Hot Spot Roll Corner,places,en,303,28.66906285,77.10928045,28.670648300000003,77.1089928,0,del,Delhi,2026-09-01T02:59:41.685846Z
ChIJXZxr9pUDDTkRx3tt5jOg9RQ,Dilkhush Restaurant,places,en,303,28.66906285,77.10928045,28.670657,77.10875089999999,0,del,Delhi,2026-09-01T02:59:41.685850Z
ChIJmTbV_6cDDTkRJaY-8ueC_AI,Flavours Pizza,places,en,303,28.66906285,77.10928045,28.6707304,77.10905609999999,0,del,Delhi,2026-09-01T02:59:41.685854Z
ChIJ6assMAADDTkRfqyNv1CdjMo,"Table for all, by Shreya’s Bae-kry",places,en,303,28.66906285,77.10928045,28.669802899999997,77.1075386,0,del,Delhi,2026-09-01T02:59:41.685859Z
ChIJNfRdTusDDTkRqMA_vwe90qE,Lavish Soup Corner,places,en,304,28.6586471,77.11534929999999,28.658639299999997,77.11581249999999,0,del,Delhi,2026-09-01T02:59:42.048782Z
ChIJgbDWsyYDDTkRJb7DLIMnVF8,Jitendr,places,en,304,28.6586471,77.11534929999999,28.659379299999998,77.1154803,0,del,Delhi,2026-09-01T02:59:42.048814Z
ChIJIXZlSAADDTkRB_QoHPNvKR4,Yummy bites,places,en,304,28.6586471,77.11534929999999,28.6579414,77.1150621,0,del,Delhi,2026-09-01T02:59:42.048824Z
ChIJVY_lNbcDDTkRNu4bA7Dz2hI,Guruji Chicken Shop,places,en,304,28.6586471,77.11534929999999,28.659474,77.115489,0,del,Delhi,2026-09-01T02:59:42.048832Z
ChIJn4Ax1ncDDTkRAAAA0HOjRGE,Mulla Ji Meat Shop,places,en,304,28.6586471,77.11534929999999,28.659429,77.11620599999999,0,del,Delhi,2026-09-01T02:59:42.048840Z
ChIJExnl1mQDDTkRjvuBd18Jo8s,Kremasino,places,en,304,28.6586471,77.11534929999999,28.658115199999997,77.11646089999999,0,del,Delhi,2026-09-01T02:59:42.048848Z
ChIJy72R9HcDDTkRO7_nrth34_I,Babu Vaishno Dhaba,places,en,304,28.6586471,77.11534929999999,28.658014299999994,77.114334,0,del,Delhi,2026-09-01T02:59:42.048855Z
ChIJ88_l16oDDTkRPuhQHcnJmu4,King of Chaap,places,en,304,28.6586471,77.11534929999999,28.658838000000003,77.1169,0,del,Delhi,2026-09-01T02:59:42.048862Z
ChIJ6_XAjScDDTkRzqldpcKBXA4,AL AFGHAN CHICKEN,places,en,304,28.6586471,77.11534929999999,28.660032899999997,77.1154457,0,del,Delhi,2026-09-01T02:59:42.048869Z
ChIJcc6m11sDDTkRf3-_f7MynXM,Sarwan Fast Food,places,en,304,28.6586471,77.11534929999999,28.660055500000002,77.114982,0,del,Delhi,2026-09-01T02:59:42.048876Z
ChIJf76vjncDDTkR33m2HmBA-OI,Black Pepper Kitchen,places,en,304,28.6586471,77.11534929999999,28.657505500000003,77.1143797,0,del,Delhi,2026-09-01T02:59:42.048883Z
ChIJWT4K8eMDDTkRhJtV9CQqPdY,Prakash Shah,places,en,304,28.6586471,77.11534929999999,28.6595535,77.1134776,0,del,Delhi,2026-09-01T02:59:42.048890Z
ChIJO1TSNvEDDTkR481p60Vcy0I,Kamlesh Food,places,en,304,28.6586471,77.11534929999999,28.6595665,77.1174544,0,del,Delhi,2026-09-01T02:59:42.048897Z
ChIJsdy-JHgDDTkRvTjVpE1y-G4,Bangali Hotel,places,en,304,28.6586471,77.11534929999999,28.657792499999996,77.11321219999999,0,del,Delhi,2026-09-01T02:59:42.048904Z
ChIJgxkSEngDDTkR3A2xPurO-EM,Vaishno Dhaba,places,en,304,28.6586471,77.11534929999999,28.658445999999998,77.11285,0,del,Delhi,2026-09-01T02:59:42.048911Z
ChIJbZ-a0NUDDTkRcK7-R-TSDK0,Vaghela's food corner & Pizza Point,places,en,304,28.6586471,77.11534929999999,28.659053699999998,77.1128701,0,del,Delhi,2026-09-01T02:59:42.048918Z
ChIJDUOsbQADDTkRw0b_upiUF-g,Sonu chole kulche,places,en,304,28.6586471,77.11534929999999,28.6590626,77.1180755,0,del,Delhi,2026-09-01T02:59:42.048924Z
ChIJO_x7IXYDDTkR8vO0alzzib0,Govind Veg Biryani,places,en,304,28.6586471,77.11534929999999,28.6591088,77.11812189999999,0,del,Delhi,2026-09-01T02:59:42.048931Z
ChIJKyfQTIkDDTkRHa91jMru5jQ,Monty Da Dhaba,places,en,304,28.6586471,77.11534929999999,28.6597925,77.1178741,0,del,Delhi,2026-09-01T02:59:42.048938Z
ChIJxT4qeLsDDTkRKTT1VzoeLuI,Taneja Shake's N MOQ,places,en,304,28.6586471,77.11534929999999,28.656126999999994,77.11605949999999,0,del,Delhi,2026-09-01T02:59:42.048945Z
ChIJQbSpdgD9DDkRlelu2FGFuko,मोहित,places,en,305,28.65046995,77.21011075,28.651578299999997,77.2103593,0,del,Delhi,2026-09-01T02:59:42.415312Z
ChIJ2Yn4_ab9DDkRkRhDqVT9AE4,vikramji valaji ghanghos,places,en,305,28.65046995,77.21011075,28.6515892,77.2104294,0,del,Delhi,2026-09-01T02:59:42.415344Z
ChIJ67-bFQD9DDkRyrzMjv2ACBA,Sahib hotel,places,en,305,28.65046995,77.21011075,28.6516996,77.2100578,0,del,Delhi,2026-09-01T02:59:42.415352Z
ChIJYR6kV6f9DDkR5DgB6OZKE6U,वर्मा किराना स्टोर Verma kirana store,places,en,305,28.65046995,77.21011075,28.651575599999997,77.2094261,0,del,Delhi,2026-09-01T02:59:42.415358Z
ChIJWeMHKWr9DDkRGXwI61GcOT8,Laxmi Dhaba,places,en,305,28.65046995,77.21011075,28.6501038,77.2086475,0,del,Delhi,2026-09-01T02:59:42.415363Z
ChIJsaTX6R39DDkRbRoj0VO0Wd8,Punjabi Tadka food corner,places,en,305,28.65046995,77.21011075,28.649032199999997,77.21010299999999,0,del,Delhi,2026-09-01T02:59:42.415369Z
ChIJibTJRMz9DDkRacvkb09yEQ0,Sajid,places,en,305,28.65046995,77.21011075,28.649550800000004,77.211367,0,del,Delhi,2026-09-01T02:59:42.415374Z
ChIJcRu2ahP9DDkRYDjPkgN5jyg,Vakeel Shop,places,en,305,28.65046995,77.21011075,28.6494565,77.2113464,0,del,Delhi,2026-09-01T02:59:42.415379Z
ChIJUUudWUr9DDkRNj7g4vn_d-Y,The Chicken Hub,places,en,305,28.65046995,77.21011075,28.652170700000003,77.20895999999999,0,del,Delhi,2026-09-01T02:59:42.415385Z
ChIJA4ZswHD9DDkREn1yT2liX4A,The Taste Of Home,places,en,305,28.65046995,77.21011075,28.651149099999998,77.20795249999999,0,del,Delhi,2026-09-01T02:59:42.415390Z
ChIJc44pVW39DDkRxzlOViIwtEM,Radhika tour and travels,places,en,305,28.65046995,77.21011075,28.648795699999997,77.2113772,0,del,Delhi,2026-09-01T02:59:42.415395Z
ChIJda98_x39DDkR4Mh547eOlrw,A R Food,places,en,305,28.65046995,77.21011075,28.649659800000002,77.2074613,0,del,Delhi,2026-09-01T02:59:42.415400Z
ChIJuXbDzfz9DDkROK3xt2J9t7U,joy uikey,places,en,305,28.65046995,77.21011075,28.6491383,77.21256939999999,0,del,Delhi,2026-09-01T02:59:42.415405Z
ChIJw0IQuKP9DDkRlxl2B-Wf3oA,VIJAY CHAAP,places,en,305,28.65046995,77.21011075,28.648285999999995,77.2116465,0,del,Delhi,2026-09-01T02:59:42.415410Z
ChIJqRzCMQD9DDkRi33cO-Z4hfE,Pradhan ji chai,places,en,305,28.65046995,77.21011075,28.6488125,77.2124375,0,del,Delhi,2026-09-01T02:59:42.415415Z
ChIJ4-uIQST9DDkRt7DsD9Hvfno,Khaira mod,places,en,305,28.65046995,77.21011075,28.6477696,77.2100504,0,del,Delhi,2026-09-01T02:59:42.415420Z
ChIJkygoNBj9DDkRoqZrgfpiVaA,Hunger Bites,places,en,306,28.6686617,77.1952546,28.668712099999997,77.1955962,0,del,Delhi,2026-09-01T02:59:42.763701Z
ChIJR17oegD9DDkRhKbph1VojMo,Sai rasoi,places,en,306,28.6686617,77.1952546,28.669318099999995,77.1952605,0,del,Delhi,2026-09-01T02:59:42.763726Z
ChIJGdABIIT9DDkRsA9_ilYyTlE,Smoke And Spice,places,en,306,28.6686617,77.1952546,28.669318099999995,77.1952605,0,del,Delhi,2026-09-01T02:59:42.763740Z
ChIJ7VBOboD9DDkRqZq8eUT1J5Y,Harbans Lal Sweets,places,en,306,28.6686617,77.1952546,28.669341199999995,77.19533559999999,0,del,Delhi,2026-09-01T02:59:42.763746Z
ChIJGbbD90b9DDkRnMsCIZ9STas,Swad Ludhiane Da,places,en,306,28.6686617,77.1952546,28.669258000000003,77.1956694,0,del,Delhi,2026-09-01T02:59:42.763752Z
ChIJyyuZaYD9DDkRHrXwwzU0EDY,Deen Dyal Chat Wala,places,en,306,28.6686617,77.1952546,28.6691987,77.1958278,0,del,Delhi,2026-09-01T02:59:42.763757Z
ChIJawTES6H9DDkRrnRhFnC0CaQ,Zameer Biriyani,places,en,306,28.6686617,77.1952546,28.669200900000003,77.19667059999999,0,del,Delhi,2026-09-01T02:59:42.763763Z
ChIJ9QhxXYH9DDkRcRPQduTRKEo,Kailash,places,en,306,28.6686617,77.1952546,28.667000699999996,77.1950829,0,del,Delhi,2026-09-01T02:59:42.763768Z
ChIJx8gtJrwDDTkRn6Tx_Nse1CI,The Waffle Story,places,en,306,28.6686617,77.1952546,28.669581800000003,77.1935046,0,del,Delhi,2026-09-01T02:59:42.763773Z
ChIJPYqdjZcDDTkRVMUuazvUhB8,Ram Avtar Nasta Corner (रामअवतार नास्ता कॉर्नर),places,en,306,28.6686617,77.1952546,28.6670746,77.1942571,0,del,Delhi,2026-09-01T02:59:42.763778Z
ChIJDZfOwWX9DDkRDQsFS--jsF8,Bhrawan Da Dhaba,places,en,306,28.6686617,77.1952546,28.668530399999998,77.19736639999999,0,del,Delhi,2026-09-01T02:59:42.763784Z
ChIJkRVi4YT9DDkRQjeowfjaob0,Manoj kachori,places,en,306,28.6686617,77.1952546,28.666772199999997,77.1954343,0,del,Delhi,2026-09-01T02:59:42.763789Z
ChIJXQXxbgADDTkRgoSz-Ui7G1M,Joker Chinese,places,en,306,28.6686617,77.1952546,28.6695945,77.19334820000002,0,del,Delhi,2026-09-01T02:59:42.763794Z
ChIJVb_fPQr9DDkRxXvUZAaQdMM,Home made Tiffin Service,places,en,306,28.6686617,77.1952546,28.6683826,77.1974814,0,del,Delhi,2026-09-01T02:59:42.763799Z
ChIJMcJdZn4DDTkRR3TmXm3ePQc,Anpurna restaurant,places,en,306,28.6686617,77.1952546,28.6695924,77.1932794,0,del,Delhi,2026-09-01T02:59:42.763804Z
ChIJ0a_pZAoDDTkR4AwLXNS_Jhg,Mama Bhanja Dhaba,places,en,306,28.6686617,77.1952546,28.669658000000002,77.1932951,0,del,Delhi,2026-09-01T02:59:42.763809Z
ChIJ97_c1iIDDTkR-uEjwSGwvfo,Hira Lal Fast Food,places,en,306,28.6686617,77.1952546,28.6667854,77.19447559999999,0,del,Delhi,2026-09-01T02:59:42.763814Z
ChIJJVnLlf0DDTkRGR-mc_Etr1w,Chacha Chaap Corner,places,en,306,28.6686617,77.1952546,28.669884399999994,77.1934466,0,del,Delhi,2026-09-01T02:59:42.763819Z
ChIJWR1CGewDDTkRvGuu63vciDI,The Hungry Adda,places,en,306,28.6686617,77.1952546,28.670329799999998,77.19396669999999,0,del,Delhi,2026-09-01T02:59:42.763825Z
ChIJkQxA2fUDDTkRUVZIWo54phM,Dosa Dhaba,places,en,306,28.6686617,77.1952546,28.6689257,77.1929413,0,del,Delhi,2026-09-01T02:59:42.763830Z
ChIJ3QXABAADDTkR8OmpyPwEiy4,Rings,places,en,307,28.6680266,77.1865766,28.667625899999997,77.185722,0,del,Delhi,2026-09-01T02:59:43.228296Z
ChIJt4OsCn0DDTkRHpmnUimPQSs,PRINCE FOOD CORNER,places,en,307,28.6680266,77.1865766,28.666600600000002,77.1854791,0,del,Delhi,2026-09-01T02:59:43.228338Z
ChIJtZhZ-iABDTkRsp7BBEV6WSw,Shri Radhe Krishan Dhaba,places,en,308,28.744359950000003,77.1667277,28.74417,77.1662365,0,del,Delhi,2026-09-01T02:59:43.621630Z
ChIJQxdz97kBDTkR3Jz9uam0-tk,Bismillah Muslim Hotel,places,en,308,28.744359950000003,77.1667277,28.744207099999997,77.16584379999999,0,del,Delhi,2026-09-01T02:59:43.621660Z
ChIJ0d1iEAABDTkRAk8HEVpN7hM,Fiery Fingers,places,en,308,28.744359950000003,77.1667277,28.744829499999998,77.16585649999999,0,del,Delhi,2026-09-01T02:59:43.621670Z
ChIJF29JVQABDTkRjUD8LfDTL0w,Krishna Veg Biryani,places,en,308,28.744359950000003,77.1667277,28.744085000000002,77.16879,0,del,Delhi,2026-09-01T02:59:43.621678Z
ChIJnyKevBYBDTkRB-yLk_5x6g8,Hasina Hotal,places,en,308,28.744359950000003,77.1667277,28.745707799999998,77.1646908,0,del,Delhi,2026-09-01T02:59:43.621685Z
ChIJ0WIimkgBDTkRQkpRxnVJ7Lg,Sarita Wo Arvind Singh,places,en,308,28.744359950000003,77.1667277,28.7442759,77.1692917,0,del,Delhi,2026-09-01T02:59:43.621692Z
ChIJAQ3MQMT7DDkRCQZd4DiFNkY,Murthalwala,places,en,309,28.6894358,77.29750545,28.690353599999998,77.2974978,0,del,Delhi,2026-09-01T02:59:43.964887Z
ChIJneRpX1j7DDkRQBTXUQS8Icw,veg item,places,en,309,28.6894358,77.29750545,28.689812299999996,77.29876709999999,0,del,Delhi,2026-09-01T02:59:43.964919Z
ChIJr35SCZD7DDkR88136vruo3Q,Energy- AC Veg. Food Corner,places,en,309,28.6894358,77.29750545,28.688817399999998,77.29895610000001,0,del,Delhi,2026-09-01T02:59:43.964929Z
ChIJf9LKCZD7DDkR6BxClsiNbm4,South Indian Masala Dosa,places,en,309,28.6894358,77.29750545,28.6885494,77.29884969999999,0,del,Delhi,2026-09-01T02:59:43.964937Z
ChIJz9gJCZD7DDkRLRh8kVmn9ak,Cafe King,places,en,309,28.6894358,77.29750545,28.688646,77.29893600000001,0,del,Delhi,2026-09-01T02:59:43.964944Z
ChIJkXatBQD7DDkRoAFyYBRTBvQ,Luv Restaurant,places,en,309,28.6894358,77.29750545,28.689770799999998,77.2992857,0,del,Delhi,2026-09-01T02:59:43.964951Z
ChIJhT1Nopr7DDkRkx-4QDEczTQ,"Bhagatji Balushahi Wale | Mandoli Road, Delhi",places,en,309,28.6894358,77.29750545,28.68808,77.2986813,0,del,Delhi,2026-09-01T02:59:43.964959Z
ChIJeQ--s4j7DDkRh8wQ5Peq4D0,Royal Indian Kitchen,places,en,309,28.6894358,77.29750545,28.6893513,77.2994606,0,del,Delhi,2026-09-01T02:59:43.964965Z
ChIJ36d-qb77DDkRkkkW1gHAByU,The Pizza Cafe,places,en,309,28.6894358,77.29750545,28.688257800000002,77.2989492,0,del,Delhi,2026-09-01T02:59:43.964972Z
ChIJ06VusX_7DDkR4TCefe-jRQk,Pooja Sharma,places,en,309,28.6894358,77.29750545,28.687737400000003,77.2979831,0,del,Delhi,2026-09-01T02:59:43.964979Z
ChIJRUZ_BwD7DDkRby1VlhQCEuk,Amit Veg Biryani Shahdara,places,en,309,28.6894358,77.29750545,28.6881984,77.2989209,0,del,Delhi,2026-09-01T02:59:43.964986Z
ChIJfZfmp_j7DDkReAZut7YANAM,Swadeshi veg Biryani,places,en,309,28.6894358,77.29750545,28.688188399999998,77.2990161,0,del,Delhi,2026-09-01T02:59:43.964993Z
ChIJKeUpeSP7DDkRbE6Esu37Y2g,Chilli Heaven,places,en,309,28.6894358,77.29750545,28.690786699999997,77.2989477,0,del,Delhi,2026-09-01T02:59:43.965000Z
ChIJnfB1ACz7DDkRj4swguTU16I,XPRESS MOMOS,places,en,309,28.6894358,77.29750545,28.6900874,77.29548729999999,0,del,Delhi,2026-09-01T02:59:43.965007Z
ChIJcUAnBwD9DDkRfVCZhNJ6siM,Uncle momo point,places,en,309,28.6894358,77.29750545,28.687664899999994,77.2985429,0,del,Delhi,2026-09-01T02:59:43.965013Z
ChIJccvtCY_7DDkRu2hCzGDXYgY,Mohit Fast Food Point,places,en,309,28.6894358,77.29750545,28.689958599999997,77.2950248,0,del,Delhi,2026-09-01T02:59:43.965020Z
ChIJ_3Bk88n7DDkRRpnaY2j03Gs,Mayank poha center,places,en,309,28.6894358,77.29750545,28.687208299999998,77.29839630000001,0,del,Delhi,2026-09-01T02:59:43.965027Z
ChIJRyPFXfH7DDkRhI1ZdMRZS7g,Aggarwal Eating House,places,en,309,28.6894358,77.29750545,28.6870497,77.2985243,0,del,Delhi,2026-09-01T02:59:43.965034Z
ChIJpcBbdQD7DDkR38uIhh2Q4dg,Pandit ji chole bhature,places,en,309,28.6894358,77.29750545,28.6877603,77.2998745,0,del,Delhi,2026-09-01T02:59:43.965040Z
ChIJs_GH7f37DDkRlWhyx9Un2Ek,The Pizza Point,places,en,309,28.6894358,77.29750545,28.6868741,77.2984711,0,del,Delhi,2026-09-01T02:59:43.965047Z
ChIJfQvWPun7DDkRqLVINo74EWE,Mangal Rasoi,places,en,310,28.68752855,77.29577865,28.686670599999996,77.29516509999999,0,del,Delhi,2026-09-01T02:59:44.312842Z
ChIJeaUD6Z_7DDkRFXcHYsib-ME,Sandhya Store,places,en,310,28.68752855,77.29577865,28.687205900000002,77.29351559999999,0,del,Delhi,2026-09-01T02:59:44.312876Z
ChIJNSZTS-zjDDkRoL9tkJKHw50,"Home Made Tiffin & prathe Services- Durga Puri, Loni Road Delhi",places,en,310,28.68752855,77.29577865,28.688226899999997,77.2934387,0,del,Delhi,2026-09-01T02:59:44.312887Z
ChIJH_9SIvn7DDkRy8Nh67AmJe0,Rolls king,places,en,310,28.68752855,77.29577865,28.689301200000003,77.2940332,0,del,Delhi,2026-09-01T02:59:44.312896Z
ChIJY6hxBAD7DDkRphrKAILc7is,The Belgian Waffle Co,places,en,310,28.68752855,77.29577865,28.689228900000003,77.2939188,0,del,Delhi,2026-09-01T02:59:44.312904Z
ChIJr2HL8IX7DDkRVMm-9o4JYTY,Green Dine In,places,en,310,28.68752855,77.29577865,28.687544,77.29306299999999,0,del,Delhi,2026-09-01T02:59:44.312911Z
ChIJPzSyFgD7DDkRYVXePn8C6Zk,शाहदरा,places,en,310,28.68752855,77.29577865,28.686883599999998,77.2931052,0,del,Delhi,2026-09-01T02:59:44.312918Z
ChIJq4ig_uP7DDkRObYFnZUsEoQ,Khao Khilao Cloud kitchen,places,en,310,28.68752855,77.29577865,28.686149999999994,77.29342559999999,0,del,Delhi,2026-09-01T02:59:44.312927Z
ChIJTQQvyZr7DDkRb7Y91piUycE,Krishna Nasta Bhandar,places,en,310,28.68752855,77.29577865,28.686667399999997,77.298485,0,del,Delhi,2026-09-01T02:59:44.312937Z
ChIJA_hQfkT7DDkRLlY8wNrqSus,Shree JEE family Restaurant,places,en,310,28.68752855,77.29577865,28.6863079,77.2983039,0,del,Delhi,2026-09-01T02:59:44.312944Z
ChIJYZ6mQiX7DDkRVLvazuepvKM,Jain's Pizza,places,en,310,28.68752855,77.29577865,28.6863079,77.2983039,0,del,Delhi,2026-09-01T02:59:44.312951Z
ChIJ30GKuW_7DDkRpqKAuxql1_Q,NEW KING CHEF,places,en,310,28.68752855,77.29577865,28.689111099999998,77.29350170000001,0,del,Delhi,2026-09-01T02:59:44.312958Z
ChIJWSxLtKT7DDkRy4LSvjO4rQ8,Kumar's The Biryani Cafe,places,en,310,28.68752855,77.29577865,28.685359599999998,77.2941977,0,del,Delhi,2026-09-01T02:59:44.312964Z
ChIJ2X82QL37DDkR4jcy2tE9loM,The Delhi Food Co,places,en,311,28.67542005,77.3048006,28.6765154,77.3033116,0,del,Delhi,2026-09-01T02:59:44.739055Z
ChIJCc10fSz7DDkR-GleAjNTgRM,4devilscafe,places,en,311,28.67542005,77.3048006,28.674567600000003,77.3029492,0,del,Delhi,2026-09-01T02:59:44.739083Z
ChIJgYX-1Xv7DDkR6ShWSqid6Ck,Pal Tea Stall,places,en,312,28.67065255,77.29444480000001,28.6704442,77.29487979999999,0,del,Delhi,2026-09-01T02:59:45.087687Z
ChIJya5eLDT7DDkRBUlgB0-cOBM,MR. PIZZA,places,en,312,28.67065255,77.29444480000001,28.6704593,77.2951507,0,del,Delhi,2026-09-01T02:59:45.087722Z
ChIJ_W7BCaP7DDkRgWrtl6LOao4,Cloud Chef's,places,en,312,28.67065255,77.29444480000001,28.670921,77.2936953,0,del,Delhi,2026-09-01T02:59:45.087733Z
ChIJfTASxL37DDkRQvd3ue4BJSg,Lovely Tea Point,places,en,312,28.67065255,77.29444480000001,28.67139,77.29396919999999,0,del,Delhi,2026-09-01T02:59:45.087742Z
ChIJozanb3n7DDkRUJT_bgUVQ0M,Kale Biryani Corner,places,en,312,28.67065255,77.29444480000001,28.6716472,77.29421479999999,0,del,Delhi,2026-09-01T02:59:45.087749Z
ChIJoXKsWnf7DDkR8MJq5Sn6mLo,Omji ki Rasoi,places,en,312,28.67065255,77.29444480000001,28.6696168,77.2952791,0,del,Delhi,2026-09-01T02:59:45.087757Z
ChIJL3CwNXr7DDkRmxJ8X4iUn7I,Shekhar Biryani Shop,places,en,312,28.67065255,77.29444480000001,28.669685599999998,77.29549039999999,0,del,Delhi,2026-09-01T02:59:45.087764Z
ChIJgdT6Re_7DDkRgZ1rruYWAA4,"ABS Delicious Pizza, Shahdara",places,en,312,28.67065255,77.29444480000001,28.669825099999997,77.29590979999999,0,del,Delhi,2026-09-01T02:59:45.087772Z
ChIJrRhFzTf7DDkREtj0hoXv_Qo,Veganara,places,en,312,28.67065255,77.29444480000001,28.6709512,77.2926759,0,del,Delhi,2026-09-01T02:59:45.087780Z
ChIJnUyfe1TjDDkRTmBm-O6LOj0,Classic pizza Everyday,places,en,312,28.67065255,77.29444480000001,28.671899499999995,77.2932319,0,del,Delhi,2026-09-01T02:59:45.087796Z
ChIJq6XwvO77DDkRuDg8NFSlKaU,Prakash Fast Food Corner,places,en,312,28.67065255,77.29444480000001,28.6711301,77.2926128,0,del,Delhi,2026-09-01T02:59:45.087807Z
ChIJBwwVbAD7DDkRRV-zE8s2I8w,Radhy ahyam chole bhature,places,en,312,28.67065255,77.29444480000001,28.6690808,77.2936419,0,del,Delhi,2026-09-01T02:59:45.087815Z
ChIJp7RAZ-L7DDkRshRaTb0eX4M,Rowls,places,en,312,28.67065255,77.29444480000001,28.668950199999994,77.29411189999999,0,del,Delhi,2026-09-01T02:59:45.087822Z
ChIJuTkLMgD7DDkR46O1VzjTbQ0,Tillu tikki,places,en,312,28.67065255,77.29444480000001,28.6687828,77.2932033,0,del,Delhi,2026-09-01T02:59:45.087829Z
ChIJMawOB3z7DDkRynI0VDXyCB8,Tarachand Chhole Bhature Wale,places,en,312,28.67065255,77.29444480000001,28.669966899999995,77.2921071,0,del,Delhi,2026-09-01T02:59:45.087836Z
ChIJPfaDFNL7DDkR2VRtQ8nW6Zk,Snack n bite,places,en,312,28.67065255,77.29444480000001,28.668798299999995,77.2931066,0,del,Delhi,2026-09-01T02:59:45.087843Z
ChIJ75B1TXn7DDkRXW7sDwPwbGw,SATVIK BHOJ,places,en,312,28.67065255,77.29444480000001,28.668812499999998,77.2930709,0,del,Delhi,2026-09-01T02:59:45.087849Z
ChIJET0CZ_X7DDkRh6KHemFiOjY,Dhakkan Ki Kachodi,places,en,312,28.67065255,77.29444480000001,28.669748,77.2921341,0,del,Delhi,2026-09-01T02:59:45.087856Z
ChIJywVmAnz7DDkRnsJRuJ0y1fA,Sharma Ji Chole Bhaturey Wale Shahadra,places,en,312,28.67065255,77.29444480000001,28.670512799999994,77.2917373,0,del,Delhi,2026-09-01T02:59:45.087864Z
ChIJAduhDXr7DDkRx-u_I5bGWNk,Yadav Fast Food,places,en,312,28.67065255,77.29444480000001,28.6698942,77.2973303,0,del,Delhi,2026-09-01T02:59:45.087871Z
ChIJ24rrrNz9DDkRWwRMGhUfZYM,Bansal Sweets,places,en,313,28.70204065,77.22326749999999,28.704245099999998,77.2227743,0,del,Delhi,2026-09-01T02:59:45.417613Z
ChIJL4xIvHD9DDkRM_Lckn3RiZI,LUNGTA HOUSE,places,en,313,28.70204065,77.22326749999999,28.700956899999998,77.2256175,0,del,Delhi,2026-09-01T02:59:45.417634Z
ChIJNSap2sYDDTkRI4y8bkj0sWY,The Dragon Hucks,places,en,314,28.71096945,77.1815695,28.711127999999995,77.18168299999999,0,del,Delhi,2026-09-01T02:59:45.842798Z
ChIJs24S9KwBDTkR_dlAdFx3qx0,Chakh Le India,places,en,314,28.71096945,77.1815695,28.711843399999996,77.1812384,0,del,Delhi,2026-09-01T02:59:45.842831Z
ChIJ-9qEJc0BDTkR5giRPaxkAtY,Chai ki Tapri,places,en,314,28.71096945,77.1815695,28.713027399999998,77.1813832,0,del,Delhi,2026-09-01T02:59:45.842841Z
ChIJ7bR279cBDTkRxcawmBkKKjM,Not so fried,places,en,314,28.71096945,77.1815695,28.713189900000003,77.1804411,0,del,Delhi,2026-09-01T02:59:45.842849Z
ChIJc5pXicoDDTkRMd8wTpgOwuM,Tarsem Dhaba,places,en,314,28.71096945,77.1815695,28.709858999999998,77.18427439999999,0,del,Delhi,2026-09-01T02:59:45.842856Z
ChIJXWhTVaD9DDkRH4kh7EK-Lic,Kaushal Sweets,places,en,315,28.69338365,77.1957732,28.693093200000003,77.19615110000001,0,del,Delhi,2026-09-01T02:59:46.242975Z
ChIJadUhzPT9DDkRzbi8g-4g3_A,FIFHI,places,en,315,28.69338365,77.1957732,28.6930676,77.1962149,0,del,Delhi,2026-09-01T02:59:46.243004Z
ChIJAWwBcwb9DDkR5QeVmTWDZw0,City snacks point,places,en,315,28.69338365,77.1957732,28.6922713,77.1958313,0,del,Delhi,2026-09-01T02:59:46.243012Z
ChIJ7ZzufAoCDTkRuVVbUGY7fWQ,Willys Cake | Muffins | Chocolate brownie | Birthday | Wedding | CupCakes | Bakery and Cake Shop,places,en,315,28.69338365,77.1957732,28.693237000000003,77.1943501,0,del,Delhi,2026-09-01T02:59:46.243018Z
ChIJEfDHV0X9DDkRh6xvxcBATHE,Vanshaj’s house,places,en,315,28.69338365,77.1957732,28.692026100000003,77.1975762,0,del,Delhi,2026-09-01T02:59:46.243023Z
ChIJe5cvxiYDDTkR5KDRVBrcBiI,Uma Devi,places,en,315,28.69338365,77.1957732,28.693571199999997,77.1933267,0,del,Delhi,2026-09-01T02:59:46.243028Z
ChIJh9rP43v9DDkR20gIEISAHJI,Paradise Cafe Lounge & Bar,places,en,315,28.69338365,77.1957732,28.691651899999997,77.19750549999999,0,del,Delhi,2026-09-01T02:59:46.243033Z
ChIJbWZx5fT9DDkRgeH1BlnSVec,Hari Om Caterers,places,en,315,28.69338365,77.1957732,28.6921982,77.1980252,0,del,Delhi,2026-09-01T02:59:46.243039Z
ChIJef7c5fT9DDkRj5s64l6EqtY,SOY TALES,places,en,315,28.69338365,77.1957732,28.692121,77.1980002,0,del,Delhi,2026-09-01T02:59:46.243044Z
ChIJXZNWstT9DDkRItlwRmv7zjQ,Sukhdev Yadav,places,en,315,28.69338365,77.1957732,28.692261,77.1981177,0,del,Delhi,2026-09-01T02:59:46.243049Z
ChIJk5PS6Yj9DDkRbe05Vw959_U,Adam & Cheese,places,en,315,28.69338365,77.1957732,28.6923149,77.1982101,0,del,Delhi,2026-09-01T02:59:46.243054Z
ChIJEbUyyfD9DDkRDjdDiiTsrDo,SHER E CHAAP,places,en,315,28.69338365,77.1957732,28.692454999999995,77.1983462,0,del,Delhi,2026-09-01T02:59:46.243059Z
ChIJswcoY6f9DDkRmz0iMor4uGY,Variation Samosa,places,en,315,28.69338365,77.1957732,28.6925352,77.1984678,0,del,Delhi,2026-09-01T02:59:46.243064Z
ChIJQ2AZfOf9DDkR2J7xZtsgHt0,Gupta Hot Momos Point,places,en,315,28.69338365,77.1957732,28.6926432,77.19854529999999,0,del,Delhi,2026-09-01T02:59:46.243069Z
ChIJJdcCXwD9DDkRCpIhwM6JLfA,Hot shot momo point,places,en,315,28.69338365,77.1957732,28.692668599999998,77.1986865,0,del,Delhi,2026-09-01T02:59:46.243074Z
ChIJeT7lbon9DDkRv9XxUOGsOH0,China Plate Chowmein Corner,places,en,316,28.684619849999997,77.197785,28.6838414,77.1985686,0,del,Delhi,2026-09-01T02:59:46.591940Z
ChIJj9wrOof9DDkRfhqAkILCBb4,Student Momo wala,places,en,316,28.684619849999997,77.197785,28.684471400000003,77.1965366,0,del,Delhi,2026-09-01T02:59:46.591967Z
ChIJ0UiCqnP9DDkRHLluKHkpCrQ,Maadhav Rasoi - Best Tandoori Snacks & Starters in Delhi | Maggi Point,places,en,316,28.684619849999997,77.197785,28.683977100000003,77.1988148,0,del,Delhi,2026-09-01T02:59:46.591975Z
ChIJEWDjxlX9DDkRw5CwTK6AI9M,Biryani House,places,en,316,28.684619849999997,77.197785,28.6856785,77.1973098,0,del,Delhi,2026-09-01T02:59:46.591981Z
ChIJEW5vfTn9DDkR7M69ZM5BI3k,Shivaji's Day Night Kitchen,places,en,316,28.684619849999997,77.197785,28.6856785,77.1973098,0,del,Delhi,2026-09-01T02:59:46.591986Z
ChIJvxKfDuL9DDkRBSNymr2_HMg,CraveYard,places,en,316,28.684619849999997,77.197785,28.683195400000002,77.1970735,0,del,Delhi,2026-09-01T02:59:46.591992Z
ChIJaTSG6FL9DDkRuCd9-cnYiyI,Chammuch,places,en,316,28.684619849999997,77.197785,28.685111299999996,77.1996125,0,del,Delhi,2026-09-01T02:59:46.591997Z
ChIJCwRq59z9DDkRASXeb6OO-6o,Madan dhaba,places,en,316,28.684619849999997,77.197785,28.686345099999993,77.19794,0,del,Delhi,2026-09-01T02:59:46.592002Z
ChIJ_5Wjhm39DDkRpIDDrYZwmcc,SGF (Spice Grill Flame) - Shakti Nagar,places,en,316,28.684619849999997,77.197785,28.682828400000002,77.1972425,0,del,Delhi,2026-09-01T02:59:46.592007Z
ChIJ18pLYHL9DDkRj-nPXUyXEQM,Haldiram's - Kamla Nagar,places,en,316,28.684619849999997,77.197785,28.682739800000004,77.1978024,0,del,Delhi,2026-09-01T02:59:46.592012Z
ChIJ_4mbanb9DDkRZWo_1wTLmmY,Premannhar Restaurant,places,en,316,28.684619849999997,77.197785,28.6827233,77.197395,0,del,Delhi,2026-09-01T02:59:46.592017Z
ChIJAQAAjYf9DDkRMF1US6xDtb8,Apni Dukan,places,en,316,28.684619849999997,77.197785,28.682682399999997,77.1973986,0,del,Delhi,2026-09-01T02:59:46.592022Z
ChIJBQg6WCL9DDkRCGF9F5jpjsc,Pujabi Grill,places,en,316,28.684619849999997,77.197785,28.685741,77.1957379,0,del,Delhi,2026-09-01T02:59:46.592027Z
ChIJaUrMb6f9DDkR17ja3um07LA,Mittal Snacks & caterers,places,en,316,28.684619849999997,77.197785,28.682523999999997,77.1975417,0,del,Delhi,2026-09-01T02:59:46.592032Z
ChIJ5WaaeLz9DDkRlzsJrZVTEwo,New Hot Pot,places,en,316,28.684619849999997,77.197785,28.6858166,77.19578729999999,0,del,Delhi,2026-09-01T02:59:46.592037Z
ChIJbYlWGFn9DDkRKz5pi9asvas,Akhilesh Tasty Snacks,places,en,316,28.684619849999997,77.197785,28.6825185,77.1975495,0,del,Delhi,2026-09-01T02:59:46.592042Z
ChIJY2mIp4n9DDkR5HJJ8o3o16Y,Punjabi Dhaba,places,en,316,28.684619849999997,77.197785,28.682522600000002,77.1973764,0,del,Delhi,2026-09-01T02:59:46.592047Z
ChIJJYgT2wz9DDkRs_QuMgetDGM,Kitchen Fest,places,en,316,28.684619849999997,77.197785,28.682687299999998,77.19887899999999,0,del,Delhi,2026-09-01T02:59:46.592053Z
ChIJ8RR18ej9DDkRzVk0hiE88tE,Door to Door,places,en,316,28.684619849999997,77.197785,28.6862554,77.1961553,0,del,Delhi,2026-09-01T02:59:46.592058Z
ChIJgTS3o4_9DDkRk1EWLrR7E-g,Jyoti Chinese kitchen,places,en,316,28.684619849999997,77.197785,28.686481099999998,77.1962408,0,del,Delhi,2026-09-01T02:59:46.592063Z
ChIJtZ-WVQD7DDkRaktYKgWunDk,Narendra Kumar,places,en,317,28.667115350000003,77.3020103,28.667085899999996,77.3021073,0,del,Delhi,2026-09-01T02:59:46.939962Z
ChIJgWdNYQD7DDkR5Wlf3bkguSU,mahalaxmi tiffin service,places,en,317,28.667115350000003,77.3020103,28.6662239,77.30118499999999,0,del,Delhi,2026-09-01T02:59:46.939993Z
ChIJNcsjPH_7DDkRlVuthB8-0Jo,Black 498 A FOOD STALL (KACHODI WALE),places,en,317,28.667115350000003,77.3020103,28.6675932,77.3036741,0,del,Delhi,2026-09-01T02:59:46.940003Z
ChIJgaEAKfn7DDkRe1tuy9ayq9I,Shri Krishnan refreshment,places,en,317,28.667115350000003,77.3020103,28.667150999999997,77.3038062,0,del,Delhi,2026-09-01T02:59:46.940011Z
ChIJg_8JYQD7DDkR4C9WlBXBm5E,GGSIPU EDC Canteen,places,en,317,28.667115350000003,77.3020103,28.6658257,77.3032185,0,del,Delhi,2026-09-01T02:59:46.940018Z
ChIJMwUcH3L7DDkRzgcdhokpn_M,Mathela Chinese Food,places,en,317,28.667115350000003,77.3020103,28.667348999999998,77.30394969999999,0,del,Delhi,2026-09-01T02:59:46.940026Z
ChIJB_VKrmP7DDkRMw25M4SFvuY,AM-PM Momos n more,places,en,317,28.667115350000003,77.3020103,28.6661105,77.3036308,0,del,Delhi,2026-09-01T02:59:46.940033Z
ChIJ6yZwQAD7DDkRpJGjx5hfIs4,Bhoop chand k chole kulche,places,en,317,28.667115350000003,77.3020103,28.666833500000003,77.3042005,0,del,Delhi,2026-09-01T02:59:46.940040Z
ChIJ8dVuZ1P7DDkRVUJOcXrTTI8,Pishori Chicken Point,places,en,317,28.667115350000003,77.3020103,28.6665453,77.30420889999999,0,del,Delhi,2026-09-01T02:59:46.940047Z
ChIJtdsaYOv7DDkRu9M1qczFRk8,KKT And TIFFIN,places,en,317,28.667115350000003,77.3020103,28.6672102,77.3043093,0,del,Delhi,2026-09-01T02:59:46.940054Z
ChIJ18xdBJj7DDkRH6d5-CuViXc,The Prabhat Foods,places,en,317,28.667115350000003,77.3020103,28.6689139,77.3008047,0,del,Delhi,2026-09-01T02:59:46.940061Z
ChIJsxRidAD7DDkR6HVrV_boN7M,THE COUPLE SANDWICH,places,en,317,28.667115350000003,77.3020103,28.6652231,77.30322919999999,0,del,Delhi,2026-09-01T02:59:46.940067Z
ChIJF1E5jSj7DDkRNNIuflg0VBc,DESI BITES FOOD STALL,places,en,317,28.667115350000003,77.3020103,28.666734599999998,77.3044903,0,del,Delhi,2026-09-01T02:59:46.940074Z
ChIJF0DOJZb7DDkRW6sYh55xLlw,Bihari Restaurant,places,en,317,28.667115350000003,77.3020103,28.668913999999997,77.3004837,0,del,Delhi,2026-09-01T02:59:46.940081Z
ChIJDepszwb7DDkRwWZP5OqftvM,Take a break with befikre momos,places,en,317,28.667115350000003,77.3020103,28.665119399999995,77.30323489999999,0,del,Delhi,2026-09-01T02:59:46.940088Z
ChIJrTlUz6j7DDkR5AfumE38uhc,Qmin East Delhi,places,en,317,28.667115350000003,77.3020103,28.6657227,77.3041264,0,del,Delhi,2026-09-01T02:59:46.940095Z
ChIJ4ZP_QXD7DDkRAne4QVrO7vE,Beeraa's Sweets,places,en,317,28.667115350000003,77.3020103,28.667427000000004,77.299288,0,del,Delhi,2026-09-01T02:59:46.940102Z
ChIJiwfGoTz7DDkRKGjRq5b3qA4,Bhappa Ji Di Hatti,places,en,317,28.667115350000003,77.3020103,28.668908,77.30386,0,del,Delhi,2026-09-01T02:59:46.940108Z
ChIJZzUEGAD7DDkRjXQ-T9ULXU8,Mahipal chole kulche,places,en,317,28.667115350000003,77.3020103,28.669196399999997,77.3037777,0,del,Delhi,2026-09-01T02:59:46.940115Z
ChIJldFCPGX7DDkRPsREjZZ8ZzI,The Omnivores Junction,places,en,317,28.667115350000003,77.3020103,28.667318299999998,77.2989394,0,del,Delhi,2026-09-01T02:59:46.940122Z
ChIJMVAkIAABDTkRAza5mKaChyw,A1 food van,places,en,318,28.724540400000002,77.1262121,28.723943000000002,77.126763,0,del,Delhi,2026-09-01T02:59:47.369426Z
ChIJJ1DlCQ4BDTkRKXyfckCKN2I,Kumar Tiffin Service,places,en,318,28.724540400000002,77.1262121,28.723695,77.12539439999999,0,del,Delhi,2026-09-01T02:59:47.369453Z
ChIJRzGtALABDTkRF3wMylr8AkE,Vegeteria restaurant,places,en,318,28.724540400000002,77.1262121,28.7238871,77.12745,0,del,Delhi,2026-09-01T02:59:47.369461Z
ChIJ45M3fB0BDTkRzMaFwdWBvLU,House of Dumplings,places,en,318,28.724540400000002,77.1262121,28.7236211,77.1272391,0,del,Delhi,2026-09-01T02:59:47.369466Z
ChIJ4zktimkBDTkRO_PB-Gxit8o,Balaji chat corner,places,en,318,28.724540400000002,77.1262121,28.723501300000002,77.1270976,0,del,Delhi,2026-09-01T02:59:47.369472Z
ChIJU6_-ilABDTkR4UXCakAEmAA,Ane China Fast Food,places,en,318,28.724540400000002,77.1262121,28.723471999999997,77.1271603,0,del,Delhi,2026-09-01T02:59:47.369477Z
ChIJUzftvS0BDTkRz1IJJryES7M,Kishan Momos,places,en,318,28.724540400000002,77.1262121,28.7235597,77.1273336,0,del,Delhi,2026-09-01T02:59:47.369482Z
ChIJPYeaWLwBDTkRRN6M0lWRZPE,Deepak Chaat Bhandar,places,en,318,28.724540400000002,77.1262121,28.7233171,77.1269703,0,del,Delhi,2026-09-01T02:59:47.369487Z
ChIJq06uJ2oBDTkRJ1ZfF3Pjr7c,South Indian Corner,places,en,318,28.724540400000002,77.1262121,28.723870899999998,77.12760349999999,0,del,Delhi,2026-09-01T02:59:47.369492Z
ChIJZ3tyJ2oBDTkRjruZwis9bvU,Chit Chat chicken n meat shop,places,en,318,28.724540400000002,77.1262121,28.723676,77.127535,0,del,Delhi,2026-09-01T02:59:47.369497Z
ChIJLUaThNYBDTkRQ-z4Lx7LQIg,Prashant roll corner,places,en,318,28.724540400000002,77.1262121,28.7235671,77.1278627,0,del,Delhi,2026-09-01T02:59:47.369502Z
ChIJbZZUwvADDTkRz1XhUZR8J_w,Spice N curry,places,en,318,28.724540400000002,77.1262121,28.7235056,77.127928,0,del,Delhi,2026-09-01T02:59:47.369507Z
ChIJwV72otgBDTkRojEJnJzDUTo,Komal ka gurudhaba,places,en,318,28.724540400000002,77.1262121,28.722539899999997,77.1277817,0,del,Delhi,2026-09-01T02:59:47.369512Z
ChIJKcVnx5MDDTkR_owRGJOLwZQ,Oven Story,places,en,319,28.66182595,77.305433,28.661760999999995,77.30401499999999,0,del,Delhi,2026-09-01T02:59:47.815235Z
ChIJ0212u8L7DDkRP7UCYDJPABk,Spicy kitchen,places,en,319,28.66182595,77.305433,28.6604457,77.3055638,0,del,Delhi,2026-09-01T02:59:47.815266Z
ChIJLyf0OwD7DDkRIthZNqNWwdA,Brown Sugar Cafe | Surajmal Vihar,places,en,319,28.66182595,77.305433,28.6606029,77.3045693,0,del,Delhi,2026-09-01T02:59:47.815275Z
ChIJnS0K8Fv7DDkRgVxTI5J3xW8,Chachi ki Thali - Thali Lunch Service - Home Cooked Food,places,en,319,28.66182595,77.305433,28.660002799999994,77.305148,0,del,Delhi,2026-09-01T02:59:47.815283Z
ChIJEVlE5JD7DDkRYPAsYWJpKAY,CHAI PAR CHARCHA,places,en,319,28.66182595,77.305433,28.660159900000004,77.3063634,0,del,Delhi,2026-09-01T02:59:47.815290Z
ChIJH8sfWgD7DDkRW4GAlmzIU6M,Chinese hut,places,en,319,28.66182595,77.305433,28.6599269,77.30616909999999,0,del,Delhi,2026-09-01T02:59:47.815297Z
ChIJsTasI2_7DDkRPrhApMrJq_0,Feel The Cafe Vibes,places,en,319,28.66182595,77.305433,28.6598215,77.30497,0,del,Delhi,2026-09-01T02:59:47.815305Z
ChIJk9dMMKf7DDkR3ea-WEx3kEM,Aradhya Eatery,places,en,319,28.66182595,77.305433,28.6598037,77.30493229999999,0,del,Delhi,2026-09-01T02:59:47.815311Z
ChIJ40vlOgf7DDkR6zEjXXivm6o,KALPDRUMA LIVE KITCHEN,places,en,319,28.66182595,77.305433,28.659772699999998,77.3062762,0,del,Delhi,2026-09-01T02:59:47.815318Z
ChIJ_1pkiOL7DDkR5HLi0mIE0Bw,Fries Culture,places,en,319,28.66182595,77.305433,28.659787599999994,77.3063797,0,del,Delhi,2026-09-01T02:59:47.815325Z
ChIJf0CCkd_7DDkR8IM9Dta3N0Y,Romeo Rolls,places,en,319,28.66182595,77.305433,28.6597599,77.30634839999999,0,del,Delhi,2026-09-01T02:59:47.815332Z
ChIJN8qUVQD7DDkRKfigkF8qt-4,Chatpat Raja,places,en,319,28.66182595,77.305433,28.6597217,77.3062975,0,del,Delhi,2026-09-01T02:59:47.815339Z
ChIJu9QqDDj7DDkRuiVttvjFM-w,Daily Grill,places,en,319,28.66182595,77.305433,28.6597372,77.30636129999999,0,del,Delhi,2026-09-01T02:59:47.815346Z
ChIJV_v7FwD7DDkR0sUkMFag6KQ,The LYF Cafe (Pure Veg),places,en,319,28.66182595,77.305433,28.6597557,77.3065002,0,del,Delhi,2026-09-01T02:59:47.815352Z
ChIJ6yHDmsD7DDkRdri7MnlY0T4,Section-B,places,en,319,28.66182595,77.305433,28.659671499999998,77.3062958,0,del,Delhi,2026-09-01T02:59:47.815359Z
ChIJX5vanGv7DDkRvArfBNGrRvs,Chaskaa,places,en,319,28.66182595,77.305433,28.6597652,77.3066512,0,del,Delhi,2026-09-01T02:59:47.815366Z
ChIJbRJDdu_7DDkR1D8BU_N9GIE,Ni Hao,places,en,319,28.66182595,77.305433,28.659649899999998,77.30637159999999,0,del,Delhi,2026-09-01T02:59:47.815373Z
ChIJxSCsdOT7DDkRaQlnSw2aAmQ,Biryani Station,places,en,319,28.66182595,77.305433,28.660174899999998,77.30737289999999,0,del,Delhi,2026-09-01T02:59:47.815380Z
ChIJVfDf66j7DDkRYJzx3heOq0k,"The Waffle Co., Surajmal Vihar Delhi",places,en,319,28.66182595,77.305433,28.6597844,77.30689149999999,0,del,Delhi,2026-09-01T02:59:47.815387Z
ChIJCVIQfG77DDkR4TjzDEZ74os,Garden Hut,places,en,319,28.66182595,77.305433,28.663321199999995,77.3033052,0,del,Delhi,2026-09-01T02:59:47.815393Z
ChIJwed_EJsDDTkRcEVqAkrlFzs,Chinese Jhol,places,en,320,28.67936035,77.15787689999999,28.679599300000003,77.1575031,0,del,Delhi,2026-09-01T02:59:48.176904Z
ChIJbeGjDwADDTkRZtr1hpdLhAA,BALA JI Restaurant,places,en,320,28.67936035,77.15787689999999,28.6789473,77.1581136,0,del,Delhi,2026-09-01T02:59:48.176937Z
ChIJ7YDrWV4DDTkR618vYi9nWaw,Savior of Taste ( SOT),places,en,320,28.67936035,77.15787689999999,28.678860800000002,77.1578131,0,del,Delhi,2026-09-01T02:59:48.176948Z
ChIJ0ZzvwPIDDTkRc3pTpMHYzeo,Sachin pizza fast food restaurants,places,en,320,28.67936035,77.15787689999999,28.680301099999994,77.15789199999999,0,del,Delhi,2026-09-01T02:59:48.176956Z
ChIJ5xCa-P8DDTkRmn8-EYyCd4U,Pizza Near Me and Beyond,places,en,320,28.67936035,77.15787689999999,28.6783906,77.1575269,0,del,Delhi,2026-09-01T02:59:48.176964Z
ChIJebt6erEDDTkRrSBNaKWdRww,Lalaji Puri wale,places,en,320,28.67936035,77.15787689999999,28.677919199999995,77.15996539999999,0,del,Delhi,2026-09-01T02:59:48.176971Z
ChIJl1IbY6EDDTkRIX9OXSofb3I,Sudharma Food Corner,places,en,320,28.67936035,77.15787689999999,28.677531,77.159773,0,del,Delhi,2026-09-01T02:59:48.176978Z
ChIJS7O0g0UCDTkR72b4OE0uoeY,Annapurna Refreshment,places,en,320,28.67936035,77.15787689999999,28.6783201,77.160483,0,del,Delhi,2026-09-01T02:59:48.176986Z
ChIJE5QxXE4CDTkRI6HCF9nm1TA,Muradabad Chicken Biryani,places,en,320,28.67936035,77.15787689999999,28.6774383,77.1559535,0,del,Delhi,2026-09-01T02:59:48.176993Z
ChIJVw0ecbMDDTkRBIABrfve4dk,PUERITIA FOODS PRIVATE LIMITED,places,en,320,28.67936035,77.15787689999999,28.676789299999996,77.1572769,0,del,Delhi,2026-09-01T02:59:48.177000Z
ChIJa7a8YU4CDTkRqLyyr6PW7Nc,Kashyap Enterprises,places,en,320,28.67936035,77.15787689999999,28.6785681,77.1550204,0,del,Delhi,2026-09-01T02:59:48.177007Z
ChIJt0PscAADDTkRVAQlizhHzxw,friend's chole bhature,places,en,320,28.67936035,77.15787689999999,28.6776615,77.16018790000001,0,del,Delhi,2026-09-01T02:59:48.177014Z
ChIJBa12FAADDTkR4KMHJaQVvi8,Raju,places,en,320,28.67936035,77.15787689999999,28.677782,77.155436,0,del,Delhi,2026-09-01T02:59:48.177021Z
ChIJXyXWGwD9DDkRms19BeRjZuA,Tapri Point,places,en,321,28.6544114,77.2116343,28.654323,77.21125099999999,0,del,Delhi,2026-09-01T02:59:48.524379Z
ChIJOxnmWVP9DDkR-_Z8Y4Vsep8,Ghar Ki Rasoi,places,en,321,28.6544114,77.2116343,28.655178199999998,77.21173859999999,0,del,Delhi,2026-09-01T02:59:48.524411Z
ChIJpZLnJEv9DDkR4aqrAdlMW5w,Khushboo cloud kitchen,places,en,321,28.6544114,77.2116343,28.655238299999997,77.2120316,0,del,Delhi,2026-09-01T02:59:48.524422Z
ChIJO9vi4239DDkRmuJuCpYXpuE,Tootex Innerwear,places,en,321,28.6544114,77.2116343,28.655374300000002,77.2120213,0,del,Delhi,2026-09-01T02:59:48.524430Z
ChIJK_m0s6X9DDkR2Cc0aNVgrjQ,Kachori point (bittu sharma),places,en,321,28.6544114,77.2116343,28.6553641,77.212518,0,del,Delhi,2026-09-01T02:59:48.524437Z
ChIJw3y6SgD9DDkRxzZpk-BCjLc,Darbar Of Food’s,places,en,321,28.6544114,77.2116343,28.6546469,77.210122,0,del,Delhi,2026-09-01T02:59:48.524444Z
ChIJVX8MBgD9DDkRIPdHW5HNf_w,AL-Rehmat Foods,places,en,321,28.6544114,77.2116343,28.6536825,77.2100554,0,del,Delhi,2026-09-01T02:59:48.524452Z
ChIJSdYZd279DDkRh26r2mYrsoI,Madan Lal Halwai,places,en,321,28.6544114,77.2116343,28.656103499999997,77.2118289,0,del,Delhi,2026-09-01T02:59:48.524513Z
ChIJn-e4tVn9DDkRxMTFp0Nbq7M,zaiqa chicken corner,places,en,321,28.6544114,77.2116343,28.655896700000003,77.2127218,0,del,Delhi,2026-09-01T02:59:48.524524Z
ChIJC_zsr7H9DDkRbd5xyDIYKCA,Al Chand Foods,places,en,321,28.6544114,77.2116343,28.655159100000002,77.20974559999999,0,del,Delhi,2026-09-01T02:59:48.524531Z
ChIJD5zSQG79DDkRdNbMX7J5224,Little tandoor,places,en,321,28.6544114,77.2116343,28.655466600000004,77.2099393,0,del,Delhi,2026-09-01T02:59:48.524538Z
ChIJd-3rnjD9DDkRto9hqXsSa-8,"AVM INDIA SOCKS AND LINGERIE MANUFACTURER (Shastri Nagar, Delhi)",places,en,321,28.6544114,77.2116343,28.654321999999997,77.209493,0,del,Delhi,2026-09-01T02:59:48.524545Z
ChIJuxk6XgD9DDkRkM0yeR-EmBg,Mohammaddeen hotel,places,en,321,28.6544114,77.2116343,28.655145500000003,77.20956679999999,0,del,Delhi,2026-09-01T02:59:48.524552Z
ChIJtdY2lnb9DDkRFWklnCaxr0c,Anmol chicken corner,places,en,321,28.6544114,77.2116343,28.6554658,77.2097497,0,del,Delhi,2026-09-01T02:59:48.524559Z
ChIJpX398m79DDkRRpgyjjhEcPM,Al Zahid Neamat Kada,places,en,321,28.6544114,77.2116343,28.6544112,77.2093555,0,del,Delhi,2026-09-01T02:59:48.524566Z
ChIJJYRy1t79DDkRGdKdr3Piuas,Bilal hotel,places,en,321,28.6544114,77.2116343,28.6546818,77.2093287,0,del,Delhi,2026-09-01T02:59:48.524573Z
ChIJtfzyEW79DDkRTLKe_Sp0sKk,Ashok And Ashok Meat Dhaba,places,en,321,28.6544114,77.2116343,28.656276199999997,77.2106484,0,del,Delhi,2026-09-01T02:59:48.524580Z
ChIJe1ycAc39DDkR-XT23bBKq6o,Bukhraat Mughlai Foods Delhi,places,en,321,28.6544114,77.2116343,28.656691199999994,77.21156169999999,0,del,Delhi,2026-09-01T02:59:48.524587Z
ChIJ69Rc8Uf9DDkRVSVaM2v4TBw,chacha special chole bhature,places,en,321,28.6544114,77.2116343,28.6537499,77.2141763,0,del,Delhi,2026-09-01T02:59:48.524594Z
ChIJuRhvuGb9DDkRdwK3um5haEg,Al-Madina,places,en,321,28.6544114,77.2116343,28.6564941,77.2103149,0,del,Delhi,2026-09-01T02:59:48.524601Z
ChIJJxWPWlj9DDkR8fp5Slx_CHo,Rehman's cafe,places,en,322,28.658469699999998,77.2079674,28.6588525,77.2078161,0,del,Delhi,2026-09-01T02:59:48.945313Z
ChIJhQy0LF_9DDkR5aoLS2ugv_M,IRFAN'S CAFE,places,en,322,28.658469699999998,77.2079674,28.6588525,77.2078161,0,del,Delhi,2026-09-01T02:59:48.945339Z
ChIJfRVTcmz9DDkR6romtXlWFyE,Rathore chhole bhature,places,en,322,28.658469699999998,77.2079674,28.658422999999996,77.2088246,0,del,Delhi,2026-09-01T02:59:48.945347Z
ChIJ439oT3z9DDkRoVDmT879rzg,Burger house,places,en,322,28.658469699999998,77.2079674,28.658865499999997,77.2068154,0,del,Delhi,2026-09-01T02:59:48.945352Z
ChIJYyJltPf9DDkRxrU4MB6dxMM,Late night cafe,places,en,322,28.658469699999998,77.2079674,28.6582239,77.20922039999999,0,del,Delhi,2026-09-01T02:59:48.945358Z
ChIJgwyiVlf9DDkRaDq_GRDYdJo,Kwality Restaurant,places,en,322,28.658469699999998,77.2079674,28.659447699999998,77.2068323,0,del,Delhi,2026-09-01T02:59:48.945363Z
ChIJL3ok-y79DDkRs3pLtKtswPc,AL QURESHI HOT ZAIKA,places,en,322,28.658469699999998,77.2079674,28.657293199999998,77.20704049999999,0,del,Delhi,2026-09-01T02:59:48.945368Z
ChIJ17Darxj9DDkRxDna0xTdTBA,Spicy Oven,places,en,322,28.658469699999998,77.2079674,28.659329899999996,77.20667879999999,0,del,Delhi,2026-09-01T02:59:48.945373Z
ChIJN67BfY39DDkRDSMD1klDhO4,Ashok Chaat Bhandar,places,en,322,28.658469699999998,77.2079674,28.6596527,77.2090223,0,del,Delhi,2026-09-01T02:59:48.945378Z
ChIJL7LCWAD9DDkRj1x3tGOozGw,Aam pappad,places,en,322,28.658469699999998,77.2079674,28.659656199999993,77.2090269,0,del,Delhi,2026-09-01T02:59:48.945383Z
ChIJSV_g9_L9DDkR_LpNUzMsJBk,Kamal Bhojnalaya,places,en,322,28.658469699999998,77.2079674,28.659654299999996,77.2090328,0,del,Delhi,2026-09-01T02:59:48.945388Z
ChIJkYH6zAX9DDkRqjwFwgWqHe4,Md Alam,places,en,322,28.658469699999998,77.2079674,28.6596124,77.20914069999999,0,del,Delhi,2026-09-01T02:59:48.945393Z
ChIJyR5Esq39DDkRrRHZPRpgTiw,Kamal Sweets,places,en,322,28.658469699999998,77.2079674,28.6597433,77.20906959999999,0,del,Delhi,2026-09-01T02:59:48.945398Z
ChIJm0zyHEX9DDkRDJTSMX5REl0,Al Faiz Food,places,en,322,28.658469699999998,77.2079674,28.656821599999997,77.20790649999999,0,del,Delhi,2026-09-01T02:59:48.945403Z
ChIJlW149Of9DDkRnWyd9RDO0RE,Golden grill,places,en,322,28.658469699999998,77.2079674,28.659056099999997,77.2061964,0,del,Delhi,2026-09-01T02:59:48.945408Z
ChIJpZy6jHD9DDkRCHPvgxBEnm4,LEVEN MOOI,places,en,322,28.658469699999998,77.2079674,28.6600952,77.2074152,0,del,Delhi,2026-09-01T02:59:48.945414Z
ChIJ20_wREf9DDkR3TjM7I2-UIU,Hero Hotel,places,en,322,28.658469699999998,77.2079674,28.6579155,77.2060786,0,del,Delhi,2026-09-01T02:59:48.945419Z
ChIJUxdNBwD9DDkRbFUGfJlVpo0,Al Madina Dhaba,places,en,322,28.658469699999998,77.2079674,28.656868099999997,77.20708139999999,0,del,Delhi,2026-09-01T02:59:48.945424Z
ChIJfVYXWwD9DDkRL_QGIlnHh08,Kamal Puri wala,places,en,322,28.658469699999998,77.2079674,28.6599251,77.20914359999999,0,del,Delhi,2026-09-01T02:59:48.945428Z
ChIJhyTkmuX9DDkRonZvtLdeJ30,Biryani Store,places,en,322,28.658469699999998,77.2079674,28.657502500000003,77.2097179,0,del,Delhi,2026-09-01T02:59:48.945433Z
ChIJUyPG_wIFDTkRLM7u4d0vrMM,Chiks N Crisp,places,en,323,28.661261,77.0871913,28.6611383,77.0868769,0,del,Delhi,2026-09-01T02:59:49.387952Z
ChIJRycQT9IFDTkR6YwAaP5Vktk,hot and spicy corner,places,en,323,28.661261,77.0871913,28.661144800000002,77.08681469999999,0,del,Delhi,2026-09-01T02:59:49.387976Z
ChIJi9XhlGMEDTkR9IhfJ6-0ttU,Shree Durga Dosa Corner,places,en,323,28.661261,77.0871913,28.6611392,77.0867832,0,del,Delhi,2026-09-01T02:59:49.387984Z
ChIJtxV7mGMEDTkRQKWj9voinC0,Van Tikki Wala,places,en,323,28.661261,77.0871913,28.660993,77.08769579999999,0,del,Delhi,2026-09-01T02:59:49.387990Z
ChIJF_Le62MEDTkRixNcaaKuUpc,Hi Hunger Lucky Juice & Shakes,places,en,323,28.661261,77.0871913,28.661157,77.08640299999999,0,del,Delhi,2026-09-01T02:59:49.387995Z
ChIJLZ4M6WMEDTkRKSPYm3t0e4k,Lamba Chole Bhature,places,en,323,28.661261,77.0871913,28.6611333,77.0863059,0,del,Delhi,2026-09-01T02:59:49.388001Z
ChIJ6XPg2BcFDTkRXpemeuR1O_E,Second Home,places,en,323,28.661261,77.0871913,28.6609515,77.0857389,0,del,Delhi,2026-09-01T02:59:49.388006Z
ChIJA4HUzmMEDTkR8iF2eBtT1kI,The Detox Kitchen,places,en,323,28.661261,77.0871913,28.660033300000002,77.0862944,0,del,Delhi,2026-09-01T02:59:49.388011Z
ChIJZbC0L28EDTkRvsnOvAdddhw,The Bread Ways Bakery,places,en,323,28.661261,77.0871913,28.660226,77.08550389999999,0,del,Delhi,2026-09-01T02:59:49.388017Z
ChIJo9kJFGMEDTkRz1zCZ1bVUgg,Bake Hub,places,en,323,28.661261,77.0871913,28.661073100000003,77.08966939999999,0,del,Delhi,2026-09-01T02:59:49.388022Z
ChIJ5SX-OWMEDTkRNqq3NBkoGKw,B Fit Cafe,places,en,323,28.661261,77.0871913,28.6604682,77.0845599,0,del,Delhi,2026-09-01T02:59:49.388029Z
ChIJMbAIFjQFDTkRleRR4qlt0SM,Biryani wali aunty,places,en,323,28.661261,77.0871913,28.660139500000003,77.0844693,0,del,Delhi,2026-09-01T02:59:49.388035Z
ChIJ5Yf5UnAFDTkRhoVkDvXniJg,MAPLE LEAF,places,en,323,28.661261,77.0871913,28.6606,77.0901559,0,del,Delhi,2026-09-01T02:59:49.388040Z
ChIJQfHkm4wFDTkRddElOq8vqns,AZORA BY CHERISH,places,en,323,28.661261,77.0871913,28.6606,77.0901559,0,del,Delhi,2026-09-01T02:59:49.388045Z
ChIJZ5kLqYUBDTkRUsX0PK_jTkM,RM MOMOS,places,en,324,28.7177412,77.1046361,28.7172533,77.105626,0,del,Delhi,2026-09-01T02:59:49.731748Z
ChIJUQwudE0BDTkRvRn91XlqjCk,Shahi Biryani Corner,places,en,324,28.7177412,77.1046361,28.716835200000002,77.1052371,0,del,Delhi,2026-09-01T02:59:49.731804Z
ChIJeX9RbogBDTkRqD62wEU4sIc,Bhai ke Momos,places,en,324,28.7177412,77.1046361,28.716481100000003,77.104933,0,del,Delhi,2026-09-01T02:59:49.731816Z
ChIJ5c8oI8gBDTkRdNwQ1sI3dgc,RUBY'S KITCHEN,places,en,324,28.7177412,77.1046361,28.7171235,77.1060067,0,del,Delhi,2026-09-01T02:59:49.731824Z
ChIJYVxoQQABDTkR-4aj_KidTwQ,Aman Momos Wala,places,en,324,28.7177412,77.1046361,28.7180796,77.1063075,0,del,Delhi,2026-09-01T02:59:49.731831Z
ChIJ0SkOqlABDTkRANhgJPTO2WE,Nayaska Restaurant,places,en,324,28.7177412,77.1046361,28.716216699999997,77.1046817,0,del,Delhi,2026-09-01T02:59:49.731839Z
ChIJW2kdhIMBDTkRaBiLseEg54U,Burgir hut,places,en,324,28.7177412,77.1046361,28.716440000000002,77.10577219999999,0,del,Delhi,2026-09-01T02:59:49.731846Z
ChIJz0tYY00BDTkRTstHsuNoCHM,गप्पू चिकन कॉर्नर,places,en,324,28.7177412,77.1046361,28.7160698,77.1045966,0,del,Delhi,2026-09-01T02:59:49.731855Z
ChIJy8tZY00BDTkRCDWgWifjAAM,जय माँ शक्ति स्टोर,places,en,324,28.7177412,77.1046361,28.716067799999998,77.1045982,0,del,Delhi,2026-09-01T02:59:49.731862Z
ChIJ6b3g38QBDTkRjHA3W_DygSw,LOMO,places,en,324,28.7177412,77.1046361,28.716661700000003,77.1061394,0,del,Delhi,2026-09-01T02:59:49.731869Z
ChIJ04aJj7ABDTkRpsAq4Ey9Hig,BITTU DHABA,places,en,324,28.7177412,77.1046361,28.715972899999997,77.1044562,0,del,Delhi,2026-09-01T02:59:49.731876Z
ChIJMzzZ-AUBDTkRWK06Fbav7tw,Krishan Shoo,places,en,324,28.7177412,77.1046361,28.716069599999997,77.1055456,0,del,Delhi,2026-09-01T02:59:49.731883Z
ChIJUdFE_I0BDTkRg5V5UTtPCOA,Sahib Di Bhatti,places,en,324,28.7177412,77.1046361,28.716322899999998,77.1032217,0,del,Delhi,2026-09-01T02:59:49.731890Z
ChIJHbEeBM8BDTkRUArx2ty-Hxs,Rajesh tiffin service,places,en,324,28.7177412,77.1046361,28.716322899999998,77.1032217,0,del,Delhi,2026-09-01T02:59:49.731897Z
ChIJa0kEgFIBDTkRruikaVbAhCw,Baba Momos,places,en,324,28.7177412,77.1046361,28.715790600000002,77.1052981,0,del,Delhi,2026-09-01T02:59:49.731904Z
ChIJ58X7-UUBDTkRm_QXRg3pzhc,Suresh Fast Food,places,en,324,28.7177412,77.1046361,28.719586699999997,77.1034626,0,del,Delhi,2026-09-01T02:59:49.731911Z
ChIJx03miUsBDTkRJNWkanoa_-I,Shri Vidhi,places,en,324,28.7177412,77.1046361,28.715979999999995,77.1059362,0,del,Delhi,2026-09-01T02:59:49.731918Z
ChIJe_2wf1IBDTkR-IB_7RYffO8,Perfect Chinese Fast Food,places,en,324,28.7177412,77.1046361,28.715722399999997,77.1052998,0,del,Delhi,2026-09-01T02:59:49.731924Z
ChIJ0Z9tGegBDTkRtIeXSp31oSg,Panchtara Food,places,en,324,28.7177412,77.1046361,28.717449199999997,77.1070823,0,del,Delhi,2026-09-01T02:59:49.731931Z
ChIJ2_mSe7sBDTkRrXKZHtqv-Hg,IPIE - Homely and Healthy,places,en,324,28.7177412,77.1046361,28.716220999999994,77.1025757,0,del,Delhi,2026-09-01T02:59:49.731938Z
ChIJjSLPeQABDTkR0_MnQU1Rh8Q,SHARMA JI CHOLE BHATURE WALA,places,en,325,28.70426485,77.12967605,28.704549099999998,77.12977649999999,0,del,Delhi,2026-09-01T02:59:50.096738Z
ChIJLTDJct8DDTkR5pypsFc2s7k,34 Chowringhee Lane,places,en,325,28.70426485,77.12967605,28.705115,77.12900909999999,0,del,Delhi,2026-09-01T02:59:50.096764Z
ChIJT5VPyF0DDTkR9cfHRi4A98I,SALADS CENTRAL,places,en,325,28.70426485,77.12967605,28.705111300000002,77.129002,0,del,Delhi,2026-09-01T02:59:50.096770Z
ChIJcTUpNBsDDTkRHYxLKZqyJRc,Oneness Bakes,places,en,325,28.70426485,77.12967605,28.704318899999997,77.1282824,0,del,Delhi,2026-09-01T02:59:50.096775Z
ChIJWw9SLQADDTkRvXUey-73TCg,Bhoora bhai chhole kulcha,places,en,325,28.70426485,77.12967605,28.7048758,77.13115979999999,0,del,Delhi,2026-09-01T02:59:50.096779Z
ChIJdSyNEG4DDTkRfuXXLJ_Kcko,CHUTNEY BITE,places,en,325,28.70426485,77.12967605,28.7041201,77.1277277,0,del,Delhi,2026-09-01T02:59:50.096785Z
ChIJ3_fdawADDTkRcBuwLBDsBGg,Chole Kulche,places,en,325,28.70426485,77.12967605,28.7060145,77.1284618,0,del,Delhi,2026-09-01T02:59:50.096791Z
ChIJrWCcRwABDTkR8nozW_I-hyk,Fateh Ki kachori,places,en,325,28.70426485,77.12967605,28.705918500000003,77.1310788,0,del,Delhi,2026-09-01T02:59:50.096796Z
ChIJy9lw1FkDDTkRvFFk8eDQ9Nc,Manohar Dhaba,places,en,325,28.70426485,77.12967605,28.7029189,77.1270653,0,del,Delhi,2026-09-01T02:59:50.096801Z
ChIJyW9z-gMBDTkRG9aCRWi6VBE,Sidhu Eating Point,places,en,326,28.73414165,77.18739265,28.735386399999996,77.1874101,0,del,Delhi,2026-09-01T02:59:50.517865Z
ChIJpWyhQAABDTkRUwFkFU3NziU,RANA FAST FOOD,places,en,326,28.73414165,77.18739265,28.7330749,77.1862579,0,del,Delhi,2026-09-01T02:59:50.517891Z
ChIJrajmr0QBDTkRJXPnSBVjtSQ,NAIRA CHINESE CORNER,places,en,326,28.73414165,77.18739265,28.734374400000004,77.1891781,0,del,Delhi,2026-09-01T02:59:50.517899Z
ChIJqeJ61W4BDTkRmW41Q8TQ2hQ,Sharad Kumar,places,en,326,28.73414165,77.18739265,28.735830200000002,77.1869167,0,del,Delhi,2026-09-01T02:59:50.517905Z
ChIJozRVqjUDDTkRBdmV3AzH68I,Ramu Ka Dhaba,places,en,327,28.6506908,77.11070050000001,28.6513353,77.1097449,0,del,Delhi,2026-09-01T02:59:50.961945Z
ChIJV17HPqEDDTkR5i_w8xOw0hY,Rolling Chinese,places,en,327,28.6506908,77.11070050000001,28.6514204,77.1096532,0,del,Delhi,2026-09-01T02:59:50.961973Z
ChIJt4X3OQADDTkRDTRyqbcHPok,Foodie adda,places,en,327,28.6506908,77.11070050000001,28.651540699999998,77.1094711,0,del,Delhi,2026-09-01T02:59:50.961980Z
ChIJwxnRbL0DDTkR3J7wtfAGyZs,Dosa Corner,places,en,327,28.6506908,77.11070050000001,28.6498796,77.11214799999999,0,del,Delhi,2026-09-01T02:59:50.961987Z
ChIJv3jeFZ0DDTkROLNr195Ef5M,NEW MADRAS CAFE,places,en,327,28.6506908,77.11070050000001,28.649944,77.1122221,0,del,Delhi,2026-09-01T02:59:50.961993Z
ChIJV2UtqUkDDTkRvPsPmS90RlI,Rawal fast food,places,en,327,28.6506908,77.11070050000001,28.6492328,77.1100311,0,del,Delhi,2026-09-01T02:59:50.961998Z
ChIJS0Dkp48DDTkRRReZi2axILU,Cafe Dutyfree,places,en,327,28.6506908,77.11070050000001,28.6491963,77.1099756,0,del,Delhi,2026-09-01T02:59:50.962003Z
ChIJv0ts_ZQDDTkRm4xiYVVQRtE,best chicken,places,en,327,28.6506908,77.11070050000001,28.6491963,77.1099756,0,del,Delhi,2026-09-01T02:59:50.962008Z
ChIJ3QJWE88DDTkR6qFc7lEPGvw,Yaara Da Tabbr,places,en,327,28.6506908,77.11070050000001,28.650073900000002,77.1124728,0,del,Delhi,2026-09-01T02:59:50.962014Z
ChIJFTWtQHoDDTkR6KJY-UFuXh4,Rawal Fast Food,places,en,327,28.6506908,77.11070050000001,28.651969299999998,77.1120404,0,del,Delhi,2026-09-01T02:59:50.962019Z
ChIJ25VcwnsDDTkRsl71klwN5Kw,Variety Chicken Corner,places,en,327,28.6506908,77.11070050000001,28.652237000000003,77.109762,0,del,Delhi,2026-09-01T02:59:50.962024Z
ChIJR4BBi3oDDTkRal1eu4uM3HM,Vaishno Bhojnalay,places,en,327,28.6506908,77.11070050000001,28.650381499999998,77.11274,0,del,Delhi,2026-09-01T02:59:50.962029Z
ChIJPflpg4EDDTkRH0lgr5Ds7VY,The pizza club,places,en,327,28.6506908,77.11070050000001,28.649069500000003,77.10975499999999,0,del,Delhi,2026-09-01T02:59:50.962034Z
ChIJR1gd8KADDTkRBa010Kx3DoE,Grover Sweets,places,en,327,28.6506908,77.11070050000001,28.6513051,77.112782,0,del,Delhi,2026-09-01T02:59:50.962039Z
ChIJ5USf6HsDDTkR8BmkbvASt_s,Vishal'S Chicken Shop,places,en,327,28.6506908,77.11070050000001,28.652356899999994,77.1094265,0,del,Delhi,2026-09-01T02:59:50.962044Z
ChIJSVG5WqcDDTkRCLf2-VruYOE,Ice Cream And Shakes Point,places,en,327,28.6506908,77.11070050000001,28.648876,77.1096829,0,del,Delhi,2026-09-01T02:59:50.962049Z
ChIJAQAAQHsDDTkRMgBHa2pJcUs,7 M,places,en,327,28.6506908,77.11070050000001,28.648876,77.1096829,0,del,Delhi,2026-09-01T02:59:50.962054Z
ChIJRYwNgHgDDTkRAqjv1dWxJLE,Bhatura Junction,places,en,327,28.6506908,77.11070050000001,28.6523774,77.11201989999999,0,del,Delhi,2026-09-01T02:59:50.962059Z
ChIJ3YujmNYDDTkRSsRf_sGCsus,Punjabi shahi chicken soup,places,en,327,28.6506908,77.11070050000001,28.652497,77.1118516,0,del,Delhi,2026-09-01T02:59:50.962064Z
ChIJc5i4sGQDDTkRcrsFCLSViJA,Singh Saab Chicken and Fish Center,places,en,327,28.6506908,77.11070050000001,28.6528643,77.1106535,0,del,Delhi,2026-09-01T02:59:50.962069Z
ChIJo1GLFwkADTkRJtDWhjOVAdo,Khatri Sweets,places,en,328,28.799542549999998,77.1806442,28.7990429,77.179536,0,del,Delhi,2026-09-01T02:59:51.301124Z
ChIJN2wA4sQBDTkRoSnKP4SFYxw,Shree Shyam Sweets and Restaurant,places,en,328,28.799542549999998,77.1806442,28.7988209,77.17959950000001,0,del,Delhi,2026-09-01T02:59:51.301152Z
ChIJN5p3KQABDTkRM257niM8beo,R momo shop,places,en,328,28.799542549999998,77.1806442,28.798250499999998,77.1796762,0,del,Delhi,2026-09-01T02:59:51.301161Z
ChIJQ0AsagABDTkRB-9kFME40c0,Taste together,places,en,328,28.799542549999998,77.1806442,28.7980832,77.1797376,0,del,Delhi,2026-09-01T02:59:51.301168Z
ChIJ6WTUOzUBDTkRaFB053wIzGU,EATWELL BITES,places,en,328,28.799542549999998,77.1806442,28.798403599999997,77.18221989999999,0,del,Delhi,2026-09-01T02:59:51.301175Z
ChIJdXrZFkD-DDkRU1z0cx8736s,Giriraj Sweets,places,en,329,28.73929115,77.21620215,28.739086399999998,77.21853949999999,0,del,Delhi,2026-09-01T02:59:51.643516Z
ChIJGb1nmD0ADTkRN4pCOvbKxko,Bhojanalay,places,en,330,28.7787043,77.17801655,28.778879099999997,77.1795389,0,del,Delhi,2026-09-01T02:59:52.009000Z
ChIJ-z1imD0ADTkRDQXk-5oPt3s,राज स्वीट्स एण्ड कैफे रेस्टोरेंट,places,en,330,28.7787043,77.17801655,28.778861899999995,77.1796042,0,del,Delhi,2026-09-01T02:59:52.009030Z
ChIJvZ-8GgABDTkRbzTeR_oJYeA,Divine Cafe...Tasty Bite,places,en,331,28.774551000000002,77.18514605,28.772569100000002,77.186942,0,del,Delhi,2026-09-01T02:59:52.337874Z
ChIJNXFoT6_7DDkROg21dpHY-Zk,Raptii Food Corner,places,en,332,28.6864834,77.32167545,28.685727300000003,77.3220016,0,del,Delhi,2026-09-01T02:59:52.691526Z
ChIJM9Tvh7j7DDkRiybz0cDu3b0,Bharat Veg Biryani,places,en,332,28.6864834,77.32167545,28.685652899999997,77.32204089999999,0,del,Delhi,2026-09-01T02:59:52.691552Z
ChIJr7PNw5H7DDkRHzSKpi1r0Cs,The Road Cafe,places,en,332,28.6864834,77.32167545,28.6856791,77.3221616,0,del,Delhi,2026-09-01T02:59:52.691557Z
ChIJa8tvKgb7DDkRc3WRz5bQ3os,Pummy Food Zone,places,en,332,28.6864834,77.32167545,28.6864662,77.3231131,0,del,Delhi,2026-09-01T02:59:52.691562Z
ChIJMzLzF9_7DDkRAJAuTOkssAc,Panchayat Cafe & Restaurant,places,en,332,28.6864834,77.32167545,28.6868838,77.3234478,0,del,Delhi,2026-09-01T02:59:52.691566Z
ChIJgdv5I6_7DDkRpybdo049QGA,Pokhra MALAI CHAP,places,en,332,28.6864834,77.32167545,28.686148199999995,77.32351349999999,0,del,Delhi,2026-09-01T02:59:52.691571Z
ChIJ_eDnB6b7DDkRAAAAMPsyngg,Bedi Ricky,places,en,332,28.6864834,77.32167545,28.684814,77.320455,0,del,Delhi,2026-09-01T02:59:52.691575Z
ChIJRw0NeqX7DDkRmEzF2bAm9mQ,Shourya Kitchen,places,en,332,28.6864834,77.32167545,28.688062400000003,77.3202766,0,del,Delhi,2026-09-01T02:59:52.691579Z
ChIJ867qqa_7DDkR_MqPT_QgKvo,Ram Lal Da Dhaba,places,en,332,28.6864834,77.32167545,28.6880092,77.3233884,0,del,Delhi,2026-09-01T02:59:52.691583Z
ChIJ2adcqrv7DDkR-bEkqrJnFf8,Sri Krishna Bhavan,places,en,332,28.6864834,77.32167545,28.687294599999998,77.32401700000001,0,del,Delhi,2026-09-01T02:59:52.691587Z
ChIJd5bnfQD7DDkRwxKqsgMOPRI,Domino's Pizza | Dilshad Garden,places,en,332,28.6864834,77.32167545,28.687202300000003,77.3240818,0,del,Delhi,2026-09-01T02:59:52.691592Z
ChIJLwnClaL7DDkRBpV9LAEJGn4,Bikaner Rasoi,places,en,332,28.6864834,77.32167545,28.6872074,77.32410829999999,0,del,Delhi,2026-09-01T02:59:52.691596Z
ChIJpTcoKIP7DDkRFONCk94lfRw,Tashi MomoLa,places,en,332,28.6864834,77.32167545,28.687061099999994,77.3241668,0,del,Delhi,2026-09-01T02:59:52.691600Z
ChIJg57tRQD7DDkRvPKEpmAp_Ns,Shri sahab ji snacks Corner,places,en,332,28.6864834,77.32167545,28.68748,77.324198,0,del,Delhi,2026-09-01T02:59:52.691604Z
ChIJ4WE2hNP7DDkRzB65A7zr4y4,The Fitness Cafe,places,en,332,28.6864834,77.32167545,28.6866835,77.3244454,0,del,Delhi,2026-09-01T02:59:52.691608Z
ChIJnRIt5q77DDkRemnILcMhBSM,Alam Chicken Point,places,en,332,28.6864834,77.32167545,28.686687999999997,77.3244455,0,del,Delhi,2026-09-01T02:59:52.691612Z
ChIJe5vN5677DDkRDVc29cROO0Q,CHACHA CHICKEN TAKE AWAY,places,en,332,28.6864834,77.32167545,28.686662899999998,77.324459,0,del,Delhi,2026-09-01T02:59:52.691616Z
ChIJV2PpCuz7DDkRYgiIGH1CX2E,Eat N Chill,places,en,332,28.6864834,77.32167545,28.688330299999997,77.3236204,0,del,Delhi,2026-09-01T02:59:52.691620Z
ChIJrwE1U4v7DDkR246yzuN4VA0,Chicken Shikan by vijaay,places,en,332,28.6864834,77.32167545,28.684409199999997,77.3200015,0,del,Delhi,2026-09-01T02:59:52.691624Z
ChIJQ2R8baX7DDkRAAAAMG8WiiY,Al Baik Restaurant,places,en,332,28.6864834,77.32167545,28.688347699999998,77.31970969999999,0,del,Delhi,2026-09-01T02:59:52.691628Z
ChIJya7OHXABDTkRyhhYrXFQ0-Q,Food zone,places,en,334,28.7638397,77.18925835,28.762488899999994,77.1892342,0,del,Delhi,2026-09-01T02:59:53.432622Z
ChIJaef0OzgADTkR_iWmcOF7hXY,Raju Chowmein Corner,places,en,334,28.7638397,77.18925835,28.764602300000004,77.1905999,0,del,Delhi,2026-09-01T02:59:53.432649Z
ChIJgVjYPIgBDTkRBcWp7tBrkLg,Kallan Halwai,places,en,334,28.7638397,77.18925835,28.7633142,77.1876928,0,del,Delhi,2026-09-01T02:59:53.432656Z
ChIJi_mBeNQBDTkRyMUNVkIejuQ,I Like It Food Point,places,en,334,28.7638397,77.18925835,28.763849999999998,77.1911873,0,del,Delhi,2026-09-01T02:59:53.432662Z
ChIJyxE7CgABDTkRFeUlrLCqheA,Foodies Hub-Fresh & Healthy Food,places,en,334,28.7638397,77.18925835,28.762738700000003,77.1907279,0,del,Delhi,2026-09-01T02:59:53.432667Z
ChIJG0TOIhEBDTkRQO-EiC6aWVY,Foodies Hub Express,places,en,334,28.7638397,77.18925835,28.7627413,77.1908211,0,del,Delhi,2026-09-01T02:59:53.432673Z
ChIJaxHxXpj_DDkRegAnJzITp1Y,Systumm Momos Point,places,en,334,28.7638397,77.18925835,28.7620495,77.18993520000001,0,del,Delhi,2026-09-01T02:59:53.432678Z
ChIJd_jvtPYBDTkRd6Uf8zzw84c,Sushma kitchen Tiffin service,places,en,334,28.7638397,77.18925835,28.761718,77.1900325,0,del,Delhi,2026-09-01T02:59:53.432683Z
ChIJt_UA6IgBDTkR2LexWpvCmt0,Fast Food,places,en,334,28.7638397,77.18925835,28.761566799999997,77.188197,0,del,Delhi,2026-09-01T02:59:53.432688Z
ChIJI1SxWAD9DDkRu_n1DJ_9bFA,Shree Lakshmi Ganapathi chicken center,places,en,335,28.665112,77.25906975,28.665269999999996,77.2584755,0,del,Delhi,2026-09-01T02:59:53.769444Z
ChIJhVGDi_r9DDkRsgEHpbcQosM,Boogly- Gandhi Nagar,places,en,335,28.665112,77.25906975,28.6661937,77.2588671,0,del,Delhi,2026-09-01T02:59:53.769465Z
ChIJJ9XnNVD7DDkRFf_GV7F0aQs,Dosto Di Hatti,places,en,335,28.665112,77.25906975,28.663942199999997,77.2590085,0,del,Delhi,2026-09-01T02:59:53.769470Z
ChIJi1j-hkWpDTkROK4XICZzCqw,ORGANIC ACRE,places,en,335,28.665112,77.25906975,28.664287899999998,77.2601591,0,del,Delhi,2026-09-01T02:59:53.769475Z
ChIJdfJ8f_H8DDkRDcpI9m2gxoM,Aman Namkeen Bhandar,places,en,335,28.665112,77.25906975,28.664584500000004,77.2576181,0,del,Delhi,2026-09-01T02:59:53.769479Z
ChIJY415KgD9DDkRSzxoRPX6LDA,bismillah hotel,places,en,335,28.665112,77.25906975,28.663908400000004,77.2599056,0,del,Delhi,2026-09-01T02:59:53.769483Z
ChIJd71XeI39DDkRhYFTqEC6zC0,Ek Asha Jan Rasoi,places,en,335,28.665112,77.25906975,28.663873000000002,77.258324,0,del,Delhi,2026-09-01T02:59:53.769487Z
ChIJC_s_xAn9DDkR8bDYTQBLcY0,Food Corner,places,en,335,28.665112,77.25906975,28.665129399999998,77.2607702,0,del,Delhi,2026-09-01T02:59:53.769491Z
ChIJR6uJ31X9DDkRR2fcksuT0KI,Krishna Dhaba,places,en,335,28.665112,77.25906975,28.663841800000004,77.2602991,0,del,Delhi,2026-09-01T02:59:53.769495Z
ChIJA7iQuoT9DDkR25CAVuIBAkE,The Pizza Swag,places,en,335,28.665112,77.25906975,28.663491699999994,77.25837229999999,0,del,Delhi,2026-09-01T02:59:53.769499Z
ChIJ6eG5o1v9DDkR2roNHKs0s_4,Om Ji Sweet,places,en,335,28.665112,77.25906975,28.6637141,77.26026519999999,0,del,Delhi,2026-09-01T02:59:53.769503Z
ChIJ5y7slbT9DDkRWkqSR9T3qtM,Malhotra Punjabi Poori Chhole,places,en,335,28.665112,77.25906975,28.663435200000002,77.2597878,0,del,Delhi,2026-09-01T02:59:53.769507Z
ChIJwwCJZej9DDkRwZEyoJ4TRJk,The Bhatura Factory,places,en,335,28.665112,77.25906975,28.665566899999998,77.2570593,0,del,Delhi,2026-09-01T02:59:53.769511Z
ChIJx7btcwD9DDkRmgWtXoCTPec,FAST FOOD SHOP,places,en,335,28.665112,77.25906975,28.665476100000003,77.26138689999999,0,del,Delhi,2026-09-01T02:59:53.769515Z
ChIJG7eZ6O79DDkRrWpzm5aXUf0,Shree Shyam Shakahari Bhojan,places,en,335,28.665112,77.25906975,28.665635799999997,77.25671870000001,0,del,Delhi,2026-09-01T02:59:53.769519Z
ChIJVT_mTHH9DDkRa84RB7avVSA,Mohd Fast Food,places,en,335,28.665112,77.25906975,28.663099199999998,77.2600916,0,del,Delhi,2026-09-01T02:59:53.769523Z
ChIJzVGeIAD9DDkRX3dujnn-1Jw,Shankar chat bhandar,places,en,335,28.665112,77.25906975,28.664149100000003,77.2615524,0,del,Delhi,2026-09-01T02:59:53.769527Z
ChIJ0bSNsln9DDkRqZ5RptIM9fU,Rashid Chicken Corner,places,en,335,28.665112,77.25906975,28.664762500000002,77.2619059,0,del,Delhi,2026-09-01T02:59:53.769531Z
ChIJJalIfQD9DDkRqOoMGWLd2Qo,FOOD HEAVEN,places,en,336,28.68131515,77.26989085,28.681490699999998,77.2700065,0,del,Delhi,2026-09-01T02:59:54.215591Z
ChIJiaor-0j9DDkRpdg2tt5ZqLk,Madina foods,places,en,336,28.68131515,77.26989085,28.682144199999996,77.2704593,0,del,Delhi,2026-09-01T02:59:54.215624Z
ChIJf3CjF8P9DDkRzn7PwtTZuis,CRISPY ZAYKA,places,en,336,28.68131515,77.26989085,28.6822695,77.27016259999999,0,del,Delhi,2026-09-01T02:59:54.215635Z
ChIJHazPpWb8DDkRoASGszRl2yI,Mulla Ji Haleem Biryani Wale,places,en,336,28.68131515,77.26989085,28.680712499999995,77.2688244,0,del,Delhi,2026-09-01T02:59:54.215643Z
ChIJ8QKSEwD9DDkRdZd9npyARX4,Chill n grill kalyan cinema,places,en,336,28.68131515,77.26989085,28.682210899999994,77.2691581,0,del,Delhi,2026-09-01T02:59:54.215651Z
ChIJ4f76-Sv9DDkRqco35EvuyZ0,Rahis Nahari hotel,places,en,336,28.68131515,77.26989085,28.682366000000002,77.26948229999999,0,del,Delhi,2026-09-01T02:59:54.215658Z
ChIJ385TJQD9DDkR36lPVqBkEJ4,Crispy zayka,places,en,336,28.68131515,77.26989085,28.6819957,77.2709307,0,del,Delhi,2026-09-01T02:59:54.215665Z
ChIJb-HRN-z9DDkRqodoOMbS6s4,Noor Chat Corner,places,en,336,28.68131515,77.26989085,28.682021,77.27098900000001,0,del,Delhi,2026-09-01T02:59:54.215672Z
ChIJQaS_pGb8DDkRRHn_dKhduvU,Al Pakiza Biryani,places,en,336,28.68131515,77.26989085,28.6808603,77.2686009,0,del,Delhi,2026-09-01T02:59:54.215679Z
ChIJi0sQcWT8DDkRRzLT0kUutms,Khan Hotel,places,en,336,28.68131515,77.26989085,28.680534599999998,77.2710706,0,del,Delhi,2026-09-01T02:59:54.215686Z
ChIJQ_kccWT8DDkRtXOkRqvo4W8,PATHAN FOODS,places,en,336,28.68131515,77.26989085,28.680576,77.2712308,0,del,Delhi,2026-09-01T02:59:54.215693Z
ChIJIwmhRIz9DDkRkIcYmibw43I,Chicken hall,places,en,336,28.68131515,77.26989085,28.6817095,77.2683895,0,del,Delhi,2026-09-01T02:59:54.215700Z
ChIJd2TyfgD7DDkRVpxb6GmSSQE,AL AZEEM KABAB CORNER,places,en,336,28.68131515,77.26989085,28.680503500000004,77.27120560000002,0,del,Delhi,2026-09-01T02:59:54.215707Z
ChIJx_606mH9DDkROFrBrZJY8Ms,Nikki Nahari Wale,places,en,336,28.68131515,77.26989085,28.680510899999998,77.2713421,0,del,Delhi,2026-09-01T02:59:54.215714Z
ChIJG2UifgD9DDkReBmq42JLtEY,Zaika bakery (Hamza),places,en,336,28.68131515,77.26989085,28.68197,77.2714202,0,del,Delhi,2026-09-01T02:59:54.215721Z
ChIJbVKQvmb8DDkR0o4etRGY3Z0,Abdul Rahim Bawarchi,places,en,336,28.68131515,77.26989085,28.6810339,77.2681336,0,del,Delhi,2026-09-01T02:59:54.215728Z
ChIJtRcu1WX8DDkRO_IsHQgYQpk,Shahbaz Bawarchi,places,en,336,28.68131515,77.26989085,28.682824800000002,77.26937079999999,0,del,Delhi,2026-09-01T02:59:54.215735Z
ChIJTZHCfQD9DDkRzJGTx9M2MR8,Pizza Adda,places,en,336,28.68131515,77.26989085,28.6796891,77.2699805,0,del,Delhi,2026-09-01T02:59:54.215742Z
ChIJ84Zg6wf9DDkRYcWUqqyvPv0,Dessert club,places,en,336,28.68131515,77.26989085,28.681808300000004,77.27165049999999,0,del,Delhi,2026-09-01T02:59:54.215749Z
ChIJcXm7UAD9DDkRWvPlQgmAaV4,Akhil bawarchi,places,en,336,28.68131515,77.26989085,28.680501999999997,77.271558,0,del,Delhi,2026-09-01T02:59:54.215756Z
ChIJJz3-CAD_DDkRV2jGe51Xlgs,Pahadi fast food,places,en,337,28.7391917,77.20815365,28.738829399999997,77.208742,0,del,Delhi,2026-09-01T02:59:54.631893Z
ChIJJxkaTgf_DDkR8Gewk1HOLYk,delhi fastfood,places,en,337,28.7391917,77.20815365,28.7402552,77.2086611,0,del,Delhi,2026-09-01T02:59:54.631921Z
ChIJCaw8VGv_DDkRiAjXhdiXFkY,Gautam Sweet Shop,places,en,337,28.7391917,77.20815365,28.7374367,77.209549,0,del,Delhi,2026-09-01T02:59:54.631929Z
ChIJhb5xWVL_DDkROVyATLKRADM,Shehezade chicken shop,places,en,337,28.7391917,77.20815365,28.737558999999997,77.2063333,0,del,Delhi,2026-09-01T02:59:54.631934Z
ChIJS-mpsYz_DDkR0wbi5B72F-M,Shri shyam baba veg briyani,places,en,337,28.7391917,77.20815365,28.739536899999997,77.2055905,0,del,Delhi,2026-09-01T02:59:54.631940Z
ChIJI5ebeGT_DDkRHqPTbXvOk3E,Krishna Sweets,places,en,337,28.7391917,77.20815365,28.7371286,77.20659619999999,0,del,Delhi,2026-09-01T02:59:54.631945Z
ChIJifRG-CwBDTkRij2XoeT0UD4,Mithila Restaurant,places,en,338,28.7569666,77.167844,28.7585037,77.1678511,0,del,Delhi,2026-09-01T02:59:54.975515Z
ChIJ7eVCzWABDTkR4dXkuSb8an0,Jammu Punjabi dhaba,places,en,338,28.7569666,77.167844,28.756318399999998,77.16543089999999,0,del,Delhi,2026-09-01T02:59:54.975541Z
ChIJ8VmgnEwADTkR23PamTSBfr0,Shivam Fast Food Corner,places,en,338,28.7569666,77.167844,28.757850199999996,77.16534850000001,0,del,Delhi,2026-09-01T02:59:54.975550Z
ChIJKbRPAEQBDTkRjAXKca-n3h4,Khwahish Namkeen,places,en,339,28.76066145,77.17306425000001,28.7609238,77.174067,0,del,Delhi,2026-09-01T02:59:55.311107Z
ChIJZeYkq4wBDTkR8y5HCdCccNY,Shri Balaji Fast Food,places,en,339,28.76066145,77.17306425000001,28.7598958,77.1738656,0,del,Delhi,2026-09-01T02:59:55.311140Z
ChIJIbk0KmIBDTkRfFwsfW1JcXA,The Pizza Town,places,en,339,28.76066145,77.17306425000001,28.7616729,77.17174229999999,0,del,Delhi,2026-09-01T02:59:55.311151Z
ChIJp56a4iMBDTkRE8cNvH9-fus,Mishra di Hatti,places,en,339,28.76066145,77.17306425000001,28.761114799999998,77.1752013,0,del,Delhi,2026-09-01T02:59:55.311158Z
ChIJixm_mU8BDTkR0RaVAb-GmYo,Moti lal caterers shop,places,en,339,28.76066145,77.17306425000001,28.7623686,77.1717542,0,del,Delhi,2026-09-01T02:59:55.311165Z
ChIJOVPM9jQADTkRHpScF2UclwM,Lalit Marriage and Party Hall,places,en,339,28.76066145,77.17306425000001,28.759418800000002,77.17517219999999,0,del,Delhi,2026-09-01T02:59:55.311173Z
ChIJhQMcQpkBDTkRaKeX8c20AAY,Bablu Store,places,en,339,28.76066145,77.17306425000001,28.759463099999998,77.17527,0,del,Delhi,2026-09-01T02:59:55.311180Z
ChIJP6oFNJ4BDTkRMi_XJwsMgqQ,Mohit pal,places,en,339,28.76066145,77.17306425000001,28.7594514,77.1752703,0,del,Delhi,2026-09-01T02:59:55.311187Z
ChIJBc68YzUADTkR_As4n1UC-bA,Gupta Sweets Corner,places,en,339,28.76066145,77.17306425000001,28.758565599999997,77.17177769999999,0,del,Delhi,2026-09-01T02:59:55.311194Z
ChIJFyX58DQADTkRzK7uvtPkkE4,SOMYA FAST FOOD Corner,places,en,339,28.76066145,77.17306425000001,28.759240799999997,77.1752711,0,del,Delhi,2026-09-01T02:59:55.311201Z
ChIJa--6MHABDTkRMdvj4wbpeVU,Yashwant Sharma Sweets,places,en,339,28.76066145,77.17306425000001,28.7592244,77.1752733,0,del,Delhi,2026-09-01T02:59:55.311208Z
ChIJL5EdxBABDTkRvuh0uAmiHUc,Pooja Fast Food,places,en,340,28.766793,77.17889299999999,28.7672244,77.1762062,0,del,Delhi,2026-09-01T02:59:55.678618Z
ChIJz3wRvTwBDTkR2dAlKNioclM,Tastytown,places,en,340,28.766793,77.17889299999999,28.769158899999994,77.1798244,0,del,Delhi,2026-09-01T02:59:55.678641Z
ChIJYehQHnYBDTkR7GFFlK5cO7o,Sstendra,places,en,340,28.766793,77.17889299999999,28.7688483,77.18060659999999,0,del,Delhi,2026-09-01T02:59:55.678647Z
ChIJxeCHmj0BDTkRwTLaQV-XEGw,SUNITA FAST FOOD,places,en,340,28.766793,77.17889299999999,28.768815799999995,77.1806993,0,del,Delhi,2026-09-01T02:59:55.678651Z
ChIJhaqF-jkADTkRXFX0vauoQy8,Aggarwal Sweets Corner,places,en,340,28.766793,77.17889299999999,28.7693055,77.1782939,0,del,Delhi,2026-09-01T02:59:55.678656Z
ChIJZy-LuGkBDTkRR6p-tPy5OVI,Swaad Fast Foods Corner,places,en,340,28.766793,77.17889299999999,28.7691679,77.18011,0,del,Delhi,2026-09-01T02:59:55.678660Z
ChIJu3uqdAABDTkRe7RHKxteKj4,Madras special dosa,places,en,340,28.766793,77.17889299999999,28.769273,77.17985750000001,0,del,Delhi,2026-09-01T02:59:55.678664Z
ChIJRSIyYqABDTkRSBGhd6LkBn0,Bhagat Jee Family Dhaba,places,en,340,28.766793,77.17889299999999,28.769297400000003,77.1799327,0,del,Delhi,2026-09-01T02:59:55.678668Z
ChIJtQidIgABDTkRZATQv6jZk4U,Kumau Sweet House,places,en,341,28.76704105,77.15850950000001,28.767909399999997,77.15570629999999,0,del,Delhi,2026-09-01T02:59:56.020312Z
ChIJVTeDh7oBDTkRktIjWiBaqOQ,Sri Ram Sweet corner,places,en,341,28.76704105,77.15850950000001,28.7667464,77.161484,0,del,Delhi,2026-09-01T02:59:56.020337Z
ChIJyRU_y0wADTkR9YaHKzU-lEY,लाल होटल,places,en,342,28.758096350000002,77.1647987,28.7558972,77.1640709,0,del,Delhi,2026-09-01T02:59:56.365023Z
ChIJQ1iS3KUBDTkRbpjBsNXhBqg,Punjab Town,places,en,342,28.758096350000002,77.1647987,28.759724799999997,77.1670263,0,del,Delhi,2026-09-01T02:59:56.365044Z
ChIJP5wWs_4ADTkRaNiDZpBxPL4,जय गौतम रसोई एण्ड चाप कार्नर,places,en,343,28.7591095,77.14464914999999,28.7594917,77.14372929999999,0,del,Delhi,2026-09-01T02:59:56.804226Z
ChIJA4-TBtEBDTkRoDLjrzK89vQ,Swaad Tikdi,places,en,343,28.7591095,77.14464914999999,28.759633100000002,77.1459867,0,del,Delhi,2026-09-01T02:59:56.804258Z
ChIJc4B87-4BDTkRbU-R5t2w1SI,Sunil Chai Nasta Stall,places,en,343,28.7591095,77.14464914999999,28.757781899999998,77.14469319999999,0,del,Delhi,2026-09-01T02:59:56.804268Z
ChIJXVCSUbABDTkRfJZDwOXza5Y,Sahil Shop,places,en,343,28.7591095,77.14464914999999,28.759566099999997,77.1427265,0,del,Delhi,2026-09-01T02:59:56.804277Z
ChIJ502pExwBDTkRhBB4ybHgXiQ,Mama & Bhanja parathe wale,places,en,343,28.7591095,77.14464914999999,28.7571536,77.14512239999999,0,del,Delhi,2026-09-01T02:59:56.804285Z
ChIJR4rBxm0BDTkRygF5iXQH_PI,shiv vaishno dhaba,places,en,343,28.7591095,77.14464914999999,28.7597424,77.1420043,0,del,Delhi,2026-09-01T02:59:56.804292Z
ChIJR0XHeaUBDTkRmZaMUF2B7Es,Rajsthani Bhojnalaya,places,en,343,28.7591095,77.14464914999999,28.7611958,77.14606049999999,0,del,Delhi,2026-09-01T02:59:56.804299Z
ChIJzc0nqhX7DDkRXxBB2XDFehI,Laxmi sweets and kirana store,places,en,344,28.7134793,77.30552125,28.712798199999998,77.3056774,0,del,Delhi,2026-09-01T02:59:57.155277Z
ChIJoTf-4fX7DDkRtYuaSY7l3TQ,SAHIL HOME'S KITCHENS,places,en,344,28.7134793,77.30552125,28.7129796,77.3039356,0,del,Delhi,2026-09-01T02:59:57.155312Z
ChIJ6TUrUQD7DDkROBTd0wmmwhk,Vikas Fast Food,places,en,344,28.7134793,77.30552125,28.7134952,77.30740109999999,0,del,Delhi,2026-09-01T02:59:57.155323Z
ChIJxSlCmtD7DDkRWi2VNh9Bg0Q,hot and spicy fast food,places,en,344,28.7134793,77.30552125,28.7121318,77.3073233,0,del,Delhi,2026-09-01T02:59:57.155331Z
ChIJf6i0Hfz7DDkR-tZcDmMwFGQ,Chicken Shop,places,en,344,28.7134793,77.30552125,28.7118968,77.3037373,0,del,Delhi,2026-09-01T02:59:57.155338Z
ChIJgZwh3vv7DDkR0dGD61O2qlg,The spicy adda,places,en,344,28.7134793,77.30552125,28.714644399999997,77.30331869999999,0,del,Delhi,2026-09-01T02:59:57.155346Z
ChIJLwPI5Ob7DDkR-HZplZezfTc,वंश फुटवियर,places,en,344,28.7134793,77.30552125,28.715686299999998,77.3061604,0,del,Delhi,2026-09-01T02:59:57.155353Z
ChIJV52ABvf7DDkRFnWBvNKeerg,Delight Pizza,places,en,344,28.7134793,77.30552125,28.714160499999995,77.30304509999999,0,del,Delhi,2026-09-01T02:59:57.155360Z
ChIJZyT0LwD7DDkRulfbyJB75F8,ZAIKA NATION,places,en,344,28.7134793,77.30552125,28.711772099999997,77.3036082,0,del,Delhi,2026-09-01T02:59:57.155368Z
ChIJZy-ab9QDDTkRBZlLsCHULRg,Old Singh Chicken,places,en,345,28.6786234,77.1103567,28.677260600000004,77.1111646,0,del,Delhi,2026-09-01T02:59:57.489138Z
ChIJIavXzI0DDTkRw5_Iwn8NiMA,Green Chick Chop,places,en,345,28.6786234,77.1103567,28.6771846,77.1112922,0,del,Delhi,2026-09-01T02:59:57.489163Z
ChIJx7-_zY0DDTkR2Cs3_jBfP9Y,Deli63 Cafe,places,en,345,28.6786234,77.1103567,28.677065000000002,77.1112105,0,del,Delhi,2026-09-01T02:59:57.489169Z
ChIJWflpzY0DDTkRGwMQ0iUpvak,Cafe Maddox Paschim Vihar,places,en,345,28.6786234,77.1103567,28.677029999999995,77.111213,0,del,Delhi,2026-09-01T02:59:57.489174Z
ChIJEyZ_EesFDTkRn9-R9YWK1AU,Burgrill -Paschim Vihar,places,en,345,28.6786234,77.1103567,28.6769884,77.11123189999999,0,del,Delhi,2026-09-01T02:59:57.489179Z
ChIJDdOpM00DDTkRQpu5piBVbRk,Food Ambassador,places,en,345,28.6786234,77.1103567,28.676941199999998,77.1111739,0,del,Delhi,2026-09-01T02:59:57.489184Z
ChIJPbqNGgADDTkR7tUMvHLRDyU,MakkaWaala,places,en,345,28.6786234,77.1103567,28.676918699999998,77.1111263,0,del,Delhi,2026-09-01T02:59:57.489190Z
ChIJBZZMf9oDDTkRoY7Mminkx6k,SPICE POINT,places,en,345,28.6786234,77.1103567,28.6770142,77.11138260000001,0,del,Delhi,2026-09-01T02:59:57.489195Z
ChIJhyP0zY0DDTkRn9HHMoU_XFw,Roll Point,places,en,345,28.6786234,77.1103567,28.6769988,77.11141169999999,0,del,Delhi,2026-09-01T02:59:57.489200Z
ChIJHVms040DDTkRjHVhITva32A,London Grill Co.,places,en,345,28.6786234,77.1103567,28.6767336,77.1113783,0,del,Delhi,2026-09-01T02:59:57.489205Z
ChIJD0PKDgD_DDkRWj7xeH_xDrk,Culf the family restaurant,places,en,346,28.74069535,77.20653150000001,28.740441699999998,77.2053054,0,del,Delhi,2026-09-01T02:59:57.929370Z
ChIJQdjQAAD_DDkRh36kTkRT4HA,Uttrakhand Vibes,places,en,346,28.74069535,77.20653150000001,28.742055299999997,77.2052507,0,del,Delhi,2026-09-01T02:59:57.929397Z
ChIJY1VpGQD_DDkRx1gCgbs36hk,Mastani food,places,en,346,28.74069535,77.20653150000001,28.7391943,77.2042957,0,del,Delhi,2026-09-01T02:59:57.929406Z
ChIJdbxIfMT_DDkRSVDl_sayGbg,The food dude,places,en,346,28.74069535,77.20653150000001,28.741046299999994,77.2036049,0,del,Delhi,2026-09-01T02:59:57.929412Z
ChIJQYC2Yqj_DDkR-3OWkZtgD3k,Swaadvallabh,places,en,346,28.74069535,77.20653150000001,28.741488800000003,77.2036938,0,del,Delhi,2026-09-01T02:59:57.929417Z
ChIJYckCUsn_DDkR558-PTbRVo0,The MoMo Nation,places,en,346,28.74069535,77.20653150000001,28.7427209,77.2045929,0,del,Delhi,2026-09-01T02:59:57.929423Z
ChIJ6aOEd98BDTkRNKwAyuxhOSE,Chinese Hut,places,en,347,28.739494649999997,77.1941923,28.738734,77.1937933,0,del,Delhi,2026-09-01T02:59:58.303372Z
ChIJwXdQNVcBDTkRAGkqJa-ybAE,BHUTAWALI'S KITCHEN,places,en,347,28.739494649999997,77.1941923,28.7385597,77.1936635,0,del,Delhi,2026-09-01T02:59:58.303404Z
ChIJt5PzE_cBDTkRQmrMpaz2qIs,Kangri Utsav (Rana Fast Food),places,en,347,28.739494649999997,77.1941923,28.7386111,77.1931706,0,del,Delhi,2026-09-01T02:59:58.303414Z
ChIJw28N0tb_DDkROLGNiMKTZ7M,Tanya Restaurant Delhi 84,places,en,347,28.739494649999997,77.1941923,28.739499799999997,77.19572819999999,0,del,Delhi,2026-09-01T02:59:58.303421Z
ChIJvd4kOgABDTkRlhEzscOfkVU,Fast food vegetable,places,en,347,28.739494649999997,77.1941923,28.738661099999995,77.192914,0,del,Delhi,2026-09-01T02:59:58.303429Z
ChIJTf3jAXn_DDkRshLRNMT6i4U,TCOFF ADDA,places,en,347,28.739494649999997,77.1941923,28.7389051,77.1957723,0,del,Delhi,2026-09-01T02:59:58.303436Z
ChIJiW5YRQ7_DDkRwCa7JWVcjSs,Xaika Zaika Dhaba,places,en,347,28.739494649999997,77.1941923,28.738495300000004,77.1956194,0,del,Delhi,2026-09-01T02:59:58.303443Z
ChIJxbivUwD_DDkRvb-a_HrdsXg,Pizza food factory,places,en,347,28.739494649999997,77.1941923,28.738179,77.195397,0,del,Delhi,2026-09-01T02:59:58.303450Z
ChIJJ7qLwCD-DDkRLtKTZKV0my4,Maharani Rasoi,places,en,347,28.739494649999997,77.1941923,28.740437099999994,77.1960246,0,del,Delhi,2026-09-01T02:59:58.303457Z
ChIJzXjHjSL_DDkRtYyQOwpyhM4,Food Pathshala,places,en,347,28.739494649999997,77.1941923,28.738057500000004,77.1955681,0,del,Delhi,2026-09-01T02:59:58.303464Z
ChIJ34RFJOH_DDkRdrX0dGgqbDE,COFFEE ART HOUSE,places,en,347,28.739494649999997,77.1941923,28.7379835,77.19557259999999,0,del,Delhi,2026-09-01T02:59:58.303471Z
ChIJRZ1wB27_DDkREIHFXQcP2lc,Sarkar Ji Foods,places,en,347,28.739494649999997,77.1941923,28.7406039,77.1960362,0,del,Delhi,2026-09-01T02:59:58.303478Z
ChIJWzO2Jtf_DDkRepKvfUX9M7o,Madan Prasad Yadav,places,en,347,28.739494649999997,77.1941923,28.740413999999994,77.196174,0,del,Delhi,2026-09-01T02:59:58.303485Z
ChIJf-owPXH_DDkRj0pmsPmTvDg,Punjabi Mother's Rasoi,places,en,347,28.739494649999997,77.1941923,28.7407921,77.1960959,0,del,Delhi,2026-09-01T02:59:58.303492Z
ChIJ1XWFyHL-DDkRvZ5THsvpQsY,Burger Xpress,places,en,347,28.739494649999997,77.1941923,28.741006000000002,77.19592999999999,0,del,Delhi,2026-09-01T02:59:58.303498Z
ChIJJSfhJ40BDTkRL-YaAfCZ1Lo,Samosa Sur,places,en,347,28.739494649999997,77.1941923,28.740288999999997,77.19190189999999,0,del,Delhi,2026-09-01T02:59:58.303505Z
ChIJq3MiCYUBDTkRCOr4lE2hQhg,Karan chaap wala,places,en,347,28.739494649999997,77.1941923,28.741577000000003,77.1935429,0,del,Delhi,2026-09-01T02:59:58.303512Z
ChIJz6EP3Qn_DDkR5INj9ok3DNA,Azad Halal Chicken shop,places,en,347,28.739494649999997,77.1941923,28.7401394,77.1965542,0,del,Delhi,2026-09-01T02:59:58.303518Z
ChIJmTlaVA4BDTkRzAzCB29qKjI,Neelam Ka Dhaba,places,en,347,28.739494649999997,77.1941923,28.7403108,77.1918867,0,del,Delhi,2026-09-01T02:59:58.303525Z
ChIJCX10n9YBDTkRGGXA5XOE2dM,Prem Ki Rasoi,places,en,347,28.739494649999997,77.1941923,28.7403108,77.1918867,0,del,Delhi,2026-09-01T02:59:58.303532Z
ChIJSbMZCLMBDTkR2ltUR1gz_AM,Apna Parathe Walla,places,en,348,28.739832,77.1903946,28.739581400000002,77.1897417,0,del,Delhi,2026-09-01T02:59:58.648542Z
ChIJuUsCh3EBDTkR8DpbaypKppU,Tast Point,places,en,348,28.739832,77.1903946,28.739648000000003,77.18966189999999,0,del,Delhi,2026-09-01T02:59:58.648575Z
ChIJeXl5ruABDTkRwqpsux_Avo4,Mr. & Mrs. Grill,places,en,348,28.739832,77.1903946,28.7406439,77.19097099999999,0,del,Delhi,2026-09-01T02:59:58.648585Z
ChIJ5aRfEwABDTkRERcP0yu_YWY,Duggu food corner,places,en,348,28.739832,77.1903946,28.738942299999994,77.1917502,0,del,Delhi,2026-09-01T02:59:58.648599Z
ChIJP3dudgABDTkR70nk80ltDe8,Mohan Pizza point,places,en,348,28.739832,77.1903946,28.741807200000004,77.190277,0,del,Delhi,2026-09-01T02:59:58.648607Z
ChIJn-O9lcP_DDkRFBoyB7Rrdd0,MOHAN Pizza point,places,en,348,28.739832,77.1903946,28.741872100000002,77.1903232,0,del,Delhi,2026-09-01T02:59:58.648614Z
ChIJzxx4o9cBDTkRLdgohgNx7gY,Thapa Fast Food,places,en,348,28.739832,77.1903946,28.7409917,77.1884862,0,del,Delhi,2026-09-01T02:59:58.648621Z
ChIJGWyNafYBDTkRyRpIrKtuzmk,Nirmal Ice cream,places,en,348,28.739832,77.1903946,28.7409923,77.1884551,0,del,Delhi,2026-09-01T02:59:58.648628Z
ChIJew9LmsUBDTkRpzylkLhIhLI,Jeet fast food,places,en,348,28.739832,77.1903946,28.740047499999996,77.1880472,0,del,Delhi,2026-09-01T02:59:58.648635Z
ChIJc5MZ8NEBDTkRz3RAR6KiHqo,Pandit Ji Foods,places,en,348,28.739832,77.1903946,28.739828799999994,77.1879451,0,del,Delhi,2026-09-01T02:59:58.648644Z
ChIJ0eCW3_MBDTkRFVSlTYQB-l0,Vishal Sweet,places,en,348,28.739832,77.1903946,28.741756299999995,77.1892534,0,del,Delhi,2026-09-01T02:59:58.648652Z
ChIJ23uIvT8BDTkRlqpDGvR-AZg,Delicious Chinese Fast Food,places,en,348,28.739832,77.1903946,28.741581699999994,77.1919048,0,del,Delhi,2026-09-01T02:59:58.648659Z
ChIJLQCkSuQBDTkRhH8Br8DphlI,Fakhruddin Meet Shop,places,en,348,28.739832,77.1903946,28.7408365,77.1881386,0,del,Delhi,2026-09-01T02:59:58.648665Z
ChIJW42ge94BDTkRucDKQLK1btM,Dilicious Food Corner,places,en,348,28.739832,77.1903946,28.737731300000004,77.1893083,0,del,Delhi,2026-09-01T02:59:58.648672Z
ChIJ3X3HsLcBDTkRI3G6pkqcShw,Isha dhaba,places,en,348,28.739832,77.1903946,28.740001599999996,77.18774169999999,0,del,Delhi,2026-09-01T02:59:58.648679Z
ChIJ9UlPCdwBDTkRl3rUjJsKVYo,Prince And Jaiin Fast Food,places,en,348,28.739832,77.1903946,28.7406568,77.1877384,0,del,Delhi,2026-09-01T02:59:58.648686Z
ChIJsQ82FwABDTkRgNubQsy29zs,Chatorey by Guru,places,en,349,28.73557985,77.19417965,28.73615,77.194428,0,del,Delhi,2026-09-01T02:59:59.015521Z
ChIJn010zEL_DDkR9OGh_CavCCw,ChatoreyByGuru,places,en,349,28.73557985,77.19417965,28.73615,77.194428,0,del,Delhi,2026-09-01T02:59:59.015533Z
ChIJvZkhJQD_DDkRCryDTDufZAA,DELICIOUSS FOODS,places,en,349,28.73557985,77.19417965,28.7365227,77.1947797,0,del,Delhi,2026-09-01T02:59:59.015535Z
ChIJDeZ4aOABDTkRgTa3Chnt13k,Sharma Fast Food,places,en,349,28.73557985,77.19417965,28.734339199999997,77.1923772,0,del,Delhi,2026-09-01T02:59:59.015537Z
ChIJtwyeKCD-DDkRFYIxXQ5K4zA,MAX & RYAN MEALS,places,en,349,28.73557985,77.19417965,28.736282700000004,77.19668639999999,0,del,Delhi,2026-09-01T02:59:59.015538Z
ChIJYT6VyFUDDTkRuldHJjLVAYU,The Kulcha Hub,places,en,350,28.68611825,77.12785115,28.6852615,77.127927,0,del,Delhi,2026-09-01T02:59:59.418812Z
ChIJrdYo9BgHDTkRkf7xOuHJuYU,Chinese chaska,places,en,350,28.68611825,77.12785115,28.685523099999994,77.12861889999999,0,del,Delhi,2026-09-01T02:59:59.418819Z
ChIJHwZnGwwDDTkRPCmqvsf1Plw,Rani Bagh Delhi,places,en,350,28.68611825,77.12785115,28.6858862,77.1290775,0,del,Delhi,2026-09-01T02:59:59.418821Z
ChIJkX95lFMDDTkRpYI6IFeVHh4,K Live,places,en,350,28.68611825,77.12785115,28.6858862,77.1290775,0,del,Delhi,2026-09-01T02:59:59.418822Z
ChIJgQkl5cADDTkRPH4O-aJIgEU,Sindhi Namkeen And Dry Fruits,places,en,350,28.68611825,77.12785115,28.6860509,77.12913429999999,0,del,Delhi,2026-09-01T02:59:59.418824Z
ChIJWwZ4jDoDDTkReNmIlSWnTZw,Prince Momos,places,en,350,28.68611825,77.12785115,28.686071799999997,77.12919099999999,0,del,Delhi,2026-09-01T02:59:59.418826Z
ChIJ58ogFSMDDTkR-ctcPLRDXr8,Pizzamore,places,en,350,28.68611825,77.12785115,28.6861673,77.1293044,0,del,Delhi,2026-09-01T02:59:59.418827Z
ChIJTxcOolYDDTkRILedu2I1N20,Kashmiri Wazwan,places,en,350,28.68611825,77.12785115,28.687602999999996,77.12782899999999,0,del,Delhi,2026-09-01T02:59:59.418829Z
ChIJQS2xNrwDDTkRI8fTlp72UqQ,S.M MOMOS CENTRE,places,en,350,28.68611825,77.12785115,28.6876787,77.1281063,0,del,Delhi,2026-09-01T02:59:59.418830Z
ChIJ3chw5fcDDTkRYJQhcFB_4s0,Chatorey momos,places,en,350,28.68611825,77.12785115,28.684599499999997,77.12857029999999,0,del,Delhi,2026-09-01T02:59:59.418831Z
ChIJdwkQepEDDTkR3l5YIzhoIx0,Ayush Special Kathi Roll,places,en,350,28.68611825,77.12785115,28.6846426,77.12695579999999,0,del,Delhi,2026-09-01T02:59:59.418833Z
ChIJHSLLH0EDDTkRXecEZ6CQeko,Khana Khazana,places,en,350,28.68611825,77.12785115,28.684383800000003,77.1279777,0,del,Delhi,2026-09-01T02:59:59.418834Z
ChIJo7wKk8ADDTkREPRMjoZjyT4,Kalra Namkeen Bhandar,places,en,350,28.68611825,77.12785115,28.6849244,77.1293208,0,del,Delhi,2026-09-01T02:59:59.418836Z
ChIJlRotqAUDDTkRL6clsm7rv_8,Kitchen Ghar Ka,places,en,350,28.68611825,77.12785115,28.685897200000003,77.1298566,0,del,Delhi,2026-09-01T02:59:59.418837Z
ChIJBdMwFsADDTkR5KNXU2VHRp8,Sunny Fast Food,places,en,350,28.68611825,77.12785115,28.6847311,77.1266181,0,del,Delhi,2026-09-01T02:59:59.418838Z
ChIJodzXRY8DDTkRKjluYeMAJ2A,Bahadurgarh Ke Mashur Pakore,places,en,350,28.68611825,77.12785115,28.6843682,77.1275287,0,del,Delhi,2026-09-01T02:59:59.418839Z
ChIJP8_IxwIDDTkRZkx9vaIK3Ic,Panday Chat Corner,places,en,350,28.68611825,77.12785115,28.6843815,77.1283912,0,del,Delhi,2026-09-01T02:59:59.418841Z
ChIJbTMleQADDTkRfxulhA9_BR8,Durga Fast Food,places,en,350,28.68611825,77.12785115,28.6843602,77.1273956,0,del,Delhi,2026-09-01T02:59:59.418842Z
ChIJ69RK74gDDTkR5lxybEegRCQ,GUJRAT NAMKEEN & CHAT CORNER,places,en,350,28.68611825,77.12785115,28.6843681,77.12838599999999,0,del,Delhi,2026-09-01T02:59:59.418843Z
ChIJbzRnFgADDTkRUvjs_vTg35o,Momo Magic,places,en,350,28.68611825,77.12785115,28.686170599999997,77.1299614,0,del,Delhi,2026-09-01T02:59:59.418845Z
ChIJcfb5XCT_DDkRitDKI2bMG3c,Roll Box,places,en,351,28.73020455,77.27905895,28.7308463,77.278941,0,del,Delhi,2026-09-01T02:59:59.731953Z
ChIJjQwbv73_DDkRsuU5FPbSONw,Sunil Biryani Wala,places,en,351,28.73020455,77.27905895,28.730811900000003,77.2780492,0,del,Delhi,2026-09-01T02:59:59.731962Z
ChIJLxbcp7r_DDkR001aofjXmVk,BHAICHARA DHABA,places,en,351,28.73020455,77.27905895,28.7290967,77.27911189999999,0,del,Delhi,2026-09-01T02:59:59.731964Z
ChIJt5fCLgD_DDkRdnYI7gMyeq0,Shri shyam Fast food,places,en,351,28.73020455,77.27905895,28.730839699999994,77.2777371,0,del,Delhi,2026-09-01T02:59:59.731966Z
ChIJp0TXiLr_DDkRjx5-3HkIZqI,Magic chilli,places,en,351,28.73020455,77.27905895,28.729952599999994,77.2774098,0,del,Delhi,2026-09-01T02:59:59.731967Z
ChIJq-HwdQD_DDkRrh5Oz7__Cn4,Zaika -E-Momos,places,en,351,28.73020455,77.27905895,28.729209299999997,77.2773927,0,del,Delhi,2026-09-01T02:59:59.731968Z
ChIJLX2CHK_-DDkR7gAxKRuEIVg,The Pizza Town,places,en,351,28.73020455,77.27905895,28.7285623,77.27751310000001,0,del,Delhi,2026-09-01T02:59:59.731970Z
ChIJFVwXzRj_DDkRefPcuros15Y,THE GOLDEN RESTRO,places,en,351,28.73020455,77.27905895,28.730778299999997,77.2765036,0,del,Delhi,2026-09-01T02:59:59.731971Z
ChIJS2ETE4X_DDkRRBEv2oonLVA,THE GOLDEN RESTRO,places,en,351,28.73020455,77.27905895,28.730778299999997,77.2765036,0,del,Delhi,2026-09-01T02:59:59.731973Z
ChIJi1doHq7_DDkRMWv_XMeexLs,MALKHAN EGG ROLL,places,en,351,28.73020455,77.27905895,28.7279023,77.2780588,0,del,Delhi,2026-09-01T02:59:59.731974Z
ChIJd-ZuIW_8DDkR2OZhIqX5Z0A,Khan Mathi House,places,en,352,28.6884237,77.269187,28.6883207,77.2701818,0,del,Delhi,2026-09-01T03:00:00.052794Z
ChIJvVJQTG_8DDkRA2VzffZaKps,राधे कृष्ण भोजनालय,places,en,352,28.6884237,77.269187,28.686604899999995,77.269432,0,del,Delhi,2026-09-01T03:00:00.052806Z
ChIJxyY3uG78DDkRiTcBpNjWGD4,Mobin Moradabadi Chicken Biryani,places,en,352,28.6884237,77.269187,28.690135499999997,77.2700405,0,del,Delhi,2026-09-01T03:00:00.052808Z
ChIJNdJnPgD9DDkRCgmEuOgmvNs,देसी तड़का,places,en,352,28.6884237,77.269187,28.6865794,77.269424,0,del,Delhi,2026-09-01T03:00:00.052809Z
ChIJ0ebnkG39DDkR3kY2yjt2Nw4,MF DELITO DIET,places,en,352,28.6884237,77.269187,28.6894988,77.2710244,0,del,Delhi,2026-09-01T03:00:00.052811Z
ChIJiVBsx7L9DDkR7-93Ag16zUA,Kquick bites,places,en,352,28.6884237,77.269187,28.6898433,77.2711028,0,del,Delhi,2026-09-01T03:00:00.052812Z
ChIJoc3GVQD9DDkRospDLz-27Xc,ALLAH RAAZI FOODS,places,en,352,28.6884237,77.269187,28.686370699999998,77.27065,0,del,Delhi,2026-09-01T03:00:00.052813Z
ChIJf8CkTk_9DDkRAQaytMHjxSo,Ertugrul Family Restaurant,places,en,352,28.6884237,77.269187,28.685976199999995,77.269395,0,del,Delhi,2026-09-01T03:00:00.052815Z
ChIJ4dfMhnH9DDkR5Fx0mraobfg,Mohd baqir Khan,places,en,352,28.6884237,77.269187,28.685976199999995,77.269395,0,del,Delhi,2026-09-01T03:00:00.052816Z
ChIJu4lQoZH9DDkRDEo_lBtIJVw,Khushi Catering & Tiffin Service,places,en,353,28.6800238,77.26149520000001,28.6802897,77.2614003,0,del,Delhi,2026-09-01T03:00:00.469354Z
ChIJGzcA4ij9DDkR8h_ZdCEBsL4,Rasoyum King,places,en,353,28.6800238,77.26149520000001,28.679759599999997,77.2612372,0,del,Delhi,2026-09-01T03:00:00.469362Z
ChIJARfvf-79DDkRqNMUjgapFTU,Delhilicious,places,en,353,28.6800238,77.26149520000001,28.6811243,77.26163009999999,0,del,Delhi,2026-09-01T03:00:00.469364Z
ChIJExQ5Slz8DDkROphfybodSaQ,VARDHMAN FAST FOOD,places,en,353,28.6800238,77.26149520000001,28.680616900000004,77.26034539999999,0,del,Delhi,2026-09-01T03:00:00.469368Z
ChIJt1inTVz8DDkRhnQyXC6QTF0,Jain Sweets And Caterers,places,en,353,28.6800238,77.26149520000001,28.681104299999998,77.26045169999999,0,del,Delhi,2026-09-01T03:00:00.469370Z
ChIJC7_eTVn9DDkR0GCsPhhIl7M,Zayka zone,places,en,353,28.6800238,77.26149520000001,28.6801091,77.2631742,0,del,Delhi,2026-09-01T03:00:00.469372Z
ChIJczOaCAD9DDkRmbsLcrkHMLI,SHREE SHYAM HOTEL & Restaurant,places,en,353,28.6800238,77.26149520000001,28.678581400000002,77.2625458,0,del,Delhi,2026-09-01T03:00:00.469373Z
ChIJtwn2BgD9DDkRcvDOoa_Pa_s,Boss Cafe,places,en,353,28.6800238,77.26149520000001,28.6783313,77.2621229,0,del,Delhi,2026-09-01T03:00:00.469374Z
ChIJsXOtbV78DDkRTvFgzqB98gY,Raja Bhai Biryani Wale,places,en,353,28.6800238,77.26149520000001,28.6782748,77.2618881,0,del,Delhi,2026-09-01T03:00:00.469376Z
ChIJx7C_bQD9DDkR_Fb90dr-Whc,Qureshi Crispy Chicken Point,places,en,353,28.6800238,77.26149520000001,28.680018999999994,77.263566,0,del,Delhi,2026-09-01T03:00:00.469377Z
ChIJbVH3JwD9DDkR_DwXKpwssuo,Unique cafe,places,en,353,28.6800238,77.26149520000001,28.678627300000002,77.2632351,0,del,Delhi,2026-09-01T03:00:00.469378Z
ChIJUVo0Tjr9DDkRcf2C3LfSbqg,Anil chawmin,places,en,353,28.6800238,77.26149520000001,28.6781965,77.2630896,0,del,Delhi,2026-09-01T03:00:00.469379Z
ChIJGSAeGSr9DDkR8V_cRW7ZJuo,The dilicious Pizza cafe,places,en,353,28.6800238,77.26149520000001,28.682654000000003,77.2609631,0,del,Delhi,2026-09-01T03:00:00.469381Z
ChIJW5ITsy39DDkRef3XgRWV8d8,SINCE 2011 for food,places,en,353,28.6800238,77.26149520000001,28.681579,77.2590112,0,del,Delhi,2026-09-01T03:00:00.469382Z
ChIJTdcikIkBDTkRcQi_COypj1w,Mr Dosa,places,en,354,28.7031253,77.1495395,28.702636399999996,77.147806,0,del,Delhi,2026-09-01T03:00:00.794494Z
ChIJ5f79gG4DDTkRZORg-wsv9Ss,Bille Di Hatti,places,en,354,28.7031253,77.1495395,28.700634700000002,77.15025849999999,0,del,Delhi,2026-09-01T03:00:00.794503Z
ChIJbYhFFIz8DDkRD9iyriLPX-o,Mohan Bhai Paraanthe Wale,places,en,355,28.6672141,77.26763715,28.6671216,77.2680691,0,del,Delhi,2026-09-01T03:00:01.130255Z
ChIJSfZhKff9DDkRALYD4qB7hOQ,Pintu Das,places,en,355,28.6672141,77.26763715,28.6676643,77.2670626,0,del,Delhi,2026-09-01T03:00:01.130263Z
ChIJsd4PNgD9DDkR7S4KyC5X5KM,Hangover Fast Food,places,en,355,28.6672141,77.26763715,28.666953999999997,77.2668418,0,del,Delhi,2026-09-01T03:00:01.130268Z
ChIJa_LDCCH9DDkRAJo65cFbVTQ,Noor Biryani Moradabadi,places,en,355,28.6672141,77.26763715,28.668189199999997,77.26795380000002,0,del,Delhi,2026-09-01T03:00:01.130270Z
ChIJabfMmK39DDkRhE-BllqpTpo,Lal Dhaba,places,en,355,28.6672141,77.26763715,28.6682104,77.2683741,0,del,Delhi,2026-09-01T03:00:01.130272Z
ChIJYyzGAfv9DDkR7C3xcdSLJ-M,H.S. ROTI HOUSE,places,en,355,28.6672141,77.26763715,28.6670627,77.2660179,0,del,Delhi,2026-09-01T03:00:01.130273Z
ChIJDQ6ejdP9DDkRga8PrKUCuf0,Chatkara point,places,en,355,28.6672141,77.26763715,28.665750100000004,77.268098,0,del,Delhi,2026-09-01T03:00:01.130274Z
ChIJZ44F00f9DDkRxBeHUgO8IiY,Maa sheetla nashta bhandar,places,en,355,28.6672141,77.26763715,28.6658613,77.2667829,0,del,Delhi,2026-09-01T03:00:01.130276Z
ChIJJ8g_KwD9DDkRK0GHhXYF4_4,Raman Bhojnalaya,places,en,355,28.6672141,77.26763715,28.6671693,77.26998019999999,0,del,Delhi,2026-09-01T03:00:01.130277Z
ChIJ9SToAQD9DDkRKbX9X0X0dQk,The Biryani House,places,en,355,28.6672141,77.26763715,28.6677953,77.2699786,0,del,Delhi,2026-09-01T03:00:01.130279Z
ChIJETGaU4n8DDkR_k8k65Xvdn4,Gupta Restaurant,places,en,355,28.6672141,77.26763715,28.668699999999998,77.269673,0,del,Delhi,2026-09-01T03:00:01.130280Z
ChIJs0ddDkf9DDkRNnqQk2XftzQ,Hari Bhojnalaya,places,en,355,28.6672141,77.26763715,28.666458799999994,77.2651281,0,del,Delhi,2026-09-01T03:00:01.130281Z
ChIJdxj7FuP9DDkRJRXBPUaRBE4,Hans Sweets & Restaurant,places,en,355,28.6672141,77.26763715,28.667605299999998,77.26486369999999,0,del,Delhi,2026-09-01T03:00:01.130282Z
ChIJMclX0MUDDTkRNNx2m0YHjV8,Master Pizza Hub,places,en,356,28.6962294,77.1394986,28.697484300000003,77.1380906,0,del,Delhi,2026-09-01T03:00:01.772950Z
ChIJsXD_t7MDDTkRqtYBU_NTEbI,Vijay Samose Wala,places,en,356,28.6962294,77.1394986,28.697966,77.14074029999999,0,del,Delhi,2026-09-01T03:00:01.772978Z
ChIJo9F-oM8DDTkRoeoaRKsjT4A,Resto Care,places,en,356,28.6962294,77.1394986,28.6984817,77.13962289999999,0,del,Delhi,2026-09-01T03:00:01.772986Z
ChIJ1VBQs50DDTkRkORZXaJI6v0,The Pizza Club,places,en,356,28.6962294,77.1394986,28.698611500000002,77.1387206,0,del,Delhi,2026-09-01T03:00:01.772992Z
ChIJs2wrIx8DDTkRP-f18v5o_HM,Buns Subs & More,places,en,356,28.6962294,77.1394986,28.698724499999997,77.13954609999999,0,del,Delhi,2026-09-01T03:00:01.772998Z
ChIJaYqVBG77DDkR5IWN7BzVC0c,Yatharth's Food,places,en,357,28.672324449999998,77.29696799999999,28.672080100000002,77.297967,0,del,Delhi,2026-09-01T03:00:02.107498Z
ChIJo6qqWnf7DDkRA6JkrrHqnvc,Chinese chaska,places,en,357,28.672324449999998,77.29696799999999,28.6719789,77.2986878,0,del,Delhi,2026-09-01T03:00:02.107516Z
ChIJr1yFLMf9DDkROsdF9dAilAg,Mohd Amir Biryani,places,en,358,28.658770349999998,77.23659430000001,28.658595799999997,77.2357749,0,del,Delhi,2026-09-01T03:00:02.495267Z
ChIJnTGSIB39DDkRdC-m-qCZXUs,Soni Restaurant,places,en,358,28.658770349999998,77.23659430000001,28.6585495,77.2377132,0,del,Delhi,2026-09-01T03:00:02.495293Z
ChIJyyjzhZz9DDkRccvZW9fyj10,Uttam Parkash Tiwari,places,en,358,28.658770349999998,77.23659430000001,28.657645399999996,77.23674319999999,0,del,Delhi,2026-09-01T03:00:02.495301Z
ChIJjQlG-yf9DDkRzrg77oS1jWc,Gajab jalebi & ajab samose,places,en,358,28.658770349999998,77.23659430000001,28.6599556,77.2368291,0,del,Delhi,2026-09-01T03:00:02.495307Z
ChIJjW7USE79DDkR9SMfuXeVYzg,Food pow shop,places,en,358,28.658770349999998,77.23659430000001,28.657718900000003,77.2358675,0,del,Delhi,2026-09-01T03:00:02.495313Z
ChIJjwWyMlb9DDkRz6yyAgDteKc,Mukesh Fruit,places,en,358,28.658770349999998,77.23659430000001,28.6587025,77.23511669999999,0,del,Delhi,2026-09-01T03:00:02.495319Z
ChIJxzuIYKn9DDkR_Dq4PhsHPWI,Mukesh Chaat Bhandar,places,en,358,28.658770349999998,77.23659430000001,28.656955800000002,77.2364663,0,del,Delhi,2026-09-01T03:00:02.495324Z
ChIJ3RVEFgD9DDkRiB62xwMnLHQ,Special Punjabi Khana by Kamaldeep,places,en,358,28.658770349999998,77.23659430000001,28.657339099999994,77.23520540000001,0,del,Delhi,2026-09-01T03:00:02.495329Z
ChIJ44-sYhv9DDkRIuJ96jzZqp8,Braham Ji Amritsari Dhaba,places,en,358,28.658770349999998,77.23659430000001,28.657283999999997,77.234742,0,del,Delhi,2026-09-01T03:00:02.495334Z
ChIJNR0zPhv9DDkRujmdTAPBQqU,Manohar Dhaba,places,en,358,28.658770349999998,77.23659430000001,28.656713899999996,77.23548439999999,0,del,Delhi,2026-09-01T03:00:02.495340Z
ChIJqSsIkR79DDkRxvunqY91rRY,Suraj Foods,places,en,358,28.658770349999998,77.23659430000001,28.656645499999996,77.23533359999999,0,del,Delhi,2026-09-01T03:00:02.495345Z
ChIJAcYDfRz9DDkRlnJe-G3f_og,Grover Eating Point & Fruit Juice,places,en,358,28.658770349999998,77.23659430000001,28.656429699999997,77.235311,0,del,Delhi,2026-09-01T03:00:02.495350Z
ChIJFXgMAgADDTkROzMkjT6PrLQ,Chadda roti wale,places,en,359,28.6911823,77.18707835000001,28.690444499999998,77.18656399999999,0,del,Delhi,2026-09-01T03:00:02.821144Z
ChIJ31GUceYDDTkRmsMIHZYlXOE,BHATURE WALAS,places,en,359,28.6911823,77.18707835000001,28.692784699999997,77.1852368,0,del,Delhi,2026-09-01T03:00:02.821170Z
ChIJ19ImVQsCDTkR7doyGVmzdGk,Pandit Ji Store,places,en,359,28.6911823,77.18707835000001,28.689511999999993,77.188941,0,del,Delhi,2026-09-01T03:00:02.821178Z
ChIJO0iyCWsDDTkRT9IZRzHDI_8,Tandoori roti shop,places,en,359,28.6911823,77.18707835000001,28.689332399999998,77.18902709999999,0,del,Delhi,2026-09-01T03:00:02.821184Z
ChIJHfaDawADDTkRnSvZaGqcrsw,Deepak pizza,places,en,360,28.687334,77.14153805000001,28.687229999999996,77.14194669999999,0,del,Delhi,2026-09-01T03:00:03.172243Z
ChIJd2dH78kDDTkRFk6m_-My86w,Chinese Fast Food,places,en,360,28.687334,77.14153805000001,28.6872864,77.1422169,0,del,Delhi,2026-09-01T03:00:03.172277Z
ChIJj0eK7fUDDTkR6w4DqLpEYNU,Manish Pizza Point,places,en,360,28.687334,77.14153805000001,28.687177700000003,77.1422639,0,del,Delhi,2026-09-01T03:00:03.172287Z
ChIJebUjS30DDTkRXTxkQLr2dw0,GUPTA GI CHOLE BHATURE SHOP,places,en,360,28.687334,77.14153805000001,28.687348200000002,77.1424717,0,del,Delhi,2026-09-01T03:00:03.172295Z
ChIJ6VdLDlADDTkR7XXvbyUSsL4,Ravi Fast Food,places,en,360,28.687334,77.14153805000001,28.687670899999993,77.1427641,0,del,Delhi,2026-09-01T03:00:03.172303Z
ChIJ1TkICTYDDTkRVJ4B8t2dtKA,the chozy sandwich,places,en,360,28.687334,77.14153805000001,28.688406099999995,77.14101459999999,0,del,Delhi,2026-09-01T03:00:03.172310Z
ChIJD2HCZUwDDTkReTp3fayuZZk,KRISHNA DHABA,places,en,360,28.687334,77.14153805000001,28.6866847,77.1426991,0,del,Delhi,2026-09-01T03:00:03.172318Z
ChIJfQMFZv0DDTkRseMAUyDnwQY,ZZZ Pizza (wholesaler and Retailer),places,en,360,28.687334,77.14153805000001,28.688134700000003,77.14277270000001,0,del,Delhi,2026-09-01T03:00:03.172325Z
ChIJDSOlq6cDDTkRe2RXshKolwU,GGG SUPER HIT PIZZA,places,en,360,28.687334,77.14153805000001,28.6860789,77.1423973,0,del,Delhi,2026-09-01T03:00:03.172334Z
ChIJnVwriOkDDTkRV526in3ME1U,Raj momos point,places,en,360,28.687334,77.14153805000001,28.687272999999998,77.14328739999999,0,del,Delhi,2026-09-01T03:00:03.172341Z
ChIJJ1aemHIDDTkRTa6jsKtlBCE,Harsh Fast Food,places,en,360,28.687334,77.14153805000001,28.6872512,77.1433484,0,del,Delhi,2026-09-01T03:00:03.172348Z
ChIJW5iXg1YDDTkR23alkjNhGZM,"Wraps""n""Rolls",places,en,360,28.687334,77.14153805000001,28.685766899999997,77.1411093,0,del,Delhi,2026-09-01T03:00:03.172354Z
ChIJn4rQvsYDDTkRmIpE2kULAiE,Guru Vada Pav,places,en,360,28.687334,77.14153805000001,28.6890447,77.1416852,0,del,Delhi,2026-09-01T03:00:03.172361Z
ChIJw47azt4DDTkRxrLy7Ma5T60,mange,places,en,360,28.687334,77.14153805000001,28.685687599999998,77.1425417,0,del,Delhi,2026-09-01T03:00:03.172369Z
ChIJAVsYA84DDTkRgpjTqGqTyvw,Sonali Vaishno dhaba,places,en,360,28.687334,77.14153805000001,28.6856846,77.1425416,0,del,Delhi,2026-09-01T03:00:03.172376Z
ChIJtatHleADDTkRYDnOqWMwpcA,Yazdan dhaba,places,en,360,28.687334,77.14153805000001,28.6856846,77.1425416,0,del,Delhi,2026-09-01T03:00:03.172383Z
ChIJR4gxDFYDDTkREH7_k_MhypE,Sahyadri food products,places,en,360,28.687334,77.14153805000001,28.6856846,77.1425416,0,del,Delhi,2026-09-01T03:00:03.172390Z
ChIJp3diInMDDTkR918UwsZ0IdM,Food,places,en,360,28.687334,77.14153805000001,28.6892329,77.14076419999999,0,del,Delhi,2026-09-01T03:00:03.172400Z
ChIJ0Yp3ITwDDTkRHyy1OPAeymg,Bizzhub Devops OPC Private Limited,places,en,360,28.687334,77.14153805000001,28.685289800000003,77.1416453,0,del,Delhi,2026-09-01T03:00:03.172408Z
ChIJPV1LRnsDDTkRCo7BvpMxD8E,"Haldiram's - Raj Nagar, Delhi",places,en,360,28.687334,77.14153805000001,28.685374099999997,77.1407151,0,del,Delhi,2026-09-01T03:00:03.172415Z
ChIJax9wAABxDTkR-EZEpdJfKIk,भोला राम चीले बाला,places,en,362,28.84858325,77.09156645,28.849163899999997,77.0933245,0,del,Delhi,2026-09-01T03:00:03.885919Z
ChIJo6l21wT9DDkReUSmp_THWeo,Kababia food,places,en,364,28.65652325,77.20878210000001,28.656430299999997,77.2089393,0,del,Delhi,2026-09-01T03:00:04.593504Z
ChIJl89UKwD9DDkRAzGITJ018Hc,Al Qasim Restaurant,places,en,364,28.65652325,77.20878210000001,28.6563467,77.2090762,0,del,Delhi,2026-09-01T03:00:04.593536Z
ChIJLzI8_Df9DDkRKHdQmSrsQqU,DINESH PAN SHOP,places,en,364,28.65652325,77.20878210000001,28.656322599999996,77.209131,0,del,Delhi,2026-09-01T03:00:04.593577Z
ChIJ812hUMf9DDkRnZqiJJYapGk,Peri Bites,places,en,364,28.65652325,77.20878210000001,28.6562748,77.2082731,0,del,Delhi,2026-09-01T03:00:04.593587Z
ChIJN441Zef9DDkRk_UQ7nY0UqA,AL TALHA FOODS,places,en,364,28.65652325,77.20878210000001,28.656387799999994,77.2081869,0,del,Delhi,2026-09-01T03:00:04.593594Z
ChIJTzJSWlD9DDkRO7O3piBeXZY,HS sweets,places,en,364,28.65652325,77.20878210000001,28.656370499999998,77.2097399,0,del,Delhi,2026-09-01T03:00:04.593612Z
ChIJLb-zaQD9DDkRWD23kNIbz2w,Kaif KABAB & MORE,places,en,364,28.65652325,77.20878210000001,28.6568632,77.2069411,0,del,Delhi,2026-09-01T03:00:04.593634Z
ChIJQ8glrcT9DDkRMO7nzh6fOd8,pizza bites,places,en,364,28.65652325,77.20878210000001,28.6568307,77.2068977,0,del,Delhi,2026-09-01T03:00:04.593645Z
ChIJZzLOMAD9DDkRgFP7DvvFvfA,AL_SUGRA FOODS,places,en,364,28.65652325,77.20878210000001,28.657751599999997,77.21020879999999,0,del,Delhi,2026-09-01T03:00:04.593654Z
ChIJfcDw_kYFDTkRlDPC13uqDMo,Yummy Fast Food,places,en,365,28.64677365,77.1006475,28.6466332,77.1009909,0,del,Delhi,2026-09-01T03:00:04.939522Z
ChIJG3J7v2QFDTkRBlcogfn5rWU,pizzamo cafe,places,en,365,28.64677365,77.1006475,28.6459025,77.1008939,0,del,Delhi,2026-09-01T03:00:04.939555Z
ChIJf9m03gcFDTkRvLxUz6oC0VM,Shudh Vaishno Punjabi Dhaba,places,en,365,28.64677365,77.1006475,28.6458943,77.1008938,0,del,Delhi,2026-09-01T03:00:04.939565Z
ChIJxRqSXv4FDTkR21Zzm8L3I58,Burghar,places,en,365,28.64677365,77.1006475,28.6464759,77.0996361,0,del,Delhi,2026-09-01T03:00:04.939573Z
ChIJsY_TMLkFDTkRkSO_iChDDzU,Da Pizza makers,places,en,365,28.64677365,77.1006475,28.6469949,77.10197959999999,0,del,Delhi,2026-09-01T03:00:04.939581Z
ChIJtb9O91UFDTkRg4RexVjK-h4,China Chowk,places,en,365,28.64677365,77.1006475,28.647962399999997,77.1008873,0,del,Delhi,2026-09-01T03:00:04.939588Z
ChIJZ3DMWIcFDTkRhQdFl0FROn0,The Roll Box,places,en,365,28.64677365,77.1006475,28.646561199999997,77.0990173,0,del,Delhi,2026-09-01T03:00:04.939595Z
ChIJn7TO0AYFDTkRRk2Sp-cSGKM,Pizza Paji,places,en,365,28.64677365,77.1006475,28.6484104,77.1011621,0,del,Delhi,2026-09-01T03:00:04.939602Z
ChIJXdcOB9oEDTkRP4FDZf1Jg_0,Amma's Kitchen,places,en,365,28.64677365,77.1006475,28.648481599999997,77.1007357,0,del,Delhi,2026-09-01T03:00:04.939609Z
ChIJ3fYs-ocFDTkRuSN9i6KJs6E,BURGIR,places,en,365,28.64677365,77.1006475,28.648490600000002,77.1010596,0,del,Delhi,2026-09-01T03:00:04.939616Z
ChIJd3-IR3cFDTkRkwbI5NCZKZ0,The booba shake & kitchen,places,en,365,28.64677365,77.1006475,28.6461723,77.0987772,0,del,Delhi,2026-09-01T03:00:04.939652Z
ChIJ2SyiSqMFDTkRFdPaQJytz6s,Virdi's Kitchen,places,en,365,28.64677365,77.1006475,28.648029400000002,77.0991602,0,del,Delhi,2026-09-01T03:00:04.939662Z
ChIJkbP7BQAFDTkR7-l06CZ04EA,Chicken Tonight,places,en,365,28.64677365,77.1006475,28.645106499999997,77.09977529999999,0,del,Delhi,2026-09-01T03:00:04.939669Z
ChIJDfaOf1sFDTkRkQJdmW5BaWg,Hills Cafe,places,en,365,28.64677365,77.1006475,28.644939599999997,77.10018699999999,0,del,Delhi,2026-09-01T03:00:04.939677Z
ChIJN8SWMgAFDTkR9N2zObnymsA,Balli Di Hatti,places,en,365,28.64677365,77.1006475,28.645736399999997,77.09886139999999,0,del,Delhi,2026-09-01T03:00:04.939683Z
ChIJe1f6z5wEDTkRKaB1224ssrc,Shyam Baba Ki Rasoi,places,en,365,28.64677365,77.1006475,28.6457381,77.09885760000002,0,del,Delhi,2026-09-01T03:00:04.939690Z
ChIJUS6KFJ0EDTkRPSIj8obz7Fs,Burger Cafe,places,en,365,28.64677365,77.1006475,28.644873399999998,77.100881,0,del,Delhi,2026-09-01T03:00:04.939698Z
ChIJeyj_spwEDTkRdP3Lka7D7iU,Tummy Khush,places,en,365,28.64677365,77.1006475,28.645856499999997,77.0986973,0,del,Delhi,2026-09-01T03:00:04.939705Z
ChIJM1EKGZ0EDTkRUfzK-WniQDY,555 NIGHT KITCHEN,places,en,365,28.64677365,77.1006475,28.6448351,77.10014310000001,0,del,Delhi,2026-09-01T03:00:04.939712Z
ChIJtdX1lfIFDTkRP-chi5_AXQo,Chawla Food Corner,places,en,365,28.64677365,77.1006475,28.6486644,77.1014332,0,del,Delhi,2026-09-01T03:00:04.939719Z
ChIJ1ecZ4T4CDTkRYpsBvjGeTGE,Amarji Chhole Kulche,places,en,366,28.68967245,77.1649963,28.690374699999996,77.1675092,0,del,Delhi,2026-09-01T03:00:05.289047Z
ChIJH_GLGgADDTkR0BVsr6eDGjw,Saucy clouds,places,en,367,28.68785305,77.16781675,28.6879374,77.16824670000001,0,del,Delhi,2026-09-01T03:00:05.721088Z
ChIJP6dVlhYDDTkRiQXv7evAh7g,Chinese Mafia Ashok Vihar,places,en,367,28.68785305,77.16781675,28.6879194,77.1684482,0,del,Delhi,2026-09-01T03:00:05.721121Z
ChIJq51K5QUDDTkRLawrpXR0wl4,Gopal Naan,places,en,367,28.68785305,77.16781675,28.68887,77.1683422,0,del,Delhi,2026-09-01T03:00:05.721130Z
ChIJl8vmMQD7DDkRugZrnwnPRoY,Kanchan Ki Kanchori,places,en,368,28.668351700000002,77.31035045,28.6681966,77.3097425,0,del,Delhi,2026-09-01T03:00:06.061497Z
ChIJcw9XTVf7DDkRONR-ZMqcTbY,Sahus pizza and Fast Foods,places,en,368,28.668351700000002,77.31035045,28.6695923,77.30994729999999,0,del,Delhi,2026-09-01T03:00:06.061524Z
ChIJfdp8isT7DDkRtYr_SifwcjQ,Chopra's Multani Kitchen,places,en,368,28.668351700000002,77.31035045,28.667983099999997,77.31196,0,del,Delhi,2026-09-01T03:00:06.061534Z
ChIJ8fyCBAD7DDkRgv0UY2BS3WQ,ANGAARA,places,en,368,28.668351700000002,77.31035045,28.667057900000003,77.3112625,0,del,Delhi,2026-09-01T03:00:06.061540Z
ChIJ6SOt6xf7DDkRp1Mf7lX7EDc,APNI RASOI,places,en,368,28.668351700000002,77.31035045,28.668376600000002,77.3120909,0,del,Delhi,2026-09-01T03:00:06.061546Z
ChIJb1eB30b7DDkRxMqF4Sigi5Y,Shiva Dhaba,places,en,368,28.668351700000002,77.31035045,28.669823899999997,77.310881,0,del,Delhi,2026-09-01T03:00:06.061552Z
ChIJ7TGbeHP7DDkRDUQMfKmbctE,Counter Culture Coffee,places,en,368,28.668351700000002,77.31035045,28.668240700000002,77.3121427,0,del,Delhi,2026-09-01T03:00:06.061559Z
ChIJObsVgh37DDkRssYPs4gZJbY,"DS DOSA FACTORY, Jhilmil",places,en,368,28.668351700000002,77.31035045,28.6679329,77.31210399999999,0,del,Delhi,2026-09-01T03:00:06.061564Z
ChIJKzwIqHP7DDkRnxxaVyxd5BU,Urban Punjab,places,en,368,28.668351700000002,77.31035045,28.6681381,77.31215279999999,0,del,Delhi,2026-09-01T03:00:06.061569Z
ChIJbSiHLkr7DDkRxchMWsEEu50,Benne Stories ( Benne Dosa Cafe),places,en,368,28.668351700000002,77.31035045,28.669027500000002,77.3121122,0,del,Delhi,2026-09-01T03:00:06.061574Z
ChIJJTNxjjD7DDkRxrC-zqF3fGA,Firangi Zaika,places,en,368,28.668351700000002,77.31035045,28.669346,77.311984,0,del,Delhi,2026-09-01T03:00:06.061579Z
ChIJq09fAQ37DDkRdnjNlbYIUCg,Shri Kanha Foods,places,en,368,28.668351700000002,77.31035045,28.669428999999997,77.311944,0,del,Delhi,2026-09-01T03:00:06.061584Z
ChIJuSd8AQ37DDkRhmdnpdpEibE,PIZZALICIOUS,places,en,368,28.668351700000002,77.31035045,28.669384399999995,77.3121094,0,del,Delhi,2026-09-01T03:00:06.061589Z
ChIJPRxvYF37DDkRlROKFP5v-wQ,House of Chilli,places,en,368,28.668351700000002,77.31035045,28.6698155,77.3116956,0,del,Delhi,2026-09-01T03:00:06.061594Z
ChIJi8UEQP_7DDkRcLwt_4yU-mI,Dosa Heights,places,en,368,28.668351700000002,77.31035045,28.6697623,77.3117699,0,del,Delhi,2026-09-01T03:00:06.061599Z
ChIJx7wnZLLjDDkRB2hXJlgrUa8,The Garam Masala,places,en,368,28.668351700000002,77.31035045,28.669631199999998,77.3119834,0,del,Delhi,2026-09-01T03:00:06.061604Z
ChIJs7ik_Qz7DDkRowJW2ncL8iQ,Kumar Pav Bhaji Corner,places,en,368,28.668351700000002,77.31035045,28.6697427,77.31187229999999,0,del,Delhi,2026-09-01T03:00:06.061609Z
ChIJsV1rBwD7DDkRbDp-xNYtUYs,STEAMY ADDA,places,en,368,28.668351700000002,77.31035045,28.6697166,77.308763,0,del,Delhi,2026-09-01T03:00:06.061614Z
ChIJqQR8MEL7DDkR6K1cXrb3jhk,SAI APPE WALE,places,en,368,28.668351700000002,77.31035045,28.669765299999998,77.3119443,0,del,Delhi,2026-09-01T03:00:06.061619Z
ChIJ2eSvMAD7DDkRj2o_6AmCN28,Papa Chinese Food Jhilmil,places,en,368,28.668351700000002,77.31035045,28.670371199999998,77.3108091,0,del,Delhi,2026-09-01T03:00:06.061625Z
ChIJ-TxhLAABDTkRPh7AXdyfjUg,Kapoor ji rajma chawal,places,en,369,28.7098063,77.13647455,28.709602800000003,77.1377306,0,del,Delhi,2026-09-01T03:00:06.406979Z
ChIJ9ZQz0XwBDTkR4uE2dkqt-jI,Kaka Tawa \'n \' Tandoori,places,en,369,28.7098063,77.13647455,28.710680399999998,77.1374969,0,del,Delhi,2026-09-01T03:00:06.407005Z
ChIJwxg_u3wBDTkRm9_dNlfokh4,Panditji Amritsari kulcha,places,en,369,28.7098063,77.13647455,28.708624,77.13537,0,del,Delhi,2026-09-01T03:00:06.407012Z
ChIJJxey-2IBDTkRrU_t3clKSzY,Hari Om Chole Bhature Wala,places,en,369,28.7098063,77.13647455,28.709667000000003,77.1346856,0,del,Delhi,2026-09-01T03:00:06.407018Z
ChIJK-UNWmMBDTkREuEhIyWqF7U,Pizza Hut,places,en,369,28.7098063,77.13647455,28.711567000000002,77.1360447,0,del,Delhi,2026-09-01T03:00:06.407024Z
ChIJDzDh4goBDTkRRO0W1uONw3w,Akkme Food Craft Limited,places,en,369,28.7098063,77.13647455,28.7090692,77.1386227,0,del,Delhi,2026-09-01T03:00:06.407029Z
ChIJlRo_QkIBDTkRLGEogA5QOMg,Groofy's,places,en,369,28.7098063,77.13647455,28.710248300000003,77.1341996,0,del,Delhi,2026-09-01T03:00:06.407034Z
ChIJjfKaBwABDTkRrhnh9GIv52Q,Partner's Momo Point,places,en,369,28.7098063,77.13647455,28.7103175,77.134011,0,del,Delhi,2026-09-01T03:00:06.407039Z
ChIJhTjNzh8BDTkRJ1rFMD-h368,Tea Parantha Cafe,places,en,369,28.7098063,77.13647455,28.710307399999998,77.133879,0,del,Delhi,2026-09-01T03:00:06.407044Z
ChIJR7m1Yr4BDTkRRmanhXK_Gfo,BAOZI MOMOS,places,en,369,28.7098063,77.13647455,28.710294,77.1338068,0,del,Delhi,2026-09-01T03:00:06.407049Z
ChIJLfu9yI0BDTkRdCkskoOQiGc,Hot spot mini shop,places,en,369,28.7098063,77.13647455,28.7103196,77.1337663,0,del,Delhi,2026-09-01T03:00:06.407054Z
ChIJh1irr2MBDTkRZZG35WYAXpA,Uncle's Sip 'n' Bite,places,en,369,28.7098063,77.13647455,28.710345399999994,77.13372939999999,0,del,Delhi,2026-09-01T03:00:06.407060Z
ChIJvz2IrmMBDTkRnyREVrV_oOA,Breakfast Point,places,en,369,28.7098063,77.13647455,28.7103668,77.1336986,0,del,Delhi,2026-09-01T03:00:06.407065Z
ChIJBXtpSwABDTkRxKfaN54-7k8,SONI MOMOS POINT,places,en,369,28.7098063,77.13647455,28.7121268,77.1376688,0,del,Delhi,2026-09-01T03:00:06.407070Z
ChIJ5wpvXGQBDTkR9LEbglpnpwg,"NutrioBox , Prashant Vihar",places,en,369,28.7098063,77.13647455,28.712329500000003,77.1359757,0,del,Delhi,2026-09-01T03:00:06.407075Z
ChIJ60VKVSwBDTkRxBbrsF8SUIs,COVO BY LOTUSLEAF,places,en,369,28.7098063,77.13647455,28.712373799999998,77.1358644,0,del,Delhi,2026-09-01T03:00:06.407080Z
ChIJawl0qkQBDTkRq-Ah2dbIDGY,The Belgian Waffle Co,places,en,369,28.7098063,77.13647455,28.7124018,77.13597759999999,0,del,Delhi,2026-09-01T03:00:06.407085Z
ChIJM0OGKCsBDTkRBiEGrq0TiK0,Madam Ji,places,en,369,28.7098063,77.13647455,28.710447499999997,77.1335711,0,del,Delhi,2026-09-01T03:00:06.407090Z
ChIJhYxeZJsBDTkR3YiaZQtRoro,NEETU DEVI RESTAURANT,places,en,370,28.70793205,77.12905265,28.7090426,77.1303992,0,del,Delhi,2026-09-01T03:00:06.812351Z
ChIJRbKkr8UBDTkRkukNSaK_bY8,Mahendar chef services,places,en,370,28.70793205,77.12905265,28.7075827,77.1260449,0,del,Delhi,2026-09-01T03:00:06.812379Z
ChIJGXbOYi0BDTkR_MgZ_5StM7w,The Sial Kitchen - Family Restaurant,places,en,370,28.70793205,77.12905265,28.709156699999994,77.1317533,0,del,Delhi,2026-09-01T03:00:06.812387Z
ChIJBUUOPCIBDTkRVrB-WRIa4ZU,The Chaat House By The Sial Kitchen,places,en,370,28.70793205,77.12905265,28.7091589,77.1317554,0,del,Delhi,2026-09-01T03:00:06.812392Z
ChIJrRN4JwD9DDkRKhtqLtF82yo,Celebration point Food & Beverag,places,en,371,28.69230055,77.27450145,28.6912321,77.274034,0,del,Delhi,2026-09-01T03:00:07.214647Z
ChIJvQ_VvkX9DDkRN-FFwS6odeA,Meenakshi Tiffin Service,places,en,371,28.69230055,77.27450145,28.6922057,77.2730155,0,del,Delhi,2026-09-01T03:00:07.214668Z
ChIJr7Q5aZr9DDkRsEsESey4wyI,Mayur Momo & Co.,places,en,371,28.69230055,77.27450145,28.690783399999997,77.2749777,0,del,Delhi,2026-09-01T03:00:07.214675Z
ChIJ8ewS4fr9DDkRZ8AxDxu06tA,Swaad Pure Veg,places,en,371,28.69230055,77.27450145,28.6907043,77.2739582,0,del,Delhi,2026-09-01T03:00:07.214679Z
ChIJ7xezFm78DDkRaFTowdAgK6I,Only Pizza,places,en,371,28.69230055,77.27450145,28.690704,77.2739591,0,del,Delhi,2026-09-01T03:00:07.214684Z
ChIJTQrAHJj9DDkRg10cn2PeDYo,Food Bank,places,en,371,28.69230055,77.27450145,28.6913049,77.2762242,0,del,Delhi,2026-09-01T03:00:07.214688Z
ChIJjf5Vh7f9DDkRIjIeSWufJzs,The Food Planet,places,en,371,28.69230055,77.27450145,28.692023799999994,77.27655899999999,0,del,Delhi,2026-09-01T03:00:07.214692Z
ChIJjexzT979DDkRtD43agPyh4g,ZA burger,places,en,371,28.69230055,77.27450145,28.691283699999996,77.2762996,0,del,Delhi,2026-09-01T03:00:07.214696Z
ChIJp7KyhDD9DDkRBRb0fq2Tqhw,bakery,places,en,371,28.69230055,77.27450145,28.694316099999998,77.2745204,0,del,Delhi,2026-09-01T03:00:07.214700Z
ChIJ3_inpxP9DDkRsXq11mpX55k,The Deli Cafe,places,en,371,28.69230055,77.27450145,28.690492900000002,77.2756802,0,del,Delhi,2026-09-01T03:00:07.214704Z
ChIJ80ujG3f9DDkR9NHfc89gqtk,Cafe old cities,places,en,371,28.69230055,77.27450145,28.690202,77.2747061,0,del,Delhi,2026-09-01T03:00:07.214708Z
ChIJvwHlJG78DDkRcaHydWHU8K8,Ujjwal Foodie,places,en,371,28.69230055,77.27450145,28.689931899999998,77.2744026,0,del,Delhi,2026-09-01T03:00:07.214712Z
ChIJVwXTRSP9DDkRQkm63WGPyEs,The Pizza Delights,places,en,371,28.69230055,77.27450145,28.689826300000004,77.2743412,0,del,Delhi,2026-09-01T03:00:07.214716Z
ChIJLw3efQH9DDkRZc2rphNCSho,Speedy Bites,places,en,371,28.69230055,77.27450145,28.689863000000003,77.2736117,0,del,Delhi,2026-09-01T03:00:07.214720Z
ChIJodD1kWX9DDkRnSamsBXD_7M,Neeraj Noddles,places,en,371,28.69230055,77.27450145,28.6916688,77.2773644,0,del,Delhi,2026-09-01T03:00:07.214724Z
ChIJc6aTYwD9DDkRcX9yLnry6Z0,Imran hotel,places,en,372,28.687250149999997,77.27336115,28.6875544,77.2736458,0,del,Delhi,2026-09-01T03:00:07.569068Z
ChIJX1mC-m_8DDkRk-2QmoSTjaw,हलीम बिरयानी,places,en,372,28.687250149999997,77.27336115,28.6866941,77.27428549999999,0,del,Delhi,2026-09-01T03:00:07.569094Z
ChIJMS1D9m_8DDkRAAAAMCnHjAI,ANAMOL PARATHA,places,en,372,28.687250149999997,77.27336115,28.686290600000003,77.27400490000001,0,del,Delhi,2026-09-01T03:00:07.569101Z
ChIJWTRzfQn9DDkRZCdJGn1IjqU,Haji nisar nihari,places,en,372,28.687250149999997,77.27336115,28.6862484,77.2724479,0,del,Delhi,2026-09-01T03:00:07.569107Z
ChIJFUkBMyH9DDkRJszjIT_w1fA,Zaika A Delhi,places,en,372,28.687250149999997,77.27336115,28.6864723,77.2712935,0,del,Delhi,2026-09-01T03:00:07.569112Z
ChIJh4l1RQD9DDkR4s-v9EFBuJE,Mr chef foodix,places,en,372,28.687250149999997,77.27336115,28.689393499999998,77.27308579999999,0,del,Delhi,2026-09-01T03:00:07.569118Z
ChIJeyZgUQD9DDkRcoyDYrdhw8E,AAPKA BHOJNALAYA,places,en,372,28.687250149999997,77.27336115,28.689395599999997,77.2730765,0,del,Delhi,2026-09-01T03:00:07.569123Z
ChIJl6IGIW78DDkReZcqK2wZBj4,Apna Bojnalaya,places,en,372,28.687250149999997,77.27336115,28.6894904,77.27320689999999,0,del,Delhi,2026-09-01T03:00:07.569128Z
ChIJBVmqPQD9DDkROiykr1XjT7Y,Namaste Bhojan,places,en,372,28.687250149999997,77.27336115,28.6895042,77.2729872,0,del,Delhi,2026-09-01T03:00:07.569133Z
ChIJxzP9LAD9DDkRqv9nGODJzC4,Dheli,places,en,372,28.687250149999997,77.27336115,28.6895248,77.27287330000001,0,del,Delhi,2026-09-01T03:00:07.569139Z
ChIJ9dXsT278DDkRoGi9tL3pU2U,Mahak Restaurant,places,en,372,28.687250149999997,77.27336115,28.689554299999994,77.272909,0,del,Delhi,2026-09-01T03:00:07.569144Z
ChIJYz8fuWP9DDkR9aCaf8pJY7g,AA lazeez Foods,places,en,372,28.687250149999997,77.27336115,28.685022199999995,77.2746775,0,del,Delhi,2026-09-01T03:00:07.569149Z
ChIJZxVUCQv9DDkR1zyFXO03YTA,Pardhaan ji biryani,places,en,372,28.687250149999997,77.27336115,28.6847245,77.27291799999999,0,del,Delhi,2026-09-01T03:00:07.569155Z
ChIJgdVaUlT9DDkRV0xvDE2uifA,Bagicha Foods,places,en,372,28.687250149999997,77.27336115,28.6860773,77.27601829999999,0,del,Delhi,2026-09-01T03:00:07.569161Z
ChIJ0YM-9yL9DDkR1ZZUn8dVe0c,Chicken Bite,places,en,372,28.687250149999997,77.27336115,28.686236399999995,77.27610829999999,0,del,Delhi,2026-09-01T03:00:07.569166Z
ChIJdY-EExv9DDkRslQuNkyuKLc,Delhi 6 Zaika,places,en,372,28.687250149999997,77.27336115,28.684615800000003,77.2730821,0,del,Delhi,2026-09-01T03:00:07.569171Z
ChIJn8kZesQDDTkR3jZjMG_I51A,SNK MOMOS,places,en,373,28.683156150000002,77.13239145,28.683505699999998,77.132956,0,del,Delhi,2026-09-01T03:00:07.907329Z
ChIJ9XkqjDkDDTkR1w2hf65CveY,The snook breakers cafe,places,en,373,28.683156150000002,77.13239145,28.683505699999998,77.132956,0,del,Delhi,2026-09-01T03:00:07.907357Z
ChIJ8Xb_SAADDTkR6-fFMK-BLMc,Tasty paratha,places,en,373,28.683156150000002,77.13239145,28.6833027,77.1332032,0,del,Delhi,2026-09-01T03:00:07.907366Z
ChIJe-noHZkDDTkRcVxm3cgJOcE,VENUS CHHOLE BHATURE,places,en,373,28.683156150000002,77.13239145,28.6836937,77.1330457,0,del,Delhi,2026-09-01T03:00:07.907374Z
ChIJhzGb67gDDTkRB5-j0ME9QS8,B.S.W. Batra Samosa Wala,places,en,373,28.683156150000002,77.13239145,28.682522799999997,77.13295649999999,0,del,Delhi,2026-09-01T03:00:07.907381Z
ChIJgfJgp2sDDTkRt2yQfIGfOlA,Pizza Time,places,en,373,28.683156150000002,77.13239145,28.6835614,77.1332362,0,del,Delhi,2026-09-01T03:00:07.907388Z
ChIJcZVdsFkDDTkRaBmQEu4tbto,Daddy Waddy's,places,en,373,28.683156150000002,77.13239145,28.6840835,77.1331309,0,del,Delhi,2026-09-01T03:00:07.907397Z
ChIJHxzmFAADDTkRpykqOvQZ4sc,"Sharma Ji Kachori Wale , Kamla Nagar Wale",places,en,373,28.683156150000002,77.13239145,28.683338199999998,77.13368369999999,0,del,Delhi,2026-09-01T03:00:07.907404Z
ChIJU-_exfADDTkRWMYUpKIqy9k,Chawlas 2 Since 1960 Ranibagh,places,en,373,28.683156150000002,77.13239145,28.683351,77.13384630000002,0,del,Delhi,2026-09-01T03:00:07.907411Z
ChIJ5YmAbQADDTkRW84n66nLWE8,Pankaj Fast food Momos,places,en,373,28.683156150000002,77.13239145,28.6821423,77.1339033,0,del,Delhi,2026-09-01T03:00:07.907418Z
ChIJ4U8odngDDTkRlN4CQD3EMMs,R.N PARATHA CORNER,places,en,373,28.683156150000002,77.13239145,28.685025099999997,77.13149709999999,0,del,Delhi,2026-09-01T03:00:07.907433Z
ChIJraO9WQADDTkRvxU__X0Rjr8,Urmila Arora,places,en,373,28.683156150000002,77.13239145,28.684842000000003,77.1310374,0,del,Delhi,2026-09-01T03:00:07.907441Z
ChIJ6-KMEegDDTkR4ZT7cN3C4g0,Spicy Narang,places,en,373,28.683156150000002,77.13239145,28.685356100000003,77.13238919999999,0,del,Delhi,2026-09-01T03:00:07.907448Z
ChIJuYn40LQDDTkR-krZPiFguHE,The Epicurean Cloud Kitchen,places,en,373,28.683156150000002,77.13239145,28.6817125,77.1344946,0,del,Delhi,2026-09-01T03:00:07.907455Z
ChIJGwQNC-gDDTkR2PtPRAWzJeQ,R.G. Momo Hut,places,en,373,28.683156150000002,77.13239145,28.685462299999998,77.13271189999999,0,del,Delhi,2026-09-01T03:00:07.907462Z
ChIJU1EhSiMDDTkR9l3LhJwg82o,SHRI RADHE TIFFIN SERVICE,places,en,373,28.683156150000002,77.13239145,28.685049400000004,77.1307935,0,del,Delhi,2026-09-01T03:00:07.907469Z
ChIJXX0O8QADDTkRzT5GdHw7vgY,Mother's Touch - Best Tiffin Service in Rani Bagh | Homemade Food | Diet Food,places,en,373,28.683156150000002,77.13239145,28.685711400000002,77.13283799999999,0,del,Delhi,2026-09-01T03:00:07.907477Z
ChIJ9yTqagD9DDkRrkBeI9gAUmo,Al Zaffran,places,en,374,28.6926877,77.2699267,28.691868399999993,77.2701239,0,del,Delhi,2026-09-01T03:00:08.263236Z
ChIJBbPhaRT8DDkRk9EAMXKb3sM,Chaap Kitchen,places,en,374,28.6926877,77.2699267,28.691566099999996,77.270149,0,del,Delhi,2026-09-01T03:00:08.263267Z
ChIJw7q0Rmz8DDkR-x1cPyGX3-4,SAI PIZZA DREAM,places,en,374,28.6926877,77.2699267,28.6932612,77.2710438,0,del,Delhi,2026-09-01T03:00:08.263277Z
ChIJG_1e07L9DDkRqjszBpq3VT4,mom’s kitchen,places,en,374,28.6926877,77.2699267,28.693748199999998,77.27089629999999,0,del,Delhi,2026-09-01T03:00:08.263285Z
ChIJadB6MgD9DDkRzSiORd0XMM4,Red flame,places,en,374,28.6926877,77.2699267,28.694029500000003,77.2712983,0,del,Delhi,2026-09-01T03:00:08.263293Z
ChIJQU_EXQD9DDkRPAeXJzHCCDs,Annapurna rasoi,places,en,374,28.6926877,77.2699267,28.6940112,77.2713496,0,del,Delhi,2026-09-01T03:00:08.263301Z
ChIJIX0PW2z8DDkRvPMzYmhxzAU,Hilal Chicken Center,places,en,374,28.6926877,77.2699267,28.694179000000002,77.2713706,0,del,Delhi,2026-09-01T03:00:08.263308Z
ChIJobPuDUz9DDkRMxGBlEIJ6Rg,Kaif A/c technician,places,en,374,28.6926877,77.2699267,28.694624700000002,77.2702229,0,del,Delhi,2026-09-01T03:00:08.263315Z
ChIJQYPn8z_9DDkRZaXRhx_RDDQ,The big bite cafe,places,en,374,28.6926877,77.2699267,28.6946071,77.27036,0,del,Delhi,2026-09-01T03:00:08.263321Z
ChIJj-GH9Ev9DDkRfHWj4Ke45Dk,Rustam ali chicken shop,places,en,374,28.6926877,77.2699267,28.691441800000003,77.2681804,0,del,Delhi,2026-09-01T03:00:08.263328Z
ChIJiTMo4mv8DDkRktDZ6ihNB0E,Sokat Ali Chicken Shop,places,en,374,28.6926877,77.2699267,28.691423,77.2681774,0,del,Delhi,2026-09-01T03:00:08.263335Z
ChIJ9UmUi2z8DDkRlybkZ72tbYM,Mohd. Khalid Biryani,places,en,374,28.6926877,77.2699267,28.694639,77.270434,0,del,Delhi,2026-09-01T03:00:08.263342Z
ChIJiSrWWDH9DDkRr0PtdwRcBfw,Pandit bhojnalya,places,en,374,28.6926877,77.2699267,28.693825099999998,77.2678687,0,del,Delhi,2026-09-01T03:00:08.263348Z
ChIJD_Qpkef9DDkRqz4JEbKtQ8w,NK Fast Food,places,en,374,28.6926877,77.2699267,28.6937951,77.2676381,0,del,Delhi,2026-09-01T03:00:08.263355Z
ChIJ47xGXCz9DDkRmcn3epylmNU,Bhai noor mohammad,places,en,374,28.6926877,77.2699267,28.6946967,77.2715996,0,del,Delhi,2026-09-01T03:00:08.263362Z
ChIJq1meeAD9DDkR37q2RV6XnDE,megahub,places,en,375,28.64992985,77.20736645,28.649808300000004,77.2064879,0,del,Delhi,2026-09-01T03:00:08.612341Z
ChIJffxDqGj9DDkRAAAAcFJIzyg,Sunder Dhaba,places,en,375,28.64992985,77.20736645,28.6503552,77.2061376,0,del,Delhi,2026-09-01T03:00:08.612372Z
ChIJPxe4PgL9DDkRfmISTpPt_kc,Samosa Corner,places,en,375,28.64992985,77.20736645,28.650445700000002,77.2061221,0,del,Delhi,2026-09-01T03:00:08.612383Z
ChIJO_Xt_VL9DDkR9s3Mze3OjBc,SORU kitchen,places,en,375,28.64992985,77.20736645,28.649584599999994,77.20554690000002,0,del,Delhi,2026-09-01T03:00:08.612392Z
ChIJ7VrukSv9DDkRgu4nGZ5PVe4,Sharma Shop,places,en,375,28.64992985,77.20736645,28.6501322,77.2054399,0,del,Delhi,2026-09-01T03:00:08.612400Z
ChIJTWdqK3r9DDkRFCfCUMBdeUg,Delhivery PVT LTD,places,en,375,28.64992985,77.20736645,28.650457,77.2053742,0,del,Delhi,2026-09-01T03:00:08.612407Z
ChIJa7F9MwD9DDkRnbC18jwpeX8,Choudhary Cafe 2.0,places,en,375,28.64992985,77.20736645,28.6509776,77.2055864,0,del,Delhi,2026-09-01T03:00:08.612414Z
ChIJiw0zK3j9DDkRV03eydbgLQA,Punjabi Angithi,places,en,375,28.64992985,77.20736645,28.6497634,77.205062,0,del,Delhi,2026-09-01T03:00:08.612421Z
ChIJqcHg42X9DDkRxFVIxgSlmvE,Raja Chicken Shop,places,en,375,28.64992985,77.20736645,28.651125,77.20496349999999,0,del,Delhi,2026-09-01T03:00:08.612430Z
ChIJRfSiQGb9DDkRbkQkiPlh_ZA,Shri Ganesh Misthan Bhandar Chirawa Laddu Pede Wala,places,en,375,28.64992985,77.20736645,28.6491251,77.2044957,0,del,Delhi,2026-09-01T03:00:08.612439Z
ChIJc9EG2usDDTkRT78Tj-OZ3q0,Kesar,places,en,376,28.688709,77.12239185,28.6883497,77.1218595,0,del,Delhi,2026-09-01T03:00:08.953661Z
ChIJUYygKNcDDTkRBmltqK3xt7I,Multani by Chetan,places,en,376,28.688709,77.12239185,28.6882387,77.12173159999999,0,del,Delhi,2026-09-01T03:00:08.953694Z
ChIJISyRs7YDDTkRBrTwDubT9Fg,MOOLCHANDWALA,places,en,376,28.688709,77.12239185,28.6883393,77.12162239999999,0,del,Delhi,2026-09-01T03:00:08.953704Z
ChIJDRnZPgADDTkR5vAI39eIgCw,The Kebab Man(TKM),places,en,376,28.688709,77.12239185,28.688240000000004,77.1216628,0,del,Delhi,2026-09-01T03:00:08.953712Z
ChIJq6oe3OsDDTkRaGG5Gu65aXo,Chef Nation,places,en,376,28.688709,77.12239185,28.6882244,77.1216765,0,del,Delhi,2026-09-01T03:00:08.953719Z
ChIJH9bT65QDDTkRQTYfTI43_GU,A.S Momos Chinese Chaap & More (Harsh Vihar Wale),places,en,376,28.688709,77.12239185,28.688326800000002,77.1215461,0,del,Delhi,2026-09-01T03:00:08.953726Z
ChIJywafhfsDDTkRYmS0tGWg7vo,FRESH POINT,places,en,376,28.688709,77.12239185,28.688318099999996,77.1214826,0,del,Delhi,2026-09-01T03:00:08.953733Z
ChIJCcpgP5MDDTkRcd7t2666wbk,Nanu Bhai's,places,en,376,28.688709,77.12239185,28.688318099999996,77.1214826,0,del,Delhi,2026-09-01T03:00:08.953740Z
ChIJOYmQsP0DDTkR1-5kjSiD0PM,K3 kurry ka king,places,en,376,28.688709,77.12239185,28.688318099999996,77.1214826,0,del,Delhi,2026-09-01T03:00:08.953748Z
ChIJWUrd8B0DDTkR7wgNhIp78dA,Sardarjee's,places,en,376,28.688709,77.12239185,28.688318099999996,77.1214826,0,del,Delhi,2026-09-01T03:00:08.953754Z
ChIJzQV63usDDTkRC3vmathgdxs,Green Chick Chop,places,en,376,28.688709,77.12239185,28.688318099999996,77.1214826,0,del,Delhi,2026-09-01T03:00:08.953761Z
ChIJFQAAD-wDDTkRnwZ2uCkw7Ig,ShutUp 'N' Eat,places,en,376,28.688709,77.12239185,28.688318099999996,77.1214826,0,del,Delhi,2026-09-01T03:00:08.953768Z
ChIJBQBt2NoFDTkRA8HJnJQaUmE,Punjab curry Express,places,en,376,28.688709,77.12239185,28.688284399999997,77.12148040000001,0,del,Delhi,2026-09-01T03:00:08.953775Z
ChIJn-NcLwADDTkR5dqDFzCteBE,The roll square,places,en,376,28.688709,77.12239185,28.688238600000002,77.12149850000002,0,del,Delhi,2026-09-01T03:00:08.953782Z
ChIJB0PocVEDDTkRkbjf0fwAhgQ,Friends Mr. Shawarma,places,en,376,28.688709,77.12239185,28.688293299999994,77.1214519,0,del,Delhi,2026-09-01T03:00:08.953789Z
ChIJvUBwxdIDDTkRy3ZH2Fli45Q,Vijay Hot and cold coffee point,places,en,376,28.688709,77.12239185,28.688273799999994,77.1214227,0,del,Delhi,2026-09-01T03:00:08.953795Z
ChIJ4afeVKMDDTkRsdgSNGyK4nM,The Crispy Bites,places,en,376,28.688709,77.12239185,28.6884888,77.12127819999999,0,del,Delhi,2026-09-01T03:00:08.953802Z
ChIJT4QAce0DDTkRr5GF8n37Vus,Puttar Ji,places,en,376,28.688709,77.12239185,28.688269199999997,77.12136389999999,0,del,Delhi,2026-09-01T03:00:08.953809Z
ChIJJ3TCNQADDTkR5gKdf8smupA,NUTRAJ Pitampura Wale,places,en,376,28.688709,77.12239185,28.6882597,77.1213355,0,del,Delhi,2026-09-01T03:00:08.953816Z
ChIJUe60Hz4DDTkRPo8fyZF6ovQ,Two Guys,places,en,376,28.688709,77.12239185,28.688328300000002,77.121263,0,del,Delhi,2026-09-01T03:00:08.953823Z
ChIJ47LnimADDTkRZiyWCfUOlIc,Delhi 35,places,en,377,28.6718832,77.16191225,28.670822299999998,77.1609106,0,del,Delhi,2026-09-01T03:00:09.385123Z
ChIJNUD6sHEDDTkRfGSlBD0CqZI,Rajpal Singh,places,en,377,28.6718832,77.16191225,28.6729563,77.1606177,0,del,Delhi,2026-09-01T03:00:09.385152Z
ChIJwxhnVQADDTkRDBTuecvQykg,Food Bloom,places,en,377,28.6718832,77.16191225,28.6736899,77.1620923,0,del,Delhi,2026-09-01T03:00:09.385159Z
ChIJnzYyWB4DDTkRKX6BkLW5e5Y,Anamta chicken street vendor,places,en,377,28.6718832,77.16191225,28.670990099999997,77.1643283,0,del,Delhi,2026-09-01T03:00:09.385189Z
ChIJuQ6FSaoDDTkR5hWEFwbu7LU,Halal Pizza Time,places,en,377,28.6718832,77.16191225,28.671195899999997,77.16445639999999,0,del,Delhi,2026-09-01T03:00:09.385196Z
ChIJ-7HZk2gDDTkRMnmlnaVejew,Pizza Street,places,en,377,28.6718832,77.16191225,28.671891300000002,77.16461869999999,0,del,Delhi,2026-09-01T03:00:09.385201Z
ChIJd2SKmV4DDTkR-2oifPec9dc,Mukeem's Biryani,places,en,377,28.6718832,77.16191225,28.6709533,77.1644049,0,del,Delhi,2026-09-01T03:00:09.385206Z
ChIJF9oWJLADDTkRIGFn17o0zVw,Ayoub Hotel,places,en,377,28.6718832,77.16191225,28.6716463,77.1646365,0,del,Delhi,2026-09-01T03:00:09.385211Z
ChIJW6g84C4DDTkRW13bXzQFAac,Anjali sweets,places,en,377,28.6718832,77.16191225,28.6740811,77.1607016,0,del,Delhi,2026-09-01T03:00:09.385217Z
ChIJJ1K5OQADDTkRJK8Mx3KEKww,Raja's Special Momos,places,en,377,28.6718832,77.16191225,28.6718969,77.1648051,0,del,Delhi,2026-09-01T03:00:09.385222Z
ChIJF9Cy7LcDDTkRMn4JZxLzU8I,Akash Fast Food,places,en,377,28.6718832,77.16191225,28.6743579,77.1611496,0,del,Delhi,2026-09-01T03:00:09.385227Z
ChIJqzjkFn8EDTkRs8HLzkDtUfU,Pure Punjab,places,en,378,28.6638971,77.1024704,28.6626089,77.10249089999999,0,del,Delhi,2026-09-01T03:00:09.726727Z
ChIJXze1ocr9DDkRimhohKitgvo,THE BIG OL' EATERY,places,en,378,28.6638971,77.1024704,28.662877500000004,77.1007382,0,del,Delhi,2026-09-01T03:00:09.726758Z
ChIJgbxiO38EDTkRB-zMSdbCAGQ,Art Of Spices,places,en,378,28.6638971,77.1024704,28.6627694,77.1008062,0,del,Delhi,2026-09-01T03:00:09.726769Z
ChIJOUG_tI4FDTkRNUyVpno1NUY,VeerJi Malai Chaap Wale – Paschim Vihar,places,en,378,28.6638971,77.1024704,28.662689699999998,77.1007,0,del,Delhi,2026-09-01T03:00:09.726777Z
ChIJnZ3-PgAFDTkRgDDS1bz2dw4,Wonder taste of spices,places,en,378,28.6638971,77.1024704,28.662111699999997,77.101394,0,del,Delhi,2026-09-01T03:00:09.726785Z
ChIJD_oSi5AFDTkRfmithkMZXjI,Yum yum cha - Paschim vihar,places,en,378,28.6638971,77.1024704,28.662111699999997,77.101394,0,del,Delhi,2026-09-01T03:00:09.726793Z
ChIJsYbrGWkFDTkRT08e9SoB7tQ,The Vintage cafe,places,en,378,28.6638971,77.1024704,28.662111699999997,77.101394,0,del,Delhi,2026-09-01T03:00:09.726800Z
ChIJ0biOfgAFDTkRDNOJKq6_n3w,Shop no.93 Bg8 DDA market pachim vihar,places,en,378,28.6638971,77.1024704,28.662111699999997,77.101394,0,del,Delhi,2026-09-01T03:00:09.726807Z
ChIJEcepEgAFDTkRivsWvDyqVyI,"WeFit - Protein Bowls, Salads & Sandwiches",places,en,378,28.6638971,77.1024704,28.662788,77.1005541,0,del,Delhi,2026-09-01T03:00:09.726814Z
ChIJN7K91yLjDDkRFqEwmKtnbtk,Cafe Vuitton,places,en,378,28.6638971,77.1024704,28.662633600000003,77.100659,0,del,Delhi,2026-09-01T03:00:09.726822Z
ChIJDenPcO8FDTkRuBLXxOdwofQ,Tikka Junction,places,en,378,28.6638971,77.1024704,28.6628996,77.10045749999999,0,del,Delhi,2026-09-01T03:00:09.726829Z
ChIJA4ZVlHsFDTkRRTs9iPSFuSo,Karim's Original from Jama Masjid Paschim Vihar,places,en,378,28.6638971,77.1024704,28.6626737,77.1006063,0,del,Delhi,2026-09-01T03:00:09.726836Z
ChIJZazmuwAFDTkR_PJ1g_2C8Ls,Mojo Pizza - 2X Toppings,places,en,378,28.6638971,77.1024704,28.662799999999994,77.1005,0,del,Delhi,2026-09-01T03:00:09.726843Z
ChIJBZNlO38EDTkRpo4sllWJHdk,Ganesh Restaurant,places,en,378,28.6638971,77.1024704,28.6627406,77.1004529,0,del,Delhi,2026-09-01T03:00:09.726850Z
ChIJgR8AnnAEDTkRPb-4BtQoVlU,Baljeet's Amritsari Koolcha,places,en,378,28.6638971,77.1024704,28.6625299,77.1006082,0,del,Delhi,2026-09-01T03:00:09.726857Z
ChIJ8xHlRAAFDTkRYXFFP_yPo9c,The Spice Capital,places,en,378,28.6638971,77.1024704,28.662384099999997,77.1007451,0,del,Delhi,2026-09-01T03:00:09.726864Z
ChIJJ4HJP38EDTkR8VEJ9st5sWM,The Food Fever,places,en,378,28.6638971,77.1024704,28.662434899999997,77.1006618,0,del,Delhi,2026-09-01T03:00:09.726870Z
ChIJg2saFn8EDTkRkvDfT9rcPTQ,Sudha shakti surgicals,places,en,378,28.6638971,77.1024704,28.6625929,77.1004899,0,del,Delhi,2026-09-01T03:00:09.726877Z
ChIJFfH-FX8EDTkRL4tW6aKSDJs,Pishori Chicken,places,en,378,28.6638971,77.1024704,28.662318499999998,77.1005992,0,del,Delhi,2026-09-01T03:00:09.726884Z
ChIJaZsWs3YFDTkRPy1H-kW8DX4,Pot Pot Paschim Vihar,places,en,378,28.6638971,77.1024704,28.6621397,77.10073249999999,0,del,Delhi,2026-09-01T03:00:09.726891Z
ChIJOabBRgD7DDkR7XrCLr0U0GY,BITTOO CHAAT CORNER,places,en,379,28.6600386,77.28762044999999,28.659715,77.2882331,0,del,Delhi,2026-09-01T03:00:10.066419Z
ChIJmXb0HFr9DDkRuLIyJIz5RA8,Aap Ki Apni Rasoi,places,en,379,28.6600386,77.28762044999999,28.660879,77.28823799999999,0,del,Delhi,2026-09-01T03:00:10.066449Z
ChIJKYK8cC_7DDkRLXwdYh4VDkI,Manohar Sweets,places,en,379,28.6600386,77.28762044999999,28.6611401,77.2873408,0,del,Delhi,2026-09-01T03:00:10.066459Z
ChIJFTWHo-n7DDkRpcx4zv37rcQ,Sachhu's Café,places,en,379,28.6600386,77.28762044999999,28.6591717,77.2885397,0,del,Delhi,2026-09-01T03:00:10.066467Z
ChIJH-BSoID7DDkRr_uNtW038TI,KFC,places,en,379,28.6600386,77.28762044999999,28.6592721,77.2887217,0,del,Delhi,2026-09-01T03:00:10.066474Z
ChIJL6CjeGL7DDkRMYzCrJjdCkc,Annapurna Restaurant,places,en,379,28.6600386,77.28762044999999,28.6611845,77.2868058,0,del,Delhi,2026-09-01T03:00:10.066481Z
ChIJParpZfX7DDkRvB2z1VqaXOk,Sharma raj भटूरे वाला,places,en,379,28.6600386,77.28762044999999,28.661845699999994,77.2879638,0,del,Delhi,2026-09-01T03:00:10.066489Z
ChIJISIVrBP7DDkR_HK3OZAIm_g,Meat-e-zayka,places,en,379,28.6600386,77.28762044999999,28.661824599999996,77.2885531,0,del,Delhi,2026-09-01T03:00:10.066496Z
ChIJ5Uv31Vz7DDkRhrekGIkwXCQ,Nishu Fast Food,places,en,379,28.6600386,77.28762044999999,28.6606621,77.28989829999999,0,del,Delhi,2026-09-01T03:00:10.066503Z
ChIJOcpt_a77DDkRtuOwBeXojaE,BAR RUM BAR,places,en,379,28.6600386,77.28762044999999,28.6583391,77.28929049999999,0,del,Delhi,2026-09-01T03:00:10.066511Z
ChIJ6XR-5Zz9DDkRFbAVX8-YxPk,Govardhan Chole Bhature Wale,places,en,379,28.6600386,77.28762044999999,28.660835400000003,77.2852198,0,del,Delhi,2026-09-01T03:00:10.066518Z
ChIJ2zNjsWT7DDkRZTa7xdN4Apg,Aapki Rasoi,places,en,379,28.6600386,77.28762044999999,28.6621805,77.2886939,0,del,Delhi,2026-09-01T03:00:10.066525Z
ChIJayq_8af9DDkRXGNAQpQ91io,ALBELA FOODS,places,en,379,28.6600386,77.28762044999999,28.662263499999998,77.2887999,0,del,Delhi,2026-09-01T03:00:10.066532Z
ChIJ9eW2gvD9DDkRfFsJK5XCXkM,The Burger Panda Delhi,places,en,379,28.6600386,77.28762044999999,28.660325599999997,77.2848289,0,del,Delhi,2026-09-01T03:00:10.066539Z
ChIJze1Hv_v7DDkRWCMEKTrYfv4,Shri shyam chole bhature wale,places,en,379,28.6600386,77.28762044999999,28.662312099999998,77.2888933,0,del,Delhi,2026-09-01T03:00:10.066552Z
ChIJf4_UUxX7DDkRrQ3LFt6ssos,BHARAT KITCHEN,places,en,379,28.6600386,77.28762044999999,28.6624742,77.28855659999999,0,del,Delhi,2026-09-01T03:00:10.066559Z
ChIJ33NTsWT7DDkRDaZ4YAVJg0Q,Salman Food Corner,places,en,379,28.6600386,77.28762044999999,28.6623297,77.2890134,0,del,Delhi,2026-09-01T03:00:10.066566Z
ChIJCZvTOpr9DDkRCMbzmkbu0Vk,Street bites,places,en,379,28.6600386,77.28762044999999,28.6593774,77.2847803,0,del,Delhi,2026-09-01T03:00:10.066573Z
ChIJZbfQK1T7DDkRJF1xbcDYbV0,Ultimate Chinese Fast Food & South Indian,places,en,379,28.6600386,77.28762044999999,28.6624879,77.2889287,0,del,Delhi,2026-09-01T03:00:10.066580Z
ChIJhSaaIuP7DDkR1XbRYnW5sh0,Arora Ji Kitchen,places,en,380,28.671733449999998,77.2903709,28.671418499999994,77.2903582,0,del,Delhi,2026-09-01T03:00:10.481967Z
ChIJtQVn2Hr7DDkRwbKlp1_ksi4,Rakesh bhola shankar chole kachori wale,places,en,380,28.671733449999998,77.2903709,28.671788399999997,77.2914298,0,del,Delhi,2026-09-01T03:00:10.482004Z
ChIJu6-euH77DDkRgqFpaIxetTU,Om Prakash Chaat Corner,places,en,380,28.671733449999998,77.2903709,28.6719461,77.2914164,0,del,Delhi,2026-09-01T03:00:10.482014Z
ChIJI3gbHX_7DDkR4EJ5gQ6c6Dw,Bhole Shankar Kachodi Wale (India pvt. ltd.),places,en,380,28.671733449999998,77.2903709,28.671877599999995,77.29145729999999,0,del,Delhi,2026-09-01T03:00:10.482022Z
ChIJwRyITUT7DDkRwodRVEmpnOA,Shiv Darbar Adarsh Fast Food Corner,places,en,380,28.671733449999998,77.2903709,28.671359799999998,77.2888444,0,del,Delhi,2026-09-01T03:00:10.482030Z
ChIJffrtXH77DDkRoxL-gxTJv0k,Prem Pakode Wale,places,en,380,28.671733449999998,77.2903709,28.672015000000002,77.28878499999999,0,del,Delhi,2026-09-01T03:00:10.482037Z
ChIJpwfMJwD9DDkR6SOvFP902sg,Brij kachori corner,places,en,380,28.671733449999998,77.2903709,28.6714106,77.2887523,0,del,Delhi,2026-09-01T03:00:10.482044Z
ChIJz10SdLH7DDkRehyRhk1h9Qw,Priyanka snacks & confectionery,places,en,380,28.671733449999998,77.2903709,28.671204099999997,77.28874139999999,0,del,Delhi,2026-09-01T03:00:10.482051Z
ChIJqbS-1ZX7DDkRV_Cp_fG5Pt0,Pandit dabha haridwar wale,places,en,380,28.671733449999998,77.2903709,28.6717421,77.28860590000001,0,del,Delhi,2026-09-01T03:00:10.482058Z
ChIJh8aEQn77DDkRwhTKveDhCCo,Bala Ji Dhaba,places,en,380,28.671733449999998,77.2903709,28.671799800000002,77.28840679999999,0,del,Delhi,2026-09-01T03:00:10.482069Z
ChIJhbmWSgD7DDkRLiaQntCN38w,sanvariya Seth sanvariya Seth Kadi kachori wale,places,en,380,28.671733449999998,77.2903709,28.670036999999997,77.290954,0,del,Delhi,2026-09-01T03:00:10.482076Z
ChIJgc8yH3_7DDkRoZkax3xl6D4,Bikaner Foods,places,en,380,28.671733449999998,77.2903709,28.673672699999997,77.29067479999999,0,del,Delhi,2026-09-01T03:00:10.482083Z
ChIJyaeHeH77DDkRG127HQfZOew,Pizza King's,places,en,380,28.671733449999998,77.2903709,28.6702885,77.28883499999999,0,del,Delhi,2026-09-01T03:00:10.482090Z
ChIJVd4O6Iv7DDkREiDFl0o-d1A,First Slice Pizza,places,en,380,28.671733449999998,77.2903709,28.673707999999998,77.290193,0,del,Delhi,2026-09-01T03:00:10.482096Z
ChIJsYqZd377DDkRu7ie949Xl7M,Krishna Confectionary,places,en,380,28.671733449999998,77.2903709,28.6703948,77.2885769,0,del,Delhi,2026-09-01T03:00:10.482107Z
ChIJ0yHC2xP7DDkR-PFskGfIExo,Batra Kitchen,places,en,380,28.671733449999998,77.2903709,28.671035200000002,77.28801659999999,0,del,Delhi,2026-09-01T03:00:10.482115Z
ChIJuXcuRl4DDTkR1fnCwUi73aQ,Shalimar Cafe,places,en,381,28.70629325,77.16236380000001,28.706335199999998,77.1623599,0,del,Delhi,2026-09-01T03:00:10.883779Z
ChIJ23NsVyYCDTkRjCgHpoQYbIQ,Mitthu Tikki Wala,places,en,381,28.70629325,77.16236380000001,28.706333,77.16241149999999,0,del,Delhi,2026-09-01T03:00:10.883814Z
ChIJja41UCYCDTkRcBGt5x-A8H0,Amandeep Dhaba,places,en,381,28.70629325,77.16236380000001,28.706371400000002,77.1623578,0,del,Delhi,2026-09-01T03:00:10.883824Z
ChIJg60qizIDDTkR4ApaXX5JCr0,34 Chowringhee Lane,places,en,381,28.70629325,77.16236380000001,28.706528199999997,77.162348,0,del,Delhi,2026-09-01T03:00:10.883832Z
ChIJL6uqWwADDTkRLerm3t0cIIg,De Blends,places,en,381,28.70629325,77.16236380000001,28.706533799999995,77.16235019999999,0,del,Delhi,2026-09-01T03:00:10.883840Z
ChIJyeMHZOsDDTkRVsf1XyMLtNM,The Indian Spoon,places,en,381,28.70629325,77.16236380000001,28.706060800000003,77.1625876,0,del,Delhi,2026-09-01T03:00:10.883847Z
ChIJ-wSB9JoDDTkRpB1ZEZxCIGQ,Momo Shark,places,en,381,28.70629325,77.16236380000001,28.7060772,77.162613,0,del,Delhi,2026-09-01T03:00:10.883854Z
ChIJrQD8cqsBDTkRkegWFoj5Jeg,Peshawari’s,places,en,381,28.70629325,77.16236380000001,28.706060500000003,77.1625966,0,del,Delhi,2026-09-01T03:00:10.883861Z
ChIJLSzMj6wDDTkRa7mUgUY7zlU,Suresh Mahawar,places,en,381,28.70629325,77.16236380000001,28.7065683,77.1626157,0,del,Delhi,2026-09-01T03:00:10.883868Z
ChIJcYdQOSYCDTkRDVoAPEiD7VI,Giani ice cream. Shalimar Bagh,places,en,381,28.70629325,77.16236380000001,28.7066356,77.162549,0,del,Delhi,2026-09-01T03:00:10.883875Z
ChIJAQAAAIkBDTkRFYJ-7VSqbmw,SGF - Spice Grill Flame (Shalimar Bagh),places,en,381,28.70629325,77.16236380000001,28.7065615,77.16268509999999,0,del,Delhi,2026-09-01T03:00:10.883881Z
ChIJtyMvilwDDTkR24lc6JgoNvs,PUNJABI CHAAP CORNER (SHALIMAR BAGH),places,en,381,28.70629325,77.16236380000001,28.706179900000002,77.1628331,0,del,Delhi,2026-09-01T03:00:10.883888Z
ChIJx2yw6QMDDTkRG2UpYSbHTkg,Pasta Palace,places,en,381,28.70629325,77.16236380000001,28.706171800000003,77.1628403,0,del,Delhi,2026-09-01T03:00:10.883895Z
ChIJ8VpWvXUDDTkRKyVqNs5aXIk,Fab Momos,places,en,381,28.70629325,77.16236380000001,28.7066119,77.1627682,0,del,Delhi,2026-09-01T03:00:10.883902Z
ChIJNfPt2SUCDTkRGIoVqqKUutQ,Madras Dosa & Chinese,places,en,381,28.70629325,77.16236380000001,28.706625499999998,77.16280499999999,0,del,Delhi,2026-09-01T03:00:10.883909Z
ChIJ____eyoCDTkRMrI71waWigM,Turla dhaba,places,en,381,28.70629325,77.16236380000001,28.706808000000002,77.16256,0,del,Delhi,2026-09-01T03:00:10.883915Z
ChIJncaXLgADDTkRa_HZVwugj5Q,Sabby punjabi kabab zayka,places,en,381,28.70629325,77.16236380000001,28.706817299999997,77.1625708,0,del,Delhi,2026-09-01T03:00:10.883922Z
ChIJu3tX_yYCDTkRF2L9G2Mb5BA,Bikaner Kesarvala,places,en,381,28.70629325,77.16236380000001,28.706687,77.1628983,0,del,Delhi,2026-09-01T03:00:10.883929Z
ChIJxeAp9YQDDTkRtOfWhRSrLBE,Tandoori hut RPD Shalimar Bagh,places,en,381,28.70629325,77.16236380000001,28.706729699999997,77.1628782,0,del,Delhi,2026-09-01T03:00:10.883936Z
ChIJl95Vy6kDDTkRBJ7YCWPBtuo,Punjabizz,places,en,381,28.70629325,77.16236380000001,28.706837699999998,77.1629617,0,del,Delhi,2026-09-01T03:00:10.883942Z
ChIJGeyzjoICDTkRcUfMhl9c6VM,"Domino's Pizza | Karol Bagh, New Delhi",places,en,382,28.65845345,77.19306155000001,28.657971000000003,77.193519,0,del,Delhi,2026-09-01T03:00:11.218889Z
ChIJzTAz2EUDDTkREs8mqqJVGWg,Domino's Pizza,places,en,382,28.65845345,77.19306155000001,28.6579546,77.193595,0,del,Delhi,2026-09-01T03:00:11.218923Z
ChIJza_BmqsDDTkRL0QX_7vpe8Q,Marwadi Restaurant,places,en,382,28.65845345,77.19306155000001,28.658017800000003,77.1922652,0,del,Delhi,2026-09-01T03:00:11.218933Z
ChIJi217nAoHDTkReu5egBW4RC4,Mandarin house,places,en,382,28.65845345,77.19306155000001,28.657659,77.1919521,0,del,Delhi,2026-09-01T03:00:11.218941Z
ChIJsfczaZ4DDTkRemq1Pi_aI2A,Domino's Pizza,places,en,382,28.65845345,77.19306155000001,28.6580689,77.19142529999999,0,del,Delhi,2026-09-01T03:00:11.218948Z
ChIJp0cjbQH9DDkRMH4dii_t9qA,Cafe Delhi Heights,places,en,382,28.65845345,77.19306155000001,28.657852400000003,77.19469459999999,0,del,Delhi,2026-09-01T03:00:11.218958Z
ChIJ-6xJG6cBDTkRUsOfn5F-p38,Shivam Gupta Fast Food,places,en,383,28.73219695,77.1836527,28.7338977,77.1835212,0,del,Delhi,2026-09-01T03:00:11.556842Z
ChIJNSPjN80BDTkRoBkJ-P4g2Co,Bhature wala kaka,places,en,383,28.73219695,77.1836527,28.734086399999995,77.18224959999999,0,del,Delhi,2026-09-01T03:00:11.556878Z
ChIJXV5uaD3_DDkREbwe7dvQdzc,Kunal,places,en,384,28.73427845,77.2612636,28.7333475,77.26150609999999,0,del,Delhi,2026-09-01T03:00:11.931606Z
ChIJQY0oTgD_DDkRzm3cxpiHZgs,Biryani Adda,places,en,384,28.73427845,77.2612636,28.73462,77.2632551,0,del,Delhi,2026-09-01T03:00:11.931635Z
ChIJ56f0jOr_DDkRvGrSotrNt8Y,Shree's Family Cafe,places,en,384,28.73427845,77.2612636,28.732638399999995,77.26304999999999,0,del,Delhi,2026-09-01T03:00:11.931644Z
ChIJfdTLfgD_DDkRWJ7_dfVHhVc,Radha Madhav veg fast food,places,en,384,28.73427845,77.2612636,28.735567000000003,77.2588135,0,del,Delhi,2026-09-01T03:00:11.931651Z
ChIJoafojeYFDTkRxkBXVsbf6eU,Ama's Home Kitchen,places,en,385,28.657422099999998,77.0924969,28.657811,77.09127509999999,0,del,Delhi,2026-09-01T03:00:12.266037Z
ChIJaRj4x2UFDTkREOCgW5GE2HM,SRS Mumbai vada pav,places,en,385,28.657422099999998,77.0924969,28.6580377,77.09089080000001,0,del,Delhi,2026-09-01T03:00:12.266063Z
ChIJOxY0MnkFDTkRfGz9b2C-ItM,Royal classic hotel,places,en,385,28.657422099999998,77.0924969,28.657142199999996,77.0904406,0,del,Delhi,2026-09-01T03:00:12.266071Z
ChIJ3fzLqWIEDTkRR32biuPCLek,Chanson Hotels - New Delhi,places,en,385,28.657422099999998,77.0924969,28.657764800000002,77.090443,0,del,Delhi,2026-09-01T03:00:12.266076Z
ChIJqdPEUpUFDTkRKNS3SNTJ9n8,Nazeer Foods,places,en,385,28.657422099999998,77.0924969,28.6590626,77.09159559999999,0,del,Delhi,2026-09-01T03:00:12.266082Z
ChIJt6TR01kFDTkRgmmMpey_17Q,momo house,places,en,385,28.657422099999998,77.0924969,28.658188300000003,77.0944528,0,del,Delhi,2026-09-01T03:00:12.266087Z
ChIJw2jb0N4FDTkRxKdywzts2m8,Ajay Food Cornar,places,en,385,28.657422099999998,77.0924969,28.659094599999996,77.0913025,0,del,Delhi,2026-09-01T03:00:12.266092Z
ChIJR6IWXCIFDTkRlUSjbTWIVvg,Lapaet,places,en,385,28.657422099999998,77.0924969,28.659278999999998,77.091698,0,del,Delhi,2026-09-01T03:00:12.266100Z
ChIJQ0By3IcFDTkRPyg1i-NI6XQ,Bittu Ji Rajma Chawal Wale,places,en,385,28.657422099999998,77.0924969,28.656156799999998,77.09027379999999,0,del,Delhi,2026-09-01T03:00:12.266105Z
ChIJ3_K3dQAFDTkRWT1k9pYs870,Hira Sweets,places,en,385,28.657422099999998,77.0924969,28.659610299999997,77.0916984,0,del,Delhi,2026-09-01T03:00:12.266111Z
ChIJgw-rvT4FDTkRnERXkzgkyAU,Punjabi Angithi Registered Office,places,en,385,28.657422099999998,77.0924969,28.659706500000002,77.0917253,0,del,Delhi,2026-09-01T03:00:12.266116Z
ChIJsThCvWgBDTkRlRZcmApBoSs,Chole kulchee,places,en,386,28.718578700000002,77.1309307,28.718975099999998,77.12989309999999,0,del,Delhi,2026-09-01T03:00:12.609387Z
ChIJI1zlvmgBDTkRAtWc13xabt8,Jai Maa Vaishno Punjabi Dhaba,places,en,386,28.718578700000002,77.1309307,28.719385,77.1300497,0,del,Delhi,2026-09-01T03:00:12.609420Z
ChIJU5YH-_cBDTkRO_CMg9iEHtM,Gol Gappe Place,places,en,386,28.718578700000002,77.1309307,28.7184444,77.12926209999999,0,del,Delhi,2026-09-01T03:00:12.609429Z
ChIJx2JYr6IBDTkRGc7G8g3AVis,Wafflenesss- Waffles & More,places,en,386,28.718578700000002,77.1309307,28.7201301,77.1313196,0,del,Delhi,2026-09-01T03:00:12.609444Z
ChIJI82xuIMBDTkReKeHQOwz_pQ,Flavour Of Spices,places,en,386,28.718578700000002,77.1309307,28.718514499999998,77.13331079999999,0,del,Delhi,2026-09-01T03:00:12.609450Z
ChIJaQAw1WgBDTkRUV8WVhJ_etA,Herbalife Independent Nutrition Coach | Best weight loss service | Herbalife Products For Weight Loss/ Skincare store,places,en,386,28.718578700000002,77.1309307,28.7208029,77.13000389999999,0,del,Delhi,2026-09-01T03:00:12.609457Z
ChIJh0EOUwABDTkRyw4AodZXl7Q,MOMO SOHMO (Regd.),places,en,386,28.718578700000002,77.1309307,28.7187791,77.1335976,0,del,Delhi,2026-09-01T03:00:12.609462Z
ChIJv6qeqxEBDTkR3cRkOHSvk8w,Nicky Rasoi,places,en,387,28.719256549999997,77.15748495,28.718281599999997,77.15760089999999,0,del,Delhi,2026-09-01T03:00:13.048512Z
ChIJURWJpoUBDTkR8lqjzRhqBQA,Ganesh Shauth Indian Dosha,places,en,387,28.719256549999997,77.15748495,28.717674900000002,77.1584043,0,del,Delhi,2026-09-01T03:00:13.048524Z
ChIJ6VlbmIUBDTkRowvZITGazFY,Vishal Chhole Bhathure wala,places,en,387,28.719256549999997,77.15748495,28.7174104,77.15810789999999,0,del,Delhi,2026-09-01T03:00:13.048530Z
ChIJT0-ZvYoBDTkRDKDsr0lYaMA,PIZZA ONE (SHALIMAR VILLAGE),places,en,387,28.719256549999997,77.15748495,28.7216041,77.1571215,0,del,Delhi,2026-09-01T03:00:13.048535Z
ChIJ5_UnASIDDTkRFtxYtCCwYtk,Mom's kitchen tiffin service,places,en,388,28.6589734,77.1179041,28.6578128,77.1185673,0,del,Delhi,2026-09-01T03:00:13.378502Z
ChIJbRzyOwADDTkRZqZGLzT7Hzo,House of RoyLs,places,en,388,28.6589734,77.1179041,28.659314299999995,77.1195951,0,del,Delhi,2026-09-01T03:00:13.378528Z
ChIJdZtZinYDDTkR2NUZrB5nI5Y,TIBETAN TREATS,places,en,388,28.6589734,77.1179041,28.656765999999998,77.1185125,0,del,Delhi,2026-09-01T03:00:13.378541Z
ChIJV5yYglgDDTkRHl7ednlHWDU,Shree shyam cafe,places,en,388,28.6589734,77.1179041,28.6577241,77.1203908,0,del,Delhi,2026-09-01T03:00:13.378547Z
ChIJXxf_6kcDDTkRaWYssVkSUWg,Pishoris Kitchen,places,en,388,28.6589734,77.1179041,28.656488999999997,77.1170653,0,del,Delhi,2026-09-01T03:00:13.378553Z
ChIJScIBspz9DDkRih89Rm1l428,The Chef touch Food & Events,places,en,389,28.69229425,77.2206818,28.6921517,77.2214601,0,del,Delhi,2026-09-01T03:00:13.712856Z
ChIJg8bXWZT9DDkRIo1I5yOAJEc,Swaad ka khazana,places,en,389,28.69229425,77.2206818,28.691512900000003,77.2212418,0,del,Delhi,2026-09-01T03:00:13.712884Z
ChIJY4xTCuH9DDkRX_ahYO9PVq0,Ghanshyam Momos,places,en,389,28.69229425,77.2206818,28.691468399999998,77.22141839999999,0,del,Delhi,2026-09-01T03:00:13.712892Z
ChIJcQD5JtP9DDkRBWcxPYQN6uY,Saved Fast Food,places,en,389,28.69229425,77.2206818,28.6948219,77.21997809999999,0,del,Delhi,2026-09-01T03:00:13.712898Z
ChIJD0oJQ-qrDTkRl1-Uoz8db5s,Tea And Coffee And Food Centre Tikri Delhi,places,en,390,28.83400955,77.12914294999999,28.8328765,77.1289078,0,del,Delhi,2026-09-01T03:00:14.119263Z
ChIJPWSOdnarDTkRs3j-b69Avy4,Rohit Verma Food,places,en,390,28.83400955,77.12914294999999,28.832823599999998,77.12996640000001,0,del,Delhi,2026-09-01T03:00:14.119287Z
ChIJOwAIuQyrDTkRKPb_J5krJ2g,Suraj Enterprises,places,en,390,28.83400955,77.12914294999999,28.832594300000004,77.1303933,0,del,Delhi,2026-09-01T03:00:14.119293Z
ChIJxyBYRZyrDTkRy-HvMnvBA_Q,Guddu Fast Food,places,en,390,28.83400955,77.12914294999999,28.833526,77.1270227,0,del,Delhi,2026-09-01T03:00:14.119297Z
ChIJLfMtRYwBDTkRpgMH_y8Qa4o,Mr Pizza &momos,places,en,393,28.735266350000003,77.13309335,28.735582599999997,77.1325647,0,del,Delhi,2026-09-01T03:00:15.200448Z
ChIJ_fcxAwABDTkR3uXNiL2t9iU,बल्लू kitchen,places,en,393,28.735266350000003,77.13309335,28.7356059,77.1325339,0,del,Delhi,2026-09-01T03:00:15.200481Z
ChIJk1aRU2YBDTkRp46DO186Xcg,"Domino's Pizza | Rohini Pocket 14, New Delhi",places,en,393,28.735266350000003,77.13309335,28.735010000000003,77.13239519999999,0,del,Delhi,2026-09-01T03:00:15.200492Z
ChIJP3sE_hMBDTkRSuY7KJhznEg,The Homely Kitchen,places,en,393,28.735266350000003,77.13309335,28.734393999999995,77.13262,0,del,Delhi,2026-09-01T03:00:15.200499Z
ChIJL1zYwBIBDTkR0CHPTMOBtnM,Gurdas Maan Caterers,places,en,393,28.735266350000003,77.13309335,28.734353400000003,77.13239449999999,0,del,Delhi,2026-09-01T03:00:15.200507Z
ChIJ8wsf0fgBDTkRFQClbJQxQBU,Gurdas Puriya Dhaba,places,en,393,28.735266350000003,77.13309335,28.734334399999998,77.13237,0,del,Delhi,2026-09-01T03:00:15.200514Z
ChIJI_sQhhYBDTkRF-u9VFagkvc,South Indian Corner,places,en,393,28.735266350000003,77.13309335,28.7343118,77.13234980000001,0,del,Delhi,2026-09-01T03:00:15.200521Z
ChIJ9xTWZv8DDTkRqKcL0m2OVB4,Burger Junction,places,en,393,28.735266350000003,77.13309335,28.735996,77.1319463,0,del,Delhi,2026-09-01T03:00:15.200528Z
ChIJwchZZ90BDTkR-rMZiscjMvk,Lajwab Rasoi,places,en,393,28.735266350000003,77.13309335,28.7356322,77.1315979,0,del,Delhi,2026-09-01T03:00:15.200534Z
ChIJiRK2khMBDTkRgem166S6pIE,Food 4 Mood,places,en,393,28.735266350000003,77.13309335,28.734101600000002,77.1321767,0,del,Delhi,2026-09-01T03:00:15.200541Z
ChIJfXiXkxMBDTkR7J3kCIIQvyk,Kittu Fast Food Corner,places,en,393,28.735266350000003,77.13309335,28.733917899999998,77.1322588,0,del,Delhi,2026-09-01T03:00:15.200549Z
ChIJIfW5-GgBDTkR1Yl6NQLZbnM,Electrician,places,en,393,28.735266350000003,77.13309335,28.735763199999997,77.13135280000002,0,del,Delhi,2026-09-01T03:00:15.200556Z
ChIJW8net-YBDTkRyyQSXBQ8OY0,Chow Mow Chinese Foods,places,en,393,28.735266350000003,77.13309335,28.733933599999997,77.1319792,0,del,Delhi,2026-09-01T03:00:15.200563Z
ChIJv-I7bgABDTkRi1k_EEgRkgs,Kittu barger,places,en,393,28.735266350000003,77.13309335,28.733824499999997,77.1321668,0,del,Delhi,2026-09-01T03:00:15.200569Z
ChIJf7GfkrsBDTkRUA8wNU8F4og,Kasuta Yummy,places,en,393,28.735266350000003,77.13309335,28.733808099999997,77.1321203,0,del,Delhi,2026-09-01T03:00:15.200576Z
ChIJeSGAMhUBDTkR3-v0slvNJFc,Punjabi chaap corner Rohini,places,en,393,28.735266350000003,77.13309335,28.7337548,77.1322311,0,del,Delhi,2026-09-01T03:00:15.200583Z
ChIJD28IYhABDTkRYqQj2Ewgr-s,Dabba Wala,places,en,393,28.735266350000003,77.13309335,28.736135400000002,77.1313457,0,del,Delhi,2026-09-01T03:00:15.200590Z
ChIJ9Xb9LvsBDTkR5vLT8aiJ2lg,Gujarati namkeen,places,en,393,28.735266350000003,77.13309335,28.7369494,77.13381969999999,0,del,Delhi,2026-09-01T03:00:15.200596Z
ChIJbfGgKBUBDTkRqb1JVEbcuZU,Simar Food's,places,en,393,28.735266350000003,77.13309335,28.7338809,77.1344254,0,del,Delhi,2026-09-01T03:00:15.200605Z
ChIJzRjVFwABDTkRHDROXK19D4A,Healthy Hunger Bites,places,en,393,28.735266350000003,77.13309335,28.733230400000004,77.1327884,0,del,Delhi,2026-09-01T03:00:15.200612Z
ChIJj6nzS14DDTkRsWqeNgzhIK4,Lite Brown Cafe,places,en,394,28.67142955,77.14445425,28.6696722,77.1425629,0,del,Delhi,2026-09-01T03:00:15.604893Z
ChIJ1d63KAADDTkRx0FCh7M2GX4,Pesto Cafe & kitchen,places,en,394,28.67142955,77.14445425,28.669560200000003,77.1423406,0,del,Delhi,2026-09-01T03:00:15.604919Z
ChIJQ9bFuFD7DDkRVxt5yQ7hTIc,Frapper’s,places,en,395,28.67113235,77.30342,28.671528299999995,77.3041187,0,del,Delhi,2026-09-01T03:00:15.943356Z
ChIJ8XrTc5n9DDkRlpbfq2fiS7U,YAARA DA CHASKA,places,en,395,28.67113235,77.30342,28.670643199999997,77.30272889999999,0,del,Delhi,2026-09-01T03:00:15.943380Z
ChIJ8ZWyNAD7DDkR3tbH4ndUbzc,Food Gossips,places,en,395,28.67113235,77.30342,28.6715977,77.30435609999999,0,del,Delhi,2026-09-01T03:00:15.943386Z
ChIJMVjcWML7DDkRbxXrxrx3OV0,ARJUN HALWAI & VEERPAL CATERERS,places,en,395,28.67113235,77.30342,28.669634600000002,77.30326199999999,0,del,Delhi,2026-09-01T03:00:15.943391Z
ChIJL2QsKY_7DDkRpV8yeO-VstA,Mom-Made Aunty's Kitchen,places,en,395,28.67113235,77.30342,28.6716412,77.3055609,0,del,Delhi,2026-09-01T03:00:15.943396Z
ChIJW83tTa0DDTkR2EI_8Pmwy_s,Traditional Treats,places,en,396,28.66672595,77.1075593,28.667310900000004,77.1071573,0,del,Delhi,2026-09-01T03:00:16.307795Z
ChIJXzhzPDgDDTkRIgDWH1m9_do,Bawarchi By Nature,places,en,396,28.66672595,77.1075593,28.6657319,77.10767539999999,0,del,Delhi,2026-09-01T03:00:16.307824Z
ChIJXf8mxmwDDTkR_NvPxsUVrw8,Desi Swaad,places,en,396,28.66672595,77.1075593,28.665721699999995,77.1077296,0,del,Delhi,2026-09-01T03:00:16.307835Z
ChIJb3mBLrUDDTkRTP-Ev36WhYU,Ding Dong Snacks,places,en,396,28.66672595,77.1075593,28.6657263,77.1077753,0,del,Delhi,2026-09-01T03:00:16.307843Z
ChIJsRodgW4DDTkRlDteZVOpuzk,Shree Durga Dosa Corner,places,en,396,28.66672595,77.1075593,28.665598600000003,77.1077833,0,del,Delhi,2026-09-01T03:00:16.307850Z
ChIJYbjdUV8DDTkRwVJNfxBvmNg,DAARUWALA,places,en,396,28.66672595,77.1075593,28.665226199999996,77.10839419999999,0,del,Delhi,2026-09-01T03:00:16.307857Z
ChIJu2yuyVkDDTkRAUyHjoEak6U,JD BARBECUE,places,en,396,28.66672595,77.1075593,28.664957,77.10639599999999,0,del,Delhi,2026-09-01T03:00:16.307864Z
ChIJ1y_eMgADDTkRcCnCRfHIn8Y,Ghar ki Rasoi,places,en,396,28.66672595,77.1075593,28.664475000000003,77.10822200000001,0,del,Delhi,2026-09-01T03:00:16.307871Z
ChIJS1NPVIEDDTkRlJzIO_b1gIM,Royal Dhaba,places,en,396,28.66672595,77.1075593,28.6643989,77.10838079999999,0,del,Delhi,2026-09-01T03:00:16.307878Z
ChIJGQYH2pgDDTkRE-64SG-z1kM,Baker Rani,places,en,396,28.66672595,77.1075593,28.6643612,77.1083368,0,del,Delhi,2026-09-01T03:00:16.307885Z
ChIJz_DNbh4FDTkRlM82Kr3Grqo,The MomoHub24,places,en,396,28.66672595,77.1075593,28.664252399999995,77.1078947,0,del,Delhi,2026-09-01T03:00:16.307892Z
ChIJ677CMo2rDTkR96Mnt4IMoeg,Dream bites restaurant and hotel,places,en,397,28.8109051,77.13592155,28.8116426,77.135632,0,del,Delhi,2026-09-01T03:00:16.722971Z
ChIJt4-y8KGrDTkRbCOJwDzSihg,Om Aggarwal sweets,places,en,397,28.8109051,77.13592155,28.8117974,77.1366788,0,del,Delhi,2026-09-01T03:00:16.723004Z
ChIJAxWI59arDTkRGjkSBDgYIpI,KING DELICIOUS PIZZA & BURGER,places,en,397,28.8109051,77.13592155,28.811658699999995,77.1369054,0,del,Delhi,2026-09-01T03:00:16.723020Z
ChIJiep69W-qDTkRAAAAMGkytE0,Ajay Sweet Corner,places,en,397,28.8109051,77.13592155,28.811717400000003,77.13698389999999,0,del,Delhi,2026-09-01T03:00:16.723028Z
ChIJ9dOKF1-rDTkRqY49cCAqyIU,Royal king Restaurant,places,en,397,28.8109051,77.13592155,28.811752499999997,77.13717009999999,0,del,Delhi,2026-09-01T03:00:16.723036Z
ChIJJfr9lVKrDTkRLSaMqyR_PZQ,Veg grill family restaurant,places,en,397,28.8109051,77.13592155,28.811677399999997,77.1373048,0,del,Delhi,2026-09-01T03:00:16.723043Z
ChIJZZ_RFwCrDTkRp0RaK7GiY2c,Bkoli,places,en,397,28.8109051,77.13592155,28.8102891,77.1375102,0,del,Delhi,2026-09-01T03:00:16.723050Z
ChIJk2HT2GKrDTkRQFjexPOdBJU,Dream Bites Hotels Restaurants & Dream Makeover Unisex Salon,places,en,397,28.8109051,77.13592155,28.8093296,77.13794949999999,0,del,Delhi,2026-09-01T03:00:16.723057Z
ChIJdRvHAgABDTkRh2DyOxP-dRc,Usman chiken Darbar,places,en,398,28.74053555,77.15206705,28.7404073,77.1516616,0,del,Delhi,2026-09-01T03:00:17.066711Z
ChIJHwwIAacBDTkR9k3hH59q2gk,Md Farman Chicken Biryani,places,en,398,28.74053555,77.15206705,28.7400389,77.1512084,0,del,Delhi,2026-09-01T03:00:17.066740Z
ChIJBfA7s6cBDTkRg5hZn6GE3GI,श्री भोजवालय,places,en,398,28.74053555,77.15206705,28.741221,77.1513085,0,del,Delhi,2026-09-01T03:00:17.066750Z
ChIJT9-AFQABDTkRkqtAfnQxBIM,Aahar dilli,places,en,398,28.74053555,77.15206705,28.739185000000003,77.1515467,0,del,Delhi,2026-09-01T03:00:17.066757Z
ChIJN1ids6cBDTkRLa1edG_n12A,Sardar Ji Pishori Meat & Chicken Wale,places,en,398,28.74053555,77.15206705,28.7415354,77.1508408,0,del,Delhi,2026-09-01T03:00:17.066764Z
ChIJe-_pyacBDTkRdD8BQy0gsz0,Criss cross,places,en,398,28.74053555,77.15206705,28.7416765,77.150862,0,del,Delhi,2026-09-01T03:00:17.066771Z
ChIJYxwFBykBDTkR6UpdrLlfQ30,The Chawla Chic-inn,places,en,398,28.74053555,77.15206705,28.7420738,77.1504878,0,del,Delhi,2026-09-01T03:00:17.066778Z
ChIJx6L_v6cBDTkR2UtPQerC8hM,DarkDine,places,en,398,28.74053555,77.15206705,28.741571000000004,77.149963,0,del,Delhi,2026-09-01T03:00:17.066785Z
ChIJtTtd7LgBDTkRXRzDMXd82HE,Md Istekha Shop,places,en,398,28.74053555,77.15206705,28.7415036,77.1499202,0,del,Delhi,2026-09-01T03:00:17.066792Z
ChIJY4y1pmMBDTkRUuRjA4x-2fA,Pandey Dhaba,places,en,398,28.74053555,77.15206705,28.7393384,77.1500607,0,del,Delhi,2026-09-01T03:00:17.066799Z
ChIJHfwFSgABDTkRBtvo-kkq5wI,Shree Ram Aahar,places,en,398,28.74053555,77.15206705,28.742190199999996,77.1503611,0,del,Delhi,2026-09-01T03:00:17.066806Z
ChIJv2A42pYBDTkR78lW7ZMeWeY,Manisha Fast Food,places,en,398,28.74053555,77.15206705,28.7384712,77.1533708,0,del,Delhi,2026-09-01T03:00:17.066813Z
ChIJt5e-PKcBDTkRx-nsbqDPCio,Apna Dhaba,places,en,398,28.74053555,77.15206705,28.7384673,77.1506163,0,del,Delhi,2026-09-01T03:00:17.066820Z
ChIJUYOiIQABDTkRYwh1fwNXTWE,Ravi,places,en,398,28.74053555,77.15206705,28.7387115,77.1499544,0,del,Delhi,2026-09-01T03:00:17.066827Z
ChIJS_LyBAv_DDkRad60qdxqTCE,Dinesh bikaneri namkeen,places,en,399,28.725053850000002,77.2593522,28.7245076,77.2605063,0,del,Delhi,2026-09-01T03:00:17.408579Z
ChIJrbrmqyT_DDkRafYsKG-Uu88,Rajender Chole Kulche,places,en,399,28.725053850000002,77.2593522,28.724112200000004,77.26088779999999,0,del,Delhi,2026-09-01T03:00:17.408605Z
ChIJsVTmX-W2_wQRfcPMdY1gODs,Himanshu fast food,places,en,399,28.725053850000002,77.2593522,28.724501,77.2611316,0,del,Delhi,2026-09-01T03:00:17.408613Z
ChIJVbM1MZ_-DDkRYBzlPjb0JkA,Tinku Egg,places,en,399,28.725053850000002,77.2593522,28.7245937,77.2616926,0,del,Delhi,2026-09-01T03:00:17.408619Z
ChIJ32eQ2Ar_DDkRz5-xL-uSRNU,Chote Lal Chole Kulche,places,en,399,28.725053850000002,77.2593522,28.7230779,77.260914,0,del,Delhi,2026-09-01T03:00:17.408625Z
ChIJGTGRRNv_DDkRjKo-TGvfHJQ,Pradhan's the family restaurant,places,en,399,28.725053850000002,77.2593522,28.722866699999994,77.2606504,0,del,Delhi,2026-09-01T03:00:17.408630Z
