place_id,name,source,lang,cell_idx,query_center_lat,query_center_lon,lat,lon,page,region_id,region_name,collected_at
ChIJNcKP0jc_rjsRCDbJGDgTAfQ,Sri Sairam Hotchips,places,en,0,12.929426150000001,77.5122251,12.9295517,77.51108479999999,0,blr2,Bengaluru,2026-08-31T09:14:46.274937Z
ChIJQYzQIwA_rjsRrUXH81sipAo,Sudhini premium chicken,places,en,0,12.929426150000001,77.5122251,12.928346,77.510902,0,blr2,Bengaluru,2026-08-31T09:14:46.274960Z
ChIJTwb-7Pk-rjsRO6oaHFRu8-8,Shree Choudeshwari Tindi Mane,places,en,0,12.929426150000001,77.5122251,12.928041799999999,77.5112436,0,blr2,Bengaluru,2026-08-31T09:14:46.274968Z
ChIJ116RdAA_rjsRvj2RmqTSlew,rajarajeshwari tasty corner,places,en,0,12.929426150000001,77.5122251,12.9278653,77.5115825,0,blr2,Bengaluru,2026-08-31T09:14:46.274973Z
ChIJN8wY7fk-rjsRKFE-tAQTZ30,Annapoorna Mess,places,en,0,12.929426150000001,77.5122251,12.9281524,77.5108461,0,blr2,Bengaluru,2026-08-31T09:14:46.274977Z
ChIJydUOQck_rjsR1qDTIEIbGAo,Namma Paushtik,places,en,0,12.929426150000001,77.5122251,12.928980399999999,77.51415349999999,0,blr2,Bengaluru,2026-08-31T09:14:46.274980Z
ChIJK6NcuHg_rjsRgarIY4kNwsE,The Spice Town,places,en,0,12.929426150000001,77.5122251,12.9290152,77.51422199999999,0,blr2,Bengaluru,2026-08-31T09:14:46.274983Z
ChIJ7UOyagA_rjsR5YD8zxX1Jxg,A1 kabab and eggrice centre,places,en,0,12.929426150000001,77.5122251,12.928047099999999,77.5105895,0,blr2,Bengaluru,2026-08-31T09:14:46.274986Z
ChIJ87GZRS8_rjsRaeaDNU3PYMQ,Udupi Vaibhava,places,en,0,12.929426150000001,77.5122251,12.9273984,77.5111913,0,blr2,Bengaluru,2026-08-31T09:14:46.274989Z
ChIJKWT9YFs_rjsRP7DRU1tjFP4,NAYAK GOPAL HOTEL AND RESTAURANT,places,en,0,12.929426150000001,77.5122251,12.927359899999999,77.51111879999999,0,blr2,Bengaluru,2026-08-31T09:14:46.274992Z
ChIJ7721Xgc_rjsRAt64Ytknfuk,"Five Star Chicken RR Nagar, Kenchenahalli",places,en,0,12.929426150000001,77.5122251,12.929184,77.5097673,0,blr2,Bengaluru,2026-08-31T09:14:46.274995Z
ChIJ2R3zwxs-rjsRxHtI3qr4IN4,HEMITHA & DIKSHITHA KABAB CENTER,places,en,1,12.94915365,77.5551995,12.949288200000002,77.55445189999999,0,blr2,Bengaluru,2026-08-31T09:14:46.645526Z
ChIJKXdVAJU_rjsRdaMUGeI3rBM,Sri Srinivasa Tiffin Centre,places,en,1,12.94915365,77.5551995,12.9483517,77.5546923,0,blr2,Bengaluru,2026-08-31T09:14:46.645544Z
ChIJV7DaPwA_rjsRVjsOU18kQBg,Srinivasa Gobi Corner,places,en,1,12.94915365,77.5551995,12.948298999999999,77.5546615,0,blr2,Bengaluru,2026-08-31T09:14:46.645550Z
ChIJs8-ay5M_rjsR5MReq0Vj2SU,Hotel Sri Ranganna Non Veg,places,en,1,12.94915365,77.5551995,12.9502872,77.5554454,0,blr2,Bengaluru,2026-08-31T09:14:46.645553Z
ChIJL7lnjMo_rjsRTnE_aAagHhI,SRI VEERESHWARA SWAMY PRASANNA,places,en,1,12.94915365,77.5551995,12.9502565,77.5557236,0,blr2,Bengaluru,2026-08-31T09:14:46.645557Z
ChIJxQ_aYHs_rjsR0codjT1qgy0,Bhatru Thatte Idli Chamrajpete,places,en,1,12.94915365,77.5551995,12.9504136,77.55626939999999,0,blr2,Bengaluru,2026-08-31T09:14:46.645561Z
ChIJh4diA1E_rjsRfhY2GEgMf0E,Nikhil Gobi Corner,places,en,1,12.94915365,77.5551995,12.948573900000001,77.5570266,0,blr2,Bengaluru,2026-08-31T09:14:46.645564Z
ChIJSTmKHBw-rjsRPnFwuIhpo-Y,SUGUNA CHICKEN,places,en,1,12.94915365,77.5551995,12.948720199999999,77.55709860000002,0,blr2,Bengaluru,2026-08-31T09:14:46.645568Z
ChIJxXXqshs-rjsRnfbxIyIGNmM,Kumar Swamy Hot Chips,places,en,1,12.94915365,77.5551995,12.950259899999999,77.55346709999999,0,blr2,Bengaluru,2026-08-31T09:14:46.645571Z
ChIJl9WGQ8s_rjsRnyTF1lorsBo,Sushanth Hotel,places,en,1,12.94915365,77.5551995,12.9484607,77.5574544,0,blr2,Bengaluru,2026-08-31T09:14:46.645574Z
ChIJu91MNhk-rjsRsEvDeRZIpZQ,Punjabi Paradise,places,en,1,12.94915365,77.5551995,12.9468376,77.5556778,0,blr2,Bengaluru,2026-08-31T09:14:46.645577Z
ChIJ2T_dnck_rjsRJzr6lroL6dM,RAVINDRA A S MANDYA CHICKEN CENTER,places,en,1,12.94915365,77.5551995,12.9467845,77.5554587,0,blr2,Bengaluru,2026-08-31T09:14:46.645581Z
ChIJdcXD4ac_rjsRiS-d1wSirKA,HALLIMANE THAVA FISH FRY,places,en,1,12.94915365,77.5551995,12.9515311,77.5557518,0,blr2,Bengaluru,2026-08-31T09:14:46.645584Z
ChIJI5T4MwA_rjsRAnWm1eE4bIA,SANWARIYA FUSION,places,en,1,12.94915365,77.5551995,12.9483415,77.5527867,0,blr2,Bengaluru,2026-08-31T09:14:46.645587Z
ChIJv8A-mlo_rjsRw7PeBY8zQCE,Mahesh kabab center,places,en,1,12.94915365,77.5551995,12.948470299999999,77.5527056,0,blr2,Bengaluru,2026-08-31T09:14:46.645590Z
ChIJ1XJTehs-rjsRGv4ifomUzgs,R.S MANGALURU FISH STALL,places,en,1,12.94915365,77.5551995,12.9516954,77.5556636,0,blr2,Bengaluru,2026-08-31T09:14:46.645594Z
ChIJyYC7SXQ_rjsRDPCv-X6-UeQ,KRISHNA ICE CREAM,places,en,1,12.94915365,77.5551995,12.951685999999999,77.555792,0,blr2,Bengaluru,2026-08-31T09:14:46.645596Z
ChIJUeilxswVrjsRTJMA19ydYDs,GnC Cafe koramangala,places,en,2,12.9293345,77.63020745,12.929525199999999,77.6307716,0,blr2,Bengaluru,2026-08-31T09:14:47.099014Z
ChIJ3bVbLQAVrjsR82svwyi3jrE,Koramangala Dosa Cafe,places,en,2,12.9293345,77.63020745,12.929581299999999,77.63192459999999,0,blr2,Bengaluru,2026-08-31T09:14:47.099034Z
ChIJR-j9vGAUrjsRAAAA0B0h8UE,Suresh G U,places,en,2,12.9293345,77.63020745,12.928172199999999,77.6316482,0,blr2,Bengaluru,2026-08-31T09:14:47.099040Z
ChIJG2CGgF4UrjsR4h-8KWFXu6Q,By The Blue,places,en,2,12.9293345,77.63020745,12.929276,77.6280575,0,blr2,Bengaluru,2026-08-31T09:14:47.099044Z
ChIJG2CGgF4UrjsRT6b3TYj2Epg,12Th Main,places,en,2,12.9293345,77.63020745,12.929041999999999,77.627804,0,blr2,Bengaluru,2026-08-31T09:14:47.099047Z
ChIJyc5DNJsVrjsRivQgkXqMkeM,The Verandah Koramangala,places,en,2,12.9293345,77.63020745,12.9289214,77.6274543,0,blr2,Bengaluru,2026-08-31T09:14:47.099051Z
ChIJQVZPiQwVrjsRghHUsJd6ARY,Arogya Ahaara Nammura JP Nagar,places,en,3,12.911701,77.5827184,12.9107756,77.58211899999999,0,blr2,Bengaluru,2026-08-31T09:14:47.503017Z
ChIJoaYwoYEVrjsRF03QGKacsy0,Mastii Junction,places,en,3,12.911701,77.5827184,12.9110157,77.581256,0,blr2,Bengaluru,2026-08-31T09:14:47.503048Z
ChIJo-yae3IVrjsRh_7YX-z4uAY,Sri Upahar,places,en,3,12.911701,77.5827184,12.910483099999999,77.5816727,0,blr2,Bengaluru,2026-08-31T09:14:47.503054Z
ChIJO-FTtyYVrjsR4MwcYsozEfs,NANDINI MILK STORE,places,en,3,12.911701,77.5827184,12.910779999999999,77.581391,0,blr2,Bengaluru,2026-08-31T09:14:47.503058Z
ChIJu_WccHIVrjsRJiDyJ1JTHlQ,Aloo Ka Funda,places,en,3,12.911701,77.5827184,12.9105357,77.58126899999999,0,blr2,Bengaluru,2026-08-31T09:14:47.503065Z
ChIJ8X2ye44VrjsRFgYHepf3ajs,Paakashala @ J P Nagar | Veg Restaurants in JP Nagar,places,en,3,12.911701,77.5827184,12.910748199999999,77.5846002,0,blr2,Bengaluru,2026-08-31T09:14:47.503069Z
ChIJ67HBuDMVrjsRew2S7BfsRNw,Shree Manjunatha Swamy Bhel Stall,places,en,3,12.911701,77.5827184,12.9123854,77.58509389999999,0,blr2,Bengaluru,2026-08-31T09:14:47.503073Z
ChIJsZMuPQAVrjsRMzFspRmR9eU,ಪಾಕಶಾಲೆ,places,en,3,12.911701,77.5827184,12.9105233,77.5850367,0,blr2,Bengaluru,2026-08-31T09:14:47.503078Z
ChIJOxAFYVwXrjsRtUz4IKZHF5k,Ambika's Kitchen,places,en,4,13.0510795,77.6366867,13.051330799999999,77.6352138,0,blr2,Bengaluru,2026-08-31T09:14:47.877002Z
ChIJ73xV0BsRrjsRRt6OmfvjUMw,Pandit Chats Sweets Paratha Ghar. ( No ONION No Garlic ),places,en,5,13.007473950000001,77.6812827,13.0081407,77.6831192,0,blr2,Bengaluru,2026-08-31T09:14:48.249304Z
ChIJPZ3Aq9cRrjsROUvgw9ztZyc,BJ tatte idly corner,places,en,5,13.007473950000001,77.6812827,13.007985699999999,77.683219,0,blr2,Bengaluru,2026-08-31T09:14:48.249332Z
ChIJo-VrNhoRrjsRmQGKAfLSbYY,Brindavan Udupi Garden,places,en,5,13.007473950000001,77.6812827,13.0077009,77.6837019,0,blr2,Bengaluru,2026-08-31T09:14:48.249338Z
ChIJNc4SXCARrjsRvo9sgQgBEV8,Sri Durga Tiffins,places,en,6,13.00999845,77.70158505,13.010364599999999,77.7013818,0,blr2,Bengaluru,2026-08-31T09:14:48.693849Z
ChIJkR6PJmkRrjsR00rqAUZpfCU,Sri Krishna Chinese & Chats,places,en,6,13.00999845,77.70158505,13.010483400000002,77.7013401,0,blr2,Bengaluru,2026-08-31T09:14:48.693881Z
ChIJbbedYAARrjsREvPyL8kmLV0,SKS Bangarpet Chats,places,en,6,13.00999845,77.70158505,13.0104749,77.7012429,0,blr2,Bengaluru,2026-08-31T09:14:48.693887Z
ChIJL8teb8cRrjsRoLhKVCYw_Ns,MR.CFC (Hyderabadi Dum Biryani and Fried Chicken),places,en,6,13.00999845,77.70158505,13.0103876,77.7009645,0,blr2,Bengaluru,2026-08-31T09:14:48.693892Z
ChIJf3WTWgARrjsRNJGmLlqWvIE,Davangere Benne Dose,places,en,6,13.00999845,77.70158505,13.010214099999999,77.700751,0,blr2,Bengaluru,2026-08-31T09:14:48.693896Z
ChIJU2aMrfgRrjsR84GxKcxFPVo,Tea Bites,places,en,6,13.00999845,77.70158505,13.0104283,77.70259039999999,0,blr2,Bengaluru,2026-08-31T09:14:48.693901Z
ChIJ3dJfC6kRrjsRu2bVxPE0qUc,SRI HANUMAN TIFFINS,places,en,6,13.00999845,77.70158505,13.0104432,77.7026467,0,blr2,Bengaluru,2026-08-31T09:14:48.693905Z
ChIJX1ekn0gRrjsRh3cNcIWnwDk,Aduge Tiffaanies,places,en,6,13.00999845,77.70158505,13.009897299999999,77.7028053,0,blr2,Bengaluru,2026-08-31T09:14:48.693911Z
ChIJWyFEPqkRrjsRVinnlaRvRoo,Dada's Kitchen,places,en,6,13.00999845,77.70158505,13.010432699999999,77.7034525,0,blr2,Bengaluru,2026-08-31T09:14:48.693915Z
ChIJsYs2OFIRrjsROC3pr2l0PEk,Vasavi tiffins,places,en,6,13.00999845,77.70158505,13.010319899999999,77.703496,0,blr2,Bengaluru,2026-08-31T09:14:48.693919Z
ChIJJ3t1vK4RrjsRe2cTxySXn9Q,Falafel Fresh,places,en,6,13.00999845,77.70158505,13.0102677,77.7036086,0,blr2,Bengaluru,2026-08-31T09:14:48.693923Z
ChIJnX7sOAARrjsRriyJOEP8-ug,Family Oota,places,en,6,13.00999845,77.70158505,13.0104097,77.70371399999999,0,blr2,Bengaluru,2026-08-31T09:14:48.693928Z
ChIJcRHHPwARrjsRj1LgV7JBN7M,Maha Ganapati Brahamanara Upahar,places,en,6,13.00999845,77.70158505,13.009508499999999,77.6994431,0,blr2,Bengaluru,2026-08-31T09:14:48.693932Z
ChIJcR4CCgARrjsR0xp8DnQcYzY,Basaveswara Khanavali,places,en,6,13.00999845,77.70158505,13.0090796,77.6994448,0,blr2,Bengaluru,2026-08-31T09:14:48.693935Z
ChIJcRy-6b4RrjsRpsZL_0haKEw,Five Star Chicken & Koli Hut,places,en,6,13.00999845,77.70158505,13.0103695,77.70413789999999,0,blr2,Bengaluru,2026-08-31T09:14:48.693939Z
ChIJu8OOUwARrjsRitql4pTpmPE,New Brundavana Veg,places,en,6,13.00999845,77.70158505,13.0104902,77.7041373,0,blr2,Bengaluru,2026-08-31T09:14:48.693942Z
ChIJQZYUzpoRrjsRQ_PWdNoHQmk,Karunadu Bangarpet Chats,places,en,6,13.00999845,77.70158505,13.0104039,77.7042026,0,blr2,Bengaluru,2026-08-31T09:14:48.693946Z
ChIJD_MKOakRrjsRrg32MH2uxJI,Sri Dansika Tiffin Center,places,en,6,13.00999845,77.70158505,13.0103504,77.7042436,0,blr2,Bengaluru,2026-08-31T09:14:48.693950Z
ChIJr875S0NtrjsRWMb7BiPtkaw,Mayo&co,places,en,7,12.8313275,77.66197,12.831310499999999,77.6618676,0,blr2,Bengaluru,2026-08-31T09:14:49.099716Z
ChIJvcT5WsttrjsRVLbKVRHAOtg,Shack 101,places,en,7,12.8313275,77.66197,12.831924,77.6614199,0,blr2,Bengaluru,2026-08-31T09:14:49.099757Z
ChIJzdJmuvVtrjsRgU9HkhyEqrY,Desi Zom Zom Kitchen Restaurant,places,en,7,12.8313275,77.66197,12.830777,77.6613898,0,blr2,Bengaluru,2026-08-31T09:14:49.099767Z
ChIJE-e5UwBtrjsRuA3qpeemyVo,Varhaadi Kitchen,places,en,7,12.8313275,77.66197,12.830392499999999,77.66216229999999,0,blr2,Bengaluru,2026-08-31T09:14:49.099772Z
ChIJgSOnBNltrjsRGDiwFqOBP04,1st rain | Food Concepts,places,en,7,12.8313275,77.66197,12.8320593,77.6611587,0,blr2,Bengaluru,2026-08-31T09:14:49.099776Z
ChIJbdnhDABtrjsRnpe5sPM0ugk,The Tasty Kitchen,places,en,7,12.8313275,77.66197,12.832058499999999,77.66097250000001,0,blr2,Bengaluru,2026-08-31T09:14:49.099780Z
ChIJ5Q6269xtrjsREevjhhwawW4,Noor Dum Biriyani K Naveed Ahmed,places,en,7,12.8313275,77.66197,12.832151699999999,77.66075150000002,0,blr2,Bengaluru,2026-08-31T09:14:49.099784Z
ChIJ88sosjxtrjsRuEgUz8sNfBo,Savi Foods,places,en,7,12.8313275,77.66197,12.8320546,77.6606523,0,blr2,Bengaluru,2026-08-31T09:14:49.099788Z
ChIJzZV2CUJtrjsRVV7A5svQNjc,GRILL GOZO,places,en,7,12.8313275,77.66197,12.832075999999999,77.6605269,0,blr2,Bengaluru,2026-08-31T09:14:49.099791Z
ChIJl8jcbOltrjsR0UU_8B5IqvE,Seth Ventures,places,en,7,12.8313275,77.66197,12.8327149,77.6628777,0,blr2,Bengaluru,2026-08-31T09:14:49.099796Z
ChIJ04_WZLltrjsRAly4CGbRGrg,El Chaapo - Veg Grills,places,en,7,12.8313275,77.66197,12.831707999999999,77.66370529999999,0,blr2,Bengaluru,2026-08-31T09:14:49.099799Z
ChIJU6_xRn5srjsRafFTWztQCfk,Shama Chicken Centre,places,en,7,12.8313275,77.66197,12.8303546,77.66377779999999,0,blr2,Bengaluru,2026-08-31T09:14:49.099803Z
ChIJw-vfCj9trjsRf7mU_Q74R-Y,Bismillah Chicken Center,places,en,7,12.8313275,77.66197,12.830371,77.66381059999999,0,blr2,Bengaluru,2026-08-31T09:14:49.099809Z
ChIJ0SfKXgBtrjsRqu4yfYGsSrc,Egg rice centre near prestige apartment,places,en,7,12.8313275,77.66197,12.8307716,77.66425,0,blr2,Bengaluru,2026-08-31T09:14:49.099814Z
ChIJIxXxJgBtrjsRgKWRSz6stYk,The fish co.,places,en,7,12.8313275,77.66197,12.8323182,77.6597974,0,blr2,Bengaluru,2026-08-31T09:14:49.099817Z
ChIJP-cungZtrjsRcGRm_XG2ets,Fins And Slice Restaurant,places,en,7,12.8313275,77.66197,12.832059,77.6642806,0,blr2,Bengaluru,2026-08-31T09:14:49.099821Z
ChIJA6drLQBtrjsRM_hZzovhpHM,M H TAJ HOTEL,places,en,7,12.8313275,77.66197,12.8303429,77.6642481,0,blr2,Bengaluru,2026-08-31T09:14:49.099824Z
ChIJ2RP761ttrjsRvtBYjPbqC5A,Sri Maruti Coconutshop,places,en,7,12.8313275,77.66197,12.8301176,77.6641442,0,blr2,Bengaluru,2026-08-31T09:14:49.099828Z
ChIJy44jetFtrjsR3Y9TpGCVscM,Sri Chamundeshwari Coconut Shop,places,en,7,12.8313275,77.66197,12.8300995,77.6641411,0,blr2,Bengaluru,2026-08-31T09:14:49.099832Z
ChIJO-nCVCgUrjsRxR_9uCfNwXQ,Beerworks Restaurants and Microbrewery Pvt. Ltd.,places,en,8,12.96511355,77.61580395,12.965614799999999,77.6164518,0,blr2,Bengaluru,2026-08-31T09:14:49.435946Z
ChIJJaLcYSQVrjsRslk_N3HDT4w,"Domino's Pizza | Austin Town, Bangalore",places,en,8,12.96511355,77.61580395,12.9643299,77.6146472,0,blr2,Bengaluru,2026-08-31T09:14:49.435972Z
ChIJ8Up6DBUXrjsRuomhNKXswLQ,Simplifry | Vegan Cloud Kitchen,places,en,8,12.96511355,77.61580395,12.964739,77.6143665,0,blr2,Bengaluru,2026-08-31T09:14:49.435978Z
ChIJr69oQSkUrjsRUQBAGSjBnRY,Chaithanya Delicacy,places,en,8,12.96511355,77.61580395,12.963771699999999,77.61453039999999,0,blr2,Bengaluru,2026-08-31T09:14:49.435983Z
ChIJ85rE6WEVrjsRSg4Plm3sjeU,Daily Dine Restaurant,places,en,8,12.96511355,77.61580395,12.964459999999999,77.6140129,0,blr2,Bengaluru,2026-08-31T09:14:49.435987Z
ChIJQ-yt8FEVrjsR2ltg2-6upHM,Yes Chef,places,en,8,12.96511355,77.61580395,12.9633176,77.61484349999999,0,blr2,Bengaluru,2026-08-31T09:14:49.435991Z
ChIJjy1JV-UVrjsRMlKN1w8DQrE,Just Jain,places,en,8,12.96511355,77.61580395,12.9645306,77.61378909999999,0,blr2,Bengaluru,2026-08-31T09:14:49.435994Z
ChIJleJ72zsVrjsRPlXuy8o4AsE,Nani's Kitchen,places,en,8,12.96511355,77.61580395,12.9658334,77.6138129,0,blr2,Bengaluru,2026-08-31T09:14:49.435998Z
ChIJw-2faSoUrjsRxFCmvLHcRIs,Hyderabad Biryaani House,places,en,8,12.96511355,77.61580395,12.9665381,77.61419389999999,0,blr2,Bengaluru,2026-08-31T09:14:49.436002Z
ChIJvYOxvysUrjsR_W6VHpn6OVE,Little Chef,places,en,8,12.96511355,77.61580395,12.964379099999999,77.6135628,0,blr2,Bengaluru,2026-08-31T09:14:49.436005Z
ChIJlVn49f4VrjsRFGLccxuebto,Five Star Chicken (Austin Town),places,en,8,12.96511355,77.61580395,12.962916,77.6148492,0,blr2,Bengaluru,2026-08-31T09:14:49.436012Z
ChIJjdWPNMYVrjsRcJYEy030W7w,GT Hotel,places,en,8,12.96511355,77.61580395,12.9643605,77.61347789999999,0,blr2,Bengaluru,2026-08-31T09:14:49.436015Z
ChIJx3r0gY4XrjsRdsvZtp4J6rg,Swathi Grand Hospitaliy Services,places,en,9,12.9911312,77.5928689,12.990761899999999,77.5933074,0,blr2,Bengaluru,2026-08-31T09:14:49.774398Z
ChIJlerkD6IXrjsRM7FHPcfAP-k,Swathi Veg Grand,places,en,9,12.9911312,77.5928689,12.990746,77.5933357,0,blr2,Bengaluru,2026-08-31T09:14:49.774424Z
ChIJnfb18UcXrjsRs_MmZB4tJdI,CHINESE HOT,places,en,9,12.9911312,77.5928689,12.9907352,77.5933417,0,blr2,Bengaluru,2026-08-31T09:14:49.774430Z
ChIJI4dZTFwXrjsRzo5KwihyvMU,Sri Vinayaka meess,places,en,9,12.9911312,77.5928689,12.9907372,77.5933505,0,blr2,Bengaluru,2026-08-31T09:14:49.774434Z
ChIJYZJoth0XrjsRbhCXMbcpfwc,Deepa Homely Food,places,en,9,12.9911312,77.5928689,12.9907361,77.59335229999999,0,blr2,Bengaluru,2026-08-31T09:14:49.774438Z
ChIJN8JTqW4XrjsR9Ii12yGdYcc,Calcutta Dine Hotel,places,en,9,12.9911312,77.5928689,12.9909387,77.5934943,0,blr2,Bengaluru,2026-08-31T09:14:49.774442Z
ChIJZbpkikIWrjsR-fyv8qEhy_M,FRANK'S KITCHEN,places,en,9,12.9911312,77.5928689,12.990955900000001,77.5935099,0,blr2,Bengaluru,2026-08-31T09:14:49.774446Z
ChIJr9Ft08EXrjsRRUx5bVespMM,Shyam Sunder Prasad,places,en,9,12.9911312,77.5928689,12.9908931,77.5934905,0,blr2,Bengaluru,2026-08-31T09:14:49.774450Z
ChIJfeqBGQAXrjsRsotz9nxxuuA,Best Hotel Bangalore,places,en,9,12.9911312,77.5928689,12.9907148,77.59338199999999,0,blr2,Bengaluru,2026-08-31T09:14:49.774454Z
ChIJNcDMT8wXrjsR43etXd172bM,VIMAL KUMAR,places,en,9,12.9911312,77.5928689,12.9911432,77.59367569999999,0,blr2,Bengaluru,2026-08-31T09:14:49.774457Z
ChIJO7QX9EIWrjsRzw8hFjb_0B0,The Fine Restaurant,places,en,9,12.9911312,77.5928689,12.9914472,77.5937134,0,blr2,Bengaluru,2026-08-31T09:14:49.774461Z
ChIJkagEdVkXrjsRnp3736JEfco,Behrouz Biryani,places,en,9,12.9911312,77.5928689,12.9920963,77.5926108,0,blr2,Bengaluru,2026-08-31T09:14:49.774464Z
ChIJH9IFvxIXrjsRHvGx9irf0Gw,J J FOODS AND BEVERAGES LLP,places,en,9,12.9911312,77.5928689,12.9912066,77.59164369999999,0,blr2,Bengaluru,2026-08-31T09:14:49.774468Z
ChIJEd6_QEgXrjsR0axX1wUFe0o,The Coffee Concept Bengaluru,places,en,9,12.9911312,77.5928689,12.9911064,77.5916297,0,blr2,Bengaluru,2026-08-31T09:14:49.774471Z
ChIJy7t50KgXrjsRYfQuTdZtZyY,Surbhi Infinity Ventures,places,en,9,12.9911312,77.5928689,12.9914513,77.5940763,0,blr2,Bengaluru,2026-08-31T09:14:49.774477Z
ChIJ4_jJ9aIXrjsRuN9e-XxY9pQ,ViaZeme,places,en,9,12.9911312,77.5928689,12.9910754,77.5941526,0,blr2,Bengaluru,2026-08-31T09:14:49.774480Z
ChIJBwOSVC8XrjsRrkepEw6SLRA,DONNE BIRIYANI HATTI,places,en,9,12.9911312,77.5928689,12.9923047,77.59346599999999,0,blr2,Bengaluru,2026-08-31T09:14:49.774484Z
ChIJk3LKN0IWrjsRlhQ0E7SzBoA,Rotti Mane,places,en,9,12.9911312,77.5928689,12.991923499999999,77.59175309999999,0,blr2,Bengaluru,2026-08-31T09:14:49.774487Z
ChIJ2RkE-0IWrjsR_5mPOhW7SJI,Kerala Mess,places,en,9,12.9911312,77.5928689,12.9921329,77.5938335,0,blr2,Bengaluru,2026-08-31T09:14:49.774491Z
ChIJE0ZghdoXrjsRxkEWYFwSHEg,Granola - Best granola bar in Vasanth Nagar,places,en,9,12.9911312,77.5928689,12.9920943,77.5918365,0,blr2,Bengaluru,2026-08-31T09:14:49.774495Z
ChIJB2BCtZoVrjsR5Ic03p3oeOg,Meloghrano,places,en,10,12.92746775,77.56717090000001,12.928850500000001,77.5670188,0,blr2,Bengaluru,2026-08-31T09:14:50.210325Z
ChIJu01OYYYVrjsR29hI_Cx2sp0,Naidu Biriyani Center,places,en,10,12.92746775,77.56717090000001,12.929282599999999,77.56687130000002,0,blr2,Bengaluru,2026-08-31T09:14:50.210363Z
ChIJnYa2rsYVrjsRKsgKnbZCjD8,Brahmana prasadam,places,en,10,12.92746775,77.56717090000001,12.927404,77.5650434,0,blr2,Bengaluru,2026-08-31T09:14:50.210371Z
ChIJqYqOaYYVrjsRXuw0GWto0Rs,Ambur dum chicken biryani,places,en,10,12.92746775,77.56717090000001,12.9295224,77.5666641,0,blr2,Bengaluru,2026-08-31T09:14:50.210376Z
ChIJE8IKUQAVrjsRrLf94uJ2b-s,Gadag Girmit Bajji,places,en,10,12.92746775,77.56717090000001,12.9297074,77.5666959,0,blr2,Bengaluru,2026-08-31T09:14:50.210382Z
ChIJ5TEeuEYVrjsRlyGVUSI-jL4,STAR AMBUR HOT DUM BIRIYANI,places,en,10,12.92746775,77.56717090000001,12.929852499999999,77.5673678,0,blr2,Bengaluru,2026-08-31T09:14:50.210388Z
ChIJMxSNHWQVrjsRK96Rf6pQuqk,Davanagere Hot Masala Mandakki Mirchi,places,en,10,12.92746775,77.56717090000001,12.9265066,77.5694482,0,blr2,Bengaluru,2026-08-31T09:14:50.210392Z
ChIJ1yi5PgAVrjsRu1af_J1qltI,Madhu Panipuri and Gobi Centre,places,en,10,12.92746775,77.56717090000001,12.9289025,77.56515999999999,0,blr2,Bengaluru,2026-08-31T09:14:50.210397Z
ChIJdRWVon0VrjsRgx6QsrBNXV4,Float in chat,places,en,10,12.92746775,77.56717090000001,12.927030400000001,77.56466929999999,0,blr2,Bengaluru,2026-08-31T09:14:50.210401Z
ChIJV_lXboYVrjsRz0oYiE_fDpk,Shree Ganesha Upahar,places,en,10,12.92746775,77.56717090000001,12.926617,77.5695542,0,blr2,Bengaluru,2026-08-31T09:14:50.210405Z
ChIJo9R_KIcVrjsRZu7hutLwuII,Polar Bear Ice Cream Sundaes - Banashankari 2nd stage,places,en,10,12.92746775,77.56717090000001,12.9268763,77.5646788,0,blr2,Bengaluru,2026-08-31T09:14:50.210410Z
ChIJzQf10jsVrjsRnHVklTIe9aM,EAT EROO BOMBAY Vada pav,places,en,10,12.92746775,77.56717090000001,12.9270687,77.5646326,0,blr2,Bengaluru,2026-08-31T09:14:50.210414Z
ChIJ892jXBwVrjsRKKljdYDkFhw,Yum Sum Momos,places,en,10,12.92746775,77.56717090000001,12.926492399999999,77.56951889999999,0,blr2,Bengaluru,2026-08-31T09:14:50.210418Z
ChIJ9doLxb8VrjsR_W3BYJ-_cjM,EatEroo South China,places,en,10,12.92746775,77.56717090000001,12.9270727,77.5645997,0,blr2,Bengaluru,2026-08-31T09:14:50.210422Z
ChIJxz4mnqQVrjsRaNe6UcK1gpk,NH10 Restaurant,places,en,10,12.92746775,77.56717090000001,12.926948999999999,77.5645825,0,blr2,Bengaluru,2026-08-31T09:14:50.210428Z
ChIJQQQgZAAVrjsRPSdZjsKS6kU,Roti Boss (Mysore Agrahara),places,en,10,12.92746775,77.56717090000001,12.9269834,77.5645716,0,blr2,Bengaluru,2026-08-31T09:14:50.210432Z
ChIJl4NG7S4VrjsReZY5xVklg-w,Yelaneerra thota,places,en,10,12.92746775,77.56717090000001,12.9269564,77.5645667,0,blr2,Bengaluru,2026-08-31T09:14:50.210436Z
ChIJx7D5_aYVrjsRyIDxDRWHtx0,Delizioso Kaffe,places,en,10,12.92746775,77.56717090000001,12.926971499999999,77.56456299999999,0,blr2,Bengaluru,2026-08-31T09:14:50.210440Z
ChIJySiaK4cVrjsRbOA3K541qUg,SLV Swadista,places,en,10,12.92746775,77.56717090000001,12.926683299999999,77.5646357,0,blr2,Bengaluru,2026-08-31T09:14:50.210445Z
ChIJdYHMKIcVrjsRxj3nAtIkFW0,Rasoi Restaurant,places,en,10,12.92746775,77.56717090000001,12.9269227,77.56455369999999,0,blr2,Bengaluru,2026-08-31T09:14:50.210449Z
ChIJxeZHm_U9rjsRT-KDxH1kG7E,CHINESE KITCHEN,places,en,11,13.036176300000001,77.53296405,13.0362548,77.5313497,0,blr2,Bengaluru,2026-08-31T09:14:50.640957Z
ChIJM_855ec9rjsR05oouiVNjXQ,FARZANA TEA SHOP,places,en,11,13.036176300000001,77.53296405,13.034708199999999,77.5344118,0,blr2,Bengaluru,2026-08-31T09:14:50.640991Z
ChIJr-tPawA9rjsRdYiYGdNj2F8,Suresh Anna Tiffin Stall,places,en,11,13.036176300000001,77.53296405,13.034066,77.5343263,0,blr2,Bengaluru,2026-08-31T09:14:50.640999Z
ChIJ49kc8BUXrjsRyUFCX5-HzUQ,Guru Raghavendra Swamy Thindi Mane,places,en,12,13.038270950000001,77.58148165,13.036212899999999,77.5807514,0,blr2,Bengaluru,2026-08-31T09:14:50.980250Z
ChIJ5fj0dC8XrjsRxIf3a70JdaE,The Bowl Company,places,en,14,13.0231657,77.65217935000001,13.0230888,77.65208779999999,0,blr2,Bengaluru,2026-08-31T09:14:51.788819Z
ChIJp9wc1BMTrjsRqOgLiUFQSE4,Royal Dine,places,en,14,13.0231657,77.65217935000001,13.0225674,77.651864,0,blr2,Bengaluru,2026-08-31T09:14:51.788854Z
ChIJa7ad-cQXrjsRr2uFaQD3v0s,Tremendous Tasty Foods,places,en,14,13.0231657,77.65217935000001,13.0225563,77.651888,0,blr2,Bengaluru,2026-08-31T09:14:51.788863Z
ChIJBUdcXLkVrjsRtKINtDHk83w,Nandus BS Palya,places,en,14,13.0231657,77.65217935000001,13.0234972,77.6509052,0,blr2,Bengaluru,2026-08-31T09:14:51.788869Z
ChIJKwkvGDsXrjsRoylRmw45Ceo,New Udupi Grand,places,en,14,13.0231657,77.65217935000001,13.023168499999999,77.65085049999999,0,blr2,Bengaluru,2026-08-31T09:14:51.788875Z
ChIJnye5Bi0XrjsRtiPFKg0q1Y4,Ambur Briyani,places,en,14,13.0231657,77.65217935000001,13.0240183,77.6511566,0,blr2,Bengaluru,2026-08-31T09:14:51.788881Z
ChIJabGZ68UXrjsRV523wc1b_4I,Royal Fast Food,places,en,14,13.0231657,77.65217935000001,13.0240215,77.65115349999999,0,blr2,Bengaluru,2026-08-31T09:14:51.788886Z
ChIJzU6m3x0XrjsRSI7mImBjJO0,🌱ಬೆಂದಕಾಳು | Benda-Kalu,places,en,14,13.0231657,77.65217935000001,13.021923899999999,77.6526349,0,blr2,Bengaluru,2026-08-31T09:14:51.788891Z
ChIJ52rA_g0RrjsRoGRYxr2gwNg,Sri Venkateshwara hot chips,places,en,14,13.0231657,77.65217935000001,13.0239427,77.65101969999999,0,blr2,Bengaluru,2026-08-31T09:14:51.788897Z
ChIJFc45AS0XrjsRBvrWidCX_eU,Lakshmi Bhavan,places,en,14,13.0231657,77.65217935000001,13.024054,77.6510332,0,blr2,Bengaluru,2026-08-31T09:14:51.788902Z
ChIJYbllNQAXrjsR4C_WxETBmJ4,Ambur hot Dum biriyani,places,en,14,13.0231657,77.65217935000001,13.0223348,77.65090459999999,0,blr2,Bengaluru,2026-08-31T09:14:51.788909Z
ChIJKblEDi0XrjsRkHpuK7czLOI,New Kolkata Hot Rolls,places,en,14,13.0231657,77.65217935000001,13.0245647,77.6513346,0,blr2,Bengaluru,2026-08-31T09:14:51.788915Z
ChIJD7vooX4XrjsRb0HimiaYv2o,Malik Deenar,places,en,14,13.0231657,77.65217935000001,13.0221748,77.6507486,0,blr2,Bengaluru,2026-08-31T09:14:51.788920Z
ChIJOVYYbGgXrjsRNdBYK_s5Dsc,Tea N Bytes,places,en,14,13.0231657,77.65217935000001,13.021963399999999,77.65069,0,blr2,Bengaluru,2026-08-31T09:14:51.788925Z
ChIJB2FRkfAXrjsRP0ntwfYmr50,Nawab's Barbeque & Grill,places,en,14,13.0231657,77.65217935000001,13.0219399,77.6506899,0,blr2,Bengaluru,2026-08-31T09:14:51.788930Z
ChIJkXMu8cQXrjsRt5QHLYWyzQE,Curries and Chillies Hyderabadi Dum Biryani,places,en,14,13.0231657,77.65217935000001,13.021896,77.6506744,0,blr2,Bengaluru,2026-08-31T09:14:51.788935Z
ChIJG1bfXwAXrjsR5rfaCDtYC5A,Dragon Bites,places,en,14,13.0231657,77.65217935000001,13.024982399999999,77.6514862,0,blr2,Bengaluru,2026-08-31T09:14:51.788940Z
ChIJQ81yYCwXrjsRZxomPvhC-sA,Five Star Chicken,places,en,14,13.0231657,77.65217935000001,13.021997500000001,77.6505226,0,blr2,Bengaluru,2026-08-31T09:14:51.788945Z
ChIJ2QKdMwAXrjsRLyss2sPpd1I,CHIGASI,places,en,14,13.0231657,77.65217935000001,13.022396599999999,77.6502342,0,blr2,Bengaluru,2026-08-31T09:14:51.788951Z
ChIJFafgj38XrjsRvlivwkUlJw0,iFun,places,en,14,13.0231657,77.65217935000001,13.0224092,77.65018049999999,0,blr2,Bengaluru,2026-08-31T09:14:51.788956Z
ChIJgWdDVsI8rjsR8Sii23t0nng,sharma chats,places,en,15,13.031298750000001,77.50030405000001,13.032043499999999,77.5014554,0,blr2,Bengaluru,2026-08-31T09:14:52.215434Z
ChIJLezD-6I9rjsRDYctP2UP5Ug,HOTEL SRI KALABYRAVESWARA,places,en,15,13.031298750000001,77.50030405000001,13.0308127,77.50236199999999,0,blr2,Bengaluru,2026-08-31T09:14:52.215468Z
ChIJuWqCEiw9rjsR1YGAOWyTFOQ,MH Hunger Hub,places,en,15,13.031298750000001,77.50030405000001,13.031837999999999,77.50259,0,blr2,Bengaluru,2026-08-31T09:14:52.215476Z
ChIJ9SXOwF89rjsRwTDLI4h6jvw,Namma Halli Thotha Mr Santosh C,places,en,15,13.031298750000001,77.50030405000001,13.0317321,77.50276269999999,0,blr2,Bengaluru,2026-08-31T09:14:52.215482Z
ChIJXdx4l8I8rjsRdgdO45lFFbg,S.L.V. TIFFIN CENTER,places,en,15,13.031298750000001,77.50030405000001,13.031309499999999,77.50298800000002,0,blr2,Bengaluru,2026-08-31T09:14:52.215488Z
ChIJI8gT8X89rjsRkBT5u0LISeA,LUCKY’s Restaurant,places,en,15,13.031298750000001,77.50030405000001,13.0330827,77.4982541,0,blr2,Bengaluru,2026-08-31T09:14:52.215493Z
ChIJufK6QacZrjsRNY11EaAVPdM,Krishna's Kitchen,places,en,16,13.13067095,77.57357195,13.131053399999999,77.573607,0,blr2,Bengaluru,2026-08-31T09:14:52.576395Z
ChIJi4pRB1MZrjsRloLKVCKe3Yo,APPU BIRIYANI SPOT,places,en,16,13.13067095,77.57357195,13.1310921,77.5736539,0,blr2,Bengaluru,2026-08-31T09:14:52.576419Z
ChIJWblKN6AZrjsRwbPYR4jwR_M,SLV Tiffin Centre,places,en,16,13.13067095,77.57357195,13.1310912,77.57334569999999,0,blr2,Bengaluru,2026-08-31T09:14:52.576425Z
ChIJk___T7sYrjsRNphfVkdM4nE,Jagannath Mahaprasad HomeDelivery,places,en,16,13.13067095,77.57357195,13.130886,77.57412099999999,0,blr2,Bengaluru,2026-08-31T09:14:52.576429Z
ChIJ6V-4paQYrjsRnE6KDY4RiHM,JAI BHAVANI HOTEL,places,en,16,13.13067095,77.57357195,13.1305503,77.572565,0,blr2,Bengaluru,2026-08-31T09:14:52.576433Z
ChIJBy3IpaQYrjsRgAEF0rCVs-Y,MAZEDAR HOTEL,places,en,16,13.13067095,77.57357195,13.130541299999999,77.5725435,0,blr2,Bengaluru,2026-08-31T09:14:52.576437Z
ChIJTblHvrgZrjsRbI_sERKJ6AU,Yummy Trix,places,en,16,13.13067095,77.57357195,13.1306174,77.57233219999999,0,blr2,Bengaluru,2026-08-31T09:14:52.576441Z
ChIJg8bAdZsZrjsRLnr8ECsFJLg,Aroma N Spice,places,en,16,13.13067095,77.57357195,13.1309749,77.5751824,0,blr2,Bengaluru,2026-08-31T09:14:52.576444Z
ChIJDySNcgAZrjsR45TEgXaTOs4,1718 multicusine restaurant,places,en,16,13.13067095,77.57357195,13.1296705,77.5719623,0,blr2,Bengaluru,2026-08-31T09:14:52.576449Z
ChIJudOpWAAZrjsRUau6GU_0jrA,Grats cloud,places,en,16,13.13067095,77.57357195,13.130098,77.5754433,0,blr2,Bengaluru,2026-08-31T09:14:52.576453Z
ChIJsT-aLAAZrjsReeLeqdTPpBA,Ambur Dum Biryani,places,en,16,13.13067095,77.57357195,13.129998299999999,77.5716283,0,blr2,Bengaluru,2026-08-31T09:14:52.576456Z
ChIJdaRZY9YZrjsRa_pcdiDN9lg,BAWARCHI (The Taste of Bihar),places,en,16,13.13067095,77.57357195,13.1298949,77.57166029999999,0,blr2,Bengaluru,2026-08-31T09:14:52.576459Z
ChIJP-SsiREZrjsR6NzaN8eZUao,Rasamrit,places,en,16,13.13067095,77.57357195,13.128738199999999,77.57255219999999,0,blr2,Bengaluru,2026-08-31T09:14:52.576463Z
ChIJR8u2Ss8ZrjsR_v819AiOhC8,Anna's,places,en,16,13.13067095,77.57357195,13.128924399999999,77.572234,0,blr2,Bengaluru,2026-08-31T09:14:52.576466Z
ChIJe_kkOkAZrjsRj4mxgCPDBXc,Chef King Family Restaurant,places,en,16,13.13067095,77.57357195,13.1288409,77.5722601,0,blr2,Bengaluru,2026-08-31T09:14:52.576470Z
ChIJe1o_EwAZrjsRcbkUKkKO2cw,Annapurna's Salt N Pepper,places,en,16,13.13067095,77.57357195,13.1286322,77.5725384,0,blr2,Bengaluru,2026-08-31T09:14:52.576473Z
ChIJWWlE6-gZrjsRQ37C8kF-B_g,Triloka Resto,places,en,16,13.13067095,77.57357195,13.1308824,77.57113129999999,0,blr2,Bengaluru,2026-08-31T09:14:52.576476Z
ChIJQVD-FlkYrjsRQW9WfqCpIWg,Hotel Annalakshmi,places,en,16,13.13067095,77.57357195,13.1284139,77.5725767,0,blr2,Bengaluru,2026-08-31T09:14:52.576480Z
ChIJRR65eGc-rjsRAAAAMJqZrTo,Shivu,places,en,17,12.941234600000001,77.52293535,12.941607999999999,77.5245927,0,blr2,Bengaluru,2026-08-31T09:14:52.958150Z
ChIJgePXnF0-rjsRkKhCgh6V3IE,Ashwini Bar and Family Restaurant,places,en,17,12.941234600000001,77.52293535,12.9401403,77.5242404,0,blr2,Bengaluru,2026-08-31T09:14:52.958179Z
ChIJtca1xsoRrjsR0L5tc97jGOw,Aladdin Shawarma Global mall,places,en,17,12.941234600000001,77.52293535,12.9403279,77.5243966,0,blr2,Bengaluru,2026-08-31T09:14:52.958185Z
ChIJdx7Zfl0-rjsRWaUxaeWh8ws,Chicken Center,places,en,17,12.941234600000001,77.52293535,12.940940999999999,77.5248704,0,blr2,Bengaluru,2026-08-31T09:14:52.958189Z
ChIJhahR-Og_rjsRwDYV-C9xQa4,"Pizza Hut | Global Mall Salarpuria, Bangalore",places,en,17,12.941234600000001,77.52293535,12.940458099999999,77.5247651,0,blr2,Bengaluru,2026-08-31T09:14:52.958194Z
ChIJwT3WfV0-rjsRCGsXJi4GRHQ,Karavali Fish Land,places,en,17,12.941234600000001,77.52293535,12.9410943,77.52504180000001,0,blr2,Bengaluru,2026-08-31T09:14:52.958198Z
ChIJq0dGTQA_rjsR1efHM8LHMx4,Starbucks - Nayanda Halli,places,en,17,12.941234600000001,77.52293535,12.9404842,77.5250576,0,blr2,Bengaluru,2026-08-31T09:14:52.958202Z
ChIJA5SFI9w_rjsRc-pBhOMrOgw,Shiv Sagar,places,en,17,12.941234600000001,77.52293535,12.940204,77.5249573,0,blr2,Bengaluru,2026-08-31T09:14:52.958206Z
ChIJazQIZ7mtrzsR6P6rvcYS69U,"Barbeque Nation - RR Nagar, Global Divinity Mall",places,en,17,12.941234600000001,77.52293535,12.9404462,77.5250793,0,blr2,Bengaluru,2026-08-31T09:14:52.958209Z
ChIJ_QgbbwA_rjsR72Zvixh17Ps,"Domino's Pizza | Divinity Global Mall, Bangalore, Karnataka",places,en,17,12.941234600000001,77.52293535,12.940347599999999,77.5250485,0,blr2,Bengaluru,2026-08-31T09:14:52.958213Z
ChIJhaM4e68_rjsRWcLZfA9ScYI,Burger King,places,en,17,12.941234600000001,77.52293535,12.940258,77.5250119,0,blr2,Bengaluru,2026-08-31T09:14:52.958216Z
ChIJUw66ojM_rjsRgSJJ3YxYcio,The Belgian Waffle Co,places,en,17,12.941234600000001,77.52293535,12.9403037,77.5250987,0,blr2,Bengaluru,2026-08-31T09:14:52.958220Z
ChIJ87jL06g_rjsR6v0GSTxFOJ8,Aramane Donne Biryani - Global Malls,places,en,17,12.941234600000001,77.52293535,12.940458,77.5251873,0,blr2,Bengaluru,2026-08-31T09:14:52.958224Z
ChIJKbS69mU_rjsRD2bq9_bs5U0,Wow! Momo,places,en,17,12.941234600000001,77.52293535,12.9402029,77.52513019999999,0,blr2,Bengaluru,2026-08-31T09:14:52.958227Z
ChIJhWPOtJQ_rjsRQMPHqbeoQ-k,WOW China,places,en,17,12.941234600000001,77.52293535,12.940201100000001,77.5251509,0,blr2,Bengaluru,2026-08-31T09:14:52.958230Z
ChIJjdoMGeo_rjsR0jm0BxzqA1c,Subway Global Divinity Mall,places,en,17,12.941234600000001,77.52293535,12.9403697,77.5253652,0,blr2,Bengaluru,2026-08-31T09:14:52.958234Z
ChIJN9dqiAA_rjsRp5_DGw9or3M,KFC,places,en,17,12.941234600000001,77.52293535,12.9402371,77.5253103,0,blr2,Bengaluru,2026-08-31T09:14:52.958238Z
ChIJt_FtScA_rjsRn2-xWu8Xu2w,BK Cafe,places,en,17,12.941234600000001,77.52293535,12.9401055,77.5252568,0,blr2,Bengaluru,2026-08-31T09:14:52.958241Z
ChIJI8WCdAA_rjsRyqbs6rA4Qz4,Chinese wok,places,en,17,12.941234600000001,77.52293535,12.940052399999999,77.5253537,0,blr2,Bengaluru,2026-08-31T09:14:52.958247Z
ChIJucNsmGc-rjsRL79RzJ7Ow84,Sri Maha Fast Food Centre,places,en,17,12.941234600000001,77.52293535,12.9426086,77.525302,0,blr2,Bengaluru,2026-08-31T09:14:52.958250Z
ChIJtShTzsMXrjsRffNvRwgVUjU,PlanB Sankey Road,places,en,18,12.99661975,77.5846037,12.997108599999999,77.5841329,0,blr2,Bengaluru,2026-08-31T09:14:53.422791Z
ChIJdS3mdsoXrjsRith6__A58Mk,Taki Taki,places,en,18,12.99661975,77.5846037,12.997108599999999,77.5841329,0,blr2,Bengaluru,2026-08-31T09:14:53.422818Z
ChIJw9PtBxMXrjsR7ZNmTbKrJUo,"The President Hotel, Kumarapark",places,en,18,12.99661975,77.5846037,12.9962372,77.5838902,0,blr2,Bengaluru,2026-08-31T09:14:53.422825Z
ChIJA0AIbscXrjsRKUg1mKrDU_s,"Gufha Restaurant, Kumarapark",places,en,18,12.99661975,77.5846037,12.9962568,77.5838773,0,blr2,Bengaluru,2026-08-31T09:14:53.422829Z
ChIJ8-NnpRQXrjsR-zxDN2aEskU,"Andhra Ruchulu, Kumarapark",places,en,18,12.99661975,77.5846037,12.9962568,77.5838773,0,blr2,Bengaluru,2026-08-31T09:14:53.422834Z
ChIJC1-sfAAXrjsRzPniXz7DztI,President hotel,places,en,18,12.99661975,77.5846037,12.996294599999999,77.583793,0,blr2,Bengaluru,2026-08-31T09:14:53.422838Z
ChIJ54yPN6IXrjsRmdKLFaSIb_I,"Mulbagal Dosa Corner, Kumarapark",places,en,18,12.99661975,77.5846037,12.996247499999999,77.5838117,0,blr2,Bengaluru,2026-08-31T09:14:53.422843Z
ChIJFUTnd94XrjsR5sRu1-13cCs,Be Luru - Craft Kitchen & Bar,places,en,18,12.99661975,77.5846037,12.997578299999999,77.5842426,0,blr2,Bengaluru,2026-08-31T09:14:53.422847Z
ChIJl2rRFRQXrjsRs-SdlF7kdzw,Flavours of Bharat,places,en,18,12.99661975,77.5846037,12.997542699999999,77.5841152,0,blr2,Bengaluru,2026-08-31T09:14:53.422851Z
ChIJZT8GzZkXrjsRzExMKgcAid4,Bangaluru Thindi Mane,places,en,18,12.99661975,77.5846037,12.9974932,77.5838413,0,blr2,Bengaluru,2026-08-31T09:14:53.422856Z
ChIJecgVbjgWrjsRGPF4BqYE4_Q,Nandhini Deluxe - Andhra Restaurant - Sankey Road,places,en,18,12.99661975,77.5846037,12.9979385,77.5841765,0,blr2,Bengaluru,2026-08-31T09:14:53.422861Z
ChIJjWrvMQAXrjsRhx6t2uwzFZc,Chicken Place,places,en,18,12.99661975,77.5846037,12.997798,77.585672,0,blr2,Bengaluru,2026-08-31T09:14:53.422865Z
ChIJjfUOLeMXrjsR6tv0QFF32_A,Guttalli Bajji Stall,places,en,18,12.99661975,77.5846037,12.997822600000001,77.5831288,0,blr2,Bengaluru,2026-08-31T09:14:53.422869Z
ChIJ54fp8LsXrjsRqjqFOwMCrR0,Eshwar Tiffen Center,places,en,18,12.99661975,77.5846037,12.997468399999999,77.5868366,0,blr2,Bengaluru,2026-08-31T09:14:53.422873Z
ChIJ-9B79eEXrjsRE6RecCf9VmY,Zohn Lalboi Haokip,places,en,20,12.97482115,77.63209810000001,12.9758392,77.63196529999999,0,blr2,Bengaluru,2026-08-31T09:14:54.499708Z
ChIJk6uyFbEXrjsR_mLrGT8VQSM,Shwetha Tiffin Centre,places,en,20,12.97482115,77.63209810000001,12.976539299999999,77.6324545,0,blr2,Bengaluru,2026-08-31T09:14:54.499736Z
ChIJTwBBFwAXrjsREei0PJ29YOc,GK KITCHEN,places,en,20,12.97482115,77.63209810000001,12.9766318,77.6325418,0,blr2,Bengaluru,2026-08-31T09:14:54.499742Z
ChIJwV3yIAQXrjsRgZhXd0yYD3Q,EMPEROR'S KITCHEN,places,en,20,12.97482115,77.63209810000001,12.976719,77.6324269,0,blr2,Bengaluru,2026-08-31T09:14:54.499747Z
ChIJ07Nq4aIXrjsRVl04YB-Dlp0,Malyala Biryani,places,en,20,12.97482115,77.63209810000001,12.9752245,77.6300588,0,blr2,Bengaluru,2026-08-31T09:14:54.499752Z
ChIJWaLIIPMXrjsRL3kTSEw1Vm8,Kavin's Atom Burger,places,en,20,12.97482115,77.63209810000001,12.972714,77.63229439999999,0,blr2,Bengaluru,2026-08-31T09:14:54.499757Z
ChIJU73lW58WrjsRrPShxRyhm30,Lakshmi Tiffin Center,places,en,20,12.97482115,77.63209810000001,12.973557699999999,77.63030479999999,0,blr2,Bengaluru,2026-08-31T09:14:54.499761Z
ChIJ6-m2XgQXrjsRZAj9pF4u4tk,The Healthy Craft,places,en,20,12.97482115,77.63209810000001,12.976892999999999,77.6328083,0,blr2,Bengaluru,2026-08-31T09:14:54.499766Z
ChIJwaeFrn4XrjsRQg1V-eQkw5o,ACHA'S FOOD,places,en,20,12.97482115,77.63209810000001,12.977144899999999,77.6318491,0,blr2,Bengaluru,2026-08-31T09:14:54.499771Z
ChIJ0ysPY6IWrjsRnjxD95Ef0Bs,Hit And Run,places,en,20,12.97482115,77.63209810000001,12.977196,77.6314312,0,blr2,Bengaluru,2026-08-31T09:14:54.499775Z
ChIJ_7tPSZ8WrjsRgH3HxP72k4c,Brindavan Chats,places,en,20,12.97482115,77.63209810000001,12.974141399999999,77.62954959999999,0,blr2,Bengaluru,2026-08-31T09:14:54.499780Z
ChIJ-RmLGAAXrjsRov7yP2bnlo8,Sls seafood,places,en,20,12.97482115,77.63209810000001,12.9773325,77.63149729999999,0,blr2,Bengaluru,2026-08-31T09:14:54.499784Z
ChIJz_H8dqEXrjsRTEeNOLQdw_o,Therapeutic cooked food by Dietitian,places,en,20,12.97482115,77.63209810000001,12.972184799999999,77.6318877,0,blr2,Bengaluru,2026-08-31T09:14:54.499789Z
ChIJl16ulR8XrjsR4IMutER5hkE,Annachi Food Corner,places,en,20,12.97482115,77.63209810000001,12.977401799999999,77.63138230000001,0,blr2,Bengaluru,2026-08-31T09:14:54.499793Z
ChIJ5wHVP1UTrjsRpc41CzPV4hs,Gongura Tiffins and Snacks,places,en,21,12.97166045,77.69302045,12.9717477,77.6930462,0,blr2,Bengaluru,2026-08-31T09:14:54.959008Z
ChIJISXdNQARrjsRFKXGo5YPg10,Shiela Retreat,places,en,21,12.97166045,77.69302045,12.971981999999999,77.6931523,0,blr2,Bengaluru,2026-08-31T09:14:54.959032Z
ChIJDRqFyvgTrjsRwVrxl79RI_8,Sriram Hotel,places,en,21,12.97166045,77.69302045,12.971324599999999,77.6933504,0,blr2,Bengaluru,2026-08-31T09:14:54.959040Z
ChIJsfyuRo0TrjsRoVXvseV75sU,Pani Puri Shop,places,en,21,12.97166045,77.69302045,12.971382,77.6925626,0,blr2,Bengaluru,2026-08-31T09:14:54.959045Z
ChIJAYmkJwARrjsRx8VjzfLkvT0,RR Dum Biriyani,places,en,21,12.97166045,77.69302045,12.972358400000001,77.6931463,0,blr2,Bengaluru,2026-08-31T09:14:54.959049Z
ChIJFfmUroETrjsRp4g0DlEpwug,Hotel Sri Hari Khadya Bhandar,places,en,21,12.97166045,77.69302045,12.9713275,77.6923561,0,blr2,Bengaluru,2026-08-31T09:14:54.959053Z
ChIJzQql-30RrjsRjj8hNvu2eK4,SRI BASAVSHWARA ROTTI & HOLIGE HOUSE,places,en,21,12.97166045,77.69302045,12.972414599999999,77.6931525,0,blr2,Bengaluru,2026-08-31T09:14:54.959057Z
ChIJafnFJ-kTrjsRkdgVQxQIi5E,Krishna Sagar Restaurant,places,en,21,12.97166045,77.69302045,12.971589900000001,77.6938017,0,blr2,Bengaluru,2026-08-31T09:14:54.959062Z
ChIJ7zYQfBERrjsRNrmw2iW1v4I,Vyro Cafe,places,en,21,12.97166045,77.69302045,12.972394999999999,77.6933033,0,blr2,Bengaluru,2026-08-31T09:14:54.959067Z
ChIJoQ287GQTrjsRJQG2VUY5aPc,Essence & flavours,places,en,21,12.97166045,77.69302045,12.972545799999999,77.6933141,0,blr2,Bengaluru,2026-08-31T09:14:54.959071Z
ChIJGQvYkdcTrjsRnU7_NHakR3A,Foodism - Marathalli,places,en,21,12.97166045,77.69302045,12.9715379,77.6940133,0,blr2,Bengaluru,2026-08-31T09:14:54.959075Z
ChIJ36-xXQATrjsRrDJ6DK8JLoQ,Mom's Kitchen,places,en,21,12.97166045,77.69302045,12.9714266,77.6919423,0,blr2,Bengaluru,2026-08-31T09:14:54.959079Z
ChIJKboIeQARrjsRhNdZNV5az-k,NH47 Kerala Kitchen,places,en,21,12.97166045,77.69302045,12.9727687,77.69326559999999,0,blr2,Bengaluru,2026-08-31T09:14:54.959083Z
ChIJPYH95E0TrjsRWoZVq7UP5Og,Delhi dabba,places,en,21,12.97166045,77.69302045,12.9712847,77.6942372,0,blr2,Bengaluru,2026-08-31T09:14:54.959087Z
ChIJ5yBFWn8RrjsRmfGBWL_v_s0,Indie café,places,en,21,12.97166045,77.69302045,12.971318199999999,77.6942522,0,blr2,Bengaluru,2026-08-31T09:14:54.959091Z
ChIJYQ90xrQRrjsRlRChS-Be5bQ,Marusa Food Family Restaurant,places,en,21,12.97166045,77.69302045,12.9712783,77.6942416,0,blr2,Bengaluru,2026-08-31T09:14:54.959095Z
ChIJITXx-tUTrjsRqtZd5iWPz7w,S.B.P CHICKEN CENTER,places,en,21,12.97166045,77.69302045,12.9714167,77.6942924,0,blr2,Bengaluru,2026-08-31T09:14:54.959100Z
ChIJlyhK-NUTrjsRpJxIS2gPIsk,Jagannath sweets and snacks,places,en,21,12.97166045,77.69302045,12.9719055,77.694319,0,blr2,Bengaluru,2026-08-31T09:14:54.959104Z
ChIJcQh8vCQRrjsRc5LXtsrop7c,Hotel delicious,places,en,21,12.97166045,77.69302045,12.9723191,77.69421899999999,0,blr2,Bengaluru,2026-08-31T09:14:54.959108Z
ChIJ4QLA5tUTrjsRLqc2DuySiqw,Five Star Chicken,places,en,21,12.97166045,77.69302045,12.970846,77.6941384,0,blr2,Bengaluru,2026-08-31T09:14:54.959112Z
ChIJW4-ddGQNrjsR66hveDNK_ik,UDUPI FAST FOOD,places,en,22,12.966369199999999,77.75726660000001,12.966125499999999,77.75701,0,blr2,Bengaluru,2026-08-31T09:14:55.574051Z
ChIJi3V-BAANrjsRkZK8UC5gwFA,SV Thind's,places,en,22,12.966369199999999,77.75726660000001,12.966120400000001,77.7570099,0,blr2,Bengaluru,2026-08-31T09:14:55.574088Z
ChIJ5QEJljkNrjsRWytfRycOJc0,NONAME'S CAFES,places,en,22,12.966369199999999,77.75726660000001,12.9655016,77.7566822,0,blr2,Bengaluru,2026-08-31T09:14:55.574095Z
ChIJFe8U-jwNrjsRj7s2Zs_Uxzc,Krishna Noodles,places,en,22,12.966369199999999,77.75726660000001,12.964998699999999,77.75753139999999,0,blr2,Bengaluru,2026-08-31T09:14:55.574100Z
ChIJn9Hd4JgNrjsRbt7pLDBsVq8,S.S Snacks Corner,places,en,22,12.966369199999999,77.75726660000001,12.9650421,77.7564148,0,blr2,Bengaluru,2026-08-31T09:14:55.574105Z
ChIJRRhDQ20NrjsRCgxjlUoYiuI,Godavari Bhavan,places,en,22,12.966369199999999,77.75726660000001,12.967860499999999,77.75789110000001,0,blr2,Bengaluru,2026-08-31T09:14:55.574110Z
ChIJVdMfLAANrjsRpnUgupsH1oo,Sri Sairam Hot Chips,places,en,22,12.966369199999999,77.75726660000001,12.967774799999999,77.75832199999999,0,blr2,Bengaluru,2026-08-31T09:14:55.574114Z
ChIJf4oLWQANrjsRd_hh0Pn9wjk,AK Fish & Chicken Centre,places,en,22,12.966369199999999,77.75726660000001,12.9647271,77.7578422,0,blr2,Bengaluru,2026-08-31T09:14:55.574119Z
ChIJ06px-G0NrjsRnr7MHu23vhY,Parimala Swada,places,en,22,12.966369199999999,77.75726660000001,12.9647515,77.7579645,0,blr2,Bengaluru,2026-08-31T09:14:55.574123Z
ChIJvV1MMMINrjsRTtLQIF6oAHg,Burger America,places,en,22,12.966369199999999,77.75726660000001,12.964908399999999,77.7561645,0,blr2,Bengaluru,2026-08-31T09:14:55.574128Z
ChIJ7el1r-YNrjsRxdS134RLPFE,Munna Alam A1 CHIKEN BIRYANI POINT,places,en,22,12.966369199999999,77.75726660000001,12.9681842,77.7570037,0,blr2,Bengaluru,2026-08-31T09:14:55.574133Z
ChIJFaWFQQANrjsRn_JvCyWj1qo,A1 CHINESE FAST FOOD & MOMOS CORNER,places,en,22,12.966369199999999,77.75726660000001,12.967728099999999,77.7585838,0,blr2,Bengaluru,2026-08-31T09:14:55.574138Z
ChIJka5NoMUNrjsRUa6CRE7rzA8,Kolkata Kathi Rolls,places,en,22,12.966369199999999,77.75726660000001,12.967433,77.75884889999999,0,blr2,Bengaluru,2026-08-31T09:14:55.574142Z
ChIJDdDIbwANrjsRpwosASZQD84,Reddy chicken center,places,en,22,12.966369199999999,77.75726660000001,12.968208299999999,77.7565695,0,blr2,Bengaluru,2026-08-31T09:14:55.574147Z
ChIJx0i8s1wNrjsRfe0cLnGRydA,Kazbegi Foods,places,en,22,12.966369199999999,77.75726660000001,12.967176499999999,77.7591205,0,blr2,Bengaluru,2026-08-31T09:14:55.574152Z
ChIJ8UiBGgANrjsRFzrRicRppms,RC Military Hotel,places,en,22,12.966369199999999,77.75726660000001,12.967190599999999,77.75913229999999,0,blr2,Bengaluru,2026-08-31T09:14:55.574157Z
ChIJQTSJfpcNrjsRBtlNXfyisTI,CHATS N CHILL CAFE - CNC CAFE,places,en,22,12.966369199999999,77.75726660000001,12.967399,77.7591733,0,blr2,Bengaluru,2026-08-31T09:14:55.574162Z
ChIJB8q-SVANrjsRbBchY9Q6ev8,"Tukku Ka Dhaba & Catering Service, Bihar Wale(Veg & Non Veg Dhaba)",places,en,22,12.966369199999999,77.75726660000001,12.9648037,77.758789,0,blr2,Bengaluru,2026-08-31T09:14:55.574166Z
ChIJdSuJgZcNrjsRg8POS2eLjiU,Substation Sandwich Company,places,en,22,12.966369199999999,77.75726660000001,12.964895300000002,77.7556268,0,blr2,Bengaluru,2026-08-31T09:14:55.574173Z
ChIJAfYcdvMNrjsRylgFCVp1cZs,DAVANAGERE BENNE DOSE,places,en,22,12.966369199999999,77.75726660000001,12.9673427,77.75933719999999,0,blr2,Bengaluru,2026-08-31T09:14:55.574177Z
ChIJz0iJI3cVrjsRlddm7T_1j5U,Parathas & More,places,en,23,12.8954082,77.63478355000001,12.8955828,77.6346059,0,blr2,Bengaluru,2026-08-31T09:14:56.733005Z
ChIJDxnWObkUrjsRG_RD6lAuTQ4,KOLKATA KING ROLLS & KKR FAST FOOD,places,en,23,12.8954082,77.63478355000001,12.894974399999999,77.6348119,0,blr2,Bengaluru,2026-08-31T09:14:56.733031Z
ChIJF3KVdKEVrjsRvYkXZxm71uE,MARUNAADAN THATTUKADA,places,en,23,12.8954082,77.63478355000001,12.8949585,77.6346516,0,blr2,Bengaluru,2026-08-31T09:14:56.733038Z
ChIJ3yg6cGkVrjsRj5xnUkZXyAw,Ramesh Panipuri,places,en,23,12.8954082,77.63478355000001,12.89499,77.63520539999999,0,blr2,Bengaluru,2026-08-31T09:14:56.733043Z
ChIJSeqTSLkUrjsR-xhifr1Sc6I,Sri Raghavendra Juice & Chats,places,en,23,12.8954082,77.63478355000001,12.8949939,77.6352453,0,blr2,Bengaluru,2026-08-31T09:14:56.733047Z
ChIJRWZc3D4VrjsRLf09PATNzJo,MUGURU KABAB AND MORE,places,en,23,12.8954082,77.63478355000001,12.8948952,77.6344428,0,blr2,Bengaluru,2026-08-31T09:14:56.733051Z
ChIJPR6TPwAVrjsRCjswi-lYEkQ,Andra Mess,places,en,23,12.8954082,77.63478355000001,12.895544,77.6341829,0,blr2,Bengaluru,2026-08-31T09:14:56.733055Z
ChIJocorRrkUrjsRe9d2-DBPdn8,Spice Resto,places,en,23,12.8954082,77.63478355000001,12.8950052,77.6353105,0,blr2,Bengaluru,2026-08-31T09:14:56.733060Z
ChIJq-yxPMoVrjsR8fT6ORdHpBM,Bengali food hotel,places,en,23,12.8954082,77.63478355000001,12.8947848,77.63457559999999,0,blr2,Bengaluru,2026-08-31T09:14:56.733064Z
ChIJ99I0LNcVrjsRzP6hK1Hynhw,NAVEEN STALL,places,en,23,12.8954082,77.63478355000001,12.8957772,77.6353365,0,blr2,Bengaluru,2026-08-31T09:14:56.733069Z
ChIJH3Z-0MsVrjsRsK1AGkXoDNw,Mr SRINIVAS H P STALL,places,en,23,12.8954082,77.63478355000001,12.895845,77.63536169999999,0,blr2,Bengaluru,2026-08-31T09:14:56.733074Z
ChIJsegx4KgVrjsRSoxJwN-T_rA,Mr MR Mayagappa Food Court,places,en,23,12.8954082,77.63478355000001,12.8958515,77.63535809999999,0,blr2,Bengaluru,2026-08-31T09:14:56.733079Z
ChIJnZQhgaUUrjsR8a8Q5WnU37s,Lo! Foods,places,en,23,12.8954082,77.63478355000001,12.8947677,77.63438409999999,0,blr2,Bengaluru,2026-08-31T09:14:56.733083Z
ChIJu-31L7kUrjsRcaJIaV3rsms,SRI VINAYAGA TIFFIN,places,en,23,12.8954082,77.63478355000001,12.895012,77.6341236,0,blr2,Bengaluru,2026-08-31T09:14:56.733088Z
ChIJ2WabUoEVrjsRGl8YEBrQi14,NS Fish Stall,places,en,23,12.8954082,77.63478355000001,12.8947445,77.6343899,0,blr2,Bengaluru,2026-08-31T09:14:56.733092Z
ChIJmfwy98UVrjsRU1tSyOb-sCg,Asirvadham Hotel And Fast Food,places,en,23,12.8954082,77.63478355000001,12.895057900000001,77.635511,0,blr2,Bengaluru,2026-08-31T09:14:56.733096Z
ChIJPzaQagAVrjsRfG-vqJOvwpI,Biriyani point - halal,places,en,23,12.8954082,77.63478355000001,12.8959757,77.6353219,0,blr2,Bengaluru,2026-08-31T09:14:56.733099Z
ChIJs7r1LMoVrjsRwLSqfjPacUc,New Udupi Navarasa,places,en,23,12.8954082,77.63478355000001,12.895520399999999,77.63559409999999,0,blr2,Bengaluru,2026-08-31T09:14:56.733103Z
ChIJW2dW3SIVrjsRWnZRPyu_kOU,Nammura Bhavan,places,en,23,12.8954082,77.63478355000001,12.8959943,77.6353567,0,blr2,Bengaluru,2026-08-31T09:14:56.733107Z
ChIJjWYCwfMVrjsRBxpctqSwFKk,Sudeepa B K Stall,places,en,23,12.8954082,77.63478355000001,12.8960796,77.6353029,0,blr2,Bengaluru,2026-08-31T09:14:56.733111Z
ChIJGaumDa0XrjsRvuVpiOQ3bV4,Oorjaa - North Indian Cuisine,places,en,24,12.98464625,77.58841699999999,12.984999799999999,77.58804649999999,0,blr2,Bengaluru,2026-08-31T09:14:57.114942Z
ChIJsTrXTy4WrjsRArfWHt-R1zg,Gangotree - House Of Designer Sweets & Chaat Parlor,places,en,24,12.98464625,77.58841699999999,12.9849557,77.58794379999999,0,blr2,Bengaluru,2026-08-31T09:14:57.114976Z
ChIJoxOmGIQXrjsRJ0-Htg8Rl34,The Courtyard by Sublime,places,en,24,12.98464625,77.58841699999999,12.985804799999999,77.5881485,0,blr2,Bengaluru,2026-08-31T09:14:57.114984Z
ChIJHbDsKtQXrjsRGu-RAKJGjbs,Maayaa - Coastal Treasures of South India,places,en,24,12.98464625,77.58841699999999,12.9858218,77.58809889999999,0,blr2,Bengaluru,2026-08-31T09:14:57.114990Z
ChIJKdWHsjIXrjsRNz25g5URflg,Original Burger Co. : Race Course Road,places,en,24,12.98464625,77.58841699999999,12.985775,77.5879106,0,blr2,Bengaluru,2026-08-31T09:14:57.114996Z
ChIJn2V4NQcXrjsRhrekh7ziIWc,Hotel,places,en,24,12.98464625,77.58841699999999,12.98438,77.5871283,0,blr2,Bengaluru,2026-08-31T09:14:57.115001Z
ChIJKbT7B0IXrjsRbBSErh-lOZU,Kenchamba Tiffen Corner,places,en,24,12.98464625,77.58841699999999,12.985788399999999,77.58913439999999,0,blr2,Bengaluru,2026-08-31T09:14:57.115007Z
ChIJNYZM_sgXrjsR0J7nUs5cMfA,Tandoori Taal - Palace Road,places,en,24,12.98464625,77.58841699999999,12.985831899999999,77.58770229999999,0,blr2,Bengaluru,2026-08-31T09:14:57.115012Z
ChIJsx4pYBYXrjsRXqFDtWQLf2w,Brik Oven - Woodfired Pizzas (Palace Road),places,en,24,12.98464625,77.58841699999999,12.985831899999999,77.58770229999999,0,blr2,Bengaluru,2026-08-31T09:14:57.115017Z
ChIJQ_1UtTsXrjsRNhrP79TkiYg,"MISU, Trade Towers",places,en,24,12.98464625,77.58841699999999,12.985831899999999,77.58770229999999,0,blr2,Bengaluru,2026-08-31T09:14:57.115022Z
ChIJUTXm2CEXrjsR_0_aJDwRQrg,Starbucks - Palace Road,places,en,24,12.98464625,77.58841699999999,12.985869099999999,77.5876598,0,blr2,Bengaluru,2026-08-31T09:14:57.115027Z
ChIJpa_iEPEWrjsRRuYLxUdDJJs,Sreeraj Lassi Bar,places,en,24,12.98464625,77.58841699999999,12.983176,77.5876699,0,blr2,Bengaluru,2026-08-31T09:14:57.115032Z
ChIJ1-cgINYXrjsRskhRU1HhHrg,R C College Canteen. Netharvathi,places,en,24,12.98464625,77.58841699999999,12.9842003,77.5863675,0,blr2,Bengaluru,2026-08-31T09:14:57.115037Z
ChIJs3w6y8I9rjsRy2re4lMnr9k,Bi2Cafe,places,en,25,12.975936449999999,77.53864375,12.975779099999999,77.5373431,0,blr2,Bengaluru,2026-08-31T09:14:57.557254Z
ChIJMWzgZN09rjsRc2XJTZf-qVc,Oceanfresh sea Foods Mobile canteen,places,en,25,12.975936449999999,77.53864375,12.974066899999999,77.5382916,0,blr2,Bengaluru,2026-08-31T09:14:57.557286Z
ChIJ9T6hzqg9rjsRjmMosoJiRYg,Dear Snacks Point,places,en,25,12.975936449999999,77.53864375,12.975229,77.5366765,0,blr2,Bengaluru,2026-08-31T09:14:57.557318Z
ChIJK9lqqWs9rjsRwLwUoLUkjJs,SRI SANGAMESHWARA HOTEL,places,en,25,12.975936449999999,77.53864375,12.9752219,77.5366753,0,blr2,Bengaluru,2026-08-31T09:14:57.557328Z
ChIJX_wGOAA9rjsR9gUqyJMD6FM,Omini Uta,places,en,25,12.975936449999999,77.53864375,12.9739177,77.5390283,0,blr2,Bengaluru,2026-08-31T09:14:57.557334Z
ChIJhwVGTu49rjsRu7s_dcAEWZY,Fries on wheels,places,en,25,12.975936449999999,77.53864375,12.9738984,77.5389363,0,blr2,Bengaluru,2026-08-31T09:14:57.557341Z
ChIJ00YXaQA9rjsRHo5K2hroytg,Raj mushroom biryani,places,en,25,12.975936449999999,77.53864375,12.9738443,77.5386584,0,blr2,Bengaluru,2026-08-31T09:14:57.557347Z
ChIJq_z3M3M9rjsRCJwR30ozKaA,Hoskote biryani,places,en,25,12.975936449999999,77.53864375,12.9737894,77.5386673,0,blr2,Bengaluru,2026-08-31T09:14:57.557352Z
ChIJC3Fx3cI9rjsRE0tUUyWzVNI,ಶ್ರೀ ಸಾಂಬು ಸುಮಕ್ಕೇಶ್ವರ ಪ್ರಾವಿಜನ್ ಸ್ಟೋರ್,places,en,25,12.975936449999999,77.53864375,12.9770519,77.5367152,0,blr2,Bengaluru,2026-08-31T09:14:57.557358Z
ChIJ1w9rdBc9rjsRn_Ai248LBio,Advika's Roti Corner,places,en,25,12.975936449999999,77.53864375,12.9737309,77.5382412,0,blr2,Bengaluru,2026-08-31T09:14:57.557364Z
ChIJG1vUb909rjsRVQ5yKC1i_a8,Sai krupa Chats Centre,places,en,25,12.975936449999999,77.53864375,12.9736662,77.5381304,0,blr2,Bengaluru,2026-08-31T09:14:57.557370Z
ChIJWT5PcN09rjsRlKnnbw7K_Yg,Vijayanagar Food Street,places,en,25,12.975936449999999,77.53864375,12.9735831,77.5381139,0,blr2,Bengaluru,2026-08-31T09:14:57.557376Z
ChIJ13wRQeg9rjsRIMwXf2UYpoY,Siri fresh chicken center,places,en,25,12.975936449999999,77.53864375,12.9776355,77.54074849999999,0,blr2,Bengaluru,2026-08-31T09:14:57.557381Z
ChIJZ-s3ft09rjsR_YOwhKzsIhE,Indira Canteen,places,en,25,12.975936449999999,77.53864375,12.973290500000001,77.53899539999999,0,blr2,Bengaluru,2026-08-31T09:14:57.557386Z
ChIJ6YNwKNc9rjsRAAAAMCfrkHM,Halli Mane Hotel,places,en,26,12.969392,77.52538965,12.968797499999999,77.5248285,0,blr2,Bengaluru,2026-08-31T09:14:57.989316Z
ChIJLwzSCho9rjsRJr5NhfMduzY,SHANTHI HOTEL Mrs. V SHANTHI.,places,en,26,12.969392,77.52538965,12.969993899999999,77.5247974,0,blr2,Bengaluru,2026-08-31T09:14:57.989345Z
ChIJJew0KNc9rjsRxLGkCf1cF9k,Sri Banashankari Donne Biriyani & Kabab Center,places,en,26,12.969392,77.52538965,12.968907199999999,77.5245982,0,blr2,Bengaluru,2026-08-31T09:14:57.989353Z
ChIJv2RkYgA9rjsROq3I60vCvWA,Brahmasri Kabab & Biriyani,places,en,26,12.969392,77.52538965,12.9685109,77.5258523,0,blr2,Bengaluru,2026-08-31T09:14:57.989359Z
ChIJG1FywdA9rjsR0QM38SXqUgc,Ambur Dhum Biriyani,places,en,26,12.969392,77.52538965,12.9703579,77.52570930000002,0,blr2,Bengaluru,2026-08-31T09:14:57.989364Z
ChIJ6YUpIic9rjsRxkV-ZLWa7gI,Ashok Beeda Stall,places,en,26,12.969392,77.52538965,12.9690604,77.5243426,0,blr2,Bengaluru,2026-08-31T09:14:57.989369Z
ChIJ5Y22w9A9rjsRAAAAMJk_jFo,Sri Brahmalingeshwara Tiffin Center,places,en,26,12.969392,77.52538965,12.970685399999999,77.5256417,0,blr2,Bengaluru,2026-08-31T09:14:57.989374Z
ChIJ4cUxVZQ9rjsRsOmMztVIa3A,BIRIYANI KINGS,places,en,26,12.969392,77.52538965,12.970170099999999,77.524142,0,blr2,Bengaluru,2026-08-31T09:14:57.989379Z
ChIJeWQPFmA9rjsRDOtdMy48utQ,Davangere benne dose,places,en,26,12.969392,77.52538965,12.968487999999999,77.524202,0,blr2,Bengaluru,2026-08-31T09:14:57.989384Z
ChIJI6eKWwc9rjsRDVF7d_3yEjc,Chandramma,places,en,26,12.969392,77.52538965,12.9682461,77.5263238,0,blr2,Bengaluru,2026-08-31T09:14:57.989389Z
ChIJG_0PohY9rjsRHkq63rIYzLQ,Sri Vinayaka Chats,places,en,26,12.969392,77.52538965,12.970395499999999,77.5265081,0,blr2,Bengaluru,2026-08-31T09:14:57.989394Z
ChIJkVoF39A9rjsRQDirjLTDoMs,"Shree Mahalakshmi Sweets, Moodalapalya",places,en,26,12.969392,77.52538965,12.970699,77.5246162,0,blr2,Bengaluru,2026-08-31T09:14:57.989399Z
ChIJffJo0849rjsRutff5926CZE,Ayodhya Vaibhava,places,en,26,12.969392,77.52538965,12.970861699999999,77.5248881,0,blr2,Bengaluru,2026-08-31T09:14:57.989404Z
ChIJKTGRSFU9rjsRpiEyloWypls,HOTEL MANOSHRI,places,en,26,12.969392,77.52538965,12.969600999999999,77.523748,0,blr2,Bengaluru,2026-08-31T09:14:57.989409Z
ChIJzVc3JQA9rjsRmVdrG_yT2-Y,Farm fresh chicken,places,en,26,12.969392,77.52538965,12.9708408,77.5246791,0,blr2,Bengaluru,2026-08-31T09:14:57.989414Z
ChIJvbrZPG49rjsR9Mw3hmW3Lgw,Rahul Varma HUF,places,en,26,12.969392,77.52538965,12.968145600000001,77.52427209999999,0,blr2,Bengaluru,2026-08-31T09:14:57.989419Z
ChIJu_HI8oM9rjsRN26-2HWVtzU,Kowshik Gowda Hotel,places,en,26,12.969392,77.52538965,12.971024799999999,77.52508329999999,0,blr2,Bengaluru,2026-08-31T09:14:57.989424Z
ChIJRf_AWAA9rjsR2j7kkfeWG8s,five star chicken mudalapalya,places,en,26,12.969392,77.52538965,12.968101800000001,77.52428470000001,0,blr2,Bengaluru,2026-08-31T09:14:57.989429Z
ChIJh5OzOh49rjsRnB20oQmqZn0,Gobi Manchurian Shop,places,en,26,12.969392,77.52538965,12.971136399999999,77.52509979999999,0,blr2,Bengaluru,2026-08-31T09:14:57.989433Z
ChIJ43KCtGg9rjsRi3uutb74skk,DESI INDIAN PIZZA,places,en,26,12.969392,77.52538965,12.968033,77.5242203,0,blr2,Bengaluru,2026-08-31T09:14:57.989438Z
ChIJR9rkBsE9rjsR4ZlQv3uVFlA,Kabbalamma Suguna Chicken Center,places,en,27,12.9733336,77.55887254999999,12.973649,77.55803730000001,0,blr2,Bengaluru,2026-08-31T09:14:58.333364Z
ChIJfT1AC3Y9rjsRHUlKc5iHjUo,Ronav's Kitchen,places,en,27,12.9733336,77.55887254999999,12.973063699999999,77.5580311,0,blr2,Bengaluru,2026-08-31T09:14:58.333392Z
ChIJN3wfEvk9rjsROFiSF89UDH0,Sri Durga Upahara,places,en,27,12.9733336,77.55887254999999,12.973110799999999,77.5579884,0,blr2,Bengaluru,2026-08-31T09:14:58.333400Z
ChIJFY40Cvk9rjsRaqfIjlayPC8,MAGADI ROAD MILITARY HOTEL,places,en,27,12.9733336,77.55887254999999,12.9736958,77.55788869999999,0,blr2,Bengaluru,2026-08-31T09:14:58.333406Z
ChIJm8-PAwA9rjsRcVNtjAX75NY,Paratha Mane,places,en,27,12.9733336,77.55887254999999,12.9745797,77.5590191,0,blr2,Bengaluru,2026-08-31T09:14:58.333411Z
ChIJQ4m-6Zk9rjsR0_OBBpxZbek,Ka02biryani,places,en,27,12.9733336,77.55887254999999,12.972353499999999,77.5598431,0,blr2,Bengaluru,2026-08-31T09:14:58.333417Z
ChIJ8YLqLAA9rjsRuMXqoANGq2w,Vijay Kumar,places,en,27,12.9733336,77.55887254999999,12.973241499999999,77.56028309999999,0,blr2,Bengaluru,2026-08-31T09:14:58.333422Z
ChIJnUsnhT89rjsR0l0h992wvdM,Janani Chicken Center,places,en,27,12.9733336,77.55887254999999,12.9737102,77.56046099999999,0,blr2,Bengaluru,2026-08-31T09:14:58.333427Z
ChIJp67h_vk9rjsR9H1xxiFCckg,Shree Annapurna Juice and Snacks,places,en,27,12.9733336,77.55887254999999,12.9742611,77.55725570000001,0,blr2,Bengaluru,2026-08-31T09:14:58.333432Z
ChIJgx668R49rjsReyKt_JnuVjg,Harvi Cafe,places,en,27,12.9733336,77.55887254999999,12.9752992,77.55860659999999,0,blr2,Bengaluru,2026-08-31T09:14:58.333437Z
ChIJHz70L2JrrjsRuDJhkq0FaZE,Shiv Shakti Caterers,places,en,27,12.9733336,77.55887254999999,12.9724091,77.5606971,0,blr2,Bengaluru,2026-08-31T09:14:58.333442Z
ChIJD1L5PzA9rjsRZG9cD4pvy6c,Food Junction And Paratha Center Mr. Hari Ram,places,en,27,12.9733336,77.55887254999999,12.9719885,77.5604121,0,blr2,Bengaluru,2026-08-31T09:14:58.333447Z
ChIJiU3Nzvg9rjsROBTGq3tw5O0,Silickon Chicken Centre,places,en,27,12.9733336,77.55887254999999,12.9716103,77.560037,0,blr2,Bengaluru,2026-08-31T09:14:58.333452Z
ChIJpRMyyvk9rjsRxb2PVkfgDnM,FOODIZ ADDA,places,en,27,12.9733336,77.55887254999999,12.975513999999999,77.5587662,0,blr2,Bengaluru,2026-08-31T09:14:58.333457Z
ChIJ-TRayfg9rjsRIhomT2qfiXA,Sri Raghavendra Sri Saibaba Hotel,places,en,27,12.9733336,77.55887254999999,12.971579799999999,77.560159,0,blr2,Bengaluru,2026-08-31T09:14:58.333462Z
ChIJAxSVy_k9rjsRSyHFUZPY3I0,New Udupi Grand,places,en,27,12.9733336,77.55887254999999,12.975628799999999,77.5588142,0,blr2,Bengaluru,2026-08-31T09:14:58.333469Z
ChIJewkDWz89rjsRd4UQ3WjrFtE,R.S. Hotel Ambur Biriyani,places,en,27,12.9733336,77.55887254999999,12.9715156,77.5603039,0,blr2,Bengaluru,2026-08-31T09:14:58.333475Z
ChIJTUlMyfk9rjsRGiNPH9g5cvo,ಸ್ಟಾರ್ ಬಿರಿಯಾನಿ,places,en,27,12.9733336,77.55887254999999,12.975687599999999,77.5586601,0,blr2,Bengaluru,2026-08-31T09:14:58.333480Z
ChIJU1Dn5XE9rjsR2tjz0fEKc5w,Sri Venkateshwara Poultry Farm,places,en,27,12.9733336,77.55887254999999,12.9713236,77.5601156,0,blr2,Bengaluru,2026-08-31T09:14:58.333485Z
ChIJz7N9xvk9rjsRHArlTA73-eg,Karnataka Biriyani Point,places,en,27,12.9733336,77.55887254999999,12.975618800000001,77.5581653,0,blr2,Bengaluru,2026-08-31T09:14:58.333491Z
ChIJ6TmfQy89rjsRx49InUdHArs,Thrupthi Foods,places,en,28,12.9726935,77.55145425,12.972132,77.55170079999999,0,blr2,Bengaluru,2026-08-31T09:14:58.706015Z
ChIJBzKTKPs9rjsR4WeDsDBtUSE,HOTEL KAMADENU,places,en,28,12.9726935,77.55145425,12.9733377,77.5511061,0,blr2,Bengaluru,2026-08-31T09:14:58.706043Z
ChIJk2e6lqU9rjsR4mcJ-0sBYOA,Davanagere Bombay mirchi masala,places,en,28,12.9726935,77.55145425,12.9733808,77.551075,0,blr2,Bengaluru,2026-08-31T09:14:58.706048Z
ChIJm_crBQA9rjsRF5PpsIFaoPo,Utsav Cafe,places,en,28,12.9726935,77.55145425,12.973426,77.55173180000001,0,blr2,Bengaluru,2026-08-31T09:14:58.706053Z
ChIJKU-E-7U9rjsR5wgtOErumJA,GRP FRESH CHICKEN CENTER,places,en,28,12.9726935,77.55145425,12.973426,77.55173180000001,0,blr2,Bengaluru,2026-08-31T09:14:58.706057Z
ChIJHaWpzj49rjsRR6OnfGbkCpo,Chicago Pizza-GT World Mall,places,en,28,12.9726935,77.55145425,12.9735143,77.5516069,0,blr2,Bengaluru,2026-08-31T09:14:58.706061Z
ChIJa6X3LPs9rjsRvDDNHOcmJO4,Kushal Biriyani Corner,places,en,28,12.9726935,77.55145425,12.973060199999999,77.5506395,0,blr2,Bengaluru,2026-08-31T09:14:58.706065Z
ChIJGz8HtDQ9rjsRmLfq1VC30M4,Kadamba Veg,places,en,28,12.9726935,77.55145425,12.973491399999999,77.55176469999999,0,blr2,Bengaluru,2026-08-31T09:14:58.706069Z
ChIJw3zTXqE9rjsRoQRf8bGYZvA,Wow! Momo,places,en,28,12.9726935,77.55145425,12.973559,77.55173180000001,0,blr2,Bengaluru,2026-08-31T09:14:58.706073Z
ChIJEb_1wsU9rjsRww5_GZ2JNbI,Samosa Singh - GT World Mall,places,en,28,12.9726935,77.55145425,12.973460099999999,77.551977,0,blr2,Bengaluru,2026-08-31T09:14:58.706076Z
ChIJfRy0CAA9rjsRCQDc4duQmVE,Five star chicken,places,en,28,12.9726935,77.55145425,12.9736198,77.5514555,0,blr2,Bengaluru,2026-08-31T09:14:58.706080Z
ChIJCZPuKYs9rjsR09_X71jr2eQ,Burgano,places,en,28,12.9726935,77.55145425,12.973564699999999,77.55184799999999,0,blr2,Bengaluru,2026-08-31T09:14:58.706083Z
ChIJE2YhLgA9rjsRjbOh1Vd5gr8,Gowdru Biryani And Kabab House,places,en,28,12.9726935,77.55145425,12.9734758,77.5508132,0,blr2,Bengaluru,2026-08-31T09:14:58.706087Z
ChIJZ9EzTAA9rjsRA1iNWljWDW8,Jus' Biriyani,places,en,28,12.9726935,77.55145425,12.9737066,77.5516451,0,blr2,Bengaluru,2026-08-31T09:14:58.706090Z
ChIJtZf2J-89rjsR9-Lc80HLohs,Burger King,places,en,28,12.9726935,77.55145425,12.9737,77.55170129999999,0,blr2,Bengaluru,2026-08-31T09:14:58.706094Z
ChIJ6S8XzeQ9rjsRLDYzrVrIdKU,S R Y Biriyani Point,places,en,28,12.9726935,77.55145425,12.9728541,77.55034549999999,0,blr2,Bengaluru,2026-08-31T09:14:58.706098Z
ChIJeRDV7n09rjsRGdI4K5_5jIw,SRI BRAHMI TIFFENS.,places,en,28,12.9726935,77.55145425,12.972660699999999,77.5503106,0,blr2,Bengaluru,2026-08-31T09:14:58.706102Z
ChIJbflXfAA9rjsRPcvhJytkWXc,Kshatriya’s Kitchen,places,en,28,12.9726935,77.55145425,12.9728795,77.55032299999999,0,blr2,Bengaluru,2026-08-31T09:14:58.706105Z
ChIJJXyPlnk9rjsRfi_09kfRneY,Marhaba,places,en,28,12.9726935,77.55145425,12.97384,77.551502,0,blr2,Bengaluru,2026-08-31T09:14:58.706109Z
ChIJaaXV3G49rjsRBBhJVARBzCU,RENAISSANCE BAR AND RESTAURANT,places,en,28,12.9726935,77.55145425,12.9729671,77.5502443,0,blr2,Bengaluru,2026-08-31T09:14:58.706112Z
ChIJkdoq1jERrjsRx0DG-oUVWSY,Thangavel P Tiffen Stall,places,en,29,12.99142905,77.6799796,12.9913714,77.6801598,0,blr2,Bengaluru,2026-08-31T09:14:59.155855Z
ChIJKSJeIAARrjsR5ymj1VzfF_4,Jems Wood fired pizza,places,en,29,12.99142905,77.6799796,12.9915757,77.6801521,0,blr2,Bengaluru,2026-08-31T09:14:59.155885Z
ChIJlX0rEGsRrjsRpJEw-4lNmFc,Karpaga Vinayakar Hot Chips,places,en,29,12.99142905,77.6799796,12.9916646,77.68026689999999,0,blr2,Bengaluru,2026-08-31T09:14:59.155890Z
ChIJZ1XQdF0RrjsRbu77OnjZYKs,Mumbai Vadapav Company - Authentic Vada Pav and more,places,en,29,12.99142905,77.6799796,12.991087799999999,77.68025779999999,0,blr2,Bengaluru,2026-08-31T09:14:59.155895Z
ChIJncVWqGsRrjsROUBqnxnGl68,Sri Sai Ram Hot Chips,places,en,29,12.99142905,77.6799796,12.9909191,77.67994999999999,0,blr2,Bengaluru,2026-08-31T09:14:59.155899Z
ChIJWQasEWsRrjsREG6An7wpMKw,Rukku Chicken Centre,places,en,29,12.99142905,77.6799796,12.9920143,77.6803073,0,blr2,Bengaluru,2026-08-31T09:14:59.155903Z
ChIJwf7XrmsRrjsRawsPLTaiXlE,FIVE STAR CHICKEN,places,en,29,12.99142905,77.6799796,12.990734,77.6799005,0,blr2,Bengaluru,2026-08-31T09:14:59.155907Z
ChIJcaSwgeMRrjsRj6zC-4X5JHU,JEMS PIZZA CASTLE,places,en,29,12.99142905,77.6799796,12.9921524,77.6802757,0,blr2,Bengaluru,2026-08-31T09:14:59.155910Z
ChIJ17g7gcURrjsRuSKz-oQFrmY,Hotel Sri Vari Bangalore Bun Parotta,places,en,29,12.99142905,77.6799796,12.990665499999999,77.6799309,0,blr2,Bengaluru,2026-08-31T09:14:59.155914Z
ChIJjaa6u2gRrjsRnRfCm6gN52o,AMBUR HOT DUM BIRIYANI,places,en,29,12.99142905,77.6799796,12.9906565,77.6799127,0,blr2,Bengaluru,2026-08-31T09:14:59.155918Z
ChIJb2ZJnZwRrjsRUv8HYD-M1Xk,INDO CHINESE STREET,places,en,29,12.99142905,77.6799796,12.992265699999999,77.6801431,0,blr2,Bengaluru,2026-08-31T09:14:59.155921Z
ChIJHWrcJgARrjsRH_ZjSQG2Wz4,Bangarpet Pani puri,places,en,29,12.99142905,77.6799796,12.9922762,77.68014500000001,0,blr2,Bengaluru,2026-08-31T09:14:59.155924Z
ChIJCYB7VgARrjsRwHdtaCILX54,Wok Bliss,places,en,29,12.99142905,77.6799796,12.992288,77.6801471,0,blr2,Bengaluru,2026-08-31T09:14:59.155928Z
ChIJZ0rormsRrjsRH-qUNlAJzJs,Manjunatha Bar & Restaurant,places,en,29,12.99142905,77.6799796,12.9905593,77.67984729999999,0,blr2,Bengaluru,2026-08-31T09:14:59.155931Z
ChIJR6EKcQARrjsRiwt8xR0j8V0,Shawarma House,places,en,29,12.99142905,77.6799796,12.992313699999999,77.68024009999999,0,blr2,Bengaluru,2026-08-31T09:14:59.155934Z
ChIJN6-1SQARrjsRO8OyDSaYEMw,Flavours United,places,en,29,12.99142905,77.6799796,12.992372999999999,77.6799881,0,blr2,Bengaluru,2026-08-31T09:14:59.155938Z
ChIJ2xdS0y4RrjsRolNgmVPtU80,The Waffles Junction,places,en,29,12.99142905,77.6799796,12.992344399999999,77.6802498,0,blr2,Bengaluru,2026-08-31T09:14:59.155941Z
ChIJY9Wm4WwRrjsRPCNhq6w1H1M,Rolls & Grills,places,en,29,12.99142905,77.6799796,12.9922952,77.6804002,0,blr2,Bengaluru,2026-08-31T09:14:59.155945Z
ChIJ242k10IRrjsRIk2jnXyiz-Q,Ramzan biryani style 🤲🍲🍲🍲,places,en,29,12.99142905,77.6799796,12.9925181,77.67975600000001,0,blr2,Bengaluru,2026-08-31T09:14:59.155948Z
ChIJWe59uk4RrjsRtdT1lNmrGp8,CAFÉ DAY,places,en,29,12.99142905,77.6799796,12.990305399999999,77.6798237,0,blr2,Bengaluru,2026-08-31T09:14:59.155952Z
ChIJLSHVPkw_rjsRTUmcGr-95as,D ROOFTOP DHABA,places,en,30,12.96066085,77.5172218,12.9589285,77.51769019999999,0,blr2,Bengaluru,2026-08-31T09:14:59.561518Z
ChIJ3wUdbEI_rjsRUsOh-95_BkU,ICE N SPICE,places,en,30,12.96066085,77.5172218,12.958781199999999,77.5179696,0,blr2,Bengaluru,2026-08-31T09:14:59.561555Z
ChIJSZSSXQA_rjsRMKFee7ZjeMo,Suguna chicken center,places,en,30,12.96066085,77.5172218,12.960104099999999,77.5192489,0,blr2,Bengaluru,2026-08-31T09:14:59.561561Z
ChIJW0AIOgA_rjsRncMKJLDS4N0,Thindi jatre,places,en,30,12.96066085,77.5172218,12.9584757,77.51669079999999,0,blr2,Bengaluru,2026-08-31T09:14:59.561570Z
ChIJ7QunHAA_rjsRtIMq0_UpcAg,"Manohar Bro Egg rice, Kabab and Liver fry",places,en,30,12.96066085,77.5172218,12.958706,77.518417,0,blr2,Bengaluru,2026-08-31T09:14:59.561574Z
ChIJ5Ypk8H4-rjsR-QPi1Lq7HC0,Bombay Suiting & Shirting,places,en,30,12.96066085,77.5172218,12.960013,77.51947009999999,0,blr2,Bengaluru,2026-08-31T09:14:59.561577Z
ChIJp7QfzMk_rjsRPOC4NfFmXCI,Hotel Sri Sai Baba Tiffan Center VANI V,places,en,30,12.96066085,77.5172218,12.9584104,77.5165119,0,blr2,Bengaluru,2026-08-31T09:14:59.561581Z
ChIJ1W9elgQ_rjsRznNbU_SB5NU,"Domino's Pizza | Triveni, Nagarbhavi-2, Bangalore, Karnataka",places,en,30,12.96066085,77.5172218,12.9586542,77.5185077,0,blr2,Bengaluru,2026-08-31T09:14:59.561585Z
ChIJY5iZjH4-rjsR5G8QX9Bqdn4,Ambur Hot Dum Biriyani,places,en,30,12.96066085,77.5172218,12.959220300000002,77.51933989999999,0,blr2,Bengaluru,2026-08-31T09:14:59.561588Z
ChIJzY8QNgA_rjsR6Bvt1UHsLd8,Levels Microbrewery & Kitchen,places,en,30,12.96066085,77.5172218,12.958617199999999,77.5187655,0,blr2,Bengaluru,2026-08-31T09:14:59.561592Z
ChIJD99BcQA_rjsRxGN1USNeB-4,Shree Basaveshwara Chats,places,en,30,12.96066085,77.5172218,12.958096399999999,77.5170287,0,blr2,Bengaluru,2026-08-31T09:14:59.561595Z
ChIJDzMY2Ws_rjsRvgV9zfW6PNQ,Mahadev Anna Mutton Biryani and White Chicken Biryani Centre,places,en,30,12.96066085,77.5172218,12.958554699999999,77.51890379999999,0,blr2,Bengaluru,2026-08-31T09:14:59.561599Z
ChIJwXjp5kA_rjsRSz4EPItVkXo,Shuddh aahaar - gratifying meals,places,en,31,12.97046735,77.51531305,12.9705111,77.51488309999999,0,blr2,Bengaluru,2026-08-31T09:14:59.907706Z
ChIJEcJdJm09rjsRzjToe-DyF5s,NEW MARATHA JONNE BIRYANI HOUSE,places,en,31,12.97046735,77.51531305,12.9695041,77.5154129,0,blr2,Bengaluru,2026-08-31T09:14:59.907757Z
ChIJhSKUTQA9rjsRgIkHmHFMwEA,Basaveshwara khanavali ಬಸವೇಶ್ವರ ಖಾನಾವಳಿ,places,en,31,12.97046735,77.51531305,12.9694735,77.51562919999999,0,blr2,Bengaluru,2026-08-31T09:14:59.907772Z
ChIJIUIlVU09rjsR6DUBej0I_XU,Annapoorneshwari Tiffin Centre,places,en,31,12.97046735,77.51531305,12.969401399999999,77.51608809999999,0,blr2,Bengaluru,2026-08-31T09:14:59.907778Z
ChIJuccLYtM9rjsRaYyDfgUVoKs,Sri sai Ram Hot Chips K GOPINATH,places,en,31,12.97046735,77.51531305,12.969220199999999,77.5159778,0,blr2,Bengaluru,2026-08-31T09:14:59.907783Z
ChIJ-e6aFCc9rjsRMqpobO2CdEo,Nachi's Bangarapete Chats Nagarabhavi,places,en,31,12.97046735,77.51531305,12.969698699999999,77.5139605,0,blr2,Bengaluru,2026-08-31T09:14:59.907787Z
ChIJUxi3PwA9rjsRzP-_NGaSuvg,Bhel House,places,en,31,12.97046735,77.51531305,12.969661600000002,77.51397,0,blr2,Bengaluru,2026-08-31T09:14:59.907791Z
ChIJS1cycK89rjsRsqg1weWnjhI,NANJUNDESHWARA FRESH FRUITS,places,en,31,12.97046735,77.51531305,12.968993099999999,77.5141551,0,blr2,Bengaluru,2026-08-31T09:14:59.907795Z
ChIJ6Ul5ROs9rjsRJ72uIkZq6Yw,Spicy secret,places,en,32,12.979415849999999,77.5273203,12.9795564,77.527377,0,blr2,Bengaluru,2026-08-31T09:15:00.251687Z
ChIJZeL8XM89rjsRs6tEJLSnbaU,R.R Chicken,places,en,32,12.979415849999999,77.5273203,12.9796538,77.5269828,0,blr2,Bengaluru,2026-08-31T09:15:00.251717Z
ChIJtT8pybE9rjsRr6H9A4Xz7gE,Sri Durga Tiffin Center,places,en,32,12.979415849999999,77.5273203,12.980635699999999,77.5270602,0,blr2,Bengaluru,2026-08-31T09:15:00.251724Z
ChIJ0YBAMIg9rjsRFgV5OvC7YDE,Mangalore Kabab Corner,places,en,32,12.979415849999999,77.5273203,12.9806667,77.5272238,0,blr2,Bengaluru,2026-08-31T09:15:00.251729Z
ChIJ-wPlANI9rjsRq13JUp4j-pU,J J fish fry,places,en,32,12.979415849999999,77.5273203,12.9787726,77.5258711,0,blr2,Bengaluru,2026-08-31T09:15:00.251733Z
ChIJYZQPJuY9rjsRsFlk7u1W53Y,PM's Kitchen,places,en,32,12.979415849999999,77.5273203,12.9778183,77.5260108,0,blr2,Bengaluru,2026-08-31T09:15:00.251738Z
ChIJ-YWhNjE9rjsRcL25vegSRyA,Keerthi Hotel,places,en,32,12.979415849999999,77.5273203,12.977642399999999,77.5258544,0,blr2,Bengaluru,2026-08-31T09:15:00.251742Z
ChIJ-QMxrAs9rjsRqgC4AwfF75w,Sri Veereshwara Upahara Mandira,places,en,32,12.979415849999999,77.5273203,12.978268499999999,77.5252862,0,blr2,Bengaluru,2026-08-31T09:15:00.251746Z
ChIJK8Ru5Qo9rjsRqbCUA1IgGzs,Sri Guru Raghavendra Condiments,places,en,32,12.979415849999999,77.5273203,12.977637399999999,77.52583950000002,0,blr2,Bengaluru,2026-08-31T09:15:00.251750Z
ChIJG64tNIw9rjsRzG-Y70itJqQ,KUPENDRA RAO CHATS,places,en,32,12.979415849999999,77.5273203,12.9810305,77.5255942,0,blr2,Bengaluru,2026-08-31T09:15:00.251754Z
ChIJe9j0WSM9rjsR49aM6m0oiPA,Duthishree,places,en,32,12.979415849999999,77.5273203,12.9776849,77.5255899,0,blr2,Bengaluru,2026-08-31T09:15:00.251758Z
ChIJm8b0ls89rjsR6cjJH5BPiXI,Sri Sai Chicken Palace,places,en,32,12.979415849999999,77.5273203,12.9770559,77.5263076,0,blr2,Bengaluru,2026-08-31T09:15:00.251762Z
ChIJZ95IMac9rjsRcClQbJVZDmw,S L V HOTEL,places,en,32,12.979415849999999,77.5273203,12.9776464,77.5252824,0,blr2,Bengaluru,2026-08-31T09:15:00.251766Z
ChIJUdwTOwA9rjsRgQygLRNSypw,Nayanapriya cable network,places,en,33,13.009141549999999,77.55865575,13.0087777,77.5597131,0,blr2,Bengaluru,2026-08-31T09:15:00.677869Z
ChIJQXu6egA9rjsRH3UepS279nY,Biryani Canteen,places,en,33,13.009141549999999,77.55865575,13.0087715,77.5597129,0,blr2,Bengaluru,2026-08-31T09:15:00.677899Z
ChIJh2sf1YE9rjsRWpf2vWC6hdk,Sri Ranganatha Chicken Center,places,en,33,13.009141549999999,77.55865575,13.0104271,77.55919449999999,0,blr2,Bengaluru,2026-08-31T09:15:00.677906Z
ChIJF7OMylc9rjsRh-HtSqbfWYQ,Bread & Roll,places,en,33,13.009141549999999,77.55865575,13.0101865,77.5575487,0,blr2,Bengaluru,2026-08-31T09:15:00.677911Z
ChIJJ_hUXwA9rjsRRY01RCb9fLA,Padmas naati style,places,en,33,13.009141549999999,77.55865575,13.0080534,77.55735469999999,0,blr2,Bengaluru,2026-08-31T09:15:00.677915Z
ChIJseuZVQA9rjsRzqd3UUPRYfU,Hotel Navayuga,places,en,33,13.009141549999999,77.55865575,13.007759799999999,77.5574084,0,blr2,Bengaluru,2026-08-31T09:15:00.677920Z
ChIJdVs0EwA9rjsRIfs8fnxVogQ,Atithi Gardenia,places,en,33,13.009141549999999,77.55865575,13.0078327,77.5573008,0,blr2,Bengaluru,2026-08-31T09:15:00.677924Z
ChIJM3GGmqMXrjsR-9Bn6CtJsEQ,Geometry Brewery & Kitchen-Rajajinagar,places,en,33,13.009141549999999,77.55865575,13.0080431,77.55710049999999,0,blr2,Bengaluru,2026-08-31T09:15:00.677928Z
ChIJ5SxvnYE9rjsR2l1qVKmLTNg,1522 The Pub Malleshwara,places,en,33,13.009141549999999,77.55865575,13.0078049,77.5571212,0,blr2,Bengaluru,2026-08-31T09:15:00.677932Z
ChIJ_____4w9rjsRPo2kOJuIUhg,White Horse,places,en,33,13.009141549999999,77.55865575,13.0078092,77.5570977,0,blr2,Bengaluru,2026-08-31T09:15:00.677936Z
ChIJwzZm8YA9rjsRwImIibovKws,Best Chicken Center,places,en,33,13.009141549999999,77.55865575,13.007459899999999,77.5601104,0,blr2,Bengaluru,2026-08-31T09:15:00.677940Z
ChIJEdLs4-M9rjsRDk1HV3BnU6g,PEP Kitchen,places,en,33,13.009141549999999,77.55865575,13.0081042,77.55645969999999,0,blr2,Bengaluru,2026-08-31T09:15:00.677945Z
ChIJq3hZQwA9rjsR5mIXnWCn4UE,Namma Food Court,places,en,33,13.009141549999999,77.55865575,13.0079695,77.55643239999999,0,blr2,Bengaluru,2026-08-31T09:15:00.677950Z
ChIJz-HFwLI9rjsRkATJvMdWJ0o,Just Bake - Malleshwaram,places,en,33,13.009141549999999,77.55865575,13.007914099999999,77.5564146,0,blr2,Bengaluru,2026-08-31T09:15:00.677954Z
ChIJDzGCKoI9rjsRYQ43GBKK2V4,Cafe Coffee day,places,en,33,13.009141549999999,77.55865575,13.0079231,77.5563298,0,blr2,Bengaluru,2026-08-31T09:15:00.677958Z
ChIJT5bbIR09rjsR-NkIhl7Ex2A,Annapoorneshwari Mess,places,en,34,13.02111595,77.51814865,13.021453399999999,77.51866989999999,0,blr2,Bengaluru,2026-08-31T09:15:01.125535Z
ChIJyfD8JHY9rjsRbjvqP9NcLkU,Storeking Club - Udupi Ruchi Catering,places,en,34,13.02111595,77.51814865,13.021200499999999,77.5174444,0,blr2,Bengaluru,2026-08-31T09:15:01.125563Z
ChIJ8YttbAA9rjsRIiMKkFn778E,Pro tech car care,places,en,34,13.02111595,77.51814865,13.0220121,77.51879459999999,0,blr2,Bengaluru,2026-08-31T09:15:01.125569Z
ChIJf2k30Rw9rjsRqFBIAxERjcc,Just Biriyani,places,en,34,13.02111595,77.51814865,13.020548199999999,77.5193567,0,blr2,Bengaluru,2026-08-31T09:15:01.125573Z
ChIJjc3o3u89rjsRxOWJJ_QMODs,Md Nafij,places,en,34,13.02111595,77.51814865,13.0211039,77.51670090000002,0,blr2,Bengaluru,2026-08-31T09:15:01.125577Z
ChIJh7saWCA9rjsR0VITFqb42cg,Sri manjunatha juice and condiments (bakery),places,en,34,13.02111595,77.51814865,13.020726999999999,77.5195828,0,blr2,Bengaluru,2026-08-31T09:15:01.125581Z
ChIJKwu_BAA9rjsRoUcI7yP5Heo,Ambur Dum Biryani Hotel,places,en,34,13.02111595,77.51814865,13.0212161,77.5166797,0,blr2,Bengaluru,2026-08-31T09:15:01.125585Z
ChIJc-vhZAA9rjsRJ3uOIasX90A,Rashidul,places,en,34,13.02111595,77.51814865,13.0209931,77.5166303,0,blr2,Bengaluru,2026-08-31T09:15:01.125588Z
ChIJF5HKdwA9rjsRKQv75yp10mw,NAMMANE BIRIYANI MAHADEVI R,places,en,34,13.02111595,77.51814865,13.0215107,77.51663239999999,0,blr2,Bengaluru,2026-08-31T09:15:01.125592Z
ChIJ24U92Xw9rjsRB-IGOIAow-I,Maruthi Banana Shop. Hanumantharaya K S O Nagann,places,en,34,13.02111595,77.51814865,13.0196352,77.5186269,0,blr2,Bengaluru,2026-08-31T09:15:01.125600Z
ChIJLUdUZR09rjsR26nhaBO6Bec,PADMASHREE SIRAYNI & KABAB CORNER,places,en,34,13.02111595,77.51814865,13.022046699999999,77.5167802,0,blr2,Bengaluru,2026-08-31T09:15:01.125604Z
ChIJVSkp6fY9rjsR21lRCsH_Uo4,Bidadi thatte idli and evening Chinese,places,en,34,13.02111595,77.51814865,13.019776499999999,77.51908019999999,0,blr2,Bengaluru,2026-08-31T09:15:01.125612Z
ChIJdR9gcB09rjsRF2WOJbrcujU,N R Fast Food,places,en,34,13.02111595,77.51814865,13.022243399999999,77.5168798,0,blr2,Bengaluru,2026-08-31T09:15:01.125615Z
ChIJaTdrDR49rjsRl_We3ALsqzw,KARUNAKARA Hotel,places,en,34,13.02111595,77.51814865,13.0224374,77.5192667,0,blr2,Bengaluru,2026-08-31T09:15:01.125619Z
ChIJdfGubD89rjsRKZL-eV63GSQ,A1 BIRIYANI AND EGG RICE PAROTA JUNCTION,places,en,34,13.02111595,77.51814865,13.0224499,77.51704819999999,0,blr2,Bengaluru,2026-08-31T09:15:01.125623Z
ChIJWfGSLwA9rjsRzGsXM3bzjjM,Life Line's Tender Chicken Rajgopal Nagar,places,en,34,13.02111595,77.51814865,13.022145,77.51665539999999,0,blr2,Bengaluru,2026-08-31T09:15:01.125626Z
ChIJE0bYdh09rjsR9hNhyzUaQ9E,Balaji Bar & Restaurant Roof Garden,places,en,34,13.02111595,77.51814865,13.022441200000001,77.516896,0,blr2,Bengaluru,2026-08-31T09:15:01.125630Z
ChIJhRz3wp49rjsRetsNWKi8laA,Sunrise Bar and Lounge,places,en,34,13.02111595,77.51814865,13.022473600000001,77.5194436,0,blr2,Bengaluru,2026-08-31T09:15:01.125633Z
ChIJRezA7Rw9rjsRGTG169_HYkM,Vidhathri Foods Pvt Ltd,places,en,34,13.02111595,77.51814865,13.022212699999999,77.5200865,0,blr2,Bengaluru,2026-08-31T09:15:01.125637Z
ChIJn8C4qgI9rjsRd7FKN_QGcmM,Younus Bhai Chicken Biryani,places,en,34,13.02111595,77.51814865,13.019833499999999,77.5161918,0,blr2,Bengaluru,2026-08-31T09:15:01.125641Z
ChIJffMpHnIRrjsRCKow4LqlzK8,Spice Darbar,places,en,35,12.990916949999999,77.6885405,12.990975899999999,77.6883532,0,blr2,Bengaluru,2026-08-31T09:15:01.478490Z
ChIJMzTRtKQRrjsRIqmETKqaPmQ,Bhavani Andhra Mess,places,en,35,12.990916949999999,77.6885405,12.9905718,77.6884141,0,blr2,Bengaluru,2026-08-31T09:15:01.478529Z
ChIJRxoFb1cRrjsR2k0rZnOMrwc,Telugu Vilas Mahadevapura,places,en,35,12.990916949999999,77.6885405,12.9909611,77.6880601,0,blr2,Bengaluru,2026-08-31T09:15:01.478536Z
ChIJ4fhZ_QURrjsRX2Q6rE9A7Sk,DP AMBUR HOT DUM BIRIYANI,places,en,35,12.990916949999999,77.6885405,12.9903833,77.6883733,0,blr2,Bengaluru,2026-08-31T09:15:01.478541Z
ChIJ43_oc3IRrjsRL-H9pn4iuQE,Punjabi Kitchen,places,en,35,12.990916949999999,77.6885405,12.9903097,77.6884354,0,blr2,Bengaluru,2026-08-31T09:15:01.478546Z
ChIJTbDzqHMRrjsRe4Jpy8u3MH4,Infinity Family Restaurant,places,en,35,12.990916949999999,77.6885405,12.991155899999999,77.6878424,0,blr2,Bengaluru,2026-08-31T09:15:01.478550Z
ChIJPUGvgW0RrjsRR0sHiNlSN00,Durga shree tiffin center,places,en,35,12.990916949999999,77.6885405,12.9913443,77.6879361,0,blr2,Bengaluru,2026-08-31T09:15:01.478554Z
ChIJ3yMGRU8RrjsROzJy3gRSVFY,Maa Mangala Sweets & Tiffin Center,places,en,35,12.990916949999999,77.6885405,12.990130899999999,77.6887672,0,blr2,Bengaluru,2026-08-31T09:15:01.478559Z
ChIJnRgc_MMRrjsRgCOVhtkCjAE,Sri Ellamma Tiffen And Snacks Shivaji Rao M,places,en,35,12.990916949999999,77.6885405,12.9918683,77.6885097,0,blr2,Bengaluru,2026-08-31T09:15:01.478563Z
ChIJlRxAiW0RrjsRwnbcrpfVABs,SRI SAI HALLI MANE FOODS,places,en,35,12.990916949999999,77.6885405,12.9904428,77.68768229999999,0,blr2,Bengaluru,2026-08-31T09:15:01.478567Z
ChIJp16kjm0RrjsR-L-9eROTmUQ,NCR Bar & Restaurant,places,en,35,12.990916949999999,77.6885405,12.9904823,77.6875915,0,blr2,Bengaluru,2026-08-31T09:15:01.478571Z
ChIJ1axBASwRrjsR3nKlwdJtkIs,Anguraj Fish Fry,places,en,35,12.990916949999999,77.6885405,12.9918935,77.6881715,0,blr2,Bengaluru,2026-08-31T09:15:01.478576Z
ChIJ-Wa9IAARrjsRxAJnuL5ge_c,Udupi Ganesh Bhavan,places,en,35,12.990916949999999,77.6885405,12.9917827,77.6891253,0,blr2,Bengaluru,2026-08-31T09:15:01.478580Z
ChIJLZ6rteIRrjsRaBfF6Sz42wk,SRI ELLAMMA SNACKS & Tiffin CENTRE,places,en,35,12.990916949999999,77.6885405,12.9919632,77.688474,0,blr2,Bengaluru,2026-08-31T09:15:01.478584Z
ChIJqc2Rb-QRrjsRZYE0-F_LeX0,Sri Sai Naati Dum Biriyani,places,en,35,12.990916949999999,77.6885405,12.9916916,77.6893224,0,blr2,Bengaluru,2026-08-31T09:15:01.478589Z
ChIJcReOZgARrjsRbHA_vMYTFv4,Basaveshwara Khanavali,places,en,35,12.990916949999999,77.6885405,12.9898539,77.6881262,0,blr2,Bengaluru,2026-08-31T09:15:01.478593Z
ChIJTZR4NH8RrjsRWa3L5Z9XCmk,Bnr Bismillah Chicken And Fish Stall,places,en,35,12.990916949999999,77.6885405,12.9907291,77.6873718,0,blr2,Bengaluru,2026-08-31T09:15:01.478597Z
ChIJU9Qa6hcRrjsRWxN_lmmtzcM,EATCLUB | Order Food Online,places,en,35,12.990916949999999,77.6885405,12.989825,77.688045,0,blr2,Bengaluru,2026-08-31T09:15:01.478601Z
ChIJI2HdKwARrjsR0Yz4fP1QGz4,Rotti Mane Uttara Karnataka Style,places,en,35,12.990916949999999,77.6885405,12.991975,77.6891721,0,blr2,Bengaluru,2026-08-31T09:15:01.478605Z
ChIJTe29k-QRrjsRXP2kBYr6wS0,M K FAST FOODS,places,en,35,12.990916949999999,77.6885405,12.9914933,77.68741639999999,0,blr2,Bengaluru,2026-08-31T09:15:01.478609Z
ChIJdfrox4gTrjsRZthlMF-r01w,Bindaas Eat,places,en,36,12.9699548,77.68004655,12.9711257,77.6811939,0,blr2,Bengaluru,2026-08-31T09:15:01.857570Z
ChIJI2Gsw60RrjsRHe77QcVig9U,COASTAL KITCHEN,places,en,36,12.9699548,77.68004655,12.9717474,77.6803733,0,blr2,Bengaluru,2026-08-31T09:15:01.857594Z
ChIJF6oRUwARrjsRBPXKL3SgcV4,Nova Fish Market,places,en,36,12.9699548,77.68004655,12.971827399999999,77.67979489999999,0,blr2,Bengaluru,2026-08-31T09:15:01.857600Z
ChIJA6tOBgARrjsR_StckzVmUTw,Varahi Tiffins,places,en,36,12.9699548,77.68004655,12.971815699999999,77.67968259999999,0,blr2,Bengaluru,2026-08-31T09:15:01.857605Z
ChIJ1_mYXVMRrjsRFekUNrUmoIc,Infusionist,places,en,36,12.9699548,77.68004655,12.9715358,77.6787964,0,blr2,Bengaluru,2026-08-31T09:15:01.857609Z
ChIJceMKY9oRrjsRQTmP-SkUGuA,Gather restaurant Bangalore,places,en,36,12.9699548,77.68004655,12.971814199999999,77.68083539999999,0,blr2,Bengaluru,2026-08-31T09:15:01.857613Z
ChIJ2z0e5XYRrjsRqPIciCNwZnk,Kozhikodan Chai 'n' Kadikal,places,en,36,12.9699548,77.68004655,12.9719523,77.6797302,0,blr2,Bengaluru,2026-08-31T09:15:01.857617Z
ChIJw6l0_UwRrjsRAsrQvZkAGAU,ampm cafe,places,en,36,12.9699548,77.68004655,12.971943699999999,77.6804143,0,blr2,Bengaluru,2026-08-31T09:15:01.857621Z
ChIJY56ez2ERrjsRQCpmbqEWd-I,Madurai Idly Dosai Hotel,places,en,36,12.9699548,77.68004655,12.9719765,77.68025089999999,0,blr2,Bengaluru,2026-08-31T09:15:01.857625Z
ChIJofqd5mARrjsRENS1ycLkqk4,Kolkata Famous Kati Roll,places,en,36,12.9699548,77.68004655,12.9718016,77.68091369999999,0,blr2,Bengaluru,2026-08-31T09:15:01.857628Z
ChIJyc6UrHAVrjsRNMOpnPadBrs,Rannaghar Restaurant,places,en,36,12.9699548,77.68004655,12.9719477,77.6804796,0,blr2,Bengaluru,2026-08-31T09:15:01.857632Z
ChIJhS6iOdkTrjsR4o8AnAKqS0k,Uma's Home Food,places,en,36,12.9699548,77.68004655,12.971836,77.6808775,0,blr2,Bengaluru,2026-08-31T09:15:01.857636Z
ChIJ95k-vmERrjsRG5ZOFZ0TpSA,Aaa-o-ji Kha-o-ji Dosa Corner,places,en,36,12.9699548,77.68004655,12.972037,77.68030159999999,0,blr2,Bengaluru,2026-08-31T09:15:01.857640Z
ChIJl5_VBb4RrjsRk8WP1_IZWVg,Aaa-O-Ji-Kha-O-Ji Pav Bhaji & Tawa Pulav Center,places,en,36,12.9699548,77.68004655,12.972057,77.6803053,0,blr2,Bengaluru,2026-08-31T09:15:01.857644Z
ChIJt02NxPcTrjsRts6mJG48XnQ,"Pizza Hut | Vignan Nagar, Bangalore",places,en,36,12.9699548,77.68004655,12.9701208,77.6822175,0,blr2,Bengaluru,2026-08-31T09:15:01.857648Z
ChIJb3kGA9ETrjsRZrzL4Ld6TxQ,KFC,places,en,36,12.9699548,77.68004655,12.9701358,77.6822191,0,blr2,Bengaluru,2026-08-31T09:15:01.857652Z
ChIJg10whFQTrjsR65lHdzhesnA,Foods Court: A Multi Brand Cafe,places,en,36,12.9699548,77.68004655,12.970132699999999,77.6822452,0,blr2,Bengaluru,2026-08-31T09:15:01.857657Z
ChIJZ3VwkskTrjsRe1liOj7iXkA,Mad Chef,places,en,36,12.9699548,77.68004655,12.970218299999999,77.6822364,0,blr2,Bengaluru,2026-08-31T09:15:01.857661Z
ChIJKYOVcQARrjsR-GlUmIxZjbg,Smacky Charcoal Grilled Rolls,places,en,36,12.9699548,77.68004655,12.9721177,77.68031660000001,0,blr2,Bengaluru,2026-08-31T09:15:01.857665Z
ChIJKzJzqHoRrjsRRuKz_etahXA,Selvi mess,places,en,36,12.9699548,77.68004655,12.972157399999999,77.67994650000001,0,blr2,Bengaluru,2026-08-31T09:15:01.857669Z
ChIJ1TSiUQA9rjsRfMTe6DNkFUA,Magadi gowdru hotel,places,en,37,13.006568349999998,77.4955157,13.007598199999999,77.4979425,0,blr2,Bengaluru,2026-08-31T09:15:02.303035Z
ChIJmXiEB3w7rjsRr0E1CdszeOo,Jolada rotti hotel,places,en,38,13.0416616,77.46219535,13.042049299999999,77.4621015,0,blr2,Bengaluru,2026-08-31T09:15:02.699059Z
ChIJS1M-RgA7rjsRYy4qCioNyiI,Kalinga nati style family restaurant,places,en,38,13.0416616,77.46219535,13.0420783,77.4620774,0,blr2,Bengaluru,2026-08-31T09:15:02.699078Z
ChIJAffXG5Y7rjsROBtrfvhkA1w,Sri Ranganatha Restaurant,places,en,38,13.0416616,77.46219535,13.044000299999999,77.46211219999999,0,blr2,Bengaluru,2026-08-31T09:15:02.699084Z
ChIJu8X_LAA9rjsReZBgAJOwaGQ,Maruti Mess,places,en,39,12.98249085,77.47535415,12.983260999999999,77.475285,0,blr2,Bengaluru,2026-08-31T09:15:03.067008Z
ChIJ5ZiaRQs8rjsRhPFZxuRuZlc,Pavani Chats,places,en,39,12.98249085,77.47535415,12.9832516,77.4749942,0,blr2,Bengaluru,2026-08-31T09:15:03.067031Z
ChIJuyX4KFw9rjsRgMJbt4PtBIQ,Halli mane thindi oota,places,en,39,12.98249085,77.47535415,12.9834123,77.4754636,0,blr2,Bengaluru,2026-08-31T09:15:03.067036Z
ChIJ3SXsHqA9rjsRr5iihOM6tBY,Mayura biryani,places,en,39,12.98249085,77.47535415,12.983242899999999,77.4761442,0,blr2,Bengaluru,2026-08-31T09:15:03.067040Z
ChIJx0Uoo5w9rjsR6e2FsUQesYc,DHANANJAYA K L,places,en,39,12.98249085,77.47535415,12.9828262,77.47786409999999,0,blr2,Bengaluru,2026-08-31T09:15:03.067044Z
ChIJa0IGf549rjsRut6nFOHdOWQ,Shree Annapoorneshwari Halli Mane Upahara,places,en,39,12.98249085,77.47535415,12.982636699999999,77.47806829999999,0,blr2,Bengaluru,2026-08-31T09:15:03.067048Z
ChIJi51U_aQ-rjsRVdHMTxCrwJw,ನಾರ್ತ್ ಈಸ್ಟ್ ರೆಸಿಡೆನ್ಸಿ ವೆಲ್‌ಫೇರ್ ಅಸೋಸಿಯೇಷನ್,places,en,41,12.9540605,77.48438469999999,12.9527056,77.4845595,0,blr2,Bengaluru,2026-08-31T09:15:03.757129Z
ChIJ00zKZqA_rjsRK9nFoFHd_lo,Aishwarya Chats and Chainese Corner,places,en,41,12.9540605,77.48438469999999,12.9525223,77.4841915,0,blr2,Bengaluru,2026-08-31T09:15:03.757147Z
ChIJU-05CAA_rjsRlhewDMlhdHU,Chowdeshwari Tiffens,places,en,41,12.9540605,77.48438469999999,12.951861099999999,77.4838024,0,blr2,Bengaluru,2026-08-31T09:15:03.757152Z
ChIJ9VU1SAA_rjsRKpWVWqzEQ9w,Shero Home Food - Chettinad,places,en,41,12.9540605,77.48438469999999,12.9517369,77.4830147,0,blr2,Bengaluru,2026-08-31T09:15:03.757156Z
ChIJ0Q5oAAAVrjsRSLyUnV-FSKU,Sri Basaveshwara Khanavali,places,en,42,12.91552725,77.61998085,12.9158211,77.6206304,0,blr2,Bengaluru,2026-08-31T09:15:04.105016Z
ChIJmR3MTwAVrjsRIt0PCmgk1FE,Delhi Paharganj ke special,places,en,42,12.91552725,77.61998085,12.916493899999999,77.6204681,0,blr2,Bengaluru,2026-08-31T09:15:04.105036Z
ChIJLSMWYQAVrjsRrupxGsYJQi0,Weels on meals non veg,places,en,42,12.91552725,77.61998085,12.916522599999999,77.6193188,0,blr2,Bengaluru,2026-08-31T09:15:04.105042Z
ChIJLU60yLoVrjsR9QOY5wzBpg0,Bengali fun foods Bengaluru,places,en,42,12.91552725,77.61998085,12.9159852,77.61864630000001,0,blr2,Bengaluru,2026-08-31T09:15:04.105047Z
ChIJbRODcvoUrjsROHJc-LkbEFE,Domino's Pizza,places,en,42,12.91552725,77.61998085,12.9159426,77.6185449,0,blr2,Bengaluru,2026-08-31T09:15:04.105051Z
ChIJG_KGNwAVrjsRsAkvuTxLjiw,Gautham Hotel,places,en,42,12.91552725,77.61998085,12.9167788,77.6185531,0,blr2,Bengaluru,2026-08-31T09:15:04.105054Z
ChIJ8YyFBfoUrjsR6c3HAz39I50,Sri Venkateshwara Andhra Mess,places,en,42,12.91552725,77.61998085,12.916971499999999,77.61850249999999,0,blr2,Bengaluru,2026-08-31T09:15:04.105057Z
ChIJ9-hvA_oUrjsRhGvf5KrVDFw,HKGN HOTEL,places,en,42,12.91552725,77.61998085,12.917183699999999,77.61868559999999,0,blr2,Bengaluru,2026-08-31T09:15:04.105060Z
ChIJ-4SPBOMVrjsRzTJ7GTaTTnk,Om Krishitha Hotel,places,en,42,12.91552725,77.61998085,12.917335399999999,77.6185024,0,blr2,Bengaluru,2026-08-31T09:15:04.105064Z
ChIJIWnvyiM_rjsRSQH8lQyWV7U,SRI MANJUNATHA SWAMY TIFFEN CENTER MARISWAMY GOWDA,places,en,43,12.91078885,77.5109432,12.909912499999999,77.5097261,0,blr2,Bengaluru,2026-08-31T09:15:04.432695Z
ChIJ3yA30sE_rjsR15k_4w7c7V4,FULL CIRCLE - Taproom • Kitchen • Culture,places,en,43,12.91078885,77.5109432,12.908736900000001,77.5121989,0,blr2,Bengaluru,2026-08-31T09:15:04.432712Z
ChIJtTowAZY_rjsR8rFgMJdQC3I,Shawy Charcoal Shawarma,places,en,43,12.91078885,77.5109432,12.9096312,77.51323359999999,0,blr2,Bengaluru,2026-08-31T09:15:04.432717Z
ChIJccGEIpg_rjsR1rZiDfErHC0,Platform 65 Train Theme Restaurant,places,en,43,12.91078885,77.5109432,12.9093833,77.5130854,0,blr2,Bengaluru,2026-08-31T09:15:04.432721Z
ChIJifM910Y_rjsRnLiBCGvumUw,Big Bean Cafe,places,en,43,12.91078885,77.5109432,12.9093012,77.513031,0,blr2,Bengaluru,2026-08-31T09:15:04.432725Z
ChIJM5E0FwA_rjsRaKkVCxb6CCg,"Five Star Chicken, YGR Mall, RR Nagar",places,en,43,12.91078885,77.5109432,12.909294599999999,77.5130865,0,blr2,Bengaluru,2026-08-31T09:15:04.432728Z
ChIJtx09AUI_rjsRMkMYiT8cjww,154 Breakfast Club - RR Nagar,places,en,43,12.91078885,77.5109432,12.9115446,77.5135152,0,blr2,Bengaluru,2026-08-31T09:15:04.432731Z
ChIJqUnjtNQ_rjsR6gz-BHdIoFE,Shawy Sugar Cane,places,en,43,12.91078885,77.5109432,12.9089449,77.51291789999999,0,blr2,Bengaluru,2026-08-31T09:15:04.432734Z
ChIJ7-beaMY_rjsRAAAA0HKqkws,Sri Lakshmi Chicken Centre,places,en,44,12.906511250000001,77.5432936,12.9065584,77.5432984,0,blr2,Bengaluru,2026-08-31T09:15:04.806321Z
ChIJn9XXZUI_rjsRTb4ebfF8Bts,Five Star Chicken Uttarhalli,places,en,44,12.906511250000001,77.5432936,12.9063837,77.5432515,0,blr2,Bengaluru,2026-08-31T09:15:04.806344Z
ChIJedm5QcY_rjsRVR8Ud_h2KhE,O.P. NAMMURA BIRIVANI MANE,places,en,44,12.906511250000001,77.5432936,12.9065993,77.54320799999999,0,blr2,Bengaluru,2026-08-31T09:15:04.806350Z
ChIJJXK3QcY_rjsRwvA5t7UmseE,G.P. NAMMURA BIRIYANI MANE,places,en,44,12.906511250000001,77.5432936,12.9066049,77.54320919999999,0,blr2,Bengaluru,2026-08-31T09:15:04.806354Z
ChIJdyQtXAI_rjsRxx8VbD7qjP8,Biryani Center,places,en,44,12.906511250000001,77.5432936,12.9065338,77.5430798,0,blr2,Bengaluru,2026-08-31T09:15:04.806358Z
ChIJF35WaMY_rjsRVcs2__Bi3u4,Discomutton Chicken Stall,places,en,44,12.906511250000001,77.5432936,12.9063085,77.5434712,0,blr2,Bengaluru,2026-08-31T09:15:04.806361Z
ChIJE2Yy3fc_rjsRMvwcMcGSDok,Anus Cool Corner,places,en,44,12.906511250000001,77.5432936,12.906032699999999,77.5433491,0,blr2,Bengaluru,2026-08-31T09:15:04.806364Z
ChIJT73maMY_rjsRORH3VL9SGW0,New Maruthi Lunch Home,places,en,44,12.906511250000001,77.5432936,12.906110499999999,77.543588,0,blr2,Bengaluru,2026-08-31T09:15:04.806368Z
ChIJ1wrjwys_rjsRvnx2MobWrnw,Donne Biriyani Mane,places,en,44,12.906511250000001,77.5432936,12.9065177,77.5438286,0,blr2,Bengaluru,2026-08-31T09:15:04.806371Z
ChIJIwW5W8Y_rjsROiuKR6mZmnM,Om Ganesh Aahara Mane,places,en,44,12.906511250000001,77.5432936,12.905798599999999,77.5429233,0,blr2,Bengaluru,2026-08-31T09:15:04.806374Z
ChIJF2j2gPc_rjsRlo1KtkwZ7AE,Ambur Dum Biryani,places,en,44,12.906511250000001,77.5432936,12.9056044,77.5431478,0,blr2,Bengaluru,2026-08-31T09:15:04.806377Z
ChIJU-LpX8Y_rjsRZRYUdek242Y,SS Dum Chicken Biriyani,places,en,44,12.906511250000001,77.5432936,12.9056103,77.5430765,0,blr2,Bengaluru,2026-08-31T09:15:04.806380Z
ChIJex3KP0g_rjsRZHNcq_BQi54,Uttarahalli Egg Bonda,places,en,44,12.906511250000001,77.5432936,12.905920799999999,77.5425399,0,blr2,Bengaluru,2026-08-31T09:15:04.806383Z
ChIJ58UMAQA_rjsRCwY73MM0mOY,Iyengar’s Inn,places,en,44,12.906511250000001,77.5432936,12.905955599999999,77.542439,0,blr2,Bengaluru,2026-08-31T09:15:04.806387Z
ChIJuTxDzQI_rjsRXbbAZgANtyw,Nammura Upahara,places,en,44,12.906511250000001,77.5432936,12.9055982,77.5427138,0,blr2,Bengaluru,2026-08-31T09:15:04.806390Z
ChIJYbpiSQA_rjsRZIU7dtsPLD4,Hotel Durga Darshini,places,en,44,12.906511250000001,77.5432936,12.905505699999999,77.5425769,0,blr2,Bengaluru,2026-08-31T09:15:04.806393Z
ChIJU3nqU8Y_rjsRNrKbL78o7G4,Saviruchi Kabab Corner,places,en,44,12.906511250000001,77.5432936,12.905799,77.5421604,0,blr2,Bengaluru,2026-08-31T09:15:04.806396Z
ChIJRdVppbM_rjsR7OQ1k17lKMI,Venkatachalapathy vegetable shop,places,en,44,12.906511250000001,77.5432936,12.9053007,77.5438827,0,blr2,Bengaluru,2026-08-31T09:15:04.806399Z
ChIJPdSBdcY_rjsR3HhpV_u-DXo,S.Naidu Bar And Restaurant,places,en,44,12.906511250000001,77.5432936,12.906732499999999,77.5446322,0,blr2,Bengaluru,2026-08-31T09:15:04.806402Z
ChIJ6eQEBjU_rjsR-RPKYBrvT4E,SNS Maruthi Chicken and Mutton Center,places,en,44,12.906511250000001,77.5432936,12.905797399999999,77.542006,0,blr2,Bengaluru,2026-08-31T09:15:04.806405Z
ChIJc2Ea61EVrjsR7XDULvzxVTA,Sri Vinayaka Tiffin Center,places,en,45,12.96249845,77.64680535,12.9624779,77.6470046,0,blr2,Bengaluru,2026-08-31T09:15:05.163474Z
ChIJue9iPQQUrjsRHYOBlDUdXB8,New Vishnu Tiffin Room,places,en,45,12.96249845,77.64680535,12.9626127,77.6471256,0,blr2,Bengaluru,2026-08-31T09:15:05.163498Z
ChIJWZNmk8EVrjsRDOeNbm01Ypc,K Salthivel,places,en,45,12.96249845,77.64680535,12.962085499999999,77.6465558,0,blr2,Bengaluru,2026-08-31T09:15:05.163504Z
ChIJvbrrfjkVrjsRAK2rUSwW_IA,RSND HOTEL,places,en,45,12.96249845,77.64680535,12.9619629,77.6464933,0,blr2,Bengaluru,2026-08-31T09:15:05.163509Z
ChIJm0nm2ysVrjsRwOweeVH4vow,Tempting fast food,places,en,45,12.96249845,77.64680535,12.9634059,77.6472569,0,blr2,Bengaluru,2026-08-31T09:15:05.163512Z
ChIJQ23TPgAVrjsRXcGSxYao1Ks,Anil,places,en,45,12.96249845,77.64680535,12.963504299999999,77.6472127,0,blr2,Bengaluru,2026-08-31T09:15:05.163516Z
ChIJm2a8c5oVrjsREL46Ea94RSA,Pizzaaj,places,en,45,12.96249845,77.64680535,12.9613827,77.6463416,0,blr2,Bengaluru,2026-08-31T09:15:05.163520Z
ChIJaaXYVHAVrjsRH8CI2VaKJUY,WOK KITCHEN,places,en,45,12.96249845,77.64680535,12.9607871,77.6461849,0,blr2,Bengaluru,2026-08-31T09:15:05.163523Z
ChIJJX12W3QVrjsRzFW6NMtAL-A,Bengali Hotel,places,en,45,12.96249845,77.64680535,12.9606021,77.6462298,0,blr2,Bengaluru,2026-08-31T09:15:05.163526Z
ChIJFazCrwUUrjsRRDhSONbxAp4,Srinidhi Sagar,places,en,45,12.96249845,77.64680535,12.9607019,77.6458207,0,blr2,Bengaluru,2026-08-31T09:15:05.163530Z
ChIJMVcXGwYVrjsRfn6GEvivtDQ,MAA TARA HOTEL,places,en,45,12.96249845,77.64680535,12.9604916,77.64610669999999,0,blr2,Bengaluru,2026-08-31T09:15:05.163533Z
ChIJFVSwt2gVrjsRSxP-IZEspiU,NalamEats,places,en,45,12.96249845,77.64680535,12.9632577,77.64469749999999,0,blr2,Bengaluru,2026-08-31T09:15:05.163537Z
ChIJUzD-tlsVrjsRHPr_lNlZWBw,Maa Laxmi Bangali Hotel -Susanta Ghosh,places,en,45,12.96249845,77.64680535,12.960300499999999,77.6462853,0,blr2,Bengaluru,2026-08-31T09:15:05.163540Z
ChIJmYFyxAUUrjsRQ2009RsA3cM,Big Pitcher Indiranagar,places,en,45,12.96249845,77.64680535,12.960220399999999,77.6468902,0,blr2,Bengaluru,2026-08-31T09:15:05.163544Z
ChIJn7R0CQAVrjsRzfAM4sNNHvg,SNR FOOD CORNER,places,en,45,12.96249845,77.64680535,12.9604401,77.6457772,0,blr2,Bengaluru,2026-08-31T09:15:05.163547Z
ChIJeTjr7D4VrjsRQK_ZRKLmTf8,LUCKNOW SE,places,en,45,12.96249845,77.64680535,12.9602615,77.646036,0,blr2,Bengaluru,2026-08-31T09:15:05.163551Z
ChIJySyuewYUrjsR8h51GnoYCVg,Royal Club Dining,places,en,45,12.96249845,77.64680535,12.9608027,77.6484624,0,blr2,Bengaluru,2026-08-31T09:15:05.163555Z
ChIJkYL5WAAVrjsRbiB5uuoqaAA,Lucknow Street,places,en,45,12.96249845,77.64680535,12.960265699999999,77.6459914,0,blr2,Bengaluru,2026-08-31T09:15:05.163559Z
ChIJ1TF4G3cVrjsRUFoOjTNJo4Y,Joey's Pizza Express Delivery,places,en,45,12.96249845,77.64680535,12.9620543,77.64440669999999,0,blr2,Bengaluru,2026-08-31T09:15:05.163562Z
ChIJu9-9cQYUrjsRoCstV9isXd0,XU - Fashion|Bar|Kitchen,places,en,45,12.96249845,77.64680535,12.961231999999999,77.6488696,0,blr2,Bengaluru,2026-08-31T09:15:05.163566Z
ChIJF3-s3h8XrjsRBy6Y_LZD7YQ,Giselle Resto Cafe,places,en,46,13.0138705,77.62872415,13.0143918,77.62892389999999,0,blr2,Bengaluru,2026-08-31T09:15:05.515149Z
ChIJL5EM4pYXrjsR2pvY8BmYE1I,King's,places,en,46,13.0138705,77.62872415,13.0128918,77.62894,0,blr2,Bengaluru,2026-08-31T09:15:05.515177Z
ChIJL-Xda8oXrjsRVuC8yk0n8Rg,The Chef's Marination,places,en,46,13.0138705,77.62872415,13.012790800000001,77.6287973,0,blr2,Bengaluru,2026-08-31T09:15:05.515183Z
ChIJ-w8yP-AWrjsRaT2BnFPEjow,ARHAM'S KABAB HOUSE,places,en,46,13.0138705,77.62872415,13.0128136,77.6289852,0,blr2,Bengaluru,2026-08-31T09:15:05.515187Z
ChIJhwUcP-AWrjsRv0xODOGjhXE,Hayth Fish Stall,places,en,46,13.0138705,77.62872415,13.012810499999999,77.6290264,0,blr2,Bengaluru,2026-08-31T09:15:05.515191Z
ChIJu9OoXXQXrjsRJdwhPWVfLMQ,Ave Maria's Kitchen,places,en,46,13.0138705,77.62872415,13.012821299999999,77.6290779,0,blr2,Bengaluru,2026-08-31T09:15:05.515195Z
ChIJSUYucNcWrjsRlxOsf0vS3GQ,Om Shakthi Tiffin Center,places,en,46,13.0138705,77.62872415,13.014873999999999,77.62830919999999,0,blr2,Bengaluru,2026-08-31T09:15:05.515199Z
ChIJqSJdOOAWrjsREqfaq3WRnjQ,Navi's Kitchen,places,en,46,13.0138705,77.62872415,13.012733299999999,77.6286935,0,blr2,Bengaluru,2026-08-31T09:15:05.515202Z
ChIJfx6jimcXrjsR_5jB0rJsKJY,MT ONE BITE STORY,places,en,46,13.0138705,77.62872415,13.012718099999999,77.62863039999999,0,blr2,Bengaluru,2026-08-31T09:15:05.515206Z
ChIJ_7Au5EIXrjsRadJidHFhWuc,NAMMA MANE OOTA,places,en,46,13.0138705,77.62872415,13.015016399999999,77.62849969999999,0,blr2,Bengaluru,2026-08-31T09:15:05.515209Z
ChIJMQJfR-AWrjsRs3f1ViO-OCU,Mangalore Mini Lunch Home,places,en,46,13.0138705,77.62872415,13.0126329,77.628835,0,blr2,Bengaluru,2026-08-31T09:15:05.515213Z
ChIJdTS2QOAWrjsRVhHHsgd0BUk,Kushbu Biryani Centre,places,en,46,13.0138705,77.62872415,13.0126125,77.6289402,0,blr2,Bengaluru,2026-08-31T09:15:05.515216Z
ChIJX5q9WZIXrjsRqAhqucJ_k80,Anitha's Kitchen,places,en,46,13.0138705,77.62872415,13.014922799999999,77.6280204,0,blr2,Bengaluru,2026-08-31T09:15:05.515220Z
ChIJr-iCa5wXrjsRp1AbTerFvDg,Time Pause ⏯️ lingrajpuram,places,en,46,13.0138705,77.62872415,13.012930599999999,77.6296436,0,blr2,Bengaluru,2026-08-31T09:15:05.515223Z
ChIJu7ZJBbcXrjsR7ywggn5kGTg,S M BIRYANI FAMILY RESTAURANT,places,en,46,13.0138705,77.62872415,13.015281199999999,77.62877309999999,0,blr2,Bengaluru,2026-08-31T09:15:05.515227Z
ChIJWRaB84AXrjsRFIGjO2fL-SU,A1 ADNAN KABAB CENTRE,places,en,46,13.0138705,77.62872415,13.015391699999999,77.6287171,0,blr2,Bengaluru,2026-08-31T09:15:05.515230Z
ChIJ5y8xbQAXrjsRZXvOzS5Vvyw,DRAVIDA MANE,places,en,46,13.0138705,77.62872415,13.0149525,77.6275531,0,blr2,Bengaluru,2026-08-31T09:15:05.515236Z
ChIJ-5joF8EXrjsRtkQ0ThvXVmQ,Idli point Bengaluru Kacharakanahalli,places,en,46,13.0138705,77.62872415,13.015126799999999,77.6276558,0,blr2,Bengaluru,2026-08-31T09:15:05.515240Z
ChIJG-oFzFwXrjsRR3FMwjmFww0,Continental bites,places,en,46,13.0138705,77.62872415,13.0151196,77.62762699999999,0,blr2,Bengaluru,2026-08-31T09:15:05.515243Z
ChIJDyJ0OgAXrjsRfD4XB_or8Fo,Kanchivaram Café,places,en,46,13.0138705,77.62872415,13.012823500000001,77.6300885,0,blr2,Bengaluru,2026-08-31T09:15:05.515247Z
ChIJK-nzOQAVrjsRSntlBFphzv8,Samarasaa Enterprises [Tea Time],places,en,47,12.9051636,77.59115335,12.905213999999999,77.591099,0,blr2,Bengaluru,2026-08-31T09:15:06.068307Z
ChIJz1s8SAAVrjsRaUn6JxSRof4,Shivprakash Panipuri,places,en,47,12.9051636,77.59115335,12.9055944,77.5915105,0,blr2,Bengaluru,2026-08-31T09:15:06.068340Z
ChIJE3BgTxEVrjsR2v1NmmKKKq0,Raja Gobi JP Nagar,places,en,47,12.9051636,77.59115335,12.905546,77.59158819999999,0,blr2,Bengaluru,2026-08-31T09:15:06.068346Z
ChIJWfaZmhMVrjsRvvhD2cBiGpA,IDK Idly Dosa Kheema,places,en,47,12.9051636,77.59115335,12.9046725,77.59186389999999,0,blr2,Bengaluru,2026-08-31T09:15:06.068350Z
ChIJxwe0BWcVrjsRxmVqarigZYY,Chicken Man,places,en,47,12.9051636,77.59115335,12.9061118,77.5910926,0,blr2,Bengaluru,2026-08-31T09:15:06.068355Z
ChIJaXvhcQAVrjsRFEBxAytpi54,Original Burger Co. : JP Nagar,places,en,47,12.9051636,77.59115335,12.906153,77.5909903,0,blr2,Bengaluru,2026-08-31T09:15:06.068359Z
ChIJTS41-xMVrjsRBteGS-xiumw,Bangarpet Bites,places,en,47,12.9051636,77.59115335,12.9055397,77.5901562,0,blr2,Bengaluru,2026-08-31T09:15:06.068362Z
ChIJ-S42IpYVrjsRxp3QIDWSGDc,"Gwalia - Sweets, Namkeen & Restaurant",places,en,47,12.9051636,77.59115335,12.906152899999999,77.59074310000001,0,blr2,Bengaluru,2026-08-31T09:15:06.068366Z
ChIJoxHeUGEVrjsR-TRJorS_oZ8,MANJU EGG RICE CORNER MANJEGOWDA,places,en,47,12.9051636,77.59115335,12.9056949,77.5901815,0,blr2,Bengaluru,2026-08-31T09:15:06.068370Z
ChIJx2LgIoYVrjsRfsx7QqVhkb8,Brundavana Hotel,places,en,47,12.9051636,77.59115335,12.905545199999999,77.5900555,0,blr2,Bengaluru,2026-08-31T09:15:06.068374Z
ChIJQSMAQREVrjsRziPDefyBIrM,Cafe Coffee day,places,en,47,12.9051636,77.59115335,12.906102599999999,77.59187399999999,0,blr2,Bengaluru,2026-08-31T09:15:06.068377Z
ChIJmftwPskVrjsRWwxSemd-GGM,Karavali Zone,places,en,47,12.9051636,77.59115335,12.9055226,77.5900187,0,blr2,Bengaluru,2026-08-31T09:15:06.068382Z
ChIJh5Xc4BMVrjsRyRLZTgHJJbE,California Burrito Mexican Kitchen @ JP Nagar,places,en,47,12.9051636,77.59115335,12.9061197,77.59040809999999,0,blr2,Bengaluru,2026-08-31T09:15:06.068386Z
ChIJJabV3xMVrjsR04s7L6PBGco,Thalaivars Biryani,places,en,47,12.9051636,77.59115335,12.9061892,77.5904292,0,blr2,Bengaluru,2026-08-31T09:15:06.068389Z
ChIJc3ePuRYVrjsR197erMXszaw,Cakes N Cookies,places,en,47,12.9051636,77.59115335,12.9040751,77.5917456,0,blr2,Bengaluru,2026-08-31T09:15:06.068393Z
ChIJ1XAn2X8VrjsRBC5qeJUzGpE,Jr KV BIRIYANI,places,en,47,12.9051636,77.59115335,12.9059286,77.5901296,0,blr2,Bengaluru,2026-08-31T09:15:06.068397Z
ChIJZ2OF4BMVrjsR5zsLNp9Pz48,Eagle Bar and Restaurant,places,en,47,12.9051636,77.59115335,12.9061918,77.59040569999999,0,blr2,Bengaluru,2026-08-31T09:15:06.068401Z
ChIJCXsywxYVrjsRYjkWK1MPpa0,Kolkata Kathi Rolls,places,en,47,12.9051636,77.59115335,12.9059232,77.5901243,0,blr2,Bengaluru,2026-08-31T09:15:06.068405Z
ChIJb96A0MsVrjsRqS1TMKhRjY8,Keerthi's FAST FOOD,places,en,47,12.9051636,77.59115335,12.90593,77.5901256,0,blr2,Bengaluru,2026-08-31T09:15:06.068409Z
ChIJybed5hMVrjsRlHjPuejR3vY,Pallavi Restaurant,places,en,47,12.9051636,77.59115335,12.9058227,77.5900498,0,blr2,Bengaluru,2026-08-31T09:15:06.068412Z
ChIJb-mNLqUVrjsRp5Tkwn3F8KA,Mukund Lal,places,en,49,12.88951295,77.62053184999999,12.8892134,77.62009499999999,0,blr2,Bengaluru,2026-08-31T09:15:06.894978Z
ChIJPXIe8c8UrjsRR9HhfViVRbE,Maruti Hotel,places,en,49,12.88951295,77.62053184999999,12.8888699,77.6201466,0,blr2,Bengaluru,2026-08-31T09:15:06.895007Z
ChIJGer763sVrjsRLSt8IOdpqS4,BANGARPET PANIPURI CENTER,places,en,49,12.88951295,77.62053184999999,12.8904015,77.6203359,0,blr2,Bengaluru,2026-08-31T09:15:06.895013Z
ChIJG9eBRsUUrjsRUAM9_QxmbjU,Bangarpet Chats,places,en,49,12.88951295,77.62053184999999,12.8904351,77.62036859999999,0,blr2,Bengaluru,2026-08-31T09:15:06.895017Z
ChIJO3AAHW4VrjsRWkB19IsUTCk,Manna Kitchen,places,en,49,12.88951295,77.62053184999999,12.888371099999999,77.6214023,0,blr2,Bengaluru,2026-08-31T09:15:06.895021Z
ChIJSapJOcUUrjsR0hntDBK_c1s,R.VARDHAN Veg,places,en,49,12.88951295,77.62053184999999,12.891024499999999,77.62028629999999,0,blr2,Bengaluru,2026-08-31T09:15:06.895025Z
ChIJc6pJOcUUrjsRKmoVCR_8mEo,Anna Rice,places,en,49,12.88951295,77.62053184999999,12.8910249,77.6202864,0,blr2,Bengaluru,2026-08-31T09:15:06.895029Z
ChIJRzWaOwAVrjsR6vQD-VOyDGc,Jai Bhavani Upahaa,places,en,49,12.88951295,77.62053184999999,12.8882788,77.6195097,0,blr2,Bengaluru,2026-08-31T09:15:06.895033Z
ChIJi867l88UrjsRjAAGwbP7Bvk,Hotel Lakshmi Vilasam,places,en,49,12.88951295,77.62053184999999,12.888102199999999,77.6212723,0,blr2,Bengaluru,2026-08-31T09:15:06.895037Z
ChIJpQPVO8UUrjsR2xa9jCLWh3o,ANDHRA HOTEL,places,en,49,12.88951295,77.62053184999999,12.8911103,77.6201208,0,blr2,Bengaluru,2026-08-31T09:15:06.895041Z
ChIJh5ly-s8UrjsRW6R7De_1Wwk,Hot Spicy Kabab,places,en,49,12.88951295,77.62053184999999,12.891178799999999,77.62025969999999,0,blr2,Bengaluru,2026-08-31T09:15:06.895045Z
ChIJk4zwjEkVrjsRCXwDALpRsk4,Home Foodies Hub,places,en,49,12.88951295,77.62053184999999,12.8887593,77.6220862,0,blr2,Bengaluru,2026-08-31T09:15:06.895048Z
ChIJ9RUbxRsVrjsREK9R_mohSMI,HOT SPICY KABAB2,places,en,49,12.88951295,77.62053184999999,12.8912187,77.6202861,0,blr2,Bengaluru,2026-08-31T09:15:06.895052Z
ChIJATMhXCwVrjsRdRNZUrnmR9A,Kaicho kitchen,places,en,49,12.88951295,77.62053184999999,12.8879329,77.6214006,0,blr2,Bengaluru,2026-08-31T09:15:06.895055Z
ChIJmz7DBn0VrjsRniF6ZIMIm4M,Five star,places,en,49,12.88951295,77.62053184999999,12.8880653,77.6193359,0,blr2,Bengaluru,2026-08-31T09:15:06.895059Z
ChIJ5-5RTq4VrjsR4YFZ6ce0E1k,Andhra Chicken Kabab Corner,places,en,49,12.88951295,77.62053184999999,12.8913389,77.6202112,0,blr2,Bengaluru,2026-08-31T09:15:06.895062Z
ChIJ31aNZQAVrjsRL6sFDMHUzvA,Anis Tea corner,places,en,49,12.88951295,77.62053184999999,12.8877347,77.6213707,0,blr2,Bengaluru,2026-08-31T09:15:06.895066Z
ChIJlROiklMVrjsRSjok1WdR1aM,Delfrez,places,en,49,12.88951295,77.62053184999999,12.8877779,77.61957869999999,0,blr2,Bengaluru,2026-08-31T09:15:06.895069Z
ChIJwxB0o88UrjsR1b6OFsrVyT8,GOWDRU HOTEL,places,en,49,12.88951295,77.62053184999999,12.887702599999999,77.6215536,0,blr2,Bengaluru,2026-08-31T09:15:06.895073Z
ChIJUZK6VwAVrjsR31Azrquk7WM,Pork shop & hotel,places,en,49,12.88951295,77.62053184999999,12.887856,77.61923,0,blr2,Bengaluru,2026-08-31T09:15:06.895077Z
ChIJpfJ5UN4VrjsReqGAPvC7vf0,Sri Mandarati Fast Food,places,en,50,12.96699555,77.6362317,12.967055,77.6368243,0,blr2,Bengaluru,2026-08-31T09:15:07.240741Z
ChIJhUrc2B0UrjsRtDUdh2WmoDg,California Burrito Mexican Kitchen @ Indira Nagar,places,en,50,12.96699555,77.6362317,12.9674465,77.6366261,0,blr2,Bengaluru,2026-08-31T09:15:07.240777Z
ChIJZ4aqEj4VrjsR-crRSBCSbVM,ITC MasterChef,places,en,50,12.96699555,77.6362317,12.9674584,77.6366243,0,blr2,Bengaluru,2026-08-31T09:15:07.240785Z
ChIJo52D31cVrjsRPIyDsI7ywds,Navathanyam,places,en,50,12.96699555,77.6362317,12.966680199999999,77.6369711,0,blr2,Bengaluru,2026-08-31T09:15:07.240789Z
ChIJuZmrCh4UrjsRkGtJdCh4WfQ,Chung Wah Indiranagar 中華餐館,places,en,50,12.96699555,77.6362317,12.9678047,77.6364183,0,blr2,Bengaluru,2026-08-31T09:15:07.240794Z
ChIJRQGMJAAVrjsRumIu43UZaYE,Tanjore Tiffins,places,en,50,12.96699555,77.6362317,12.9666272,77.6369881,0,blr2,Bengaluru,2026-08-31T09:15:07.240798Z
ChIJKyAMes0VrjsRjJI-NeeMqy0,Coracle,places,en,50,12.96699555,77.6362317,12.9667405,77.635397,0,blr2,Bengaluru,2026-08-31T09:15:07.240802Z
ChIJld56dVkVrjsR0usOalF3buo,Kuchina Pasta Bar,places,en,50,12.96699555,77.6362317,12.9661446,77.63601489999999,0,blr2,Bengaluru,2026-08-31T09:15:07.240806Z
ChIJHXmLuUIVrjsRpNMFCFnAvaQ,Beyondburg Inc. Indiranagar,places,en,50,12.96699555,77.6362317,12.9665567,77.63709089999999,0,blr2,Bengaluru,2026-08-31T09:15:07.240809Z
ChIJq3LyZuQVrjsR3nFnEECHGFo,Nirula's Indiranagar,places,en,50,12.96699555,77.6362317,12.9668686,77.63723010000001,0,blr2,Bengaluru,2026-08-31T09:15:07.240813Z
ChIJFaj_HnMVrjsRGoYhE2g8X6s,Samosa Party Indiranagar,places,en,50,12.96699555,77.6362317,12.9680845,77.6363543,0,blr2,Bengaluru,2026-08-31T09:15:07.240817Z
ChIJ7RT90cUVrjsRs1kP9CfYS_M,Sri Udupi Food Hub,places,en,50,12.96699555,77.6362317,12.966426499999999,77.6372007,0,blr2,Bengaluru,2026-08-31T09:15:07.240821Z
ChIJi7UwawAVrjsRiZuZrrdxYOs,Toastid Co,places,en,50,12.96699555,77.6362317,12.966397899999999,77.6372226,0,blr2,Bengaluru,2026-08-31T09:15:07.240825Z
ChIJQwAAwKgWrjsRLWmcYi6tN2Y,Chung's Pavilion,places,en,50,12.96699555,77.6362317,12.966323899999999,77.6372586,0,blr2,Bengaluru,2026-08-31T09:15:07.240828Z
ChIJ2ctAQYoVrjsRzB0j8yEc1to,Oziano - The Taste Of Undivided Bangla,places,en,50,12.96699555,77.6362317,12.966244,77.6372897,0,blr2,Bengaluru,2026-08-31T09:15:07.240832Z
ChIJ53gdzK8VrjsRibMfwfYzChI,Chilli & Chives,places,en,50,12.96699555,77.6362317,12.9684067,77.6361436,0,blr2,Bengaluru,2026-08-31T09:15:07.240836Z
ChIJIz6ZpmAVrjsRB0yt4S_4x4w,Joyful Tangra,places,en,50,12.96699555,77.6362317,12.968478699999999,77.6360995,0,blr2,Bengaluru,2026-08-31T09:15:07.240840Z
ChIJj_YnkXQXrjsRg9uZzEwl1do,Sanjeevani Home Food,places,en,50,12.96699555,77.6362317,12.967976499999999,77.6374709,0,blr2,Bengaluru,2026-08-31T09:15:07.240844Z
ChIJ9ZClOeAVrjsRetxD6EzZT9o,Flax Cafe,places,en,50,12.96699555,77.6362317,12.968621899999999,77.6360736,0,blr2,Bengaluru,2026-08-31T09:15:07.240847Z
ChIJw1jndAAVrjsRjxd-jGiFsb0,#0Mini,places,en,50,12.96699555,77.6362317,12.9684615,77.63542369999999,0,blr2,Bengaluru,2026-08-31T09:15:07.240851Z
ChIJmfuKEQAVrjsRDnTri_z_QgQ,Mandya Mane Meals,places,en,51,12.89671265,77.5825124,12.8970941,77.5822443,0,blr2,Bengaluru,2026-08-31T09:15:07.614390Z
ChIJ32_EIXgVrjsRZAlzjzlGYXE,The Palms Brew and Kitchen,places,en,51,12.89671265,77.5825124,12.896706799999999,77.5818262,0,blr2,Bengaluru,2026-08-31T09:15:07.614418Z
ChIJX2u6xJ8VrjsRWK1wgAOFfz0,AMBUR HOT BUM BIRIYANI,places,en,51,12.89671265,77.5825124,12.897694699999999,77.58282609999999,0,blr2,Bengaluru,2026-08-31T09:15:07.614424Z
ChIJK9FyqkEVrjsRX_AoHqZpdac,SELVI'S AMBUR BIRIYANI,places,en,51,12.89671265,77.5825124,12.895999300000001,77.5817347,0,blr2,Bengaluru,2026-08-31T09:15:07.614428Z
ChIJpXWT2BoVrjsRfWaXvpm7-g0,Banashankari Military Hotel,places,en,51,12.89671265,77.5825124,12.8977258,77.5829122,0,blr2,Bengaluru,2026-08-31T09:15:07.614432Z
ChIJdYSNHscVrjsR0KYR8geNc18,Sri Durga Chicken Centre (A UNIT OF S K Poultry,places,en,51,12.89671265,77.5825124,12.897725699999999,77.5830819,0,blr2,Bengaluru,2026-08-31T09:15:07.614437Z
ChIJK0MpaJUVrjsRGUoJvMSA40Y,RAMAKRISHNA CATERING,places,en,51,12.89671265,77.5825124,12.8979856,77.5825492,0,blr2,Bengaluru,2026-08-31T09:15:07.614440Z
ChIJuxctB0EVrjsRDIigyb6niDI,Sri Rakesha upahara,places,en,51,12.89671265,77.5825124,12.8958172,77.5815653,0,blr2,Bengaluru,2026-08-31T09:15:07.614444Z
ChIJX_BfJUAVrjsR2gJb2P6A--s,Ramya Bar And Restaurant,places,en,51,12.89671265,77.5825124,12.898017999999999,77.5828191,0,blr2,Bengaluru,2026-08-31T09:15:07.614448Z
ChIJq4fVo_4VrjsRUSXbRETyKOA,AMBUT HOT DUN BIRYANI,places,en,51,12.89671265,77.5825124,12.8980438,77.58281939999999,0,blr2,Bengaluru,2026-08-31T09:15:07.614452Z
ChIJX82-YEgVrjsRcnsY2841vE8,Nandi Bidadi Thatte Idli,places,en,51,12.89671265,77.5825124,12.8981265,77.5826183,0,blr2,Bengaluru,2026-08-31T09:15:07.614455Z
ChIJ-Y2vzS0VrjsRS9bA7qtin1U,S K Poultry,places,en,51,12.89671265,77.5825124,12.896788299999999,77.5839599,0,blr2,Bengaluru,2026-08-31T09:15:07.614459Z
ChIJr6jk-a0VrjsRjdREKp3SPE0,Mahadeva chats,places,en,51,12.89671265,77.5825124,12.8953156,77.58185639999999,0,blr2,Bengaluru,2026-08-31T09:15:07.614462Z
ChIJXQ0WxsMVrjsR9yNhDF3Kj3Q,Sri krishna chats,places,en,51,12.89671265,77.5825124,12.898282799999999,77.5828154,0,blr2,Bengaluru,2026-08-31T09:15:07.614465Z
ChIJG9MoEQAVrjsRD8IXcdclEn0,Charan Tawa Fish Fry and Barbecue Centre,places,en,51,12.89671265,77.5825124,12.898318999999999,77.5825065,0,blr2,Bengaluru,2026-08-31T09:15:07.614469Z
ChIJP_vOWQAVrjsRIUXAEsPIBHE,Super Rolls,places,en,51,12.89671265,77.5825124,12.895359299999999,77.5816495,0,blr2,Bengaluru,2026-08-31T09:15:07.614472Z
ChIJD-hfUWsVrjsRWNH6JjTyqcw,Sri Raghavendra Tiffen Center,places,en,51,12.89671265,77.5825124,12.8983533,77.5827546,0,blr2,Bengaluru,2026-08-31T09:15:07.614477Z
ChIJazCZdwAVrjsR6IiNvwV6pWU,R R Uttara Karnataka KHANAVALI,places,en,51,12.89671265,77.5825124,12.898413699999999,77.5825759,0,blr2,Bengaluru,2026-08-31T09:15:07.614497Z
ChIJ75Y_ygsVrjsRouiTI7fnfPY,Ahara samskruthi,places,en,51,12.89671265,77.5825124,12.895105,77.5820461,0,blr2,Bengaluru,2026-08-31T09:15:07.614502Z
ChIJrf_jf3cVrjsRDuENoJC0hew,Tilak Hotel Thilak H,places,en,51,12.89671265,77.5825124,12.894934099999999,77.58185569999999,0,blr2,Bengaluru,2026-08-31T09:15:07.614506Z
ChIJj1e8KwAZrjsRwsCqwJVfEJw,VAIDIK KITCHEN,places,en,52,13.066392050000001,77.62646480000001,13.065429900000002,77.62739189999999,0,blr2,Bengaluru,2026-08-31T09:15:08.081071Z
ChIJ0QYPoN4ZrjsRx8tYxGm6-NA,Ruah Food Hub,places,en,52,13.066392050000001,77.62646480000001,13.0647969,77.6263512,0,blr2,Bengaluru,2026-08-31T09:15:08.081098Z
ChIJCcIOGAAZrjsR_-t6BvQS644,A.K DHAMU RESTRO,places,en,52,13.066392050000001,77.62646480000001,13.0646676,77.6264175,0,blr2,Bengaluru,2026-08-31T09:15:08.081103Z
ChIJE_SVZwAZrjsRSzzVFj8ftbc,Sri Achyuta Bhawan,places,en,52,13.066392050000001,77.62646480000001,13.0680789,77.62768779999999,0,blr2,Bengaluru,2026-08-31T09:15:08.081108Z
ChIJI7ClC1EZrjsRdzF-HfJgYWs,Manis Dum Biryani - Hegde Nagar,places,en,52,13.066392050000001,77.62646480000001,13.068571799999999,77.62670779999999,0,blr2,Bengaluru,2026-08-31T09:15:08.081112Z
ChIJkWgCNhIZrjsR2SKoQePT1n8,Rajlaxmi Kulfi Iec Cream,places,en,52,13.066392050000001,77.62646480000001,13.0684606,77.6276316,0,blr2,Bengaluru,2026-08-31T09:15:08.081116Z
ChIJbUoqfFUZrjsRzCdvReTxLgQ,Kuku Duku Family Restaurant,places,en,52,13.066392050000001,77.62646480000001,13.0683077,77.6279887,0,blr2,Bengaluru,2026-08-31T09:15:08.081120Z
ChIJq-3FmZQZrjsR2xXqhMkBEn4,Goli Vada Pav No.1,places,en,52,13.066392050000001,77.62646480000001,13.068748699999999,77.6258051,0,blr2,Bengaluru,2026-08-31T09:15:08.081124Z
ChIJT1gfvD8ZrjsReSX5VqS-lXg,Suruchi Veg,places,en,52,13.066392050000001,77.62646480000001,13.068693099999999,77.6274636,0,blr2,Bengaluru,2026-08-31T09:15:08.081127Z
ChIJCf_Q8aAZrjsRJdCgheCapnY,Swingby,places,en,52,13.066392050000001,77.62646480000001,13.068821,77.62564119999999,0,blr2,Bengaluru,2026-08-31T09:15:08.081192Z
ChIJKSPW1lI_rjsRo9aVgYE-h9c,COSTAL KITCHEN,places,en,53,12.9416879,77.54690975,12.9423727,77.5472973,0,blr2,Bengaluru,2026-08-31T09:15:09.424928Z
ChIJd024K8U_rjsRp-zoVacN3PM,Mandya Umesh Gowdara Mané Oota,places,en,53,12.9416879,77.54690975,12.9425219,77.54702449999999,0,blr2,Bengaluru,2026-08-31T09:15:09.424954Z
ChIJfeZQJmM_rjsR_YOUO5qdEqA,Yum Sum Momos,places,en,53,12.9416879,77.54690975,12.9408474,77.5465463,0,blr2,Bengaluru,2026-08-31T09:15:09.424960Z
ChIJxfKAahs_rjsRSE0K_kVwawo,Sri Krishna Grand - Veg Restaurant,places,en,53,12.9416879,77.54690975,12.942492999999999,77.54753819999999,0,blr2,Bengaluru,2026-08-31T09:15:09.424964Z
ChIJnfUnzZs_rjsROzdESKsY4rI,Corn World,places,en,53,12.9416879,77.54690975,12.9427053,77.5465674,0,blr2,Bengaluru,2026-08-31T09:15:09.424968Z
ChIJp2xG1Bc-rjsRhV5HG26NBSQ,Park View bar and restaurant,places,en,53,12.9416879,77.54690975,12.942453700000002,77.5477224,0,blr2,Bengaluru,2026-08-31T09:15:09.424971Z
ChIJ8aayuC8_rjsRwt2sIZTaURM,Star line restaurant,places,en,53,12.9416879,77.54690975,12.941265399999999,77.5479526,0,blr2,Bengaluru,2026-08-31T09:15:09.424975Z
ChIJ78_RJRY-rjsRg0SXop6wL7c,Sri Sagar Gobi Corner,places,en,53,12.9416879,77.54690975,12.9428065,77.54679639999999,0,blr2,Bengaluru,2026-08-31T09:15:09.424978Z
ChIJL0DCbwA_rjsRFVWLzknllB8,Shree Kamadhenu Brahmin's kitchen,places,en,53,12.9416879,77.54690975,12.942728299999999,77.5464196,0,blr2,Bengaluru,2026-08-31T09:15:09.424982Z
ChIJDVBvjpw_rjsRL63PojFrt7I,Biriyani Bytes,places,en,53,12.9416879,77.54690975,12.9412504,77.545839,0,blr2,Bengaluru,2026-08-31T09:15:09.424986Z
ChIJAZbyx9k_rjsRGE3EygSqNQ8,ARADHAN NON VEG,places,en,53,12.9416879,77.54690975,12.9423415,77.54796569999999,0,blr2,Bengaluru,2026-08-31T09:15:09.424990Z
ChIJ4yUizc0_rjsRUywuwsXWpMk,Biriyani Katte,places,en,53,12.9416879,77.54690975,12.942353899999999,77.5479723,0,blr2,Bengaluru,2026-08-31T09:15:09.424995Z
ChIJeRjqHhY-rjsRDO4ytMu6h_Y,sri krishna hot chips,places,en,53,12.9416879,77.54690975,12.9427285,77.54624249999999,0,blr2,Bengaluru,2026-08-31T09:15:09.424998Z
ChIJc5aMDu0_rjsRaA5wlo8WAnY,Karavali Nisarga,places,en,53,12.9416879,77.54690975,12.942551600000002,77.5478325,0,blr2,Bengaluru,2026-08-31T09:15:09.425002Z
ChIJ90C5vz0-rjsRv6m6MqpyKlk,Simple Thindies,places,en,53,12.9416879,77.54690975,12.940541999999999,77.5462632,0,blr2,Bengaluru,2026-08-31T09:15:09.425005Z
ChIJlWhq1hc-rjsRf0Wo1lEDtz0,Sri Krishana Bhavan,places,en,53,12.9416879,77.54690975,12.9424499,77.54810839999999,0,blr2,Bengaluru,2026-08-31T09:15:09.425009Z
ChIJV-DaPWc_rjsRjSMoS7BkybI,Brothers Biriyani - Top Rated Non Veg Restaurant in Girinagar,places,en,53,12.9416879,77.54690975,12.942310299999999,77.5482889,0,blr2,Bengaluru,2026-08-31T09:15:09.425012Z
ChIJsyLjLf8_rjsRpkERXVehuvY,Sumit bar and restaurant,places,en,53,12.9416879,77.54690975,12.942269699999999,77.5483181,0,blr2,Bengaluru,2026-08-31T09:15:09.425016Z
ChIJSRU6Xjc-rjsRwA9913uO_Q4,Meat and Eat,places,en,53,12.9416879,77.54690975,12.942871199999999,77.5458471,0,blr2,Bengaluru,2026-08-31T09:15:09.425019Z
ChIJdajuDj0-rjsRSzKvQbvvBnQ,Rotti Mane,places,en,53,12.9416879,77.54690975,12.940458999999999,77.54808179999999,0,blr2,Bengaluru,2026-08-31T09:15:09.425023Z
ChIJn11TuXU_rjsRPC_j6k0rylE,Teju Bangarpet charts and Juice Centre,places,en,54,12.9452912,77.54417475,12.945722499999999,77.5439481,0,blr2,Bengaluru,2026-08-31T09:15:09.779242Z
ChIJKwCIMXU_rjsRWtR6rppCsrc,Chowdeshwari Chicken Centre,places,en,54,12.9452912,77.54417475,12.9458153,77.5436336,0,blr2,Bengaluru,2026-08-31T09:15:09.779271Z
ChIJ9a5bKBQ-rjsRSHng8Wv4Ecs,Sri Chowdeshwari Hotel,places,en,54,12.9452912,77.54417475,12.945388800000002,77.5451018,0,blr2,Bengaluru,2026-08-31T09:15:09.779277Z
ChIJSass8RY_rjsR88kqgKNykc0,Karnataka Mutton Shop Khaja Qureshi,places,en,54,12.9452912,77.54417475,12.9442706,77.5454737,0,blr2,Bengaluru,2026-08-31T09:15:09.779282Z
ChIJc6O4RwA_rjsRP8df3V0YbnI,Sri Banashankari Gobi,places,en,54,12.9452912,77.54417475,12.946742900000002,77.5449053,0,blr2,Bengaluru,2026-08-31T09:15:09.779287Z
ChIJx_6FXFg5rjsR6uDFNd1dJ0U,Vishalakshi Chicken Center MUNIRAJU,places,en,54,12.9452912,77.54417475,12.945898099999999,77.5425513,0,blr2,Bengaluru,2026-08-31T09:15:09.779291Z
ChIJCxzcQhQ-rjsRsE8eN2Zp_1k,SRI GURURAGHAVENDRA HOT & COOL CORNER,places,en,54,12.9452912,77.54417475,12.9461768,77.5426667,0,blr2,Bengaluru,2026-08-31T09:15:09.779295Z
ChIJl66r3V8_rjsRM8xx-SNpalA,R S STAILIST BUTIQUE,places,en,54,12.9452912,77.54417475,12.9437163,77.5450742,0,blr2,Bengaluru,2026-08-31T09:15:09.779300Z
ChIJdXh0pBY-rjsRNdiHdVyA1B8,Sr Tender Chicken,places,en,54,12.9452912,77.54417475,12.9468275,77.5452069,0,blr2,Bengaluru,2026-08-31T09:15:09.779304Z
ChIJWU4_VAA_rjsReqsEzilYHV4,Five star chicken,places,en,54,12.9452912,77.54417475,12.946615999999999,77.545548,0,blr2,Bengaluru,2026-08-31T09:15:09.779309Z
ChIJCadlpBY-rjsRLYg1aYdAu6o,Karnataka Biryani Center,places,en,54,12.9452912,77.54417475,12.9468812,77.54524990000002,0,blr2,Bengaluru,2026-08-31T09:15:09.779313Z
ChIJV_QpMZU_rjsR1HsEb-ucVdc,Hotel Rajanna,places,en,54,12.9452912,77.54417475,12.9467515,77.5454419,0,blr2,Bengaluru,2026-08-31T09:15:09.779317Z
ChIJ3XERCxY-rjsRPFEDvHCAeOg,RAJANNA MILITARY HOTEL,places,en,54,12.9452912,77.54417475,12.9434987,77.5449879,0,blr2,Bengaluru,2026-08-31T09:15:09.779321Z
ChIJmRsFChY-rjsRA5t6F7OlRTA,Mohan Bar & Restaurant,places,en,54,12.9452912,77.54417475,12.943356399999999,77.5447983,0,blr2,Bengaluru,2026-08-31T09:15:09.779325Z
ChIJpVMUWQA_rjsRd5cOjIJl1xU,Viji Briyani & Kabab Centre,places,en,54,12.9452912,77.54417475,12.9472866,77.5444207,0,blr2,Bengaluru,2026-08-31T09:15:09.779329Z
ChIJ4xCQNAA_rjsRg9Tkd_TiJtU,Hotel Srikara,places,en,54,12.9452912,77.54417475,12.9471691,77.5452665,0,blr2,Bengaluru,2026-08-31T09:15:09.779333Z
ChIJ9wnwX1U_rjsRwJOAuBTypcs,GALAXY BAJJI CENTRE,places,en,54,12.9452912,77.54417475,12.9474675,77.54390970000001,0,blr2,Bengaluru,2026-08-31T09:15:09.779337Z
ChIJvzAePQA_rjsRohfigYUb7pk,L N Bhat,places,en,54,12.9452912,77.54417475,12.943810299999999,77.5458944,0,blr2,Bengaluru,2026-08-31T09:15:09.779341Z
ChIJ97Tq7BU-rjsRki18gQ54iIM,Vinay Bhel Corner,places,en,54,12.9452912,77.54417475,12.9431555,77.5434819,0,blr2,Bengaluru,2026-08-31T09:15:09.779345Z
ChIJieTM5Qo_rjsRvddu2-bffbY,Sri Bereshwara Gopi Corner,places,en,54,12.9452912,77.54417475,12.9449934,77.546461,0,blr2,Bengaluru,2026-08-31T09:15:09.779349Z
ChIJm6BlrM0_rjsRj-RO4DHKEFA,N J Fast Food Central,places,en,55,12.9543488,77.55088995,12.9545479,77.5508014,0,blr2,Bengaluru,2026-08-31T09:15:10.189397Z
ChIJW1g1KwA_rjsRvA7fLvvWLqY,Mamana mane,places,en,55,12.9543488,77.55088995,12.9548443,77.550817,0,blr2,Bengaluru,2026-08-31T09:15:10.189427Z
ChIJOVrT-Pc_rjsRbNjQx5q1XEk,Kaala Harish kabaab adda,places,en,55,12.9543488,77.55088995,12.9539323,77.55033019999999,0,blr2,Bengaluru,2026-08-31T09:15:10.189433Z
ChIJ3xgywiQ_rjsRX2ng4CAJsfU,Sachin chicken centre,places,en,55,12.9543488,77.55088995,12.954371199999999,77.55192269999999,0,blr2,Bengaluru,2026-08-31T09:15:10.189438Z
ChIJI6toyJk_rjsRARhy1xuD7n4,Smokey Barbeque Chicken,places,en,55,12.9543488,77.55088995,12.953339600000001,77.550782,0,blr2,Bengaluru,2026-08-31T09:15:10.189443Z
ChIJdew8zwQ_rjsR7oVx0XkWwMM,MANI HOTEL,places,en,55,12.9543488,77.55088995,12.9551932,77.5514662,0,blr2,Bengaluru,2026-08-31T09:15:10.189447Z
ChIJq-0mn9Q_rjsRUne_fBr_cgE,Annapoorneshwari Tiffin Centre,places,en,55,12.9543488,77.55088995,12.9543761,77.552005,0,blr2,Bengaluru,2026-08-31T09:15:10.189452Z
ChIJixdLRgA_rjsRMAKj5prv_XI,Sri annapoorneshwari catering services chamarajpete,places,en,55,12.9543488,77.55088995,12.954804999999999,77.551975,0,blr2,Bengaluru,2026-08-31T09:15:10.189456Z
ChIJqU1k7g8-rjsRDY1wE_YiT2E,Sri Ganesh Coffee Bar,places,en,55,12.9543488,77.55088995,12.9546763,77.5495985,0,blr2,Bengaluru,2026-08-31T09:15:10.189460Z
ChIJe8ZfL5M_rjsRxhXaKmAjjGo,BISMILLAH KABAB CENTER MOHAMMED SIKANDAR,places,en,55,12.9543488,77.55088995,12.9555138,77.5502696,0,blr2,Bengaluru,2026-08-31T09:15:10.189464Z
ChIJx__DagU-rjsRSp7_WDXQ800,Gowdru Military Hotel,places,en,55,12.9543488,77.55088995,12.9553567,77.5518433,0,blr2,Bengaluru,2026-08-31T09:15:10.189468Z
ChIJay1dXtc_rjsR4YHSUn4AqFc,JO’S HOME KITCHEN,places,en,55,12.9543488,77.55088995,12.9534747,77.5495921,0,blr2,Bengaluru,2026-08-31T09:15:10.189473Z
ChIJnefoEgU-rjsReU2vvb3A2Qs,LAKSHMI TIFFIN CENTRE,places,en,55,12.9543488,77.55088995,12.9558368,77.5520542,0,blr2,Bengaluru,2026-08-31T09:15:10.189477Z
ChIJCbdmu2s_rjsRTXWmbzSF6xw,MANISH PANI PURI,places,en,55,12.9543488,77.55088995,12.953577200000002,77.5530146,0,blr2,Bengaluru,2026-08-31T09:15:10.189481Z
ChIJvblG_G4_rjsRRCZ3RGCMMVI,Sagar Gobi corner,places,en,55,12.9543488,77.55088995,12.9521248,77.5518728,0,blr2,Bengaluru,2026-08-31T09:15:10.189485Z
ChIJe_PuOAA9rjsRT3gJUVF7xVM,Raajrathna bangarapete chats,places,en,56,12.99179305,77.50136275,12.99152,77.5016393,0,blr2,Bengaluru,2026-08-31T09:15:10.581763Z
ChIJ3UxmXDg9rjsR39EWZBj2jo0,KRISHNAPPA GOBI CORNER,places,en,56,12.99179305,77.50136275,12.9913584,77.5016365,0,blr2,Bengaluru,2026-08-31T09:15:10.581795Z
ChIJsaIFK0Q8rjsRNQDmWjfHAqk,Ullas Gobi Corner,places,en,56,12.99179305,77.50136275,12.991205599999999,77.50152539999999,0,blr2,Bengaluru,2026-08-31T09:15:10.581802Z
ChIJ36PhKkQ8rjsRgHeo2vdD_r0,Shalom Biriyani & Kabab,places,en,56,12.99179305,77.50136275,12.9911195,77.50163739999999,0,blr2,Bengaluru,2026-08-31T09:15:10.581807Z
ChIJZ3i0_2Q9rjsRc3CdxgUG7rA,MM FOODS,places,en,56,12.99179305,77.50136275,12.990953,77.5015817,0,blr2,Bengaluru,2026-08-31T09:15:10.581812Z
ChIJF3QfdkY8rjsRAAAA0BczVRE,Five star chicken Muddinpalya,places,en,56,12.99179305,77.50136275,12.990993399999999,77.50273120000001,0,blr2,Bengaluru,2026-08-31T09:15:10.581816Z
ChIJp5b4BQA9rjsRVZiflS9dRII,Renuka Mandakki Mane,places,en,56,12.99179305,77.50136275,12.9902397,77.5023195,0,blr2,Bengaluru,2026-08-31T09:15:10.581821Z
ChIJbzl6IQA9rjsRGbwClbjl2G4,Mad over momo,places,en,56,12.99179305,77.50136275,12.9900386,77.50067659999999,0,blr2,Bengaluru,2026-08-31T09:15:10.581825Z
ChIJK7Z3J4c9rjsR6zCSFDUaQuI,Swadistha dine in,places,en,56,12.99179305,77.50136275,12.9911277,77.50323279999999,0,blr2,Bengaluru,2026-08-31T09:15:10.581829Z
ChIJD4meZkY8rjsRo75HhNqRwb4,Durgashree Samruddhi Grand,places,en,56,12.99179305,77.50136275,12.989944699999999,77.50196609999999,0,blr2,Bengaluru,2026-08-31T09:15:10.581833Z
ChIJBVFGtBk9rjsRsxMvYGUiT_w,DAY TODAY FRESH CHICKEN,places,en,56,12.99179305,77.50136275,12.9912554,77.50331750000001,0,blr2,Bengaluru,2026-08-31T09:15:10.581838Z
ChIJMSnuHAA9rjsRSb0VJLD5RwA,Nanjappa tatte idli,places,en,56,12.99179305,77.50136275,12.989982,77.5022977,0,blr2,Bengaluru,2026-08-31T09:15:10.581842Z
ChIJtW46_Ow9rjsR73hHmGNuM6o,Thindi Katte,places,en,56,12.99179305,77.50136275,12.989704,77.50152489999999,0,blr2,Bengaluru,2026-08-31T09:15:10.581847Z
ChIJMeSHcEQ8rjsRiA5zs9IGkaE,Skanda hotel,places,en,56,12.99179305,77.50136275,12.992897899999999,77.4994665,0,blr2,Bengaluru,2026-08-31T09:15:10.581851Z
ChIJu4_I5UU8rjsRCnNAHtBZdEk,BANGALORE TIFFINS,places,en,56,12.99179305,77.50136275,12.991619,77.50361099999999,0,blr2,Bengaluru,2026-08-31T09:15:10.581855Z
ChIJy3IdZkY8rjsRoemgVuMQS7s,Magadi gobi manchuri corner,places,en,56,12.99179305,77.50136275,12.989828800000002,77.502467,0,blr2,Bengaluru,2026-08-31T09:15:10.581864Z
ChIJp8RtH1c9rjsRsTKeRkgcUiQ,Biriyani Koota Hotel,places,en,56,12.99179305,77.50136275,12.989532599999999,77.500942,0,blr2,Bengaluru,2026-08-31T09:15:10.581870Z
ChIJdRPYfEQ8rjsR5UIt-Y-u-eY,Sri Kalbayraveshwarra Candiments And Chats Centre,places,en,56,12.99179305,77.50136275,12.9933678,77.4996233,0,blr2,Bengaluru,2026-08-31T09:15:10.581874Z
ChIJ8-nddQA9rjsRCTi6pzi_rrE,Ambur Hot Briyani shop,places,en,56,12.99179305,77.50136275,12.9902559,77.50316629999999,0,blr2,Bengaluru,2026-08-31T09:15:10.581878Z
ChIJndE1nc49rjsR0mFLw0lCfPc,MADDUR NON VEG,places,en,56,12.99179305,77.50136275,12.9901679,77.50311909999999,0,blr2,Bengaluru,2026-08-31T09:15:10.581885Z
ChIJK-tPSLcXrjsREGR6khm7QQM,indira canteen 79,places,en,57,12.9958068,77.62090505,12.995847999999999,77.6213926,0,blr2,Bengaluru,2026-08-31T09:15:10.923007Z
ChIJK5CIQRgXrjsRqAGWGlMIdkU,Prabin Momos Corner,places,en,57,12.9958068,77.62090505,12.9961402,77.62132590000002,0,blr2,Bengaluru,2026-08-31T09:15:10.923033Z
ChIJqTRSWFQXrjsRS_zLZpjoURM,S L N TIFFENS,places,en,57,12.9958068,77.62090505,12.9961735,77.6213382,0,blr2,Bengaluru,2026-08-31T09:15:10.923039Z
ChIJqZ3R950XrjsRMF173gzY7Hc,PRABIN ACHARYA,places,en,57,12.9958068,77.62090505,12.996143700000001,77.62142030000001,0,blr2,Bengaluru,2026-08-31T09:15:10.923043Z
ChIJB3yo2e0WrjsR--0KgIbiXpc,SS Biryani House,places,en,57,12.9958068,77.62090505,12.9964763,77.62113959999999,0,blr2,Bengaluru,2026-08-31T09:15:10.923047Z
ChIJnVRCQUcXrjsRe2na4biO3WU,Thanu's Cafe Coxtown,places,en,57,12.9958068,77.62090505,12.9960741,77.62161379999999,0,blr2,Bengaluru,2026-08-31T09:15:10.923052Z
ChIJCaCDPFYXrjsRO3PzphUCf9k,Five Star chicken,places,en,57,12.9958068,77.62090505,12.9961782,77.6215801,0,blr2,Bengaluru,2026-08-31T09:15:10.923056Z
ChIJrXNYvu0WrjsRndJit-VN5TM,Slv Fast Food,places,en,57,12.9958068,77.62090505,12.995081599999999,77.6207859,0,blr2,Bengaluru,2026-08-31T09:15:10.923060Z
ChIJB-Z8MQAXrjsRoFjjQTGuhg8,SLN Nati style mess,places,en,57,12.9958068,77.62090505,12.9964639,77.621541,0,blr2,Bengaluru,2026-08-31T09:15:10.923064Z
ChIJl2RBNAAXrjsR56yaCoMfwt4,Royal Ambur biryani,places,en,57,12.9958068,77.62090505,12.9970295,77.6210397,0,blr2,Bengaluru,2026-08-31T09:15:10.923068Z
ChIJJyWrCO4WrjsR93qP5u-Ab_k,Richie Richies,places,en,57,12.9958068,77.62090505,12.9970041,77.6199812,0,blr2,Bengaluru,2026-08-31T09:15:10.923072Z
ChIJEdWKtPEXrjsRJmnZbPsDJFQ,KA Fast Food,places,en,57,12.9958068,77.62090505,12.9973247,77.62085499999999,0,blr2,Bengaluru,2026-08-31T09:15:10.923076Z
ChIJPap4IoIXrjsR0_a9DJhziUE,Arabian Brew Cafe,places,en,57,12.9958068,77.62090505,12.9974077,77.62061469999999,0,blr2,Bengaluru,2026-08-31T09:15:10.923080Z
ChIJ9YlDH_IWrjsRYz2h73zdgaM,Dolphins Bar and Kitchen-Coxtown,places,en,57,12.9958068,77.62090505,12.9968912,77.6196662,0,blr2,Bengaluru,2026-08-31T09:15:10.923084Z
ChIJ7Y-aLiAXrjsRfV1Cm35kSTU,Hotel Namma Chola,places,en,57,12.9958068,77.62090505,12.9977196,77.6211434,0,blr2,Bengaluru,2026-08-31T09:15:10.923092Z
ChIJgb5PZ4wXrjsRgo6RaYFM1xU,Suguna Delfrez - Chicken Shop in Cox Town,places,en,57,12.9958068,77.62090505,12.9977483,77.62094259999999,0,blr2,Bengaluru,2026-08-31T09:15:10.923096Z
ChIJb3al1u0WrjsRnkhDEu6LsH0,Fresh N Ground (Manasa Enterprises),places,en,57,12.9958068,77.62090505,12.9970147,77.6193128,0,blr2,Bengaluru,2026-08-31T09:15:10.923100Z
ChIJTxZNa-4WrjsRnHfz4lXKWyU,Sri Devi Cafe,places,en,57,12.9958068,77.62090505,12.997759,77.6205521,0,blr2,Bengaluru,2026-08-31T09:15:10.923104Z
ChIJ3xUl5wIXrjsRRJa-cqtQi1I,Fish Guru,places,en,57,12.9958068,77.62090505,12.996968899999999,77.6192021,0,blr2,Bengaluru,2026-08-31T09:15:10.923108Z
ChIJtWm-aO4WrjsRZ9VreiBSN4U,The Chola Restaurant,places,en,57,12.9958068,77.62090505,12.997913599999999,77.6213081,0,blr2,Bengaluru,2026-08-31T09:15:10.923112Z
ChIJU_18XLE3rjsRERG1XQ_-knk,Sadanna Hotel,places,en,59,12.9108991,77.3707416,12.911007099999999,77.3709719,0,blr2,Bengaluru,2026-08-31T09:15:11.756335Z
ChIJKYG0uNA3rjsRn-6ccxovYyw,Five star chicken,places,en,59,12.9108991,77.3707416,12.910338099999999,77.3700545,0,blr2,Bengaluru,2026-08-31T09:15:11.756359Z
ChIJ2-qPgww3rjsRy1zzo-x_P-0,Kalyan Sweet Shop. Mr Kalyan Mal,places,en,59,12.9108991,77.3707416,12.9107664,77.3697378,0,blr2,Bengaluru,2026-08-31T09:15:11.756364Z
ChIJja-QbQA3rjsRblS9wgFo1xI,Bucket biriyani,places,en,59,12.9108991,77.3707416,12.910589100000001,77.3697404,0,blr2,Bengaluru,2026-08-31T09:15:11.756368Z
ChIJ8cMteHg3rjsRGfhDNOv4IG0,"Sri Shivaradamma Hindu Miltry Hotel, Chandrappa circle",places,en,59,12.9108991,77.3707416,12.9112029,77.3691087,0,blr2,Bengaluru,2026-08-31T09:15:11.756372Z
ChIJQ52ZZXg3rjsR7zaiUHFpkoA,SRI ARYAN CHICKEN CENTER,places,en,59,12.9108991,77.3707416,12.9120455,77.3691515,0,blr2,Bengaluru,2026-08-31T09:15:11.756376Z
ChIJZ78eCAA3rjsRug1HS3WRCLQ,Hotel Taj Darbar,places,en,59,12.9108991,77.3707416,12.909803,77.3689923,0,blr2,Bengaluru,2026-08-31T09:15:11.756380Z
ChIJsVmomgdvrjsReL5q6Qhs4MU,A1 Kabab Centre Gowrenahalli,places,en,60,12.721366450000001,77.6814196,12.721821,77.6809851,0,blr2,Bengaluru,2026-08-31T09:15:12.138736Z
ChIJb3gKTbpvrjsRY3PR2R-v3Tw,Nazeerj kabaab zone,places,en,60,12.721366450000001,77.6814196,12.721980499999999,77.6807602,0,blr2,Bengaluru,2026-08-31T09:15:12.138770Z
ChIJIcctEWtvrjsRJDqWyiSfKmI,HOTEL MANE OOTA,places,en,60,12.721366450000001,77.6814196,12.7210839,77.68031340000002,0,blr2,Bengaluru,2026-08-31T09:15:12.138776Z
ChIJf-9kpXpvrjsRiq7yLKn1Cg8,Indian best Tabrez khan SS beef kabab restaurant,places,en,60,12.721366450000001,77.6814196,12.7225632,77.68078349999999,0,blr2,Bengaluru,2026-08-31T09:15:12.138780Z
ChIJl-uHh5lvrjsRsly-i9JoWyY,Sizzlly Chicken Anekal,places,en,62,12.7086553,77.69692889999999,12.7091379,77.6974434,0,blr2,Bengaluru,2026-08-31T09:15:12.848264Z
ChIJXWfIVvJvrjsRAtg5fu-o5co,Bhojan Bites,places,en,62,12.7086553,77.69692889999999,12.708545599999999,77.6976615,0,blr2,Bengaluru,2026-08-31T09:15:12.848314Z
ChIJXRHj8HhvrjsRmK9yC2pZ31E,Udupi Upahar,places,en,62,12.7086553,77.69692889999999,12.709196500000001,77.6974986,0,blr2,Bengaluru,2026-08-31T09:15:12.848321Z
ChIJD-9vUABvrjsRU8wS7jX1l5g,Mastaan hotel and sweets,places,en,62,12.7086553,77.69692889999999,12.7094551,77.6969604,0,blr2,Bengaluru,2026-08-31T09:15:12.848326Z
ChIJ9x5mzT5vrjsRbu9c8fuAbeY,Ajs chicken kabab center,places,en,62,12.7086553,77.69692889999999,12.707863,77.69736259999999,0,blr2,Bengaluru,2026-08-31T09:15:12.848330Z
ChIJGXADjG5vrjsRogOyFdkH908,Anekal Tea Store,places,en,62,12.7086553,77.69692889999999,12.709531499999999,77.6965015,0,blr2,Bengaluru,2026-08-31T09:15:12.848334Z
ChIJT-N0qnlvrjsRW0Xl_nN6M3k,Dhanalakshmi Hotel,places,en,62,12.7086553,77.69692889999999,12.709558099999999,77.6963316,0,blr2,Bengaluru,2026-08-31T09:15:12.848337Z
ChIJM8iiV3hvrjsRAAAA0HXKZVQ,Jai Sri Ram Kabab Center,places,en,62,12.7086553,77.69692889999999,12.709733799999999,77.697184,0,blr2,Bengaluru,2026-08-31T09:15:12.848341Z
ChIJZVm75DlvrjsR7P4eyWRY8Qw,Taj Biriyani,places,en,62,12.7086553,77.69692889999999,12.7097228,77.6966241,0,blr2,Bengaluru,2026-08-31T09:15:12.848345Z
ChIJ_3KpWXhvrjsR_X3I8PBBzsc,Nairs Restaurant(NonVeg),places,en,62,12.7086553,77.69692889999999,12.709769099999999,77.69743849999999,0,blr2,Bengaluru,2026-08-31T09:15:12.848349Z
ChIJhbu7TXhvrjsRjL0i2tyDHtw,Ms Chiken Center,places,en,62,12.7086553,77.69692889999999,12.710064299999999,77.697223,0,blr2,Bengaluru,2026-08-31T09:15:12.848353Z
ChIJZ1E_UQBvrjsRpwtrNmxGl3w,HMS KABAB CENTRE,places,en,62,12.7086553,77.69692889999999,12.7101501,77.6971076,0,blr2,Bengaluru,2026-08-31T09:15:12.848356Z
ChIJLw68mVFvrjsRCjsVu1hC1d0,Hotel Trupti-2,places,en,62,12.7086553,77.69692889999999,12.710163,77.6972341,0,blr2,Bengaluru,2026-08-31T09:15:12.848360Z
ChIJH1zOSwBvrjsRUxSBb4oXjgk,BASHA CHICKEN's,places,en,62,12.7086553,77.69692889999999,12.710187999999999,77.696686,0,blr2,Bengaluru,2026-08-31T09:15:12.848364Z
ChIJP0BJjnhvrjsRmoeMyEidj6I,Ashoka Sagar Veg,places,en,62,12.7086553,77.69692889999999,12.709014199999999,77.6985073,0,blr2,Bengaluru,2026-08-31T09:15:12.848368Z
ChIJV0uux3hvrjsREVrRa5mSXfs,Baba Chicken Kabab Center,places,en,62,12.7086553,77.69692889999999,12.707669,77.6982994,0,blr2,Bengaluru,2026-08-31T09:15:12.848372Z
ChIJ3WQ_oItvrjsRv7A-E2dh9FQ,Mamu hotel,places,en,62,12.7086553,77.69692889999999,12.7103542,77.69725179999999,0,blr2,Bengaluru,2026-08-31T09:15:12.848376Z
ChIJr2SnputvrjsRbLIuH7fOk_w,BASHA CHICKEN CORNER (AMEER BASHA),places,en,62,12.7086553,77.69692889999999,12.710438,77.69684,0,blr2,Bengaluru,2026-08-31T09:15:12.848380Z
ChIJ9fnKy4tvrjsRvdruqRxc-jY,GOLDEN BASHA FISH,places,en,62,12.7086553,77.69692889999999,12.710437899999999,77.6968108,0,blr2,Bengaluru,2026-08-31T09:15:12.848385Z
ChIJ7UKtm3hvrjsR6MqEnwC8AuY,SRI VINAYAKA HOT CHIPS,places,en,62,12.7086553,77.69692889999999,12.7087281,77.69879270000001,0,blr2,Bengaluru,2026-08-31T09:15:12.848392Z
ChIJfdbGSu4hrjsRR6LnFpJlmnU,Namura Baduta,places,en,64,13.192522050000001,77.56109655,13.194920399999999,77.5607313,0,blr2,Bengaluru,2026-08-31T09:15:13.601526Z
ChIJF5VIDAAZrjsRSIvNvqEc3A0,DAAK 64,places,en,65,13.12417305,77.5663166,13.126214000000001,77.566481,0,blr2,Bengaluru,2026-08-31T09:15:13.984246Z
ChIJKeYHQAATrjsRgdD82jPJOKk,Nidhaana,places,en,65,13.12417305,77.5663166,13.1266837,77.5665734,0,blr2,Bengaluru,2026-08-31T09:15:13.984273Z
ChIJ5VTQ5qIjrjsRhlhM4w5u2FE,BASAESHWARAHOTEL,places,en,68,13.114173399999999,77.5103214,13.1143184,77.5102313,0,blr2,Bengaluru,2026-08-31T09:15:15.151556Z
ChIJZbnmr1UjrjsRbLCR9Xw_C5k,E BRITYANYA RESTAURANT,places,en,68,13.114173399999999,77.5103214,13.114391699999999,77.5102136,0,blr2,Bengaluru,2026-08-31T09:15:15.151579Z
ChIJxcHQTQAjrjsR8wBnKCXzl9I,Jc eateries,places,en,69,13.07618495,77.5014022,13.0758718,77.5000666,0,blr2,Bengaluru,2026-08-31T09:15:15.529646Z
ChIJOY2tezEjrjsRgg5jr_Dm4rw,Sharma Punjabi Restaurant,places,en,69,13.07618495,77.5014022,13.0748206,77.5017348,0,blr2,Bengaluru,2026-08-31T09:15:15.529672Z
ChIJ7XPZtUojrjsRGPs2yU8hknk,SHIVAM FAST FOOD,places,en,69,13.07618495,77.5014022,13.076076899999999,77.499964,0,blr2,Bengaluru,2026-08-31T09:15:15.529677Z
ChIJt66_HRYjrjsRB4sJpqYAsKc,R.K DUM BIRYANI,places,en,69,13.07618495,77.5014022,13.075894199999999,77.4999338,0,blr2,Bengaluru,2026-08-31T09:15:15.529681Z
ChIJbSiXdT0jrjsRmkrH7XhdL_c,Biryani Centre,places,en,69,13.07618495,77.5014022,13.0746012,77.5017505,0,blr2,Bengaluru,2026-08-31T09:15:15.529685Z
ChIJr_UOm5QjrjsRBNh5zWXtPPo,AMMA VEEDU,places,en,69,13.07618495,77.5014022,13.074679099999999,77.5020366,0,blr2,Bengaluru,2026-08-31T09:15:15.529689Z
ChIJv2yDRxMjrjsRd99YCmECAME,Biriyani House,places,en,69,13.07618495,77.5014022,13.0746694,77.5020384,0,blr2,Bengaluru,2026-08-31T09:15:15.529693Z
ChIJFyDHen0jrjsR8aW1Uk3xZ1c,E And E Restaurant,places,en,69,13.07618495,77.5014022,13.0759613,77.4996259,0,blr2,Bengaluru,2026-08-31T09:15:15.529696Z
ChIJc_9ZdD0jrjsRWaRAxM0LxQw,Yummy Food Spot,places,en,69,13.07618495,77.5014022,13.0745057,77.501911,0,blr2,Bengaluru,2026-08-31T09:15:15.529700Z
ChIJT5PpRjsjrjsRFNaH3xpShj8,Pattanshetty Khanavali,places,en,69,13.07618495,77.5014022,13.074436799999999,77.50181189999999,0,blr2,Bengaluru,2026-08-31T09:15:15.529703Z
ChIJMcutY9cjrjsRRWq0m906Mps,Calicut Restro,places,en,69,13.07618495,77.5014022,13.0744385,77.501893,0,blr2,Bengaluru,2026-08-31T09:15:15.529706Z
ChIJGaBTrD4jrjsR18JoHWS_OVE,Kumarswamy,places,en,69,13.07618495,77.5014022,13.0745233,77.5021613,0,blr2,Bengaluru,2026-08-31T09:15:15.529710Z
ChIJ6SG_uhcjrjsRb8Ve1G2KKBM,TIFFIN CANTEEN,places,en,69,13.07618495,77.5014022,13.077828799999999,77.5025391,0,blr2,Bengaluru,2026-08-31T09:15:15.529713Z
ChIJeXY4UQAjrjsR8YrOOs52GV0,Ravi Gobi Chikkabanavara (Bindu Chinese Centre),places,en,69,13.07618495,77.5014022,13.0760507,77.4990799,0,blr2,Bengaluru,2026-08-31T09:15:15.529717Z
ChIJS7QCYAA9rjsRxT7Zs2oMIb4,Rajkamal benne biryani,places,en,69,13.07618495,77.5014022,13.0761832,77.49900559999999,0,blr2,Bengaluru,2026-08-31T09:15:15.529720Z
ChIJmegj78IjrjsRJKACF8BWVTQ,Matha tiffin centre,places,en,69,13.07618495,77.5014022,13.0762819,77.4989447,0,blr2,Bengaluru,2026-08-31T09:15:15.529724Z
ChIJJYHmOgAjrjsRmk7BT6o6StM,Sri udupi grand,places,en,69,13.07618495,77.5014022,13.075833,77.498944,0,blr2,Bengaluru,2026-08-31T09:15:15.529728Z
ChIJXeqIBxYjrjsRXaMVvhOKXLY,Food Junction And Paratha Center,places,en,69,13.07618495,77.5014022,13.076182399999999,77.4988917,0,blr2,Bengaluru,2026-08-31T09:15:15.529731Z
ChIJG7qVdhYjrjsRxe294Bl3dqU,Sri chethan andrah style hotel,places,en,69,13.07618495,77.5014022,13.077449,77.4991723,0,blr2,Bengaluru,2026-08-31T09:15:15.529735Z
ChIJoTm5ms8jrjsRrKSWye4EGLI,Sri Banashankari hotel,places,en,69,13.07618495,77.5014022,13.0758637,77.49878389999999,0,blr2,Bengaluru,2026-08-31T09:15:15.529739Z
ChIJ5VkcLgAjrjsRk9hsE1p93B0,Sri Durga Cafe,places,en,70,13.071074549999999,77.5082724,13.0714717,77.5074678,0,blr2,Bengaluru,2026-08-31T09:15:15.986173Z
ChIJ7VVXU6UjrjsRBIbK66u9dUM,Mom's Kitchen Bengali Food,places,en,70,13.071074549999999,77.5082724,13.0720903,77.507721,0,blr2,Bengaluru,2026-08-31T09:15:15.986202Z
ChIJRXYxr0IjrjsRI8eEdqaO9ws,Davani Bar and Restaurant and Rooms,places,en,70,13.071074549999999,77.5082724,13.071435399999999,77.50712089999999,0,blr2,Bengaluru,2026-08-31T09:15:15.986208Z
ChIJnbSuPZEjrjsRmawxKOt0GRI,New andhra hotel,places,en,70,13.071074549999999,77.5082724,13.072194999999999,77.5078206,0,blr2,Bengaluru,2026-08-31T09:15:15.986211Z
ChIJTUm-QUA9rjsRu3Qq25LaVzg,The Dessert Symphony,places,en,70,13.071074549999999,77.5082724,13.0713492,77.5070135,0,blr2,Bengaluru,2026-08-31T09:15:15.986215Z
ChIJY1vhLwAjrjsREm8nOsmOdaY,AGB Layout,places,en,70,13.071074549999999,77.5082724,13.0721606,77.5075602,0,blr2,Bengaluru,2026-08-31T09:15:15.986219Z
ChIJV_qWRu4jrjsRhI8yt_4Xxvs,SAKKARIYA SAMOSA STALL,places,en,70,13.071074549999999,77.5082724,13.0698849,77.5087018,0,blr2,Bengaluru,2026-08-31T09:15:15.986222Z
ChIJl0HQaQAjrjsRfmo-y0iO3OM,Preeti shop,places,en,70,13.071074549999999,77.5082724,13.072137999999999,77.5074386,0,blr2,Bengaluru,2026-08-31T09:15:15.986226Z
ChIJSfqZbAAjrjsR7P30VBsQdrc,Aroma Krunch,places,en,70,13.071074549999999,77.5082724,13.0722866,77.5076504,0,blr2,Bengaluru,2026-08-31T09:15:15.986230Z
ChIJLzA7TwAjrjsR2CAO33vY9FE,Rajkamal benne biryani food cart,places,en,70,13.071074549999999,77.5082724,13.071294,77.506766,0,blr2,Bengaluru,2026-08-31T09:15:15.986233Z
ChIJoSY1Si8jrjsRgEoHTVDfQLc,Yoganand E,places,en,70,13.071074549999999,77.5082724,13.0697643,77.5076066,0,blr2,Bengaluru,2026-08-31T09:15:15.986237Z
ChIJx4ix_cAjrjsRaZoGsrilpL8,Metro Eats,places,en,70,13.071074549999999,77.5082724,13.0716226,77.5068419,0,blr2,Bengaluru,2026-08-31T09:15:15.986240Z
ChIJNSz1AgAjrjsRoIDs_xXhifA,FUDNOX CAFE,places,en,70,13.071074549999999,77.5082724,13.069693599999999,77.5090405,0,blr2,Bengaluru,2026-08-31T09:15:15.986244Z
ChIJZWv1AwAjrjsRWl-QPUvgzuY,Paradise andra mess now veg & veg,places,en,70,13.071074549999999,77.5082724,13.069683999999999,77.5090579,0,blr2,Bengaluru,2026-08-31T09:15:15.986247Z
ChIJFegKZgAjrjsRbr-xUzO1Oic,TEJU FAST FOOD,places,en,70,13.071074549999999,77.5082724,13.071392099999999,77.50664189999999,0,blr2,Bengaluru,2026-08-31T09:15:15.986251Z
ChIJVzJiM8AjrjsRjqIs_6nR-nM,Chillies & Coconut Restaurant,places,en,70,13.071074549999999,77.5082724,13.069445499999999,77.5077368,0,blr2,Bengaluru,2026-08-31T09:15:15.986254Z
ChIJI8GnTAsjrjsRzbA0QYd5FV8,Shuchi’s Street Stories,places,en,70,13.071074549999999,77.5082724,13.0715623,77.5065497,0,blr2,Bengaluru,2026-08-31T09:15:15.986258Z
ChIJ-52la70jrjsRvQ81l8mmkpw,Chetty's Corner Saptagiri,places,en,70,13.071074549999999,77.5082724,13.071235200000002,77.5064762,0,blr2,Bengaluru,2026-08-31T09:15:15.986261Z
ChIJIxT5CykjrjsR4I8o3EsJ-Fc,Krispy krabs,places,en,70,13.071074549999999,77.5082724,13.071256799999999,77.5064712,0,blr2,Bengaluru,2026-08-31T09:15:15.986265Z
ChIJI4T1YiQjrjsRXll-tB0kkB0,Mealicious,places,en,70,13.071074549999999,77.5082724,13.0694304,77.5076174,0,blr2,Bengaluru,2026-08-31T09:15:15.986268Z
ChIJdcYD1xIjrjsRVebRs91smus,mangalore tea,places,en,71,13.08552405,77.55178670000001,13.0852515,77.553355,0,blr2,Bengaluru,2026-08-31T09:15:16.428664Z
ChIJY0G0yZsirjsRnnhCpZBF7ag,ANNAPOORNESHWARI TIFFIN CENTRE,places,en,71,13.08552405,77.55178670000001,13.085247299999999,77.553866,0,blr2,Bengaluru,2026-08-31T09:15:16.428691Z
ChIJh7ehoRgjrjsRWCDk4AVmzlQ,Hamza Hotel,places,en,71,13.08552405,77.55178670000001,13.085262799999999,77.55395089999999,0,blr2,Bengaluru,2026-08-31T09:15:16.428697Z
ChIJmxe7bBojrjsRoD_bVCFUwRw,Sai Dosa Delight Vidyaranyapura,places,en,72,13.07467725,77.55809195,13.075178000000001,77.5579206,0,blr2,Bengaluru,2026-08-31T09:15:16.855689Z
ChIJf8SmDqEirjsRJyKWsvvp9Z8,Beijing Bites (Vidyaranyapura),places,en,72,13.07467725,77.55809195,13.075275300000001,77.557946,0,blr2,Bengaluru,2026-08-31T09:15:16.855712Z
ChIJd4t8lZ0jrjsRWBBjUxbX6kQ,Samo Twisted Potato,places,en,72,13.07467725,77.55809195,13.0743448,77.5575437,0,blr2,Bengaluru,2026-08-31T09:15:16.855718Z
ChIJ6ZM36o0jrjsRUBaciu2gF34,99 Dosa,places,en,72,13.07467725,77.55809195,13.0742602,77.5575006,0,blr2,Bengaluru,2026-08-31T09:15:16.855722Z
ChIJVad_9mYjrjsR6fe79xNFDTs,Vegetable Juction,places,en,72,13.07467725,77.55809195,13.0747967,77.5571885,0,blr2,Bengaluru,2026-08-31T09:15:16.855726Z
ChIJL6-9RwAjrjsRJpqfSx-sJDE,Shreyas Pav Bhaji and Vada pav center,places,en,72,13.07467725,77.55809195,13.073982599999999,77.5572837,0,blr2,Bengaluru,2026-08-31T09:15:16.855729Z
ChIJXbARcQAjrjsR2meSy8AgQGY,Bombay Pav Bhaji and Vada Pav,places,en,72,13.07467725,77.55809195,13.073931,77.5572296,0,blr2,Bengaluru,2026-08-31T09:15:16.855733Z
ChIJhzkHRAAjrjsR5a2GjWaBGEI,Namma Kai Ruchi,places,en,72,13.07467725,77.55809195,13.073922999999999,77.5570328,0,blr2,Bengaluru,2026-08-31T09:15:16.855737Z
ChIJRzh53Q0jrjsROerbKysk5-8,Basaveshwara tasty corner,places,en,72,13.07467725,77.55809195,13.075968399999999,77.5573371,0,blr2,Bengaluru,2026-08-31T09:15:16.855740Z
ChIJszvlXeMjrjsRX_0ILEHs0aU,Sri Sai Veg UDUPI RUCHI,places,en,72,13.07467725,77.55809195,13.075991,77.55691,0,blr2,Bengaluru,2026-08-31T09:15:16.855744Z
ChIJydf6WQAjrjsRHF0X31HsQM0,Cafe QC2,places,en,72,13.07467725,77.55809195,13.0765247,77.55842559999999,0,blr2,Bengaluru,2026-08-31T09:15:16.855747Z
ChIJ_ejo6Q8jrjsR7kKiy1LmndE,Sri Lalitha curry point,places,en,72,13.07467725,77.55809195,13.0766136,77.55853789999999,0,blr2,Bengaluru,2026-08-31T09:15:16.855751Z
ChIJj3h2egAjrjsRvqXlO5r97g8,Raghu Fish Tawa Fry,places,en,72,13.07467725,77.55809195,13.076631899999999,77.5585036,0,blr2,Bengaluru,2026-08-31T09:15:16.855754Z
ChIJH5hGtA4jrjsRVvLciIjs1Zo,Annapoorna pure veg,places,en,72,13.07467725,77.55809195,13.0768533,77.55817909999999,0,blr2,Bengaluru,2026-08-31T09:15:16.855758Z
ChIJt0fTQq0jrjsRtvSd3pioZG0,Bangarapete Chats (Subbu's),places,en,72,13.07467725,77.55809195,13.0762056,77.5563908,0,blr2,Bengaluru,2026-08-31T09:15:16.855761Z
ChIJw4Bgg34jrjsR4iCD2Gvw1wU,Annapurneshwari chats and juice,places,en,72,13.07467725,77.55809195,13.0771544,77.5583547,0,blr2,Bengaluru,2026-08-31T09:15:16.855765Z
ChIJYb0PLQAjrjsRsJ0GfNWSR-g,Sri Venkateshwara Fast food,places,en,72,13.07467725,77.55809195,13.072693,77.5565323,0,blr2,Bengaluru,2026-08-31T09:15:16.855768Z
ChIJO5UcrqYirjsRSR_g47gKQdw,Punjabi Tadka,places,en,72,13.07467725,77.55809195,13.0724346,77.5569433,0,blr2,Bengaluru,2026-08-31T09:15:16.855772Z
ChIJj2CCV9wjrjsRYJ0FpLYqpeU,Sommanna Chats Shop,places,en,72,13.07467725,77.55809195,13.0725508,77.55672179999999,0,blr2,Bengaluru,2026-08-31T09:15:16.855775Z
ChIJE3nsMgAjrjsR-AlvxeKz_k4,Sunil Catering,places,en,72,13.07467725,77.55809195,13.0724773,77.5566516,0,blr2,Bengaluru,2026-08-31T09:15:16.855779Z
ChIJaUp2xhIjrjsRmq7saFyY5ns,Davanagere Benne Dosa Corner,places,en,73,13.06305955,77.5530007,13.063867799999999,77.5522823,0,blr2,Bengaluru,2026-08-31T09:15:17.280825Z
ChIJi-a5S64irjsRSB8_nVBKUb8,Shree Brahmalingeshwara Condiments,places,en,73,13.06305955,77.5530007,13.063989900000001,77.5522994,0,blr2,Bengaluru,2026-08-31T09:15:17.280854Z
ChIJFQLjOTwjrjsRt5M6MlUK_fk,Chettinad Kitchen,places,en,73,13.06305955,77.5530007,13.063999700000002,77.5522823,0,blr2,Bengaluru,2026-08-31T09:15:17.280860Z
ChIJp2WhcDEjrjsRLnk45KOfKrs,KUNDAPURA KAI RUCHI (Cloud kitchen),places,en,73,13.06305955,77.5530007,13.063254899999999,77.55161,0,blr2,Bengaluru,2026-08-31T09:15:17.280864Z
ChIJe5783JQjrjsRW60YqTkcjnQ,Green Spoon - Pure Veg Homely Food,places,en,73,13.06305955,77.5530007,13.0620862,77.5542952,0,blr2,Bengaluru,2026-08-31T09:15:17.280868Z
ChIJwc1KKScjrjsR-e7XSXv6OiM,SRI ANNAPOORNESHWARI HOTEL,places,en,73,13.06305955,77.5530007,13.061868899999999,77.5518609,0,blr2,Bengaluru,2026-08-31T09:15:17.280872Z
ChIJ3y4fbrsjrjsRmsinx7SH52A,SRI VINAYAKA HOTS CHIPS,places,en,73,13.06305955,77.5530007,13.0617019,77.5518293,0,blr2,Bengaluru,2026-08-31T09:15:17.280875Z
ChIJjWzC_xcjrjsRa6LNXbJK-Tk,Fish Hut,places,en,73,13.06305955,77.5530007,13.0615934,77.55181639999999,0,blr2,Bengaluru,2026-08-31T09:15:17.280879Z
ChIJq-TtxX8jrjsRqZBb4trZSys,Rugged Ruchi,places,en,73,13.06305955,77.5530007,13.060948999999999,77.55178819999999,0,blr2,Bengaluru,2026-08-31T09:15:17.280882Z
ChIJS-R6T90jrjsRi-kbuHrY9JU,MAST CHATS ಮಸ್ತ್ ಚಾಟ್ಸ್,places,en,73,13.06305955,77.5530007,13.065462100000001,77.5525876,0,blr2,Bengaluru,2026-08-31T09:15:17.280886Z
ChIJYdJbEvYjrjsRiuNWdCuHNzI,Addy's Adda,places,en,73,13.06305955,77.5530007,13.0609659,77.5517228,0,blr2,Bengaluru,2026-08-31T09:15:17.280890Z
ChIJAVExHq4irjsR4gbKAUq6w38,Time Star Chicken Center,places,en,73,13.06305955,77.5530007,13.062388499999999,77.5505495,0,blr2,Bengaluru,2026-08-31T09:15:17.280893Z
ChIJP2n_vWIjrjsRPEYzbzQ7O_c,R R DUM Biryani,places,en,74,13.0987574,77.5573757,13.100296499999999,77.5557161,0,blr2,Bengaluru,2026-08-31T09:15:17.627796Z
ChIJ31KV6vQirjsRlGXPXwaEqJY,SRI LAKSHMI VENKATESHWARA TIFFIN CENTRE,places,en,75,13.09613805,77.53729465,13.0959553,77.5374901,0,blr2,Bengaluru,2026-08-31T09:15:18.026034Z
ChIJW_GWM70jrjsRCc1eGHQ1RiY,22 Se Srabon,places,en,75,13.09613805,77.53729465,13.0955769,77.53610139999999,0,blr2,Bengaluru,2026-08-31T09:15:18.026061Z
ChIJf4XQfPEirjsRr1Ajken7mRo,HITASHRE FOOD CORNER,places,en,76,13.091614700000001,77.53056565,13.0920729,77.533069,0,blr2,Bengaluru,2026-08-31T09:15:18.649180Z
ChIJubjP4bUjrjsRu-7ba8WKSAg,Pizza & more,places,en,79,13.06048775,77.5544725,13.0604509,77.55423669999999,0,blr2,Bengaluru,2026-08-31T09:15:19.830976Z
ChIJ5UMwOBYjrjsR7aG4RlUA1-Q,CRUNCHIE BiTES,places,en,79,13.06048775,77.5544725,13.0600912,77.5542181,0,blr2,Bengaluru,2026-08-31T09:15:19.831013Z
ChIJKwtBM74jrjsR9SCssfFxx7c,Janawadkar's Snacks and Products,places,en,79,13.06048775,77.5544725,13.0596021,77.55338859999999,0,blr2,Bengaluru,2026-08-31T09:15:19.831020Z
ChIJjzdwum8jrjsRBdqgyC8uVFQ,Madhu hotel,places,en,79,13.06048775,77.5544725,13.0611412,77.55586370000002,0,blr2,Bengaluru,2026-08-31T09:15:19.831025Z
ChIJK2KpdgAjrjsR0R0uSpT6XZY,Annapoorna Mess,places,en,79,13.06048775,77.5544725,13.061477,77.5563134,0,blr2,Bengaluru,2026-08-31T09:15:19.831030Z
ChIJKyDNLJojrjsRRonkbNtZLhg,Vasavi tifan baji centre,places,en,79,13.06048775,77.5544725,13.0600422,77.5569145,0,blr2,Bengaluru,2026-08-31T09:15:19.831035Z
ChIJg_2VfQ4jrjsR9Qk25qGUWlg,Sri Manjunatha Swamy Hotel,places,en,79,13.06048775,77.5544725,13.058146899999999,77.55388359999999,0,blr2,Bengaluru,2026-08-31T09:15:19.831040Z
ChIJ9TzgQc08rjsRszt5C4_D4IU,M.N.S. Gobi Corner,places,en,80,13.052621550000001,77.50429495,13.0516627,77.50361699999999,0,blr2,Bengaluru,2026-08-31T09:15:20.231963Z
ChIJI-efOwA9rjsRvxjirQr7r3w,Udupi Upachar,places,en,80,13.052621550000001,77.50429495,13.0514429,77.5041538,0,blr2,Bengaluru,2026-08-31T09:15:20.232001Z
ChIJ2xI8ZM08rjsRMTwhpjmOeHA,Shivashree Condiments,places,en,80,13.052621550000001,77.50429495,13.051399799999999,77.5040898,0,blr2,Bengaluru,2026-08-31T09:15:20.232011Z
ChIJOZxTdM09rjsRVicXirVU9TU,Gowdru Kabab Corner,places,en,80,13.052621550000001,77.50429495,13.051597899999999,77.5051434,0,blr2,Bengaluru,2026-08-31T09:15:20.232018Z
ChIJax72SZkjrjsRjYZy8oFjfzk,SREE MANIKANTA HOTEL,places,en,80,13.052621550000001,77.50429495,13.053948,77.50521429999999,0,blr2,Bengaluru,2026-08-31T09:15:20.232024Z
ChIJg2VSQuUjrjsRkRSK4X5t164,SREERAMAPPA Vegetable,places,en,80,13.052621550000001,77.50429495,13.054256599999999,77.5041655,0,blr2,Bengaluru,2026-08-31T09:15:20.232030Z
ChIJhaM0g9I8rjsRLxI6rI2WeBE,ಗುಣಾಸ್ ಕೆಫೆ,places,en,80,13.052621550000001,77.50429495,13.0510755,77.5049968,0,blr2,Bengaluru,2026-08-31T09:15:20.232036Z
ChIJ3x8IJTQ9rjsRIukAgAimWv0,Sri Kalabairaveshwara Enterprises,places,en,80,13.052621550000001,77.50429495,13.0508201,77.504599,0,blr2,Bengaluru,2026-08-31T09:15:20.232041Z
ChIJz-mc4ms9rjsRHJEGRV13L2g,Sri Brahmasri Condiments ಶ್ರೀ ಬ್ರಹ್ಮಶ್ರೀ ಕಾಂಡಿಮೆಂಟ್ಸ್,places,en,80,13.052621550000001,77.50429495,13.0520155,77.5024897,0,blr2,Bengaluru,2026-08-31T09:15:20.232047Z
ChIJ15sh_ZEjrjsRzPrzqsYhDZ8,KEERTHI CONDIMENTS AND GOWDRU MESS,places,en,80,13.052621550000001,77.50429495,13.0539478,77.505884,0,blr2,Bengaluru,2026-08-31T09:15:20.232052Z
ChIJ66dNRi0jrjsRJIM98e1Osac,MATHRU TIFFIN AND CHATS,places,en,80,13.052621550000001,77.50429495,13.0541579,77.505853,0,blr2,Bengaluru,2026-08-31T09:15:20.232058Z
ChIJL_Mz11c9rjsRZVaguFbMPxc,SV Fruits Vegetable,places,en,80,13.052621550000001,77.50429495,13.050359499999999,77.5046339,0,blr2,Bengaluru,2026-08-31T09:15:20.232064Z
ChIJRXw2eXA9rjsRzD0nNol2VtI,Aunty Gobi (Kapil Chats),places,en,80,13.052621550000001,77.50429495,13.0502597,77.5047712,0,blr2,Bengaluru,2026-08-31T09:15:20.232069Z
ChIJcxQQvOY9rjsRD-S96JirSFQ,Vaddageri Sri Veeranagamma Chats Centre,places,en,80,13.052621550000001,77.50429495,13.05008,77.50466759999999,0,blr2,Bengaluru,2026-08-31T09:15:20.232075Z
ChIJM7dpsXA9rjsRr5VrGbVBPAk,HUBBALLI FAST FOOD,places,en,81,13.031487349999999,77.50122264999999,13.0315839,77.5031715,0,blr2,Bengaluru,2026-08-31T09:15:20.664144Z
ChIJmTo8OYk9rjsRktEenQyUoqc,Mr V ZAFAR AHMED,places,en,81,13.031487349999999,77.50122264999999,13.0314287,77.5031903,0,blr2,Bengaluru,2026-08-31T09:15:20.664179Z
ChIJcfaUvMI8rjsRLRHVoMaoPmI,Harish Chicken Center,places,en,81,13.031487349999999,77.50122264999999,13.0312995,77.5032272,0,blr2,Bengaluru,2026-08-31T09:15:20.664186Z
ChIJFwv7KAA9rjsR5ZZRAJXnPV0,Friends fastfood,places,en,81,13.031487349999999,77.50122264999999,13.0318734,77.50370690000001,0,blr2,Bengaluru,2026-08-31T09:15:20.664190Z
ChIJA6OUuFc9rjsRad9QHuyJhcA,Saveur Hyderabadi Biryani,places,en,81,13.031487349999999,77.50122264999999,13.0338581,77.5018829,0,blr2,Bengaluru,2026-08-31T09:15:20.664196Z
ChIJC0rKEJ49rjsRt2EA_fYBgBM,Rush in (Restro cafe),places,en,81,13.031487349999999,77.50122264999999,13.0338978,77.5018575,0,blr2,Bengaluru,2026-08-31T09:15:20.664200Z
ChIJu5R7IQA9rjsRExQPvh1la6M,Chandu's Nati Cafe,places,en,81,13.031487349999999,77.50122264999999,13.033900099999999,77.50188729999999,0,blr2,Bengaluru,2026-08-31T09:15:20.664204Z
ChIJJbaKbm09rjsRDT3hwdN0k1U,Shoss Food Arena,places,en,81,13.031487349999999,77.50122264999999,13.033913199999999,77.50186339999999,0,blr2,Bengaluru,2026-08-31T09:15:20.664208Z
ChIJG7eXSss9rjsRmshsd5qNLGM,The royal burgers,places,en,81,13.031487349999999,77.50122264999999,13.033915499999999,77.5018624,0,blr2,Bengaluru,2026-08-31T09:15:20.664212Z
ChIJj5l5iyw9rjsRB9-cESJ4Dno,NATI MANE,places,en,81,13.031487349999999,77.50122264999999,13.0318347,77.5038163,0,blr2,Bengaluru,2026-08-31T09:15:20.664216Z
ChIJTc59xsI8rjsR8ra6uD2a3WU,Kaveri Hotel,places,en,81,13.031487349999999,77.50122264999999,13.0323531,77.5037232,0,blr2,Bengaluru,2026-08-31T09:15:20.664220Z
ChIJi12kOdY8rjsR-Cr-3_TS56Q,RAJU HOTEL,places,en,82,13.0493229,77.5110908,13.048489900000002,77.5118987,0,blr2,Bengaluru,2026-08-31T09:15:21.052319Z
ChIJY8vGURY9rjsR7rXyiTixgYM,Gobi Centre,places,en,82,13.0493229,77.5110908,13.0483826,77.51185579999999,0,blr2,Bengaluru,2026-08-31T09:15:21.052346Z
ChIJpZ5CitQ8rjsRrZ7yY2vu3RY,Mas Hallah Chicken Centre,places,en,82,13.0493229,77.5110908,13.0509179,77.51158029999999,0,blr2,Bengaluru,2026-08-31T09:15:21.052352Z
ChIJQQUOuG89rjsR1zPR8xW8MCo,Garve palya,places,en,82,13.0493229,77.5110908,13.047801399999999,77.51193810000001,0,blr2,Bengaluru,2026-08-31T09:15:21.052356Z
ChIJTQQ-uOg9rjsR4mi_NyAPv10,PANNAGA Gobi Corner PRASAD N P,places,en,82,13.0493229,77.5110908,13.0483472,77.5126078,0,blr2,Bengaluru,2026-08-31T09:15:21.052360Z
ChIJlWBcUgA9rjsRTF5peJUkbUs,Nava Bharath Tiffin center,places,en,82,13.0493229,77.5110908,13.0477394,77.5100528,0,blr2,Bengaluru,2026-08-31T09:15:21.052364Z
ChIJeRaxr3Y9rjsRAlenI5qJ3R0,DASARAHALLI JONNE BIRIYANI.,places,en,82,13.0493229,77.5110908,13.0482415,77.5126597,0,blr2,Bengaluru,2026-08-31T09:15:21.052368Z
ChIJaSxMawA9rjsRVGZZ1gEctFM,Sri Raghavendra Gobi Centre,places,en,82,13.0493229,77.5110908,13.0502431,77.5091541,0,blr2,Bengaluru,2026-08-31T09:15:21.052371Z
ChIJDZYhaZE9rjsRX_rCFaKhxz4,Davangere Tiffin Center,places,en,82,13.0493229,77.5110908,13.048337900000002,77.5130389,0,blr2,Bengaluru,2026-08-31T09:15:21.052376Z
ChIJrRA1uv89rjsROh0mkPnD5ZY,Davangere Mirchi Mandakki Corner,places,en,82,13.0493229,77.5110908,13.0503801,77.5090824,0,blr2,Bengaluru,2026-08-31T09:15:21.052380Z
ChIJQ6_7cQA9rjsRCt4MXCIT65c,Sri Krishna Tiffin Centre,places,en,82,13.0493229,77.5110908,13.0481689,77.51306509999999,0,blr2,Bengaluru,2026-08-31T09:15:21.052383Z
ChIJ_eHzf9Y8rjsRQLBtce_rE3s,Sri Krishna Chats & Chinese,places,en,82,13.0493229,77.5110908,13.047957,77.5132591,0,blr2,Bengaluru,2026-08-31T09:15:21.052386Z
ChIJaYT8grw9rjsRYynBqAxKmqw,Prema Sopu Shop,places,en,82,13.0493229,77.5110908,13.04795,77.513393,0,blr2,Bengaluru,2026-08-31T09:15:21.052390Z
ChIJc3ivSZY9rjsR_y7CunYdSG0,Gowda Trade,places,en,83,13.0516573,77.51944655,13.0526298,77.5173962,0,blr2,Bengaluru,2026-08-31T09:15:21.439079Z
ChIJy6vdaAA9rjsREorYBK5FbeY,Nethra Provision Store,places,en,84,13.002915,77.51892015,13.0022893,77.5175095,0,blr2,Bengaluru,2026-08-31T09:15:21.784461Z
ChIJuShIQaw9rjsR_uf2JmIvanc,S L V Chicken Centre,places,en,84,13.002915,77.51892015,13.001377,77.520079,0,blr2,Bengaluru,2026-08-31T09:15:21.784486Z
ChIJgZrwU5E9rjsRw1rwu976t1s,AMMA CATERS 786,places,en,84,13.002915,77.51892015,13.0015415,77.5172019,0,blr2,Bengaluru,2026-08-31T09:15:21.784492Z
ChIJiyi6Gqw9rjsRVwBCUys-9lY,MAFIA,places,en,84,13.002915,77.51892015,13.002442499999999,77.5211624,0,blr2,Bengaluru,2026-08-31T09:15:21.784497Z
ChIJSY83eec9rjsRzH6tFWuS0Vo,Jesus Hotel,places,en,84,13.002915,77.51892015,13.001392599999999,77.52070169999999,0,blr2,Bengaluru,2026-08-31T09:15:21.784501Z
ChIJlyFOetE9rjsRrNoHBeGDyx8,Sri Raghavendra Bajji Center CHANDRA,places,en,84,13.002915,77.51892015,13.0013189,77.52065499999999,0,blr2,Bengaluru,2026-08-31T09:15:21.784506Z
ChIJbwZ9F1E9rjsRi8Fy7wE6miQ,KALIKAMBA TIFFIN CENTER,places,en,84,13.002915,77.51892015,13.0022567,77.5212255,0,blr2,Bengaluru,2026-08-31T09:15:21.784510Z
ChIJw-mHYhM9rjsRX-7oSeWMzvE,ನಂಜುಂಡೇಶ್ವರ ಹೋಟಲ್,places,en,84,13.002915,77.51892015,13.002771700000002,77.52135799999999,0,blr2,Bengaluru,2026-08-31T09:15:21.784514Z
ChIJdRVMGgA9rjsRVzi_tRpY7Ag,Acharyan's Cafe,places,en,84,13.002915,77.51892015,13.0033649,77.5214403,0,blr2,Bengaluru,2026-08-31T09:15:21.784518Z
ChIJSYB2_Ks9rjsR3-vYKn9IU8k,Shree Lakshmi Venkateshwara Hot Chips,places,en,84,13.002915,77.51892015,13.0036802,77.5214661,0,blr2,Bengaluru,2026-08-31T09:15:21.784522Z
ChIJ2Q9a_P0VrjsRd705DQPZgXE,Kumar Chats,places,en,86,12.8823997,77.5401196,12.8818401,77.53975539999999,0,blr2,Bengaluru,2026-08-31T09:15:22.624324Z
ChIJszEkbIE_rjsRPg8dbNlxqho,Fresh marquee meat point,places,en,86,12.8823997,77.5401196,12.883049,77.54000409999999,0,blr2,Bengaluru,2026-08-31T09:15:22.624357Z
ChIJSw-pXwA_rjsRWEEWKXr4Iow,S CAFE,places,en,86,12.8823997,77.5401196,12.881676299999999,77.53961950000001,0,blr2,Bengaluru,2026-08-31T09:15:22.624363Z
ChIJgeQGzus_rjsRuC0qvWnxtVU,New Bidadi Thatte Idly,places,en,86,12.8823997,77.5401196,12.8816586,77.53925129999999,0,blr2,Bengaluru,2026-08-31T09:15:22.624368Z
ChIJz07JRTY_rjsRRg7_eW2WEEE,SAMVADA BISTRO,places,en,86,12.8823997,77.5401196,12.8837092,77.5410507,0,blr2,Bengaluru,2026-08-31T09:15:22.624372Z
ChIJX5C15tQVrjsR3cLqvfapH10,MANGALOREAN KITCHEN & CATERING,places,en,86,12.8823997,77.5401196,12.883066399999999,77.541873,0,blr2,Bengaluru,2026-08-31T09:15:22.624376Z
ChIJW9LcWQA_rjsR8OggnCrHIoE,Mudde Hotel Veg,places,en,86,12.8823997,77.5401196,12.8834739,77.5418688,0,blr2,Bengaluru,2026-08-31T09:15:22.624384Z
ChIJfePTFwA_rjsRLegFrO2v7_U,Rakesh's IDLY BANDI,places,en,86,12.8823997,77.5401196,12.8837955,77.5416477,0,blr2,Bengaluru,2026-08-31T09:15:22.624389Z
ChIJVW6XVZU_rjsREb7h2cZgtGA,Male Madeshwara Fruits And Vegetables UJJIVAN,places,en,87,12.902589899999999,77.54769114999999,12.904027399999999,77.5482942,0,blr2,Bengaluru,2026-08-31T09:15:23.995969Z
ChIJMeOtQwA_rjsRO3rmumQk53o,Sriyas andhra kitchen,places,en,87,12.902589899999999,77.54769114999999,12.9041037,77.5465894,0,blr2,Bengaluru,2026-08-31T09:15:23.996009Z
ChIJrRAQyHJBrjsRZuYnwxLeqho,Pramod Garden Bar & Restaurant,places,en,88,12.8028197,77.50630509999999,12.8041368,77.506181,0,blr2,Bengaluru,2026-08-31T09:15:24.501250Z
ChIJ7XiDiy9BrjsRLTS76qZLTWI,MUTHULINGA HOT CHIPS,places,en,88,12.8028197,77.50630509999999,12.8028122,77.5079995,0,blr2,Bengaluru,2026-08-31T09:15:24.501280Z
ChIJ7_E3IvBBrjsRaFTKDTp3it8,STAR AMBUR BIRIYANI,places,en,88,12.8028197,77.50630509999999,12.802204099999999,77.5082707,0,blr2,Bengaluru,2026-08-31T09:15:24.501289Z
ChIJiaXFUQAVrjsR6NrCM15r28c,BAYT AL TAAM,places,en,89,12.89068655,77.591845,12.8902345,77.5909087,0,blr2,Bengaluru,2026-08-31T09:15:24.868491Z
ChIJA9r02PEVrjsR9dpglPLIFp8,Arabian Mexico,places,en,89,12.89068655,77.591845,12.8899943,77.5909078,0,blr2,Bengaluru,2026-08-31T09:15:24.868526Z
ChIJj_BdV6YVrjsRWqi6kRnnnqo,The Hungry Spot,places,en,89,12.89068655,77.591845,12.890302400000001,77.59032189999999,0,blr2,Bengaluru,2026-08-31T09:15:24.868531Z
ChIJdXrSfQAVrjsRhit98FajQDY,Keshu's Corner,places,en,89,12.89068655,77.591845,12.8919625,77.59096219999999,0,blr2,Bengaluru,2026-08-31T09:15:24.868535Z
ChIJ26qWbzcVrjsRlRGw7i5ygs0,HOTEL NALABEEMA,places,en,89,12.89068655,77.591845,12.8903486,77.59020380000001,0,blr2,Bengaluru,2026-08-31T09:15:24.868539Z
ChIJCx4EoPQVrjsRQWrk2ihJ010,SAVI RUCHI,places,en,89,12.89068655,77.591845,12.890006399999999,77.5936621,0,blr2,Bengaluru,2026-08-31T09:15:24.868543Z
ChIJn1aN8zoVrjsRbR6EBXgZDSo,ಉಡುಪಿ ವೆಜ್. Udupi Veg,places,en,89,12.89068655,77.591845,12.889864099999999,77.59383749999999,0,blr2,Bengaluru,2026-08-31T09:15:24.868547Z
ChIJVVVVmToVrjsR4zPba1tdcEY,manjushree veg,places,en,89,12.89068655,77.591845,12.8902565,77.5940024,0,blr2,Bengaluru,2026-08-31T09:15:24.868553Z
ChIJ_X9eDg4VrjsROJQU2VRjybE,Pani Puri. Kadeer Shah,places,en,89,12.89068655,77.591845,12.8897941,77.59416139999999,0,blr2,Bengaluru,2026-08-31T09:15:24.868557Z
ChIJ2UEPEjMVrjsRlJ7_tGbCZEk,Puneri Misal House | Maharashtrian Restaurant,places,en,89,12.89068655,77.591845,12.8882072,77.5923104,0,blr2,Bengaluru,2026-08-31T09:15:24.868561Z
ChIJvSGztyMVrjsRzF5SKM5tQgE,EATCLUB,places,en,89,12.89068655,77.591845,12.8911427,77.5943818,0,blr2,Bengaluru,2026-08-31T09:15:24.868564Z
ChIJS7tbVjEVrjsRQhOKrvPrX64,ITMINAAN BIRYANI - Dum Pukht | Order Food Online,places,en,89,12.89068655,77.591845,12.8911427,77.5943818,0,blr2,Bengaluru,2026-08-31T09:15:24.868568Z
ChIJu7pDdYQVrjsR0iRnnJ2-XOo,Chowman (Arekere),places,en,89,12.89068655,77.591845,12.891255699999999,77.5943798,0,blr2,Bengaluru,2026-08-31T09:15:24.868571Z
ChIJLyTVHTsVrjsRuwQ2VY67O4c,Box8,places,en,89,12.89068655,77.591845,12.891088,77.5944246,0,blr2,Bengaluru,2026-08-31T09:15:24.868575Z
ChIJ13LVC68VrjsR00cww_WTlRg,Harvest Salad Co | Arekere Nagar,places,en,89,12.89068655,77.591845,12.8913909,77.59439449999999,0,blr2,Bengaluru,2026-08-31T09:15:24.868579Z
ChIJpZtq7xQVrjsRHvg5Jp5CCdo,Vasavi Bangarpet Chats,places,en,89,12.89068655,77.591845,12.8892422,77.5940646,0,blr2,Bengaluru,2026-08-31T09:15:24.868583Z
ChIJDcinpLgVrjsRsfZyca6Unps,Shri Annapoorna Cafe,places,en,89,12.89068655,77.591845,12.8912982,77.5944926,0,blr2,Bengaluru,2026-08-31T09:15:24.868587Z
ChIJqUV5L2U9rjsRyDZ7niMC5H4,Sree Vinayaka Fast Food,places,en,91,13.03473775,77.55398339999999,13.035261,77.553752,0,blr2,Bengaluru,2026-08-31T09:15:25.620483Z
ChIJu25q6iQ9rjsRV_95zyzMCMM,Chaat Burst,places,en,91,13.03473775,77.55398339999999,13.0352634,77.5537417,0,blr2,Bengaluru,2026-08-31T09:15:25.621084Z
ChIJuVZvPAA9rjsRjVxF51eaWxk,Momo shop,places,en,91,13.03473775,77.55398339999999,13.035613999999999,77.55403249999999,0,blr2,Bengaluru,2026-08-31T09:15:25.621092Z
ChIJtfttq109rjsRC_l9vABfs0Y,Venkateshwara Bar & Restaurant,places,en,91,13.03473775,77.55398339999999,13.035736199999999,77.5536705,0,blr2,Bengaluru,2026-08-31T09:15:25.621096Z
ChIJhcrizF09rjsRAMQDGMsJd8I,VISMAYA HOTEL & CHATS CENTER,places,en,91,13.03473775,77.55398339999999,13.035813099999999,77.5553087,0,blr2,Bengaluru,2026-08-31T09:15:25.621101Z
ChIJAaFd5V09rjsRPFJS2Np4CPY,RAKSHITHA FAST FOOD,places,en,91,13.03473775,77.55398339999999,13.0339286,77.5555773,0,blr2,Bengaluru,2026-08-31T09:15:25.621105Z
ChIJseBmJAA9rjsROXjgtNcw8Og,Karavali Kitchen,places,en,91,13.03473775,77.55398339999999,13.033046599999999,77.5545602,0,blr2,Bengaluru,2026-08-31T09:15:25.621109Z
ChIJ_8ZHCzQ9rjsR0YOLo3t40oc,Sujata Vijan Home Food Veg,places,en,91,13.03473775,77.55398339999999,13.0359467,77.5553717,0,blr2,Bengaluru,2026-08-31T09:15:25.621113Z
ChIJ5cB9HwA9rjsRiiqIw1St-90,Mahalaxmi tatte idli,places,en,91,13.03473775,77.55398339999999,13.0338567,77.55574279999999,0,blr2,Bengaluru,2026-08-31T09:15:25.621117Z
ChIJ84mNegA9rjsRJoKHNGyImVc,Gouranandan biriyani hotel,places,en,91,13.03473775,77.55398339999999,13.0331452,77.55521739999999,0,blr2,Bengaluru,2026-08-31T09:15:25.621121Z
ChIJ4-zI-bw9rjsRu0nDyPbQVww,Ramesh Gobi Corner,places,en,91,13.03473775,77.55398339999999,13.03295,77.5549091,0,blr2,Bengaluru,2026-08-31T09:15:25.621125Z
ChIJ0-BjGQA9rjsRBx0LO8a66OQ,SRI SAI 99 VARIETY DOSAS,places,en,91,13.03473775,77.55398339999999,13.036607900000002,77.5531742,0,blr2,Bengaluru,2026-08-31T09:15:25.621129Z
ChIJw3DKX2c9rjsRgmp6bmDVlu0,Sri Ruchi's Veg,places,en,91,13.03473775,77.55398339999999,13.0329248,77.55487169999999,0,blr2,Bengaluru,2026-08-31T09:15:25.621132Z
ChIJMd4Kdww9rjsR0uRWvJ3VEdc,"Modern Iyengar's Bakery, Cakes, Sweets And Chats",places,en,91,13.03473775,77.55398339999999,13.032818599999999,77.5547042,0,blr2,Bengaluru,2026-08-31T09:15:25.621136Z
ChIJT46r4MM9rjsR1seC3wCrLV0,Hotel Manjunatha Fast Food,places,en,91,13.03473775,77.55398339999999,13.0333623,77.555555,0,blr2,Bengaluru,2026-08-31T09:15:25.621139Z
ChIJTVyS-V09rjsRYXpfN9-xw14,Sri Manjunatha Fast Food Vegetarian,places,en,91,13.03473775,77.55398339999999,13.0334151,77.5556103,0,blr2,Bengaluru,2026-08-31T09:15:25.621143Z
ChIJhzclDGc9rjsRAAAAMKY2gWY,Mother Dairy,places,en,91,13.03473775,77.55398339999999,13.0326447,77.55463689999999,0,blr2,Bengaluru,2026-08-31T09:15:25.621147Z
ChIJcchNYAA9rjsRV4LfJcuHUAw,MARULASIDDESHWARA MANDAKKI MIRCHI MANJU,places,en,91,13.03473775,77.55398339999999,13.035843499999999,77.55609,0,blr2,Bengaluru,2026-08-31T09:15:25.621151Z
ChIJETiECV49rjsRD3WZiByrXv4,Star Biryani Centre,places,en,91,13.03473775,77.55398339999999,13.0342269,77.5563334,0,blr2,Bengaluru,2026-08-31T09:15:25.621155Z
ChIJZTm3niY9rjsR8LvQDteCB9Y,Sunday Home foods,places,en,91,13.03473775,77.55398339999999,13.035563699999999,77.55646589999999,0,blr2,Bengaluru,2026-08-31T09:15:25.621158Z
ChIJw2LW-acZrjsRJZjxhlnVB1M,Hot N Sour Family Restaurant,places,en,92,13.10394885,77.61976820000001,13.103844899999999,77.6199472,0,blr2,Bengaluru,2026-08-31T09:15:25.976605Z
ChIJfwb_0PUZrjsR2vkWlDcjjgc,Veeramma Hotel,places,en,92,13.10394885,77.61976820000001,13.1039516,77.62080639999999,0,blr2,Bengaluru,2026-08-31T09:15:25.976629Z
ChIJq6tYj6EZrjsRUItd7YUVFhs,ಶ್ರೀ ಹಂಪಿ ಹೋಮ್ ಮೇಡ್ ಟಿಫಿನ್,places,en,92,13.10394885,77.61976820000001,13.1040742,77.6180727,0,blr2,Bengaluru,2026-08-31T09:15:25.976635Z
ChIJM7NgTgAZrjsR6oqjAypoS1Q,Kogilu,places,en,92,13.10394885,77.61976820000001,13.1037147,77.61797539999999,0,blr2,Bengaluru,2026-08-31T09:15:25.976640Z
ChIJFy2EWsAZrjsRntldPhxM-Io,Mom's Co Kitchen,places,en,92,13.10394885,77.61976820000001,13.1041492,77.6179423,0,blr2,Bengaluru,2026-08-31T09:15:25.976643Z
ChIJo2JrG0gZrjsRLDpD7ltH638,P&J Bars,places,en,92,13.10394885,77.61976820000001,13.1041624,77.61789639999999,0,blr2,Bengaluru,2026-08-31T09:15:25.976647Z
ChIJuUuKOQoZrjsRV_SUp-ZKZjg,Reddy mess,places,en,92,13.10394885,77.61976820000001,13.104324700000001,77.61746629999999,0,blr2,Bengaluru,2026-08-31T09:15:25.976650Z
ChIJuSbBBgAZrjsRjehILsuSD0A,Sarathi Nati Style Donne Biryani,places,en,92,13.10394885,77.61976820000001,13.1043395,77.6173602,0,blr2,Bengaluru,2026-08-31T09:15:25.976653Z
ChIJh7FaiAcZrjsRYEDGHPJDazw,Sri Kottureshwara Davangere Benne Dose Hotel,places,en,92,13.10394885,77.61976820000001,13.1040974,77.6172263,0,blr2,Bengaluru,2026-08-31T09:15:25.976656Z
ChIJd-IiTgAVrjsRWtzP97UZks4,Orugallu Biryani,places,en,94,12.876740349999999,77.6035999,12.8775876,77.6033358,0,blr2,Bengaluru,2026-08-31T09:15:27.474266Z
ChIJXdf52M4VrjsRsKc6sdNTtrU,Sri Byarveshwar Chicken Center Egg Centre RAJU K L,places,en,94,12.876740349999999,77.6035999,12.877538,77.6040071,0,blr2,Bengaluru,2026-08-31T09:15:27.474279Z
ChIJa1n1SysVrjsRg6U738F6BeU,SRI SLV Bhavan,places,en,94,12.876740349999999,77.6035999,12.877545099999999,77.6031917,0,blr2,Bengaluru,2026-08-31T09:15:27.474283Z
ChIJUVl7TuBrrjsRrUrOhS6GCHg,Café Memoire,places,en,94,12.876740349999999,77.6035999,12.8771735,77.60447839999999,0,blr2,Bengaluru,2026-08-31T09:15:27.474286Z
ChIJl1Wx9LgVrjsRGOlb34x9_zc,SRI ANNAPOORNESHWARI TIFFEN CENTRE,places,en,94,12.876740349999999,77.6035999,12.877397,77.6028687,0,blr2,Bengaluru,2026-08-31T09:15:27.474288Z
ChIJnerUrNRqrjsRV3HsWp1pHM8,Sri Devi Condiments,places,en,94,12.876740349999999,77.6035999,12.877215399999999,77.6025914,0,blr2,Bengaluru,2026-08-31T09:15:27.474291Z
ChIJkSklUysVrjsRDpFheNTSSgw,Udupi Ruchi,places,en,94,12.876740349999999,77.6035999,12.877252,77.60259099999999,0,blr2,Bengaluru,2026-08-31T09:15:27.474293Z
ChIJKbAAUisVrjsR7OOMk6_TIKE,R B CHICKEN CENTRE,places,en,94,12.876740349999999,77.6035999,12.8775491,77.602771,0,blr2,Bengaluru,2026-08-31T09:15:27.474295Z
ChIJO8pwdJZrrjsRzpbAkDqxwe8,Ranjith Pani Puri,places,en,94,12.876740349999999,77.6035999,12.8774392,77.6025683,0,blr2,Bengaluru,2026-08-31T09:15:27.474297Z
ChIJgQa0mdRqrjsRephH1RqYkfY,Bismillah Hotel,places,en,94,12.876740349999999,77.6035999,12.875617799999999,77.6026578,0,blr2,Bengaluru,2026-08-31T09:15:27.474299Z
ChIJ1ziFEgAVrjsRaajDuvgWkWs,M R BAKERY,places,en,94,12.876740349999999,77.6035999,12.8776887,77.6022825,0,blr2,Bengaluru,2026-08-31T09:15:27.474301Z
ChIJjTAKOgAVrjsRdozHc6tE30c,Tasty Thindi,places,en,94,12.876740349999999,77.6035999,12.8786682,77.60365039999999,0,blr2,Bengaluru,2026-08-31T09:15:27.474303Z
ChIJ-SHGU9NqrjsRVbJQWbsEXBc,Shiv Sai Hotel and caterers,places,en,94,12.876740349999999,77.6035999,12.876869,77.60156599999999,0,blr2,Bengaluru,2026-08-31T09:15:27.474305Z
ChIJ-dEkySYVrjsR7WNXgVNXBdU,Nikhil mobiles sale and service,places,en,94,12.876740349999999,77.6035999,12.879013599999999,77.6024805,0,blr2,Bengaluru,2026-08-31T09:15:27.474307Z
ChIJoZo0ENVqrjsRPscMmhDlTls,BRAHMIN'S HOMELY FOOD,places,en,94,12.876740349999999,77.6035999,12.875303899999999,77.6058089,0,blr2,Bengaluru,2026-08-31T09:15:27.474309Z
ChIJgamcZCsVrjsRXf0ZDzYYQ5A,C.K. Tender Chicken & Egg Center,places,en,94,12.876740349999999,77.6035999,12.879164699999999,77.6024348,0,blr2,Bengaluru,2026-08-31T09:15:27.474311Z
ChIJDzHgMwAVrjsRN6xqIZDxvZ4,Joy nath,places,en,95,12.88312445,77.62110135,12.8827611,77.6210337,0,blr2,Bengaluru,2026-08-31T09:15:27.865799Z
ChIJ93TY6jcUrjsRA07JZhU4Tlg,Winzig Wings Begur Road,places,en,95,12.88312445,77.62110135,12.8824671,77.6199615,0,blr2,Bengaluru,2026-08-31T09:15:27.865813Z
ChIJvxaodQAVrjsRQnlpCccqkZk,1st main road Devarachikkanahalli nearby sri ayyappa bakery & sweets,places,en,95,12.88312445,77.62110135,12.8848269,77.619908,0,blr2,Bengaluru,2026-08-31T09:15:27.865816Z
ChIJAUl2j5oVrjsR_pGjBWhmdx8,MOMZO,places,en,95,12.88312445,77.62110135,12.8851522,77.6196908,0,blr2,Bengaluru,2026-08-31T09:15:27.865819Z
ChIJGwniSp8VrjsRISewb4mOgSw,Chefs & Foodies,places,en,95,12.88312445,77.62110135,12.8820266,77.6233676,0,blr2,Bengaluru,2026-08-31T09:15:27.865821Z
ChIJ4dYUFGYVrjsRkn-gYhjjmuU,SHARMA CHAT CENTER,places,en,96,12.9138868,77.59001515,12.913432799999999,77.5896204,0,blr2,Bengaluru,2026-08-31T09:15:28.227120Z
ChIJNbrmbHUVrjsRg7G5cB4UNDY,The Protein kitchen,places,en,96,12.9138868,77.59001515,12.913825,77.58842849999999,0,blr2,Bengaluru,2026-08-31T09:15:28.227129Z
ChIJu4btS1oVrjsR_DFTqRkff3Q,Al Laham mutton and chicken shop,places,en,96,12.9138868,77.59001515,12.913744999999999,77.5880069,0,blr2,Bengaluru,2026-08-31T09:15:28.227131Z
ChIJb5X8RBMVrjsRxP_YZDCFsBE,Bangarpete Chats,places,en,96,12.9138868,77.59001515,12.91264,77.5919844,0,blr2,Bengaluru,2026-08-31T09:15:28.227133Z
ChIJJckR55AVrjsRu5Qm0vbgspA,Golden Fork Ventures,places,en,96,12.9138868,77.59001515,12.912622299999999,77.5923444,0,blr2,Bengaluru,2026-08-31T09:15:28.227136Z
ChIJfalIFVkVrjsRruPz70p9TuI,Pizza And Resturant,places,en,96,12.9138868,77.59001515,12.9143539,77.587351,0,blr2,Bengaluru,2026-08-31T09:15:28.227138Z
ChIJIXLueNgVrjsRuGuzsomYu64,Akmal,places,en,97,12.90294635,77.5687891,12.9026675,77.56899229999999,0,blr2,Bengaluru,2026-08-31T09:15:28.572697Z
ChIJEwLas6EVrjsRydfIFk0vDKE,NEW SHOP MR SUKHAMOY DEBNAT,places,en,97,12.90294635,77.5687891,12.903515599999999,77.56812289999999,0,blr2,Bengaluru,2026-08-31T09:15:28.572706Z
ChIJcVRD8MsVrjsRnWdvAHx0hMY,TEA SMOKE HEAAVEN,places,en,97,12.90294635,77.5687891,12.901992,77.5686341,0,blr2,Bengaluru,2026-08-31T09:15:28.572708Z
ChIJs-otvFIVrjsR1-M1K3HnMnI,Digital Online Payment,places,en,97,12.90294635,77.5687891,12.9039372,77.5683049,0,blr2,Bengaluru,2026-08-31T09:15:28.572710Z
ChIJzz8uAiYVrjsRWJmSu4IRTrU,Irha home kitchen,places,en,97,12.90294635,77.5687891,12.9023199,77.5702544,0,blr2,Bengaluru,2026-08-31T09:15:28.572712Z
ChIJvWKIGowVrjsR47vJ_YuAOeE,Paradise Cloud Kitchen previously ( Ahmed's Little Hut ),places,en,97,12.90294635,77.5687891,12.9018131,77.56745219999999,0,blr2,Bengaluru,2026-08-31T09:15:28.572714Z
ChIJj0__3tYVrjsRSmgaBJ4T8oI,Al Basheer Hotel,places,en,97,12.90294635,77.5687891,12.904622,77.56824999999999,0,blr2,Bengaluru,2026-08-31T09:15:28.572715Z
ChIJ7xQBmwsVrjsReenwC4NTYNM,Arman Darbar house,places,en,97,12.90294635,77.5687891,12.903022499999999,77.5705821,0,blr2,Bengaluru,2026-08-31T09:15:28.572717Z
ChIJzfZDkcYVrjsRDzJPT45JSp4,NAZIR UDDIN Matam Lazeez,places,en,97,12.90294635,77.5687891,12.9048204,77.568224,0,blr2,Bengaluru,2026-08-31T09:15:28.572719Z
ChIJ1wnNRlIVrjsRXhr9JDI0-18,FAYAZ HOTEL,places,en,97,12.90294635,77.5687891,12.9052565,77.5685164,0,blr2,Bengaluru,2026-08-31T09:15:28.572720Z
ChIJd7OcOAevJzoRLoPdAaP6g-w,S A S STORE,places,en,97,12.90294635,77.5687891,12.9052595,77.56939419999999,0,blr2,Bengaluru,2026-08-31T09:15:28.572722Z
ChIJu87tMqYVrjsRuFUYNHPFOpE,Al Basheer Zaika,places,en,97,12.90294635,77.5687891,12.9053709,77.5690133,0,blr2,Bengaluru,2026-08-31T09:15:28.572724Z
ChIJYQMqPDsVrjsReLZcqVwK61A,A1 Kabab center,places,en,97,12.90294635,77.5687891,12.9055691,77.56896569999999,0,blr2,Bengaluru,2026-08-31T09:15:28.572725Z
ChIJOy_6bGQVrjsR4vWwusSUd1w,Bangalore Chicken Centre,places,en,97,12.90294635,77.5687891,12.9055974,77.56901189999999,0,blr2,Bengaluru,2026-08-31T09:15:28.572726Z
ChIJz1pUtMgVrjsRkIJbn6iO9WA,Sri Guru Raghavendra Hotels,places,en,98,12.9172118,77.6031088,12.9171148,77.6030504,0,blr2,Bengaluru,2026-08-31T09:15:29.011096Z
ChIJyVnUQOsVrjsRo-unaWwzxwU,Hotel BTM,places,en,98,12.9172118,77.6031088,12.9168474,77.6032796,0,blr2,Bengaluru,2026-08-31T09:15:29.011110Z
ChIJPVVVlf4UrjsRXjtKrM6Tat4,TOP FOAM PORATHA ROLL & JUICE CENTER,places,en,98,12.9172118,77.6031088,12.917484,77.6026447,0,blr2,Bengaluru,2026-08-31T09:15:29.011113Z
ChIJdRitNGUVrjsRtuC5m1-R-fo,Top Foam Restaurant,places,en,98,12.9172118,77.6031088,12.917487,77.60263880000001,0,blr2,Bengaluru,2026-08-31T09:15:29.011115Z
ChIJxxhfASoVrjsRDdZDZEOlm4k,TEA TIME,places,en,98,12.9172118,77.6031088,12.916640099999999,77.60281280000001,0,blr2,Bengaluru,2026-08-31T09:15:29.011118Z
ChIJYSh1CgAVrjsR0KUsHC6ZLrk,The Dehlavi,places,en,98,12.9172118,77.6031088,12.917902699999999,77.6029902,0,blr2,Bengaluru,2026-08-31T09:15:29.011119Z
ChIJGz1XMAAVrjsRCP2aEQHt9ts,BOX EAT,places,en,98,12.9172118,77.6031088,12.9175124,77.6038023,0,blr2,Bengaluru,2026-08-31T09:15:29.011121Z
ChIJn3djx1YVrjsRF5QAD5OIk94,HOTEL MANDYA NAATY STYLE,places,en,98,12.9172118,77.6031088,12.9168367,77.6038797,0,blr2,Bengaluru,2026-08-31T09:15:29.011123Z
ChIJNURm2gMVrjsRdSNW2GYi8S4,Udupi Gokul Cafe,places,en,98,12.9172118,77.6031088,12.9163603,77.6031364,0,blr2,Bengaluru,2026-08-31T09:15:29.011125Z
ChIJ_0ZARZcVrjsRP11j9apMSQw,SRI BRAMMASREE BAJJI CETER,places,en,98,12.9172118,77.6031088,12.917135,77.60404299999999,0,blr2,Bengaluru,2026-08-31T09:15:29.011127Z
ChIJc0hulocVrjsRpKzs0gS8NRo,VIJAYASHETTY,places,en,98,12.9172118,77.6031088,12.9169839,77.604101,0,blr2,Bengaluru,2026-08-31T09:15:29.011129Z
ChIJcVMSmlcVrjsR-GU2ssEBRx4,Green Cafe,places,en,98,12.9172118,77.6031088,12.9168416,77.60408439999999,0,blr2,Bengaluru,2026-08-31T09:15:29.011131Z
ChIJSQtY_gMVrjsRI8cnERS5Rpg,Naati Bojana,places,en,98,12.9172118,77.6031088,12.916540699999999,77.6022862,0,blr2,Bengaluru,2026-08-31T09:15:29.011132Z
ChIJT0K7EuIVrjsRqg1YG_2WmVs,Bawarchi In | Veg & Non-Veg Restaurant,places,en,98,12.9172118,77.6031088,12.9168732,77.6041832,0,blr2,Bengaluru,2026-08-31T09:15:29.011134Z
ChIJrZTV3G8VrjsRWoVdmYIL0vA,Desi Aahar,places,en,98,12.9172118,77.6031088,12.9165406,77.6022113,0,blr2,Bengaluru,2026-08-31T09:15:29.011135Z
ChIJl0oOic0VrjsRwVJ-8yVzSqI,Hot Bajji's,places,en,98,12.9172118,77.6031088,12.916105,77.60313239999999,0,blr2,Bengaluru,2026-08-31T09:15:29.011137Z
ChIJuz0OZ84VrjsRNOiQ1WQbnJ0,Juice & Soup Spot,places,en,98,12.9172118,77.6031088,12.9173064,77.6019321,0,blr2,Bengaluru,2026-08-31T09:15:29.011139Z
ChIJSS-d6OMVrjsRDVGD4D9l_io,Chetan Kumar chats,places,en,98,12.9172118,77.6031088,12.916193,77.6037296,0,blr2,Bengaluru,2026-08-31T09:15:29.011140Z
ChIJOceQXH4VrjsRDDsP0A_RQ3A,Secret Tadka,places,en,98,12.9172118,77.6031088,12.9165906,77.6041576,0,blr2,Bengaluru,2026-08-31T09:15:29.011142Z
ChIJOZBGCPwVrjsRMmnR4tsq_xE,Ninan's Burger,places,en,98,12.9172118,77.6031088,12.9165428,77.6020314,0,blr2,Bengaluru,2026-08-31T09:15:29.011144Z
ChIJHUryIgATrjsRoL-DWDbj64s,Glory multi cuisine food court,places,en,99,12.94703665,77.6820196,12.9475728,77.680707,0,blr2,Bengaluru,2026-08-31T09:15:29.436222Z
ChIJD3jINbATrjsROkmBbivzgfw,North East Delicious Food Stall,places,en,99,12.94703665,77.6820196,12.947774599999999,77.6807082,0,blr2,Bengaluru,2026-08-31T09:15:29.436233Z
ChIJX1KKVwATrjsRKkTmmSd1VAs,"Domino’s Pizza | Yemalur, Bengaluru",places,en,99,12.94703665,77.6820196,12.947754199999999,77.68059099999999,0,blr2,Bengaluru,2026-08-31T09:15:29.436236Z
ChIJyalubisTrjsRfoMwvAFWT7o,Amma's Special,places,en,99,12.94703665,77.6820196,12.947021399999999,77.68039189999999,0,blr2,Bengaluru,2026-08-31T09:15:29.436238Z
ChIJcQzyPAATrjsRffb-g9pH540,Amma's Special,places,en,99,12.94703665,77.6820196,12.9470212,77.68039189999999,0,blr2,Bengaluru,2026-08-31T09:15:29.436240Z
ChIJqbyZGwATrjsRip56-DfnDRs,Glory juice corner,places,en,99,12.94703665,77.6820196,12.948426,77.6806914,0,blr2,Bengaluru,2026-08-31T09:15:29.436241Z
ChIJo64eZQATrjsRr4b3wTl6FyQ,Das home kitchen Bengali food hotel,places,en,99,12.94703665,77.6820196,12.945631899999999,77.6806599,0,blr2,Bengaluru,2026-08-31T09:15:29.436243Z
ChIJdTghGgATrjsRXh5X6NcbcFs,Rypro kitchen,places,en,99,12.94703665,77.6820196,12.946479199999999,77.6800303,0,blr2,Bengaluru,2026-08-31T09:15:29.436245Z
ChIJC0q33KkTrjsRvbg8k1-fXVQ,Ruia's Delicacy,places,en,99,12.94703665,77.6820196,12.948175599999999,77.6843877,0,blr2,Bengaluru,2026-08-31T09:15:29.436247Z
ChIJJ2MhQpsTrjsRz4ljh357RI4,Bangarpete Chats and Snacks,places,en,99,12.94703665,77.6820196,12.944869200000001,77.6803968,0,blr2,Bengaluru,2026-08-31T09:15:29.436248Z
ChIJl8kTKwA_rjsRvUeONLnKvdc,Sri vinayaka chats,places,en,100,12.9237122,77.54686735,12.923572799999999,77.546695,0,blr2,Bengaluru,2026-08-31T09:15:29.775906Z
ChIJf7tk6rk_rjsRzV414G5GjuU,Sri Brahmalingeshwara,places,en,100,12.9237122,77.54686735,12.924462900000002,77.5468047,0,blr2,Bengaluru,2026-08-31T09:15:29.775918Z
ChIJl9hXGMM_rjsRijjOmFWRPls,Udupi Kai Ruchi,places,en,100,12.9237122,77.54686735,12.9245474,77.54674539999999,0,blr2,Bengaluru,2026-08-31T09:15:29.775920Z
ChIJ_5VA2zM-rjsRouHYnMEqe0o,Shri Manjunatha Darshini,places,en,100,12.9237122,77.54686735,12.9247141,77.5465976,0,blr2,Bengaluru,2026-08-31T09:15:29.775923Z
ChIJi9rCYkM_rjsR1jXk_jo7I0c,Mulabagilu Dose. Dhanalakshmamma,places,en,100,12.9237122,77.54686735,12.9224198,77.5459781,0,blr2,Bengaluru,2026-08-31T09:15:29.775925Z
ChIJkxI0fQA_rjsRxMzyXxkK358,Yogesh. H,places,en,100,12.9237122,77.54686735,12.9254533,77.546757,0,blr2,Bengaluru,2026-08-31T09:15:29.775927Z
ChIJM-zBBBc_rjsRzbw69v5e-nc,Chandu's biryani corner,places,en,100,12.9237122,77.54686735,12.923274699999999,77.5488599,0,blr2,Bengaluru,2026-08-31T09:15:29.775929Z
ChIJleZMoHQ_rjsR_N1T89kuvyg,G R Tiffin Corner,places,en,100,12.9237122,77.54686735,12.923453199999999,77.54890309999999,0,blr2,Bengaluru,2026-08-31T09:15:29.775930Z
ChIJ678A9kc_rjsRD8UdPYThwi4,Sanidhya Chicken Centre,places,en,100,12.9237122,77.54686735,12.922749999999999,77.54871039999999,0,blr2,Bengaluru,2026-08-31T09:15:29.775932Z
ChIJhURIvfs_rjsRGC7bpu3m-2s,CREAM HOUSE. Mr. Saurabh Singh Saorabh,places,en,100,12.9237122,77.54686735,12.9238182,77.5489872,0,blr2,Bengaluru,2026-08-31T09:15:29.775934Z
ChIJbd2UKUA_rjsRS4dqpnfrPJE,Cake Ideology Bangalore,places,en,100,12.9237122,77.54686735,12.9248251,77.5450942,0,blr2,Bengaluru,2026-08-31T09:15:29.775936Z
ChIJy1SjO5g_rjsRnIBa5lOWoh4,A M Fish Shop. Moham,places,en,100,12.9237122,77.54686735,12.9216499,77.5475944,0,blr2,Bengaluru,2026-08-31T09:15:29.775938Z
ChIJmQ7AXzI-rjsR3iUtXeVthns,Mayura Park Bar & Restaurant,places,en,100,12.9237122,77.54686735,12.9228224,77.5489297,0,blr2,Bengaluru,2026-08-31T09:15:29.775940Z
ChIJIYDK53A_rjsRAFHfAxAuwLE,Tasty Kudla,places,en,100,12.9237122,77.54686735,12.922656499999999,77.5488962,0,blr2,Bengaluru,2026-08-31T09:15:29.775941Z
ChIJnUvg8Kw_rjsRg4Rn5Iw1elU,Dharwad Mane Ruchi,places,en,100,12.9237122,77.54686735,12.9240759,77.5491282,0,blr2,Bengaluru,2026-08-31T09:15:29.775943Z
ChIJr7_Tnz4_rjsR2p7LMGVSw64,SLV Iyengar Cake House,places,en,100,12.9237122,77.54686735,12.9215091,77.5478121,0,blr2,Bengaluru,2026-08-31T09:15:29.775945Z
ChIJHxNbnnQ_rjsRQKJGzuwsJzU,XPRESS CAFE,places,en,100,12.9237122,77.54686735,12.924309099999999,77.5492577,0,blr2,Bengaluru,2026-08-31T09:15:29.775946Z
ChIJT97P7zI-rjsR9IT4JifBlPs,ನ್ಯಾಯ ಬೆಲೆ ಅಂಗಡಿ,places,en,100,12.9237122,77.54686735,12.921853500000001,77.54846859999999,0,blr2,Bengaluru,2026-08-31T09:15:29.775948Z
ChIJFw3Y4TI-rjsRZAi9-Ca2F4c,Royal Chicken Centre,places,en,100,12.9237122,77.54686735,12.9213769,77.5476261,0,blr2,Bengaluru,2026-08-31T09:15:29.775950Z
ChIJ8WugZAA_rjsRZHG9Itazbx8,ಬೀರೇಶ್ವರ ಚಿಕನ್ ಸೆಂಟರ್,places,en,100,12.9237122,77.54686735,12.921484999999999,77.5480591,0,blr2,Bengaluru,2026-08-31T09:15:29.775952Z
ChIJW7ppDXwVrjsRM6nxFUt48gU,Gooey Momos,places,en,101,12.92103635,77.6112033,12.920975700000001,77.6111124,0,blr2,Bengaluru,2026-08-31T09:15:30.117783Z
ChIJf_j_C_8UrjsRaqvKxqz6rFg,Kappayum Curriyum,places,en,101,12.92103635,77.6112033,12.921019300000001,77.6110092,0,blr2,Bengaluru,2026-08-31T09:15:30.117796Z
ChIJParBrQkVrjsRyjs-HD3n168,Nalikeram Food Point,places,en,101,12.92103635,77.6112033,12.9211622,77.610891,0,blr2,Bengaluru,2026-08-31T09:15:30.117799Z
ChIJJ3v3yHgVrjsRcoInFg20YZM,Nalikeram food point,places,en,101,12.92103635,77.6112033,12.921089499999999,77.6108531,0,blr2,Bengaluru,2026-08-31T09:15:30.117802Z
ChIJcW7XyrwVrjsRtonBJO2B0a4,The Biryani Shop,places,en,101,12.92103635,77.6112033,12.9214363,77.6112303,0,blr2,Bengaluru,2026-08-31T09:15:30.117805Z
ChIJeac2kjQVrjsReCl1SkkBLh4,Nawabs 9 cafe & coolbar,places,en,101,12.92103635,77.6112033,12.921453999999999,77.61115819999999,0,blr2,Bengaluru,2026-08-31T09:15:30.117807Z
ChIJ4RGp-jwVrjsRReN4ORMakyM,Sai Ram Foods,places,en,101,12.92103635,77.6112033,12.9209821,77.6107907,0,blr2,Bengaluru,2026-08-31T09:15:30.117809Z
ChIJk25IzPwVrjsR6fec1zWCAXU,Mahadeshwara Gobi Corner,places,en,101,12.92103635,77.6112033,12.9209888,77.610781,0,blr2,Bengaluru,2026-08-31T09:15:30.117811Z
ChIJY8R_RwAVrjsRoA2-inrKbps,Btm 1st stage,places,en,101,12.92103635,77.6112033,12.920987,77.6107811,0,blr2,Bengaluru,2026-08-31T09:15:30.117813Z
ChIJXUbnTOcVrjsRYFgeUA3F2X8,Firangi Bake,places,en,101,12.92103635,77.6112033,12.9214868,77.6111854,0,blr2,Bengaluru,2026-08-31T09:15:30.117816Z
ChIJBwFN1YYVrjsRvHmZnbq82hQ,Andhra Home Foods,places,en,101,12.92103635,77.6112033,12.9212801,77.61159769999999,0,blr2,Bengaluru,2026-08-31T09:15:30.117818Z
ChIJgSN4NI0VrjsRN3vX-SEYxXY,Namma Juice Junction,places,en,101,12.92103635,77.6112033,12.9212801,77.61159769999999,0,blr2,Bengaluru,2026-08-31T09:15:30.117820Z
ChIJATuTVAAVrjsR6J23yUwsiZg,Shri UDUPI PANCHAMUKHI INN,places,en,101,12.92103635,77.6112033,12.9212715,77.6116212,0,blr2,Bengaluru,2026-08-31T09:15:30.117822Z
ChIJDwT4yfMVrjsRDvE7RfgpOcc,AMBUR FIVE STAR BIRIYANI,places,en,101,12.92103635,77.6112033,12.921531,77.6109973,0,blr2,Bengaluru,2026-08-31T09:15:30.117824Z
ChIJMXj_02YVrjsRW4K-OXJ8Cg8,B. R Kabab Corner,places,en,101,12.92103635,77.6112033,12.921605699999999,77.61108209999999,0,blr2,Bengaluru,2026-08-31T09:15:30.117826Z
ChIJA6naEAAVrjsRQm7_N0ydKQw,PRINCE FOOD EXPRESS,places,en,101,12.92103635,77.6112033,12.920555799999999,77.6107739,0,blr2,Bengaluru,2026-08-31T09:15:30.117828Z
ChIJkSRgDS4VrjsREkBJo26CHAY,Kruthi bar and restaurant,places,en,101,12.92103635,77.6112033,12.9217316,77.61114289999999,0,blr2,Bengaluru,2026-08-31T09:15:30.117830Z
ChIJqzoDgN8VrjsRqu6flk8Wft4,Homely Tiffin Service,places,en,101,12.92103635,77.6112033,12.92169,77.61095929999999,0,blr2,Bengaluru,2026-08-31T09:15:30.117832Z
ChIJUXCxgX4VrjsRNfu7khDgo1A,BBQ STREET,places,en,101,12.92103635,77.6112033,12.9217827,77.6110631,0,blr2,Bengaluru,2026-08-31T09:15:30.117834Z
ChIJ6erGPVkUrjsRiUEsrXbPOPE,Salena And New Salena Food Center,places,en,101,12.92103635,77.6112033,12.9204735,77.610637,0,blr2,Bengaluru,2026-08-31T09:15:30.117836Z
ChIJi1QJ2nQXrjsRbDFkLe4kInU,Andhra Gunpowder - Kalyan Nagar,places,en,102,12.980325749999999,77.63829,12.979687199999999,77.6384741,0,blr2,Bengaluru,2026-08-31T09:15:30.502477Z
ChIJdU1tOrsWrjsRa8hTEg4Fuug,Yogisthaan,places,en,102,12.980325749999999,77.63829,12.9809695,77.6384095,0,blr2,Bengaluru,2026-08-31T09:15:30.502523Z
ChIJYVoGYCAXrjsRSkOuF8xt0wM,Cafe Bengaluru,places,en,102,12.980325749999999,77.63829,12.980049300000001,77.63900910000001,0,blr2,Bengaluru,2026-08-31T09:15:30.502530Z
ChIJSbxVSlEVrjsR__lzGopdkwQ,Delhi Dose,places,en,102,12.980325749999999,77.63829,12.980187599999999,77.6372621,0,blr2,Bengaluru,2026-08-31T09:15:30.502534Z
ChIJs_c-474XrjsRICWHj7qzl94,Klaa,places,en,102,12.980325749999999,77.63829,12.980362699999999,77.6372517,0,blr2,Bengaluru,2026-08-31T09:15:30.502537Z
ChIJz5wsOgAXrjsRXXrbe4KDwdg,Ravindran Masala Puri Stall,places,en,102,12.980325749999999,77.63829,12.9799689,77.63928349999999,0,blr2,Bengaluru,2026-08-31T09:15:30.502541Z
ChIJ5f9zEwAXrjsRpB_a5XxpOsM,Mallige Idli,places,en,102,12.980325749999999,77.63829,12.980706099999999,77.63932989999999,0,blr2,Bengaluru,2026-08-31T09:15:30.502544Z
ChIJh-2Jr64XrjsRtWetD_8HNHo,Teesta Himalayan Kitchen,places,en,102,12.980325749999999,77.63829,12.9798609,77.6394874,0,blr2,Bengaluru,2026-08-31T09:15:30.502547Z
ChIJGe0PTrsWrjsRwiOUSdxHiq0,Chinita Real Mexican Food,places,en,102,12.980325749999999,77.63829,12.9809526,77.63713229999999,0,blr2,Bengaluru,2026-08-31T09:15:30.502550Z
ChIJL0jZT7sWrjsRL6ZZwapjJUo,Candice's Gourmet Sandwiches Indiranagar,places,en,102,12.980325749999999,77.63829,12.9809545,77.63712509999999,0,blr2,Bengaluru,2026-08-31T09:15:30.502596Z
ChIJ9zj3NAAXrjsRdK_NLOVRvl4,Comedor,places,en,102,12.980325749999999,77.63829,12.9800734,77.6398231,0,blr2,Bengaluru,2026-08-31T09:15:30.502618Z
ChIJN27HVAAXrjsRmp1MeCA_s2Y,New Imperial Bakery & Cafe - Since 1880,places,en,102,12.980325749999999,77.63829,12.9812029,77.6369941,0,blr2,Bengaluru,2026-08-31T09:15:30.502622Z
ChIJkfzKneMXrjsR7Kk5Yepd8bc,Spettacolare,places,en,102,12.980325749999999,77.63829,12.9796029,77.63681869999999,0,blr2,Bengaluru,2026-08-31T09:15:30.502626Z
ChIJO9UstQ4XrjsRXAx69DI7Me0,Pibbles Bakery,places,en,102,12.980325749999999,77.63829,12.9795752,77.6368038,0,blr2,Bengaluru,2026-08-31T09:15:30.502629Z
ChIJ7b7o5RsXrjsRbr2nQHX5lCc,Sharief Bhai - Biryani & Mandi | Indiranagar,places,en,102,12.980325749999999,77.63829,12.9812298,77.6368882,0,blr2,Bengaluru,2026-08-31T09:15:30.502631Z
ChIJfQ4rUgAXrjsRKJQu1WlrTsE,Roz Shawarma & Rolls,places,en,102,12.980325749999999,77.63829,12.981182299999999,77.63684769999999,0,blr2,Bengaluru,2026-08-31T09:15:30.502634Z
ChIJH6dBl3gWrjsRNaB8Zg19fw0,Spiga (now rebranded as Venn),places,en,102,12.980325749999999,77.63829,12.9816399,77.639297,0,blr2,Bengaluru,2026-08-31T09:15:30.502636Z
ChIJY_jSFT8XrjsR0N6Fj0257OQ,CAFE ARABIAN HAYAT,places,en,102,12.980325749999999,77.63829,12.981690299999999,77.6392465,0,blr2,Bengaluru,2026-08-31T09:15:30.502639Z
ChIJkQ_UTgAXrjsRaa5-yHZsfw8,Sri Sai snack point bonda stall,places,en,102,12.980325749999999,77.63829,12.9785835,77.6380389,0,blr2,Bengaluru,2026-08-31T09:15:30.502642Z
ChIJCwDhUXsXrjsRauJ7TQ0OgAE,Vrahmanand Samosa chat,places,en,102,12.980325749999999,77.63829,12.982009000000001,77.6378671,0,blr2,Bengaluru,2026-08-31T09:15:30.502644Z
ChIJd487fQAVrjsRigygKHoj5Js,Vijay Chats,places,en,103,12.9506157,77.57139355000001,12.9503378,77.57233219999999,0,blr2,Bengaluru,2026-08-31T09:15:30.842161Z
ChIJxcpC8Y0VrjsRLthRoE_b_7s,Desi Zaika,places,en,103,12.9506157,77.57139355000001,12.9520441,77.57072459999999,0,blr2,Bengaluru,2026-08-31T09:15:30.842183Z
ChIJy_2uOvIVrjsRPmcde7ib-ak,ಮೇಘಾ'ಸ್ ಗ್ರ್ಯಾಂಡ್ ವೆಜ್ Megha's Grand Veg,places,en,103,12.9506157,77.57139355000001,12.9484797,77.5712854,0,blr2,Bengaluru,2026-08-31T09:15:30.842189Z
ChIJfXY-MQAVrjsRuYYdeKUnl30,KARNATAKA DUM BIRIYANI,places,en,103,12.9506157,77.57139355000001,12.950560099999999,77.57367350000001,0,blr2,Bengaluru,2026-08-31T09:15:30.842194Z
ChIJs3RQUQAVrjsRoKZCicqRIN0,Dsk chats bandi,places,en,103,12.9506157,77.57139355000001,12.949696099999999,77.5735794,0,blr2,Bengaluru,2026-08-31T09:15:30.842198Z
ChIJxaqTzHIVrjsRKmLKGXPGJQI,House of Parathas,places,en,103,12.9506157,77.57139355000001,12.9508034,77.57400489999999,0,blr2,Bengaluru,2026-08-31T09:15:30.842201Z
ChIJ8dgTCgAVrjsRIhXiRe3x17k,Shreya Chats Center,places,en,103,12.9506157,77.57139355000001,12.950741899999999,77.5741687,0,blr2,Bengaluru,2026-08-31T09:15:30.842205Z
ChIJIQmPSCsVrjsR5rWgseUIKaI,Davangere Benne Dosa Corner (Begur) ದಾವಣಗೆರೆ ಬೆಣ್ಣೆ ದೋಸೆ ಕಾರ್ನರ್,places,en,104,12.8794227,77.6242726,12.8794355,77.62450419999999,0,blr2,Bengaluru,2026-08-31T09:15:31.190417Z
ChIJzdowoswUrjsRyjajRhb5AO4,Master Biryani,places,en,104,12.8794227,77.6242726,12.879495499999999,77.6245545,0,blr2,Bengaluru,2026-08-31T09:15:31.190443Z
ChIJNVwWd_cVrjsRhxQX-HptLbU,Andhra Spicey Hot khabab corner,places,en,104,12.8794227,77.6242726,12.879160899999999,77.62455520000002,0,blr2,Bengaluru,2026-08-31T09:15:31.190448Z
ChIJYfsKthUVrjsRKM1ML-JWuhE,NAGAVENI BAI,places,en,104,12.8794227,77.6242726,12.8799307,77.6244284,0,blr2,Bengaluru,2026-08-31T09:15:31.190453Z
ChIJP4htYQAVrjsRabbZYRX_sNU,Davanagere mirchi mandakki,places,en,104,12.8794227,77.6242726,12.879898899999999,77.6247137,0,blr2,Bengaluru,2026-08-31T09:15:31.190457Z
ChIJP0IgsINrrjsR6LG7bw-sxuY,"Indira Canteen, Begur",places,en,104,12.8794227,77.6242726,12.8783166,77.6245711,0,blr2,Bengaluru,2026-08-31T09:15:31.190460Z
ChIJU8g_4CwVrjsRacXcpYM-3VI,DHANVEER RESTAURANT,places,en,104,12.8794227,77.6242726,12.880780399999999,77.62446760000002,0,blr2,Bengaluru,2026-08-31T09:15:31.190464Z
ChIJ43XJhswUrjsRAAAAMM18MEM,Aranya Corner,places,en,104,12.8794227,77.6242726,12.8808265,77.6245414,0,blr2,Bengaluru,2026-08-31T09:15:31.190468Z
ChIJDW9y9MwUrjsRpgEcUw0mXoc,Shanthi Hotel(Kaal Soup),places,en,104,12.8794227,77.6242726,12.880697399999999,77.6232871,0,blr2,Bengaluru,2026-08-31T09:15:31.190472Z
ChIJEZlOYMYVrjsRgFnkxbaSef0,Kumar Tiffin stall,places,en,104,12.8794227,77.6242726,12.8809384,77.6237606,0,blr2,Bengaluru,2026-08-31T09:15:31.190475Z
ChIJX3mch8wUrjsRCA-bG-ZHY04,ಉತ್ತರ ಕರ್ನಾಟಕ ಹೋಟೆಲ್,places,en,104,12.8794227,77.6242726,12.881063500000002,77.6244292,0,blr2,Bengaluru,2026-08-31T09:15:31.190479Z
ChIJjcuHuHMVrjsRakhKgQZZdQY,Sai Ram Hotel,places,en,104,12.8794227,77.6242726,12.8813411,77.6246328,0,blr2,Bengaluru,2026-08-31T09:15:31.190483Z
ChIJK-UBipBrrjsRUXskArOmpPs,Bismillah Chicken Centre,places,en,104,12.8794227,77.6242726,12.877875,77.62572500000002,0,blr2,Bengaluru,2026-08-31T09:15:31.190486Z
ChIJvx1wdEoVrjsREGwnseuopwE,AVE MARIA CHICKEN CENTER SATHYA R,places,en,104,12.8794227,77.6242726,12.8808742,77.6227383,0,blr2,Bengaluru,2026-08-31T09:15:31.190489Z
ChIJ46c3TFMVrjsR5-v164fEUeM,Udupi Upahara Veg,places,en,104,12.8794227,77.6242726,12.8815493,77.62458889999999,0,blr2,Bengaluru,2026-08-31T09:15:31.190493Z
ChIJ1XMoeMwUrjsRMqgEmaseR44,Bramhalingeshwara tiffin center,places,en,104,12.8794227,77.6242726,12.8817794,77.6248311,0,blr2,Bengaluru,2026-08-31T09:15:31.190496Z
ChIJH-w0gDoVrjsRMAayllW5LBI,CHINNAPPAIAH STALL,places,en,104,12.8794227,77.6242726,12.8818549,77.62502889999999,0,blr2,Bengaluru,2026-08-31T09:15:31.190500Z
ChIJF7Y7wIYVrjsRMpifk2f71Q0,হেঁশেল (Henshel),places,en,104,12.8794227,77.6242726,12.8820179,77.62476079999999,0,blr2,Bengaluru,2026-08-31T09:15:31.190503Z
ChIJJSkOWwAVrjsROrN5q3IcUbM,Star Chiken Kabab,places,en,104,12.8794227,77.6242726,12.8820179,77.62476079999999,0,blr2,Bengaluru,2026-08-31T09:15:31.190507Z
ChIJ60ifbkMVrjsRIrx7Ly0DLJk,BABY PADDUS,places,en,105,12.92547605,77.61847595,12.924575899999999,77.6184122,0,blr2,Bengaluru,2026-08-31T09:15:31.774118Z
ChIJiyZq8BoVrjsRkhMGdiRJyic,KFC,places,en,105,12.92547605,77.61847595,12.925914700000002,77.6175624,0,blr2,Bengaluru,2026-08-31T09:15:31.774139Z
ChIJ0d-JcTUVrjsRV5YLCnxc37g,Go Native Koramangala,places,en,105,12.92547605,77.61847595,12.9247865,77.6192083,0,blr2,Bengaluru,2026-08-31T09:15:31.774146Z
ChIJn56W50MVrjsR-EzucdXLskc,K.K.M.S,places,en,105,12.92547605,77.61847595,12.924337099999999,77.6181008,0,blr2,Bengaluru,2026-08-31T09:15:31.774151Z
ChIJmzXICAAVrjsRTaGkuR9xw1s,F&B Cafe,places,en,105,12.92547605,77.61847595,12.9243231,77.61878039999999,0,blr2,Bengaluru,2026-08-31T09:15:31.774154Z
ChIJJZ1-4lgVrjsR70Oz43TGMbE,Indira Canteen,places,en,105,12.92547605,77.61847595,12.924749499999999,77.6174463,0,blr2,Bengaluru,2026-08-31T09:15:31.774158Z
ChIJf5wudQAVrjsRCX02_GE1fks,Janata Tiffin Center,places,en,105,12.92547605,77.61847595,12.9254989,77.6172131,0,blr2,Bengaluru,2026-08-31T09:15:31.774162Z
ChIJnxcK5DcVrjsRTLgvClRsAGs,Talasi,places,en,105,12.92547605,77.61847595,12.9253732,77.61718379999999,0,blr2,Bengaluru,2026-08-31T09:15:31.774166Z
ChIJaxDW76MVrjsRIM8HD71DqGk,Pooram Restaurant,places,en,105,12.92547605,77.61847595,12.9256995,77.6171822,0,blr2,Bengaluru,2026-08-31T09:15:31.774169Z
ChIJ_-hekCMVrjsReaQ3fXNhqhs,Kerala food club Restaurant,places,en,105,12.92547605,77.61847595,12.925774299999999,77.6171325,0,blr2,Bengaluru,2026-08-31T09:15:31.774172Z
ChIJYz4VBPIVrjsRiE8dqVnCDyI,Oh! Lucky,places,en,105,12.92547605,77.61847595,12.9240652,77.61864109999999,0,blr2,Bengaluru,2026-08-31T09:15:31.774175Z
ChIJJYX16VcUrjsRmthyte6QWH0,Subbu Hotel,places,en,105,12.92547605,77.61847595,12.9241684,77.6178886,0,blr2,Bengaluru,2026-08-31T09:15:31.774179Z
ChIJDQB2QAAVrjsRrzBpVetMVQ8,Hotel CM,places,en,105,12.92547605,77.61847595,12.9240537,77.61827079999999,0,blr2,Bengaluru,2026-08-31T09:15:31.774182Z
ChIJPcl4WwAVrjsR79nYY3rx0X8,SR Delicious Momo's,places,en,105,12.92547605,77.61847595,12.9253507,77.61695519999999,0,blr2,Bengaluru,2026-08-31T09:15:31.774185Z
ChIJAwltADsVrjsR8jqTSyyJC_0,KFC,places,en,105,12.92547605,77.61847595,12.9268421,77.6179226,0,blr2,Bengaluru,2026-08-31T09:15:31.774188Z
ChIJV99hHY8VrjsR-8aXZKxTcyM,Taste & More 1,places,en,105,12.92547605,77.61847595,12.924012,77.6180746,0,blr2,Bengaluru,2026-08-31T09:15:31.774192Z
ChIJX5yb9eUVrjsRUHvyu80-e3M,Shahi Hotel,places,en,105,12.92547605,77.61847595,12.923953899999999,77.6183674,0,blr2,Bengaluru,2026-08-31T09:15:31.774195Z
ChIJYR8LDQAVrjsR3xWRfQddGJk,SHREE RAMS AYODHYAM,places,en,105,12.92547605,77.61847595,12.9239479,77.6184024,0,blr2,Bengaluru,2026-08-31T09:15:31.774198Z
ChIJMfgeUQAVrjsRnpGxLIsrEgg,Sri Lakshmi Venkateshwara,places,en,105,12.92547605,77.61847595,12.9239421,77.6183464,0,blr2,Bengaluru,2026-08-31T09:15:31.774201Z
ChIJi7EBqBsVrjsRRfNiwBRB48Q,ADNAN KABAB POINT,places,en,105,12.92547605,77.61847595,12.9239339,77.6183281,0,blr2,Bengaluru,2026-08-31T09:15:31.774204Z
ChIJTwrxUS8TrjsRItXoPiQVdl8,The Meal Cafe,places,en,107,12.957634800000001,77.70000115,12.957725300000002,77.69963969999999,0,blr2,Bengaluru,2026-08-31T09:15:32.589546Z
ChIJIdvsCiUTrjsR7785Ug9EWRk,VILLAGE RESTAURANT,places,en,107,12.957634800000001,77.70000115,12.95745,77.6996034,0,blr2,Bengaluru,2026-08-31T09:15:32.589570Z
ChIJOe99z5UTrjsRlmWdn-YBAjM,Shahul Lakra Fast Food,places,en,107,12.957634800000001,77.70000115,12.9571899,77.69998919999999,0,blr2,Bengaluru,2026-08-31T09:15:32.589575Z
ChIJvXsyCQATrjsRDB0SgKHKc0g,Goru muda Restaurant,places,en,107,12.957634800000001,77.70000115,12.9574499,77.69958419999999,0,blr2,Bengaluru,2026-08-31T09:15:32.589579Z
ChIJ_X_970cTrjsRucwbkfg6DHg,Cotto Burgers & Waffles,places,en,107,12.957634800000001,77.70000115,12.957685099999999,77.7005286,0,blr2,Bengaluru,2026-08-31T09:15:32.589583Z
ChIJp6jcZlITrjsR4lJ9GIR7UE8,A S Naidu Hotels,places,en,107,12.957634800000001,77.70000115,12.9573112,77.6996131,0,blr2,Bengaluru,2026-08-31T09:15:32.589587Z
ChIJcQ2_RlATrjsRS6x-JEvsxKs,Absolute Chai,places,en,107,12.957634800000001,77.70000115,12.957846499999999,77.70054789999999,0,blr2,Bengaluru,2026-08-31T09:15:32.589590Z
ChIJ4ehoZQATrjsRr1yhB-np0xs,Sri Someshwaram Cafe,places,en,107,12.957634800000001,77.70000115,12.9578855,77.7005891,0,blr2,Bengaluru,2026-08-31T09:15:32.589594Z
ChIJVXL6OzMSrjsRbuXTe7kZKG4,Sri Durgamba Hotel,places,en,107,12.957634800000001,77.70000115,12.9571659,77.70039969999999,0,blr2,Bengaluru,2026-08-31T09:15:32.589598Z
ChIJD0fpclUTrjsRAEW1B2H6UUo,DHANYALAKSHMI PROVISION STORE,places,en,107,12.957634800000001,77.70000115,12.9573278,77.6994599,0,blr2,Bengaluru,2026-08-31T09:15:32.589601Z
ChIJw6IlxPT7qDsR8QNRUylzbmQ,Andal Foods Pvt Ltd,places,en,107,12.957634800000001,77.70000115,12.958186999999999,77.69958,0,blr2,Bengaluru,2026-08-31T09:15:32.589605Z
ChIJw4Ofaq4TrjsR0mqaciUtxxg,Handi Biryani,places,en,107,12.957634800000001,77.70000115,12.958406799999999,77.69972179999999,0,blr2,Bengaluru,2026-08-31T09:15:32.589609Z
ChIJx29huQATrjsRN5FNiAcHMuI,Ganesh Andhra Mess,places,en,107,12.957634800000001,77.70000115,12.9584633,77.7000006,0,blr2,Bengaluru,2026-08-31T09:15:32.589612Z
ChIJ94ag79ETrjsRUP-QlAOPImA,Amrutha Vilas,places,en,107,12.957634800000001,77.70000115,12.958467599999999,77.6999871,0,blr2,Bengaluru,2026-08-31T09:15:32.589648Z
ChIJmTZAUOwTrjsRgS883hfoyYE,Kalpana's - Andhra Delight -best restaurant in marathahalli,places,en,107,12.957634800000001,77.70000115,12.9574421,77.7008855,0,blr2,Bengaluru,2026-08-31T09:15:32.589659Z
ChIJfRlOTj0TrjsRyZgJDuKzYo8,Birishtta Biryani by Niyaaz - Biryani Se Rishta,places,en,107,12.957634800000001,77.70000115,12.956826,77.69957110000001,0,blr2,Bengaluru,2026-08-31T09:15:32.589664Z
ChIJLY4i4DISrjsR35BvMd6HHSM,Krishna Grand,places,en,107,12.957634800000001,77.70000115,12.958012199999999,77.7009327,0,blr2,Bengaluru,2026-08-31T09:15:32.589668Z
ChIJZZK14TISrjsRtSxT157vca0,Sri sairam hot chips,places,en,107,12.957634800000001,77.70000115,12.9582426,77.7008602,0,blr2,Bengaluru,2026-08-31T09:15:32.589672Z
ChIJ-aHeHzMSrjsRbmadbv4KcJ4,Papas Biryani,places,en,107,12.957634800000001,77.70000115,12.958109199999999,77.7009483,0,blr2,Bengaluru,2026-08-31T09:15:32.589675Z
ChIJR8s1IAATrjsRU6dBV5p2fMU,Golkonda Biryani,places,en,107,12.957634800000001,77.70000115,12.9572323,77.6990436,0,blr2,Bengaluru,2026-08-31T09:15:32.589679Z
ChIJLZQ9JwAjrjsROCCDGGjmhZQ,Shree ganesh chats and gobi corner,places,en,109,13.0801986,77.4941686,13.081007,77.4938963,0,blr2,Bengaluru,2026-08-31T09:15:33.278659Z
ChIJ6UTEGw8jrjsRHTpz8EQt6_k,Blue moon nati style,places,en,109,13.0801986,77.4941686,13.0810798,77.4962339,0,blr2,Bengaluru,2026-08-31T09:15:33.278686Z
ChIJw2nLJBsjrjsRmtKiMv8QukQ,ಅದಿಶಕ್ತಿ ಜಲಗೇರಮ್ಮ ದೇವಸ್ಥಾನ ರಸ್ತೆ,places,en,109,13.0801986,77.4941686,13.0789993,77.4961144,0,blr2,Bengaluru,2026-08-31T09:15:33.278692Z
ChIJteeehacjrjsR1UMAAi5T3PE,Coorg Home Food,places,en,109,13.0801986,77.4941686,13.081282999999999,77.49623,0,blr2,Bengaluru,2026-08-31T09:15:33.278696Z
ChIJJfjrexcjrjsRDnFQHmrj_iA,S B S Banana MANDI,places,en,109,13.0801986,77.4941686,13.079290799999999,77.49668869999999,0,blr2,Bengaluru,2026-08-31T09:15:33.278700Z
ChIJhU5OVQAjrjsRRoPvbuYerrE,Thammenahalli,places,en,110,13.07572525,77.48334315,13.076943300000002,77.48350719999999,0,blr2,Bengaluru,2026-08-31T09:15:33.719766Z
ChIJjZufNwAjrjsRs8g53qeF4Z4,11th cross rd Thammenahalli village themmenahalli bengaluru Karnataka 560107,places,en,110,13.07572525,77.48334315,13.077608699999999,77.48434110000001,0,blr2,Bengaluru,2026-08-31T09:15:33.719788Z
ChIJ_QkffQBrrjsRoGpq7zsugHs,Sanjeev kumar. V. G.,places,en,111,12.8736016,77.61421354999999,12.8727868,77.6143678,0,blr2,Bengaluru,2026-08-31T09:15:34.159143Z
ChIJw9C1I9BrrjsRIPy4ibKmXJ8,PEHAL - Serving Authentic North Indian & Bengali cuisine,places,en,111,12.8736016,77.61421354999999,12.8740825,77.61351959999999,0,blr2,Bengaluru,2026-08-31T09:15:34.159177Z
ChIJnZmprxJrrjsRurWDEctmC94,Marwadi Tiffin Center,places,en,111,12.8736016,77.61421354999999,12.8727273,77.6136385,0,blr2,Bengaluru,2026-08-31T09:15:34.159184Z
ChIJd12e0i1rrjsRhPP6561c9uQ,Kundapura Coffee,places,en,111,12.8736016,77.61421354999999,12.8727891,77.6164874,0,blr2,Bengaluru,2026-08-31T09:15:34.159188Z
ChIJaTlp8CxrrjsRtW0prXwUWTI,Sri Rajarajeshwari Hotel,places,en,111,12.8736016,77.61421354999999,12.8755858,77.6155083,0,blr2,Bengaluru,2026-08-31T09:15:34.159192Z
ChIJ1VRGLABrrjsRa83UNHhDG-Y,V Eat,places,en,111,12.8736016,77.61421354999999,12.876049400000001,77.61387630000002,0,blr2,Bengaluru,2026-08-31T09:15:34.159196Z
ChIJceordJhrrjsRfsfCVSOXuZs,Five Star Chicken,places,en,111,12.8736016,77.61421354999999,12.8760819,77.6140468,0,blr2,Bengaluru,2026-08-31T09:15:34.159200Z
ChIJpQ9PbphrrjsR-UPsL4TqHzU,Stories of 3 dots…,places,en,111,12.8736016,77.61421354999999,12.876074,77.6139041,0,blr2,Bengaluru,2026-08-31T09:15:34.159205Z
ChIJJzmBPgBrrjsRR2M6xOSiD38,Kaffee in the city Akshayanagar,places,en,111,12.8736016,77.61421354999999,12.8760894,77.6140312,0,blr2,Bengaluru,2026-08-31T09:15:34.159209Z
ChIJNyx7yS1rrjsRgc3USGAJR0E,Chapati Express,places,en,111,12.8736016,77.61421354999999,12.873420099999999,77.6167811,0,blr2,Bengaluru,2026-08-31T09:15:34.159213Z
ChIJdZRAVQBrrjsRASiEW49SwcA,Tiffin breakfast centre,places,en,111,12.8736016,77.61421354999999,12.875916,77.613146,0,blr2,Bengaluru,2026-08-31T09:15:34.159217Z
ChIJSdqvBWFrrjsRu2XjsmuEkjo,Goli Vada Pav No.1,places,en,111,12.8736016,77.61421354999999,12.8736736,77.61682830000001,0,blr2,Bengaluru,2026-08-31T09:15:34.159221Z
ChIJ9ypbBxNrrjsR5cUlSAxIHYk,HANAMATHA STALL,places,en,111,12.8736016,77.61421354999999,12.8761443,77.6143829,0,blr2,Bengaluru,2026-08-31T09:15:34.159289Z
ChIJ26Y8ySlrrjsRZI32YOWkTGg,NEW ULTRA BIRIYANI PARADISE,places,en,111,12.8736016,77.61421354999999,12.876136,77.614508,0,blr2,Bengaluru,2026-08-31T09:15:34.159304Z
ChIJvwa_pTNrrjsRPFzofHSPd2Y,PRATHIP GOWDA FAST FOOD,places,en,111,12.8736016,77.61421354999999,12.873070199999999,77.6167925,0,blr2,Bengaluru,2026-08-31T09:15:34.159307Z
ChIJDZS4ti1rrjsRkpV3k4FuDpk,Seven 7 Spices,places,en,111,12.8736016,77.61421354999999,12.8739589,77.61682429999999,0,blr2,Bengaluru,2026-08-31T09:15:34.159311Z
ChIJ4z6Uti1rrjsRyZPPZhgp_fg,Sri Ganapathi Hot Chips,places,en,111,12.8736016,77.61421354999999,12.873892999999999,77.6168539,0,blr2,Bengaluru,2026-08-31T09:15:34.159315Z
ChIJSzxTnTVrrjsRavDHvCdqovA,Sharief Bhai - Biryani & Mandi | Akshayanagar,places,en,111,12.8736016,77.61421354999999,12.8733717,77.6168737,0,blr2,Bengaluru,2026-08-31T09:15:34.159319Z
ChIJc9W9CABrrjsRqJb7nEg4Bz8,The Delite Kitchen,places,en,111,12.8736016,77.61421354999999,12.8761867,77.6146093,0,blr2,Bengaluru,2026-08-31T09:15:34.159322Z
ChIJH1WxlCxrrjsRxkaURNdB3i8,Vishal foods,places,en,111,12.8736016,77.61421354999999,12.876132499999999,77.61503160000001,0,blr2,Bengaluru,2026-08-31T09:15:34.159327Z
ChIJMQoXxdoVrjsRTgSta8yzSTs,Anitha's Food Cafe,places,en,112,12.878514,77.5978303,12.878863599999999,77.59764369999999,0,blr2,Bengaluru,2026-08-31T09:15:34.505415Z
ChIJYeikQwAVrjsRW0IpXdGSjEs,Aarushi's kitchen,places,en,112,12.878514,77.5978303,12.8788798,77.5975795,0,blr2,Bengaluru,2026-08-31T09:15:34.505441Z
ChIJD1dHei0VrjsRb-_tymvrXfY,Live to fit,places,en,112,12.878514,77.5978303,12.8788933,77.59755419999999,0,blr2,Bengaluru,2026-08-31T09:15:34.505446Z
ChIJeS4hrCoVrjsRxtQwaV8fb5o,AMMA'S KITCHEN,places,en,112,12.878514,77.5978303,12.878055499999999,77.59815119999999,0,blr2,Bengaluru,2026-08-31T09:15:34.505450Z
ChIJLyPmmjgVrjsR4jB_VVHwHpg,Bahurani kitchen,places,en,112,12.878514,77.5978303,12.8788027,77.59893770000001,0,blr2,Bengaluru,2026-08-31T09:15:34.505454Z
ChIJQanubi0VrjsRYjx24KVUz6c,Sree Mookambika Upahara,places,en,112,12.878514,77.5978303,12.878691900000002,77.5994436,0,blr2,Bengaluru,2026-08-31T09:15:34.505457Z
ChIJUXcmHAAVrjsRljA3UWqXLhQ,Hulimavu,places,en,112,12.878514,77.5978303,12.878739999999999,77.5994478,0,blr2,Bengaluru,2026-08-31T09:15:34.505461Z
ChIJJwHeVS0VrjsRiUCA1n47dbk,Simar's Kitchen,places,en,112,12.878514,77.5978303,12.8773711,77.5963651,0,blr2,Bengaluru,2026-08-31T09:15:34.505464Z
ChIJDT_I8ykVrjsREeZ-UTZMHVg,Mother's Rasoi,places,en,112,12.878514,77.5978303,12.8773223,77.59622120000002,0,blr2,Bengaluru,2026-08-31T09:15:34.505468Z
ChIJEemURQAVrjsRxBSRR4Ch4pM,Flavours & Fusion,places,en,112,12.878514,77.5978303,12.8765105,77.59767579999999,0,blr2,Bengaluru,2026-08-31T09:15:34.505474Z
ChIJ3zunFQBrrjsR6RDB8Cdow3c,Grillo’s BBQ,places,en,112,12.878514,77.5978303,12.8764612,77.5979037,0,blr2,Bengaluru,2026-08-31T09:15:34.505477Z
ChIJF4KgZGtrrjsRVnfriPtcA9A,1122 Food Truck - Hulimavu,places,en,112,12.878514,77.5978303,12.8764667,77.5975704,0,blr2,Bengaluru,2026-08-31T09:15:34.505481Z
ChIJG11ZGKNrrjsRCuf6WT9imr0,KOTEMANE BBQ,places,en,112,12.878514,77.5978303,12.876412199999999,77.5977478,0,blr2,Bengaluru,2026-08-31T09:15:34.505484Z
ChIJhWb5JUsVrjsRaHjeSICmB38,Nepalese (Indian Restaurant),places,en,112,12.878514,77.5978303,12.8778133,77.5957995,0,blr2,Bengaluru,2026-08-31T09:15:34.505488Z
ChIJX3NO4KNrrjsRHVh3XkhDK9Y,El Chaapo EC1037,places,en,112,12.878514,77.5978303,12.8764074,77.5980996,0,blr2,Bengaluru,2026-08-31T09:15:34.505491Z
ChIJOzCwBQAVrjsRFBXJA5nwKRA,Food Mama,places,en,112,12.878514,77.5978303,12.8763978,77.5980683,0,blr2,Bengaluru,2026-08-31T09:15:34.505495Z
ChIJcanVEgBrrjsRrNDPlfSD15o,Brother's Pizza (veg),places,en,112,12.878514,77.5978303,12.8763939,77.5981223,0,blr2,Bengaluru,2026-08-31T09:15:34.505498Z
ChIJFU8-ETUVrjsREbwDCTqkBMU,Dosé idly co.,places,en,112,12.878514,77.5978303,12.8763977,77.5981808,0,blr2,Bengaluru,2026-08-31T09:15:34.505502Z
ChIJ9SOm3mJrrjsRfBxbnhagaNo,PASTA Buddies,places,en,112,12.878514,77.5978303,12.876395599999999,77.5982659,0,blr2,Bengaluru,2026-08-31T09:15:34.505505Z
ChIJG7QANJVrrjsRkFeA5jvEeS0,Zaika Kolkatha Kathi Roll,places,en,112,12.878514,77.5978303,12.8765027,77.5969727,0,blr2,Bengaluru,2026-08-31T09:15:34.505508Z
ChIJa2dDObIVrjsRx8eHtDD34do,Narendra Singh Rathore,places,en,113,12.8873946,77.63254914999999,12.888248299999999,77.63120669999999,0,blr2,Bengaluru,2026-08-31T09:15:34.850460Z
ChIJlRCyRG0VrjsR95O6OXqQ0_E,Food & Snacks,places,en,113,12.8873946,77.63254914999999,12.887013399999999,77.63081989999999,0,blr2,Bengaluru,2026-08-31T09:15:34.850484Z
ChIJd1joQwAVrjsRQqR_jy4mesw,Saanvi's kitchen,places,en,113,12.8873946,77.63254914999999,12.888207399999999,77.6344644,0,blr2,Bengaluru,2026-08-31T09:15:34.850490Z
ChIJu7BBXGUVrjsRRNk3-x1UyRY,Om Shakthi Hotel,places,en,113,12.8873946,77.63254914999999,12.888236599999999,77.6306305,0,blr2,Bengaluru,2026-08-31T09:15:34.850494Z
ChIJY-0e1ckUrjsRSLk7NAYLpnY,Sri Muthumari Amman Hotel,places,en,113,12.8873946,77.63254914999999,12.8867893,77.63051639999999,0,blr2,Bengaluru,2026-08-31T09:15:34.850498Z
ChIJzYdI0JEVrjsR66D0ZynYB04,Savitha Chicken Senter,places,en,113,12.8873946,77.63254914999999,12.8867043,77.6303849,0,blr2,Bengaluru,2026-08-31T09:15:34.850503Z
ChIJYTUMKwEVrjsRgrX9CMiYNm4,MAHESHWARI KRISHNAN,places,en,113,12.8873946,77.63254914999999,12.8882129,77.63041609999999,0,blr2,Bengaluru,2026-08-31T09:15:34.850507Z
ChIJmcpdYgAVrjsRoIFYdLJmYug,AlphaBite,places,en,113,12.8873946,77.63254914999999,12.886997899999999,77.63500239999999,0,blr2,Bengaluru,2026-08-31T09:15:34.850511Z
ChIJp0t8FkkVrjsR5q88ZwiMdTs,The Mezbaan,places,en,113,12.8873946,77.63254914999999,12.888791099999999,77.63484849999999,0,blr2,Bengaluru,2026-08-31T09:15:34.850515Z
ChIJX46KNwAVrjsRj9MBGgOLhik,Yummy bites,places,en,113,12.8873946,77.63254914999999,12.889365399999999,77.630679,0,blr2,Bengaluru,2026-08-31T09:15:34.850519Z
ChIJUyb6R9UjrjsRqSXXggoyK_c,Donne Biryani Adda,places,en,114,13.05768155,77.47122375000001,13.057677799999999,77.47152059999999,0,blr2,Bengaluru,2026-08-31T09:15:35.440392Z
ChIJBymrFmwjrjsREPLqQririfc,Gowdru Mane Biryani,places,en,114,13.05768155,77.47122375000001,13.057220000000001,77.4710433,0,blr2,Bengaluru,2026-08-31T09:15:35.440415Z
ChIJEVocAVYjrjsRewLxpeHxn8A,Sri Shiva Shakti Tiffin Centre,places,en,114,13.05768155,77.47122375000001,13.0573112,77.4707715,0,blr2,Bengaluru,2026-08-31T09:15:35.440420Z
ChIJy_854lUjrjsRhnY7YqruXY8,Hi Tech Dhaba,places,en,114,13.05768155,77.47122375000001,13.057115399999999,77.4712758,0,blr2,Bengaluru,2026-08-31T09:15:35.440425Z
ChIJ7V7v4lUjrjsR0Lk9tfQP69g,Srk Hotel Pure Veg,places,en,114,13.05768155,77.47122375000001,13.0570671,77.4709967,0,blr2,Bengaluru,2026-08-31T09:15:35.440429Z
ChIJva_Q5lUjrjsRf1jkAg-GXTs,HP Dabha,places,en,114,13.05768155,77.47122375000001,13.056980099999999,77.4714352,0,blr2,Bengaluru,2026-08-31T09:15:35.440433Z
ChIJa9mPDzYlrjsRutoj8eO4lNM,KITCHEN XPRESS,places,en,114,13.05768155,77.47122375000001,13.057772199999999,77.46865509999999,0,blr2,Bengaluru,2026-08-31T09:15:35.440437Z
ChIJV5WVRQA7rjsR-MxzY77zJ-U,Raghavendra Café,places,en,115,12.9966908,77.45311275,12.997595200000001,77.451486,0,blr2,Bengaluru,2026-08-31T09:15:35.884880Z
ChIJVS7uaQA7rjsRtBOhpe7pCVk,FIVE STAR CHICKEN Machohalli colony,places,en,115,12.9966908,77.45311275,12.9975975,77.4514015,0,blr2,Bengaluru,2026-08-31T09:15:35.884910Z
ChIJqQtjKjo7rjsRyQbWPU44bks,Ajay chicken center,places,en,115,12.9966908,77.45311275,12.997585899999999,77.45138639999999,0,blr2,Bengaluru,2026-08-31T09:15:35.884917Z
ChIJbUj0_ZY7rjsROpkNG4hnTg8,Sri Guru Ragavendra Hotel,places,en,116,12.991251850000001,77.44886015,12.991281,77.4504972,0,blr2,Bengaluru,2026-08-31T09:15:36.345744Z
ChIJs_TGVAA7rjsRgMoZPIs2Di8,New Sky Family Restaurant,places,en,116,12.991251850000001,77.44886015,12.9895164,77.4499702,0,blr2,Bengaluru,2026-08-31T09:15:36.345778Z
ChIJE-Fpi5Y7rjsRR8MxF_HDweI,Shobha Chicken Center,places,en,116,12.991251850000001,77.44886015,12.9897835,77.45041410000002,0,blr2,Bengaluru,2026-08-31T09:15:36.345786Z
ChIJySegi5Y7rjsRzTO6wH8izDE,AMBUR HOT BIRIYANI,places,en,116,12.991251850000001,77.44886015,12.9892109,77.44946730000001,0,blr2,Bengaluru,2026-08-31T09:15:36.345791Z
ChIJhUtEkr47rjsRUfLZh5_33rg,Coffe Katte,places,en,116,12.991251850000001,77.44886015,12.989079799999999,77.44860609999999,0,blr2,Bengaluru,2026-08-31T09:15:36.345796Z
ChIJN-HODJc7rjsR-0rGK6Ajok8,Mallikharjuna Pizza Centre,places,en,116,12.991251850000001,77.44886015,12.992650699999999,77.4505808,0,blr2,Bengaluru,2026-08-31T09:15:36.345800Z
ChIJvfhSjZY7rjsRWQyYnB6AaJM,Udupi Hotel,places,en,116,12.991251850000001,77.44886015,12.9899195,77.45078149999999,0,blr2,Bengaluru,2026-08-31T09:15:36.345805Z
ChIJ926eYpY7rjsRR1U93O8m86k,Udupi Upahar,places,en,116,12.991251850000001,77.44886015,12.9892586,77.4501107,0,blr2,Bengaluru,2026-08-31T09:15:36.345809Z
ChIJGW9DQAA7rjsRfsLhAch2Bag,Friendz adda,places,en,116,12.991251850000001,77.44886015,12.989300799999999,77.4501824,0,blr2,Bengaluru,2026-08-31T09:15:36.345813Z
ChIJb7uaw-w7rjsR0NWejGSS2Cg,Udupi Sri Krishna Hotel Sahadeva,places,en,116,12.991251850000001,77.44886015,12.9900012,77.4509116,0,blr2,Bengaluru,2026-08-31T09:15:36.345818Z
ChIJcXICdJY7rjsRXmTIX7HgRAQ,Abhinava Fast Food restaurant,places,en,116,12.991251850000001,77.44886015,12.988738999999999,77.4490331,0,blr2,Bengaluru,2026-08-31T09:15:36.345822Z
ChIJgcq3LQA7rjsR3-OJ1b0bTL4,Hotel Dhana Lakshmi,places,en,116,12.991251850000001,77.44886015,12.9891556,77.4473557,0,blr2,Bengaluru,2026-08-31T09:15:36.345826Z
ChIJHypbAjE9rjsR1dzkk0sHshg,TAAAZA THATTE IDLI,places,en,117,12.9906782,77.47632845,12.992577599999999,77.4776988,0,blr2,Bengaluru,2026-08-31T09:15:36.782615Z
ChIJOxmfFlA9rjsRhGqH0cM1kj4,Mahadev ceteres,places,en,117,12.9906782,77.47632845,12.988074099999999,77.4763746,0,blr2,Bengaluru,2026-08-31T09:15:36.782642Z
ChIJe0Bx53A8rjsR9826NMFge7E,ಶ್ರೀ ರಾಚೋಟೇಶ್ವರ ಖಾನಾವಳಿ,places,en,117,12.9906782,77.47632845,12.9931036,77.4774292,0,blr2,Bengaluru,2026-08-31T09:15:36.782649Z
ChIJo2inxt0XrjsRZPcj1GVkcS8,Spi signature rolls,places,en,118,12.97543815,77.652989,12.9754037,77.6527215,0,blr2,Bengaluru,2026-08-31T09:15:37.127343Z
ChIJVS8GPwYXrjsROWB0svBaR7U,Ashwath G Fast Food,places,en,118,12.97543815,77.652989,12.9760996,77.65256610000002,0,blr2,Bengaluru,2026-08-31T09:15:37.127373Z
ChIJedoOcVYXrjsR2UBjoXuSKKY,Snacks Bites,places,en,118,12.97543815,77.652989,12.9744466,77.6519525,0,blr2,Bengaluru,2026-08-31T09:15:37.127380Z
ChIJ4f4aaU4XrjsRxLc4kTVLT94,Lambsters Multi Cuisine restaurant,places,en,118,12.97543815,77.652989,12.974538299999999,77.6514543,0,blr2,Bengaluru,2026-08-31T09:15:37.127384Z
ChIJaS-UcgAXrjsRyVVyiE3rgWk,MKR-Madhwa Kai Ruchi,places,en,118,12.97543815,77.652989,12.9736818,77.6532871,0,blr2,Bengaluru,2026-08-31T09:15:37.127389Z
ChIJrwF8f5UXrjsRhLK7omFEagI,Jayanta Tiffin Services & Catering (Home Food),places,en,118,12.97543815,77.652989,12.9736316,77.652436,0,blr2,Bengaluru,2026-08-31T09:15:37.127393Z
ChIJX93JDQAXrjsRo7dQhDLHEWk,Rohans kitchen,places,en,118,12.97543815,77.652989,12.9734605,77.6534422,0,blr2,Bengaluru,2026-08-31T09:15:37.127397Z
ChIJWf2EHpsXrjsR_Ho0dp85KIg,The Emerald Cloud Kitchen,places,en,118,12.97543815,77.652989,12.973422999999999,77.65191990000001,0,blr2,Bengaluru,2026-08-31T09:15:37.127400Z
ChIJt2bWPgAXrjsR73REAOKVAYc,Sri Skanda Bhaji and Tea,places,en,118,12.97543815,77.652989,12.973549499999999,77.6511949,0,blr2,Bengaluru,2026-08-31T09:15:37.127404Z
ChIJ4QV7sL8VrjsRTRpV6bBMj3U,THINDI MANE,places,en,119,12.95725475,77.59139475,12.957175999999999,77.5910794,0,blr2,Bengaluru,2026-08-31T09:15:37.506670Z
ChIJ8wBgRdsVrjsRxAxNhxPzdf8,JONNE BIRIYANI,places,en,119,12.95725475,77.59139475,12.956445599999999,77.5914031,0,blr2,Bengaluru,2026-08-31T09:15:37.506690Z
ChIJb6upE-gVrjsRYBl5yl_jWEg,New Girish Nati style,places,en,119,12.95725475,77.59139475,12.9563414,77.59129779999999,0,blr2,Bengaluru,2026-08-31T09:15:37.506696Z
ChIJ2aAbUNsVrjsRcSBNva60tGE,Kyashwar SLV TIFFIN ROOM,places,en,119,12.95725475,77.59139475,12.956301999999999,77.591241,0,blr2,Bengaluru,2026-08-31T09:15:37.506700Z
ChIJUSU6I6YVrjsRICBWL_TQ-EY,Hot Momos Shop,places,en,119,12.95725475,77.59139475,12.956905899999999,77.59238630000002,0,blr2,Bengaluru,2026-08-31T09:15:37.506703Z
ChIJVa3uVQAVrjsR8iIpJqnPUvA,Bharathi refreshment,places,en,119,12.95725475,77.59139475,12.9565757,77.5905283,0,blr2,Bengaluru,2026-08-31T09:15:37.506707Z
ChIJQR-dPtsVrjsRzyKCoXIhoc8,Pingara,places,en,119,12.95725475,77.59139475,12.956656599999999,77.59230079999999,0,blr2,Bengaluru,2026-08-31T09:15:37.506710Z
ChIJr1JeOdsVrjsRwdYeNmqIK_o,Shree Kabalamma Nati Hotel,places,en,119,12.95725475,77.59139475,12.9567648,77.5923763,0,blr2,Bengaluru,2026-08-31T09:15:37.506713Z
ChIJb4vTP_oVrjsRNyKUXH4Vjv0,Dynasty Lounge Bar + Kitchen,places,en,119,12.95725475,77.59139475,12.956653099999999,77.59231059999999,0,blr2,Bengaluru,2026-08-31T09:15:37.506716Z
ChIJ6fL7GgAVrjsRPuAvCtV8kl4,KFC,places,en,119,12.95725475,77.59139475,12.956605099999999,77.5922818,0,blr2,Bengaluru,2026-08-31T09:15:37.506719Z
ChIJ9-JMcQAVrjsRhPNEw2Zd3FE,Royal Inn,places,en,119,12.95725475,77.59139475,12.956169599999999,77.59175979999999,0,blr2,Bengaluru,2026-08-31T09:15:37.506722Z
ChIJY7gCN9sVrjsRD0ScChNXEzg,Ambur Dum Biryani,places,en,119,12.95725475,77.59139475,12.956485299999999,77.592275,0,blr2,Bengaluru,2026-08-31T09:15:37.506725Z
ChIJAdJkD-YVrjsRtIaWhng2xa0,Ultra Biryani Paradise,places,en,119,12.95725475,77.59139475,12.956401999999999,77.5922436,0,blr2,Bengaluru,2026-08-31T09:15:37.506729Z
ChIJ6ZVypNwVrjsRNnXu73hWSiM,Sri Annapoorneshwari Refreshment,places,en,119,12.95725475,77.59139475,12.9567755,77.59017039999999,0,blr2,Bengaluru,2026-08-31T09:15:37.506732Z
ChIJn7Gad6kVrjsRKO3UFiITH8E,Shree Shyam Tea And BHOJANALYA,places,en,119,12.95725475,77.59139475,12.9570831,77.5900593,0,blr2,Bengaluru,2026-08-31T09:15:37.506735Z
ChIJXbLfN18VrjsRVm3S580ubvg,Adam's Cafe,places,en,119,12.95725475,77.59139475,12.9572092,77.59001599999999,0,blr2,Bengaluru,2026-08-31T09:15:37.506738Z
ChIJ8-Sft4IVrjsRLcyN_Z2TLr4,Suresh Fast Food Suresh N,places,en,119,12.95725475,77.59139475,12.9582955,77.5922586,0,blr2,Bengaluru,2026-08-31T09:15:37.506741Z
ChIJ2XbbNdsVrjsRh1xz8Fs78_A,PAVITRA LAXSHMI HOTEL,places,en,119,12.95725475,77.59139475,12.956064999999999,77.59209489999999,0,blr2,Bengaluru,2026-08-31T09:15:37.506745Z
ChIJWzMFA5kVrjsRESGb5oyGBWM,Revoli Inn,places,en,119,12.95725475,77.59139475,12.955969999999999,77.59201089999999,0,blr2,Bengaluru,2026-08-31T09:15:37.506748Z
ChIJ4YfVY0wVrjsRSZSVQzIazU4,Shilpa Hotels,places,en,119,12.95725475,77.59139475,12.9581024,77.5926753,0,blr2,Bengaluru,2026-08-31T09:15:37.506751Z
ChIJO1ILRlwZrjsRcK9xYLV-F3I,JIA TEA CAFE,places,en,120,13.066740849999999,77.5750551,13.0656159,77.5734335,0,blr2,Bengaluru,2026-08-31T09:15:37.933193Z
ChIJBz9ZuR89rjsRqfacRzLRQj0,Manju Kaba,places,en,122,12.9940216,77.55034574999999,12.994156499999999,77.550787,0,blr2,Bengaluru,2026-08-31T09:15:38.600733Z
ChIJkwfUYX49rjsR2MXDcbCA1Ag,Ganesh Kabab,places,en,122,12.9940216,77.55034574999999,12.9942019,77.550776,0,blr2,Bengaluru,2026-08-31T09:15:38.600756Z
ChIJHV-5awA9rjsRsFB4eEi4msI,City Kabab Corner,places,en,122,12.9940216,77.55034574999999,12.9941345,77.5508335,0,blr2,Bengaluru,2026-08-31T09:15:38.600761Z
ChIJvXZzHAA9rjsRRztILdIHOlE,SRR Mangaluru Kitchen,places,en,122,12.9940216,77.55034574999999,12.9935648,77.5507113,0,blr2,Bengaluru,2026-08-31T09:15:38.600765Z
ChIJh46io5U9rjsR8fZVYwC4fEY,DEVARAJU HOTEL,places,en,122,12.9940216,77.55034574999999,12.992925,77.550755,0,blr2,Bengaluru,2026-08-31T09:15:38.600769Z
ChIJbe-Cayg9rjsRS-UY-K2GKms,MALLNAD HOTEL,places,en,122,12.9940216,77.55034574999999,12.993535399999999,77.54923269999999,0,blr2,Bengaluru,2026-08-31T09:15:38.600775Z
ChIJ5WEifjY9rjsRjMFYVdYJOuY,Kushi Chats,places,en,122,12.9940216,77.55034574999999,12.995131899999999,77.55110859999999,0,blr2,Bengaluru,2026-08-31T09:15:38.600779Z
ChIJs7lcTAA9rjsRYySRruO3PAA,SS Kabab Adda,places,en,122,12.9940216,77.55034574999999,12.993443599999999,77.54902059999999,0,blr2,Bengaluru,2026-08-31T09:15:38.600782Z
ChIJpdgeVwA9rjsR4qUoVUiV9eo,Corn Crush,places,en,122,12.9940216,77.55034574999999,12.993449499999999,77.5489906,0,blr2,Bengaluru,2026-08-31T09:15:38.600786Z
ChIJcxrfxmU9rjsRKU_jbucZnq8,janavi chats and tiffen centre shivaramaiah y N,places,en,122,12.9940216,77.55034574999999,12.995612800000002,77.5505118,0,blr2,Bengaluru,2026-08-31T09:15:38.600789Z
ChIJmwNwo4Q9rjsRt1CSJqimrl8,Rangashree Veg,places,en,122,12.9940216,77.55034574999999,12.995627599999999,77.5505218,0,blr2,Bengaluru,2026-08-31T09:15:38.600793Z
ChIJtRNBu0g9rjsRLENvdgKFiR8,KA 11 Sandwich And Pizza,places,en,122,12.9940216,77.55034574999999,12.993396299999999,77.54878339999999,0,blr2,Bengaluru,2026-08-31T09:15:38.600796Z
ChIJ13bLi5E9rjsRnb27t6z9YXs,Kempegowda Green House,places,en,122,12.9940216,77.55034574999999,12.9934225,77.5487572,0,blr2,Bengaluru,2026-08-31T09:15:38.600800Z
ChIJtR2GNKY9rjsRj7gf0I9e64k,Grand Ruchi Deliciously Veg,places,en,122,12.9940216,77.55034574999999,12.9935177,77.5486636,0,blr2,Bengaluru,2026-08-31T09:15:38.600803Z
ChIJJesAM8A9rjsRES7eRzwN8jg,Jackie's Kitchen,places,en,122,12.9940216,77.55034574999999,12.994689099999999,77.5520777,0,blr2,Bengaluru,2026-08-31T09:15:38.600807Z
ChIJ57wCQY49rjsR1Rr26UAuA2w,Sri Maruthi Non Veg Hotel,places,en,122,12.9940216,77.55034574999999,12.9950455,77.5520093,0,blr2,Bengaluru,2026-08-31T09:15:38.600810Z
ChIJKWR67rk9rjsRVLmZ-tfn7NA,Five Star Chicken,places,en,122,12.9940216,77.55034574999999,12.993837899999999,77.5526129,0,blr2,Bengaluru,2026-08-31T09:15:38.600814Z
ChIJxXDTPgA9rjsR4aqtNhg9rCA,HOTEL SNEHA NATI STYLE (SOUDE OLE OOTA),places,en,122,12.9940216,77.55034574999999,12.9950418,77.552384,0,blr2,Bengaluru,2026-08-31T09:15:38.600817Z
ChIJ4ZostEM9rjsRkBS0-RjV9vI,Bannur Biryani Nati Style,places,en,122,12.9940216,77.55034574999999,12.9950274,77.5523917,0,blr2,Bengaluru,2026-08-31T09:15:38.600821Z
ChIJ7XRoRQA9rjsRILCH2W8-vak,Vishal's biryani,places,en,122,12.9940216,77.55034574999999,12.993459399999999,77.55262979999999,0,blr2,Bengaluru,2026-08-31T09:15:38.600824Z
ChIJZ_Ow9HoZrjsRpXzhoDEYlis,Mother's Kitchen C305 Arun Patios,places,en,124,13.12175055,77.58275574999999,13.1221809,77.5826202,0,blr2,Bengaluru,2026-08-31T09:15:39.415512Z
ChIJv24KkYcYrjsRUw277Os6tb0,Subbu Tiffin Center,places,en,125,13.1039619,77.56895535,13.1046398,77.5692661,0,blr2,Bengaluru,2026-08-31T09:15:39.863954Z
ChIJdTo8TgAZrjsRHYgHQb2zbMw,Delicious Momo,places,en,125,13.1039619,77.56895535,13.1045454,77.56961,0,blr2,Bengaluru,2026-08-31T09:15:39.864013Z
ChIJReKNGAAZrjsRO-dg2AQGsXA,Holige Mane (Rotti Mane),places,en,125,13.1039619,77.56895535,13.104381499999999,77.5697713,0,blr2,Bengaluru,2026-08-31T09:15:39.864034Z
ChIJSeEv_fkZrjsRK6K2vKkJpSg,Chappathi Corner,places,en,125,13.1039619,77.56895535,13.104633,77.5696123,0,blr2,Bengaluru,2026-08-31T09:15:39.864041Z
ChIJXxuFJ9sZrjsRDwdkaabhOzg,Malabar Cafe,places,en,125,13.1039619,77.56895535,13.104132499999999,77.5702562,0,blr2,Bengaluru,2026-08-31T09:15:39.864085Z
ChIJLfaaT6AZrjsRAtRgkrRd6oU,Mathru Biryani,places,en,125,13.1039619,77.56895535,13.104139,77.5702805,0,blr2,Bengaluru,2026-08-31T09:15:39.864113Z
ChIJVfHNBocYrjsRUwSkk5_9L84,AMBUR HOT DUM BIRYANI,places,en,125,13.1039619,77.56895535,13.104136599999999,77.5703245,0,blr2,Bengaluru,2026-08-31T09:15:39.864120Z
ChIJcbX7YQAZrjsRcHlJYUnY1B8,Five Star Chicken,places,en,125,13.1039619,77.56895535,13.104153499999999,77.57036289999999,0,blr2,Bengaluru,2026-08-31T09:15:39.864124Z
ChIJU48vAYcYrjsR63SHd9Q_4OA,Tastebuds,places,en,125,13.1039619,77.56895535,13.1042908,77.57034130000001,0,blr2,Bengaluru,2026-08-31T09:15:39.864129Z
ChIJVVVBB4cYrjsRQk1hpRFljJY,Rolls Corner,places,en,125,13.1039619,77.56895535,13.1041144,77.57047709999999,0,blr2,Bengaluru,2026-08-31T09:15:39.864133Z
ChIJHw-vzUsZrjsRrJuNgYelmwk,Kun Rolls,places,en,125,13.1039619,77.56895535,13.104096499999999,77.5705244,0,blr2,Bengaluru,2026-08-31T09:15:39.864188Z
ChIJAQAk0oAYrjsRnCPh7YDFRiI,Sri Thirumala Hotel,places,en,125,13.1039619,77.56895535,13.1037988,77.5672929,0,blr2,Bengaluru,2026-08-31T09:15:39.864207Z
ChIJoyE11BUZrjsRz1st-6uPZew,Bombay vada pav center,places,en,125,13.1039619,77.56895535,13.1040915,77.5706201,0,blr2,Bengaluru,2026-08-31T09:15:39.864213Z
ChIJKaKXTE8ZrjsRoXziMt3gjhU,Jaddu paddu,places,en,125,13.1039619,77.56895535,13.104128699999999,77.5708475,0,blr2,Bengaluru,2026-08-31T09:15:39.864218Z
ChIJhYQPDgAZrjsRPzMq35Jurhc,SS Bismillah Halal Chicken center,places,en,125,13.1039619,77.56895535,13.1030185,77.5669841,0,blr2,Bengaluru,2026-08-31T09:15:39.864222Z
ChIJSXpsG3EZrjsRHXrOOE4AhtI,A-one Chinise Food Hub,places,en,125,13.1039619,77.56895535,13.1040919,77.57122500000001,0,blr2,Bengaluru,2026-08-31T09:15:39.864234Z
ChIJPZQlU8sZrjsR2OLSINqMzlk,Ruchi Foods,places,en,125,13.1039619,77.56895535,13.1040467,77.571265,0,blr2,Bengaluru,2026-08-31T09:15:39.864238Z
ChIJ1wck6loZrjsRUYskuYPRjLs,HomelyBite,places,en,125,13.1039619,77.56895535,13.1039534,77.57126679999999,0,blr2,Bengaluru,2026-08-31T09:15:39.864243Z
ChIJbc6VrYAYrjsRAAAAsArpRWc,Sneha Fast Food,places,en,125,13.1039619,77.56895535,13.102193699999999,77.5674238,0,blr2,Bengaluru,2026-08-31T09:15:39.864274Z
ChIJoScbj5UZrjsR3GkyXGV09u4,Yelhanka,places,en,125,13.1039619,77.56895535,13.1041875,77.57131249999999,0,blr2,Bengaluru,2026-08-31T09:15:39.864283Z
ChIJ33v281UZrjsRp84hw5SGMPw,SHUDHA SIRI,places,en,126,13.1113795,77.61347035,13.113799199999999,77.6131171,0,blr2,Bengaluru,2026-08-31T09:15:41.281212Z
ChIJ1ZZSZSwYrjsRwflMoRdFoUQ,Lakshy Food Point,places,en,127,13.06423525,77.60348045,13.0644742,77.6042468,0,blr2,Bengaluru,2026-08-31T09:15:41.638584Z
ChIJYUINrQEZrjsRx1vvS37DKIw,DevAnsh Cloud Kitchen,places,en,127,13.06423525,77.60348045,13.0631018,77.60428619999999,0,blr2,Bengaluru,2026-08-31T09:15:41.638608Z
ChIJY6x5IHcZrjsRB-fTTZ7ApFU,VP Industry,places,en,127,13.06423525,77.60348045,13.0658792,77.6042056,0,blr2,Bengaluru,2026-08-31T09:15:41.638613Z
ChIJf83KayQZrjsReVL8QzXRLmc,Jakkur Junction,places,en,127,13.06423525,77.60348045,13.064064799999999,77.6008909,0,blr2,Bengaluru,2026-08-31T09:15:41.638617Z
ChIJz9uCLwAZrjsRb2ok_c7zpEw,Meat mama,places,en,127,13.06423525,77.60348045,13.0641847,77.6007624,0,blr2,Bengaluru,2026-08-31T09:15:41.638621Z
ChIJS34fwAQ7rjsR1_ZKAQbqRAo,MUDGA INDUSTRIES PVT LTD,places,en,128,12.982869749999999,77.45215425,12.9827861,77.4529675,0,blr2,Bengaluru,2026-08-31T09:15:42.096015Z
ChIJob-R1DQ9rjsRr6Cqw5lgWs4,Hotel Siddhartha,places,en,129,13.02903585,77.49057085000001,13.0284251,77.4898082,0,blr2,Bengaluru,2026-08-31T09:15:42.444493Z
ChIJf6DXo5U8rjsRqSkJkYJlkhM,SRI DHARMASTALA HOTEL,places,en,129,13.02903585,77.49057085000001,13.028311400000002,77.489903,0,blr2,Bengaluru,2026-08-31T09:15:42.444520Z
ChIJOb3no5U8rjsRCjuTAMj7FY8,Svs Rice Corner,places,en,129,13.02903585,77.49057085000001,13.0283278,77.4898528,0,blr2,Bengaluru,2026-08-31T09:15:42.444525Z
ChIJzVv6EJU8rjsR-OyPMhUSHpQ,Sri Sairam Hot Chips,places,en,129,13.02903585,77.49057085000001,13.028069799999999,77.4912144,0,blr2,Bengaluru,2026-08-31T09:15:42.444529Z
ChIJbdoJUWI9rjsR_wFDd27edh8,Sridevi Gob Center,places,en,129,13.02903585,77.49057085000001,13.027792100000001,77.4894585,0,blr2,Bengaluru,2026-08-31T09:15:42.444533Z
ChIJ23dTsJU8rjsRxUy38Svi6jg,గంజరి వానిజనా సూరా,places,en,129,13.02903585,77.49057085000001,13.027629399999999,77.4894022,0,blr2,Bengaluru,2026-08-31T09:15:42.444537Z
ChIJF2eKPec9rjsR7y2Q8mSoxWU,Ragavendra Raganath catering,places,en,129,13.02903585,77.49057085000001,13.027257899999999,77.4898339,0,blr2,Bengaluru,2026-08-31T09:15:42.444540Z
ChIJm8HyQ-A9rjsRws5chnY5NjU,Mahalakshmi Tiffin Center(Banashankari tiffin centre),places,en,129,13.02903585,77.49057085000001,13.0277915,77.4920836,0,blr2,Bengaluru,2026-08-31T09:15:42.444544Z
ChIJnUo2RAA_rjsRLNn5iBDTVu8,Shree Siddabasaveshwara Khanavali,places,en,129,13.02903585,77.49057085000001,13.027789,77.4920839,0,blr2,Bengaluru,2026-08-31T09:15:42.444547Z
ChIJaVIk4pQ8rjsRYn1k8HMBO5c,RR DUM BIRIYANI,places,en,129,13.02903585,77.49057085000001,13.0270614,77.4913169,0,blr2,Bengaluru,2026-08-31T09:15:42.444551Z
ChIJpaISPQA9rjsRUyQlIViZWq0,ACHARYA CAFE,places,en,129,13.02903585,77.49057085000001,13.0272489,77.48940879999999,0,blr2,Bengaluru,2026-08-31T09:15:42.444554Z
ChIJhdzlITk9rjsR4FZRnd4sE-4,MANGALORE FISH MART / MANGALORE FISHLAND,places,en,129,13.02903585,77.49057085000001,13.0269154,77.49133069999999,0,blr2,Bengaluru,2026-08-31T09:15:42.444558Z
ChIJQSIV4WA9rjsR1QTfiqt1VQg,Kodachadri Donne biryani,places,en,129,13.02903585,77.49057085000001,13.0265705,77.4902283,0,blr2,Bengaluru,2026-08-31T09:15:42.444561Z
ChIJf_ZLGb09rjsRp18-9ABmstc,RC fresh chicken and mutton,places,en,129,13.02903585,77.49057085000001,13.0271739,77.4922995,0,blr2,Bengaluru,2026-08-31T09:15:42.444565Z
ChIJDQrnCwA9rjsRUmjJtFnoKN4,Gari gari kabab,places,en,129,13.02903585,77.49057085000001,13.0277745,77.49279469999999,0,blr2,Bengaluru,2026-08-31T09:15:42.444569Z
ChIJT8RILJU8rjsR3MRTYAweTnE,Ambur Hot Dum Biriyani,places,en,129,13.02903585,77.49057085000001,13.0277516,77.49289019999999,0,blr2,Bengaluru,2026-08-31T09:15:42.444572Z
ChIJ7aWu6Q0XrjsRe63wS3tBZjk,GALAXY IVORY CORPORATE HOTEL,places,en,130,13.0550458,77.6061831,13.0549621,77.6058262,0,blr2,Bengaluru,2026-08-31T09:15:42.797535Z
ChIJX2v-HBAXrjsR4zy0u-BMuJ8,Pragathi kabab and biriyani corner,places,en,130,13.0550458,77.6061831,13.055338299999999,77.6056863,0,blr2,Bengaluru,2026-08-31T09:15:42.797563Z
ChIJBdZ_FwAXrjsRTe4TTbHQ9C0,Karnataka Biryani (Naati Style),places,en,130,13.0550458,77.6061831,13.055336899999999,77.6056844,0,blr2,Bengaluru,2026-08-31T09:15:42.797569Z
ChIJca-PF4EXrjsR0wp6aaYtNCo,Life Line's Tender Chicken - Bhuvaneshwari Nagar,places,en,130,13.0550458,77.6061831,13.0555314,77.6057656,0,blr2,Bengaluru,2026-08-31T09:15:42.797573Z
ChIJizYQj1YXrjsR3RJCpS50pbI,Bismillah md shezan chicken center,places,en,130,13.0550458,77.6061831,13.0550575,77.6070103,0,blr2,Bengaluru,2026-08-31T09:15:42.797577Z
ChIJicuoEnkXrjsR5353MyQ9Wl8,Bidadi Thatte Idli (old name Ganesh Bhavan),places,en,130,13.0550458,77.6061831,13.0554027,77.6070045,0,blr2,Bengaluru,2026-08-31T09:15:42.797580Z
ChIJYdCQEQAXrjsRbu62XD5jgr8,Mirchi mandakki center,places,en,130,13.0550458,77.6061831,13.055396199999999,77.60713539999999,0,blr2,Bengaluru,2026-08-31T09:15:42.797584Z
ChIJlVCVw0cXrjsRoEWjrWrEFzo,VNB CAFE,places,en,130,13.0550458,77.6061831,13.0548021,77.6046108,0,blr2,Bengaluru,2026-08-31T09:15:42.797588Z
ChIJ38eLCAAXrjsRhtFbvszBD7w,Marian paliya,places,en,130,13.0550458,77.6061831,13.053818800000002,77.607435,0,blr2,Bengaluru,2026-08-31T09:15:42.797591Z
ChIJd_W47QAXrjsRCIqAzjY8Upg,Nizami Delights,places,en,130,13.0550458,77.6061831,13.055275499999999,77.6044179,0,blr2,Bengaluru,2026-08-31T09:15:42.797595Z
ChIJXYxOQx0XrjsRii_EjNhCJzQ,Baohood,places,en,130,13.0550458,77.6061831,13.0553413,77.6080424,0,blr2,Bengaluru,2026-08-31T09:15:42.797598Z
ChIJVbV6e34XrjsRd-rsCX73YWs,QaticFudz private limited,places,en,130,13.0550458,77.6061831,13.055251199999999,77.6042835,0,blr2,Bengaluru,2026-08-31T09:15:42.797602Z
ChIJjT42ngoXrjsRPhx03Lw8fBI,MACHALI OOTA - HEBBALA,places,en,130,13.0550458,77.6061831,13.055171399999999,77.6042642,0,blr2,Bengaluru,2026-08-31T09:15:42.797605Z
ChIJX2wK83gXrjsRAWfJW_OKgfI,Nandus Bhuvaneshwari Nagar,places,en,130,13.0550458,77.6061831,13.0553685,77.604205,0,blr2,Bengaluru,2026-08-31T09:15:42.797609Z
ChIJc4DdQxcZrjsRyNccc5XylHk,Indian Kitchen,places,en,130,13.0550458,77.6061831,13.0551768,77.6083624,0,blr2,Bengaluru,2026-08-31T09:15:42.797612Z
ChIJqfkdqCYYrjsRn580oUk8R9o,Sri manjunatha chats chintamani special,places,en,130,13.0550458,77.6061831,13.0553928,77.6083872,0,blr2,Bengaluru,2026-08-31T09:15:42.797616Z
ChIJJXG8SQAXrjsRPSf_-IjGqCs,The Indian waffer Bites,places,en,130,13.0550458,77.6061831,13.057225599999999,77.6059554,0,blr2,Bengaluru,2026-08-31T09:15:42.797620Z
ChIJ07iLIIAXrjsRNiRpXMCaTYE,STHUTHI BHAVAN,places,en,130,13.0550458,77.6061831,13.056797399999999,77.6075654,0,blr2,Bengaluru,2026-08-31T09:15:42.797623Z
ChIJBw10RpQXrjsRDGRCyS5c-Cc,BANARASI SAMOSA POINT,places,en,130,13.0550458,77.6061831,13.0528823,77.6056141,0,blr2,Bengaluru,2026-08-31T09:15:42.797626Z
ChIJmRr0acIXrjsRudgteVypuqw,LiteBite Cafe,places,en,130,13.0550458,77.6061831,13.0567288,77.6046484,0,blr2,Bengaluru,2026-08-31T09:15:42.797630Z
ChIJpd87dYAXrjsR-h9IjfPDlHM,Thimmarayaswamy Chicken Center,places,en,131,13.05875215,77.60667805,13.058110399999999,77.60631699999999,0,blr2,Bengaluru,2026-08-31T09:15:43.220952Z
ChIJuyGkGdMXrjsRwyiyHWVAyWo,Swati's Savji Kitchen,places,en,131,13.05875215,77.60667805,13.0574762,77.6063626,0,blr2,Bengaluru,2026-08-31T09:15:43.220976Z
ChIJD6Pj1acZrjsR7_2cSa7OV2c,Bala's Homemade Food,places,en,131,13.05875215,77.60667805,13.0608653,77.6055932,0,blr2,Bengaluru,2026-08-31T09:15:43.220983Z
ChIJo_-l6m8XrjsRsbMWaELfsog,Matka Chai | Head Office,places,en,132,13.00856885,77.59743800000001,13.0087441,77.5971634,0,blr2,Bengaluru,2026-08-31T09:15:43.693651Z
ChIJ1TTdCKoXrjsRbC7GDAV8ZB4,Phall E Azam,places,en,132,13.00856885,77.59743800000001,13.006604399999999,77.5966662,0,blr2,Bengaluru,2026-08-31T09:15:43.693683Z
ChIJ4bQ52zgXrjsR3ijqJqFjBN4,Mr Arbaz Ahmed,places,en,132,13.00856885,77.59743800000001,13.008878699999999,77.59528639999999,0,blr2,Bengaluru,2026-08-31T09:15:43.693690Z
ChIJl9Qa_U0WrjsRpZ8GIk5PM7M,JANVITEA UPAHARA,places,en,132,13.00856885,77.59743800000001,13.0069518,77.59574479999999,0,blr2,Bengaluru,2026-08-31T09:15:43.693696Z
ChIJMXnX8VEWrjsRdLUoD5zF63A,Sartaj Kabab Corner,places,en,132,13.00856885,77.59743800000001,13.006208899999999,77.5972773,0,blr2,Bengaluru,2026-08-31T09:15:43.693702Z
ChIJsxQhyX4XrjsRhnHEJZ04T4o,Sartaj Kabab Corner,places,en,132,13.00856885,77.59743800000001,13.0061909,77.59735669999999,0,blr2,Bengaluru,2026-08-31T09:15:43.693706Z
ChIJXxAnkPoXrjsR8VQOn-Hi6co,Shaheen Tea Stall,places,en,132,13.00856885,77.59743800000001,13.009223599999999,77.5948256,0,blr2,Bengaluru,2026-08-31T09:15:43.693710Z
ChIJV2zVE-kXrjsREFJY7lt8USQ,Pailwan hotel,places,en,132,13.00856885,77.59743800000001,13.0091688,77.59479449999999,0,blr2,Bengaluru,2026-08-31T09:15:43.693715Z
ChIJU0fkRDgXrjsR-awLPHL_GCw,Al Hamdan Restaurant,places,en,133,13.0123056,77.61166265,13.012077699999999,77.6114177,0,blr2,Bengaluru,2026-08-31T09:15:44.115807Z
ChIJocD0lakXrjsRSNodwFM5n6s,irfan,places,en,133,13.0123056,77.61166265,13.012715400000001,77.6101113,0,blr2,Bengaluru,2026-08-31T09:15:44.115836Z
ChIJj-oCNAAXrjsR42uSHRgSy-0,ROYAL CHICKEN CENTER,places,en,133,13.0123056,77.61166265,13.013218499999999,77.6103049,0,blr2,Bengaluru,2026-08-31T09:15:44.115841Z
ChIJZ341KgAXrjsRWsEK7smP140,A.T. Fast Food,places,en,133,13.0123056,77.61166265,13.0133347,77.610382,0,blr2,Bengaluru,2026-08-31T09:15:44.115846Z
ChIJXwa4tZMXrjsRDUJ8NCVBIRo,Tavkal Bef Stall Fazil Shareef,places,en,133,13.0123056,77.61166265,13.013514299999999,77.61042669999999,0,blr2,Bengaluru,2026-08-31T09:15:44.115850Z
ChIJNVZO1_8WrjsRyiarA6HtmYw,Samosa Stall,places,en,133,13.0123056,77.61166265,13.0127724,77.6099804,0,blr2,Bengaluru,2026-08-31T09:15:44.115853Z
ChIJMaEduf8WrjsRZmLxxvu-hT4,Hotel Abhilash,places,en,133,13.0123056,77.61166265,13.0115384,77.6096991,0,blr2,Bengaluru,2026-08-31T09:15:44.115857Z
ChIJjeryuMgXrjsRYyLOLP_vvyk,Indira Canteen 48 Muneshwara Nagar,places,en,133,13.0123056,77.61166265,13.0110434,77.61333789999999,0,blr2,Bengaluru,2026-08-31T09:15:44.115861Z
ChIJ65-aRDUXrjsRkquT5wzIkEc,YF CHICKEN,places,en,133,13.0123056,77.61166265,13.013428999999999,77.6096825,0,blr2,Bengaluru,2026-08-31T09:15:44.115864Z
ChIJb_EG9wEXrjsR_3WvRz4iiQk,Karnataka Kabab Center,places,en,133,13.0123056,77.61166265,13.014154099999999,77.6132181,0,blr2,Bengaluru,2026-08-31T09:15:44.115868Z
ChIJXbBUir8XrjsRUOrTquucQIQ,Al-Saquib kabab corner,places,en,133,13.0123056,77.61166265,13.0106398,77.60965,0,blr2,Bengaluru,2026-08-31T09:15:44.115872Z
ChIJvw5HNQAXrjsR9q8bFrts-j8,Zam Zam Family Restaurant,places,en,133,13.0123056,77.61166265,13.0106228,77.60954219999999,0,blr2,Bengaluru,2026-08-31T09:15:44.115876Z
ChIJs7iwgf4WrjsRAcefXNjH7vg,A B N Fruit Centre SYED SALEEM,places,en,133,13.0123056,77.61166265,13.0101762,77.6133298,0,blr2,Bengaluru,2026-08-31T09:15:44.115879Z
ChIJy6IauVMRrjsR_uh9ETWZMm4,Mubeen S,places,en,134,13.000519,77.69983669999999,13.001246199999999,77.69946949999999,0,blr2,Bengaluru,2026-08-31T09:15:44.477084Z
ChIJR8ZN8jgRrjsRw0Qq8rVU5f8,Khalandar Baba chicken mutton stall,places,en,134,13.000519,77.69983669999999,13.001306699999999,77.6995484,0,blr2,Bengaluru,2026-08-31T09:15:44.477116Z
ChIJJTiGhl8RrjsRbtrw11ymfTk,Rajesh Tea Stall,places,en,134,13.000519,77.69983669999999,13.0025461,77.6997655,0,blr2,Bengaluru,2026-08-31T09:15:44.477122Z
ChIJ39qXiOoRrjsRxzH3dL60VVo,Amiel Gourmet whitefield,places,en,134,13.000519,77.69983669999999,12.998631099999999,77.7014162,0,blr2,Bengaluru,2026-08-31T09:15:44.477126Z
ChIJwYnifacRrjsRLzWUfcvfKWM,Shariff,places,en,134,13.000519,77.69983669999999,13.0029814,77.69947599999999,0,blr2,Bengaluru,2026-08-31T09:15:44.477131Z
ChIJI5Ovmx0RrjsRnojUAY35aUw,Nanda Dum Biryani,places,en,135,13.0094733,77.70362515,13.010251,77.7051039,0,blr2,Bengaluru,2026-08-31T09:15:44.855410Z
ChIJDfgHKawRrjsRTkNneXZcCGE,Gayathri Upahara,places,en,135,13.0094733,77.70362515,13.010233099999999,77.7060278,0,blr2,Bengaluru,2026-08-31T09:15:44.855439Z
ChIJS2EwQnoVrjsRes4rfZzF_vE,"Karnataka ,Bjji, Centre",places,en,136,12.931764600000001,77.59504215,12.9317752,77.5947156,0,blr2,Bengaluru,2026-08-31T09:15:45.311759Z
ChIJf6jMOAAVrjsRBbx_c8vbBtA,Nimra Eating Point,places,en,136,12.931764600000001,77.59504215,12.9317161,77.59257219999999,0,blr2,Bengaluru,2026-08-31T09:15:45.311786Z
ChIJWQDTu2EVrjsRR-7Ow5QYndo,lassi shop,places,en,136,12.931764600000001,77.59504215,12.931745999999999,77.5925251,0,blr2,Bengaluru,2026-08-31T09:15:45.311792Z
ChIJadP_U2w8rjsR7XmyrajLl6Y,Sri Kalabyrava Chicken Centre,places,en,138,12.987651450000001,77.48637855,12.9876709,77.48494889999999,0,blr2,Bengaluru,2026-08-31T09:15:46.079554Z
ChIJdcWgL4s9rjsRs61BVdBRmvg,Thunga nagar,places,en,138,12.987651450000001,77.48637855,12.988348199999999,77.48498289999999,0,blr2,Bengaluru,2026-08-31T09:15:46.079589Z
ChIJAUj3FEw9rjsRhw-4ypPb-Mk,SLR Biryani Corner,places,en,138,12.987651450000001,77.48637855,12.9859626,77.4869384,0,blr2,Bengaluru,2026-08-31T09:15:46.079597Z
ChIJJ6BIN2w8rjsRIyQUw8P3dxo,SHOBHA'S KITCHEN,places,en,138,12.987651450000001,77.48637855,12.98905,77.48518140000002,0,blr2,Bengaluru,2026-08-31T09:15:46.079603Z
ChIJTeIbQBI9rjsRC1bq0t_s98k,Marenahalli Donne Biryani,places,en,138,12.987651450000001,77.48637855,12.9862553,77.484973,0,blr2,Bengaluru,2026-08-31T09:15:46.079609Z
ChIJ1aZuiuk9rjsRtlGwXRC5T_g,Karavali family restaurant,places,en,138,12.987651450000001,77.48637855,12.985485599999999,77.4865157,0,blr2,Bengaluru,2026-08-31T09:15:46.079614Z
ChIJz2dTwWw8rjsRg4I1TrtqTV4,MOGHA SRHEE MARUTHI HOTEL,places,en,138,12.987651450000001,77.48637855,12.985590799999999,77.48563759999999,0,blr2,Bengaluru,2026-08-31T09:15:46.079619Z
ChIJmRDFSQA9rjsRdhQuYHS--CQ,MAGADI THATTE IDLE POINT,places,en,138,12.987651450000001,77.48637855,12.9865493,77.4885635,0,blr2,Bengaluru,2026-08-31T09:15:46.079625Z
ChIJ5Z1ZcwA9rjsRh0NDx-jcPf8,Anand hotel Chakna,places,en,138,12.987651450000001,77.48637855,12.985622699999999,77.4849815,0,blr2,Bengaluru,2026-08-31T09:15:46.079630Z
ChIJ70OwDwk9rjsRlX4hgmPOZ9Y,Kanasu Biriyani Adda Naati Style,places,en,138,12.987651450000001,77.48637855,12.9899043,77.4852159,0,blr2,Bengaluru,2026-08-31T09:15:46.079635Z
ChIJs4ql7i09rjsRFNrhVuBM_HE,Vinesh,places,en,138,12.987651450000001,77.48637855,12.985234,77.4856418,0,blr2,Bengaluru,2026-08-31T09:15:46.079640Z
ChIJF9Rh1rgUrjsRtMJTboKsB0o,Siddhalingeshwara Tiffin Centre,places,en,139,12.8948064,77.63311505,12.8951774,77.6333859,0,blr2,Bengaluru,2026-08-31T09:15:46.437763Z
ChIJcXTPE5IVrjsRsWMNLrSho4w,Muruga Bhavan,places,en,139,12.8948064,77.63311505,12.8950733,77.63256679999999,0,blr2,Bengaluru,2026-08-31T09:15:46.437793Z
ChIJU6PIaHQVrjsRvmjXOZbJmto,CHIKMAGALUR IDLI JUNCTION,places,en,139,12.8948064,77.63311505,12.895263199999999,77.6335168,0,blr2,Bengaluru,2026-08-31T09:15:46.437801Z
ChIJmVKJlb0VrjsRMHiWnQkL-Wc,Balaji Restaurant,places,en,139,12.8948064,77.63311505,12.8944089,77.6326261,0,blr2,Bengaluru,2026-08-31T09:15:46.437807Z
ChIJs2FkkwAVrjsRHKl5xoMdXJ8,SHEKAR,places,en,139,12.8948064,77.63311505,12.8945642,77.63241029999999,0,blr2,Bengaluru,2026-08-31T09:15:46.437813Z
ChIJbcUCmLYVrjsRsx4BKZ2ViXY,FOOD PARADISE,places,en,139,12.8948064,77.63311505,12.8956597,77.6327299,0,blr2,Bengaluru,2026-08-31T09:15:46.437819Z
ChIJx8duLb8UrjsR7jB47iKy0bM,SUNRISE SAFARI DELICIA,places,en,139,12.8948064,77.63311505,12.895725299999999,77.6329029,0,blr2,Bengaluru,2026-08-31T09:15:46.437824Z
ChIJp4lsoPgVrjsRTIDNvXr1_U0,RENUKA YELLAMMA,places,en,139,12.8948064,77.63311505,12.8957015,77.63264290000001,0,blr2,Bengaluru,2026-08-31T09:15:46.437830Z
ChIJqWuYM78UrjsRp_YV-iJneJs,Sri Basaveshwara Mess,places,en,139,12.8948064,77.63311505,12.895758599999999,77.6325778,0,blr2,Bengaluru,2026-08-31T09:15:46.437836Z
ChIJte7CDokVrjsRTGIsLMDcVDY,D D GLORIOUS CAFE,places,en,139,12.8948064,77.63311505,12.895750200000002,77.63253569999999,0,blr2,Bengaluru,2026-08-31T09:15:46.437842Z
ChIJxwZfdmEVrjsR0w19VNEtufE,BANGALORE BIRYANI BREAK,places,en,139,12.8948064,77.63311505,12.893749999999999,77.6329549,0,blr2,Bengaluru,2026-08-31T09:15:46.437847Z
ChIJQdlfQQAVrjsR4jbczOerdJE,Gaja Sea 2 Street,places,en,139,12.8948064,77.63311505,12.8938595,77.6324636,0,blr2,Bengaluru,2026-08-31T09:15:46.437852Z
ChIJ6-jZN5kVrjsRbYawUDZN6dY,Sri krishna food stall,places,en,139,12.8948064,77.63311505,12.893776299999999,77.6325432,0,blr2,Bengaluru,2026-08-31T09:15:46.437857Z
ChIJ38u7xdQVrjsRNWHXWiYkYqw,Namma chicken point,places,en,139,12.8948064,77.63311505,12.894227899999999,77.6341793,0,blr2,Bengaluru,2026-08-31T09:15:46.437862Z
ChIJfSthfIgVrjsRejzWWm8TrVM,FRANKLINS FOOD JUNCTION,places,en,139,12.8948064,77.63311505,12.893761099999999,77.63245289999999,0,blr2,Bengaluru,2026-08-31T09:15:46.437867Z
ChIJm1-2JwAVrjsRRU5zD9pgUeo,MS BRINDAVANA CAFE,places,en,139,12.8948064,77.63311505,12.894187899999999,77.6342428,0,blr2,Bengaluru,2026-08-31T09:15:46.437875Z
ChIJDzFFUgARrjsREKcYKh76l6s,Andrila's,places,en,140,12.9773606,77.68146899999999,12.978600799999999,77.6811268,0,blr2,Bengaluru,2026-08-31T09:15:46.925906Z
ChIJJ9vxXuURrjsRopYE2DR3LPQ,Urban Bites,places,en,140,12.9773606,77.68146899999999,12.9786039,77.6810847,0,blr2,Bengaluru,2026-08-31T09:15:46.925940Z
ChIJMe2Ssq0RrjsRtOGfJh8-DgM,HOME MADE PHULKAS,places,en,140,12.9773606,77.68146899999999,12.9760467,77.6806596,0,blr2,Bengaluru,2026-08-31T09:15:46.925949Z
ChIJpy0MoccRrjsRHYs9vOHFZi0,Sri Vardhaman Cafe,places,en,140,12.9773606,77.68146899999999,12.978930799999999,77.68087840000001,0,blr2,Bengaluru,2026-08-31T09:15:46.925955Z
ChIJj0eMSAARrjsRQsjqnUN2i-U,Chicken shop,places,en,140,12.9773606,77.68146899999999,12.979065499999999,77.6823155,0,blr2,Bengaluru,2026-08-31T09:15:46.925960Z
ChIJNdrbRNsRrjsRolGam3Zvj8k,AI Popup Kitchen,places,en,140,12.9773606,77.68146899999999,12.9792293,77.6810517,0,blr2,Bengaluru,2026-08-31T09:15:46.925966Z
ChIJi36NljQRrjsR_lx9AtNfb3w,The Grill House,places,en,140,12.9773606,77.68146899999999,12.977609,77.6793723,0,blr2,Bengaluru,2026-08-31T09:15:46.925971Z
ChIJ8_giC5YRrjsRZATA6x-3Y4w,HOTEL RUCHI,places,en,140,12.9773606,77.68146899999999,12.978054499999999,77.6794342,0,blr2,Bengaluru,2026-08-31T09:15:46.925976Z
ChIJ7xd6yI0RrjsR6tsJaXlU5YM,3 Star Tiffan Snack Centre,places,en,140,12.9773606,77.68146899999999,12.979211399999999,77.68245139999999,0,blr2,Bengaluru,2026-08-31T09:15:46.925981Z
ChIJT1C6SgARrjsRWk1QMAxZh_s,Famous Golgappe wale Bhaiya,places,en,140,12.9773606,77.68146899999999,12.979467099999999,77.6800082,0,blr2,Bengaluru,2026-08-31T09:15:46.925986Z
ChIJw1GTojwRrjsRVWDE9xkei54,A V CHICKEN CENTER,places,en,140,12.9773606,77.68146899999999,12.979344500000002,77.6798007,0,blr2,Bengaluru,2026-08-31T09:15:46.925991Z
ChIJEcM6KYwRrjsRPrWv-40sgQw,Jalandhar Express,places,en,140,12.9773606,77.68146899999999,12.976085000000001,77.67908419999999,0,blr2,Bengaluru,2026-08-31T09:15:46.925997Z
ChIJndSh2WARrjsRPbDfCLrc_m4,Five Star Chicken,places,en,140,12.9773606,77.68146899999999,12.9760282,77.67910499999999,0,blr2,Bengaluru,2026-08-31T09:15:46.926003Z
ChIJ_abCmXYRrjsROrI3alh2vE8,Velan's Kitchen,places,en,140,12.9773606,77.68146899999999,12.975746599999999,77.67928049999999,0,blr2,Bengaluru,2026-08-31T09:15:46.926008Z
ChIJ12Nx_WYRrjsRydDdyQiTg3o,Sri Krishna Hot Chips,places,en,140,12.9773606,77.68146899999999,12.979180099999999,77.6794476,0,blr2,Bengaluru,2026-08-31T09:15:46.926013Z
ChIJi_wuXgAXrjsRDi6aNbF31Ww,Ghoom corner,places,en,141,13.023712249999999,77.64771065,13.023162,77.6477404,0,blr2,Bengaluru,2026-08-31T09:15:47.375701Z
ChIJS01XK4wXrjsR9Z5W8kVtObc,Karthik Fish And Chicken Mart,places,en,141,13.023712249999999,77.64771065,13.0234249,77.6472203,0,blr2,Bengaluru,2026-08-31T09:15:47.375731Z
ChIJVwHyEQAXrjsR7MXoWlmGTx4,SEA&SUB,places,en,141,13.023712249999999,77.64771065,13.0231306,77.6479112,0,blr2,Bengaluru,2026-08-31T09:15:47.375739Z
ChIJd0PiSHIXrjsRnI0u1NNOYHs,CHIKEN & FISH BASKET,places,en,141,13.023712249999999,77.64771065,13.023199700000001,77.6473591,0,blr2,Bengaluru,2026-08-31T09:15:47.375745Z
ChIJbTr9egAXrjsRmM9awUYarS0,Namma Desi Kitchen,places,en,141,13.023712249999999,77.64771065,13.023228999999999,77.6472647,0,blr2,Bengaluru,2026-08-31T09:15:47.375751Z
ChIJ52Ue7fQXrjsR_beQEo3PueE,Pazham Pori Cafe,places,en,141,13.023712249999999,77.64771065,13.0234717,77.64703759999999,0,blr2,Bengaluru,2026-08-31T09:15:47.375756Z
ChIJu-MLQQ8XrjsRBgxGKae2dGQ,Desi Khana,places,en,141,13.023712249999999,77.64771065,13.0235793,77.6485434,0,blr2,Bengaluru,2026-08-31T09:15:47.375761Z
ChIJWyupnFUXrjsRDO59CEngds8,AMBUR STAR DUM BIRIYANI,places,en,141,13.023712249999999,77.64771065,13.023025700000002,77.6472825,0,blr2,Bengaluru,2026-08-31T09:15:47.375766Z
ChIJczsrDQAXrjsRIUQF7OF-SJo,Pancha Rasa Foods,places,en,141,13.023712249999999,77.64771065,13.024361899999999,77.64712659999999,0,blr2,Bengaluru,2026-08-31T09:15:47.375771Z
ChIJ4SDk3CEXrjsRxclN9krttQo,Sri Krishna Vaibhava Veg,places,en,141,13.023712249999999,77.64771065,13.022884800000002,77.6475833,0,blr2,Bengaluru,2026-08-31T09:15:47.375776Z
ChIJGXSJrJwXrjsRTS4qTPPeS3o,Little Imperial Restaurant,places,en,141,13.023712249999999,77.64771065,13.022851,77.647717,0,blr2,Bengaluru,2026-08-31T09:15:47.375781Z
ChIJwXoNXnAXrjsRESDXRp8p9lw,Zorko Kalyan Nagar,places,en,141,13.023712249999999,77.64771065,13.022788,77.6477769,0,blr2,Bengaluru,2026-08-31T09:15:47.375786Z
ChIJPQMXjTIXrjsRU_yW4QFrZDQ,Hotel Malnad Kairuchi,places,en,141,13.023712249999999,77.64771065,13.0227718,77.6478106,0,blr2,Bengaluru,2026-08-31T09:15:47.375791Z
ChIJw67LKCwXrjsR5iSCfsn0G4w,Rahman Fast Food,places,en,141,13.023712249999999,77.64771065,13.022865,77.6482303,0,blr2,Bengaluru,2026-08-31T09:15:47.375796Z
ChIJ3x6X5z8XrjsR7KDjl1KtmSw,Laila Majnu,places,en,141,13.023712249999999,77.64771065,13.022839,77.6481846,0,blr2,Bengaluru,2026-08-31T09:15:47.375801Z
ChIJj6oPLiwXrjsRP_L7G_X90lI,Hotel Dharshan,places,en,141,13.023712249999999,77.64771065,13.023098899999999,77.6485458,0,blr2,Bengaluru,2026-08-31T09:15:47.375806Z
ChIJgXp9OCwXrjsRxb1jeO9BAE8,Kolkaata Famous Kati Rolls,places,en,141,13.023712249999999,77.64771065,13.0228945,77.64833860000002,0,blr2,Bengaluru,2026-08-31T09:15:47.375811Z
ChIJXy78NUwXrjsRXKneY8Q6ves,H R S Fast Food,places,en,141,13.023712249999999,77.64771065,13.0228226,77.6472141,0,blr2,Bengaluru,2026-08-31T09:15:47.375816Z
ChIJOXZbQ2YXrjsRDmrGZDQtvco,Rasoiya Platter,places,en,141,13.023712249999999,77.64771065,13.024831599999999,77.6477896,0,blr2,Bengaluru,2026-08-31T09:15:47.375821Z
ChIJb1ZbG4IXrjsRbEBu6cbE-kk,Fresko Choice Meat Shop Babusapalya: Get Fresh Chicken Online/Offline,places,en,141,13.023712249999999,77.64771065,13.022798499999999,77.64836230000002,0,blr2,Bengaluru,2026-08-31T09:15:47.375825Z
ChIJCSNab9sWrjsRue0opac8JO0,M.M.Biryani Corner,places,en,142,13.00535605,77.6378192,13.0049681,77.6371704,0,blr2,Bengaluru,2026-08-31T09:15:47.791260Z
ChIJHyXOM6MXrjsR4ggOWWokqxo,The sandwich,places,en,142,13.00535605,77.6378192,13.0053898,77.6369505,0,blr2,Bengaluru,2026-08-31T09:15:47.791362Z
ChIJ5ZN9CNsWrjsRw5tI9VOiJ2U,New Taj Ambur Biriyani Point,places,en,142,13.00535605,77.6378192,13.0058396,77.63862,0,blr2,Bengaluru,2026-08-31T09:15:47.791451Z
ChIJYUQVQB8XrjsRZoqXjyUq0no,Murugan Mess,places,en,142,13.00535605,77.6378192,13.006210099999999,77.6369859,0,blr2,Bengaluru,2026-08-31T09:15:47.791461Z
ChIJn51sqtsWrjsR_v9dfuvP5ts,Girija Restaurant,places,en,142,13.00535605,77.6378192,13.0061849,77.63898689999999,0,blr2,Bengaluru,2026-08-31T09:15:47.791468Z
ChIJE0vVhtsWrjsRV1CyZm1MWY0,Khawaja suguna chicken and mutton centre,places,en,142,13.00535605,77.6378192,13.0065957,77.63702839999999,0,blr2,Bengaluru,2026-08-31T09:15:47.791474Z
ChIJgUQvgtwWrjsR-LAIuMRd1cY,J R Chicken & Fish Center,places,en,142,13.00535605,77.6378192,13.0054009,77.636212,0,blr2,Bengaluru,2026-08-31T09:15:47.791479Z
ChIJe2BjntwWrjsR6dRTxcrogok,Amuda's SPICY KITCHEN,places,en,142,13.00535605,77.6378192,13.004835199999999,77.6362711,0,blr2,Bengaluru,2026-08-31T09:15:47.791485Z
ChIJ3XNbB5EXrjsRJDxn-464Taw,Masha allah hotel,places,en,142,13.00535605,77.6378192,13.0050949,77.63618939999999,0,blr2,Bengaluru,2026-08-31T09:15:47.791491Z
ChIJLUn7YdsWrjsRx2JhFIJCAWs,REAL CHOICE CHICKEN,places,en,142,13.00535605,77.6378192,13.005098799999999,77.6361749,0,blr2,Bengaluru,2026-08-31T09:15:47.791496Z
ChIJVRblWxgXrjsRt_131fveAXE,Absolute Shawarma,places,en,142,13.00535605,77.6378192,13.0049134,77.6362007,0,blr2,Bengaluru,2026-08-31T09:15:47.791502Z
ChIJQw3vlXMXrjsRRxg_gqqXLd4,Bhatru Kabab,places,en,142,13.00535605,77.6378192,13.005722599999999,77.6360601,0,blr2,Bengaluru,2026-08-31T09:15:47.791508Z
ChIJ9TxcO7gXrjsRdBzfWgK9MUQ,Sizzling Momos,places,en,142,13.00535605,77.6378192,13.0058137,77.6359804,0,blr2,Bengaluru,2026-08-31T09:15:47.791513Z
ChIJc0JeU9oWrjsRBzjFs-QHcj0,Sri Sai Ganapathi Hot Chips,places,en,142,13.00535605,77.6378192,13.0065387,77.63935,0,blr2,Bengaluru,2026-08-31T09:15:47.791519Z
ChIJV3QIDQAXrjsRIYi_GOjK1QA,Vinod chaudhary,places,en,142,13.00535605,77.6378192,13.004581100000001,77.63608099999999,0,blr2,Bengaluru,2026-08-31T09:15:47.791524Z
ChIJ5VzAUrsXrjsRr0yOm3_mIH0,Sree Ayyappa Products,places,en,142,13.00535605,77.6378192,13.0072507,77.6380307,0,blr2,Bengaluru,2026-08-31T09:15:47.791530Z
ChIJV07cKR8XrjsRXsIaJOT7kjc,Mubrak Chicken & Fish Kabab,places,en,142,13.00535605,77.6378192,13.0047888,77.63584039999999,0,blr2,Bengaluru,2026-08-31T09:15:47.791536Z
ChIJcfJCUdsWrjsR89KF-HQlLcI,HOTEL SINDHURA,places,en,142,13.00535605,77.6378192,13.0035444,77.63684230000001,0,blr2,Bengaluru,2026-08-31T09:15:47.791768Z
ChIJ8dz6CgAXrjsRQlB8UvGNmu0,Mubarak chicken,places,en,142,13.00535605,77.6378192,13.004771499999999,77.63580230000001,0,blr2,Bengaluru,2026-08-31T09:15:47.791789Z
ChIJiWJpwRcXrjsRItL5CXMcRR4,ASHA M,places,en,142,13.00535605,77.6378192,13.0047619,77.635783,0,blr2,Bengaluru,2026-08-31T09:15:47.791796Z
ChIJtS9HDQBtrjsRBdwrQZkBX5A,Go Delicious - Fish Fry 😋,places,en,143,12.8726629,77.66417154999999,12.872562499999999,77.6635625,0,blr2,Bengaluru,2026-08-31T09:15:48.132685Z
ChIJFU7l6LFsrjsRkzNSSLUe29g,AVR Tiffen Center,places,en,143,12.8726629,77.66417154999999,12.8733784,77.66591919999999,0,blr2,Bengaluru,2026-08-31T09:15:48.132713Z
ChIJ4QLTTGhtrjsR59883-Oioz4,MURALI V STALL,places,en,143,12.8726629,77.66417154999999,12.8720862,77.66238100000001,0,blr2,Bengaluru,2026-08-31T09:15:48.132718Z
ChIJOd4-Gs1trjsRkxSIV5XTzRs,Hotel Jagadamba,places,en,143,12.8726629,77.66417154999999,12.8718082,77.6618144,0,blr2,Bengaluru,2026-08-31T09:15:48.132723Z
ChIJi50ZQwBtrjsRLVpAfhwmj1Y,Shudheeksha Fast Food Center,places,en,143,12.8726629,77.66417154999999,12.8737487,77.6666813,0,blr2,Bengaluru,2026-08-31T09:15:48.132727Z
ChIJwzVHuCMVrjsRc4xu3BNwBOo,Swadist Dabba,places,en,144,12.9255622,77.6057834,12.9253448,77.6055046,0,blr2,Bengaluru,2026-08-31T09:15:48.506433Z
ChIJa10V3qoVrjsRAAAAMPk222k,Bonda Shop,places,en,144,12.9255622,77.6057834,12.9251195,77.6063996,0,blr2,Bengaluru,2026-08-31T09:15:48.506459Z
ChIJSVc2F_AVrjsR0NUsUH7jOC0,SAMOSA SHOP,places,en,144,12.9255622,77.6057834,12.9250818,77.6051865,0,blr2,Bengaluru,2026-08-31T09:15:48.506465Z
ChIJ_WUED6sVrjsR9oo2PTeYZrA,SRI RANGANATHASWAMY HOTEL,places,en,144,12.9255622,77.6057834,12.926267999999999,77.6054833,0,blr2,Bengaluru,2026-08-31T09:15:48.506470Z
ChIJqfYSIasVrjsRC1u5Il_7YBc,ST GEORGE CHICKEN AND FISH STALL,places,en,144,12.9255622,77.6057834,12.9256733,77.6066226,0,blr2,Bengaluru,2026-08-31T09:15:48.506473Z
ChIJ1XNgfcoVrjsRqtxqR8_LoLU,Sri Rama Tiffin Center,places,en,144,12.9255622,77.6057834,12.925856699999999,77.60665569999999,0,blr2,Bengaluru,2026-08-31T09:15:48.506477Z
ChIJcZ-ma5UVrjsRB2k5u5qkwRY,MRK CHICKEN CENTER,places,en,144,12.9255622,77.6057834,12.924894,77.60643449999999,0,blr2,Bengaluru,2026-08-31T09:15:48.506481Z
ChIJ_2PS56oVrjsR49Bich8cpBo,Burger Twist,places,en,144,12.9255622,77.6057834,12.9247099,77.60618760000001,0,blr2,Bengaluru,2026-08-31T09:15:48.506484Z
ChIJeRLHvJ4VrjsRlvqAie3a6Mo,Wow Dum Biryani,places,en,144,12.9255622,77.6057834,12.9249048,77.6050832,0,blr2,Bengaluru,2026-08-31T09:15:48.506488Z
ChIJ13gN_FoVrjsRK-yygzQxPwY,MGR Fish Tawa Fry,places,en,144,12.9255622,77.6057834,12.925866,77.606735,0,blr2,Bengaluru,2026-08-31T09:15:48.506491Z
ChIJv0Ui2D8VrjsRxm-QooMKPQA,Shahi Chicken Biryani Shariff Restaurant,places,en,144,12.9255622,77.6057834,12.924498499999999,77.6054223,0,blr2,Bengaluru,2026-08-31T09:15:48.506494Z
ChIJjW8eNQAVrjsRQN31J90M_ac,Indian chicken center,places,en,144,12.9255622,77.6057834,12.925724299999999,77.6045968,0,blr2,Bengaluru,2026-08-31T09:15:48.506498Z
ChIJqyK3ySwVrjsRL7CAyZIQPcU,Bihari Tiffin Service (BTS),places,en,144,12.9255622,77.6057834,12.9244712,77.6063018,0,blr2,Bengaluru,2026-08-31T09:15:48.506502Z
ChIJWyXpIwAVrjsRjgpIRgnJjGk,Shawarma Nazmul,places,en,144,12.9255622,77.6057834,12.92553,77.60445600000001,0,blr2,Bengaluru,2026-08-31T09:15:48.506505Z
ChIJBaWzIh4VrjsRlZ1cyvMGKxo,Epic Eats Multiverse,places,en,144,12.9255622,77.6057834,12.926845,77.60548779999999,0,blr2,Bengaluru,2026-08-31T09:15:48.506509Z
ChIJ86IxrKsVrjsR85PlXCz9mMI,Ikhlas Chicken Center,places,en,144,12.9255622,77.6057834,12.925590999999999,77.604413,0,blr2,Bengaluru,2026-08-31T09:15:48.506512Z
ChIJkXoJRQAVrjsRlRlho4Q6C94,Shreya tiffin center,places,en,144,12.9255622,77.6057834,12.924311900000001,77.6051643,0,blr2,Bengaluru,2026-08-31T09:15:48.506516Z
ChIJHw-9oVcVrjsRl0lJRHa7Dnk,Tadkawala,places,en,144,12.9255622,77.6057834,12.924852,77.6070843,0,blr2,Bengaluru,2026-08-31T09:15:48.506520Z
ChIJh8aBYOsVrjsRjimZ9qxoj0I,Madeena Darbar,places,en,144,12.9255622,77.6057834,12.9249305,77.6071476,0,blr2,Bengaluru,2026-08-31T09:15:48.506523Z
ChIJuaVAOq8VrjsRAyagS_z_zMo,Sri Manjunatha tiffin centre,places,en,144,12.9255622,77.6057834,12.9249551,77.607291,0,blr2,Bengaluru,2026-08-31T09:15:48.506526Z
ChIJocUicwATrjsRecfs2UdCJzM,Domino's Pizza,places,en,145,12.9487321,77.70427054999999,12.9486691,77.7040907,0,blr2,Bengaluru,2026-08-31T09:15:48.974647Z
ChIJDbz-HAATrjsRJ6ArgeN4NcY,Galaxy Kitchen,places,en,145,12.9487321,77.70427054999999,12.9484587,77.70420570000002,0,blr2,Bengaluru,2026-08-31T09:15:48.974669Z
ChIJEfnZt9QTrjsRl-UKwpy0N1Q,Maa Mangala Odia Restaurant,places,en,145,12.9487321,77.70427054999999,12.9483692,77.7043882,0,blr2,Bengaluru,2026-08-31T09:15:48.974675Z
ChIJN57pFEoSrjsRmZtsuoBZ2Xk,Ande Ka Funda,places,en,145,12.9487321,77.70427054999999,12.9486288,77.7038809,0,blr2,Bengaluru,2026-08-31T09:15:48.974678Z
ChIJdXMjEr8TrjsR8CR4OdY4s9c,Juicy and Snacks,places,en,145,12.9487321,77.70427054999999,12.9486292,77.70387459999999,0,blr2,Bengaluru,2026-08-31T09:15:48.974682Z
ChIJTZR5Eo4TrjsRp5HNFfemzvo,Chandana tiffin centre,places,en,145,12.9487321,77.70427054999999,12.948744,77.704711,0,blr2,Bengaluru,2026-08-31T09:15:48.974686Z
ChIJXZBWNAATrjsR_gk-1dVkKbM,Jagannath Bhojnalaya,places,en,145,12.9487321,77.70427054999999,12.9483634,77.704087,0,blr2,Bengaluru,2026-08-31T09:15:48.974689Z
ChIJFR9XPAATrjsRKZDec59OP_0,Atithii deva bhava restaurant,places,en,145,12.9487321,77.70427054999999,12.9487697,77.703794,0,blr2,Bengaluru,2026-08-31T09:15:48.974692Z
ChIJz5kiEAATrjsRuDj8uLXjuyg,Basaveshwara Khanavali,places,en,145,12.9487321,77.70427054999999,12.948765,77.70379199999999,0,blr2,Bengaluru,2026-08-31T09:15:48.974696Z
ChIJY8LFJacTrjsRaCfKvHFf1V0,B-tech Biryani,places,en,145,12.9487321,77.70427054999999,12.9489936,77.703851,0,blr2,Bengaluru,2026-08-31T09:15:48.974699Z
ChIJzScYYFsTrjsRDzLSorYeeh0,Ama Odisha Kitchen,places,en,145,12.9487321,77.70427054999999,12.9489696,77.703833,0,blr2,Bengaluru,2026-08-31T09:15:48.974703Z
ChIJ-8O9cLUTrjsRiIFG4aU2SO0,Bachelor’s kitchen,places,en,145,12.9487321,77.70427054999999,12.9488199,77.7037647,0,blr2,Bengaluru,2026-08-31T09:15:48.974706Z
ChIJMxZOUgATrjsRXHPMzt68YSE,Bloom bite cafe,places,en,145,12.9487321,77.70427054999999,12.948237800000001,77.7042355,0,blr2,Bengaluru,2026-08-31T09:15:48.974710Z
ChIJm2iChU8TrjsR6PX9ULDmoyY,Shivansh Pizza & Brew,places,en,145,12.9487321,77.70427054999999,12.9486902,77.7037349,0,blr2,Bengaluru,2026-08-31T09:15:48.974713Z
ChIJ34-sFEoSrjsRiydZ1iOpTHY,Sri Chamundeswari Hot Chips,places,en,145,12.9487321,77.70427054999999,12.9486861,77.70373359999999,0,blr2,Bengaluru,2026-08-31T09:15:48.974719Z
ChIJKdA7W6MTrjsRCPnM30HAqB0,Meat and Matka(A Cuisine Of Odisha),places,en,145,12.9487321,77.70427054999999,12.9490511,77.7038097,0,blr2,Bengaluru,2026-08-31T09:15:48.974723Z
ChIJiaCVaQATrjsRzTgoX8cLT-Q,Royal Ronald Foods,places,en,145,12.9487321,77.70427054999999,12.9482045,77.7042196,0,blr2,Bengaluru,2026-08-31T09:15:48.974726Z
ChIJD_bAnBETrjsRzXJv4lgwyZM,The Tasty Tales,places,en,145,12.9487321,77.70427054999999,12.9483541,77.704663,0,blr2,Bengaluru,2026-08-31T09:15:48.974730Z
ChIJoeFVPUoSrjsRowoBSOegXQg,Food Zone,places,en,145,12.9487321,77.70427054999999,12.948334,77.7046862,0,blr2,Bengaluru,2026-08-31T09:15:48.974733Z
ChIJU4PwUgATrjsR7C7_WzuGGSg,Taste of Kalinga Junction,places,en,145,12.9487321,77.70427054999999,12.9483722,77.7047349,0,blr2,Bengaluru,2026-08-31T09:15:48.974737Z
ChIJZ7V4DNI9rjsRmiADHB_9VkQ,King's Pizzeria,places,en,146,13.0406073,77.4791248,13.0426483,77.4791352,0,blr2,Bengaluru,2026-08-31T09:15:49.362386Z
ChIJDbRZz3cZrjsRw02Lli4KmM8,Harry Da Dhabha,places,en,147,13.06340245,77.62532615,13.0636774,77.6253709,0,blr2,Bengaluru,2026-08-31T09:15:49.723738Z
ChIJcTZ5ufYZrjsRuVn56ms1wLI,Aditi's Kitchen(Cloud Kitchen),places,en,147,13.06340245,77.62532615,13.063080000000001,77.6255106,0,blr2,Bengaluru,2026-08-31T09:15:49.723761Z
ChIJ4dZs-GQZrjsR8Z28oXxV820,Felix Inn Boutique Hotel - Manyata Tech Park,places,en,147,13.06340245,77.62532615,13.0630191,77.6244761,0,blr2,Bengaluru,2026-08-31T09:15:49.723767Z
ChIJcc0Z0oMZrjsRJu80LDVdgGY,Paaka Savi Ruchi,places,en,147,13.06340245,77.62532615,13.063010499999999,77.6244725,0,blr2,Bengaluru,2026-08-31T09:15:49.723771Z
ChIJaXq2ovwZrjsRDKTNhzmaO2w,Dhatri Cafe,places,en,147,13.06340245,77.62532615,13.0619871,77.6243538,0,blr2,Bengaluru,2026-08-31T09:15:49.723775Z
ChIJt48p1PAZrjsRsQ6EAQChnjk,Felix Inn - Manyata Tech Park,places,en,147,13.06340245,77.62532615,13.0619278,77.6243367,0,blr2,Bengaluru,2026-08-31T09:15:49.723779Z
ChIJXbFg4QAXrjsRY_-X_PcgPgA,Kings Rooftop Restaurant,places,en,147,13.06340245,77.62532615,13.061511999999999,77.6240748,0,blr2,Bengaluru,2026-08-31T09:15:49.723783Z
ChIJHTHfKYAZrjsRBsUa0vZH0_I,Priyanka’s NutriBliss,places,en,147,13.06340245,77.62532615,13.0628152,77.6275702,0,blr2,Bengaluru,2026-08-31T09:15:49.723786Z
ChIJRYG5ZgAZrjsRox_lC3iBw8U,Hot & Spicy Momos,places,en,147,13.06340245,77.62532615,13.0614636,77.6240053,0,blr2,Bengaluru,2026-08-31T09:15:49.723790Z
ChIJr85TDQAZrjsROUIMs7U3r48,Shuddhi cafe,places,en,147,13.06340245,77.62532615,13.0615133,77.6238473,0,blr2,Bengaluru,2026-08-31T09:15:49.723793Z
ChIJ15ol1UoZrjsR0wEWDCFERvY,Sri siddeshwara ruchi,places,en,147,13.06340245,77.62532615,13.061382,77.62390839999999,0,blr2,Bengaluru,2026-08-31T09:15:49.723796Z
ChIJV74sEAAZrjsR8RY_2XqgXo8,Manglore fish point,places,en,147,13.06340245,77.62532615,13.061095499999999,77.6241984,0,blr2,Bengaluru,2026-08-31T09:15:49.723800Z
ChIJpeLr6f0ZrjsRedczGnm3AaY,Tangelo Restaurant Manyata,places,en,147,13.06340245,77.62532615,13.0619842,77.62763369999999,0,blr2,Bengaluru,2026-08-31T09:15:49.723803Z
ChIJ4QCy_pETrjsRvHdXt3-lN7M,BiteBox,places,en,148,12.96945435,77.6998205,12.969405,77.7003167,0,blr2,Bengaluru,2026-08-31T09:15:50.056147Z
ChIJf8S5zUARrjsR1G_kfrvmR8w,Anthara - The French American Bakery Cafe & Kitchen,places,en,148,12.96945435,77.6998205,12.9696996,77.7004858,0,blr2,Bengaluru,2026-08-31T09:15:50.056173Z
ChIJW1OXFhoTrjsR-MTGsMp5o1Q,Chai Point - Karthik Nagar,places,en,148,12.96945435,77.6998205,12.9702063,77.7000908,0,blr2,Bengaluru,2026-08-31T09:15:50.056179Z
ChIJVy3htuoTrjsRgfJt-VcwwJI,The Higher Taste,places,en,148,12.96945435,77.6998205,12.9697664,77.7009573,0,blr2,Bengaluru,2026-08-31T09:15:50.056183Z
ChIJscU_GCsSrjsRHfTtp4ZeiA0,Cafe Coffee day,places,en,148,12.96945435,77.6998205,12.968948699999999,77.7009083,0,blr2,Bengaluru,2026-08-31T09:15:50.056187Z
ChIJU_9gIgATrjsRNbSNI2fnY28,Manhattan Cafe,places,en,148,12.96945435,77.6998205,12.9710022,77.6995625,0,blr2,Bengaluru,2026-08-31T09:15:50.056234Z
ChIJTc_NLXcTrjsRMGpIvf-9aas,Foodoo Bites,places,en,148,12.96945435,77.6998205,12.971478099999999,77.69915979999999,0,blr2,Bengaluru,2026-08-31T09:15:50.056242Z
ChIJ400aLwATrjsREPsFzpYAfkU,Nasi Biriyani - food truck,places,en,148,12.96945435,77.6998205,12.9675738,77.7017116,0,blr2,Bengaluru,2026-08-31T09:15:50.056250Z
ChIJseDs9fsRrjsRhp6VPiACbqE,Food Crafts,places,en,149,13.027613800000001,77.72076179999999,13.0280205,77.7203201,0,blr2,Bengaluru,2026-08-31T09:15:50.493308Z
ChIJzYb0oNkRrjsRpoNCpC4F0NY,Hotel Adithya,places,en,149,13.027613800000001,77.72076179999999,13.026971,77.720323,0,blr2,Bengaluru,2026-08-31T09:15:50.493335Z
ChIJiaCPn44RrjsRxVf_hTHe-io,Maruthi Restobar,places,en,149,13.027613800000001,77.72076179999999,13.026733199999999,77.7210415,0,blr2,Bengaluru,2026-08-31T09:15:50.493341Z
ChIJuUsheAARrjsRYR3q9CpZ9aY,Ujwal Upahara,places,en,149,13.027613800000001,77.72076179999999,13.0266931,77.7207062,0,blr2,Bengaluru,2026-08-31T09:15:50.493345Z
ChIJtRKhYQARrjsRvap7g6Qwf2o,Hotel Lavanya,places,en,149,13.027613800000001,77.72076179999999,13.0277762,77.71962839999999,0,blr2,Bengaluru,2026-08-31T09:15:50.493348Z
ChIJu5XeXkgQrjsR04fBwCQrh5s,Haardik Kabab & Biriyani House,places,en,149,13.027613800000001,77.72076179999999,13.028027199999999,77.719651,0,blr2,Bengaluru,2026-08-31T09:15:50.493352Z
ChIJtbJHVgARrjsRl2S29mlBKrg,A.S.S Chicken & Mutton Centre,places,en,149,13.027613800000001,77.72076179999999,13.0280398,77.71962839999999,0,blr2,Bengaluru,2026-08-31T09:15:50.493355Z
ChIJvZ65X0gQrjsRtHGDeRZEggE,ನ್ಯೂ ಬಾಂಬ್ ಮಸಾಲ ಪೂರಿ ಸೆಂಟರ್,places,en,149,13.027613800000001,77.72076179999999,13.0281988,77.7195785,0,blr2,Bengaluru,2026-08-31T09:15:50.493360Z
ChIJkWX8WQARrjsREPFxBXCEPy8,A-1 Wedding Biryani,places,en,149,13.027613800000001,77.72076179999999,13.0262073,77.7210375,0,blr2,Bengaluru,2026-08-31T09:15:50.493363Z
ChIJ2Sq99UgQrjsROuQ5J2hJghE,Sri Krishna Hotel,places,en,149,13.027613800000001,77.72076179999999,13.028096399999999,77.7193558,0,blr2,Bengaluru,2026-08-31T09:15:50.493366Z
ChIJU6CWdAARrjsR9kC1soQ2G5w,SSV Halli Veg Center,places,en,149,13.027613800000001,77.72076179999999,13.0261423,77.7205494,0,blr2,Bengaluru,2026-08-31T09:15:50.493370Z
ChIJt-myKgARrjsRpAkQgR8O0b4,Hotel Afreen,places,en,149,13.027613800000001,77.72076179999999,13.026257,77.71995629999999,0,blr2,Bengaluru,2026-08-31T09:15:50.493373Z
ChIJWy3Q9EgQrjsRSREOYvZCzJE,SRI BEERESHWARA RICE CORNER,places,en,149,13.027613800000001,77.72076179999999,13.0282282,77.71918649999999,0,blr2,Bengaluru,2026-08-31T09:15:50.493377Z
ChIJo3MQCgARrjsRxKvgd-Bn86o,Hotel Vishnu sagar Veg,places,en,149,13.027613800000001,77.72076179999999,13.025615100000001,77.7209139,0,blr2,Bengaluru,2026-08-31T09:15:50.493380Z
ChIJj6Gz7EkQrjsRh4aC0H4K27A,A1 chicken biryani center,places,en,149,13.027613800000001,77.72076179999999,13.0251364,77.7208555,0,blr2,Bengaluru,2026-08-31T09:15:50.493384Z
ChIJ02eooAYRrjsR7HO1V4RFHp0,Thalipattu,places,en,149,13.027613800000001,77.72076179999999,13.029036800000002,77.7185368,0,blr2,Bengaluru,2026-08-31T09:15:50.493387Z
ChIJqx3qAkFrrjsRlCW0scBfgLg,Dream Biryani,places,en,150,12.84704125,77.631806,12.8468676,77.6317354,0,blr2,Bengaluru,2026-08-31T09:15:51.040149Z
ChIJ5xX5rZ1rrjsRGS3biP6tUhA,Achayans Pride,places,en,150,12.84704125,77.631806,12.8477321,77.63150639999999,0,blr2,Bengaluru,2026-08-31T09:15:51.040176Z
ChIJiVLRiWltrjsRnDPNcI6LDts,Raju kennel All type of puppy available,places,en,150,12.84704125,77.631806,12.846853699999999,77.6328704,0,blr2,Bengaluru,2026-08-31T09:15:51.040183Z
ChIJdY82d-JrrjsRYllDDJPzSWk,Vijayas Kitchen,places,en,150,12.84704125,77.631806,12.8453147,77.6304293,0,blr2,Bengaluru,2026-08-31T09:15:51.040188Z
ChIJNyc9AkhrrjsR1mOWILPBf7k,DIMPU CAFE,places,en,150,12.84704125,77.631806,12.845386300000001,77.6301807,0,blr2,Bengaluru,2026-08-31T09:15:51.040192Z
ChIJPT-Ko3VrrjsRQOOyFJzYt94,Chutney & Sambar Tiffin Centre,places,en,150,12.84704125,77.631806,12.8457566,77.62962209999999,0,blr2,Bengaluru,2026-08-31T09:15:51.040196Z
ChIJKVXDuhJrrjsRpvVc7EO30Ws,Jaashivi Fast Food,places,en,150,12.84704125,77.631806,12.8453947,77.6298517,0,blr2,Bengaluru,2026-08-31T09:15:51.040200Z
ChIJSb_0xrVrrjsRWwRWtwPzSgI,The Madras Kitchen,places,en,151,12.8388268,77.63432385,12.8375702,77.6344885,0,blr2,Bengaluru,2026-08-31T09:15:51.460239Z
ChIJQ3iJEVBrrjsRt3y5d-sr9sk,Arena100 Fast Food,places,en,151,12.8388268,77.63432385,12.838279499999999,77.6326416,0,blr2,Bengaluru,2026-08-31T09:15:51.460269Z
ChIJi0k1UQAXrjsRTcwWlv1-26M,Taamnem - Northeast indian food,places,en,152,13.054113300000001,77.6443129,13.0543677,77.6451264,0,blr2,Bengaluru,2026-08-31T09:15:51.793935Z
ChIJMUrsubkXrjsRa8bj36o7RFo,RDS KITCHEN,places,en,152,13.054113300000001,77.6443129,13.0531961,77.6445818,0,blr2,Bengaluru,2026-08-31T09:15:51.793961Z
ChIJmaW6EQAXrjsRcl8hIwV3Dpo,Virundhu Mane-Flavors of Madurai,places,en,152,13.054113300000001,77.6443129,13.054640299999999,77.64517219999999,0,blr2,Bengaluru,2026-08-31T09:15:51.793966Z
ChIJJZuejfUXrjsRPp3gVPqZO0c,Birinj by Theo Cafe,places,en,152,13.054113300000001,77.6443129,13.054381399999999,77.64532950000002,0,blr2,Bengaluru,2026-08-31T09:15:51.793970Z
ChIJfRhhb0QXrjsR_rqaS5X7YF4,CRISPITO,places,en,152,13.054113300000001,77.6443129,13.0546881,77.6451963,0,blr2,Bengaluru,2026-08-31T09:15:51.793974Z
ChIJZcjo6oAXrjsRXN_W7Txahs4,DEV BHUMI BHOJANALAYA 1,places,en,152,13.054113300000001,77.6443129,13.0544239,77.6453447,0,blr2,Bengaluru,2026-08-31T09:15:51.793977Z
ChIJoam-CwYXrjsRcz1NCUvKYAE,My Little China,places,en,152,13.054113300000001,77.6443129,13.0544849,77.6453356,0,blr2,Bengaluru,2026-08-31T09:15:51.793981Z
ChIJMUlZaPoXrjsRHcWeb54E3SY,Delhi Eats,places,en,152,13.054113300000001,77.6443129,13.054790899999999,77.6451771,0,blr2,Bengaluru,2026-08-31T09:15:51.793985Z
ChIJ2bTmEtQXrjsRoIYA8-df8Ck,Wok n Flame restaurant,places,en,152,13.054113300000001,77.6443129,13.053598099999999,77.6454387,0,blr2,Bengaluru,2026-08-31T09:15:51.793988Z
ChIJS6TO9LkXrjsRsUfPJEdPoF0,S.R.S Food Corner (Hotel),places,en,152,13.054113300000001,77.6443129,13.0554043,77.6442277,0,blr2,Bengaluru,2026-08-31T09:15:51.793992Z
ChIJD8ooJswXrjsRk0ho1V2mLVM,Prakriti Green Garden,places,en,152,13.054113300000001,77.6443129,13.053371799999999,77.64548429999999,0,blr2,Bengaluru,2026-08-31T09:15:51.793995Z
ChIJc8tOzYMXrjsRYULO0p620T0,NÜTY - K. Narayanapuram,places,en,152,13.054113300000001,77.6443129,13.055437699999999,77.6443941,0,blr2,Bengaluru,2026-08-31T09:15:51.793999Z
ChIJ--y-DAAXrjsRDJ_NXHZiob4,Shammah's,places,en,152,13.054113300000001,77.6443129,13.055083999999999,77.6453141,0,blr2,Bengaluru,2026-08-31T09:15:51.794002Z
ChIJzZuSzAUXrjsR7DDJPNwOpqk,The Bamboo Shoot Kitchen,places,en,152,13.054113300000001,77.6443129,13.0550815,77.6453296,0,blr2,Bengaluru,2026-08-31T09:15:51.794006Z
ChIJN0QIdHEXrjsRhEoaqc6xVrA,Chinese Corner,places,en,152,13.054113300000001,77.6443129,13.0549477,77.6431175,0,blr2,Bengaluru,2026-08-31T09:15:51.794009Z
ChIJ510fKngRrjsRZiZbKuwQXX4,Bite Nation,places,en,152,13.054113300000001,77.6443129,13.0547004,77.6428458,0,blr2,Bengaluru,2026-08-31T09:15:51.794012Z
ChIJHclITdEXrjsREL9rl9CZRlw,Y93G Flavours & Fusion,places,en,152,13.054113300000001,77.6443129,13.055654899999999,77.6446959,0,blr2,Bengaluru,2026-08-31T09:15:51.794016Z
ChIJU1QXHwAXrjsRhXx7snlS6sc,The Smoke Meister,places,en,152,13.054113300000001,77.6443129,13.055087,77.64297049999999,0,blr2,Bengaluru,2026-08-31T09:15:51.794019Z
ChIJ2Tq_DQAXrjsRvzMHcOSzIFo,SVASTI BIRIYANI,places,en,152,13.054113300000001,77.6443129,13.0532647,77.6458656,0,blr2,Bengaluru,2026-08-31T09:15:51.794023Z
ChIJvXRIgTsXrjsRu7aEndLbseo,Dipti Store Mom's,places,en,152,13.054113300000001,77.6443129,13.055784899999999,77.6447066,0,blr2,Bengaluru,2026-08-31T09:15:51.794026Z
ChIJIWGxNVlHrjsRck48gd94l9U,A1 CHICKEN CENTER,places,en,153,12.86880715,77.4552988,12.8674042,77.4541551,0,blr2,Bengaluru,2026-08-31T09:15:52.176702Z
ChIJ--woNQA7rjsRhE1M1qxg_zo,SRS Gobi Center,places,en,154,13.06623515,77.4903963,13.0676398,77.4904925,0,blr2,Bengaluru,2026-08-31T09:15:52.597503Z
ChIJw0VAr9kjrjsREcpDDH3T4xs,Nandini chicken,places,en,154,13.06623515,77.4903963,13.0673891,77.49125769999999,0,blr2,Bengaluru,2026-08-31T09:15:52.597526Z
ChIJj86ZikYjrjsRiouVmsa2J3c,Drishika Food Junction,places,en,154,13.06623515,77.4903963,13.0666654,77.4887363,0,blr2,Bengaluru,2026-08-31T09:15:52.597531Z
ChIJhyQmDH4jrjsRgdsDFs3xmIU,Hotel Mane Thindi,places,en,154,13.06623515,77.4903963,13.065586,77.49228819999999,0,blr2,Bengaluru,2026-08-31T09:15:52.597535Z
ChIJtSUdYQAjrjsRji-JpjPa504,Sameer kabab store,places,en,154,13.06623515,77.4903963,13.065543199999999,77.4924578,0,blr2,Bengaluru,2026-08-31T09:15:52.597538Z
ChIJ87gQw0YjrjsRFmt5Et0NSXk,H.K.B.N chicken Centre,places,en,154,13.06623515,77.4903963,13.0683259,77.489451,0,blr2,Bengaluru,2026-08-31T09:15:52.597542Z
ChIJvdakbT4jrjsRVDZEeJUHg_Y,Samarambha Flavours,places,en,154,13.06623515,77.4903963,13.0648495,77.49264509999999,0,blr2,Bengaluru,2026-08-31T09:15:52.597545Z
ChIJs9SCAgBzrjsRtvgywI7YScw,ಅನ್ನಪೂರ್ಣೇಶ್ವರಿ ಹೋಟೆಲ್ ಮಹಲ್ ಚೌಡದೇನಹಳ್ಳಿ,places,en,155,12.870026,77.81008085,12.872320199999999,77.8090347,0,blr2,Bengaluru,2026-08-31T09:15:53.034794Z
ChIJayKxEDERrjsRRSN_qUd2XdU,Tasty Haven,places,en,156,13.02680045,77.70975035000001,13.0281944,77.7104676,0,blr2,Bengaluru,2026-08-31T09:15:53.388378Z
ChIJK1czWZMRrjsRuyCQ5Syi4GE,Lakshmi Gas agency and chicken center,places,en,156,13.02680045,77.70975035000001,13.0263415,77.7080926,0,blr2,Bengaluru,2026-08-31T09:15:53.388406Z
ChIJ9YaxGgARrjsRkhxmJ7oU4ms,CURRIES&PICKLES,places,en,156,13.02680045,77.70975035000001,13.0272349,77.7080052,0,blr2,Bengaluru,2026-08-31T09:15:53.388417Z
ChIJ3ZW-4U8QrjsRAAAA0CHoICE,Srivari Tiffens Center,places,en,156,13.02680045,77.70975035000001,13.0280702,77.71104369999999,0,blr2,Bengaluru,2026-08-31T09:15:53.388422Z
ChIJyyxRLAARrjsRmRoTr0FKTf0,ILAPOTHI kitchen,places,en,156,13.02680045,77.70975035000001,13.027260900000002,77.7078328,0,blr2,Bengaluru,2026-08-31T09:15:53.388426Z
ChIJGR7t7SoRrjsRl_9F6SLR8dU,MITRA'S DELICACY,places,en,156,13.02680045,77.70975035000001,13.0279945,77.7081393,0,blr2,Bengaluru,2026-08-31T09:15:53.388431Z
ChIJxd32UAARrjsRRR1hZ8KnFwc,Kithaganur Main Road,places,en,156,13.02680045,77.70975035000001,13.027197399999999,77.7077548,0,blr2,Bengaluru,2026-08-31T09:15:53.388435Z
ChIJm4qDVQARrjsR0SbCmXAgUrM,Hoskote,places,en,156,13.02680045,77.70975035000001,13.0274516,77.7077936,0,blr2,Bengaluru,2026-08-31T09:15:53.388440Z
ChIJGTnOT_QRrjsRlec6NMO4ggE,Hotel Thindi Mane,places,en,156,13.02680045,77.70975035000001,13.0280223,77.7080818,0,blr2,Bengaluru,2026-08-31T09:15:53.388445Z
ChIJKerbWZgRrjsRsuOy_tUKDSk,Aradhya food point,places,en,156,13.02680045,77.70975035000001,13.0282935,77.711176,0,blr2,Bengaluru,2026-08-31T09:15:53.388449Z
ChIJbYwHYlAQrjsRlxjnCVJdRCU,SHIVARI TIFFIN'S & MEALS,places,en,156,13.02680045,77.70975035000001,13.028191099999999,77.7079656,0,blr2,Bengaluru,2026-08-31T09:15:53.388453Z
ChIJmQPYgm8RrjsRfZqXEzN5_b8,JR Donne Biryani,places,en,156,13.02680045,77.70975035000001,13.028190299999999,77.7079278,0,blr2,Bengaluru,2026-08-31T09:15:53.388457Z
ChIJd1asWBMRrjsRhx1-L-X5lqI,Kolkata Famous Katiroll,places,en,156,13.02680045,77.70975035000001,13.0289574,77.70909929999999,0,blr2,Bengaluru,2026-08-31T09:15:53.388461Z
ChIJTadmTmQRrjsRV4mxjai__XM,"Domino's Pizza | Kithaganoor, Bengaluru",places,en,156,13.02680045,77.70975035000001,13.028404,77.70797499999999,0,blr2,Bengaluru,2026-08-31T09:15:53.388465Z
ChIJN5ftSQARrjsRQiAr3I1vNlU,Shree Udupi Bhavan,places,en,156,13.02680045,77.70975035000001,13.0285732,77.7079936,0,blr2,Bengaluru,2026-08-31T09:15:53.388470Z
ChIJSxb0bMcRrjsRO36iK2cjnm4,MealWala Caterer,places,en,156,13.02680045,77.70975035000001,13.0268666,77.7123491,0,blr2,Bengaluru,2026-08-31T09:15:53.388475Z
ChIJyWoGbPE9rjsR4K4f7u68BXA,Gowdru mane oota,places,en,157,13.012925450000001,77.48415750000001,13.013225,77.4831627,0,blr2,Bengaluru,2026-08-31T09:15:53.747651Z
ChIJN-6_yYg8rjsRAb_-DE1wM14,Sri Balaji Chicken Center,places,en,157,13.012925450000001,77.48415750000001,13.0122331,77.4831413,0,blr2,Bengaluru,2026-08-31T09:15:53.747681Z
ChIJ09ZZsYw8rjsRWHJ80jBXr9k,Ambur Hot Dum Briyani,places,en,157,13.012925450000001,77.48415750000001,13.0121805,77.4831322,0,blr2,Bengaluru,2026-08-31T09:15:53.747687Z
ChIJ3ReFO7Y9rjsRmdgOMWyJFl4,A J B J Fruits And Vegetables,places,en,157,13.012925450000001,77.48415750000001,13.011986499999999,77.48297819999999,0,blr2,Bengaluru,2026-08-31T09:15:53.747692Z
ChIJK8n-ECI9rjsReZgrb_w5Lgw,Five Star Chicken,places,en,157,13.012925450000001,77.48415750000001,13.0115394,77.4855252,0,blr2,Bengaluru,2026-08-31T09:15:53.747697Z
ChIJzXXFWe89rjsRGICvcBfcheg,Coconut Stall,places,en,157,13.012925450000001,77.48415750000001,13.010483299999999,77.482968,0,blr2,Bengaluru,2026-08-31T09:15:53.747701Z
ChIJGVNtXMRrrjsRWeGXUT3ALwE,Pindi Paratha and Chole,places,en,158,12.87675765,77.6389872,12.8768105,77.6393267,0,blr2,Bengaluru,2026-08-31T09:15:54.203914Z
ChIJ53IjD0JrrjsRAYqrYoEyQTs,"NANDANAM RESTAURANT ,The Nostalgic Taste of Kerala",places,en,158,12.87675765,77.6389872,12.876919899999999,77.63938639999999,0,blr2,Bengaluru,2026-08-31T09:15:54.203950Z
ChIJ-2a1sz9rrjsRcTvq6nOYsvQ,Foodee,places,en,158,12.87675765,77.6389872,12.8771111,77.63925119999999,0,blr2,Bengaluru,2026-08-31T09:15:54.203958Z
ChIJV9ByDkdrrjsRXMWoSm3JI3A,Uncle Peter's Pancakes,places,en,158,12.87675765,77.6389872,12.876693999999999,77.63947499999999,0,blr2,Bengaluru,2026-08-31T09:15:54.203963Z
ChIJ6SdrIQBrrjsRHG0tbKbIV_o,KFC,places,en,158,12.87675765,77.6389872,12.876522,77.6395021,0,blr2,Bengaluru,2026-08-31T09:15:54.203968Z
ChIJUa-lbgBrrjsRtxAECtdsWac,Malnad Kitchen,places,en,158,12.87675765,77.6389872,12.877330299999999,77.638734,0,blr2,Bengaluru,2026-08-31T09:15:54.203972Z
ChIJi9iCRatrrjsR5JWsDYUCSOA,PRASANNA SHETTY,places,en,158,12.87675765,77.6389872,12.8774506,77.63886939999999,0,blr2,Bengaluru,2026-08-31T09:15:54.203976Z
ChIJh6wtB01rrjsR9YuIt1JS9BM,Mubarak Hotel,places,en,158,12.87675765,77.6389872,12.8762859,77.6396645,0,blr2,Bengaluru,2026-08-31T09:15:54.203995Z
ChIJOev3oR5rrjsRfvxTbAOXj9w,Dwaraka Bhavan,places,en,158,12.87675765,77.6389872,12.8775566,77.6388716,0,blr2,Bengaluru,2026-08-31T09:15:54.204013Z
ChIJqeYVWQBrrjsRbq8DqpaUMzw,Sumangala paddu centre (ಸುಮಂಗಲ ಪಡ್ಡು ಸೆಂಟರ್),places,en,158,12.87675765,77.6389872,12.8775806,77.6388278,0,blr2,Bengaluru,2026-08-31T09:15:54.204020Z
ChIJJTDJRQBrrjsRJbDEX7EBztc,Uniq Biriyani’Z,places,en,158,12.87675765,77.6389872,12.877640999999999,77.63893879999999,0,blr2,Bengaluru,2026-08-31T09:15:54.204024Z
ChIJ_efLKABrrjsRK0FuoDI5duU,Subway Manipal County Bangalore,places,en,158,12.87675765,77.6389872,12.8777392,77.6387142,0,blr2,Bengaluru,2026-08-31T09:15:54.204029Z
ChIJTxP41x5rrjsR99T5NqtyrVg,The Belgian Waffle Co,places,en,158,12.87675765,77.6389872,12.877857700000002,77.6386953,0,blr2,Bengaluru,2026-08-31T09:15:54.204034Z
ChIJv8P44h5rrjsRL_OZPG_j6jU,Mayur Masala Puri And Chats,places,en,158,12.87675765,77.6389872,12.8778872,77.638679,0,blr2,Bengaluru,2026-08-31T09:15:54.204038Z
ChIJHb97VwBrrjsRpbXCH4-CUac,The edge dining,places,en,158,12.87675765,77.6389872,12.8779085,77.63831259999999,0,blr2,Bengaluru,2026-08-31T09:15:54.204042Z
ChIJ92GfwzxrrjsRLEKVh4I9oHc,"Domino's Pizza | Singasandra, Bangalore",places,en,158,12.87675765,77.6389872,12.8779346,77.6382526,0,blr2,Bengaluru,2026-08-31T09:15:54.204047Z
ChIJ_ymjPIdrrjsRF3pbVTm1ndA,Appu Gobi corner,places,en,158,12.87675765,77.6389872,12.878217,77.6383487,0,blr2,Bengaluru,2026-08-31T09:15:54.204051Z
ChIJTy48IQBrrjsRm-Demetw2lY,99 Variety Dosa,places,en,158,12.87675765,77.6389872,12.8782376,77.6381731,0,blr2,Bengaluru,2026-08-31T09:15:54.204157Z
ChIJ9fc6IuFrrjsRwKIRUD_EqwI,Royal County Restaurant,places,en,158,12.87675765,77.6389872,12.874985599999999,77.6399084,0,blr2,Bengaluru,2026-08-31T09:15:54.204170Z
ChIJY_lFKwBrrjsRByyftd-L-2g,Sri Bhagya Palace,places,en,158,12.87675765,77.6389872,12.87862,77.6382019,0,blr2,Bengaluru,2026-08-31T09:15:54.204174Z
ChIJbyVzKzYjrjsRUQgbcuhFE6U,Hesarghatta Mushroom Hotel,places,en,161,13.105392250000001,77.48098519999999,13.1055452,77.4797365,0,blr2,Bengaluru,2026-08-31T09:15:55.371309Z
ChIJjyvQymAjrjsRyxJWXoimtC4,Sri Bhramalingeshwara Tiffin Center,places,en,161,13.105392250000001,77.48098519999999,13.106169999999999,77.479919,0,blr2,Bengaluru,2026-08-31T09:15:55.371338Z
ChIJ2_vooeUjrjsR91HFs4F-Ibg,Sri Guru Raghavendra Fruits Vegetable,places,en,161,13.105392250000001,77.48098519999999,13.1064061,77.4799742,0,blr2,Bengaluru,2026-08-31T09:15:55.371344Z
ChIJuU1DpmYRrjsRHW3hfRlSGUc,Snacksmiths,places,en,163,13.0415949,77.7090151,13.041993399999999,77.7105163,0,blr2,Bengaluru,2026-08-31T09:15:56.177693Z
ChIJOQ9q8DYRrjsRyIt1rK7uBaQ,Jades kitchen,places,en,163,13.0415949,77.7090151,13.0399158,77.7080153,0,blr2,Bengaluru,2026-08-31T09:15:56.177727Z
ChIJ-aW6WgARrjsR1yzkf7nsjIc,Baiyappanahalli,places,en,163,13.0415949,77.7090151,13.041470799999999,77.7111489,0,blr2,Bengaluru,2026-08-31T09:15:56.177734Z
ChIJt8vwt6ARrjsRkIY7xIz1iro,Sri Yakshi Bramhalingeshwara Juice & Condiments,places,en,163,13.0415949,77.7090151,13.0418972,77.7111765,0,blr2,Bengaluru,2026-08-31T09:15:56.177739Z
ChIJMQ2JstoRrjsRG_BO5YII5Po,Srikanteshwara Tiffan Center,places,en,163,13.0415949,77.7090151,13.042175300000002,77.71118179999999,0,blr2,Bengaluru,2026-08-31T09:15:56.177744Z
ChIJSayeHgARrjsR5PG5BklEXpE,Kumar chicken shop 🐔🐔🐔,places,en,163,13.0415949,77.7090151,13.042775899999999,77.71121749999999,0,blr2,Bengaluru,2026-08-31T09:15:56.177749Z
ChIJy6mRBAARrjsRqji5mGe4-Us,Hotel Savi Ruchi,places,en,163,13.0415949,77.7090151,13.0429289,77.7111784,0,blr2,Bengaluru,2026-08-31T09:15:56.177753Z
ChIJ11WrPXQXrjsRcCJc2TvM28A,Goli vada pav no 1,places,en,164,13.053857050000001,77.6266838,13.0531083,77.6271996,0,blr2,Bengaluru,2026-08-31T09:15:56.612774Z
ChIJ6dCmbpoXrjsR1mb5Sn1xygQ,A1 Cafe And Mess,places,en,164,13.053857050000001,77.6266838,13.0550489,77.6266804,0,blr2,Bengaluru,2026-08-31T09:15:56.612833Z
ChIJI8XCdm0XrjsRraeC7BiXu94,Aslam Vegetable Shop,places,en,164,13.053857050000001,77.6266838,13.0542296,77.6279672,0,blr2,Bengaluru,2026-08-31T09:15:56.612842Z
ChIJNfgUFGEXrjsRLE4ntelwCwg,H.R MANZIL,places,en,164,13.053857050000001,77.6266838,13.0552326,77.6266491,0,blr2,Bengaluru,2026-08-31T09:15:56.612848Z
ChIJiSKQfs4XrjsR5bW9ZtFXMK8,Sultan Tender Chicken,places,en,164,13.053857050000001,77.6266838,13.0527828,77.6282016,0,blr2,Bengaluru,2026-08-31T09:15:56.612855Z
ChIJ8Wo9NgAXrjsRZtYh_bX1RKw,SK chicken center,places,en,164,13.053857050000001,77.6266838,13.053918999999999,77.62865359999999,0,blr2,Bengaluru,2026-08-31T09:15:56.612860Z
ChIJ34x1KB0XrjsRza2p3CMmFx4,SRI KALIAYAMMAN TIFFEN CENTER,places,en,164,13.053857050000001,77.6266838,13.0534561,77.6287327,0,blr2,Bengaluru,2026-08-31T09:15:56.612866Z
ChIJwWNCWTEXrjsRWTEc6YxSZ94,GUHAN TIFFIN ROOM,places,en,164,13.053857050000001,77.6266838,13.0558806,77.6269447,0,blr2,Bengaluru,2026-08-31T09:15:56.612871Z
ChIJNToVBwAXrjsRebQHtHfiLrs,Al noor chicken kabab,places,en,164,13.053857050000001,77.6266838,13.053766399999999,77.6288386,0,blr2,Bengaluru,2026-08-31T09:15:56.612877Z
ChIJdw44cQAXrjsRzMCzVXBtoF0,Al noor chicken kabab,places,en,164,13.053857050000001,77.6266838,13.053743100000002,77.6288782,0,blr2,Bengaluru,2026-08-31T09:15:56.612883Z
ChIJ5Sg8I0QXrjsRdZLX0r6RUAI,Sri lakshmi ballery foods,places,en,164,13.053857050000001,77.6266838,13.051789399999999,77.6275055,0,blr2,Bengaluru,2026-08-31T09:15:56.612889Z
ChIJ85V8EngXrjsRUhY8mF5R6rQ,"Anees Ambur Idli, Dosa and Poori",places,en,164,13.053857050000001,77.6266838,13.051831499999999,77.627673,0,blr2,Bengaluru,2026-08-31T09:15:56.612894Z
ChIJRy98Km0XrjsRKXKAfS7kUWE,Syed hotel and chicken kabab center,places,en,164,13.053857050000001,77.6266838,13.054806699999999,77.6290495,0,blr2,Bengaluru,2026-08-31T09:15:56.612899Z
ChIJa8lWi9sXrjsRmc-dE-BlJOE,SMSTea Corner,places,en,165,13.0504456,77.63510005,13.0501185,77.6339648,0,blr2,Bengaluru,2026-08-31T09:15:56.980487Z
ChIJW-uqGwAXrjsRIdImY2Vr3DE,YAARAB chicken centre,places,en,165,13.0504456,77.63510005,13.0501587,77.633651,0,blr2,Bengaluru,2026-08-31T09:15:56.980515Z
ChIJQw2T-sMXrjsRu5Pa1ZSY9PE,Gareeb Nawaaz Hotel Afsar And Saddam,places,en,165,13.0504456,77.63510005,13.0503229,77.6332412,0,blr2,Bengaluru,2026-08-31T09:15:56.980521Z
ChIJg9dcIwkjrjsRgn9lkK8PuMU,Khans Fresh Chickens,places,en,165,13.0504456,77.63510005,13.0513096,77.6333262,0,blr2,Bengaluru,2026-08-31T09:15:56.980525Z
ChIJj3kLHWYRrjsRAAAAcNLrinE,Mahaboob Khan,places,en,165,13.0504456,77.63510005,13.051316799999999,77.63332729999999,0,blr2,Bengaluru,2026-08-31T09:15:56.980529Z
ChIJ131R_fwXrjsRq4H4AFe38BA,Madurai Masala Cafe,places,en,165,13.0504456,77.63510005,13.0513221,77.63328729999999,0,blr2,Bengaluru,2026-08-31T09:15:56.980532Z
ChIJw2pwSBcXrjsRbH1JY25IEwU,Chaat Corner,places,en,165,13.0504456,77.63510005,13.048789099999999,77.6337599,0,blr2,Bengaluru,2026-08-31T09:15:56.980536Z
ChIJcZGczgAXrjsRiLE3-vkU8m8,Golden chicken hub,places,en,165,13.0504456,77.63510005,13.048424700000002,77.634332,0,blr2,Bengaluru,2026-08-31T09:15:56.980540Z
ChIJyVv69FwXrjsRQF4VCPMzuUo,HABIBI DELIGHT'S,places,en,165,13.0504456,77.63510005,13.0501045,77.6328687,0,blr2,Bengaluru,2026-08-31T09:15:56.980543Z
ChIJo5yuKuYZrjsRHFcnkF0EnQk,NutriDiet House,places,en,165,13.0504456,77.63510005,13.051613399999999,77.6331617,0,blr2,Bengaluru,2026-08-31T09:15:56.980547Z
ChIJzaZwiCcXrjsRVxb-ry0htaU,Delhi Hotel,places,en,165,13.0504456,77.63510005,13.0487395,77.63297469999999,0,blr2,Bengaluru,2026-08-31T09:15:56.980551Z
ChIJM8tBCYsirjsR_SapvJhZGZ0,Corner Shop,places,en,166,13.0975265,77.5430135,13.096373900000001,77.5417346,0,blr2,Bengaluru,2026-08-31T09:15:57.400669Z
ChIJ4UhZ3roZrjsRentZ7rBQ3GY,Biryani Chase,places,en,166,13.0975265,77.5430135,13.096554999999999,77.5415685,0,blr2,Bengaluru,2026-08-31T09:15:57.400696Z
ChIJzQRMTgAjrjsRv0f4wGwPg-Y,Ashley's Tiffin Center,places,en,166,13.0975265,77.5430135,13.0957898,77.5422023,0,blr2,Bengaluru,2026-08-31T09:15:57.400703Z
ChIJ36DBSgAFrjsR6Ai5ss1jNMQ,Taste Of Gwalior,places,en,167,13.073740149999999,77.74634965,13.0724355,77.7455583,0,blr2,Bengaluru,2026-08-31T09:15:57.854771Z
ChIJYSzI9lIFrjsRuwQnUNSVHcg,LAST DROP PUNJABI DHABA & CATERING,places,en,167,13.073740149999999,77.74634965,13.0744651,77.7477459,0,blr2,Bengaluru,2026-08-31T09:15:57.854868Z
ChIJW2nI9lIFrjsRmklShVmooOI,K. KRISHNA FAST FOOD CENTRE,places,en,167,13.073740149999999,77.74634965,13.07446,77.74775190000001,0,blr2,Bengaluru,2026-08-31T09:15:57.854881Z
ChIJnTTsVlIFrjsRe7RuT9CUE9A,Sanju CHICKEN CENTRE,places,en,167,13.073740149999999,77.74634965,13.073981,77.7483044,0,blr2,Bengaluru,2026-08-31T09:15:57.854887Z
ChIJV-QbrWYFrjsR9z5hCxwaPLk,Shri Salasar Balaji Pure Veg,places,en,167,13.073740149999999,77.74634965,13.0715531,77.74526159999999,0,blr2,Bengaluru,2026-08-31T09:15:57.854893Z
ChIJ-4ZI5pcXrjsRN-PP9HWttt4,KHAN’S KABAB POINT,places,en,170,13.0527586,77.6284042,13.0507802,77.6281374,0,blr2,Bengaluru,2026-08-31T09:16:00.041000Z
ChIJe0Yl3RcXrjsRODXf-w-__HI,Sing Shop,places,en,170,13.0527586,77.6284042,13.0506272,77.6282908,0,blr2,Bengaluru,2026-08-31T09:16:00.041046Z
ChIJLXXkN0EZrjsRq27lLSeBS-I,Vardhas,places,en,170,13.0527586,77.6284042,13.0519746,77.6307326,0,blr2,Bengaluru,2026-08-31T09:16:00.041052Z
ChIJoSZ7DgAXrjsRuBXkHNJn_B4,Sri Sai Amrutha foods,places,en,170,13.0527586,77.6284042,13.051833499999999,77.6309452,0,blr2,Bengaluru,2026-08-31T09:16:00.041056Z
ChIJD-plZAAZrjsRPOOP6967oDU,Ricarda's kitchen,places,en,171,13.0725809,77.64292685,13.0717341,77.6425058,0,blr2,Bengaluru,2026-08-31T09:16:00.522124Z
ChIJqX7jAO4ZrjsRg8nsvBfRbws,Malabar kitchen,places,en,171,13.0725809,77.64292685,13.073492,77.6425628,0,blr2,Bengaluru,2026-08-31T09:16:00.522150Z
ChIJs48OGBQZrjsRXjc3OWlIvmQ,BoxFullofBeans,places,en,171,13.0725809,77.64292685,13.071670699999999,77.6425174,0,blr2,Bengaluru,2026-08-31T09:16:00.522156Z
ChIJUfrDKPAZrjsRExzv7CWTFSE,F.R.Chicken Dum Biryani,places,en,171,13.0725809,77.64292685,13.0734965,77.6424466,0,blr2,Bengaluru,2026-08-31T09:16:00.522160Z
ChIJQfE9T-4ZrjsRviGEUmySHWI,Global Chicken Retailers,places,en,171,13.0725809,77.64292685,13.0736107,77.6425295,0,blr2,Bengaluru,2026-08-31T09:16:00.522164Z
ChIJvXg47uAZrjsRcormxHS4XJ8,Pristine,places,en,171,13.0725809,77.64292685,13.0720358,77.6441717,0,blr2,Bengaluru,2026-08-31T09:16:00.522167Z
ChIJkc-NVAAZrjsR0KaBY8GNfYk,Madurai Idly Centre,places,en,171,13.0725809,77.64292685,13.0711505,77.6408268,0,blr2,Bengaluru,2026-08-31T09:16:00.522171Z
ChIJwzKDVQAZrjsRHn9vTW9F8VA,Ruchira bhavana,places,en,172,13.12474315,77.64784565,13.1257746,77.6465679,0,blr2,Bengaluru,2026-08-31T09:16:00.894990Z
ChIJA3j-wysVrjsRA_KDaT5ubRI,Sharief Bhai - Biryani & Mandi | JP Nagar,places,en,173,12.898442450000001,77.58721605,12.8989496,77.58598099999999,0,blr2,Bengaluru,2026-08-31T09:16:01.302094Z
ChIJI8T1fD4VrjsRW4C0T7f_bWc,Babu Naik vada pav,places,en,173,12.898442450000001,77.58721605,12.8980448,77.5859471,0,blr2,Bengaluru,2026-08-31T09:16:01.302128Z
ChIJ0VmaORUVrjsRo6aWuu5fTC4,Waah Biryani,places,en,173,12.898442450000001,77.58721605,12.8990517,77.58597689999999,0,blr2,Bengaluru,2026-08-31T09:16:01.302138Z
ChIJEfCQbAAVrjsR2hBn-ympvLs,Ratnas Bong Punjabi Kitchen,places,en,173,12.898442450000001,77.58721605,12.8978557,77.5859078,0,blr2,Bengaluru,2026-08-31T09:16:01.302143Z
ChIJDVwy6X4VrjsR35J4wp967uc,Five Star Chicken,places,en,173,12.898442450000001,77.58721605,12.8991875,77.5859734,0,blr2,Bengaluru,2026-08-31T09:16:01.302148Z
ChIJSXvYdy4VrjsRLbwxDDqSsuk,DBC - Dosa Biryani Chicken,places,en,173,12.898442450000001,77.58721605,12.8992326,77.58597209999999,0,blr2,Bengaluru,2026-08-31T09:16:01.302152Z
ChIJpXNQgBAVrjsR7eMlh4fnCoU,Punjab on Cloud,places,en,173,12.898442450000001,77.58721605,12.8992797,77.5859708,0,blr2,Bengaluru,2026-08-31T09:16:01.302156Z
ChIJcyv2ItMVrjsRcMevfg7O5dk,Srinivas Palav Mane { Biryani Mane },places,en,173,12.898442450000001,77.58721605,12.8993375,77.58596519999999,0,blr2,Bengaluru,2026-08-31T09:16:01.302160Z
ChIJxd7GXwAVrjsRrN6Cnja9uBI,Maggi house,places,en,173,12.898442450000001,77.58721605,12.899955,77.5868835,0,blr2,Bengaluru,2026-08-31T09:16:01.302165Z
ChIJ3-XsPQ0VrjsR1cnHonDZ6ZE,Apsara Ice Creams,places,en,173,12.898442450000001,77.58721605,12.897316799999999,77.5860521,0,blr2,Bengaluru,2026-08-31T09:16:01.302169Z
ChIJkbj9cJ4VrjsRHoGybsw3SIE,Hamza chicken,places,en,173,12.898442450000001,77.58721605,12.8989738,77.5888218,0,blr2,Bengaluru,2026-08-31T09:16:01.302172Z
ChIJc0eGbQAVrjsRoYbNFLmS-J0,Star biriyani kabab and chat centre,places,en,173,12.898442450000001,77.58721605,12.8985925,77.588923,0,blr2,Bengaluru,2026-08-31T09:16:01.302176Z
ChIJA7px5oEVrjsRFBzaIAH4wYs,Falak Invisible Grill Work,places,en,173,12.898442450000001,77.58721605,12.899329999999999,77.5886838,0,blr2,Bengaluru,2026-08-31T09:16:01.302180Z
ChIJg3RaLxYVrjsR0Dc6wTwtoeY,Muskan's Kitchen,places,en,173,12.898442450000001,77.58721605,12.8978454,77.5888374,0,blr2,Bengaluru,2026-08-31T09:16:01.302184Z
ChIJ4ew8WRUVrjsRa7FKYumb1_g,ZIZ RESTO CAFE,places,en,173,12.898442450000001,77.58721605,12.8994708,77.5857905,0,blr2,Bengaluru,2026-08-31T09:16:01.302188Z
ChIJ1YiLm18VrjsRXUcIbeCJVW4,AL RAYAN. FARHAN PASHA,places,en,173,12.898442450000001,77.58721605,12.898928999999999,77.5889381,0,blr2,Bengaluru,2026-08-31T09:16:01.302192Z
ChIJqW6UiRUVrjsRhY08cY3OVaw,MADEENA ROYAL KABAB,places,en,173,12.898442450000001,77.58721605,12.8992387,77.5888263,0,blr2,Bengaluru,2026-08-31T09:16:01.302195Z
ChIJw7gfQgAVrjsRqnjZ-3sdHn8,Ashok,places,en,173,12.898442450000001,77.58721605,12.900115600000001,77.5877989,0,blr2,Bengaluru,2026-08-31T09:16:01.302199Z
ChIJgXXcCgAVrjsRiUT-NRS-ze4,Yummy Tummy Cafe,places,en,173,12.898442450000001,77.58721605,12.89815,77.58900249999999,0,blr2,Bengaluru,2026-08-31T09:16:01.302203Z
ChIJnVt7RwAVrjsRLCTglIO6sVI,King Fries,places,en,173,12.898442450000001,77.58721605,12.8994732,77.58870689999999,0,blr2,Bengaluru,2026-08-31T09:16:01.302207Z
ChIJO70YUwgVrjsR_bO6X80VxmE,Keerthi chicken center,places,en,174,12.8845304,77.57458009999999,12.884794,77.5752569,0,blr2,Bengaluru,2026-08-31T09:16:01.660999Z
ChIJMZdsMukVrjsROjQusAsKXmA,Karavalli Lunch Home,places,en,174,12.8845304,77.57458009999999,12.8844897,77.5754851,0,blr2,Bengaluru,2026-08-31T09:16:01.661018Z
ChIJK9ugGMwVrjsRjK8Q_CZFyyU,Kannadiga Gobi Corner,places,en,174,12.8845304,77.57458009999999,12.884023899999999,77.5754144,0,blr2,Bengaluru,2026-08-31T09:16:01.661023Z
ChIJadkJKOcVrjsRVJYyG-BE-qg,HUNGRY SERVE,places,en,174,12.8845304,77.57458009999999,12.8838393,77.5756541,0,blr2,Bengaluru,2026-08-31T09:16:01.661028Z
ChIJBV9O1o0VrjsRcPr8VDC8kGs,Guru Gobhi Center,places,en,174,12.8845304,77.57458009999999,12.8855161,77.5755495,0,blr2,Bengaluru,2026-08-31T09:16:01.661032Z
ChIJQVDlr0oVrjsRJ_tA44rsiKI,Vinaya Cafe,places,en,174,12.8845304,77.57458009999999,12.883157899999999,77.5756652,0,blr2,Bengaluru,2026-08-31T09:16:01.661035Z
ChIJl2ZUm80VrjsRVSIDw5pF8OU,SP Kitchen,places,en,174,12.8845304,77.57458009999999,12.883272900000001,77.57326259999999,0,blr2,Bengaluru,2026-08-31T09:16:01.661039Z
ChIJg2mqEGAVrjsR8RHF9yLWHKg,GM CHICKENS,places,en,174,12.8845304,77.57458009999999,12.8827362,77.5756358,0,blr2,Bengaluru,2026-08-31T09:16:01.661042Z
ChIJBSAofUkVrjsRG_VggIRdm3U,Sri Sharadha Tiffan Center. Nagaraj R,places,en,174,12.8845304,77.57458009999999,12.8827728,77.5757107,0,blr2,Bengaluru,2026-08-31T09:16:01.661045Z
ChIJpRYED08VrjsRUgoPPQP9qq0,NAWAB FAST FOOD,places,en,174,12.8845304,77.57458009999999,12.885304699999999,77.5767791,0,blr2,Bengaluru,2026-08-31T09:16:01.661048Z
ChIJB7BdoZsVrjsRjSjAG1A-7g0,Hola! Food Zone,places,en,174,12.8845304,77.57458009999999,12.8853978,77.57699269999999,0,blr2,Bengaluru,2026-08-31T09:16:01.661052Z
ChIJ18QYCQAVrjsRdyPTaM_aB-Q,Kichu Khabo,places,en,174,12.8845304,77.57458009999999,12.8854004,77.5769964,0,blr2,Bengaluru,2026-08-31T09:16:01.661055Z
ChIJzaHeIxUVrjsRsIPdznx1e6E,Mahadev chats,places,en,175,12.88764565,77.57149290000001,12.888297099999999,77.5710742,0,blr2,Bengaluru,2026-08-31T09:16:02.120145Z
ChIJl3XqfZIVrjsRc1OZsB05EWs,Gagan Gowda Gobi Center. Mrs,places,en,175,12.88764565,77.57149290000001,12.8885846,77.5713164,0,blr2,Bengaluru,2026-08-31T09:16:02.120161Z
ChIJQasdWAAVrjsRzMUs3wmG9_o,HOTEL SRIKRISHNA VAIBHAVGRAND VEG,places,en,175,12.88764565,77.57149290000001,12.8885463,77.5709904,0,blr2,Bengaluru,2026-08-31T09:16:02.120167Z
ChIJ7_LFpY8VrjsRVfLbwblMUF4,Amrutha military hotel,places,en,175,12.88764565,77.57149290000001,12.886821,77.5708154,0,blr2,Bengaluru,2026-08-31T09:16:02.120171Z
ChIJb-OoLHwVrjsRNbUI5Nu5C74,Nandeesh Coffee Works,places,en,175,12.88764565,77.57149290000001,12.886612699999999,77.5706325,0,blr2,Bengaluru,2026-08-31T09:16:02.120174Z
ChIJOyHGqOsVrjsR0W67zoF9bFI,Gowdru Gobi,places,en,175,12.88764565,77.57149290000001,12.8889859,77.57107429999999,0,blr2,Bengaluru,2026-08-31T09:16:02.120178Z
ChIJ96UrPNsVrjsRIa6sPc2Mpxw,Sri Annapoorna Tiffins,places,en,175,12.88764565,77.57149290000001,12.8890548,77.5713497,0,blr2,Bengaluru,2026-08-31T09:16:02.120181Z
ChIJ_-mqdZkVrjsRCnxkJZpeluk,Sri Guru Bajji Center,places,en,175,12.88764565,77.57149290000001,12.889034299999999,77.5710541,0,blr2,Bengaluru,2026-08-31T09:16:02.120184Z
ChIJ1w7bgFAVrjsR6Sq--WbFA9M,FINGER Snackie,places,en,175,12.88764565,77.57149290000001,12.886657099999999,77.5703952,0,blr2,Bengaluru,2026-08-31T09:16:02.120187Z
ChIJ00I5Y1AVrjsRz2cZHnQmReQ,Shree Channakeshava Bar And Restaurant,places,en,175,12.88764565,77.57149290000001,12.8862001,77.5708162,0,blr2,Bengaluru,2026-08-31T09:16:02.120190Z
ChIJ81viqSwVrjsR5RvDpYbQdWc,Sri kabblm gobi stal,places,en,175,12.88764565,77.57149290000001,12.8892636,77.5711685,0,blr2,Bengaluru,2026-08-31T09:16:02.120194Z
ChIJ8Qs4bL8VrjsRduJn9PgA348,Mahadev Jilabi Shop,places,en,175,12.88764565,77.57149290000001,12.8893773,77.57140629999999,0,blr2,Bengaluru,2026-08-31T09:16:02.120197Z
ChIJ7YopiFAVrjsR5wt9l1eMq-Y,HOTEL SRI NEW FOOD CORNER,places,en,175,12.88764565,77.57149290000001,12.886098299999999,77.57053309999999,0,blr2,Bengaluru,2026-08-31T09:16:02.120201Z
ChIJS3cMfaIVrjsR7JWgEQw3A-Q,Spicy Tandoor Palace,places,en,175,12.88764565,77.57149290000001,12.8859309,77.5705648,0,blr2,Bengaluru,2026-08-31T09:16:02.120204Z
ChIJgSEmpmsVrjsRAIrPbh6Ovi0,SRI MALEMAHADESHWARA BAJJI CENTRE. RATHNAMMA,places,en,175,12.88764565,77.57149290000001,12.8864043,77.5699618,0,blr2,Bengaluru,2026-08-31T09:16:02.120207Z
ChIJFZm9YVAVrjsRdQRE3v-56no,Udupi Cafe,places,en,175,12.88764565,77.57149290000001,12.8857871,77.5706287,0,blr2,Bengaluru,2026-08-31T09:16:02.120210Z
ChIJCTy2GccVrjsRe5NAg8EQSgA,Prakruthi Nonveg Bazar,places,en,175,12.88764565,77.57149290000001,12.8865956,77.5695819,0,blr2,Bengaluru,2026-08-31T09:16:02.120213Z
ChIJU4J2nFAVrjsRKvkpzB5cvA8,PORNA Chicken,places,en,175,12.88764565,77.57149290000001,12.886590799999999,77.5695799,0,blr2,Bengaluru,2026-08-31T09:16:02.120216Z
ChIJZ1FeOQAVrjsRcv2866uj01A,Swamy koragajja kabab center,places,en,175,12.88764565,77.57149290000001,12.889814399999999,77.5715671,0,blr2,Bengaluru,2026-08-31T09:16:02.120220Z
ChIJq9BrqFAVrjsRO21171f5sk8,MANGALORE LUNCH HOME,places,en,175,12.88764565,77.57149290000001,12.8864751,77.5691662,0,blr2,Bengaluru,2026-08-31T09:16:02.120243Z
ChIJEZOcP5AVrjsRzcsmppyuma4,P R Visions & Caters,places,en,176,12.93368675,77.5752345,12.9338822,77.57486639999999,0,blr2,Bengaluru,2026-08-31T09:16:02.594177Z
ChIJLcZ-Yq8VrjsRGx4pdnCSlOE,Ruchi Suchi Hotel,places,en,176,12.93368675,77.5752345,12.9347382,77.575402,0,blr2,Bengaluru,2026-08-31T09:16:02.594201Z
ChIJmbodKOUVrjsRfmiBOJcUiUc,Ragoos,places,en,176,12.93368675,77.5752345,12.933762,77.5740115,0,blr2,Bengaluru,2026-08-31T09:16:02.594206Z
ChIJVaz2pGMVrjsRC7SOnIe2zKg,Glocodeli Hospitality LLP,places,en,176,12.93368675,77.5752345,12.934824899999999,77.5748017,0,blr2,Bengaluru,2026-08-31T09:16:02.594210Z
ChIJeaVoIpAVrjsR9hPnZhNj-30,MAVALLI BIRIYANI,places,en,176,12.93368675,77.5752345,12.933770299999999,77.5739485,0,blr2,Bengaluru,2026-08-31T09:16:02.594214Z
ChIJmZ9EdnoVrjsRQecF94CdhY4,Annapoorni Tamil Hotel,places,en,176,12.93368675,77.5752345,12.934344699999999,77.5739387,0,blr2,Bengaluru,2026-08-31T09:16:02.594218Z
ChIJU-CJRgkVrjsRKRX3k9XvOi0,RAFEEQ A M,places,en,176,12.93368675,77.5752345,12.9322471,77.5742399,0,blr2,Bengaluru,2026-08-31T09:16:02.594221Z
ChIJX4_KLZAVrjsRCSgbSpPzYeY,SLV Upahara Mandira,places,en,176,12.93368675,77.5752345,12.9348589,77.5739516,0,blr2,Bengaluru,2026-08-31T09:16:02.594225Z
ChIJ6353cQAVrjsRMDTHdz5yWww,Hotel Mahaveer Bhavan Jayanagar,places,en,176,12.93368675,77.5752345,12.9319119,77.5758551,0,blr2,Bengaluru,2026-08-31T09:16:02.594228Z
ChIJpcFDUwAVrjsRkGzh6eOFeCs,Kunigal tatte idly centre,places,en,176,12.93368675,77.5752345,12.9317555,77.575709,0,blr2,Bengaluru,2026-08-31T09:16:02.594289Z
ChIJvRIIKpAVrjsRIqibXInb8hs,Sadhguru Chinese Food Corner,places,en,176,12.93368675,77.5752345,12.934802099999999,77.5733463,0,blr2,Bengaluru,2026-08-31T09:16:02.594298Z
ChIJaQowDosVrjsRQxXfZaJyhYc,KEERTHANA B K,places,en,176,12.93368675,77.5752345,12.9358425,77.57521539999999,0,blr2,Bengaluru,2026-08-31T09:16:02.594305Z
ChIJtZWpxzUVrjsRvpVg9dgMY3A,Butter Cup Restaurant,places,en,176,12.93368675,77.5752345,12.9359241,77.5752716,0,blr2,Bengaluru,2026-08-31T09:16:02.594309Z
ChIJxSVoVrgVrjsRzj5P2M5zsXo,The Zombie Pea Bar & Restaurant,places,en,176,12.93368675,77.5752345,12.9359241,77.5752716,0,blr2,Bengaluru,2026-08-31T09:16:02.594312Z
ChIJ4cvxm6MVrjsRDSj6oFPoD2w,Tiffinmeal Services Private Limited,places,en,176,12.93368675,77.5752345,12.9355677,77.5739444,0,blr2,Bengaluru,2026-08-31T09:16:02.594316Z
ChIJAQAAwJIVrjsRn8vHjq0SE50,Nice Chicken,places,en,176,12.93368675,77.5752345,12.9356821,77.5739435,0,blr2,Bengaluru,2026-08-31T09:16:02.594320Z
ChIJvzWy048VrjsRXH3MpPOti_0,Prakruthi Dry Fruits,places,en,176,12.93368675,77.5752345,12.9348314,77.572884,0,blr2,Bengaluru,2026-08-31T09:16:02.594323Z
ChIJ3aNndQAVrjsR9HfSSl28H6o,Brahmashree Tiffin Center,places,en,176,12.93368675,77.5752345,12.931142,77.575766,0,blr2,Bengaluru,2026-08-31T09:16:02.594327Z
ChIJe6vDdgAVrjsRO8tRbimbwzM,Davanagere Mane Tindi,places,en,176,12.93368675,77.5752345,12.9349521,77.57284849999999,0,blr2,Bengaluru,2026-08-31T09:16:02.594331Z
ChIJH0m90o8VrjsRLxGhsYqO1jI,Srinivas Chats,places,en,176,12.93368675,77.5752345,12.9349645,77.5728304,0,blr2,Bengaluru,2026-08-31T09:16:02.594335Z
ChIJw6kmWgBDrjsR79mFYiAlYkQ,HOTEL SAMRUDDHI,places,en,179,12.771770400000001,77.5056826,12.770535899999999,77.50407969999999,0,blr2,Bengaluru,2026-08-31T09:16:03.774536Z
ChIJaQ994roZrjsRbTrcewEuuz4,Ruchi Mane,places,en,182,13.090661749999999,77.62233674999999,13.0909683,77.6220738,0,blr2,Bengaluru,2026-08-31T09:16:05.096207Z
ChIJW8mf47oZrjsRhbixAKnJyLk,AISWAL HOTEL,places,en,182,13.090661749999999,77.62233674999999,13.0909528,77.62183089999999,0,blr2,Bengaluru,2026-08-31T09:16:05.096240Z
ChIJGXlxMvIbrjsRrJ6OWoXFfrY,Ravi chinese food,places,en,183,13.0718334,77.70991155,13.070827699999999,77.7101947,0,blr2,Bengaluru,2026-08-31T09:16:05.468180Z
ChIJy4YmWsE_rjsRa5MLbaH6mt8,Uttara Karnatakada Prasidda Jolada Rotti Matte Chapati Angadi[CornFlour Roti Chapathi Shop],places,en,184,12.901476599999999,77.5416645,12.9017767,77.5444242,0,blr2,Bengaluru,2026-08-31T09:16:05.822720Z
ChIJA-6PWcE_rjsRqZLGCKg9u0M,Hotel Vinayaka,places,en,186,12.90043635,77.5440777,12.9017746,77.54444,0,blr2,Bengaluru,2026-08-31T09:16:06.670480Z
ChIJ0eXYBgA_rjsRM2E5jLNOTQ0,Raghavendra benne idly cafe (RBI CAFE),places,en,186,12.90043635,77.5440777,12.8988334,77.54397089999999,0,blr2,Bengaluru,2026-08-31T09:16:06.670509Z
ChIJCb7OJq8_rjsRqs_O9Yqo3b8,Charmi Chat Center,places,en,186,12.90043635,77.5440777,12.8986275,77.5440198,0,blr2,Bengaluru,2026-08-31T09:16:06.670516Z
ChIJcUPE6ds_rjsRg8U1jXZvqVo,TA1 BASHA CHICKEN CENTER,places,en,186,12.90043635,77.5440777,12.9022574,77.5445915,0,blr2,Bengaluru,2026-08-31T09:16:06.670521Z
ChIJ4dvMt1c_rjsR6eD0oykIbv4,Shree Annapurna Mess,places,en,186,12.90043635,77.5440777,12.9024378,77.54438209999999,0,blr2,Bengaluru,2026-08-31T09:16:06.670525Z
ChIJTbckVcE_rjsR2HFvxN4sKe0,C.M Chicken Centre,places,en,186,12.90043635,77.5440777,12.902591399999999,77.5446084,0,blr2,Bengaluru,2026-08-31T09:16:06.670530Z
ChIJz6qXJQA_rjsRUC251dyaX9k,Grill Masters,places,en,186,12.90043635,77.5440777,12.9026865,77.5448862,0,blr2,Bengaluru,2026-08-31T09:16:06.670534Z
ChIJ5wnaP0Q_rjsRkuyDMO6c6HM,A.R. SECURITY SERVICES,places,en,186,12.90043635,77.5440777,12.9028609,77.54488599999999,0,blr2,Bengaluru,2026-08-31T09:16:06.670539Z
ChIJSREhnF0_rjsRSjCwjAp-sHk,DBD Davanagere Benne Dose (Uttarahalli),places,en,186,12.90043635,77.5440777,12.903037,77.5444373,0,blr2,Bengaluru,2026-08-31T09:16:06.670543Z
ChIJQemKGHUXrjsRKKGFNsAhHw4,Stella Mary's chicken center,places,en,187,13.0172457,77.63754945,13.0169612,77.63756939999999,0,blr2,Bengaluru,2026-08-31T09:16:07.040203Z
ChIJ387mvaYXrjsR3qKIdaVo3x8,Trio's Hub,places,en,187,13.0172457,77.63754945,13.016624900000002,77.6365448,0,blr2,Bengaluru,2026-08-31T09:16:07.040233Z
ChIJD3r3g3QXrjsRzJ_eA2eUssE,Naughty Biryani - Foodtruck,places,en,187,13.0172457,77.63754945,13.017866999999999,77.6365477,0,blr2,Bengaluru,2026-08-31T09:16:07.040239Z
ChIJ1WIHcwAXrjsRWcHmJui8zqg,Sisters Crunch & Bites,places,en,187,13.0172457,77.63754945,13.017783200000002,77.636489,0,blr2,Bengaluru,2026-08-31T09:16:07.040243Z
ChIJR4wmOwAXrjsR9pA-jhyGYQU,7 PLUS SPICES,places,en,187,13.0172457,77.63754945,13.0172461,77.63623849999999,0,blr2,Bengaluru,2026-08-31T09:16:07.040247Z
ChIJO_vB0ywXrjsRSNEAgd5dOB4,Thai Alley Restaurant,places,en,187,13.0172457,77.63754945,13.0172277,77.6362015,0,blr2,Bengaluru,2026-08-31T09:16:07.040251Z
ChIJwxhBVAAXrjsRKaaoW4fJmd4,A2b room,places,en,187,13.0172457,77.63754945,13.0159222,77.6378682,0,blr2,Bengaluru,2026-08-31T09:16:07.040255Z
ChIJx2Vu4yQXrjsRdmcl4X8LPtM,Fishnfish QSR,places,en,187,13.0172457,77.63754945,13.0159222,77.6378682,0,blr2,Bengaluru,2026-08-31T09:16:07.040258Z
ChIJxQwQRwAXrjsR75RSew32ZXQ,Madras tiffin centre,places,en,187,13.0172457,77.63754945,13.0159222,77.6378682,0,blr2,Bengaluru,2026-08-31T09:16:07.040262Z
ChIJ9RVTRAAXrjsRDQMYTRBFHXA,Mathura's famous Aloo tikki,places,en,187,13.0172457,77.63754945,13.0159222,77.6378682,0,blr2,Bengaluru,2026-08-31T09:16:07.040265Z
ChIJqWtbPAAXrjsRwwHEKhl5pD8,Khuraak kebab corner,places,en,187,13.0172457,77.63754945,13.0159222,77.6378682,0,blr2,Bengaluru,2026-08-31T09:16:07.040269Z
ChIJj8CORHYXrjsRw_VOJRrxBm0,Rabbani fish fry and fish kabab centre,places,en,187,13.0172457,77.63754945,13.0159222,77.6378683,0,blr2,Bengaluru,2026-08-31T09:16:07.040273Z
ChIJj8xmEL8XrjsRpgpRl7QTNi0,Half CA Healthy Cafe,places,en,187,13.0172457,77.63754945,13.0173854,77.6361385,0,blr2,Bengaluru,2026-08-31T09:16:07.040276Z
ChIJmXCGPksXrjsRgB_OXXR9bog,RS biryani and kebab,places,en,187,13.0172457,77.63754945,13.0165622,77.63629259999999,0,blr2,Bengaluru,2026-08-31T09:16:07.040280Z
ChIJV3aRNgAXrjsR10FgRWDMVKQ,Gupta Chat Centre,places,en,187,13.0172457,77.63754945,13.0181762,77.6364439,0,blr2,Bengaluru,2026-08-31T09:16:07.040283Z
ChIJi-EIqtgWrjsRTSvYuiMP7qw,Al Shadab Cafe,places,en,187,13.0172457,77.63754945,13.0158053,77.63719739999999,0,blr2,Bengaluru,2026-08-31T09:16:07.040287Z
ChIJA6p1mzAXrjsRZ0kwEp-DIcc,AMBUR STAR BRIYANI® SINCE 1890- KAMMANAHALLI,places,en,187,13.0172457,77.63754945,13.0182325,77.636428,0,blr2,Bengaluru,2026-08-31T09:16:07.040291Z
ChIJS6JHnB8XrjsR8GXH9yrn8Dk,Shahi Chawal | Order Food Online,places,en,187,13.0172457,77.63754945,13.017380399999999,77.6360397,0,blr2,Bengaluru,2026-08-31T09:16:07.040294Z
ChIJk12QQBEXrjsRYS2YC-7NGbo,Chai 4 U,places,en,187,13.0172457,77.63754945,13.0183327,77.6364591,0,blr2,Bengaluru,2026-08-31T09:16:07.040298Z
ChIJM-ZJ4WgXrjsRoazhqKk8Sac,Balaji 99 Dosa,places,en,187,13.0172457,77.63754945,13.018520500000001,77.6366523,0,blr2,Bengaluru,2026-08-31T09:16:07.040301Z
ChIJOxG73NURrjsRNkhcdhlZ2jE,Mandarathi Breakfast,places,en,188,13.03574995,77.655149,13.0362578,77.65484500000001,0,blr2,Bengaluru,2026-08-31T09:16:07.430584Z
ChIJddAIHuMRrjsRkvMt9Ey56Qw,Mistro Kitchen,places,en,188,13.03574995,77.655149,13.0360543,77.6545711,0,blr2,Bengaluru,2026-08-31T09:16:07.430608Z
ChIJ5akuw04RrjsRyOqSA73tZSE,AK North Foods,places,en,188,13.03574995,77.655149,13.0364878,77.6550736,0,blr2,Bengaluru,2026-08-31T09:16:07.430614Z
ChIJaUftWDERrjsR3Y0a11QnmEo,SEENU CHATS,places,en,188,13.03574995,77.655149,13.0365364,77.6549181,0,blr2,Bengaluru,2026-08-31T09:16:07.430618Z
ChIJrwLJmeoXrjsR93oFnuSmCsA,Story Coffee House,places,en,188,13.03574995,77.655149,13.0346011,77.6543631,0,blr2,Bengaluru,2026-08-31T09:16:07.430623Z
ChIJxRKSawARrjsR1xHJGGv5gaY,Tribal fest cloud,places,en,188,13.03574995,77.655149,13.0343854,77.6556911,0,blr2,Bengaluru,2026-08-31T09:16:07.430626Z
ChIJFcgPIYERrjsRNc1Nk3Q8TYI,The Paapu's kitchen,places,en,188,13.03574995,77.655149,13.0341601,77.6544686,0,blr2,Bengaluru,2026-08-31T09:16:07.430630Z
ChIJyTa75jMRrjsRRUUQuU2KZFc,S S K Fruits And Vegetables,places,en,188,13.03574995,77.655149,13.0340715,77.65441349999999,0,blr2,Bengaluru,2026-08-31T09:16:07.430633Z
ChIJgUycEgARrjsRAABcmrHIVPk,Andhra Dosa Hub,places,en,188,13.03574995,77.655149,13.034069899999999,77.6543834,0,blr2,Bengaluru,2026-08-31T09:16:07.430637Z
ChIJn1lFusoQrjsRvi2DJM9pNHc,Star Chicken Biryani Point,places,en,188,13.03574995,77.655149,13.037347299999999,77.6540131,0,blr2,Bengaluru,2026-08-31T09:16:07.430640Z
ChIJk6y3304RrjsRkni1ogsTLqM,Kanchana Batter,places,en,188,13.03574995,77.655149,13.0371916,77.6565459,0,blr2,Bengaluru,2026-08-31T09:16:07.430644Z
ChIJH3DONQARrjsRLB_GXbtL8Zc,Sri Ganesh hotel,places,en,188,13.03574995,77.655149,13.037165499999999,77.656863,0,blr2,Bengaluru,2026-08-31T09:16:07.430647Z
ChIJGzquMwARrjsRXDIXTSNMhkU,Aarupadai Murugan R.K. Traders,places,en,188,13.03574995,77.655149,13.037564999999999,77.6538626,0,blr2,Bengaluru,2026-08-31T09:16:07.430651Z
ChIJXYHuRAARrjsR-_bxN1M27Fw,Nature's Nook Kerala Cafe,places,en,188,13.03574995,77.655149,13.036842799999999,77.65714200000001,0,blr2,Bengaluru,2026-08-31T09:16:07.430655Z
ChIJFRSvUTUXrjsRAAAA0CloDkQ,Rs gowla live fresh chicken,places,en,188,13.03574995,77.655149,13.037670799999999,77.6539852,0,blr2,Bengaluru,2026-08-31T09:16:07.430658Z
ChIJ3dOSOt0XrjsRvQkm6tELJX0,My Chicken and More - Horamavu Agara,places,en,188,13.03574995,77.655149,13.037528,77.6536143,0,blr2,Bengaluru,2026-08-31T09:16:07.430661Z
ChIJj_-PUzUXrjsR3k3qDDRkWdQ,Arumugam hotel,places,en,188,13.03574995,77.655149,13.0376859,77.6535119,0,blr2,Bengaluru,2026-08-31T09:16:07.430665Z
ChIJVbfVUwARrjsRw383RBnafrs,Farm fresh chicken,places,en,188,13.03574995,77.655149,13.033509599999999,77.653888,0,blr2,Bengaluru,2026-08-31T09:16:07.430668Z
ChIJe_kV71IRrjsReC1Na4tEFfA,Dhe Dosa,places,en,188,13.03574995,77.655149,13.038188799999999,77.6561559,0,blr2,Bengaluru,2026-08-31T09:16:07.430672Z
ChIJNzotFZw_rjsR1Zvp6ta4z3w,Aarohi cloud kitchen,places,en,190,12.87479935,77.5170854,12.875154199999999,77.51504779999999,0,blr2,Bengaluru,2026-08-31T09:16:08.258975Z
ChIJ51bhnfI_rjsRXKxR6xPDz8o,Taiga Drink & Dine,places,en,190,12.87479935,77.5170854,12.877277,77.5179613,0,blr2,Bengaluru,2026-08-31T09:16:08.259614Z
ChIJASRW-NU_rjsRmxM5ECvQN70,Coffee Brewery - Banashankari 6th Stage,places,en,190,12.87479935,77.5170854,12.8770831,77.5185004,0,blr2,Bengaluru,2026-08-31T09:16:08.259663Z
ChIJYepLU5oXrjsRvTRKXJcpffY,V.S Nati Mane Oota,places,en,191,13.04146695,77.5999786,13.043298,77.5991746,0,blr2,Bengaluru,2026-08-31T09:16:08.657088Z
ChIJObPDBgAXrjsRoVOc4L5Liks,Janata Juice and Chats,places,en,191,13.04146695,77.5999786,13.0398505,77.60122059999999,0,blr2,Bengaluru,2026-08-31T09:16:08.657115Z
ChIJkXHH1CgXrjsRdkJyTUJtzhE,LINGARAJU,places,en,191,13.04146695,77.5999786,13.039397699999999,77.6009071,0,blr2,Bengaluru,2026-08-31T09:16:08.657121Z
ChIJzb7peIEXrjsRPMSY90jWMe8,A L AZEEZ FAST FOOD SHOP,places,en,191,13.04146695,77.5999786,13.039283099999999,77.60056759999999,0,blr2,Bengaluru,2026-08-31T09:16:08.657126Z
ChIJ1XxtYAAXrjsRzjxIylAMKNw,Anil Gobi Manchurian Stall,places,en,191,13.04146695,77.5999786,13.039212099999999,77.599786,0,blr2,Bengaluru,2026-08-31T09:16:08.657130Z
ChIJc0y_nksXrjsReZFkusiU4sc,AL AZEEZ CHICKEN AND FISH CENTRE MRS NAZIYA SALMA,places,en,191,13.04146695,77.5999786,13.0392731,77.6006103,0,blr2,Bengaluru,2026-08-31T09:16:08.657133Z
ChIJ5XAVEZkXrjsRJpSpEcdUO9U,Hot Spot Bar & Restaurant,places,en,191,13.04146695,77.5999786,13.0390795,77.6001735,0,blr2,Bengaluru,2026-08-31T09:16:08.657136Z
ChIJoxajCZkXrjsRkOWjmf6VhBE,Durgasree Uphahara,places,en,191,13.04146695,77.5999786,13.0391295,77.59933939999999,0,blr2,Bengaluru,2026-08-31T09:16:08.657141Z
ChIJBeUJEZkXrjsRAAAA0JzqkRA,Vijay Kabab Center,places,en,191,13.04146695,77.5999786,13.0390238,77.5997716,0,blr2,Bengaluru,2026-08-31T09:16:08.657145Z
ChIJJ6Y6PpkXrjsRtyedHTIJmTY,Suguna Tender Chicken,places,en,191,13.04146695,77.5999786,13.0389767,77.5998249,0,blr2,Bengaluru,2026-08-31T09:16:08.657178Z
ChIJFRjEqMMXrjsRAUAhqRWzDGk,Mrs Latha N,places,en,191,13.04146695,77.5999786,13.038977299999999,77.5997963,0,blr2,Bengaluru,2026-08-31T09:16:08.657186Z
ChIJF_7quBIPrjsRzLwvHs1-plE,Shree Konark Restaurant,places,en,192,12.9987964,77.76057395000001,12.9989934,77.76059169999999,0,blr2,Bengaluru,2026-08-31T09:16:09.074613Z
ChIJ3YAWN-gPrjsRaLYYFNGQGt4,CHINNU TIFFIN CENTER,places,en,192,12.9987964,77.76057395000001,12.9989914,77.7606164,0,blr2,Bengaluru,2026-08-31T09:16:09.074649Z
ChIJr3sMmj0OrjsRDy55iLDjf9k,Bhabatarini Bengali Hotel,places,en,192,12.9987964,77.76057395000001,12.9988201,77.7603346,0,blr2,Bengaluru,2026-08-31T09:16:09.074659Z
ChIJn0NGDwAPrjsRamHRZK7kqro,Sahoo hotel ( odia hotel ),places,en,192,12.9987964,77.76057395000001,12.9987523,77.7603118,0,blr2,Bengaluru,2026-08-31T09:16:09.074664Z
ChIJ4TQVFZ8PrjsRwwo2w9ut-dc,Mane oota / ಮನೆ ಊಟ Catering Service(DAVANAGERE style),places,en,192,12.9987964,77.76057395000001,12.999425500000001,77.76128159999999,0,blr2,Bengaluru,2026-08-31T09:16:09.074671Z
ChIJYWZ2RQAPrjsRlG0aQ1T4wm4,KSS TASTY HUT,places,en,192,12.9987964,77.76057395000001,12.998813,77.7617552,0,blr2,Bengaluru,2026-08-31T09:16:09.074677Z
ChIJIwoHAwAPrjsRz7e0CmEy7co,Biriyani Adda,places,en,192,12.9987964,77.76057395000001,12.9972708,77.76080329999999,0,blr2,Bengaluru,2026-08-31T09:16:09.074681Z
ChIJWRA_w5gPrjsRO-IKXnIiMso,Ahmed's Resturant,places,en,192,12.9987964,77.76057395000001,12.9972552,77.7608553,0,blr2,Bengaluru,2026-08-31T09:16:09.074686Z
ChIJuRKFtGoPrjsR2uY7FTrd7hk,Thukaram P,places,en,192,12.9987964,77.76057395000001,12.9972198,77.76016800000001,0,blr2,Bengaluru,2026-08-31T09:16:09.074690Z
ChIJ47mwyGUPrjsR-xNYSaxy7jY,Fresh tea point,places,en,192,12.9987964,77.76057395000001,12.9987955,77.76228900000001,0,blr2,Bengaluru,2026-08-31T09:16:09.074693Z
ChIJZQynKwAPrjsRsS2uX92UxBM,Shree Jagannath Tiffins & Snacks,places,en,192,12.9987964,77.76057395000001,12.9989278,77.7622974,0,blr2,Bengaluru,2026-08-31T09:16:09.074699Z
ChIJmbzSoXUPrjsRV0fdy6MZ7s8,Bikram Sweets and Snacks (Odia),places,en,192,12.9987964,77.76057395000001,12.997181099999999,77.761191,0,blr2,Bengaluru,2026-08-31T09:16:09.074705Z
ChIJXS_S1A8PrjsR1uAyhFSj41E,Shiroz frost & flame,places,en,192,12.9987964,77.76057395000001,12.997048099999999,77.7618016,0,blr2,Bengaluru,2026-08-31T09:16:09.074711Z
ChIJE1WhMAAPrjsRttJ438SeaeM,Ambur Hot biriyani,places,en,192,12.9987964,77.76057395000001,12.997073499999999,77.7618437,0,blr2,Bengaluru,2026-08-31T09:16:09.074717Z
ChIJE90paD0OrjsR7bH8pTcHXXA,Sri Ganesh Darshan (Veg),places,en,192,12.9987964,77.76057395000001,12.998478299999999,77.758085,0,blr2,Bengaluru,2026-08-31T09:16:09.074721Z
ChIJJwqrRAAPrjsRFzzElnzumbI,Fried Wok,places,en,192,12.9987964,77.76057395000001,12.998385299999999,77.75799529999999,0,blr2,Bengaluru,2026-08-31T09:16:09.074726Z
ChIJGcloyKsPrjsRyTdM6WM3PBg,Sangita Kitchen,places,en,192,12.9987964,77.76057395000001,12.9996368,77.7630173,0,blr2,Bengaluru,2026-08-31T09:16:09.074730Z
ChIJ4dXSHK0PrjsRg8O1L9pIPHk,Taste orbit,places,en,192,12.9987964,77.76057395000001,12.997728299999999,77.7629656,0,blr2,Bengaluru,2026-08-31T09:16:09.074733Z
ChIJLaIn97MPrjsReS56PyzYIWo,New Udupi Garden Fast Food,places,en,192,12.9987964,77.76057395000001,12.998300599999999,77.757956,0,blr2,Bengaluru,2026-08-31T09:16:09.074737Z
ChIJQ9oCdAAPrjsR5klA8yt4g0U,Odia Chat & Sweet,places,en,192,12.9987964,77.76057395000001,12.9963316,77.7614397,0,blr2,Bengaluru,2026-08-31T09:16:09.074742Z
ChIJ5WTaOQARrjsRR3s4lZfFGLg,Hotel AR Reddy,places,en,196,13.02667925,77.67322275,13.026871400000001,77.6729378,0,blr2,Bengaluru,2026-08-31T09:16:11.683943Z
ChIJexIKxdwQrjsR-MsxrO6hQwk,M.R. CHICKEN CENTRE,places,en,196,13.02667925,77.67322275,13.026672099999999,77.6726722,0,blr2,Bengaluru,2026-08-31T09:16:11.683971Z
ChIJBdTb8dwQrjsR6jVxqLjQNWY,NORTH INDIAN DELIGHT,places,en,196,13.02667925,77.67322275,13.0253295,77.6727035,0,blr2,Bengaluru,2026-08-31T09:16:11.683978Z
ChIJ8fPRLAARrjsRRNCDuutR9zg,Missamma Home foods,places,en,196,13.02667925,77.67322275,13.027811699999999,77.6747066,0,blr2,Bengaluru,2026-08-31T09:16:11.683983Z
ChIJ2W0uNagRrjsRq--bUcyKMBA,Anugrasa(The Chain of Delicious Bites),places,en,196,13.02667925,77.67322275,13.0288223,77.6734359,0,blr2,Bengaluru,2026-08-31T09:16:11.683987Z
ChIJQUe-PwARrjsRnvzkEvu_dB0,Home made kabab and foods,places,en,196,13.02667925,77.67322275,13.024061999999999,77.6725831,0,blr2,Bengaluru,2026-08-31T09:16:11.683992Z
ChIJG7DiJWJxrjsRuh7xKQMj2Dw,ANJINAMMA,places,en,197,12.7825805,77.7718073,12.7828592,77.77220720000001,0,blr2,Bengaluru,2026-08-31T09:16:12.057148Z
ChIJCSIyU9VxrjsRxdadDYo7dqM,AAHHAA APPAJI NON VEG HOTEL,places,en,197,12.7825805,77.7718073,12.782329899999999,77.7722768,0,blr2,Bengaluru,2026-08-31T09:16:12.057174Z
ChIJvQNR2CVxrjsRy6zf7u6b4Ss,UDUPI SRI KRISHNA BHAVANA,places,en,197,12.7825805,77.7718073,12.782423399999999,77.7725631,0,blr2,Bengaluru,2026-08-31T09:16:12.057182Z
ChIJsU4vV5JxrjsRvSTBRLES6xE,STS BAKERY AND SWEETS,places,en,197,12.7825805,77.7718073,12.7818489,77.7717414,0,blr2,Bengaluru,2026-08-31T09:16:12.057188Z
ChIJaVp5tw9xrjsReHDvMEgmgUo,SRI RAGHAVENDRA UPHARA,places,en,197,12.7825805,77.7718073,12.7814727,77.77205099999999,0,blr2,Bengaluru,2026-08-31T09:16:12.057193Z
ChIJ5V4IwDZxrjsRohl5CtEAyOk,SANJAY CONDIMENTS,places,en,197,12.7825805,77.7718073,12.781469099999999,77.771391,0,blr2,Bengaluru,2026-08-31T09:16:12.057199Z
ChIJ-VX_oHpxrjsR8tMnfKH7tL8,I UTTARKARNATAKA HOTEL,places,en,197,12.7825805,77.7718073,12.783529900000001,77.7728317,0,blr2,Bengaluru,2026-08-31T09:16:12.057204Z
ChIJUbSicABxrjsRUOfj4k-_eFs,Ambur Hot Biryani & Tiffen Center,places,en,197,12.7825805,77.7718073,12.7812326,77.7716307,0,blr2,Bengaluru,2026-08-31T09:16:12.057209Z
ChIJGQ5jMyVxrjsR6Xk_S0I0dLw,BOMBAAT BHOJANA,places,en,197,12.7825805,77.7718073,12.7809455,77.7712509,0,blr2,Bengaluru,2026-08-31T09:16:12.057214Z
ChIJXeCRbABxrjsRmCUC4lsAzjA,BASHAVESHWARA KANAVALI,places,en,197,12.7825805,77.7718073,12.780883699999999,77.77111339999999,0,blr2,Bengaluru,2026-08-31T09:16:12.057219Z
ChIJP-V5YQBxrjsRX3QeNkJuuXg,Vinayak complex Attibele sarjapur road near KEB Opposite,places,en,197,12.7825805,77.7718073,12.7808991,77.7710457,0,blr2,Bengaluru,2026-08-31T09:16:12.057224Z
ChIJE4IiUylxrjsRumcjq9PabaY,Donang Momos Point,places,en,197,12.7825805,77.7718073,12.784247899999999,77.7728092,0,blr2,Bengaluru,2026-08-31T09:16:12.057229Z
ChIJQXAiVZJxrjsRYAwc1kYM59Q,SRI MAHADESHWARA HOTEL,places,en,197,12.7825805,77.7718073,12.780709499999999,77.77132739999999,0,blr2,Bengaluru,2026-08-31T09:16:12.057234Z
ChIJcUSb9U5xrjsRhFkRRglfktU,Spicy Revenge Multi Cuisine Restaurant,places,en,197,12.7825805,77.7718073,12.7845379,77.77296249999999,0,blr2,Bengaluru,2026-08-31T09:16:12.057239Z
ChIJIcN-qpNxrjsRUKr9Zha35fo,SRI GURU RAGHAVENDRAHOT CHIPS,places,en,197,12.7825805,77.7718073,12.7805109,77.77091109999999,0,blr2,Bengaluru,2026-08-31T09:16:12.057243Z
ChIJK6nZwJ5xrjsRiIbjhgu-1j8,HOTEL DHANYA,places,en,197,12.7825805,77.7718073,12.7805737,77.77076869999999,0,blr2,Bengaluru,2026-08-31T09:16:12.057248Z
ChIJ05Wh9LtxrjsRZUsbQ5XgMbw,Trendy Pizza,places,en,197,12.7825805,77.7718073,12.7805067,77.7707929,0,blr2,Bengaluru,2026-08-31T09:16:12.057253Z
ChIJt5lC9hhxrjsR49-yuTNI1R8,Tastadox,places,en,197,12.7825805,77.7718073,12.7846698,77.7730546,0,blr2,Bengaluru,2026-08-31T09:16:12.057258Z
ChIJjW8fCQ9xrjsREkFsz0lastY,CAKE SPOT,places,en,197,12.7825805,77.7718073,12.780371599999999,77.77083879999999,0,blr2,Bengaluru,2026-08-31T09:16:12.057263Z
ChIJa2ouZ7VxrjsRaRAzVG-gack,McDonald's,places,en,197,12.7825805,77.7718073,12.7845523,77.7732987,0,blr2,Bengaluru,2026-08-31T09:16:12.057268Z
ChIJX7-1Rk0_rjsRAtYdjz24cO8,Shri Basaveshwara Khanavali,places,en,198,12.94158295,77.48634945,12.9421714,77.4863318,0,blr2,Bengaluru,2026-08-31T09:16:12.543671Z
ChIJWxjs2ig_rjsR_fuhfKQ-l38,Kalikamba Chinese Fast Food & Chats,places,en,198,12.94158295,77.48634945,12.9423614,77.4864757,0,blr2,Bengaluru,2026-08-31T09:16:12.543715Z
ChIJ-7N9KLk-rjsRi1eQhcTwZIs,Davanagere mirchi palace,places,en,198,12.94158295,77.48634945,12.9424081,77.4867112,0,blr2,Bengaluru,2026-08-31T09:16:12.543725Z
ChIJVQocLLk-rjsRCLQCc8fQwRs,AMBUR HOT BIRIYANI,places,en,198,12.94158295,77.48634945,12.9426446,77.4870682,0,blr2,Bengaluru,2026-08-31T09:16:12.543732Z
ChIJYS253lM_rjsRNJCLjLh4yW8,Sake Sarkal cafe,places,en,198,12.94158295,77.48634945,12.9419918,77.48485509999999,0,blr2,Bengaluru,2026-08-31T09:16:12.543738Z
ChIJTUzgxC8_rjsRIP_6oIpBH7w,Renuka Condiments,places,en,198,12.94158295,77.48634945,12.942889599999999,77.4872772,0,blr2,Bengaluru,2026-08-31T09:16:12.543744Z
ChIJGYM2OQA_rjsR4r7PB66qYU8,Circle cafe,places,en,198,12.94158295,77.48634945,12.942171199999999,77.484793,0,blr2,Bengaluru,2026-08-31T09:16:12.543749Z
ChIJ3THDJ78-rjsRlyJnS5rbbSA,Sri Kottur Basaveshwara,places,en,198,12.94158295,77.48634945,12.9424786,77.4880052,0,blr2,Bengaluru,2026-08-31T09:16:12.543755Z
ChIJXdv0J78-rjsRgbA8CQeH1XM,Sri Annapurneshwari Hotel,places,en,198,12.94158295,77.48634945,12.9423547,77.4881209,0,blr2,Bengaluru,2026-08-31T09:16:12.543760Z
ChIJWYoMlB0_rjsRJ8lxK0men4Q,Shivabasava lingayata jolada rotti mess,places,en,198,12.94158295,77.48634945,12.939363499999999,77.4849179,0,blr2,Bengaluru,2026-08-31T09:16:12.543765Z
ChIJzf_cxY07rjsRi5GtuO3cyTQ,Aathithya Veg,places,en,199,12.9760205,77.4299723,12.9769018,77.4287703,0,blr2,Bengaluru,2026-08-31T09:16:12.958296Z
ChIJ85rKM447rjsRJIjwlL1n3Pg,Appu Samosa Cornar,places,en,199,12.9760205,77.4299723,12.9774506,77.4294845,0,blr2,Bengaluru,2026-08-31T09:16:12.958324Z
ChIJsQ1Wkss7rjsR35om7GBiizw,AMBUR HOT BIRIYANI,places,en,199,12.9760205,77.4299723,12.9769484,77.42841709999999,0,blr2,Bengaluru,2026-08-31T09:16:12.958331Z
ChIJ8aXXNAA7rjsRniS5-mAscro,ಪ್ರೀತಮ್ ಫಿಶ್ ಕಾರ್ನರ್ preetham fish corner,places,en,199,12.9760205,77.4299723,12.976915799999999,77.428297,0,blr2,Bengaluru,2026-08-31T09:16:12.958336Z
ChIJHeNrl_o7rjsRost2IAjJR3k,Appu Biryani. K Geetha,places,en,199,12.9760205,77.4299723,12.9768441,77.4281374,0,blr2,Bengaluru,2026-08-31T09:16:12.958341Z
ChIJGaiPiKo7rjsR0sKb4yaa2Pg,Sri Raghavendra Mess,places,en,199,12.9760205,77.4299723,12.9780737,77.43060419999999,0,blr2,Bengaluru,2026-08-31T09:16:12.958345Z
ChIJy8TD3MU7rjsRe-M0zhQ443s,Five star chicken shop,places,en,199,12.9760205,77.4299723,12.978306,77.4313488,0,blr2,Bengaluru,2026-08-31T09:16:12.958349Z
ChIJwy2XNVJqrjsRp-QkxRfnfeY,RENUKA CHICKEN CENTER,places,en,202,12.82151775,77.6045761,12.8233801,77.60342109999999,0,blr2,Bengaluru,2026-08-31T09:16:14.527585Z
ChIJXTut83trrjsReM3UgnO-Nro,Srinivasa Hotel,places,en,202,12.82151775,77.6045761,12.8233822,77.603421,0,blr2,Bengaluru,2026-08-31T09:16:14.527812Z
ChIJj5plqEtzrjsRzwB-EDO44QQ,Moin Beef Kababwala hotel Sarjapura,places,en,203,12.8589237,77.78592660000001,12.8597206,77.78641619999999,0,blr2,Bengaluru,2026-08-31T09:16:14.910960Z
ChIJZZNKLDFzrjsRUWGYopSU_og,Taj Beef Hotal,places,en,203,12.8589237,77.78592660000001,12.859502599999999,77.7866609,0,blr2,Bengaluru,2026-08-31T09:16:14.910996Z
ChIJ4VToqS5zrjsRWlz1u8baGhM,American Bites,places,en,203,12.8589237,77.78592660000001,12.8580432,77.78639369999999,0,blr2,Bengaluru,2026-08-31T09:16:14.911004Z
ChIJQcc1BxFzrjsRaB020GfQs2w,SRI BALAJI RESIDENCY,places,en,203,12.8589237,77.78592660000001,12.8575608,77.78635369999999,0,blr2,Bengaluru,2026-08-31T09:16:14.911010Z
ChIJny-U4eNyrjsRXiaNFPxUKSw,Raw kart,places,en,203,12.8589237,77.78592660000001,12.8575607,77.78635369999999,0,blr2,Bengaluru,2026-08-31T09:16:14.911016Z
ChIJTdZCI4JzrjsRk7705kp1PEY,Gowdru Hatti Badoota,places,en,203,12.8589237,77.78592660000001,12.857560600000001,77.78635369999999,0,blr2,Bengaluru,2026-08-31T09:16:14.911021Z
ChIJc8C1ZQBzrjsRzQnAAIFz7Yg,Sarjapur,places,en,203,12.8589237,77.78592660000001,12.857560600000001,77.78635369999999,0,blr2,Bengaluru,2026-08-31T09:16:14.911033Z
ChIJa2-_EjhzrjsRwVlh7JOnVCc,AL SULAIMAN TEA STALL,places,en,203,12.8589237,77.78592660000001,12.859969,77.7870214,0,blr2,Bengaluru,2026-08-31T09:16:14.911040Z
ChIJRcZ5F6dzrjsRjE2yhLsAOLo,Khao Bao,places,en,203,12.8589237,77.78592660000001,12.8575064,77.7863507,0,blr2,Bengaluru,2026-08-31T09:16:14.911045Z
ChIJdxO9beZzrjsR6TNIkqosXLI,Ajeet Bhaskar Fast Food Stal,places,en,203,12.8589237,77.78592660000001,12.8573285,77.78636379999999,0,blr2,Bengaluru,2026-08-31T09:16:14.911148Z
ChIJu3WUN3pzrjsRhG3CP6EOtGw,om shakthi hotel,places,en,203,12.8589237,77.78592660000001,12.8598362,77.78744449999999,0,blr2,Bengaluru,2026-08-31T09:16:14.911160Z
ChIJNaayfThzrjsRA19D9yBLkrY,NAGARAJU G M,places,en,203,12.8589237,77.78592660000001,12.8598121,77.7874732,0,blr2,Bengaluru,2026-08-31T09:16:14.911168Z
ChIJF_8SlPdzrjsROf3O79XNdGg,ROYAL BEEF BIRIYANI,places,en,203,12.8589237,77.78592660000001,12.8589655,77.7839633,0,blr2,Bengaluru,2026-08-31T09:16:14.911173Z
ChIJRdInKABzrjsRKcRPfUOarSI,Venu Hotel,places,en,203,12.8589237,77.78592660000001,12.8605611,77.78695909999999,0,blr2,Bengaluru,2026-08-31T09:16:14.911179Z
ChIJr_FyelNzrjsRqYDDrsyYC2o,V Murugesh,places,en,203,12.8589237,77.78592660000001,12.8611726,77.7867527,0,blr2,Bengaluru,2026-08-31T09:16:14.911184Z
ChIJhyA86OByrjsR0WXM-WcovwY,Sri Balaji Military Hotel,places,en,203,12.8589237,77.78592660000001,12.8612896,77.786801,0,blr2,Bengaluru,2026-08-31T09:16:14.911189Z
ChIJqec4xA9zrjsRtS8peYXMwXE,ASRAR AHMED,places,en,203,12.8589237,77.78592660000001,12.8611879,77.787053,0,blr2,Bengaluru,2026-08-31T09:16:14.911194Z
ChIJ9c4f88tzrjsRIwfO2zfx-vo,Cloud Chef Gateway,places,en,203,12.8589237,77.78592660000001,12.8613518,77.7866461,0,blr2,Bengaluru,2026-08-31T09:16:14.911200Z
ChIJVSnqyslzrjsRPjM7uu_ABD4,Foody's Family Restaurant,places,en,203,12.8589237,77.78592660000001,12.858697900000001,77.78332209999999,0,blr2,Bengaluru,2026-08-31T09:16:14.911205Z
ChIJRVC15qdzrjsRbRmThEB7Q_Y,Basaveshvara Khanavali,places,en,203,12.8589237,77.78592660000001,12.8615452,77.7863074,0,blr2,Bengaluru,2026-08-31T09:16:14.911211Z
ChIJpyeaYQ4XrjsRNFjiqYkDacI,S.S. Chinese Fast Food,places,en,206,13.02836335,77.6176627,13.0291254,77.6168823,0,blr2,Bengaluru,2026-08-31T09:16:16.292561Z
ChIJDWPJwf4XrjsRlavZr1nUhMc,Sana kabab center,places,en,206,13.02836335,77.6176627,13.0287402,77.6162377,0,blr2,Bengaluru,2026-08-31T09:16:16.292593Z
ChIJiYtyHOsXrjsROVvpGW_wPbQ,Sheek shop,places,en,206,13.02836335,77.6176627,13.0290897,77.61633619999999,0,blr2,Bengaluru,2026-08-31T09:16:16.292599Z
ChIJMQQfYg4XrjsR4lKYIcnq49A,SHAMA SEMIYAN & SHEERMAL,places,en,206,13.02836335,77.6176627,13.0293744,77.6164605,0,blr2,Bengaluru,2026-08-31T09:16:16.292604Z
ChIJh1jY2IMXrjsRFHmdO1qs1dw,LAZEEZ KABAB & ROLLS,places,en,206,13.02836335,77.6176627,13.0291526,77.6161415,0,blr2,Bengaluru,2026-08-31T09:16:16.292608Z
ChIJFYwPK6kXrjsRsPaR2cWD56g,Royal Chicken Point,places,en,206,13.02836335,77.6176627,13.0272648,77.6189728,0,blr2,Bengaluru,2026-08-31T09:16:16.292611Z
ChIJG6NG72sXrjsR5Vz5JJtTxX0,Mr SHAFEEQ AHMED,places,en,206,13.02836335,77.6176627,13.0272477,77.6189794,0,blr2,Bengaluru,2026-08-31T09:16:16.292615Z
ChIJ6xGSheMXrjsRBlbXfzjn4kQ,S.A.S Poultry,places,en,206,13.02836335,77.6176627,13.027625899999999,77.6160692,0,blr2,Bengaluru,2026-08-31T09:16:16.292619Z
ChIJYZQv1xEXrjsRa2XvjuVIrhc,NOOR dress chicken,places,en,206,13.02836335,77.6176627,13.028303699999999,77.6194613,0,blr2,Bengaluru,2026-08-31T09:16:16.292622Z
ChIJq4ImTwAXrjsR14nT7wk_wJc,Crown's kitchen,places,en,206,13.02836335,77.6176627,13.026740799999999,77.6169737,0,blr2,Bengaluru,2026-08-31T09:16:16.292626Z
ChIJkVmhBc8XrjsRH9DCm0jVnJQ,MAG BITES,places,en,206,13.02836335,77.6176627,13.0302326,77.61680009999999,0,blr2,Bengaluru,2026-08-31T09:16:16.292629Z
ChIJ8coqKwAXrjsRoQHEZCvyq9o,Bismillah kabab centre,places,en,206,13.02836335,77.6176627,13.028906899999999,77.61972039999999,0,blr2,Bengaluru,2026-08-31T09:16:16.292633Z
ChIJ-9PqPgAXrjsRMmzsNqeyuzc,Bismillah chicken corner 2 branch,places,en,206,13.02836335,77.6176627,13.030331499999999,77.61665550000001,0,blr2,Bengaluru,2026-08-31T09:16:16.292636Z
ChIJGaf-a7gXrjsRljvGqVjSJ68,HEYA KITCHEN HOMEMADE,places,en,206,13.02836335,77.6176627,13.03052,77.6181354,0,blr2,Bengaluru,2026-08-31T09:16:16.292640Z
ChIJDd52SgAVrjsROGApJOvBuWA,Viswapriya nagar,places,en,208,12.882729000000001,77.63225815,12.8814181,77.6323996,0,blr2,Bengaluru,2026-08-31T09:16:17.035052Z
ChIJnUrhBgAVrjsRZNXLRZrf1q0,Roilo Nimontron,places,en,208,12.882729000000001,77.63225815,12.881160900000001,77.63139819999999,0,blr2,Bengaluru,2026-08-31T09:16:17.035080Z
ChIJ5QqlebUUrjsRggWY8o07Xr8,Chef Badal's,places,en,208,12.882729000000001,77.63225815,12.881163899999999,77.6312729,0,blr2,Bengaluru,2026-08-31T09:16:17.035176Z
ChIJP5OBf7UUrjsRPvD4Cw54IVQ,Pavithra Chicken Center,places,en,208,12.882729000000001,77.63225815,12.8813532,77.630875,0,blr2,Bengaluru,2026-08-31T09:16:17.035194Z
ChIJIWMSLwAVrjsRiSiGlf7W8Ok,Royal chicken centre,places,en,208,12.882729000000001,77.63225815,12.880890200000001,77.6331826,0,blr2,Bengaluru,2026-08-31T09:16:17.035200Z
ChIJ8YX9frUUrjsRGA0xGR3fOt8,M.S Snacks Corner,places,en,208,12.882729000000001,77.63225815,12.8811422,77.6308976,0,blr2,Bengaluru,2026-08-31T09:16:17.035205Z
ChIJ1y9EYLkVrjsRsB60fa--KtY,Neha ki punjabi rasoi,places,en,208,12.882729000000001,77.63225815,12.8834093,77.6298405,0,blr2,Bengaluru,2026-08-31T09:16:17.035210Z
ChIJb8th8-AVrjsRmK48FKqdiuk,YES2HOME,places,en,208,12.882729000000001,77.63225815,12.8825807,77.62959719999999,0,blr2,Bengaluru,2026-08-31T09:16:17.035215Z
ChIJF9iYnyNrrjsRDkmRfEcJR_Q,Khushi Rotti mane,places,en,209,12.87570805,77.6349477,12.876225699999999,77.6354781,0,blr2,Bengaluru,2026-08-31T09:16:17.367661Z
ChIJWf79e2EVrjsR5BMNR9cqMa0,Achayans Pride,places,en,209,12.87570805,77.6349477,12.876331,77.6355171,0,blr2,Bengaluru,2026-08-31T09:16:17.367688Z
ChIJsVY7VgZrrjsRl77X_vPHhpg,British Burgers,places,en,209,12.87570805,77.6349477,12.8773804,77.6342129,0,blr2,Bengaluru,2026-08-31T09:16:17.367694Z
ChIJs_4TKqprrjsRx5hauNb-vgg,The Soul of Pala,places,en,209,12.87570805,77.6349477,12.8733271,77.63508019999999,0,blr2,Bengaluru,2026-08-31T09:16:17.367698Z
ChIJtSbKf9VrrjsRy7a3oZ4o8xQ,INDIAN RESTAURANT,places,en,209,12.87570805,77.6349477,12.8773734,77.6370113,0,blr2,Bengaluru,2026-08-31T09:16:17.367703Z
ChIJOXvnmr9rrjsR2M55XWCljCg,"B Fresho – Fresh Idli, Dosa Batter & Indian Breads | Bangalore",places,en,209,12.87570805,77.6349477,12.873054699999999,77.635215,0,blr2,Bengaluru,2026-08-31T09:16:17.367707Z
ChIJj97aZQARrjsRpjMWUWmCtog,Friends multi cuisine restaurant,places,en,212,12.9878628,77.69559799999999,12.9873984,77.6972517,0,blr2,Bengaluru,2026-08-31T09:16:18.575734Z
ChIJvVJy-FYRrjsRMBJE994cCbA,Miracle Tiffin Center,places,en,212,12.9878628,77.69559799999999,12.9881811,77.6972943,0,blr2,Bengaluru,2026-08-31T09:16:18.575769Z
ChIJBcgJCQARrjsRbex2fzxVHzY,Madurai Bun Parotta Hut,places,en,212,12.9878628,77.69559799999999,12.988237699999999,77.6973268,0,blr2,Bengaluru,2026-08-31T09:16:18.575777Z
ChIJ0at9nsIRrjsR64gimyqEK48,GARUDA FOOD ZONE,places,en,212,12.9878628,77.69559799999999,12.988428299999999,77.6973374,0,blr2,Bengaluru,2026-08-31T09:16:18.575783Z
ChIJ5_5ofvYRrjsRqx85rGwF7ZY,Bombay chupaty chats & snacks,places,en,212,12.9878628,77.69559799999999,12.988822200000001,77.6971611,0,blr2,Bengaluru,2026-08-31T09:16:18.575788Z
ChIJnwtXrOMRrjsRmHVXJ_2INEQ,B'KITCHENN Naati Style,places,en,212,12.9878628,77.69559799999999,12.9886851,77.69728479999999,0,blr2,Bengaluru,2026-08-31T09:16:18.575799Z
ChIJZbW7RgARrjsRJwlbquulzlE,Tasti Corner Hub,places,en,212,12.9878628,77.69559799999999,12.9879602,77.6975066,0,blr2,Bengaluru,2026-08-31T09:16:18.575805Z
ChIJI1ylUwARrjsRrvYR6GZj_Fo,Rock n roll | besr Kathi rolls,places,en,212,12.9878628,77.69559799999999,12.9880398,77.6975253,0,blr2,Bengaluru,2026-08-31T09:16:18.575810Z
ChIJz1-R_hgRrjsRC7uLzG8Chmo,Sri Basaveshwara Khanavali,places,en,212,12.9878628,77.69559799999999,12.9878474,77.69758399999999,0,blr2,Bengaluru,2026-08-31T09:16:18.575815Z
ChIJP0ziDwARrjsRr-k09w9DRec,CHINESE EMPIRE,places,en,212,12.9878628,77.69559799999999,12.9879914,77.6976504,0,blr2,Bengaluru,2026-08-31T09:16:18.575821Z
ChIJa7r5EAARrjsRF6PpEhWkVic,SAVOR STREAT,places,en,212,12.9878628,77.69559799999999,12.988004,77.697655,0,blr2,Bengaluru,2026-08-31T09:16:18.575826Z
ChIJp3tWJQARrjsRieq1JiWj1AY,Moms Cafe,places,en,212,12.9878628,77.69559799999999,12.9880005,77.69768859999999,0,blr2,Bengaluru,2026-08-31T09:16:18.575831Z
ChIJ9VoxcXYRrjsRMf00eKd2ssM,Rk Fast Food Centre,places,en,212,12.9878628,77.69559799999999,12.988704499999999,77.6975157,0,blr2,Bengaluru,2026-08-31T09:16:18.575836Z
ChIJQ23iRNURrjsRtZSV4ucTqQA,Only Nonveg,places,en,212,12.9878628,77.69559799999999,12.9878378,77.6977378,0,blr2,Bengaluru,2026-08-31T09:16:18.575841Z
ChIJedeBXh0RrjsRW5YzkHI4T9k,Kovai Annapoorna Veg,places,en,212,12.9878628,77.69559799999999,12.987852799999999,77.6977596,0,blr2,Bengaluru,2026-08-31T09:16:18.575847Z
ChIJNdfW37gRrjsRjKABM5ACmn4,ZAAAR,places,en,212,12.9878628,77.69559799999999,12.9878853,77.69775969999999,0,blr2,Bengaluru,2026-08-31T09:16:18.575852Z
ChIJ97njc3YRrjsRViWxfMQXLt8,VITHI BARBEQUE CORNER,places,en,212,12.9878628,77.69559799999999,12.9886754,77.6976449,0,blr2,Bengaluru,2026-08-31T09:16:18.575889Z
ChIJMzg0zDARrjsRgnO1Rhcdhiw,Samosa Party Bagmane Techpark,places,en,212,12.9878628,77.69559799999999,12.9860197,77.6942378,0,blr2,Bengaluru,2026-08-31T09:16:18.575897Z
ChIJD99mKHcRrjsRoDGwndBPfDg,Adyar Ananda Bhavan - A2B,places,en,212,12.9878628,77.69559799999999,12.9859551,77.6943338,0,blr2,Bengaluru,2026-08-31T09:16:18.575902Z
ChIJCSOKJXcRrjsRcL0ayOquMFM,California Burrito Mexican Kitchen @ Bagmane WTC,places,en,212,12.9878628,77.69559799999999,12.9859998,77.6941803,0,blr2,Bengaluru,2026-08-31T09:16:18.575907Z
ChIJ10j4cIMRrjsRVSCCifXr_i4,Krumbles foods india pvt ltd,places,en,213,13.055911,77.72207625,13.0567915,77.72201559999999,0,blr2,Bengaluru,2026-08-31T09:16:19.008323Z
ChIJ6Yu-S9URrjsRQfVzRJFKsog,HariHara Bhojana,places,en,213,13.055911,77.72207625,13.0567849,77.7217787,0,blr2,Bengaluru,2026-08-31T09:16:19.008370Z
ChIJ59TV9mERrjsRlLACh0jV2KQ,S.R.S VEG HOTEL,places,en,214,12.972413,77.68401689999999,12.9722716,77.68190779999999,0,blr2,Bengaluru,2026-08-31T09:16:19.426347Z
ChIJpYgHYj0RrjsRD8aG6GVHRwE,BANGARPET PANI PURI POINT,places,en,214,12.972413,77.68401689999999,12.971485399999999,77.681713,0,blr2,Bengaluru,2026-08-31T09:16:19.426378Z
ChIJEVm5_GERrjsRHuMPW0wimyw,Ambur Briyani and Kabab Center,places,en,214,12.972413,77.68401689999999,12.971648799999999,77.6815919,0,blr2,Bengaluru,2026-08-31T09:16:19.426385Z
ChIJRwg2FV0RrjsRsmfEw1CbC-U,Uncle Peter's Pancakes,places,en,214,12.972413,77.68401689999999,12.971706,77.6815719,0,blr2,Bengaluru,2026-08-31T09:16:19.426390Z
ChIJg5UaupQ_rjsRbKG84K1JgPs,MATHA ENTERPRISE,places,en,215,12.92293385,77.48828505,12.923687399999999,77.4878695,0,blr2,Bengaluru,2026-08-31T09:16:19.852444Z
ChIJXfvuNJc_rjsRhZQfWbp_fsU,Srinika Chatpata,places,en,215,12.92293385,77.48828505,12.923119499999999,77.4891878,0,blr2,Bengaluru,2026-08-31T09:16:19.852479Z
ChIJCZtM3vU_rjsRu-fnEw2XMSA,Sri Gururaj catering and tours,places,en,215,12.92293385,77.48828505,12.9233095,77.48734329999999,0,blr2,Bengaluru,2026-08-31T09:16:19.852487Z
ChIJjRHq1IU_rjsRFGriqlHAnUM,Sonu fast food,places,en,215,12.92293385,77.48828505,12.9227732,77.4871849,0,blr2,Bengaluru,2026-08-31T09:16:19.852493Z
ChIJVdwq_BE_rjsRXV3KO6WqslE,TEA BENCH,places,en,215,12.92293385,77.48828505,12.922737,77.489385,0,blr2,Bengaluru,2026-08-31T09:16:19.852497Z
ChIJX07UbQA_rjsRfH0cmGzjeDM,Shiva,places,en,215,12.92293385,77.48828505,12.9238393,77.4875332,0,blr2,Bengaluru,2026-08-31T09:16:19.852501Z
ChIJEUnhSAA_rjsRF5dM-3HD_iA,Bangalore kabab,places,en,215,12.92293385,77.48828505,12.924028,77.4877384,0,blr2,Bengaluru,2026-08-31T09:16:19.852506Z
ChIJrRGpOdw-rjsRvuiWxV3mPJk,Sri BASAVESHWARA TIFAN CENTRE VEG,places,en,215,12.92293385,77.48828505,12.923783199999999,77.48939109999999,0,blr2,Bengaluru,2026-08-31T09:16:19.852510Z
ChIJ83PJwmw_rjsRL-yqoZwNQgc,SRI PATALAMMA KABAB CENTER,places,en,215,12.92293385,77.48828505,12.921211999999999,77.48781489999999,0,blr2,Bengaluru,2026-08-31T09:16:19.852515Z
ChIJ9TJTb4w_rjsRwrr2zcouX4Q,BHAVYA C M TEA STALL,places,en,215,12.92293385,77.48828505,12.9214062,77.4894352,0,blr2,Bengaluru,2026-08-31T09:16:19.852519Z
ChIJ0X_g8k89rjsRFsG8J5I588s,GOWDRU CHICKEN CENTER,places,en,215,12.92293385,77.48828505,12.9227593,77.4863213,0,blr2,Bengaluru,2026-08-31T09:16:19.852523Z
ChIJuyEllpQ_rjsREZQNBxwRnPw,SA Chicken & Fish Paradise,places,en,215,12.92293385,77.48828505,12.9227153,77.48630709999999,0,blr2,Bengaluru,2026-08-31T09:16:19.852527Z
ChIJUweKhzk_rjsR-LjdcseWapE,A V BRAND BAJJI,places,en,215,12.92293385,77.48828505,12.9211683,77.4871587,0,blr2,Bengaluru,2026-08-31T09:16:19.852532Z
ChIJCdxnc6M_rjsRpIPxWjNOmT8,Vegetable Center,places,en,215,12.92293385,77.48828505,12.9210376,77.48928,0,blr2,Bengaluru,2026-08-31T09:16:19.852536Z
ChIJLxPt0hI_rjsRnj17PAX1tVE,Rotti Mane,places,en,215,12.92293385,77.48828505,12.9240712,77.4864035,0,blr2,Bengaluru,2026-08-31T09:16:19.852540Z
ChIJL-_n69s-rjsRYes4rRt5HH4,Sharma Chats,places,en,215,12.92293385,77.48828505,12.9233952,77.4859755,0,blr2,Bengaluru,2026-08-31T09:16:19.852544Z
ChIJ09pFS2E_rjsRZZtMXnYCfbA,ABHIGNA MUSHROOM DUM BIRIYANI,places,en,215,12.92293385,77.48828505,12.923653,77.48582499999999,0,blr2,Bengaluru,2026-08-31T09:16:19.852549Z
ChIJK2YqRAA_rjsRfz4DkZqkRYw,Sri Raghavendra tiffin centre,places,en,215,12.92293385,77.48828505,12.9244992,77.48625609999999,0,blr2,Bengaluru,2026-08-31T09:16:19.852553Z
ChIJ_0HGDHM_rjsRP5jkXd-vUVc,Shri Maruti Fast Food,places,en,215,12.92293385,77.48828505,12.924347099999999,77.4859918,0,blr2,Bengaluru,2026-08-31T09:16:19.852557Z
ChIJ74fdOwA_rjsRr1hpiEzttt0,Masala Magic Cafe,places,en,216,12.9168977,77.49849035,12.916979399999999,77.4984285,0,blr2,Bengaluru,2026-08-31T09:16:20.320144Z
ChIJzQaQPPU_rjsRzHUHaUuXi3o,Ashwini Chicken Center,places,en,216,12.9168977,77.49849035,12.9170506,77.49864409999999,0,blr2,Bengaluru,2026-08-31T09:16:20.320181Z
ChIJh4MLnZk_rjsR_8P6kEr5RxA,KL Pizza,places,en,216,12.9168977,77.49849035,12.9166855,77.4985488,0,blr2,Bengaluru,2026-08-31T09:16:20.320191Z
ChIJL5rdX-o_rjsRGiQp3BxlXVc,Sri Loknath Cafe And Restaurant,places,en,216,12.9168977,77.49849035,12.916611300000001,77.49859359999999,0,blr2,Bengaluru,2026-08-31T09:16:20.320199Z
ChIJIzzahOs_rjsRT60ac71WhOU,Sri Loknath Comforts Inn PG For Gent's And Dormitory,places,en,216,12.9168977,77.49849035,12.916581299999999,77.4985839,0,blr2,Bengaluru,2026-08-31T09:16:20.320204Z
ChIJJeFZVcI-rjsRK2XZIZqDHXg,Bengali Hotel And Chaat,places,en,216,12.9168977,77.49849035,12.9165484,77.4991139,0,blr2,Bengaluru,2026-08-31T09:16:20.320209Z
ChIJWadu4x0_rjsRmPWZTDigiy4,Pratham Biriyani Corner,places,en,216,12.9168977,77.49849035,12.9165499,77.49920010000001,0,blr2,Bengaluru,2026-08-31T09:16:20.320213Z
ChIJF2m5Xrc_rjsRGeaOgfJdTdE,Shree Chats Juice and Ice Cream,places,en,216,12.9168977,77.49849035,12.9166121,77.49949990000002,0,blr2,Bengaluru,2026-08-31T09:16:20.320220Z
ChIJ83MrISs_rjsR2JRRHv08cw8,M V R Soudhe Ole Fish Tawa Fry Mr MAYA KANNAN A,places,en,216,12.9168977,77.49849035,12.917117999999999,77.49962219999999,0,blr2,Bengaluru,2026-08-31T09:16:20.320226Z
ChIJpySArgA_rjsRQSuQURaODVY,M.V.R Soudheole Fish Tawa Fry,places,en,216,12.9168977,77.49849035,12.9171292,77.499642,0,blr2,Bengaluru,2026-08-31T09:16:20.320232Z
ChIJYd9ptUA_rjsRa4ienfjjdPY,Sti Guru Ragavendra Gobhir Corner Mahadevappa,places,en,216,12.9168977,77.49849035,12.9157809,77.4982301,0,blr2,Bengaluru,2026-08-31T09:16:20.320237Z
ChIJewcz7h0_rjsRXFLcd1v0yig,Lisha chicken center,places,en,216,12.9168977,77.49849035,12.916658499999999,77.4996767,0,blr2,Bengaluru,2026-08-31T09:16:20.320241Z
ChIJzerbijM_rjsRhwNl6pBqrSk,Vbr Restaurant,places,en,216,12.9168977,77.49849035,12.916799399999999,77.49970040000001,0,blr2,Bengaluru,2026-08-31T09:16:20.320245Z
ChIJ9fLUECc_rjsRy2HbeW1HJUw,Badshah's kitchen,places,en,216,12.9168977,77.49849035,12.9174129,77.4996046,0,blr2,Bengaluru,2026-08-31T09:16:20.320251Z
ChIJb-Vzlp8_rjsRzo-LcoYqEY0,AGS Annapurna Restarunt A/C VEG&NONVEG,places,en,216,12.9168977,77.49849035,12.9174359,77.4996063,0,blr2,Bengaluru,2026-08-31T09:16:20.320256Z
ChIJ8TRSKcc_rjsROru50G1EVUI,The Corporate Kitchen,places,en,216,12.9168977,77.49849035,12.917181,77.4997542,0,blr2,Bengaluru,2026-08-31T09:16:20.320261Z
ChIJJwzxWLs_rjsRV-mH01nYi48,APNA ADDA,places,en,216,12.9168977,77.49849035,12.9172318,77.49974499999999,0,blr2,Bengaluru,2026-08-31T09:16:20.320265Z
ChIJNw4b7h0_rjsRolAEPdFK1ck,Dilli Da Dhaba,places,en,216,12.9168977,77.49849035,12.9166815,77.4998821,0,blr2,Bengaluru,2026-08-31T09:16:20.320270Z
ChIJNdGjIwA_rjsRYTTaU-FxFUw,Sri Vinayaka Tiffin centre,places,en,216,12.9168977,77.49849035,12.916805,77.499932,0,blr2,Bengaluru,2026-08-31T09:16:20.320274Z
ChIJtShJcDU_rjsRVq8KMv_v15U,Amaravati Restaurant,places,en,216,12.9168977,77.49849035,12.9171301,77.4999545,0,blr2,Bengaluru,2026-08-31T09:16:20.320278Z
ChIJKxy04YcRrjsRFccCBEOqj1k,Kushi Food's And Chats,places,en,217,13.0112051,77.69386055,13.011738999999999,77.6936157,0,blr2,Bengaluru,2026-08-31T09:16:20.685253Z
ChIJrzWLCgARrjsRw9GSGpz9ILQ,Abbaplace,places,en,217,13.0112051,77.69386055,13.0101522,77.69471659999999,0,blr2,Bengaluru,2026-08-31T09:16:20.685327Z
ChIJDV94igMRrjsRh-7m27E8dYw,Sri Lakshmi Tiffin Center,places,en,217,13.0112051,77.69386055,13.0114465,77.6920998,0,blr2,Bengaluru,2026-08-31T09:16:20.685334Z
ChIJe6mgSz4RrjsRAfJzHOC5GRE,Bengaluru biryani center,places,en,217,13.0112051,77.69386055,13.0110832,77.6956282,0,blr2,Bengaluru,2026-08-31T09:16:20.685339Z
ChIJ39cLGaERrjsR6FrT292zpD4,M R TEA,places,en,217,13.0112051,77.69386055,13.009539499999999,77.6931242,0,blr2,Bengaluru,2026-08-31T09:16:20.685344Z
ChIJRSYICwARrjsR0OdN-EEmmIA,New Taj Mutton chicken shop,places,en,217,13.0112051,77.69386055,13.009926799999999,77.6924775,0,blr2,Bengaluru,2026-08-31T09:16:20.685348Z
ChIJ2wTbUAARrjsRxy0mSVQporY,HRAS FAST FOOD POINT,places,en,217,13.0112051,77.69386055,13.0113506,77.6958409,0,blr2,Bengaluru,2026-08-31T09:16:20.685353Z
ChIJ5Zk4QAARrjsRTI-qPAezq8g,Udupi thimmana bonda stall,places,en,217,13.0112051,77.69386055,13.0096133,77.6952294,0,blr2,Bengaluru,2026-08-31T09:16:20.685358Z
ChIJV5oKOgARrjsRFdU_nAq2N4A,Vasavi Chats Center,places,en,217,13.0112051,77.69386055,13.0089315,77.6949697,0,blr2,Bengaluru,2026-08-31T09:16:20.685362Z
ChIJpSb7igYRrjsRvw5oaGnZcYY,SNAXPOT,places,en,217,13.0112051,77.69386055,13.0089315,77.6949697,0,blr2,Bengaluru,2026-08-31T09:16:20.685366Z
ChIJZ9HNbQoRrjsR4sk2zbN-HrE,Saffron Resto-Bar,places,en,217,13.0112051,77.69386055,13.0086946,77.694231,0,blr2,Bengaluru,2026-08-31T09:16:20.685371Z
ChIJw1ldqMIRrjsREW7WQb3-P2c,Vindhu Bhojanam Veg & Non-Veg Andhra Style Restaurant KR Puram,places,en,217,13.0112051,77.69386055,13.0086768,77.69423979999999,0,blr2,Bengaluru,2026-08-31T09:16:20.685375Z
ChIJ1_jrYAARrjsRBypWk6ed4Jk,Shri Krishna Naivedyam,places,en,217,13.0112051,77.69386055,13.0085625,77.69381249999999,0,blr2,Bengaluru,2026-08-31T09:16:20.685379Z
ChIJkegQekdrrjsRcM8xP3jC4kQ,Kolkata Durbar,places,en,218,12.83847775,77.6426793,12.837887499999999,77.64327159999999,0,blr2,Bengaluru,2026-08-31T09:16:21.090427Z
ChIJ68UaEZxrrjsRhm-t-CsAE0Q,Quality Chicken Center,places,en,218,12.83847775,77.6426793,12.8383085,77.6440487,0,blr2,Bengaluru,2026-08-31T09:16:21.090458Z
ChIJIxTGBABrrjsRvsuhHQtAJXU,Patna Platter,places,en,218,12.83847775,77.6426793,12.839883600000002,77.6422324,0,blr2,Bengaluru,2026-08-31T09:16:21.090467Z
ChIJvcLhDgBrrjsRm_ebRnrIgZ0,Abhishek Maurya Tiffen Center,places,en,218,12.83847775,77.6426793,12.837443299999999,77.6437835,0,blr2,Bengaluru,2026-08-31T09:16:21.090473Z
ChIJ3w1olkdrrjsR6Fg7MIe-8oE,Gowdru Hotel,places,en,218,12.83847775,77.6426793,12.836775500000002,77.6436552,0,blr2,Bengaluru,2026-08-31T09:16:21.090478Z
ChIJhXbBLfdrrjsRjFCgWts5yDo,KING'S MEATERY,places,en,218,12.83847775,77.6426793,12.8398486,77.6410475,0,blr2,Bengaluru,2026-08-31T09:16:21.090483Z
ChIJ4b0Dre1rrjsR1zlvWM5oNy4,S K FOOD JUNCTION,places,en,218,12.83847775,77.6426793,12.8398794,77.64439039999999,0,blr2,Bengaluru,2026-08-31T09:16:21.090489Z
ChIJ6RWDHABrrjsRRdhj3uEmQmQ,Mummy Da Dhaba Shaba,places,en,218,12.83847775,77.6426793,12.8407536,77.6433471,0,blr2,Bengaluru,2026-08-31T09:16:21.090494Z
ChIJHc8wmkZrrjsRiRY5HDisbHo,Sri Isha Cafe,places,en,218,12.83847775,77.6426793,12.837888,77.645318,0,blr2,Bengaluru,2026-08-31T09:16:21.090499Z
ChIJ71n5ZgBrrjsRFhhEt7sKj6U,S.K.M,places,en,218,12.83847775,77.6426793,12.840743,77.644082,0,blr2,Bengaluru,2026-08-31T09:16:21.090504Z
ChIJV0IcDasVrjsRiuMrSGkF3qc,TheSweetsBar,places,en,219,12.886352800000001,77.63235065,12.885156199999999,77.6305642,0,blr2,Bengaluru,2026-08-31T09:16:21.490886Z
ChIJP9vtayUVrjsRAsCzgonbYvw,KPNOOR FAST FOOD SHOP,places,en,220,12.9040109,77.63519525000001,12.9044026,77.63527189999999,0,blr2,Bengaluru,2026-08-31T09:16:21.954519Z
ChIJGz_TackVrjsRyyBltOAeveE,Prince hotel,places,en,220,12.9040109,77.63519525000001,12.904543499999999,77.6356547,0,blr2,Bengaluru,2026-08-31T09:16:21.954552Z
ChIJOaW70JUUrjsRAAAAMGZRalo,Ibrahim Khaleel Hotel Beef,places,en,220,12.9040109,77.63519525000001,12.9035976,77.6359954,0,blr2,Bengaluru,2026-08-31T09:16:21.954560Z
ChIJ9xrQKHMVrjsR_Zj1i61TEs4,RAJADHANI CHICKEN CENTER,places,en,220,12.9040109,77.63519525000001,12.9045065,77.6359623,0,blr2,Bengaluru,2026-08-31T09:16:21.954567Z
ChIJnwTEjasVrjsRUDNR1UBvom0,A R Fabrication work,places,en,220,12.9040109,77.63519525000001,12.9049707,77.6351956,0,blr2,Bengaluru,2026-08-31T09:16:21.954573Z
ChIJbbQ9LgAVrjsRiY8OLO1ynlA,Ansar catering services,places,en,220,12.9040109,77.63519525000001,12.9049699,77.6349879,0,blr2,Bengaluru,2026-08-31T09:16:21.954578Z
ChIJo0NTPigVrjsRwD6XAPd9INY,A.M Bismillah Hotel,places,en,220,12.9040109,77.63519525000001,12.904577800000002,77.6361629,0,blr2,Bengaluru,2026-08-31T09:16:21.954583Z
ChIJyZMzEAAVrjsR-g3q9k00tQ4,SN FAST FOOD CENTER,places,en,220,12.9040109,77.63519525000001,12.9027471,77.6349979,0,blr2,Bengaluru,2026-08-31T09:16:21.954589Z
ChIJpx5v8_cVrjsRObGwosKbNv4,The Pista Co.,places,en,220,12.9040109,77.63519525000001,12.9042969,77.6338526,0,blr2,Bengaluru,2026-08-31T09:16:21.954594Z
ChIJp-EzfQAVrjsRGWU_JAvqJkc,Bangalore zaika,places,en,220,12.9040109,77.63519525000001,12.903806699999999,77.63382960000001,0,blr2,Bengaluru,2026-08-31T09:16:21.954599Z
ChIJP4f9EVcVrjsR5gSSWTYwB5s,A M Masha Allah Hotel,places,en,220,12.9040109,77.63519525000001,12.904512299999999,77.63653049999999,0,blr2,Bengaluru,2026-08-31T09:16:21.954604Z
ChIJw9pMUDEVrjsRwmz9zgfwL-o,Omar Shariff,places,en,220,12.9040109,77.63519525000001,12.9050918,77.6342554,0,blr2,Bengaluru,2026-08-31T09:16:21.954609Z
ChIJWzvyASUVrjsRUL9NPsgABRc,Punchar shop,places,en,220,12.9040109,77.63519525000001,12.9051069,77.63422849999999,0,blr2,Bengaluru,2026-08-31T09:16:21.954614Z
ChIJR2uy0lwVrjsRbBJoqF3kthk,K M C NOOR HOTEL,places,en,220,12.9040109,77.63519525000001,12.9044282,77.6366666,0,blr2,Bengaluru,2026-08-31T09:16:21.954619Z
ChIJJ_PELBkVrjsR-zmxK-CVG1o,HOLIDAY BIRIYANI,places,en,220,12.9040109,77.63519525000001,12.904067099999999,77.6336726,0,blr2,Bengaluru,2026-08-31T09:16:21.954624Z
ChIJq7LgqJUUrjsRkLBR0Vw9Mp0,Shaukath Biryani Center,places,en,220,12.9040109,77.63519525000001,12.9035625,77.633701,0,blr2,Bengaluru,2026-08-31T09:16:21.954629Z
ChIJh8TCF5QUrjsR_VA_03KbBm4,HKMCR IMRAN HOTEL,places,en,220,12.9040109,77.63519525000001,12.905626499999999,77.6356138,0,blr2,Bengaluru,2026-08-31T09:16:21.954634Z
ChIJc82FESMVrjsRC788fX7GjoE,ABN kabab,places,en,220,12.9040109,77.63519525000001,12.905023799999999,77.63383859999999,0,blr2,Bengaluru,2026-08-31T09:16:21.954639Z
ChIJqz9k0LwVrjsRVygZx7YlRDk,Late Night Cravings,places,en,220,12.9040109,77.63519525000001,12.9049,77.6366686,0,blr2,Bengaluru,2026-08-31T09:16:21.954644Z
ChIJ0SYDZGMVrjsRgoSOU_ht1O8,AL-Azeez Chicken Center,places,en,220,12.9040109,77.63519525000001,12.9024901,77.6361134,0,blr2,Bengaluru,2026-08-31T09:16:21.954649Z
ChIJ1_z8bEk_rjsRfLvCl9W59WY,Blooming Farms,places,en,221,12.87275385,77.47800935000001,12.8735064,77.4770727,0,blr2,Bengaluru,2026-08-31T09:16:22.394680Z
ChIJaxEhtS8_rjsR873JJjxPNlg,Bhramalingeshwara Tiffen Centre,places,en,221,12.87275385,77.47800935000001,12.8745443,77.47791649999999,0,blr2,Bengaluru,2026-08-31T09:16:22.394707Z
ChIJMYCQHTI_rjsRQVJR4AOowLs,Rathna Hotel gollahalli,places,en,221,12.87275385,77.47800935000001,12.8748492,77.4789074,0,blr2,Bengaluru,2026-08-31T09:16:22.394713Z
ChIJmecVW_c_rjsRP8ZiVpmIKzI,Kannadadha Cafe (ಕನ್ನಡದ ಕ್ಯಾಫೆ),places,en,221,12.87275385,77.47800935000001,12.8747127,77.47924979999999,0,blr2,Bengaluru,2026-08-31T09:16:22.394719Z
ChIJvUiujZY-rjsRdHdYnmmsFCU,SAMRUDDHI GOWDERU MILITARY HOTEL,places,en,222,12.947117800000001,77.49708150000001,12.9467126,77.4965765,0,blr2,Bengaluru,2026-08-31T09:16:22.789457Z
ChIJGResHZM_rjsRcHB5mYCiJ7s,Retro Roof Top Restaurant,places,en,222,12.947117800000001,77.49708150000001,12.9464247,77.49640720000001,0,blr2,Bengaluru,2026-08-31T09:16:22.789482Z
ChIJrRH4PZc-rjsRPCVGkiz5FB0,Kuteera Park Land Restaurant,places,en,222,12.947117800000001,77.49708150000001,12.9459528,77.4962075,0,blr2,Bengaluru,2026-08-31T09:16:22.789488Z
ChIJvZIbIQA_rjsR_nhZpBoOfK0,SLV UPAHARA,places,en,222,12.947117800000001,77.49708150000001,12.9455,77.49669,0,blr2,Bengaluru,2026-08-31T09:16:22.789493Z
ChIJWcUfMJQ-rjsR9Or4b6ow5ko,Saviruchi Fast Food,places,en,222,12.947117800000001,77.49708150000001,12.9454098,77.4968506,0,blr2,Bengaluru,2026-08-31T09:16:22.789497Z
ChIJgXmAoTM_rjsRFEXWlNeWM-o,Saravana Homely Foods,places,en,222,12.947117800000001,77.49708150000001,12.945763,77.4957143,0,blr2,Bengaluru,2026-08-31T09:16:22.789501Z
ChIJYb8dDAA_rjsRISdYVwf_0IM,MM Kitchen (Saravana parota),places,en,222,12.947117800000001,77.49708150000001,12.945821899999999,77.4955166,0,blr2,Bengaluru,2026-08-31T09:16:22.789506Z
ChIJ78Y6efE_rjsRWlD3X9pZnls,Hotel,places,en,222,12.947117800000001,77.49708150000001,12.945447699999999,77.49586529999999,0,blr2,Bengaluru,2026-08-31T09:16:22.789511Z
ChIJWbtzaQA_rjsRho9eCpVjy0A,Mane utta,places,en,222,12.947117800000001,77.49708150000001,12.9454016,77.495736,0,blr2,Bengaluru,2026-08-31T09:16:22.789516Z
ChIJW3LNIis_rjsRtnmsqaBr55k,Sri Manjunath Hotel,places,en,222,12.947117800000001,77.49708150000001,12.945564,77.4955298,0,blr2,Bengaluru,2026-08-31T09:16:22.789520Z
ChIJj_1TMwA_rjsRNs4owES2U3w,Dosa Bhavan,places,en,222,12.947117800000001,77.49708150000001,12.945202199999999,77.4981895,0,blr2,Bengaluru,2026-08-31T09:16:22.789524Z
ChIJwY6kd5Y-rjsRK9pmngivgIo,Hotel Meghadarshini,places,en,222,12.947117800000001,77.49708150000001,12.9456524,77.4952735,0,blr2,Bengaluru,2026-08-31T09:16:22.789528Z
ChIJrTYdWPo_rjsRitZFg5tb1G0,DHANALAKSHMI POULTRY FARM DHANALAKSHMI P,places,en,222,12.947117800000001,77.49708150000001,12.9452313,77.49560939999999,0,blr2,Bengaluru,2026-08-31T09:16:22.789532Z
ChIJx5adNtU_rjsRux0vy29SVCA,A M CAFE,places,en,222,12.947117800000001,77.49708150000001,12.9451035,77.498415,0,blr2,Bengaluru,2026-08-31T09:16:22.789536Z
ChIJTzZgzzk_rjsRm-46dgh-5jQ,HOTEL RAJANNA NATI STYLE,places,en,222,12.947117800000001,77.49708150000001,12.945176799999999,77.4955664,0,blr2,Bengaluru,2026-08-31T09:16:22.789540Z
ChIJ_9gyYQA_rjsRNg8W2UJxXAI,Udupi Upachar Veg,places,en,222,12.947117800000001,77.49708150000001,12.949589699999999,77.49784439999999,0,blr2,Bengaluru,2026-08-31T09:16:22.789544Z
ChIJh05iNSUXrjsRFjDRte_UV1w,MAGIC SHAWARMA,places,en,223,12.98030325,77.6253634,12.9810695,77.6250199,0,blr2,Bengaluru,2026-08-31T09:16:23.363368Z
ChIJ-TMgHQAXrjsR4m59lm9uZFs,Maanu kitchen Could Kitchen,places,en,223,12.98030325,77.6253634,12.9813201,77.62522469999999,0,blr2,Bengaluru,2026-08-31T09:16:23.363399Z
ChIJ8Y2aazEXrjsRNuQC82-JV40,Naadhan Fast Food,places,en,223,12.98030325,77.6253634,12.980424099999999,77.6238684,0,blr2,Bengaluru,2026-08-31T09:16:23.363408Z
ChIJx8R1yZAWrjsR5buE3mFyhZY,HOTEL ANNA LAKSHMI,places,en,223,12.98030325,77.6253634,12.9815315,77.6245453,0,blr2,Bengaluru,2026-08-31T09:16:23.363413Z
ChIJCcHSRNcXrjsRUIsuEzVCcgY,Five Star Chicken Halsuru,places,en,223,12.98030325,77.6253634,12.981772,77.6249352,0,blr2,Bengaluru,2026-08-31T09:16:23.363419Z
ChIJ8eevM5cWrjsRoxJTzhHRSzk,GILGAL,places,en,223,12.98030325,77.6253634,12.9818699,77.6251947,0,blr2,Bengaluru,2026-08-31T09:16:23.363424Z
ChIJXbJENeIXrjsRFb69nmK6MRA,Chatpata Xpress,places,en,223,12.98030325,77.6253634,12.981876399999999,77.625242,0,blr2,Bengaluru,2026-08-31T09:16:23.363429Z
ChIJA84BAQAXrjsRV8CcnIBImpA,Royal tony foods and juices,places,en,223,12.98030325,77.6253634,12.9818686,77.6250795,0,blr2,Bengaluru,2026-08-31T09:16:23.363435Z
ChIJa30qIQAXrjsRWivvkBjaFHM,SHREE SAI FOODS ANDHRA STYLE HALASURU,places,en,223,12.98030325,77.6253634,12.982410699999999,77.6246154,0,blr2,Bengaluru,2026-08-31T09:16:23.363440Z
ChIJaTSIBQAXrjsRNLj858BIepM,Squeez Juice Bars - RMZ Millenia,places,en,223,12.98030325,77.6253634,12.9824232,77.62461189999999,0,blr2,Bengaluru,2026-08-31T09:16:23.363445Z
ChIJEYiWbQAXrjsRqUwwKLPrJOU,Tea Nanba,places,en,223,12.98030325,77.6253634,12.9801034,77.6277181,0,blr2,Bengaluru,2026-08-31T09:16:23.363450Z
ChIJsb1oPpoWrjsRAAAAMKW_YWs,SHAHI KABAB CENTER 916,places,en,223,12.98030325,77.6253634,12.978546099999999,77.6237807,0,blr2,Bengaluru,2026-08-31T09:16:23.363455Z
ChIJpQh5VgAXrjsRUPpZa9RVUQk,InBrew Beverages HO,places,en,223,12.98030325,77.6253634,12.982839199999999,77.62509759999999,0,blr2,Bengaluru,2026-08-31T09:16:23.363460Z
ChIJ_WtS9kgXrjsRZd0lWnv-Z54,St Mary Hotel,places,en,223,12.98030325,77.6253634,12.9785769,77.6234052,0,blr2,Bengaluru,2026-08-31T09:16:23.363465Z
ChIJqasHtpkWrjsRSx6GCCRc6vc,JASU FOOD'S,places,en,223,12.98030325,77.6253634,12.9786282,77.6274692,0,blr2,Bengaluru,2026-08-31T09:16:23.363470Z
ChIJZ3zZOvwWrjsR23CMz8-BYMs,Affan Kabab Center,places,en,224,13.0104437,77.61284985,13.0095202,77.61433629999999,0,blr2,Bengaluru,2026-08-31T09:16:23.754485Z
ChIJ_fiXKQAXrjsRJIGsvEhaeHo,Dada Kabab Center,places,en,224,13.0104437,77.61284985,13.0095902,77.6144291,0,blr2,Bengaluru,2026-08-31T09:16:23.754515Z
ChIJVcqoLFMXrjsRNMCVeLag72I,New sbfc food funda,places,en,224,13.0104437,77.61284985,13.0088352,77.6120363,0,blr2,Bengaluru,2026-08-31T09:16:23.754523Z
ChIJr24jah0XrjsRSy40Im-nG6w,Hridya's Cafe,places,en,224,13.0104437,77.61284985,13.0087473,77.61185689999999,0,blr2,Bengaluru,2026-08-31T09:16:23.754529Z
ChIJdfeRS4EXrjsRPZJWSht7MjI,AYESHA HOTEL,places,en,224,13.0104437,77.61284985,13.008691599999999,77.61185379999999,0,blr2,Bengaluru,2026-08-31T09:16:23.754535Z
ChIJYbs9wf4WrjsR1LcoUA71Y2w,ಬಿಸ್ಮಿಲ್ಲಾ ದೂಡ್ಲ ಪಾರ್ಲರ್,places,en,224,13.0104437,77.61284985,13.0086715,77.61180689999999,0,blr2,Bengaluru,2026-08-31T09:16:23.754547Z
ChIJYQXENKEXrjsRU4o_XS6ziSE,SHRIDHARA SHETTY,places,en,224,13.0104437,77.61284985,13.0104209,77.61508289999999,0,blr2,Bengaluru,2026-08-31T09:16:23.754554Z
ChIJs2Dwtf0WrjsRd6_Lfgvs0zU,H I J S B C,places,en,224,13.0104437,77.61284985,13.0109307,77.6150254,0,blr2,Bengaluru,2026-08-31T09:16:23.754559Z
ChIJm3ZmrH8XrjsRYILlOqUEIpQ,Biryani House,places,en,224,13.0104437,77.61284985,13.0107881,77.61507759999999,0,blr2,Bengaluru,2026-08-31T09:16:23.754576Z
ChIJJYSba5sXrjsRujY7DNzvjtw,TARUN SWEETS AND SNACKS,places,en,224,13.0104437,77.61284985,13.0080529,77.6126094,0,blr2,Bengaluru,2026-08-31T09:16:23.754583Z
ChIJ33mPKDgXrjsRC00CjoEHffw,Sadiq Pasha,places,en,224,13.0104437,77.61284985,13.0109359,77.6153377,0,blr2,Bengaluru,2026-08-31T09:16:23.754589Z
ChIJQ-ANs_0WrjsRCLtmUl7OmKU,A1 Bissmillah Beef Biryani Corner,places,en,224,13.0104437,77.61284985,13.0106709,77.61541740000001,0,blr2,Bengaluru,2026-08-31T09:16:23.754595Z
ChIJlai9cWMXrjsREcBh5r08hlw,Aiman Chats Center,places,en,224,13.0104437,77.61284985,13.0110329,77.6153696,0,blr2,Bengaluru,2026-08-31T09:16:23.754601Z
ChIJhwCjbaEXrjsReHwvDgLqiyY,Farooq Tiffen Centre,places,en,224,13.0104437,77.61284985,13.0106887,77.6154521,0,blr2,Bengaluru,2026-08-31T09:16:23.754606Z
ChIJFdf1MhQXrjsRKcxmLZ9tpKk,Afsan chicken centre,places,en,224,13.0104437,77.61284985,13.0096919,77.6154395,0,blr2,Bengaluru,2026-08-31T09:16:23.754612Z
ChIJT2KHJhAXrjsROe9c9NpF5S8,KING SWEETS,places,en,224,13.0104437,77.61284985,13.007819300000001,77.61265499999999,0,blr2,Bengaluru,2026-08-31T09:16:23.754617Z
ChIJE_novvIXrjsRk7800mpLh1s,Chickpet Donne Biriyani Mane,places,en,225,13.0117767,77.64205545,13.011718700000001,77.64219220000001,0,blr2,Bengaluru,2026-08-31T09:16:24.140771Z
ChIJtbeT61MXrjsRbadAL8u2xLY,New Chandru Chicken Centre,places,en,225,13.0117767,77.64205545,13.0111694,77.6421053,0,blr2,Bengaluru,2026-08-31T09:16:24.140810Z
ChIJ2ZCBeNcWrjsRtI_asd7B9tY,MADHURA TIFFINS,places,en,225,13.0117767,77.64205545,13.011887999999999,77.64267629999999,0,blr2,Bengaluru,2026-08-31T09:16:24.140818Z
ChIJtR3UVwAXrjsRkBllZXELQp0,SRC Kabab,places,en,225,13.0117767,77.64205545,13.0119048,77.6426796,0,blr2,Bengaluru,2026-08-31T09:16:24.140824Z
ChIJfUeD3MAXrjsRXUM_1SPB8fY,The Tasty Buds,places,en,225,13.0117767,77.64205545,13.012476,77.64244029999999,0,blr2,Bengaluru,2026-08-31T09:16:24.140830Z
ChIJSWQsg9cWrjsR17ib6WBM6Lo,AMMA'S KITCHEN,places,en,225,13.0117767,77.64205545,13.012145199999999,77.6429118,0,blr2,Bengaluru,2026-08-31T09:16:24.140835Z
ChIJgba1fwAXrjsRWcHdw34YtiU,Raji Amma Mess,places,en,225,13.0117767,77.64205545,13.0110988,77.6427889,0,blr2,Bengaluru,2026-08-31T09:16:24.140841Z
ChIJ16ev9KMXrjsR08BmMv7Wiks,Samaya,places,en,225,13.0117767,77.64205545,13.0110988,77.6427889,0,blr2,Bengaluru,2026-08-31T09:16:24.140846Z
ChIJFaKcy9kWrjsRJi1q-v6UACA,Your Indian Chef,places,en,225,13.0117767,77.64205545,13.0116196,77.6410337,0,blr2,Bengaluru,2026-08-31T09:16:24.140851Z
ChIJrb6tpTgXrjsRxBxiCNK0s4Y,Kabbab Centre,places,en,225,13.0117767,77.64205545,13.0125762,77.64145359999999,0,blr2,Bengaluru,2026-08-31T09:16:24.140856Z
ChIJ4T-ZhdcWrjsRRFrvrVI_eCY,Biriyani Cornee,places,en,225,13.0117767,77.64205545,13.0126797,77.64274549999999,0,blr2,Bengaluru,2026-08-31T09:16:24.140861Z
ChIJrQJugtcWrjsRC05rzqR1cBE,Chaitra Restaurant,places,en,225,13.0117767,77.64205545,13.0130561,77.6423865,0,blr2,Bengaluru,2026-08-31T09:16:24.140866Z
ChIJjdv4Ex8XrjsRVEHKpVdtskY,Blor Andra Spice Kitchen Restaurant,places,en,225,13.0117767,77.64205545,13.0109357,77.6407852,0,blr2,Bengaluru,2026-08-31T09:16:24.140872Z
ChIJD8WQv9cWrjsRFrLahUZBdpo,Ahmad's Chicken Hut,places,en,225,13.0117767,77.64205545,13.0106761,77.6431506,0,blr2,Bengaluru,2026-08-31T09:16:24.140878Z
ChIJYwNVosIWrjsREfK8Q2b3eXI,BOX8 - India's Largest Desi Meals Brand,places,en,225,13.0117767,77.64205545,13.0102728,77.6411097,0,blr2,Bengaluru,2026-08-31T09:16:24.140883Z
ChIJ5b5V9NcWrjsRl9QHEKBGdFI,STAR KABAB,places,en,225,13.0117767,77.64205545,13.013476599999999,77.6423527,0,blr2,Bengaluru,2026-08-31T09:16:24.140888Z
ChIJ_QOxI0wXrjsRbDWRSDuP6o8,Naidu's fish curry,places,en,225,13.0117767,77.64205545,13.010345,77.643208,0,blr2,Bengaluru,2026-08-31T09:16:24.140893Z
ChIJVykqfawXrjsRMb8oCqcsuBw,Maple and OliveFoods,places,en,225,13.0117767,77.64205545,13.0128092,77.6405355,0,blr2,Bengaluru,2026-08-31T09:16:24.140898Z
ChIJe6QmYQAXrjsRye-Hhz4N9GI,Food wish cafe,places,en,225,13.0117767,77.64205545,13.011552499999999,77.6401959,0,blr2,Bengaluru,2026-08-31T09:16:24.140903Z
ChIJY_WUXAAXrjsRekhuxrbKKK0,Bismillah Biriyani,places,en,225,13.0117767,77.64205545,13.0135049,77.6425806,0,blr2,Bengaluru,2026-08-31T09:16:24.140908Z
ChIJg00rAL09rjsRIIBByrYPqNI,Sri Krishna hot chips,places,en,226,12.99495875,77.53643835,12.9956505,77.536301,0,blr2,Bengaluru,2026-08-31T09:16:24.600253Z
ChIJcbx5p709rjsRK4YIkSHaW_0,Rama Hotel,places,en,226,12.99495875,77.53643835,12.9954267,77.53703589999999,0,blr2,Bengaluru,2026-08-31T09:16:24.600284Z
ChIJo6qqdr49rjsRR-ShxPsz8jg,Sri Manjunatha Chaat Centre,places,en,226,12.99495875,77.53643835,12.995685,77.5361338,0,blr2,Bengaluru,2026-08-31T09:16:24.600291Z
ChIJp-WgLgA9rjsR2vgCsGO4K9Y,Sri Manjunatha Juice and Chats,places,en,226,12.99495875,77.53643835,12.9957412,77.5362324,0,blr2,Bengaluru,2026-08-31T09:16:24.600296Z
ChIJe5kBCwA9rjsR1NGjVIFL3DM,M.C Kitchen's,places,en,226,12.99495875,77.53643835,12.995565299999999,77.5372764,0,blr2,Bengaluru,2026-08-31T09:16:24.600301Z
ChIJdYNeoL09rjsRJ2WRuUlS8O4,Bhanushree bar and restaurant,places,en,226,12.99495875,77.53643835,12.995289399999999,77.5374896,0,blr2,Bengaluru,2026-08-31T09:16:24.600305Z
ChIJYQPzGAA9rjsR9AfsYGV_ArU,Sri Venkateswara mess,places,en,226,12.99495875,77.53643835,12.9954743,77.5375346,0,blr2,Bengaluru,2026-08-31T09:16:24.600309Z
ChIJm5ls1Gk9rjsR3B0SQicC93o,Idli Mane,places,en,226,12.99495875,77.53643835,12.9954127,77.5377769,0,blr2,Bengaluru,2026-08-31T09:16:24.600314Z
ChIJfyNV25U9rjsR0XRQwFSktqM,Dhavanagere Benne Dosa,places,en,226,12.99495875,77.53643835,12.995390299999999,77.53782559999999,0,blr2,Bengaluru,2026-08-31T09:16:24.600318Z
ChIJkeV11b09rjsRcyVwNnoe3No,Maruthi Chicken Stall,places,en,226,12.99495875,77.53643835,12.9927525,77.53634699999999,0,blr2,Bengaluru,2026-08-31T09:16:24.600322Z
ChIJjXFkpr49rjsRtIlC_35H2Cg,ayodhya sagar,places,en,226,12.99495875,77.53643835,12.993148,77.53469079999999,0,blr2,Bengaluru,2026-08-31T09:16:24.600326Z
ChIJMWL9FwA9rjsRqzqMPZzEO7g,Shri Vinayaka catering,places,en,226,12.99495875,77.53643835,12.992455,77.53581030000001,0,blr2,Bengaluru,2026-08-31T09:16:24.600330Z
ChIJjSaPcwA9rjsRJjXhDpWdPUM,"Sri Manjunatha Tiffens and Condiments,",places,en,226,12.99495875,77.53643835,12.9951437,77.539154,0,blr2,Bengaluru,2026-08-31T09:16:24.600334Z
ChIJ1UxsV9M_rjsR_pJVwV2xQcI,Rotti Butti,places,en,227,12.9659248,77.53106815000001,12.964709599999999,77.5310303,0,blr2,Bengaluru,2026-08-31T09:16:25.024847Z
ChIJ_SNIm9g9rjsRbrmi8OmKdAc,Sri Vinayaka Fast Food Veg,places,en,227,12.9659248,77.53106815000001,12.964709099999999,77.5310393,0,blr2,Bengaluru,2026-08-31T09:16:25.024876Z
ChIJ8ya7hdg9rjsRmqMsWTpD5Fw,PRUTHVI MESS,places,en,227,12.9659248,77.53106815000001,12.9647062,77.530962,0,blr2,Bengaluru,2026-08-31T09:16:25.024883Z
ChIJJVe3m9g9rjsRzxbJgt9aqg0,Sri Ankanatheshwara Milk Parlour,places,en,227,12.9659248,77.53106815000001,12.964720499999999,77.53137439999999,0,blr2,Bengaluru,2026-08-31T09:16:25.024888Z
ChIJsxBQmtg9rjsRDU4FG3GxjwM,P.R. Gobi Corner,places,en,227,12.9659248,77.53106815000001,12.9647126,77.5313506,0,blr2,Bengaluru,2026-08-31T09:16:25.024893Z
ChIJRWfeCe0XrjsRYtlrpaAUXvU,Jay Karnataka Chicken Mutton,places,en,227,12.9659248,77.53106815000001,12.9670864,77.531517,0,blr2,Bengaluru,2026-08-31T09:16:25.024897Z
ChIJM7DYOwA9rjsRob-E9i0iig0,Sakkath Taste Shareat,places,en,227,12.9659248,77.53106815000001,12.9647153,77.5305753,0,blr2,Bengaluru,2026-08-31T09:16:25.024902Z
ChIJH80vfdg9rjsRxFTMxguNGT8,Om Shri Sainath Juice & Chat,places,en,227,12.9659248,77.53106815000001,12.964825099999999,77.5303017,0,blr2,Bengaluru,2026-08-31T09:16:25.024906Z
ChIJw51jVwA9rjsRNRoDsFXaqaY,Idli Mane,places,en,227,12.9659248,77.53106815000001,12.9646134,77.5313025,0,blr2,Bengaluru,2026-08-31T09:16:25.024910Z
ChIJOTRPhNg9rjsRrgX7IZtB-TU,Vinay Kabab Corner,places,en,227,12.9659248,77.53106815000001,12.964596199999999,77.53091429999999,0,blr2,Bengaluru,2026-08-31T09:16:25.024915Z
ChIJ64tchNg9rjsRFEzeqAcwuGM,Srinivasa Bar & Restaurant,places,en,227,12.9659248,77.53106815000001,12.964580999999999,77.5309158,0,blr2,Bengaluru,2026-08-31T09:16:25.024919Z
ChIJz6eAAgA9rjsRxNKjigOuj_c,Manjanna Gobi Corner,places,en,227,12.9659248,77.53106815000001,12.964639,77.530562,0,blr2,Bengaluru,2026-08-31T09:16:25.024923Z
ChIJdZVdrA89rjsRZwc7h38hpKs,Coffee mane,places,en,227,12.9659248,77.53106815000001,12.964583399999999,77.5313808,0,blr2,Bengaluru,2026-08-31T09:16:25.024927Z
ChIJIzSVvw49rjsRu8zmr8znsl4,Sri Aanegudde Sri Vinayaka Juice And Condiments,places,en,227,12.9659248,77.53106815000001,12.9645934,77.53159149999999,0,blr2,Bengaluru,2026-08-31T09:16:25.024932Z
ChIJw41amdg9rjsR6QGZ8VhAn70,Davangere Mirchi Masala 2020,places,en,227,12.9659248,77.53106815000001,12.964552999999999,77.53152399999999,0,blr2,Bengaluru,2026-08-31T09:16:25.024936Z
ChIJVUGDlJ49rjsRpIrzQjqlWI4,VIP TIFFINS,places,en,227,12.9659248,77.53106815000001,12.964560400000002,77.53039650000001,0,blr2,Bengaluru,2026-08-31T09:16:25.024940Z
ChIJtXasZiY9rjsRsejHLLV4O34,"Tiptur Masale Idlies, Bengaluru",places,en,227,12.9659248,77.53106815000001,12.9645744,77.530321,0,blr2,Bengaluru,2026-08-31T09:16:25.024945Z
ChIJIRwRWt89rjsRLPhrx_7VmC0,Banashree Davanagere Benne Dose,places,en,227,12.9659248,77.53106815000001,12.9646149,77.5319334,0,blr2,Bengaluru,2026-08-31T09:16:25.024949Z
ChIJb-0OAAA9rjsRs9M4e2hl5s4,Nithyananda Food Point,places,en,227,12.9659248,77.53106815000001,12.967472599999999,77.5308123,0,blr2,Bengaluru,2026-08-31T09:16:25.024953Z
ChIJU6TYIgA9rjsRSrYBPVCKi6k,Udupi Ruchidhama and Bangarpete chats,places,en,227,12.9659248,77.53106815000001,12.964442,77.53033049999999,0,blr2,Bengaluru,2026-08-31T09:16:25.024957Z
ChIJZZAtEAA9rjsRGR1m7sTUyDc,Suresha,places,en,228,13.0185634,77.546469,13.019928000000002,77.546086,0,blr2,Bengaluru,2026-08-31T09:16:25.375610Z
ChIJfewjeL49rjsRcuPKXlDHfpE,Deluxe Kothambari SHIVA KUMAR B N,places,en,228,13.0185634,77.546469,13.0170861,77.5461701,0,blr2,Bengaluru,2026-08-31T09:16:25.375637Z
ChIJOTzsHG09rjsRfq_DYWNKlzs,KGN Agencies,places,en,228,13.0185634,77.546469,13.0204664,77.5471507,0,blr2,Bengaluru,2026-08-31T09:16:25.375645Z
ChIJl5aedAA9rjsRgYDw8nZJ6Ts,Mandakki Magic Foods,places,en,229,13.001679800000002,77.50350075,13.0010744,77.50375679999999,0,blr2,Bengaluru,2026-08-31T09:16:25.782706Z
ChIJO9gqgFA8rjsR2BwgDj4rpMw,Mangalore lunch home,places,en,229,13.001679800000002,77.50350075,13.001537299999999,77.5045478,0,blr2,Bengaluru,2026-08-31T09:16:25.782758Z
ChIJzeSNJgA9rjsRlNigx8oIFNc,Shri Bhairaveshwara Donne Biriyani,places,en,229,13.001679800000002,77.50350075,13.001206999999999,77.50453739999999,0,blr2,Bengaluru,2026-08-31T09:16:25.782769Z
ChIJbe5Q70g9rjsREVePhdzLEIA,South Aromas Veg & Non Veg Restaurant,places,en,229,13.001679800000002,77.50350075,13.001807399999999,77.5047261,0,blr2,Bengaluru,2026-08-31T09:16:25.782776Z
ChIJDe-ReVo8rjsR5apN8dxIVQ8,Aramane grand veg,places,en,229,13.001679800000002,77.50350075,13.000161700000001,77.504234,0,blr2,Bengaluru,2026-08-31T09:16:25.782781Z
ChIJUxjumXg9rjsRHOgwJoYN9hA,Fast Food,places,en,229,13.001679800000002,77.50350075,13.0002566,77.5044475,0,blr2,Bengaluru,2026-08-31T09:16:25.782787Z
ChIJ9cujXVo8rjsRffVP-S3n1iY,ದೀಕ್ಷಾ ಚಾಟ್ಸ್ ಮತ್ತು ಗೋಜ ಸಂಟ‌,places,en,229,13.001679800000002,77.50350075,13.0000015,77.5030745,0,blr2,Bengaluru,2026-08-31T09:16:25.782793Z
ChIJc1KTb1o8rjsRoD6wc3bMStE,Suruchi Tiffin Centre,places,en,229,13.001679800000002,77.50350075,13.000286299999999,77.50460749999999,0,blr2,Bengaluru,2026-08-31T09:16:25.782799Z
ChIJtceEY1o8rjsRUEakSzAthZg,Century Bar And Restaurant,places,en,229,13.001679800000002,77.50350075,12.9998498,77.50368689999999,0,blr2,Bengaluru,2026-08-31T09:16:25.782804Z
ChIJoctzOkM9rjsRY5TsbleUIN4,KABAB DOT COM,places,en,229,13.001679800000002,77.50350075,12.999944699999999,77.50417689999999,0,blr2,Bengaluru,2026-08-31T09:16:25.782810Z
ChIJhztXY1o8rjsRurvz2ENHxS8,Sri Malleshwara chats and condiments,places,en,229,13.001679800000002,77.50350075,12.999833599999999,77.50387549999999,0,blr2,Bengaluru,2026-08-31T09:16:25.782816Z
ChIJPUBzc709rjsRzZlZGOIA31w,Slv chicken centre,places,en,229,13.001679800000002,77.50350075,13.0003955,77.50211019999999,0,blr2,Bengaluru,2026-08-31T09:16:25.782821Z
ChIJpT7dFK09rjsRzS_2BDvlllc,Peni Shop,places,en,229,13.001679800000002,77.50350075,13.0001818,77.5049026,0,blr2,Bengaluru,2026-08-31T09:16:25.782827Z
ChIJSe9iLWc9rjsRM-SRCS6hiRk,AMBUR HOT DUM BIRIYANI,places,en,229,13.001679800000002,77.50350075,12.999644499999999,77.5034869,0,blr2,Bengaluru,2026-08-31T09:16:25.782832Z
ChIJi6r0stw9rjsR6Y3bkk4PjBI,Swamy Fresh Chicken center,places,en,229,13.001679800000002,77.50350075,12.9996545,77.503726,0,blr2,Bengaluru,2026-08-31T09:16:25.782837Z
ChIJWwbtuU89rjsRGDlDg64LPxM,HOTEL FISH LAND UMESH.L.R,places,en,229,13.001679800000002,77.50350075,13.0035346,77.50430690000002,0,blr2,Bengaluru,2026-08-31T09:16:25.782843Z
ChIJWfKKBII9rjsRFcxUfIzj9R4,Moonlight Pizza House,places,en,229,13.001679800000002,77.50350075,13.0003117,77.5018977,0,blr2,Bengaluru,2026-08-31T09:16:25.782849Z
ChIJL9S3gFo8rjsRyF8JkA-aKYE,Siddu Kabab Shop,places,en,229,13.001679800000002,77.50350075,12.9996555,77.5042678,0,blr2,Bengaluru,2026-08-31T09:16:25.782854Z
ChIJxy5EOYU9rjsR4Ya2Sd6tQ1A,Mahalakshmi Restoorent,places,en,229,13.001679800000002,77.50350075,12.999652,77.5042703,0,blr2,Bengaluru,2026-08-31T09:16:25.782860Z
ChIJu6Kx2rc9rjsR5Rawi0sBDNE,SHVS Gobi Manchurian Centre,places,en,229,13.001679800000002,77.50350075,12.999499799999999,77.5036781,0,blr2,Bengaluru,2026-08-31T09:16:25.782865Z
ChIJL-vdWwAjrjsRuNTn8UWlLpc,BHUTHAYI MEENU OOTA HOTEL,places,en,230,13.0928165,77.53738915,13.0911254,77.53676949999999,0,blr2,Bengaluru,2026-08-31T09:16:26.405153Z
ChIJhzkiAwAjrjsRlUMzQ5vIyzQ,Udupi Sambhrama,places,en,230,13.0928165,77.53738915,13.091178,77.53636,0,blr2,Bengaluru,2026-08-31T09:16:26.405215Z
ChIJVRaA9AMjrjsR2pi6rApyNGk,Saptagiri Deluxe Bar & Restaurant,places,en,230,13.0928165,77.53738915,13.091006499999999,77.53657729999999,0,blr2,Bengaluru,2026-08-31T09:16:26.405225Z
ChIJT74M-fIirjsRlOAgkm6jhuI,Ambur Hot Dum Biryani,places,en,230,13.0928165,77.53738915,13.091066900000001,77.5364098,0,blr2,Bengaluru,2026-08-31T09:16:26.405230Z
ChIJ15-k-fIirjsRhF9q35xQKIc,Hotel Balaji,places,en,230,13.0928165,77.53738915,13.0910012,77.53639249999999,0,blr2,Bengaluru,2026-08-31T09:16:26.405234Z
ChIJwdBWs_MirjsR6mepwEb6sXs,BHAIRAVA HOTEL,places,en,230,13.0928165,77.53738915,13.0915375,77.5350912,0,blr2,Bengaluru,2026-08-31T09:16:26.405238Z
ChIJiWVZcAAjrjsR3uLzI6cXcXU,Shivu's peri peri hot,places,en,231,13.080434499999999,77.56110244999999,13.081442,77.5602566,0,blr2,Bengaluru,2026-08-31T09:16:26.835319Z
ChIJ10KsTJ4irjsROmCrDDbwRkY,Bangarpet Chats(Ambi bangarpetchats),places,en,231,13.080434499999999,77.56110244999999,13.081431499999999,77.5601308,0,blr2,Bengaluru,2026-08-31T09:16:26.835340Z
ChIJG7kTI44jrjsRHWKv1HcLe5w,Polar Bear Ice Cream Sundaes - Vidyaranyapura,places,en,231,13.080434499999999,77.56110244999999,13.080858399999999,77.55968539999999,0,blr2,Bengaluru,2026-08-31T09:16:26.835346Z
ChIJ7aJqrZ8irjsRU0XVqX1mraY,Hegde's Fast food,places,en,231,13.080434499999999,77.56110244999999,13.081195699999999,77.559737,0,blr2,Bengaluru,2026-08-31T09:16:26.835350Z
ChIJmZ3pGQAZrjsRQbZTrq1i1bs,Nethra's Cooking Cloud,places,en,231,13.080434499999999,77.56110244999999,13.079380200000001,77.56238309999999,0,blr2,Bengaluru,2026-08-31T09:16:26.835353Z
ChIJ-UyjQQAjrjsRxUBtkYcfbcI,UM TIFFIN & SNACKS,places,en,231,13.080434499999999,77.56110244999999,13.079508599999999,77.5596594,0,blr2,Bengaluru,2026-08-31T09:16:26.835357Z
ChIJ3UsiMMYjrjsRQR6WUOcXjg4,Dine & Drink,places,en,231,13.080434499999999,77.56110244999999,13.081175799999999,77.5595097,0,blr2,Bengaluru,2026-08-31T09:16:26.835360Z
ChIJY9nMkbkjrjsRvZVaVq2CUaw,Davangere Benne Dosa Corner (Wood Fire),places,en,231,13.080434499999999,77.56110244999999,13.079607800000002,77.5595093,0,blr2,Bengaluru,2026-08-31T09:16:26.835363Z
ChIJv3PDPQAjrjsRqy51qpRsR7M,Attil - Fine Dine Restaurant,places,en,231,13.080434499999999,77.56110244999999,13.080990799999999,77.55934979999999,0,blr2,Bengaluru,2026-08-31T09:16:26.835366Z
ChIJ29vhUZ4irjsRQeQmuOCRBR4,Rock Star Chicken,places,en,231,13.080434499999999,77.56110244999999,13.081987499999999,77.5599486,0,blr2,Bengaluru,2026-08-31T09:16:26.835369Z
ChIJc-5kUwAjrjsRbMd6ri9Ty7A,Sri Vishnu Park Vidyaranypura,places,en,231,13.080434499999999,77.56110244999999,13.079974199999999,77.5591623,0,blr2,Bengaluru,2026-08-31T09:16:26.835372Z
ChIJpxNDRZ4irjsRVsGg0zuzOgY,Ambur Dum Biryani,places,en,231,13.080434499999999,77.56110244999999,13.082120600000001,77.5599763,0,blr2,Bengaluru,2026-08-31T09:16:26.835375Z
ChIJveC33kIjrjsRcyLdiY7RuAg,Sri Curries Vidyaranyapura,places,en,231,13.080434499999999,77.56110244999999,13.0819855,77.5597396,0,blr2,Bengaluru,2026-08-31T09:16:26.835378Z
ChIJI831wOwjrjsRv6hpOtN-zdk,Lassi & Bites,places,en,231,13.080434499999999,77.56110244999999,13.0803342,77.5589684,0,blr2,Bengaluru,2026-08-31T09:16:26.835381Z
ChIJO2bDPAAjrjsRJL6_UTc-E1U,Royal Challengers Biryani & BBQ,places,en,231,13.080434499999999,77.56110244999999,13.079254899999999,77.559293,0,blr2,Bengaluru,2026-08-31T09:16:26.835384Z
ChIJs16ddZ8irjsRLt_djgwwc9I,Adyar Ananda Bhavan - A2B,places,en,231,13.080434499999999,77.56110244999999,13.0798029,77.55902019999999,0,blr2,Bengaluru,2026-08-31T09:16:26.835387Z
ChIJMYNNRZ4irjsRGjO6EEQbY6U,Bismillah Shahi Dum Biryani Center,places,en,231,13.080434499999999,77.56110244999999,13.082152299999999,77.55980459999999,0,blr2,Bengaluru,2026-08-31T09:16:26.835390Z
ChIJx8VOFwAjrjsRFd3njCE5mdM,SHREE VEERASHAIVA TIFFEN CENTER,places,en,231,13.080434499999999,77.56110244999999,13.0825886,77.56068929999999,0,blr2,Bengaluru,2026-08-31T09:16:26.835393Z
ChIJlZoZx98jrjsRtL4al3NiIzo,Kolkata Famous Kati Roll,places,en,231,13.080434499999999,77.56110244999999,13.079213699999999,77.55922009999999,0,blr2,Bengaluru,2026-08-31T09:16:26.835396Z
ChIJLY4uhYIjrjsRwUzvnAwvDRw,Nandus Vidyaranyapura,places,en,231,13.080434499999999,77.56110244999999,13.0823995,77.55984049999999,0,blr2,Bengaluru,2026-08-31T09:16:26.835399Z
ChIJeQRDBgBrrjsR4uZSr-PZuH8,TAJ ELITE,places,en,232,12.8467941,77.58165819999999,12.846851,77.580606,0,blr2,Bengaluru,2026-08-31T09:16:27.241752Z
ChIJsaUP7pNqrjsRENE64VLc640,"ಕರ್ನಾಟಕ ಸರ್ಕಾರ ಆಹಾರ, ನಾಗರಿಕ ಸರಬರಾಜು ಮತ್ತು ಗ್ರಾಹಕ ವ್ಯವಹಾರಗಳ ಇಲಾಖೆ",places,en,232,12.8467941,77.58165819999999,12.8471432,77.5801749,0,blr2,Bengaluru,2026-08-31T09:16:27.241777Z
ChIJYTuqVABrrjsRTJzN3ug8UJ8,Wevers coloney 8th cross gottigere post,places,en,232,12.8467941,77.58165819999999,12.845113999999999,77.583022,0,blr2,Bengaluru,2026-08-31T09:16:27.241783Z
ChIJz-JLt8RrrjsR2sOMtiyma7k,TIFFIN KENDRA,places,en,232,12.8467941,77.58165819999999,12.845127,77.5830561,0,blr2,Bengaluru,2026-08-31T09:16:27.241787Z
ChIJR9jAXvxrrjsR2bEnjI-QEng,VENUGOPAL CHATS M VENUGOPAL,places,en,232,12.8467941,77.58165819999999,12.8449452,77.58299029999999,0,blr2,Bengaluru,2026-08-31T09:16:27.241791Z
ChIJeRfQIJNqrjsRBZS8Pus05ig,Bangarpet Chats,places,en,232,12.8467941,77.58165819999999,12.8454077,77.5837672,0,blr2,Bengaluru,2026-08-31T09:16:27.241795Z
ChIJYR8oYABrrjsR54PnySwLt9c,Abhi Tiffin Centre (kal soup),places,en,232,12.8467941,77.58165819999999,12.845028099999999,77.5835136,0,blr2,Bengaluru,2026-08-31T09:16:27.241798Z
ChIJAU6mR8Y9rjsRTnDpcMFi6bQ,Sri Muneshwara Engineering Works,places,en,233,13.00051615,77.43339334999999,13.000438299999999,77.43367669999999,0,blr2,Bengaluru,2026-08-31T09:16:27.646258Z
ChIJq1y7-bs7rjsRMD372zMv_5Y,Madhavamane Tindi,places,en,233,13.00051615,77.43339334999999,12.997889299999999,77.4332879,0,blr2,Bengaluru,2026-08-31T09:16:27.646290Z
ChIJLT6GJlUNrjsRdymh8jAqn6E,ITMINAAN BIRYANI - Dum Pukht | Order Food Online,places,en,235,12.97135115,77.75028025,12.971248,77.75035799999999,0,blr2,Bengaluru,2026-08-31T09:16:28.340618Z
ChIJ085dUwcOrjsRw-KHDFs_OxU,BOX8 - India's Largest Desi Meals Brand,places,en,235,12.97135115,77.75028025,12.9712146,77.75041709999999,0,blr2,Bengaluru,2026-08-31T09:16:28.340669Z
ChIJf1mqWQsNrjsRvGaq5nk4TOk,Bangarpet Snacks Point chats,places,en,235,12.97135115,77.75028025,12.9710783,77.7502411,0,blr2,Bengaluru,2026-08-31T09:16:28.340675Z
ChIJVVvSNcsNrjsR8qbOrKhvGtU,Momos point,places,en,235,12.97135115,77.75028025,12.971051899999999,77.7503107,0,blr2,Bengaluru,2026-08-31T09:16:28.340680Z
ChIJMSj0cwANrjsRNbiQ_SXXuiE,Good bite,places,en,235,12.97135115,77.75028025,12.971041699999999,77.7503682,0,blr2,Bengaluru,2026-08-31T09:16:28.340684Z
ChIJ28-xII0NrjsRxN5oR6R5BnQ,Murthal Paratha Co.,places,en,235,12.97135115,77.75028025,12.9708395,77.7506429,0,blr2,Bengaluru,2026-08-31T09:16:28.340687Z
ChIJW3UOk0cNrjsRKfTVnH9Kx3g,Shanthi Upahara,places,en,235,12.97135115,77.75028025,12.9709025,77.7507688,0,blr2,Bengaluru,2026-08-31T09:16:28.340693Z
ChIJT8WLEAANrjsRSm-mHPQVoGA,Tiffin Shop Truck,places,en,235,12.97135115,77.75028025,12.9706552,77.74978530000001,0,blr2,Bengaluru,2026-08-31T09:16:28.340696Z
ChIJ-QpFef4NrjsRIGduDZpyp2c,Blend - Royal Orchid Suites,places,en,235,12.97135115,77.75028025,12.972228,77.75062799999999,0,blr2,Bengaluru,2026-08-31T09:16:28.340700Z
ChIJoT8aT6kNrjsRgvDNSeQNAkM,SHANKAR TEA STAAL,places,en,235,12.97135115,77.75028025,12.9709466,77.7513073,0,blr2,Bengaluru,2026-08-31T09:16:28.340703Z
ChIJjSab3wENrjsRb5YCT-Gy91I,Habba Kadal Kashmiri Heritage Hub & Restaurant,places,en,235,12.97135115,77.75028025,12.971973799999999,77.74932749999999,0,blr2,Bengaluru,2026-08-31T09:16:28.340750Z
ChIJc_LFMhINrjsRaNRvzM2RN1s,LAKSHMI PRADAYA UPUDI HOTEL,places,en,235,12.97135115,77.75028025,12.970417399999999,77.7509899,0,blr2,Bengaluru,2026-08-31T09:16:28.340783Z
ChIJLcbFOFYNrjsR2f6q84dPqfE,Tarangini Multi-cuisine Outdoor Bistro,places,en,235,12.97135115,77.75028025,12.972112399999999,77.7493851,0,blr2,Bengaluru,2026-08-31T09:16:28.340792Z
ChIJsQvvvP4NrjsR-CihoGy8Cr8,Bangalore Mandarin,places,en,235,12.97135115,77.75028025,12.9700928,77.7502976,0,blr2,Bengaluru,2026-08-31T09:16:28.340798Z
ChIJq74N1hQNrjsRfCHwOCKn1l8,H HYDER SAB,places,en,235,12.97135115,77.75028025,12.9707238,77.75139949999999,0,blr2,Bengaluru,2026-08-31T09:16:28.340803Z
ChIJA-3sLQATrjsRTRNYTA8bmJg,Hiyar Majhe Kolkata,places,en,235,12.97135115,77.75028025,12.970003199999999,77.7501673,0,blr2,Bengaluru,2026-08-31T09:16:28.340809Z
ChIJ8fVHuv4NrjsRxESzc9e8J9c,Five Star Chicken,places,en,235,12.97135115,77.75028025,12.970062100000002,77.7497851,0,blr2,Bengaluru,2026-08-31T09:16:28.340813Z
ChIJxQ6svv4NrjsR-MROlU5FLCg,Red Glow Restobar,places,en,235,12.97135115,77.75028025,12.970046499999999,77.7498056,0,blr2,Bengaluru,2026-08-31T09:16:28.340817Z
ChIJt2pd5eMNrjsRZ0fYFvc3bD0,UDAY SNACKS CENTER AND FASTFOOD,places,en,235,12.97135115,77.75028025,12.9727003,77.7499479,0,blr2,Bengaluru,2026-08-31T09:16:28.340822Z
ChIJwW5JyDoNrjsRCExelbIN_Vo,KAMATH HOTEL,places,en,235,12.97135115,77.75028025,12.9727132,77.7499632,0,blr2,Bengaluru,2026-08-31T09:16:28.340826Z
ChIJE1j8tC4jrjsRkgmvyRUFqvg,Chandu tiffanys,places,en,237,13.0592711,77.5124976,13.0597885,77.5114675,0,blr2,Bengaluru,2026-08-31T09:16:29.273061Z
ChIJbypzWTAjrjsR_O5IETXO9gA,Sree Lakshami Narsimha Swammy Chats Center,places,en,237,13.0592711,77.5124976,13.0596553,77.5113561,0,blr2,Bengaluru,2026-08-31T09:16:29.273173Z
ChIJ-4jECO4jrjsRstYLDat2440,Idli Mane,places,en,237,13.0592711,77.5124976,13.0600903,77.5114461,0,blr2,Bengaluru,2026-08-31T09:16:29.273190Z
ChIJA3c9hbIjrjsRhDLdkMVGWCM,Car Driver's,places,en,237,13.0592711,77.5124976,13.058703500000002,77.510322,0,blr2,Bengaluru,2026-08-31T09:16:29.273219Z
ChIJGWPVcRIjrjsROCngeLmAc2o,JANU FANCY STORE,places,en,237,13.0592711,77.5124976,13.0588316,77.5100913,0,blr2,Bengaluru,2026-08-31T09:16:29.273264Z
ChIJpcu-8Rc9rjsREFHWTxubxOI,The Andhra Adda,places,en,238,13.00095655,77.51292105,13.002002800000001,77.51238289999999,0,blr2,Bengaluru,2026-08-31T09:16:29.630576Z
ChIJLdAo2lM8rjsRMUgAVQAypjo,Sri Raghavendra Darshini,places,en,238,13.00095655,77.51292105,13.0007557,77.5107512,0,blr2,Bengaluru,2026-08-31T09:16:29.630598Z
ChIJg5gGV7M8rjsRo48Jgj8sZzg,Bhyraveshwara Biriyani Paradise,places,en,240,13.044996900000001,77.48610554999999,13.0453955,77.4859969,0,blr2,Bengaluru,2026-08-31T09:16:30.400482Z
ChIJPbbAWgI9rjsR1fzniv-go1M,N2 Bites,places,en,240,13.044996900000001,77.48610554999999,13.044767499999999,77.4855185,0,blr2,Bengaluru,2026-08-31T09:16:30.400511Z
ChIJuRXALQA9rjsR1paEYo8oIE0,Gobi corner,places,en,240,13.044996900000001,77.48610554999999,13.0443065,77.48532089999999,0,blr2,Bengaluru,2026-08-31T09:16:30.400519Z
ChIJgQ9tBbE8rjsR1MvEXFwPbHc,Zaika Kathi Rolls && Momos,places,en,240,13.044996900000001,77.48610554999999,13.0444636,77.4851281,0,blr2,Bengaluru,2026-08-31T09:16:30.400524Z
ChIJedtdkbM8rjsRIczonjTOaXg,Swetha fast food,places,en,240,13.044996900000001,77.48610554999999,13.0467161,77.48615269999999,0,blr2,Bengaluru,2026-08-31T09:16:30.400528Z
ChIJBexh77M8rjsRCK6x72NiJok,Sri Balaji Hot Chips,places,en,240,13.044996900000001,77.48610554999999,13.0474363,77.48645139999999,0,blr2,Bengaluru,2026-08-31T09:16:30.400533Z
ChIJ120XzHM9rjsRKZFSN3rLAfo,Shree Annaporneshwari Tiffen’s,places,en,241,12.976518949999999,77.49438355000001,12.978817,77.49483479999999,0,blr2,Bengaluru,2026-08-31T09:16:31.829121Z
ChIJoet4RjA_rjsRa9Uc8JSTUc4,Super Snacks,places,en,243,12.952832,77.52975624999999,12.954103199999999,77.52953959999999,0,blr2,Bengaluru,2026-08-31T09:16:32.493468Z
ChIJZYxMv28-rjsRrFKInn53B6I,Nanditha Fast Food And Catering Service,places,en,243,12.952832,77.52975624999999,12.9512496,77.5293229,0,blr2,Bengaluru,2026-08-31T09:16:32.493482Z
ChIJWzqGAwA_rjsRIibY4XoJo9A,Saheek,places,en,243,12.952832,77.52975624999999,12.954270099999999,77.5307839,0,blr2,Bengaluru,2026-08-31T09:16:32.493488Z
ChIJ_8pPXMU_rjsRrR_EbcFuqSI,HUSSAIN SHARIF Fruit Shop,places,en,243,12.952832,77.52975624999999,12.952253299999999,77.5277689,0,blr2,Bengaluru,2026-08-31T09:16:32.493491Z
ChIJLbsYcwA_rjsRgpDCfM7_WEo,Five Star Chicken,places,en,243,12.952832,77.52975624999999,12.952683299999999,77.52750329999999,0,blr2,Bengaluru,2026-08-31T09:16:32.493494Z
ChIJD0z3qXo-rjsRMNSPQCVvBeE,Al Siddiq K,places,en,243,12.952832,77.52975624999999,12.953032499999999,77.5274974,0,blr2,Bengaluru,2026-08-31T09:16:32.493496Z
ChIJG7jmVGU-rjsReva29NZrSzk,M S Chand Tiffen Center,places,en,243,12.952832,77.52975624999999,12.952536199999999,77.5274062,0,blr2,Bengaluru,2026-08-31T09:16:32.493499Z
ChIJ6fuhVGU-rjsRSuCmmR2Ldv8,New Arfa Chicken Paradise,places,en,243,12.952832,77.52975624999999,12.9525463,77.5272366,0,blr2,Bengaluru,2026-08-31T09:16:32.493501Z
ChIJI027rHo-rjsRQgwPaCXyDzw,S.J.S.CHICKEN STALL,places,en,243,12.952832,77.52975624999999,12.9526782,77.52711819999999,0,blr2,Bengaluru,2026-08-31T09:16:32.493503Z
ChIJFVQvlfYWrjsRbxbCpxvGe7s,S.R.Sagar Hotel,places,en,244,12.997319749999999,77.61187319999999,12.997654299999999,77.6119279,0,blr2,Bengaluru,2026-08-31T09:16:32.875074Z
ChIJ46EurxkXrjsRtNqPBjrZvQU,Mr.Philly's,places,en,244,12.997319749999999,77.61187319999999,12.996894,77.6110796,0,blr2,Bengaluru,2026-08-31T09:16:32.875094Z
ChIJ-Z6MhfYWrjsRXIjpoeLyvvA,Leon's BURGER,places,en,244,12.997319749999999,77.61187319999999,12.996850199999999,77.6110441,0,blr2,Bengaluru,2026-08-31T09:16:32.875098Z
ChIJ25Wi_PgXrjsRk3klzpmrFJw,Kareem’s Restaurant,places,en,244,12.997319749999999,77.61187319999999,12.9963947,77.612329,0,blr2,Bengaluru,2026-08-31T09:16:32.875102Z
ChIJi3YcIQAXrjsRtNzjpQfOA-Y,Maheshwari Chat House,places,en,244,12.997319749999999,77.61187319999999,12.996379099999999,77.61245339999999,0,blr2,Bengaluru,2026-08-31T09:16:32.875106Z
ChIJYxmdBvQWrjsRqFd4j-biGTE,Domino's Pizza | Coles Road (Bangalore),places,en,244,12.997319749999999,77.61187319999999,12.9973583,77.610709,0,blr2,Bengaluru,2026-08-31T09:16:32.875121Z
ChIJUdxwKPQWrjsRznFDqgDtdD4,Chung Wah,places,en,244,12.997319749999999,77.61187319999999,12.996132600000001,77.6113402,0,blr2,Bengaluru,2026-08-31T09:16:32.875125Z
ChIJW77EYSMXrjsRp2z3nl9O5WE,Baklavachi Turkish Confectionery,places,en,244,12.997319749999999,77.61187319999999,12.996176400000001,77.6126857,0,blr2,Bengaluru,2026-08-31T09:16:32.875128Z
ChIJLYiRRgAXrjsR3Jfh8xP6GGY,Mukesh Chat House,places,en,244,12.997319749999999,77.61187319999999,12.998233700000002,77.61301569999999,0,blr2,Bengaluru,2026-08-31T09:16:32.875130Z
ChIJ0QV-3PYWrjsRoBKdT1qsn5c,Mustafa Restaurant,places,en,244,12.997319749999999,77.61187319999999,12.9986611,77.61243569999999,0,blr2,Bengaluru,2026-08-31T09:16:32.875133Z
ChIJkbc4BPQWrjsRekCWW59JXQk,Nandhini Deluxe - Andhra restaurant - Frazer Town,places,en,244,12.997319749999999,77.61187319999999,12.9960205,77.61300589999999,0,blr2,Bengaluru,2026-08-31T09:16:32.875136Z
ChIJ1crxwFEXrjsRhbjDX-sTYLA,La Pino'z Pizza,places,en,244,12.997319749999999,77.61187319999999,12.9975896,77.6101376,0,blr2,Bengaluru,2026-08-31T09:16:32.875139Z
ChIJX5ToHBMXrjsR5FBiAboWYCg,SRS excellent chicken,places,en,244,12.997319749999999,77.61187319999999,12.9985989,77.6106655,0,blr2,Bengaluru,2026-08-31T09:16:32.875141Z
ChIJH2r_U2AXrjsRcQAh7LzS1MY,Udupi Durgashree cafe,places,en,244,12.997319749999999,77.61187319999999,12.997402399999999,77.61009200000001,0,blr2,Bengaluru,2026-08-31T09:16:32.875144Z
ChIJ84G6E6YXrjsREIvSMUH6IUI,Noories Multi Cuisine Kitchen,places,en,244,12.997319749999999,77.61187319999999,12.9964473,77.61346739999999,0,blr2,Bengaluru,2026-08-31T09:16:32.875147Z
ChIJb9b79iAXrjsR7d52_60DR0s,The Kitchen Story Blr,places,en,244,12.997319749999999,77.61187319999999,12.9964473,77.61346739999999,0,blr2,Bengaluru,2026-08-31T09:16:32.875150Z
ChIJOwWjAPQWrjsR2MwxE0zMThM,New Aroma of Asia,places,en,244,12.997319749999999,77.61187319999999,12.996423799999999,77.61345589999999,0,blr2,Bengaluru,2026-08-31T09:16:32.875153Z
ChIJB8hnU3EXrjsRwjz-GTh2j4Y,Leon's Burgers & Wings Frazer Town,places,en,244,12.997319749999999,77.61187319999999,12.996327200000001,77.6134495,0,blr2,Bengaluru,2026-08-31T09:16:32.875155Z
ChIJvzxYAXEXrjsRx_upJUtAVhc,Nawazish Indo Arabian Restaurant,places,en,244,12.997319749999999,77.61187319999999,12.9956985,77.6110222,0,blr2,Bengaluru,2026-08-31T09:16:32.875158Z
ChIJ-V_rBx4XrjsRo1hyy2w0PKw,Uptown fried chicken,places,en,244,12.997319749999999,77.61187319999999,12.995856799999999,77.61320440000001,0,blr2,Bengaluru,2026-08-31T09:16:32.875160Z
ChIJh50D7CsUrjsRmi2n7ZLXsTU,Pop-Inn's Fast Food,places,en,247,12.96484285,77.61174779999999,12.9635491,77.6123977,0,blr2,Bengaluru,2026-08-31T09:16:33.932825Z
ChIJUZnl7CsUrjsR5nbWNXjdAX8,F.G.Chicken Masala Kabab,places,en,247,12.96484285,77.61174779999999,12.963314599999999,77.61222839999999,0,blr2,Bengaluru,2026-08-31T09:16:33.932848Z
ChIJK3CQ7s0VrjsR1cNpvP_DP20,Anwar Beef Biryani Hotel,places,en,247,12.96484285,77.61174779999999,12.9633802,77.61269949999999,0,blr2,Bengaluru,2026-08-31T09:16:33.932853Z
ChIJxxz15SsUrjsRRRTXGBUoTjM,SRI DEVI HOME FOOD,places,en,247,12.96484285,77.61174779999999,12.9633966,77.6128098,0,blr2,Bengaluru,2026-08-31T09:16:33.932865Z
ChIJ_1jxhuAVrjsR-PanZDkrifE,Udupi Upahar,places,en,247,12.96484285,77.61174779999999,12.966593999999999,77.611037,0,blr2,Bengaluru,2026-08-31T09:16:33.932869Z
ChIJrTenIu8VrjsRisQ0OHVTMic,Fried Rice Kitchen,places,en,247,12.96484285,77.61174779999999,12.9669289,77.6110128,0,blr2,Bengaluru,2026-08-31T09:16:33.932873Z
ChIJDRlAAno_rjsRrrPRFMU0ILI,KARNATAKA KITCHEN,places,en,248,12.963215850000001,77.5553907,12.9633801,77.5560631,0,blr2,Bengaluru,2026-08-31T09:16:34.276203Z
ChIJT5UsBFI_rjsRX9jpFgk84Ow,SRI VENKATESHWARA HOT CHIPS,places,en,248,12.963215850000001,77.5553907,12.964253999999999,77.5556861,0,blr2,Bengaluru,2026-08-31T09:16:34.276225Z
ChIJmRdGAwk-rjsR95eke8Ag99w,Lassi Spot,places,en,248,12.963215850000001,77.5553907,12.9640496,77.554526,0,blr2,Bengaluru,2026-08-31T09:16:34.276230Z
ChIJ92srbw4_rjsR6oF4tCbNSro,New Bilal Kabab Center,places,en,248,12.963215850000001,77.5553907,12.9645145,77.55541939999999,0,blr2,Bengaluru,2026-08-31T09:16:34.276235Z
ChIJcdXmfMA_rjsRl3ZG7wM7LD0,Ramkrishna Food Shop,places,en,248,12.963215850000001,77.5553907,12.964364999999999,77.55606660000001,0,blr2,Bengaluru,2026-08-31T09:16:34.276239Z
ChIJ5wLctwA-rjsRY7nD2LAsGkY,Ashoka Fast Food,places,en,248,12.963215850000001,77.5553907,12.9639598,77.5567744,0,blr2,Bengaluru,2026-08-31T09:16:34.276243Z
ChIJKU_jswA-rjsRfGj-2cET4b4,BISMILLAH Chicken,places,en,248,12.963215850000001,77.5553907,12.964346899999999,77.55655,0,blr2,Bengaluru,2026-08-31T09:16:34.276246Z
ChIJe3y8Zwc-rjsRbN3pR2zglQg,New Hotel Royal,places,en,248,12.963215850000001,77.5553907,12.9646549,77.5545789,0,blr2,Bengaluru,2026-08-31T09:16:34.276249Z
ChIJHdluFDU_rjsRLLn6NZPQiec,Food Meal,places,en,248,12.963215850000001,77.5553907,12.963666199999999,77.5536912,0,blr2,Bengaluru,2026-08-31T09:16:34.276252Z
ChIJd7OEZQc-rjsR7ZU76FISm6U,Sangam hotel,places,en,248,12.963215850000001,77.5553907,12.964627,77.554363,0,blr2,Bengaluru,2026-08-31T09:16:34.276256Z
ChIJg8ruFgA_rjsRO1SCESJeuo4,Thomas Chaat Shop,places,en,248,12.963215850000001,77.5553907,12.964098499999999,77.5569076,0,blr2,Bengaluru,2026-08-31T09:16:34.276259Z
ChIJ8dgyYwc-rjsRlnYz3MymtQk,Sri Lakshmi Venkateshwara Bar & Restaurant,places,en,248,12.963215850000001,77.5553907,12.964798499999999,77.5546117,0,blr2,Bengaluru,2026-08-31T09:16:34.276263Z
ChIJD2u-gOc_rjsRR7DJCas7ytY,HAMZA CAFE,places,en,248,12.963215850000001,77.5553907,12.9648487,77.5545274,0,blr2,Bengaluru,2026-08-31T09:16:34.276267Z
ChIJAxjC0Ls_rjsRwwf5lVhNJek,A 1 Beef Stall,places,en,248,12.963215850000001,77.5553907,12.963624999999999,77.5535232,0,blr2,Bengaluru,2026-08-31T09:16:34.276270Z
ChIJ9yRda80_rjsRpi00Fy1MZ3I,Cook master,places,en,248,12.963215850000001,77.5553907,12.9629793,77.5534425,0,blr2,Bengaluru,2026-08-31T09:16:34.276273Z
ChIJl4jIA6c_rjsRc6sWG3prRoY,M A F Tiffen Center Mrs Famida Begaum,places,en,248,12.963215850000001,77.5553907,12.964988,77.5546913,0,blr2,Bengaluru,2026-08-31T09:16:34.276276Z
ChIJ2XzJ_mw_rjsRewZo_B6g_n8,H K G N KABAB CENTRE,places,en,248,12.963215850000001,77.5553907,12.9648659,77.5544087,0,blr2,Bengaluru,2026-08-31T09:16:34.276279Z
ChIJoRs2EBM_rjsRXBrjVNbZQcE,M A F TIFFIN CENTER,places,en,248,12.963215850000001,77.5553907,12.965072099999999,77.55472089999999,0,blr2,Bengaluru,2026-08-31T09:16:34.276282Z
ChIJuY_PsMc_rjsRxqZ1dxkCTBc,SALWAA KITCHEN-Arabian Restaurant-JJRNagar,places,en,248,12.963215850000001,77.5553907,12.9642728,77.5534416,0,blr2,Bengaluru,2026-08-31T09:16:34.276285Z
ChIJD_qqE4g_rjsReiXjWzCP93k,Syed Hasan Samosa Store Mr,places,en,248,12.963215850000001,77.5553907,12.963553200000002,77.5530261,0,blr2,Bengaluru,2026-08-31T09:16:34.276288Z
ChIJZURgngkWrjsR9K1EJe8_t5E,Prakash Kachori Center,places,en,249,12.968933799999999,77.57854845,12.9690987,77.5780135,0,blr2,Bengaluru,2026-08-31T09:16:34.657097Z
ChIJpQAKlwkWrjsRDGecmXGLgh0,ANAND BHAVAN,places,en,249,12.968933799999999,77.57854845,12.968397999999999,77.5778823,0,blr2,Bengaluru,2026-08-31T09:16:34.657126Z
ChIJAcnauDkXrjsRxfhVvr8txlw,Tikki Puri Ramu ಟಿಕ್ಕಿ ಪೂರಿ ರಾಮು,places,en,249,12.968933799999999,77.57854845,12.9684078,77.57924469999999,0,blr2,Bengaluru,2026-08-31T09:16:34.657132Z
ChIJrXUNiHkXrjsRzrlc3qM-Wsc,Bombay Sandwich Budhan Mukhiya,places,en,249,12.968933799999999,77.57854845,12.9685825,77.57761490000001,0,blr2,Bengaluru,2026-08-31T09:16:34.657136Z
ChIJczYoeCwXrjsRAjs6rW44Aw0,Tapan Restaurant,places,en,249,12.968933799999999,77.57854845,12.9695842,77.5793801,0,blr2,Bengaluru,2026-08-31T09:16:34.657141Z
ChIJdT-r9rsXrjsR26tFXUIs9vo,Modern Sandwich Stall,places,en,249,12.968933799999999,77.57854845,12.967865199999999,77.5787929,0,blr2,Bengaluru,2026-08-31T09:16:34.657144Z
ChIJ0_u-DQAXrjsRdQtROury3hY,Kumar fruits and sandwich (floating pani puri),places,en,249,12.968933799999999,77.57854845,12.9689351,77.5796475,0,blr2,Bengaluru,2026-08-31T09:16:34.657148Z
ChIJqTojBAIXrjsR1_lG7GsHD5Y,Bombay bhel,places,en,249,12.968933799999999,77.57854845,12.968033,77.57786709999999,0,blr2,Bengaluru,2026-08-31T09:16:34.657151Z
ChIJ2yLc8toXrjsRiMgiR5R-Qic,Avenue Road Street Food,places,en,249,12.968933799999999,77.57854845,12.9678274,77.57881280000001,0,blr2,Bengaluru,2026-08-31T09:16:34.657155Z
ChIJMaYAtXAXrjsRMpVLIa-8XxE,Manpasand pure veg hotel,places,en,249,12.968933799999999,77.57854845,12.969964099999999,77.5779457,0,blr2,Bengaluru,2026-08-31T09:16:34.657158Z
ChIJiaflUAAXrjsRTax4k7Bekz4,The Eat out Chats,places,en,249,12.968933799999999,77.57854845,12.969970799999999,77.57792839999999,0,blr2,Bengaluru,2026-08-31T09:16:34.657162Z
ChIJbVhqR7sXrjsRaXkqxg0A90M,Dhanajaya Hotel,places,en,249,12.968933799999999,77.57854845,12.969909,77.5792582,0,blr2,Bengaluru,2026-08-31T09:16:34.657166Z
ChIJ9XZDH3gXrjsRKKIwuurxI5E,Narayan Dosa Point,places,en,249,12.968933799999999,77.57854845,12.9678623,77.5791873,0,blr2,Bengaluru,2026-08-31T09:16:34.657169Z
ChIJ3WPkZAkWrjsRT5rqGuAS97U,Mahalaxmi Handloom,places,en,249,12.968933799999999,77.57854845,12.9701848,77.5784367,0,blr2,Bengaluru,2026-08-31T09:16:34.657173Z
ChIJGXixsVsXrjsRZK_qzopFECs,Nagaraj dosa camp,places,en,249,12.968933799999999,77.57854845,12.967753799999999,77.5791575,0,blr2,Bengaluru,2026-08-31T09:16:34.657176Z
ChIJAWqBpgkWrjsRAAAAsIa2M1o,PALANI K,places,en,249,12.968933799999999,77.57854845,12.9688435,77.5771863,0,blr2,Bengaluru,2026-08-31T09:16:34.657179Z
ChIJkYtkUAMXrjsRNZQxiDK965o,BEST POULTRY CENTRE,places,en,249,12.968933799999999,77.57854845,12.9688193,77.57718129999999,0,blr2,Bengaluru,2026-08-31T09:16:34.657183Z
ChIJZwH0zt0XrjsR4u_UOEXY6Qc,rajasthani thali,places,en,249,12.968933799999999,77.57854845,12.970069899999999,77.577861,0,blr2,Bengaluru,2026-08-31T09:16:34.657186Z
ChIJycFNhr0XrjsRJN6CBr41lBE,Mahadev bhojnalay,places,en,249,12.968933799999999,77.57854845,12.968556600000001,77.5798867,0,blr2,Bengaluru,2026-08-31T09:16:34.657190Z
ChIJm8-3hlQXrjsR8e3H10DjUc8,Manpasand Hotel bhamsa ka dhaba,places,en,249,12.968933799999999,77.57854845,12.9701151,77.577815,0,blr2,Bengaluru,2026-08-31T09:16:34.657193Z
ChIJiwToFgA9rjsRk5mWqdagixo,Puneeth kabab corner,places,en,250,13.003456400000001,77.50944465,13.0040634,77.5090034,0,blr2,Bengaluru,2026-08-31T09:16:35.148486Z
ChIJ2ZWWN0E9rjsRMmdwPPb2sks,Sizzlly Chicken Hegganahalli,places,en,250,13.003456400000001,77.50944465,13.0040777,77.5082606,0,blr2,Bengaluru,2026-08-31T09:16:35.148522Z
ChIJZSpqwNo9rjsR8iU9RVs7Zt0,Nanjundeshwara Tiffen Center,places,en,250,13.003456400000001,77.50944465,13.004078499999999,77.5082224,0,blr2,Bengaluru,2026-08-31T09:16:35.148528Z
ChIJGz6bbcw9rjsRPSt55kS50iE,Hotel Jasper knight,places,en,250,13.003456400000001,77.50944465,13.0039274,77.5077975,0,blr2,Bengaluru,2026-08-31T09:16:35.148533Z
ChIJ6TUzTAA9rjsRJl6BmazyRxU,PIZZA PALACE,places,en,250,13.003456400000001,77.50944465,13.0039966,77.5075734,0,blr2,Bengaluru,2026-08-31T09:16:35.148537Z
ChIJK-SnIWk9rjsRwFDrVR-oFFc,NAGARAJ S G,places,en,250,13.003456400000001,77.50944465,13.0041795,77.5074472,0,blr2,Bengaluru,2026-08-31T09:16:35.148541Z
ChIJ_fe1dAA9rjsRKirLwmT6yh4,Srinivasa miltry hotel,places,en,250,13.003456400000001,77.50944465,13.004029000000001,77.5073865,0,blr2,Bengaluru,2026-08-31T09:16:35.148545Z
ChIJg6g6Hlc8rjsRR-QN3gidG_o,Sri Basaveshwara Khanavali,places,en,250,13.003456400000001,77.50944465,13.004169200000002,77.5074298,0,blr2,Bengaluru,2026-08-31T09:16:35.148549Z
ChIJR8-iOIM9rjsRoHvPOOBk-kY,POWER SPIRITS BAR AND RESTAURANT,places,en,250,13.003456400000001,77.50944465,13.0040952,77.5072994,0,blr2,Bengaluru,2026-08-31T09:16:35.148552Z
ChIJPd9bbdE9rjsRbK5C42QkkWU,Sri Veerabhadara Hotel LOKESH Manjunatha,places,en,250,13.003456400000001,77.50944465,13.004304399999999,77.5073556,0,blr2,Bengaluru,2026-08-31T09:16:35.148556Z
ChIJ78-EIVc8rjsRXRM1DFVC0hA,Gowdru Dum Biriyani Corner,places,en,250,13.003456400000001,77.50944465,13.0038606,77.507127,0,blr2,Bengaluru,2026-08-31T09:16:35.148560Z
ChIJo_OzDjc9rjsRoLDq9y5hBsg,Sridevi Tiffin Centre Mrs Sridevi K,places,en,250,13.003456400000001,77.50944465,13.0041312,77.50711869999999,0,blr2,Bengaluru,2026-08-31T09:16:35.148563Z
ChIJz-aGZ709rjsR6CTHGuLsjas,Gowdru Chicken Center Girish S C,places,en,250,13.003456400000001,77.50944465,13.0037632,77.5070338,0,blr2,Bengaluru,2026-08-31T09:16:35.148567Z
ChIJY6sxaAA9rjsRB_IzVuEByrA,Hegganahalli cross 3rd main Lakshman nagar,places,en,250,13.003456400000001,77.50944465,13.0038799,77.5070379,0,blr2,Bengaluru,2026-08-31T09:16:35.148571Z
ChIJb9vWMVc8rjsRouGyR_0JCY0,Madeena Poultry Farm,places,en,250,13.003456400000001,77.50944465,13.0030641,77.5069305,0,blr2,Bengaluru,2026-08-31T09:16:35.148574Z
ChIJ637eW3w9rjsRv68AtMW2pFE,Hema Restaurant,places,en,251,13.017691750000001,77.55815115,13.0187473,77.558101,0,blr2,Bengaluru,2026-08-31T09:16:35.588092Z
ChIJ4eSBB9M9rjsRzzqAqIOMY3g,Samanvi foods,places,en,251,13.017691750000001,77.55815115,13.0187169,77.5587924,0,blr2,Bengaluru,2026-08-31T09:16:35.588130Z
ChIJ58SGhnw9rjsRYwZ7aWJffc0,New Sagar Fast Food,places,en,251,13.017691750000001,77.55815115,13.0188154,77.55738389999999,0,blr2,Bengaluru,2026-08-31T09:16:35.588136Z
ChIJ4_UoPAA9rjsRl2iEL0S_WB0,G R Mudde Meals And Tiffen Centre,places,en,251,13.017691750000001,77.55815115,13.0190025,77.5577533,0,blr2,Bengaluru,2026-08-31T09:16:35.588140Z
ChIJ6-bMfPA9rjsRZLacD8_d-eo,Hotel Rajaatithya - Yeshwanthpur,places,en,251,13.017691750000001,77.55815115,13.0190314,77.55771349999999,0,blr2,Bengaluru,2026-08-31T09:16:35.588144Z
ChIJQbtasso9rjsRmsZwh9CD2aM,New Arkadu Biriyani,places,en,251,13.017691750000001,77.55815115,13.018917199999999,77.55740480000001,0,blr2,Bengaluru,2026-08-31T09:16:35.588147Z
ChIJu7ipFys9rjsRCkvHt-MEdaw,Ambur Dum Biriyani,places,en,251,13.017691750000001,77.55815115,13.0190285,77.5574865,0,blr2,Bengaluru,2026-08-31T09:16:35.588151Z
ChIJv7p6UbI9rjsRGEUeH8S06_g,Sri Krishna Darshan veg reataurant,places,en,251,13.017691750000001,77.55815115,13.019150999999999,77.5578429,0,blr2,Bengaluru,2026-08-31T09:16:35.588155Z
ChIJ_bjqCwA9rjsRmFkE7vXjrhc,Mangalore Fish Meals,places,en,251,13.017691750000001,77.55815115,13.0191229,77.55752319999999,0,blr2,Bengaluru,2026-08-31T09:16:35.588159Z
ChIJZ9LzYXw9rjsRCcd0p_Dkw3A,Dosa Ghar,places,en,251,13.017691750000001,77.55815115,13.0190354,77.5572378,0,blr2,Bengaluru,2026-08-31T09:16:35.588163Z
ChIJMWjZiXw9rjsRP-kCOdxmjQU,Karavali Deluxe Restaurant,places,en,251,13.017691750000001,77.55815115,13.0190471,77.5571811,0,blr2,Bengaluru,2026-08-31T09:16:35.588167Z
ChIJV7o3YHw9rjsRi_5rgXmPi9g,A Singh Sweets Pure Ghee Sweets,places,en,251,13.017691750000001,77.55815115,13.0190542,77.5571841,0,blr2,Bengaluru,2026-08-31T09:16:35.588170Z
ChIJBQoWPlI9rjsROKle6kMbRhA,KS Gowda hotel,places,en,251,13.017691750000001,77.55815115,13.019368499999999,77.55823889999999,0,blr2,Bengaluru,2026-08-31T09:16:35.588174Z
ChIJOwicX3w9rjsR8VrSXywgi24,A1 Ambur Biryani,places,en,251,13.017691750000001,77.55815115,13.0193595,77.5579415,0,blr2,Bengaluru,2026-08-31T09:16:35.588177Z
ChIJsd76Y3w9rjsR1mK7bmnNfkI,Garden kabab Corner,places,en,251,13.017691750000001,77.55815115,13.0191951,77.5573512,0,blr2,Bengaluru,2026-08-31T09:16:35.588181Z
ChIJ94lkEQA9rjsRnjeGhiV49P0,Himalayan momos,places,en,251,13.017691750000001,77.55815115,13.0194023,77.5581523,0,blr2,Bengaluru,2026-08-31T09:16:35.588185Z
ChIJebxoNgA9rjsRs_fMScv6wdU,MUNCHI CAFE,places,en,251,13.017691750000001,77.55815115,13.019438399999999,77.5581309,0,blr2,Bengaluru,2026-08-31T09:16:35.588188Z
ChIJD3NZ93w9rjsRn0iczQQhLBg,UDUPI UPAHAR,places,en,251,13.017691750000001,77.55815115,13.0194295,77.5583422,0,blr2,Bengaluru,2026-08-31T09:16:35.588192Z
ChIJ59ho2AM9rjsRkD0hTjsTviM,Sri Manjunatha Idly Dose and Cattering Service,places,en,251,13.017691750000001,77.55815115,13.0189521,77.5568195,0,blr2,Bengaluru,2026-08-31T09:16:35.588195Z
ChIJnfDe8Sw9rjsRkbVSTI44p4g,Tarama Kolkata fast food,places,en,251,13.017691750000001,77.55815115,13.019500899999999,77.5579683,0,blr2,Bengaluru,2026-08-31T09:16:35.588199Z
ChIJd-0qHNI9rjsRxLPL6uELRF8,Happy Time,places,en,252,12.9746345,77.52208965,12.9739185,77.5216253,0,blr2,Bengaluru,2026-08-31T09:16:36.020929Z
ChIJaci7TLQ9rjsRB1pKjvOUmBs,Rent Home,places,en,252,12.9746345,77.52208965,12.9736712,77.5225776,0,blr2,Bengaluru,2026-08-31T09:16:36.020959Z
ChIJjb-wgfk9rjsRN4SR7EUOuVI,SHUBHASHREE HOTEL,places,en,252,12.9746345,77.52208965,12.976606499999999,77.5218393,0,blr2,Bengaluru,2026-08-31T09:16:36.020965Z
ChIJ_9eAnIE9rjsR_jQ3W7EaSd8,M Divya,places,en,252,12.9746345,77.52208965,12.97434,77.5242133,0,blr2,Bengaluru,2026-08-31T09:16:36.020970Z
ChIJ45Pedc49rjsRiJwI1rX4CDc,Banashankari Cements,places,en,252,12.9746345,77.52208965,12.9767311,77.5222776,0,blr2,Bengaluru,2026-08-31T09:16:36.020976Z
ChIJ1w5MIwA9rjsR6RuDxfDkUm4,Kamakshi Cafe,places,en,252,12.9746345,77.52208965,12.9767403,77.52223529999999,0,blr2,Bengaluru,2026-08-31T09:16:36.020981Z
ChIJWy-IOM49rjsR66cmIfaa1do,Pavan B M,places,en,252,12.9746345,77.52208965,12.976412799999999,77.5234182,0,blr2,Bengaluru,2026-08-31T09:16:36.020985Z
ChIJeSbYBoI9rjsRs3LxTO09UzY,Laxminarayana nilaya,places,en,252,12.9746345,77.52208965,12.973927999999999,77.5242712,0,blr2,Bengaluru,2026-08-31T09:16:36.020989Z
ChIJyZi9a3U9rjsRry_Z4Ax3oOc,S2 Food Corner,places,en,252,12.9746345,77.52208965,12.9763409,77.5237249,0,blr2,Bengaluru,2026-08-31T09:16:36.020994Z
ChIJOaIjnW49rjsRIFPQWJMX3LA,Srinivasanagar Gobi Center ಶ್ರೀನಿವಾಸ ನಗರ ಗೋಬಿ ಸೆಂಟರ್,places,en,252,12.9746345,77.52208965,12.9764381,77.5237487,0,blr2,Bengaluru,2026-08-31T09:16:36.020999Z
ChIJqWPQtY49rjsRe59f5J4FUe4,Athithi Restaurant,places,en,252,12.9746345,77.52208965,12.9768183,77.5208157,0,blr2,Bengaluru,2026-08-31T09:16:36.021003Z
ChIJzflZPwA9rjsR1M3YMMQHrh8,Nithyashri Veg Hotel,places,en,252,12.9746345,77.52208965,12.976851,77.5207731,0,blr2,Bengaluru,2026-08-31T09:16:36.021007Z
ChIJgXiDOM49rjsRHKwaA6FEv_E,S.L.V. Hindu Military Hotel,places,en,252,12.9746345,77.52208965,12.9765556,77.5238645,0,blr2,Bengaluru,2026-08-31T09:16:36.021011Z
ChIJ6XkrxM09rjsR6mmWn1qUea0,NIHAR FOOD PALACE,places,en,252,12.9746345,77.52208965,12.9768619,77.5207574,0,blr2,Bengaluru,2026-08-31T09:16:36.021015Z
ChIJ8VfRXwA9rjsR12soTmvGX5o,"MEI layout, opposite More super market",places,en,253,13.023602050000001,77.47800295,13.0224061,77.4769567,0,blr2,Bengaluru,2026-08-31T09:16:36.372645Z
ChIJV6xsI5k8rjsRG2RWMs-P_pU,Sri Ranganatha Boarding & Lodging Bar & Restaurant,places,en,253,13.023602050000001,77.47800295,13.025799899999999,77.4770592,0,blr2,Bengaluru,2026-08-31T09:16:36.372671Z
ChIJ4WccWJw9rjsRR9N2UlO87GQ,Sri Ranga Spirit Zone,places,en,253,13.023602050000001,77.47800295,13.0260064,77.4770313,0,blr2,Bengaluru,2026-08-31T09:16:36.372677Z
ChIJl4pUBQA9rjsRUqiMOsPSAVE,Ammu'S Kitchen,places,en,254,12.97433815,77.52759855,12.9729092,77.52701379999999,0,blr2,Bengaluru,2026-08-31T09:16:36.782865Z
ChIJL8jYI9A9rjsRAAAA0Oe6OGE,Hatsun Milk,places,en,254,12.97433815,77.52759855,12.974871300000002,77.5259165,0,blr2,Bengaluru,2026-08-31T09:16:36.782893Z
ChIJDfslido9rjsRKG5RkDePZPA,Mangalore Kabab Korner,places,en,254,12.97433815,77.52759855,12.9727959,77.5285227,0,blr2,Bengaluru,2026-08-31T09:16:36.782900Z
ChIJnxhz9s89rjsRC1vSaMZ-V5A,Kubera Veg And Nonveg,places,en,254,12.97433815,77.52759855,12.976151999999999,77.5274151,0,blr2,Bengaluru,2026-08-31T09:16:36.782905Z
ChIJeVKh8c89rjsRTYPWhX8Ou6E,SLV Kabab Centar,places,en,254,12.97433815,77.52759855,12.976183599999999,77.5272033,0,blr2,Bengaluru,2026-08-31T09:16:36.782909Z
ChIJTR249s89rjsRvNb2oQVzXyw,K H M Hindu Miltry Hotel,places,en,254,12.97433815,77.52759855,12.976192500000002,77.5272316,0,blr2,Bengaluru,2026-08-31T09:16:36.782913Z
ChIJuV7syl09rjsRMbDJUdH53Oc,Sri Guru stores.,places,en,254,12.97433815,77.52759855,12.9749874,77.5294459,0,blr2,Bengaluru,2026-08-31T09:16:36.782917Z
ChIJw1eUbAA9rjsRhkN9PQZ964U,Shree Pavada Basaveshewara Uttara Karnataka Mane oota,places,en,254,12.97433815,77.52759855,12.976003299999999,77.5266433,0,blr2,Bengaluru,2026-08-31T09:16:36.782921Z
ChIJDf7AW8U9rjsRqulv5gFKytk,Ambur Hot Dum Biriyani,places,en,254,12.97433815,77.52759855,12.976238299999999,77.5279833,0,blr2,Bengaluru,2026-08-31T09:16:36.782925Z
ChIJo1dCO9A9rjsRLrptKLVjdgg,Meghan Chicken Center,places,en,254,12.97433815,77.52759855,12.9743228,77.52562569999999,0,blr2,Bengaluru,2026-08-31T09:16:36.782929Z
ChIJg2xsO9A9rjsRFQCtZjhnuyE,Gowdru Chicken Center,places,en,254,12.97433815,77.52759855,12.9743228,77.52562569999999,0,blr2,Bengaluru,2026-08-31T09:16:36.782933Z
ChIJw4_bDWY9rjsRAiFq2zdPwAc,Khorak,places,en,254,12.97433815,77.52759855,12.9737533,77.5256425,0,blr2,Bengaluru,2026-08-31T09:16:36.782937Z
ChIJdxqoHro9rjsRr5WJ2saRobE,Sri Annapooraneshwari Chats NAVEENA SE,places,en,254,12.97433815,77.52759855,12.972393499999999,77.5270773,0,blr2,Bengaluru,2026-08-31T09:16:36.782941Z
ChIJP83bVwA9rjsRw9eJg9zzM7o,Davangere Mirchi Masala 2014,places,en,254,12.97433815,77.52759855,12.972458699999999,77.5284385,0,blr2,Bengaluru,2026-08-31T09:16:36.782945Z
ChIJSeG7XsU9rjsRfG_o505GSuw,Purushotham Bar and Restaurant,places,en,254,12.97433815,77.52759855,12.976398900000001,77.5279061,0,blr2,Bengaluru,2026-08-31T09:16:36.782949Z
ChIJn23t8889rjsRaNjQKIx0ZzY,Taste Zone,places,en,254,12.97433815,77.52759855,12.976379099999999,77.5271781,0,blr2,Bengaluru,2026-08-31T09:16:36.782953Z
ChIJYdtvJtA9rjsRgUU0PMpAsko,S L V Suguna Chicken Center & Egg Traders,places,en,254,12.97433815,77.52759855,12.9748219,77.5255202,0,blr2,Bengaluru,2026-08-31T09:16:36.782957Z
ChIJfwcnDAA9rjsRE0S_cZAqHtM,Durga darshini,places,en,254,12.97433815,77.52759855,12.9764074,77.5281935,0,blr2,Bengaluru,2026-08-31T09:16:36.782961Z
ChIJ9R702889rjsRrhDqOMgOUsw,SRI MANIKANTA VILAS,places,en,254,12.97433815,77.52759855,12.975590799999999,77.5257367,0,blr2,Bengaluru,2026-08-31T09:16:36.782965Z
ChIJ0YXrkxQ9rjsR6blD80aSLbM,Thippeswamy Store,places,en,254,12.97433815,77.52759855,12.9762937,77.5265187,0,blr2,Bengaluru,2026-08-31T09:16:36.782969Z
ChIJj2Uk47Y9rjsRCnTHg5UROEY,Hotel SaviRuchi,places,en,255,12.9852428,77.53974545,12.9851475,77.5401481,0,blr2,Bengaluru,2026-08-31T09:16:37.237074Z
ChIJJR5Vu-o9rjsRPSUFiwFCb-Y,Sri Raghavendra Chats,places,en,255,12.9852428,77.53974545,12.9861002,77.5397358,0,blr2,Bengaluru,2026-08-31T09:16:37.237105Z
ChIJ_W-xTHw9rjsRvA3VmAt6FMI,Gupta chats,places,en,255,12.9852428,77.53974545,12.985941799999999,77.540275,0,blr2,Bengaluru,2026-08-31T09:16:37.237120Z
ChIJE1jxxuo9rjsRFtrS-l0yIXs,Cave-n-Dine,places,en,255,12.9852428,77.53974545,12.986312499999999,77.5405468,0,blr2,Bengaluru,2026-08-31T09:16:37.237126Z
ChIJwW-tYfc9rjsRFEDy-PrKTPM,SHIVANNA MILTAY HOTEL,places,en,255,12.9852428,77.53974545,12.9868434,77.53964479999999,0,blr2,Bengaluru,2026-08-31T09:16:37.237131Z
ChIJJSG-VJU9rjsRDqyHg8WUi_U,Indian Chicken Biryani Point,places,en,255,12.9852428,77.53974545,12.9868814,77.5397898,0,blr2,Bengaluru,2026-08-31T09:16:37.237135Z
ChIJddeb1uE9rjsRHeZND8EH2Nk,Halli Mane Ole Oota,places,en,255,12.9852428,77.53974545,12.9869953,77.5400612,0,blr2,Bengaluru,2026-08-31T09:16:37.237140Z
ChIJremnFiU9rjsRDTShNc__l6U,THE BIRIYANI STORII,places,en,255,12.9852428,77.53974545,12.9870331,77.5400037,0,blr2,Bengaluru,2026-08-31T09:16:37.237144Z
ChIJH1-qq549rjsRnlB8xCy0M6c,Manavarike,places,en,255,12.9852428,77.53974545,12.986893600000002,77.5405122,0,blr2,Bengaluru,2026-08-31T09:16:37.237148Z
ChIJBykMcak9rjsR-sc9iSNxHjg,Srinivasa mess,places,en,255,12.9852428,77.53974545,12.9868203,77.5387375,0,blr2,Bengaluru,2026-08-31T09:16:37.237152Z
ChIJr0slt5U9rjsRemkCIol_JlY,Nandi Thatte Idli Corner,places,en,255,12.9852428,77.53974545,12.986677400000001,77.5384318,0,blr2,Bengaluru,2026-08-31T09:16:37.237156Z
ChIJ1xmfmm09rjsRG_fjr6e1a0U,Street food,places,en,255,12.9852428,77.53974545,12.987094599999999,77.5390666,0,blr2,Bengaluru,2026-08-31T09:16:37.237160Z
ChIJvUwxreo9rjsRkpfpqn4OzIc,Navya Bar And Restaurant,places,en,255,12.9852428,77.53974545,12.987215299999999,77.5396968,0,blr2,Bengaluru,2026-08-31T09:16:37.237165Z
ChIJ6z83wDs9rjsR1PzYGp0SQzk,Only Naati,places,en,255,12.9852428,77.53974545,12.983237299999999,77.5392585,0,blr2,Bengaluru,2026-08-31T09:16:37.237169Z
ChIJsQDxNMA9rjsRtCFH3BVsUaU,BURGER ZONE,places,en,255,12.9852428,77.53974545,12.984374299999999,77.5378159,0,blr2,Bengaluru,2026-08-31T09:16:37.237173Z
ChIJY48aNcA9rjsRke_qhT5f6Nk,Davanagere Bombat Mirchi Masala,places,en,255,12.9852428,77.53974545,12.9843689,77.5378008,0,blr2,Bengaluru,2026-08-31T09:16:37.237177Z
ChIJUdTDUpU9rjsRShN_navbiCE,Dhanashree Paradise,places,en,255,12.9852428,77.53974545,12.9873231,77.5396287,0,blr2,Bengaluru,2026-08-31T09:16:37.237181Z
ChIJ6SXnaQA9rjsR4v9y7nart4M,Egg rice point,places,en,255,12.9852428,77.53974545,12.9872756,77.5391157,0,blr2,Bengaluru,2026-08-31T09:16:37.237185Z
ChIJyX0uWBk9rjsR4-xU6_U7YaM,KrazyADDA,places,en,255,12.9852428,77.53974545,12.9858117,77.5375426,0,blr2,Bengaluru,2026-08-31T09:16:37.237189Z
ChIJgxqSWQA9rjsR3qm0F5hgvns,Bisi Hittu,places,en,255,12.9852428,77.53974545,12.9860074,77.5419022,0,blr2,Bengaluru,2026-08-31T09:16:37.237194Z
ChIJNfcNJgA9rjsRLH2q2MdBk1g,SRI Sai caterers,places,en,256,12.99242965,77.49413369999999,12.9927266,77.4935984,0,blr2,Bengaluru,2026-08-31T09:16:37.720789Z
ChIJvQ69FkI8rjsRORM6zy6LWfk,S.L.V.Hot Chips,places,en,256,12.99242965,77.49413369999999,12.9916982,77.4943826,0,blr2,Bengaluru,2026-08-31T09:16:37.720819Z
ChIJy2yTm8w9rjsR_btk7qd85Xk,Sri Veerbhadreshwara Chats,places,en,256,12.99242965,77.49413369999999,12.9916088,77.4942361,0,blr2,Bengaluru,2026-08-31T09:16:37.720827Z
ChIJcTgJ6mc9rjsR6UEysHA0rAE,PHOENIX PIZZA (pizza box ) MADESHWARANAGARA-FFW,places,en,256,12.99242965,77.49413369999999,12.993718999999999,77.494344,0,blr2,Bengaluru,2026-08-31T09:16:37.720835Z
ChIJhVsthEI8rjsRpFoY6SYyCqw,SRI LAKSHI GRILLS & ENGNEERING WORKS,places,en,256,12.99242965,77.49413369999999,12.993786199999999,77.49367389999999,0,blr2,Bengaluru,2026-08-31T09:16:37.720841Z
ChIJ70WBgkI8rjsRUbq_E3JHX78,DOSA GURU,places,en,256,12.99242965,77.49413369999999,12.9938667,77.4932106,0,blr2,Bengaluru,2026-08-31T09:16:37.720846Z
ChIJlcYZMrY9rjsRYxgDqEBE2c4,🍖 AMBUR HOT 🍲 DUM BIRIYANI 🍗,places,en,256,12.99242965,77.49413369999999,12.994715399999999,77.4952204,0,blr2,Bengaluru,2026-08-31T09:16:37.720852Z
ChIJ6xcp5kI8rjsRzQAKGBl7mhY,ಎಸ್.ಎಲ್.ವಿ. ಚಾಟ್ಸ್,places,en,256,12.99242965,77.49413369999999,12.9946948,77.49531979999999,0,blr2,Bengaluru,2026-08-31T09:16:37.720857Z
ChIJnWhee3A-rjsRgh4fh-j0VyA,"Masala Mane, Besides SBI branch, Chandra layout",places,en,257,12.9548116,77.52772680000001,12.9551706,77.5281753,0,blr2,Bengaluru,2026-08-31T09:16:38.133941Z
ChIJe8OvLQs_rjsRjiyOCPJEwtU,Vinayaka Juice And Chats,places,en,257,12.9548116,77.52772680000001,12.9566042,77.5275424,0,blr2,Bengaluru,2026-08-31T09:16:38.133967Z
ChIJGSVSvjs_rjsRsrWcjzZO6n0,VINAYAKA DOSE MANE,places,en,257,12.9548116,77.52772680000001,12.956491100000001,77.5285928,0,blr2,Bengaluru,2026-08-31T09:16:38.133973Z
ChIJHwLIsGA9rjsRpcTW8FEjqrw,Sampige utada mane.,places,en,257,12.9548116,77.52772680000001,12.9563478,77.5289036,0,blr2,Bengaluru,2026-08-31T09:16:38.133978Z
ChIJ0cuJhDU_rjsRoVtTac9bdBU,GURUSHREE GRAND,places,en,257,12.9548116,77.52772680000001,12.956580599999999,77.5269134,0,blr2,Bengaluru,2026-08-31T09:16:38.133982Z
ChIJnydkcFU_rjsRqzf_6f16HT8,Mumtaz Kabab Center. Mr M D Mumtaz,places,en,257,12.9548116,77.52772680000001,12.9529161,77.5265752,0,blr2,Bengaluru,2026-08-31T09:16:38.133987Z
ChIJuSD4nss_rjsRizkv5nAVWAA,V Coffee Cafey,places,en,257,12.9548116,77.52772680000001,12.9565544,77.5291842,0,blr2,Bengaluru,2026-08-31T09:16:38.133992Z
ChIJO8fOd7o_rjsR5f8-vReex3w,TIPPU DARBAR.,places,en,257,12.9548116,77.52772680000001,12.9538219,77.5254961,0,blr2,Bengaluru,2026-08-31T09:16:38.133997Z
ChIJGdqxSgk_rjsRp6YsFemCXmY,Skyview Restaurant,places,en,257,12.9548116,77.52772680000001,12.957301699999999,77.52791979999999,0,blr2,Bengaluru,2026-08-31T09:16:38.134002Z
ChIJqxWCz3o-rjsRgg4jWZWKqO0,Asif Tiffin Centre,places,en,257,12.9548116,77.52772680000001,12.9532446,77.52557039999999,0,blr2,Bengaluru,2026-08-31T09:16:38.134007Z
ChIJrwGgtk89rjsR9qzXIuz2j2Y,Ukkada maramma Chicken Center,places,en,258,12.99717205,77.4934571,12.9963172,77.49264749999999,0,blr2,Bengaluru,2026-08-31T09:16:38.508833Z
ChIJvUcaU689rjsRRRmWAm9oo_4,Sri Guru Raghavendra Chats,places,en,258,12.99717205,77.4934571,12.9986008,77.49320569999999,0,blr2,Bengaluru,2026-08-31T09:16:38.508858Z
ChIJbWyvgGc8rjsRqtlI2Be79RY,AKSHAYA PATRA CATRING,places,en,258,12.99717205,77.4934571,12.9987002,77.4931107,0,blr2,Bengaluru,2026-08-31T09:16:38.508866Z
ChIJ3bDN1UI8rjsR0vXcOspzPlM,Madhu Bhairava Hotel,places,en,258,12.99717205,77.4934571,12.9960274,77.4958438,0,blr2,Bengaluru,2026-08-31T09:16:38.508871Z
ChIJXaykSQA9rjsRm3nlysMqXbA,THE BLACK HOUSE THEATRICAL FAMILY RESTAURANT,places,en,259,13.043332849999999,77.5074077,13.043377200000002,77.5068047,0,blr2,Bengaluru,2026-08-31T09:16:38.843838Z
ChIJeUpmDAA9rjsRA3mMdphqpN8,Davangere Mirchi Corner,places,en,259,13.043332849999999,77.5074077,13.0438715,77.5066868,0,blr2,Bengaluru,2026-08-31T09:16:38.843869Z
ChIJSykGeQA9rjsR8qhKVn_kGno,Shrishail Mallikarjuna Khanavali,places,en,259,13.043332849999999,77.5074077,13.0442638,77.5067973,0,blr2,Bengaluru,2026-08-31T09:16:38.843876Z
ChIJuS8la9A8rjsRyi0eUi4UVjM,SRI RAGHAVENDRA TIFFINS,places,en,259,13.043332849999999,77.5074077,13.0432273,77.5060973,0,blr2,Bengaluru,2026-08-31T09:16:38.843881Z
ChIJBevcUtA8rjsR48t7HgTSSho,Karnataka Biriyani Paradise (100% HALAL),places,en,259,13.043332849999999,77.5074077,13.0448563,77.506901,0,blr2,Bengaluru,2026-08-31T09:16:38.843885Z
ChIJu-4m8AE9rjsRyiWIR0EEhZw,Hotel annapoorneswari,places,en,259,13.043332849999999,77.5074077,13.0449632,77.50708850000001,0,blr2,Bengaluru,2026-08-31T09:16:38.843890Z
ChIJJ74k2x09rjsRTO9esK9-gJo,New Chandus Hindu military hotel,places,en,259,13.043332849999999,77.5074077,13.0450059,77.5072531,0,blr2,Bengaluru,2026-08-31T09:16:38.843894Z
ChIJt1WjbwA9rjsRs7eFcer-wKc,Sharanabasaveshwar khanavali,places,en,259,13.043332849999999,77.5074077,13.04347,77.5055616,0,blr2,Bengaluru,2026-08-31T09:16:38.843907Z
ChIJD7JbNdc9rjsR50ZfssHM-FA,Ambur dum biryani,places,en,259,13.043332849999999,77.5074077,13.0451559,77.50696479999999,0,blr2,Bengaluru,2026-08-31T09:16:38.843912Z
ChIJsejS2309rjsRkjdSKHWb3m4,Sri Maruthi Hotel,places,en,259,13.043332849999999,77.5074077,13.0428871,77.50550600000001,0,blr2,Bengaluru,2026-08-31T09:16:38.843916Z
ChIJL1eHo9A8rjsRx9Qd-nuTv4Y,Veerabadreshwara Hotel,places,en,259,13.043332849999999,77.5074077,13.0426927,77.5092681,0,blr2,Bengaluru,2026-08-31T09:16:38.843920Z
ChIJdSftXl49rjsRI6w_z8awq5U,Hotel Parimala,places,en,259,13.043332849999999,77.5074077,13.0451898,77.5069682,0,blr2,Bengaluru,2026-08-31T09:16:38.843924Z
ChIJ23HpCAA9rjsRqQPcmmTmXyM,Fire bowl,places,en,259,13.043332849999999,77.5074077,13.0432083,77.50940949999999,0,blr2,Bengaluru,2026-08-31T09:16:38.843928Z
ChIJqcRIeaM9rjsRP7NPIAOzUhs,Tulasi.Potre.param,places,en,259,13.043332849999999,77.5074077,13.0452669,77.50736239999999,0,blr2,Bengaluru,2026-08-31T09:16:38.843934Z
ChIJEZRSEtA8rjsRqB15Nm3pL88,New Ganesh Tiffen Center,places,en,259,13.043332849999999,77.5074077,13.0426986,77.5052686,0,blr2,Bengaluru,2026-08-31T09:16:38.843938Z
ChIJR_okWwA9rjsR8eGvdEwg6h0,Ramanna Miltry Hotel,places,en,259,13.043332849999999,77.5074077,13.043278899999999,77.5051679,0,blr2,Bengaluru,2026-08-31T09:16:38.843942Z
ChIJAYPSqgU9rjsR1HIwjTYwDUY,Happiness Dhaba,places,en,259,13.043332849999999,77.5074077,13.0418947,77.5050735,0,blr2,Bengaluru,2026-08-31T09:16:38.843946Z
ChIJB_tWZwA9rjsRA2zTDbQmcpw,ambur hot dum biriyani,places,en,259,13.043332849999999,77.5074077,13.0420404,77.5049825,0,blr2,Bengaluru,2026-08-31T09:16:38.843951Z
ChIJdRxoVoQ9rjsRg6G88D-m0fQ,Hotel Sambrama Family Restaurant,places,en,260,13.000738850000001,77.4693771,13.001445499999999,77.47001929999999,0,blr2,Bengaluru,2026-08-31T09:16:39.372794Z
ChIJgfRrWiQ9rjsRiURykXgBilA,Kolkata famous kati roll,places,en,260,13.000738850000001,77.4693771,13.0002008,77.47055569999999,0,blr2,Bengaluru,2026-08-31T09:16:39.372831Z
ChIJb6KML_A9rjsReNMA0GhfWBs,Sri Guru Rayaru Chats Center,places,en,260,13.000738850000001,77.4693771,13.0002233,77.4706097,0,blr2,Bengaluru,2026-08-31T09:16:39.372840Z
ChIJVXr0o3g8rjsRSdWfDCSoe5E,ಎಸ್.ಎಲ್.ವಿ.ಗೋಬಿ & ಚಾಟ್,places,en,260,13.000738850000001,77.4693771,12.9996656,77.470632,0,blr2,Bengaluru,2026-08-31T09:16:39.372847Z
ChIJs0CWMgAVrjsRuTM0iiytP9s,S H UDUPI SAGAR,places,en,261,12.95413315,77.6145981,12.9547285,77.6147107,0,blr2,Bengaluru,2026-08-31T09:16:39.823602Z
ChIJOR_seZMVrjsRYHpAMysGGts,Hk,places,en,261,12.95413315,77.6145981,12.9547213,77.61440139999999,0,blr2,Bengaluru,2026-08-31T09:16:39.823632Z
ChIJxU5O13oVrjsRIMP78_zUdBk,Cafe AL-Zaitoon,places,en,261,12.95413315,77.6145981,12.954812299999999,77.61464769999999,0,blr2,Bengaluru,2026-08-31T09:16:39.823640Z
ChIJ5zfCZZgVrjsRkdN52JwPTyw,Tea tanic cafe,places,en,261,12.95413315,77.6145981,12.954079499999999,77.6139022,0,blr2,Bengaluru,2026-08-31T09:16:39.823646Z
ChIJ_cGahTEUrjsROj9VYbdfOoc,Zamzam Paris hotel,places,en,261,12.95413315,77.6145981,12.9546292,77.61400979999999,0,blr2,Bengaluru,2026-08-31T09:16:39.823652Z
ChIJm6Y2CAAVrjsRoiZbrrLj7-c,AL KBC Kabab Biryani Corner,places,en,261,12.95413315,77.6145981,12.954858699999999,77.6149686,0,blr2,Bengaluru,2026-08-31T09:16:39.823657Z
ChIJPURZiTEUrjsRwoGSTyH_s78,R&G Chicken,places,en,261,12.95413315,77.6145981,12.954301,77.6154791,0,blr2,Bengaluru,2026-08-31T09:16:39.823665Z
ChIJr6RdON4VrjsRtV2BCNcEgZs,Rumali Shop,places,en,261,12.95413315,77.6145981,12.954873,77.61411729999999,0,blr2,Bengaluru,2026-08-31T09:16:39.823670Z
ChIJg8GDhAEVrjsRIW8MUTk9S6E,AL HEALTHY TIFFEN CENTER,places,en,261,12.95413315,77.6145981,12.955041399999999,77.61462399999999,0,blr2,Bengaluru,2026-08-31T09:16:39.823675Z
ChIJAdMuUnIVrjsRBKt1pAKo0m8,SHEKAR TIFFIN CENTER,places,en,261,12.95413315,77.6145981,12.953631200000002,77.61541179999999,0,blr2,Bengaluru,2026-08-31T09:16:39.823680Z
ChIJtV8DjjEUrjsRipkkN23c4ck,Vedio Complex,places,en,261,12.95413315,77.6145981,12.954963200000002,77.61415749999999,0,blr2,Bengaluru,2026-08-31T09:16:39.823686Z
ChIJ7xeeLIgVrjsRGSL-5Jrpirs,Kovai Cafe,places,en,261,12.95413315,77.6145981,12.953181299999999,77.6143058,0,blr2,Bengaluru,2026-08-31T09:16:39.823691Z
ChIJbav_pTEUrjsRQHDmBekDI1U,R.K Biriyani Centre,places,en,261,12.95413315,77.6145981,12.9543643,77.6157082,0,blr2,Bengaluru,2026-08-31T09:16:39.823696Z
ChIJ5ZQBPwAVrjsRXcfNKoqcwwM,SHALIMAR CHICKEN CENTRE,places,en,261,12.95413315,77.6145981,12.9535828,77.6136173,0,blr2,Bengaluru,2026-08-31T09:16:39.823701Z
ChIJg8Fe8C0VrjsRmqdhNX0C_kg,Am Idly Junction,places,en,261,12.95413315,77.6145981,12.9535801,77.61352889999999,0,blr2,Bengaluru,2026-08-31T09:16:39.823706Z
ChIJUd2KVFYVrjsR-C134eRRGhg,AM KABAB JUNCTION,places,en,261,12.95413315,77.6145981,12.953638,77.61345279999999,0,blr2,Bengaluru,2026-08-31T09:16:39.823711Z
ChIJL3fbKEoVrjsRXERm9_uG9ro,Ahmed Darbar (Dilkhush) hotel,places,en,261,12.95413315,77.6145981,12.9552181,77.61398989999999,0,blr2,Bengaluru,2026-08-31T09:16:39.823717Z
ChIJ9z4zTwAVrjsRlnM3NBULkLE,KF's Five Star Kitchen,places,en,261,12.95413315,77.6145981,12.953274400000002,77.6136272,0,blr2,Bengaluru,2026-08-31T09:16:39.823722Z
ChIJ32poizEUrjsRfZ-LzYIrenE,Shahi Kebeb Corner,places,en,261,12.95413315,77.6145981,12.9553087,77.6138241,0,blr2,Bengaluru,2026-08-31T09:16:39.823727Z
ChIJ6QcsY2MVrjsRJmI-VPELQx4,Azad Vaniyambadi Dum Biryani,places,en,261,12.95413315,77.6145981,12.954975899999999,77.6157686,0,blr2,Bengaluru,2026-08-31T09:16:39.823733Z
ChIJVZoryRQVrjsRqUrqtIpSduA,Shalimar restaurant,places,en,262,12.9544323,77.6154801,12.954338,77.61610449999999,0,blr2,Bengaluru,2026-08-31T09:16:40.287192Z
ChIJsV1XQOwVrjsROUf4wRFgUsA,R R CHICKEN AND MUTTON STALL R RIYAZ,places,en,262,12.9544323,77.6154801,12.954357400000001,77.6161259,0,blr2,Bengaluru,2026-08-31T09:16:40.287237Z
ChIJrxOySvkVrjsRZSglNZN2PdE,Anip momo's stall,places,en,262,12.9544323,77.6154801,12.955274399999999,77.615768,0,blr2,Bengaluru,2026-08-31T09:16:40.287248Z
ChIJX4MRNwAVrjsR73JOFr2ER9M,SHAHI KEBAB,places,en,262,12.9544323,77.6154801,12.9553769,77.6159255,0,blr2,Bengaluru,2026-08-31T09:16:40.287256Z
ChIJH2vYen8VrjsROvqPW6HtOKc,Hasnath Rahamathulla,places,en,262,12.9544323,77.6154801,12.955540599999999,77.6155074,0,blr2,Bengaluru,2026-08-31T09:16:40.287264Z
ChIJm9-T_zAUrjsRNB1bCcU4_HY,Yashaswi Bar & Restuarant,places,en,262,12.9544323,77.6154801,12.954064700000002,77.6166222,0,blr2,Bengaluru,2026-08-31T09:16:40.287269Z
ChIJ-2ahsv4VrjsRGbSag9OC_hk,HAPPY FOOD,places,en,262,12.9544323,77.6154801,12.954948,77.6168119,0,blr2,Bengaluru,2026-08-31T09:16:40.287277Z
ChIJ0Q44VjAUrjsR8wuxVMb2epI,Sameer Chicken Stall,places,en,262,12.9544323,77.6154801,12.954222099999999,77.6168971,0,blr2,Bengaluru,2026-08-31T09:16:40.287283Z
ChIJ_45foTcUrjsRWugiIviicSQ,OM SHAKTHI FAST FOOD,places,en,263,12.94818415,77.6171559,12.9481668,77.61753639999999,0,blr2,Bengaluru,2026-08-31T09:16:40.629583Z
ChIJ2f1qhVMVrjsR7G4W67zwstA,Them Kitchen Motbung chow Hotel,places,en,263,12.94818415,77.6171559,12.948328199999999,77.6184505,0,blr2,Bengaluru,2026-08-31T09:16:40.629609Z
ChIJpYuSyjcUrjsRSsu5-PbyGAg,MALA TIFFIN CENTRE,places,en,263,12.94818415,77.6171559,12.946983399999999,77.616483,0,blr2,Bengaluru,2026-08-31T09:16:40.629615Z
ChIJLX16GI0VrjsR1i5Y478YKv0,DOLMA'S KITCHEN,places,en,263,12.94818415,77.6171559,12.948477599999999,77.61857119999999,0,blr2,Bengaluru,2026-08-31T09:16:40.629620Z
ChIJA5lKTQAVrjsRSeTSnzMzwbo,BAHAAR POULTRY CENTRE PVT LTD,places,en,263,12.94818415,77.6171559,12.9475,77.618909,0,blr2,Bengaluru,2026-08-31T09:16:40.629624Z
ChIJ7ycoZwAVrjsRMEPr5FghhdQ,Dietbro,places,en,263,12.94818415,77.6171559,12.9491676,77.61889359999999,0,blr2,Bengaluru,2026-08-31T09:16:40.629629Z
ChIJ49P4-A8VrjsRggornpibKxw,Cafe Pachila - Kerala Restaurant in Koramangala,places,en,263,12.94818415,77.6171559,12.9466934,77.6185394,0,blr2,Bengaluru,2026-08-31T09:16:40.629633Z
ChIJIRMj2O0VrjsR9-aIKiW1piM,Bandhu Amar Misty Paneer Dukandar,places,en,263,12.94818415,77.6171559,12.946517799999999,77.6183236,0,blr2,Bengaluru,2026-08-31T09:16:40.629637Z
ChIJTdNGuLcVrjsRKj4ho-ejhXc,Zafraan Kitchen,places,en,263,12.94818415,77.6171559,12.947050299999999,77.6189203,0,blr2,Bengaluru,2026-08-31T09:16:40.629642Z
ChIJZyvSBhAVrjsR373sb8G5muo,PRINCE KABAB CORNER,places,en,263,12.94818415,77.6171559,12.9472091,77.6191018,0,blr2,Bengaluru,2026-08-31T09:16:40.629646Z
ChIJv50cg4AVrjsR4pUfdesjS90,A J Hotel,places,en,263,12.94818415,77.6171559,12.9467331,77.6188185,0,blr2,Bengaluru,2026-08-31T09:16:40.629650Z
ChIJH1X58DcUrjsRummWszD8NvM,ARMAAN HOTEL,places,en,263,12.94818415,77.6171559,12.946610399999999,77.6187293,0,blr2,Bengaluru,2026-08-31T09:16:40.629654Z
ChIJT1pe8DcUrjsRxMPF9umlBsU,S. S. Ambur Biriyani & Fastfood,places,en,263,12.94818415,77.6171559,12.946551999999999,77.6186931,0,blr2,Bengaluru,2026-08-31T09:16:40.629658Z
ChIJfbVaZgAVrjsRRyx0cRWuFWA,DIVINE MOMOS HOUSE,places,en,263,12.94818415,77.6171559,12.946166199999999,77.61818099999999,0,blr2,Bengaluru,2026-08-31T09:16:40.629662Z
ChIJ_UsyZscVrjsR7d70o-OAXFA,THE HILLS CAFE & KITCHEN,places,en,263,12.94818415,77.6171559,12.9464214,77.6186972,0,blr2,Bengaluru,2026-08-31T09:16:40.629666Z
ChIJW-6XFVoVrjsRMBpSJ9R-2pM,Al mezban family restaurant,places,en,263,12.94818415,77.6171559,12.9461643,77.61850319999999,0,blr2,Bengaluru,2026-08-31T09:16:40.629670Z
ChIJvwInHQAPrjsRkEZRvtW1LbA,SBR GOKULAM COMMERCIAL,places,en,264,13.022709599999999,77.76186595,13.022946399999999,77.7621214,0,blr2,Bengaluru,2026-08-31T09:16:41.040862Z
ChIJs38ux9kPrjsRaGlnsirf6N4,UTK | UNITED TELUGU KITCHENS (Kadugodi),places,en,264,13.022709599999999,77.76186595,13.022813699999999,77.7622353,0,blr2,Bengaluru,2026-08-31T09:16:41.040885Z
ChIJkxn2SwAPrjsRP97j0H_J4t0,Vasant Gardenia,places,en,264,13.022709599999999,77.76186595,13.023385999999999,77.761028,0,blr2,Bengaluru,2026-08-31T09:16:41.040890Z
ChIJ05F5WAAPrjsRx3dwCiS25jg,Curries & Pickles - Curry Point,places,en,264,13.022709599999999,77.76186595,13.0207921,77.76222390000001,0,blr2,Bengaluru,2026-08-31T09:16:41.040894Z
ChIJtx_G2aUPrjsRjy_bg6uwInY,Kimchi & Co,places,en,264,13.022709599999999,77.76186595,13.0244953,77.7628854,0,blr2,Bengaluru,2026-08-31T09:16:41.040898Z
ChIJrV74yuoPrjsRF0lUzHixzwY,Starbucks - Kannamangala,places,en,264,13.022709599999999,77.76186595,13.0247438,77.7613475,0,blr2,Bengaluru,2026-08-31T09:16:41.040901Z
ChIJ-10tE8wPrjsRsEJdrf0-q2g,Red Rhino - Craft Brewery and Inspired Kitchen,places,en,264,13.022709599999999,77.76186595,13.0247417,77.7612475,0,blr2,Bengaluru,2026-08-31T09:16:41.040905Z
ChIJm6VYkfwPrjsRKGMoBKvLQco,Original Burger Co: Essensai(Whitefield),places,en,264,13.022709599999999,77.76186595,13.0248978,77.7620744,0,blr2,Bengaluru,2026-08-31T09:16:41.040908Z
ChIJo6czHA8PrjsRXbyzvAVR2os,Kahaani,places,en,264,13.022709599999999,77.76186595,13.024968,77.7620764,0,blr2,Bengaluru,2026-08-31T09:16:41.040917Z
ChIJmbc1SlIPrjsRv1h9slpFItY,Blissful Snacks,places,en,264,13.022709599999999,77.76186595,13.0222913,77.7642051,0,blr2,Bengaluru,2026-08-31T09:16:41.040921Z
ChIJCQzJOAAPrjsRsnOJFz5uI30,Jain sweets and savories,places,en,264,13.022709599999999,77.76186595,13.020411,77.7623783,0,blr2,Bengaluru,2026-08-31T09:16:41.040925Z
ChIJ-_f3HDgPrjsRbUVtgMpqa7k,Sassy South Delicious Dakshin,places,en,264,13.022709599999999,77.76186595,13.020411,77.7623783,0,blr2,Bengaluru,2026-08-31T09:16:41.040953Z
ChIJ11QTOQAPrjsRD_Ag_bz1aSA,Chinese Fast Food,places,en,264,13.022709599999999,77.76186595,13.020365799999999,77.7615805,0,blr2,Bengaluru,2026-08-31T09:16:41.040959Z
ChIJdaBJIQAPrjsRAbdoOXoCnpo,BARNHOUSE,places,en,264,13.022709599999999,77.76186595,13.0250402,77.7620817,0,blr2,Bengaluru,2026-08-31T09:16:41.040962Z
ChIJ8cxCVTMOrjsRcSoeiWsDm94,Rajugan Biryani,places,en,264,13.022709599999999,77.76186595,13.0203657,77.7623287,0,blr2,Bengaluru,2026-08-31T09:16:41.040966Z
ChIJqViaFswPrjsR8knzEnQcZzo,Kitchen Co,places,en,264,13.022709599999999,77.76186595,13.0250247,77.7611782,0,blr2,Bengaluru,2026-08-31T09:16:41.040969Z
ChIJ352QtuIPrjsRPAtYtdZfwwc,Foo Essensai,places,en,264,13.022709599999999,77.76186595,13.0251612,77.7618589,0,blr2,Bengaluru,2026-08-31T09:16:41.040973Z
ChIJTzOhBw0PrjsR3bpDbrEU3e4,Verdant Bistro,places,en,264,13.022709599999999,77.76186595,13.0250294,77.7627988,0,blr2,Bengaluru,2026-08-31T09:16:41.040976Z
ChIJDWQjrLMPrjsR_Ftt2jUW0Yk,Nonnina Pizzeria,places,en,264,13.022709599999999,77.76186595,13.025196399999999,77.7625065,0,blr2,Bengaluru,2026-08-31T09:16:41.040980Z
ChIJKf_1MQAPrjsReYkP-k4Y7VE,Essensai 067 Mall,places,en,264,13.022709599999999,77.76186595,13.025307,77.7619222,0,blr2,Bengaluru,2026-08-31T09:16:41.040983Z
ChIJcf2jF_w_rjsRO0axS7agwo4,CHIRU SOWDE OLE FISH THAVA FRY,places,en,266,12.94514415,77.49489405,12.9449227,77.49514309999999,0,blr2,Bengaluru,2026-08-31T09:16:42.839167Z
ChIJZw_TOwA_rjsRjlcFpF5rNgE,Krishnappa Biriyani Point,places,en,266,12.94514415,77.49489405,12.9447615,77.49502489999999,0,blr2,Bengaluru,2026-08-31T09:16:42.839186Z
ChIJ5esC0JU-rjsR5wLry1-aJxc,Hotel Prashanth,places,en,266,12.94514415,77.49489405,12.944783300000001,77.495342,0,blr2,Bengaluru,2026-08-31T09:16:42.839195Z
ChIJ8aQOMlc_rjsRLLmekL7DAcc,Coastal Grand Restaurant,places,en,266,12.94514415,77.49489405,12.944633099999999,77.4952103,0,blr2,Bengaluru,2026-08-31T09:16:42.839199Z
ChIJryfu80k_rjsR9yFIGu6_BZ4,Sambrama Party Hall,places,en,266,12.94514415,77.49489405,12.944605699999999,77.4954479,0,blr2,Bengaluru,2026-08-31T09:16:42.839214Z
ChIJe2VpaDM_rjsR1ANwN4ewxZw,Shivaji Pani Puri Shop PUSHPENDRA PAL,places,en,266,12.94514415,77.49489405,12.944536099999999,77.4954175,0,blr2,Bengaluru,2026-08-31T09:16:42.839218Z
ChIJ1cWsPAA_rjsRKDrmcFsKcEM,RG's Mushroom Biriyani & Fast Food Joint,places,en,266,12.94514415,77.49489405,12.9443499,77.4947318,0,blr2,Bengaluru,2026-08-31T09:16:42.839222Z
ChIJjQKcwZU-rjsRe8DmdYzUpvA,DAMBUR HOT BIRIYANI,places,en,266,12.94514415,77.49489405,12.944300499999999,77.49473309999999,0,blr2,Bengaluru,2026-08-31T09:16:42.839225Z
ChIJMc5mC5k_rjsRQXKdKN6ZXXg,Ramya Food Stall,places,en,266,12.94514415,77.49489405,12.9457156,77.4940733,0,blr2,Bengaluru,2026-08-31T09:16:42.839230Z
ChIJx1c0eAA_rjsR5xE11s1GLgc,Deli 3 cafe,places,en,266,12.94514415,77.49489405,12.9438093,77.4946987,0,blr2,Bengaluru,2026-08-31T09:16:42.839233Z
ChIJOYD3wJU-rjsRIVq5UIu-IuQ,Sri Vinayaka Hot chips,places,en,266,12.94514415,77.49489405,12.943785199999999,77.4946537,0,blr2,Bengaluru,2026-08-31T09:16:42.839237Z
ChIJ44pGVwA_rjsRYJibUREU8BE,Mr. Momo,places,en,266,12.94514415,77.49489405,12.9437623,77.4947869,0,blr2,Bengaluru,2026-08-31T09:16:42.839240Z
ChIJu5gQkdltrjsRFq3j17Ru_NQ,Waffle Theorem,places,en,267,12.849138,77.65712934999999,12.848911399999999,77.6570129,0,blr2,Bengaluru,2026-08-31T09:16:43.209770Z
ChIJ8w6SYY9srjsR_RK7s8wpvAc,Goli Vada Pav,places,en,267,12.849138,77.65712934999999,12.849034399999999,77.65761169999999,0,blr2,Bengaluru,2026-08-31T09:16:43.209800Z
ChIJzTvy9ZxsrjsRH40ytVqH0bg,Laddoos,places,en,267,12.849138,77.65712934999999,12.8488613,77.6575423,0,blr2,Bengaluru,2026-08-31T09:16:43.209807Z
ChIJrUbOYlVtrjsRkQv-2uoe4UU,Avoke The Avocado Cafe,places,en,267,12.849138,77.65712934999999,12.848785699999999,77.65762339999999,0,blr2,Bengaluru,2026-08-31T09:16:43.209812Z
ChIJsbjT9ZxsrjsRKtyk-C11-xk,"Frozen Bottle - Milkshakes, Desserts, and Ice Cream",places,en,267,12.849138,77.65712934999999,12.8488818,77.6577028,0,blr2,Bengaluru,2026-08-31T09:16:43.209816Z
ChIJj0YVX5xsrjsRH9IbLjfSn9Y,Beijing Bites - Electronic City,places,en,267,12.849138,77.65712934999999,12.8487467,77.6576286,0,blr2,Bengaluru,2026-08-31T09:16:43.209821Z
ChIJ_QA4X5xsrjsRMugM1m8iFn8,Just Bake - Electronic city Phase 1,places,en,267,12.849138,77.65712934999999,12.8486953,77.6576272,0,blr2,Bengaluru,2026-08-31T09:16:43.209825Z
ChIJK_DYjyRtrjsRpidHSGoflWU,46 Ounces Brewgarden,places,en,267,12.849138,77.65712934999999,12.849616,77.6578129,0,blr2,Bengaluru,2026-08-31T09:16:43.209829Z
ChIJJdiUnXRtrjsRdYP8-g7WZD4,Shree shantika tiffins,places,en,267,12.849138,77.65712934999999,12.849971199999999,77.6565401,0,blr2,Bengaluru,2026-08-31T09:16:43.209833Z
ChIJUZ7cHFBtrjsRrJ9AFybkavA,Ashish Fast Food,places,en,267,12.849138,77.65712934999999,12.848310099999999,77.65774689999999,0,blr2,Bengaluru,2026-08-31T09:16:43.209840Z
ChIJWczHNZxsrjsR6rS_G2BHwqg,Elite Cafe,places,en,267,12.849138,77.65712934999999,12.8501724,77.65680689999999,0,blr2,Bengaluru,2026-08-31T09:16:43.209845Z
ChIJQa0k87ptrjsRiHLDmh7idS0,BIRIYANI POINT,places,en,267,12.849138,77.65712934999999,12.8502376,77.6569494,0,blr2,Bengaluru,2026-08-31T09:16:43.209849Z
ChIJv7Z5pyZtrjsRPyoH1e-yrn4,SHAIKNASIR STALL,places,en,267,12.849138,77.65712934999999,12.8502528,77.6572201,0,blr2,Bengaluru,2026-08-31T09:16:43.209853Z
ChIJbQ1BKQBtrjsRPHEM5x1teCM,McDonald's,places,en,267,12.849138,77.65712934999999,12.848317,77.65785410000001,0,blr2,Bengaluru,2026-08-31T09:16:43.209857Z
ChIJLeufN-ptrjsRCA3kzoxYUoE,Meera Foods,places,en,267,12.849138,77.65712934999999,12.848168099999999,77.65763670000001,0,blr2,Bengaluru,2026-08-31T09:16:43.209861Z
ChIJvT-JFbhtrjsRHekM_oXDFJc,New Punjabi Food Corner,places,en,267,12.849138,77.65712934999999,12.8502578,77.6569121,0,blr2,Bengaluru,2026-08-31T09:16:43.209865Z
ChIJq6re85xsrjsR9lhb5zFRI2c,Naati Mane,places,en,267,12.849138,77.65712934999999,12.8481872,77.657719,0,blr2,Bengaluru,2026-08-31T09:16:43.209869Z
ChIJDWAGZJhtrjsRYDXv6drkl5k,Hot Spicy,places,en,267,12.849138,77.65712934999999,12.8502358,77.65660249999999,0,blr2,Bengaluru,2026-08-31T09:16:43.209873Z
ChIJL9WbYgBtrjsR15aRBG7vnbA,Swad Punjab Da,places,en,267,12.849138,77.65712934999999,12.8480324,77.65667599999999,0,blr2,Bengaluru,2026-08-31T09:16:43.209877Z
ChIJk5-qTENtrjsRzq-F8IDQckg,The Lassi Corner,places,en,267,12.849138,77.65712934999999,12.850281299999999,77.6566076,0,blr2,Bengaluru,2026-08-31T09:16:43.209881Z
ChIJHTnTraQXrjsR11FmAZ3nLyA,Chowdeshwari Hotel,places,en,268,13.01322755,77.62954775,13.0128089,77.63025830000001,0,blr2,Bengaluru,2026-08-31T09:16:43.577225Z
ChIJNRN3fdwXrjsRoX4bKLu-q_w,Manna home made food,places,en,268,13.01322755,77.62954775,13.0125339,77.6307327,0,blr2,Bengaluru,2026-08-31T09:16:43.577268Z
ChIJzR7wxHEXrjsR3TaPSBX7Mlc,Ammani Cafe,places,en,268,13.01322755,77.62954775,13.0130786,77.6311041,0,blr2,Bengaluru,2026-08-31T09:16:43.577278Z
ChIJ3xRfQYwXrjsRbj6yYjduWc8,99 Ice Town Cafe,places,en,268,13.01322755,77.62954775,13.0131709,77.6312999,0,blr2,Bengaluru,2026-08-31T09:16:43.577284Z
ChIJbaI5HccXrjsRjFA9m8Pbif0,AT FAST FOOD,places,en,268,13.01322755,77.62954775,13.013063599999999,77.6312994,0,blr2,Bengaluru,2026-08-31T09:16:43.577290Z
ChIJibfj98oXrjsRwxNKkWtB-iM,Naati Saili Mane,places,en,268,13.01322755,77.62954775,13.013063299999999,77.6313005,0,blr2,Bengaluru,2026-08-31T09:16:43.577295Z
ChIJeeqxdgAXrjsRUgOvlzELxKU,hyd ss biryani zone,places,en,268,13.01322755,77.62954775,13.012882099999999,77.6312978,0,blr2,Bengaluru,2026-08-31T09:16:43.577302Z
ChIJExNnuyYXrjsRyo1KpYQnHO4,Pawan Fresh chicken,places,en,268,13.01322755,77.62954775,13.0128618,77.6313071,0,blr2,Bengaluru,2026-08-31T09:16:43.577307Z
ChIJxYVCGQAXrjsReUJsf48sRt8,Pachaiamman kebab Center,places,en,269,13.012934399999999,77.63903074999999,13.0127539,77.63894859999999,0,blr2,Bengaluru,2026-08-31T09:16:44.724651Z
ChIJT2-PlpoXrjsRjO5aIGMT_bk,Thindi Thinni Banni,places,en,269,13.012934399999999,77.63903074999999,13.012702599999999,77.6391774,0,blr2,Bengaluru,2026-08-31T09:16:44.724680Z
ChIJlZzHYAAXrjsREqQB8sY7VSI,Ravan The ten crown ambur biryani,places,en,269,13.012934399999999,77.63903074999999,13.0129516,77.6393466,0,blr2,Bengaluru,2026-08-31T09:16:44.724688Z
ChIJozTAX9gWrjsRSvGwsT3KzRI,MKR'S DELICIOUS HOME FOOD & FAST,places,en,269,13.012934399999999,77.63903074999999,13.0130733,77.6393877,0,blr2,Bengaluru,2026-08-31T09:16:44.724694Z
ChIJTUfDdIcXrjsRKv0F1mhwgZ0,NaNa Chai,places,en,269,13.012934399999999,77.63903074999999,13.012795599999999,77.63946039999999,0,blr2,Bengaluru,2026-08-31T09:16:44.724700Z
ChIJ70in3wYXrjsRpKwEDWgYGiE,ALLAMM MOMO FACTORY SUPPLY,places,en,269,13.012934399999999,77.63903074999999,13.0133314,77.6392916,0,blr2,Bengaluru,2026-08-31T09:16:44.724706Z
ChIJ5RXOXtgWrjsRKZmkKfFPgVs,AVR,places,en,269,13.012934399999999,77.63903074999999,13.012831799999999,77.6395321,0,blr2,Bengaluru,2026-08-31T09:16:44.724711Z
ChIJwbSq8KcXrjsRNgfmwuT42xI,COOL BAR,places,en,269,13.012934399999999,77.63903074999999,13.013328699999999,77.63949389999999,0,blr2,Bengaluru,2026-08-31T09:16:44.724717Z
ChIJabXfVcAXrjsRVDyJFMHKNVw,Bangarpet chats. Unit of Blessings Enterprises,places,en,269,13.012934399999999,77.63903074999999,13.0125625,77.63963280000002,0,blr2,Bengaluru,2026-08-31T09:16:44.724722Z
ChIJjXlwYtgWrjsRmq8Am9ELb54,Hotel 7 Star Food,places,en,269,13.012934399999999,77.63903074999999,13.013631,77.6393004,0,blr2,Bengaluru,2026-08-31T09:16:44.724727Z
ChIJSZe9h9gWrjsRtJ8m1kVFASI,Sampige Bar & Restaurant,places,en,269,13.012934399999999,77.63903074999999,13.013913599999999,77.6391426,0,blr2,Bengaluru,2026-08-31T09:16:44.724732Z
ChIJyZp3fdgWrjsROTz4Lpf2hCY,No use Chopstick Family Restaurant,places,en,269,13.012934399999999,77.63903074999999,13.013942,77.6393466,0,blr2,Bengaluru,2026-08-31T09:16:44.724740Z
ChIJlxpjtPEXrjsRW2lAcTXjEws,RS Biryani Point,places,en,269,13.012934399999999,77.63903074999999,13.0141314,77.63910039999999,0,blr2,Bengaluru,2026-08-31T09:16:44.724745Z
ChIJmf3jYAAXrjsR8VWPEeou9MM,Atithi Thindi Mane,places,en,269,13.012934399999999,77.63903074999999,13.0140005,77.63969589999999,0,blr2,Bengaluru,2026-08-31T09:16:44.724750Z
ChIJEzRrXl8XrjsRMFyfBicfeTE,Mamtei Kitchen(Northeast Food),places,en,269,13.012934399999999,77.63903074999999,13.013622499999999,77.63797679999999,0,blr2,Bengaluru,2026-08-31T09:16:44.724756Z
ChIJg5NYHrAXrjsRkO5THATd2uI,Mizo Dawr,places,en,269,13.012934399999999,77.63903074999999,13.0141788,77.6392036,0,blr2,Bengaluru,2026-08-31T09:16:44.724761Z
ChIJHdHqg7QXrjsRpK6xhZvNnmo,Jack's Smashed Burger,places,en,269,13.012934399999999,77.63903074999999,13.0129007,77.6377334,0,blr2,Bengaluru,2026-08-31T09:16:44.724768Z
ChIJB28ih9gWrjsRBLwETgiYuh4,NAIDU MESS,places,en,269,13.012934399999999,77.63903074999999,13.0142086,77.6392637,0,blr2,Bengaluru,2026-08-31T09:16:44.724773Z
ChIJ-8WQmn4XrjsRPjSIzP4TBD8,Grace Restro Cafe (Branch ),places,en,269,13.012934399999999,77.63903074999999,13.0136383,77.6379006,0,blr2,Bengaluru,2026-08-31T09:16:44.724778Z
ChIJCQ6YbpkXrjsRw_N49TEyrw8,GK Tawa Fish Fry ( ಜಿಕೆ ತವಾ ಮೀನು ಫ್ರೈ),places,en,269,13.012934399999999,77.63903074999999,13.014018799999999,77.6382168,0,blr2,Bengaluru,2026-08-31T09:16:44.724783Z
ChIJix1FQwg-rjsRV2lBUQ29Tek,SRI ANNAPOORNESHWARI FAST FOOD,places,en,270,12.962740199999999,77.5488728,12.9629481,77.5486754,0,blr2,Bengaluru,2026-08-31T09:16:45.085167Z
ChIJr1CHigg-rjsRAAAAMKEXd1M,H K G N Chicken Center,places,en,270,12.962740199999999,77.5488728,12.962152,77.5492345,0,blr2,Bengaluru,2026-08-31T09:16:45.085202Z
ChIJu6EdESo_rjsRM8QubxIXPko,Beef Mutton Shop,places,en,270,12.962740199999999,77.5488728,12.962055999999999,77.54897199999999,0,blr2,Bengaluru,2026-08-31T09:16:45.085211Z
ChIJRYAjWBQ_rjsR3gYulrsBTkI,Mohan hotel,places,en,270,12.962740199999999,77.5488728,12.9625892,77.5478004,0,blr2,Bengaluru,2026-08-31T09:16:45.085217Z
ChIJTT1g7Qg-rjsRc-9k-pLsvNU,Habib Shaheb,places,en,270,12.962740199999999,77.5488728,12.961475799999999,77.548968,0,blr2,Bengaluru,2026-08-31T09:16:45.085224Z
ChIJgzpC06k_rjsRm5jjSuJs_xI,MUJAHID PASHA,places,en,270,12.962740199999999,77.5488728,12.9629389,77.54752880000001,0,blr2,Bengaluru,2026-08-31T09:16:45.085230Z
ChIJxQhzEQg-rjsRk9Qm6hJK5Ec,Jameela Restaurant,places,en,270,12.962740199999999,77.5488728,12.9640413,77.5495519,0,blr2,Bengaluru,2026-08-31T09:16:45.085235Z
ChIJW5mV88U_rjsRgEqlAS_T8kQ,Manu Bajji Stall,places,en,270,12.962740199999999,77.5488728,12.964196099999999,77.5480579,0,blr2,Bengaluru,2026-08-31T09:16:45.085240Z
ChIJB4x3NJ0_rjsRJDq73wjXA1M,Allu da,places,en,270,12.962740199999999,77.5488728,12.9624279,77.5472083,0,blr2,Bengaluru,2026-08-31T09:16:45.085246Z
ChIJ03ptilM_rjsRrmHeND3Cyis,SPL HOTEL PADDU CORNER,places,en,270,12.962740199999999,77.5488728,12.961342,77.547966,0,blr2,Bengaluru,2026-08-31T09:16:45.085251Z
ChIJaxqrbAA_rjsR8c9Fd0shF0Q,Standard kabab corner,places,en,270,12.962740199999999,77.5488728,12.964309,77.549645,0,blr2,Bengaluru,2026-08-31T09:16:45.085257Z
ChIJkVkIEAg-rjsRJ-VdlXOVkjY,LASSI COURT,places,en,270,12.962740199999999,77.5488728,12.9643184,77.5496932,0,blr2,Bengaluru,2026-08-31T09:16:45.085262Z
ChIJA6CCGAg-rjsRB8E1cuhgRYw,Bismillah Am Ambur Biryani,places,en,270,12.962740199999999,77.5488728,12.9645013,77.54906849999999,0,blr2,Bengaluru,2026-08-31T09:16:45.085270Z
ChIJTbx8hJQ_rjsRutcgTA_PBEo,H K G N Hotel,places,en,270,12.962740199999999,77.5488728,12.9642941,77.54802,0,blr2,Bengaluru,2026-08-31T09:16:45.085275Z
ChIJa191oUI_rjsRdv5TK5G8--8,Sambul,places,en,270,12.962740199999999,77.5488728,12.9621903,77.54711189999999,0,blr2,Bengaluru,2026-08-31T09:16:45.085281Z
ChIJf-Y3awk_rjsRlvTR1Q4Kl-4,A R Kabab Center,places,en,270,12.962740199999999,77.5488728,12.9630166,77.5508452,0,blr2,Bengaluru,2026-08-31T09:16:45.085287Z
ChIJsai7HZw_rjsRYqRx-Ql2MKM,Ar raheem chicken bangalore,places,en,270,12.962740199999999,77.5488728,12.9608134,77.5488747,0,blr2,Bengaluru,2026-08-31T09:16:45.085292Z
ChIJqWVl3kg_rjsR1La5UYFBZHk,Bismillah Tea House,places,en,270,12.962740199999999,77.5488728,12.9608151,77.54860839999999,0,blr2,Bengaluru,2026-08-31T09:16:45.085297Z
ChIJDeiID5g_rjsRH60pfTxkzpY,AYAZ Mottan Stall,places,en,270,12.962740199999999,77.5488728,12.9622447,77.5468992,0,blr2,Bengaluru,2026-08-31T09:16:45.085304Z
ChIJfcD2lowVrjsRpPBXxpuEoBY,Uff Urban food factory,places,en,270,12.962740199999999,77.5488728,12.9613268,77.5504251,0,blr2,Bengaluru,2026-08-31T09:16:45.085310Z
ChIJT0wRWoY9rjsRMQex5NWfdsE,BALAJI TIFFIN & CHATS,places,en,271,13.00198895,77.55901465,13.0017587,77.5582933,0,blr2,Bengaluru,2026-08-31T09:16:45.462138Z
ChIJkYwQXgA9rjsRaXmDDNiBjos,Pallu,places,en,271,13.00198895,77.55901465,13.0019741,77.5597698,0,blr2,Bengaluru,2026-08-31T09:16:45.462164Z
ChIJYa_KCMw9rjsRH-PC-BXBW_U,Sweet Truth Rajajinagar,places,en,271,13.00198895,77.55901465,13.001203199999999,77.55825209999999,0,blr2,Bengaluru,2026-08-31T09:16:45.462171Z
ChIJBZQ4q7w9rjsRP_9Ep-tZYU0,Pavani Gobhi Manchurian Centre,places,en,271,13.00198895,77.55901465,13.001037199999999,77.5583693,0,blr2,Bengaluru,2026-08-31T09:16:45.462176Z
ChIJy22EuIo9rjsRNIJCa1tzPBo,Behrouz Biryani Rajaji Nagar,places,en,271,13.00198895,77.55901465,13.003151200000001,77.5585882,0,blr2,Bengaluru,2026-08-31T09:16:45.462180Z
ChIJAQDqeRE9rjsRnzZAIAcPuww,Savi Biryani,places,en,271,13.00198895,77.55901465,13.0031801,77.5585601,0,blr2,Bengaluru,2026-08-31T09:16:45.462184Z
ChIJKZNrzPo9rjsRSUR7zxB48PE,Bhojaraj Tiffin Centre,places,en,271,13.00198895,77.55901465,13.001129299999999,77.5580416,0,blr2,Bengaluru,2026-08-31T09:16:45.462189Z
ChIJReChRy09rjsRP3tmIgEEijc,Faasos Rajijanagar,places,en,271,13.00198895,77.55901465,13.003226,77.55855249999999,0,blr2,Bengaluru,2026-08-31T09:16:45.462196Z
ChIJG5j6Qo09rjsRFCbU_G9TNeA,Shri Lakshmi Venkateshwara Chats,places,en,271,13.00198895,77.55901465,13.000987799999999,77.558172,0,blr2,Bengaluru,2026-08-31T09:16:45.462200Z
ChIJp10wRoY9rjsREAQX2eyRPBY,S.L.V Chicken Centre,places,en,271,13.00198895,77.55901465,13.0009249,77.55824179999999,0,blr2,Bengaluru,2026-08-31T09:16:45.462204Z
ChIJ1Yu7q3U9rjsR1ngOGf7Z0_s,Sosale Coffee House,places,en,271,13.00198895,77.55901465,13.0031957,77.5583102,0,blr2,Bengaluru,2026-08-31T09:16:45.462212Z
ChIJCYPQWUo9rjsRnOAci61OMwg,Sri venkateshwara mess,places,en,271,13.00198895,77.55901465,13.003559099999999,77.5594801,0,blr2,Bengaluru,2026-08-31T09:16:45.462216Z
ChIJrXCGVAA9rjsRvNFpf_DYUWk,Hotel Brundavana Grand,places,en,271,13.00198895,77.55901465,13.0005785,77.55807430000002,0,blr2,Bengaluru,2026-08-31T09:16:45.462221Z
ChIJm5hpPIY9rjsRKwdyd7TqJBA,Sri Durga Parameshwari Bajji Mane And Real Estate,places,en,271,13.00198895,77.55901465,13.000351199999999,77.5586424,0,blr2,Bengaluru,2026-08-31T09:16:45.462225Z
ChIJ7elrfQA9rjsRNhQ94ZyrdGA,S L N FOODS HOT AND SPICY KABAB,places,en,271,13.00198895,77.55901465,13.000506399999999,77.56015590000001,0,blr2,Bengaluru,2026-08-31T09:16:45.462229Z
ChIJATjvGwA9rjsRVqPmOUZ_OuU,Biriyani Inn,places,en,271,13.00198895,77.55901465,13.0008729,77.56073339999999,0,blr2,Bengaluru,2026-08-31T09:16:45.462233Z
ChIJ_bb6qjA9rjsRPZrT19VryQQ,Eat.in Biryani,places,en,271,13.00198895,77.55901465,13.0007523,77.5606973,0,blr2,Bengaluru,2026-08-31T09:16:45.462240Z
ChIJt5dfPIY9rjsRtntWFRvGn0k,Sri Krishna Hot Chips,places,en,271,13.00198895,77.55901465,13.000193699999999,77.5579748,0,blr2,Bengaluru,2026-08-31T09:16:45.462244Z
ChIJA6EBXgA9rjsRuvU3qO0OaPM,Happy Time Refreshing Cafe,places,en,271,13.00198895,77.55901465,13.000745199999999,77.56073940000002,0,blr2,Bengaluru,2026-08-31T09:16:45.462248Z
ChIJqetxvOw9rjsR85mXiENmH8Y,Teju chicken corner,places,en,271,13.00198895,77.55901465,13.0029364,77.5612665,0,blr2,Bengaluru,2026-08-31T09:16:45.462252Z
ChIJPQRrWUc_rjsR1LsCwcLux08,SRI BRAMHALINGESHWARA TIFFEN CENTER,places,en,272,12.893631200000002,77.48842015,12.8939306,77.4864321,0,blr2,Bengaluru,2026-08-31T09:16:45.814063Z
ChIJqxXySwARrjsRQFvlh3VUPpY,Mirchi's Home Food,places,en,273,12.99689585,77.68513680000001,12.996377299999999,77.6844998,0,blr2,Bengaluru,2026-08-31T09:16:46.185261Z
ChIJ2Xd-1q0RrjsR5e7zdhJaas0,S.S.R Cloud Kitchen And Corporate Tiffin services,places,en,273,12.99689585,77.68513680000001,12.997406499999999,77.6842559,0,blr2,Bengaluru,2026-08-31T09:16:46.185290Z
ChIJp27gLgARrjsRnvUMzl_C_Ds,KRUPA HEALTHY FOODS,places,en,273,12.99689585,77.68513680000001,12.9976875,77.6844375,0,blr2,Bengaluru,2026-08-31T09:16:46.185298Z
ChIJAda-skwRrjsRJQYukDq8DIY,Hot & Spicy,places,en,273,12.99689585,77.68513680000001,12.997703600000001,77.68436439999999,0,blr2,Bengaluru,2026-08-31T09:16:46.185303Z
ChIJsZJjLwARrjsRHEOyXhyfd1Q,Sri Ganesha 99 Variety Dosa Corner,places,en,273,12.99689585,77.68513680000001,12.9977416,77.6843828,0,blr2,Bengaluru,2026-08-31T09:16:46.185308Z
ChIJFxE2YcARrjsRWBLtSBiAIAo,Ninan's Burger,places,en,273,12.99689585,77.68513680000001,12.996219700000001,77.68414709999999,0,blr2,Bengaluru,2026-08-31T09:16:46.185313Z
ChIJU-n9zI8RrjsReUR8FGmjNEw,Boorger,places,en,273,12.99689585,77.68513680000001,12.997854700000001,77.6844005,0,blr2,Bengaluru,2026-08-31T09:16:46.185318Z
ChIJRSWDPQARrjsRC8Ks1lV3JRg,Good Food Cafe,places,en,273,12.99689585,77.68513680000001,12.997893399999999,77.68442,0,blr2,Bengaluru,2026-08-31T09:16:46.185323Z
ChIJoaj8LlsRrjsRuKYVGlAhx_c,Ninan's Steakhouse Signature Outlet,places,en,273,12.99689585,77.68513680000001,12.996112499999999,77.68415159999999,0,blr2,Bengaluru,2026-08-31T09:16:46.185328Z
ChIJX2BPZSURrjsRnyC-h_ag3_g,Pani puri and chats,places,en,273,12.99689585,77.68513680000001,12.996248099999999,77.6839921,0,blr2,Bengaluru,2026-08-31T09:16:46.185333Z
ChIJ1WapShIRrjsRXloJwnv0rYQ,SHANKAR CHICKEN CENTRE VPR,places,en,273,12.99689585,77.68513680000001,12.998368699999999,77.6851384,0,blr2,Bengaluru,2026-08-31T09:16:46.185338Z
ChIJzSWm3BMRrjsR-CIjVkeVurA,One Bite,places,en,273,12.99689585,77.68513680000001,12.996946999999999,77.6867355,0,blr2,Bengaluru,2026-08-31T09:16:46.185343Z
ChIJHfzEiM4RrjsREKlBRPO896M,"""Nakkala's Food Hunt"" Restaurant",places,en,273,12.99689585,77.68513680000001,12.9968989,77.6867398,0,blr2,Bengaluru,2026-08-31T09:16:46.185348Z
ChIJHZpbjycRrjsRhhI8kil56D8,Bangarpet Pani Puri Chats. Harisha S,places,en,273,12.99689585,77.68513680000001,12.9954065,77.6856245,0,blr2,Bengaluru,2026-08-31T09:16:46.185353Z
ChIJdScwjBIRrjsR6G0ehW-ZZXg,Chandana Bakery,places,en,273,12.99689585,77.68513680000001,12.9965522,77.68677199999999,0,blr2,Bengaluru,2026-08-31T09:16:46.185358Z
ChIJ4wIo4owRrjsRp5EfGbItWzY,Hari Super Sandwich KR Puram,places,en,273,12.99689585,77.68513680000001,12.9977241,77.6866331,0,blr2,Bengaluru,2026-08-31T09:16:46.185363Z
ChIJLSXoVyMRrjsR8y5AOYBk-RU,Willow and Co.,places,en,273,12.99689585,77.68513680000001,12.998541,77.68460019999999,0,blr2,Bengaluru,2026-08-31T09:16:46.185368Z
ChIJyer2IwARrjsRsMCspthpd0M,Hotel Afrena,places,en,273,12.99689585,77.68513680000001,12.995860299999999,77.68367930000001,0,blr2,Bengaluru,2026-08-31T09:16:46.185373Z
ChIJbZCPxxMRrjsRIZG_-UDKBU8,Chandru Chicken Shop,places,en,273,12.99689585,77.68513680000001,12.998441099999999,77.6842298,0,blr2,Bengaluru,2026-08-31T09:16:46.185378Z
ChIJRyliwKsRrjsROZ6NGMdY-RM,New B' Kitchenn,places,en,273,12.99689585,77.68513680000001,12.9956525,77.6838384,0,blr2,Bengaluru,2026-08-31T09:16:46.185383Z
ChIJUV3huH0_rjsRApNYaDbXiQs,Darjeeling Hot Momos,places,en,274,12.905885999999999,77.5461626,12.9067919,77.5460915,0,blr2,Bengaluru,2026-08-31T09:16:47.431076Z
ChIJ-f3-ox8_rjsRTiH6X_d8FK0,Udupi Fish,places,en,274,12.905885999999999,77.5461626,12.9067312,77.5465486,0,blr2,Bengaluru,2026-08-31T09:16:47.431103Z
ChIJiQmceGM_rjsRYYDLohRrpak,Kolkata Kathi Rolls,places,en,274,12.905885999999999,77.5461626,12.9067952,77.5459659,0,blr2,Bengaluru,2026-08-31T09:16:47.431109Z
ChIJfaW8YQA_rjsR7exIOmAPsEM,Kadal fish tawa fry,places,en,274,12.905885999999999,77.5461626,12.9068139,77.546094,0,blr2,Bengaluru,2026-08-31T09:16:47.431115Z
ChIJEc_Hapo_rjsRuH8GCVxEbvA,Sri Banashankari Gobi Centre,places,en,274,12.905885999999999,77.5461626,12.906719599999999,77.54554619999999,0,blr2,Bengaluru,2026-08-31T09:16:47.431120Z
ChIJNQIhAgA_rjsRwqwyift-icI,Lou's cafe,places,en,274,12.905885999999999,77.5461626,12.9069764,77.5463924,0,blr2,Bengaluru,2026-08-31T09:16:47.431124Z
ChIJ1cxyns0_rjsRfB0Ts50jSXw,Goli Vada Pav,places,en,274,12.905885999999999,77.5461626,12.906953,77.5457612,0,blr2,Bengaluru,2026-08-31T09:16:47.431129Z
ChIJDdmQN0g_rjsRmP6unYWvZ74,Nanjundeshwara chats corner,places,en,274,12.905885999999999,77.5461626,12.907248599999999,77.54623649999999,0,blr2,Bengaluru,2026-08-31T09:16:47.431133Z
ChIJGZ2Y2cU_rjsR8FU6CBT_oWQ,Sri ganapati hot chips,places,en,274,12.905885999999999,77.5461626,12.906612599999999,77.5449651,0,blr2,Bengaluru,2026-08-31T09:16:47.431138Z
ChIJe_HP0sk_rjsRAOPU-XSQ1Y0,GuruprasannaGobi,places,en,274,12.905885999999999,77.5461626,12.907152,77.54679569999999,0,blr2,Bengaluru,2026-08-31T09:16:47.431142Z
ChIJp4D3CVERrjsReCjwypkDb7Q,Just Bake | Uttarahalli,places,en,274,12.905885999999999,77.5461626,12.907166000000002,77.5467884,0,blr2,Bengaluru,2026-08-31T09:16:47.431146Z
ChIJwZPpPpE_rjsRd5k3K1FSTwg,HOTEL SAMRUDDHI,places,en,274,12.905885999999999,77.5461626,12.9072243,77.5472496,0,blr2,Bengaluru,2026-08-31T09:16:47.431152Z
ChIJD7Gbb5M_rjsRxjBKnmiFtq4,Shivu Chats,places,en,274,12.905885999999999,77.5461626,12.907444199999999,77.54699,0,blr2,Bengaluru,2026-08-31T09:16:47.431156Z
ChIJ37poy3U_rjsRLx85MRHq6Hk,SRI MANJUNATHA TIFFIN HOTEL,places,en,274,12.905885999999999,77.5461626,12.9078599,77.54605389999999,0,blr2,Bengaluru,2026-08-31T09:16:47.431197Z
ChIJn6cwWcY_rjsRrlCInJcTaDw,Benaka Café,places,en,274,12.905885999999999,77.5461626,12.905083699999999,77.5440983,0,blr2,Bengaluru,2026-08-31T09:16:47.431207Z
ChIJ5Zj0SwA_rjsRclGIO5StGhM,ಬ್ರಹ್ಮಲಿಂಗೇಶ್ವರ ಟಿಫಿನ್ ಸೆಂಟರ್/Bramhalingeswara Tiffin Centre,places,en,274,12.905885999999999,77.5461626,12.908075600000002,77.5458712,0,blr2,Bengaluru,2026-08-31T09:16:47.431212Z
ChIJ0RDqiMU_rjsRWm8rgLo6WM0,Yashu Biriyani Mane,places,en,274,12.905885999999999,77.5461626,12.9081443,77.5467865,0,blr2,Bengaluru,2026-08-31T09:16:47.431217Z
ChIJyb2cKgAVrjsRRrDFGIWagHc,Ambur Hotel dum biryani,places,en,275,12.9023575,77.6434279,12.902925,77.64282299999999,0,blr2,Bengaluru,2026-08-31T09:16:47.786587Z
ChIJA6pR0qgVrjsRHg3HxBzsT8Y,B K PRAKASH RAO,places,en,275,12.9023575,77.6434279,12.9022429,77.644252,0,blr2,Bengaluru,2026-08-31T09:16:47.786614Z
ChIJSyb0egAVrjsRT_Dn4vpOmG0,MAMALI KITCHEN,places,en,275,12.9023575,77.6434279,12.9030571,77.6429618,0,blr2,Bengaluru,2026-08-31T09:16:47.786620Z
ChIJCfwFuygVrjsRd8y275FG0gA,Madras Curd Rice Company,places,en,275,12.9023575,77.6434279,12.9030302,77.64265089999999,0,blr2,Bengaluru,2026-08-31T09:16:47.786624Z
ChIJz-JtNiIVrjsRPIZc7Ha-dQw,Triple Taste,places,en,275,12.9023575,77.6434279,12.903354400000001,77.6436985,0,blr2,Bengaluru,2026-08-31T09:16:47.786629Z
ChIJWRZJQ9kVrjsRXDffjya10KI,Juicy Corner,places,en,275,12.9023575,77.6434279,12.903244599999999,77.6428097,0,blr2,Bengaluru,2026-08-31T09:16:47.786633Z
ChIJ29_yOYQVrjsRuqJHhbcbZ0o,Toneop Eats,places,en,275,12.9023575,77.6434279,12.9032717,77.64273349999999,0,blr2,Bengaluru,2026-08-31T09:16:47.786637Z
ChIJ2WPeIHAVrjsR9sz1hf5TdyE,Cooking,places,en,275,12.9023575,77.6434279,12.901249499999999,77.6438416,0,blr2,Bengaluru,2026-08-31T09:16:47.786641Z
ChIJ4ZlZ9gYVrjsRaGwLi3WmSUk,99 BIRYANI,places,en,275,12.9023575,77.6434279,12.9033915,77.6424949,0,blr2,Bengaluru,2026-08-31T09:16:47.786645Z
ChIJ6UGzOgAVrjsRqUN0eq7TQEE,Sri Nandini Andhra restaurant,places,en,275,12.9023575,77.6434279,12.9037714,77.64286899999999,0,blr2,Bengaluru,2026-08-31T09:16:47.786649Z
ChIJgZhMXcEVrjsRTo49KBu2I2k,RAGHAVENDRA C,places,en,275,12.9023575,77.6434279,12.9035006,77.64236060000002,0,blr2,Bengaluru,2026-08-31T09:16:47.786653Z
ChIJ8ytoycoVrjsREyfCegrg4ZA,WASEEM AKRAM,places,en,275,12.9023575,77.6434279,12.9016468,77.64489859999999,0,blr2,Bengaluru,2026-08-31T09:16:47.786657Z
ChIJdbY-v50VrjsROZXmTXV3xos,Homely Tiffin Centre (HTC),places,en,275,12.9023575,77.6434279,12.9015753,77.64510709999999,0,blr2,Bengaluru,2026-08-31T09:16:47.786661Z
ChIJLWBuCwQVrjsRiCYobXL3pWE,S M A fabrication welding grill works,places,en,275,12.9023575,77.6434279,12.904080200000001,77.6426792,0,blr2,Bengaluru,2026-08-31T09:16:47.786665Z
ChIJo7ymrjQVrjsRIny3nXwXxdk,A.A FABRICATION WELDING GRILL WORKS,places,en,275,12.9023575,77.6434279,12.9040967,77.6426147,0,blr2,Bengaluru,2026-08-31T09:16:47.786669Z
ChIJgcFglFkVrjsRdkOc3RoisoU,Namaste Kolkatta Kathi Roll,places,en,275,12.9023575,77.6434279,12.9041334,77.64268969999999,0,blr2,Bengaluru,2026-08-31T09:16:47.786673Z
ChIJMTaQyM8VrjsR6qKP1EBy0MQ,Shree Vigneshwara hot chips,places,en,275,12.9023575,77.6434279,12.9004681,77.6428052,0,blr2,Bengaluru,2026-08-31T09:16:47.786677Z
ChIJnf7ivk4VrjsRGjVJ1Wvc-Mw,Gatti Car And Bike Transport Services,places,en,275,12.9023575,77.6434279,12.903264799999999,77.6415034,0,blr2,Bengaluru,2026-08-31T09:16:47.786681Z
ChIJF2sqhSAVrjsRTX5BqDtmibk,The King Kati Rolls and Momos,places,en,275,12.9023575,77.6434279,12.900445,77.6424807,0,blr2,Bengaluru,2026-08-31T09:16:47.786685Z
ChIJG2lzKAAVrjsRigpo4wZwvgM,Urban Chulha,places,en,275,12.9023575,77.6434279,12.901775899999999,77.6413113,0,blr2,Bengaluru,2026-08-31T09:16:47.786689Z
ChIJ1Z_xVAARrjsR_fGHPriE2R8,Nellore Aunty Dosa Point (MMR),places,en,276,13.010871550000001,77.69970285,13.011970999999999,77.699002,0,blr2,Bengaluru,2026-08-31T09:16:48.214019Z
ChIJEffuXAARrjsRtXK0oDAtLXQ,NG food corner 🍱,places,en,276,13.010871550000001,77.69970285,13.0121503,77.6992731,0,blr2,Bengaluru,2026-08-31T09:16:48.214046Z
ChIJL3R8628RrjsR6fLW2ROHjPA,Raj Dum Biryani,places,en,276,13.010871550000001,77.69970285,13.011380599999999,77.6983363,0,blr2,Bengaluru,2026-08-31T09:16:48.214054Z
ChIJt-b3JwARrjsRWTCt5SGNPzE,Virundhu_KA53,places,en,276,13.010871550000001,77.69970285,13.012265,77.69935699999999,0,blr2,Bengaluru,2026-08-31T09:16:48.214058Z
ChIJz4h6LAARrjsRgKr25AdrzNc,Virundhu An authentic south Indian cuisine on wheels,places,en,276,13.010871550000001,77.69970285,13.012258399999999,77.6993184,0,blr2,Bengaluru,2026-08-31T09:16:48.214063Z
ChIJs-NNswARrjsRGIQs_x3Cnq8,Murali Snacks,places,en,276,13.010871550000001,77.69970285,13.0116718,77.698342,0,blr2,Bengaluru,2026-08-31T09:16:48.214068Z
ChIJUcwHHAARrjsRxH0Yf0XlQqc,M N REDDY HOTEL,places,en,276,13.010871550000001,77.69970285,13.011046900000002,77.69789159999999,0,blr2,Bengaluru,2026-08-31T09:16:48.214073Z
ChIJlbMyDKoRrjsRwwXsbPa_QBs,Sri Chowdeshwari Donne Biriyani,places,en,276,13.010871550000001,77.69970285,13.0126558,77.6995565,0,blr2,Bengaluru,2026-08-31T09:16:48.214082Z
ChIJMULtNW8RrjsRpFPxhNPacZ0,Chicken Frito,places,en,276,13.010871550000001,77.69970285,13.0104499,77.6978975,0,blr2,Bengaluru,2026-08-31T09:16:48.214087Z
ChIJpd7lPwcRrjsRJupQ-NMJ50E,Sabra Famous Kati Roll,places,en,276,13.010871550000001,77.69970285,13.0103414,77.69792269999999,0,blr2,Bengaluru,2026-08-31T09:16:48.214092Z
ChIJVaYHpgARrjsR4OHOlrDnAYU,Aroma Family Restaurant & Bar,places,en,276,13.010871550000001,77.69970285,13.012454900000002,77.6988047,0,blr2,Bengaluru,2026-08-31T09:16:48.214096Z
ChIJY3d-QAARrjsR39DayGHCzeI,Indian Tasty Biryani,places,en,276,13.010871550000001,77.69970285,13.0126315,77.6990807,0,blr2,Bengaluru,2026-08-31T09:16:48.214101Z
ChIJd2lsU4YRrjsRTbWBCSLjf5I,Kapoor's Cafe - KR Puram,places,en,276,13.010871550000001,77.69970285,13.0101103,77.69790569999999,0,blr2,Bengaluru,2026-08-31T09:16:48.214105Z
ChIJsUdkj_UVrjsR_o4eowS9TDY,Vandyam Sattvik Bliss Private Limited - Kitchen,places,en,277,12.92189275,77.57404695,12.922160199999999,77.5734255,0,blr2,Bengaluru,2026-08-31T09:16:48.607725Z
ChIJB-kgnMcVrjsRO827OHQH0cg,Annapurna Foods,places,en,277,12.92189275,77.57404695,12.922631299999999,77.5739238,0,blr2,Bengaluru,2026-08-31T09:16:48.607760Z
ChIJCz_ArYIVrjsRsdaA2eJxYIk,Sevakshetra Canteen,places,en,277,12.92189275,77.57404695,12.9215562,77.57315310000001,0,blr2,Bengaluru,2026-08-31T09:16:48.607769Z
ChIJCcETj-0VrjsRCdSm_yunwH4,Vakula Food Canteen,places,en,277,12.92189275,77.57404695,12.9207722,77.57397410000002,0,blr2,Bengaluru,2026-08-31T09:16:48.607783Z
ChIJE8R9PncWrjsRw9DgjNAk_Ns,Shwetha Bar And Restaurant,places,en,277,12.92189275,77.57404695,12.920544399999999,77.57423179999999,0,blr2,Bengaluru,2026-08-31T09:16:48.607789Z
ChIJf90-7ncVrjsRXwdWiFWBb_0,New Imperial Restaurant,places,en,277,12.92189275,77.57404695,12.9201272,77.5741733,0,blr2,Bengaluru,2026-08-31T09:16:48.607795Z
ChIJFZn0I9gVrjsR5BE6c2w7bmA,Gustoes,places,en,277,12.92189275,77.57404695,12.923808399999999,77.5737783,0,blr2,Bengaluru,2026-08-31T09:16:48.607801Z
ChIJcZRIwrMVrjsREAxtFASyfRY,The Bhaji Pav Company,places,en,277,12.92189275,77.57404695,12.923015399999999,77.5756591,0,blr2,Bengaluru,2026-08-31T09:16:48.607807Z
ChIJueHEgXYVrjsRtzNF_v5Vihw,Gowramma's Kitchen,places,en,277,12.92189275,77.57404695,12.923857000000002,77.5739885,0,blr2,Bengaluru,2026-08-31T09:16:48.607812Z
ChIJbalpVAMVrjsRat8ekOxq1J8,New Aaradhya Food Line,places,en,277,12.92189275,77.57404695,12.923799899999999,77.573472,0,blr2,Bengaluru,2026-08-31T09:16:48.607817Z
ChIJd-3cmRwVrjsRpEALzV2FAhE,A S Chicken Center,places,en,277,12.92189275,77.57404695,12.9201258,77.57292509999999,0,blr2,Bengaluru,2026-08-31T09:16:48.607823Z
ChIJ2c0FO_wVrjsRH6b3u2RyYP4,City Kitchen,places,en,277,12.92189275,77.57404695,12.9226295,77.5718709,0,blr2,Bengaluru,2026-08-31T09:16:48.607828Z
ChIJ_bJ0OYgVrjsRjv8Acy_usKk,GowdruMane Badoota,places,en,277,12.92189275,77.57404695,12.9196557,77.5743419,0,blr2,Bengaluru,2026-08-31T09:16:48.607834Z
ChIJQV0Pz_EVrjsRoC1U7jkq3eY,Nandus KR Road,places,en,277,12.92189275,77.57404695,12.923730299999999,77.5725518,0,blr2,Bengaluru,2026-08-31T09:16:48.607839Z
ChIJU3msXwAVrjsR0WvJjDjPjKs,Rao’s Kitchen,places,en,277,12.92189275,77.57404695,12.919452,77.5742808,0,blr2,Bengaluru,2026-08-31T09:16:48.607845Z
ChIJT9lvYrkVrjsRLiAggId8woA,S L Vada Pav,places,en,277,12.92189275,77.57404695,12.9200324,77.57583919999999,0,blr2,Bengaluru,2026-08-31T09:16:48.607851Z
ChIJE-rfMQAVrjsRv2igNMPvET8,Raj Jonne Biryani - ರಾಜ್ ಜೊನ್ನೆ ಬಿರಿಯಾನಿ,places,en,277,12.92189275,77.57404695,12.9193357,77.5742934,0,blr2,Bengaluru,2026-08-31T09:16:48.607856Z
ChIJKZe3-hcVrjsROtMOZdHBXgA,Paakashala @ 8th Block | Veg Restaurants in Jayanagar 8th Block,places,en,277,12.92189275,77.57404695,12.9198648,77.57578509999999,0,blr2,Bengaluru,2026-08-31T09:16:48.607862Z
ChIJfVQakXQRrjsReMrKFrse9e4,Sri Vasavi Hotel,places,en,278,13.01380785,77.7058362,13.0142452,77.7053299,0,blr2,Bengaluru,2026-08-31T09:16:49.024372Z
ChIJo0aKHwARrjsRkIRA6nzRHGA,Battarnali,places,en,278,13.01380785,77.7058362,13.014056499999999,77.7065192,0,blr2,Bengaluru,2026-08-31T09:16:49.024453Z
ChIJ3zslMgARrjsRz4yWs2iG5G8,Rayalaseema Cafe,places,en,278,13.01380785,77.7058362,13.0141197,77.70431239999999,0,blr2,Bengaluru,2026-08-31T09:16:49.024469Z
ChIJB-dtYRcRrjsRNmJBYMmEWeE,Nepali restaurant,places,en,278,13.01380785,77.7058362,13.014288299999999,77.7041849,0,blr2,Bengaluru,2026-08-31T09:16:49.024477Z
ChIJzXSnraARrjsRmyAHUiIZ5Vk,SRI RAM LADES PG,places,en,278,13.01380785,77.7058362,13.013862500000002,77.70409529999999,0,blr2,Bengaluru,2026-08-31T09:16:49.024483Z
ChIJ_7i9wA0RrjsRwQMa4wN2Vi0,Raj Thindi Mane,places,en,278,13.01380785,77.7058362,13.0127356,77.70442870000001,0,blr2,Bengaluru,2026-08-31T09:16:49.024490Z
ChIJc-9qEQARrjsRC05guh_CtvY,ROYAL SPICE FUSION FOOD,places,en,278,13.01380785,77.7058362,13.0152425,77.7069298,0,blr2,Bengaluru,2026-08-31T09:16:49.024495Z
ChIJf8vGT80RrjsRqpiaCz9BRmA,AP Fish & Biryani Zone,places,en,278,13.01380785,77.7058362,13.014833399999999,77.7076816,0,blr2,Bengaluru,2026-08-31T09:16:49.024501Z
ChIJC1BvIAARrjsRiGJgP5laAMI,R V cafe & kitchen,places,en,278,13.01380785,77.7058362,13.0152053,77.7039405,0,blr2,Bengaluru,2026-08-31T09:16:49.024506Z
ChIJX41DsnwRrjsR1tjYqs5n5ZI,R V cafe & kitchen,places,en,278,13.01380785,77.7058362,13.0152053,77.7039405,0,blr2,Bengaluru,2026-08-31T09:16:49.024512Z
ChIJ4eXCsa0RrjsR5bLkbmDgfC0,S.r.s Rice Corner,places,en,278,13.01380785,77.7058362,13.0142911,77.7084624,0,blr2,Bengaluru,2026-08-31T09:16:49.024517Z
ChIJFa8M5JYRrjsRh_bn0SV9A9E,Dhanu's Authentic Foods,places,en,278,13.01380785,77.7058362,13.0157729,77.70397369999999,0,blr2,Bengaluru,2026-08-31T09:16:49.024522Z
ChIJeZ4FtEE8rjsRWkRENPl0YOk,Karanji Bar and Restaurant,places,en,279,12.988728850000001,77.494682,12.988150300000001,77.4948704,0,blr2,Bengaluru,2026-08-31T09:16:49.378701Z
ChIJDQw-xT09rjsR_dU-3hqzzdY,Ille Addadalli Cafe And Lounge,places,en,279,12.988728850000001,77.494682,12.988293599999999,77.4954068,0,blr2,Bengaluru,2026-08-31T09:16:49.378734Z
ChIJ_VO02kE8rjsRiO_lSadOhvE,HOTEL PRASHANTH,places,en,279,12.988728850000001,77.494682,12.988531199999999,77.4938444,0,blr2,Bengaluru,2026-08-31T09:16:49.378742Z
ChIJH_9VPwo9rjsR4B2jznOQuU8,Restaurant,places,en,279,12.988728850000001,77.494682,12.9879711,77.4941264,0,blr2,Bengaluru,2026-08-31T09:16:49.378748Z
ChIJjyeoZY89rjsRXVkAa4jgxsE,HOTEL KABBALAMMA NATI STYLE,places,en,279,12.988728850000001,77.494682,12.9885922,77.4937126,0,blr2,Bengaluru,2026-08-31T09:16:49.378754Z
ChIJs1_iGYY9rjsRELrF9bdWhSs,Bhairava Tatte Idly,places,en,279,12.988728850000001,77.494682,12.9880924,77.4939151,0,blr2,Bengaluru,2026-08-31T09:16:49.378760Z
ChIJRVB7GZA9rjsRvz42NyzkEek,BAKASUARA BHOJANA,places,en,279,12.988728850000001,77.494682,12.9878956,77.4939845,0,blr2,Bengaluru,2026-08-31T09:16:49.378765Z
ChIJnWRg0UE8rjsRjUX-B_5BfdY,Madhu Darshini Grand,places,en,279,12.988728850000001,77.494682,12.988092,77.4936349,0,blr2,Bengaluru,2026-08-31T09:16:49.378771Z
ChIJ7zM2BkE8rjsRTCMkYCqMLSA,Sri Lakshmi Venkateshwara Hotel,places,en,279,12.988728850000001,77.494682,12.988572200000002,77.49621049999999,0,blr2,Bengaluru,2026-08-31T09:16:49.378776Z
ChIJ6fjic2o8rjsR0JTsUeA7D94,Suryoday Restaurant,places,en,279,12.988728850000001,77.494682,12.988753899999999,77.4928255,0,blr2,Bengaluru,2026-08-31T09:16:49.378781Z
ChIJ12dEQwA9rjsR73tkAweRkUw,Lakshmi Chicken Center 🍗,places,en,279,12.988728850000001,77.494682,12.989247899999999,77.4928195,0,blr2,Bengaluru,2026-08-31T09:16:49.378787Z
ChIJN6ChgDU9rjsRc9S1Mf-mCJU,Prajwal fish kabab center,places,en,279,12.988728850000001,77.494682,12.9874061,77.4932954,0,blr2,Bengaluru,2026-08-31T09:16:49.378793Z
ChIJN9PTFoc9rjsRCOt014i9Yyo,New Vaishali Family Restaurant,places,en,279,12.988728850000001,77.494682,12.988747799999999,77.4927118,0,blr2,Bengaluru,2026-08-31T09:16:49.378798Z
ChIJJyd8WhY9rjsRjfxXnuZFm5Q,RAJU Tiffin Center,places,en,279,12.988728850000001,77.494682,12.988719,77.4968207,0,blr2,Bengaluru,2026-08-31T09:16:49.378803Z
ChIJax1mEEE8rjsR86pvzO0vK50,T L Chai Adda Mrs ASHA ASHA,places,en,279,12.988728850000001,77.494682,12.9886102,77.4968173,0,blr2,Bengaluru,2026-08-31T09:16:49.378809Z
ChIJs3fWTDMYrjsRWmy9QYgmCTo,De Grand Restaurant,places,en,280,13.07307355,77.6073891,13.0743522,77.6077662,0,blr2,Bengaluru,2026-08-31T09:16:49.797274Z
ChIJKUaRAbgZrjsRvN7zmvvp59U,Alanati Ruchulu,places,en,280,13.07307355,77.6073891,13.0719374,77.6059612,0,blr2,Bengaluru,2026-08-31T09:16:49.797302Z
ChIJb-OEaAAZrjsR1c8hvetlA64,Rajkumar Chat Stall,places,en,280,13.07307355,77.6073891,13.071202,77.6078192,0,blr2,Bengaluru,2026-08-31T09:16:49.797310Z
ChIJl6dbcEFtrjsRhsTFGI-G2v8,Sri Venkateshwara Tiffins,places,en,281,12.85010265,77.6684816,12.8509918,77.6687536,0,blr2,Bengaluru,2026-08-31T09:16:50.291883Z
ChIJd3CpTwBtrjsRvD0btDdh4gg,Food Court building 50,places,en,281,12.85010265,77.6684816,12.850309399999999,77.6675255,0,blr2,Bengaluru,2026-08-31T09:16:50.291923Z
ChIJAZ8H7wZtrjsRMlIOnRebTfM,SLV,places,en,281,12.85010265,77.6684816,12.851243499999999,77.66874589999999,0,blr2,Bengaluru,2026-08-31T09:16:50.291932Z
ChIJ2VaCJZFsrjsRSG_-PULuU9g,Ilayaraja mess,places,en,281,12.85010265,77.6684816,12.8513258,77.6684856,0,blr2,Bengaluru,2026-08-31T09:16:50.291938Z
ChIJQQtymJRtrjsRelyYKBHsv8g,KAVERI BHAVAN,places,en,281,12.85010265,77.6684816,12.8514397,77.6684179,0,blr2,Bengaluru,2026-08-31T09:16:50.291944Z
ChIJoYyWTgBtrjsRQLYmJv4ak5w,Shri sai ram fast food,places,en,281,12.85010265,77.6684816,12.8513623,77.668972,0,blr2,Bengaluru,2026-08-31T09:16:50.291950Z
ChIJ5_fNf0xtrjsRpF6T2EO7PVU,KT POPCORN & HOTCHIPS,places,en,281,12.85010265,77.6684816,12.8513668,77.669203,0,blr2,Bengaluru,2026-08-31T09:16:50.291956Z
ChIJA2B06JBsrjsRl3GEtK5TGhM,Subway Infosys Bangalore,places,en,281,12.85010265,77.6684816,12.8493447,77.667091,0,blr2,Bengaluru,2026-08-31T09:16:50.291961Z
ChIJdVukNbxtrjsR6c0uXcb-gdE,Restaurant,places,en,281,12.85010265,77.6684816,12.8516821,77.6681839,0,blr2,Bengaluru,2026-08-31T09:16:50.291966Z
ChIJNeY9mBNtrjsRnK2ClQh_B9Q,GURU FAST FOOD,places,en,281,12.85010265,77.6684816,12.8517145,77.668244,0,blr2,Bengaluru,2026-08-31T09:16:50.291973Z
ChIJYzqw8FhtrjsR6gr5iTbIdJo,D P S Chicken Center,places,en,281,12.85010265,77.6684816,12.8517307,77.66861639999999,0,blr2,Bengaluru,2026-08-31T09:16:50.291979Z
ChIJPUYZMQJtrjsRRnWc2RB5_04,Wildbean Café | Infosys Bangalore,places,en,281,12.85010265,77.6684816,12.850026,77.6667744,0,blr2,Bengaluru,2026-08-31T09:16:50.291985Z
ChIJHeKuSJFsrjsRBF8ny5wXzwM,SOUSKI BIRIYANI CASTLE,places,en,281,12.85010265,77.6684816,12.851443,77.6695884,0,blr2,Bengaluru,2026-08-31T09:16:50.291991Z
ChIJwQEZLABtrjsRvLaQB4tEGEA,Yokshitha Food,places,en,281,12.85010265,77.6684816,12.8517043,77.6691772,0,blr2,Bengaluru,2026-08-31T09:16:50.291996Z
ChIJc0-Hiu5trjsRWgvnygXmajY,Kanti Sweets - Electronic City,places,en,281,12.85010265,77.6684816,12.8518066,77.6681454,0,blr2,Bengaluru,2026-08-31T09:16:50.292002Z
ChIJ2SvkFOttrjsRfNC82nYz8sk,CAF CAFE,places,en,281,12.85010265,77.6684816,12.8517718,77.667965,0,blr2,Bengaluru,2026-08-31T09:16:50.292007Z
ChIJ-1-hTJRsrjsRzi6_k6Blrvc,SRI GANESH DOSA & BIRYANI CENTRE,places,en,281,12.85010265,77.6684816,12.851350199999999,77.6698189,0,blr2,Bengaluru,2026-08-31T09:16:50.292012Z
ChIJuZbHIgBtrjsR4KC8KmPS_cg,GEETHA FAST FOOD,places,en,281,12.85010265,77.6684816,12.8519239,77.6685957,0,blr2,Bengaluru,2026-08-31T09:16:50.292018Z
ChIJH6JqlSptrjsRrcTKNxg1-38,Sri Krishna Kitchen,places,en,281,12.85010265,77.6684816,12.8521251,77.6686826,0,blr2,Bengaluru,2026-08-31T09:16:50.292024Z
ChIJwwkDUgBtrjsRBNNJZL-XGt4,Swagruha foods and curry point,places,en,281,12.85010265,77.6684816,12.8515648,77.669975,0,blr2,Bengaluru,2026-08-31T09:16:50.292029Z
ChIJAaJrqw0TrjsR4KbNBVKXIyc,Aarna Modern Day Dining And Cafe,places,en,282,12.9093162,77.6642563,12.9094844,77.6639797,0,blr2,Bengaluru,2026-08-31T09:16:50.701125Z
ChIJWaQsLzETrjsRj79iJtWuTYY,Li'l More Cafe,places,en,282,12.9093162,77.6642563,12.9089713,77.6639144,0,blr2,Bengaluru,2026-08-31T09:16:50.701158Z
ChIJx3dp5mUTrjsR9-Y62sh4-0M,SAVORY POINT,places,en,282,12.9093162,77.6642563,12.9089545,77.6639143,0,blr2,Bengaluru,2026-08-31T09:16:50.701166Z
ChIJw4HNAcsTrjsR79i2_IEbTHY,SWADANA FOODS,places,en,282,12.9093162,77.6642563,12.910776499999999,77.66352239999999,0,blr2,Bengaluru,2026-08-31T09:16:50.701172Z
ChIJ5R7KcmYTrjsRvNEPR5S4Lg4,Laali Da Dhaba,places,en,282,12.9093162,77.6642563,12.907777,77.6636958,0,blr2,Bengaluru,2026-08-31T09:16:50.701178Z
ChIJe3Pod-ITrjsRd4lej4B8nZw,Ghar Ki Rasoi Se,places,en,282,12.9093162,77.6642563,12.9086505,77.6625607,0,blr2,Bengaluru,2026-08-31T09:16:50.701184Z
ChIJYflSdZETrjsRy026BeSeFLc,SLV Tea&coffee Shop,places,en,282,12.9093162,77.6642563,12.907142499999999,77.6638535,0,blr2,Bengaluru,2026-08-31T09:16:50.701192Z
ChIJN7recGUTrjsRFLGspz2YvI8,sandwich Binge,places,en,282,12.9093162,77.6642563,12.9116222,77.6641897,0,blr2,Bengaluru,2026-08-31T09:16:50.701197Z
ChIJAQ9TcogTrjsRb2wtwQ1JwOQ,A1 Karnataka chicken dum biryani,places,en,282,12.9093162,77.6642563,12.906868399999999,77.6635175,0,blr2,Bengaluru,2026-08-31T09:16:50.701202Z
ChIJ445CpxETrjsR4J2hPk0Uil8,Quik-Grub,places,en,282,12.9093162,77.6642563,12.9119738,77.6646497,0,blr2,Bengaluru,2026-08-31T09:16:50.701208Z
ChIJ2W0vTatrrjsRluso_c75ZQg,Bismillah Hotel,places,en,283,12.8756175,77.63718875,12.873410999999999,77.638741,0,blr2,Bengaluru,2026-08-31T09:16:51.224901Z
ChIJP1XkOBITrjsRlkYgh0gtbIY,MOJO Pizza - 2X Toppings,places,en,284,12.90618925,77.70142895000001,12.9044204,77.7019871,0,blr2,Bengaluru,2026-08-31T09:16:51.581787Z
ChIJRZXlAp8TrjsR7EqDe16UgLY,Aakanshu Food Chaupal,places,en,284,12.90618925,77.70142895000001,12.9055935,77.6995757,0,blr2,Bengaluru,2026-08-31T09:16:51.581819Z
ChIJucstZsUTrjsRKf16VOA4K0Y,KC Ruchulu-Authentic Non-Veg Pickles,places,en,284,12.90618925,77.70142895000001,12.907563099999999,77.7028298,0,blr2,Bengaluru,2026-08-31T09:16:51.581825Z
ChIJaTzYMgATrjsRNzcPJ_bs9js,Protein Nook,places,en,284,12.90618925,77.70142895000001,12.9048067,77.7029256,0,blr2,Bengaluru,2026-08-31T09:16:51.581830Z
ChIJ5UDNKhITrjsRienEMkaDI-I,BOX8 - India's Largest Desi Meals Brand,places,en,284,12.90618925,77.70142895000001,12.904214,77.7020429,0,blr2,Bengaluru,2026-08-31T09:16:51.581833Z
ChIJh0OnmPcTrjsRxpLUEiBBaw4,Spicy revenge,places,en,284,12.90618925,77.70142895000001,12.9040462,77.70290779999999,0,blr2,Bengaluru,2026-08-31T09:16:51.581837Z
ChIJkZn5QSoTrjsRYWER4lRoSgA,MALLI. TIFAN CENTER.,places,en,284,12.90618925,77.70142895000001,12.9039892,77.7029846,0,blr2,Bengaluru,2026-08-31T09:16:51.581841Z
ChIJmY-QHecTrjsRGCtByvP7spc,Kemparaju Food &restorent,places,en,284,12.90618925,77.70142895000001,12.9039892,77.7029846,0,blr2,Bengaluru,2026-08-31T09:16:51.581845Z
ChIJkQOJL94SrjsRj-gsrpSxko0,Fill A Belly,places,en,284,12.90618925,77.70142895000001,12.9039839,77.7029845,0,blr2,Bengaluru,2026-08-31T09:16:51.581849Z
ChIJCYSyBls7rjsRRQ7WQ4o-TtE,S.L.N Chicken Center,places,en,285,13.03717605,77.4602387,13.036657,77.46128,0,blr2,Bengaluru,2026-08-31T09:16:51.949175Z
ChIJCWe3sr87rjsR93rjC6I1NxA,S.R.S Vegetables,places,en,286,13.02967255,77.46690724999999,13.028404,77.4647671,0,blr2,Bengaluru,2026-08-31T09:16:52.376901Z
ChIJO7dCBgA7rjsRfJoqR-xPtFs,Anusuyamma Hotel,places,en,286,13.02967255,77.46690724999999,13.0279606,77.4649033,0,blr2,Bengaluru,2026-08-31T09:16:52.376933Z
ChIJbYoTNxA7rjsRmsIlUAk_xgo,NAMMANE BADOOTA DIVYA V,places,en,286,13.02967255,77.46690724999999,13.0280901,77.4646984,0,blr2,Bengaluru,2026-08-31T09:16:52.376942Z
ChIJ443yfzARrjsRO9GgdBt57yE,Breezy Cow Bar,places,en,287,12.9708984,77.68030295,12.9720702,77.6807592,0,blr2,Bengaluru,2026-08-31T09:16:52.802264Z
ChIJMfwnHcERrjsRB-IXN8hqcfs,Datta Bhel,places,en,287,12.9708984,77.68030295,12.9720976,77.6807635,0,blr2,Bengaluru,2026-08-31T09:16:52.802297Z
ChIJP66lRn4RrjsRdwCZgcmW2CY,Yummy momos and rolls,places,en,287,12.9708984,77.68030295,12.971981999999999,77.6810351,0,blr2,Bengaluru,2026-08-31T09:16:52.802304Z
ChIJhc3OyLERrjsRQnXklj_Qw3A,Sri Udupi Satkar,places,en,287,12.9708984,77.68030295,12.9722624,77.6803328,0,blr2,Bengaluru,2026-08-31T09:16:52.802311Z
ChIJRfjeMrwRrjsRfDmkJgJc36A,GRILLIN’ Restaurant,places,en,287,12.9708984,77.68030295,12.972217800000001,77.6798476,0,blr2,Bengaluru,2026-08-31T09:16:52.802316Z
ChIJReHcejVrrjsREtaGkxRdu3o,HDK's Gallus Domesticus,places,en,289,12.807348300000001,77.57844025,12.8075672,77.5784881,0,blr2,Bengaluru,2026-08-31T09:16:53.580619Z
ChIJFTYPdt8XrjsRRAod03b2zt0,Safari Bitez,places,en,289,12.807348300000001,77.57844025,12.808576599999999,77.57829240000001,0,blr2,Bengaluru,2026-08-31T09:16:53.580661Z
ChIJlae2BAA_rjsRmr_VSbdIR3Y,Legacy team,places,en,290,12.934777100000002,77.52755525,12.9332826,77.52715839999999,0,blr2,Bengaluru,2026-08-31T09:16:54.003317Z
ChIJy_TDDIs_rjsR4zRiuz7NyfA,Raghavendra Hotel,places,en,290,12.934777100000002,77.52755525,12.9363621,77.52790089999999,0,blr2,Bengaluru,2026-08-31T09:16:54.003354Z
ChIJyzkVHQA_rjsRYjeN6_eOLQc,Legacy Brewing Company,places,en,290,12.934777100000002,77.52755525,12.933522499999999,77.52878919999999,0,blr2,Bengaluru,2026-08-31T09:16:54.003361Z
ChIJT2wshN8ZrjsR-VPjrl4YOnc,Sweet Truth Yelahanka,places,en,291,13.10828875,77.58100834999999,13.1077906,77.5807035,0,blr2,Bengaluru,2026-08-31T09:16:54.595757Z
ChIJo1etOIwYrjsRYXobYsrDJbU,Hindu Military Hotel,places,en,291,13.10828875,77.58100834999999,13.109663699999999,77.58052649999999,0,blr2,Bengaluru,2026-08-31T09:16:54.595787Z
ChIJ81Q8zxsZrjsRNtI_cS-C5NA,Nagamma Tiffin & Khanavali,places,en,291,13.10828875,77.58100834999999,13.109730599999999,77.5804848,0,blr2,Bengaluru,2026-08-31T09:16:54.595795Z
ChIJu9rnNowYrjsREKYbZ4HfNhk,Manoj Fast Food,places,en,291,13.10828875,77.58100834999999,13.110074299999999,77.58034529999999,0,blr2,Bengaluru,2026-08-31T09:16:54.595801Z
ChIJN6k0NvYZrjsRvHawGC4_iTM,HOT DUM BRIYANI,places,en,291,13.10828875,77.58100834999999,13.1104193,77.58026799999999,0,blr2,Bengaluru,2026-08-31T09:16:54.595807Z
ChIJVVUFr44YrjsRte6mzbq8Dy4,Annapurna's,places,en,291,13.10828875,77.58100834999999,13.1083428,77.5786433,0,blr2,Bengaluru,2026-08-31T09:16:54.595813Z
ChIJWz-5iJIZrjsR9WI8F8g59ZA,MYLARI MANE BADOOTA,places,en,291,13.10828875,77.58100834999999,13.1105077,77.57993119999999,0,blr2,Bengaluru,2026-08-31T09:16:54.595818Z
ChIJ3aRuZyEZrjsRYKwdd--Xs_c,Uttara Karnataka Jolada Rotti Hotel,places,en,291,13.10828875,77.58100834999999,13.1106936,77.58015300000001,0,blr2,Bengaluru,2026-08-31T09:16:54.595824Z
ChIJ28xGVQBtrjsRvUo6fl4wmFg,Papa Johns,places,en,292,12.84126375,77.6565915,12.840793699999999,77.65585949999999,0,blr2,Bengaluru,2026-08-31T09:16:55.051175Z
ChIJC506cgBtrjsR_aAL-ZRWWnE,Starbucks - Electronic City,places,en,292,12.84126375,77.6565915,12.840714,77.6558305,0,blr2,Bengaluru,2026-08-31T09:16:55.051199Z
ChIJpUcLuUNtrjsR7X452Weap6s,Biryanis & Beyond,places,en,292,12.84126375,77.6565915,12.8393673,77.6557041,0,blr2,Bengaluru,2026-08-31T09:16:55.051206Z
ChIJrULRClRtrjsRbuHajt_HyB0,California Burrito Mexican Kitchen @ Electronic City,places,en,292,12.84126375,77.6565915,12.8392735,77.6557091,0,blr2,Bengaluru,2026-08-31T09:16:55.051210Z
ChIJG-DYTs5trjsRj6yYovKhXds,Siddeshwar Tea Corner,places,en,292,12.84126375,77.6565915,12.8391431,77.657298,0,blr2,Bengaluru,2026-08-31T09:16:55.051215Z
ChIJOx-5agBtrjsR4o7ciR_KycI,Dorababu Biryani- Electronic city phase 1,places,en,292,12.84126375,77.6565915,12.8391491,77.6573784,0,blr2,Bengaluru,2026-08-31T09:16:55.051219Z
ChIJG_1rKgBtrjsRXvU4JUQj250,Kishore's kitchen,places,en,292,12.84126375,77.6565915,12.8391875,77.6575625,0,blr2,Bengaluru,2026-08-31T09:16:55.051224Z
ChIJFc54UFVtrjsRwjsu1YLcZhk,Royal Punjab,places,en,292,12.84126375,77.6565915,12.8391775,77.657598,0,blr2,Bengaluru,2026-08-31T09:16:55.051228Z
ChIJxcktZABtrjsRPGgUJoX84Oc,HOTEL ARADHAYA UTTAR KARNATAKA FOOD,places,en,292,12.84126375,77.6565915,12.8391317,77.657511,0,blr2,Bengaluru,2026-08-31T09:16:55.051232Z
ChIJFdNNNu9trjsRJHFtSh6vI6U,Shahi Madina Restaurant,places,en,292,12.84126375,77.6565915,12.8391314,77.65773639999999,0,blr2,Bengaluru,2026-08-31T09:16:55.051236Z
ChIJnRu1F7dtrjsRaw64i53BIXQ,K K Restaurant,places,en,292,12.84126375,77.6565915,12.8388823,77.65613309999999,0,blr2,Bengaluru,2026-08-31T09:16:55.051241Z
ChIJtYYzwAVtrjsRhZ_5CAHfRXA,The Spicy Aroma & Ponchobyanjon - The flavor of Bengal,places,en,292,12.84126375,77.6565915,12.839206299999999,77.6579424,0,blr2,Bengaluru,2026-08-31T09:16:55.051245Z
ChIJE9XBOABtrjsRVC6cmUJhkWk,Sri Basaveshwara Khanavali,places,en,292,12.84126375,77.6565915,12.839121899999999,77.6579678,0,blr2,Bengaluru,2026-08-31T09:16:55.051249Z
ChIJqf7fiyJtrjsRAHMA0XlSaB8,Joshitha Andhra Mess,places,en,292,12.84126375,77.6565915,12.8391244,77.6580142,0,blr2,Bengaluru,2026-08-31T09:16:55.051253Z
ChIJZznPJ65trjsRNeLUUL9C-nw,DIYA SHETTY,places,en,292,12.84126375,77.6565915,12.8391933,77.6581511,0,blr2,Bengaluru,2026-08-31T09:16:55.051257Z
ChIJZw0IQYFsrjsRpUjrxqtanlU,Delhi Style Fast Food & Snacks,places,en,292,12.84126375,77.6565915,12.8391933,77.6581511,0,blr2,Bengaluru,2026-08-31T09:16:55.051261Z
ChIJycysjY9srjsRwXzHjBhsGmo,New Punjabi Food Corner,places,en,292,12.84126375,77.6565915,12.839136499999999,77.6580926,0,blr2,Bengaluru,2026-08-31T09:16:55.051265Z
ChIJFaR8g2I_rjsRcr9S2aWxlnA,RR FISH MART,places,en,293,12.96136065,77.5591982,12.9616286,77.55926339999999,0,blr2,Bengaluru,2026-08-31T09:16:55.531596Z
ChIJFzBidAE-rjsRc_BhN96N3eU,Shri Siddeshwara Mess,places,en,293,12.96136065,77.5591982,12.9609224,77.55885409999999,0,blr2,Bengaluru,2026-08-31T09:16:55.531627Z
ChIJ5xiXOSYVrjsRAVTsxP-sUeI,Gowdru military hotel,places,en,293,12.96136065,77.5591982,12.9600944,77.5591944,0,blr2,Bengaluru,2026-08-31T09:16:55.531635Z
ChIJz1CihgE-rjsRkUZJTjRT_jM,Ranganatha Miltary,places,en,293,12.96136065,77.5591982,12.960132,77.5595714,0,blr2,Bengaluru,2026-08-31T09:16:55.531640Z
ChIJQWrjewE-rjsRSBBTg4hVp-g,Deepika Hindu Military Hotel,places,en,293,12.96136065,77.5591982,12.9601511,77.5586984,0,blr2,Bengaluru,2026-08-31T09:16:55.531645Z
ChIJC8yXAVg_rjsRw57wBr0aPyM,Aunty's Hotel,places,en,293,12.96136065,77.5591982,12.9601381,77.5597356,0,blr2,Bengaluru,2026-08-31T09:16:55.531650Z
ChIJL2qliAE-rjsR-_SObM5DV2A,ANNAPURNESHWARI TIFFIN ROOM SWARUCHI,places,en,293,12.96136065,77.5591982,12.9601464,77.5598316,0,blr2,Bengaluru,2026-08-31T09:16:55.531656Z
ChIJXQ5Ln3c_rjsR_dz3VAkAn-M,Magadi Mudde Oota Hotel,places,en,293,12.96136065,77.5591982,12.9599175,77.55919109999999,0,blr2,Bengaluru,2026-08-31T09:16:55.531661Z
ChIJjxo5_AA-rjsRSEh0xncUCvM,Hot Chips,places,en,293,12.96136065,77.5591982,12.962859799999999,77.55881289999999,0,blr2,Bengaluru,2026-08-31T09:16:55.531666Z
ChIJcePs_QA-rjsR8iJ4YEnkpCw,KN'S TREAT N EAT,places,en,293,12.96136065,77.5591982,12.9628371,77.55869539999999,0,blr2,Bengaluru,2026-08-31T09:16:55.531670Z
ChIJDaOuTQA-rjsRi6622BP7HI4,PSP Restaurant,places,en,293,12.96136065,77.5591982,12.962902,77.559947,0,blr2,Bengaluru,2026-08-31T09:16:55.531675Z
ChIJ2bryQgE-rjsRJ1fFK1C9IXM,RAGHAVENDRA Veg,places,en,293,12.96136065,77.5591982,12.9605078,77.55759499999999,0,blr2,Bengaluru,2026-08-31T09:16:55.531680Z
ChIJOf2t9QE-rjsRC_9UDHUy2r8,Sri Venkateshwara Kabab Corner,places,en,293,12.96136065,77.5591982,12.9600666,77.5607303,0,blr2,Bengaluru,2026-08-31T09:16:55.531685Z
ChIJ9RHq0gE_rjsRmAnsGIsLDAg,MOJO Pizza - 2X Toppings,places,en,293,12.96136065,77.5591982,12.9594341,77.55865349999999,0,blr2,Bengaluru,2026-08-31T09:16:55.531690Z
ChIJOazcZxU_rjsRrhGqjT8-ytw,Shri Appu Non-veg Hotel,places,en,293,12.96136065,77.5591982,12.960175699999999,77.56088179999999,0,blr2,Bengaluru,2026-08-31T09:16:55.531695Z
ChIJ7zNbsxY_rjsRx2TX47jPIyo,Box8 Desi Meal | Order Food Online,places,en,293,12.96136065,77.5591982,12.9593292,77.5590265,0,blr2,Bengaluru,2026-08-31T09:16:55.531700Z
ChIJZ4wr0wM-rjsRtsOym6LaeDc,Shanthala Chats,places,en,293,12.96136065,77.5591982,12.959321899999999,77.55906,0,blr2,Bengaluru,2026-08-31T09:16:55.531704Z
ChIJET4omlA_rjsRb0JYvz1p4qM,EATCLUB | Order Food Online,places,en,293,12.96136065,77.5591982,12.959278699999999,77.5589732,0,blr2,Bengaluru,2026-08-31T09:16:55.531753Z
ChIJebSXSwA_rjsRkWekuUp5kQg,Gagan food point,places,en,293,12.96136065,77.5591982,12.9589857,77.55931439999999,0,blr2,Bengaluru,2026-08-31T09:16:55.531760Z
ChIJCcIoMwI-rjsRcjOZY2M8Jvc,Prasanna Bar & Restaurant,places,en,293,12.96136065,77.5591982,12.9589465,77.5591493,0,blr2,Bengaluru,2026-08-31T09:16:55.531765Z
ChIJH33nQwAVrjsRjm8RfUMiIgY,Famous ejipura Laphing,places,en,294,12.948519749999999,77.62504475,12.9480519,77.62455849999999,0,blr2,Bengaluru,2026-08-31T09:16:55.950410Z
ChIJwabY3MkVrjsRnSU_JA5dpHI,EMAGI CHAKHUM,places,en,294,12.948519749999999,77.62504475,12.94803,77.6245469,0,blr2,Bengaluru,2026-08-31T09:16:55.950441Z
ChIJbXMcPQAVrjsRWr8tuavE938,Tibetan Laphing Corner (TLC),places,en,294,12.948519749999999,77.62504475,12.9482146,77.624357,0,blr2,Bengaluru,2026-08-31T09:16:55.950447Z
ChIJ0RgQ2AQVrjsR1lbI5W9ifoE,TASTE OF PAKANPA,places,en,294,12.948519749999999,77.62504475,12.9481431,77.62437659999999,0,blr2,Bengaluru,2026-08-31T09:16:55.950452Z
ChIJL3vISgAVrjsR9ipK9OzUa30,Jaikar momos stall,places,en,294,12.948519749999999,77.62504475,12.948215800000002,77.6242098,0,blr2,Bengaluru,2026-08-31T09:16:55.950456Z
ChIJi4ubhWMVrjsRw34PCitp0O4,Momos4u,places,en,294,12.948519749999999,77.62504475,12.9483227,77.62405629999999,0,blr2,Bengaluru,2026-08-31T09:16:55.950461Z
ChIJfyyxQQAVrjsRGzWW9ONOLrY,ಶ್ರೀ ಚಾಮುಂಡೇಶ್ವರಿ ಚಿಕನ್ ಸೆಂಟರ್,places,en,294,12.948519749999999,77.62504475,12.9481136,77.624095,0,blr2,Bengaluru,2026-08-31T09:16:55.950475Z
ChIJP5n7xzgUrjsRAAAAMGbDWUk,SEHIONHOMEMADEFOODS,places,en,294,12.948519749999999,77.62504475,12.9474334,77.6243066,0,blr2,Bengaluru,2026-08-31T09:16:55.950481Z
ChIJQUDkni0VrjsR11On3Kfx3kM,Bengali Biryani Cloud: Kolkata & Hyderabad Harmony,places,en,294,12.948519749999999,77.62504475,12.9471159,77.6245544,0,blr2,Bengaluru,2026-08-31T09:16:55.950486Z
ChIJCcOlNiYVrjsRDYYp814Ucb8,Salkara,places,en,294,12.948519749999999,77.62504475,12.9494314,77.62623789999999,0,blr2,Bengaluru,2026-08-31T09:16:55.950490Z
ChIJPZx0aQAVrjsRbMX48CJaL_w,Northeast Snacks,places,en,294,12.948519749999999,77.62504475,12.9487451,77.6233172,0,blr2,Bengaluru,2026-08-31T09:16:55.950495Z
ChIJc-MfqpQVrjsRSMwHVf8zCVw,Hempies Burgers ejipura,places,en,294,12.948519749999999,77.62504475,12.9499959,77.6260977,0,blr2,Bengaluru,2026-08-31T09:16:55.950499Z
ChIJiRwh6D4UrjsRKM28yEdt_YQ,HOTEL MANGALORE TIFFIN CENTER,places,en,294,12.948519749999999,77.62504475,12.9497526,77.62641789999999,0,blr2,Bengaluru,2026-08-31T09:16:55.950503Z
ChIJ1R-KLwAVrjsRJe4s7sSE3jQ,New Ambur Hot Biriyani,places,en,294,12.948519749999999,77.62504475,12.9503234,77.6252757,0,blr2,Bengaluru,2026-08-31T09:16:55.950507Z
ChIJKXJLx94VrjsRiiydycGb-7w,Central chicken centre,places,en,294,12.948519749999999,77.62504475,12.950185399999999,77.6258107,0,blr2,Bengaluru,2026-08-31T09:16:55.950512Z
ChIJAwazSjkUrjsRvYrj9EzRToI,Malabar Restaurant,places,en,294,12.948519749999999,77.62504475,12.950349800000001,77.62494199999999,0,blr2,Bengaluru,2026-08-31T09:16:55.950516Z
ChIJD_v8E9UVrjsRwv5kslmENPg,Tomba Kitchen (Manipuri Cuisine),places,en,294,12.948519749999999,77.62504475,12.9503489,77.6251992,0,blr2,Bengaluru,2026-08-31T09:16:55.950521Z
ChIJU9s2tT4UrjsRdzHC0OZQy28,UDUPI CORNER PURE VEG,places,en,294,12.948519749999999,77.62504475,12.9503948,77.6250043,0,blr2,Bengaluru,2026-08-31T09:16:55.950525Z
ChIJ5aiMxz4UrjsRu_Er70Qj32E,PRIYA'S KITCHEN,places,en,294,12.948519749999999,77.62504475,12.950302599999999,77.62578119999999,0,blr2,Bengaluru,2026-08-31T09:16:55.950529Z
ChIJ8z33-0wVrjsRRgk3VAT3cZA,TANDOORI BBQ AND GRILL,places,en,294,12.948519749999999,77.62504475,12.9499195,77.6264547,0,blr2,Bengaluru,2026-08-31T09:16:55.950533Z
ChIJH5hwJsU9rjsRZ9BUenLEVAc,Swathi Greenland,places,en,296,12.97810125,77.5428167,12.9779393,77.54263209999999,0,blr2,Bengaluru,2026-08-31T09:16:56.633817Z
ChIJY-NrU089rjsR9U8LkS4jrIw,Jaimunirao Circle,places,en,296,12.97810125,77.5428167,12.978391700000001,77.54249879999999,0,blr2,Bengaluru,2026-08-31T09:16:56.633968Z
ChIJGTtB--g9rjsRwn8uCCdq9Ws,South Ruchis,places,en,296,12.97810125,77.5428167,12.978403,77.5424318,0,blr2,Bengaluru,2026-08-31T09:16:56.633978Z
ChIJS_9DRQA9rjsRUJXAKLhC5Cs,Sri Krishna Grand,places,en,296,12.97810125,77.5428167,12.977790599999999,77.5423892,0,blr2,Bengaluru,2026-08-31T09:16:56.633983Z
ChIJHTH6BBEWrjsREGzlANSJEu8,"ASHA SWEET CENTER, Magadi Main Road",places,en,296,12.97810125,77.5428167,12.9783133,77.54230910000001,0,blr2,Bengaluru,2026-08-31T09:16:56.633988Z
ChIJ9bUX2-g9rjsRVPfqvaD1CeY,Sultan's restaurant,places,en,296,12.97810125,77.5428167,12.978258499999999,77.54357019999999,0,blr2,Bengaluru,2026-08-31T09:16:56.633993Z
ChIJPZriGWg9rjsR-B3nHob3EUk,MDB MALNAD DONNE BIRYANI,places,en,296,12.97810125,77.5428167,12.9788126,77.5423723,0,blr2,Bengaluru,2026-08-31T09:16:56.633997Z
ChIJ72HUF-09rjsRfeh0432lPzM,Venkateshwara Mess,places,en,296,12.97810125,77.5428167,12.9785892,77.5436064,0,blr2,Bengaluru,2026-08-31T09:16:56.634002Z
ChIJjWy6PAA9rjsRejfExDrKwu4,GOBI CORNER,places,en,296,12.97810125,77.5428167,12.9785044,77.5437372,0,blr2,Bengaluru,2026-08-31T09:16:56.634006Z
ChIJB1COfks9rjsRl1T01u7RYKQ,ANNAPOORNESHWARI HALLIMANE MESS AND CATERING,places,en,296,12.97810125,77.5428167,12.978700199999999,77.54367649999999,0,blr2,Bengaluru,2026-08-31T09:16:56.634011Z
ChIJI-tyue09rjsRo6ODnJ3xZEw,indira canteen,places,en,296,12.97810125,77.5428167,12.977055199999999,77.5432904,0,blr2,Bengaluru,2026-08-31T09:16:56.634015Z
ChIJHwWy1_U9rjsRzDtSf509yPI,bipin Kumar Sharma,places,en,296,12.97810125,77.5428167,12.979258300000001,77.5427267,0,blr2,Bengaluru,2026-08-31T09:16:56.634019Z
ChIJxZGcjug9rjsRGSEabLH_7A8,Murali Upahara,places,en,296,12.97810125,77.5428167,12.9770231,77.54230419999999,0,blr2,Bengaluru,2026-08-31T09:16:56.634023Z
ChIJMV4Bwpc9rjsR4BONFL9K-V4,New Prakash Cafe,places,en,296,12.97810125,77.5428167,12.9767867,77.542675,0,blr2,Bengaluru,2026-08-31T09:16:56.634027Z
ChIJrR-ehZI9rjsROhBcWZiqNjQ,Gowdru militry hotel,places,en,296,12.97810125,77.5428167,12.976785999999999,77.5426751,0,blr2,Bengaluru,2026-08-31T09:16:56.634031Z
ChIJGXRnQps9rjsRhggKie7ReAE,Mubarak Restaurant,places,en,296,12.97810125,77.5428167,12.9783365,77.5441694,0,blr2,Bengaluru,2026-08-31T09:16:56.634036Z
ChIJnYr_1ug9rjsR-evZl64NbOo,FRIEND'S CHICKEN,places,en,296,12.97810125,77.5428167,12.9787129,77.54421409999999,0,blr2,Bengaluru,2026-08-31T09:16:56.634040Z
ChIJ5YYhdwA9rjsR63dovPKd7Pw,Raghavendra Refreshment,places,en,296,12.97810125,77.5428167,12.9784738,77.5444959,0,blr2,Bengaluru,2026-08-31T09:16:56.634045Z
ChIJa1iP6O89rjsRe4Dfyk944qo,Meghan Chicken Centre,places,en,296,12.97810125,77.5428167,12.9797949,77.5428021,0,blr2,Bengaluru,2026-08-31T09:16:56.634049Z
ChIJW3_V9WE9rjsRx8PU7d-gEfo,Brahmin Hottel,places,en,296,12.97810125,77.5428167,12.978361,77.54099599999999,0,blr2,Bengaluru,2026-08-31T09:16:56.634053Z
ChIJdUUHOhQZrjsRV2XTu7u2rDs,Ram Panipuri,places,en,297,13.106752,77.6015735,13.1058977,77.6018777,0,blr2,Bengaluru,2026-08-31T09:16:57.263201Z
ChIJf-NC7PgYrjsRMtp7eV2GJl0,Gokul Veg Yelahanka,places,en,297,13.106752,77.6015735,13.1048295,77.60007619999999,0,blr2,Bengaluru,2026-08-31T09:16:57.263230Z
ChIJN6R6BwARrjsRRtJpWpSouSo,Slv,places,en,300,13.0285533,77.6609545,13.029432,77.6602498,0,blr2,Bengaluru,2026-08-31T09:16:58.414553Z
ChIJPX0qy2wRrjsR3SXyT3OemP8,YAKŌ,places,en,300,13.0285533,77.6609545,13.0275882,77.66153849999999,0,blr2,Bengaluru,2026-08-31T09:16:58.414581Z
ChIJsfWO--cRrjsRoDbt1Q5lI68,Chintu chit chat center,places,en,300,13.0285533,77.6609545,13.027530899999999,77.6615552,0,blr2,Bengaluru,2026-08-31T09:16:58.414606Z
ChIJ03r4iaYRrjsR-S5TUi35ZTg,Rs Gowla live fresh chicken,places,en,300,13.0285533,77.6609545,13.0283521,77.65977889999999,0,blr2,Bengaluru,2026-08-31T09:16:58.414612Z
ChIJGabLzM8QrjsR-JYQZ8Hlwcs,Curries and Chillies Hyderabadi Dum Biryani Restaurant,places,en,300,13.0285533,77.6609545,13.0279531,77.6622246,0,blr2,Bengaluru,2026-08-31T09:16:58.414617Z
ChIJXYE8Js4QrjsR4-W8eu8HFks,Nanjundeshwara Tiffen & Chats Centre,places,en,300,13.0285533,77.6609545,13.027176299999999,77.66143220000001,0,blr2,Bengaluru,2026-08-31T09:16:58.414621Z
ChIJ6wRgCYQRrjsRLSBfM5Zbpsc,Nawabi star biryani,places,en,300,13.0285533,77.6609545,13.028149100000002,77.66265109999999,0,blr2,Bengaluru,2026-08-31T09:16:58.414626Z
ChIJZZ0_LmERrjsR8XPTEVmIJqM,Al Aziz chicken & mutton centre,places,en,300,13.0285533,77.6609545,13.0294454,77.6593317,0,blr2,Bengaluru,2026-08-31T09:16:58.414630Z
ChIJPdzm3tEQrjsRnhDMUyREqPQ,FAMOUS SAMOSA & JELEBI,places,en,300,13.0285533,77.6609545,13.0267094,77.6610267,0,blr2,Bengaluru,2026-08-31T09:16:58.414634Z
ChIJUZAC5EsRrjsRTXrByNVh__g,Ambur Biryani,places,en,300,13.0285533,77.6609545,13.028035099999999,77.66283870000001,0,blr2,Bengaluru,2026-08-31T09:16:58.414638Z
ChIJ58ebHgARrjsRP_-S7LxHUsA,Ambur Hot Biriyani,places,en,300,13.0285533,77.6609545,13.0266682,77.6612449,0,blr2,Bengaluru,2026-08-31T09:16:58.414642Z
ChIJi4EAcAARrjsRi-gKK08jIqQ,Sri sendhur cafe (sendhoor coffee),places,en,300,13.0285533,77.6609545,13.0266352,77.6609209,0,blr2,Bengaluru,2026-08-31T09:16:58.414646Z
ChIJxewEZAARrjsRFTFOWcwzKh8,Swadishta Paddu and Chats Center,places,en,300,13.0285533,77.6609545,13.0299243,77.6624423,0,blr2,Bengaluru,2026-08-31T09:16:58.414651Z
ChIJ_X3i9fYRrjsRu1_SktbuTgo,Tiny Pot,places,en,300,13.0285533,77.6609545,13.028175599999999,77.6630571,0,blr2,Bengaluru,2026-08-31T09:16:58.414655Z
ChIJe_9LFgARrjsR00UPI0k6kSE,Naidu Hotel - Andhra,places,en,300,13.0285533,77.6609545,13.0293604,77.662962,0,blr2,Bengaluru,2026-08-31T09:16:58.414659Z
ChIJQ3E2Ya8RrjsRfRa3MUtMI8A,Skanda tawa fish fry,places,en,300,13.0285533,77.6609545,13.029731100000001,77.66284999999999,0,blr2,Bengaluru,2026-08-31T09:16:58.414663Z
ChIJKV-J3NkRrjsR9XuZVaVKKWQ,El Chaapo EC1054,places,en,300,13.0285533,77.6609545,13.030076699999999,77.6626361,0,blr2,Bengaluru,2026-08-31T09:16:58.414667Z
ChIJCZ745-IRrjsRyqkSCXXC6PQ,SAV Food Court,places,en,300,13.0285533,77.6609545,13.0299085,77.66281029999999,0,blr2,Bengaluru,2026-08-31T09:16:58.414671Z
ChIJOQP6-SURrjsRrjfU4GDMvf8,99 variety Aadhya special dosa,places,en,300,13.0285533,77.6609545,13.0302274,77.6625443,0,blr2,Bengaluru,2026-08-31T09:16:58.414676Z
ChIJXefv_v0RrjsRo0MqzaWSwwQ,Hungry Panda,places,en,300,13.0285533,77.6609545,13.0299275,77.65877859999999,0,blr2,Bengaluru,2026-08-31T09:16:58.414679Z
ChIJMXLPJI9rrjsRLtaek8euPpQ,Srinivasa Flour Mill,places,en,301,12.8730324,77.62505625,12.873160799999999,77.6252353,0,blr2,Bengaluru,2026-08-31T09:16:58.778843Z
ChIJN5by9zNrrjsRC0SBD5EXS9U,Hotel Jeevanchakar,places,en,301,12.8730324,77.62505625,12.8734173,77.6249518,0,blr2,Bengaluru,2026-08-31T09:16:58.778876Z
ChIJaZ7m8dtrrjsRbCie1Pc4_SE,NORTH INDIAN THALLI,places,en,301,12.8730324,77.62505625,12.873424499999999,77.6249622,0,blr2,Bengaluru,2026-08-31T09:16:58.778883Z
ChIJcZinpWprrjsRRY1MQPqNgaw,S DHANALAKSHMI W/O SELVARA M R S Tea Stall,places,en,301,12.8730324,77.62505625,12.8735023,77.6253557,0,blr2,Bengaluru,2026-08-31T09:16:58.778890Z
ChIJzcgHDzRrrjsRNlNhq07APLo,Halli Mane,places,en,301,12.8730324,77.62505625,12.873517699999999,77.6254393,0,blr2,Bengaluru,2026-08-31T09:16:58.778895Z
ChIJq6yf2uZrrjsRDoqfEGUxE0E,Indian Sweet Snacks And Chats,places,en,301,12.8730324,77.62505625,12.8737025,77.62542479999999,0,blr2,Bengaluru,2026-08-31T09:16:58.778900Z
ChIJP_4cQ8lrrjsR0tTNqtv72Ms,Call Me Momo,places,en,301,12.8730324,77.62505625,12.873702999999999,77.6257548,0,blr2,Bengaluru,2026-08-31T09:16:58.778905Z
ChIJd0khUjFrrjsRtw18gXGJDdA,Hotel Sri Manjunatha Darshini,places,en,301,12.8730324,77.62505625,12.872006599999999,77.6246329,0,blr2,Bengaluru,2026-08-31T09:16:58.778957Z
ChIJL6Dyo91rrjsRZgYGAe4ADz0,Bhaiya Bhabhi Resto Cafe,places,en,301,12.8730324,77.62505625,12.8717624,77.6244552,0,blr2,Bengaluru,2026-08-31T09:16:58.778965Z
ChIJrdwUT0xrrjsRYVzgNey1hSI,Om shiva shakthi,places,en,301,12.8730324,77.62505625,12.8713111,77.6243861,0,blr2,Bengaluru,2026-08-31T09:16:58.778970Z
ChIJW_E3GwBrrjsRPCQDPaOYSbE,Swad Center,places,en,301,12.8730324,77.62505625,12.875026,77.6260946,0,blr2,Bengaluru,2026-08-31T09:16:58.778974Z
ChIJo4UcmXxrrjsReS3rzU_QsiA,RAHMATH HOTEL TASMIYA K,places,en,301,12.8730324,77.62505625,12.8708491,77.6244182,0,blr2,Bengaluru,2026-08-31T09:16:58.778979Z
ChIJhzRmMTFrrjsRupNZDOq4mkg,HOTEL TAYYAB,places,en,301,12.8730324,77.62505625,12.870736599999999,77.624575,0,blr2,Bengaluru,2026-08-31T09:16:58.778983Z
ChIJ4ZMUk9hrrjsRH7z_ua8tRxo,Ahaar 11.11,places,en,301,12.8730324,77.62505625,12.8710805,77.6264288,0,blr2,Bengaluru,2026-08-31T09:16:58.778988Z
ChIJo7RX-2IVrjsR9ER_oqOmVjk,Sunath Pizzaria,places,en,301,12.8730324,77.62505625,12.8706952,77.62456949999999,0,blr2,Bengaluru,2026-08-31T09:16:58.778992Z
ChIJfTWDqlxrrjsR0jDE8l7EkSM,Hkgn Chicken Center,places,en,301,12.8730324,77.62505625,12.8706503,77.624314,0,blr2,Bengaluru,2026-08-31T09:16:58.778996Z
ChIJtYpMRnRrrjsRQ-6KgkfGUE8,Lepcha Food House,places,en,301,12.8730324,77.62505625,12.870984,77.6266006,0,blr2,Bengaluru,2026-08-31T09:16:58.779000Z
ChIJ-ajQWwBrrjsRB9OLZYV9J7Y,Raj Darbar,places,en,301,12.8730324,77.62505625,12.8705267,77.62424229999999,0,blr2,Bengaluru,2026-08-31T09:16:58.779005Z
ChIJl6djAgAVrjsRvTSZ29r17qw,KRISHNA VEG RESTAURANT,places,en,302,12.9034747,77.5792409,12.9028387,77.5787502,0,blr2,Bengaluru,2026-08-31T09:16:59.231147Z
ChIJ-WigjNcVrjsRRnOrK4PCNgQ,LOKESH B,places,en,302,12.9034747,77.5792409,12.904049299999999,77.57993309999999,0,blr2,Bengaluru,2026-08-31T09:16:59.231179Z
ChIJG3YNQRsVrjsRI1b9Js91xG0,Shree Guru Raghavendra Tiffin Center. Mr Krishna,places,en,302,12.9034747,77.5792409,12.904330499999999,77.578681,0,blr2,Bengaluru,2026-08-31T09:16:59.231187Z
ChIJY8DlRPEVrjsRoQr3-feJCWo,PRAKASH S,places,en,302,12.9034747,77.5792409,12.9041673,77.580112,0,blr2,Bengaluru,2026-08-31T09:16:59.231193Z
ChIJz-DjZUUVrjsR-C45nXlQURE,Siddappaji Chicken Center Chethana M,places,en,302,12.9034747,77.5792409,12.9044356,77.57870150000001,0,blr2,Bengaluru,2026-08-31T09:16:59.231198Z
ChIJf222sGoVrjsRPD-BhLneO5E,THUPPA MAGIC HOUSE,places,en,302,12.9034747,77.5792409,12.904012999999999,77.5803081,0,blr2,Bengaluru,2026-08-31T09:16:59.231204Z
ChIJT0lHDKgVrjsRkPPwETT-sdo,Annapoorna biriyani centre,places,en,302,12.9034747,77.5792409,12.904291599999999,77.5801042,0,blr2,Bengaluru,2026-08-31T09:16:59.231209Z
ChIJsyFs9GsVrjsRp4GAi-Imfys,Sree Nanjundeshwara Canteen,places,en,302,12.9034747,77.5792409,12.904095,77.58029619999999,0,blr2,Bengaluru,2026-08-31T09:16:59.231214Z
ChIJO3Pq9WsVrjsRac_jo3RgWWg,Gowdru Biriyani Center,places,en,302,12.9034747,77.5792409,12.9042797,77.58028329999999,0,blr2,Bengaluru,2026-08-31T09:16:59.231220Z
ChIJY0CoJAAVrjsRxO7EHiDoev4,Manu s askhaya hotel,places,en,302,12.9034747,77.5792409,12.904685599999999,77.5786888,0,blr2,Bengaluru,2026-08-31T09:16:59.231225Z
ChIJRRoSlc4VrjsRDkmWm-csVEY,KAVYA ENTERPRISES GOVINDARAJU G,places,en,302,12.9034747,77.5792409,12.9021925,77.5787344,0,blr2,Bengaluru,2026-08-31T09:16:59.231230Z
ChIJK85WWe4_rjsRGqamB1Nu8gw,99 Pizza Cafe,places,en,302,12.9034747,77.5792409,12.9028896,77.5805359,0,blr2,Bengaluru,2026-08-31T09:16:59.231236Z
ChIJEcmzVwAVrjsRy5uCSm5u8_M,"Hotel Guru Surya, JP Nagar 6th Phase - Pure Veg Family Restaurant",places,en,302,12.9034747,77.5792409,12.9044216,77.5802935,0,blr2,Bengaluru,2026-08-31T09:16:59.231241Z
ChIJZwrml4cVrjsRbP6JtOOskmo,Sri Cafe,places,en,302,12.9034747,77.5792409,12.9044864,77.5802952,0,blr2,Bengaluru,2026-08-31T09:16:59.231246Z
ChIJcbj2J8oVrjsRhDBGn42mPSI,Tasty Chicken,places,en,302,12.9034747,77.5792409,12.9043125,77.5804701,0,blr2,Bengaluru,2026-08-31T09:16:59.231252Z
ChIJj9HE-NE_rjsRhuBgadUXXX0,Saladicious - Indianizing Salads,places,en,302,12.9034747,77.5792409,12.904902700000001,77.5789076,0,blr2,Bengaluru,2026-08-31T09:16:59.231257Z
ChIJZZv_MwAVrjsRehg2NLcoSoY,ABSOLUTE SHAWARMA,places,en,302,12.9034747,77.5792409,12.9042347,77.5805652,0,blr2,Bengaluru,2026-08-31T09:16:59.231262Z
ChIJz1K80TAVrjsRa9iezSGelQc,ULTA PULTA SAMOSA,places,en,302,12.9034747,77.5792409,12.9038542,77.5807782,0,blr2,Bengaluru,2026-08-31T09:16:59.231267Z
ChIJ-d2heUIVrjsRF3I7YiE09lY,MTR chats,places,en,302,12.9034747,77.5792409,12.9045834,77.5804454,0,blr2,Bengaluru,2026-08-31T09:16:59.231272Z
ChIJl_r_i2sVrjsRHUK4Dx2edtQ,SRI RAGHAVENDRA GOBI CENTER,places,en,302,12.9034747,77.5792409,12.9039299,77.5809179,0,blr2,Bengaluru,2026-08-31T09:16:59.231277Z
ChIJD2v9DAAVrjsRDyEPN-7wlok,BASAVARAJU PANI PURI CENTERE,places,en,303,12.945839249999999,77.59091240000001,12.9460815,77.5919358,0,blr2,Bengaluru,2026-08-31T09:16:59.702244Z
ChIJmT02D2kVrjsRacqL6Dqz6FA,Hotel Mane Thindi,places,en,303,12.945839249999999,77.59091240000001,12.9469771,77.5907138,0,blr2,Bengaluru,2026-08-31T09:16:59.702281Z
ChIJWZHrascVrjsRAAAAMCOduRc,KHIZAR HAYATH QURESHI,places,en,303,12.945839249999999,77.59091240000001,12.94578,77.59213439999999,0,blr2,Bengaluru,2026-08-31T09:16:59.702290Z
ChIJeZlCXccVrjsRA9in4F4oljo,India Cattering,places,en,303,12.945839249999999,77.59091240000001,12.945086400000001,77.5919779,0,blr2,Bengaluru,2026-08-31T09:16:59.702297Z
ChIJMfsfPHwVrjsRTcy5Q2yysD4,Cake Luxe and Ice Cream,places,en,303,12.945839249999999,77.59091240000001,12.9472974,77.59128,0,blr2,Bengaluru,2026-08-31T09:16:59.702303Z
ChIJWSr7yYYVrjsRFG04xxCbvL4,MAHARAJA BIRYANI HOUSE,places,en,303,12.945839249999999,77.59091240000001,12.9475312,77.5915777,0,blr2,Bengaluru,2026-08-31T09:16:59.702308Z
ChIJqWw4dccVrjsR7vYxYZ7RqOI,Limra Bismillah Hotel,places,en,303,12.945839249999999,77.59091240000001,12.9458959,77.5933684,0,blr2,Bengaluru,2026-08-31T09:16:59.702314Z
ChIJg-eYVSA9rjsRJT3VDXSXs1c,BHUVANESHWARI HOTEL,places,en,304,13.04219505,77.52888325,13.041779799999999,77.5285723,0,blr2,Bengaluru,2026-08-31T09:17:00.048472Z
ChIJ_wr0bnw9rjsRCN8w1yM43Vc,Kachori shop,places,en,304,13.04219505,77.52888325,13.041362699999999,77.52844859999999,0,blr2,Bengaluru,2026-08-31T09:17:00.048508Z
ChIJv67RUdk9rjsR9RSJo4KN3Hg,Bhagyalakshmi Hotel,places,en,304,13.04219505,77.52888325,13.041512899999999,77.52808379999999,0,blr2,Bengaluru,2026-08-31T09:17:00.048517Z
ChIJxUbxwzo9rjsRH4umtCMJ4YE,Road side Restaurant,places,en,304,13.04219505,77.52888325,13.0407571,77.5284581,0,blr2,Bengaluru,2026-08-31T09:17:00.048523Z
ChIJT9jkk3o9rjsRhtga_fEMmq8,Bhagyalakshmi Hotel,places,en,304,13.04219505,77.52888325,13.040723900000001,77.52844,0,blr2,Bengaluru,2026-08-31T09:17:00.048529Z
ChIJrUudItJvrjsRL0hTqOlPbFE,KABALAMMA CAMP,places,en,305,12.7888087,77.70599705000001,12.7884739,77.7052715,0,blr2,Bengaluru,2026-08-31T09:17:00.398606Z
ChIJ3VjvtAhvrjsReTojb3lfzCc,Aahare Biryani,places,en,305,12.7888087,77.70599705000001,12.7895204,77.7052753,0,blr2,Bengaluru,2026-08-31T09:17:00.398637Z
ChIJX39uY8VvrjsR8dcUvkgkHv0,Hari Super Sandwich Chandapura,places,en,305,12.7888087,77.70599705000001,12.7888678,77.70485599999999,0,blr2,Bengaluru,2026-08-31T09:17:00.398646Z
ChIJnWadLgBvrjsR3ezoT4uo71s,Mast Marathi Restaurant | Veg Restaurant in Chandapura | Marathi Restaurant in Chandapura,places,en,305,12.7888087,77.70599705000001,12.788822699999999,77.70481869999999,0,blr2,Bengaluru,2026-08-31T09:17:00.398652Z
ChIJt2sISwBvrjsRvXtWwr_WSkg,Swadishta Restaurant,places,en,305,12.7888087,77.70599705000001,12.789591699999999,77.70510829999999,0,blr2,Bengaluru,2026-08-31T09:17:00.398659Z
ChIJGaINGQBvrjsRlHlZRKFqWkc,Cafe Madhuram,places,en,305,12.7888087,77.70599705000001,12.7891617,77.70468699999999,0,blr2,Bengaluru,2026-08-31T09:17:00.398664Z
ChIJ78oSdUhvrjsRMOFZ5DNhxX4,Samosa Party Chandapura,places,en,305,12.7888087,77.70599705000001,12.789380699999999,77.7047252,0,blr2,Bengaluru,2026-08-31T09:17:00.398669Z
ChIJC9enJXxvrjsRUcLcZYDI_yE,"Domino's Pizza | Chandapura, Bangalore",places,en,305,12.7888087,77.70599705000001,12.788562299999999,77.7046044,0,blr2,Bengaluru,2026-08-31T09:17:00.398675Z
ChIJ8b5St_dvrjsRMT0ZH8c0hmA,KANTU HOTEL,places,en,305,12.7888087,77.70599705000001,12.790194399999999,77.7056686,0,blr2,Bengaluru,2026-08-31T09:17:00.398680Z
ChIJ34jro_VvrjsRWVa_bldG3so,Chinese Wok,places,en,305,12.7888087,77.70599705000001,12.7890532,77.70454,0,blr2,Bengaluru,2026-08-31T09:17:00.398686Z
ChIJC1Ml_nhvrjsRMqRPT9GUZ_w,Burger King,places,en,305,12.7888087,77.70599705000001,12.788706999999999,77.7044804,0,blr2,Bengaluru,2026-08-31T09:17:00.398691Z
ChIJEUqV6xBtrjsRnLz9N6S-S1g,Sharief Bhai - Biryani & Mandi | Chandapura,places,en,305,12.7888087,77.70599705000001,12.789017099999999,77.7044602,0,blr2,Bengaluru,2026-08-31T09:17:00.398696Z
ChIJP9kHvodvrjsRNYDQaJ-2tHQ,"Pizza Hut | Chandapura, Bangalore",places,en,305,12.7888087,77.70599705000001,12.789124099999999,77.7044422,0,blr2,Bengaluru,2026-08-31T09:17:00.398702Z
ChIJO8g6NH9vrjsRWA-rwrnK_R4,Zomoz - The Momo Company,places,en,305,12.7888087,77.70599705000001,12.7883664,77.7043994,0,blr2,Bengaluru,2026-08-31T09:17:00.398707Z
ChIJFZGpDgBvrjsRU4YnxqZyWbI,SRI BASAVESHWARA KHANAVALI,places,en,305,12.7888087,77.70599705000001,12.790611499999999,77.7062086,0,blr2,Bengaluru,2026-08-31T09:17:00.398712Z
ChIJ46PsE75vrjsRUTaABHtFkLg,Nati Masala Restaurant,places,en,305,12.7888087,77.70599705000001,12.790621199999999,77.7055354,0,blr2,Bengaluru,2026-08-31T09:17:00.398717Z
ChIJ2y2HXAJvrjsRor54bLtSJ2o,Just Bake - Suryacity,places,en,305,12.7888087,77.70599705000001,12.790669,77.7055173,0,blr2,Bengaluru,2026-08-31T09:17:00.398723Z
ChIJTyuZxH5urjsROtyQweUnK04,Sri Annapoorneshwari Hotel,places,en,305,12.7888087,77.70599705000001,12.7880589,77.70409339999999,0,blr2,Bengaluru,2026-08-31T09:17:00.398728Z
ChIJ_xkG3R9vrjsRJAeO3fs5VRs,SHIVA SHAKTI ANDHRA HOTEL,places,en,305,12.7888087,77.70599705000001,12.790833,77.7055316,0,blr2,Bengaluru,2026-08-31T09:17:00.398734Z
ChIJY_Y86F1vrjsROofMta1VxDQ,M D P Suncity kabab Magic,places,en,305,12.7888087,77.70599705000001,12.791300399999999,77.705989,0,blr2,Bengaluru,2026-08-31T09:17:00.398739Z
ChIJUwmE6rs_rjsRv87KoDHKkJ4,Dal Baati @ MP09,places,en,306,12.9141978,77.5352522,12.9145723,77.5368615,0,blr2,Bengaluru,2026-08-31T09:17:00.796056Z
ChIJbQbx7LY_rjsR4KjnXN30gic,SRI YAKSHI BRAHMALINGES,places,en,306,12.9141978,77.5352522,12.911937799999999,77.535192,0,blr2,Bengaluru,2026-08-31T09:17:00.796090Z
ChIJg_At548_rjsRLfpB5K135I0,Naidu hotel,places,en,306,12.9141978,77.5352522,12.911818199999999,77.535406,0,blr2,Bengaluru,2026-08-31T09:17:00.796098Z
ChIJm-YVo-8_rjsRRrCMkD5mucc,Banashankari Biryani,places,en,306,12.9141978,77.5352522,12.9116795,77.53554910000001,0,blr2,Bengaluru,2026-08-31T09:17:00.796105Z
ChIJN32-dwARrjsRgCgBcZheqow,Kushi Kolkata Kati roll,places,en,307,13.026183,77.72094405,13.0248426,77.72081039999999,0,blr2,Bengaluru,2026-08-31T09:17:01.204665Z
ChIJ0_F-tEIRrjsR11rJXjJg0Y4,Navami Wine & Dine,places,en,307,13.026183,77.72094405,13.0241934,77.720997,0,blr2,Bengaluru,2026-08-31T09:17:01.204689Z
ChIJs6yWYhYRrjsRDz_G_Irb5WA,Gruhini Bhojanam,places,en,307,13.026183,77.72094405,13.0248449,77.7190632,0,blr2,Bengaluru,2026-08-31T09:17:01.204708Z
ChIJBTa1odMTrjsRYc5Rh4eFTS4,BBC Bucket Biryani,places,en,308,12.966108949999999,77.74454499999999,12.966560399999999,77.74287819999999,0,blr2,Bengaluru,2026-08-31T09:17:01.538613Z
ChIJi5e0HMoTrjsRrJrjx2Ugdio,Flavour Rush Restaurant,places,en,308,12.966108949999999,77.74454499999999,12.966640400000001,77.74289750000001,0,blr2,Bengaluru,2026-08-31T09:17:01.538685Z
ChIJlfyefyoNrjsRf7WC8QYJafU,PANI PURI SHOP,places,en,308,12.966108949999999,77.74454499999999,12.9682525,77.7461021,0,blr2,Bengaluru,2026-08-31T09:17:01.538694Z
ChIJdX3cNgANrjsRH7_tplTnido,HCS Chai Station,places,en,308,12.966108949999999,77.74454499999999,12.968554699999999,77.7457629,0,blr2,Bengaluru,2026-08-31T09:17:01.538699Z
ChIJxfFMvGUZrjsRVb37j0Tnmv0,Five Star,places,en,310,13.143946450000001,77.5852887,13.1422163,77.5859017,0,blr2,Bengaluru,2026-08-31T09:17:02.443617Z
ChIJ_SLMBIEZrjsRh5510kFvBUk,Thindi spot,places,en,310,13.143946450000001,77.5852887,13.1430818,77.587094,0,blr2,Bengaluru,2026-08-31T09:17:02.443639Z
ChIJxz8yUQBvrjsRsWVwhAKRlJA,Big amma,places,en,315,12.78752,77.72513455,12.784889999999999,77.72565329999999,0,blr2,Bengaluru,2026-08-31T09:17:04.356409Z
ChIJNW1dqPAUrjsR4EmEYsu8udc,San's Deli - Cafe & Woodfire Pizza,places,en,317,12.7297942,77.7037445,12.728338599999999,77.7054939,0,blr2,Bengaluru,2026-08-31T09:17:05.007910Z
ChIJ5dgjFQBvrjsRq2Fg_lgjyTA,AB foods,places,en,317,12.7297942,77.7037445,12.7317368,77.7051402,0,blr2,Bengaluru,2026-08-31T09:17:05.007939Z
ChIJySEFi5dvrjsRq0S3Mbqlyd0,Anjali Kitchen,places,en,317,12.7297942,77.7037445,12.7317798,77.7050871,0,blr2,Bengaluru,2026-08-31T09:17:05.007945Z
ChIJ9WyBynlvrjsRzo5IlBzGF2E,A1 Srinivas Biryani and Kabab centre,places,en,318,12.718729549999999,77.70061290000001,12.7180638,77.7006397,0,blr2,Bengaluru,2026-08-31T09:17:05.525282Z
ChIJl5-d489vrjsR1AEjSRCyY9I,SPF Satish Poultry Farm Fresh Chicken,places,en,318,12.718729549999999,77.70061290000001,12.7185227,77.701636,0,blr2,Bengaluru,2026-08-31T09:17:05.525310Z
ChIJDZqjDgBvrjsRvNr5dy7a6bU,Sri Vinayaka Chats And Fast Food,places,en,318,12.718729549999999,77.70061290000001,12.7191421,77.7016482,0,blr2,Bengaluru,2026-08-31T09:17:05.525318Z
ChIJRW9iQgBvrjsRQlfkc6zxdJc,Kabab street,places,en,318,12.718729549999999,77.70061290000001,12.717601100000001,77.7005314,0,blr2,Bengaluru,2026-08-31T09:17:05.525322Z
ChIJbah25p1vrjsRMPfjvEHQv24,BANGARPET CHATS,places,en,318,12.718729549999999,77.70061290000001,12.717575499999999,77.70051289999999,0,blr2,Bengaluru,2026-08-31T09:17:05.525328Z
ChIJZe5IHwBvrjsRIA_DxKEU8_E,AMBUR HOT DUM BIRIYANI,places,en,318,12.718729549999999,77.70061290000001,12.7172486,77.7004869,0,blr2,Bengaluru,2026-08-31T09:17:05.525334Z
ChIJhzfOV3hvrjsR3vDkMsV1VAA,Polar Bear Ice Cream Sundaes - Anekal,places,en,318,12.718729549999999,77.70061290000001,12.719086899999999,77.70210809999999,0,blr2,Bengaluru,2026-08-31T09:17:05.525337Z
ChIJjY4UVoZvrjsRH27vmGGoazc,Anekal chicken and mutton corner,places,en,318,12.718729549999999,77.70061290000001,12.7196017,77.7021117,0,blr2,Bengaluru,2026-08-31T09:17:05.525341Z
ChIJwZEPgvhvrjsRV2LJBvQ863E,Garden Bar And Restaurant,places,en,318,12.718729549999999,77.70061290000001,12.720424,77.7010377,0,blr2,Bengaluru,2026-08-31T09:17:05.525345Z
ChIJiedHE9hvrjsR03oYs9XPJrE,Atithi Sathkar,places,en,318,12.718729549999999,77.70061290000001,12.7170863,77.6998308,0,blr2,Bengaluru,2026-08-31T09:17:05.525348Z
ChIJ71wN6_VvrjsRY3h6X7FIyzQ,Meat & Eat,places,en,318,12.718729549999999,77.70061290000001,12.716961099999999,77.6998579,0,blr2,Bengaluru,2026-08-31T09:17:05.525352Z
ChIJVVz78p1vrjsRAAAA0KYDsHo,Star Biriyani Center,places,en,318,12.718729549999999,77.70061290000001,12.7168342,77.6999888,0,blr2,Bengaluru,2026-08-31T09:17:05.525356Z
ChIJ8xKukp1vrjsR7ovETYe_108,Sri Sai Sagar,places,en,318,12.718729549999999,77.70061290000001,12.716717099999999,77.70021,0,blr2,Bengaluru,2026-08-31T09:17:05.525359Z
ChIJnWSs9UlprjsRw2L-gCGSI1Q,GOBINDA BAR SAMOSA POINT,places,en,324,12.768567650000001,77.64935255,12.7691299,77.6499278,0,blr2,Bengaluru,2026-08-31T09:17:07.825728Z
ChIJs6uXbW9prjsR2N9OlOz5YZo,S R Gowda Militry Hotel,places,en,324,12.768567650000001,77.64935255,12.770214999999999,77.65037,0,blr2,Bengaluru,2026-08-31T09:17:07.825752Z
ChIJ0RRq7k9prjsRzuAeU7ltsdk,Sri Bhog,places,en,324,12.768567650000001,77.64935255,12.7704738,77.6499327,0,blr2,Bengaluru,2026-08-31T09:17:07.825758Z
ChIJ3XJM1qYlrjsR8uvvju0LoWQ,Crave19-Bgs Arashinakunte,places,en,325,13.08714655,77.42312385,13.0882636,77.4249251,0,blr2,Bengaluru,2026-08-31T09:17:08.203631Z
ChIJvfv0AQAlrjsRQglOz223VkU,YADAV FOOD JUNCTION,places,en,325,13.08714655,77.42312385,13.0893597,77.4234414,0,blr2,Bengaluru,2026-08-31T09:17:08.203661Z
ChIJ9VMPIAolrjsRLkFHecqb_Nc,PAVAN CHATS CENTER,places,en,325,13.08714655,77.42312385,13.0893242,77.4244934,0,blr2,Bengaluru,2026-08-31T09:17:08.203668Z
ChIJ46HaFwAlrjsR6gY_aWk2EPQ,HOTEL SHIVAJI - VEG AND NON VEG,places,en,326,13.088031749999999,77.42324645,13.0892456,77.42490939999999,0,blr2,Bengaluru,2026-08-31T09:17:08.632356Z
ChIJu05CKdQlrjsR3S1v3haTJ5Y,Sri Ganesh Darshini,places,en,326,13.088031749999999,77.42324645,13.0892556,77.4250157,0,blr2,Bengaluru,2026-08-31T09:17:08.632376Z
ChIJOUp_90ElrjsRwb7zb4jjOSg,FIVE STAR CHICKEN,places,en,326,13.088031749999999,77.42324645,13.0893067,77.4252642,0,blr2,Bengaluru,2026-08-31T09:17:08.632382Z
ChIJgw3haVclrjsRERsCog5v0DA,Srinivasa Andra Mess,places,en,326,13.088031749999999,77.42324645,13.0893427,77.4253317,0,blr2,Bengaluru,2026-08-31T09:17:08.632387Z
ChIJgbmlMgBtrjsRNWB3zAjpfC4,Sikkims momos,places,en,329,12.825163700000001,77.68551880000001,12.8252952,77.6854853,0,blr2,Bengaluru,2026-08-31T09:17:09.756415Z
ChIJoY4p11psrjsRhnZGp9gcgQg,HALLI MANE PUTTE IDLY CORNER,places,en,329,12.825163700000001,77.68551880000001,12.8252955,77.6854413,0,blr2,Bengaluru,2026-08-31T09:17:09.756447Z
ChIJB2bROg9trjsRtkHF7dqtcqA,Flavours Of Bangarpet Chats,places,en,329,12.825163700000001,77.68551880000001,12.825060599999999,77.6852512,0,blr2,Bengaluru,2026-08-31T09:17:09.756454Z
ChIJy3iNbcdtrjsR1pm5CuYgMMM,Vinayaka Hot Chips And Bakery Juice Center,places,en,329,12.825163700000001,77.68551880000001,12.8251119,77.68594639999999,0,blr2,Bengaluru,2026-08-31T09:17:09.756459Z
ChIJBb22XQBtrjsRKKqVNST4u4I,Shree Hotel,places,en,329,12.825163700000001,77.68551880000001,12.824739099999999,77.6859936,0,blr2,Bengaluru,2026-08-31T09:17:09.756463Z
ChIJgwM13RVtrjsRh7llo3T1Q5o,Sri Guru Raaghavendra Chats,places,en,329,12.825163700000001,77.68551880000001,12.8254025,77.6862813,0,blr2,Bengaluru,2026-08-31T09:17:09.756467Z
ChIJMbxgLQBtrjsRreWV3IjdHa0,Om sakthi hotel,places,en,329,12.825163700000001,77.68551880000001,12.825080499999999,77.6847097,0,blr2,Bengaluru,2026-08-31T09:17:09.756471Z
ChIJfYEVHc1trjsRS64Q_yq06VU,Lakshmi Hotel,places,en,329,12.825163700000001,77.68551880000001,12.8246215,77.686194,0,blr2,Bengaluru,2026-08-31T09:17:09.756475Z
ChIJQcu1IWptrjsRExxCbBnpo5g,Sri Guru Raghavendra Bhavan,places,en,329,12.825163700000001,77.68551880000001,12.8253541,77.6863734,0,blr2,Bengaluru,2026-08-31T09:17:09.756479Z
ChIJx-LUmnRtrjsR1lVTT8CJjMY,Callisto -the taste from space,places,en,329,12.825163700000001,77.68551880000001,12.825084299999999,77.68449590000002,0,blr2,Bengaluru,2026-08-31T09:17:09.756483Z
ChIJ38sKCjZsrjsRT44MLZx9_9k,"Domino's Pizza | Bommasandra, Bangalore",places,en,329,12.825163700000001,77.68551880000001,12.824448499999999,77.6845932,0,blr2,Bengaluru,2026-08-31T09:17:09.756522Z
ChIJYcndNkVsrjsRXvWDESVetBY,Yummy Delights Andra Style HOTEL,places,en,329,12.825163700000001,77.68551880000001,12.824211300000002,77.68626019999999,0,blr2,Bengaluru,2026-08-31T09:17:09.756530Z
ChIJgST7SLptrjsRuHFMkI-WX-o,The Belgian Waffle Co,places,en,329,12.825163700000001,77.68551880000001,12.8244341,77.6845641,0,blr2,Bengaluru,2026-08-31T09:17:09.756534Z
ChIJt7pPcgBtrjsR0al5hKk4LpA,Halli mane naati style hotel,places,en,329,12.825163700000001,77.68551880000001,12.825218099999999,77.6843208,0,blr2,Bengaluru,2026-08-31T09:17:09.756538Z
ChIJJVAO0URsrjsRLS2EGNVbB9E,MULBAGAL DOSA,places,en,329,12.825163700000001,77.68551880000001,12.824164099999999,77.68460639999999,0,blr2,Bengaluru,2026-08-31T09:17:09.756541Z
ChIJz00O0URsrjsRRFY2EMFsluQ,APPAJI BIRIYANI FAMILY RESTAURANT,places,en,329,12.825163700000001,77.68551880000001,12.8241629,77.6846071,0,blr2,Bengaluru,2026-08-31T09:17:09.756546Z
ChIJW2nYk0BtrjsRqh3WW1Nj6gw,Kolkata Famous Kathi Roll,places,en,329,12.825163700000001,77.68551880000001,12.824401799999999,77.68436,0,blr2,Bengaluru,2026-08-31T09:17:09.756549Z
ChIJiaz_NP1trjsR4_2BkSqbaUY,HOT CRUNCH,places,en,329,12.825163700000001,77.68551880000001,12.8243911,77.68434640000001,0,blr2,Bengaluru,2026-08-31T09:17:09.756553Z
ChIJd90anP9trjsRMu-J5PnavKc,Manjunatha Food Court,places,en,329,12.825163700000001,77.68551880000001,12.8237267,77.68571279999999,0,blr2,Bengaluru,2026-08-31T09:17:09.756557Z
ChIJpzzPyz9trjsRN4WOOCm_cC4,Sweet Truth Bommasandra,places,en,329,12.825163700000001,77.68551880000001,12.8237232,77.68571109999999,0,blr2,Bengaluru,2026-08-31T09:17:09.756562Z
ChIJd9_yLQAVrjsRzMhZgF3CHXs,Madurai kari virundhu,places,en,332,12.9295344,77.6115232,12.9305492,77.6124731,0,blr2,Bengaluru,2026-08-31T09:17:11.038334Z
ChIJLayfyFMUrjsRXc4jiF_muPA,Rajarajeshwari pork hotel and pork fresh meat,places,en,332,12.9295344,77.6115232,12.9304813,77.6125952,0,blr2,Bengaluru,2026-08-31T09:17:11.038406Z
ChIJqQj0e1MUrjsRSmmJ6MDm2Iw,Cafe Noir Production Factory,places,en,332,12.9295344,77.6115232,12.9286927,77.6102022,0,blr2,Bengaluru,2026-08-31T09:17:11.038416Z
ChIJXb5FrKoVrjsRxqln-Efbo0Q,Son Of Rooster,places,en,332,12.9295344,77.6115232,12.9311264,77.6107584,0,blr2,Bengaluru,2026-08-31T09:17:11.038424Z
ChIJgXzTpL4VrjsR1wi_p07iY5A,Desi burger,places,en,332,12.9295344,77.6115232,12.9311513,77.61071179999999,0,blr2,Bengaluru,2026-08-31T09:17:11.038432Z
ChIJz74kEFQVrjsRzFsjXE-IxfI,Tata cha,places,en,332,12.9295344,77.6115232,12.9309412,77.6101402,0,blr2,Bengaluru,2026-08-31T09:17:11.038438Z
ChIJH-U2HzwVrjsRmOFUx29GJdg,Madurai Idly Shop Express,places,en,332,12.9295344,77.6115232,12.9297652,77.6095315,0,blr2,Bengaluru,2026-08-31T09:17:11.038442Z
ChIJsW_0_BQVrjsRfbnkIujHu2o,Samosa Corner,places,en,332,12.9295344,77.6115232,12.9300223,77.6095646,0,blr2,Bengaluru,2026-08-31T09:17:11.038447Z
ChIJJVM1Z_QVrjsRCes3rHwm4Ro,"Momos, Sandwiches, Burgers, Rolls & Bowls",places,en,332,12.9295344,77.6115232,12.9301043,77.6095703,0,blr2,Bengaluru,2026-08-31T09:17:11.038452Z
ChIJdzC12ZwVrjsR4dVpCMVtOC0,Sri Vinayaka Mess,places,en,332,12.9295344,77.6115232,12.929469,77.6094272,0,blr2,Bengaluru,2026-08-31T09:17:11.038456Z
ChIJn6Scy9YVrjsR68MICS7tv-w,Shree Banashankari Pork Hotel,places,en,332,12.9295344,77.6115232,12.9295496,77.6094248,0,blr2,Bengaluru,2026-08-31T09:17:11.038461Z
ChIJEYoBDlMUrjsR_O-Bd3X8Dko,Thrissurkarans Thattukada,places,en,332,12.9295344,77.6115232,12.930188399999999,77.6095117,0,blr2,Bengaluru,2026-08-31T09:17:11.038466Z
ChIJAX0dOAAVrjsRGFTV732utNE,Green spot Restaurant,places,en,332,12.9295344,77.6115232,12.9292161,77.60941,0,blr2,Bengaluru,2026-08-31T09:17:11.038471Z
ChIJT5d5TQAVrjsRxV6BrOaRimw,DR chats and juice,places,en,332,12.9295344,77.6115232,12.9291386,77.6094036,0,blr2,Bengaluru,2026-08-31T09:17:11.038475Z
ChIJ9QMwz14VrjsRM3XXNKQg8uI,M Sneha Shops,places,en,332,12.9295344,77.6115232,12.9291348,77.60940389999999,0,blr2,Bengaluru,2026-08-31T09:17:11.038480Z
ChIJh8LmaFMUrjsR-nG5phbMl78,Pavan Chicken Centre,places,en,332,12.9295344,77.6115232,12.9291279,77.60940339999999,0,blr2,Bengaluru,2026-08-31T09:17:11.038484Z
ChIJ343fZlMUrjsRkbhQe6eeGSE,Thalassery Cafe,places,en,332,12.9295344,77.6115232,12.9287602,77.60944049999999,0,blr2,Bengaluru,2026-08-31T09:17:11.038489Z
ChIJe-lcawAVrjsRfEvlcip9frw,Malabar Makkani,places,en,332,12.9295344,77.6115232,12.930309999999999,77.609436,0,blr2,Bengaluru,2026-08-31T09:17:11.038494Z
ChIJJ3gh1BQVrjsRM0t53qJWwYQ,Crispy Bites,places,en,332,12.9295344,77.6115232,12.9290003,77.6093343,0,blr2,Bengaluru,2026-08-31T09:17:11.038498Z
ChIJHSBhbgAVrjsRME6zw_Kl0vM,Parcel Bala,places,en,332,12.9295344,77.6115232,12.9309026,77.60971459999999,0,blr2,Bengaluru,2026-08-31T09:17:11.038503Z
ChIJ5Y7ky4ZsrjsRU1-aIZ4-NNE,"Soul Indian Specialty Restaurant, Svenska Design Hotel",places,en,333,12.839212700000001,77.65644044999999,12.8393972,77.6591986,0,blr2,Bengaluru,2026-08-31T09:17:11.390983Z
ChIJkxRGU28RrjsR-RmjUJhF5Zg,Pandian Xpress Food Truck,places,en,334,13.038311,77.64965285,13.037703599999999,77.6507778,0,blr2,Bengaluru,2026-08-31T09:17:11.847329Z
ChIJ-7SjgTUXrjsRrcwqV2BDazg,My Little China,places,en,334,13.038311,77.64965285,13.037545,77.650678,0,blr2,Bengaluru,2026-08-31T09:17:11.847347Z
ChIJn94FeBoXrjsRuWeHbgdJeuM,Sri Gowdagere Chamudeshwari Hotel,places,en,334,13.038311,77.64965285,13.0380923,77.6482651,0,blr2,Bengaluru,2026-08-31T09:17:11.847353Z
ChIJe6d5SFEXrjsRbRdCiv7GWW0,Coorg Style Pork Hotel,places,en,334,13.038311,77.64965285,13.038174999999999,77.64817409999999,0,blr2,Bengaluru,2026-08-31T09:17:11.847357Z
ChIJffF5HhYXrjsR4FCoaj3IZ0Y,Byraveshwara Hotel,places,en,334,13.038311,77.64965285,13.0381684,77.6481258,0,blr2,Bengaluru,2026-08-31T09:17:11.847361Z
ChIJ0e07CAAXrjsRqGoodz0Vigk,Hotel Vijay Non Veg Natti Style,places,en,334,13.038311,77.64965285,13.038297199999999,77.64794859999999,0,blr2,Bengaluru,2026-08-31T09:17:11.847364Z
ChIJ8UCIbZwXrjsRwzcuh-JKMKQ,zam zam dum biryani,places,en,334,13.038311,77.64965285,13.038166299999999,77.6478044,0,blr2,Bengaluru,2026-08-31T09:17:11.847368Z
ChIJ9bNO9TYXrjsRToxt-oEZ8zU,North east kitchen LRS,places,en,334,13.038311,77.64965285,13.0397931,77.6484512,0,blr2,Bengaluru,2026-08-31T09:17:11.847371Z
ChIJSYQVFEAXrjsRhZ7qBopZk0M,Arusuvai Unavu,places,en,334,13.038311,77.64965285,13.0383611,77.6476175,0,blr2,Bengaluru,2026-08-31T09:17:11.847374Z
ChIJ2WPK3XgXrjsRB7R7_1t5jXQ,Radha's Kitchen,places,en,334,13.038311,77.64965285,13.036188099999999,77.6499425,0,blr2,Bengaluru,2026-08-31T09:17:11.847377Z
ChIJ0xe_t2EXrjsRN9Yua_eaXJ0,Manikanta Fried rice,places,en,334,13.038311,77.64965285,13.037542799999999,77.6517526,0,blr2,Bengaluru,2026-08-31T09:17:11.847381Z
ChIJ6RfXNYo7rjsR1FWINBNBF10,Jodhpur Special Jalebi,places,en,335,12.98860495,77.46739744999999,12.988029099999999,77.4676709,0,blr2,Bengaluru,2026-08-31T09:17:12.305704Z
ChIJAdzVb9o7rjsR_HRiGn0lDBs,Sri Raksha Tiffen Centre,places,en,335,12.98860495,77.46739744999999,12.988574199999999,77.4686062,0,blr2,Bengaluru,2026-08-31T09:17:12.305725Z
ChIJie4pR7w7rjsRncvtagfXHVA,Jai Maruthi Upahara Mandira,places,en,335,12.98860495,77.46739744999999,12.990060399999999,77.46708029999999,0,blr2,Bengaluru,2026-08-31T09:17:12.305730Z
ChIJ5Q03pcw7rjsRFSRRkDdsPcc,GOPIZZA - Magadi Main Rd,places,en,335,12.98860495,77.46739744999999,12.988951600000002,77.4693418,0,blr2,Bengaluru,2026-08-31T09:17:12.305751Z
ChIJt3IL-Yk7rjsRRN-I6KpXwSE,Masala Munch,places,en,335,12.98860495,77.46739744999999,12.990254799999999,77.46882750000002,0,blr2,Bengaluru,2026-08-31T09:17:12.305755Z
ChIJvfwt2i47rjsRhxkee8AWxOs,Shri Annapurneshwari Halli Mane Hotel,places,en,335,12.98860495,77.46739744999999,12.990519599999999,77.46850520000001,0,blr2,Bengaluru,2026-08-31T09:17:12.305759Z
ChIJvaBzvok7rjsRrDd9XKPQkSU,MUSSANJE FAMILY RESTAURANT,places,en,335,12.98860495,77.46739744999999,12.9908585,77.4684468,0,blr2,Bengaluru,2026-08-31T09:17:12.305763Z
ChIJW_duCpc9rjsRpDb9ltkLsV0,"Domino's Pizza | Dasanapura Hobli, Bangalore",places,en,335,12.98860495,77.46739744999999,12.990945799999999,77.468305,0,blr2,Bengaluru,2026-08-31T09:17:12.305767Z
ChIJJWfc64k7rjsRUP8tCCUWHjs,RAMRAJ CULTURE OF INDIA,places,en,335,12.98860495,77.46739744999999,12.9905349,77.46908959999999,0,blr2,Bengaluru,2026-08-31T09:17:12.305770Z
ChIJDfx8dgAXrjsRlOtxjrSAOZU,Oottupura,places,en,336,13.03558545,77.60660565,13.0349845,77.6067188,0,blr2,Bengaluru,2026-08-31T09:17:12.741097Z
ChIJlfTLGaAXrjsRuBrAQ-6WKuA,ಶ್ರೀನಿಧಿ ಉಪಹಾರ,places,en,336,13.03558545,77.60660565,13.034958399999999,77.6065504,0,blr2,Bengaluru,2026-08-31T09:17:12.741128Z
ChIJxa_NGaAXrjsRTrLavqGZ-No,SURYA ANDHRA HOTEL,places,en,336,13.03558545,77.60660565,13.034943799999999,77.60654699999999,0,blr2,Bengaluru,2026-08-31T09:17:12.741134Z
ChIJvbgP7p8XrjsRSI7j_2O4Rk0,S M Fast Food,places,en,336,13.03558545,77.60660565,13.036290099999999,77.6067205,0,blr2,Bengaluru,2026-08-31T09:17:12.741138Z
ChIJXTO8ZFMXrjsR2hFKJaPzOvY,MOHAMMED ISMAIL PASHA,places,en,336,13.03558545,77.60660565,13.036367199999999,77.60690819999999,0,blr2,Bengaluru,2026-08-31T09:17:12.741142Z
ChIJvd4oFAAXrjsRT2pl9lPnmbU,Om Frozen Foods,places,en,336,13.03558545,77.60660565,13.036386799999999,77.6068516,0,blr2,Bengaluru,2026-08-31T09:17:12.741146Z
ChIJM_bVfwAXrjsR-0kTBVPDYFA,Mohammadia Biriyani & Kabab Centre,places,en,336,13.03558545,77.60660565,13.034723399999999,77.6066426,0,blr2,Bengaluru,2026-08-31T09:17:12.741149Z
ChIJSQZWMQkXrjsRLrR-I69t6gc,SHAWARMA CORNER,places,en,336,13.03558545,77.60660565,13.035203099999999,77.60566639999999,0,blr2,Bengaluru,2026-08-31T09:17:12.741153Z
ChIJaR55FaAXrjsRxGnm3GjF674,Kerala Restaurant,places,en,336,13.03558545,77.60660565,13.0342924,77.6064361,0,blr2,Bengaluru,2026-08-31T09:17:12.741156Z
ChIJU9_ueYgXrjsRqbFKR5SQOmo,Jai Mataji Farsan And Sweet,places,en,336,13.03558545,77.60660565,13.0342349,77.6063631,0,blr2,Bengaluru,2026-08-31T09:17:12.741160Z
ChIJz8cX5AYXrjsRvdO6Lccssac,SIMNA FAMOUS KATI ROLLS,places,en,336,13.03558545,77.60660565,13.034174799999999,77.60635409999999,0,blr2,Bengaluru,2026-08-31T09:17:12.741164Z
ChIJH9hVzd8XrjsReKyLYa5UfgY,Raziya Sulthana R,places,en,336,13.03558545,77.60660565,13.0340893,77.6063961,0,blr2,Bengaluru,2026-08-31T09:17:12.741167Z
ChIJ8xcTaqAXrjsR621zitMa7m4,S.A.F Chicken Center,places,en,336,13.03558545,77.60660565,13.033906799999999,77.6064131,0,blr2,Bengaluru,2026-08-31T09:17:12.741170Z
ChIJQzU3fTkXrjsRwko_lORzoA8,BAARIQ,places,en,336,13.03558545,77.60660565,13.037127,77.60571100000001,0,blr2,Bengaluru,2026-08-31T09:17:12.741174Z
ChIJDWhvlGoXrjsR51TfK9HwXag,Ali Kabab center,places,en,336,13.03558545,77.60660565,13.035428999999999,77.60477399999999,0,blr2,Bengaluru,2026-08-31T09:17:12.741177Z
ChIJ72NW1KEXrjsR3JkyNanT2AU,Life Line's Tender Chicken Sulthanpalya,places,en,336,13.03558545,77.60660565,13.0352878,77.60475199999999,0,blr2,Bengaluru,2026-08-31T09:17:12.741181Z
ChIJ0305NxgXrjsRduYxBC9V988,Arabian Delight,places,en,336,13.03558545,77.60660565,13.035427300000002,77.60467369999999,0,blr2,Bengaluru,2026-08-31T09:17:12.741185Z
ChIJaeKL06EXrjsRuLrDcVlygmU,Sri Manjunatha Grand,places,en,336,13.03558545,77.60660565,13.035101099999999,77.60471720000001,0,blr2,Bengaluru,2026-08-31T09:17:12.741189Z
ChIJwyKGGMAXrjsRCqF96glbZ0Y,South Street Cafe,places,en,336,13.03558545,77.60660565,13.0374293,77.60708609999999,0,blr2,Bengaluru,2026-08-31T09:17:12.741193Z
ChIJC4nhDJ0XrjsRQznJTOGxGCI,Cool town,places,en,336,13.03558545,77.60660565,13.036921099999999,77.60495039999999,0,blr2,Bengaluru,2026-08-31T09:17:12.741196Z
ChIJ02wsurojrjsRmwkyMUV-n00,Hubbali Darward Mirchi Mandaki,places,en,338,13.057277,77.50392165,13.0569884,77.5033863,0,blr2,Bengaluru,2026-08-31T09:17:13.427484Z
ChIJUQ7bFQAjrjsRJYPY9x4vyLY,Malnad Hotel,places,en,338,13.057277,77.50392165,13.0569932,77.50337809999999,0,blr2,Bengaluru,2026-08-31T09:17:13.427502Z
ChIJ5WQuFwAjrjsRsd-uSmAtTio,Prathapkl,places,en,338,13.057277,77.50392165,13.0568493,77.5044321,0,blr2,Bengaluru,2026-08-31T09:17:13.427508Z
ChIJd5H-DAAjrjsR1htTslGk6Uc,Shri Mahalakshmi Gobi Center,places,en,338,13.057277,77.50392165,13.057005799999999,77.50329649999999,0,blr2,Bengaluru,2026-08-31T09:17:13.427512Z
ChIJEfumNzojrjsRsP2kN44UT58,Shawarma street and juice point,places,en,338,13.057277,77.50392165,13.0571573,77.50324859999999,0,blr2,Bengaluru,2026-08-31T09:17:13.427516Z
ChIJ2_Q1cAAjrjsR_oWTDqw8Cms,Nagaraju Gobi Centre,places,en,338,13.057277,77.50392165,13.057006,77.503247,0,blr2,Bengaluru,2026-08-31T09:17:13.427519Z
ChIJp_ISaX4jrjsRt9HfMy7LQuc,SLV HERBAL SODA AND CHATS,places,en,338,13.057277,77.50392165,13.0567128,77.5043577,0,blr2,Bengaluru,2026-08-31T09:17:13.427523Z
ChIJ-YpDeDIjrjsRGPPQD_T5YjA,Maruthi,places,en,338,13.057277,77.50392165,13.056669699999999,77.5044455,0,blr2,Bengaluru,2026-08-31T09:17:13.427526Z
ChIJuYMGY7IjrjsR54sn4smPkUc,Sri Maramma Baji Corner,places,en,338,13.057277,77.50392165,13.0570273,77.50246899999999,0,blr2,Bengaluru,2026-08-31T09:17:13.427529Z
ChIJ6YBliTIjrjsRy-cGVlsOSX0,SRI VASAVI MINI HALL,places,en,338,13.057277,77.50392165,13.055862399999999,77.5035769,0,blr2,Bengaluru,2026-08-31T09:17:13.427532Z
ChIJXc1HfNIjrjsRvl9CHL0m8iI,A SANNARANGAPPA S/O NARYANAPPA Shop,places,en,338,13.057277,77.50392165,13.056500199999999,77.5054456,0,blr2,Bengaluru,2026-08-31T09:17:13.427535Z
ChIJpQ9nTYQjrjsRtG2G9eLdWYI,Five Star Chicken,places,en,338,13.057277,77.50392165,13.056516100000001,77.50188829999999,0,blr2,Bengaluru,2026-08-31T09:17:13.427538Z
ChIJSyjZPAIjrjsRQ_HgXBVVUoE,Sri Annapurneshwari Tiffin Centre,places,en,338,13.057277,77.50392165,13.0573904,77.50173620000001,0,blr2,Bengaluru,2026-08-31T09:17:13.427541Z
ChIJD2dyBFojrjsRxoIWq05hHWI,GOWDRU BENNE DOSA & TIFFIN CENTRE HOSTAL,places,en,338,13.057277,77.50392165,13.058502599999999,77.50179849999999,0,blr2,Bengaluru,2026-08-31T09:17:13.427545Z
ChIJgQtMajcjrjsR0B7wIJx3xwc,Chi POP bitez,places,en,338,13.057277,77.50392165,13.0588178,77.50199119999999,0,blr2,Bengaluru,2026-08-31T09:17:13.427548Z
ChIJ05dHXoEjrjsRcR2jwLoZIdM,JAIKUMAR HOT CHIPS,places,en,338,13.057277,77.50392165,13.0588184,77.5019883,0,blr2,Bengaluru,2026-08-31T09:17:13.427551Z
ChIJbVn6BggjrjsRa6kAs8l5YLk,S N Chicken And Mutton Centre,places,en,338,13.057277,77.50392165,13.058794899999999,77.5018639,0,blr2,Bengaluru,2026-08-31T09:17:13.427554Z
ChIJJ7e7iQo5rjsRTa2m5hHcB9k,Navya Fast Food NIVEDITHA S L,places,en,339,12.89034775,77.4508261,12.890758,77.44877090000001,0,blr2,Bengaluru,2026-08-31T09:17:13.846083Z
ChIJmwfKsww5rjsRHs5zZYwnEcA,SRI VINAYAKA HOT CHIPS KANTHA RAJU K,places,en,339,12.89034775,77.4508261,12.888754200000001,77.4526527,0,blr2,Bengaluru,2026-08-31T09:17:13.846100Z
ChIJqxQjr005rjsRQ3suufT808o,CHIPS CHATS,places,en,339,12.89034775,77.4508261,12.888403199999999,77.4522557,0,blr2,Bengaluru,2026-08-31T09:17:13.846105Z
ChIJMfguB1UTrjsRAtTvffY1OY0,Cafe Coffee Day,places,en,342,12.882633649999999,77.65852115000001,12.8824935,77.6560595,0,blr2,Bengaluru,2026-08-31T09:17:14.993799Z
ChIJOYPGYIETrjsRFVs0tT1zXFs,Mr UMESH C N,places,en,342,12.882633649999999,77.65852115000001,12.880203199999999,77.65951969999999,0,blr2,Bengaluru,2026-08-31T09:17:14.993825Z
ChIJcU5VUXwTrjsRofTmhAN-XWo,KARTHIK C S,places,en,342,12.882633649999999,77.65852115000001,12.8802033,77.6597317,0,blr2,Bengaluru,2026-08-31T09:17:14.993831Z
ChIJqTg-DwA_rjsREZhgpnes5L0,Prince Kumar,places,en,343,12.963986,77.5024648,12.962303299999999,77.5028907,0,blr2,Bengaluru,2026-08-31T09:17:15.605974Z
ChIJ99Tbay0_rjsRAOBX0Jbosds,Sri Vasavi Snacks,places,en,343,12.963986,77.5024648,12.962274400000002,77.5031068,0,blr2,Bengaluru,2026-08-31T09:17:15.606015Z
ChIJ7S68UgA9rjsRnwCoxwoKULE,Chandan Gobi corner,places,en,343,12.963986,77.5024648,12.9652944,77.5038414,0,blr2,Bengaluru,2026-08-31T09:17:15.606021Z
ChIJ6w78dCg8rjsRDfkJSKCC9Q0,Uttsav Donne Biryani Mane,places,en,343,12.963986,77.5024648,12.9644363,77.5047439,0,blr2,Bengaluru,2026-08-31T09:17:15.606026Z
ChIJay0ir6k9rjsR_FH0mmOnkJ0,Athiti Food Point,places,en,343,12.963986,77.5024648,12.9642375,77.504819,0,blr2,Bengaluru,2026-08-31T09:17:15.606030Z
ChIJO-Zddig8rjsRTa7iptBoONw,Kababz n Curryz,places,en,343,12.963986,77.5024648,12.9647094,77.5047177,0,blr2,Bengaluru,2026-08-31T09:17:15.606036Z
ChIJP2_9Ues9rjsRrexbUz2P9RM,Chandrappa Hotel,places,en,343,12.963986,77.5024648,12.9635799,77.5048089,0,blr2,Bengaluru,2026-08-31T09:17:15.606041Z
ChIJaZ_IGXY9rjsRYXv5B4yYGAQ,The Lassi Corner,places,en,343,12.963986,77.5024648,12.965436799999999,77.5005644,0,blr2,Bengaluru,2026-08-31T09:17:15.606044Z
ChIJqygjFwA9rjsRhw9vRZyALZc,OOTADA MANE,places,en,343,12.963986,77.5024648,12.965132899999999,77.5046052,0,blr2,Bengaluru,2026-08-31T09:17:15.606048Z
ChIJM03Zkcc9rjsRuq2LOCMIots,ZB FRESH JUICE,places,en,343,12.963986,77.5024648,12.964706,77.50479279999999,0,blr2,Bengaluru,2026-08-31T09:17:15.606052Z
ChIJN-JLCSg8rjsR9jinxeevfCc,Zaika Kolkata Rolls,places,en,343,12.963986,77.5024648,12.963785,77.5049397,0,blr2,Bengaluru,2026-08-31T09:17:15.606056Z
ChIJH4KjTS09rjsRP7kE9kgh7ko,Hotel Annapoorneshwari,places,en,343,12.963986,77.5024648,12.964895600000002,77.5047745,0,blr2,Bengaluru,2026-08-31T09:17:15.606060Z
ChIJ8y0l4Wo9rjsR621KwlOBwwk,SOGADU FOODS & KITCHEN,places,en,343,12.963986,77.5024648,12.9649383,77.50476619999999,0,blr2,Bengaluru,2026-08-31T09:17:15.606064Z
ChIJUZ-KgHo9rjsRBsPnS2afcxM,Sagar Gardenia Veg Restaurant Banquet & Party Hall,places,en,343,12.963986,77.5024648,12.9653484,77.50455699999999,0,blr2,Bengaluru,2026-08-31T09:17:15.606067Z
ChIJU8LZQCU9rjsRPyMiHdAjL9g,EAT-Emergent Authentic Taste,places,en,343,12.963986,77.5024648,12.963506899999999,77.504964,0,blr2,Bengaluru,2026-08-31T09:17:15.606071Z
ChIJm5U3tvc9rjsRuVQ58RidWwU,ACK FAMILY RESTAURANT NAGARBHAVI,places,en,343,12.963986,77.5024648,12.963618799999999,77.5049873,0,blr2,Bengaluru,2026-08-31T09:17:15.606076Z
ChIJ7Q0YHQA9rjsR8F8tWs8eA8o,Bidadi tattae idly,places,en,343,12.963986,77.5024648,12.9652109,77.5002468,0,blr2,Bengaluru,2026-08-31T09:17:15.606079Z
ChIJzXtTvgI9rjsRlHXs4Q7q9hI,Wish Cafe,places,en,343,12.963986,77.5024648,12.963489,77.5050108,0,blr2,Bengaluru,2026-08-31T09:17:15.606083Z
ChIJJwUHCgA9rjsRnjtzavlmq74,Smoke house BBQ (food truck ),places,en,343,12.963986,77.5024648,12.9650286,77.4999836,0,blr2,Bengaluru,2026-08-31T09:17:15.606087Z
ChIJ-fm0bZE_rjsRXT91hiiwR94,Cafe Addaa,places,en,343,12.963986,77.5024648,12.9626395,77.5048158,0,blr2,Bengaluru,2026-08-31T09:17:15.606091Z
ChIJ6dv1NABrrjsRHLGk31gieVs,Martin basha,places,en,349,12.838174200000001,77.5771409,12.8385847,77.5775673,0,blr2,Bengaluru,2026-08-31T09:17:17.773906Z
ChIJfwsGCsBrrjsR_MTBgCMaSHI,HKGN Chicken & Mutton Stall,places,en,349,12.838174200000001,77.5771409,12.838519300000002,77.5777514,0,blr2,Bengaluru,2026-08-31T09:17:17.773918Z
ChIJ03y0gjtrrjsRRvogCeFnLbk,Shivani,places,en,349,12.838174200000001,77.5771409,12.836494400000001,77.5768678,0,blr2,Bengaluru,2026-08-31T09:17:17.773921Z
ChIJ0QramHdrrjsRBv7h5-N5gnU,AU Chicken Center,places,en,349,12.838174200000001,77.5771409,12.838797399999999,77.5753318,0,blr2,Bengaluru,2026-08-31T09:17:17.773923Z
ChIJp62lRgBrrjsRHGSXnhsLwxs,Green palace hotel,places,en,349,12.838174200000001,77.5771409,12.8365812,77.57599479999999,0,blr2,Bengaluru,2026-08-31T09:17:17.773925Z
ChIJH58KUwBrrjsRLidGbds0RpI,A ONE KABAB CORNER,places,en,349,12.838174200000001,77.5771409,12.8397222,77.57583269999999,0,blr2,Bengaluru,2026-08-31T09:17:17.773927Z
ChIJPwbyQABrrjsRjLadMhokUsM,Bismillah hotel,places,en,349,12.838174200000001,77.5771409,12.8402589,77.57648929999999,0,blr2,Bengaluru,2026-08-31T09:17:17.773929Z
ChIJqXk2FY9qrjsRAAAAMONptH4,NAVAZ SHOP,places,en,349,12.838174200000001,77.5771409,12.837846299999999,77.5748235,0,blr2,Bengaluru,2026-08-31T09:17:17.773931Z
ChIJp1X46JBrrjsRHGMq9OfM1yQ,TRAFFIC JAMM,places,en,349,12.838174200000001,77.5771409,12.837362599999999,77.5749058,0,blr2,Bengaluru,2026-08-31T09:17:17.773933Z
ChIJY6AG2LkRrjsRMnrA3zV1SX4,One Field Farm Kitchen & Cafe,places,en,353,13.061530600000001,77.66666914999999,13.0619369,77.66691589999999,0,blr2,Bengaluru,2026-08-31T09:17:20.137576Z
ChIJDXvwhjQbrjsRX8XGrYI9n34,Dakshin Vibes,places,en,353,13.061530600000001,77.66666914999999,13.062227799999999,77.6668438,0,blr2,Bengaluru,2026-08-31T09:17:20.137588Z
ChIJz9YpUAAbrjsRm1VRKPgs4dc,Laxman Nepali fast food and thali,places,en,353,13.061530600000001,77.66666914999999,13.062146799999999,77.666007,0,blr2,Bengaluru,2026-08-31T09:17:20.137591Z
ChIJA26RKgAbrjsRqKqn6RGE010,Amma biryani hotel,places,en,353,13.061530600000001,77.66666914999999,13.061917099999999,77.6674875,0,blr2,Bengaluru,2026-08-31T09:17:20.137593Z
ChIJM1wb9aMQrjsRWc433tCDOoc,Rekha's Kitchen,places,en,353,13.061530600000001,77.66666914999999,13.0618891,77.6682374,0,blr2,Bengaluru,2026-08-31T09:17:20.137595Z
ChIJVUVT0egbrjsRWumMpvs4zV4,Achari's Biriyani Nest and Fast Food,places,en,353,13.061530600000001,77.66666914999999,13.061894299999999,77.66862069999999,0,blr2,Bengaluru,2026-08-31T09:17:20.137597Z
ChIJI-P4VWsjrjsRiFF-to08QBQ,Madeena hotel,places,en,356,13.0983538,77.49298425,13.0963984,77.4927447,0,blr2,Bengaluru,2026-08-31T09:17:21.130184Z
ChIJmUgSTO4jrjsRviNIIc0rBUc,Ellikayai Tea And Juice,places,en,356,13.0983538,77.49298425,13.095973100000002,77.4934809,0,blr2,Bengaluru,2026-08-31T09:17:21.130211Z
ChIJn6n2o_ojrjsR3SMaVd9zFoE,RAKSHA DEEKSHA HOTEL,places,en,356,13.0983538,77.49298425,13.0959206,77.4937723,0,blr2,Bengaluru,2026-08-31T09:17:21.130215Z
ChIJ9zZdFAAdrjsRfkwk_kkew9M,Rucira by Fiestaa Resort n Events Venue,places,en,358,13.15988055,77.68086495,13.1614521,77.6806143,0,blr2,Bengaluru,2026-08-31T09:17:21.769855Z
ChIJfUJFKj89rjsRM5lsMKKCmQs,"Domino's Pizza | HMT Factory Main Road, Bengaluru",places,en,360,13.03594205,77.53606315,13.037621999999999,77.536277,0,blr2,Bengaluru,2026-08-31T09:17:22.482940Z
ChIJcW3KbwA_rjsR7FnWF2qomgw,Bengaluru Kitchen,places,en,361,12.9344711,77.54673059999999,12.934677200000001,77.54675739999999,0,blr2,Bengaluru,2026-08-31T09:17:22.830668Z
ChIJdVRbOyQ_rjsR9pXkhgcGh-E,Harsha Egg Rice Center,places,en,361,12.9344711,77.54673059999999,12.9341353,77.5466877,0,blr2,Bengaluru,2026-08-31T09:17:22.830697Z
ChIJ52z6oNI_rjsR5kvp3hgCgQ8,Karavali Fish Stall,places,en,361,12.9344711,77.54673059999999,12.9341191,77.5466615,0,blr2,Bengaluru,2026-08-31T09:17:22.830708Z
ChIJs_KYpTs-rjsR2Wm27L9d2xQ,CHINESE WOK,places,en,361,12.9344711,77.54673059999999,12.9346496,77.5471237,0,blr2,Bengaluru,2026-08-31T09:17:22.830712Z
ChIJAViRtDs-rjsR7RemnOG-vMg,KARAVALI FISH KABAB POINT,places,en,361,12.9344711,77.54673059999999,12.9339826,77.5465322,0,blr2,Bengaluru,2026-08-31T09:17:22.830716Z
ChIJzYRdozs-rjsRUqM11yFfr1E,GIRINAGARA VIHARA KENDRA,places,en,361,12.9344711,77.54673059999999,12.934918999999999,77.54698189999999,0,blr2,Bengaluru,2026-08-31T09:17:22.830719Z
ChIJTWsmNTo-rjsRaEyTGfZEw9g,Slv Wood carving works,places,en,361,12.9344711,77.54673059999999,12.9336509,77.54627789999999,0,blr2,Bengaluru,2026-08-31T09:17:22.830722Z
ChIJIXu5yjs-rjsR9Yerm2MhXAU,King's Court Daba,places,en,361,12.9344711,77.54673059999999,12.9338836,77.5459254,0,blr2,Bengaluru,2026-08-31T09:17:22.830724Z
ChIJF0ItaCo_rjsRrUV5ADHnE3c,Grill Nights,places,en,361,12.9344711,77.54673059999999,12.933559899999999,77.54619389999999,0,blr2,Bengaluru,2026-08-31T09:17:22.830727Z
ChIJCwJFG34_rjsRVmJYoJV3O2Q,Keralapura Saviruchi Hindu Military Hotel LINGARAJU H,places,en,361,12.9344711,77.54673059999999,12.933697299999999,77.54599929999999,0,blr2,Bengaluru,2026-08-31T09:17:22.830730Z
ChIJ33b5OQA_rjsRrVAJOlQrzx8,AMBUR HOT DUM BIRIYANI,places,en,361,12.9344711,77.54673059999999,12.933508100000001,77.5461602,0,blr2,Bengaluru,2026-08-31T09:17:22.830733Z
ChIJWXzeNTo-rjsRGJjjYUYOizA,Hindupura Military,places,en,361,12.9344711,77.54673059999999,12.933420799999999,77.5460678,0,blr2,Bengaluru,2026-08-31T09:17:22.830736Z
ChIJ48eHlkA_rjsRrQtoDAz1cWA,9Tea Bar,places,en,361,12.9344711,77.54673059999999,12.9354791,77.5474572,0,blr2,Bengaluru,2026-08-31T09:17:22.830738Z
ChIJfSvZYsIVrjsRKZEw5hapVEY,Appu Soude Ole Fish Tava Fry,places,en,361,12.9344711,77.54673059999999,12.933575999999999,77.5458276,0,blr2,Bengaluru,2026-08-31T09:17:22.830741Z
ChIJ5VfT_hI_rjsRQwrJRp7mOZE,Ambur Biriyani A R,places,en,361,12.9344711,77.54673059999999,12.9332874,77.5459661,0,blr2,Bengaluru,2026-08-31T09:17:22.830744Z
ChIJu8EytTs-rjsRDlKRYiS3Drs,Madappa Hindu Military Hotel,places,en,361,12.9344711,77.54673059999999,12.9332756,77.5459532,0,blr2,Bengaluru,2026-08-31T09:17:22.830746Z
ChIJ4aj8MDo-rjsRLDEj7iggtqQ,NAMMURA OOTA,places,en,361,12.9344711,77.54673059999999,12.9333745,77.5457241,0,blr2,Bengaluru,2026-08-31T09:17:22.830750Z
ChIJXWRQOzo-rjsRwRlnyzVRy8k,Roti Land Dhaba,places,en,361,12.9344711,77.54673059999999,12.9327645,77.5456323,0,blr2,Bengaluru,2026-08-31T09:17:22.830753Z
ChIJ2azGJ1Y_rjsR3VEC7ZQmjvY,Hotel Rajahuli,places,en,361,12.9344711,77.54673059999999,12.932758,77.54563689999999,0,blr2,Bengaluru,2026-08-31T09:17:22.830756Z
ChIJZz1zeGk_rjsRLzGTMNu1Mv0,Mushroom palav,places,en,361,12.9344711,77.54673059999999,12.9327577,77.5456366,0,blr2,Bengaluru,2026-08-31T09:17:22.830760Z
ChIJ_5ln-sE_rjsR-cLlYcQpWOA,Kote Maramma Devi Pork Restaurant,places,en,362,12.907897049999999,77.52764435,12.9077697,77.52840549999999,0,blr2,Bengaluru,2026-08-31T09:17:23.204797Z
ChIJyVWdGPI_rjsRSI4OBr0Nb7M,Zero Degree On The Hill Brewery And Kitchen,places,en,362,12.907897049999999,77.52764435,12.909184,77.5278818,0,blr2,Bengaluru,2026-08-31T09:17:23.204811Z
ChIJPXUrPTU_rjsRUY7jtFRTp9g,SRI KITCHEN,places,en,362,12.907897049999999,77.52764435,12.9077899,77.52975719999999,0,blr2,Bengaluru,2026-08-31T09:17:23.204815Z
ChIJlfrmjxc_rjsRD-1nkmG-ivk,Paradise Pool Side Restaurant,places,en,362,12.907897049999999,77.52764435,12.9099667,77.5283524,0,blr2,Bengaluru,2026-08-31T09:17:23.204817Z
ChIJM5gRjbQ_rjsR6IM9RIu3tYg,BHRAMARAMBA SUPER CHAATS,places,en,362,12.907897049999999,77.52764435,12.908396399999999,77.53017670000001,0,blr2,Bengaluru,2026-08-31T09:17:23.204820Z
ChIJffNYBTQZrjsRSY_f3k9XEvY,Buddhi Cafe,places,en,363,13.100253899999998,77.6127965,13.1029407,77.6128354,0,blr2,Bengaluru,2026-08-31T09:17:23.527859Z
ChIJvcCPadk_rjsR3ZUXaw07J-I,Karnataka Tea House,places,en,364,12.90343395,77.55780265,12.904655499999999,77.5572202,0,blr2,Bengaluru,2026-08-31T09:17:23.950052Z
ChIJn4CGTwA_rjsR2xrtRmJFfkE,Momos cart,places,en,364,12.90343395,77.55780265,12.904670999999999,77.5571465,0,blr2,Bengaluru,2026-08-31T09:17:23.950064Z
ChIJGzthv94_rjsRIa3THK3QYCc,House Of Vada Pav,places,en,364,12.90343395,77.55780265,12.902006799999999,77.55761780000002,0,blr2,Bengaluru,2026-08-31T09:17:23.950067Z
ChIJA5Y-6t4_rjsR_b_X9GsvJs8,New Greens Veg,places,en,364,12.90343395,77.55780265,12.901844299999999,77.5580763,0,blr2,Bengaluru,2026-08-31T09:17:23.950070Z
ChIJ7aG49-E_rjsREnKhCQK4x-0,Super Idli & Bites,places,en,364,12.90343395,77.55780265,12.9050639,77.55770849999999,0,blr2,Bengaluru,2026-08-31T09:17:23.950072Z
ChIJidhK5KI_rjsRypK_5SFe2Gc,raju chats center,places,en,364,12.90343395,77.55780265,12.9032217,77.5561389,0,blr2,Bengaluru,2026-08-31T09:17:23.950075Z
ChIJO9GZD9k_rjsRsCXgp8rC1hE,Arkavathi Biryani Mane,places,en,364,12.90343395,77.55780265,12.9051873,77.5575982,0,blr2,Bengaluru,2026-08-31T09:17:23.950077Z
ChIJ89n7Kkk_rjsRcoTH6Pfav3g,Mane thindi - Bangarpet Chats,places,en,364,12.90343395,77.55780265,12.9013897,77.558842,0,blr2,Bengaluru,2026-08-31T09:17:23.950079Z
ChIJQdhx1gI_rjsRKUaY8wjDNu0,MNK Meat House - Kumaraswamy Layout,places,en,364,12.90343395,77.55780265,12.905785999999999,77.5585483,0,blr2,Bengaluru,2026-08-31T09:17:23.950081Z
ChIJVZS51n0_rjsRzMrLA83ind8,Firangi Bake_Uttarahalli,places,en,364,12.90343395,77.55780265,12.9058684,77.55825449999999,0,blr2,Bengaluru,2026-08-31T09:17:23.950083Z
ChIJWScdrNs_rjsR4XCLht8CsGo,Behrouz Biryani Uttarahalli,places,en,364,12.90343395,77.55780265,12.9059358,77.5584587,0,blr2,Bengaluru,2026-08-31T09:17:23.950088Z
ChIJOQ62B9k_rjsRtdfEY4LxK1s,Sri Krishna Aramane,places,en,364,12.90343395,77.55780265,12.905976299999999,77.55841579999999,0,blr2,Bengaluru,2026-08-31T09:17:23.950088Z
ChIJ3eXWM4o_rjsRjp4qH9JLBWs,"Faasos,Good bowl,Rebel foods",places,en,364,12.90343395,77.55780265,12.9059922,77.5583795,0,blr2,Bengaluru,2026-08-31T09:17:23.950090Z
ChIJFUqtlCQ_rjsR2bfTpePbKoE,Easybites By Empire - Utharahalli (Cloud),places,en,364,12.90343395,77.55780265,12.905971399999999,77.5584829,0,blr2,Bengaluru,2026-08-31T09:17:23.950092Z
ChIJf33nIDIVrjsRxWIvr-HJH1w,RJ NATI AND ANDHRA MANE,places,en,370,12.95934535,77.65584630000001,12.959224899999999,77.6558648,0,blr2,Bengaluru,2026-08-31T09:17:26.203466Z
ChIJD98xL_gTrjsRIcuWBd_3yfM,Star Biryani,places,en,370,12.95934535,77.65584630000001,12.9592187,77.65582049999999,0,blr2,Bengaluru,2026-08-31T09:17:26.203492Z
ChIJD_I1L_gTrjsRkfiTagtv7do,Rj Food Plaza,places,en,370,12.95934535,77.65584630000001,12.9592111,77.65581929999999,0,blr2,Bengaluru,2026-08-31T09:17:26.203497Z
ChIJ053VKPgTrjsRZWULCgjrXcw,RJ BAR & RESTAURANT,places,en,370,12.95934535,77.65584630000001,12.959183699999999,77.6558149,0,blr2,Bengaluru,2026-08-31T09:17:26.203501Z
ChIJ_bn0L_gTrjsRViq5v8XQ2tQ,New Punjabi Hotel,places,en,370,12.95934535,77.65584630000001,12.959501999999999,77.65564499999999,0,blr2,Bengaluru,2026-08-31T09:17:26.203505Z
ChIJW-gWLvgTrjsRmXa-GYqPSjg,BIRYANI KABAB MOGHLAI CHINESE,places,en,370,12.95934535,77.65584630000001,12.959486,77.65604479999999,0,blr2,Bengaluru,2026-08-31T09:17:26.203557Z
ChIJNdhbKGsTrjsRWgAYiks7oG8,The Grand Restaurant,places,en,370,12.95934535,77.65584630000001,12.9591105,77.6556054,0,blr2,Bengaluru,2026-08-31T09:17:26.203563Z
ChIJIy-gLfgTrjsRUVWOMNE2lg4,Sri Udupi Park,places,en,370,12.95934535,77.65584630000001,12.959557799999999,77.6560538,0,blr2,Bengaluru,2026-08-31T09:17:26.203567Z
ChIJAdGHsWoTrjsRRQjlmepVUdU,Classic chicken centre,places,en,370,12.95934535,77.65584630000001,12.9591038,77.6556035,0,blr2,Bengaluru,2026-08-31T09:17:26.203570Z
ChIJa8OO5moTrjsRnQe0bzUYg7c,Malayali Cafe,places,en,370,12.95934535,77.65584630000001,12.9590932,77.6556051,0,blr2,Bengaluru,2026-08-31T09:17:26.203573Z
ChIJH5fQKvgTrjsRkBrHN0Fkfkc,Hyderabad Biryaani House,places,en,370,12.95934535,77.65584630000001,12.9595944,77.6560963,0,blr2,Bengaluru,2026-08-31T09:17:26.203577Z
ChIJGxclx4kTrjsRglm7y0k0tMM,Shareef Pm,places,en,370,12.95934535,77.65584630000001,12.9591263,77.6554116,0,blr2,Bengaluru,2026-08-31T09:17:26.203580Z
ChIJFadUKgATrjsR6zRmt__GyYI,THE RED CHILLI,places,en,370,12.95934535,77.65584630000001,12.9591266,77.65540589999999,0,blr2,Bengaluru,2026-08-31T09:17:26.203583Z
ChIJ4XK6CIUTrjsRuhO0AZTNPu0,Poha brothers,places,en,370,12.95934535,77.65584630000001,12.9589658,77.65542169999999,0,blr2,Bengaluru,2026-08-31T09:17:26.203587Z
ChIJXUqdIPgTrjsRd9fnExL2FKI,Salala restaurant,places,en,370,12.95934535,77.65584630000001,12.9589504,77.655304,0,blr2,Bengaluru,2026-08-31T09:17:26.203590Z
ChIJeXW6IPgTrjsRx8rkjQAd7bg,Juicy,places,en,370,12.95934535,77.65584630000001,12.958865099999999,77.65535729999999,0,blr2,Bengaluru,2026-08-31T09:17:26.203593Z
ChIJG0aii_cTrjsRZLsiVG_jwAg,Kolkata Famous Kati Roll,places,en,370,12.95934535,77.65584630000001,12.958789,77.655357,0,blr2,Bengaluru,2026-08-31T09:17:26.203596Z
ChIJ6yODToUTrjsRf71VUNSEjg4,Punjabi Dine,places,en,370,12.95934535,77.65584630000001,12.959097,77.6549995,0,blr2,Bengaluru,2026-08-31T09:17:26.203600Z
ChIJZVYBIPgTrjsRCpyrpXnr3sU,Palki,places,en,370,12.95934535,77.65584630000001,12.9591818,77.6549392,0,blr2,Bengaluru,2026-08-31T09:17:26.203603Z
ChIJazE_fvcTrjsRilB62vh2N6k,Subway Kempfort Mall,places,en,370,12.95934535,77.65584630000001,12.958789399999999,77.65672370000001,0,blr2,Bengaluru,2026-08-31T09:17:26.203607Z
ChIJTbw5DwAhrjsRz04GprZ44w4,11:11 Cafe (pg street),places,en,373,13.17608235,77.53164720000001,13.17377,77.5329467,0,blr2,Bengaluru,2026-08-31T09:17:27.665600Z
ChIJOzcbvJ0UrjsR-TvWCd5kBg0,Broadway - The Gourmet Theatre,places,en,375,12.924440350000001,77.6516625,12.9237763,77.6515673,0,blr2,Bengaluru,2026-08-31T09:17:28.458625Z
ChIJz1f-jNsVrjsRDxyO1QWDzqI,tribal brew daily | Agara,places,en,375,12.924440350000001,77.6516625,12.924908,77.6509249,0,blr2,Bengaluru,2026-08-31T09:17:28.458648Z
ChIJ5WZ1magVrjsR73QZPx5WMJY,AGARA CAFE,places,en,375,12.924440350000001,77.6516625,12.924246900000002,77.65070999999999,0,blr2,Bengaluru,2026-08-31T09:17:28.458654Z
ChIJKxDZGDgVrjsR-jgU9RupPXg,Sumukha Darshan,places,en,375,12.924440350000001,77.6516625,12.9241101,77.65049330000001,0,blr2,Bengaluru,2026-08-31T09:17:28.458659Z
ChIJ14knhIAUrjsRUJnQ1prclm0,Sri Dalma Oriya Restaurant,places,en,375,12.924440350000001,77.6516625,12.924114099999999,77.6504866,0,blr2,Bengaluru,2026-08-31T09:17:28.458664Z
ChIJ0QvhawcVrjsRxI0mfyfpXF4,The Jahan's Kitchen,places,en,375,12.924440350000001,77.6516625,12.9232324,77.6513631,0,blr2,Bengaluru,2026-08-31T09:17:28.458668Z
ChIJ-7D-0okVrjsRNXbQpg3lbTY,Bellal Hussain,places,en,375,12.924440350000001,77.6516625,12.924793,77.6504174,0,blr2,Bengaluru,2026-08-31T09:17:28.458672Z
ChIJd9DFZ4AUrjsRMvg9cEl-fJM,To Be Continued Sky Lounge TBC,places,en,375,12.924440350000001,77.6516625,12.922892400000002,77.6514497,0,blr2,Bengaluru,2026-08-31T09:17:28.458677Z
ChIJv3SFSm4VrjsRpbucvL598gU,New Barkath Hotel,places,en,375,12.924440350000001,77.6516625,12.923508799999999,77.6497311,0,blr2,Bengaluru,2026-08-31T09:17:28.458681Z
ChIJcUw38c0VrjsRJflMqao1y4w,Thanal Dum Biryani,places,en,375,12.924440350000001,77.6516625,12.922333199999999,77.6511625,0,blr2,Bengaluru,2026-08-31T09:17:28.458685Z
ChIJt8BkhYsVrjsRQ2kYBJ6YY1o,Al Zaika H.S.R Layout everyday Dining!,places,en,375,12.924440350000001,77.6516625,12.9230846,77.64983339999999,0,blr2,Bengaluru,2026-08-31T09:17:28.458689Z
ChIJST7ihoAUrjsRHUqm_wsPEmY,Bangalore Caterers,places,en,375,12.924440350000001,77.6516625,12.9240892,77.6492069,0,blr2,Bengaluru,2026-08-31T09:17:28.458693Z
ChIJeUqiPQAVrjsRxvPpGlS9Rdc,Odisha Hotel,places,en,375,12.924440350000001,77.6516625,12.92249,77.64983869999999,0,blr2,Bengaluru,2026-08-31T09:17:28.458697Z
ChIJ2dLFnCsVrjsRwyxqsGT2MPk,Har leout pg,places,en,375,12.924440350000001,77.6516625,12.9223608,77.6499566,0,blr2,Bengaluru,2026-08-31T09:17:28.458702Z
ChIJhVMdl5k9rjsR8e7ik7r8eIw,KOUSHIK TRADING COMPANY,places,en,378,13.0398698,77.51838265,13.0398599,77.5183873,0,blr2,Bengaluru,2026-08-31T09:17:29.756283Z
ChIJVzOODAA9rjsR8UiM4kIIsFU,Ambur hot dum biriyani,places,en,378,13.0398698,77.51838265,13.0398625,77.51821919999999,0,blr2,Bengaluru,2026-08-31T09:17:29.756327Z
ChIJmz1aPgQ9rjsR1T3t2jqyi24,Chodeshwari Hotel,places,en,378,13.0398698,77.51838265,13.039577999999999,77.5184024,0,blr2,Bengaluru,2026-08-31T09:17:29.756336Z
ChIJ-wk8qJg9rjsRYfYNRC9g3_Q,PRASANNA K SHOP,places,en,378,13.0398698,77.51838265,13.0400232,77.51871820000001,0,blr2,Bengaluru,2026-08-31T09:17:29.756340Z
ChIJu3JjBic9rjsRrJN1zi1WNfw,Charvi Biryani Corner,places,en,378,13.0398698,77.51838265,13.039539999999999,77.5185329,0,blr2,Bengaluru,2026-08-31T09:17:29.756345Z
ChIJVVWVsCc9rjsRCEDfrjp_LCY,Aithal Fast Food,places,en,378,13.0398698,77.51838265,13.040007699999999,77.5180326,0,blr2,Bengaluru,2026-08-31T09:17:29.756349Z
ChIJaTrU8DI9rjsR8vSngQbLwHU,Hotel Ramanna Nati Style,places,en,378,13.0398698,77.51838265,13.0395408,77.51859209999999,0,blr2,Bengaluru,2026-08-31T09:17:29.756353Z
ChIJ0UQnQWo9rjsRuIxbpaKEkv8,Mr RAVI NAIK N SHOP,places,en,378,13.0398698,77.51838265,13.039878900000001,77.5189102,0,blr2,Bengaluru,2026-08-31T09:17:29.756356Z
ChIJHYzOs1A9rjsRZCG0P3TONLo,MANJU B A STORE,places,en,378,13.0398698,77.51838265,13.0398599,77.5189351,0,blr2,Bengaluru,2026-08-31T09:17:29.756360Z
ChIJDxABBSc9rjsRBQLPU6hMQQ8,Max Colour Lab,places,en,378,13.0398698,77.51838265,13.040335,77.51866,0,blr2,Bengaluru,2026-08-31T09:17:29.756363Z
ChIJ2bQHpCc9rjsRAAAA0KxBCQI,Jyothi Lakshmi Egg Rise Kabab Corner,places,en,378,13.0398698,77.51838265,13.0400721,77.5178651,0,blr2,Bengaluru,2026-08-31T09:17:29.756367Z
ChIJy2DykzQ9rjsRA16tbT4gypQ,No 1,places,en,378,13.0398698,77.51838265,13.0404053,77.51850329999999,0,blr2,Bengaluru,2026-08-31T09:17:29.756371Z
ChIJH3nBqic9rjsRIlUAw-f5kHU,Savi Sagar (Pure Veg),places,en,378,13.0398698,77.51838265,13.040122499999999,77.5188972,0,blr2,Bengaluru,2026-08-31T09:17:29.756375Z
ChIJt0wJA6Y9rjsRyF5iT93Bddo,Pan Varieties Point,places,en,378,13.0398698,77.51838265,13.0400271,77.518946,0,blr2,Bengaluru,2026-08-31T09:17:29.756378Z
ChIJeay0qic9rjsRvimlcztvpZc,Grill Biryanis,places,en,378,13.0398698,77.51838265,13.0400619,77.51894659999999,0,blr2,Bengaluru,2026-08-31T09:17:29.756382Z
ChIJuyG255o9rjsR67vC76mWtJo,Bhagya Shree Egg Rice And Kabab,places,en,378,13.0398698,77.51838265,13.0400795,77.5178241,0,blr2,Bengaluru,2026-08-31T09:17:29.756386Z
ChIJfRfDEmo9rjsRpm1FNGRaME4,HASEEN A SHOP,places,en,378,13.0398698,77.51838265,13.039816799999999,77.5189951,0,blr2,Bengaluru,2026-08-31T09:17:29.756389Z
ChIJnZNzDyc9rjsRDzob7J6RcQo,Sree Ragaveendra Vegeterian Restaurant,places,en,378,13.0398698,77.51838265,13.039329799999999,77.5181149,0,blr2,Bengaluru,2026-08-31T09:17:29.756393Z
ChIJLwiEnUw9rjsRajN_KM45Org,Yum Momo,places,en,378,13.0398698,77.51838265,13.0399976,77.51907849999999,0,blr2,Bengaluru,2026-08-31T09:17:29.756397Z
ChIJuXkfsCc9rjsR_D9j4W5-NLo,KFC,places,en,378,13.0398698,77.51838265,13.04059,77.51831299999999,0,blr2,Bengaluru,2026-08-31T09:17:29.756400Z
ChIJG9PfKh4RrjsRAAAA0JOlkCM,FERRAL COMMERCE,places,en,381,13.0166486,77.67935625,13.0163224,77.6794688,0,blr2,Bengaluru,2026-08-31T09:17:30.900843Z
ChIJKxcNwp0RrjsRPV4NM0-iRYI,Bala Murugan Delight Kitchen,places,en,381,13.0166486,77.67935625,13.0169559,77.67962179999999,0,blr2,Bengaluru,2026-08-31T09:17:30.900867Z
ChIJ4f19NgARrjsR2Vv4zxyGaqk,Rashmitha Tiffin & Chat Centre,places,en,381,13.0166486,77.67935625,13.016264099999999,77.67868949999999,0,blr2,Bengaluru,2026-08-31T09:17:30.900872Z
ChIJEYFNJOAQrjsRPcz_-R6iaEU,KARPAGA VINAYAKAR HOT CHIPS,places,en,381,13.0166486,77.67935625,13.016882899999999,77.67849980000001,0,blr2,Bengaluru,2026-08-31T09:17:30.900877Z
ChIJy0hIeQsRrjsR1bYwxRpMCuc,Friends juice and snacks,places,en,381,13.0166486,77.67935625,13.0162122,77.6785539,0,blr2,Bengaluru,2026-08-31T09:17:30.900881Z
ChIJWYits84RrjsRi1I-6xfQV-M,CHAI & CHILL,places,en,381,13.0166486,77.67935625,13.0163134,77.6784812,0,blr2,Bengaluru,2026-08-31T09:17:30.900886Z
ChIJt0k5EaMRrjsR1OW2lQGQN7E,Punjab Ki Rasoi,places,en,381,13.0166486,77.67935625,13.016635899999999,77.6803876,0,blr2,Bengaluru,2026-08-31T09:17:30.900889Z
ChIJVVN3cmIRrjsR7FMHVh2CZKs,Vasavi Paddu Point,places,en,381,13.0166486,77.67935625,13.016592900000001,77.68039689999999,0,blr2,Bengaluru,2026-08-31T09:17:30.900893Z
ChIJ94WRhd8QrjsRNfZo5FNgO34,My Chicken and More - Ramamurthy Nagar,places,en,381,13.0166486,77.67935625,13.0169631,77.6782904,0,blr2,Bengaluru,2026-08-31T09:17:30.900897Z
ChIJ-WqPassRrjsRgGc0G95uId8,Mamabari,places,en,381,13.0166486,77.67935625,13.0168985,77.67818299999999,0,blr2,Bengaluru,2026-08-31T09:17:30.900900Z
ChIJw4UOPOAQrjsRhT8dEMZ4XRI,MOTI BHAVAN,places,en,381,13.0166486,77.67935625,13.0174276,77.6782758,0,blr2,Bengaluru,2026-08-31T09:17:30.900904Z
ChIJ3X4uxB8RrjsR5VpOyi5RfZY,Biriyani Centre,places,en,381,13.0166486,77.67935625,13.0154143,77.67846349999999,0,blr2,Bengaluru,2026-08-31T09:17:30.900907Z
ChIJycA1CxoRrjsRjuLe8RQVhDI,North On Wheels,places,en,381,13.0166486,77.67935625,13.0151313,77.6790774,0,blr2,Bengaluru,2026-08-31T09:17:30.900911Z
ChIJi1qCONARrjsRxRZHlwga96w,Guntur Kitchen,places,en,381,13.0166486,77.67935625,13.01507,77.6791609,0,blr2,Bengaluru,2026-08-31T09:17:30.900914Z
ChIJM-8Sxx8RrjsRC4HxTkADBk8,Sri Venkateswara Hot Chips,places,en,381,13.0166486,77.67935625,13.0151206,77.678434,0,blr2,Bengaluru,2026-08-31T09:17:30.900918Z
ChIJb_tbQOAQrjsRT4ZFmVUybng,Karnataka chicken stall,places,en,381,13.0166486,77.67935625,13.0179364,77.6781051,0,blr2,Bengaluru,2026-08-31T09:17:30.900922Z
ChIJB5UxHFgRrjsRJJaeWMpPZYM,Srishti North Karnataka Chats,places,en,381,13.0166486,77.67935625,13.0149919,77.6786546,0,blr2,Bengaluru,2026-08-31T09:17:30.900925Z
ChIJ6-VNRwARrjsRk4kjxgN0hpY,Sri Vasuki cafe,places,en,381,13.0166486,77.67935625,13.0148475,77.67847189999999,0,blr2,Bengaluru,2026-08-31T09:17:30.900929Z
ChIJrSayCwARrjsRaaQ_tBRlYto,Ambur Hot Dum Biryani,places,en,381,13.0166486,77.67935625,13.0148475,77.67847189999999,0,blr2,Bengaluru,2026-08-31T09:17:30.900933Z
ChIJ3Y9wdgARrjsRMYBo_LFux-U,IRANI CHAI HOUSE,places,en,381,13.0166486,77.67935625,13.018390499999999,77.67824,0,blr2,Bengaluru,2026-08-31T09:17:30.900936Z
ChIJlejqjoEVrjsRIdNqgEP7eGU,ZILLOUT SOCIAL PRIVATE LIMITED,places,en,384,12.93572675,77.61122005,12.936364999999999,77.6109772,0,blr2,Bengaluru,2026-08-31T09:17:32.123318Z
ChIJ426OkvcUrjsRIDxC2tpv1Kk,Shiv Sagar Restaurant,places,en,384,12.93572675,77.61122005,12.9350042,77.6111011,0,blr2,Bengaluru,2026-08-31T09:17:32.123344Z
ChIJqcSFhU0UrjsRGIXCOcUGBww,SALT - Indian Restaurant Bar & Grill,places,en,384,12.93572675,77.61122005,12.9348611,77.6113778,0,blr2,Bengaluru,2026-08-31T09:17:32.123350Z
ChIJcZRr8mgVrjsR2eU6FHyt8cw,"Sbarro - New York Pizza (Nexus Mall, Koramangala Bangalore)",places,en,384,12.93572675,77.61122005,12.934915499999999,77.61165799999999,0,blr2,Bengaluru,2026-08-31T09:17:32.123355Z
ChIJe7lTUwAVrjsRml0xY_boA6M,Hunger Medical Clinic Chips(Condie's Kitchen),places,en,384,12.93572675,77.61122005,12.934833099999999,77.6109658,0,blr2,Bengaluru,2026-08-31T09:17:32.123361Z
ChIJC6Pm744VrjsRqOtisgSi55A,Wow! Momo,places,en,384,12.93572675,77.61122005,12.9347576,77.6111169,0,blr2,Bengaluru,2026-08-31T09:17:32.123365Z
ChIJqespKh4VrjsRqhiY0J3k7Wg,WOW China,places,en,384,12.93572675,77.61122005,12.934752399999999,77.61112229999999,0,blr2,Bengaluru,2026-08-31T09:17:32.123370Z
ChIJO-9AAPIVrjsRBNQDIdF97yA,The Belgian Waffle Co,places,en,384,12.93572675,77.61122005,12.9347415,77.61118739999999,0,blr2,Bengaluru,2026-08-31T09:17:32.123374Z
ChIJC-8cy3wVrjsRYuuwEfBy0xo,Dal Moro’s Nexus Koramangala | Fresh Pasta To Go,places,en,384,12.93572675,77.61122005,12.934705399999999,77.6113737,0,blr2,Bengaluru,2026-08-31T09:17:32.123378Z
ChIJvdVDZwAVrjsRKG0CerQ8oXk,Squeez Juice Bars - Nexus Mall Koramangala,places,en,384,12.93572675,77.61122005,12.9347139,77.6114596,0,blr2,Bengaluru,2026-08-31T09:17:32.123382Z
ChIJOYYVLksUrjsR-ByrTUL0EjQ,Shiva's Bar And Restaurant,places,en,384,12.93572675,77.61122005,12.9346527,77.6113057,0,blr2,Bengaluru,2026-08-31T09:17:32.123387Z
ChIJMyCyQHcVrjsRuz4jPbD0_ZU,Burger King,places,en,384,12.93572675,77.61122005,12.9347617,77.6117112,0,blr2,Bengaluru,2026-08-31T09:17:32.123391Z
ChIJh9HIN7sVrjsRWTvTF4tmVaY,GOOD FLIPPIN' BURGERS® - Nexus Mall Koramangala,places,en,384,12.93572675,77.61122005,12.934642,77.61130469999999,0,blr2,Bengaluru,2026-08-31T09:17:32.123395Z
ChIJLUMO9lUVrjsRUS8_dfKTk7I,Mallesha R Store,places,en,384,12.93572675,77.61122005,12.9348067,77.6118334,0,blr2,Bengaluru,2026-08-31T09:17:32.123399Z
ChIJTRs2CmwVrjsRYGr78uDetMs,"Boba Bhai - Bubble Tea, Korean Food",places,en,384,12.93572675,77.61122005,12.934617999999999,77.611154,0,blr2,Bengaluru,2026-08-31T09:17:32.123402Z
ChIJKy6bAp0VrjsRhlGCf6lHAKI,"Chai Point - Nexus Mall, Koramangala",places,en,384,12.93572675,77.61122005,12.9346017,77.61112840000001,0,blr2,Bengaluru,2026-08-31T09:17:32.123406Z
ChIJyyetl6sVrjsRPs_1Nn5LaZY,Popeyes - Famous Louisiana Chicken,places,en,384,12.93572675,77.61122005,12.9345901,77.6113305,0,blr2,Bengaluru,2026-08-31T09:17:32.123410Z
ChIJ1f3GP5dsrjsRoFWuoM344Ns,Mad Over Donuts,places,en,384,12.93572675,77.61122005,12.9345809,77.611192,0,blr2,Bengaluru,2026-08-31T09:17:32.123414Z
ChIJEWLduWgVrjsRTq5tFTuRALY,Gochujang Nexus Mall Koramangala,places,en,384,12.93572675,77.61122005,12.9345058,77.61126569999999,0,blr2,Bengaluru,2026-08-31T09:17:32.123418Z
ChIJkYy8Gu0VrjsRUlFsI5pX6nU,Dindigul Thalappakatti Restaurant,places,en,384,12.93572675,77.61122005,12.9345564,77.6115961,0,blr2,Bengaluru,2026-08-31T09:17:32.123423Z
ChIJ2dY8ixoVrjsRSgXtQx9cpAM,Rakesh,places,en,385,12.899736149999999,77.60227595,12.899750099999999,77.6019233,0,blr2,Bengaluru,2026-08-31T09:17:32.471133Z
ChIJhR1UcdAVrjsRwKwtbnmUKBM,Maiz Mexican Kitchen | Arekere Nagar,places,en,385,12.899736149999999,77.60227595,12.8992928,77.6019312,0,blr2,Bengaluru,2026-08-31T09:17:32.471165Z
ChIJ5ywVV0cVrjsRTtJjiJ-Al4A,M J TRAVELS,places,en,385,12.899736149999999,77.60227595,12.8994161,77.6028132,0,blr2,Bengaluru,2026-08-31T09:17:32.471173Z
ChIJv-al5tQVrjsRkb54PoX6MSI,Kerala Kairuchi Restaurant,places,en,385,12.899736149999999,77.60227595,12.899248600000002,77.6027182,0,blr2,Bengaluru,2026-08-31T09:17:32.471180Z
ChIJBfYEKAAVrjsRQODUixCI1WM,Hotel Kuttanad,places,en,385,12.899736149999999,77.60227595,12.8992582,77.60276859999999,0,blr2,Bengaluru,2026-08-31T09:17:32.471187Z
ChIJLfPgQP0VrjsRQNg6vGVS6Gw,Dosa Deep,places,en,385,12.899736149999999,77.60227595,12.8999802,77.60156119999999,0,blr2,Bengaluru,2026-08-31T09:17:32.471191Z
ChIJ9QzeHMAVrjsRbAuStdqoJss,Happy Beans Sandesh,places,en,385,12.899736149999999,77.60227595,12.899556599999999,77.6030198,0,blr2,Bengaluru,2026-08-31T09:17:32.471196Z
ChIJhxnNbAAVrjsROIod0kEFMjc,Sri Manjunatha Tiffin Center,places,en,385,12.899736149999999,77.60227595,12.9000057,77.6015146,0,blr2,Bengaluru,2026-08-31T09:17:32.471200Z
ChIJX5l86CEVrjsR3XT3BGXqX2I,Angel Kerala Restaurant,places,en,385,12.899736149999999,77.60227595,12.899197,77.6028546,0,blr2,Bengaluru,2026-08-31T09:17:32.471204Z
ChIJgRAqqjkVrjsRarSekdT4c1g,Bengali Food,places,en,385,12.899736149999999,77.60227595,12.9006192,77.602132,0,blr2,Bengaluru,2026-08-31T09:17:32.471209Z
ChIJrZM5VDAVrjsR-Y26sK7IdF0,Shiva's Cigars,places,en,385,12.899736149999999,77.60227595,12.900712,77.6021009,0,blr2,Bengaluru,2026-08-31T09:17:32.471213Z
ChIJ89vybAAVrjsRJ0wVLD-pKeg,Basaveshwara khanavali,places,en,385,12.899736149999999,77.60227595,12.9002799,77.6013926,0,blr2,Bengaluru,2026-08-31T09:17:32.471217Z
ChIJv2HJUMIVrjsRmGBX6miv7N8,Spicy & Juicy,places,en,385,12.899736149999999,77.60227595,12.899803799999999,77.6012136,0,blr2,Bengaluru,2026-08-31T09:17:32.471221Z
ChIJU0pi6cQVrjsRpHdwX5ihVpI,Aman hotel (ambur biryani ) halal,places,en,385,12.899736149999999,77.60227595,12.900591700000001,77.6016329,0,blr2,Bengaluru,2026-08-31T09:17:32.471225Z
ChIJhZDZuhgVrjsRCwUZhgUnjwI,Raghavendra Fast Food,places,en,385,12.899736149999999,77.60227595,12.900447,77.60118419999999,0,blr2,Bengaluru,2026-08-31T09:17:32.471229Z
ChIJb8AxF_QVrjsRvt1Kg1UZf7Y,Little Chinese Spot,places,en,385,12.899736149999999,77.60227595,12.899023699999999,77.6033422,0,blr2,Bengaluru,2026-08-31T09:17:32.471233Z
ChIJPY5K8lMVrjsRlmR3S6kJwrM,HOTEL PALACE,places,en,385,12.899736149999999,77.60227595,12.9003532,77.6010514,0,blr2,Bengaluru,2026-08-31T09:17:32.471237Z
ChIJMQXFBIoVrjsRLr7RofQ05gc,Coriandria,places,en,385,12.899736149999999,77.60227595,12.900896,77.6013523,0,blr2,Bengaluru,2026-08-31T09:17:32.471241Z
ChIJI-4XOwAVrjsR-jjwbMdP72c,Rr dum biryani,places,en,385,12.899736149999999,77.60227595,12.9000968,77.6008112,0,blr2,Bengaluru,2026-08-31T09:17:32.471245Z
ChIJGXAjQQAVrjsRD2TpKlcyt8Q,Benne Dose,places,en,385,12.899736149999999,77.60227595,12.9000455,77.6007355,0,blr2,Bengaluru,2026-08-31T09:17:32.471250Z
ChIJd9uU-7IVrjsR87JtMOFQOoc,New A1 chicken stall,places,en,388,12.8761641,77.57119080000001,12.877280299999999,77.5712092,0,blr2,Bengaluru,2026-08-31T09:17:33.574486Z
ChIJoVwR6lIVrjsR7mFvpBCBim4,Sri Annapoorneshwari Tiffin Center,places,en,388,12.8761641,77.57119080000001,12.8771942,77.57167849999999,0,blr2,Bengaluru,2026-08-31T09:17:33.574512Z
ChIJkSiWLdUVrjsR6c7r9WWd_js,Darbari Biryani,places,en,388,12.8761641,77.57119080000001,12.8759894,77.572381,0,blr2,Bengaluru,2026-08-31T09:17:33.574521Z
ChIJKet4GQAVrjsR7fhOHpMLfh0,Varahi chicken shop,places,en,388,12.8761641,77.57119080000001,12.876622999999999,77.572302,0,blr2,Bengaluru,2026-08-31T09:17:33.574526Z
ChIJ0V7z11sVrjsR1q5gB6JpKVU,A.S Samosa Center,places,en,388,12.8761641,77.57119080000001,12.8772547,77.5706785,0,blr2,Bengaluru,2026-08-31T09:17:33.574530Z
ChIJOxhrDbcVrjsReUcypn5oAbc,Balaji,places,en,388,12.8761641,77.57119080000001,12.876914699999999,77.5723115,0,blr2,Bengaluru,2026-08-31T09:17:33.574534Z
ChIJb4HHUudrrjsRasllkC8Jgrs,Parampare Veg Restaurant,places,en,388,12.8761641,77.57119080000001,12.874801099999999,77.5703195,0,blr2,Bengaluru,2026-08-31T09:17:33.574537Z
ChIJP1Cmq-JrrjsRz-BN-lq5rak,The Flavor Of Home,places,en,388,12.8761641,77.57119080000001,12.8750927,77.5698726,0,blr2,Bengaluru,2026-08-31T09:17:33.574541Z
ChIJK0bEG1MVrjsRV4dB8EUHPzU,Namma Clinic,places,en,388,12.8761641,77.57119080000001,12.8774797,77.5700662,0,blr2,Bengaluru,2026-08-31T09:17:33.574544Z
ChIJd9sd8pMVrjsRrCWaH3pSjm0,Rock star,places,en,388,12.8761641,77.57119080000001,12.877906999999999,77.571871,0,blr2,Bengaluru,2026-08-31T09:17:33.574553Z
ChIJ7T6r1iZrrjsRA5BceLIqudo,S.J.S AUTO ELECTRICLE WORKS,places,en,388,12.8761641,77.57119080000001,12.874513499999999,77.5702599,0,blr2,Bengaluru,2026-08-31T09:17:33.574556Z
ChIJM7awEVMVrjsRPcJA24TmQ5c,Juicy And Spicy,places,en,388,12.8761641,77.57119080000001,12.8775743,77.5696548,0,blr2,Bengaluru,2026-08-31T09:17:33.574559Z
ChIJf2EsnvNrrjsRaP4QdL_wDLs,Al Madeena Hotel,places,en,388,12.8761641,77.57119080000001,12.8751832,77.5693208,0,blr2,Bengaluru,2026-08-31T09:17:33.574590Z
ChIJL23ZD1MVrjsRd6TDaDRjtkg,SS FAMOUS CHICKEN CENTER,places,en,388,12.8761641,77.57119080000001,12.8777691,77.5697237,0,blr2,Bengaluru,2026-08-31T09:17:33.574612Z
ChIJ_6Fy6FFVpmIRkR6ShGVXUXI,Sri Vasavi Caterers – Home & Function Catering,places,en,388,12.8761641,77.57119080000001,12.8756317,77.5689779,0,blr2,Bengaluru,2026-08-31T09:17:33.574619Z
ChIJ3yXc8ToVrjsRj_zaS-BxIIQ,Svc Sri Vasavi Cafe,places,en,388,12.8761641,77.57119080000001,12.875666599999999,77.5689369,0,blr2,Bengaluru,2026-08-31T09:17:33.574629Z
ChIJA7HR4xQVrjsRoXGcBjT3WAM,Sri Kabbalamma hotel Veg,places,en,388,12.8761641,77.57119080000001,12.8758245,77.56859159999999,0,blr2,Bengaluru,2026-08-31T09:17:33.574634Z
ChIJkc5MCgAVrjsRLVivczlsVyg,Harinagara,places,en,388,12.8761641,77.57119080000001,12.878518099999999,77.5699941,0,blr2,Bengaluru,2026-08-31T09:17:33.574639Z
ChIJfTXKZ7MVrjsRdtQwuttKCHQ,Hey Chinese,places,en,390,12.91361485,77.6100797,12.9136148,77.6100787,0,blr2,Bengaluru,2026-08-31T09:17:34.364158Z
ChIJ9VwXEwAVrjsR5ieObrH3sNc,Harsha Tindi Mane,places,en,390,12.91361485,77.6100797,12.9136317,77.6101905,0,blr2,Bengaluru,2026-08-31T09:17:34.364191Z
ChIJk5b-BP0UrjsRb2ymfeFR-PI,Punjabi Swag,places,en,390,12.91361485,77.6100797,12.9136276,77.6099273,0,blr2,Bengaluru,2026-08-31T09:17:34.364199Z
ChIJjXELB1wVrjsR5LEaOhyscnw,BOMBAY PAV BHAJI AND TAWA BUTTER PULAV,places,en,390,12.91361485,77.6100797,12.9138296,77.60998699999999,0,blr2,Bengaluru,2026-08-31T09:17:34.364204Z
ChIJ5zD70LoVrjsRfR6hAhhbGEE,A TINY KITCHEN,places,en,390,12.91361485,77.6100797,12.913393,77.6101485,0,blr2,Bengaluru,2026-08-31T09:17:34.364209Z
ChIJFUUnDOUVrjsRvbXRVa3KpF0,Laziz Biryani,places,en,390,12.91361485,77.6100797,12.913423199999999,77.6099468,0,blr2,Bengaluru,2026-08-31T09:17:34.364213Z
ChIJcXxaXsYVrjsRIlfjSr7nY5M,BROSIS CAFE,places,en,390,12.91361485,77.6100797,12.9138486,77.6098073,0,blr2,Bengaluru,2026-08-31T09:17:34.364218Z
ChIJ2V2vIz4VrjsRU-gK3Au6jQ0,Hungry Habibi,places,en,390,12.91361485,77.6100797,12.913815699999999,77.6097686,0,blr2,Bengaluru,2026-08-31T09:17:34.364222Z
ChIJuS3dBv0UrjsRFU0C46_77-Q,PATHAAN Sir,places,en,390,12.91361485,77.6100797,12.9140518,77.6102125,0,blr2,Bengaluru,2026-08-31T09:17:34.364226Z
ChIJDe9nD1kVrjsRtH6GXqFv4vA,seekh kebab recipes,places,en,390,12.91361485,77.6100797,12.9140699,77.6101884,0,blr2,Bengaluru,2026-08-31T09:17:34.364231Z
ChIJL3brKmcVrjsRE0ucvvvq4VA,The Burger Brothers,places,en,390,12.91361485,77.6100797,12.914059,77.6102701,0,blr2,Bengaluru,2026-08-31T09:17:34.364235Z
ChIJ4fUxgFIVrjsR264f6rHI-rE,Metro Meals,places,en,390,12.91361485,77.6100797,12.9140958,77.6101932,0,blr2,Bengaluru,2026-08-31T09:17:34.364239Z
ChIJwYRm1K8VrjsRNDyEjKEUGCk,The Bihari Kitchen,places,en,390,12.91361485,77.6100797,12.914102399999999,77.61019499999999,0,blr2,Bengaluru,2026-08-31T09:17:34.364243Z
ChIJIb_oPQEVrjsR2DEy9HfraXs,The Fish Club - Seafood Restaurant,places,en,390,12.91361485,77.6100797,12.9136587,77.6095844,0,blr2,Bengaluru,2026-08-31T09:17:34.364248Z
ChIJjYvuGf0UrjsRYu2wXzawBm8,New Yummy Hot Dum Biriyani,places,en,390,12.91361485,77.6100797,12.913146699999999,77.60995989999999,0,blr2,Bengaluru,2026-08-31T09:17:34.364252Z
ChIJ20AKGf0UrjsREZOA71FjlcA,Beijing Bites - BTM Layout,places,en,390,12.91361485,77.6100797,12.913129699999999,77.6101327,0,blr2,Bengaluru,2026-08-31T09:17:34.364256Z
ChIJ9Tl6lqgVrjsRvUXfCQ0amwA,Bhooka Bhalu,places,en,390,12.91361485,77.6100797,12.9141327,77.60999869999999,0,blr2,Bengaluru,2026-08-31T09:17:34.364260Z
ChIJn9b_4FIVrjsRStPAYrjI4TY,The Belgian Waffle Co,places,en,390,12.91361485,77.6100797,12.914021,77.60973969999999,0,blr2,Bengaluru,2026-08-31T09:17:34.364265Z
ChIJ9wh7Cf0UrjsRMUnQsHewhFE,Cool Joint,places,en,390,12.91361485,77.6100797,12.9140299,77.6097209,0,blr2,Bengaluru,2026-08-31T09:17:34.364269Z
ChIJDW-k8uIUrjsR22CQBSPjp9s,Vyanjan,places,en,390,12.91361485,77.6100797,12.91312,77.609866,0,blr2,Bengaluru,2026-08-31T09:17:34.364273Z
ChIJb_x1CgBrrjsRLJWlgUzuoio,Hima Naidu Tiffen Center,places,en,392,12.8633408,77.56568200000001,12.8618426,77.56444239999999,0,blr2,Bengaluru,2026-08-31T09:17:35.274727Z
ChIJwea3u6dqrjsRXNP52GGIJgI,SMD Tiffan,places,en,392,12.8633408,77.56568200000001,12.862206299999999,77.5639985,0,blr2,Bengaluru,2026-08-31T09:17:35.274755Z
ChIJXw6co6dqrjsRQHPm6fO3RJQ,BIRIYANI ADDA,places,en,392,12.8633408,77.56568200000001,12.861733,77.5636697,0,blr2,Bengaluru,2026-08-31T09:17:35.274784Z
ChIJJWFPDABrrjsRL-lAZTHg57Y,ROYAL KITCHEN'S CHETTINAD,places,en,392,12.8633408,77.56568200000001,12.8617335,77.56364649999999,0,blr2,Bengaluru,2026-08-31T09:17:35.274790Z
ChIJf9ZvH9RrrjsRUDy9SAHOnsA,SRI BANASHANKARI MILITARI HOTEL,places,en,392,12.8633408,77.56568200000001,12.8609996,77.5667685,0,blr2,Bengaluru,2026-08-31T09:17:35.274794Z
ChIJsUSEVuZrrjsRg1y6pQirZVY,Sasive : Exclusively South Indian Restaurant,places,en,392,12.8633408,77.56568200000001,12.8643451,77.5632566,0,blr2,Bengaluru,2026-08-31T09:17:35.274798Z
ChIJW99wShhrrjsRDDK2CmCF0g0,D K Chicken Center Mr Kiran N,places,en,392,12.8633408,77.56568200000001,12.8616394,77.563598,0,blr2,Bengaluru,2026-08-31T09:17:35.274802Z
ChIJL_Prl6dqrjsRXYkoXvRMdio,Hotel Tanu,places,en,392,12.8633408,77.56568200000001,12.8619718,77.5633297,0,blr2,Bengaluru,2026-08-31T09:17:35.274806Z
ChIJAYXcuIUjrjsRtpDTszDh9qQ,Me Shamserulislam Shamserulislam Sugar Can,places,en,393,13.10747525,77.5310675,13.108417800000002,77.53342099999999,0,blr2,Bengaluru,2026-08-31T09:17:35.603949Z
ChIJ4_5E6CU-rjsR22x-GbTLr98,Bangalore biryani mane,places,en,395,12.932054749999999,77.5557413,12.9326463,77.5553336,0,blr2,Bengaluru,2026-08-31T09:17:36.315172Z
ChIJydc58yU-rjsRd0jizSWaNAM,UK Foods,places,en,395,12.932054749999999,77.5557413,12.9318674,77.5548247,0,blr2,Bengaluru,2026-08-31T09:17:36.315247Z
ChIJyfUoYCQ_rjsRVoOzo4jM8o0,Harish Gowda,places,en,395,12.932054749999999,77.5557413,12.9327565,77.5563743,0,blr2,Bengaluru,2026-08-31T09:17:36.315255Z
ChIJZ7PKfQw_rjsRc1yN8JR6Gek,Bajji shop,places,en,395,12.932054749999999,77.5557413,12.9327575,77.5563794,0,blr2,Bengaluru,2026-08-31T09:17:36.315260Z
ChIJ07rqa4s_rjsR3HEWusL6lQE,Kabab and biriyani center,places,en,395,12.932054749999999,77.5557413,12.9329099,77.5570321,0,blr2,Bengaluru,2026-08-31T09:17:36.315265Z
ChIJW40ayac_rjsR0ieFzV4GOqY,HOTEL JAMIA SELECT,places,en,395,12.932054749999999,77.5557413,12.933497899999999,77.5565025,0,blr2,Bengaluru,2026-08-31T09:17:36.315270Z
ChIJ_xZROAA_rjsRsMUVCN7LFSY,Mathsya Darshini KFDC - Katriguppe,places,en,395,12.932054749999999,77.5557413,12.9309867,77.5542102,0,blr2,Bengaluru,2026-08-31T09:17:36.315274Z
ChIJLyHBmIo_rjsRtSc3KjcqR3w,Pracheena Cha,places,en,395,12.932054749999999,77.5557413,12.931205,77.5575234,0,blr2,Bengaluru,2026-08-31T09:17:36.315279Z
ChIJ1QQAJAA_rjsRc-VA6q8NOh8,Coorg Special Pork Fry,places,en,395,12.932054749999999,77.5557413,12.930653099999999,77.5540758,0,blr2,Bengaluru,2026-08-31T09:17:36.315284Z
ChIJgWfYbgA_rjsRqVMPHJe4FZ4,Rajanna Military Hotel,places,en,395,12.932054749999999,77.5557413,12.9306708,77.5537071,0,blr2,Bengaluru,2026-08-31T09:17:36.315290Z
ChIJD9Ridy8-rjsRm1lvaF8BNh4,Karavali Lunch Home,places,en,395,12.932054749999999,77.5557413,12.930590899999999,77.553542,0,blr2,Bengaluru,2026-08-31T09:17:36.315294Z
ChIJuxV4dy8-rjsR0RSurt_3w3Q,M. M. Bar & Restaurant,places,en,395,12.932054749999999,77.5557413,12.9305743,77.5535282,0,blr2,Bengaluru,2026-08-31T09:17:36.315299Z
ChIJh3SARCY-rjsRGVgBI7hwNm8,SLV Refreshments,places,en,395,12.932054749999999,77.5557413,12.9334498,77.5580478,0,blr2,Bengaluru,2026-08-31T09:17:36.315303Z
ChIJ7zGY2-8VrjsRgAMyRpo3Bj4,Indira Canteen,places,en,397,12.95314095,77.57377225,12.9529652,77.5738973,0,blr2,Bengaluru,2026-08-31T09:17:37.037341Z
ChIJ66VQdwAVrjsR8TBATiUvTDE,Devaki’s Home Cuisine,places,en,397,12.95314095,77.57377225,12.952145,77.57387200000001,0,blr2,Bengaluru,2026-08-31T09:17:37.037366Z
ChIJHdcpJdEVrjsRt_JuqZZq0LQ,Bisee Idlee Coffee,places,en,397,12.95314095,77.57377225,12.9520077,77.5738827,0,blr2,Bengaluru,2026-08-31T09:17:37.037372Z
ChIJx33M1iQVrjsRhxAh_1PmzDU,CAFELICIOUS,places,en,397,12.95314095,77.57377225,12.9545005,77.5743277,0,blr2,Bengaluru,2026-08-31T09:17:37.037377Z
ChIJ78j5IIkVrjsRGOU6nV1Ui18,Ganesha tiffin centre,places,en,397,12.95314095,77.57377225,12.9540074,77.5723204,0,blr2,Bengaluru,2026-08-31T09:17:37.037381Z
ChIJ78KTpwoVrjsRm8rzkSAbels,Ganesha darshini,places,en,397,12.95314095,77.57377225,12.9540819,77.5723233,0,blr2,Bengaluru,2026-08-31T09:17:37.037386Z
ChIJNazMgeUVrjsRhF0mvUf2B-I,Benaka Chats,places,en,397,12.95314095,77.57377225,12.9541375,77.575778,0,blr2,Bengaluru,2026-08-31T09:17:37.037390Z
ChIJlbT3U-4VrjsRtCJ_bHVub5w,Sree Saravana Chats,places,en,397,12.95314095,77.57377225,12.9521781,77.5760737,0,blr2,Bengaluru,2026-08-31T09:17:37.037414Z
ChIJMxNGstMXrjsRAEO0bbXlN9s,AMBUR BIRIYANI MOHAMED ARSHAN,places,en,399,12.9931231,77.57665535000001,12.9930186,77.5765258,0,blr2,Bengaluru,2026-08-31T09:17:37.883859Z
ChIJmfnN5-cXrjsRxwMx79dn98w,Pani Puri,places,en,399,12.9931231,77.57665535000001,12.993408299999999,77.57691109999999,0,blr2,Bengaluru,2026-08-31T09:17:37.883883Z
ChIJS_vEQQYXrjsRmISAoehlUoE,Kanasu Foods,places,en,399,12.9931231,77.57665535000001,12.993522599999999,77.57641,0,blr2,Bengaluru,2026-08-31T09:17:37.883889Z
ChIJsdHINj0WrjsRBTa8cEDneL4,New Bhimas Garden,places,en,399,12.9931231,77.57665535000001,12.9935678,77.5769641,0,blr2,Bengaluru,2026-08-31T09:17:37.883893Z
ChIJQcDa04UXrjsReEeEHLko4HQ,Evergreen Foods,places,en,399,12.9931231,77.57665535000001,12.9941824,77.57683709999999,0,blr2,Bengaluru,2026-08-31T09:17:37.883898Z
ChIJ2ZOJXjwWrjsRgw_LR_qOcQc,HVR VEG,places,en,399,12.9931231,77.57665535000001,12.993857900000002,77.57753129999999,0,blr2,Bengaluru,2026-08-31T09:17:37.883902Z
ChIJ4yg07TwWrjsRIeYypQbdvsU,TIFFIN CENTRE,places,en,399,12.9931231,77.57665535000001,12.9931465,77.5754645,0,blr2,Bengaluru,2026-08-31T09:17:37.883907Z
ChIJS4NuKQAXrjsRj4vVdPXz0wE,Cheela,places,en,399,12.9931231,77.57665535000001,12.9939681,77.57744530000001,0,blr2,Bengaluru,2026-08-31T09:17:37.883911Z
ChIJ5YzHemIXrjsRMCEi6-F0oi0,Vasugi Tiffen Shop,places,en,399,12.9931231,77.57665535000001,12.994393599999999,77.57622479999999,0,blr2,Bengaluru,2026-08-31T09:17:37.883914Z
ChIJI49XhzsWrjsRFGCcSLUlTCo,Ananda Rice Corner,places,en,399,12.9931231,77.57665535000001,12.9945927,77.5766716,0,blr2,Bengaluru,2026-08-31T09:17:37.883918Z
ChIJ61RTPU0XrjsR3v3hhcUvg0A,Manjunath Tiffan Center Mr. M JANAKIRAM,places,en,399,12.9931231,77.57665535000001,12.9922895,77.5779644,0,blr2,Bengaluru,2026-08-31T09:17:37.883921Z
ChIJRTstgTsWrjsRhBKlelp4kJM,KABAB CORNER,places,en,399,12.9931231,77.57665535000001,12.994767999999999,77.57672699999999,0,blr2,Bengaluru,2026-08-31T09:17:37.883925Z
ChIJKbYetj4WrjsRPezTua3b-RY,Chetty’s Corner,places,en,399,12.9931231,77.57665535000001,12.9925492,77.57827809999999,0,blr2,Bengaluru,2026-08-31T09:17:37.883929Z
ChIJNTptIjkWrjsRHAmI3yRH5qc,Gullu's Chaats,places,en,399,12.9931231,77.57665535000001,12.9925216,77.57829339999999,0,blr2,Bengaluru,2026-08-31T09:17:37.883932Z
ChIJ51BBDcoXrjsRF1IYuxoVz_o,Jay Karnataka chicken centre,places,en,399,12.9931231,77.57665535000001,12.994812699999999,77.5766307,0,blr2,Bengaluru,2026-08-31T09:17:37.883936Z
ChIJh4bKCzwWrjsRNecN6ERX7Pk,Sridevi Darshini Veg,places,en,399,12.9931231,77.57665535000001,12.994462799999999,77.5779287,0,blr2,Bengaluru,2026-08-31T09:17:37.883940Z
ChIJNwxH-BAXrjsRumZ63P3WuMw,Yogi Baba Tindi Ootada Mane,places,en,399,12.9931231,77.57665535000001,12.9953731,77.5761428,0,blr2,Bengaluru,2026-08-31T09:17:37.883943Z
ChIJKU1YnTsWrjsRR2R3NqMEy9c,Annapoorneshwari Hotel,places,en,399,12.9931231,77.57665535000001,12.9954065,77.5763241,0,blr2,Bengaluru,2026-08-31T09:17:37.883947Z
ChIJ02GvKgAXrjsRvaeXtvm-oes,BHU TAYI HOTEL,places,en,399,12.9931231,77.57665535000001,12.9914147,77.5748681,0,blr2,Bengaluru,2026-08-31T09:17:37.883951Z
ChIJ0feZagAXrjsRqpQkSK1OF9o,Five star chicken,places,en,399,12.9931231,77.57665535000001,12.995536900000001,77.5761953,0,blr2,Bengaluru,2026-08-31T09:17:37.883955Z
