place_id,name,source,lang,cell_idx,query_center_lat,query_center_lon,lat,lon,page,region_id,region_name,collected_at
ChIJX_C-eL9IbDkR6CqHVbGC4PA,श्रीराम विनायक बाँट भण्डार,places,en,2,26.8741871,75.5516733,26.873365999999997,75.5505553,0,jai,Jaipur,2026-08-31T09:09:39.862734Z
ChIJ0ZGRc79IbDkRPS_AFB22IdY,Shri Krishna Mishthan Bhandar,places,en,2,26.8741871,75.5516733,26.873717799999998,75.5497737,0,jai,Jaipur,2026-08-31T09:09:39.862773Z
ChIJ7dCnc79IbDkRF87OqpKyoMs,Shri Krishna Plaza,places,en,2,26.8741871,75.5516733,26.87377,75.5496955,0,jai,Jaipur,2026-08-31T09:09:39.862780Z
ChIJh3dkEL9IbDkR2iM6zoG0kXU,कृष्णा बाट भण्डार,places,en,2,26.8741871,75.5516733,26.874064500000003,75.5488366,0,jai,Jaipur,2026-08-31T09:09:39.862785Z
ChIJgSDTVABJbDkRSLCAr_hwzdo,SARNO KI DHANI,places,en,2,26.8741871,75.5516733,26.872970199999997,75.5491754,0,jai,Jaipur,2026-08-31T09:09:39.862790Z
ChIJrRltEQBJbDkR8_geU-KSYBo,Asp meena,places,en,2,26.8741871,75.5516733,26.872970199999997,75.5491754,0,jai,Jaipur,2026-08-31T09:09:39.862794Z
ChIJeYWqh0QHbTkRAAAAMA9AxRo,Shri Shyam Restaurant,places,en,5,27.210329350000002,75.8242363,27.212339999999998,75.8238259,0,jai,Jaipur,2026-08-31T09:09:41.472540Z
ChIJLbPKHEkHbTkRgxmwCxgW4Ow,Shiv misthan bhandar,places,en,5,27.210329350000002,75.8242363,27.212531499999997,75.82373659999999,0,jai,Jaipur,2026-08-31T09:09:41.472575Z
ChIJm_jQGLqqbTkRNxBCp58rqLc,सैनी रेस्टोरेन्ट,places,en,7,27.1712727,75.72705065,27.1712454,75.7268251,0,jai,Jaipur,2026-08-31T09:09:43.037653Z
ChIJc_VWOrqqbTkR3pv_1XpGZiY,Ankit Family Veg Restaurant,places,en,7,27.1712727,75.72705065,27.1718188,75.7275626,0,jai,Jaipur,2026-08-31T09:09:43.037734Z
ChIJsdrhAMerbTkRDqtkwOaQejw,Decent Restaurant,places,en,7,27.1712727,75.72705065,27.1720184,75.7280473,0,jai,Jaipur,2026-08-31T09:09:43.037742Z
ChIJ2Tb_HIKrbTkR5y69QFI5OWg,Shree Krishna Cafe,places,en,7,27.1712727,75.72705065,27.1722373,75.7245765,0,jai,Jaipur,2026-08-31T09:09:43.037747Z
ChIJ8580gZerbTkRKIFFFKl0kKg,Across Food Corner,places,en,7,27.1712727,75.72705065,27.1727386,75.72928,0,jai,Jaipur,2026-08-31T09:09:43.037752Z
ChIJ85ymTreqbTkRnoKu9fejbls,New Gareeb Nawaz Hotel,places,en,7,27.1712727,75.72705065,27.169674699999998,75.72472530000002,0,jai,Jaipur,2026-08-31T09:09:43.037755Z
ChIJyYDW9LqqbTkRq4JU5-Kx-E8,जांगिड़ लघु कृषि यंत्र उद्योग,places,en,7,27.1712727,75.72705065,27.1738638,75.72697730000002,0,jai,Jaipur,2026-08-31T09:09:43.037759Z
ChIJIeT6mgGrbTkRDw3XjYOCm5k,K k chicken biryani center chomu,places,en,7,27.1712727,75.72705065,27.1698442,75.7244564,0,jai,Jaipur,2026-08-31T09:09:43.037763Z
ChIJPR-ARRttbTkR7Hof0c7Du2g,Zoyo Cafe,places,en,11,27.431987200000002,76.1720099,27.4319064,76.1689797,0,jai,Jaipur,2026-08-31T09:09:44.546858Z
ChIJbXwuaAC5bTkRIh0bYFcv8fo,गोपाल जी रेस्टोरेंट,places,en,18,26.90474445,75.97795935,26.904673199999998,75.9785756,0,jai,Jaipur,2026-08-31T09:09:47.795600Z
ChIJmW5x4Yq1bTkRbd9JZaUO438,Shyam paratha center,places,en,24,26.8890333,75.7978402,26.889421199999997,75.79900359999999,0,jai,Jaipur,2026-08-31T09:09:50.296910Z
ChIJszR5s7G1bTkRd_1e0gQk5IY,"Best ""chole kulce"" in Jaipur",places,en,24,26.8890333,75.7978402,26.8892513,75.7991464,0,jai,Jaipur,2026-08-31T09:09:50.296948Z
ChIJC3_2l5W1bTkRVNFlBvR4MMk,New Ganesh Bhojanalaya & Family Restaurant,places,en,24,26.8890333,75.7978402,26.8898013,75.7968078,0,jai,Jaipur,2026-08-31T09:09:50.296977Z
ChIJA8rDYvy1bTkRdW2NGxlK3hk,Khana Khajana,places,en,24,26.8890333,75.7978402,26.889124199999998,75.79956539999999,0,jai,Jaipur,2026-08-31T09:09:50.296998Z
ChIJ6zKO15-1bTkRVgpeF852IXI,DandiWaala,places,en,24,26.8890333,75.7978402,26.8874843,75.7980066,0,jai,Jaipur,2026-08-31T09:09:50.297005Z
ChIJjzZUpyS0bTkRsXVh8baSQRM,Saroj Tiffin Center,places,en,24,26.8890333,75.7978402,26.890061799999998,75.79635789999999,0,jai,Jaipur,2026-08-31T09:09:50.297022Z
ChIJWx2YOQC1bTkRHj6TXcT98yo,BBC (Bean bliss cafe),places,en,24,26.8890333,75.7978402,26.8888869,75.8001692,0,jai,Jaipur,2026-08-31T09:09:50.297027Z
ChIJ1d0yWtq1bTkREIP4swEgyZo,Indian Sauce Pantry,places,en,24,26.8890333,75.7978402,26.890725999999997,75.79610720000001,0,jai,Jaipur,2026-08-31T09:09:50.297033Z
ChIJ08PsjH-1bTkRFxj53T36A8A,Bharatpur Kachori,places,en,24,26.8890333,75.7978402,26.8884829,75.7952229,0,jai,Jaipur,2026-08-31T09:09:50.297039Z
ChIJ3eGr6761bTkRjrtBHpk58LE,White Kitchens,places,en,24,26.8890333,75.7978402,26.8882567,75.79525249999999,0,jai,Jaipur,2026-08-31T09:09:50.297044Z
ChIJyZcx9tq1bTkRgjF9Gh0YShc,Olio Dugout with Rajasthan Royals,places,en,24,26.8890333,75.7978402,26.888279599999997,75.79513519999999,0,jai,Jaipur,2026-08-31T09:09:50.297049Z
ChIJDUpfSzO1bTkRhJY7kduT4zA,Shri Balaji mess and tiffin center,places,en,24,26.8890333,75.7978402,26.889816099999997,75.80058439999999,0,jai,Jaipur,2026-08-31T09:09:50.297054Z
ChIJse9e40q1bTkRcJSdw5OPJmo,Panchayat Café – Desi Chai & Chill Spot,places,en,24,26.8890333,75.7978402,26.891267499999998,75.7993182,0,jai,Jaipur,2026-08-31T09:09:50.297058Z
ChIJz6a-kiO0bTkRn_wUr5kYexA,Café 99,places,en,24,26.8890333,75.7978402,26.891149199999997,75.79968029999999,0,jai,Jaipur,2026-08-31T09:09:50.297062Z
ChIJZZ-cuG21bTkRhd4fQNLBNyw,Tea Connect Mansion,places,en,24,26.8890333,75.7978402,26.8885044,75.8007942,0,jai,Jaipur,2026-08-31T09:09:50.297185Z
ChIJ9ZG5gfG1bTkRVVYflq7kmog,Rudra pg homes,places,en,24,26.8890333,75.7978402,26.8900848,75.79506289999999,0,jai,Jaipur,2026-08-31T09:09:50.297205Z
ChIJC9DTDgCzbTkR-pS-fywVQ0E,King's Fast Food,places,en,25,26.95843555,75.77911845,26.9583025,75.7789513,0,jai,Jaipur,2026-08-31T09:09:50.659981Z
ChIJMbT_P7azbTkRwL7R6iUwBOI,Tara Soya Chaap,places,en,25,26.95843555,75.77911845,26.9587379,75.77875829999999,0,jai,Jaipur,2026-08-31T09:09:50.660008Z
ChIJEfYbOlGzbTkRbWE3NR5JcY0,Bullsaa Momos Vidhyadhar Nagar,places,en,25,26.95843555,75.77911845,26.958720900000003,75.7787383,0,jai,Jaipur,2026-08-31T09:09:50.660015Z
ChIJM90BVgC1bTkRX2Qv1nYvVsA,"MeeSaaVi Food Cafe - Serving Best Fast Food in Vidhyadhar, Jaipur",places,en,25,26.95843555,75.77911845,26.9588696,75.77870890000001,0,jai,Jaipur,2026-08-31T09:09:50.660020Z
ChIJKThb3w2zbTkRFSOvBruXSvg,Jaipur Food Factory,places,en,25,26.95843555,75.77911845,26.9588696,75.77870890000001,0,jai,Jaipur,2026-08-31T09:09:50.660026Z
ChIJPwERttOzbTkRDtFnd0vfvU0,Sai Chaap Corner,places,en,25,26.95843555,75.77911845,26.958416399999997,75.77845909999999,0,jai,Jaipur,2026-08-31T09:09:50.660030Z
ChIJsYjch-ezbTkREt8hKnqQE6M,JAY BHAVANI VADAPAV,places,en,25,26.95843555,75.77911845,26.958416399999997,75.77845909999999,0,jai,Jaipur,2026-08-31T09:09:50.660034Z
ChIJyRxDXnezbTkR2exK0pvPICU,Minku Di Chaap & Gravy (MCG),places,en,25,26.95843555,75.77911845,26.9583983,75.7784513,0,jai,Jaipur,2026-08-31T09:09:50.660040Z
ChIJgaD5YCOzbTkR4ZlpweuZ970,Radhe Radhe Club Kachori,places,en,25,26.95843555,75.77911845,26.959012899999998,75.77883790000001,0,jai,Jaipur,2026-08-31T09:09:50.660044Z
ChIJS2BdIcezbTkRSX9k59-I9DE,"U & Me Soya Chaap, Vidhyadhar Nagar",places,en,25,26.95843555,75.77911845,26.958233,75.77841339999999,0,jai,Jaipur,2026-08-31T09:09:50.660048Z
ChIJa0klyg-zbTkRLaq78YJLSOA,Bhayla,places,en,25,26.95843555,75.77911845,26.959152099999997,75.779242,0,jai,Jaipur,2026-08-31T09:09:50.660052Z
ChIJUaLrQbSzbTkRJ4lACd8VyJE,Cafe Shafe,places,en,25,26.95843555,75.77911845,26.9592279,75.77939889999999,0,jai,Jaipur,2026-08-31T09:09:50.660057Z
ChIJrXdm6hezbTkRhod4k7-6MT4,Shekhawat Chat Bhandar,places,en,25,26.95843555,75.77911845,26.9580812,75.778223,0,jai,Jaipur,2026-08-31T09:09:50.660061Z
ChIJm_0ZEkyzbTkRry3lIlPTOSY,Falahaar & Kota Kachori,places,en,25,26.95843555,75.77911845,26.9580129,75.77825469999999,0,jai,Jaipur,2026-08-31T09:09:50.660065Z
ChIJmx2GWm6zbTkR1CIuT46d8oY,Vdesi cafe,places,en,25,26.95843555,75.77911845,26.9579646,75.7782859,0,jai,Jaipur,2026-08-31T09:09:50.660069Z
ChIJAQAEBrSzbTkRkZRyT45qMBg,Shree Shyam Dhaba & Restaurant,places,en,25,26.95843555,75.77911845,26.9580284,75.7781866,0,jai,Jaipur,2026-08-31T09:09:50.660073Z
ChIJv6tipsizbTkR1NqguCeba4g,K Kitchen,places,en,25,26.95843555,75.77911845,26.9591653,75.7784456,0,jai,Jaipur,2026-08-31T09:09:50.660077Z
ChIJ90dozoCzbTkRGDw6pYr_GnQ,Sewak Nasta Centre,places,en,25,26.95843555,75.77911845,26.959324499999997,75.7786861,0,jai,Jaipur,2026-08-31T09:09:50.660081Z
ChIJzTItsnazbTkRGOaRjlrv3YI,Singh’s Chaap Vidhyadhar Nagar (VDN),places,en,25,26.95843555,75.77911845,26.9578934,75.77823029999999,0,jai,Jaipur,2026-08-31T09:09:50.660085Z
ChIJw5qTZeCzbTkRefS2170CSug,Anjani Fast Food,places,en,25,26.95843555,75.77911845,26.9593284,75.77864180000002,0,jai,Jaipur,2026-08-31T09:09:50.660090Z
ChIJ6y3k_04ObTkRgnaNF0KAz60,Sharma Restaurant,places,en,26,27.36440115,75.95432685,27.3641,75.955,0,jai,Jaipur,2026-08-31T09:09:51.110722Z
ChIJo3F7TU4ObTkRU6PWOeR8dcI,लक्ष्मी त्रिपाल भण्डार,places,en,26,27.36440115,75.95432685,27.3632726,75.95482070000001,0,jai,Jaipur,2026-08-31T09:09:51.110747Z
ChIJx80oeQAPbTkRiiUoak2pnJk,OMG SWEETS,places,en,26,27.36440115,75.95432685,27.365625599999998,75.9538761,0,jai,Jaipur,2026-08-31T09:09:51.110753Z
ChIJpYVln2gPbTkRFxdzMYTM2wc,Shree Shyam Restaurant,places,en,26,27.36440115,75.95432685,27.3657921,75.9538717,0,jai,Jaipur,2026-08-31T09:09:51.110759Z
ChIJ1fAiudxHbTkRtglDbrU8BCE,Bhumika Juice Coner,places,en,28,27.72002295,76.09670525,27.721962200000004,76.09863,0,jai,Jaipur,2026-08-31T09:09:52.870381Z
ChIJ02SXJT9qbTkRrxv3ZD14_lE,KHINCHI FAST FOOD CENTER,places,en,30,27.57127625,76.1576651,27.5723578,76.157589,0,jai,Jaipur,2026-08-31T09:09:53.596255Z
ChIJZe9atcVrbTkReVQ1DO6xH4I,A One Cake Shop,places,en,30,27.57127625,76.1576651,27.5717772,76.1564769,0,jai,Jaipur,2026-08-31T09:09:53.596287Z
ChIJXRYcSQBrbTkRs1DS85SexWw,Bhagat ji mishthan Bhandar (Mr. Pooran Mal Saini),places,en,30,27.57127625,76.1576651,27.571761199999997,76.1563398,0,jai,Jaipur,2026-08-31T09:09:53.596294Z
ChIJm_5vEAZrbTkRu8kUYgcFsBI,Pizza Heaven,places,en,30,27.57127625,76.1576651,27.571821399999997,76.15609529999999,0,jai,Jaipur,2026-08-31T09:09:53.596299Z
ChIJLV5IzLSvbTkRsigR-0r4o5I,Latest Recipe,places,en,32,27.0325758,75.8898055,27.032070899999997,75.8885976,0,jai,Jaipur,2026-08-31T09:09:54.609336Z
ChIJ-x7KXOqzbTkRiT_Hd6maPiU,Madeira Bar And Terrace,places,en,32,27.0325758,75.8898055,27.0320991,75.8885122,0,jai,Jaipur,2026-08-31T09:09:54.609404Z
ChIJb5sYlfqvbTkRT6Hw7hKzZuI,Pool Bar,places,en,32,27.0325758,75.8898055,27.0307559,75.8898537,0,jai,Jaipur,2026-08-31T09:09:54.609457Z
ChIJBQYilfqvbTkR2qjv9Op26Eg,ZARIN THE PAN ASIAN,places,en,32,27.0325758,75.8898055,27.030728,75.889877,0,jai,Jaipur,2026-08-31T09:09:54.609472Z
ChIJ12IZlfqvbTkRcqhFO_uIsYA,ZOYA,places,en,32,27.0325758,75.8898055,27.0305833,75.889927,0,jai,Jaipur,2026-08-31T09:09:54.609479Z
ChIJgzt3C_CvbTkRJB8YNp080sc,Fairmont Jaipur,places,en,32,27.0325758,75.8898055,27.030555999999997,75.8907621,0,jai,Jaipur,2026-08-31T09:09:54.609485Z
ChIJ9w6abFKvbTkR7Y3DfoyI3nM,Zia,places,en,32,27.0325758,75.8898055,27.033810199999998,75.8877261,0,jai,Jaipur,2026-08-31T09:09:54.609490Z
ChIJiYPzLPCvbTkRajt7_Ro_iuE,Green Hill Restaurant,places,en,32,27.0325758,75.8898055,27.0346877,75.88871329999999,0,jai,Jaipur,2026-08-31T09:09:54.609496Z
ChIJoZyYZrKvbTkRkRljtgToEZY,Tea Stall,places,en,32,27.0325758,75.8898055,27.0338565,75.89224540000001,0,jai,Jaipur,2026-08-31T09:09:54.609502Z
ChIJf5p_StL7bDkR7rPI_piSWeM,Hotel Highway King Dhodsar,places,en,33,27.30424165,75.61687355000001,27.3067535,75.6164895,0,jai,Jaipur,2026-08-31T09:09:55.224446Z
ChIJpYMpHC-1bTkRS1h9pYatqRE,Meat-E-Magic by Samy,places,en,35,26.8862545,75.74525840000001,26.8860523,75.7449148,0,jai,Jaipur,2026-08-31T09:09:56.154065Z
ChIJpaj09xa1bTkRDuTfFgplYaw,OTP CAFE (On The Plate),places,en,35,26.8862545,75.74525840000001,26.8860414,75.7449196,0,jai,Jaipur,2026-08-31T09:09:56.154094Z
ChIJzbvoXgC1bTkR1qWIezpejVA,Rasa Cafeteria,places,en,35,26.8862545,75.74525840000001,26.8861152,75.7448071,0,jai,Jaipur,2026-08-31T09:09:56.154101Z
ChIJZeohYRC1bTkRxTgN5Yq2I2A,Gardenia Restaurant,places,en,35,26.8862545,75.74525840000001,26.886311799999998,75.7447124,0,jai,Jaipur,2026-08-31T09:09:56.154155Z
ChIJpamGQ8u1bTkRYGGqTabDUho,Mevwari Kitchen,places,en,35,26.8862545,75.74525840000001,26.886169,75.7444172,0,jai,Jaipur,2026-08-31T09:09:56.154177Z
ChIJpeckZZm1bTkR-Vs5VgLAbrU,Tea Stall,places,en,35,26.8862545,75.74525840000001,26.8859671,75.7437171,0,jai,Jaipur,2026-08-31T09:09:56.154186Z
ChIJ2eiae-m0bTkRTjpskyIaqKg,UNCLE SONI TAKEAWAY,places,en,35,26.8862545,75.74525840000001,26.885353799999997,75.74384289999999,0,jai,Jaipur,2026-08-31T09:09:56.154191Z
ChIJNQF4OOW1bTkR7o4i_qneCqU,Shree Krishna Bakery,places,en,35,26.8862545,75.74525840000001,26.8857923,75.7435191,0,jai,Jaipur,2026-08-31T09:09:56.154197Z
ChIJKaZCeO60bTkRVlUGAITZY1M,सचिन तामर सब्जा भण्डार,places,en,35,26.8862545,75.74525840000001,26.884864399999998,75.74645480000001,0,jai,Jaipur,2026-08-31T09:09:56.154233Z
ChIJF5nFX_K0bTkRo-oDB7Hy2M0,Maharaja Maharani Punjabi Dhaba,places,en,35,26.8862545,75.74525840000001,26.886937,75.747444,0,jai,Jaipur,2026-08-31T09:09:56.154448Z
ChIJh_e5l-20bTkR_yDNdKHj_VY,BANQUET TAKEAWAY RESTAURANT,places,en,35,26.8862545,75.74525840000001,26.887066599999997,75.7474373,0,jai,Jaipur,2026-08-31T09:09:56.154459Z
ChIJwdARufW1bTkR6FyQp1x5wkw,Kairi - Indian Street Food & Bakery,places,en,35,26.8862545,75.74525840000001,26.8875589,75.7471554,0,jai,Jaipur,2026-08-31T09:09:56.154465Z
ChIJzVI_5-a1bTkRMy3JXhG1-1Y,Zayka Takeaway ( थाली का जायका ),places,en,35,26.8862545,75.74525840000001,26.8862094,75.74232239999999,0,jai,Jaipur,2026-08-31T09:09:56.154471Z
ChIJSSVbBPSxbTkRaFZQ23Evyhs,MYNOVA CAFE,places,en,40,26.929485149999998,75.82769765,26.9290761,75.8275464,0,jai,Jaipur,2026-08-31T09:09:58.353808Z
ChIJ34YQAWGxbTkREenRLWFTaK4,Radha Rani masala chowk,places,en,40,26.929485149999998,75.82769765,26.929871499999997,75.8280923,0,jai,Jaipur,2026-08-31T09:09:58.353839Z
ChIJEfYDv0mxbTkRFxLz_WT_Ao0,Shree Ram Pavitra Bhojanalay (Daal Fry Wale),places,en,40,26.929485149999998,75.82769765,26.9293069,75.828401,0,jai,Jaipur,2026-08-31T09:09:58.353847Z
ChIJhc_Ov0mxbTkRy4PHKL0VXIw,SHARMA PAVITRA BHOJNAYLA,places,en,40,26.929485149999998,75.82769765,26.929480599999998,75.8284599,0,jai,Jaipur,2026-08-31T09:09:58.353852Z
ChIJ7XVF1fCxbTkRlDKeH0CaCIE,Krishna Restaurant : Unlimited Thali,places,en,40,26.929485149999998,75.82769765,26.9291789,75.8284005,0,jai,Jaipur,2026-08-31T09:09:58.353858Z
ChIJj98OGYaxbTkRP3u8Nu9mWrw,Laxime cold drink centre,places,en,40,26.929485149999998,75.82769765,26.929040999999998,75.82831,0,jai,Jaipur,2026-08-31T09:09:58.353863Z
ChIJzz_DjNGxbTkRYKY5prdfteo,Jaipur Bakers®,places,en,40,26.929485149999998,75.82769765,26.929485099999997,75.8285126,0,jai,Jaipur,2026-08-31T09:09:58.353868Z
ChIJq4BIkkmxbTkRWTc3P3fADuA,SHARMA SWEETS CATERS,places,en,40,26.929485149999998,75.82769765,26.9287805,75.8282898,0,jai,Jaipur,2026-08-31T09:09:58.353875Z
ChIJnZfIreKxbTkRGaCHm9V2fTQ,Ansh khandelwal restourant and cafe,places,en,40,26.929485149999998,75.82769765,26.9294048,75.82870210000002,0,jai,Jaipur,2026-08-31T09:09:58.353880Z
ChIJ3WMYd0mxbTkR-lg68ljMWYI,Buggagar Restaurant,places,en,40,26.929485149999998,75.82769765,26.928786,75.8269978,0,jai,Jaipur,2026-08-31T09:09:58.353885Z
ChIJF4pyUwCxbTkR0FOJPb_03t4,Chokhi thali,places,en,40,26.929485149999998,75.82769765,26.9294107,75.8288273,0,jai,Jaipur,2026-08-31T09:09:58.353890Z
ChIJufZ0rUmxbTkRehElse_r3IQ,Venus Indian dhaba,places,en,40,26.929485149999998,75.82769765,26.930543099999998,75.8277671,0,jai,Jaipur,2026-08-31T09:09:58.353895Z
ChIJW3CrtzmxbTkRo8uCSWd1GuE,Heritage Buffet Restaurant - Daal Baati Choorma - Rajasthani Thali in Jaipur,places,en,40,26.929485149999998,75.82769765,26.928418299999997,75.8281627,0,jai,Jaipur,2026-08-31T09:09:58.353901Z
ChIJ5UtPjomxbTkRxXZ_vRDnZMo,M K Vegetables,places,en,40,26.929485149999998,75.82769765,26.929918999999998,75.826433,0,jai,Jaipur,2026-08-31T09:09:58.353906Z
ChIJZUcetEmxbTkRvMs924QeR94,Hawk View Restaurant & Bar,places,en,40,26.929485149999998,75.82769765,26.9304857,75.82843609999999,0,jai,Jaipur,2026-08-31T09:09:58.353911Z
ChIJFRnMiVuxbTkRsnhbfugQ2Qg,G L Sabhji Bhandhar,places,en,40,26.929485149999998,75.82769765,26.9302958,75.8266254,0,jai,Jaipur,2026-08-31T09:09:58.353916Z
ChIJke7TZMexbTkRHlr3aze-p_c,Kaif Sabhji Bhandhar,places,en,40,26.929485149999998,75.82769765,26.9302958,75.8266254,0,jai,Jaipur,2026-08-31T09:09:58.353921Z
ChIJzSYSyEmxbTkRWE4jvAIOLoI,Shree Shankar Misthan Bhandar,places,en,40,26.929485149999998,75.82769765,26.930156999999998,75.8288706,0,jai,Jaipur,2026-08-31T09:09:58.353926Z
ChIJ39MKfZmxbTkRlP_AZGrqrIg,Heritage haveli cafe,places,en,40,26.929485149999998,75.82769765,26.9283182,75.82816079999999,0,jai,Jaipur,2026-08-31T09:09:58.353931Z
ChIJcVASjUmxbTkRFM4XOWO164I,Agrawal Pavitra Bhojnalaya,places,en,40,26.929485149999998,75.82769765,26.9285145,75.8286117,0,jai,Jaipur,2026-08-31T09:09:58.353936Z
ChIJIXBS_lG1bTkR8mz7MYHK824,Mrs. Rajasthani – Homemade Food Jaipur,places,en,41,26.90337145,75.7449738,26.9031527,75.74578290000001,0,jai,Jaipur,2026-08-31T09:09:59.812954Z
ChIJ6WtSXAC1bTkRHxHn-0d97FM,Tiwari Chaap,places,en,41,26.90337145,75.7449738,26.9029684,75.7461173,0,jai,Jaipur,2026-08-31T09:09:59.812987Z
ChIJb1qf1Ce1bTkRRBGUwFC01gk,Gokul sweets caterers,places,en,41,26.90337145,75.7449738,26.902125299999998,75.7455561,0,jai,Jaipur,2026-08-31T09:09:59.812996Z
ChIJD2NvunG1bTkReIL4W6tbKcw,Aadhya's Cake,places,en,41,26.90337145,75.7449738,26.901907299999998,75.744756,0,jai,Jaipur,2026-08-31T09:09:59.813003Z
ChIJTTAVCbq1bTkRs1VC5T7eBAQ,Samber saa,places,en,41,26.90337145,75.7449738,26.9019536,75.7455624,0,jai,Jaipur,2026-08-31T09:09:59.813009Z
ChIJiX4INlm1bTkRY56kwSwLUaM,Khamraj sharma,places,en,41,26.90337145,75.7449738,26.9048831,75.7452208,0,jai,Jaipur,2026-08-31T09:09:59.813015Z
ChIJ9cCHtJu0bTkR0iX5pgv-xJA,Agarwal Caterers,places,en,41,26.90337145,75.7449738,26.9049743,75.7448165,0,jai,Jaipur,2026-08-31T09:09:59.813020Z
ChIJEf2weUS1bTkRcQ61VV4uiRA,Baozi Momos,places,en,41,26.90337145,75.7449738,26.904976100000003,75.7446753,0,jai,Jaipur,2026-08-31T09:09:59.813025Z
ChIJVaxcdUa1bTkR56N12xMR9qI,Sri Bhog Vaishali Nagar,places,en,41,26.90337145,75.7449738,26.9050183,75.74526709999999,0,jai,Jaipur,2026-08-31T09:09:59.813031Z
ChIJ8eHZdJK0bTkRAhVTDnO2uFE,Subway Vaishali Nagar,places,en,41,26.90337145,75.7449738,26.9051317,75.74478789999999,0,jai,Jaipur,2026-08-31T09:09:59.813036Z
ChIJX0IBhJW1bTkRcQdYeKCABo4,Neelkamal kulhad chaat,places,en,41,26.90337145,75.7449738,26.905298499999997,75.744711,0,jai,Jaipur,2026-08-31T09:09:59.813041Z
ChIJX1IFzpu0bTkRgSDl_09B8Xs,Skyshot Kitchen & More,places,en,41,26.90337145,75.7449738,26.905230699999997,75.7437334,0,jai,Jaipur,2026-08-31T09:09:59.813047Z
ChIJnfVJHK-1bTkRa1PBRzbQj8Y,DarkSip Bar,places,en,41,26.90337145,75.7449738,26.9052613,75.7435965,0,jai,Jaipur,2026-08-31T09:09:59.813057Z
ChIJn2ulkQa1bTkRgSvsXPA8HM8,Mikin Chaap - No Maidaa,places,en,41,26.90337145,75.7449738,26.9049789,75.74677559999999,0,jai,Jaipur,2026-08-31T09:09:59.813062Z
ChIJ975uSFW1bTkRC1WTaNHOt38,Thali and more - Vaishali Nagar,places,en,41,26.90337145,75.7449738,26.9052932,75.7463637,0,jai,Jaipur,2026-08-31T09:09:59.813069Z
ChIJoR5QcF21bTkRKX9lvpJdeUw,Berlin Jaipur,places,en,41,26.90337145,75.7449738,26.9055334,75.74411889999999,0,jai,Jaipur,2026-08-31T09:09:59.813074Z
ChIJ89uvyJu0bTkRZoyTIyPF10s,FLAPJACK FOOD & BEVERAGES,places,en,41,26.90337145,75.7449738,26.9055723,75.7441226,0,jai,Jaipur,2026-08-31T09:09:59.813080Z
ChIJi4zqKQS1bTkR9dENoJocjvY,The Mikin Chaap,places,en,41,26.90337145,75.7449738,26.9051721,75.74689769999999,0,jai,Jaipur,2026-08-31T09:09:59.813085Z
ChIJUQ5expm1bTkRll1C56upHNE,Dude's pizza Burger,places,en,41,26.90337145,75.7449738,26.9017956,75.7426471,0,jai,Jaipur,2026-08-31T09:09:59.813090Z
ChIJG_7tcAa1bTkR9vFgdwv2Afo,Papa ka kitchen,places,en,41,26.90337145,75.7449738,26.901529999999998,75.74711649999999,0,jai,Jaipur,2026-08-31T09:09:59.813095Z
ChIJE0F_vLa1bTkRT1o5mEwZKrM,Best Pudi Sabji Bhojnalay,places,en,42,26.908386049999997,75.7442337,26.908918999999997,75.7440731,0,jai,Jaipur,2026-08-31T09:10:00.347132Z
ChIJUT_TdQC1bTkRexhNO1n7LvA,Oxigen Club and Rooftop,places,en,42,26.908386049999997,75.7442337,26.9078804,75.7434985,0,jai,Jaipur,2026-08-31T09:10:00.347163Z
ChIJVaRJxmi1bTkRQgNcC_MQTdk,Delta Cafe & Lounge,places,en,42,26.908386049999997,75.7442337,26.907910599999997,75.74343309999999,0,jai,Jaipur,2026-08-31T09:10:00.347171Z
ChIJE930AJy0bTkRd9AvE6HTAxM,AL FIRANGI,places,en,42,26.908386049999997,75.7442337,26.907876299999998,75.7434268,0,jai,Jaipur,2026-08-31T09:10:00.347178Z
ChIJJRVckci1bTkR0grI5Fgs2jU,Shasha cafe & Lounge,places,en,42,26.908386049999997,75.7442337,26.9077001,75.74347089999999,0,jai,Jaipur,2026-08-31T09:10:00.347184Z
ChIJiRfaHQG1bTkRC6zteegR9W0,BIG SLICK,places,en,42,26.908386049999997,75.7442337,26.910023499999998,75.7437496,0,jai,Jaipur,2026-08-31T09:10:00.347189Z
ChIJY-D00xK1bTkRwkznhbiCHcU,Royal Curries,places,en,42,26.908386049999997,75.7442337,26.9100616,75.7437552,0,jai,Jaipur,2026-08-31T09:10:00.347194Z
ChIJA9vzdgC1bTkRWaBo79lIik0,Maa tiffin -tiffin services and cloud kitchen,places,en,42,26.908386049999997,75.7442337,26.910062,75.7447909,0,jai,Jaipur,2026-08-31T09:10:00.347199Z
ChIJ-XS4VABbEzkR2XDvQ_oOE8M,Lakhdatar Food Junction,places,en,42,26.908386049999997,75.7442337,26.9099431,75.745316,0,jai,Jaipur,2026-08-31T09:10:00.347204Z
ChIJMVB2jd21bTkR2SZ62vqV3AQ,Mambo’s Bistro,places,en,42,26.908386049999997,75.7442337,26.906848999999998,75.74290739999999,0,jai,Jaipur,2026-08-31T09:10:00.347209Z
ChIJjd85gUK1bTkRo677JTmrP-o,Hundred To Hundred Restaurant,places,en,42,26.908386049999997,75.7442337,26.906848999999998,75.74290739999999,0,jai,Jaipur,2026-08-31T09:10:00.347214Z
ChIJyfqj-wC1bTkR4Xs9xP3od2Q,Dosaka,places,en,42,26.908386049999997,75.7442337,26.9102727,75.7440689,0,jai,Jaipur,2026-08-31T09:10:00.347218Z
ChIJOc7K9Se1bTkRP06YYcuUzYE,Books & Burgers,places,en,42,26.908386049999997,75.7442337,26.910251,75.7437956,0,jai,Jaipur,2026-08-31T09:10:00.347223Z
ChIJHYrsKW61bTkR8jbJgASLKyM,Vegetrainian - The Train Restaurant,places,en,42,26.908386049999997,75.7442337,26.9066814,75.7428889,0,jai,Jaipur,2026-08-31T09:10:00.347228Z
ChIJawW41LC1bTkRjM0POQ9nT0Y,#FFT (Food For Thought),places,en,42,26.908386049999997,75.7442337,26.906683599999997,75.7428651,0,jai,Jaipur,2026-08-31T09:10:00.347233Z
ChIJEfu0BIC1bTkRZtArSVr3dyU,Royal Bakery,places,en,42,26.908386049999997,75.7442337,26.9104885,75.7440663,0,jai,Jaipur,2026-08-31T09:10:00.347238Z
ChIJD1NjM5y0bTkRZA-G4gtLaRY,Biscro By Royal Bakery,places,en,42,26.908386049999997,75.7442337,26.9105045,75.7440933,0,jai,Jaipur,2026-08-31T09:10:00.347243Z
ChIJAfEjM5y0bTkRA5iItkhc-HI,Komal Bakery,places,en,42,26.908386049999997,75.7442337,26.9105799,75.74387899999999,0,jai,Jaipur,2026-08-31T09:10:00.347248Z
ChIJFcpWcwC1bTkRn2uem_Tl8ac,Nandi Restaurant,places,en,42,26.908386049999997,75.7442337,26.9063683,75.7428556,0,jai,Jaipur,2026-08-31T09:10:00.347253Z
ChIJ8fw2eAC1bTkRlTOCVfnlNKE,Seven hest hookah shop,places,en,42,26.908386049999997,75.7442337,26.9107746,75.7443045,0,jai,Jaipur,2026-08-31T09:10:00.347257Z
ChIJMxUc4yW1bTkR_ev5oyZohoc,Food House,places,en,43,26.90456435,75.73790105,26.904311,75.7377983,0,jai,Jaipur,2026-08-31T09:10:00.893491Z
ChIJcU39t5q0bTkRVyI1XS52giY,Yummy Tiffin Center,places,en,43,26.90456435,75.73790105,26.9042481,75.7380647,0,jai,Jaipur,2026-08-31T09:10:00.893520Z
ChIJn3-fEAC1bTkRxBB9RQsaPGM,ARORAS KITCHEN,places,en,43,26.90456435,75.73790105,26.905165699999998,75.7374375,0,jai,Jaipur,2026-08-31T09:10:00.893673Z
ChIJwyDc00-1bTkRxfRxVXXM1E0,Churma wala’s,places,en,43,26.90456435,75.73790105,26.9048129,75.7389027,0,jai,Jaipur,2026-08-31T09:10:00.893710Z
ChIJg1fYm4y1bTkRjDiSN_crjbY,Gopinath Namkeen Bhandar,places,en,43,26.90456435,75.73790105,26.904355199999998,75.73894589999999,0,jai,Jaipur,2026-08-31T09:10:00.893718Z
ChIJDdLQ85i0bTkR31PZqs3XfEs,Pindi Bajot,places,en,43,26.90456435,75.73790105,26.9048387,75.73894229999999,0,jai,Jaipur,2026-08-31T09:10:00.893725Z
ChIJRQYjqTq1bTkRcGDjorJyLNE,Mathura Chaat Bhandar,places,en,43,26.90456435,75.73790105,26.903914999999998,75.7388964,0,jai,Jaipur,2026-08-31T09:10:00.893731Z
ChIJH23kXXm1bTkRIH2sRidp1co,Dark Heaven,places,en,43,26.90456435,75.73790105,26.9053802,75.7388538,0,jai,Jaipur,2026-08-31T09:10:00.893737Z
ChIJoVXM91y1bTkRelSH5uQ8XvA,Biryani Farm,places,en,43,26.90456435,75.73790105,26.9042531,75.7392021,0,jai,Jaipur,2026-08-31T09:10:00.893743Z
ChIJw5htqyK1bTkRjmdyedQSYXk,Tirupati Dosa,places,en,43,26.90456435,75.73790105,26.9049461,75.7391901,0,jai,Jaipur,2026-08-31T09:10:00.893749Z
ChIJN9sZ6Pu1bTkRyxixpD7UaTA,Pitra Kripa Restaurant,places,en,43,26.90456435,75.73790105,26.90365,75.7388758,0,jai,Jaipur,2026-08-31T09:10:00.893754Z
ChIJDfLk_Ia1bTkRsNkve2Pj0ZY,Dumpling Queen,places,en,43,26.90456435,75.73790105,26.9058687,75.737231,0,jai,Jaipur,2026-08-31T09:10:00.893760Z
ChIJCTMt75i0bTkRQPURQ8PXcmg,ॐ जोधपुर मिष्ठान भण्डार,places,en,43,26.90456435,75.73790105,26.9054397,75.7391856,0,jai,Jaipur,2026-08-31T09:10:00.893766Z
ChIJ7UtQCi-1bTkRdNex4hH9WUc,Bootleggers Lounge & Kitchen,places,en,43,26.90456435,75.73790105,26.905909100000002,75.7372906,0,jai,Jaipur,2026-08-31T09:10:00.893771Z
ChIJAw5v5jW1bTkRjqs1vHw2JAM,Bansiwala Reastaurant,places,en,43,26.90456435,75.73790105,26.9058252,75.7389005,0,jai,Jaipur,2026-08-31T09:10:00.893777Z
ChIJw1rBIAC1bTkRJXIay9j1gfo,Nathu doodh wala,places,en,43,26.90456435,75.73790105,26.9058673,75.73902009999999,0,jai,Jaipur,2026-08-31T09:10:00.893783Z
ChIJpfTPwQK1bTkRecFZUJxfNW4,Maa Jwala Pariwarik dhaba,places,en,43,26.90456435,75.73790105,26.9059627,75.73685909999999,0,jai,Jaipur,2026-08-31T09:10:00.893788Z
ChIJi5GjCKe1bTkR_cEVj9_tNCM,Jai Gopinath Namkeen Bhandar,places,en,43,26.90456435,75.73790105,26.9032746,75.7391181,0,jai,Jaipur,2026-08-31T09:10:00.893794Z
ChIJedb1GQC1bTkRg_yFVxuR4Qw,Om Dhaba Pure Food,places,en,43,26.90456435,75.73790105,26.906082100000003,75.7365805,0,jai,Jaipur,2026-08-31T09:10:00.893799Z
ChIJYZ9GkPe1bTkRwhEGVDlPV98,Ram Janki Chole Bhature,places,en,43,26.90456435,75.73790105,26.906121499999998,75.7365642,0,jai,Jaipur,2026-08-31T09:10:00.893804Z
ChIJB52uJQWybTkR4fKHbEWzCCw,धाकड़ फास्ट फूड सेन्टर,places,en,44,27.0004329,75.79897115,27.000539,75.7976778,0,jai,Jaipur,2026-08-31T09:10:01.344052Z
ChIJVaqZOwWybTkR9iVUXoONuz4,महादेव फास्ट फूड,places,en,44,27.0004329,75.79897115,27.0006107,75.7972473,0,jai,Jaipur,2026-08-31T09:10:01.344084Z
ChIJU9GZOwWybTkR8s-T1vzs5ww,जगदम्बा भवानी पार्लर,places,en,44,27.0004329,75.79897115,27.000610599999998,75.797238,0,jai,Jaipur,2026-08-31T09:10:01.344093Z
ChIJCxwkAgWybTkR0aI6yfNltLM,जयपुर कचौरी भण्डार,places,en,44,27.0004329,75.79897115,27.0021895,75.79807269999999,0,jai,Jaipur,2026-08-31T09:10:01.344099Z
ChIJE9BHPwWybTkRO5XZROafe6s,YAARANA FAST FOOD,places,en,44,27.0004329,75.79897115,27.0006924,75.7968191,0,jai,Jaipur,2026-08-31T09:10:01.344105Z
ChIJfxG11NyzbTkRn5wuigZ5On0,jstarworld,places,en,44,27.0004329,75.79897115,27.002819,75.7980437,0,jai,Jaipur,2026-08-31T09:10:01.344111Z
ChIJSRdmzG6zbTkRsqFeldHZhpA,shivay tifin center,places,en,44,27.0004329,75.79897115,26.9980935,75.7975124,0,jai,Jaipur,2026-08-31T09:10:01.344117Z
ChIJV7tGhQa1bTkRNw3zfoSQG70,Yes Boss Bar & Restaurant,places,en,47,26.86141955,75.75630685,26.860526200000002,75.7551572,0,jai,Jaipur,2026-08-31T09:10:02.517933Z
ChIJrZlB_w61bTkR7jIqZmvq_Zo,Heerapath,places,en,47,26.86141955,75.75630685,26.861219100000003,75.7585172,0,jai,Jaipur,2026-08-31T09:10:02.517964Z
ChIJVVRsBAS1bTkR3Hv8AWsKbn0,श्री श्याम पवित्र भोजनालय,places,en,47,26.86141955,75.75630685,26.8622132,75.7541711,0,jai,Jaipur,2026-08-31T09:10:02.517972Z
ChIJwdL03WO1bTkR_VfdKEv09as,PlanetQR: QR Menus for Bars and Restaurants,places,en,47,26.86141955,75.75630685,26.8601036,75.7580973,0,jai,Jaipur,2026-08-31T09:10:02.517977Z
ChIJewsQ-gO1bTkRLyOF_TQ8OhU,Bharat Bhojnalaya,places,en,47,26.86141955,75.75630685,26.8623549,75.75412220000001,0,jai,Jaipur,2026-08-31T09:10:02.517983Z
ChIJ6Ua3QAC1bTkRBvw24pD2JhI,Om Shiv Idli Samber,places,en,47,26.86141955,75.75630685,26.860763799999997,75.7587009,0,jai,Jaipur,2026-08-31T09:10:02.517988Z
ChIJ7WINKQC1bTkRh7I-vAJnOM0,Curry & Caffeine Brewhouse and Restaurant,places,en,47,26.86141955,75.75630685,26.8590596,75.75637449999999,0,jai,Jaipur,2026-08-31T09:10:02.517993Z
ChIJoXCXlfO1bTkRrkpCCLyNlj4,Shree Balaji Pavitra Bhojnalya,places,en,47,26.86141955,75.75630685,26.8590189,75.75614159999999,0,jai,Jaipur,2026-08-31T09:10:02.517998Z
ChIJv0HMh961bTkRDe1OB9sdYi0,"Gokul Prasadam, Mansarovar",places,en,47,26.86141955,75.75630685,26.8634432,75.7546292,0,jai,Jaipur,2026-08-31T09:10:02.518003Z
ChIJq6qukya0bTkRu0oAOvY11iQ,Buono Pizzeria,places,en,47,26.86141955,75.75630685,26.863125500000002,75.7542021,0,jai,Jaipur,2026-08-31T09:10:02.518008Z
ChIJy3eUDQC1bTkRvMbUUv4PIyc,Aahar,places,en,47,26.86141955,75.75630685,26.8640311,75.7559253,0,jai,Jaipur,2026-08-31T09:10:02.518013Z
ChIJ-S_LSCe1bTkR4RFBGt9TMfQ,Hot Spot Pizza and Burger,places,en,47,26.86141955,75.75630685,26.8640367,75.75687429999999,0,jai,Jaipur,2026-08-31T09:10:02.518019Z
ChIJMTW8ig61bTkR0-W1AB44P70,TogetherV,places,en,47,26.86141955,75.75630685,26.862997,75.7538519,0,jai,Jaipur,2026-08-31T09:10:02.518025Z
ChIJyXk9nBW1bTkR4BTKrA5mbJ0,The Dhaba Social,places,en,47,26.86141955,75.75630685,26.8631052,75.7539342,0,jai,Jaipur,2026-08-31T09:10:02.518031Z
ChIJXRMTGAW1bTkRZibXu0EeU70,NIMBU MASALA SODA,places,en,48,26.859523199999998,75.7511698,26.8587606,75.75030439999999,0,jai,Jaipur,2026-08-31T09:10:03.001702Z
ChIJsz4eagC1bTkR8AMjOUn5rEo,Kaka's Egg Corner,places,en,48,26.859523199999998,75.7511698,26.8587396,75.75008989999999,0,jai,Jaipur,2026-08-31T09:10:03.001735Z
ChIJQctiIwC1bTkRgO9hCO41ecw,Rj47 tiffin center and restaurant,places,en,48,26.859523199999998,75.7511698,26.858324099999997,75.7515515,0,jai,Jaipur,2026-08-31T09:10:03.001743Z
ChIJRyjmVQq1bTkRkIagacKpMrc,the carnation resort and pool,places,en,48,26.859523199999998,75.7511698,26.858763399999997,75.7493394,0,jai,Jaipur,2026-08-31T09:10:03.001749Z
ChIJY2xkvTq1bTkRdIaQ3JwW2tg,Open Sky cafe,places,en,48,26.859523199999998,75.7511698,26.858762799999997,75.7493081,0,jai,Jaipur,2026-08-31T09:10:03.001755Z
ChIJF1kQGUi1bTkRqBZZDIQaUL8,The tasty spoon by Priti jain,places,en,48,26.859523199999998,75.7511698,26.861331699999997,75.7527849,0,jai,Jaipur,2026-08-31T09:10:03.001761Z
ChIJpeGnYNyzbTkROiZeBAWAVXw,Shri Shyam Bhature Wala,places,en,49,26.91401165,75.7426255,26.9142765,75.7434258,0,jai,Jaipur,2026-08-31T09:10:03.477684Z
ChIJbwna1QGzbTkR_rIWKngxxVM,SAI CHAAP CORNER,places,en,49,26.91401165,75.7426255,26.9145999,75.74341319999999,0,jai,Jaipur,2026-08-31T09:10:03.477713Z
ChIJWTRGP_m1bTkRviQs1GCCL6M,Joydevmondal,places,en,49,26.91401165,75.7426255,26.913416299999998,75.7417732,0,jai,Jaipur,2026-08-31T09:10:03.477721Z
ChIJQ-ceYgCzbTkRRP02KHdh0ac,Greevo's,places,en,49,26.91401165,75.7426255,26.914624099999997,75.7417713,0,jai,Jaipur,2026-08-31T09:10:03.477727Z
ChIJf7YVB2KzbTkRMRLF76Ql-zc,Feelings,places,en,49,26.91401165,75.7426255,26.913298599999997,75.7433906,0,jai,Jaipur,2026-08-31T09:10:03.477733Z
ChIJ6Y5W78izbTkRH6qE9opx5Lo,Jodhpur misthan bhandar,places,en,49,26.91401165,75.7426255,26.914610999999997,75.74358699999999,0,jai,Jaipur,2026-08-31T09:10:03.477738Z
ChIJ39wnWQCzbTkRWpLdzTi9kJg,Parmeshwar Parshadam Vada Pav,places,en,49,26.91401165,75.7426255,26.9143744,75.743853,0,jai,Jaipur,2026-08-31T09:10:03.477743Z
ChIJY0YuHQC1bTkRwnt-A1Gf_cs,ONLY MOMOS,places,en,49,26.91401165,75.7426255,26.912983699999998,75.7434054,0,jai,Jaipur,2026-08-31T09:10:03.477749Z
ChIJWwlOt_q1bTkRMITsEIVF5rI,Brew Haven,places,en,49,26.91401165,75.7426255,26.9129822,75.7434064,0,jai,Jaipur,2026-08-31T09:10:03.477756Z
ChIJuWt-SCq1bTkRSOWXM5lPXAQ,RB ROLL Chowmein centre,places,en,49,26.91401165,75.7426255,26.9127221,75.7424034,0,jai,Jaipur,2026-08-31T09:10:03.477762Z
ChIJ6WxcitGzbTkReTvqXqvNMqg,The Belgian Waffle Co,places,en,49,26.91401165,75.7426255,26.9128801,75.7433741,0,jai,Jaipur,2026-08-31T09:10:03.477767Z
ChIJkRDwtp-0bTkRCHmwNgxkGp8,Ramchandra Indian Dosa,places,en,49,26.91401165,75.7426255,26.9145506,75.7412229,0,jai,Jaipur,2026-08-31T09:10:03.477772Z
ChIJ9wwnXACzbTkRTKOY4NO7BfQ,Sharma Dhaba Rooftop and Restaurant,places,en,49,26.91401165,75.7426255,26.914994399999998,75.7414131,0,jai,Jaipur,2026-08-31T09:10:03.477777Z
ChIJKaUm5J20bTkRZFmsNBhGY44,"Domino's Pizza | Vaibhav Cine Multiplex, Jaipur",places,en,49,26.91401165,75.7426255,26.912792,75.743534,0,jai,Jaipur,2026-08-31T09:10:03.477783Z
ChIJ91Rjp1a1bTkRJfeH26Rj8Vo,"Nothing Before Coffee - Vaishali Nagar, Jaipur",places,en,49,26.91401165,75.7426255,26.9127178,75.7434923,0,jai,Jaipur,2026-08-31T09:10:03.477788Z
ChIJU3iUMga1bTkRnnPS4k0hdIU,Mahalaxmi pav bhaji and fast food center,places,en,49,26.91401165,75.7426255,26.9127342,75.743523,0,jai,Jaipur,2026-08-31T09:10:03.477792Z
ChIJy0FDfs6zbTkR7TKvaAUd8Ug,Oven The Bakery,places,en,49,26.91401165,75.7426255,26.9150121,75.7413253,0,jai,Jaipur,2026-08-31T09:10:03.477798Z
ChIJebhRz3S1bTkRplnAHOu7G6c,BMB - Bombay Misthan Bhandar,places,en,49,26.91401165,75.7426255,26.9126243,75.7435011,0,jai,Jaipur,2026-08-31T09:10:03.477803Z
ChIJxZU8v2GzbTkR2tlsJu4TL7w,Mr & Mrs Idly,places,en,49,26.91401165,75.7426255,26.915051599999998,75.7412355,0,jai,Jaipur,2026-08-31T09:10:03.477808Z
ChIJ-6Gmf6mzbTkR-x4CtWcEmKk,Burger Singh | Vaishali Nagar | Jaipur,places,en,49,26.91401165,75.7426255,26.9150542,75.7412172,0,jai,Jaipur,2026-08-31T09:10:03.477813Z
ChIJPQJr_JW3bTkRqSX7lg9e7iY,BOMBAY CAFE,places,en,50,26.850340950000003,75.82293165,26.8507504,75.82323509999999,0,jai,Jaipur,2026-08-31T09:10:03.950601Z
ChIJNyfc_de3bTkRWLn6R27a_Cw,HONEY & SUNNY CAFE,places,en,50,26.850340950000003,75.82293165,26.850750299999998,75.8232745,0,jai,Jaipur,2026-08-31T09:10:03.950662Z
ChIJfdne-oW3bTkRsd29jm6PakM,Jaideep Balani,places,en,50,26.850340950000003,75.82293165,26.8508845,75.82283500000001,0,jai,Jaipur,2026-08-31T09:10:03.950671Z
ChIJwyIUFDy3bTkRmgtFZ9u2-bA,Proteino,places,en,50,26.850340950000003,75.82293165,26.850255999999998,75.82221729999999,0,jai,Jaipur,2026-08-31T09:10:03.950677Z
ChIJG33rHw63bTkRF8_aM374a90,Doulat Ram Daal Pakvan Bhandar,places,en,50,26.850340950000003,75.82293165,26.8505894,75.82205189999999,0,jai,Jaipur,2026-08-31T09:10:03.950683Z
ChIJsWGDGwC3bTkRjRPFGB7stmI,MASKA CHASKA Fast Food,places,en,50,26.850340950000003,75.82293165,26.850224899999997,75.8211116,0,jai,Jaipur,2026-08-31T09:10:03.950689Z
ChIJW1wHzIu3bTkRP5n5BKUa1uM,RAJA SOUTH INDIAN,places,en,50,26.850340950000003,75.82293165,26.851485699999998,75.82106569999999,0,jai,Jaipur,2026-08-31T09:10:03.950694Z
ChIJiVU5xtG3bTkRIA9nKBvGuQw,Gopinath kota kachori and namkeen,places,en,50,26.850340950000003,75.82293165,26.849791999999997,75.8206117,0,jai,Jaipur,2026-08-31T09:10:03.950699Z
ChIJR7AtkRS2bTkRYuhpL0IdIso,Anandji Sweets,places,en,50,26.850340950000003,75.82293165,26.850842999999998,75.825256,0,jai,Jaipur,2026-08-31T09:10:03.950704Z
ChIJmajcvBS2bTkRchbGpRj6y64,Vishal Sahu Gajak & Kulfi,places,en,50,26.850340950000003,75.82293165,26.851367999999997,75.8251129,0,jai,Jaipur,2026-08-31T09:10:03.950710Z
ChIJgY7KDQu3bTkRhXGk786i9_8,ROSEBUCKS,places,en,50,26.850340950000003,75.82293165,26.849994,75.8204453,0,jai,Jaipur,2026-08-31T09:10:03.950715Z
ChIJ6949je-3bTkRGRO5qKv3yc8,Anna No . 1,places,en,50,26.850340950000003,75.82293165,26.8500817,75.8203391,0,jai,Jaipur,2026-08-31T09:10:03.950721Z
ChIJZ-NeIgC3bTkRxb1p5psDlKc,Zigri soya chaap and paneer tikka,places,en,50,26.850340950000003,75.82293165,26.8504699,75.8203212,0,jai,Jaipur,2026-08-31T09:10:03.950726Z
ChIJr3QLkRS2bTkR2HqCLLIB44U,Chhabra's Take Away,places,en,50,26.850340950000003,75.82293165,26.849985399999998,75.8256406,0,jai,Jaipur,2026-08-31T09:10:03.950731Z
ChIJsyKdBVi3bTkREA_c8gbbTzk,BR Kitchen & Takeaway (AC Banquet Hall),places,en,50,26.850340950000003,75.82293165,26.8528389,75.8228949,0,jai,Jaipur,2026-08-31T09:10:03.950736Z
ChIJDzL5lNq3bTkR1lehWfnZDhc,A Pizza Box,places,en,50,26.850340950000003,75.82293165,26.851871499999998,75.82512,0,jai,Jaipur,2026-08-31T09:10:03.950741Z
ChIJQ2CGN9K3bTkRqvwLOhML2I8,Super Testy Tiffin Centre,places,en,50,26.850340950000003,75.82293165,26.8496834,75.8201344,0,jai,Jaipur,2026-08-31T09:10:03.950746Z
ChIJPw6xuRa1bTkR5j3m2514PFg,Chaat And More,places,en,51,26.910468950000002,75.72261474999999,26.9098443,75.72263769999999,0,jai,Jaipur,2026-08-31T09:10:04.657607Z
ChIJPd_ITAC1bTkRdZem3o8utF4,THE MARWAR RASOI,places,en,51,26.910468950000002,75.72261474999999,26.909948099999998,75.722024,0,jai,Jaipur,2026-08-31T09:10:04.657637Z
ChIJX-gJdAC1bTkROL5Rb2DZ59M,Pandit Chaat Wale,places,en,51,26.910468950000002,75.72261474999999,26.909894100000002,75.7233412,0,jai,Jaipur,2026-08-31T09:10:04.657644Z
ChIJbYB0NAC1bTkR05c3LetxTNI,Shyam Fast Food & Cafe,places,en,51,26.910468950000002,75.72261474999999,26.909746499999997,75.72190789999999,0,jai,Jaipur,2026-08-31T09:10:04.657684Z
ChIJbcSgWAC1bTkR6GdcA7OUl1E,Om sai chaap pure veg. Family restaurant,places,en,51,26.910468950000002,75.72261474999999,26.909995799999997,75.7238517,0,jai,Jaipur,2026-08-31T09:10:04.657692Z
ChIJ8eDfLlazbTkR4QKSJ83t_m4,चौधरी बाट भण्डार,places,en,51,26.910468950000002,75.72261474999999,26.911695299999998,75.7220715,0,jai,Jaipur,2026-08-31T09:10:04.657697Z
ChIJHQxoGYK1bTkRAZteYE_jGQo,NOTFOUND CAFE,places,en,51,26.910468950000002,75.72261474999999,26.9096695,75.7241547,0,jai,Jaipur,2026-08-31T09:10:04.657703Z
ChIJxXJzPQC1bTkRCZS3uW7GyRg,Jaypur,places,en,51,26.910468950000002,75.72261474999999,26.9088671,75.7227051,0,jai,Jaipur,2026-08-31T09:10:04.657708Z
ChIJMZf5wI6zbTkRJBN-LmPH3jE,Shambhar Fini Bhandar,places,en,51,26.910468950000002,75.72261474999999,26.912125000000003,75.723126,0,jai,Jaipur,2026-08-31T09:10:04.657713Z
ChIJN7UFzQC1bTkR7ZOvaDTMJzs,Second Kitchen Restaurant,places,en,51,26.910468950000002,75.72261474999999,26.909637399999998,75.7206838,0,jai,Jaipur,2026-08-31T09:10:04.657718Z
ChIJK6I6p2OzbTkR_85Gv7TVvXk,RAVI SAINI,places,en,51,26.910468950000002,75.72261474999999,26.9115742,75.7244176,0,jai,Jaipur,2026-08-31T09:10:04.657723Z
ChIJt-5DXHezbTkRphUBztIMKno,girimalla,places,en,51,26.910468950000002,75.72261474999999,26.9115215,75.7247963,0,jai,Jaipur,2026-08-31T09:10:04.657728Z
ChIJ-UJrOPy1bTkRyWFiwNe8nk0,URBAN MOMOS,places,en,51,26.910468950000002,75.72261474999999,26.9093706,75.72048210000001,0,jai,Jaipur,2026-08-31T09:10:04.657733Z
ChIJlyVLCAC1bTkRDiVoT9mZu-Q,Paratha Junction,places,en,51,26.910468950000002,75.72261474999999,26.9092576,75.7204737,0,jai,Jaipur,2026-08-31T09:10:04.657738Z
ChIJkZMFbTazbTkR3qyMroPCLHQ,BHAVALE DI,places,en,51,26.910468950000002,75.72261474999999,26.9115358,75.7249528,0,jai,Jaipur,2026-08-31T09:10:04.657743Z
ChIJudc2SAC1bTkRirq0By5CdEo,D’s Diner,places,en,51,26.910468950000002,75.72261474999999,26.909860799999997,75.7251934,0,jai,Jaipur,2026-08-31T09:10:04.657748Z
ChIJNemTIGtLbDkRDeTWE7Q1_8c,Sanwariya Restaurant and Cafe,places,en,51,26.910468950000002,75.72261474999999,26.909748699999998,75.7199752,0,jai,Jaipur,2026-08-31T09:10:04.657753Z
ChIJJxtX4Wy1bTkR1h6OJLHYjaA,Vedic Aahar,places,en,51,26.910468950000002,75.72261474999999,26.910887499999998,75.7198635,0,jai,Jaipur,2026-08-31T09:10:04.657759Z
ChIJE0rbBUy1bTkRYuuB0E921Tg,Yummy Food,places,en,51,26.910468950000002,75.72261474999999,26.908635099999998,75.720688,0,jai,Jaipur,2026-08-31T09:10:04.657764Z
ChIJJaY3ogKzbTkRTMVlvZRU_kU,JAY MAA JOGNNIYA TEA STALL,places,en,52,26.923151349999998,75.78043695,26.922182,75.78061690000001,0,jai,Jaipur,2026-08-31T09:10:05.047226Z
ChIJFe_AagCzbTkRYg_uKULpLro,Devanshu Tiffin Center,places,en,52,26.923151349999998,75.78043695,26.9221738,75.77931370000002,0,jai,Jaipur,2026-08-31T09:10:05.047256Z
ChIJASLSK_i1bTkR73bvhmlvd5U,Chai daa adda,places,en,54,26.883455400000003,75.75415195,26.8828925,75.7541822,0,jai,Jaipur,2026-08-31T09:10:05.807331Z
ChIJtTmHJAC1bTkRyFLASV1Hzc0,Naina Tiffine Center And Mess,places,en,54,26.883455400000003,75.75415195,26.882933299999998,75.75389659999999,0,jai,Jaipur,2026-08-31T09:10:05.807362Z
ChIJ_2UpcAC1bTkRYbSuZNL_3-Y,Rathore Kitchen,places,en,54,26.883455400000003,75.75415195,26.883428,75.7549106,0,jai,Jaipur,2026-08-31T09:10:05.807370Z
ChIJP8dhXwC1bTkRVwDg6uwaEaI,ATR JAIPUR (Coming Soon),places,en,54,26.883455400000003,75.75415195,26.8826485,75.7534014,0,jai,Jaipur,2026-08-31T09:10:05.807376Z
ChIJgabE2A21bTkRVcNF7UdUKtY,Shree Nath Pav Bhaji 2,places,en,54,26.883455400000003,75.75415195,26.88376,75.75271959999999,0,jai,Jaipur,2026-08-31T09:10:05.807381Z
ChIJn1z8Ieq1bTkRMlflKVFe_xc,sai chaap corner,places,en,54,26.883455400000003,75.75415195,26.8839594,75.75266429999999,0,jai,Jaipur,2026-08-31T09:10:05.807386Z
ChIJ0SBLEy-1bTkRq2i3j8DoOmk,Spicy treat,places,en,54,26.883455400000003,75.75415195,26.883983299999997,75.7526623,0,jai,Jaipur,2026-08-31T09:10:05.807391Z
ChIJPTJMHPG0bTkRCKyY8Hb0YMY,DELIVERY POINT,places,en,54,26.883455400000003,75.75415195,26.8828899,75.75265139999999,0,jai,Jaipur,2026-08-31T09:10:05.807396Z
ChIJxytjrK61bTkR1IqaFuq5_kw,Ajao Cafe Korean Restuarant (오세요 한국식당),places,en,54,26.883455400000003,75.75415195,26.883812499999998,75.7525625,0,jai,Jaipur,2026-08-31T09:10:05.807401Z
ChIJ99ckfaO1bTkRb8KeMKY3zYk,FNF Cafe,places,en,54,26.883455400000003,75.75415195,26.8840641,75.75264620000002,0,jai,Jaipur,2026-08-31T09:10:05.807406Z
ChIJiaj5EvG0bTkRXRs0nugZr9s,Abhishek poha bhandar,places,en,54,26.883455400000003,75.75415195,26.883958999999997,75.75259059999999,0,jai,Jaipur,2026-08-31T09:10:05.807413Z
ChIJo9AZlve1bTkRIaCxeIPEcyo,Khadak Singh Da Dhaba,places,en,54,26.883455400000003,75.75415195,26.883958,75.7525872,0,jai,Jaipur,2026-08-31T09:10:05.807418Z
ChIJrcWSgBe1bTkRi15Z_-HkScU,Rajwada Vibes,places,en,54,26.883455400000003,75.75415195,26.8833225,75.752493,0,jai,Jaipur,2026-08-31T09:10:05.807423Z
ChIJA_An57S1bTkRQzkS6n3CBvg,Dosa syndicate,places,en,54,26.883455400000003,75.75415195,26.8839163,75.7525285,0,jai,Jaipur,2026-08-31T09:10:05.807428Z
ChIJrW2ywbO1bTkRa93f51l6Crg,KULCHA HUB,places,en,54,26.883455400000003,75.75415195,26.883964600000002,75.7525436,0,jai,Jaipur,2026-08-31T09:10:05.807433Z
ChIJCQz1WCO1bTkRAXUqoz6rLic,Kathi Junction,places,en,54,26.883455400000003,75.75415195,26.8839893,75.75254319999999,0,jai,Jaipur,2026-08-31T09:10:05.807438Z
ChIJ2SlP2HW1bTkRiPOzacu4a6w,Hell's kitchen,places,en,54,26.883455400000003,75.75415195,26.8839953,75.7525362,0,jai,Jaipur,2026-08-31T09:10:05.807444Z
ChIJnTsKWXO1bTkRBrFBytBSI74,Burger Vorger,places,en,54,26.883455400000003,75.75415195,26.8840161,75.752543,0,jai,Jaipur,2026-08-31T09:10:05.807449Z
ChIJr1QNgme1bTkR7PKAIWIEtHU,Famous Suncity Kesar Chai & Fast Food,places,en,54,26.883455400000003,75.75415195,26.884265799999998,75.7526787,0,jai,Jaipur,2026-08-31T09:10:05.807455Z
ChIJQ4CTEvG0bTkRxJKhJj03r0M,Chaupati Corner,places,en,54,26.883455400000003,75.75415195,26.884005199999997,75.7525343,0,jai,Jaipur,2026-08-31T09:10:05.807460Z
ChIJ_-AJ2vO0bTkRjCDs3DYU8A0,Hotel SWARUCHI PALACE,places,en,55,26.8853056,75.7526194,26.8852656,75.7520533,0,jai,Jaipur,2026-08-31T09:10:06.169198Z
ChIJEZBt2vO0bTkRIAWl54HPmEg,SHREE CLOUD KITCHEN,places,en,55,26.8853056,75.7526194,26.8860168,75.7524602,0,jai,Jaipur,2026-08-31T09:10:06.169226Z
ChIJoQAftt21bTkRM6EWilkNhyc,From The Mountains,places,en,55,26.8853056,75.7526194,26.884531499999998,75.75236559999999,0,jai,Jaipur,2026-08-31T09:10:06.169234Z
ChIJqczjTNK1bTkRdiY9HfLnTMw,The 49 Pizza,places,en,55,26.8853056,75.7526194,26.8856989,75.7517548,0,jai,Jaipur,2026-08-31T09:10:06.169239Z
ChIJqe-ikza1bTkR85nAnS422a4,Tandoori Tales Chole Bhature,places,en,55,26.8853056,75.7526194,26.8842895,75.75250419999999,0,jai,Jaipur,2026-08-31T09:10:06.169245Z
ChIJbxuLxuK1bTkRqbYdxuskyhU,The Pizzaburg,places,en,55,26.8853056,75.7526194,26.8842634,75.7524948,0,jai,Jaipur,2026-08-31T09:10:06.169251Z
ChIJu3UKewC1bTkRNqtc1BD3cRs,Kings food court,places,en,55,26.8853056,75.7526194,26.8842516,75.7525945,0,jai,Jaipur,2026-08-31T09:10:06.169257Z
ChIJyQl-0nK1bTkR9Esx7-fEfZ8,Pandit pav bhaji पं. रामअवतार शर्मा (Nirman nagar) Jaipur,places,en,55,26.8853056,75.7526194,26.8842186,75.7525071,0,jai,Jaipur,2026-08-31T09:10:06.169262Z
ChIJkyd-WdS1bTkRHKF0fGcIYFw,Shiv Chole Khulchhe,places,en,55,26.8853056,75.7526194,26.8860147,75.7516062,0,jai,Jaipur,2026-08-31T09:10:06.169267Z
ChIJgdZ_IPK1bTkRrqQCGWlmPJw,Arham Sweets & Vegetarian Restaurant,places,en,56,26.8923208,75.74848175,26.893587099999998,75.7472678,0,jai,Jaipur,2026-08-31T09:10:07.352875Z
ChIJGQ4-dyy1bTkRrckeBl4TyZI,MuscleHolics Jaipur - The Healthy Food Cafe,places,en,56,26.8923208,75.74848175,26.8935806,75.7472291,0,jai,Jaipur,2026-08-31T09:10:07.352911Z
ChIJXyN-4T21bTkRjzG85t4W5-Q,Deepak Caterers,places,en,56,26.8923208,75.74848175,26.8936726,75.747241,0,jai,Jaipur,2026-08-31T09:10:07.352919Z
ChIJjdVgCQC1bTkR8fKaMaOxx_Q,Shri Balaji ashirvaad hotel,places,en,56,26.8923208,75.74848175,26.893804499999998,75.74720839999999,0,jai,Jaipur,2026-08-31T09:10:07.352925Z
ChIJQdMUfQC1bTkRsyaWFwCjnZ4,Cues and kitchen,places,en,56,26.8923208,75.74848175,26.8938803,75.74660999999999,0,jai,Jaipur,2026-08-31T09:10:07.352930Z
ChIJyajU6b-1bTkRsHER7RZdCaA,Mahaveer Rabdi Bhandar,places,en,56,26.8923208,75.74848175,26.894707900000004,75.7482505,0,jai,Jaipur,2026-08-31T09:10:07.352935Z
ChIJEyf6Pc-1bTkRaKEV4IAcKB8,"Nothing Before Coffee - Shyam Nagar, Jaipur",places,en,56,26.8923208,75.74848175,26.893077299999998,75.7511196,0,jai,Jaipur,2026-08-31T09:10:07.352939Z
ChIJcY_RpJm1bTkRur2Pwn7aJgM,The Fit Food Cafe,places,en,56,26.8923208,75.74848175,26.894802799999997,75.7486748,0,jai,Jaipur,2026-08-31T09:10:07.352944Z
ChIJwaJjzfK0bTkRuyWKGOQrQxk,Baba Burger,places,en,56,26.8923208,75.74848175,26.891053799999998,75.7509407,0,jai,Jaipur,2026-08-31T09:10:07.352948Z
ChIJ9Zd7bj21bTkR1EZ8UX9lUEE,Cilaantro Cafe & Bakery,places,en,56,26.8923208,75.74848175,26.893875299999998,75.7462077,0,jai,Jaipur,2026-08-31T09:10:07.352953Z
ChIJN2tUUZK0bTkRaPg4aWgqVEs,गुर्जर परांठा सेन्टर,places,en,56,26.8923208,75.74848175,26.893936999999998,75.7462522,0,jai,Jaipur,2026-08-31T09:10:07.352958Z
ChIJKYDia5K0bTkRCndkjWIwEE8,Srs South Indian Dosa Corner,places,en,56,26.8923208,75.74848175,26.894781899999998,75.74763159999999,0,jai,Jaipur,2026-08-31T09:10:07.352963Z
ChIJKeP4iY20bTkR1Yurm6SZHWE,Chole Kulche,places,en,56,26.8923208,75.74848175,26.894892,75.748809,0,jai,Jaipur,2026-08-31T09:10:07.352967Z
ChIJI5gBs8q1bTkRNA_jiRouMJU,AAHAR STORE (THE NUTRITION STORE),places,en,56,26.8923208,75.74848175,26.8937466,75.74605509999999,0,jai,Jaipur,2026-08-31T09:10:07.352972Z
ChIJwT530GS1bTkRsrcbDpyEksA,Vaibhav Complex,places,en,56,26.8923208,75.74848175,26.8949367,75.7481042,0,jai,Jaipur,2026-08-31T09:10:07.352976Z
ChIJuydhXs-zbTkRKf-EP1lx_qE,Royal Chaap,places,en,57,26.98045105,75.76817575,26.9793108,75.76797289999999,0,jai,Jaipur,2026-08-31T09:10:07.696098Z
ChIJF1finy2zbTkR3MQoU-NkFOI,The Food Spot,places,en,57,26.98045105,75.76817575,26.9792383,75.76865370000002,0,jai,Jaipur,2026-08-31T09:10:07.696127Z
ChIJ4e5pHUazbTkRR19ksN9zIn8,Tirupati South Indian Dosa,places,en,57,26.98045105,75.76817575,26.979117,75.76782109999999,0,jai,Jaipur,2026-08-31T09:10:07.696133Z
ChIJ133oi1uybTkRswueG4mCHqU,Kanha Bhog Poha Lassi,places,en,57,26.98045105,75.76817575,26.979037299999998,75.767994,0,jai,Jaipur,2026-08-31T09:10:07.696138Z
ChIJWwF4i1uybTkRGe2bVb2IWz8,Shyam Food Plaza,places,en,57,26.98045105,75.76817575,26.9789992,75.76785319999999,0,jai,Jaipur,2026-08-31T09:10:07.696143Z
ChIJkWuDi1uybTkRNzwFU-1GISE,जय माँ अम्बे चाट भण्डार,places,en,57,26.98045105,75.76817575,26.978995500000003,75.7678725,0,jai,Jaipur,2026-08-31T09:10:07.696147Z
ChIJm5qcHeOzbTkRHa2wZpEuuyc,MOMOS WALA,places,en,57,26.98045105,75.76817575,26.9789416,75.76837680000001,0,jai,Jaipur,2026-08-31T09:10:07.696152Z
ChIJvxzrq_qzbTkR4cKoxZzyGlk,ॐ श्री श्याम Fast food & restaurant,places,en,57,26.98045105,75.76817575,26.9791772,75.7691747,0,jai,Jaipur,2026-08-31T09:10:07.696156Z
ChIJzzpliVSzbTkRjsMZ9zaDp18,MOMOS WALA,places,en,57,26.98045105,75.76817575,26.9794815,75.7697261,0,jai,Jaipur,2026-08-31T09:10:07.696160Z
ChIJnw2QAF2ybTkRWzhNiyS-acY,बालाजी पनीर भण्डार,places,en,57,26.98045105,75.76817575,26.982519999999997,75.7691692,0,jai,Jaipur,2026-08-31T09:10:07.696165Z
ChIJ8wYmwqOzbTkR1tTfvQTvaD4,Shree Ambey Sweets,places,en,57,26.98045105,75.76817575,26.9827728,75.7680144,0,jai,Jaipur,2026-08-31T09:10:07.696175Z
ChIJiUywYeGzbTkR1fEuT4VBXyU,Sharee Ambe sweets,places,en,57,26.98045105,75.76817575,26.9828202,75.7677554,0,jai,Jaipur,2026-08-31T09:10:07.696206Z
ChIJxYdp9z2zbTkR7ahJ8yUwYMw,Suraiya Bano Juice Shop,places,en,57,26.98045105,75.76817575,26.9826466,75.76953499999999,0,jai,Jaipur,2026-08-31T09:10:07.696214Z
ChIJ9yflTWmzbTkRQFiaBCVo2NM,Shari Shyam restaurant,places,en,58,26.9741206,75.76884195,26.974518399999997,75.76906199999999,0,jai,Jaipur,2026-08-31T09:10:08.163990Z
ChIJvTsqHvCzbTkRfTY-rDByKuY,Delhi Ke Masur Chole Kulche,places,en,58,26.9741206,75.76884195,26.9746176,75.7685863,0,jai,Jaipur,2026-08-31T09:10:08.164106Z
ChIJ4_JIllqybTkRwqiXwdOrWek,अजमेरा प्रोपटी डॉलर्स,places,en,58,26.9741206,75.76884195,26.9747626,75.7704751,0,jai,Jaipur,2026-08-31T09:10:08.164123Z
ChIJ680xyNGzbTkRhFZ8dW8dsso,Saini Dhaba,places,en,58,26.9741206,75.76884195,26.975686099999997,75.7682415,0,jai,Jaipur,2026-08-31T09:10:08.164131Z
ChIJ9eelelCybTkRnboctFHyCvE,FLAVOURS Wah,places,en,58,26.9741206,75.76884195,26.9729462,75.7704408,0,jai,Jaipur,2026-08-31T09:10:08.164137Z
ChIJ_S9vfTizbTkRcNjPB9un2Lk,Desi Vibes Restaurant,places,en,58,26.9741206,75.76884195,26.9745566,75.76663359999999,0,jai,Jaipur,2026-08-31T09:10:08.164144Z
ChIJh64jHFqybTkRZZjFPiyU_1M,पदम फूटवियर,places,en,58,26.9741206,75.76884195,26.974404200000002,75.76647679999999,0,jai,Jaipur,2026-08-31T09:10:08.164151Z
ChIJ6ePVyEizbTkR6PP8N50RIP4,EAT AND BITE FAST FOOD,places,en,58,26.9741206,75.76884195,26.976554,75.768877,0,jai,Jaipur,2026-08-31T09:10:08.164156Z
ChIJXSm6cIezbTkRZFmMqoR7bsc,Mithora Kitchen,places,en,58,26.9741206,75.76884195,26.9717687,75.76989499999999,0,jai,Jaipur,2026-08-31T09:10:08.164202Z
ChIJqWyCrH61bTkREkVBsDijL40,Devils den,places,en,59,26.8865303,75.78622634999999,26.8870754,75.78561169999999,0,jai,Jaipur,2026-08-31T09:10:08.580159Z
ChIJK9EJ63u1bTkR0BqpHRlUrro,Baba fast food corner,places,en,59,26.8865303,75.78622634999999,26.8853564,75.7859462,0,jai,Jaipur,2026-08-31T09:10:08.580183Z
ChIJ_WcUC8y1bTkRMYhck6uC6sg,Easy Food Take Away,places,en,59,26.8865303,75.78622634999999,26.885123,75.78601019999999,0,jai,Jaipur,2026-08-31T09:10:08.580189Z
ChIJq8mJZji0bTkRdqtrw02HS7A,साहू रेस्टोरेन्ट,places,en,59,26.8865303,75.78622634999999,26.885444399999997,75.7848077,0,jai,Jaipur,2026-08-31T09:10:08.580194Z
ChIJ0XndFY61bTkRUZrqoYkhyf0,D'minions cafe,places,en,59,26.8865303,75.78622634999999,26.885761700000003,75.78455699999999,0,jai,Jaipur,2026-08-31T09:10:08.580198Z
ChIJpQsDXTi0bTkRb4mVFpjvRiI,जैमन क्रॉकरी हाउस,places,en,59,26.8865303,75.78622634999999,26.8853993,75.78478559999999,0,jai,Jaipur,2026-08-31T09:10:08.580202Z
ChIJ0TsSKi-1bTkRmX0zKfO-AHo,Biryani Brand,places,en,59,26.8865303,75.78622634999999,26.8882588,75.7858461,0,jai,Jaipur,2026-08-31T09:10:08.580207Z
ChIJr3rbIb61bTkRntacsPYYNXI,Swadesi Station,places,en,59,26.8865303,75.78622634999999,26.8882588,75.7858461,0,jai,Jaipur,2026-08-31T09:10:08.580211Z
ChIJlbsUize1bTkRYnBRQR4HhEE,Restaurant,places,en,59,26.8865303,75.78622634999999,26.884935199999997,75.7869477,0,jai,Jaipur,2026-08-31T09:10:08.580215Z
ChIJ5xYrnFy1bTkR8AI5mH57vcY,Rs Cafe,places,en,59,26.8865303,75.78622634999999,26.8858541,75.784195,0,jai,Jaipur,2026-08-31T09:10:08.580219Z
ChIJw1-51vW1bTkRsulvM3G5YWs,Govind Bhojanam,places,en,59,26.8865303,75.78622634999999,26.888582999999997,75.7861216,0,jai,Jaipur,2026-08-31T09:10:08.580223Z
ChIJ4WcMeQC1bTkRuWvg7-U_FLI,रामदेव राजस्थानी रायका होटल,places,en,59,26.8865303,75.78622634999999,26.8883948,75.7872919,0,jai,Jaipur,2026-08-31T09:10:08.580227Z
ChIJU6PkcDm0bTkRNRRcAL-Kp0M,लक्ष्मी रेस्टोरेन्ट,places,en,59,26.8865303,75.78622634999999,26.886857,75.78858890000001,0,jai,Jaipur,2026-08-31T09:10:08.580231Z
ChIJJ54ucDm0bTkRLXyEuw6spGw,Laxmi Pan Palace & Juice Center,places,en,59,26.8865303,75.78622634999999,26.8870571,75.7885861,0,jai,Jaipur,2026-08-31T09:10:08.580235Z
ChIJuc1_bQC1bTkRuTsh8e2j61A,"Saini Special tikkad, chhole bhature",places,en,59,26.8865303,75.78622634999999,26.8875301,75.78860209999999,0,jai,Jaipur,2026-08-31T09:10:08.580239Z
ChIJZTCIzWy1bTkRhFJPd1FDKko,Radhe Radhe restaurant and tiffin centre,places,en,59,26.8865303,75.78622634999999,26.8846379,75.78464439999999,0,jai,Jaipur,2026-08-31T09:10:08.580243Z
ChIJSTrGnTW3bTkRDWy5V6jT2ZY,The Peppers,places,en,59,26.8865303,75.78622634999999,26.8876307,75.78861409999999,0,jai,Jaipur,2026-08-31T09:10:08.580247Z
ChIJvcwHbTi0bTkRnO4aM_4oJCo,पवित्र भोजनालय,places,en,59,26.8865303,75.78622634999999,26.884679300000002,75.7845258,0,jai,Jaipur,2026-08-31T09:10:08.580251Z
ChIJecWQ7Dm0bTkRCVW0Ja-BwBQ,Royal Chicken Shop,places,en,59,26.8865303,75.78622634999999,26.884928,75.7882267,0,jai,Jaipur,2026-08-31T09:10:08.580255Z
ChIJJ1Pq0Ii1bTkR3Ux-e9jJ4oc,Sadik Meet Shop,places,en,59,26.8865303,75.78622634999999,26.884670999999997,75.78820689999999,0,jai,Jaipur,2026-08-31T09:10:08.580260Z
ChIJ9y3T4JW1bTkRp-jDOWGSgFs,"Domino's Pizza | Sahakar Marg, Jaipur",places,en,60,26.89705685,75.7928116,26.8966851,75.7932395,0,jai,Jaipur,2026-08-31T09:10:08.972001Z
ChIJ17msxhC0bTkRCUOGtom9WJM,Tokio,places,en,60,26.89705685,75.7928116,26.8982347,75.7936283,0,jai,Jaipur,2026-08-31T09:10:08.972028Z
ChIJC-1eGmq1bTkREfLg0t8ysjc,Shree Syam Food Counter,places,en,60,26.89705685,75.7928116,26.8989016,75.7936244,0,jai,Jaipur,2026-08-31T09:10:08.972036Z
ChIJa72ecQa1bTkR1WXsAxKh5DU,Arirasa,places,en,60,26.89705685,75.7928116,26.899173,75.7934583,0,jai,Jaipur,2026-08-31T09:10:08.972042Z
ChIJ4yWjxFq1bTkRCnvNXWFeW3s,Suraj Fast Food,places,en,60,26.89705685,75.7928116,26.895052099999997,75.79397639999999,0,jai,Jaipur,2026-08-31T09:10:08.972048Z
ChIJdUnXzp61bTkR7fN-DCzpuZY,Khandelwal Dhaba (Sikar Road Waale),places,en,60,26.89705685,75.7928116,26.8947902,75.7940847,0,jai,Jaipur,2026-08-31T09:10:08.972053Z
ChIJqwEiF6C1bTkR2945bULQdpU,Rajkumar,places,en,60,26.89705685,75.7928116,26.8945278,75.79189389999999,0,jai,Jaipur,2026-08-31T09:10:08.972058Z
ChIJhXebGBe0bTkRkE8j1hFdOAQ,Café Bae,places,en,60,26.89705685,75.7928116,26.899733599999998,75.7928297,0,jai,Jaipur,2026-08-31T09:10:08.972064Z
ChIJf7yuBFOybTkRUAWn78xtZ60,न्यू बोम्बे टेलर्स,places,en,61,26.96314525,75.76949264999999,26.964310100000002,75.7687359,0,jai,Jaipur,2026-08-31T09:10:09.319968Z
ChIJUeKlMb6zbTkR5jFgt6Ql9dY,Mid Night Craves,places,en,61,26.96314525,75.76949264999999,26.964519,75.7692351,0,jai,Jaipur,2026-08-31T09:10:09.319995Z
ChIJ4WduBVOybTkRyNPHeR_6ixQ,बंसल एंटरप्राइजेज,places,en,61,26.96314525,75.76949264999999,26.9643825,75.7684623,0,jai,Jaipur,2026-08-31T09:10:09.320003Z
ChIJV16slw-zbTkRsaopOJki-BY,Kitchen king - Restaurant & Bar,places,en,61,26.96314525,75.76949264999999,26.963063899999998,75.7715588,0,jai,Jaipur,2026-08-31T09:10:09.320009Z
ChIJ5xoiupSzbTkRwlgWoawzaok,Royal Rajasthan family restaurant and cafe,places,en,61,26.96314525,75.76949264999999,26.963139500000004,75.7715846,0,jai,Jaipur,2026-08-31T09:10:09.320014Z
ChIJk-kz4ZqzbTkRykmT0u35z6c,Nirjharna Kitchen,places,en,61,26.96314525,75.76949264999999,26.9631142,75.7716197,0,jai,Jaipur,2026-08-31T09:10:09.320019Z
ChIJwRiFgVKybTkRck0_Hok3dJA,Red Curry & Kebab,places,en,61,26.96314525,75.76949264999999,26.962802099999998,75.77159809999999,0,jai,Jaipur,2026-08-31T09:10:09.320024Z
ChIJ-eUQrFKybTkRnvTaQD9H_-k,नीलागर रेस्टोरेन्ट,places,en,61,26.96314525,75.76949264999999,26.962724599999998,75.7716087,0,jai,Jaipur,2026-08-31T09:10:09.320029Z
ChIJTQwsr1KybTkRZksLRFOs2MI,Alvira Fast Food,places,en,61,26.96314525,75.76949264999999,26.962987199999997,75.7716516,0,jai,Jaipur,2026-08-31T09:10:09.320036Z
ChIJz3LukVKybTkRYWo8x87omrg,HOTEL GMI,places,en,61,26.96314525,75.76949264999999,26.9644484,75.7711429,0,jai,Jaipur,2026-08-31T09:10:09.320041Z
ChIJXVVVZk2ybTkR6lyklvLPSwU,Kanji Sweets,places,en,61,26.96314525,75.76949264999999,26.9637316,75.77165529999999,0,jai,Jaipur,2026-08-31T09:10:09.320046Z
ChIJ_SlWms6zbTkRDOsAjBmWyjU,Yaarii Time,places,en,61,26.96314525,75.76949264999999,26.9616247,75.7714261,0,jai,Jaipur,2026-08-31T09:10:09.320051Z
ChIJKztA1aK1bTkRpU-VHiTj6FM,2 ROTI 2BOTI,places,en,62,26.83054415,75.72823034999999,26.830667299999998,75.7287192,0,jai,Jaipur,2026-08-31T09:10:09.759558Z
ChIJtTtnjla3bTkRgvkauELmzsk,White Devil Restaurant,places,en,63,26.85660135,75.82076599999999,26.8565956,75.8207595,0,jai,Jaipur,2026-08-31T09:10:10.169052Z
ChIJgWC0t222bTkRbpWSsQwUArE,Hotel Apple 9 Jaipur,places,en,63,26.85660135,75.82076599999999,26.856372999999998,75.8208214,0,jai,Jaipur,2026-08-31T09:10:10.169082Z
ChIJpaYLOAC3bTkRs7eBMs_UDLc,The Taste of Rajasthan (TTR KITCHEN),places,en,63,26.85660135,75.82076599999999,26.857059000000003,75.8210529,0,jai,Jaipur,2026-08-31T09:10:10.169089Z
ChIJa2px8zq3bTkRTOiWyVa_ly0,Chabra's Restaurant,places,en,63,26.85660135,75.82076599999999,26.8560122,75.82041079999999,0,jai,Jaipur,2026-08-31T09:10:10.169094Z
ChIJAZbRP3q3bTkRCTqgUtzkD5U,Shree Balaji motors,places,en,63,26.85660135,75.82076599999999,26.856077499999998,75.8202196,0,jai,Jaipur,2026-08-31T09:10:10.169100Z
ChIJsYfqlW22bTkRR9FubunEO54,Mahaveer Pavitra Bhojnalaya,places,en,63,26.85660135,75.82076599999999,26.8561521,75.82010280000002,0,jai,Jaipur,2026-08-31T09:10:10.169105Z
ChIJ9dJUFRG3bTkR8r2OPW1_XSw,Mummy Kitchen: Tiffin Service,places,en,63,26.85660135,75.82076599999999,26.8555676,75.82097879999999,0,jai,Jaipur,2026-08-31T09:10:10.169110Z
ChIJs9K4QAC3bTkRjyICBLM20cM,Sanvalram (सांवलराम) kachori Namkeen Bhandar,places,en,63,26.85660135,75.82076599999999,26.855846999999997,75.819919,0,jai,Jaipur,2026-08-31T09:10:10.169115Z
ChIJqfgGWAC3bTkRtiy2LjrVnlw,SHREE SHYAM TIFFIN CENTRE,places,en,63,26.85660135,75.82076599999999,26.8577813,75.8206103,0,jai,Jaipur,2026-08-31T09:10:10.169120Z
ChIJ2-yGfEy3bTkROsmZEqb-MTc,BOMBAY ROLL EXPRESS,places,en,63,26.85660135,75.82076599999999,26.8577083,75.8201484,0,jai,Jaipur,2026-08-31T09:10:10.169125Z
ChIJyQSaFQC3bTkRYQqYTUL8fKs,Radhe govind fastfood cornar,places,en,63,26.85660135,75.82076599999999,26.8571745,75.8220774,0,jai,Jaipur,2026-08-31T09:10:10.169130Z
ChIJ-RsOQgC3bTkROgKQqkg6eBU,Osam food.s,places,en,63,26.85660135,75.82076599999999,26.8555919,75.8221233,0,jai,Jaipur,2026-08-31T09:10:10.169135Z
ChIJ1wVk1lK3bTkRUvH6V1Q7o_8,Sarvotham Biryani The Taste of Hyderabadi,places,en,63,26.85660135,75.82076599999999,26.8561172,75.8189671,0,jai,Jaipur,2026-08-31T09:10:10.169139Z
ChIJqYi6B-e3bTkRC1hhDBwmyCE,Captain Bills,places,en,63,26.85660135,75.82076599999999,26.856409,75.8188942,0,jai,Jaipur,2026-08-31T09:10:10.169144Z
ChIJ3a1B_F23bTkRtfAE9fdC-do,THE DIAlY DOSE CAFE,places,en,63,26.85660135,75.82076599999999,26.858146599999998,75.8198731,0,jai,Jaipur,2026-08-31T09:10:10.169149Z
ChIJ_cMBnT23bTkRhT8zvV-6GJw,GharChakkar Foods (Cafe and Tiffin Center),places,en,63,26.85660135,75.82076599999999,26.854885499999998,75.8209585,0,jai,Jaipur,2026-08-31T09:10:10.169153Z
ChIJG7OF-Qi2bTkRr4XIdC3gtAE,Jayka Restaurant,places,en,63,26.85660135,75.82076599999999,26.8564184,75.8188377,0,jai,Jaipur,2026-08-31T09:10:10.169158Z
ChIJlQQnE--3bTkRXJoIf6aiTG0,Mohit Fastfood Centre,places,en,63,26.85660135,75.82076599999999,26.858481299999998,75.8211402,0,jai,Jaipur,2026-08-31T09:10:10.169163Z
ChIJvfKbdAC1bTkRWD4yIGOUBM0,TheOneTara,places,en,64,26.87735435,75.79437425,26.8778899,75.7944729,0,jai,Jaipur,2026-08-31T09:10:10.552766Z
ChIJATxwHjK0bTkRJgYJXD2mvnc,Shagun Kangan Udhyog,places,en,64,26.87735435,75.79437425,26.8781489,75.79414899999999,0,jai,Jaipur,2026-08-31T09:10:10.552799Z
ChIJowH_BjK0bTkR-jUU9SQh0og,The urban tadka,places,en,64,26.87735435,75.79437425,26.877855000000004,75.79509,0,jai,Jaipur,2026-08-31T09:10:10.552808Z
ChIJNaTlcAC1bTkRDli983kHTIg,Momo Swag,places,en,64,26.87735435,75.79437425,26.8782251,75.7939834,0,jai,Jaipur,2026-08-31T09:10:10.552815Z
ChIJSUnECAC1bTkRd-2vtbbjo64,Samosa King | Barkat Nagar,places,en,64,26.87735435,75.79437425,26.8785888,75.7934037,0,jai,Jaipur,2026-08-31T09:10:10.552821Z
ChIJRcuyEbu1bTkRVBDK_dvSQOg,Diet'o,places,en,64,26.87735435,75.79437425,26.8775293,75.7960555,0,jai,Jaipur,2026-08-31T09:10:10.552826Z
ChIJQcXqbo-1bTkRoKrXp0k6Mf8,Shree shyam tiffin center,places,en,64,26.87735435,75.79437425,26.878199799999997,75.7929113,0,jai,Jaipur,2026-08-31T09:10:10.552832Z
ChIJ7eUdUJm1bTkRp1y-JkA0_Rg,Sona's Healthy Sancks & Restaurant,places,en,64,26.87735435,75.79437425,26.878683799999997,75.7933524,0,jai,Jaipur,2026-08-31T09:10:10.552837Z
ChIJWZg67S20bTkRyAbTOyNG3TA,Rangrasiya Kitchen Food,places,en,64,26.87735435,75.79437425,26.877098200000002,75.7961407,0,jai,Jaipur,2026-08-31T09:10:10.552843Z
ChIJXSpfVyi1bTkRB8gyFfDQW8I,Muskan yummy tifin center,places,en,64,26.87735435,75.79437425,26.877081099999998,75.7963327,0,jai,Jaipur,2026-08-31T09:10:10.552853Z
ChIJbSrLiDG0bTkRotfXhhibPuU,Ram Chandra Dosa Wala,places,en,64,26.87735435,75.79437425,26.878688099999998,75.79300239999999,0,jai,Jaipur,2026-08-31T09:10:10.552862Z
ChIJAdRc7xC1bTkRDw3E44ifJyU,Sanskriti chaat veg biryani,places,en,64,26.87735435,75.79437425,26.8785647,75.79586239999999,0,jai,Jaipur,2026-08-31T09:10:10.552868Z
ChIJv83jNae1bTkRmrG7OwXPSyw,Bunty Da Dhaba,places,en,64,26.87735435,75.79437425,26.878482500000004,75.796244,0,jai,Jaipur,2026-08-31T09:10:10.552873Z
ChIJj2Rmb5e1bTkR6dJEeWnMUNY,Food corner jaipur barkat nagar,places,en,64,26.87735435,75.79437425,26.878799899999997,75.7927108,0,jai,Jaipur,2026-08-31T09:10:10.552878Z
ChIJ6aJXsyG1bTkRXqnQLNW1OJY,Goverdhan Ji Pakodi Wale,places,en,64,26.87735435,75.79437425,26.877834300000004,75.79664009999999,0,jai,Jaipur,2026-08-31T09:10:10.552884Z
ChIJD4IWoB61bTkRHUoDOUUfMnA,Annakoot restro,places,en,64,26.87735435,75.79437425,26.878619,75.7924793,0,jai,Jaipur,2026-08-31T09:10:10.552889Z
ChIJW6xgQl21bTkRlW4QdiwRMFE,Manish Resturent,places,en,64,26.87735435,75.79437425,26.878494,75.7963752,0,jai,Jaipur,2026-08-31T09:10:10.552894Z
ChIJU1nowS20bTkRUsf7TdGe37g,गुरु कृपा फुटवियर,places,en,64,26.87735435,75.79437425,26.8773686,75.7967826,0,jai,Jaipur,2026-08-31T09:10:10.552900Z
ChIJ641BwYW1bTkRKAgVPWTGRgA,Om Pavitra Bhojnalya,places,en,64,26.87735435,75.79437425,26.878571,75.796414,0,jai,Jaipur,2026-08-31T09:10:10.552904Z
ChIJr9VC2pG1bTkR80V17MjsKR0,fresh flavors,places,en,65,26.87265035,75.78372055,26.8735899,75.7833603,0,jai,Jaipur,2026-08-31T09:10:10.962855Z
ChIJJ4pmdJm1bTkR1214qvARpXk,Angel's pizza,places,en,65,26.87265035,75.78372055,26.8709165,75.7817965,0,jai,Jaipur,2026-08-31T09:10:10.962879Z
ChIJkbg0UHW1bTkR3XBkrp8a_HM,Rajwadi Dhaba,places,en,65,26.87265035,75.78372055,26.8709165,75.7817965,0,jai,Jaipur,2026-08-31T09:10:10.962885Z
ChIJxX3Q2U-1bTkRta7BgzuOYvs,cha pani cafe,places,en,65,26.87265035,75.78372055,26.8706331,75.7821262,0,jai,Jaipur,2026-08-31T09:10:10.962890Z
ChIJG9KArqe1bTkR4ivoxlD9IEs,Pomp cafe,places,en,65,26.87265035,75.78372055,26.870824799999998,75.78174539999999,0,jai,Jaipur,2026-08-31T09:10:10.962894Z
ChIJtZT1RAC1bTkRd6RU4FpLglY,जय श्री सांवरिया सेठ छोले कुलचे वाला,places,en,65,26.87265035,75.78372055,26.8711783,75.781212,0,jai,Jaipur,2026-08-31T09:10:10.962899Z
ChIJiyySnKq1bTkRP6Mb3VWhS_I,Vdm restaurant and cafe,places,en,66,26.873141699999998,75.7895079,26.8731603,75.7905559,0,jai,Jaipur,2026-08-31T09:10:11.376408Z
ChIJCwF3SAC1bTkRk3Sm6XMyR4M,Kalpna roy,places,en,66,26.873141699999998,75.7895079,26.872568299999998,75.790373,0,jai,Jaipur,2026-08-31T09:10:11.376437Z
ChIJFzUCyem1bTkR1WlJMhQsCOY,Sardar Ji,places,en,66,26.873141699999998,75.7895079,26.873952499999998,75.7906544,0,jai,Jaipur,2026-08-31T09:10:11.376445Z
ChIJrZe5bTO0bTkRdhyp31bBk7A,On Fresh Juice Land,places,en,66,26.873141699999998,75.7895079,26.8742077,75.7906297,0,jai,Jaipur,2026-08-31T09:10:11.376451Z
ChIJ69BOXeC1bTkReVpoTN-CzGw,Pandit Ji Nashta Palace,places,en,66,26.873141699999998,75.7895079,26.8743468,75.7907457,0,jai,Jaipur,2026-08-31T09:10:11.376457Z
ChIJ-0_hr1-1bTkRAteFjmJIo3U,New Anushma Tifin Center,places,en,66,26.873141699999998,75.7895079,26.873371100000004,75.7874941,0,jai,Jaipur,2026-08-31T09:10:11.376462Z
ChIJvYVjSUa1bTkRV-8LYbgnqsE,Brijwasi Sweet Corner And Chat Bhandar,places,en,66,26.873141699999998,75.7895079,26.8715366,75.7904822,0,jai,Jaipur,2026-08-31T09:10:11.376468Z
ChIJA0ubzHK1bTkRIaSlsqb-UK8,DeepJyoti pavitra bhojnalaya,places,en,66,26.873141699999998,75.7895079,26.8730788,75.7873168,0,jai,Jaipur,2026-08-31T09:10:11.376473Z
ChIJdawMSsu1bTkRm-ROAcRRD74,Shiv Gajak And Juice Center,places,en,66,26.873141699999998,75.7895079,26.8715913,75.7881432,0,jai,Jaipur,2026-08-31T09:10:11.376478Z
ChIJQVseTQC1bTkR3Aju5W3PJAk,Jai Jagdamba Special Tikkad,places,en,66,26.873141699999998,75.7895079,26.8721875,75.78756249999999,0,jai,Jaipur,2026-08-31T09:10:11.376483Z
ChIJ5SK81l21bTkRyRZNyK9l8fs,Balaji Cafe,places,en,66,26.873141699999998,75.7895079,26.8713032,75.79030019999999,0,jai,Jaipur,2026-08-31T09:10:11.376489Z
ChIJ1zn-Wqa1bTkRFne7Y4hhEh0,Kachori And Curry Company,places,en,66,26.873141699999998,75.7895079,26.874319699999997,75.78767270000002,0,jai,Jaipur,2026-08-31T09:10:11.376494Z
ChIJxQr2n9i1bTkRG_jHWkWrIzk,The Daily Delight Restaurant,places,en,66,26.873141699999998,75.7895079,26.8743423,75.7876749,0,jai,Jaipur,2026-08-31T09:10:11.376499Z
ChIJ57aXaxC1bTkRM1q82x9-S1o,Kesar dhaba,places,en,66,26.873141699999998,75.7895079,26.8745969,75.7877318,0,jai,Jaipur,2026-08-31T09:10:11.376504Z
ChIJ0-DhFwS1bTkRmLLNkNRwFxg,Shekhawati Chai Vah Juice Point,places,en,66,26.873141699999998,75.7895079,26.8741208,75.7917595,0,jai,Jaipur,2026-08-31T09:10:11.376509Z
ChIJp-O-eTa1bTkRzAPHqDF61ps,B.L.FAST FOOD,places,en,66,26.873141699999998,75.7895079,26.8741238,75.79177589999999,0,jai,Jaipur,2026-08-31T09:10:11.376514Z
ChIJg8k1u-S1bTkRJ3GAwJDebEM,Food N Fun Cafe,places,en,66,26.873141699999998,75.7895079,26.870814600000003,75.7901981,0,jai,Jaipur,2026-08-31T09:10:11.376519Z
ChIJ54FhNNK1bTkR0FhPpA4ES-s,Manu Cafe,places,en,66,26.873141699999998,75.7895079,26.8707483,75.7901554,0,jai,Jaipur,2026-08-31T09:10:11.376524Z
ChIJR_A0Sm21bTkRwlmyHFxmRsY,Shubham Restaurant & Dhaba,places,en,66,26.873141699999998,75.7895079,26.8706455,75.79027359999999,0,jai,Jaipur,2026-08-31T09:10:11.376529Z
ChIJ0_X_l8y1bTkRt2XdKzbe4O4,लक्ष्मी पवित्र भोजनालय,places,en,66,26.873141699999998,75.7895079,26.870589499999998,75.79004979999999,0,jai,Jaipur,2026-08-31T09:10:11.376534Z
ChIJJYpkbli1bTkRvBHyd1c4d_g,Shankar Chat Center,places,en,67,26.876613,75.76919815,26.8781611,75.76883090000001,0,jai,Jaipur,2026-08-31T09:10:11.828901Z
ChIJc7M8MoK1bTkRSIePcMGaZnk,Aarohi Tiffin Centre.,places,en,67,26.876613,75.76919815,26.8753371,75.7679915,0,jai,Jaipur,2026-08-31T09:10:11.828926Z
ChIJ7xAVSeW1bTkRXo6yZgMBAVQ,Jeeman rasoi,places,en,67,26.876613,75.76919815,26.8777486,75.7677099,0,jai,Jaipur,2026-08-31T09:10:11.828933Z
ChIJhQn5YgC1bTkRQu87hLgIXEk,Satish meena,places,en,67,26.876613,75.76919815,26.874937199999998,75.7683995,0,jai,Jaipur,2026-08-31T09:10:11.828937Z
ChIJv63CRqW1bTkRrSDz40g07V0,Uttarakhand fast food center,places,en,67,26.876613,75.76919815,26.874937199999998,75.7683995,0,jai,Jaipur,2026-08-31T09:10:11.828942Z
ChIJbzTyYQC1bTkRP4d3WZ5GGzM,Gurjar ki thadi and fast food restaurant,places,en,67,26.876613,75.76919815,26.874937199999998,75.7683995,0,jai,Jaipur,2026-08-31T09:10:11.828946Z
ChIJu4jV41O0bTkR-cT-g6PElvY,Happy Plate Services,places,en,67,26.876613,75.76919815,26.875401399999998,75.7672918,0,jai,Jaipur,2026-08-31T09:10:11.828950Z
ChIJkR4AQJu1bTkRH44xX5eids8,ALWAR DABA,places,en,67,26.876613,75.76919815,26.876613799999998,75.7667567,0,jai,Jaipur,2026-08-31T09:10:11.828954Z
ChIJ1awzXgC1bTkR85CHu4GsubM,Indori Original Paneer Poha,places,en,67,26.876613,75.76919815,26.876689,75.76675449999999,0,jai,Jaipur,2026-08-31T09:10:11.828958Z
ChIJyThJOG21bTkRNoMzADL1O5c,Marbad Tea Point,places,en,67,26.876613,75.76919815,26.874446499999998,75.7686013,0,jai,Jaipur,2026-08-31T09:10:11.828962Z
ChIJ2buHT621bTkR__pGCgBdYJE,Cafe Coffee,places,en,67,26.876613,75.76919815,26.8777153,75.7669786,0,jai,Jaipur,2026-08-31T09:10:11.828965Z
ChIJp90ieHO1bTkRxneIzhcV2Ww,Shekhawati Tadka Dhaba,places,en,67,26.876613,75.76919815,26.877985199999998,75.7712433,0,jai,Jaipur,2026-08-31T09:10:11.828969Z
ChIJzVN-RAC1bTkREM5OqKJOffQ,Kanha Ji chai,places,en,67,26.876613,75.76919815,26.877924999999998,75.77139799999999,0,jai,Jaipur,2026-08-31T09:10:11.828973Z
ChIJOTzo80u1bTkRHkys2UMvsfg,Gb Family Restaurant,places,en,67,26.876613,75.76919815,26.876239899999998,75.7665272,0,jai,Jaipur,2026-08-31T09:10:11.828977Z
ChIJScwRrDm1bTkR1-1mp6zkA0E,Foji dhaba and restaurant,places,en,67,26.876613,75.76919815,26.87635,75.7665025,0,jai,Jaipur,2026-08-31T09:10:11.828981Z
ChIJ95dLOwC1bTkR8KC7YYpRCO4,Shree Sanwaliya seth restaurant and dhaba,places,en,67,26.876613,75.76919815,26.8762418,75.76651489999999,0,jai,Jaipur,2026-08-31T09:10:11.828985Z
ChIJlaCpX-W1bTkRaz6hierQSk4,guruvar bhojnalay or sabjiwala,places,en,67,26.876613,75.76919815,26.8765681,75.76644399999999,0,jai,Jaipur,2026-08-31T09:10:11.828989Z
ChIJ2yX0M1G0bTkRXtbLRdD0jp8,STONER'S KITCHEN,places,en,67,26.876613,75.76919815,26.8772803,75.7665131,0,jai,Jaipur,2026-08-31T09:10:11.828992Z
ChIJP6lRzYS1bTkRD3-76ZMJ0bg,Nosh 24*7,places,en,67,26.876613,75.76919815,26.8790585,75.7686367,0,jai,Jaipur,2026-08-31T09:10:11.828996Z
ChIJLcjvtCi1bTkRbXRg2grJZz8,Gumano Delicious,places,en,67,26.876613,75.76919815,26.8773733,75.766532,0,jai,Jaipur,2026-08-31T09:10:11.829000Z
ChIJWYcLCay3bTkR3niPhkLNNhY,TIFFIN Ka ADDA,places,en,68,26.84769525,75.8133732,26.8471623,75.81295879999999,0,jai,Jaipur,2026-08-31T09:10:12.271977Z
ChIJPQWXhwu2bTkR5ErfD3CpbkM,आडवानी सब्जी भण्डार,places,en,68,26.84769525,75.8133732,26.8478773,75.812643,0,jai,Jaipur,2026-08-31T09:10:12.272007Z
ChIJvyN2bAC3bTkRCjIMt30xAtk,THE ROLL STREET,places,en,68,26.84769525,75.8133732,26.846995099999997,75.8140051,0,jai,Jaipur,2026-08-31T09:10:12.272014Z
ChIJf169Gk63bTkRb-ZCFSSIn2Q,Chawlas Non Veg Take Away,places,en,68,26.84769525,75.8133732,26.847136199999998,75.8142151,0,jai,Jaipur,2026-08-31T09:10:12.272020Z
ChIJ8SjqGnC3bTkRF79VKLVuz84,Priti’s Rannaghar (kitchen),places,en,68,26.84769525,75.8133732,26.8471802,75.81427579999999,0,jai,Jaipur,2026-08-31T09:10:12.272026Z
ChIJM4-Z3gq3bTkRaoD46fWZQfE,Loon mirch,places,en,68,26.84769525,75.8133732,26.847040099999997,75.8142495,0,jai,Jaipur,2026-08-31T09:10:12.272031Z
ChIJgfgEcQq2bTkRVRWoUv2D-o8,Roll Express,places,en,68,26.84769525,75.8133732,26.847085399999997,75.81430280000001,0,jai,Jaipur,2026-08-31T09:10:12.272037Z
ChIJ_eYUBQy2bTkRN5HQ8pDkkSc,Punjabi Tadka Dhaba,places,en,68,26.84769525,75.8133732,26.847079899999997,75.81430979999999,0,jai,Jaipur,2026-08-31T09:10:12.272042Z
ChIJCQnKPwy2bTkRFNpOHkbFFRo,PURE VEGA TAKEAWAY & RESTAURANT,places,en,68,26.84769525,75.8133732,26.847052700000003,75.8142872,0,jai,Jaipur,2026-08-31T09:10:12.272047Z
ChIJFXjbns-1bTkRTG9iV4U6bno,Brunch And Drunch Cafe,places,en,68,26.84769525,75.8133732,26.847207299999997,75.81442419999999,0,jai,Jaipur,2026-08-31T09:10:12.272051Z
ChIJyWYOE5S3bTkRvxIk6NQhjPs,Meat O' Clock By Arora's,places,en,68,26.84769525,75.8133732,26.847117700000002,75.81436599999999,0,jai,Jaipur,2026-08-31T09:10:12.272056Z
ChIJ3XQ-6FO3bTkRvY-eD01b1u8,RMD PIZZA,places,en,68,26.84769525,75.8133732,26.8466638,75.8128326,0,jai,Jaipur,2026-08-31T09:10:12.272061Z
ChIJ-yKpuI-3bTkRsQ3B6JDg-uQ,Maneesh Kumar Sharma,places,en,68,26.84769525,75.8133732,26.8468257,75.8142101,0,jai,Jaipur,2026-08-31T09:10:12.272066Z
ChIJo1gNgKO3bTkRrQDkyte7VfM,Garam Masala Restaurant,places,en,68,26.84769525,75.8133732,26.848426999999997,75.81233979999999,0,jai,Jaipur,2026-08-31T09:10:12.272071Z
ChIJBUJe9jq3bTkRkd4WRHKO2Zk,BABA Dal ke pakode & juice,places,en,68,26.84769525,75.8133732,26.846477399999998,75.81340089999999,0,jai,Jaipur,2026-08-31T09:10:12.272075Z
ChIJH7F2e_m3bTkRi8k6DV-pfHE,Kings Roll,places,en,68,26.84769525,75.8133732,26.846988800000002,75.8146106,0,jai,Jaipur,2026-08-31T09:10:12.272080Z
ChIJUduOLJi3bTkRlaSa-fJCCd4,The Vibrant Lounge & Bistro,places,en,68,26.84769525,75.8133732,26.848944099999997,75.8140667,0,jai,Jaipur,2026-08-31T09:10:12.272087Z
ChIJY2Iv3t-3bTkRJZMwJaQ8cPQ,Shree Nath Food Point | Family Restaurant,places,en,68,26.84769525,75.8133732,26.848834,75.8144101,0,jai,Jaipur,2026-08-31T09:10:12.272093Z
ChIJkzH31-a3bTkRrpr0F38hh78,Namkeen Wala's,places,en,68,26.84769525,75.8133732,26.8492367,75.8128448,0,jai,Jaipur,2026-08-31T09:10:12.272097Z
ChIJZ0-7Lia3bTkRAGh3Nj1EXOE,Creme n crunch,places,en,68,26.84769525,75.8133732,26.8477924,75.81521099999999,0,jai,Jaipur,2026-08-31T09:10:12.272102Z
ChIJX9YB0w61bTkR4KZHXyR3Kow,Khana Khazana,places,en,69,26.878542500000002,75.77849635000001,26.8791613,75.7793196,0,jai,Jaipur,2026-08-31T09:10:12.631645Z
ChIJLU_6p-S1bTkRnRbD9gcvAJE,Swastik tiffin services,places,en,69,26.878542500000002,75.77849635000001,26.880004399999997,75.7786538,0,jai,Jaipur,2026-08-31T09:10:12.631675Z
ChIJUdYPkRW1bTkRd0gwWbFlbRw,KARAM'S CLOUD KITCHEN,places,en,69,26.878542500000002,75.77849635000001,26.8799161,75.7779166,0,jai,Jaipur,2026-08-31T09:10:12.631683Z
ChIJ13aDRAC1bTkRW6KsiHkIXrg,Kutumb shudh Shakahari,places,en,69,26.878542500000002,75.77849635000001,26.8778687,75.7800017,0,jai,Jaipur,2026-08-31T09:10:12.631689Z
ChIJAVi2IZa1bTkREtEZKMQtApc,STUDENT CAFE AND RESTO,places,en,69,26.878542500000002,75.77849635000001,26.8784412,75.776774,0,jai,Jaipur,2026-08-31T09:10:12.631694Z
ChIJ2fUJAQC1bTkRFJrissuJeF8,श्री श्याम भोजनालय,places,en,69,26.878542500000002,75.77849635000001,26.878527000000002,75.7767104,0,jai,Jaipur,2026-08-31T09:10:12.631700Z
ChIJ-Su2LgC1bTkRsB3M76qbwZQ,Gulabi chowk,places,en,69,26.878542500000002,75.77849635000001,26.877747400000004,75.7800894,0,jai,Jaipur,2026-08-31T09:10:12.631705Z
ChIJj-WmDAC1bTkRRTBPzOmK5Cc,Zayka Chowk,places,en,69,26.878542500000002,75.77849635000001,26.877726600000003,75.7801317,0,jai,Jaipur,2026-08-31T09:10:12.631710Z
ChIJE1xiUAC1bTkRg9TvkEdbuiE,Shree Shyam ke sir chai,places,en,69,26.878542500000002,75.77849635000001,26.8786538,75.7765917,0,jai,Jaipur,2026-08-31T09:10:12.631717Z
ChIJm5foMtq1bTkRg8WDcEIxmfU,Shree Shyam Restaurant,places,en,69,26.878542500000002,75.77849635000001,26.877793999999998,75.7802457,0,jai,Jaipur,2026-08-31T09:10:12.631722Z
ChIJJbTWURe1bTkR-P1j-MLopwg,Oran restaurant&Cafe,places,en,69,26.878542500000002,75.77849635000001,26.8780279,75.7766479,0,jai,Jaipur,2026-08-31T09:10:12.631727Z
ChIJV4-uMvi1bTkRYH8Sxgxbo6E,Spice & Rice,places,en,69,26.878542500000002,75.77849635000001,26.877501799999997,75.7800743,0,jai,Jaipur,2026-08-31T09:10:12.631732Z
ChIJNSDAaQC1bTkRrf8EwupmLOs,Chatkara cafe & Restaurant,places,en,69,26.878542500000002,75.77849635000001,26.878843699999997,75.7765584,0,jai,Jaipur,2026-08-31T09:10:12.631737Z
ChIJQ4-izB-1bTkRwOZvr3Cm5Ps,jiman thal restaurant,places,en,69,26.878542500000002,75.77849635000001,26.8777598,75.7802643,0,jai,Jaipur,2026-08-31T09:10:12.631742Z
ChIJN81GEKe1bTkR7mzUxFSMEUo,The Recipe House,places,en,69,26.878542500000002,75.77849635000001,26.8788347,75.7765517,0,jai,Jaipur,2026-08-31T09:10:12.631747Z
ChIJYxEoQwC1bTkRIRgywlI0Zuc,Chatkara Cafe & RESTAURANT,places,en,69,26.878542500000002,75.77849635000001,26.878850999999997,75.7765496,0,jai,Jaipur,2026-08-31T09:10:12.631752Z
ChIJbVBqeAC1bTkR_HPi16OB4-0,Pandit Ji Pavbhaji,places,en,69,26.878542500000002,75.77849635000001,26.877754399999997,75.78027159999999,0,jai,Jaipur,2026-08-31T09:10:12.631757Z
ChIJTYKbMje1bTkR-TDUvfi7qOM,Kushwahaji Patashi Center,places,en,69,26.878542500000002,75.77849635000001,26.879162899999997,75.7766262,0,jai,Jaipur,2026-08-31T09:10:12.631762Z
ChIJj8KvzJ61bTkRjzuETPgXEzI,The Chaap Stand,places,en,69,26.878542500000002,75.77849635000001,26.877740799999998,75.7802784,0,jai,Jaipur,2026-08-31T09:10:12.631766Z
ChIJkSEAEAC1bTkRO3S_kNbE-NU,Aunty Paratha,places,en,69,26.878542500000002,75.77849635000001,26.8795537,75.77681559999999,0,jai,Jaipur,2026-08-31T09:10:12.631771Z
ChIJj6hq3_S3bTkR1eIWGws_p9g,Douse Rooftop & Restaurant,places,en,70,26.85630065,75.8125534,26.855536999999998,75.813203,0,jai,Jaipur,2026-08-31T09:10:13.000526Z
ChIJZ25hjnO2bTkRqLOj8oCtnkY,Raja Chhole Kulche.,places,en,70,26.85630065,75.8125534,26.8554191,75.81310909999999,0,jai,Jaipur,2026-08-31T09:10:13.000557Z
ChIJp3FfjnO2bTkRWQUk3etpXQM,Shri Ram Poha Centre,places,en,70,26.85630065,75.8125534,26.85538,75.81320649999999,0,jai,Jaipur,2026-08-31T09:10:13.000566Z
ChIJhXzFpyu3bTkRAo7CEOn3CVk,Mahendra Kirana,places,en,70,26.85630065,75.8125534,26.8575567,75.8127179,0,jai,Jaipur,2026-08-31T09:10:13.000572Z
ChIJpf5ui1a3bTkRVud2THV5pUw,Balaji Burger King,places,en,70,26.85630065,75.8125534,26.8550488,75.8126885,0,jai,Jaipur,2026-08-31T09:10:13.000581Z
ChIJxShj1-O3bTkRLPK2xyMOAs4,Maa Bhawani Dal Bati,places,en,70,26.85630065,75.8125534,26.8559573,75.8139471,0,jai,Jaipur,2026-08-31T09:10:13.000586Z
ChIJI3DbcHS2bTkR6XV0TkF1ybM,AAHAR FAMILY RESTAURANT,places,en,70,26.85630065,75.8125534,26.8550187,75.8124014,0,jai,Jaipur,2026-08-31T09:10:13.000591Z
ChIJFWem3fy3bTkRYrLA837h8qw,Town Coffee Ampio,places,en,70,26.85630065,75.8125534,26.8576472,75.8130651,0,jai,Jaipur,2026-08-31T09:10:13.000596Z
ChIJuZRzf3S2bTkR582SQEHPoWk,Manpasand Restaurant,places,en,70,26.85630065,75.8125534,26.854761099999997,75.8127872,0,jai,Jaipur,2026-08-31T09:10:13.000601Z
ChIJl9epVlW3bTkRjcSQYeNe9p8,"Chawla Chicken, Mutton and Fish Center",places,en,70,26.85630065,75.8125534,26.8547342,75.8129184,0,jai,Jaipur,2026-08-31T09:10:13.000606Z
ChIJnV92mnu3bTkRHGTHfkjwHx8,Desi Chatka,places,en,70,26.85630065,75.8125534,26.854807200000003,75.8136507,0,jai,Jaipur,2026-08-31T09:10:13.000612Z
ChIJs0ockKq3bTkRQmzJ08aVZTY,AARAV HOSPITALITY,places,en,70,26.85630065,75.8125534,26.858177299999998,75.8114087,0,jai,Jaipur,2026-08-31T09:10:13.000617Z
ChIJiVm6UoO3bTkRJ9KnlBHJaOU,Jeypore Restaurant and Banquet,places,en,70,26.85630065,75.8125534,26.8581875,75.81138969999999,0,jai,Jaipur,2026-08-31T09:10:13.000622Z
ChIJs2agpEm3bTkR4gzG-2Jexxc,Bikkgane Biryani,places,en,70,26.85630065,75.8125534,26.8544675,75.8138821,0,jai,Jaipur,2026-08-31T09:10:13.000627Z
ChIJdYvPb_23bTkRnzT2n1me0w8,Shubham Nonveg center,places,en,70,26.85630065,75.8125534,26.858408299999997,75.8116454,0,jai,Jaipur,2026-08-31T09:10:13.000631Z
ChIJUxTsjR23bTkRSx9aCjVOcsM,Krishna Misthan Bhandar,places,en,70,26.85630065,75.8125534,26.8551874,75.8102282,0,jai,Jaipur,2026-08-31T09:10:13.000636Z
ChIJLZp2ayu1bTkRli_PFhx8q_I,Mansingh Parata,places,en,71,26.85209755,75.78807685000001,26.851658699999998,75.7889331,0,jai,Jaipur,2026-08-31T09:10:13.440235Z
ChIJk9WuTkK1bTkRcNPELicCwO8,Chole Bhature,places,en,71,26.85209755,75.78807685000001,26.8519859,75.7869235,0,jai,Jaipur,2026-08-31T09:10:13.440265Z
ChIJP35tzWi1bTkRWX4FgVKx6fQ,K3 restaurant and rest house,places,en,71,26.85209755,75.78807685000001,26.8531974,75.7878404,0,jai,Jaipur,2026-08-31T09:10:13.440274Z
ChIJA04wOwC1bTkRnSxdmCPafOQ,Shree Mahaveer Silky Banana Chips,places,en,71,26.85209755,75.78807685000001,26.8512854,75.7896087,0,jai,Jaipur,2026-08-31T09:10:13.440279Z
ChIJoyXUtCe1bTkReEi3hX1dQTw,Poha Center,places,en,71,26.85209755,75.78807685000001,26.851217799999997,75.7900985,0,jai,Jaipur,2026-08-31T09:10:13.440285Z
ChIJu5xwSca1bTkRZb8z6aCvCYg,Chicken shop,places,en,71,26.85209755,75.78807685000001,26.851729,75.7858469,0,jai,Jaipur,2026-08-31T09:10:13.440291Z
ChIJNZWDwBe1bTkREk0lXARddyc,"Clove Kitchen (Soya chaap , Panner tikka , momos and more",places,en,71,26.85209755,75.78807685000001,26.851733199999998,75.7857528,0,jai,Jaipur,2026-08-31T09:10:13.440297Z
ChIJBYg8z1O1bTkRHxLfwLnvVjs,Healthy Haabit'z,places,en,71,26.85209755,75.78807685000001,26.8516618,75.7904217,0,jai,Jaipur,2026-08-31T09:10:13.440302Z
ChIJAwnVPG-1bTkRVnbMOcsqoAA,Annapurna pudi sabji wale,places,en,71,26.85209755,75.78807685000001,26.8499305,75.7876579,0,jai,Jaipur,2026-08-31T09:10:13.440307Z
ChIJVxZGze-1bTkR0TQPJjlN4j4,UTSAV Restaurant,places,en,71,26.85209755,75.78807685000001,26.8545059,75.78792969999999,0,jai,Jaipur,2026-08-31T09:10:13.440312Z
ChIJCUCIRqa1bTkR2f7QTsE_1-s,MaMa MoMo KinG,places,en,71,26.85209755,75.78807685000001,26.8510544,75.7905038,0,jai,Jaipur,2026-08-31T09:10:13.440317Z
ChIJ04Jl3bq1bTkRhFPa5oQCreY,MOJNTA TEA STALL,places,en,71,26.85209755,75.78807685000001,26.8545153,75.7878119,0,jai,Jaipur,2026-08-31T09:10:13.440322Z
ChIJ84S7_Rm1bTkRRhnkJnzbSsI,Swaad Wala's,places,en,71,26.85209755,75.78807685000001,26.854537999999998,75.78811230000001,0,jai,Jaipur,2026-08-31T09:10:13.440327Z
ChIJh7DiU2-1bTkRP8-FzoM6ScY,Shree radhye Krishna restaurant,places,en,71,26.85209755,75.78807685000001,26.8545379,75.7880031,0,jai,Jaipur,2026-08-31T09:10:13.440331Z
ChIJi_ROy8a1bTkRa5ERaqd2Y8c,"Shree foods -tiffin &thali centre ,restaurant",places,en,71,26.85209755,75.78807685000001,26.854605,75.787713,0,jai,Jaipur,2026-08-31T09:10:13.440336Z
ChIJqbEUcwC1bTkRM02Mvt6frdI,Shiv poha tirhaya,places,en,71,26.85209755,75.78807685000001,26.854702099999997,75.7877886,0,jai,Jaipur,2026-08-31T09:10:13.440341Z
ChIJh1P1Yma1bTkRdDe5dDVuuUo,Vishal Restaurant,places,en,71,26.85209755,75.78807685000001,26.854709099999997,75.7887602,0,jai,Jaipur,2026-08-31T09:10:13.440346Z
ChIJA4gRIwC1bTkR_iRPGwNAIzE,Arihant bhojnalaya,places,en,72,26.853966999999997,75.7907938,26.853462999999998,75.79092469999999,0,jai,Jaipur,2026-08-31T09:10:13.824561Z
ChIJ4Z68CgC1bTkR1BRKjoR2XrQ,A one Delhi soya chaap,places,en,72,26.853966999999997,75.7907938,26.853462999999998,75.79092469999999,0,jai,Jaipur,2026-08-31T09:10:13.824591Z
ChIJZWguBTS1bTkR0OKam5rCJic,Sejal’s Matcha Way,places,en,72,26.853966999999997,75.7907938,26.854758399999998,75.7900365,0,jai,Jaipur,2026-08-31T09:10:13.824599Z
ChIJYdUbNgjKbTkRmzcyPiZLbiU,Golden Leaf,places,en,72,26.853966999999997,75.7907938,26.854720000000004,75.791883,0,jai,Jaipur,2026-08-31T09:10:13.824605Z
ChIJcYi0BcS1bTkRJnZ6ial5JOM,ma Kali Bhojnalaya,places,en,72,26.853966999999997,75.7907938,26.8552814,75.7900478,0,jai,Jaipur,2026-08-31T09:10:13.824610Z
ChIJ4fNxIda1bTkRHvGTXGE5z6w,Vikas Tea Stall,places,en,72,26.853966999999997,75.7907938,26.855489799999997,75.79027409999999,0,jai,Jaipur,2026-08-31T09:10:13.824616Z
ChIJLeI5Gte2bTkRtbf5u4OK7_M,नवलगढ़ शेखावाटी भोजनालय,places,en,73,26.9151753,75.849662,26.9150414,75.84947319999999,0,jai,Jaipur,2026-08-31T09:10:14.172506Z
ChIJdeNsoHG3bTkRxZTXV8xlcFo,Imam Engineering Workshop,places,en,73,26.9151753,75.849662,26.914278499999998,75.8489118,0,jai,Jaipur,2026-08-31T09:10:14.172536Z
ChIJbR05Ode2bTkRBUSYbhqR95U,बन्ना जी को आपणे ढाबा,places,en,73,26.9151753,75.849662,26.9143577,75.8486147,0,jai,Jaipur,2026-08-31T09:10:14.172545Z
ChIJeTWsCQC3bTkRzTJnG_YxKCM,Jangid Kitchen,places,en,73,26.9151753,75.849662,26.9161701,75.8507389,0,jai,Jaipur,2026-08-31T09:10:14.172552Z
ChIJg7qqXde2bTkRMmTIjVotQCc,मो. सुल्तान हैदराबादी मिस्त्री,places,en,73,26.9151753,75.849662,26.9132201,75.84885919999999,0,jai,Jaipur,2026-08-31T09:10:14.172557Z
ChIJw5z5aJy3bTkRXmXv8CaewFE,Narayan Daal Bati Daba,places,en,73,26.9151753,75.849662,26.9133352,75.84843889999999,0,jai,Jaipur,2026-08-31T09:10:14.172567Z
ChIJ4129Wte2bTkRkBv9J1bcg6w,छोटु डिजल मिस्त्री,places,en,73,26.9151753,75.849662,26.9132645,75.8483625,0,jai,Jaipur,2026-08-31T09:10:14.172574Z
ChIJm31GytC2bTkRdh9ltnWOwbs,सीताराम खण्डेलवाल,places,en,73,26.9151753,75.849662,26.9140929,75.8473337,0,jai,Jaipur,2026-08-31T09:10:14.172579Z
ChIJMSGeoga3bTkRbK5zfm_6DjU,Meerut WALO KA Dhaba,places,en,73,26.9151753,75.849662,26.9127372,75.84936870000001,0,jai,Jaipur,2026-08-31T09:10:14.172584Z
ChIJleF2O1y3bTkR5LbeqbHxDlc,Spacail Momo Chumin,places,en,73,26.9151753,75.849662,26.9176246,75.8491172,0,jai,Jaipur,2026-08-31T09:10:14.172590Z
ChIJkzyiSgC1bTkRbvIfpl6O5M8,Shree Ram pavitar Bhojnalay,places,en,74,26.82748875,75.77440874999999,26.827519,75.7740599,0,jai,Jaipur,2026-08-31T09:10:14.521325Z
ChIJrzPOU4i1bTkRkMIAs96JVMk,Gyanisaini,places,en,74,26.82748875,75.77440874999999,26.826793199999997,75.7746252,0,jai,Jaipur,2026-08-31T09:10:14.521538Z
ChIJCf_Q54i1bTkRXUuSy1rZV_M,Gupta Kitchen And Tiffen Service,places,en,74,26.82748875,75.77440874999999,26.8285201,75.7743292,0,jai,Jaipur,2026-08-31T09:10:14.521551Z
ChIJCYIiHIm1bTkR0bLg3otbM5A,Deepak Restaurant,places,en,74,26.82748875,75.77440874999999,26.8283924,75.7752167,0,jai,Jaipur,2026-08-31T09:10:14.521558Z
ChIJPSPzJgC1bTkRPmXt7RlKBLs,Sambhunath Dhaba,places,en,74,26.82748875,75.77440874999999,26.826946099999997,75.7756339,0,jai,Jaipur,2026-08-31T09:10:14.521563Z
ChIJzwXBxRq1bTkRqMXrLiFTPlE,Shree Salasar Kota Kachori,places,en,74,26.82748875,75.77440874999999,26.828545599999998,75.7751308,0,jai,Jaipur,2026-08-31T09:10:14.521569Z
ChIJMyNIUgC1bTkRA2RDrUZSW5w,BHOJAN SHALA RESTAURANT,places,en,74,26.82748875,75.77440874999999,26.8288884,75.7738138,0,jai,Jaipur,2026-08-31T09:10:14.521574Z
ChIJK5maItW1bTkR3Yw9uuKtclY,The Sky Touch Hotel & Restaurant,places,en,74,26.82748875,75.77440874999999,26.8290275,75.7738128,0,jai,Jaipur,2026-08-31T09:10:14.521580Z
ChIJGQI-nNy1bTkRf0xTuz3LEkY,Nana Ji Bhojnalaya And Tiffin Centre,places,en,74,26.82748875,75.77440874999999,26.827872,75.7723259,0,jai,Jaipur,2026-08-31T09:10:14.521585Z
ChIJB_7LEQC1bTkRPm0nrgIjiWk,Hitesh meena,places,en,74,26.82748875,75.77440874999999,26.8294017,75.7739218,0,jai,Jaipur,2026-08-31T09:10:14.521591Z
ChIJfybCZFC1bTkR-ZYuAmPtMKo,Kota Kachori,places,en,74,26.82748875,75.77440874999999,26.8295681,75.7746165,0,jai,Jaipur,2026-08-31T09:10:14.521597Z
ChIJi19y_Z61bTkRWctkOy6HY7Y,Jai govind bhojnalya,places,en,74,26.82748875,75.77440874999999,26.829737599999998,75.7741605,0,jai,Jaipur,2026-08-31T09:10:14.521602Z
ChIJ0SyAu8q1bTkR-4OMJ5g3X5U,Rinku Chow Mein and Burger Centre,places,en,74,26.82748875,75.77440874999999,26.8267044,75.7769825,0,jai,Jaipur,2026-08-31T09:10:14.521608Z
ChIJz2D_z4m1bTkRzaJDLRAwiM0,गिर्राज रेस्टोरेंट,places,en,74,26.82748875,75.77440874999999,26.8252615,75.7756648,0,jai,Jaipur,2026-08-31T09:10:14.521614Z
ChIJZwM6xYm1bTkRIDM2_iRNS8Y,कमल सिंह रेस्टोरेन्ट,places,en,74,26.82748875,75.77440874999999,26.8253044,75.775781,0,jai,Jaipur,2026-08-31T09:10:14.521620Z
ChIJ9-1U0JO1bTkR1w2uCgevia8,Vijay Pavitra Bhojnalaya Fast And Food Center,places,en,74,26.82748875,75.77440874999999,26.826034699999997,75.7719556,0,jai,Jaipur,2026-08-31T09:10:14.521625Z
ChIJb7kL26PLbTkR3IdI3chKmPU,KK Patasi Center,places,en,75,26.82700785,75.77521859999999,26.8245253,75.7762329,0,jai,Jaipur,2026-08-31T09:10:14.957722Z
ChIJLSYg6X7KbTkRycHABRCOwO8,T-Zone [A Complete Trade Solution],places,en,76,26.863261,75.77848255,26.8624095,75.77870899999999,0,jai,Jaipur,2026-08-31T09:10:15.393568Z
ChIJW-Wc7mG1bTkRJAeWQukeRUY,Marwad Cafe,places,en,76,26.863261,75.77848255,26.8625883,75.77774,0,jai,Jaipur,2026-08-31T09:10:15.393595Z
ChIJA74lbxO1bTkR0xoKVUNsFak,Shiv Jus Sanstar,places,en,76,26.863261,75.77848255,26.8626439,75.7775857,0,jai,Jaipur,2026-08-31T09:10:15.393603Z
ChIJhctbeQC1bTkR5gR3P7DitVA,Shree Devnarayan bhojnalaya,places,en,76,26.863261,75.77848255,26.862467,75.7773606,0,jai,Jaipur,2026-08-31T09:10:15.393608Z
ChIJN0ZfJ9y1bTkRSrq9R73CwrE,S S Cloud Kitchen,places,en,76,26.863261,75.77848255,26.8623788,75.776923,0,jai,Jaipur,2026-08-31T09:10:15.393613Z
ChIJHcA-9La1bTkR_ueFqc_vtZU,Round Table India,places,en,76,26.863261,75.77848255,26.863639499999998,75.78049709999999,0,jai,Jaipur,2026-08-31T09:10:15.393618Z
ChIJRX2RxWq1bTkRJggyhHRDyUA,SHAKE ON SHAKE,places,en,76,26.863261,75.77848255,26.8615145,75.7796403,0,jai,Jaipur,2026-08-31T09:10:15.393623Z
ChIJJyjJabG1bTkRq_MxtjI5XuM,Ram Bhog,places,en,76,26.863261,75.77848255,26.864006399999997,75.7763222,0,jai,Jaipur,2026-08-31T09:10:15.393628Z
ChIJzypaQp2zbTkREKp4CQdgQo8,Shri Ram Indori poha,places,en,77,26.9274225,75.7452477,26.9267274,75.7464205,0,jai,Jaipur,2026-08-31T09:10:15.747564Z
ChIJSRegQgCzbTkRrjJK9DdkqkQ,Hyderabadi biryani,places,en,77,26.9274225,75.7452477,26.926855200000002,75.74653409999999,0,jai,Jaipur,2026-08-31T09:10:15.747603Z
ChIJ11AHNwCzbTkRTb2Ppzg9wnk,Mateshwari swaad rasoi,places,en,77,26.9274225,75.7452477,26.92655,75.7463303,0,jai,Jaipur,2026-08-31T09:10:15.747610Z
ChIJ6URxmG-zbTkRoW35WYHsZg4,छुटटन कुरशी मीट शॉप,places,en,77,26.9274225,75.7452477,26.9267017,75.746478,0,jai,Jaipur,2026-08-31T09:10:15.747615Z
ChIJ5W-Hko2zbTkRv7wokhGkNMQ,Jai Mata Di Sweet Caters Jhotwara Road Khatipura,places,en,77,26.9274225,75.7452477,26.9264665,75.7462571,0,jai,Jaipur,2026-08-31T09:10:15.747620Z
ChIJScBkhiyzbTkRW5WygQsPiwk,12th Pass Cafe,places,en,77,26.9274225,75.7452477,26.9266881,75.7466987,0,jai,Jaipur,2026-08-31T09:10:15.747624Z
ChIJ-Uknik6zbTkRhBLo92Md3o8,The chaap house,places,en,77,26.9274225,75.7452477,26.9272116,75.7470092,0,jai,Jaipur,2026-08-31T09:10:15.747628Z
ChIJV9Idh4-zbTkR5CXeh5cPvQk,Jai siyaram patashi bhandar,places,en,77,26.9274225,75.7452477,26.927222300000004,75.7470179,0,jai,Jaipur,2026-08-31T09:10:15.747632Z
ChIJiwuM1QOzbTkRtARLYq12dKU,Jaipur Junction - The Prefect Station For Joy,places,en,77,26.9274225,75.7452477,26.927519399999998,75.7470682,0,jai,Jaipur,2026-08-31T09:10:15.747637Z
ChIJLTodlm-zbTkR7rr59f17J-4,श्री अमरनाथ जी पवित्र भोजनालय,places,en,77,26.9274225,75.7452477,26.9267717,75.7469445,0,jai,Jaipur,2026-08-31T09:10:15.747641Z
ChIJyTvEkC6zbTkRAe1SHgyEQ-Q,Chai Sutta Tapri,places,en,77,26.9274225,75.7452477,26.927738899999998,75.7471423,0,jai,Jaipur,2026-08-31T09:10:15.747645Z
ChIJMbGZ616zbTkRGjyPcROCflE,Theeya cafe and restorant,places,en,77,26.9274225,75.7452477,26.9276174,75.7471687,0,jai,Jaipur,2026-08-31T09:10:15.747650Z
ChIJsWyrLQCzbTkRKeOYMdCXPYk,Shrinath Paav bhaji Chowmein,places,en,77,26.9274225,75.7452477,26.9271784,75.7472613,0,jai,Jaipur,2026-08-31T09:10:15.747654Z
ChIJheWlxG-zbTkRZ1gxD04jYWg,Shivam Bakery And Snacks Corner,places,en,77,26.9274225,75.7452477,26.927742499999997,75.7475156,0,jai,Jaipur,2026-08-31T09:10:15.747658Z
ChIJWSU4_jizbTkRITAq8aH-ph0,Cibo Jaipur,places,en,77,26.9274225,75.7452477,26.925367299999998,75.7457228,0,jai,Jaipur,2026-08-31T09:10:15.747662Z
ChIJP-7_RG6zbTkR-VbT5i1DVEk,Sahu Misthan Bhandar,places,en,77,26.9274225,75.7452477,26.929273199999997,75.74664589999999,0,jai,Jaipur,2026-08-31T09:10:15.747666Z
ChIJ_4JWM2mzbTkRrRVJW-d1scE,श्री बालाजी दूध भण्डार,places,en,77,26.9274225,75.7452477,26.9288587,75.74294019999999,0,jai,Jaipur,2026-08-31T09:10:15.747670Z
ChIJq-WT5P2zbTkRvdJ2fZq5Hbk,Shri mehai jodhana Tea and fast food,places,en,77,26.9274225,75.7452477,26.9280172,75.7480083,0,jai,Jaipur,2026-08-31T09:10:15.747675Z
ChIJHw9eNgCzbTkRkAYrX_rGWP4,Deshi that,places,en,77,26.9274225,75.7452477,26.9280172,75.7480083,0,jai,Jaipur,2026-08-31T09:10:15.747679Z
ChIJP2VNsQ21bTkRgkpoEb4p8L8,Jain Bhojnalaya Pure Jain Food for Jain's,places,en,78,26.897353099999997,75.76443409999999,26.8975255,75.7641526,0,jai,Jaipur,2026-08-31T09:10:16.123323Z
ChIJjVND2GO0bTkRflbSPm-5Dlk,Lazeez Chicken,places,en,78,26.897353099999997,75.76443409999999,26.8983664,75.7641747,0,jai,Jaipur,2026-08-31T09:10:16.123354Z
ChIJAfKnAOy1bTkRGvnNaDqVCug,Sitaram,places,en,78,26.897353099999997,75.76443409999999,26.899371199999997,75.76481299999999,0,jai,Jaipur,2026-08-31T09:10:16.123362Z
ChIJRdU-mXe0bTkRtNwg-w8WsQk,अल मदीना होटल एण्ड फास्ट फूड सेन्टर,places,en,79,26.914173750000003,75.7730009,26.9140372,75.7732252,0,jai,Jaipur,2026-08-31T09:10:16.599855Z
ChIJ_8aWmHe0bTkRhTrx2r9hcGA,MASALA POINT,places,en,79,26.914173750000003,75.7730009,26.9140989,75.77342449999999,0,jai,Jaipur,2026-08-31T09:10:16.599887Z
ChIJLUxKKqi1bTkRZiaAjvdddv8,IMRAN BHAI BIRYANI CENTER,places,en,79,26.914173750000003,75.7730009,26.913684099999998,75.773196,0,jai,Jaipur,2026-08-31T09:10:16.599904Z
ChIJ7bYK0v21bTkRQELoVSA_Zdo,S.K. Hotel,places,en,79,26.914173750000003,75.7730009,26.9140767,75.7736408,0,jai,Jaipur,2026-08-31T09:10:16.599912Z
ChIJHUZMYJm1bTkRp8WneNV9S94,Hotel Laziz,places,en,79,26.914173750000003,75.7730009,26.9141914,75.7737412,0,jai,Jaipur,2026-08-31T09:10:16.599917Z
ChIJrwnHer-1bTkRPF1br1jXk4M,R K Tea Stall,places,en,79,26.914173750000003,75.7730009,26.914507000000004,75.7739163,0,jai,Jaipur,2026-08-31T09:10:16.599923Z
ChIJr7TWpXe0bTkRIz_xDma_Of8,Sabir Bhai Biryani Wale,places,en,79,26.914173750000003,75.7730009,26.9140727,75.7740335,0,jai,Jaipur,2026-08-31T09:10:16.599928Z
ChIJNwNypne0bTkRr1vONgACBvI,ज्ञानेश चिकन,places,en,79,26.914173750000003,75.7730009,26.913909099999998,75.7739955,0,jai,Jaipur,2026-08-31T09:10:16.599933Z
ChIJB2-GK_61bTkR4yg8Hm3ZH3A,Irshad Bhai Chiken Biryani,places,en,79,26.914173750000003,75.7730009,26.914066899999998,75.7740429,0,jai,Jaipur,2026-08-31T09:10:16.599938Z
ChIJhaOMMgy1bTkR20I5SAnzNGE,YA AMEEN CAFE,places,en,79,26.914173750000003,75.7730009,26.913955299999998,75.7740578,0,jai,Jaipur,2026-08-31T09:10:16.599943Z
ChIJGZt-UUa1bTkRpYncDrzHpMk,KHALIL BIRYANI,places,en,79,26.914173750000003,75.7730009,26.915087,75.7736355,0,jai,Jaipur,2026-08-31T09:10:16.599948Z
ChIJKQnLMD-1bTkRevN3SFtQeb4,Al Muhammad New Take Away,places,en,79,26.914173750000003,75.7730009,26.9137906,75.7741035,0,jai,Jaipur,2026-08-31T09:10:16.599953Z
ChIJVeBWpXe0bTkRoq73rX8yLGw,शोएब भाई बिरयानी सेन्टर,places,en,79,26.914173750000003,75.7730009,26.9143959,75.7741964,0,jai,Jaipur,2026-08-31T09:10:16.599959Z
ChIJ1zDBw1i1bTkR3ofpWoLeiq0,A.K chicken shawarma,places,en,79,26.914173750000003,75.7730009,26.9147771,75.774057,0,jai,Jaipur,2026-08-31T09:10:16.599964Z
ChIJ8eGDuXe0bTkRQozqGkrAKig,CHICKEN ZAIKA,places,en,79,26.914173750000003,75.7730009,26.9147969,75.7740494,0,jai,Jaipur,2026-08-31T09:10:16.599969Z
ChIJMSXpeM-1bTkRbqEJyXM0b1E,CHACHA TAKE AWAY BIRYANI,places,en,79,26.914173750000003,75.7730009,26.9151195,75.77369399999999,0,jai,Jaipur,2026-08-31T09:10:16.599974Z
ChIJ3f93tqi1bTkRZA-qOADfR6A,BA-KHOOB BIRYANI & NIHARI,places,en,79,26.914173750000003,75.7730009,26.914212799999998,75.77426249999999,0,jai,Jaipur,2026-08-31T09:10:16.599981Z
ChIJk7pEx3e0bTkR7NCWG2S2fk0,जयपुर पनीर,places,en,79,26.914173750000003,75.7730009,26.9151539,75.7739459,0,jai,Jaipur,2026-08-31T09:10:16.599986Z
ChIJVcTXwHe0bTkRpuTkiJPzqZ8,Sameer Chicken Suppliers,places,en,79,26.914173750000003,75.7730009,26.915286500000004,75.77381179999999,0,jai,Jaipur,2026-08-31T09:10:16.599991Z
ChIJw139ofC1bTkRig7mIehrZbY,Pan Cafe,places,en,79,26.914173750000003,75.7730009,26.9156043,75.77318799999999,0,jai,Jaipur,2026-08-31T09:10:16.599996Z
ChIJf0WZ6EW1bTkR4y_bn7qkZB8,Chole bhature balaz,places,en,80,26.91395355,75.78231765,26.914755999999997,75.782617,0,jai,Jaipur,2026-08-31T09:10:17.077162Z
ChIJ98u2dna0bTkRoCmFYdOjF8c,Tamang Momo Food & Service,places,en,80,26.91395355,75.78231765,26.9129683,75.7823094,0,jai,Jaipur,2026-08-31T09:10:17.077186Z
ChIJSYlBMwC1bTkR91rfgiWZmGA,Pinkcity Kathi Rolls,places,en,80,26.91395355,75.78231765,26.914083599999998,75.7809065,0,jai,Jaipur,2026-08-31T09:10:17.077191Z
ChIJZZnDBXW0bTkR0k_BOlvBzLs,सैनी फल सब्जी भण्डार,places,en,80,26.91395355,75.78231765,26.9150347,75.7811744,0,jai,Jaipur,2026-08-31T09:10:17.077197Z
ChIJT8kDjnS0bTkRjqeGNVaAYi4,NIMA FAST FOOD,places,en,80,26.91395355,75.78231765,26.9126248,75.7814661,0,jai,Jaipur,2026-08-31T09:10:17.077201Z
ChIJFfzEBQC1bTkRKefllSQ4r5k,GULABI MAHEK,places,en,80,26.91395355,75.78231765,26.9122846,75.78160199999999,0,jai,Jaipur,2026-08-31T09:10:17.077205Z
ChIJi7T8j3S0bTkRO2SSNDEsZcI,यश फास्ट फूड कॉरनर,places,en,80,26.91395355,75.78231765,26.9123353,75.781461,0,jai,Jaipur,2026-08-31T09:10:17.077210Z
ChIJq1LiD5e1bTkRfeEaU0Z8otA,SAHU KACHORI BHANDAR,places,en,80,26.91395355,75.78231765,26.9150524,75.78408069999999,0,jai,Jaipur,2026-08-31T09:10:17.077214Z
ChIJz0GfR4e1bTkRRZBIdviPNqI,Manglam Juice Centre,places,en,80,26.91395355,75.78231765,26.9122408,75.7835097,0,jai,Jaipur,2026-08-31T09:10:17.077218Z
ChIJ8-waZ5a1bTkR1k1ZzEmZhJE,Paratha Hi Paratha,places,en,80,26.91395355,75.78231765,26.912103100000003,75.7812326,0,jai,Jaipur,2026-08-31T09:10:17.077222Z
ChIJUawOxNC1bTkRCq7gi6kJYOE,Foodisto Franchise Private Limited,places,en,80,26.91395355,75.78231765,26.9117481,75.78254299999999,0,jai,Jaipur,2026-08-31T09:10:17.077226Z
ChIJX7jRRHW0bTkR-clfqt_j6uw,Jaipur Dhaba,places,en,81,26.9148694,75.78306065000001,26.9166498,75.7826398,0,jai,Jaipur,2026-08-31T09:10:17.492686Z
ChIJyTcKhEu1bTkRtk5Ec_SevNo,SAINI RESTAURANT,places,en,81,26.9148694,75.78306065000001,26.9157522,75.7848453,0,jai,Jaipur,2026-08-31T09:10:17.492717Z
ChIJTZteuwa1bTkRLDoL55zptFM,Raju Desi Dhaba,places,en,81,26.9148694,75.78306065000001,26.9166812,75.7826705,0,jai,Jaipur,2026-08-31T09:10:17.492725Z
ChIJlfZKUAC1bTkRVTdL0P_f3M8,Shree Gopal Dhabawalas Veg Restaurant,places,en,81,26.9148694,75.78306065000001,26.916943,75.7829022,0,jai,Jaipur,2026-08-31T09:10:17.492732Z
ChIJ_RDxGAC1bTkRzO2uoUJxuj8,Shudh shakahari bhojnalaya,places,en,81,26.9148694,75.78306065000001,26.916916699999998,75.78264,0,jai,Jaipur,2026-08-31T09:10:17.492738Z
ChIJyWSBZnW0bTkRA4b8CV_jQV0,Choudhary Restaurant,places,en,81,26.9148694,75.78306065000001,26.9168418,75.7821491,0,jai,Jaipur,2026-08-31T09:10:17.492743Z
ChIJtWsqOUK1bTkRNSAk50PjpZw,MAMA TEA STALL,places,en,81,26.9148694,75.78306065000001,26.914825,75.7854739,0,jai,Jaipur,2026-08-31T09:10:17.492748Z
ChIJpVLA99m1bTkRj6VJo8ZKO-o,Choudhary Chai Nashta center,places,en,81,26.9148694,75.78306065000001,26.9170722,75.7821365,0,jai,Jaipur,2026-08-31T09:10:17.492753Z
ChIJW4zUYry1bTkRversq6-f1Ak,Ojha TIffin Center,places,en,82,26.90714325,75.77496135,26.9068106,75.7746964,0,jai,Jaipur,2026-08-31T09:10:17.905474Z
ChIJ7fZbDwC1bTkR0P0r_d6ypEo,Shri GV Caterers & Takeaway,places,en,82,26.90714325,75.77496135,26.9077582,75.77593809999999,0,jai,Jaipur,2026-08-31T09:10:17.905502Z
ChIJ4Z3PhaK1bTkReiMp91CRUrY,The Paratha Junction Jaipur,places,en,82,26.90714325,75.77496135,26.9078654,75.7759672,0,jai,Jaipur,2026-08-31T09:10:17.905510Z
ChIJK3oL1gu1bTkRs9bMgKLyt2Q,The Roll World,places,en,82,26.90714325,75.77496135,26.907867,75.7759724,0,jai,Jaipur,2026-08-31T09:10:17.905515Z
ChIJq58IonG0bTkRJeFQCwueQRs,Bargain Restaurant & Fast Food,places,en,82,26.90714325,75.77496135,26.907763499999998,75.77637639999999,0,jai,Jaipur,2026-08-31T09:10:17.905521Z
ChIJ1Wxjtey1bTkRaVdOW4rHaZA,Radharani cafe,places,en,82,26.90714325,75.77496135,26.9080712,75.77376919999999,0,jai,Jaipur,2026-08-31T09:10:17.905526Z
ChIJFTNnupu1bTkRjb3Vmwr5YDY,Shree Krishna Fast Food Center,places,en,82,26.90714325,75.77496135,26.907868699999998,75.7763324,0,jai,Jaipur,2026-08-31T09:10:17.905531Z
ChIJA2yrCHG0bTkRCU_PkxX15EE,बागड़ा पवित्र भोजनालय,places,en,82,26.90714325,75.77496135,26.9084516,75.7756845,0,jai,Jaipur,2026-08-31T09:10:17.905537Z
ChIJMyD2GQ61bTkRydHmBUgh-B4,Raj Mahaveer Rabdi Bhandar Shudh Bojnalay,places,en,82,26.90714325,75.77496135,26.906457,75.7766954,0,jai,Jaipur,2026-08-31T09:10:17.905542Z
ChIJEyDHSQC1bTkRk80h9_f5SCc,Poonam Pavitra bhojnalaya,places,en,82,26.90714325,75.77496135,26.9062304,75.7767502,0,jai,Jaipur,2026-08-31T09:10:17.905547Z
ChIJxyiNi5K1bTkR_fanRmdVpIo,Kerala hotel,places,en,82,26.90714325,75.77496135,26.908902299999998,75.7757286,0,jai,Jaipur,2026-08-31T09:10:17.905553Z
ChIJc7DbGXG0bTkRX91JwA39t9M,Evershine Kerala Restaurant,places,en,82,26.90714325,75.77496135,26.90889,75.7757846,0,jai,Jaipur,2026-08-31T09:10:17.905558Z
ChIJMWjMDwC1bTkRejWQbC_wYWM,Kerala restaurant,places,en,82,26.90714325,75.77496135,26.909004799999998,75.775632,0,jai,Jaipur,2026-08-31T09:10:17.905563Z
ChIJQ4bxJm60bTkRx1EHNNWgM5M,New Saini Dhaba,places,en,82,26.90714325,75.77496135,26.9049911,75.7758842,0,jai,Jaipur,2026-08-31T09:10:17.905570Z
ChIJjYby6nC0bTkRLCj2MK1gFws,कृष्णा अनाज पिसाई केन्द्र,places,en,82,26.90714325,75.77496135,26.909228199999998,75.7736244,0,jai,Jaipur,2026-08-31T09:10:17.905576Z
ChIJ8T_oLza1bTkRDFWfkAraKo8,RC FOOD CORNER & CAFE,places,en,82,26.90714325,75.77496135,26.9097337,75.7754752,0,jai,Jaipur,2026-08-31T09:10:17.905581Z
ChIJBQkfQcCzbTkRx92aM0L7gzQ,शेखावत भोजनालय,places,en,83,26.93457635,75.72740565000001,26.9338929,75.7285423,0,jai,Jaipur,2026-08-31T09:10:18.253142Z
ChIJI6W1aKWzbTkRx--dCURHiFo,Fresh Bakers,places,en,83,26.93457635,75.72740565000001,26.935881799999997,75.7265328,0,jai,Jaipur,2026-08-31T09:10:18.253167Z
ChIJ74aZBUezbTkROWTtDdLRlhY,फौजी पवित्र भोजनालय,places,en,83,26.93457635,75.72740565000001,26.932767199999997,75.7289359,0,jai,Jaipur,2026-08-31T09:10:18.253172Z
ChIJ-ejvjI2zbTkRlbdaKNVzlJs,MUTTON HOUSE,places,en,83,26.93457635,75.72740565000001,26.932755399999998,75.7291711,0,jai,Jaipur,2026-08-31T09:10:18.253176Z
ChIJrcEQVQCzbTkRC0s9fDhkMXU,Masala boxx,places,en,84,26.923850549999997,75.72334459999999,26.924087999999998,75.7220761,0,jai,Jaipur,2026-08-31T09:10:18.735121Z
ChIJkS7hMCWzbTkRFdMhkPweIhk,Sandrolls,places,en,84,26.923850549999997,75.72334459999999,26.9223803,75.7226752,0,jai,Jaipur,2026-08-31T09:10:18.735153Z
ChIJPbv0egCzbTkRrsmlnp5ZXHM,La Pino'z Pizza,places,en,84,26.923850549999997,75.72334459999999,26.922373999999998,75.7225599,0,jai,Jaipur,2026-08-31T09:10:18.735161Z
ChIJXQEYqJCzbTkRSd8VNNh2VPQ,Flipcart helpline,places,en,84,26.923850549999997,75.72334459999999,26.9228276,75.7248577,0,jai,Jaipur,2026-08-31T09:10:18.735169Z
ChIJmeLJQt2zbTkRG8nl-VZfUtA,Ansh Restaurant,places,en,84,26.923850549999997,75.72334459999999,26.9224744,75.7222724,0,jai,Jaipur,2026-08-31T09:10:18.735175Z
ChIJzc9M-E-zbTkRTHkjQYRRHQs,Vinayak Fast Food Center,places,en,84,26.923850549999997,75.72334459999999,26.9237038,75.7253396,0,jai,Jaipur,2026-08-31T09:10:18.735181Z
ChIJyZB0H7CzbTkRZM5NgK3jFE0,Vishal Restaurant,places,en,84,26.923850549999997,75.72334459999999,26.9223955,75.7222044,0,jai,Jaipur,2026-08-31T09:10:18.735186Z
ChIJ05gIxtCzbTkRPN0huJC5Bp0,Red zone cafe,places,en,84,26.923850549999997,75.72334459999999,26.922119799999997,75.72386089999999,0,jai,Jaipur,2026-08-31T09:10:18.735192Z
ChIJyycaACK1bTkRT462Ka_0IWo,Tomato Kabab Corner,places,en,84,26.923850549999997,75.72334459999999,26.9225483,75.7219516,0,jai,Jaipur,2026-08-31T09:10:18.735197Z
ChIJD-hQMlCzbTkR2jmymtWKMlo,जगदीश मिष्ठान भण्डार,places,en,84,26.923850549999997,75.72334459999999,26.921982200000002,75.7228219,0,jai,Jaipur,2026-08-31T09:10:18.735202Z
ChIJV5dG6luzbTkRBNYUn3OpxkY,Shyam Soya Chaap,places,en,84,26.923850549999997,75.72334459999999,26.9219752,75.7225256,0,jai,Jaipur,2026-08-31T09:10:18.735208Z
ChIJAQ42kUGzbTkRHXzR80pEoI8,Shri Krishna Fast Food Center,places,en,84,26.923850549999997,75.72334459999999,26.9218931,75.72279139999999,0,jai,Jaipur,2026-08-31T09:10:18.735213Z
ChIJxdi1oOyzbTkRV5Dtye_EfB4,New bhawani jodhpur sweet,places,en,84,26.923850549999997,75.72334459999999,26.922023900000003,75.72226479999999,0,jai,Jaipur,2026-08-31T09:10:18.735218Z
ChIJtW_KmvizbTkRLhi0cn2Z8r4,Sahid Bagra Restaurant,places,en,84,26.923850549999997,75.72334459999999,26.922643599999997,75.7214521,0,jai,Jaipur,2026-08-31T09:10:18.735223Z
ChIJ-Q4ezlGzbTkRdX13lfJopwk,गंगा दूध भण्डार,places,en,84,26.923850549999997,75.72334459999999,26.9220558,75.7221778,0,jai,Jaipur,2026-08-31T09:10:18.735228Z
ChIJt1RW4fWzbTkR3kf5UeqZi9Q,SHAMBHU KNIGHTOUT RESTAURANT,places,en,84,26.923850549999997,75.72334459999999,26.921977199999997,75.7223329,0,jai,Jaipur,2026-08-31T09:10:18.735233Z
ChIJsyKlFlCzbTkR4HZh0GkZ9_c,पूजा फुटवियर,places,en,84,26.923850549999997,75.72334459999999,26.9219647,75.7243749,0,jai,Jaipur,2026-08-31T09:10:18.735238Z
ChIJUeQZRUmzbTkR2h-nNQRtTXU,kushwaha Tiffin Centre,places,en,84,26.923850549999997,75.72334459999999,26.9221687,75.7218752,0,jai,Jaipur,2026-08-31T09:10:18.735244Z
ChIJI3dh3lGzbTkRJQHzk3l3uVs,Amrit Sweets Fast Food & Bakers,places,en,84,26.923850549999997,75.72334459999999,26.9227559,75.7211763,0,jai,Jaipur,2026-08-31T09:10:18.735249Z
ChIJS7lPlkSzbTkRmziCnOrJdWA,Sameer Dev Restaurant,places,en,84,26.923850549999997,75.72334459999999,26.9224753,75.7213364,0,jai,Jaipur,2026-08-31T09:10:18.735254Z
ChIJwS8lPKO1bTkRw5Zg4JexGJU,Doze cafe,places,en,85,26.829032400000003,75.74315505,26.830991299999997,75.7418856,0,jai,Jaipur,2026-08-31T09:10:19.187012Z
ChIJmwn4YqOvbTkR3sZNCDr7-5o,Hotel & Dasi That family restaurant,places,en,86,27.0823179,75.83352945,27.0835883,75.8333601,0,jai,Jaipur,2026-08-31T09:10:19.829125Z
ChIJs4G9WzSvbTkRV-tZmHA5EBU,Bajrang Daba And Restaurant,places,en,86,27.0823179,75.83352945,27.083683399999998,75.8341056,0,jai,Jaipur,2026-08-31T09:10:19.829162Z
ChIJPQkndOqubTkRM1qrI5PC6ho,पवन पुत्र ढाबा & रेस्टोरेन्ट,places,en,86,27.0823179,75.83352945,27.0837847,75.8341562,0,jai,Jaipur,2026-08-31T09:10:19.829172Z
ChIJmatnCaavbTkRvCyxHjQ7tRI,Shree Radhe Krishna Hotel And Restaurant,places,en,86,27.0823179,75.83352945,27.0845798,75.8342643,0,jai,Jaipur,2026-08-31T09:10:19.829178Z
ChIJl3LXxEOvbTkRbivOD53RtbU,Jhodpur Mishtan bhandar,places,en,86,27.0823179,75.83352945,27.0798505,75.83276289999999,0,jai,Jaipur,2026-08-31T09:10:19.829184Z
ChIJSbcqG4OvbTkR6ndFXTR_gIo,Rao resort,places,en,86,27.0823179,75.83352945,27.0824783,75.8306435,0,jai,Jaipur,2026-08-31T09:10:19.829190Z
ChIJ-eE7YACvbTkR4d2yVoMAcRM,Chaudhari restaurant Ahmedabad,places,en,86,27.0823179,75.83352945,27.0824783,75.8306435,0,jai,Jaipur,2026-08-31T09:10:19.829196Z
ChIJLSmdm3evbTkRhbH_3n16jYg,Ramdev Hotal,places,en,86,27.0823179,75.83352945,27.0824836,75.8306435,0,jai,Jaipur,2026-08-31T09:10:19.829201Z
ChIJC_7I-UK0bTkR9Vp0tqnb3Tw,Ramchandra Dosa Stall,places,en,87,26.8927408,75.77409845,26.8914655,75.7747469,0,jai,Jaipur,2026-08-31T09:10:20.257616Z
ChIJwf_YkaS1bTkRxz-HHqQ-UPk,Ramchandra chole Kulche wala,places,en,87,26.8927408,75.77409845,26.8914424,75.7747408,0,jai,Jaipur,2026-08-31T09:10:20.257652Z
ChIJQ-agWUK0bTkR7sn9mxxNWzU,Cafe Kampus,places,en,87,26.8927408,75.77409845,26.8916519,75.7751959,0,jai,Jaipur,2026-08-31T09:10:20.257662Z
ChIJxSEcAhq1bTkRgM6TYbrtfMY,Pizza_Before_Anyone_Else(Malviya Nagar),places,en,87,26.8927408,75.77409845,26.893977099999997,75.7730098,0,jai,Jaipur,2026-08-31T09:10:20.257668Z
ChIJB9zlZYe1bTkRYY3Rq8EzvFg,Mera pind cafe,places,en,87,26.8927408,75.77409845,26.8912102,75.7747158,0,jai,Jaipur,2026-08-31T09:10:20.257674Z
ChIJHQWN18K1bTkRaTDIh0d3XIE,The Mahadev Fast Food,places,en,87,26.8927408,75.77409845,26.891366599999998,75.7751371,0,jai,Jaipur,2026-08-31T09:10:20.257679Z
ChIJ-y01PZq1bTkRijl4cy3s26s,Annapurna Tiffin centre,places,en,87,26.8927408,75.77409845,26.891977599999997,75.77611859999999,0,jai,Jaipur,2026-08-31T09:10:20.257685Z
ChIJ39wxNwC1bTkRm9bpFnJkkc4,I love pizza,places,en,87,26.8927408,75.77409845,26.8909645,75.77316490000001,0,jai,Jaipur,2026-08-31T09:10:20.257690Z
ChIJnX2n_6C1bTkRy4jRj_EK3Ls,FPF (Coffee wale bhaiya),places,en,87,26.8927408,75.77409845,26.890964099999998,75.77316379999999,0,jai,Jaipur,2026-08-31T09:10:20.257697Z
ChIJ8xBxhrm1bTkRd_L5pvpImoo,Chatore Lal,places,en,87,26.8927408,75.77409845,26.8909324,75.77317239999999,0,jai,Jaipur,2026-08-31T09:10:20.257703Z
ChIJ6dYkluG1bTkR-FsEJtRtnNg,Crazy Ketli,places,en,87,26.8927408,75.77409845,26.8908981,75.7731906,0,jai,Jaipur,2026-08-31T09:10:20.257708Z
ChIJ455ve-m1bTkRW8GpeXgbWKc,Satkar Fast Food,places,en,87,26.8927408,75.77409845,26.891157200000002,75.7725445,0,jai,Jaipur,2026-08-31T09:10:20.257714Z
ChIJhelThli1bTkRQdtEjTzudvA,SHRI BALAJI DOSAWALA,places,en,87,26.8927408,75.77409845,26.8908401,75.7728703,0,jai,Jaipur,2026-08-31T09:10:20.257719Z
ChIJI_FmepW1bTkRLNEV5dEI9no,Kulhad Chai,places,en,87,26.8927408,75.77409845,26.8907959,75.77272730000001,0,jai,Jaipur,2026-08-31T09:10:20.257724Z
ChIJZacs3Ve1bTkR8JUuARK3fQA,Mumma's Magic,places,en,87,26.8927408,75.77409845,26.893776900000002,75.776506,0,jai,Jaipur,2026-08-31T09:10:20.257729Z
ChIJ2TjYc_-1bTkRWcrxCegwJSA,Shrinath Fast Food Center,places,en,88,26.88752125,75.76409720000001,26.887524199999998,75.76353569999999,0,jai,Jaipur,2026-08-31T09:10:20.640789Z
ChIJr7Z7t4C1bTkRXV_daLvtbXk,Prachi' s Kitchen Taste of Home,places,en,88,26.88752125,75.76409720000001,26.8874745,75.7649417,0,jai,Jaipur,2026-08-31T09:10:20.640820Z
ChIJEWF3Ccm1bTkRTrrElBAHhaE,A बजट Food,places,en,88,26.88752125,75.76409720000001,26.886645899999998,75.7624192,0,jai,Jaipur,2026-08-31T09:10:20.640829Z
ChIJ_WZz2Fi0bTkRIQsiU2hhnCo,RUDRA TIFFIN CENTER,places,en,88,26.88752125,75.76409720000001,26.885844,75.763288,0,jai,Jaipur,2026-08-31T09:10:20.640838Z
ChIJBThHPmG1bTkRiPg3vOjFQgE,Chatori Gali,places,en,88,26.88752125,75.76409720000001,26.8884487,75.7618348,0,jai,Jaipur,2026-08-31T09:10:20.640844Z
ChIJK9N8DwC1bTkROb6wLmF2p8U,L.M Tiffin Center,places,en,88,26.88752125,75.76409720000001,26.8853945,75.76307779999999,0,jai,Jaipur,2026-08-31T09:10:20.640854Z
ChIJt1e8SQC1bTkRokKgPbubLwE,Kitchan Kravings,places,en,88,26.88752125,75.76409720000001,26.8865999,75.7614948,0,jai,Jaipur,2026-08-31T09:10:20.640859Z
ChIJBZ2tDdC0bTkRmRCo-PHvPKM,नोरंग नोन वेज,places,en,89,26.87656565,75.72397165,26.8757521,75.7249621,0,jai,Jaipur,2026-08-31T09:10:20.988570Z
ChIJ77HAkMa1bTkRix-URcaPJys,Chhole Kulche Bhandar,places,en,89,26.87656565,75.72397165,26.8756254,75.72515659999999,0,jai,Jaipur,2026-08-31T09:10:20.988601Z
ChIJW9bxGt21bTkRCpRX5ABieNI,Pure fit gym meal,places,en,89,26.87656565,75.72397165,26.8752861,75.72304609999999,0,jai,Jaipur,2026-08-31T09:10:20.988609Z
ChIJQUhlYwC1bTkRFzmjuH_Bg3A,Jaipur Heart Cafe,places,en,89,26.87656565,75.72397165,26.875871099999998,75.72560039999999,0,jai,Jaipur,2026-08-31T09:10:20.988615Z
ChIJ4XTCAwC1bTkRnK7gBW2-i_k,Kings soya chaap & juice corner,places,en,89,26.87656565,75.72397165,26.874887299999997,75.724538,0,jai,Jaipur,2026-08-31T09:10:20.988620Z
ChIJRzJrD7K1bTkRjVc2GBbJEcg,Udaisingh Sabji Bhandar,places,en,89,26.87656565,75.72397165,26.875572199999997,75.726061,0,jai,Jaipur,2026-08-31T09:10:20.988625Z
ChIJQdylUdC0bTkRsJLKoEIA2lQ,श्री ओम बन्ना रेस्टोरेन्ट,places,en,89,26.87656565,75.72397165,26.874463799999997,75.7231047,0,jai,Jaipur,2026-08-31T09:10:20.988630Z
ChIJYU4w9c-0bTkRyCHfjkuaj0M,लाला जी सब्जी भण्डार,places,en,89,26.87656565,75.72397165,26.8784201,75.72539069999999,0,jai,Jaipur,2026-08-31T09:10:20.988635Z
ChIJY9jUis-0bTkRvGXF14TM_iw,गुप्ता फास्ट फूड सेन्टर,places,en,89,26.87656565,75.72397165,26.8784548,75.725349,0,jai,Jaipur,2026-08-31T09:10:20.988650Z
ChIJZai6js-0bTkRjHRW66BBrpI,शेखावाटी चाट भण्डार,places,en,89,26.87656565,75.72397165,26.878834599999998,75.72510969999999,0,jai,Jaipur,2026-08-31T09:10:20.988655Z
ChIJp_08j_u1bTkR4jD0IZvykpY,Radhey Radhey Pavitra Bhojnalaya,places,en,90,26.83420055,75.80009135,26.834783899999998,75.800741,0,jai,Jaipur,2026-08-31T09:10:21.385015Z
ChIJ6_-VNsa1bTkRrUXCXNpD7FQ,Brajwasi Restaurant,places,en,90,26.83420055,75.80009135,26.834790800000004,75.8008572,0,jai,Jaipur,2026-08-31T09:10:21.385046Z
ChIJn1iejwW1bTkRRkAV7imMwhw,Mr . Thali king restaurant,places,en,90,26.83420055,75.80009135,26.8351124,75.7999701,0,jai,Jaipur,2026-08-31T09:10:21.385053Z
ChIJo0saUo61bTkR5F2x_PC5i3Y,Blue Sky-Rooftop | Lounge | Kitchen,places,en,90,26.83420055,75.80009135,26.8347078,75.8013531,0,jai,Jaipur,2026-08-31T09:10:21.385059Z
ChIJ6Txzafy1bTkRo9MsPBLteCA,Shakawati Pavitra Bhojnalaya,places,en,90,26.83420055,75.80009135,26.834969299999997,75.8021139,0,jai,Jaipur,2026-08-31T09:10:21.385064Z
ChIJTwuxx5u1bTkRdeUDm9KtMe4,Punjabi tadka daba,places,en,90,26.83420055,75.80009135,26.8348388,75.80239449999999,0,jai,Jaipur,2026-08-31T09:10:21.385070Z
ChIJW-i0LPu1bTkRIaLGLisZTv8,Daabri Cafe House,places,en,90,26.83420055,75.80009135,26.836417,75.80037899999999,0,jai,Jaipur,2026-08-31T09:10:21.385075Z
ChIJnVnLXgC1bTkRQENlPeClTdA,Paplaj Mata daal Bhati Churma,places,en,90,26.83420055,75.80009135,26.8348056,75.80260109999999,0,jai,Jaipur,2026-08-31T09:10:21.385080Z
ChIJ6w1nq1-1bTkRLWUMXGyf-KM,shekhawati dhaba,places,en,90,26.83420055,75.80009135,26.834815199999998,75.8026002,0,jai,Jaipur,2026-08-31T09:10:21.385085Z
ChIJ40G_fim1bTkRWaD3upX10Jw,GGopala Restaurant,places,en,90,26.83420055,75.80009135,26.8344773,75.8030531,0,jai,Jaipur,2026-08-31T09:10:21.385090Z
ChIJz_4uEwDLbTkR8X_38hRgVVI,Rajan kumar,places,en,91,26.82311175,75.78240604999999,26.8235463,75.7828274,0,jai,Jaipur,2026-08-31T09:10:21.875574Z
ChIJA_uIBrrLbTkRTVzzPaCo4NQ,NR Tiffin Center,places,en,91,26.82311175,75.78240604999999,26.8228737,75.78066729999999,0,jai,Jaipur,2026-08-31T09:10:21.875605Z
ChIJuXCnYILLbTkROIt47KOSIhE,Arvind Kumar,places,en,91,26.82311175,75.78240604999999,26.820689400000003,75.7830984,0,jai,Jaipur,2026-08-31T09:10:21.875613Z
ChIJ4_hUp4SzbTkROccotNT8AlE,The Flavour Forge (TF),places,en,92,26.871879,75.73579905,26.8714466,75.7367907,0,jai,Jaipur,2026-08-31T09:10:22.333692Z
ChIJJ8HM1t20bTkRgIZSNX4XaXQ,बालाजी सब्जी भण्डार,places,en,92,26.871879,75.73579905,26.8725654,75.73472509999999,0,jai,Jaipur,2026-08-31T09:10:22.333720Z
ChIJD1jYo-C0bTkR7julMhsZQxQ,श्री गोपी पवित्र भोजनालय,places,en,92,26.871879,75.73579905,26.871291799999998,75.73752069999999,0,jai,Jaipur,2026-08-31T09:10:22.333728Z
ChIJFTFirxS1bTkRyilN2SVV0Qg,Balaji dud mishthan bhandar and caterers,places,en,92,26.871879,75.73579905,26.871481799999998,75.7377234,0,jai,Jaipur,2026-08-31T09:10:22.333734Z
ChIJDdFBVG21bTkR4cQ1CoaSz84,Shri Badri Narayan Vilas Garden,places,en,92,26.871879,75.73579905,26.8730878,75.737372,0,jai,Jaipur,2026-08-31T09:10:22.333740Z
ChIJYUar3I61bTkRTltDilYB_vo,The Tiffin's,places,en,92,26.871879,75.73579905,26.8697121,75.7374392,0,jai,Jaipur,2026-08-31T09:10:22.333745Z
ChIJL9G8kxTJbTkRlkTIzYvIPaE,Janta Dhaba,places,en,93,26.77799065,75.84526575000001,26.7761607,75.8451475,0,jai,Jaipur,2026-08-31T09:10:22.735847Z
ChIJT2cb33fJbTkRcjr3nLyBCeg,Sunariwal shop,places,en,93,26.77799065,75.84526575000001,26.7797801,75.8441353,0,jai,Jaipur,2026-08-31T09:10:22.735872Z
ChIJ-bUgkp7JbTkRvziGqBg0pS8,Bajiya canteen no.34,places,en,93,26.77799065,75.84526575000001,26.7787811,75.8478899,0,jai,Jaipur,2026-08-31T09:10:22.735878Z
ChIJ38gFvHjJbTkRtRhO1I8H3x0,CHOUDHARY CANTEEN NO.34,places,en,93,26.77799065,75.84526575000001,26.7789613,75.8478318,0,jai,Jaipur,2026-08-31T09:10:22.735882Z
ChIJffJ6YwbJbTkRm-pyR7_DUPQ,सोनू बेकर्स & फास्ट फूड,places,en,93,26.77799065,75.84526575000001,26.7804869,75.84435599999999,0,jai,Jaipur,2026-08-31T09:10:22.735887Z
ChIJ7dOEYwbJbTkR3f1Cdm7NLg0,श्री वीर हनुमान स्वीट्स रेस्टोरेन्ट,places,en,93,26.77799065,75.84526575000001,26.7805561,75.8443613,0,jai,Jaipur,2026-08-31T09:10:22.735893Z
ChIJld0Ve6nJbTkR3mKTzDX3xQw,15 Rooftop Lounge @ Hotel Sun City Plaza-Sitapura,places,en,94,26.785430499999997,75.84695005,26.7854034,75.8463563,0,jai,Jaipur,2026-08-31T09:10:23.118288Z
ChIJB_ZpNwDJbTkRfU7e-gIyzX4,Jay sawariya seth ji pavitra bhojnalay sitapur jaipur,places,en,94,26.785430499999997,75.84695005,26.786220999999998,75.8481012,0,jai,Jaipur,2026-08-31T09:10:23.118324Z
ChIJiajecQDJbTkRqWm2fxBojK0,Jain kota kachori (Jonesh Jain,places,en,94,26.785430499999997,75.84695005,26.786176299999997,75.8481546,0,jai,Jaipur,2026-08-31T09:10:23.118331Z
ChIJWTLj9anJbTkRAAAA0DqsB3o,Roshan,places,en,94,26.785430499999997,75.84695005,26.786807999999997,75.8475392,0,jai,Jaipur,2026-08-31T09:10:23.118337Z
ChIJabA53wfJbTkRd6A_4VyhPRo,Deva Burger,places,en,94,26.785430499999997,75.84695005,26.784007499999998,75.84667739999999,0,jai,Jaipur,2026-08-31T09:10:23.118343Z
ChIJizevHwDJbTkRkymxZ4ToDWM,Munna Bhai,places,en,94,26.785430499999997,75.84695005,26.7839572,75.8468853,0,jai,Jaipur,2026-08-31T09:10:23.118348Z
ChIJPZMPOQfJbTkRBluPw80iE8E,Sharma Mishthan Bhandar & Pavitra Bhojnalaya,places,en,94,26.785430499999997,75.84695005,26.783949999999997,75.84663809999999,0,jai,Jaipur,2026-08-31T09:10:23.118353Z
ChIJuYPmWADJbTkRz_bUAOeGnO8,प्रेमचंद,places,en,94,26.785430499999997,75.84695005,26.786004,75.844984,0,jai,Jaipur,2026-08-31T09:10:23.118359Z
ChIJOcL2NQDJbTkRnUzp7L0aIbg,Rishi,places,en,94,26.785430499999997,75.84695005,26.784422499999998,75.8490379,0,jai,Jaipur,2026-08-31T09:10:23.118364Z
ChIJfWtrZorJbTkRqphsVo-KxEY,Bajiya canteen no.47,places,en,94,26.785430499999997,75.84695005,26.7839039,75.8487581,0,jai,Jaipur,2026-08-31T09:10:23.118369Z
ChIJ5abad6rJbTkRlhpJwHPGLyM,जय भैरव पवित्र भोजनालय,places,en,94,26.785430499999997,75.84695005,26.785965400000002,75.84962879999999,0,jai,Jaipur,2026-08-31T09:10:23.118374Z
ChIJ2arvTwDJbTkR3lxQcPTrYPA,Jai shree shyam tiffin centre,places,en,95,26.80959995,75.8464448,26.810132099999997,75.84600209999999,0,jai,Jaipur,2026-08-31T09:10:23.482159Z
ChIJkxqSQDTJbTkR-rS0EIUyy9c,The Crave Cave,places,en,95,26.80959995,75.8464448,26.8088457,75.8465588,0,jai,Jaipur,2026-08-31T09:10:23.482188Z
ChIJkTd0VGvJbTkRv7QcKhkdgs0,Spice Club Hotel and restaurant,places,en,95,26.80959995,75.8464448,26.810359899999998,75.8466408,0,jai,Jaipur,2026-08-31T09:10:23.482196Z
ChIJIemJ-srJbTkRf5QS_u7cdEg,Devnath Pani Patasi,places,en,95,26.80959995,75.8464448,26.8108382,75.84647439999999,0,jai,Jaipur,2026-08-31T09:10:23.482202Z
ChIJLfe3RGDJbTkRb54ORnK6XPM,Maa ki rasoi,places,en,95,26.80959995,75.8464448,26.8079431,75.84798599999999,0,jai,Jaipur,2026-08-31T09:10:23.482208Z
ChIJ4aMRFFfJbTkRYEG-L7CQEb8,Kunika Tiffin centre Jai shree Shyam,places,en,95,26.80959995,75.8464448,26.8085521,75.8442109,0,jai,Jaipur,2026-08-31T09:10:23.482213Z
ChIJz0_69HPJbTkRjZ7o_u1owYs,Krishna Food Corner & Tiffin Center,places,en,95,26.80959995,75.8464448,26.807312,75.846334,0,jai,Jaipur,2026-08-31T09:10:23.482218Z
ChIJE1DqHPhNbDkRQ7Xh2gQfG7k,Chiku tiffin center,places,en,97,26.921370500000002,75.71131715,26.9214413,75.7110438,0,jai,Jaipur,2026-08-31T09:10:24.318205Z
ChIJQ6FkmK1MbDkRXZS-lKnr2l8,H.S. CAFE & RESTRO,places,en,97,26.921370500000002,75.71131715,26.9201795,75.71041149999999,0,jai,Jaipur,2026-08-31T09:10:24.318692Z
ChIJccUDKABNbDkRm-rooJrMRl0,Shri shyam pizza cafe,places,en,97,26.921370500000002,75.71131715,26.9199424,75.71055009999999,0,jai,Jaipur,2026-08-31T09:10:24.318708Z
ChIJ77j2WABNbDkR5MMIS-6XngA,आरती टिफिन सेंटर,places,en,97,26.921370500000002,75.71131715,26.919525099999998,75.7104636,0,jai,Jaipur,2026-08-31T09:10:24.318715Z
ChIJ9d3jHKlNbDkRLoqDywEvD8k,Banaji Tea Stall,places,en,97,26.921370500000002,75.71131715,26.923669900000004,75.71265609999999,0,jai,Jaipur,2026-08-31T09:10:24.318721Z
ChIJwZvhZABNbDkRkY6TRiBx4Ng,Sirsi road,places,en,97,26.921370500000002,75.71131715,26.9239899,75.7106761,0,jai,Jaipur,2026-08-31T09:10:24.318727Z
ChIJMWcJT7JMbDkR0-SXXF9JNrY,मंदिर श्री ठाकुरजी सीताराम जी,places,en,97,26.921370500000002,75.71131715,26.923807999999998,75.7100553,0,jai,Jaipur,2026-08-31T09:10:24.318733Z
ChIJiX3f2C21bTkRDhGuv2XO6KY,"Ramgarh Fort Restaurant & Bar | Mansarovar, Jaipur",places,en,98,26.8554006,75.73826650000001,26.8551596,75.7372956,0,jai,Jaipur,2026-08-31T09:10:24.683960Z
ChIJQTmc7pS1bTkRzC8sLxIyP44,Desi Handiwalas,places,en,98,26.8554006,75.73826650000001,26.854253399999997,75.73789239999999,0,jai,Jaipur,2026-08-31T09:10:24.683988Z
ChIJ9wubP2i1bTkRX-qNUEl5LYE,OM Bagh (Multicuisine Restaurant with Swimming Pool),places,en,98,26.8554006,75.73826650000001,26.853438699999998,75.7376462,0,jai,Jaipur,2026-08-31T09:10:24.683996Z
ChIJzaRLYQC1bTkRZ4VBz2jJPfU,JAANVI KIRANA STORE,places,en,98,26.8554006,75.73826650000001,26.8530387,75.7370901,0,jai,Jaipur,2026-08-31T09:10:24.684002Z
ChIJ52QCegCzbTkRZits1705v6g,DEVICHEF F2 KITCHEN,places,en,99,26.93555405,75.71630105,26.9374979,75.71605749999999,0,jai,Jaipur,2026-08-31T09:10:25.034785Z
ChIJG0gRcgGzbTkRetbOQ8RAwJ8,Aanand baag restaurant,places,en,99,26.93555405,75.71630105,26.936921299999998,75.71870539999999,0,jai,Jaipur,2026-08-31T09:10:25.034813Z
ChIJFz0OFgCzbTkRh96GKu6wu5o,Bhagwati Restaurant,places,en,99,26.93555405,75.71630105,26.937022199999998,75.71873269999999,0,jai,Jaipur,2026-08-31T09:10:25.034820Z
ChIJY3aMdgC5bTkRcbA1b5sO96E,रोहित भैया मुम्बई का वड़ा पाव,places,en,100,26.8845688,75.913353,26.884967699999997,75.91319039999999,0,jai,Jaipur,2026-08-31T09:10:25.546576Z
ChIJh82pp4K5bTkRYt-29BM85zM,Burger house king,places,en,100,26.8845688,75.913353,26.884871099999998,75.9129349,0,jai,Jaipur,2026-08-31T09:10:25.546610Z
ChIJn2XfWgC5bTkROkOcgWLOpUI,Sharma Misthan Bhandar,places,en,100,26.8845688,75.913353,26.8840015,75.9125913,0,jai,Jaipur,2026-08-31T09:10:25.546618Z
ChIJzb7NYA25bTkRuHmpGWjrdu0,Shree Ganesh Restaurant,places,en,100,26.8845688,75.913353,26.884982200000003,75.9106211,0,jai,Jaipur,2026-08-31T09:10:25.546623Z
ChIJacBkkI3JbTkRave9wML5wsQ,American Town,places,en,101,26.774923299999998,75.8706209,26.7753073,75.8703326,0,jai,Jaipur,2026-08-31T09:10:26.027000Z
ChIJA0XWKyrJbTkRF7KErpC9XGg,Manish Meena,places,en,101,26.774923299999998,75.8706209,26.775145,75.8716149,0,jai,Jaipur,2026-08-31T09:10:26.027028Z
ChIJLaaVHQDJbTkRH1wVhdpJTXg,Shree Shyam restaurant,places,en,101,26.774923299999998,75.8706209,26.775038499999997,75.86944059999999,0,jai,Jaipur,2026-08-31T09:10:26.027037Z
ChIJi9g4xCzJbTkRXd8h0c7kW4Q,Hari Om Daba,places,en,101,26.774923299999998,75.8706209,26.7758124,75.8714115,0,jai,Jaipur,2026-08-31T09:10:26.027046Z
ChIJI9F0XADJbTkRvAGTd3oIx60,The Master Bites,places,en,101,26.774923299999998,75.8706209,26.7758105,75.8714172,0,jai,Jaipur,2026-08-31T09:10:26.027053Z
ChIJO9uTEQDJbTkRWP7VBe0qCYQ,R SQUARE TEA COFFEE HOUSE Cafe,places,en,101,26.774923299999998,75.8706209,26.7759806,75.87184719999999,0,jai,Jaipur,2026-08-31T09:10:26.027059Z
ChIJj5PntyPJbTkRdzYML_crO6o,The Pure Veg Plate,places,en,101,26.774923299999998,75.8706209,26.7768175,75.8693715,0,jai,Jaipur,2026-08-31T09:10:26.027065Z
ChIJRVOmZQDJbTkRsE-rfYncVYs,Seth Sanwariya Cafe,places,en,101,26.774923299999998,75.8706209,26.7769287,75.86957939999999,0,jai,Jaipur,2026-08-31T09:10:26.027070Z
ChIJ9YSXC8jJbTkRI5iiLFH1t0U,Bhawani Cafe,places,en,101,26.774923299999998,75.8706209,26.7769325,75.8695259,0,jai,Jaipur,2026-08-31T09:10:26.027076Z
ChIJEcT0WwDJbTkRGatuB5Pj6eI,A.N.T. Fast Food & restaurant,places,en,101,26.774923299999998,75.8706209,26.777238,75.870108,0,jai,Jaipur,2026-08-31T09:10:26.027081Z
ChIJIeDsNOvJbTkR8z2jhzv9GqI,Cafe Akaay,places,en,101,26.774923299999998,75.8706209,26.7770287,75.8693907,0,jai,Jaipur,2026-08-31T09:10:26.027086Z
ChIJIaQl-qbJbTkRsH_eS0mQ-_w,Shree Govindam Fast Food & Tiffin Centre,places,en,101,26.774923299999998,75.8706209,26.777231,75.8695298,0,jai,Jaipur,2026-08-31T09:10:26.027092Z
ChIJKTQKHADJbTkRQ8O5S4Z-ME8,Mr dosa Mrs idli,places,en,101,26.774923299999998,75.8706209,26.7741585,75.8677683,0,jai,Jaipur,2026-08-31T09:10:26.027097Z
ChIJKyKxOObJbTkR-MoMlIOR4pg,Irani Chai Since 1984,places,en,101,26.774923299999998,75.8706209,26.7741543,75.86775519999999,0,jai,Jaipur,2026-08-31T09:10:26.027102Z
ChIJh_chNDrJbTkRmvBNlVSM6yk,Joy Kitchen,places,en,102,26.803193999999998,75.8112309,26.8029345,75.8106044,0,jai,Jaipur,2026-08-31T09:10:26.414846Z
ChIJ7456dobJbTkR3tunnaKvYhY,Wildflower Cafe,places,en,102,26.803193999999998,75.8112309,26.802591,75.8099331,0,jai,Jaipur,2026-08-31T09:10:26.414907Z
ChIJ-U1WMIvJbTkRhahpRc6CNSw,Star Food Cateras And Events,places,en,102,26.803193999999998,75.8112309,26.804462899999997,75.8107137,0,jai,Jaipur,2026-08-31T09:10:26.414914Z
ChIJpQR3WjzLbTkRPD4E6rJoybs,Chachi's kitchen,places,en,102,26.803193999999998,75.8112309,26.802188899999997,75.8123676,0,jai,Jaipur,2026-08-31T09:10:26.414918Z
ChIJ62vTj6PJbTkRAbunxtO7L_w,Rominus Pizza And Burger,places,en,102,26.803193999999998,75.8112309,26.8030333,75.8095572,0,jai,Jaipur,2026-08-31T09:10:26.414923Z
ChIJl_GLWjfJbTkRxA_hZdBXrs8,Trishla cafe,places,en,102,26.803193999999998,75.8112309,26.8024903,75.8096569,0,jai,Jaipur,2026-08-31T09:10:26.414927Z
ChIJzV4mi2TJbTkRdduS8yTHQG4,Lucknowi Zaika K&C Foods,places,en,102,26.803193999999998,75.8112309,26.8030261,75.8094662,0,jai,Jaipur,2026-08-31T09:10:26.414931Z
ChIJrf8plOzJbTkRtQaeVLoU0Hw,Pav Bhaji,places,en,102,26.803193999999998,75.8112309,26.802580000000003,75.8095697,0,jai,Jaipur,2026-08-31T09:10:26.414935Z
ChIJCY-9IgDJbTkR5NAq9TvwWD0,The Pizza King,places,en,102,26.803193999999998,75.8112309,26.8021083,75.8098661,0,jai,Jaipur,2026-08-31T09:10:26.414939Z
ChIJA3qCfWDJbTkRXkGXj_KZ0Zc,Yumzee Cafe,places,en,102,26.803193999999998,75.8112309,26.8034723,75.8094375,0,jai,Jaipur,2026-08-31T09:10:26.414943Z
ChIJt1od7_nJbTkRH9546U2jOMs,Ubh- United by heart (crispy fried chicken),places,en,102,26.803193999999998,75.8112309,26.802906999999998,75.8094208,0,jai,Jaipur,2026-08-31T09:10:26.414946Z
ChIJW58EynvJbTkRTLA9Bgat6CQ,Pizza Oven,places,en,102,26.803193999999998,75.8112309,26.803435,75.8094158,0,jai,Jaipur,2026-08-31T09:10:26.414950Z
ChIJr93PVQDJbTkRfYncxOhCJDw,Desent matar paneer Kulche mathura wale,places,en,102,26.803193999999998,75.8112309,26.803013300000003,75.8093457,0,jai,Jaipur,2026-08-31T09:10:26.414953Z
ChIJ-87HJWvJbTkRbUvX55RGXao,Rudra Momos,places,en,102,26.803193999999998,75.8112309,26.802789999999998,75.809382,0,jai,Jaipur,2026-08-31T09:10:26.414957Z
ChIJU-vJ2MTJbTkRJcIW3tprHWs,The Black Panther Cafe,places,en,102,26.803193999999998,75.8112309,26.8041409,75.8096612,0,jai,Jaipur,2026-08-31T09:10:26.414961Z
ChIJ-Vv24azJbTkR985fMGpMFcc,"Domino's Pizza | Pratap Nagar, Jaipur",places,en,102,26.803193999999998,75.8112309,26.8032887,75.8093258,0,jai,Jaipur,2026-08-31T09:10:26.414965Z
ChIJnYbq8vbJbTkRPwO4_YEHbIc,Uncle Ji Fast Food,places,en,102,26.803193999999998,75.8112309,26.801959,75.8098869,0,jai,Jaipur,2026-08-31T09:10:26.414969Z
ChIJb6KhKaHJbTkRuB3ijkuudeo,Pizza city,places,en,102,26.803193999999998,75.8112309,26.803267599999998,75.8093122,0,jai,Jaipur,2026-08-31T09:10:26.414973Z
ChIJ4W1NvYvJbTkRPemU67Z5Dv8,Bean There Cafe,places,en,102,26.803193999999998,75.8112309,26.8014452,75.8111699,0,jai,Jaipur,2026-08-31T09:10:26.414976Z
ChIJDQgArtjJbTkRR1uoxgnwrQc,New Punjabi tikka chaap corner,places,en,102,26.803193999999998,75.8112309,26.8032114,75.80929610000001,0,jai,Jaipur,2026-08-31T09:10:26.414980Z
ChIJlYUblqdLbDkRCRVubMJCAdA,Tiffine Empire Jaipur,places,en,107,26.898823049999997,75.69140315,26.9007486,75.69008459999999,0,jai,Jaipur,2026-08-31T09:10:28.182354Z
ChIJ74xrCABLbDkRhmryoCPj_kA,THE 1857 HOUSE,places,en,107,26.898823049999997,75.69140315,26.8966632,75.6905962,0,jai,Jaipur,2026-08-31T09:10:28.182388Z
ChIJI0vYkEhLbDkRZgbM8Zod1P8,jay shree shyam,places,en,107,26.898823049999997,75.69140315,26.8979163,75.6937999,0,jai,Jaipur,2026-08-31T09:10:28.182397Z
ChIJH7lI2x1LbDkRQbfWcVOx7rc,Angel tiffin services,places,en,107,26.898823049999997,75.69140315,26.896485700000003,75.6903456,0,jai,Jaipur,2026-08-31T09:10:28.182402Z
ChIJOTkru8JLbDkRQrVMo1wpyPM,Mahadev Enterprises,places,en,108,26.89555335,75.68900115,26.895446500000002,75.6915491,0,jai,Jaipur,2026-08-31T09:10:28.638920Z
ChIJ6ztJjjRLbDkRdK0WUSQPogg,Srivaa Chocolates,places,en,108,26.89555335,75.68900115,26.893594999999998,75.69055879999999,0,jai,Jaipur,2026-08-31T09:10:28.638951Z
ChIJhaKSQQCzbTkRBs-xyB5N30Y,Anayas cafe,places,en,109,26.97867995,75.7459786,26.9785148,75.74506629999999,0,jai,Jaipur,2026-08-31T09:10:29.042660Z
ChIJ9VJ-SgCzbTkRzxxBIDAt8rk,Home Town Cafe,places,en,109,26.97867995,75.7459786,26.979996099999997,75.74537260000001,0,jai,Jaipur,2026-08-31T09:10:29.042695Z
ChIJxwPNIOazbTkRWhwaAZyiDlQ,Swaha momo,places,en,109,26.97867995,75.7459786,26.9775851,75.7472035,0,jai,Jaipur,2026-08-31T09:10:29.042702Z
ChIJw3nO5pizbTkR91oT949Q6QQ,Rajmahal Restaurant,places,en,109,26.97867995,75.7459786,26.980154199999998,75.7453692,0,jai,Jaipur,2026-08-31T09:10:29.042707Z
ChIJSz3G5S6zbTkRQjcphywWdRc,Aakash jha,places,en,109,26.97867995,75.7459786,26.9793871,75.7478258,0,jai,Jaipur,2026-08-31T09:10:29.042712Z
ChIJxxASzRuzbTkRrQvQeacF4cE,Krishlicious,places,en,109,26.97867995,75.7459786,26.9780402,75.7483208,0,jai,Jaipur,2026-08-31T09:10:29.042717Z
ChIJxWsI4uyybTkRG1eupXYS_Cs,महावीर फलुदा,places,en,109,26.97867995,75.7459786,26.9809692,75.7458639,0,jai,Jaipur,2026-08-31T09:10:29.042721Z
ChIJm-ELO-2ybTkRew1oYyBZl1k,Hotel Rajasthani,places,en,109,26.97867995,75.7459786,26.9806651,75.74729409999999,0,jai,Jaipur,2026-08-31T09:10:29.042726Z
ChIJT-7-zT2zbTkRdCiTzohgV1A,Couple's Bite Food Junction,places,en,109,26.97867995,75.7459786,26.977144799999998,75.7440222,0,jai,Jaipur,2026-08-31T09:10:29.042730Z
ChIJsfEvHwCzbTkRXpnvNJUt7VQ,Mom Veg Rasoi,places,en,109,26.97867995,75.7459786,26.978408899999998,75.74872409999999,0,jai,Jaipur,2026-08-31T09:10:29.042734Z
ChIJB34LTGKzbTkR4qvTkxfOecQ,SR Club Cafe and Family Restaurants and Games,places,en,109,26.97867995,75.7459786,26.9811236,75.7456883,0,jai,Jaipur,2026-08-31T09:10:29.042738Z
ChIJofebVTuzbTkRfdHq_x_Z95U,Momo Palace cart,places,en,109,26.97867995,75.7459786,26.977067899999998,75.7481406,0,jai,Jaipur,2026-08-31T09:10:29.042742Z
ChIJqQAaCQCzbTkRz1nawHxov0Q,Sonu patasi center,places,en,109,26.97867995,75.7459786,26.979577,75.7431414,0,jai,Jaipur,2026-08-31T09:10:29.042746Z
ChIJHxhGKDmxbTkRIhYwUXY-qbU,Shahnawaz Hotel,places,en,110,26.94572005,75.84776360000001,26.9457103,75.8473892,0,jai,Jaipur,2026-08-31T09:10:29.422454Z
ChIJaTtZhNSxbTkRDWnjKUAFYJo,Raag Ranisa,places,en,110,26.94572005,75.84776360000001,26.9459536,75.84804319999999,0,jai,Jaipur,2026-08-31T09:10:29.422484Z
ChIJ_YarlqyxbTkRg64LwqNk1cY,Kaka Doodh Bhandar And Chai,places,en,110,26.94572005,75.84776360000001,26.94587,75.8470593,0,jai,Jaipur,2026-08-31T09:10:29.422490Z
ChIJn2BJ0_SxbTkR8qTJ-4_CkbA,Abdul's Food,places,en,110,26.94572005,75.84776360000001,26.9462571,75.8471021,0,jai,Jaipur,2026-08-31T09:10:29.422495Z
ChIJKeOzdZSxbTkRg86Z404h3Sg,Krunchy Fried Chicken,places,en,110,26.94572005,75.84776360000001,26.9469535,75.8478245,0,jai,Jaipur,2026-08-31T09:10:29.422499Z
ChIJsVtGHXixbTkRCIScHGi3qVY,Eastern Zaika (The taste of Kolkata),places,en,110,26.94572005,75.84776360000001,26.945924899999998,75.8462055,0,jai,Jaipur,2026-08-31T09:10:29.422503Z
ChIJyxMWayKxbTkRdJKeJp2RLsk,Bismillah Fast Food,places,en,110,26.94572005,75.84776360000001,26.9457785,75.8460375,0,jai,Jaipur,2026-08-31T09:10:29.422507Z
ChIJv51hbSKxbTkRskZnxl6iqhk,SUGUNA CHICKEN,places,en,110,26.94572005,75.84776360000001,26.9462574,75.846023,0,jai,Jaipur,2026-08-31T09:10:29.422511Z
ChIJyVGYxyGxbTkRm587zvlavjs,आशुताष चाय एण्ड रेस्टोरेन्ट,places,en,110,26.94572005,75.84776360000001,26.94598,75.84961919999999,0,jai,Jaipur,2026-08-31T09:10:29.422515Z
ChIJW3CrtzmxbTkR3FB4cej6Rjg,Hotel Hariyana Palace,places,en,110,26.94572005,75.84776360000001,26.9449404,75.84969269999999,0,jai,Jaipur,2026-08-31T09:10:29.422519Z
ChIJnQ1EM_qxbTkRx0AKgb087A4,Zam Zam Take Away,places,en,110,26.94572005,75.84776360000001,26.945979899999998,75.8455834,0,jai,Jaipur,2026-08-31T09:10:29.422523Z
ChIJLcW2cCKxbTkRv2-sop7cgaE,Zayed,places,en,110,26.94572005,75.84776360000001,26.946530499999998,75.8454292,0,jai,Jaipur,2026-08-31T09:10:29.422527Z
ChIJQRt4mVGxbTkRrAcOwdojDDc,Ratan Fast Food Centre,places,en,110,26.94572005,75.84776360000001,26.9459303,75.8502816,0,jai,Jaipur,2026-08-31T09:10:29.422531Z
ChIJLzIpeACxbTkRcamE50tRruY,SaDaK किनारे cafe,places,en,110,26.94572005,75.84776360000001,26.9434221,75.8492143,0,jai,Jaipur,2026-08-31T09:10:29.422535Z
ChIJQSnnBwCzbTkRUTbRwyuBWBY,Suman nayak,places,en,112,26.95537735,75.7461999,26.9545943,75.7455944,0,jai,Jaipur,2026-08-31T09:10:30.223767Z
ChIJH0cpLe-zbTkRrVACvpzOMFE,La veg Pizza,places,en,112,26.95537735,75.7461999,26.9548813,75.74517089999999,0,jai,Jaipur,2026-08-31T09:10:30.223796Z
ChIJfWVHNo2zbTkRK8-7Chk_hxs,Food paradize,places,en,112,26.95537735,75.7461999,26.9548973,75.7450904,0,jai,Jaipur,2026-08-31T09:10:30.223802Z
ChIJj1RZBkSzbTkRyRQmu8Et5co,Chennai Crust,places,en,112,26.95537735,75.7461999,26.954219199999997,75.7462255,0,jai,Jaipur,2026-08-31T09:10:30.223807Z
ChIJ07oyvNCzbTkRtPxEul2VGQQ,Shree Ganesh Dhaba Pavitra Bhojanlya,places,en,112,26.95537735,75.7461999,26.955054699999998,75.74480319999999,0,jai,Jaipur,2026-08-31T09:10:30.223811Z
ChIJpaQh8yuzbTkR0xaOhhI4M0E,Tharka Restaurant & Cafe,places,en,112,26.95537735,75.7461999,26.954099199999998,75.7465844,0,jai,Jaipur,2026-08-31T09:10:30.223814Z
ChIJq6RvnRyzbTkRhdum3SfO9gY,ORKA RESTAURANT & CAFE,places,en,112,26.95537735,75.7461999,26.954099799999998,75.7466259,0,jai,Jaipur,2026-08-31T09:10:30.223818Z
ChIJ6xBqDguzbTkRbxkf4rTt9lk,Jaishika South Indian Food,places,en,112,26.95537735,75.7461999,26.954756600000003,75.7446799,0,jai,Jaipur,2026-08-31T09:10:30.223822Z
ChIJ8zMhAQ2zbTkRvJIvJ86kbuY,Royal dubai burger & restaurant,places,en,112,26.95537735,75.7461999,26.9540245,75.7469704,0,jai,Jaipur,2026-08-31T09:10:30.223826Z
ChIJDxv-QACzbTkRWr3VkHZYyU4,श्री श्याम टिफिन सर्विस,places,en,112,26.95537735,75.7461999,26.954917199999997,75.744203,0,jai,Jaipur,2026-08-31T09:10:30.223830Z
ChIJJZ6wRACzbTkRYvwdXQdfB5s,Nanki ka dhaba,places,en,112,26.95537735,75.7461999,26.9575201,75.7467406,0,jai,Jaipur,2026-08-31T09:10:30.223834Z
ChIJSxkKfgCzbTkRxIrLrbl9Chg,Golu house,places,en,112,26.95537735,75.7461999,26.954098,75.7441601,0,jai,Jaipur,2026-08-31T09:10:30.223837Z
ChIJf83Rrh6zbTkRAvHTv7VjCyw,Santosh Tadka,places,en,112,26.95537735,75.7461999,26.955239499999998,75.7434766,0,jai,Jaipur,2026-08-31T09:10:30.223841Z
ChIJu-UXTqWzbTkRxzaw_I0NtNQ,Ramada by Wyndham Jaipur North,places,en,114,26.9488172,75.77410135,26.948076,75.7735861,0,jai,Jaipur,2026-08-31T09:10:30.981257Z
ChIJJU0sH7uzbTkRKQcEKZO9yfs,Hotel Park Ocean,places,en,114,26.9488172,75.77410135,26.947692099999998,75.77358579999999,0,jai,Jaipur,2026-08-31T09:10:30.981336Z
ChIJMxFRFeO1bTkRFcxDkkwAI5w,The Taste Town cafe,places,en,114,26.9488172,75.77410135,26.947764799999998,75.77509839999999,0,jai,Jaipur,2026-08-31T09:10:30.981345Z
ChIJPWL17iKzbTkRA5vG1NiOGK8,Blue Coriander Restaurant,places,en,114,26.9488172,75.77410135,26.9469943,75.77358,0,jai,Jaipur,2026-08-31T09:10:30.981350Z
ChIJHdRCFLuzbTkRibk8BG25y2c,Libra Lords Inn Jaipur,places,en,114,26.9488172,75.77410135,26.9470017,75.77352719999999,0,jai,Jaipur,2026-08-31T09:10:30.981354Z
ChIJJ1mcf5WzbTkRiQBVKCVCE0U,Roof Top Restaurant - Hotel Paradise,places,en,114,26.9488172,75.77410135,26.950117799999997,75.771529,0,jai,Jaipur,2026-08-31T09:10:30.981359Z
ChIJc-nhMwCzbTkRtswhcvPoUkI,n.s delights,places,en,114,26.9488172,75.77410135,26.948380999999998,75.777024,0,jai,Jaipur,2026-08-31T09:10:30.981363Z
ChIJ3XLi4lKybTkRAAAA0MaJZ2Q,Bhawani Namkeen Bhandar,places,en,115,26.9593519,75.76647485000001,26.9594722,75.7666976,0,jai,Jaipur,2026-08-31T09:10:31.370490Z
ChIJpUuEOACzbTkRmDMBt51oq6Y,Shree shyam kachori house,places,en,115,26.9593519,75.76647485000001,26.959443399999998,75.7681303,0,jai,Jaipur,2026-08-31T09:10:31.370517Z
ChIJv6njf56zbTkRijHoybNbpKs,Sanwaliya Dabbawala,places,en,115,26.9593519,75.76647485000001,26.9600737,75.7646931,0,jai,Jaipur,2026-08-31T09:10:31.370522Z
ChIJn5qBK76zbTkRqW4qF1PoMpc,Capital Boys PG,places,en,115,26.9593519,75.76647485000001,26.960113099999997,75.76465979999999,0,jai,Jaipur,2026-08-31T09:10:31.370527Z
ChIJC9vLWgCzbTkRSbaSywUSBhQ,Samosa King | Murlipura,places,en,115,26.9593519,75.76647485000001,26.9593542,75.76864379999999,0,jai,Jaipur,2026-08-31T09:10:31.370530Z
ChIJSUnrsNizbTkRkNHcCWxvzkM,thefoodies.nest,places,en,115,26.9593519,75.76647485000001,26.9587702,75.76865490000002,0,jai,Jaipur,2026-08-31T09:10:31.370535Z
ChIJ25YWh8qzbTkRTK8a34Cuff8,Shree Ram Chat & Misthan Bhandhar,places,en,115,26.9593519,75.76647485000001,26.960245399999998,75.7639535,0,jai,Jaipur,2026-08-31T09:10:31.370538Z
ChIJLa6wQ8izbTkRGfawSXJop7c,Sahu Ji Mishthan Bhandar,places,en,116,26.945827350000002,75.75899515,26.9433063,75.75795819999999,0,jai,Jaipur,2026-08-31T09:10:31.797555Z
ChIJB3kSIgCzbTkRqml5ntZyzzM,राम तलाई,places,en,117,26.991205299999997,75.79165555,26.9905215,75.78875719999999,0,jai,Jaipur,2026-08-31T09:10:32.241909Z
ChIJqU9yw163bTkR2OuzQXxqme0,Santoshi Tiffin Centre,places,en,118,26.840671899999997,75.8207385,26.840592599999997,75.81997539999999,0,jai,Jaipur,2026-08-31T09:10:32.577285Z
ChIJKXwKvq22bTkROD1_ITlVcVE,A To Z India Corporation,places,en,118,26.840671899999997,75.8207385,26.840987100000003,75.8216231,0,jai,Jaipur,2026-08-31T09:10:32.577309Z
ChIJQXzLCAC3bTkRbHT7Sdl2nUk,Gosht Garh,places,en,118,26.840671899999997,75.8207385,26.839902,75.819446,0,jai,Jaipur,2026-08-31T09:10:32.577315Z
ChIJxeFxchq2bTkRftUgFSa1Nwc,Paratha King,places,en,118,26.840671899999997,75.8207385,26.840169699999997,75.8226092,0,jai,Jaipur,2026-08-31T09:10:32.577319Z
ChIJ6yPzQgG3bTkRS1N7V_5XQs8,ONE BOWL,places,en,118,26.840671899999997,75.8207385,26.8419131,75.81915219999999,0,jai,Jaipur,2026-08-31T09:10:32.577323Z
ChIJAzw6yE23bTkRTOaeHiAfLqQ,DD's Stall,places,en,118,26.840671899999997,75.8207385,26.840268899999998,75.8233048,0,jai,Jaipur,2026-08-31T09:10:32.577326Z
ChIJxZZGLAC3bTkRK2QvwmFA0Vo,Lunch box,places,en,118,26.840671899999997,75.8207385,26.842177600000003,75.81855929999999,0,jai,Jaipur,2026-08-31T09:10:32.577330Z
ChIJmYTk4_qzbTkRd-RDSFLUkGc,Sharma fast food,places,en,119,26.98134025,75.74982885,26.979438299999998,75.7499383,0,jai,Jaipur,2026-08-31T09:10:32.940181Z
ChIJs0Ld4sWzbTkRqpFMIkxv8XM,Ram Gopal Mawa Paneer Bhandar,places,en,119,26.98134025,75.74982885,26.978838699999997,75.7497534,0,jai,Jaipur,2026-08-31T09:10:32.940203Z
ChIJIQRblICzbTkR4gjsuLMQ4n4,The Yummy tummy cafe,places,en,120,26.957330300000002,75.78058305,26.9560647,75.779438,0,jai,Jaipur,2026-08-31T09:10:33.392323Z
ChIJVcrsNX2zbTkRtgSZhPZwjlQ,Sanwariya Coffee And Juice Center,places,en,120,26.957330300000002,75.78058305,26.956001699999998,75.7793432,0,jai,Jaipur,2026-08-31T09:10:33.392347Z
ChIJ24JvEdmzbTkRc9w0rdWlJ1c,Vikash Kumar,places,en,120,26.957330300000002,75.78058305,26.9557182,75.7797368,0,jai,Jaipur,2026-08-31T09:10:33.392354Z
ChIJ8av-0g-zbTkRt4pA-eQ3X7I,Radhe Krishna da dhabha,places,en,120,26.957330300000002,75.78058305,26.9555327,75.78018050000001,0,jai,Jaipur,2026-08-31T09:10:33.392359Z
ChIJwSLCrA6zbTkRJaUmHKQFdRA,Chai junction,places,en,120,26.957330300000002,75.78058305,26.955502799999998,75.7803256,0,jai,Jaipur,2026-08-31T09:10:33.392363Z
ChIJ_fOOgHKzbTkR4DEWiUE4qr4,Agrawal Pizza And Bakery,places,en,120,26.957330300000002,75.78058305,26.9555126,75.7813539,0,jai,Jaipur,2026-08-31T09:10:33.392367Z
ChIJCWkxptCzbTkR7LIOnHDuOuY,The Belgian Waffle Co.,places,en,120,26.957330300000002,75.78058305,26.955795,75.7792436,0,jai,Jaipur,2026-08-31T09:10:33.392371Z
ChIJYUNx8LazbTkR6LN-2ER9JCQ,FOOD JUNCTION,places,en,120,26.957330300000002,75.78058305,26.955397299999998,75.78014259999999,0,jai,Jaipur,2026-08-31T09:10:33.392375Z
ChIJEZ90dQCzbTkRVygP1zc8ECQ,Mother's kitchen Tiffin center,places,en,120,26.957330300000002,75.78058305,26.9567879,75.78288409999999,0,jai,Jaipur,2026-08-31T09:10:33.392379Z
ChIJrbX9aACzbTkRPGFPx5y5xJk,Khadak Singh Da Dhaba,places,en,120,26.957330300000002,75.78058305,26.9552157,75.78095859999999,0,jai,Jaipur,2026-08-31T09:10:33.392383Z
ChIJrycG0YWzbTkRZlJ3GhW8KTY,Dosaka,places,en,120,26.957330300000002,75.78058305,26.957874600000004,75.77821569999999,0,jai,Jaipur,2026-08-31T09:10:33.392393Z
ChIJn9quPQCzbTkRRMcSuhL4lD0,AS FAST FOOD &CAFE,places,en,121,26.9825451,75.76283635,26.9823213,75.7639386,0,jai,Jaipur,2026-08-31T09:10:33.832012Z
ChIJOV0g3wuzbTkRnBcCoTTEejE,Aggrawal Ke Deshi Ghee Ke Chhole Bhature,places,en,121,26.9825451,75.76283635,26.9818219,75.7638204,0,jai,Jaipur,2026-08-31T09:10:33.832048Z
ChIJs-icIwCzbTkRvABiWIhO_Z0,GS RECOVER by GOSPECTACULAR,places,en,121,26.9825451,75.76283635,26.981635999999998,75.76165759999999,0,jai,Jaipur,2026-08-31T09:10:33.832056Z
ChIJm23zdwNNbDkRbEISzI1blaE,Jaipur Town Cafe & Family Restro,places,en,122,26.913301349999998,75.66962484999999,26.9127869,75.67071709999999,0,jai,Jaipur,2026-08-31T09:10:34.267637Z
ChIJOQsdgnfJbTkRnqaUsWOROd0,Annapurna kitchen,places,en,123,26.82101385,75.867355,26.821623,75.86755029999999,0,jai,Jaipur,2026-08-31T09:10:34.638384Z
ChIJBxe-v3bJbTkR77cmrRe9fpA,WAHEGURU TIFFIN CENTRE,places,en,123,26.82101385,75.867355,26.8223222,75.86865039999999,0,jai,Jaipur,2026-08-31T09:10:34.638409Z
ChIJ_TKXEwDJbTkRVjHKb4iqi3g,Richi Rich Fusion Chaat,places,en,123,26.82101385,75.867355,26.822011000000003,75.86569709999999,0,jai,Jaipur,2026-08-31T09:10:34.638416Z
ChIJh53bN6HJbTkRqP0bEYVJOT4,Mr.MOMO'S SUTRA,places,en,123,26.82101385,75.867355,26.822012,75.865692,0,jai,Jaipur,2026-08-31T09:10:34.638422Z
ChIJyf5dukvJbTkRTglysVUGTfE,Garvi's Cafe,places,en,123,26.82101385,75.867355,26.822970899999998,75.8678625,0,jai,Jaipur,2026-08-31T09:10:34.638427Z
ChIJTTPq7ObJbTkRyXiCF7xp92M,Unique Cafe,places,en,123,26.82101385,75.867355,26.8230361,75.8677344,0,jai,Jaipur,2026-08-31T09:10:34.638432Z
ChIJSyyCbdDJbTkRpmmgwZckhzI,Velora cafe,places,en,123,26.82101385,75.867355,26.8212904,75.8649013,0,jai,Jaipur,2026-08-31T09:10:34.638437Z
ChIJn_XsewDJbTkRH9ih0VZVsYY,Like Home Tiffins,places,en,123,26.82101385,75.867355,26.821211,75.8647424,0,jai,Jaipur,2026-08-31T09:10:34.638442Z
ChIJ-wA0Hj7JbTkRkVwwcQFt4gQ,Kanji Boy's Hostel,places,en,123,26.82101385,75.867355,26.8234277,75.8680962,0,jai,Jaipur,2026-08-31T09:10:34.638448Z
ChIJU5k5KIXJbTkRMlMok2lvdW4,Annapurna Pavitra Bhojnalaya,places,en,123,26.82101385,75.867355,26.823555199999998,75.8673744,0,jai,Jaipur,2026-08-31T09:10:34.638453Z
ChIJmcKZG2_JbTkRPE6ROoMTTCU,ShaukSeChaaP & More Co.,places,en,123,26.82101385,75.867355,26.823613299999998,75.8670909,0,jai,Jaipur,2026-08-31T09:10:34.638458Z
ChIJBSKCvgfJbTkRjUkz2bjhAH8,MFD Cafe,places,en,123,26.82101385,75.867355,26.823595299999997,75.8667628,0,jai,Jaipur,2026-08-31T09:10:34.638463Z
ChIJhyifUg3JbTkRHSC0IiI9K8c,CRAZ COFFEE DAY,places,en,123,26.82101385,75.867355,26.823636,75.86697439999999,0,jai,Jaipur,2026-08-31T09:10:34.638468Z
ChIJ19LxfeO3bTkRm372bJCbVmk,The Moody Chef,places,en,123,26.82101385,75.867355,26.821816400000003,75.8645064,0,jai,Jaipur,2026-08-31T09:10:34.638473Z
ChIJM671NbLJbTkRIa-GoRNzypw,Marwade's Restaurant,places,en,123,26.82101385,75.867355,26.8219197,75.8645329,0,jai,Jaipur,2026-08-31T09:10:34.638478Z
ChIJV7fKkYXJbTkRTDGlr8Wxqq0,Ma Jagdemba Ganral Stro,places,en,123,26.82101385,75.867355,26.820870499999998,75.8643454,0,jai,Jaipur,2026-08-31T09:10:34.638483Z
ChIJwa2Fd8izbTkRpRRyyMVkIdE,BURGER CORNER,places,en,124,26.95247065,75.7865917,26.9524947,75.78580699999999,0,jai,Jaipur,2026-08-31T09:10:35.046190Z
ChIJpbYWU_yzbTkRi46e6MyjS04,"Laxmi restaurant,pani pecha",places,en,124,26.95247065,75.7865917,26.951265499999998,75.7872585,0,jai,Jaipur,2026-08-31T09:10:35.046222Z
ChIJOXZ0cMuzbTkRwcDi4htzmjM,Apna food junction,places,en,124,26.95247065,75.7865917,26.953861999999997,75.786254,0,jai,Jaipur,2026-08-31T09:10:35.046229Z
ChIJoXJrKu6zbTkREaR90FHMWCw,Mr. Frango Sigdi Restaurant,places,en,124,26.95247065,75.7865917,26.9509081,75.78563559999999,0,jai,Jaipur,2026-08-31T09:10:35.046236Z
ChIJq4R9BcizbTkRX_caiGBBjqU,लालचन्द बारदाना भण्डार,places,en,124,26.95247065,75.7865917,26.9527762,75.7843827,0,jai,Jaipur,2026-08-31T09:10:35.046241Z
ChIJH3ttQQ-zbTkR72b4_BLR1_A,Mr. Frango,places,en,124,26.95247065,75.7865917,26.953319,75.7840332,0,jai,Jaipur,2026-08-31T09:10:35.046247Z
ChIJX4hsKnWzbTkRaVIIB0tbTyk,Radhe Krishna chat Bhandar,places,en,124,26.95247065,75.7865917,26.9541315,75.7842245,0,jai,Jaipur,2026-08-31T09:10:35.046252Z
ChIJ30ZTf2fJbTkRV_Sq43NFpXw,Laxmi Tiffin Centre,places,en,125,26.81820755,75.808741,26.819508499999998,75.8095848,0,jai,Jaipur,2026-08-31T09:10:35.458447Z
ChIJ4dSltWLJbTkR-25oxkkWjwY,Best Cafe,places,en,125,26.81820755,75.808741,26.8178801,75.8111198,0,jai,Jaipur,2026-08-31T09:10:35.458504Z
ChIJvY0BIKvJbTkR1ly7ZDdPEW4,Chaat Bazaar,places,en,125,26.81820755,75.808741,26.8159566,75.8072002,0,jai,Jaipur,2026-08-31T09:10:35.458522Z
ChIJQWYOfgDJbTkRa4lNZAqo4pk,Prajapati villa,places,en,126,26.8140407,75.81242879999999,26.8142447,75.81378480000001,0,jai,Jaipur,2026-08-31T09:10:35.855576Z
ChIJUX8WMfHJbTkR6PrIPmGiTls,प्रभात मिष्ठान भण्डार,places,en,126,26.8140407,75.81242879999999,26.8126793,75.8135662,0,jai,Jaipur,2026-08-31T09:10:35.855609Z
ChIJM9qdrCbJbTkREKpfny2sEAg,Pooja's Dabeli House,places,en,126,26.8140407,75.81242879999999,26.812150199999998,75.81165899999999,0,jai,Jaipur,2026-08-31T09:10:35.855618Z
ChIJ-6nEaJ_JbTkR_2lF9b1zRmo,Aashima Momo Centre,places,en,126,26.8140407,75.81242879999999,26.8131688,75.80971009999999,0,jai,Jaipur,2026-08-31T09:10:35.855624Z
ChIJ0yiv0O3JbTkRqM3kcdlOjiU,श्री राम फास्ट फूड एण्ड ज्यूस सेन्टर,places,en,127,26.81298085,75.81982595,26.8114258,75.82073559999999,0,jai,Jaipur,2026-08-31T09:10:36.256390Z
ChIJUeNJfazJbTkRpMsQ_D4bxXY,Bike rental jaipur,places,en,127,26.81298085,75.81982595,26.814696599999998,75.8193126,0,jai,Jaipur,2026-08-31T09:10:36.256415Z
ChIJ2ZTM76nJbTkRkgaDGEqliE0,Chennai Dosa and Soya Chaap,places,en,127,26.81298085,75.81982595,26.814432999999998,75.8215586,0,jai,Jaipur,2026-08-31T09:10:36.256421Z
ChIJ_Z_jjVrJbTkRSlT1f7q9EZ0,RAJ NONVEG RESTAURANT,places,en,127,26.81298085,75.81982595,26.814022299999998,75.8221875,0,jai,Jaipur,2026-08-31T09:10:36.256425Z
ChIJw14rgzfJbTkRu-jPrQ8Y40Q,Tript Restro & Cafe,places,en,127,26.81298085,75.81982595,26.8113133,75.8218265,0,jai,Jaipur,2026-08-31T09:10:36.256430Z
ChIJU5TScgDLbTkRUavyasTnrU4,Musharraf khan,places,en,129,26.80316155,75.77693325,26.8018805,75.7776682,0,jai,Jaipur,2026-08-31T09:10:37.057663Z
ChIJqeR4LADLbTkR9yjtaa0mhQE,Shree Shyam Kripa Family Restaurant And Cafe,places,en,129,26.80316155,75.77693325,26.804855200000002,75.77488199999999,0,jai,Jaipur,2026-08-31T09:10:37.057692Z
ChIJuSJRkZnJbTkRY7CsUEDjt1o,Zayka Junction,places,en,130,26.81089405,75.82474615000001,26.810404799999997,75.8244867,0,jai,Jaipur,2026-08-31T09:10:37.513071Z
ChIJIcsKvmnJbTkRJiODkf-Njyg,UNLIMITED PIZZA STREET,places,en,130,26.81089405,75.82474615000001,26.810404199999997,75.824484,0,jai,Jaipur,2026-08-31T09:10:37.513101Z
ChIJLz14zNjJbTkRlEZCVzLF468,Long lachi,places,en,130,26.81089405,75.82474615000001,26.8103585,75.824336,0,jai,Jaipur,2026-08-31T09:10:37.513109Z
ChIJJ6xxEgDJbTkRHDeRtCxaOUQ,New kabir restaurant,places,en,130,26.81089405,75.82474615000001,26.8116538,75.8245448,0,jai,Jaipur,2026-08-31T09:10:37.513115Z
ChIJc8JQwn_JbTkR-WWXeYAp95U,Dhanraj Meena,places,en,130,26.81089405,75.82474615000001,26.8098606,75.8247634,0,jai,Jaipur,2026-08-31T09:10:37.513121Z
ChIJ3fJlbVbJbTkR5r6HxhhgGDs,KISHAN LAL,places,en,130,26.81089405,75.82474615000001,26.8108346,75.82343469999999,0,jai,Jaipur,2026-08-31T09:10:37.513127Z
ChIJvUXp2crJbTkRa0HSdFv8iLY,Sky Vibes | Cafe & Lounge | Rooftop Cafe,places,en,130,26.81089405,75.82474615000001,26.8114685,75.8233995,0,jai,Jaipur,2026-08-31T09:10:37.513133Z
ChIJ18hUy7vJbTkRQxuTHr1gZkM,LOVKHUSH SPECIAL DHABA,places,en,130,26.81089405,75.82474615000001,26.8101323,75.8234813,0,jai,Jaipur,2026-08-31T09:10:37.513138Z
ChIJe1pYj9PJbTkRnknuHIPXPg8,The Furious Cafe,places,en,130,26.81089405,75.82474615000001,26.8095374,75.824804,0,jai,Jaipur,2026-08-31T09:10:37.513143Z
ChIJl6ObScTJbTkRLlZqdl1sSL4,The COFFEENS,places,en,130,26.81089405,75.82474615000001,26.809562,75.82506819999999,0,jai,Jaipur,2026-08-31T09:10:37.513148Z
ChIJQd4iFufJbTkRmiI4hTrbxTA,Shree Ram Food Court,places,en,130,26.81089405,75.82474615000001,26.809528999999998,75.82483909999999,0,jai,Jaipur,2026-08-31T09:10:37.513154Z
ChIJ94NJQr7JbTkRvxkcycIWnl8,Tezz Cafe,places,en,130,26.81089405,75.82474615000001,26.809550599999998,75.8237992,0,jai,Jaipur,2026-08-31T09:10:37.513159Z
ChIJVWiMaQDJbTkRNuLRR4oXJIo,Deva tiffin centre,places,en,130,26.81089405,75.82474615000001,26.8099866,75.8262213,0,jai,Jaipur,2026-08-31T09:10:37.513164Z
ChIJhbCEXgDJbTkRRNYQ8GlONNk,Branded Tadka Dhaba,places,en,130,26.81089405,75.82474615000001,26.8117964,75.823195,0,jai,Jaipur,2026-08-31T09:10:37.513169Z
ChIJq0_5863JbTkResvKJ6G4x78,THE PIZZA KING,places,en,130,26.81089405,75.82474615000001,26.809407999999998,75.8258244,0,jai,Jaipur,2026-08-31T09:10:37.513175Z
ChIJbdIm3IHJbTkRPPH29cuh8mA,Bakery bites and Fast food,places,en,130,26.81089405,75.82474615000001,26.8090524,75.8248821,0,jai,Jaipur,2026-08-31T09:10:37.513180Z
ChIJ4fUZfOvJbTkRSlp_-WoX1Yc,महाकाल चौपाटी,places,en,130,26.81089405,75.82474615000001,26.808933999999997,75.8246374,0,jai,Jaipur,2026-08-31T09:10:37.513186Z
ChIJ56iwTZfJbTkRP3lZojJ-FAk,ZERO DEGREE CAFE & RESTAURANT,places,en,130,26.81089405,75.82474615000001,26.8126216,75.82328989999999,0,jai,Jaipur,2026-08-31T09:10:37.513191Z
ChIJkw0mg2LJbTkR-YZAurEZCrU,Coffee Dose,places,en,130,26.81089405,75.82474615000001,26.8087774,75.8257565,0,jai,Jaipur,2026-08-31T09:10:37.513196Z
ChIJWyskBB3JbTkRU_eUByOHWeM,DUGGU BAKERY AND CAFE,places,en,130,26.81089405,75.82474615000001,26.808624000000002,75.8240141,0,jai,Jaipur,2026-08-31T09:10:37.513202Z
ChIJUd5LIgrJbTkRCfBdmhl7sMY,Sibling's kitchen,places,en,131,26.8173165,75.83048414999999,26.817169099999997,75.83049079999999,0,jai,Jaipur,2026-08-31T09:10:37.938259Z
ChIJaa0CwKrJbTkRhv9MNIPdt0U,Golden tree restro and cafe,places,en,131,26.8173165,75.83048414999999,26.8165856,75.8308054,0,jai,Jaipur,2026-08-31T09:10:37.938290Z
ChIJm25cNADJbTkRzb7U1QVZvsM,M&S Brother's Café,places,en,131,26.8173165,75.83048414999999,26.817874200000002,75.8299183,0,jai,Jaipur,2026-08-31T09:10:37.938300Z
ChIJfarNPDfJbTkRa_hgwcDOpww,LOOTERA'S HANDI HOUSE,places,en,131,26.8173165,75.83048414999999,26.816473799999997,75.83071869999999,0,jai,Jaipur,2026-08-31T09:10:37.938306Z
ChIJlzJYIQDJbTkR-gz4QXQszqo,Café Caviar,places,en,131,26.8173165,75.83048414999999,26.818198199999998,75.8313951,0,jai,Jaipur,2026-08-31T09:10:37.938312Z
ChIJx6GaBwDJbTkRidjPXRwYPyE,Adda2.0 restaurant,places,en,131,26.8173165,75.83048414999999,26.818567400000003,75.82926839999999,0,jai,Jaipur,2026-08-31T09:10:37.938318Z
ChIJYQRtx63JbTkRBe_geB6-F3s,The DeIicious Yard // family restaurants in jaipur,places,en,131,26.8173165,75.83048414999999,26.818987699999997,75.8326119,0,jai,Jaipur,2026-08-31T09:10:37.938324Z
ChIJ6y2dp0i3bTkR67O2_oMDKjw,Kolkata Fast Food Center,places,en,132,26.834196249999998,75.8238568,26.834540999999998,75.8237232,0,jai,Jaipur,2026-08-31T09:10:38.296712Z
ChIJP_ESpx62bTkRKnyRQvjEJcg,अनमोल फास्ट फूड,places,en,132,26.834196249999998,75.8238568,26.8343073,75.8244431,0,jai,Jaipur,2026-08-31T09:10:38.296748Z
ChIJ_TK7Ahy2bTkRlwUaBc7AoqU,जय माता दी तुलजा पान भण्डार,places,en,132,26.834196249999998,75.8238568,26.8345848,75.82429669999999,0,jai,Jaipur,2026-08-31T09:10:38.296757Z
ChIJiaMFqB62bTkRIibI3wFcGlg,मण्डल ऐग एण्ड फास्ट फूड सेन्टर,places,en,132,26.834196249999998,75.8238568,26.8345655,75.8243811,0,jai,Jaipur,2026-08-31T09:10:38.296763Z
ChIJF5iAMQW3bTkRMYAvJ1I38zI,Islami Altaf Restaurant,places,en,132,26.834196249999998,75.8238568,26.834605,75.8243427,0,jai,Jaipur,2026-08-31T09:10:38.296769Z
ChIJM2u8Ym23bTkRpDYT9EkHrI4,Hedar Ali,places,en,132,26.834196249999998,75.8238568,26.833747,75.8233888,0,jai,Jaipur,2026-08-31T09:10:38.296774Z
ChIJR6CQmAS3bTkRChgEMOo1HCI,Haider biryani,places,en,132,26.834196249999998,75.8238568,26.8336614,75.8234312,0,jai,Jaipur,2026-08-31T09:10:38.296779Z
ChIJr9UjiFC3bTkRwCum4QNZYHM,Islami Altaf Hotel,places,en,132,26.834196249999998,75.8238568,26.8337425,75.8245331,0,jai,Jaipur,2026-08-31T09:10:38.296784Z
ChIJvxHMdRy2bTkRjE_dGGTLgjs,फरीद कुरेशी चिकन शॉप,places,en,132,26.834196249999998,75.8238568,26.8349107,75.8225915,0,jai,Jaipur,2026-08-31T09:10:38.296789Z
ChIJ7XCDNgC3bTkR_l6pyO7m7MQ,FoodiGo,places,en,132,26.834196249999998,75.8238568,26.8337336,75.82545710000001,0,jai,Jaipur,2026-08-31T09:10:38.296795Z
ChIJR0AAiBu2bTkRaNiACSW4xxw,श्री श्याम चाट भण्डार,places,en,132,26.834196249999998,75.8238568,26.835035299999998,75.8221695,0,jai,Jaipur,2026-08-31T09:10:38.296800Z
ChIJMynAdd-3bTkRVJoxfAEIIzc,Shree shyam Fast Food Corner,places,en,132,26.834196249999998,75.8238568,26.8346926,75.82600719999999,0,jai,Jaipur,2026-08-31T09:10:38.296805Z
ChIJ_dwkxh62bTkRotkswxq9kKo,साहू गजक भण्डार,places,en,132,26.834196249999998,75.8238568,26.834661800000003,75.8260361,0,jai,Jaipur,2026-08-31T09:10:38.296810Z
ChIJ5__sEzO3bTkRv85c-4svz-8,शेखावाटी पवित्र भोजनालय,places,en,132,26.834196249999998,75.8238568,26.8352166,75.8265906,0,jai,Jaipur,2026-08-31T09:10:38.296815Z
ChIJofqBvYO3bTkRKfrl1x1BbYY,Jai shree shyam Pavitra bhojnalaya,places,en,132,26.834196249999998,75.8238568,26.83495,75.8267034,0,jai,Jaipur,2026-08-31T09:10:38.296820Z
ChIJo16tXhezbTkRJa80-31wmYg,Elegant tiffin services,places,en,133,26.96482945,75.7607754,26.964133099999998,75.7591834,0,jai,Jaipur,2026-08-31T09:10:38.650689Z
ChIJhdz1xVWybTkRHIzyD9pW1EE,सौरभ गृहस्थी भण्डार,places,en,133,26.96482945,75.7607754,26.9662224,75.7625528,0,jai,Jaipur,2026-08-31T09:10:38.650720Z
ChIJVTgRnXOrbTkRxOGCqNz69ZU,Brew And Bite Adda,places,en,133,26.96482945,75.7607754,26.9670566,75.7606794,0,jai,Jaipur,2026-08-31T09:10:38.650728Z
ChIJSVLuwtmzbTkRhJx5OSDiY3A,SHREE SWAD FOOD COURT,places,en,133,26.96482945,75.7607754,26.9672286,75.7598249,0,jai,Jaipur,2026-08-31T09:10:38.650734Z
ChIJkegK-oHJbTkRtvCte0yLl_s,pawan dev nasta corner,places,en,134,26.80078745,75.8320753,26.8005499,75.8326022,0,jai,Jaipur,2026-08-31T09:10:39.113322Z
ChIJn1HbvDXJbTkRcAJtmB3Fp9c,Salt and Stories,places,en,134,26.80078745,75.8320753,26.801409600000003,75.8318298,0,jai,Jaipur,2026-08-31T09:10:39.113424Z
ChIJC8G1db7JbTkRRiGGRstSwgE,Kitchen Xpress,places,en,134,26.80078745,75.8320753,26.801583700000002,75.8318724,0,jai,Jaipur,2026-08-31T09:10:39.113462Z
ChIJb_mAg__JbTkRbHk_I2jdZ-Q,Pooja pavitra bhojnalaya,places,en,134,26.80078745,75.8320753,26.799437299999997,75.8312772,0,jai,Jaipur,2026-08-31T09:10:39.113471Z
ChIJ3eJ6CgDJbTkRuTu0JCNZ_yQ,Vinayak pizza point,places,en,134,26.80078745,75.8320753,26.7986492,75.831398,0,jai,Jaipur,2026-08-31T09:10:39.113478Z
ChIJd4oBe3vJbTkRJvCYOSvxCbY,Gangotri Cafe & Family restaurant,places,en,134,26.80078745,75.8320753,26.8030716,75.832231,0,jai,Jaipur,2026-08-31T09:10:39.113484Z
ChIJ9bVO4KnJbTkRf7olnHaREt4,Aapka Swaad Tiffin Service,places,en,134,26.80078745,75.8320753,26.798368999999997,75.8319539,0,jai,Jaipur,2026-08-31T09:10:39.113490Z
ChIJv4XII561bTkRaIihGlosJuU,MahaLaxmi Patasi Center Manoharpur,places,en,135,27.2999808,75.9561122,27.299643699999997,75.95614640000001,0,jai,Jaipur,2026-08-31T09:10:39.509292Z
ChIJzeybOrMJbTkR3I-qRP_cZjU,Indira Rasoi,places,en,135,27.2999808,75.9561122,27.299667499999998,75.9564791,0,jai,Jaipur,2026-08-31T09:10:39.509319Z
ChIJRRQABgAJbTkRpVmrGklkOfM,Pareek misthan bhandar,places,en,135,27.2999808,75.9561122,27.2995088,75.9563301,0,jai,Jaipur,2026-08-31T09:10:39.509327Z
ChIJSUNWUgAJbTkRLfrL350B5kU,Hotel King Paradise,places,en,135,27.2999808,75.9561122,27.299443200000002,75.9570743,0,jai,Jaipur,2026-08-31T09:10:39.509332Z
ChIJHTneii0JbTkRRhQF0iCT6fk,SINGHAL BROTHERS,places,en,135,27.2999808,75.9561122,27.299667499999998,75.9577694,0,jai,Jaipur,2026-08-31T09:10:39.509338Z
ChIJpVwpSgHLbTkRJ_N72GLhd7U,Aaush Cafe,places,en,136,26.8037324,75.80178480000001,26.8042639,75.80063679999999,0,jai,Jaipur,2026-08-31T09:10:39.939044Z
ChIJ33QOrx_KbTkR3XPIuuYfVIM,B.M. Kerala Store,places,en,136,26.8037324,75.80178480000001,26.8042737,75.8004846,0,jai,Jaipur,2026-08-31T09:10:39.939074Z
ChIJ463HefjJbTkRz17-Y0udugg,Unlimited Pizza point,places,en,136,26.8037324,75.80178480000001,26.8026517,75.8028704,0,jai,Jaipur,2026-08-31T09:10:39.939082Z
ChIJo2R2g2jLbTkRm1nUhCgma64,hot plate resturant jaipur,places,en,136,26.8037324,75.80178480000001,26.805258799999997,75.80207519999999,0,jai,Jaipur,2026-08-31T09:10:39.939088Z
ChIJDeRO513LbTkRBTt9Y5HzHbI,Mudrika Black Pepper Restaurant,places,en,136,26.8037324,75.80178480000001,26.801847,75.8022838,0,jai,Jaipur,2026-08-31T09:10:39.939093Z
ChIJxSZDFkLLbTkRx3r3L6XwEMs,Bhojan Box,places,en,136,26.8037324,75.80178480000001,26.805646199999998,75.8025492,0,jai,Jaipur,2026-08-31T09:10:39.939098Z
ChIJnwt4MgDLbTkRLii4Nw_BBjs,Hari,places,en,136,26.8037324,75.80178480000001,26.804545299999997,75.8041488,0,jai,Jaipur,2026-08-31T09:10:39.939103Z
ChIJt5kGEyDKbTkRkO7j1qr0ZxQ,Aditya tiffin Centrer,places,en,136,26.8037324,75.80178480000001,26.802703299999997,75.8040544,0,jai,Jaipur,2026-08-31T09:10:39.939109Z
ChIJb9BPn_XLbTkRWO_n2u1sV4s,Mr. HAJARI HAJARI,places,en,136,26.8037324,75.80178480000001,26.801540900000003,75.80283159999999,0,jai,Jaipur,2026-08-31T09:10:39.939114Z
ChIJFRzpHs7LbTkRXQvcXefuogI,Sitaram Chhole Bhature,places,en,136,26.8037324,75.80178480000001,26.801453600000002,75.80281149999999,0,jai,Jaipur,2026-08-31T09:10:39.939119Z
ChIJ6d2_dQDLbTkRdYblRSRCOG8,Bombay Bites (HumanityFoodBank),places,en,136,26.8037324,75.80178480000001,26.8061744,75.8028544,0,jai,Jaipur,2026-08-31T09:10:39.939124Z
ChIJGc5Jfg23bTkROVQA-QY-Hgo,Sita Tea Stall,places,en,137,26.88944035,75.88602545,26.890259699999998,75.8866001,0,jai,Jaipur,2026-08-31T09:10:40.296025Z
ChIJeyMbGwC3bTkRTm1MXeIlQE8,Priya Tiffin Center,places,en,137,26.88944035,75.88602545,26.8894685,75.88473189999999,0,jai,Jaipur,2026-08-31T09:10:40.296054Z
ChIJb3QRTNK3bTkRUc1sqxhZVy0,Elight cafe,places,en,137,26.88944035,75.88602545,26.8894685,75.88473189999999,0,jai,Jaipur,2026-08-31T09:10:40.296061Z
ChIJzXKBZ6C3bTkRdnTk10fa-ws,Sharma Tea Stall,places,en,137,26.88944035,75.88602545,26.889146099999998,75.8845314,0,jai,Jaipur,2026-08-31T09:10:40.296067Z
ChIJuTifjKq3bTkRzsGC5_RbmiE,Sharma Dhaba,places,en,137,26.88944035,75.88602545,26.888237399999998,75.88480849999999,0,jai,Jaipur,2026-08-31T09:10:40.296073Z
ChIJG41OdgC3bTkRzNTwNLh5jQ0,SS Tiffin Center,places,en,137,26.88944035,75.88602545,26.8879375,75.8851875,0,jai,Jaipur,2026-08-31T09:10:40.296079Z
ChIJfefxVkO3bTkRanmEjJ5Sm4c,Sharam Fast Food,places,en,137,26.88944035,75.88602545,26.8876219,75.8855078,0,jai,Jaipur,2026-08-31T09:10:40.296085Z
ChIJm9iybKK3bTkRDLMU0tmlwWI,Mama's Tiffin Center,places,en,137,26.88944035,75.88602545,26.8881938,75.88431299999999,0,jai,Jaipur,2026-08-31T09:10:40.296090Z
ChIJ5TZIOXi3bTkRcpz-xjST3NI,Kamakshi Tiffin Services,places,en,137,26.88944035,75.88602545,26.8881938,75.88431299999999,0,jai,Jaipur,2026-08-31T09:10:40.296095Z
ChIJizmHZOy3bTkRS9_dNL_u8uc,Sri Raghuram dhaba,places,en,137,26.88944035,75.88602545,26.8876911,75.8869814,0,jai,Jaipur,2026-08-31T09:10:40.296100Z
ChIJO5YaaKm3bTkRtR-jk5UJgJU,Halt Restaurant,places,en,137,26.88944035,75.88602545,26.8876568,75.8869617,0,jai,Jaipur,2026-08-31T09:10:40.296105Z
ChIJV6WvXHq3bTkRhKWeyYJSVDk,Mohan lal mava wala,places,en,137,26.88944035,75.88602545,26.8880427,75.88441809999999,0,jai,Jaipur,2026-08-31T09:10:40.296110Z
ChIJH2UpBAC3bTkRmBrQWXGsd-U,Kiran Tiffin Center,places,en,137,26.88944035,75.88602545,26.8881373,75.8841241,0,jai,Jaipur,2026-08-31T09:10:40.296115Z
ChIJX1rON3G3bTkRfyYAW8GaQvU,The Big Corner,places,en,137,26.88944035,75.88602545,26.8879596,75.8839373,0,jai,Jaipur,2026-08-31T09:10:40.296170Z
ChIJ7RzsZeG3bTkRU-aJ5jXaBl4,Purana Pandit Pav Bhaji,places,en,137,26.88944035,75.88602545,26.8874474,75.88762530000001,0,jai,Jaipur,2026-08-31T09:10:40.296182Z
ChIJySl6zJa3bTkRqoR4OhoqScw,Blue Moon Cafe & Restaurant,places,en,137,26.88944035,75.88602545,26.8869214,75.88569509999999,0,jai,Jaipur,2026-08-31T09:10:40.296189Z
ChIJy-Y_pAWnbTkRx5w5ERoo_u4,Cook House Mess,places,en,138,27.17666545,75.95468625000001,27.1750345,75.95458400000001,0,jai,Jaipur,2026-08-31T09:10:40.699014Z
ChIJL1KY3AWnbTkRg1359bvnMkw,Frush,places,en,138,27.17666545,75.95468625000001,27.174975999999997,75.952755,0,jai,Jaipur,2026-08-31T09:10:40.699043Z
ChIJzdnp7NDJbTkRdHJ0cX9lohU,Gajanan tea stall,places,en,139,26.8371489,75.89754545,26.8367005,75.8979642,0,jai,Jaipur,2026-08-31T09:10:41.449785Z
ChIJlYw33v-3bTkRRetaeSGGnBY,Khoda ji RESTAURANT,places,en,139,26.8371489,75.89754545,26.8372156,75.8983307,0,jai,Jaipur,2026-08-31T09:10:41.449818Z
ChIJ9WP3cwDHbTkRSeVaENxXRfE,RAM-G RESTAURANT,places,en,139,26.8371489,75.89754545,26.8369014,75.9002008,0,jai,Jaipur,2026-08-31T09:10:41.449827Z
ChIJHy_pKZq3bTkRHGtg2xAxwEQ,AVINASH'S Farm,places,en,139,26.8371489,75.89754545,26.839230300000004,75.8961185,0,jai,Jaipur,2026-08-31T09:10:41.449833Z
ChIJM-7ss_a3bTkR1v5tnfjXdcU,"Utopia "" kinnu organic farm and dinning """,places,en,139,26.8371489,75.89754545,26.8391755,75.8959035,0,jai,Jaipur,2026-08-31T09:10:41.449838Z
ChIJJ-I52yGzbTkRrI0J7j0eifQ,IFC,places,en,141,26.98807765,75.744255,26.9882895,75.7434055,0,jai,Jaipur,2026-08-31T09:10:42.256436Z
ChIJZS2yj46zbTkRnVcixky9VVw,CRYSTAL WORLD CAFE ( CWC Cafe ),places,en,141,26.98807765,75.744255,26.988072900000002,75.74313479999999,0,jai,Jaipur,2026-08-31T09:10:42.256465Z
ChIJ5ZxiUgCzbTkROtmopaV7PgU,Ganpati Restaurant,places,en,141,26.98807765,75.744255,26.9884663,75.7431666,0,jai,Jaipur,2026-08-31T09:10:42.256474Z
ChIJ39RSHgCzbTkRGzQSDgEqIOs,Kingdoms Pizza,places,en,141,26.98807765,75.744255,26.9885982,75.7431209,0,jai,Jaipur,2026-08-31T09:10:42.256479Z
ChIJb1G8TeCzbTkRSSSqT8sBozA,Sainik Hotel and Fast Food,places,en,141,26.98807765,75.744255,26.9892315,75.7437999,0,jai,Jaipur,2026-08-31T09:10:42.256484Z
ChIJ551fZwCzbTkRqLfrM-XEd8I,Jai shree mahakal restaurant and Pavitra bhojnalaya,places,en,141,26.98807765,75.744255,26.9893206,75.74389409999999,0,jai,Jaipur,2026-08-31T09:10:42.256490Z
ChIJ8ZcJi5OybTkRlCLuaideXsI,Tra's Food Point,places,en,141,26.98807765,75.744255,26.986694399999998,75.7432079,0,jai,Jaipur,2026-08-31T09:10:42.256503Z
ChIJI-EuUuazbTkRh92ssglbvxQ,Back Benchers cafe & restro,places,en,141,26.98807765,75.744255,26.987075200000003,75.7425983,0,jai,Jaipur,2026-08-31T09:10:42.256508Z
ChIJw06InBWzbTkRxm5onLbgLRY,Sharma sweets,places,en,141,26.98807765,75.744255,26.9900704,75.7441184,0,jai,Jaipur,2026-08-31T09:10:42.256513Z
ChIJj7rYJgCzbTkRrvW2BMyOSvM,The Rooftop Cafe,places,en,141,26.98807765,75.744255,26.986617,75.74255029999999,0,jai,Jaipur,2026-08-31T09:10:42.256518Z
ChIJYTbh2AmzbTkRysd30vxznF4,Brew Haven Cafe,places,en,141,26.98807765,75.744255,26.990347600000003,75.7442787,0,jai,Jaipur,2026-08-31T09:10:42.256523Z
ChIJvScNg5uzbTkRlzBaydMx06Y,The Hotel Shadow,places,en,141,26.98807765,75.744255,26.9903725,75.7441559,0,jai,Jaipur,2026-08-31T09:10:42.256528Z
ChIJUUvQpcSzbTkR8JAfes0L7tw,Engeneers Cafe,places,en,141,26.98807765,75.744255,26.9904507,75.7442916,0,jai,Jaipur,2026-08-31T09:10:42.256533Z
ChIJm4WfkePJbTkRVxks5X5zIes,The Royal Restaurant,places,en,142,26.80529635,75.84635795,26.8052852,75.8482081,0,jai,Jaipur,2026-08-31T09:10:42.659774Z
ChIJ3zfqSrHJbTkR1gHJeBC571I,Shree Shyam Dhaba,places,en,142,26.80529635,75.84635795,26.803969199999997,75.84486609999999,0,jai,Jaipur,2026-08-31T09:10:42.659855Z
ChIJLfXWMADJbTkR9VEZUPerA3o,Shree Banke Bihari Sweet & Kachori,places,en,142,26.80529635,75.84635795,26.803229700000003,75.84612249999999,0,jai,Jaipur,2026-08-31T09:10:42.659873Z
ChIJW6-9VpnJbTkRlkFJw4Iwjng,आपणो घर आपणी रसोई,places,en,142,26.80529635,75.84635795,26.8072031,75.8444336,0,jai,Jaipur,2026-08-31T09:10:42.659881Z
ChIJBx3zPqzJbTkR0Gqq2_2xZjo,Shree Balaji dudh bhandar,places,en,142,26.80529635,75.84635795,26.8054459,75.84344329999999,0,jai,Jaipur,2026-08-31T09:10:42.659887Z
ChIJL6HNcM3JbTkRH7BxD1cDQxQ,Café Bella Ciao,places,en,142,26.80529635,75.84635795,26.8026427,75.845834,0,jai,Jaipur,2026-08-31T09:10:42.659892Z
ChIJP3_JDZ21bTkR4KI3sjeIIFw,खुशी बैण्ड,places,en,143,26.836686999999998,75.76158645000001,26.8369902,75.7621436,0,jai,Jaipur,2026-08-31T09:10:43.015735Z
ChIJyXn58OK1bTkR82vaL7heFz8,Chatori Street,places,en,143,26.836686999999998,75.76158645000001,26.8367538,75.7623816,0,jai,Jaipur,2026-08-31T09:10:43.015763Z
ChIJZzWeuw-1bTkRZtCB5O6pvLY,The Haveli Café & Restro,places,en,143,26.836686999999998,75.76158645000001,26.8374448,75.762095,0,jai,Jaipur,2026-08-31T09:10:43.015771Z
ChIJnSCSO7u1bTkRkZNzf4jooVc,The Devil House,places,en,143,26.836686999999998,75.76158645000001,26.837448199999997,75.7620977,0,jai,Jaipur,2026-08-31T09:10:43.015776Z
ChIJt2UL2Mu1bTkRisgz_uRCmaM,The Urban Thadi 2.0,places,en,143,26.836686999999998,75.76158645000001,26.8365841,75.7603999,0,jai,Jaipur,2026-08-31T09:10:43.015782Z
ChIJQ1FOlZO1bTkRXkjcRLjs2SU,Mohabbat Ki Chai,places,en,143,26.836686999999998,75.76158645000001,26.8370661,75.760086,0,jai,Jaipur,2026-08-31T09:10:43.015787Z
ChIJjSUucDe1bTkRfVky0hiBX7c,ishq e chai,places,en,143,26.836686999999998,75.76158645000001,26.837040599999998,75.7599733,0,jai,Jaipur,2026-08-31T09:10:43.015792Z
ChIJhc0aK3e1bTkRyyoDETTWM8Q,DAWAT THE FAMILY RESTAURANT,places,en,143,26.836686999999998,75.76158645000001,26.8362321,75.7593777,0,jai,Jaipur,2026-08-31T09:10:43.015797Z
ChIJfXFeaYW1bTkRNQNo4nxyOkg,Donni's Multi Cuisine Veg Restaurant and club,places,en,143,26.836686999999998,75.76158645000001,26.836194,75.7593323,0,jai,Jaipur,2026-08-31T09:10:43.015802Z
ChIJo0SRdGe1bTkRYjJEm8qqRjM,Sai Chaap Corner,places,en,143,26.836686999999998,75.76158645000001,26.8361312,75.75933669999999,0,jai,Jaipur,2026-08-31T09:10:43.015806Z
ChIJy112zS-1bTkRMJ519Hii9xI,Mahadev Rooftop,places,en,143,26.836686999999998,75.76158645000001,26.8377694,75.7595374,0,jai,Jaipur,2026-08-31T09:10:43.015811Z
ChIJITi0DQC1bTkRXlSZ7SDJLKo,Treat House Cafe - THC,places,en,143,26.836686999999998,75.76158645000001,26.8358298,75.7593928,0,jai,Jaipur,2026-08-31T09:10:43.015816Z
ChIJB8wlMvm1bTkRuyP6-K2Rf9I,Jain Khandelwal Dhaba,places,en,143,26.836686999999998,75.76158645000001,26.837519300000004,75.7593158,0,jai,Jaipur,2026-08-31T09:10:43.015821Z
ChIJQdEj5JK1bTkRjlKYivE5H2s,Dewanji cafe,places,en,143,26.836686999999998,75.76158645000001,26.8379841,75.7595956,0,jai,Jaipur,2026-08-31T09:10:43.015826Z
ChIJad9cJHa1bTkRSjQj_nl44Hk,Shree Shyam Restaurant And Tiffen Center,places,en,143,26.836686999999998,75.76158645000001,26.838219,75.7597983,0,jai,Jaipur,2026-08-31T09:10:43.015830Z
ChIJu9Knl6K1bTkRYFUOu7vnnWM,Mahadev Dhaba Vijay Path Wala,places,en,143,26.836686999999998,75.76158645000001,26.837846600000002,75.7594737,0,jai,Jaipur,2026-08-31T09:10:43.015836Z
ChIJbXGK-661bTkRzeScPmnow7k,Doorbeen Courtyard,places,en,143,26.836686999999998,75.76158645000001,26.836970899999997,75.7590902,0,jai,Jaipur,2026-08-31T09:10:43.015841Z
ChIJuy7d4aO3bTkR8N7RIScSmLw,Harnam Ji Ke Special Chole Bhature,places,en,145,26.891332249999998,75.82422690000001,26.8913646,75.8243208,0,jai,Jaipur,2026-08-31T09:10:43.839306Z
ChIJgwv5qRm3bTkRf-9ExTUlWkc,Meena Tea Stall,places,en,145,26.891332249999998,75.82422690000001,26.8913156,75.8240905,0,jai,Jaipur,2026-08-31T09:10:43.839334Z
ChIJwyOPJRi3bTkR9FwoOHaw7CE,Egg World,places,en,145,26.891332249999998,75.82422690000001,26.8915226,75.82428589999999,0,jai,Jaipur,2026-08-31T09:10:43.839340Z
ChIJI8RJp2y3bTkRQEdoQ4KGqR4,House Of Hukum,places,en,145,26.891332249999998,75.82422690000001,26.8915346,75.8242989,0,jai,Jaipur,2026-08-31T09:10:43.839344Z
ChIJdTaRjJ-3bTkR5WEdmZCyWkA,Wok In Style,places,en,145,26.891332249999998,75.82422690000001,26.8915109,75.8238511,0,jai,Jaipur,2026-08-31T09:10:43.839348Z
ChIJmQG4jiy3bTkRcG0N9RWElm4,Makkhan Singh Raja Park,places,en,145,26.891332249999998,75.82422690000001,26.8915516,75.8238579,0,jai,Jaipur,2026-08-31T09:10:43.839352Z
ChIJcfZYrYa3bTkR0bPWUayeiA0,NANU DE CHAWAL,places,en,145,26.891332249999998,75.82422690000001,26.8917327,75.8241669,0,jai,Jaipur,2026-08-31T09:10:43.839355Z
ChIJCcCPO7S3bTkR0IUiAztXkso,Yo Fast Food,places,en,145,26.891332249999998,75.82422690000001,26.8917133,75.82405899999999,0,jai,Jaipur,2026-08-31T09:10:43.839359Z
ChIJ1cpni5S2bTkRP-13T3tyKFo,Brown Sugar,places,en,145,26.891332249999998,75.82422690000001,26.8914191,75.8237092,0,jai,Jaipur,2026-08-31T09:10:43.839363Z
ChIJQagaB_i3bTkROypg_oq1WrU,Burger Farm,places,en,145,26.891332249999998,75.82422690000001,26.891270799999997,75.82367959999999,0,jai,Jaipur,2026-08-31T09:10:43.839366Z
ChIJ1YFfa7O3bTkRF_foZ_K-DYA,Awadh,places,en,145,26.891332249999998,75.82422690000001,26.8918356,75.82413820000001,0,jai,Jaipur,2026-08-31T09:10:43.839370Z
ChIJazVCWZG2bTkRkyZnwe_S9bk,Royal Chaska,places,en,145,26.891332249999998,75.82422690000001,26.8919692,75.8242465,0,jai,Jaipur,2026-08-31T09:10:43.839373Z
ChIJy6pOZQC3bTkRrcYm6GavBcQ,KFC,places,en,145,26.891332249999998,75.82422690000001,26.8920061,75.8242661,0,jai,Jaipur,2026-08-31T09:10:43.839377Z
ChIJ08L_RwC3bTkRlIL91RRRAws,Kanta Omlet,places,en,145,26.891332249999998,75.82422690000001,26.891607,75.82509999999999,0,jai,Jaipur,2026-08-31T09:10:43.839381Z
ChIJi7orar23bTkRzMgqD8cc4Z0,Chilli Chinese bae,places,en,145,26.891332249999998,75.82422690000001,26.8921471,75.8252182,0,jai,Jaipur,2026-08-31T09:10:43.839384Z
ChIJ5UR1UTq3bTkR2GrwyDd-__U,pinkhashtagcafe,places,en,145,26.891332249999998,75.82422690000001,26.8926801,75.8259894,0,jai,Jaipur,2026-08-31T09:10:43.839388Z
ChIJdXdJyKa3bTkR-fPyFNtPiOM,Saras parlour raja park,places,en,145,26.891332249999998,75.82422690000001,26.893293099999998,75.8250438,0,jai,Jaipur,2026-08-31T09:10:43.839392Z
ChIJoes6D5S2bTkRVnHBewKQnO4,Richi-Rich,places,en,145,26.891332249999998,75.82422690000001,26.8932121,75.8254068,0,jai,Jaipur,2026-08-31T09:10:43.839395Z
ChIJIRAYC6e3bTkRiHtDohrBKzc,Kanak cultural kitchen,places,en,145,26.891332249999998,75.82422690000001,26.8933356,75.8255685,0,jai,Jaipur,2026-08-31T09:10:43.839399Z
ChIJB6tOWSu3bTkRjczGI9H5bHs,Rink's Fast Food Hub,places,en,145,26.891332249999998,75.82422690000001,26.893408800000003,75.8254729,0,jai,Jaipur,2026-08-31T09:10:43.839403Z
ChIJU_k1fjKzbTkRcIhWXfCHKgM,Wasim Bhai Biryani Shop,places,en,146,26.94831815,75.8056934,26.948421999999997,75.8054253,0,jai,Jaipur,2026-08-31T09:10:44.233335Z
ChIJ9yUTegCzbTkRiGdYS0WmWBs,Burger delight,places,en,146,26.94831815,75.8056934,26.9487006,75.8054683,0,jai,Jaipur,2026-08-31T09:10:44.233359Z
ChIJWRS7NN-zbTkRrlTGtdV5cuo,Al Quresh,places,en,146,26.94831815,75.8056934,26.9487933,75.8056617,0,jai,Jaipur,2026-08-31T09:10:44.233366Z
ChIJFYYWpdizbTkR-Bf6Fu40GTg,Khawaza Gareeb Nawaz hotel,places,en,146,26.94831815,75.8056934,26.948800300000002,75.8056692,0,jai,Jaipur,2026-08-31T09:10:44.233370Z
ChIJeZq_SgCzbTkR8ChXpYWTa70,Shakir Chicken Biryani Center,places,en,146,26.94831815,75.8056934,26.948651899999998,75.8061346,0,jai,Jaipur,2026-08-31T09:10:44.233375Z
ChIJOdY2QQizbTkRf0zhMH8qskg,Bismillah Chicken Biryani Centre,places,en,146,26.94831815,75.8056934,26.9481595,75.8062475,0,jai,Jaipur,2026-08-31T09:10:44.233379Z
ChIJPXC-Td-zbTkRJ3khDYnBroY,Rk Hotel,places,en,146,26.94831815,75.8056934,26.948873,75.8058532,0,jai,Jaipur,2026-08-31T09:10:44.233383Z
ChIJUb9Ty9izbTkR33SEp56lc28,JOYA RESTAURANT,places,en,146,26.94831815,75.8056934,26.9485797,75.80512159999999,0,jai,Jaipur,2026-08-31T09:10:44.233387Z
ChIJaTXsiYezbTkRdqolXDfP2TM,Chicken Biryani Hotel,places,en,146,26.94831815,75.8056934,26.9488241,75.8061375,0,jai,Jaipur,2026-08-31T09:10:44.233391Z
ChIJ30VBM9-zbTkR-oUAp-mRe6U,KK Chicken Hotel,places,en,146,26.94831815,75.8056934,26.9484916,75.8050155,0,jai,Jaipur,2026-08-31T09:10:44.233395Z
ChIJ25-hM9-zbTkR9pfleDEGi2s,Baba Restaurant,places,en,146,26.94831815,75.8056934,26.948352,75.80499,0,jai,Jaipur,2026-08-31T09:10:44.233399Z
ChIJyXmuBduzbTkRA7oimftfLXU,Fast Food Conner,places,en,146,26.94831815,75.8056934,26.948312299999998,75.8049831,0,jai,Jaipur,2026-08-31T09:10:44.233403Z
ChIJHySVWt-zbTkRaMmo8LG3iZo,मीजान होटल,places,en,146,26.94831815,75.8056934,26.947875099999997,75.8062824,0,jai,Jaipur,2026-08-31T09:10:44.233408Z
ChIJ7cSHWt-zbTkRwslO1XLhT5c,कलकत्ता की मशहूर शिमला बिरयानी,places,en,146,26.94831815,75.8056934,26.9479338,75.8063758,0,jai,Jaipur,2026-08-31T09:10:44.233412Z
ChIJoW7qTr2zbTkR1JJrz_Hzfq8,Shannu bhai biryani wale,places,en,146,26.94831815,75.8056934,26.9490379,75.80584619999999,0,jai,Jaipur,2026-08-31T09:10:44.233416Z
ChIJX9j0HxyzbTkRfT1KIr2Gpdw,Garib Nawaj Biriyani,places,en,146,26.94831815,75.8056934,26.9482735,75.8047855,0,jai,Jaipur,2026-08-31T09:10:44.233420Z
ChIJh8ORlRWzbTkRwfiE9Bp-Ww8,Hasan Cafe,places,en,146,26.94831815,75.8056934,26.9479641,75.80450689999999,0,jai,Jaipur,2026-08-31T09:10:44.233424Z
ChIJI2IvLwCzbTkRuRxUKuJAg80,A1 Ahmed Take Away,places,en,146,26.94831815,75.8056934,26.9481467,75.8044306,0,jai,Jaipur,2026-08-31T09:10:44.233428Z
ChIJLxifcQCzbTkRQtXhv7gwk8Q,WRAP&STRIP,places,en,146,26.94831815,75.8056934,26.9481079,75.8044209,0,jai,Jaipur,2026-08-31T09:10:44.233431Z
ChIJ34v4Z02xbTkRAbbr-6r2Qao,Label by shwarma,places,en,146,26.94831815,75.8056934,26.9480848,75.8043448,0,jai,Jaipur,2026-08-31T09:10:44.233436Z
ChIJVS87StizbTkRZe-jFtMxkzw,नूर भाई बिरयानी वाले,places,en,147,26.95504475,75.8040768,26.952710399999997,75.80430199999999,0,jai,Jaipur,2026-08-31T09:10:44.593529Z
ChIJp0fcd6uzbTkRrNqRTppnK2g,Aliba Parveen,places,en,147,26.95504475,75.8040768,26.954500099999997,75.8014469,0,jai,Jaipur,2026-08-31T09:10:44.593555Z
ChIJfzsdS9izbTkR_mxrALE8128,मासुम भाई बिरयानी वाले,places,en,147,26.95504475,75.8040768,26.9525956,75.8041343,0,jai,Jaipur,2026-08-31T09:10:44.593563Z
ChIJaRKrZ9WzbTkREeglz1imAXM,Sabri Biryani Corner,places,en,147,26.95504475,75.8040768,26.952612000000002,75.80476039999999,0,jai,Jaipur,2026-08-31T09:10:44.593569Z
ChIJM34-Nv6zbTkRYmdmS5vX3pY,Sumaila Nasta Center,places,en,147,26.95504475,75.8040768,26.952528899999997,75.804047,0,jai,Jaipur,2026-08-31T09:10:44.593574Z
ChIJIdAOaPmzbTkRtuU-K3pFakE,Anna Domino's,places,en,147,26.95504475,75.8040768,26.9545939,75.8012715,0,jai,Jaipur,2026-08-31T09:10:44.593579Z
ChIJN8PFTNezbTkR8DkRz_Dtv30,SUGUNA CHICKEN,places,en,147,26.95504475,75.8040768,26.954883499999998,75.8011483,0,jai,Jaipur,2026-08-31T09:10:44.593584Z
ChIJy87p7tmzbTkRwfCsxLFuApw,छोटू भाई मनिहार,places,en,147,26.95504475,75.8040768,26.953056699999998,75.8020909,0,jai,Jaipur,2026-08-31T09:10:44.593589Z
ChIJSat9HQCzbTkRlmkFYScyNe0,Anpad pizza,places,en,147,26.95504475,75.8040768,26.9551862,75.8010707,0,jai,Jaipur,2026-08-31T09:10:44.593594Z
ChIJ3YaniqGtbTkRFuZQxWuvjkQ,Duggu da dhaba,places,en,148,27.0645765,75.75049045,27.0656043,75.7508351,0,jai,Jaipur,2026-08-31T09:10:44.942476Z
ChIJLRmuLwCtbTkRvPBuVjKEwhI,Desi Chic Family Restaurant,places,en,148,27.0645765,75.75049045,27.0656505,75.7504269,0,jai,Jaipur,2026-08-31T09:10:44.942507Z
ChIJsbYHUJutbTkRGYeLrSdXP2Q,New King's Haveli,places,en,148,27.0645765,75.75049045,27.066215999999997,75.75036999999999,0,jai,Jaipur,2026-08-31T09:10:44.942515Z
ChIJMTUcyvGsbTkRzlPb3bA44Uo,हरि ॐ शुद्ध शाकाहारी ढ़ाबा & रेस्टोरेन्ट,places,en,148,27.0645765,75.75049045,27.0671149,75.7501685,0,jai,Jaipur,2026-08-31T09:10:44.942522Z
ChIJn4q1viqtbTkRKQshD7MJhxM,Maa Bhagwati Hotel And Guest House,places,en,148,27.0645765,75.75049045,27.0671729,75.75010999999999,0,jai,Jaipur,2026-08-31T09:10:44.942528Z
ChIJSzRvD7-tbTkR9oos2H6AelQ,ARIKA Jaipur,places,en,149,27.01761995,75.7682222,27.0168964,75.7690424,0,jai,Jaipur,2026-08-31T09:10:45.375665Z
ChIJBVe0tjmtbTkRfP0_c2mi0Fk,DK FASTFOOD CENTER,places,en,149,27.01761995,75.7682222,27.0172107,75.7694526,0,jai,Jaipur,2026-08-31T09:10:45.375690Z
ChIJXXwrfwCtbTkRxk8lHjBiS3o,Pooja Meena,places,en,149,27.01761995,75.7682222,27.0178203,75.7669085,0,jai,Jaipur,2026-08-31T09:10:45.375697Z
ChIJFQEmrYWtbTkRNrgBRpGzDFE,Kumavat Restaurant,places,en,149,27.01761995,75.7682222,27.016329499999998,75.76917259999999,0,jai,Jaipur,2026-08-31T09:10:45.375702Z
ChIJZ8fsdeitbTkRhgCUDUrPHHQ,Manish Kumar,places,en,149,27.01761995,75.7682222,27.0183753,75.769869,0,jai,Jaipur,2026-08-31T09:10:45.375710Z
ChIJGbkEzJGtbTkRWhzcEYVDK10,Sanaya Chikan Biryani,places,en,149,27.01761995,75.7682222,27.018378900000002,75.7699263,0,jai,Jaipur,2026-08-31T09:10:45.375736Z
ChIJXw_I1kqtbTkR3YMNjbSMMOg,Brijesh Tea Shop,places,en,149,27.01761995,75.7682222,27.0154005,75.7691701,0,jai,Jaipur,2026-08-31T09:10:45.375746Z
ChIJWevhCEStbTkR8Q9ms0hq240,Sunil Cake Shop,places,en,149,27.01761995,75.7682222,27.015613,75.7701682,0,jai,Jaipur,2026-08-31T09:10:45.375752Z
ChIJafpoM4StbTkRkEbA3Rc7fzQ,Tanwar Restaurant,places,en,149,27.01761995,75.7682222,27.015068799999998,75.76909959999999,0,jai,Jaipur,2026-08-31T09:10:45.375757Z
ChIJIRGv21yzbTkRFtO2H-1jrKA,Sitaram Pavitra bhojanalay,places,en,151,26.969410250000003,75.75127595000001,26.969550200000004,75.7527478,0,jai,Jaipur,2026-08-31T09:10:46.081779Z
ChIJWRIHBw2zbTkR6XxT1izuvaQ,Sonik fast food,places,en,151,26.969410250000003,75.75127595000001,26.969177499999997,75.7530479,0,jai,Jaipur,2026-08-31T09:10:46.081811Z
ChIJzaVbafqybTkRzYdQNhme6Uk,Red Chili Restaurant,places,en,151,26.969410250000003,75.75127595000001,26.9708733,75.7527568,0,jai,Jaipur,2026-08-31T09:10:46.081818Z
ChIJ5XNjGoezbTkR7XyDXnUHq_0,Pratham Singh,places,en,151,26.969410250000003,75.75127595000001,26.9686088,75.7534211,0,jai,Jaipur,2026-08-31T09:10:46.081823Z
ChIJdaPVJumzbTkRr1zGxmQi5Nc,Younglifes Cafe,places,en,151,26.969410250000003,75.75127595000001,26.9704709,75.749132,0,jai,Jaipur,2026-08-31T09:10:46.081827Z
ChIJfRsHrl2zbTkR900ZFHX0EjU,Hari Om Bakers and fastfood,places,en,151,26.969410250000003,75.75127595000001,26.9716436,75.7513124,0,jai,Jaipur,2026-08-31T09:10:46.081831Z
ChIJPemAcPqybTkR0FEqDe16pt8,शेखावाटी सेनी पवित्र भोजनालय,places,en,151,26.969410250000003,75.75127595000001,26.9714477,75.7524435,0,jai,Jaipur,2026-08-31T09:10:46.081836Z
ChIJPQtPrPqybTkRCJPGq32-_ys,विराट 99 स्टोर,places,en,151,26.969410250000003,75.75127595000001,26.9711213,75.74901729999999,0,jai,Jaipur,2026-08-31T09:10:46.081840Z
ChIJZel9QH1NbDkRSGq_dhIyrTo,The Heaven Restaurant,places,en,152,26.93358935,75.6964359,26.934039,75.6952297,0,jai,Jaipur,2026-08-31T09:10:46.458733Z
ChIJwbD9ltJNbDkR3kXTlHKMFj0,ISF Indian Street Food,places,en,152,26.93358935,75.6964359,26.933617599999998,75.6945131,0,jai,Jaipur,2026-08-31T09:10:46.458765Z
ChIJU2HzlkJNbDkRkb9DrYGUjBk,Shree Balaji Sweet,places,en,152,26.93358935,75.6964359,26.9357638,75.6958554,0,jai,Jaipur,2026-08-31T09:10:46.458773Z
ChIJY1ekk9i5bTkRWxTtwXpTpu4,शर्मा मिष्ठान भण्डार,places,en,154,26.8986242,75.89986885,26.898773199999997,75.9011047,0,jai,Jaipur,2026-08-31T09:10:47.222742Z
ChIJZVSY8L25bTkRSjfbMeRr7bA,LAHARI'S CAFE & RESTAURANT,places,en,154,26.8986242,75.89986885,26.895971499999998,75.899872,0,jai,Jaipur,2026-08-31T09:10:47.222774Z
ChIJHwO22LS3bTkRrdRC_JLsJb8,Ganesh Caffe,places,en,154,26.8986242,75.89986885,26.9012896,75.8996587,0,jai,Jaipur,2026-08-31T09:10:47.222780Z
ChIJD-T7C4KzbTkRytXbTQfQALU,SRASH CAFE,places,en,155,26.981237200000002,75.74160330000001,26.982538899999998,75.739586,0,jai,Jaipur,2026-08-31T09:10:47.676704Z
ChIJi_0ZfgCzbTkRfMVYABTAPoc,श्री श्याम प्लास्टिक जर्नल स्टोर,places,en,155,26.981237200000002,75.74160330000001,26.9827361,75.7436068,0,jai,Jaipur,2026-08-31T09:10:47.676733Z
ChIJR9ULGACzbTkRtis-RsRQf3o,Shree,places,en,155,26.981237200000002,75.74160330000001,26.9824216,75.74386729999999,0,jai,Jaipur,2026-08-31T09:10:47.676741Z
ChIJibc2DDazbTkRwVxtb8kxHlM,Rama Restaurant,places,en,155,26.981237200000002,75.74160330000001,26.9829395,75.7434525,0,jai,Jaipur,2026-08-31T09:10:47.676745Z
ChIJtTtwg8CzbTkRXDexMiDoM50,Cafe cravings,places,en,155,26.981237200000002,75.74160330000001,26.9813972,75.74443959999999,0,jai,Jaipur,2026-08-31T09:10:47.676750Z
ChIJCwglBayzbTkRMTCMFNK7BjM,Rajasthani sakari Dhaba,places,en,155,26.981237200000002,75.74160330000001,26.982985499999998,75.74366479999999,0,jai,Jaipur,2026-08-31T09:10:47.676754Z
ChIJW6E3PFizbTkRzJHvKyedCEw,SUPACHY FAST FOOD,places,en,155,26.981237200000002,75.74160330000001,26.9815923,75.7445358,0,jai,Jaipur,2026-08-31T09:10:47.676759Z
ChIJvxh6eSmzbTkRT3jvKcYOqw8,GREEN ARROW RESORT,places,en,155,26.981237200000002,75.74160330000001,26.983774399999998,75.74242,0,jai,Jaipur,2026-08-31T09:10:47.676763Z
ChIJa-_p2tJNbDkRmCrIPz4OKCc,Khandelwal Dhaba,places,en,156,26.949130949999997,75.71297215,26.949061999999998,75.71319,0,jai,Jaipur,2026-08-31T09:10:48.043368Z
ChIJPdOXN9NMbDkRYuBucXMfH1M,श्री श्याम फैमेली रेस्टोरेन्ट,places,en,156,26.949130949999997,75.71297215,26.9491013,75.71325039999999,0,jai,Jaipur,2026-08-31T09:10:48.043401Z
ChIJrw1LQ1BNbDkRWaSyyeGZt_U,Guru Kripa Bakery & soya Chaap,places,en,156,26.949130949999997,75.71297215,26.949260199999998,75.7124064,0,jai,Jaipur,2026-08-31T09:10:48.043410Z
ChIJk9CjzCyzbTkRfrR502a2mJ0,हंसिका डिस्पोजल,places,en,156,26.949130949999997,75.71297215,26.948914499999997,75.71396539999999,0,jai,Jaipur,2026-08-31T09:10:48.043416Z
ChIJt1duU6RNbDkR1oqJSjK3joE,Pawan mishtan bhandar & fast food center,places,en,156,26.949130949999997,75.71297215,26.9493232,75.7118339,0,jai,Jaipur,2026-08-31T09:10:48.043422Z
ChIJl0KAp1RNbDkRO8GnhmIOsi0,Cafe Kuhoo,places,en,156,26.949130949999997,75.71297215,26.9505651,75.7129693,0,jai,Jaipur,2026-08-31T09:10:48.043427Z
ChIJh6xzS95NbDkRwJbM5eCEnHQ,Jaipur Bytes,places,en,156,26.949130949999997,75.71297215,26.947734999999998,75.71383220000001,0,jai,Jaipur,2026-08-31T09:10:48.043433Z
ChIJB9ZAW1-zbTkRL46QJDVvT5M,Nandganv Restaurant,places,en,156,26.949130949999997,75.71297215,26.9498212,75.71130219999999,0,jai,Jaipur,2026-08-31T09:10:48.043438Z
ChIJCw0oxSyzbTkR-dyvuSgpS2Y,Choudhary Pavitra Bhojanlaya,places,en,156,26.949130949999997,75.71297215,26.9486954,75.71480550000001,0,jai,Jaipur,2026-08-31T09:10:48.043443Z
ChIJcQXigdNMbDkRj6VWL6LN15Q,Healthy Food Corner,places,en,156,26.949130949999997,75.71297215,26.9501366,75.7109783,0,jai,Jaipur,2026-08-31T09:10:48.043449Z
ChIJJ-ZFvd-zbTkR0higciMJGnM,Shree Radhey Govind Bakers,places,en,156,26.949130949999997,75.71297215,26.948580699999997,75.71523239999999,0,jai,Jaipur,2026-08-31T09:10:48.043454Z
ChIJEwp8BBizbTkRSwoJZjUIl-o,Shree Ram Darbar Kafe & Tea,places,en,156,26.949130949999997,75.71297215,26.9489588,75.71538629999999,0,jai,Jaipur,2026-08-31T09:10:48.043459Z
ChIJ0dwfNBpNbDkRkVFdOygJqu0,Hanuman Dhaba,places,en,156,26.949130949999997,75.71297215,26.948930700000002,75.7103826,0,jai,Jaipur,2026-08-31T09:10:48.043468Z
ChIJexjGxSdNbDkRVGmhxMWbg3I,Sharma tiffin centre,places,en,156,26.949130949999997,75.71297215,26.9489268,75.7103783,0,jai,Jaipur,2026-08-31T09:10:48.043474Z
ChIJ93V5f9RMbDkR5S3Wbo-hld0,Shree Krishnam Sweets,places,en,156,26.949130949999997,75.71297215,26.950445000000002,75.71078059999999,0,jai,Jaipur,2026-08-31T09:10:48.043479Z
ChIJQ1BDOPZNbDkRXqiGqIkk5Ss,Diamond Chef Cafe,places,en,156,26.949130949999997,75.71297215,26.951134,75.7111752,0,jai,Jaipur,2026-08-31T09:10:48.043485Z
ChIJbXovGF-zbTkRXzsXFbSg9lk,SAI RAM CHAAP CORNER &,places,en,156,26.949130949999997,75.71297215,26.9484931,75.71575399999999,0,jai,Jaipur,2026-08-31T09:10:48.043490Z
ChIJr0pZXQCrbTkR237YysRmlQU,Sunil KumarSunil Kumar,places,en,157,27.151747,75.71985205,27.1522829,75.7171855,0,jai,Jaipur,2026-08-31T09:10:48.644582Z
ChIJ-U7iiqSzbTkR6jpCIvpfoHw,paperr therapy,places,en,158,26.965111399999998,75.71523985,26.963585899999998,75.71540209999999,0,jai,Jaipur,2026-08-31T09:10:49.080964Z
ChIJGc7HOb9NbDkRak42UpKQKwM,Wander's kitchen,places,en,158,26.965111399999998,75.71523985,26.9666639,75.7134209,0,jai,Jaipur,2026-08-31T09:10:49.081002Z
ChIJfUMWNQCzbTkRPsJcGohGCEk,Yummy Tales Home Kitchen,places,en,158,26.965111399999998,75.71523985,26.96682,75.7171144,0,jai,Jaipur,2026-08-31T09:10:49.081010Z
ChIJwxZvmyOzbTkRAqlRWwLsWG4,Rs Eggs,places,en,158,26.965111399999998,75.71523985,26.965516599999997,75.7179982,0,jai,Jaipur,2026-08-31T09:10:49.081014Z
ChIJJfva412zbTkRL5SlIsyQw5A,Swami Chara Bhandar Jaipur,places,en,158,26.965111399999998,75.71523985,26.9627108,75.71650079999999,0,jai,Jaipur,2026-08-31T09:10:49.081017Z
ChIJVbiKp3ixbTkR6xU10TXWwf8,Dudh Bhandar,places,en,159,26.94325835,75.88144925,26.9436018,75.88188720000001,0,jai,Jaipur,2026-08-31T09:10:49.565836Z
ChIJ0wFRYLmwbTkRSXvRsqB9UaM,चन्देल फल सब्जी भण्डार,places,en,159,26.94325835,75.88144925,26.9433275,75.8822726,0,jai,Jaipur,2026-08-31T09:10:49.565868Z
ChIJa6YMaGGxbTkR83Wy8RZW8x0,Shree Ganesh Restaurant,places,en,159,26.94325835,75.88144925,26.943317900000004,75.8825317,0,jai,Jaipur,2026-08-31T09:10:49.565876Z
ChIJwfe5ACCxbTkRBh2SQrlP5e4,SOHAN RAY,places,en,159,26.94325835,75.88144925,26.9427831,75.8826857,0,jai,Jaipur,2026-08-31T09:10:49.565882Z
ChIJNyiMSrmwbTkRIwg7imXQ2XE,श्री स्याम बाट भण्डार,places,en,159,26.94325835,75.88144925,26.9446265,75.8810584,0,jai,Jaipur,2026-08-31T09:10:49.565887Z
ChIJ0cWN0LuwbTkRLW6wlif8Wgs,श्री श्याम पवित्र भोजनालय,places,en,159,26.94325835,75.88144925,26.942704499999998,75.8829828,0,jai,Jaipur,2026-08-31T09:10:49.565893Z
ChIJD9zeNLmwbTkRZJpq7hGHKdo,टेहरादून फास्ट फूड कॉर्नर,places,en,159,26.94325835,75.88144925,26.9446582,75.88076989999999,0,jai,Jaipur,2026-08-31T09:10:49.565898Z
ChIJO9o9RQCxbTkRjMf5eWsJ4vg,Delhi ke mashoor chole kulche,places,en,159,26.94325835,75.88144925,26.9448039,75.8808985,0,jai,Jaipur,2026-08-31T09:10:49.565903Z
ChIJ9a7zwruwbTkRl63tBji06zE,लक्ष्मी बाट भण्डार,places,en,159,26.94325835,75.88144925,26.943460299999998,75.88331749999999,0,jai,Jaipur,2026-08-31T09:10:49.565908Z
ChIJ4Ta5EUmzbTkRyvfPGu6ZTdQ,Choupal,places,en,160,26.94946875,75.71309364999999,26.9488599,75.7159849,0,jai,Jaipur,2026-08-31T09:10:49.993181Z
ChIJ50l4qtXJbTkRw9BzdgdC1o4,Dayal Family Restaurant,places,en,161,26.79793035,75.81420465,26.7972471,75.8137637,0,jai,Jaipur,2026-08-31T09:10:50.357697Z
ChIJf2078Y7JbTkRN_3Z60oHmJQ,DG's FOOD RESTAURANT,places,en,161,26.79793035,75.81420465,26.797797799999998,75.8151994,0,jai,Jaipur,2026-08-31T09:10:50.357728Z
ChIJ9SypZibJbTkRunTX8gkHdDA,Delhi Chole Kulche,places,en,161,26.79793035,75.81420465,26.797487399999998,75.8151212,0,jai,Jaipur,2026-08-31T09:10:50.357736Z
ChIJzYoQrp3JbTkRNge6WGfiMYc,AAHAR FOODS,places,en,161,26.79793035,75.81420465,26.797153599999998,75.8148618,0,jai,Jaipur,2026-08-31T09:10:50.357742Z
ChIJrSMyER_JbTkRDkJPDIQzrM8,Pizza Pride Jaipur,places,en,161,26.79793035,75.81420465,26.7978746,75.81531249999999,0,jai,Jaipur,2026-08-31T09:10:50.357747Z
ChIJeQrKBgDJbTkR5SI1ijscQlE,Bafla Bati wale,places,en,161,26.79793035,75.81420465,26.797899599999997,75.8153375,0,jai,Jaipur,2026-08-31T09:10:50.357752Z
ChIJ8SCP9o7JbTkRueTyBhdm6FM,मरुधर जोधपुर मिष्ठान भण्डार,places,en,161,26.79793035,75.81420465,26.7979096,75.8154004,0,jai,Jaipur,2026-08-31T09:10:50.357758Z
ChIJ-ZznDADJbTkRte_a2t7xVKE,Bombay Vada Pav,places,en,161,26.79793035,75.81420465,26.797933099999998,75.8154346,0,jai,Jaipur,2026-08-31T09:10:50.357763Z
ChIJK7tRtI7JbTkRp-Yae9VrAwE,खण्डेलवाल ढ़ाबा,places,en,161,26.79793035,75.81420465,26.7982654,75.8129385,0,jai,Jaipur,2026-08-31T09:10:50.357768Z
ChIJLbKOewDJbTkRQGYuzSAnb9A,Naina burger,places,en,161,26.79793035,75.81420465,26.7989452,75.8133032,0,jai,Jaipur,2026-08-31T09:10:50.357773Z
ChIJp1LtYNPJbTkRtYajNlEbIxA,Brothers Dhaba,places,en,161,26.79793035,75.81420465,26.7969616,75.8132072,0,jai,Jaipur,2026-08-31T09:10:50.357778Z
ChIJkWuPdgDJbTkRK_3vKgjvCwQ,KS Vada Pav,places,en,161,26.79793035,75.81420465,26.7977451,75.8157009,0,jai,Jaipur,2026-08-31T09:10:50.357783Z
ChIJ94z0_-_JbTkRdL9unaZU7kI,SHREE RAM BABU PARATHE,places,en,161,26.79793035,75.81420465,26.7965402,75.8139913,0,jai,Jaipur,2026-08-31T09:10:50.357788Z
ChIJGTR7WY7JbTkRQKnMz4sVO1c,Balaji Vada Pav,places,en,161,26.79793035,75.81420465,26.7977657,75.81576629999999,0,jai,Jaipur,2026-08-31T09:10:50.357793Z
ChIJ6RjFso7JbTkRMXX7PeUCe1w,Kota's Hing Kachori,places,en,161,26.79793035,75.81420465,26.798584899999998,75.8127523,0,jai,Jaipur,2026-08-31T09:10:50.357798Z
ChIJJ7kq5IHJbTkRz-d5Wi4hFgs,Brijwasi Foods,places,en,161,26.79793035,75.81420465,26.797642,75.8157784,0,jai,Jaipur,2026-08-31T09:10:50.357803Z
ChIJOZzbw1TJbTkR_WyOesMI9MY,Rajputana Spices,places,en,161,26.79793035,75.81420465,26.797477999999998,75.8157494,0,jai,Jaipur,2026-08-31T09:10:50.357808Z
ChIJP1W0WrvJbTkR9iwUGODxGoc,Tuk Tuk Foody,places,en,161,26.79793035,75.81420465,26.7976167,75.8158417,0,jai,Jaipur,2026-08-31T09:10:50.357813Z
ChIJy_usJ4_JbTkRsL_b43oq1ts,Mr.bean's PIZZA Restaurant Pratap Nagar,places,en,161,26.79793035,75.81420465,26.796530299999997,75.8135894,0,jai,Jaipur,2026-08-31T09:10:50.357817Z
ChIJbb39Xo7JbTkRGv1lri7lhaE,Laxmi Patasi Center,places,en,161,26.79793035,75.81420465,26.7982305,75.81589679999999,0,jai,Jaipur,2026-08-31T09:10:50.357822Z
ChIJjX5f39nJbTkR6uainWqDvPk,Lajawab kitchen and tiffin centre,places,en,162,26.8027739,75.8188111,26.802947699999997,75.8189515,0,jai,Jaipur,2026-08-31T09:10:50.741453Z
ChIJq5Ue_8_JbTkRPTfTehETKwM,Kabir Chap Corner,places,en,162,26.8027739,75.8188111,26.8017774,75.8193722,0,jai,Jaipur,2026-08-31T09:10:50.741490Z
ChIJ1RU--KHJbTkRnQ2mg-Htc8k,Shankar Chaap,places,en,162,26.8027739,75.8188111,26.801741399999997,75.81942699999999,0,jai,Jaipur,2026-08-31T09:10:50.741498Z
ChIJraFZbUfJbTkRDi6LaXmEzis,Rudransh Restaurant,places,en,162,26.8027739,75.8188111,26.801660299999998,75.8194919,0,jai,Jaipur,2026-08-31T09:10:50.741504Z
ChIJbVdC_d61bTkRAWQ_7lVsZLI,Sanskar Pareek,places,en,162,26.8027739,75.8188111,26.8037809,75.817683,0,jai,Jaipur,2026-08-31T09:10:50.741510Z
ChIJYaqbDgDJbTkRgblzyRIMiOw,Rebel foods Prathap nagar,places,en,162,26.8027739,75.8188111,26.8014591,75.81957,0,jai,Jaipur,2026-08-31T09:10:50.741515Z
ChIJQbjYs1PJbTkRMDNSc3pE_5g,SURYAWANSHI RESTAURANT,places,en,162,26.8027739,75.8188111,26.801443499999998,75.8196007,0,jai,Jaipur,2026-08-31T09:10:50.741521Z
ChIJGX2YfaTJbTkRI2vbhhLdcsw,Elite kitchen lounge bar | Rooftop bar in Jaipur,places,en,162,26.8027739,75.8188111,26.801409600000003,75.8195246,0,jai,Jaipur,2026-08-31T09:10:50.741526Z
ChIJoT7OkY7JbTkRSnlwUXJOyoc,PUNJABI DHABA,places,en,162,26.8027739,75.8188111,26.8012689,75.8192481,0,jai,Jaipur,2026-08-31T09:10:50.741531Z
ChIJO4JyThDJbTkRgmB9oC_J2A0,HOTEL GOOD VIBES,places,en,162,26.8027739,75.8188111,26.801257699999997,75.8194275,0,jai,Jaipur,2026-08-31T09:10:50.741536Z
ChIJzwr37PHJbTkR2GuHUB8AD5I,Hungry Dhaba,places,en,162,26.8027739,75.8188111,26.801185,75.819234,0,jai,Jaipur,2026-08-31T09:10:50.741541Z
ChIJR8q6CZLJbTkRMqe2XlZBI-g,Sharma Juice Centre & Cafe,places,en,162,26.8027739,75.8188111,26.8010964,75.818528,0,jai,Jaipur,2026-08-31T09:10:50.741547Z
ChIJyaJdrKLJbTkRhixv6XyR73E,shree shyam tea &food,places,en,162,26.8027739,75.8188111,26.8010211,75.8193491,0,jai,Jaipur,2026-08-31T09:10:50.741552Z
ChIJSXwtBObJbTkR02Abdz2Q5aY,Paratha Cafe ( Desi Flavour),places,en,162,26.8027739,75.8188111,26.801053699999997,75.81996199999999,0,jai,Jaipur,2026-08-31T09:10:50.741557Z
ChIJYz8IpHrJbTkRli9HebnxXn4,Va Chaap corner,places,en,162,26.8027739,75.8188111,26.8007612,75.8189103,0,jai,Jaipur,2026-08-31T09:10:50.741562Z
ChIJX3OdOJ3JbTkRnK-8Fs2ZE_8,Punch kabab,places,en,162,26.8027739,75.8188111,26.8010022,75.81994,0,jai,Jaipur,2026-08-31T09:10:50.741567Z
ChIJA8knMwPJbTkRJ8l9b7XQkWw,Sharma Juice And Cafe,places,en,162,26.8027739,75.8188111,26.8009593,75.820027,0,jai,Jaipur,2026-08-31T09:10:50.741572Z
ChIJK9SdN5LJbTkRmm1W3C0-Whw,Khandelwal Dhaba,places,en,162,26.8027739,75.8188111,26.801565,75.82077799999999,0,jai,Jaipur,2026-08-31T09:10:50.741578Z
ChIJ44JMPZLJbTkRaoAs5_gCBk4,Ma Laxmi Bhojnalay,places,en,162,26.8027739,75.8188111,26.8009471,75.8200478,0,jai,Jaipur,2026-08-31T09:10:50.741583Z
ChIJJ7uwXSzJbTkRYZNWp4ScVQU,Budget Bistro,places,en,162,26.8027739,75.8188111,26.8036861,75.816656,0,jai,Jaipur,2026-08-31T09:10:50.741587Z
ChIJf8B957LJbTkRe8DiSKClHFA,Deendayal Tea Stall,places,en,163,26.8002677,75.8437859,26.8010956,75.84411419999999,0,jai,Jaipur,2026-08-31T09:10:51.181441Z
ChIJyR3bPwDJbTkRkwWkAflTIXg,Mohn daba,places,en,163,26.8002677,75.8437859,26.8015679,75.8438406,0,jai,Jaipur,2026-08-31T09:10:51.181476Z
ChIJP8miZq7JbTkRWOph_jhMWBk,Food Emergency Nine Eleven,places,en,163,26.8002677,75.8437859,26.8013802,75.8430319,0,jai,Jaipur,2026-08-31T09:10:51.181485Z
ChIJ-_kgZzzJbTkRRnVbfCiOUi4,Hanuman Dhaba,places,en,163,26.8002677,75.8437859,26.801576599999997,75.84384969999999,0,jai,Jaipur,2026-08-31T09:10:51.181491Z
ChIJ07-JeADJbTkRZpUdUpfpjEI,KUHU RESTAURANT,places,en,163,26.8002677,75.8437859,26.801686999999998,75.84383319999999,0,jai,Jaipur,2026-08-31T09:10:51.181497Z
ChIJp9Ubw-HJbTkR-ZTLziEEgF4,Khandelwal dhaba,places,en,163,26.8002677,75.8437859,26.801643499999997,75.8445218,0,jai,Jaipur,2026-08-31T09:10:51.181502Z
ChIJ3_bM27DJbTkRiMuitvbGnEw,RAMGARH MAUD WALA FAMILY RESTAURANT,places,en,163,26.8002677,75.8437859,26.801767899999998,75.84425670000002,0,jai,Jaipur,2026-08-31T09:10:51.181507Z
ChIJ9yrcXpXJbTkRhvflmgazMak,Ramya's Rasoi,places,en,163,26.8002677,75.8437859,26.7991094,75.8450859,0,jai,Jaipur,2026-08-31T09:10:51.181513Z
ChIJlcp-r7HJbTkRxzq_0yQLTCg,Kake Di Hatti,places,en,163,26.8002677,75.8437859,26.7993863,75.8453842,0,jai,Jaipur,2026-08-31T09:10:51.181518Z
ChIJfbHhLADJbTkRuaiIy1lyO8A,"SHARMA DHABA, PRATAP NAGAR",places,en,163,26.8002677,75.8437859,26.801944799999998,75.8438171,0,jai,Jaipur,2026-08-31T09:10:51.181524Z
ChIJ9Vte2LDJbTkRUeltOOLJJZ0,TIKNA KEBAB,places,en,163,26.8002677,75.8437859,26.8018263,75.84457979999999,0,jai,Jaipur,2026-08-31T09:10:51.181528Z
ChIJ5yaThJjJbTkRJXBNdF-KcL8,Shekhawat restaurant,places,en,163,26.8002677,75.8437859,26.801788799999997,75.8447698,0,jai,Jaipur,2026-08-31T09:10:51.181534Z
ChIJqZDyqNPJbTkRN1t2CtCGJ2c,ROOP BASANT DHABA,places,en,163,26.8002677,75.8437859,26.8017933,75.8448464,0,jai,Jaipur,2026-08-31T09:10:51.181539Z
ChIJn9IHmB3JbTkR6ZfMpUx87eo,BHOMIYA JI TOWER,places,en,163,26.8002677,75.8437859,26.801702799999997,75.8452819,0,jai,Jaipur,2026-08-31T09:10:51.181544Z
ChIJ2SJhPiHJbTkR3_NZI4PDffk,Gunsan's dhaba and Cafe,places,en,163,26.8002677,75.8437859,26.801723499999998,75.84528929999999,0,jai,Jaipur,2026-08-31T09:10:51.181549Z
ChIJDU8avT7JbTkRo-_eMmU_2mE,RK Cafe,places,en,163,26.8002677,75.8437859,26.8018504,75.8451509,0,jai,Jaipur,2026-08-31T09:10:51.181553Z
ChIJk3JsKLHJbTkR7apORkKOV98,Talking Tandoori,places,en,163,26.8002677,75.8437859,26.8020773,75.8447875,0,jai,Jaipur,2026-08-31T09:10:51.181558Z
ChIJL1m4k5LJbTkRe8jevdD1hJY,non veg tiffin centre,places,en,163,26.8002677,75.8437859,26.7992036,75.84576679999999,0,jai,Jaipur,2026-08-31T09:10:51.181564Z
ChIJRzQQ8svJbTkRfw6cU3AWxtU,Bhupesh Kumar Sharma,places,en,163,26.8002677,75.8437859,26.8017881,75.845411,0,jai,Jaipur,2026-08-31T09:10:51.181569Z
ChIJa5gqO7HJbTkRl0-j1wNghLY,Goyal's Food Circle,places,en,163,26.8002677,75.8437859,26.801893,75.8454125,0,jai,Jaipur,2026-08-31T09:10:51.181574Z
ChIJf88uNQDJbTkRJk6Gvz7_UZU,Hari ka Dhaba,places,en,164,26.78826,75.8636839,26.7873208,75.8648671,0,jai,Jaipur,2026-08-31T09:10:51.568672Z
ChIJV8CczILJbTkRdkJevWIiIfk,Urban Rasoi - Multicuisine Restaurant,places,en,164,26.78826,75.8636839,26.7890162,75.8654827,0,jai,Jaipur,2026-08-31T09:10:51.568714Z
ChIJp_opcZjJbTkRKdKH2GSpvKo,NR Restaurant,places,en,164,26.78826,75.8636839,26.7877223,75.86563629999999,0,jai,Jaipur,2026-08-31T09:10:51.568723Z
ChIJAbGtBjTJbTkRSr_VQN1qg_Y,C4 Chaska - Best Cafe & Restaurant in Jagatpura l Indoor & Open lawn for Party in Jagatpura,places,en,165,26.8016933,75.8756788,26.8026996,75.8747559,0,jai,Jaipur,2026-08-31T09:10:51.930266Z
ChIJWRmWu_vJbTkRYUEtYv-tqKo,Mobun Foods,places,en,165,26.8016933,75.8756788,26.801028499999997,75.8743532,0,jai,Jaipur,2026-08-31T09:10:51.930301Z
ChIJxVRlOPDJbTkRzIUukLR37-0,MB Sweets - Jagatpura,places,en,165,26.8016933,75.8756788,26.803139599999998,75.87488859999999,0,jai,Jaipur,2026-08-31T09:10:51.930309Z
ChIJB4VPAEPIbTkR9Lzu93Cw33M,गुरु कृपा फुटवियर,places,en,165,26.8016933,75.8756788,26.8026341,75.8736017,0,jai,Jaipur,2026-08-31T09:10:51.930316Z
ChIJA9fmL8jJbTkRMwNqFTxpCjs,The Pink Sitara Restaurant,places,en,165,26.8016933,75.8756788,26.8029093,75.87378439999999,0,jai,Jaipur,2026-08-31T09:10:51.930373Z
ChIJY2cdrFTJbTkR4h9gA-yQW5A,Sidd's Cafe,places,en,165,26.8016933,75.8756788,26.803583,75.87454799999999,0,jai,Jaipur,2026-08-31T09:10:51.930383Z
ChIJFUVj8onJbTkRzhbPPs3Zsek,Eag Centar,places,en,165,26.8016933,75.8756788,26.8032757,75.8740399,0,jai,Jaipur,2026-08-31T09:10:51.930388Z
ChIJfVBStazJbTkRfsldSxqkRRw,L-KĀNE RESTAURANT,places,en,165,26.8016933,75.8756788,26.8036313,75.8742554,0,jai,Jaipur,2026-08-31T09:10:51.930393Z
ChIJ8wcflbDJbTkRm9MLuU8jU-g,Pink Adrak,places,en,165,26.8016933,75.8756788,26.803468300000002,75.87382520000001,0,jai,Jaipur,2026-08-31T09:10:51.930398Z
ChIJj149Nn3JbTkRRJNWJKJvZZE,Dhaba 14,places,en,165,26.8016933,75.8756788,26.8036991,75.8776276,0,jai,Jaipur,2026-08-31T09:10:51.930403Z
ChIJufKeqEPIbTkRPvCO0MW4ijI,बालाजी चाट भण्डार,places,en,165,26.8016933,75.8756788,26.8029658,75.87301649999999,0,jai,Jaipur,2026-08-31T09:10:51.930408Z
ChIJ1eR55IbJbTkRYE54dkOLNEw,Pink square treats cafe,places,en,166,26.801809050000003,75.8799582,26.801364,75.8820181,0,jai,Jaipur,2026-08-31T09:10:52.284539Z
ChIJwRgeNN_JbTkRrqM_6L-HHQs,Bhanwar Singh,places,en,166,26.801809050000003,75.8799582,26.8042794,75.87920799999999,0,jai,Jaipur,2026-08-31T09:10:52.284573Z
ChIJj90kMgDJbTkRNbH4SMzwLL0,Alaav Veg & Non-Veg Restaurant,places,en,167,26.80262535,75.89325965,26.803406,75.89137,0,jai,Jaipur,2026-08-31T09:10:52.722377Z
ChIJs246GQDJbTkRBMH7rM2lAiU,Hande Di Hattii,places,en,167,26.80262535,75.89325965,26.8031728,75.89033669999999,0,jai,Jaipur,2026-08-31T09:10:52.722403Z
ChIJafJq_KXJbTkRd9nfUcZdf_U,Radhe krishna Tiffin Center,places,en,168,26.8199494,75.86567375,26.8191876,75.8649696,0,jai,Jaipur,2026-08-31T09:10:53.144107Z
ChIJXX8N-y_IbTkRCkGegAX13hI,Chines Delight,places,en,168,26.8199494,75.86567375,26.822234899999998,75.86451269999999,0,jai,Jaipur,2026-08-31T09:10:53.144148Z
ChIJbZ9qIwDJbTkR1DD0ZmDgRnI,Janta Jodhpur Sweet Home,places,en,168,26.8199494,75.86567375,26.822402699999998,75.8646646,0,jai,Jaipur,2026-08-31T09:10:53.144156Z
ChIJ398XJwxEbTkRMm6FjqG635w,BMB BAKERY,places,en,175,27.7087981,76.1910006,27.7089495,76.19178749999999,0,jai,Jaipur,2026-08-31T09:10:55.943189Z
ChIJ9St0N78DbTkRcRcevDjubgU,श्री बालाजी बैकरीज स्टोर,places,en,176,27.309719649999998,75.77846805,27.310144400000002,75.7785031,0,jai,Jaipur,2026-08-31T09:10:56.922706Z
ChIJLylGRgADbTkRgH_rJXsmDMQ,Gurjar sweets and samosa centre,places,en,176,27.309719649999998,75.77846805,27.309892899999998,75.7803701,0,jai,Jaipur,2026-08-31T09:10:56.922742Z
ChIJKTLVDW23bTkRDs_lgoG3g2s,ChatAura breakfast and fast food,places,en,177,26.846604149999997,75.80979769999999,26.846681099999998,75.8095936,0,jai,Jaipur,2026-08-31T09:10:57.336550Z
ChIJFeqlq_K3bTkRY3-9tNQJqC0,The Booze On lounge,places,en,177,26.846604149999997,75.80979769999999,26.8467903,75.809788,0,jai,Jaipur,2026-08-31T09:10:57.336585Z
ChIJo8LYoxW3bTkRF5xxQqUO2BU,Juju's pizza and cafe,places,en,177,26.846604149999997,75.80979769999999,26.8466958,75.8095876,0,jai,Jaipur,2026-08-31T09:10:57.336594Z
ChIJNbO9SWu3bTkRXZgAJPKB9G8,TORONTO - Kitchen & Lounge,places,en,177,26.846604149999997,75.80979769999999,26.8465942,75.8094229,0,jai,Jaipur,2026-08-31T09:10:57.336603Z
ChIJ4-pSJui3bTkRte2SU56Uuho,DROP ZONE,places,en,177,26.846604149999997,75.80979769999999,26.8464029,75.809159,0,jai,Jaipur,2026-08-31T09:10:57.336610Z
ChIJhez-9Zu3bTkRTAO2pVVfB1A,Jokers The Club,places,en,177,26.846604149999997,75.80979769999999,26.8471162,75.80921959999999,0,jai,Jaipur,2026-08-31T09:10:57.336615Z
ChIJx2zhRQq2bTkRtk5bucjrxbk,Squisito,places,en,177,26.846604149999997,75.80979769999999,26.8470145,75.8089711,0,jai,Jaipur,2026-08-31T09:10:57.336620Z
ChIJLWYAvyO3bTkRfQAoju0WO7E,The Global Bite,places,en,177,26.846604149999997,75.80979769999999,26.84648,75.8107426,0,jai,Jaipur,2026-08-31T09:10:57.336625Z
ChIJYblKhfq3bTkRmMwgco8bHwY,Shree Mahaveer Rabdi Bhandar,places,en,177,26.846604149999997,75.80979769999999,26.846478299999998,75.81074679999999,0,jai,Jaipur,2026-08-31T09:10:57.336632Z
ChIJfyBhmre3bTkRV7e4jG24MkY,Snack Shack,places,en,177,26.846604149999997,75.80979769999999,26.8468256,75.8107562,0,jai,Jaipur,2026-08-31T09:10:57.336638Z
ChIJXYESTwq2bTkRNmNGMTECyqs,Shankar Dosa Center,places,en,177,26.846604149999997,75.80979769999999,26.847270899999998,75.8091396,0,jai,Jaipur,2026-08-31T09:10:57.336643Z
ChIJV2KnTwq2bTkRBC_qPSHc53Y,Shree Nath Paav Bhaji,places,en,177,26.846604149999997,75.80979769999999,26.8472747,75.80911890000002,0,jai,Jaipur,2026-08-31T09:10:57.336648Z
ChIJDyS6Twq2bTkRsOLYUa9a65E,Phineas and Ferb Food Hub,places,en,177,26.846604149999997,75.80979769999999,26.8473082,75.8091287,0,jai,Jaipur,2026-08-31T09:10:57.336653Z
ChIJFV9OM0m3bTkRaeDnx2MJmb4,Coal Deepo,places,en,177,26.846604149999997,75.80979769999999,26.846739399999997,75.8085681,0,jai,Jaipur,2026-08-31T09:10:57.336658Z
ChIJhehHKk63bTkR0H2d4Hff-Qg,Draught House Bar & Grill,places,en,177,26.846604149999997,75.80979769999999,26.8473297,75.8086399,0,jai,Jaipur,2026-08-31T09:10:57.336664Z
ChIJDRMwQei3bTkRI56FqTTEr44,Sabroso,places,en,177,26.846604149999997,75.80979769999999,26.8472481,75.8085296,0,jai,Jaipur,2026-08-31T09:10:57.336669Z
ChIJmWL5RQC3bTkR6V2MP2MFxuA,Auric Cafe Jaipur,places,en,177,26.846604149999997,75.80979769999999,26.8464846,75.808301,0,jai,Jaipur,2026-08-31T09:10:57.336677Z
ChIJb5DLTgC3bTkReixNqZ1j_hg,Eleven pizza,places,en,177,26.846604149999997,75.80979769999999,26.8463647,75.8083095,0,jai,Jaipur,2026-08-31T09:10:57.336683Z
ChIJsawzQwq2bTkRSXAt13l5_hA,Hotel De Nada-A Luxury Stay,places,en,177,26.846604149999997,75.80979769999999,26.847383999999998,75.80851009999999,0,jai,Jaipur,2026-08-31T09:10:57.336688Z
ChIJuTVYUAC3bTkRePr8PLA5jPs,Harishankar Veg. Restro (Malviya Nagar),places,en,177,26.846604149999997,75.80979769999999,26.8479283,75.80937209999999,0,jai,Jaipur,2026-08-31T09:10:57.336693Z
ChIJAQAAUN60bTkRyBw4IN5_fvU,Hotel J J Valley,places,en,178,26.868851499999998,75.73622485,26.868815899999998,75.7350754,0,jai,Jaipur,2026-08-31T09:10:57.700051Z
ChIJa-ViWQC1bTkRxBiyikC-_sA,Kinjal Kitchen,places,en,178,26.868851499999998,75.73622485,26.869332999999997,75.7375591,0,jai,Jaipur,2026-08-31T09:10:57.700082Z
ChIJCX1-7vvJbTkRjALNbFHB3Is,Harihar kitchen,places,en,182,26.7977585,75.81034395,26.798029999999997,75.8115069,0,jai,Jaipur,2026-08-31T09:10:59.437781Z
ChIJRxLiRADJbTkRS_xXhiYu7Bw,Syndicate Café and Restaurant,places,en,182,26.7977585,75.81034395,26.7977815,75.81167099999999,0,jai,Jaipur,2026-08-31T09:10:59.437815Z
ChIJw5FxpZzJbTkRKVxAImKURuA,ER RAHUL DADHICH,places,en,182,26.7977585,75.81034395,26.7986464,75.8114667,0,jai,Jaipur,2026-08-31T09:10:59.437822Z
ChIJVQCIcADJbTkRQ1IpGDcf2-A,Swadam cafe and restaurant,places,en,182,26.7977585,75.81034395,26.798578,75.81180119999999,0,jai,Jaipur,2026-08-31T09:10:59.437852Z
ChIJy7Y8jMTJbTkRwidKtuhg3g4,HYGIENIC CHOLE BHATURE,places,en,182,26.7977585,75.81034395,26.7987304,75.8117942,0,jai,Jaipur,2026-08-31T09:10:59.437865Z
ChIJJ3aKHoPJbTkRPl4bNQmcEbY,Radhe Radhe tiffin center,places,en,182,26.7977585,75.81034395,26.798989,75.8115509,0,jai,Jaipur,2026-08-31T09:10:59.437870Z
ChIJPzfAX1PJbTkRKVQYJWJgQNk,Chawala Egg Santer,places,en,182,26.7977585,75.81034395,26.798776999999998,75.8119438,0,jai,Jaipur,2026-08-31T09:10:59.437875Z
ChIJ_XF3zCDJbTkRSccDCPy8yUY,Rashi Food Hub,places,en,182,26.7977585,75.81034395,26.7988868,75.81189049999999,0,jai,Jaipur,2026-08-31T09:10:59.437880Z
ChIJD8IvCODJbTkRtjxYxl8tzaQ,JFC-Jaipur Food Company,places,en,182,26.7977585,75.81034395,26.797024399999998,75.8084611,0,jai,Jaipur,2026-08-31T09:10:59.437884Z
ChIJm6J6bgDJbTkRXD0_WZdrzS0,Abdul chicken biryani centre,places,en,182,26.7977585,75.81034395,26.799118399999998,75.8117346,0,jai,Jaipur,2026-08-31T09:10:59.437889Z
ChIJdaBO0E7JbTkR5Qpf3k_MJ38,Dr.'S Cafe,places,en,182,26.7977585,75.81034395,26.7979342,75.8123974,0,jai,Jaipur,2026-08-31T09:10:59.437894Z
ChIJ8SEfXcvJbTkReod8QNwHR_I,Craving Corner,places,en,182,26.7977585,75.81034395,26.7993161,75.81148780000001,0,jai,Jaipur,2026-08-31T09:10:59.437898Z
ChIJHUql2r7JbTkRllvErRaoOvc,Food Corner,places,en,182,26.7977585,75.81034395,26.798731,75.8122322,0,jai,Jaipur,2026-08-31T09:10:59.437902Z
ChIJ2Q6lusrLbTkR2tliGJLwvLA,Annapurna tiffin center,places,en,182,26.7977585,75.81034395,26.8001194,75.8098832,0,jai,Jaipur,2026-08-31T09:10:59.437909Z
ChIJ_UWmlJm1bTkRy_VrnGsuxb8,Moon Night Cafe & Lounge,places,en,188,26.7636709,75.8296933,26.763269299999997,75.829093,0,jai,Jaipur,2026-08-31T09:11:01.679966Z
ChIJhwEEM2vJbTkR6KTRwYBSQvI,जोधपुर मिष्ठान भण्डार,places,en,188,26.7636709,75.8296933,26.7646722,75.8299954,0,jai,Jaipur,2026-08-31T09:11:01.679992Z
ChIJ038RM2vJbTkRNdiQ87aCqxo,मोचन चाय & डिस्पोजल,places,en,188,26.7636709,75.8296933,26.7647192,75.8300295,0,jai,Jaipur,2026-08-31T09:11:01.679999Z
ChIJ13OhdwDJbTkRrNULRDnMP0Y,Dev family restaurant,places,en,188,26.7636709,75.8296933,26.762794099999997,75.8309532,0,jai,Jaipur,2026-08-31T09:11:01.680004Z
ChIJg35hyRTJbTkRCSxZ-Nuzadk,साहू ज्यूस सेन्टर,places,en,188,26.7636709,75.8296933,26.764994500000004,75.83052959999999,0,jai,Jaipur,2026-08-31T09:11:01.680008Z
ChIJrbYq2ArJbTkRFGrclyRJC-Y,Sardar,places,en,188,26.7636709,75.8296933,26.7654544,75.8310515,0,jai,Jaipur,2026-08-31T09:11:01.680013Z
ChIJeShlvyHJbTkRpgiO8K66W_A,Dev dhaba,places,en,188,26.7636709,75.8296933,26.765200099999998,75.83143310000001,0,jai,Jaipur,2026-08-31T09:11:01.680020Z
ChIJH2KF3MzJbTkRHHStl4jFibk,Mohan Restaurant,places,en,188,26.7636709,75.8296933,26.765467899999997,75.831135,0,jai,Jaipur,2026-08-31T09:11:01.680025Z
ChIJ9VrdxkDJbTkRAtz8Ajb7AyI,Jai Shree Ashapura Maa Pavitra Bhojnalaya,places,en,188,26.7636709,75.8296933,26.765363800000003,75.8314827,0,jai,Jaipur,2026-08-31T09:11:01.680029Z
ChIJNdiYhTDJbTkRl1IunrB2XV4,Jaguar cafe and fast-food,places,en,188,26.7636709,75.8296933,26.7651499,75.8275914,0,jai,Jaipur,2026-08-31T09:11:01.680033Z
ChIJI4COWAC1bTkRaG6qmpPdq68,Garg Tower,places,en,190,26.8336033,75.7566957,26.834709999999998,75.75764389999999,0,jai,Jaipur,2026-08-31T09:11:02.598200Z
ChIJqf51vnm1bTkRyKP9fbVYu40,Luxion resort and hotel L L P,places,en,190,26.8336033,75.7566957,26.8320932,75.7562507,0,jai,Jaipur,2026-08-31T09:11:02.598225Z
ChIJXXLpacm1bTkRpVKKxKO38bM,The Terrace View Multi Cuisine Restaurant,places,en,190,26.8336033,75.7566957,26.8349799,75.757885,0,jai,Jaipur,2026-08-31T09:11:02.598231Z
ChIJpd_whqW1bTkRla84daP5fok,𝐂𝐇𝐃 - 𝐋𝐨𝐮𝐧𝐠𝐞 & 𝐁𝐚𝐫 𝐌𝐚𝐧𝐬𝐚𝐫𝐨𝐯𝐚𝐫,places,en,190,26.8336033,75.7566957,26.835012799999998,75.75784449999999,0,jai,Jaipur,2026-08-31T09:11:02.598235Z
ChIJSwFFjwy1bTkR8H1c2W1u1IQ,BANARASI CHAAT,places,en,190,26.8336033,75.7566957,26.8354598,75.75757709999999,0,jai,Jaipur,2026-08-31T09:11:02.598239Z
ChIJw88YELa1bTkRpJBEUttHnNc,HANUTA BANQUET HALL - Banquet Hall in Jaipur,places,en,190,26.8336033,75.7566957,26.8358167,75.75619309999999,0,jai,Jaipur,2026-08-31T09:11:02.598242Z
ChIJH57TcQC1bTkRQsonbXXAjSE,शिव पवित्र भोजनालय,places,en,190,26.8336033,75.7566957,26.834891,75.7544387,0,jai,Jaipur,2026-08-31T09:11:02.598246Z
ChIJU5aLzu63bTkRMG3EqvmvCTk,Hot N Chill,places,en,192,26.845769400000002,75.85745055,26.8476385,75.8576079,0,jai,Jaipur,2026-08-31T09:11:03.264399Z
ChIJ0UUcSsy3bTkR4Eg149cxgpU,Testy Tone,places,en,192,26.845769400000002,75.85745055,26.847635399999998,75.8576649,0,jai,Jaipur,2026-08-31T09:11:03.264426Z
ChIJe2xOcQDPbTkRBWwPb4o0DFk,RESTAURANT 5KM TO AJMER BY AZIRA,places,en,193,26.7284206,75.87163515,26.7273046,75.87419299999999,0,jai,Jaipur,2026-08-31T09:11:03.732494Z
ChIJL_EKKgDPbTkRYidP_BCxWHk,Manmohan Mishthan Bhandar,places,en,197,26.7031985,75.89251945000001,26.702845999999997,75.891211,0,jai,Jaipur,2026-08-31T09:11:06.247271Z
ChIJbTFWSj-ybTkRG0grhzRh3n4,Shekhawati resturant,places,en,200,26.98337745,75.78552385,26.9813027,75.7849832,0,jai,Jaipur,2026-08-31T09:11:07.526703Z
ChIJi9C09HWzbTkRd5Hn0alWAQg,Chouhan Fast Food,places,en,203,26.93766495,75.7736487,26.940293399999998,75.7739033,0,jai,Jaipur,2026-08-31T09:11:08.688861Z
ChIJsflwIhHLbTkRnUvcO5yNbb8,Balaji Tea Stall,places,en,204,26.75682845,75.74849035,26.7562367,75.7513051,0,jai,Jaipur,2026-08-31T09:11:09.098507Z
ChIJBdJgYwDPbTkRIHqDkUk_ECM,Hotel BLACK PANTHER,places,en,205,26.72585875,75.8653302,26.7261127,75.865129,0,jai,Jaipur,2026-08-31T09:11:09.537972Z
ChIJp9C6JVW1bTkRCwfGWOIxrBs,Paddle Brew,places,en,207,26.86483855,75.72961365,26.8657671,75.7297458,0,jai,Jaipur,2026-08-31T09:11:10.255233Z
ChIJu0yr5fi1bTkRIgwQPNfsuA8,Black & White Bistro,places,en,207,26.86483855,75.72961365,26.863471500000003,75.7310892,0,jai,Jaipur,2026-08-31T09:11:10.255265Z
ChIJ902O3oW1bTkRc7pGRL3QXoY,RJ-10 veg and non veg restaurant,places,en,207,26.86483855,75.72961365,26.8663234,75.7311844,0,jai,Jaipur,2026-08-31T09:11:10.255271Z
ChIJS9kr4W21bTkR_u67o7UBx3U,RJ-18 veg and non veg restaurant,places,en,207,26.86483855,75.72961365,26.8661902,75.7314047,0,jai,Jaipur,2026-08-31T09:11:10.255277Z
ChIJf85aPwC1bTkRMKEqNK3EDbg,RRR BAR & RESTRO,places,en,207,26.86483855,75.72961365,26.8626987,75.73091649999999,0,jai,Jaipur,2026-08-31T09:11:10.255282Z
ChIJJ_1z0ia1bTkRn75jhE1WGTc,Bhalla's Kitchen,places,en,207,26.86483855,75.72961365,26.862496999999998,75.73108359999999,0,jai,Jaipur,2026-08-31T09:11:10.255286Z
ChIJ6Rc90EO5bTkRzDksnpvAI5I,श्री श्याम फास्ट फूड एण्ड ज्यूस सेंटर,places,en,215,26.922113799999998,75.97273225,26.920172299999997,75.9730759,0,jai,Jaipur,2026-08-31T09:11:13.316937Z
ChIJ3ZZy6EO5bTkRa8lehsEGtRo,शर्मा रेस्टोरेन्ट,places,en,215,26.922113799999998,75.97273225,26.9203575,75.97399779999999,0,jai,Jaipur,2026-08-31T09:11:13.316962Z
ChIJ5Vj6RN65bTkRGeHUYLq9rcs,Masala Chowk Nayla Jaipur,places,en,215,26.922113799999998,75.97273225,26.9239914,75.9709827,0,jai,Jaipur,2026-08-31T09:11:13.316969Z
ChIJjSKi9UO5bTkRS0fkJr4bhoI,भावठा मोबाइल,places,en,215,26.922113799999998,75.97273225,26.9209309,75.97525279999999,0,jai,Jaipur,2026-08-31T09:11:13.316973Z
ChIJlVQQyZxPbDkRQn5NJkRW-n4,shriparshuram puri restaurant,places,en,216,26.974579300000002,75.54578245,26.976727,75.5457456,0,jai,Jaipur,2026-08-31T09:11:13.730691Z
ChIJBfbzLAJPbDkR7p7ZCzT2XvA,Shubham mistan bhandar,places,en,219,26.9840296,75.59104625,26.9849155,75.58919589999999,0,jai,Jaipur,2026-08-31T09:11:14.847786Z
ChIJhUzftDtPbDkRfBxzPgWePBk,Raju Chaat Bhandar,places,en,219,26.9840296,75.59104625,26.9856289,75.58940140000001,0,jai,Jaipur,2026-08-31T09:11:14.847813Z
ChIJ27zAwfBPbDkRF-KuryA2kCM,Rajkumar Fast food,places,en,219,26.9840296,75.59104625,26.9855852,75.5891968,0,jai,Jaipur,2026-08-31T09:11:14.847819Z
ChIJhaLBZPm4bTkRlWwR79xB8Q0,सद्दाम कब्बानी चर्क्स शॉप,places,en,230,26.87837115,75.95279124999999,26.880664799999998,75.95165949999999,0,jai,Jaipur,2026-08-31T09:11:19.013534Z
ChIJ71AyVABNbDkRrYY6145TpMo,Srikanth,places,en,231,26.98352685,75.68829325,26.981998299999997,75.6873535,0,jai,Jaipur,2026-08-31T09:11:19.479003Z
ChIJj_FDyWtNbDkRXLOV0ezQaZg,सेनी बाट भण्डार,places,en,231,26.98352685,75.68829325,26.981399099999997,75.6872882,0,jai,Jaipur,2026-08-31T09:11:19.479036Z
ChIJf7qIbe5NbDkRkcN99_bLc5A,MARWADI CAFE AND RESTAURANT,places,en,231,26.98352685,75.68829325,26.981383299999997,75.6873262,0,jai,Jaipur,2026-08-31T09:11:19.479044Z
ChIJqZD8dxtJbDkRZtrOhLxFQrM,A One restaurant,places,en,234,26.81866415,75.59703429999999,26.817335399999997,75.5965135,0,jai,Jaipur,2026-08-31T09:11:20.553483Z
ChIJu1aVuW9JbDkRYO8OXfd7DCo,चौधरी गेस्ट हाउस एंड रेस्टोरेंट,places,en,234,26.81866415,75.59703429999999,26.816665099999998,75.59806069999999,0,jai,Jaipur,2026-08-31T09:11:20.553755Z
ChIJl4fI4Rq0bTkRP5nqM96fFKQ,Shivam Resorts,places,en,235,26.853422549999998,75.6510567,26.8537569,75.65136559999999,0,jai,Jaipur,2026-08-31T09:11:20.930096Z
ChIJg6WNrRqxbTkRiB5DdQCP17E,Gold Black Food,places,en,236,26.92738535,75.84053015,26.9289164,75.8410372,0,jai,Jaipur,2026-08-31T09:11:21.288246Z
ChIJ9zq3q0exbTkRHc1I-ehUqbM,Bismillah Restorent,places,en,236,26.92738535,75.84053015,26.9274578,75.84268089999999,0,jai,Jaipur,2026-08-31T09:11:21.288277Z
ChIJYXRyfzGxbTkRjxDdjT4RZcI,मेराज अली कटपीस,places,en,236,26.92738535,75.84053015,26.929172599999998,75.8387953,0,jai,Jaipur,2026-08-31T09:11:21.288284Z
ChIJsQH9xDOxbTkR7QBI_QZ3wsk,गरीब नवाज होटल,places,en,236,26.92738535,75.84053015,26.927996699999998,75.83795099999999,0,jai,Jaipur,2026-08-31T09:11:21.288289Z
ChIJt2jyxDOxbTkRzH3UC9InnGk,MURADABADI BIRYANI CENTER,places,en,236,26.92738535,75.84053015,26.927973899999998,75.83787389999999,0,jai,Jaipur,2026-08-31T09:11:21.288293Z
ChIJGVHBVV2xbTkRCJ4E-kLlk3Q,APNA PIZZA POINT,places,en,236,26.92738535,75.84053015,26.927086,75.84331089999999,0,jai,Jaipur,2026-08-31T09:11:21.288297Z
ChIJCx1t0ZmxbTkR7v9kkRmuNmY,Nabi Hotel,places,en,236,26.92738535,75.84053015,26.9261629,75.8380303,0,jai,Jaipur,2026-08-31T09:11:21.288301Z
ChIJMdVSLq-xbTkRAic1xzdO9EE,Sohail Fast Food,places,en,236,26.92738535,75.84053015,26.928058399999998,75.83762089999999,0,jai,Jaipur,2026-08-31T09:11:21.288305Z
ChIJBx7rqEFNbDkRiLeBU5qaVkQ,Soni Pure Kitchen,places,en,237,26.93007745,75.6404111,26.9289378,75.6429661,0,jai,Jaipur,2026-08-31T09:11:21.665795Z
ChIJWZMjAlS3bTkRUw_Jwa_B2OQ,Suraj Pani Puri Center,places,en,238,26.91920485,75.8487752,26.9191334,75.84926639999999,0,jai,Jaipur,2026-08-31T09:11:22.086806Z
ChIJPbHsHdS2bTkRGVsI4_8GaA4,जय भोले पवित्र भोजनालय,places,en,238,26.91920485,75.8487752,26.9184807,75.8486017,0,jai,Jaipur,2026-08-31T09:11:22.086833Z
ChIJeYuHRpu3bTkR7fx_vJ95f44,Restaurant,places,en,238,26.91920485,75.8487752,26.9185382,75.8483579,0,jai,Jaipur,2026-08-31T09:11:22.086840Z
ChIJ5dStDIa3bTkRDzgZUG4bLEU,Jharokha - The Heritage Restro,places,en,238,26.91920485,75.8487752,26.9184329,75.8483784,0,jai,Jaipur,2026-08-31T09:11:22.086844Z
ChIJM-e6DNS2bTkROfhoXHDONzA,Shiv Felts Industries,places,en,238,26.91920485,75.8487752,26.919772000000002,75.8479801,0,jai,Jaipur,2026-08-31T09:11:22.086849Z
ChIJs7Y4ZDa3bTkRI0ZpeKLb8z8,Shubham Sharma,places,en,238,26.91920485,75.8487752,26.920178,75.8470932,0,jai,Jaipur,2026-08-31T09:11:22.086854Z
ChIJYytKHQC3bTkRNqAt0iDyXMU,Maruti momos,places,en,238,26.91920485,75.8487752,26.9190203,75.84602269999999,0,jai,Jaipur,2026-08-31T09:11:22.086858Z
ChIJA3lJjrTJbTkRQDyPyZle-Kc,Thali & Bites | Cloud Kitchen in Jaipur,places,en,241,26.83115025,75.88970675,26.8297813,75.88853759999999,0,jai,Jaipur,2026-08-31T09:11:23.190942Z
ChIJJ0MJaUlLbDkRagZOUrJ6F80,Saucy Chef,places,en,242,26.8395096,75.62527745,26.8389465,75.6265931,0,jai,Jaipur,2026-08-31T09:11:23.636143Z
ChIJ8bLOCX1LbDkRl2A8u9cQvFA,The Avenue 21 Cafe,places,en,243,26.872338300000003,75.71223225,26.8720254,75.7130255,0,jai,Jaipur,2026-08-31T09:11:23.977705Z
ChIJiWZrBgC1bTkR9y_xPvRqDOc,कृषक tree Restaurant cafe,places,en,243,26.872338300000003,75.71223225,26.8720328,75.7148682,0,jai,Jaipur,2026-08-31T09:11:23.977733Z
ChIJhd4TKQC1bTkR1xaL7iNQSAQ,Tiffin box,places,en,245,26.882091799999998,75.71942805,26.883248899999998,75.72035369999999,0,jai,Jaipur,2026-08-31T09:11:24.732013Z
ChIJI-IOKry1bTkRS9ZN1lDXosI,Amom Restaurant and Bar,places,en,245,26.882091799999998,75.71942805,26.8796851,75.71834559999999,0,jai,Jaipur,2026-08-31T09:11:24.732038Z
ChIJo9LxKiK1bTkRCPd6hRmsFcM,Om villas by Amitesh ( Hotel and Banquets ),places,en,245,26.882091799999998,75.71942805,26.879683999999997,75.7183455,0,jai,Jaipur,2026-08-31T09:11:24.732047Z
ChIJeY6ynW2xbTkRq7FDVRuYmZc,Saini Chai Center,places,en,246,26.9790341,75.87678414999999,26.979411199999998,75.8738876,0,jai,Jaipur,2026-08-31T09:11:25.126213Z
ChIJYdIcMte3bTkRwPokET-BgBE,Bombay Chaat Center,places,en,247,26.88628645,75.88271515,26.8856523,75.8835816,0,jai,Jaipur,2026-08-31T09:11:25.484269Z
ChIJH1HyyXa3bTkRjYidxTjbEP8,गायत्री एन्टरप्राइजेज,places,en,247,26.88628645,75.88271515,26.8870328,75.88397189999999,0,jai,Jaipur,2026-08-31T09:11:25.484296Z
ChIJQ6O8iXa3bTkRtN-X_Z85Yh4,ओम जी फास्ट फुड,places,en,247,26.88628645,75.88271515,26.884621199999998,75.88342039999999,0,jai,Jaipur,2026-08-31T09:11:25.484303Z
ChIJ_dBsdV6xbTkRMz7Af1XVx3c,Tarantaal the pool &restaurant,places,en,250,26.953907899999997,75.87907055,26.954935,75.878654,0,jai,Jaipur,2026-08-31T09:11:26.695790Z
ChIJFaUZGiyxbTkRFCfKOsIV82Y,K D POINTS,places,en,250,26.953907899999997,75.87907055,26.9522063,75.8787662,0,jai,Jaipur,2026-08-31T09:11:26.695820Z
ChIJ367FWXK3bTkRvqSMKOl36zg,Lakshita Restaurant&Cafe,places,en,252,26.835332100000002,75.8850443,26.8373027,75.88490469999999,0,jai,Jaipur,2026-08-31T09:11:28.437074Z
ChIJ92GytCm3bTkRlLprf9ohepE,Ambika cafe(Rooftop)and restaurant,places,en,252,26.835332100000002,75.8850443,26.8370341,75.8864662,0,jai,Jaipur,2026-08-31T09:11:28.437099Z
ChIJj75NLBe3bTkRGbQphHnt8RQ,Samridhi foods,places,en,252,26.835332100000002,75.8850443,26.8372709,75.8868081,0,jai,Jaipur,2026-08-31T09:11:28.437105Z
ChIJvTAyMqG3bTkRFep6Wdp6qmk,Braj dhawa.,places,en,252,26.835332100000002,75.8850443,26.8372729,75.8868202,0,jai,Jaipur,2026-08-31T09:11:28.437111Z
ChIJsfzpr0qtbTkR_qhFnqb6_d4,कानू फूड कैटर्स,places,en,256,27.0267562,75.71273925,27.025012999999998,75.7145257,0,jai,Jaipur,2026-08-31T09:11:30.214335Z
ChIJpQTyUvtTbDkRO87545_XmRM,Meena Wains,places,en,257,27.0131094,75.706307,27.0137516,75.7047493,0,jai,Jaipur,2026-08-31T09:11:30.592698Z
ChIJLTWDRgBTbDkR0Ibnl32YFAE,Sanvariya chai wala,places,en,257,27.0131094,75.706307,27.014478800000003,75.7039551,0,jai,Jaipur,2026-08-31T09:11:30.592720Z
ChIJLxhLUgBTbDkRGXa3hxrUS5Y,Sanvariya chai wala,places,en,257,27.0131094,75.706307,27.014478800000003,75.7039551,0,jai,Jaipur,2026-08-31T09:11:30.592726Z
ChIJ6QxxnEpNbDkR8DSBIw4qFco,Ratnuus - Cloud Kitchen,places,en,259,26.941609200000002,75.70508095,26.940289099999998,75.70772149999999,0,jai,Jaipur,2026-08-31T09:11:31.421688Z
ChIJQyYhX2m3bTkRWh7XQTuulno,V दे C [V-Desi],places,en,260,26.838414800000002,75.87957795,26.836544999999997,75.87919880000001,0,jai,Jaipur,2026-08-31T09:11:31.757106Z
ChIJE38HJQC3bTkRaiNj7vGdCo4,Tikkad special dhaba,places,en,260,26.838414800000002,75.87957795,26.8360444,75.8784673,0,jai,Jaipur,2026-08-31T09:11:31.757132Z
ChIJS9yfl3O5bTkRckEQIfzmlNw,Zayka chicken biryani,places,en,262,26.8783672,75.91704859999999,26.880027499999997,75.9173287,0,jai,Jaipur,2026-08-31T09:11:32.583544Z
ChIJF4eaYgC5bTkRNuzlilA0AGc,Pandit Tikkad House (Gangapur City Wale),places,en,262,26.8783672,75.91704859999999,26.880549,75.9173268,0,jai,Jaipur,2026-08-31T09:11:32.583571Z
ChIJgdeTaQNNbDkR6rFpc5wJdps,B,places,en,266,26.9594886,75.67731900000001,26.9574733,75.6774234,0,jai,Jaipur,2026-08-31T09:11:34.122005Z
ChIJzWaxjANNbDkR6fltyil7-WM,Choudhary Dhaba,places,en,266,26.9594886,75.67731900000001,26.9574547,75.67722080000001,0,jai,Jaipur,2026-08-31T09:11:34.122034Z
ChIJCWEYagNNbDkR2WsN1g3ttKo,खंडेलवाल ढाबा,places,en,266,26.9594886,75.67731900000001,26.9573826,75.6774501,0,jai,Jaipur,2026-08-31T09:11:34.122041Z
ChIJG3036ddNbDkR4xTQZCw5e_Y,Shri Shyam Family Restaurant,places,en,266,26.9594886,75.67731900000001,26.957373699999998,75.6779707,0,jai,Jaipur,2026-08-31T09:11:34.122045Z
ChIJf_4uNrdNbDkRxaD7kDlzYMk,Shiv Krupa Restaurant,places,en,266,26.9594886,75.67731900000001,26.95733,75.6779332,0,jai,Jaipur,2026-08-31T09:11:34.122050Z
ChIJpU65JQBNbDkRvijNuisxs1s,SINGH'S CHAAP HATHOJ,places,en,266,26.9594886,75.67731900000001,26.957252099999998,75.6781438,0,jai,Jaipur,2026-08-31T09:11:34.122055Z
ChIJ5-0hQmBNbDkRQN0ZiwvHX_s,Shiv Kripa Restaurant And Fastfood,places,en,266,26.9594886,75.67731900000001,26.957250199999997,75.6781469,0,jai,Jaipur,2026-08-31T09:11:34.122059Z
ChIJz_zraL5NbDkR8Uea7UJjkGY,MUSAFIR JAYYKA,places,en,266,26.9594886,75.67731900000001,26.957437799999997,75.6758378,0,jai,Jaipur,2026-08-31T09:11:34.122062Z
ChIJFSKHelC4bTkRgdEqdsoPnF8,Shree Ram dhaba,places,en,267,26.87719825,75.93534935,26.8760653,75.936919,0,jai,Jaipur,2026-08-31T09:11:34.564234Z
ChIJd6K5XAC5bTkRGrwj_A8W6NQ,Sharma Ji Pavitra Bhojanalay,places,en,267,26.87719825,75.93534935,26.876042299999998,75.9369404,0,jai,Jaipur,2026-08-31T09:11:34.564267Z
ChIJQ6Ile7q5bTkRKdZuECaUjM8,Shree Shyam Bhojnalye,places,en,267,26.87719825,75.93534935,26.876029199999998,75.9369948,0,jai,Jaipur,2026-08-31T09:11:34.564274Z
ChIJ745MAgC5bTkRIX-WTbeiL8c,Sharma Bhojnalaya Family restaurant,places,en,267,26.87719825,75.93534935,26.8770612,75.9331783,0,jai,Jaipur,2026-08-31T09:11:34.564280Z
ChIJJQ3JV-e5bTkRWHgmW9-7pdw,Tarun Kirana Stor,places,en,267,26.87719825,75.93534935,26.875619699999998,75.93321949999999,0,jai,Jaipur,2026-08-31T09:11:34.564286Z
ChIJNTY7gVC4bTkRJWIlVorWd-I,Brajwasi fast food corner,places,en,267,26.87719825,75.93534935,26.8758847,75.9377787,0,jai,Jaipur,2026-08-31T09:11:34.564292Z
ChIJe7BE4PpMbDkRqw4FjO7NHoA,शर्मा बॉट भण्डार,places,en,268,26.944612399999997,75.6789007,26.9439623,75.6774192,0,jai,Jaipur,2026-08-31T09:11:34.921228Z
ChIJ8Xxyp5-3bTkRjqvSDyfMe5k,"Hotel Titoz, Ghati Karolan",places,en,270,26.87808355,75.87900505,26.8795905,75.87911869999999,0,jai,Jaipur,2026-08-31T09:11:35.783103Z
ChIJjTzHT563bTkRv5mO_Rjgmxw,बालाजी एन्टरप्राईजेज,places,en,270,26.87808355,75.87900505,26.8792251,75.8801462,0,jai,Jaipur,2026-08-31T09:11:35.783131Z
ChIJYbDaS563bTkR2yy7CailsXA,कोम्बो हाऊस,places,en,270,26.87808355,75.87900505,26.8795766,75.87985789999999,0,jai,Jaipur,2026-08-31T09:11:35.783138Z
ChIJX7GhSfS3bTkR005TT60u9U8,TooToo Healthy Foods,places,en,270,26.87808355,75.87900505,26.8795185,75.8779495,0,jai,Jaipur,2026-08-31T09:11:35.783144Z
ChIJrzegw3K3bTkRAQX2TIBb58g,Annapurna Fast Food,places,en,270,26.87808355,75.87900505,26.879884999999998,75.8795325,0,jai,Jaipur,2026-08-31T09:11:35.783149Z
ChIJxfCWeQC3bTkRGFRgLNz2l_M,Shree Gopinath Namkeen Bhandar,places,en,270,26.87808355,75.87900505,26.8780511,75.881348,0,jai,Jaipur,2026-08-31T09:11:35.783155Z
ChIJcW6MdLi3bTkRSlCIjfcrfYY,Anokhi cafe & lounge,places,en,270,26.87808355,75.87900505,26.8774846,75.88134389999999,0,jai,Jaipur,2026-08-31T09:11:35.783160Z
ChIJT6PaPyi5bTkRobVMifLXj1E,PinkFlare cafe,places,en,271,26.87201915,75.94520645,26.874282,75.9460329,0,jai,Jaipur,2026-08-31T09:11:36.393218Z
ChIJ_c7JxrG3bTkRNz6JdNWhjCE,Ali King Fried Chicken,places,en,272,26.88030985,75.87019535,26.8783333,75.8684217,0,jai,Jaipur,2026-08-31T09:11:36.799122Z
ChIJdSSeDqe3bTkRwqSOG5Z5ufA,गुलजार भाई,places,en,272,26.88030985,75.87019535,26.878279199999998,75.86838890000001,0,jai,Jaipur,2026-08-31T09:11:36.799148Z
ChIJ_-DmAAC3bTkRil8WxQ5kHSY,सारा अली चिकन कॉर्नर,places,en,272,26.88030985,75.87019535,26.8782781,75.8683382,0,jai,Jaipur,2026-08-31T09:11:36.799155Z
ChIJxXoDBgC3bTkRAkzZ7IKJmW8,M. M. FOODS & Restaurant,places,en,274,26.8607893,75.8912824,26.8606522,75.8918024,0,jai,Jaipur,2026-08-31T09:11:37.550230Z
ChIJL-qh74y3bTkRyFTUizYO7kk,MBBS Hotel,places,en,274,26.8607893,75.8912824,26.8613777,75.892034,0,jai,Jaipur,2026-08-31T09:11:37.550261Z
ChIJ-X2QbAC3bTkRyppooz3algw,Shree shyam tadka dhaba,places,en,274,26.8607893,75.8912824,26.8606183,75.8923825,0,jai,Jaipur,2026-08-31T09:11:37.550268Z
ChIJ2xt2QwC3bTkR3fAX3-L_Ag8,Aliza chiken biryani,places,en,274,26.8607893,75.8912824,26.859592799999998,75.8931537,0,jai,Jaipur,2026-08-31T09:11:37.550274Z
ChIJRYK6vtO3bTkRh8zMpkHw2_U,Golu Chat Bhandar,places,en,274,26.8607893,75.8912824,26.859122,75.89308,0,jai,Jaipur,2026-08-31T09:11:37.550279Z
ChIJ-boCRfO3bTkRLTgyAk8gvzw,CHAND RESTAURANT,places,en,274,26.8607893,75.8912824,26.858977099999997,75.89303029999999,0,jai,Jaipur,2026-08-31T09:11:37.550284Z
ChIJfWqLF3FNbDkRnZwuPxTJiXY,Hello Cafe,places,en,275,26.9758305,75.69653105,26.9742791,75.6968375,0,jai,Jaipur,2026-08-31T09:11:37.960336Z
ChIJIaPOuz5NbDkRwvB46uAj9pI,पण्डितजी पवित्र भोजनालय,places,en,276,26.9714544,75.697523,26.972894999999998,75.6955065,0,jai,Jaipur,2026-08-31T09:11:38.349226Z
ChIJjYrRvT5NbDkRK1AvGu1oYC0,शिव प्रोपर्टीज,places,en,276,26.9714544,75.697523,26.9728621,75.6952062,0,jai,Jaipur,2026-08-31T09:11:38.349248Z
ChIJ6S2pEeGzbTkRhEq-5zWSbKM,KRIDHA CHAI STATION,places,en,277,26.9936006,75.73910559999999,26.9931348,75.7373898,0,jai,Jaipur,2026-08-31T09:11:38.760286Z
ChIJUet9CwSzbTkRrzBESl0pJQg,Jagdamba pavitra bhojnalaya and restaurant,places,en,277,26.9936006,75.73910559999999,26.992231300000004,75.7370225,0,jai,Jaipur,2026-08-31T09:11:38.760334Z
ChIJM7QazPOzbTkRiRH2k3EfXkE,MEGHA'S HOME FOOD,places,en,280,26.9644025,75.79077275,26.9620201,75.7911511,0,jai,Jaipur,2026-08-31T09:11:39.804842Z
ChIJaa-abDizbTkRj6xmbdx2pqQ,Bumpy's Cafe,places,en,280,26.9644025,75.79077275,26.9668566,75.7896359,0,jai,Jaipur,2026-08-31T09:11:39.804876Z
ChIJKwqdVVe5bTkRIHcnBGWeV0Q,Maha Laxmi Pav Bhaji,places,en,282,26.87965705,75.90609155,26.8805557,75.9072635,0,jai,Jaipur,2026-08-31T09:11:40.602165Z
ChIJPYYpx2G5bTkRPThdKZFyyZo,ASLI DUM BIRYANI,places,en,282,26.87965705,75.90609155,26.877884899999998,75.904426,0,jai,Jaipur,2026-08-31T09:11:40.602187Z
ChIJsfLekiy4bTkRf7El5uZ48bc,राज सर्विस सेन्टर,places,en,282,26.87965705,75.90609155,26.882040399999998,75.90697949999999,0,jai,Jaipur,2026-08-31T09:11:40.602194Z
ChIJW27Xnqa1bTkRf-q_86P8Z1U,Mathri Aunty,places,en,283,26.8467929,75.73572874999999,26.844618,75.7345079,0,jai,Jaipur,2026-08-31T09:11:42.056236Z
ChIJQSNvnM21bTkRXrYDYpektuA,Momos and more,places,en,283,26.8467929,75.73572874999999,26.844357,75.7362097,0,jai,Jaipur,2026-08-31T09:11:42.056261Z
ChIJBx8OQ-6ybTkRYARzlpuoTg4,अन्नु कैटरर्स,places,en,284,26.97596015,75.74601155,26.975385199999998,75.74664779999999,0,jai,Jaipur,2026-08-31T09:11:43.469496Z
ChIJF1GTAu6ybTkR06knXAG1oEg,श्री बजरंग चाट कॉर्नर,places,en,284,26.97596015,75.74601155,26.976743199999998,75.74868889999999,0,jai,Jaipur,2026-08-31T09:11:43.469526Z
ChIJPSgjMRlNbDkRGKsTN9uittY,Hangout Restaurant,places,en,285,26.935223,75.7138277,26.9340884,75.71290499999999,0,jai,Jaipur,2026-08-31T09:11:43.843323Z
ChIJ3aNg5DZNbDkRGmz3MmYNpww,LUXORA RESORT & HOTEL,places,en,285,26.935223,75.7138277,26.9340808,75.7128781,0,jai,Jaipur,2026-08-31T09:11:43.843349Z
ChIJLcuWFqq1bTkRjU6x2WL4YIE,Golu Snacks Center,places,en,286,26.8576318,75.7330339,26.8586052,75.7337113,0,jai,Jaipur,2026-08-31T09:11:44.236357Z
ChIJWTHULU21bTkRfnHKujGHJXE,Chai Junction,places,en,286,26.8576318,75.7330339,26.8591203,75.73430189999999,0,jai,Jaipur,2026-08-31T09:11:44.236384Z
ChIJ7SrT1OO1bTkRGlj6r2OaIgQ,Egg Stal,places,en,286,26.8576318,75.7330339,26.8592755,75.7342247,0,jai,Jaipur,2026-08-31T09:11:44.236390Z
ChIJMeiFOei1bTkRZewFZd-HTsE,Shreenath Sigdi Ro Dosa,places,en,286,26.8576318,75.7330339,26.857208099999998,75.73574940000002,0,jai,Jaipur,2026-08-31T09:11:44.236395Z
ChIJgS4m3r2zbTkRa1ud78IfWlQ,The Royal's Fast Food and Family Resturant,places,en,287,26.939804600000002,75.7250267,26.938456199999997,75.7267232,0,jai,Jaipur,2026-08-31T09:11:44.666293Z
ChIJs98j_EqzbTkRhcLtErw-nFQ,The Royals Club,places,en,287,26.939804600000002,75.7250267,26.938630399999997,75.7269659,0,jai,Jaipur,2026-08-31T09:11:44.666322Z
ChIJ-Y1Pyo1NbDkRfKCGNrrM5tg,The Cook's Corner,places,en,287,26.939804600000002,75.7250267,26.9417348,75.7261082,0,jai,Jaipur,2026-08-31T09:11:44.666328Z
ChIJL7PW7xSzbTkRz4OoL8oRroc,Paintball lovers Jaipur,places,en,287,26.939804600000002,75.7250267,26.9384506,75.7269519,0,jai,Jaipur,2026-08-31T09:11:44.666333Z
ChIJs-p3KY6zbTkRp1qNFEuyJoE,Crush Corner,places,en,287,26.939804600000002,75.7250267,26.9378493,75.7263971,0,jai,Jaipur,2026-08-31T09:11:44.666337Z
ChIJByD6glmzbTkRS83Ues-Csh4,Bajarag Patasi Center,places,en,287,26.939804600000002,75.7250267,26.937986499999997,75.723395,0,jai,Jaipur,2026-08-31T09:11:44.666341Z
ChIJb-9kkzCzbTkR8I150VufMDs,राधा रानी टी - स्टॉल एण्ड गोपी कचौरी वाला,places,en,287,26.939804600000002,75.7250267,26.9421006,75.72419409999999,0,jai,Jaipur,2026-08-31T09:11:44.666346Z
ChIJayUdD6OxbTkRLnR5BRhAPn8,Rainbow Icecream Parlour,places,en,288,26.932030150000003,75.8288695,26.9314119,75.8281909,0,jai,Jaipur,2026-08-31T09:11:45.046288Z
ChIJA8_yTkixbTkRfyyuVbHXvvA,Brajwasi Patasi Bhandar,places,en,288,26.932030150000003,75.8288695,26.931291599999998,75.8281578,0,jai,Jaipur,2026-08-31T09:11:45.046319Z
ChIJ1cIzAfGxbTkRHIt0mU9hhfw,Tea Stall,places,en,288,26.932030150000003,75.8288695,26.930472500000004,75.829182,0,jai,Jaipur,2026-08-31T09:11:45.046325Z
ChIJGeTyzkmxbTkR5J1OnA-eEBw,Hotel RR 62-Jaipur City Centre Hotel,places,en,288,26.932030150000003,75.8288695,26.9304347,75.8292319,0,jai,Jaipur,2026-08-31T09:11:45.046331Z
ChIJ0zDTavuxbTkRPtXdeqxkvZc,JMD Cafeteria,places,en,288,26.932030150000003,75.8288695,26.9301401,75.8290516,0,jai,Jaipur,2026-08-31T09:11:45.046336Z
ChIJq9wxSACxbTkRGsyW3-ob8DM,Aiyo Anna!,places,en,288,26.932030150000003,75.8288695,26.9326325,75.8267942,0,jai,Jaipur,2026-08-31T09:11:45.046340Z
ChIJs8JDBBu3bTkRxFRYgnYLCBM,SATFAL,places,en,288,26.932030150000003,75.8288695,26.9323604,75.82667839999999,0,jai,Jaipur,2026-08-31T09:11:45.046344Z
ChIJuwUrjEixbTkRblpTV2afq_o,Hari Dosa Ghar,places,en,288,26.932030150000003,75.8288695,26.9323796,75.82665159999999,0,jai,Jaipur,2026-08-31T09:11:45.046347Z
ChIJnb5nfwCxbTkRNJJPq1U0O7g,Dosa & Dough,places,en,288,26.932030150000003,75.8288695,26.9334012,75.82714090000002,0,jai,Jaipur,2026-08-31T09:11:45.046351Z
ChIJJUAGxPqxbTkRh2TznqBMczE,Hariom foods & shakes,places,en,288,26.932030150000003,75.8288695,26.932101199999998,75.8265103,0,jai,Jaipur,2026-08-31T09:11:45.046354Z
ChIJl6HQKd2xbTkR-F2KkooM7co,Natural hand made icecream,places,en,288,26.932030150000003,75.8288695,26.931510199999998,75.8265529,0,jai,Jaipur,2026-08-31T09:11:45.046357Z
ChIJqeGLzPSxbTkR2YoP1aKIrHk,GRS Lake View Cafe & Restaurant,places,en,288,26.932030150000003,75.8288695,26.9326215,75.8265862,0,jai,Jaipur,2026-08-31T09:11:45.046361Z
ChIJ3ZVDVA2xbTkRjNrgAdMxgv4,The Waffle Bite,places,en,288,26.932030150000003,75.8288695,26.9333759,75.8269568,0,jai,Jaipur,2026-08-31T09:11:45.046365Z
ChIJ7TGue62xbTkRCgjMlIi9rKI,Shri Nath Sweets & Chat Bhandar,places,en,288,26.932030150000003,75.8288695,26.9337976,75.8271871,0,jai,Jaipur,2026-08-31T09:11:45.046369Z
ChIJOTFEWxyxbTkR-cGhGoRX3VU,Rama Bhature Wala,places,en,288,26.932030150000003,75.8288695,26.9337077,75.8270296,0,jai,Jaipur,2026-08-31T09:11:45.046372Z
ChIJmZ0k40ixbTkRF2QPNvjqlJ8,Ghasi Maharaj Halwai,places,en,288,26.932030150000003,75.8288695,26.930819099999997,75.8264621,0,jai,Jaipur,2026-08-31T09:11:45.046375Z
ChIJpT5SWsuzbTkRhnlQrVQ_Qv0,Hemraj Kirana Store,places,en,289,26.973289649999998,75.75324090000001,26.973080699999997,75.75420969999999,0,jai,Jaipur,2026-08-31T09:11:45.391407Z
ChIJL7wWOLmzbTkRIq6xrJaHFXk,Bagra ji cafe house,places,en,289,26.973289649999998,75.75324090000001,26.9742192,75.7531595,0,jai,Jaipur,2026-08-31T09:11:45.391433Z
ChIJ4a1uUaezbTkRf6oXeTgGCN8,AB'S Healthy Food,places,en,289,26.973289649999998,75.75324090000001,26.9749546,75.753569,0,jai,Jaipur,2026-08-31T09:11:45.391440Z
ChIJO6AsOgCzbTkR2WaozPxV3GE,CHATPATE CORNER,places,en,289,26.973289649999998,75.75324090000001,26.9752159,75.75375989999999,0,jai,Jaipur,2026-08-31T09:11:45.391445Z
ChIJVR3etqyzbTkRB7SCkkK0fJM,MARWADI RESTAURANT AND,places,en,289,26.973289649999998,75.75324090000001,26.9734709,75.7510097,0,jai,Jaipur,2026-08-31T09:11:45.391451Z
ChIJ7Q0bRfCybTkRy3ASH14SCds,बन्ना जी का ढाबा वेज & नोनवेज,places,en,289,26.973289649999998,75.75324090000001,26.9738178,75.7508307,0,jai,Jaipur,2026-08-31T09:11:45.391455Z
ChIJm_Q7dwCzbTkRt6-NSES8gO8,Sharma Ji Food Services,places,en,289,26.973289649999998,75.75324090000001,26.972704399999998,75.75078640000001,0,jai,Jaipur,2026-08-31T09:11:45.391459Z
ChIJaQLFcfCybTkRzL_zYhXfjZI,जोधपुर स्वीट होम,places,en,289,26.973289649999998,75.75324090000001,26.9724628,75.75072,0,jai,Jaipur,2026-08-31T09:11:45.391464Z
ChIJiX03SyqzbTkRztSG-T1Dmk0,Anita's Kitchen,places,en,289,26.973289649999998,75.75324090000001,26.9733229,75.756159,0,jai,Jaipur,2026-08-31T09:11:45.391469Z
ChIJlwD3PV6zbTkRptZochk4Kbg,Radha Govind Restaurant,places,en,289,26.973289649999998,75.75324090000001,26.9722513,75.7505809,0,jai,Jaipur,2026-08-31T09:11:45.391474Z
ChIJNYCmNW2zbTkRA79oOMBYEV8,Anpurna Hotel,places,en,290,26.953156800000002,75.71778655,26.9539823,75.7188517,0,jai,Jaipur,2026-08-31T09:11:45.756080Z
ChIJJeMxM36zbTkRXVRdBxFEo3A,Shreeju tiffin center,places,en,290,26.953156800000002,75.71778655,26.9533992,75.71559719999999,0,jai,Jaipur,2026-08-31T09:11:45.756106Z
ChIJ8WhLPMqzbTkRxXmOZXBgLzg,Hocco Ice Cream Parlour,places,en,290,26.953156800000002,75.71778655,26.950969999999998,75.7178314,0,jai,Jaipur,2026-08-31T09:11:45.756112Z
ChIJzcxt_UezbTkRtfCjOxV_7I4,BINDAAS BITES,places,en,290,26.953156800000002,75.71778655,26.952468399999997,75.7201592,0,jai,Jaipur,2026-08-31T09:11:45.756118Z
ChIJxXZWS5i3bTkRr4fFZcTLi50,Noratan Dal pakwan,places,en,293,26.9159011,75.8249506,26.9155832,75.8251142,0,jai,Jaipur,2026-08-31T09:11:46.913847Z
ChIJWwPHpba2bTkRgc9Q9UXVbsU,शाती होम डेकोर,places,en,293,26.9159011,75.8249506,26.9155955,75.8251913,0,jai,Jaipur,2026-08-31T09:11:46.913873Z
ChIJI3XIpba2bTkRhd4PzoJ6T7E,पंजाबी तड़का ढ़ाबा,places,en,293,26.9159011,75.8249506,26.915593,75.82520579999999,0,jai,Jaipur,2026-08-31T09:11:46.913878Z
ChIJ4cCpKre3bTkReuK8UvxG8KM,Gulabi nagar dhaba,places,en,293,26.9159011,75.8249506,26.915495399999998,75.82540139999999,0,jai,Jaipur,2026-08-31T09:11:46.913882Z
ChIJeUwMtLa2bTkR2sVT1_s__GM,Rituraj Tikkiwal,places,en,293,26.9159011,75.8249506,26.9151157,75.82498290000001,0,jai,Jaipur,2026-08-31T09:11:46.913886Z
ChIJBX5QsLa2bTkRHmh4I8LVeRk,BMB - Bombay Misthan Bhandar - Sanganeri Gate,places,en,293,26.9159011,75.8249506,26.9150681,75.82492669999999,0,jai,Jaipur,2026-08-31T09:11:46.913890Z
ChIJPSaFGrS2bTkRLZCGhQZsbuM,Famous Jain Fresh Hare Chole Bhandar,places,en,293,26.9159011,75.8249506,26.9167167,75.8252371,0,jai,Jaipur,2026-08-31T09:11:46.913893Z
ChIJZa7hD7S2bTkR2VtMg9g8o5w,Fresh Taja Chole Bhandar,places,en,293,26.9159011,75.8249506,26.916803400000003,75.8252522,0,jai,Jaipur,2026-08-31T09:11:46.913897Z
ChIJeUnnOCG3bTkRD8PD6RzKcDY,Guru Kripa Prakash Dhaba,places,en,293,26.9159011,75.8249506,26.9149662,75.8251494,0,jai,Jaipur,2026-08-31T09:11:46.913900Z
ChIJo6TJE023bTkR9H7XgRtxIXo,Shree Balaji pavitra bhojnaly,places,en,293,26.9159011,75.8249506,26.9149216,75.82543729999999,0,jai,Jaipur,2026-08-31T09:11:46.913904Z
ChIJwc9DIyW3bTkRBuA52bnfbIk,DIP BANGALI FOOD CENTRE,places,en,293,26.9159011,75.8249506,26.916575299999998,75.8260478,0,jai,Jaipur,2026-08-31T09:11:46.913907Z
ChIJ2-qw8LO2bTkRTWcAUUvQgko,Chauhan Restaurant,places,en,293,26.9159011,75.8249506,26.91669,75.82394,0,jai,Jaipur,2026-08-31T09:11:46.913910Z
ChIJex3B6OC3bTkREbHR6DZaD8E,Narayan matar bhandar,places,en,293,26.9159011,75.8249506,26.9170898,75.82554999999999,0,jai,Jaipur,2026-08-31T09:11:46.913914Z
ChIJTxCiuLa2bTkRbvCxmMc5VLE,VOLGA RESTAURANT & BAR,places,en,293,26.9159011,75.8249506,26.9146456,75.8253575,0,jai,Jaipur,2026-08-31T09:11:46.913917Z
ChIJjdcTyba2bTkReqWuRGAoCzk,Chandra Mahal Restaurant,places,en,293,26.9159011,75.8249506,26.914317999999998,75.82481899999999,0,jai,Jaipur,2026-08-31T09:11:46.913920Z
ChIJH4-7xba2bTkRJNxArSyinME,Delicious Kitchen,places,en,293,26.9159011,75.8249506,26.9141138,75.8251844,0,jai,Jaipur,2026-08-31T09:11:46.913928Z
ChIJZeA9jLa2bTkRek3lIWpqBlY,Hotel Jypore,places,en,293,26.9159011,75.8249506,26.9151074,75.8268149,0,jai,Jaipur,2026-08-31T09:11:46.913932Z
ChIJvdvYO_O3bTkRqEiLk9rU3EI,Shree Ganesh Mishthan Bhandar,places,en,293,26.9159011,75.8249506,26.9176443,75.8259588,0,jai,Jaipur,2026-08-31T09:11:46.913935Z
ChIJ1Ru8QbS2bTkRdkV3S_rc8DE,GOPI RAM GAJAK WALE,places,en,293,26.9159011,75.8249506,26.917734600000003,75.82598949999999,0,jai,Jaipur,2026-08-31T09:11:46.913938Z
ChIJk5OA0La2bTkRxVcQM54lOuQ,Zehra Take Away,places,en,293,26.9159011,75.8249506,26.913675899999998,75.8250537,0,jai,Jaipur,2026-08-31T09:11:46.913942Z
ChIJHeC6hJ21bTkR-_gkRWk0orM,Suratwala,places,en,294,26.83994225,75.77702485,26.8411439,75.7759706,0,jai,Jaipur,2026-08-31T09:11:47.301041Z
ChIJXQ7dCbi1bTkRnA39_yKXbKU,Rajwada Rasoi,places,en,294,26.83994225,75.77702485,26.8411454,75.7759159,0,jai,Jaipur,2026-08-31T09:11:47.301059Z
ChIJ--F-NQC1bTkR83Yvz-jFqoU,Fun kingdom khao gali,places,en,294,26.83994225,75.77702485,26.838439899999997,75.7779449,0,jai,Jaipur,2026-08-31T09:11:47.301064Z
ChIJuZTJpVe3bTkROGbBCkGZQBc,The I m Vadapav and more,places,en,294,26.83994225,75.77702485,26.8397299,75.7748677,0,jai,Jaipur,2026-08-31T09:11:47.301068Z
ChIJVxSu_M21bTkRkZ38_joIsoI,The Kulcha Cafe,places,en,294,26.83994225,75.77702485,26.8398151,75.7747387,0,jai,Jaipur,2026-08-31T09:11:47.301072Z
ChIJzbIWTv61bTkR9HGgYrUecCs,Satvik Multi-Cuisine Kitchen,places,en,294,26.83994225,75.77702485,26.8398209,75.7747103,0,jai,Jaipur,2026-08-31T09:11:47.301075Z
ChIJL3W-NgC1bTkRQX9yChU05N0,Hotel the heeraj,places,en,294,26.83994225,75.77702485,26.8411519,75.775032,0,jai,Jaipur,2026-08-31T09:11:47.301078Z
ChIJBb3QpG61bTkRd3DxC9-lYwI,Dal Bati Churma,places,en,294,26.83994225,75.77702485,26.839389999999998,75.7746949,0,jai,Jaipur,2026-08-31T09:11:47.301082Z
ChIJWV5LEgC1bTkRCm-l-nvgmYw,Maa annpurna Pavitra bhojnalaya and shai sabji wala,places,en,294,26.83994225,75.77702485,26.8420107,75.77766810000001,0,jai,Jaipur,2026-08-31T09:11:47.301085Z
ChIJTwfm3qO1bTkRrR58B_8Hpl0,The Good Bowl,places,en,294,26.83994225,75.77702485,26.842171999999998,75.7762621,0,jai,Jaipur,2026-08-31T09:11:47.301088Z
ChIJNVGFNQC1bTkR9h5xijK_AEQ,PURVI SPECIAL SOUTH INDIAN IDLI SAMBHAR,places,en,294,26.83994225,75.77702485,26.8422624,75.77756,0,jai,Jaipur,2026-08-31T09:11:47.301091Z
ChIJ1-fFyW21bTkRnM-YefvRLPQ,Sky Home's tiffin center,places,en,294,26.83994225,75.77702485,26.837644899999997,75.775863,0,jai,Jaipur,2026-08-31T09:11:47.301094Z
ChIJb2r_FS61bTkRhdyxeJHIp8Y,Deep Tiffin Service,places,en,294,26.83994225,75.77702485,26.8391904,75.77416190000001,0,jai,Jaipur,2026-08-31T09:11:47.301097Z
ChIJF6yL59K1bTkRz_K35GmPPjs,Indira Rasoi,places,en,295,26.88655845,75.7979854,26.8854883,75.7976683,0,jai,Jaipur,2026-08-31T09:11:47.670845Z
ChIJw7ooZ_K1bTkR8nUOOKiD400,Swad Pavitra Bhojanalay,places,en,295,26.88655845,75.7979854,26.8857909,75.79659529999999,0,jai,Jaipur,2026-08-31T09:11:47.670861Z
ChIJZwDuS4i1bTkRv7fANKhqFXg,Arjun Egg Center,places,en,295,26.88655845,75.7979854,26.8860295,75.7963518,0,jai,Jaipur,2026-08-31T09:11:47.670866Z
ChIJdzinG3W3bTkRSly-xAvRHSo,Momos tadka,places,en,295,26.88655845,75.7979854,26.8860016,75.7963458,0,jai,Jaipur,2026-08-31T09:11:47.670870Z
ChIJ5T5BqN21bTkRAHPYdE072xg,Meena golgappe puri,places,en,295,26.88655845,75.7979854,26.8859328,75.7963511,0,jai,Jaipur,2026-08-31T09:11:47.670873Z
ChIJU0I44Ju1bTkRODsqyyADcfQ,DANCI ENTERPRISES,places,en,295,26.88655845,75.7979854,26.884862,75.7985534,0,jai,Jaipur,2026-08-31T09:11:47.670877Z
ChIJyxjI7wi1bTkRsjlFu-vv2cE,Flavours Cafe Lal kothi jaipur,places,en,295,26.88655845,75.7979854,26.885878599999998,75.7960004,0,jai,Jaipur,2026-08-31T09:11:47.670880Z
ChIJW0EvfCW0bTkRjc6ZTf6Fmf4,पंजाबी चस्का ढ़ावा,places,en,295,26.88655845,75.7979854,26.8846456,75.7977997,0,jai,Jaipur,2026-08-31T09:11:47.670883Z
ChIJsbzMLyW0bTkRuZaHLqcvbzc,Doodh Misthan Bhandar,places,en,295,26.88655845,75.7979854,26.886369700000003,75.79586189999999,0,jai,Jaipur,2026-08-31T09:11:47.670886Z
ChIJVWdNg6u1bTkRLNyP2v4kFII,Sharma Tiffin Center,places,en,295,26.88655845,75.7979854,26.887439,75.800483,0,jai,Jaipur,2026-08-31T09:11:47.670889Z
ChIJtf0G1CW0bTkRk1gWi3XqQrc,Sai baba tiffin centre,places,en,295,26.88655845,75.7979854,26.8872155,75.8007717,0,jai,Jaipur,2026-08-31T09:11:47.670892Z
ChIJM9rkcXG1bTkR6_wzas6jo-A,Lalaji Pavitra Bhojnyala,places,en,296,26.8576811,75.79537389999999,26.8576342,75.7954816,0,jai,Jaipur,2026-08-31T09:11:48.003002Z
ChIJc1SAK9u1bTkRPeXwUuJCLtk,Yadav Tea Stall,places,en,296,26.8576811,75.79537389999999,26.8580276,75.7956303,0,jai,Jaipur,2026-08-31T09:11:48.003016Z
ChIJARh3AAC1bTkRlxXn6Iar-1Y,A one Delhi soya chaap,places,en,296,26.8576811,75.79537389999999,26.857347599999997,75.79503509999999,0,jai,Jaipur,2026-08-31T09:11:48.003020Z
ChIJSc0y_bm1bTkRJlDI2VNcTqM,Dazzy Fast Food And Cafe,places,en,296,26.8576811,75.79537389999999,26.857530099999998,75.7948873,0,jai,Jaipur,2026-08-31T09:11:48.003024Z
ChIJEf75YQC1bTkR0pGMJCtSMkA,Bombay vada pav gujrati dabeli,places,en,296,26.8576811,75.79537389999999,26.857198399999998,75.79506769999999,0,jai,Jaipur,2026-08-31T09:11:48.003027Z
ChIJRzV8KsW1bTkRjZPLtiDpP7k,Hotel Yulia,places,en,296,26.8576811,75.79537389999999,26.8581821,75.7950953,0,jai,Jaipur,2026-08-31T09:11:48.003030Z
ChIJRZh8M9u1bTkRKPbb9S-U-sc,Govind Kripa Pavitra Bhojanalya,places,en,296,26.8576811,75.79537389999999,26.8571365,75.79554060000001,0,jai,Jaipur,2026-08-31T09:11:48.003032Z
ChIJc6Eu1Nq1bTkReAQMRPx-FOs,Krishna Restaurant,places,en,296,26.8576811,75.79537389999999,26.8585264,75.7956462,0,jai,Jaipur,2026-08-31T09:11:48.003036Z
ChIJ6dHwoxm1bTkR7YTP3rgHPe4,FUSION CHULA,places,en,296,26.8576811,75.79537389999999,26.8578352,75.79418,0,jai,Jaipur,2026-08-31T09:11:48.003038Z
ChIJD-2PoLm1bTkRE9zqztHhJgU,The night factory by silver chef,places,en,296,26.8576811,75.79537389999999,26.856538600000004,75.7952753,0,jai,Jaipur,2026-08-31T09:11:48.003041Z
ChIJpy5Mv4m1bTkR-eTOLn5FHLQ,Shri Vinayak Fast Food,places,en,296,26.8576811,75.79537389999999,26.8587641,75.7948366,0,jai,Jaipur,2026-08-31T09:11:48.003044Z
ChIJL-uVaau1bTkRIVu9l207izI,Starstud,places,en,296,26.8576811,75.79537389999999,26.8564218,75.7953129,0,jai,Jaipur,2026-08-31T09:11:48.003046Z
ChIJk6x-tQTKbTkRuQwI8BzY6RU,Jaina Idly Dosa Ghol Center,places,en,296,26.8576811,75.79537389999999,26.859072299999998,75.7957141,0,jai,Jaipur,2026-08-31T09:11:48.003049Z
ChIJQds9qbO1bTkRz057Rghbkts,Deepak Popcorn Center,places,en,296,26.8576811,75.79537389999999,26.8583239,75.79683860000002,0,jai,Jaipur,2026-08-31T09:11:48.003052Z
ChIJKZ6DQEe1bTkRDRL2IMp2I-k,Ashu Achar & Tiffen Centre,places,en,296,26.8576811,75.79537389999999,26.8569842,75.79707859999999,0,jai,Jaipur,2026-08-31T09:11:48.003054Z
ChIJMzaxmkG1bTkRdrXW3d_bW30,Let's Hangout,places,en,296,26.8576811,75.79537389999999,26.857687799999997,75.7930835,0,jai,Jaipur,2026-08-31T09:11:48.003057Z
ChIJgdE5MrK1bTkRLa1gtw0-0zo,Cafe Diona,places,en,296,26.8576811,75.79537389999999,26.855607,75.79528189999999,0,jai,Jaipur,2026-08-31T09:11:48.003060Z
ChIJIa2CX2m1bTkRdWG637fCysI,Unlock Restro & Lounge,places,en,296,26.8576811,75.79537389999999,26.8555685,75.7953217,0,jai,Jaipur,2026-08-31T09:11:48.003062Z
ChIJf2auchK1bTkRNfMTwdLoHN0,Andewalaz,places,en,296,26.8576811,75.79537389999999,26.8562999,75.7974239,0,jai,Jaipur,2026-08-31T09:11:48.003065Z
ChIJzZ8pdM-1bTkRbP_2MPPHjF4,Laziz Pizza,places,en,296,26.8576811,75.79537389999999,26.8600122,75.7954364,0,jai,Jaipur,2026-08-31T09:11:48.003068Z
ChIJr5QrpFy1bTkRZTZ6CM5pSrA,Nagnechi Sweets,places,en,299,26.91133195,75.78132360000001,26.910496,75.7808692,0,jai,Jaipur,2026-08-31T09:11:50.098947Z
ChIJgdAApdS1bTkRExhASKUMewY,The chatkara,places,en,299,26.91133195,75.78132360000001,26.910129599999998,75.78090060000001,0,jai,Jaipur,2026-08-31T09:11:50.098965Z
ChIJm8b2OD-1bTkR0ztZWiCj0jU,Orbit Club Restro & Bar,places,en,299,26.91133195,75.78132360000001,26.910039299999998,75.78074269999999,0,jai,Jaipur,2026-08-31T09:11:50.098969Z
ChIJrU2BI9m1bTkRxO5z8K6NSD8,Bharat Bafla Bati,places,en,299,26.91133195,75.78132360000001,26.910199799999997,75.7822667,0,jai,Jaipur,2026-08-31T09:11:50.098972Z
ChIJ45g7OgK1bTkRESXp5DcoNgs,Riddhi Siddhi fast food & restaurant,places,en,299,26.91133195,75.78132360000001,26.9104068,75.782522,0,jai,Jaipur,2026-08-31T09:11:50.098975Z
ChIJCWwNvaS1bTkREFICnKNASng,ASKS Food Junction,places,en,299,26.91133195,75.78132360000001,26.9108569,75.7828978,0,jai,Jaipur,2026-08-31T09:11:50.098977Z
ChIJ2d4omRS1bTkRPyUpueLe3xk,JOGANIYA RESTAURANT,places,en,299,26.91133195,75.78132360000001,26.9099275,75.7807433,0,jai,Jaipur,2026-08-31T09:11:50.098980Z
ChIJuSkuUAC1bTkR7YssM56tbDo,Radhe Food Court,places,en,299,26.91133195,75.78132360000001,26.910031999999998,75.7803472,0,jai,Jaipur,2026-08-31T09:11:50.098982Z
ChIJmanjc621bTkRx_MR3-aIOlw,KAHNA CAFE AND RESTAURANT,places,en,299,26.91133195,75.78132360000001,26.9097571,75.781193,0,jai,Jaipur,2026-08-31T09:11:50.098984Z
ChIJYzdcbXm1bTkR31amtioemZY,BPC,places,en,299,26.91133195,75.78132360000001,26.9098656,75.7804479,0,jai,Jaipur,2026-08-31T09:11:50.098986Z
ChIJI-a3DnO0bTkRZcddBGOiEeE,Jai Bhole Tea Corner,places,en,299,26.91133195,75.78132360000001,26.9096644,75.7811383,0,jai,Jaipur,2026-08-31T09:11:50.098989Z
ChIJ05ApKP-1bTkRfRDLro_0kCM,Sanjana tiffin service,places,en,299,26.91133195,75.78132360000001,26.910083699999998,75.7797628,0,jai,Jaipur,2026-08-31T09:11:50.098992Z
ChIJmcBtV4O1bTkRYeb254MGN-o,Jagdamba Hotal Ramthala,places,en,299,26.91133195,75.78132360000001,26.9094791,75.781723,0,jai,Jaipur,2026-08-31T09:11:50.098994Z
ChIJSd3pT6S1bTkRQBZ0zCaD7vg,Chotu egg center,places,en,299,26.91133195,75.78132360000001,26.909417400000002,75.7815002,0,jai,Jaipur,2026-08-31T09:11:50.098996Z
ChIJE4ChguUTbDkRBF8ae1jWhyw,वीर गुर्जर रेस्टोरेन्ट,places,en,303,26.688236600000003,75.23228795,26.6868552,75.2332984,0,jai,Jaipur,2026-08-31T09:11:51.519760Z
ChIJaZf8YzrJbTkR18d54UnYJcw,जगदम्बा कैफे,places,en,307,26.751768900000002,75.84144979999999,26.7512198,75.83853529999999,0,jai,Jaipur,2026-08-31T09:11:53.130367Z
ChIJZcPJrQfJbTkRU8W1wajqQGE,Dhanvi Home Flavors,places,en,310,26.7960555,75.87162075,26.795626600000002,75.8713011,0,jai,Jaipur,2026-08-31T09:11:55.009801Z
ChIJh-frLVjJbTkRHq-1WrU3Rhs,Shakti Fast Food & Tiffin Center,places,en,310,26.7960555,75.87162075,26.7972301,75.8716793,0,jai,Jaipur,2026-08-31T09:11:55.009825Z
ChIJX5wIeNrJbTkR8MMqCxX75wc,Bunny's Kitchen,places,en,310,26.7960555,75.87162075,26.7970725,75.8703412,0,jai,Jaipur,2026-08-31T09:11:55.009831Z
ChIJv9McS7jJbTkR5IjRTgHKgIs,Rajeev Mahajan,places,en,310,26.7960555,75.87162075,26.7963056,75.8699318,0,jai,Jaipur,2026-08-31T09:11:55.009836Z
ChIJVWQY3l_JbTkRgPz-YXE8z7I,Momo Junction 14,places,en,310,26.7960555,75.87162075,26.7975645,75.8709868,0,jai,Jaipur,2026-08-31T09:11:55.009840Z
ChIJ3d2IHSPJbTkRL-MouEatfFI,Shyam Sarovar Dhaba,places,en,310,26.7960555,75.87162075,26.7974399,75.8705075,0,jai,Jaipur,2026-08-31T09:11:55.009843Z
ChIJv1rWc5TJbTkRzZ6UzHawZuk,Shri Krishna Bhog,places,en,310,26.7960555,75.87162075,26.797275499999998,75.87023789999999,0,jai,Jaipur,2026-08-31T09:11:55.009847Z
ChIJScshreLJbTkR1P36g6ITXw0,Mandora's Restaurant,places,en,310,26.7960555,75.87162075,26.797531900000003,75.8705588,0,jai,Jaipur,2026-08-31T09:11:55.009851Z
ChIJ7cAMUdvJbTkR1uGvcgPX35A,Shree Ram Dhaba,places,en,310,26.7960555,75.87162075,26.7969331,75.869872,0,jai,Jaipur,2026-08-31T09:11:55.009854Z
ChIJ41L1SvHJbTkRubJtg86b70g,Shree Radhe Govind Dhabha,places,en,310,26.7960555,75.87162075,26.7974748,75.87020059999999,0,jai,Jaipur,2026-08-31T09:11:55.009857Z
ChIJPyC6WXzJbTkR9uop0RKzLtU,Laxman Dhar,places,en,310,26.7960555,75.87162075,26.797855799999997,75.8703432,0,jai,Jaipur,2026-08-31T09:11:55.009861Z
ChIJ96qcUgDJbTkRkDKl4Zy2sM0,"Nothing Before Coffee - Ram Nagariya South, Jaipur",places,en,310,26.7960555,75.87162075,26.7982221,75.87001479999999,0,jai,Jaipur,2026-08-31T09:11:55.009865Z
ChIJ-5NaTwDJbTkRKgH3Pw1haGQ,Om Shiv Shakti dhaba,places,en,310,26.7960555,75.87162075,26.798643199999997,75.8707563,0,jai,Jaipur,2026-08-31T09:11:55.009868Z
ChIJObbnW5rFbTkR2NGS0uK5N-8,Yuvraj Singh,places,en,312,26.700546799999998,75.91137155000001,26.7000025,75.9118355,0,jai,Jaipur,2026-08-31T09:11:55.725304Z
ChIJxdbyCgCtbTkRdFkQ4vjoxLk,लक्की पतासी सेंटर,places,en,314,27.0608425,75.76764084999999,27.060382399999998,75.7677862,0,jai,Jaipur,2026-08-31T09:11:56.582715Z
ChIJ5VRgv-HJbTkRMzMqme4hntI,Alishaa & Aishaa's Kitchen,places,en,316,26.8137367,75.8256045,26.813367600000003,75.8250254,0,jai,Jaipur,2026-08-31T09:11:57.295216Z
ChIJVwqqxnbJbTkR-SpK0wF4RzE,Mitikaa's kitchen,places,en,316,26.8137367,75.8256045,26.814026899999998,75.8247059,0,jai,Jaipur,2026-08-31T09:11:57.295244Z
ChIJV7ahnFvJbTkR7mVpyoubsgE,HOUSE OF TANDOOR (H.O.T.),places,en,316,26.8137367,75.8256045,26.813161599999997,75.8238436,0,jai,Jaipur,2026-08-31T09:11:57.295250Z
ChIJ-axr_lDJbTkR_CYrQnqHq6A,Ramesh Tea Stall,places,en,316,26.8137367,75.8256045,26.8134248,75.8229398,0,jai,Jaipur,2026-08-31T09:11:57.295257Z
ChIJNVwhTGfJbTkR4VNuTRuUQMk,Vineet Fast food,places,en,316,26.8137367,75.8256045,26.8131058,75.8230055,0,jai,Jaipur,2026-08-31T09:11:57.295261Z
ChIJ3xsM6VHJbTkRxmepy9JI7qQ,PANJABI TADKA RESTAURANT,places,en,316,26.8137367,75.8256045,26.813274999999997,75.8228343,0,jai,Jaipur,2026-08-31T09:11:57.295265Z
ChIJ3VFN2gvJbTkR4Gkx9I5AAXg,GreenTheory,places,en,316,26.8137367,75.8256045,26.8153743,75.8278354,0,jai,Jaipur,2026-08-31T09:11:57.295270Z
ChIJ14HxAwDJbTkRhphl2simo88,Vikash,places,en,316,26.8137367,75.8256045,26.815259599999997,75.8279833,0,jai,Jaipur,2026-08-31T09:11:57.295274Z
ChIJ5SbADACzbTkRF3LC7uxbKMs,Shri Balaji restaurant,places,en,317,27.005345900000002,75.80210015,27.004993199999998,75.8043489,0,jai,Jaipur,2026-08-31T09:11:57.716975Z
ChIJDRzb63CtbTkR6G9BBOWi-AY,Ankush Panipuri Center,places,en,320,27.0881727,75.74220935,27.0880935,75.7425279,0,jai,Jaipur,2026-08-31T09:11:58.856951Z
ChIJW0o_gpmsbTkRrdBA4j7FSJU,HOTEL Indrajeet Restaurant,places,en,320,27.0881727,75.74220935,27.0888143,75.74243129999999,0,jai,Jaipur,2026-08-31T09:11:58.856979Z
ChIJdSHVZDqtbTkR_x3kTykDwZg,Nemichand & Sons,places,en,320,27.0881727,75.74220935,27.087393199999998,75.74300869999999,0,jai,Jaipur,2026-08-31T09:11:58.856986Z
ChIJX5aqzd6tbTkR3QDGOwSlmf8,Jai Bajarang Chat Center,places,en,320,27.0881727,75.74220935,27.0896846,75.7415864,0,jai,Jaipur,2026-08-31T09:11:58.856990Z
ChIJIynHV0KtbTkRoyAAfGFFjoM,Annapoorna Highway Treats,places,en,320,27.0881727,75.74220935,27.0860083,75.7438482,0,jai,Jaipur,2026-08-31T09:11:58.856995Z
ChIJlUIWI5msbTkRoLxhM8IeqvY,JAI BAJRANG HOTEL AND RESTAURANT,places,en,320,27.0881727,75.74220935,27.090500499999997,75.74068419999999,0,jai,Jaipur,2026-08-31T09:11:58.856999Z
ChIJzXh6rIyybTkRuF6-PgB8vq4,सिंघल पोटोज,places,en,321,26.98514935,75.7519317,26.983898999999997,75.754196,0,jai,Jaipur,2026-08-31T09:11:59.328236Z
ChIJ2yEiJbnPbTkRx5dDu3JnXho,Bharti Kumari,places,en,322,26.74314575,75.8742235,26.74127,75.8728133,0,jai,Jaipur,2026-08-31T09:11:59.728811Z
ChIJ3TfFTQ21bTkRk54wFsM52dY,Mukesh Tea Stall,places,en,325,26.86630305,75.75152415,26.8660171,75.7534384,0,jai,Jaipur,2026-08-31T09:12:00.938794Z
ChIJpR6iOAi1bTkRcnfo86u_yjs,The Boti House,places,en,325,26.86630305,75.75152415,26.8661355,75.7536353,0,jai,Jaipur,2026-08-31T09:12:00.938822Z
ChIJ1zGhcwO1bTkRNA_lUdzHcEE,Hotel Maharani Resorts,places,en,325,26.86630305,75.75152415,26.8639342,75.75110409999999,0,jai,Jaipur,2026-08-31T09:12:00.938828Z
ChIJYcELecG1bTkRIX3QZSP76Hs,Re Kitchen And Bar,places,en,325,26.86630305,75.75152415,26.863711300000002,75.7510942,0,jai,Jaipur,2026-08-31T09:12:00.938833Z
ChIJ2VsT5dfLbTkRMiJR8dX4huc,Agrawal Sweets,places,en,328,26.8189612,75.76470825,26.8192022,75.76553369999999,0,jai,Jaipur,2026-08-31T09:12:02.059519Z
ChIJP1mbcxnLbTkRoz9Sl08xfIQ,Royal wings cafe & restaurant,places,en,328,26.8189612,75.76470825,26.8195813,75.76409269999999,0,jai,Jaipur,2026-08-31T09:12:02.059546Z
ChIJcXiRXADLbTkRaW1K0W7GiT8,ISKCON Mandir,places,en,328,26.8189612,75.76470825,26.8191177,75.7659314,0,jai,Jaipur,2026-08-31T09:12:02.059553Z
ChIJL6TGYwDLbTkR0GpO2rqgvHE,Ashish jaipur,places,en,328,26.8189612,75.76470825,26.8191177,75.7659314,0,jai,Jaipur,2026-08-31T09:12:02.059560Z
ChIJY7wSJnzLbTkRSOLh8Uggbp0,juned chicken biryani,places,en,328,26.8189612,75.76470825,26.8191177,75.7659314,0,jai,Jaipur,2026-08-31T09:12:02.059565Z
ChIJqc-_VY_LbTkR2QLgzfnFDOs,The Flavours of Delhi,places,en,328,26.8189612,75.76470825,26.8191177,75.7659314,0,jai,Jaipur,2026-08-31T09:12:02.059571Z
ChIJWynwFQDLbTkR2LJE03HJkPA,साईं स्वाद दोसा जयपुर,places,en,328,26.8189612,75.76470825,26.8191177,75.7659314,0,jai,Jaipur,2026-08-31T09:12:02.059576Z
ChIJtVVh8bbLbTkRKuTZoVbOZC8,Delhi Juice,places,en,328,26.8189612,75.76470825,26.819714100000002,75.7634508,0,jai,Jaipur,2026-08-31T09:12:02.059582Z
ChIJp8qVMgDLbTkRWZKhweH1l64,Monu,places,en,328,26.8189612,75.76470825,26.8197205,75.7659584,0,jai,Jaipur,2026-08-31T09:12:02.059587Z
ChIJt8W3-ILLbTkRJg5FQ8Hcypw,chacha bhatija pudi sabji bhandar,places,en,328,26.8189612,75.76470825,26.820039700000002,75.763142,0,jai,Jaipur,2026-08-31T09:12:02.059592Z
ChIJ8zg2T3nKbTkRvgc1mp2isUY,सैनी मिष्ठान भण्डार,places,en,328,26.8189612,75.76470825,26.8189106,75.76684999999999,0,jai,Jaipur,2026-08-31T09:12:02.059598Z
ChIJz_pB_w-1bTkRQwFiQMW00zo,RISHABH PANWAR,places,en,328,26.8189612,75.76470825,26.8200526,75.7668743,0,jai,Jaipur,2026-08-31T09:12:02.059603Z
ChIJTRgoUEHLbTkRC8Xd33ZN_EU,Lankesh Kumar,places,en,328,26.8189612,75.76470825,26.8189878,75.7672151,0,jai,Jaipur,2026-08-31T09:12:02.059609Z
ChIJCTM3s3_KbTkRSprNl8VtoVs,A Family Restaurant Bholenath Veg. Restro.,places,en,328,26.8189612,75.76470825,26.820324499999998,75.7623157,0,jai,Jaipur,2026-08-31T09:12:02.059614Z
ChIJP2g3IIjLbTkRNJax3xoWZ2Q,Bhole Nath Pav Bhaji,places,en,328,26.8189612,75.76470825,26.8203046,75.76228139999999,0,jai,Jaipur,2026-08-31T09:12:02.059619Z
ChIJE6_cQnnKbTkR8FGxgm8nBgc,Sahu Juice and Gajak,places,en,328,26.8189612,75.76470825,26.8187196,75.7675342,0,jai,Jaipur,2026-08-31T09:12:02.059624Z
ChIJ0yPppnvJbTkR-SSajyUR7AQ,tiffin centre Meena,places,en,333,26.7726482,75.82180635,26.7739216,75.8222372,0,jai,Jaipur,2026-08-31T09:12:04.017606Z
ChIJp28hUkbJbTkRhXEgIgNh468,Shree Shyam Tiffin Center,places,en,334,26.8015161,75.8702627,26.8008198,75.8701839,0,jai,Jaipur,2026-08-31T09:12:04.449161Z
ChIJ3zo8SADJbTkRcoSHXhxSD0U,Shree khatu shyam resturant,places,en,334,26.8015161,75.8702627,26.8002915,75.87160109999999,0,jai,Jaipur,2026-08-31T09:12:04.449197Z
ChIJXXma87_JbTkRliUNJmqdDlM,Funovita - Game Zone & Restaurant,places,en,334,26.8015161,75.8702627,26.799671,75.8698196,0,jai,Jaipur,2026-08-31T09:12:04.449205Z
ChIJ95FdRpvJbTkRgELCbZ8cJnw,Rodizio,places,en,334,26.8015161,75.8702627,26.799512,75.87079109999999,0,jai,Jaipur,2026-08-31T09:12:04.449209Z
ChIJI_XUEwDJbTkRHJKqcn6_3Ew,Mahakal special tikkad,places,en,334,26.8015161,75.8702627,26.802184999999998,75.87245829999999,0,jai,Jaipur,2026-08-31T09:12:04.449214Z
ChIJ28pkXLPJbTkReFuClL4FePw,Vegetrainian Jagatpura,places,en,334,26.8015161,75.8702627,26.803326499999997,75.8717319,0,jai,Jaipur,2026-08-31T09:12:04.449218Z
ChIJgXx8gz3JbTkR46JdVWdFA4g,Dorothea Cafe & Brewery,places,en,334,26.8015161,75.8702627,26.8028649,75.8724222,0,jai,Jaipur,2026-08-31T09:12:04.449223Z
ChIJNZNG2PbJbTkROO-lAE8XpyE,Ija ki rasoi,places,en,334,26.8015161,75.8702627,26.8038641,75.8691453,0,jai,Jaipur,2026-08-31T09:12:04.449227Z
ChIJj8UDaEvJbTkRrVwDwuPOsX0,STAR KING,places,en,334,26.8015161,75.8702627,26.803297,75.8724206,0,jai,Jaipur,2026-08-31T09:12:04.449232Z
ChIJ2wLNXxfJbTkRYZIQUHQz2lA,North East Vibes (Momos & Pasta),places,en,334,26.8015161,75.8702627,26.799253399999998,75.8686517,0,jai,Jaipur,2026-08-31T09:12:04.449236Z
ChIJzY1MNgDJbTkRvZBnXYKxAaQ,Annapurna nashta center,places,en,334,26.8015161,75.8702627,26.8033404,75.87244199999999,0,jai,Jaipur,2026-08-31T09:12:04.449241Z
ChIJnxXSfVVNbDkRUWSYAbrPNYA,DREAM BAKERS,places,en,336,26.9145537,75.71226419999999,26.9155847,75.7126402,0,jai,Jaipur,2026-08-31T09:12:05.152685Z
ChIJpSLxRgBNbDkRy_XdsIzCw4U,Gannu ka ghar,places,en,336,26.9145537,75.71226419999999,26.914005,75.7136744,0,jai,Jaipur,2026-08-31T09:12:05.152717Z
ChIJyR7NcVNNbDkRHIx2kqCAZNs,Mother's kitchen,places,en,336,26.9145537,75.71226419999999,26.9153262,75.71409469999999,0,jai,Jaipur,2026-08-31T09:12:05.152725Z
ChIJkdXTgDy1bTkRiaxtMEFPZpA,AJAD TEA AND RESTURANT,places,en,337,26.8939652,75.71948135,26.893494900000004,75.7188482,0,jai,Jaipur,2026-08-31T09:12:05.625511Z
ChIJ7xdoaRe1bTkR7JhkWrHcpLw,TREETS OF BIRYANI (TOB) RESTAURANT'S,places,en,337,26.8939652,75.71948135,26.8939755,75.7205882,0,jai,Jaipur,2026-08-31T09:12:05.625538Z
ChIJ8Y1LTLG0bTkReT0el86c7uc,रॉयल राजस्थान तड़का,places,en,337,26.8939652,75.71948135,26.894063,75.7206284,0,jai,Jaipur,2026-08-31T09:12:05.625547Z
ChIJGTjEDrS0bTkRYbJtqvV6S80,श्री श्याम फास्ट फुड कॉर्नर,places,en,337,26.8939652,75.71948135,26.8931987,75.7187324,0,jai,Jaipur,2026-08-31T09:12:05.625553Z
ChIJ201-ErS0bTkRNVhWTu2g7vc,जाजोरिय अनाज भंडार,places,en,337,26.8939652,75.71948135,26.892855299999997,75.7184398,0,jai,Jaipur,2026-08-31T09:12:05.625558Z
ChIJCeQVRAC1bTkRnPhcOBz1tCs,Shree Saawariya fast food,places,en,337,26.8939652,75.71948135,26.8951241,75.7183166,0,jai,Jaipur,2026-08-31T09:12:05.625564Z
ChIJjQxvFLS0bTkRd5tDkqIcSk8,युवंशी फुटवियर,places,en,337,26.8939652,75.71948135,26.892448599999998,75.71850979999999,0,jai,Jaipur,2026-08-31T09:12:05.625569Z
ChIJbX1uQq61bTkRb27nwVED0Tk,Aanch Restaurant (Veg & Non Veg),places,en,337,26.8939652,75.71948135,26.8951663,75.7178096,0,jai,Jaipur,2026-08-31T09:12:05.625574Z
ChIJXQb1PYe1bTkRabDItZHsYn8,MK3 Restaurant,places,en,337,26.8939652,75.71948135,26.8951645,75.71776609999999,0,jai,Jaipur,2026-08-31T09:12:05.625580Z
ChIJfxOof_u1bTkRIF1MrP6-oV4,Guru Chai Over,places,en,337,26.8939652,75.71948135,26.891906499999997,75.7202278,0,jai,Jaipur,2026-08-31T09:12:05.625585Z
ChIJJ8KVP7S0bTkRcYP_aLQDvEY,श्री राधे टेलीकॉट,places,en,337,26.8939652,75.71948135,26.8920247,75.7183486,0,jai,Jaipur,2026-08-31T09:12:05.625590Z
ChIJj4mJB2e1bTkRzBQdlAyAyOY,Shri Radhey Krishna Ji Cafe,places,en,337,26.8939652,75.71948135,26.891742999999998,75.7202964,0,jai,Jaipur,2026-08-31T09:12:05.625595Z
ChIJCWr_OgC1bTkR0EA4t7D3SIo,Shree balaji bhojnalaya,places,en,337,26.8939652,75.71948135,26.8916134,75.71964489999999,0,jai,Jaipur,2026-08-31T09:12:05.625600Z
ChIJox7aaAC1bTkRHXxuCgA9KPg,Shree balaji paratha &thali centre,places,en,337,26.8939652,75.71948135,26.891590100000002,75.7195746,0,jai,Jaipur,2026-08-31T09:12:05.625605Z
ChIJcX0ciZ61bTkRbPFGtydaCxQ,Chai Over Anything,places,en,337,26.8939652,75.71948135,26.8916579,75.72019139999999,0,jai,Jaipur,2026-08-31T09:12:05.625610Z
ChIJ2TbZUpW1bTkRRLEswMRadSI,New Santino's cafe & restaurant,places,en,337,26.8939652,75.71948135,26.892058,75.7211617,0,jai,Jaipur,2026-08-31T09:12:05.625617Z
ChIJwet_ObS0bTkRZOdZLr-r8AA,घावास गिफ्ट वाला,places,en,337,26.8939652,75.71948135,26.891629299999998,75.71860889999999,0,jai,Jaipur,2026-08-31T09:12:05.625622Z
ChIJqx6qO7S0bTkRq6jjh8e8aBs,Anand Sweets,places,en,337,26.8939652,75.71948135,26.8915993,75.71852799999999,0,jai,Jaipur,2026-08-31T09:12:05.625647Z
ChIJqwO5H1fabTkRPSETHUqUG08,Saini Restaurant Deepak Saini,places,en,339,26.6064772,75.93807015,26.605976899999998,75.93759159999999,0,jai,Jaipur,2026-08-31T09:12:06.361800Z
ChIJ5egsYCE4bDkRgs0m2srx1rg,शिव क्लिनिक,places,en,341,26.7692019,75.52174149999999,26.7711934,75.5218776,0,jai,Jaipur,2026-08-31T09:12:07.149511Z
ChIJiy3aKIqtbTkRR_6OG__iHfg,DABBA EXPRESS - Tiffin Services Jaipur,places,en,342,27.07320175,75.76518955,27.0712962,75.76621949999999,0,jai,Jaipur,2026-08-31T09:12:07.493156Z
ChIJg3uxJ3HpbTkRRte1SKUHPeE,VARNDAVAN HOTEL AND RESTORENT,places,en,343,26.742388050000002,76.15450705,26.7426574,76.1542288,0,jai,Jaipur,2026-08-31T09:12:07.844056Z
ChIJRVYQpa2zbTkRXK7IRPBzJSo,CHILL OUT,places,en,344,26.95839235,75.77047935,26.9587747,75.7699797,0,jai,Jaipur,2026-08-31T09:12:08.299394Z
ChIJt1DVNSyzbTkROIywOA5fMQg,SHARMA JI FAST FOOD & JUICE CENTRE,places,en,344,26.95839235,75.77047935,26.9593608,75.7705383,0,jai,Jaipur,2026-08-31T09:12:08.299421Z
ChIJcTDrNQCzbTkRudnuvtXzDPQ,Shades of Food Home kitchen,places,en,344,26.95839235,75.77047935,26.9593819,75.77014249999999,0,jai,Jaipur,2026-08-31T09:12:08.299428Z
ChIJnXaAFFKzbTkRh2iYcLMbdOE,Yaduvanshi Chai Wala,places,en,344,26.95839235,75.77047935,26.9591927,75.77130129999999,0,jai,Jaipur,2026-08-31T09:12:08.299432Z
ChIJp9kMPWyzbTkRyNbkRL_k2q4,shree dev darbar ice.cream,places,en,344,26.95839235,75.77047935,26.9574069,75.7712919,0,jai,Jaipur,2026-08-31T09:12:08.299437Z
ChIJDW5dDQCzbTkRrCRZ4ASKPt8,Chaska Ghar Ka,places,en,344,26.95839235,75.77047935,26.9598925,75.7696177,0,jai,Jaipur,2026-08-31T09:12:08.299442Z
ChIJ9_iuTeGzbTkR3kb3Z9R5g2Y,Keshar Dhaba,places,en,344,26.95839235,75.77047935,26.9601966,75.7714019,0,jai,Jaipur,2026-08-31T09:12:08.299447Z
ChIJEYEebsmzbTkRkGOPDLRmpZk,Nama Restro,places,en,344,26.95839235,75.77047935,26.959625499999998,75.7723685,0,jai,Jaipur,2026-08-31T09:12:08.299451Z
ChIJqRjo_g6zbTkRDCuP1qcVNbo,Mahaveer Rabdi Bhandar,places,en,344,26.95839235,75.77047935,26.9563116,75.7712621,0,jai,Jaipur,2026-08-31T09:12:08.299455Z
ChIJkynclCKzbTkRiTVx6YCTMyY,NAMO RESTRO | VIDYADHAR NAGAR,places,en,344,26.95839235,75.77047935,26.9598488,75.7725408,0,jai,Jaipur,2026-08-31T09:12:08.299459Z
ChIJLWLVa8WzbTkReAXCtutoby0,Shree shivay tiffin center,places,en,344,26.95839235,75.77047935,26.956082199999997,75.76960810000001,0,jai,Jaipur,2026-08-31T09:12:08.299463Z
ChIJh7-N_U2ybTkRjTLMTrTosak,Shree Govindam Dhaba,places,en,344,26.95839235,75.77047935,26.960917199999997,75.771265,0,jai,Jaipur,2026-08-31T09:12:08.299467Z
ChIJl7TBNimzbTkRrt6wynrbM_U,वृन्दावन दूध भण्डार,places,en,347,26.952740300000002,75.71893285,26.951961700000002,75.7214706,0,jai,Jaipur,2026-08-31T09:12:09.492124Z
ChIJXXTQOACzbTkRyX-jCbpunVE,श्री बीकानेर नमकीन भण्डार एंड रसगुल्ला,places,en,347,26.952740300000002,75.71893285,26.951794699999997,75.7216596,0,jai,Jaipur,2026-08-31T09:12:09.492150Z
ChIJD0lZRpZMbDkRn6dAeuEh168,Sharma dhaba,places,en,348,26.92493885,75.68937995,26.923121599999998,75.6889219,0,jai,Jaipur,2026-08-31T09:12:09.834684Z
ChIJ9Uapkm-zbTkRCfMmHvz_wb4,YADAV TAJA FAL SABJI BHANDAR,places,en,348,26.92493885,75.68937995,26.9231454,75.6905467,0,jai,Jaipur,2026-08-31T09:12:09.834712Z
ChIJl6LxDhRNbDkR0nJhD7x2VW0,Balaji Resort,places,en,348,26.92493885,75.68937995,26.9231263,75.6906231,0,jai,Jaipur,2026-08-31T09:12:09.834720Z
ChIJvebtGwBNbDkRNPZc_AVq8CQ,King Resorts and cafe,places,en,348,26.92493885,75.68937995,26.9230833,75.6905785,0,jai,Jaipur,2026-08-31T09:12:09.834725Z
ChIJNZ8kSolNbDkRwlI3vYKAXUc,Shree Shyam Patasi And Poha Center,places,en,348,26.92493885,75.68937995,26.923106299999997,75.6908394,0,jai,Jaipur,2026-08-31T09:12:09.834730Z
ChIJsx6jYiVNbDkRwMzaVDhsaDk,Shree laxmi paviter bhojnalya,places,en,348,26.92493885,75.68937995,26.9227547,75.6900517,0,jai,Jaipur,2026-08-31T09:12:09.834734Z
ChIJ3-ofTpZMbDkRqC1pR2kHkv0,Laxmi Sweets,places,en,348,26.92493885,75.68937995,26.9226626,75.6886085,0,jai,Jaipur,2026-08-31T09:12:09.834739Z
ChIJ4aS_UZZMbDkR9qUK4toSfqA,शुभम ज्यूस सेन्टर एण्ड आईसक्रीम कॉर्नर,places,en,348,26.92493885,75.68937995,26.9226386,75.6883442,0,jai,Jaipur,2026-08-31T09:12:09.834744Z
ChIJrwQE3JZMbDkROZz9tBBgKe0,Balaji mawa Doodh Bhandar,places,en,349,26.9206815,75.68549039999999,26.9223304,75.6858994,0,jai,Jaipur,2026-08-31T09:12:10.281650Z
ChIJoTfSCwA1bDkRX80xApeQbgQ,Balaji Patasi Centre,places,en,349,26.9206815,75.68549039999999,26.9224585,75.6861177,0,jai,Jaipur,2026-08-31T09:12:10.281681Z
ChIJt1bB3JZMbDkRQMnXvOJkyVo,श्री श्याम बॉट भण्डार,places,en,349,26.9206815,75.68549039999999,26.9225901,75.6860104,0,jai,Jaipur,2026-08-31T09:12:10.281688Z
ChIJN_jo4ZBMbDkRPUnK3kThNpE,राजस्थान रोलिंग शटर,places,en,349,26.9206815,75.68549039999999,26.9215825,75.68306860000001,0,jai,Jaipur,2026-08-31T09:12:10.281693Z
ChIJBYzx-ZZMbDkRPcrutVLtKE8,श्री श्याम बर्तन भण्डार,places,en,349,26.9206815,75.68549039999999,26.9227356,75.6873907,0,jai,Jaipur,2026-08-31T09:12:10.281697Z
ChIJwWBQLuKzbTkR8xPtgm86RY0,Annapurna Tiffin Centre,places,en,350,26.92680695,75.7542868,26.926338899999998,75.7544315,0,jai,Jaipur,2026-08-31T09:12:10.623622Z
ChIJMZsG3izJbTkRh7JJ7FpK6ds,SAINI DHABA ALAWADA,places,en,351,26.8189711,75.8327987,26.8204968,75.8319618,0,jai,Jaipur,2026-08-31T09:12:11.003136Z
ChIJKxuiN8PJbTkRCY5bq4LPKjo,Chocoteria Junction,places,en,351,26.8189711,75.8327987,26.8184346,75.8346286,0,jai,Jaipur,2026-08-31T09:12:11.003174Z
ChIJ__u_bN3JbTkRXWxV1KpAX3s,Burger Lounge,places,en,351,26.8189711,75.8327987,26.8205738,75.8315171,0,jai,Jaipur,2026-08-31T09:12:11.003181Z
ChIJ1wQM4G3JbTkRF-eMbUdJyqg,Rolls Mania,places,en,351,26.8189711,75.8327987,26.820983599999998,75.8314398,0,jai,Jaipur,2026-08-31T09:12:11.003185Z
ChIJNfgtegDJbTkRT0gj278EKHg,Bhagat ji rasoi,places,en,352,26.8070971,75.90093215,26.807465099999998,75.8992355,0,jai,Jaipur,2026-08-31T09:12:11.405324Z
ChIJz1T8mHOzbTkRKelApW8WiPI,AFTER DARK,places,en,354,26.9356681,75.75254530000001,26.9341094,75.75330869999999,0,jai,Jaipur,2026-08-31T09:12:12.195973Z
ChIJse6kxDCzbTkRyUGg8AC_lTI,Express Panda Kitchen,places,en,354,26.9356681,75.75254530000001,26.9348456,75.7507069,0,jai,Jaipur,2026-08-31T09:12:12.196007Z
ChIJHQIfTnOzbTkRsy2tKSMT_KY,Radhe Food Corner,places,en,354,26.9356681,75.75254530000001,26.9371141,75.7538524,0,jai,Jaipur,2026-08-31T09:12:12.196013Z
ChIJw3H4kKOzbTkRCmqmPV1HA2A,waff'N brew,places,en,354,26.9356681,75.75254530000001,26.938349499999998,75.75282299999999,0,jai,Jaipur,2026-08-31T09:12:12.196017Z
ChIJ165ugLJLbDkRNKu6NCJmQ0o,Qmin Jaipur,places,en,357,26.86248565,75.68589095,26.8649427,75.6847105,0,jai,Jaipur,2026-08-31T09:12:13.427229Z
ChIJh-RVx661bTkRUoW2Rqmw-dU,Shri Ram Restaurant and juice corner,places,en,358,26.9020977,75.7240293,26.902737799999997,75.7224817,0,jai,Jaipur,2026-08-31T09:12:13.877870Z
ChIJHetjPgBLbDkRuPbPYApOqoE,Classic restaurant,places,en,358,26.9020977,75.7240293,26.902853800000003,75.7217728,0,jai,Jaipur,2026-08-31T09:12:13.877898Z
ChIJqw1Fee21bTkRLHAo6ur0F0A,Mitra da junction,places,en,358,26.9020977,75.7240293,26.901954099999998,75.72154100000002,0,jai,Jaipur,2026-08-31T09:12:13.877905Z
ChIJ2_zQ9K60bTkR3hMlxHt97-c,चौमू के ताजा फल व सब्जियाँ,places,en,358,26.9020977,75.7240293,26.902724600000003,75.7211927,0,jai,Jaipur,2026-08-31T09:12:13.877910Z
ChIJ9_PkAgCzbTkRkZ_04DrQuog,Delhi Ki Mashoor Chicken Biryani,places,en,359,26.9531677,75.74312395000001,26.952555,75.7433466,0,jai,Jaipur,2026-08-31T09:12:14.291304Z
ChIJhxZZMsezbTkRJKaeHNjaBgI,Ghar ka khana,places,en,359,26.9531677,75.74312395000001,26.952796199999998,75.7446582,0,jai,Jaipur,2026-08-31T09:12:14.291358Z
ChIJL5S2rfCzbTkR-dJXnvEdfrs,Kolkata Kitchen,places,en,359,26.9531677,75.74312395000001,26.951891999999997,75.7442915,0,jai,Jaipur,2026-08-31T09:12:14.291366Z
ChIJL9P17C2zbTkR521MelhfMbY,Mealberg - Jhotwara,places,en,359,26.9531677,75.74312395000001,26.9536304,75.740796,0,jai,Jaipur,2026-08-31T09:12:14.291376Z
ChIJ79i9QEKzbTkRgBSk-i8kMt4,Veg.in Pizza,places,en,359,26.9531677,75.74312395000001,26.9553863,75.743074,0,jai,Jaipur,2026-08-31T09:12:14.291382Z
ChIJO6p3AACzbTkR5H8Et15Rtfc,Twist of Taste,places,en,359,26.9531677,75.74312395000001,26.9556158,75.7427507,0,jai,Jaipur,2026-08-31T09:12:14.291389Z
ChIJ05j69f-zbTkRbjKATATmEoc,LAZEED FOOD,places,en,359,26.9531677,75.74312395000001,26.952905299999998,75.74014609999999,0,jai,Jaipur,2026-08-31T09:12:14.291396Z
ChIJX3HRMES1bTkRn88BIz_S5Iw,AGRAWAL KITCHEN,places,en,361,26.9001735,75.77467165,26.899238999999998,75.775413,0,jai,Jaipur,2026-08-31T09:12:15.077881Z
ChIJ0VW8SRi1bTkRu7DF_bGb85s,Annalaxmi tiffin service,places,en,361,26.9001735,75.77467165,26.9003323,75.7760491,0,jai,Jaipur,2026-08-31T09:12:15.077905Z
ChIJmSXtUQC1bTkRdWpblArk5Ek,THE MARWADI KITCHEN,places,en,361,26.9001735,75.77467165,26.8988782,75.77468,0,jai,Jaipur,2026-08-31T09:12:15.077912Z
ChIJ21I7x3W1bTkRxthu2dIectI,A ONE CAFE & TIFFIN CENTRE,places,en,361,26.9001735,75.77467165,26.8991747,75.7758882,0,jai,Jaipur,2026-08-31T09:12:15.077916Z
ChIJc4HqJi-1bTkRkHDgKTQDeUs,CHANGEZI BOX CAFE & RESTAURANT,places,en,361,26.9001735,75.77467165,26.9017739,75.7748617,0,jai,Jaipur,2026-08-31T09:12:15.077920Z
ChIJt0aekWq0bTkR58IP4rK9Xpk,Makhan Singh Da Dhaba,places,en,361,26.9001735,75.77467165,26.9002562,75.7728485,0,jai,Jaipur,2026-08-31T09:12:15.077925Z
ChIJbT9bcwC1bTkR-pqTeDDaDXU,Shri Shyam Samosa and Chaat Bhandar,places,en,361,26.9001735,75.77467165,26.899770699999998,75.7769383,0,jai,Jaipur,2026-08-31T09:12:15.077929Z
ChIJOcFlfHu1bTkRDV3I5pz0dUc,Motu Ke Samose - Variety Of Samosa,places,en,361,26.9001735,75.77467165,26.9018594,75.7730363,0,jai,Jaipur,2026-08-31T09:12:15.077933Z
ChIJLx1NFAC1bTkRQ96MUDR9wsc,BIRBAL SAHU GAJAK BHANDAR,places,en,361,26.9001735,75.77467165,26.901225,75.77244619999999,0,jai,Jaipur,2026-08-31T09:12:15.077938Z
ChIJ-YMPf5e1bTkRv9WTrHz-rng,Tea Shop,places,en,361,26.9001735,75.77467165,26.901227199999997,75.772418,0,jai,Jaipur,2026-08-31T09:12:15.077942Z
ChIJt7CjPQC1bTkRGHpqpaQDUtk,Diamond Cafe,places,en,361,26.9001735,75.77467165,26.8992923,75.772234,0,jai,Jaipur,2026-08-31T09:12:15.077946Z
ChIJXa_Grm-0bTkR7hu6WprdV7Q,56 Bhog,places,en,361,26.9001735,75.77467165,26.902636200000003,75.77446429999999,0,jai,Jaipur,2026-08-31T09:12:15.077950Z
ChIJQ28Cr2i0bTkRokA8wwCbVyE,श्री कृष्ण चाट भण्डार,places,en,361,26.9001735,75.77467165,26.8985895,75.7725469,0,jai,Jaipur,2026-08-31T09:12:15.077955Z
ChIJYT1NX260bTkRIn-1PVEsAE8,"P. 10, Bakunt Nagar, Sher E Punjab Hotel Dhaba",places,en,361,26.9001735,75.77467165,26.9024921,75.7760728,0,jai,Jaipur,2026-08-31T09:12:15.077958Z
ChIJRXu8fW-0bTkRc6_mQnSXBUs,Agarwal Fast Food,places,en,361,26.9001735,75.77467165,26.901491399999998,75.7721438,0,jai,Jaipur,2026-08-31T09:12:15.077963Z
ChIJu9IZbAC1bTkRyUWtZ1EcjSQ,Hotel,places,en,361,26.9001735,75.77467165,26.8985834,75.77235499999999,0,jai,Jaipur,2026-08-31T09:12:15.077967Z
ChIJxUeI4y-1bTkRYojZirzg5Dk,Khandelwal Dhaba,places,en,361,26.9001735,75.77467165,26.8985593,75.7723422,0,jai,Jaipur,2026-08-31T09:12:15.077971Z
ChIJ83RERACzbTkRh4tQc0quqVY,Shri Yati Tasty Town King Of Dosa,places,en,361,26.9001735,75.77467165,26.898446399999997,75.7769378,0,jai,Jaipur,2026-08-31T09:12:15.077975Z
ChIJ9eA-hmW0bTkRzCoV15sFi6Q,Sharma Pavitra Bhojanalaya,places,en,361,26.9001735,75.77467165,26.901423599999998,75.7720308,0,jai,Jaipur,2026-08-31T09:12:15.077979Z
ChIJWaRBKgDJbTkRWwWq0HEA4A4,Patasi wala,places,en,363,26.791044,75.80787605,26.7895666,75.80889119999999,0,jai,Jaipur,2026-08-31T09:12:15.946654Z
ChIJI5IgIjLJbTkRjHeAYTdkAZI,Home's Alike tiffin services,places,en,363,26.791044,75.80787605,26.7894555,75.8089942,0,jai,Jaipur,2026-08-31T09:12:15.946681Z
ChIJY-StOwBHbDkRDT-pGq5eltE,Shiv Shakti Sweets Home,places,en,365,26.80898205,75.4762248,26.808519699999998,75.47634950000001,0,jai,Jaipur,2026-08-31T09:12:18.279572Z
ChIJCRRhBABHbDkRMQuFDfhdHQo,sharma misthan bhandar,places,en,365,26.80898205,75.4762248,26.808937,75.4788138,0,jai,Jaipur,2026-08-31T09:12:18.279831Z
ChIJa9w2362zbTkRKlCAQROyLf4,NONVEG KING,places,en,367,26.9766988,75.75419975,26.976251599999998,75.75437529999999,0,jai,Jaipur,2026-08-31T09:12:20.270850Z
ChIJxdTUY0SzbTkRYaE_VlT-X5s,Swastik fast food and family restaurant,places,en,367,26.9766988,75.75419975,26.976027199999997,75.7542385,0,jai,Jaipur,2026-08-31T09:12:20.270887Z
ChIJZz4ZEPSybTkR8y-agn6lsCw,फैजान रद्दी पेपर एण्ड कबाड़ी की दुकान,places,en,367,26.9766988,75.75419975,26.978826599999998,75.7553466,0,jai,Jaipur,2026-08-31T09:12:20.270938Z
ChIJbxLllE_JbTkR-9hRTx0swpE,jagta pura,places,en,368,26.817991749999997,75.8289753,26.8198385,75.828701,0,jai,Jaipur,2026-08-31T09:12:20.698059Z
ChIJnzxhqjzJbTkRQ0XbNQ6zyZ8,Annapoorna Tiffin Centre (घर का स्वाद),places,en,368,26.817991749999997,75.8289753,26.8198385,75.828701,0,jai,Jaipur,2026-08-31T09:12:20.698154Z
ChIJ1cc0ypjJbTkRsbP8f1gY4T4,CHEF N DISH,places,en,368,26.817991749999997,75.8289753,26.81672,75.8272133,0,jai,Jaipur,2026-08-31T09:12:20.698164Z
ChIJd0VVFXC2bTkRAAAA0DW3rn4,Kanaha Fast Food,places,en,374,26.7024134,75.8120201,26.7047898,75.8132584,0,jai,Jaipur,2026-08-31T09:12:22.899109Z
ChIJv18C_rPLbTkRVDnJ-s_a9F8,Rose 307,places,en,376,26.814061549999998,75.76517050000001,26.814255000000003,75.7653514,0,jai,Jaipur,2026-08-31T09:12:23.740450Z
ChIJMUN3hxfLbTkRSnNiazlRnis,JITENDRA AGARWAL,places,en,376,26.814061549999998,75.76517050000001,26.8133774,75.7647975,0,jai,Jaipur,2026-08-31T09:12:23.740472Z
ChIJkQin7IHLbTkR7Vsy0magZPk,"SAMARPAN by United Delights, Mansarovar Extension",places,en,376,26.814061549999998,75.76517050000001,26.814262199999998,75.76355199999999,0,jai,Jaipur,2026-08-31T09:12:23.740478Z
ChIJv-blni7LbTkRey_OUVzhnA8,THE BLACK CHILLY RESTAURANT,places,en,376,26.814061549999998,75.76517050000001,26.8160981,75.7656018,0,jai,Jaipur,2026-08-31T09:12:23.740482Z
ChIJN2iWkRrLbTkRNhw0vGVwkNg,Food & Rasoi,places,en,376,26.814061549999998,75.76517050000001,26.816010499999997,75.76710299999999,0,jai,Jaipur,2026-08-31T09:12:23.740485Z
ChIJk2ph4RG1bTkR4DWzJ6_-3K0,4 King’s Cafe & Restro,places,en,382,26.8780706,75.77468035,26.8784653,75.7739344,0,jai,Jaipur,2026-08-31T09:12:25.947812Z
ChIJad_Itrq1bTkRI3WkPK8dsrE,Chaat Square,places,en,382,26.8780706,75.77468035,26.8784007,75.7736418,0,jai,Jaipur,2026-08-31T09:12:25.947834Z
ChIJq0HLfrSzbTkR7hclBxp2OLg,Aahaar,places,en,382,26.8780706,75.77468035,26.8785809,75.773279,0,jai,Jaipur,2026-08-31T09:12:25.947838Z
ChIJ38DbTIm1bTkRrnYxtutxvEU,श्री साई भोजनालय & रेस्टॉरेंट,places,en,382,26.8780706,75.77468035,26.8766473,75.7750599,0,jai,Jaipur,2026-08-31T09:12:25.947842Z
ChIJKc1WVT61bTkR7R-lH0vcC10,Coffee Cetral Cafe,places,en,382,26.8780706,75.77468035,26.877998899999998,75.7728923,0,jai,Jaipur,2026-08-31T09:12:25.947849Z
ChIJWWf7LwC1bTkRQRSTzhrZu0A,Aarti tifin senter,places,en,382,26.8780706,75.77468035,26.877663499999997,75.77647089999999,0,jai,Jaipur,2026-08-31T09:12:25.947852Z
ChIJDUqdAua1bTkRlfX6xbU73Y4,Coffee Cartel Cafe,places,en,382,26.8780706,75.77468035,26.8779257,75.772837,0,jai,Jaipur,2026-08-31T09:12:25.947856Z
ChIJVaxt5MK1bTkRfx1DdEl7P1w,(Neelam)Sharma ji ka Vadapav,places,en,382,26.8780706,75.77468035,26.8778786,75.77279279999999,0,jai,Jaipur,2026-08-31T09:12:25.947859Z
ChIJ4dj4Fhm1bTkRQTHMCvzR0gk,The Desi tadka,places,en,382,26.8780706,75.77468035,26.876966499999998,75.7761404,0,jai,Jaipur,2026-08-31T09:12:25.947861Z
ChIJBTK9eE60bTkRD-cY0YSbyb0,Balaji Juice And Icecream,places,en,382,26.8780706,75.77468035,26.8762908,75.7744465,0,jai,Jaipur,2026-08-31T09:12:25.947873Z
ChIJM36YMJS1bTkRgDWasWJE5iY,Caffeine & Dreams Cafe,places,en,382,26.8780706,75.77468035,26.876573999999998,75.7734923,0,jai,Jaipur,2026-08-31T09:12:25.947878Z
ChIJO7VJKky1bTkRpMStHzxSuxU,Desi Dhani,places,en,382,26.8780706,75.77468035,26.877447999999998,75.77664299999999,0,jai,Jaipur,2026-08-31T09:12:25.947881Z
ChIJ5_orRbu1bTkRfnQJ6fVilO0,MID TOWN KITCHEN,places,en,382,26.8780706,75.77468035,26.876484599999998,75.773578,0,jai,Jaipur,2026-08-31T09:12:25.947885Z
ChIJEZzyCjC1bTkRcxLH1aKThsY,Engineer's chai bar,places,en,382,26.8780706,75.77468035,26.8765435,75.7734755,0,jai,Jaipur,2026-08-31T09:12:25.947892Z
ChIJsxEKwlTJbTkRHOlLBMm6NgY,Chicken plus restaurant,places,en,384,26.79981705,75.7987335,26.7999254,75.7979084,0,jai,Jaipur,2026-08-31T09:12:27.676236Z
ChIJ_VtlEQDLbTkRZAI9pGx30lQ,Roll n Coaster,places,en,384,26.79981705,75.7987335,26.8001323,75.7994604,0,jai,Jaipur,2026-08-31T09:12:27.676253Z
ChIJN_gkvNfLbTkRdT6RJ_bPslI,Red Rogan,places,en,384,26.79981705,75.7987335,26.799800899999997,75.7978329,0,jai,Jaipur,2026-08-31T09:12:27.676257Z
ChIJXVLfI6jLbTkRIXf-6uN8s4I,KHANZADA Non Veg Restaurant,places,en,384,26.79981705,75.7987335,26.800006099999997,75.7976887,0,jai,Jaipur,2026-08-31T09:12:27.676261Z
ChIJHdUW9c3LbTkRaNuQdw0p3lc,Shoaib Moradabadi Chicken Biryani,places,en,384,26.79981705,75.7987335,26.8001403,75.79972409999999,0,jai,Jaipur,2026-08-31T09:12:27.676264Z
ChIJW0sEFE_LbTkRaKP9ruMq8go,Dilli Nihari House,places,en,384,26.79981705,75.7987335,26.799771699999997,75.79755630000001,0,jai,Jaipur,2026-08-31T09:12:27.676267Z
ChIJv0rVwmnLbTkRiApemd9AHm0,Take Away Point (Non veg restaurant),places,en,384,26.79981705,75.7987335,26.7997685,75.7975234,0,jai,Jaipur,2026-08-31T09:12:27.676269Z
ChIJc6lD89fLbTkRHyxv_FjEmTo,DELHI DARBAR HOTEL,places,en,384,26.79981705,75.7987335,26.8001323,75.7998712,0,jai,Jaipur,2026-08-31T09:12:27.676272Z
ChIJ2YOqWAzLbTkR7k4zO8TSpDU,Famous Biryani,places,en,384,26.79981705,75.7987335,26.8000318,75.7999126,0,jai,Jaipur,2026-08-31T09:12:27.676275Z
ChIJlzd-FwDLbTkRA_-BzIDmSVQ,Lazeezo Nonveg Resstro,places,en,384,26.79981705,75.7987335,26.799690599999998,75.79734719999999,0,jai,Jaipur,2026-08-31T09:12:27.676277Z
ChIJ5bzg5KfLbTkR5-XIs6h-Sxc,Raees - Biryani,places,en,384,26.79981705,75.7987335,26.800240000000002,75.8000114,0,jai,Jaipur,2026-08-31T09:12:27.676280Z
ChIJ_wmXiXHLbTkRtjcYLMvscug,Jaipur Key Special Chicken Biryani,places,en,384,26.79981705,75.7987335,26.8002863,75.8000294,0,jai,Jaipur,2026-08-31T09:12:27.676283Z
ChIJ-9R8ESPKbTkRHy4xDsDzdeI,Aman TAKE AWAY FOOD,places,en,384,26.79981705,75.7987335,26.799712,75.7972372,0,jai,Jaipur,2026-08-31T09:12:27.676286Z
ChIJ036WEyPKbTkRvbMTGjEoQqw,Hotel Royal King (A Non veg. Reastourent),places,en,384,26.79981705,75.7987335,26.7997296,75.7969497,0,jai,Jaipur,2026-08-31T09:12:27.676288Z
ChIJFT0WGADLbTkRmFdsHf_wNM8,M.Z. Meat Shop,places,en,384,26.79981705,75.7987335,26.7999902,75.8005561,0,jai,Jaipur,2026-08-31T09:12:27.676291Z
ChIJB8s-UYLLbTkR7cb_Qh0pptU,Hotel M.K Khan - A Nonveg Restaurant,places,en,384,26.79981705,75.7987335,26.7996679,75.79685769999999,0,jai,Jaipur,2026-08-31T09:12:27.676294Z
ChIJV50fZC7bbTkRq9k9PjbEjTs,Rohit Saini,places,en,387,26.607644299999997,75.94933265,26.608315100000002,75.94911359999999,0,jai,Jaipur,2026-08-31T09:12:29.770344Z
ChIJR8kc2ScVbTkRVNadZyo-_aI,Shiv Mhima Restaurant,places,en,389,27.5480752,76.07115555,27.547743999999998,76.0738224,0,jai,Jaipur,2026-08-31T09:12:30.472090Z
ChIJl0SrgBFvbDkRr1h1wPhPiCI,Manisha namkeen bhandar,places,en,391,26.877215300000003,75.24000895,26.8775758,75.2392285,0,jai,Jaipur,2026-08-31T09:12:31.203380Z
ChIJxSZwuOtpbDkRWr5e9grSzNE,Sobhagyam,places,en,391,26.877215300000003,75.24000895,26.8771255,75.2384597,0,jai,Jaipur,2026-08-31T09:12:31.203406Z
ChIJj_vYmJBvbDkRcjq6KxCOjH0,Gabbar's Cafe phulera,places,en,391,26.877215300000003,75.24000895,26.8760625,75.2415625,0,jai,Jaipur,2026-08-31T09:12:31.203411Z
ChIJ-St2VABvbDkREHufTPh_o_w,RK PURI SABJI VEG,places,en,391,26.877215300000003,75.24000895,26.874778100000004,75.2398418,0,jai,Jaipur,2026-08-31T09:12:31.203415Z
ChIJiXkZLOVdbDkRgbHvkEx-XWM,Snany Jenral Store,places,en,393,26.9716315,75.38788310000001,26.9728747,75.3886788,0,jai,Jaipur,2026-08-31T09:12:31.894172Z
ChIJG8DD3khLbDkRgUyiznbMYoE,Balaji sweet and juice center,places,en,394,26.861907,75.67303765,26.860443999999998,75.6728354,0,jai,Jaipur,2026-08-31T09:12:32.315394Z
ChIJh7O3omW1bTkRiBn4XojAt1w,Crossroads diner,places,en,397,26.877113700000002,75.74118665,26.879524200000002,75.7413285,0,jai,Jaipur,2026-08-31T09:12:33.407243Z
ChIJVZnOjia0bTkRACS7UdZaHhg,CHART & KITCHEN,places,en,398,26.88800955,75.80217545,26.8881262,75.8020654,0,jai,Jaipur,2026-08-31T09:12:33.806191Z
ChIJo0cTaAC1bTkRY8te662lVPE,Guru sai soya chaap,places,en,398,26.88800955,75.80217545,26.8881734,75.8022919,0,jai,Jaipur,2026-08-31T09:12:33.806202Z
ChIJSVF18kG1bTkRplJpycvLxOk,श्री श्याम भोजनालय,places,en,398,26.88800955,75.80217545,26.888207599999998,75.80224079999999,0,jai,Jaipur,2026-08-31T09:12:33.806205Z
ChIJ36B9BAC1bTkRpMt2nlzEhbg,Shri Ji Chinese Fast Food,places,en,398,26.88800955,75.80217545,26.888231299999998,75.8022044,0,jai,Jaipur,2026-08-31T09:12:33.806208Z
ChIJWVKOtUG1bTkRBmSWBcpIreU,Jai shri balaji chole kulche and parathe,places,en,398,26.88800955,75.80217545,26.8877271,75.8023218,0,jai,Jaipur,2026-08-31T09:12:33.806210Z
ChIJn96d5UK1bTkR1e4oMVNy7dw,Radha Rani Restaurant,places,en,398,26.88800955,75.80217545,26.8881297,75.80277629999999,0,jai,Jaipur,2026-08-31T09:12:33.806214Z
ChIJyyAuoPG1bTkRS2aASPCVz-E,Chole Kulche & Poha Center,places,en,398,26.88800955,75.80217545,26.8881297,75.80277629999999,0,jai,Jaipur,2026-08-31T09:12:33.806216Z
ChIJlVf54ny1bTkRRcVzgWSpW3c,sawamani bhog,places,en,398,26.88800955,75.80217545,26.888089299999997,75.8028217,0,jai,Jaipur,2026-08-31T09:12:33.806217Z
ChIJdz1-KgC1bTkR1P-oSr6r-m8,Shiv G Chai,places,en,398,26.88800955,75.80217545,26.8882245,75.80153539999999,0,jai,Jaipur,2026-08-31T09:12:33.806219Z
ChIJIR0dlyO1bTkRpDlPBN-Ct6s,PAREEK TIFFIN CENTER,places,en,398,26.88800955,75.80217545,26.8873395,75.801465,0,jai,Jaipur,2026-08-31T09:12:33.806221Z
ChIJO1gecgC1bTkR4_Bc3fSIs-I,Sapori Kitchen,places,en,398,26.88800955,75.80217545,26.8876855,75.8011452,0,jai,Jaipur,2026-08-31T09:12:33.806223Z
ChIJQaGbgi60bTkRD5LaXv4Yyng,Palki restaurant,places,en,398,26.88800955,75.80217545,26.887031,75.80251659999999,0,jai,Jaipur,2026-08-31T09:12:33.806225Z
ChIJe5nsYg21bTkR0fBPgWDi_LU,ENGINEER KA THELA,places,en,398,26.88800955,75.80217545,26.8884315,75.80109209999999,0,jai,Jaipur,2026-08-31T09:12:33.806227Z
ChIJty0qeia0bTkRlQzzjHCW11Q,Aashirwad Tiffin Center,places,en,398,26.88800955,75.80217545,26.887094599999998,75.8015653,0,jai,Jaipur,2026-08-31T09:12:33.806229Z
ChIJz1ZKD8-1bTkR0WYcPEFcRFY,HEAL - Healthy Eating And Living,places,en,398,26.88800955,75.80217545,26.889048199999998,75.80234109999999,0,jai,Jaipur,2026-08-31T09:12:33.806230Z
ChIJrzIdQX61bTkROS7Lm98T8GE,Water Park Restro,places,en,398,26.88800955,75.80217545,26.8890218,75.8026143,0,jai,Jaipur,2026-08-31T09:12:33.806232Z
ChIJJeZSVia0bTkRBsK1r7tqs5s,Doorbeen Restaurant,places,en,398,26.88800955,75.80217545,26.887902999999998,75.8034526,0,jai,Jaipur,2026-08-31T09:12:33.806234Z
ChIJ5UEEV_m1bTkRnw0ji3gyiU8,Simu Thali,places,en,398,26.88800955,75.80217545,26.889081599999997,75.8026174,0,jai,Jaipur,2026-08-31T09:12:33.806236Z
ChIJRT3errC1bTkRvYxgt2raWjQ,Nazara by Doorbeen,places,en,398,26.88800955,75.80217545,26.887584399999998,75.80338929999999,0,jai,Jaipur,2026-08-31T09:12:33.806237Z
ChIJ4d3RiMi1bTkRqVjkzz7aNhA,Shree govindam bhojanalya,places,en,398,26.88800955,75.80217545,26.886829199999998,75.8023484,0,jai,Jaipur,2026-08-31T09:12:33.806239Z
ChIJ12xuAVTJbTkR5Nt-DBaSu1U,Shree Nath Fast Food,places,en,399,26.7502887,75.8093878,26.7506211,75.8101092,0,jai,Jaipur,2026-08-31T09:12:34.143619Z
